  0
SECTION
  2
HEADER
  9
$ACADVER
  1
AC1032
  9
$ACADMAINTVER
 90
       55
  9
$DWGCODEPAGE
  3
ANSI_1252
  9
$LASTSAVEDBY
  1
x9212
  9
$REQUIREDVERSIONS
160
                 0
  9
$INSBASE
 10
0.0
 20
0.0
 30
0.0
  9
$EXTMIN
 10
-0.7000000000000002
 20
-0.7000000000000002
 30
0.0
  9
$EXTMAX
 10
1680.7
 20
1188.7
 30
0.0
  9
$LIMMIN
 10
-0.7000000000000002
 20
-0.7000000000000002
  9
$LIMMAX
 10
1680.7
 20
1188.7
  9
$ORTHOMODE
 70
     0
  9
$REGENMODE
 70
     1
  9
$FILLMODE
 70
     1
  9
$QTEXTMODE
 70
     0
  9
$MIRRTEXT
 70
     1
  9
$LTSCALE
 40
1.0
  9
$ATTMODE
 70
     1
  9
$TEXTSIZE
 40
2.5
  9
$TRACEWID
 40
1.0
  9
$TEXTSTYLE
  7
Standard
  9
$CLAYER
  8
0
  9
$CELTYPE
  6
ByLayer
  9
$CECOLOR
 62
   256
  9
$CELTSCALE
 40
1.0
  9
$DISPSILH
 70
     0
  9
$DIMSCALE
 40
1.0
  9
$DIMASZ
 40
2.5
  9
$DIMEXO
 40
0.625
  9
$DIMDLI
 40
3.75
  9
$DIMRND
 40
0.0
  9
$DIMDLE
 40
0.0
  9
$DIMEXE
 40
1.25
  9
$DIMTP
 40
0.0
  9
$DIMTM
 40
0.0
  9
$DIMTXT
 40
2.5
  9
$DIMCEN
 40
2.5
  9
$DIMTSZ
 40
0.0
  9
$DIMTOL
 70
     0
  9
$DIMLIM
 70
     0
  9
$DIMTIH
 70
     0
  9
$DIMTOH
 70
     0
  9
$DIMSE1
 70
     0
  9
$DIMSE2
 70
     0
  9
$DIMTAD
 70
     1
  9
$DIMZIN
 70
     8
  9
$DIMBLK
  1

  9
$DIMASO
 70
     1
  9
$DIMSHO
 70
     1
  9
$DIMPOST
  1

  9
$DIMAPOST
  1

  9
$DIMALT
 70
     0
  9
$DIMALTD
 70
     3
  9
$DIMALTF
 40
0.03937007874016
  9
$DIMLFAC
 40
1.0
  9
$DIMTOFL
 70
     1
  9
$DIMTVP
 40
0.0
  9
$DIMTIX
 70
     0
  9
$DIMSOXD
 70
     0
  9
$DIMSAH
 70
     0
  9
$DIMBLK1
  1

  9
$DIMBLK2
  1

  9
$DIMSTYLE
  2
ISO-25
  9
$DIMCLRD
 70
     0
  9
$DIMCLRE
 70
     0
  9
$DIMCLRT
 70
     0
  9
$DIMTFAC
 40
1.0
  9
$DIMGAP
 40
0.625
  9
$DIMJUST
 70
     0
  9
$DIMSD1
 70
     0
  9
$DIMSD2
 70
     0
  9
$DIMTOLJ
 70
     0
  9
$DIMTZIN
 70
     8
  9
$DIMALTZ
 70
     0
  9
$DIMALTTZ
 70
     0
  9
$DIMUPT
 70
     0
  9
$DIMDEC
 70
     2
  9
$DIMTDEC
 70
     2
  9
$DIMALTU
 70
     2
  9
$DIMALTTD
 70
     3
  9
$DIMTXSTY
  7
Standard
  9
$DIMAUNIT
 70
     0
  9
$DIMADEC
 70
     0
  9
$DIMALTRND
 40
0.0
  9
$DIMAZIN
 70
     0
  9
$DIMDSEP
 70
    44
  9
$DIMATFIT
 70
     3
  9
$DIMFRAC
 70
     0
  9
$DIMLDRBLK
  1

  9
$DIMLUNIT
 70
     2
  9
$DIMLWD
 70
    -2
  9
$DIMLWE
 70
    -2
  9
$DIMTMOVE
 70
     0
  9
$DIMFXL
 40
1.0
  9
$DIMFXLON
 70
     0
  9
$DIMJOGANG
 40
0.7853981633974483
  9
$DIMTFILL
 70
     0
  9
$DIMTFILLCLR
 70
     0
  9
$DIMARCSYM
 70
     0
  9
$DIMLTYPE
  6

  9
$DIMLTEX1
  6

  9
$DIMLTEX2
  6

  9
$DIMTXTDIRECTION
 70
     0
  9
$LUNITS
 70
     2
  9
$LUPREC
 70
     4
  9
$SKETCHINC
 40
1.0
  9
$FILLETRAD
 40
0.0
  9
$AUNITS
 70
     0
  9
$AUPREC
 70
     0
  9
$MENU
  1
.
  9
$ELEVATION
 40
0.0
  9
$PELEVATION
 40
0.0
  9
$THICKNESS
 40
0.0
  9
$LIMCHECK
 70
     0
  9
$CHAMFERA
 40
0.0
  9
$CHAMFERB
 40
0.0
  9
$CHAMFERC
 40
0.0
  9
$CHAMFERD
 40
0.0
  9
$SKPOLY
 70
     0
  9
$TDCREATE
 40
2461304.471643704
  9
$TDUCREATE
 40
2461304.179977037
  9
$TDUPDATE
 40
2461304.471644248
  9
$TDUUPDATE
 40
2461304.179977581
  9
$TDINDWG
 40
0.0000000116
  9
$TDUSRTIMER
 40
0.0000000116
  9
$USRTIMER
 70
     1
  9
$ANGBASE
 50
0.0
  9
$ANGDIR
 70
     0
  9
$PDMODE
 70
     0
  9
$PDSIZE
 40
0.0
  9
$PLINEWID
 40
0.0
  9
$SPLFRAME
 70
     0
  9
$SPLINETYPE
 70
     6
  9
$SPLINESEGS
 70
     8
  9
$HANDSEED
  5
F91
  9
$SURFTAB1
 70
     6
  9
$SURFTAB2
 70
     6
  9
$SURFTYPE
 70
     6
  9
$SURFU
 70
     6
  9
$SURFV
 70
     6
  9
$UCSBASE
  2

  9
$UCSNAME
  2

  9
$UCSORG
 10
0.0
 20
0.0
 30
0.0
  9
$UCSXDIR
 10
1.0
 20
0.0
 30
0.0
  9
$UCSYDIR
 10
0.0
 20
1.0
 30
0.0
  9
$UCSORTHOREF
  2

  9
$UCSORTHOVIEW
 70
     0
  9
$UCSORGTOP
 10
0.0
 20
0.0
 30
0.0
  9
$UCSORGBOTTOM
 10
0.0
 20
0.0
 30
0.0
  9
$UCSORGLEFT
 10
0.0
 20
0.0
 30
0.0
  9
$UCSORGRIGHT
 10
0.0
 20
0.0
 30
0.0
  9
$UCSORGFRONT
 10
0.0
 20
0.0
 30
0.0
  9
$UCSORGBACK
 10
0.0
 20
0.0
 30
0.0
  9
$PUCSBASE
  2

  9
$PUCSNAME
  2

  9
$PUCSORG
 10
0.0
 20
0.0
 30
0.0
  9
$PUCSXDIR
 10
1.0
 20
0.0
 30
0.0
  9
$PUCSYDIR
 10
0.0
 20
1.0
 30
0.0
  9
$PUCSORTHOREF
  2

  9
$PUCSORTHOVIEW
 70
     0
  9
$PUCSORGTOP
 10
0.0
 20
0.0
 30
0.0
  9
$PUCSORGBOTTOM
 10
0.0
 20
0.0
 30
0.0
  9
$PUCSORGLEFT
 10
0.0
 20
0.0
 30
0.0
  9
$PUCSORGRIGHT
 10
0.0
 20
0.0
 30
0.0
  9
$PUCSORGFRONT
 10
0.0
 20
0.0
 30
0.0
  9
$PUCSORGBACK
 10
0.0
 20
0.0
 30
0.0
  9
$USERI1
 70
     0
  9
$USERI2
 70
     0
  9
$USERI3
 70
     0
  9
$USERI4
 70
     0
  9
$USERI5
 70
     0
  9
$USERR1
 40
0.0
  9
$USERR2
 40
0.0
  9
$USERR3
 40
0.0
  9
$USERR4
 40
0.0
  9
$USERR5
 40
0.0
  9
$WORLDVIEW
 70
     1
  9
$SHADEDGE
 70
     3
  9
$SHADEDIF
 70
    70
  9
$TILEMODE
 70
     1
  9
$MAXACTVP
 70
    64
  9
$PINSBASE
 10
0.0
 20
0.0
 30
0.0
  9
$PLIMCHECK
 70
     0
  9
$PEXTMIN
 10
-0.7000000000000002
 20
-0.7000000000000002
 30
0.0
  9
$PEXTMAX
 10
1680.7
 20
1188.7
 30
0.0
  9
$PLIMMIN
 10
-0.7000000000000002
 20
-0.7000000000000002
  9
$PLIMMAX
 10
1680.7
 20
1188.7
  9
$UNITMODE
 70
     0
  9
$VISRETAIN
 70
     1
  9
$PLINEGEN
 70
     0
  9
$PSLTSCALE
 70
     1
  9
$TREEDEPTH
 70
  3020
  9
$CMLSTYLE
  2
Standard
  9
$CMLJUST
 70
     0
  9
$CMLSCALE
 40
20.0
  9
$PROXYGRAPHICS
 70
     1
  9
$MEASUREMENT
 70
     1
  9
$CELWEIGHT
370
    -1
  9
$ENDCAPS
280
     0
  9
$JOINSTYLE
280
     0
  9
$LWDISPLAY
290
     1
  9
$INSUNITS
 70
     4
  9
$HYPERLINKBASE
  1

  9
$STYLESHEET
  1

  9
$XEDIT
290
     1
  9
$CEPSNTYPE
380
     0
  9
$PSTYLEMODE
290
     1
  9
$FINGERPRINTGUID
  2
{7a3abb0d-46ad-4224-bbd1-19ef72bb70f7}
  9
$VERSIONGUID
  2
{FAEB1C32-E019-11D5-929B-00C0DF256EC4}
  9
$EXTNAMES
290
     1
  9
$PSVPSCALE
 40
0.0
  9
$OLESTARTUP
290
     0
  9
$SORTENTS
280
   127
  9
$INDEXCTL
280
     0
  9
$HIDETEXT
280
     1
  9
$XCLIPFRAME
280
     2
  9
$HALOGAP
280
     0
  9
$OBSCOLOR
 70
   257
  9
$OBSLTYPE
280
     0
  9
$INTERSECTIONDISPLAY
280
     0
  9
$INTERSECTIONCOLOR
 70
   257
  9
$DIMASSOC
280
     2
  9
$PROJECTNAME
  1

  9
$CAMERADISPLAY
290
     0
  9
$LENSLENGTH
 40
50.0
  9
$CAMERAHEIGHT
 40
0.0
  9
$STEPSPERSEC
 40
2.0
  9
$STEPSIZE
 40
6.0
  9
$3DDWFPREC
 40
2.0
  9
$PSOLWIDTH
 40
5.0
  9
$PSOLHEIGHT
 40
80.0
  9
$LOFTANG1
 40
1.570796326794897
  9
$LOFTANG2
 40
1.570796326794897
  9
$LOFTMAG1
 40
0.0
  9
$LOFTMAG2
 40
0.0
  9
$LOFTPARAM
 70
     7
  9
$LOFTNORMALS
280
     1
  9
$LATITUDE
 40
37.795
  9
$LONGITUDE
 40
-122.394
  9
$NORTHDIRECTION
 40
0.0
  9
$TIMEZONE
 70
 -8000
  9
$LIGHTGLYPHDISPLAY
280
     1
  9
$TILEMODELIGHTSYNCH
280
     1
  9
$CMATERIAL
347
44
  9
$SOLIDHIST
280
     0
  9
$SHOWHIST
280
     1
  9
$DWFFRAME
280
     2
  9
$DGNFRAME
280
     2
  9
$REALWORLDSCALE
290
     1
  9
$INTERFERECOLOR
 62
   256
  9
$CSHADOW
280
     0
  9
$SHADOWPLANELOCATION
 40
0.0
  0
ENDSEC
  0
SECTION
  2
CLASSES
  0
CLASS
  1
ACDBDICTIONARYWDFLT
  2
AcDbDictionaryWithDefault
  3
ObjectDBX Classes
 90
        0
 91
        3
280
     0
281
     0
  0
CLASS
  1
VISUALSTYLE
  2
AcDbVisualStyle
  3
ObjectDBX Classes
 90
     4095
 91
        3
280
     0
281
     0
  0
CLASS
  1
MATERIAL
  2
AcDbMaterial
  3
ObjectDBX Classes
 90
     1153
 91
        3
280
     0
281
     0
  0
CLASS
  1
SCALE
  2
AcDbScale
  3
ObjectDBX Classes
 90
     1153
 91
        3
280
     0
281
     0
  0
CLASS
  1
TABLESTYLE
  2
AcDbTableStyle
  3
ObjectDBX Classes
 90
     4095
 91
        3
280
     0
281
     0
  0
CLASS
  1
MLEADERSTYLE
  2
AcDbMLeaderStyle
  3
ACDB_MLEADERSTYLE_CLASS
 90
     4095
 91
        3
280
     0
281
     0
  0
CLASS
  1
SUN
  2
AcDbSun
  3
SCENEOE
 90
     1153
 91
        3
280
     0
281
     0
  0
CLASS
  1
RASTERVARIABLES
  2
AcDbRasterVariables
  3
ISM
 90
        0
 91
        3
280
     0
281
     0
  0
CLASS
  1
DICTIONARYVAR
  2
AcDbDictionaryVar
  3
ObjectDBX Classes
 90
        0
 91
        3
280
     0
281
     0
  0
CLASS
  1
CELLSTYLEMAP
  2
AcDbCellStyleMap
  3
ObjectDBX Classes
 90
     1152
 91
        3
280
     0
281
     0
  0
ENDSEC
  0
SECTION
  2
TABLES
  0
TABLE
  2
VPORT
  5
8
330
0
100
AcDbSymbolTable
 70
     1
  0
VPORT
  5
29
330
8
100
AcDbSymbolTableRecord
100
AcDbViewportTableRecord
  2
*Active
 70
     0
 10
0.0
 20
0.0
 11
1.0
 21
1.0
 12
840.0
 22
594.0
 13
0.0
 23
0.0
 14
10.0
 24
10.0
 15
10.0
 25
10.0
 16
0.0
 26
0.0
 36
1.0
 17
0.0
 27
0.0
 37
0.0
 40
1273.787878787879
 41
1.32
 42
50.0
 43
0.0
 44
0.0
 50
0.0
 51
0.0
 71
     0
 72
   100
 73
     1
 74
     3
 75
     0
 76
     0
 77
     0
 78
     0
281
     0
 65
     1
110
0.0
120
0.0
130
0.0
111
1.0
121
0.0
131
0.0
112
0.0
122
1.0
132
0.0
 79
     0
146
0.0
348
2F
 60
     3
 61
     5
292
     1
282
     1
141
0.0
142
0.0
 63
   250
361
5D
  0
ENDTAB
  0
TABLE
  2
LTYPE
  5
5
330
0
100
AcDbSymbolTable
 70
     6
  0
LTYPE
  5
14
330
5
100
AcDbSymbolTableRecord
100
AcDbLinetypeTableRecord
  2
ByBlock
 70
     0
  3

 72
    65
 73
     0
 40
0.0
  0
LTYPE
  5
15
330
5
100
AcDbSymbolTableRecord
100
AcDbLinetypeTableRecord
  2
ByLayer
 70
     0
  3

 72
    65
 73
     0
 40
0.0
  0
LTYPE
  5
16
330
5
100
AcDbSymbolTableRecord
100
AcDbLinetypeTableRecord
  2
Continuous
 70
     0
  3
Solid line
 72
    65
 73
     0
 40
0.0
  0
LTYPE
  5
64
330
5
100
AcDbSymbolTableRecord
100
AcDbLinetypeTableRecord
  2
EPL_DASH
 70
     0
  3

 72
    65
 73
     2
 40
1.0
 49
0.5
 74
     0
 49
-0.5
 74
     0
  0
LTYPE
  5
66
330
5
100
AcDbSymbolTableRecord
100
AcDbLinetypeTableRecord
  2
EPL_DASHDOT
 70
     0
  3

 72
    65
 73
     4
 40
1.0
 49
0.8
 74
     0
 49
-0.1
 74
     0
 49
0.0
 74
     0
 49
-0.1
 74
     0
  0
LTYPE
  5
D5
330
5
100
AcDbSymbolTableRecord
100
AcDbLinetypeTableRecord
  2
EPL_DASH2
 70
     0
  3

 72
    65
 73
     2
 40
1.0
 49
0.66
 74
     0
 49
-0.34
 74
     0
  0
LTYPE
  5
DE
330
5
100
AcDbSymbolTableRecord
100
AcDbLinetypeTableRecord
  2
EPL_DASHDOTDOT
 70
     0
  3

 72
    65
 73
     6
 40
0.9999999999999999
 49
0.5
 74
     0
 49
-0.1
 74
     0
 49
0.1
 74
     0
 49
-0.1
 74
     0
 49
0.1
 74
     0
 49
-0.1
 74
     0
  0
LTYPE
  5
132
330
5
100
AcDbSymbolTableRecord
100
AcDbLinetypeTableRecord
  2
EPL_DOT
 70
     0
  3

 72
    65
 73
     4
 40
1.0
 49
0.0
 74
     0
 49
-0.5
 74
     0
 49
0.0
 74
     0
 49
-0.5
 74
     0
  0
ENDTAB
  0
TABLE
  2
LAYER
  5
2
330
0
100
AcDbSymbolTable
 70
   363
  0
LAYER
  5
10
330
2
100
AcDbSymbolTableRecord
100
AcDbLayerTableRecord
  2
0
 70
     0
 62
     7
  6
Continuous
370
    -3
390
F
347
46
348
0
  0
LAYER
  5
5F
330
2
100
AcDbSymbolTableRecord
100
AcDbLayerTableRecord
  2
EPLAN100
 70
     0
 62
     7
  6
Continuous
370
    13
390
F
347
46
348
0
1001
AcAecLayerStandard
1000

1000
Graphic.General
  0
LAYER
  5
61
330
2
100
AcDbSymbolTableRecord
100
AcDbLayerTableRecord
  2
EPLAN101
 70
     0
 62
     7
  6
Continuous
370
    13
390
F
347
46
348
0
1001
AcAecLayerStandard
1000

1000
Graphic.Thick continuous lines
  0
LAYER
  5
62
330
2
100
AcDbSymbolTableRecord
100
AcDbLayerTableRecord
  2
EPLAN102
 70
     0
 62
     7
  6
Continuous
370
     5
390
F
347
46
348
0
1001
AcAecLayerStandard
1000

1000
Graphic.Thin continuous lines
  0
LAYER
  5
63
330
2
100
AcDbSymbolTableRecord
100
AcDbLayerTableRecord
  2
EPLAN103
 70
     0
 62
     7
  6
Continuous
370
     9
390
F
347
46
348
0
1001
AcAecLayerStandard
1000

1000
Graphic.Continuous lines
  0
LAYER
  5
65
330
2
100
AcDbSymbolTableRecord
100
AcDbLayerTableRecord
  2
EPLAN104
 70
     0
 62
     7
  6
EPL_DASH
370
     5
390
F
347
46
348
0
1001
AcAecLayerStandard
1000

1000
Graphic.Thin dashed lines
  0
LAYER
  5
67
330
2
100
AcDbSymbolTableRecord
100
AcDbLayerTableRecord
  2
EPLAN105
 70
     0
 62
   251
  6
EPL_DASHDOT
370
     5
390
F
347
46
348
0
1001
AcAecLayerStandard
1000

1000
Graphic.Center lines
  0
LAYER
  5
68
330
2
100
AcDbSymbolTableRecord
100
AcDbLayerTableRecord
  2
EPLAN106
 70
     0
 62
   251
  6
EPL_DASHDOT
370
     5
390
F
347
46
348
0
1001
AcAecLayerStandard
1000

1000
Graphic.Construction lines
  0
LAYER
  5
69
330
2
100
AcDbSymbolTableRecord
100
AcDbLayerTableRecord
  2
EPLAN107
 70
     0
 62
     5
  6
Continuous
370
     5
390
F
347
46
348
0
1001
AcAecLayerStandard
1000

1000
Graphic.Dimensions
  0
LAYER
  5
6A
330
2
100
AcDbSymbolTableRecord
100
AcDbLayerTableRecord
  2
EPLAN108
 70
     0
 62
     5
  6
Continuous
370
     9
390
F
347
46
348
0
1001
AcAecLayerStandard
1000

1000
Graphic.Texts
  0
LAYER
  5
6B
330
2
100
AcDbSymbolTableRecord
100
AcDbLayerTableRecord
  2
EPLAN109
 70
     0
 62
     5
  6
Continuous
370
     9
390
F
347
46
348
0
1001
AcAecLayerStandard
1000

1000
Graphic.Comment texts
  0
LAYER
  5
6C
330
2
100
AcDbSymbolTableRecord
100
AcDbLayerTableRecord
  2
EPLAN110
 70
     0
 62
     6
  6
Continuous
370
     9
390
F
347
46
348
0
1001
AcAecLayerStandard
1000

1000
Graphic.Path function texts
  0
LAYER
  5
6D
330
2
100
AcDbSymbolTableRecord
100
AcDbLayerTableRecord
  2
EPLAN200
 70
     0
 62
     7
  6
Continuous
370
     9
390
F
347
46
348
0
1001
AcAecLayerStandard
1000

1000
Graphic.Forms
  0
LAYER
  5
6E
330
2
100
AcDbSymbolTableRecord
100
AcDbLayerTableRecord
  2
EPLAN201
 70
     0
 62
     7
  6
Continuous
370
     9
390
F
347
46
348
0
1001
AcAecLayerStandard
1000

1000
Graphic.Plot frames
  0
LAYER
  5
6F
330
2
100
AcDbSymbolTableRecord
100
AcDbLayerTableRecord
  2
EPLAN202
 70
     0
 62
     7
  6
Continuous
370
     9
390
F
347
46
348
0
1001
AcAecLayerStandard
1000

1000
Graphic.Terminal strip definitions
  0
LAYER
  5
70
330
2
100
AcDbSymbolTableRecord
100
AcDbLayerTableRecord
  2
EPLAN203
 70
     0
 62
     7
  6
Continuous
370
     9
390
F
347
46
348
0
1001
AcAecLayerStandard
1000

1000
Graphic.Plug definitions
  0
LAYER
  5
71
330
2
100
AcDbSymbolTableRecord
100
AcDbLayerTableRecord
  2
EPLAN204
 70
     0
 62
     7
  6
Continuous
370
     9
390
F
347
46
348
0
1001
AcAecLayerStandard
1000

1000
Graphic.Part definition texts
  0
LAYER
  5
72
330
2
100
AcDbSymbolTableRecord
100
AcDbLayerTableRecord
  2
EPLAN205
 70
     0
 62
     7
  6
Continuous
370
     9
390
F
347
46
348
0
1001
AcAecLayerStandard
1000

1000
Graphic.Images
  0
LAYER
  5
73
330
2
100
AcDbSymbolTableRecord
100
AcDbLayerTableRecord
  2
EPLAN206
 70
     0
 62
     7
  6
Continuous
370
     9
390
F
347
46
348
0
1001
AcAecLayerStandard
1000

1000
Graphic.Hyperlinks
  0
LAYER
  5
74
330
2
100
AcDbSymbolTableRecord
100
AcDbLayerTableRecord
  2
EPLAN300
 70
     0
 62
     5
  6
Continuous
370
     5
390
F
347
46
348
0
1001
AcAecLayerStandard
1000

1000
Symbol graphic.General
  0
LAYER
  5
75
330
2
100
AcDbSymbolTableRecord
100
AcDbLayerTableRecord
  2
EPLAN301
 70
     0
 62
     7
  6
Continuous
370
     5
390
F
347
46
348
0
1001
AcAecLayerStandard
1000

1000
Symbol graphic.Potentials
  0
LAYER
  5
76
330
2
100
AcDbSymbolTableRecord
100
AcDbLayerTableRecord
  2
EPLAN302
 70
     0
 62
     5
  6
Continuous
370
     5
390
F
347
46
348
0
1001
AcAecLayerStandard
1000

1000
Symbol graphic.Device connection points
  0
LAYER
  5
77
330
2
100
AcDbSymbolTableRecord
100
AcDbLayerTableRecord
  2
EPLAN303
 70
     0
 62
     6
  6
Continuous
370
     5
390
F
347
46
348
0
1001
AcAecLayerStandard
1000

1000
Symbol graphic.PLC connection points
  0
LAYER
  5
78
330
2
100
AcDbSymbolTableRecord
100
AcDbLayerTableRecord
  2
EPLAN304
 70
     0
 62
     5
  6
Continuous
370
     5
390
F
347
46
348
0
1001
AcAecLayerStandard
1000

1000
Symbol graphic.Cable definition lines
  0
LAYER
  5
79
330
2
100
AcDbSymbolTableRecord
100
AcDbLayerTableRecord
  2
EPLAN305
 70
     0
 62
     5
  6
Continuous
370
     5
390
F
347
46
348
0
1001
AcAecLayerStandard
1000

1000
Symbol graphic.Black boxes
  0
LAYER
  5
7A
330
2
100
AcDbSymbolTableRecord
100
AcDbLayerTableRecord
  2
EPLAN306
 70
     0
 62
     6
  6
EPL_DASH
370
     5
390
F
347
46
348
0
1001
AcAecLayerStandard
1000

1000
Symbol graphic.PLC boxes
  0
LAYER
  5
7B
330
2
100
AcDbSymbolTableRecord
100
AcDbLayerTableRecord
  2
EPLAN307
 70
     0
 62
   134
  6
EPL_DASHDOT
370
     5
390
F
347
46
348
0
1001
AcAecLayerStandard
1000

1000
Symbol graphic.Structure boxes
  0
LAYER
  5
7C
330
2
100
AcDbSymbolTableRecord
100
AcDbLayerTableRecord
  2
EPLAN308
 70
     0
 62
  -251
  6
EPL_DASH
290
     0
370
     5
390
F
347
46
348
0
1001
AcAecLayerStandard
1000

1000
Symbol graphic.Macro.Macro boxes
  0
LAYER
  5
7D
330
2
100
AcDbSymbolTableRecord
100
AcDbLayerTableRecord
  2
EPLAN309
 70
     0
 62
     5
  6
Continuous
370
     5
390
F
347
46
348
0
1001
AcAecLayerStandard
1000

1000
Symbol graphic.Part placements
  0
LAYER
  5
7E
330
2
100
AcDbSymbolTableRecord
100
AcDbLayerTableRecord
  2
EPLAN310
 70
     0
 62
     5
  6
Continuous
370
     5
390
F
347
46
348
0
1001
AcAecLayerStandard
1000

1000
Symbol graphic.Mounting panels
  0
LAYER
  5
7F
330
2
100
AcDbSymbolTableRecord
100
AcDbLayerTableRecord
  2
EPLAN311
 70
     0
 62
     1
  6
Continuous
370
     5
390
F
347
46
348
0
1001
AcAecLayerStandard
1000

1000
Symbol graphic.Connection symbols.Autoconnecting
  0
LAYER
  5
80
330
2
100
AcDbSymbolTableRecord
100
AcDbLayerTableRecord
  2
EPLAN312
 70
     0
 62
     1
  6
Continuous
370
     5
390
F
347
46
348
0
1001
AcAecLayerStandard
1000

1000
Symbol graphic.Connection definition points
  0
LAYER
  5
81
330
2
100
AcDbSymbolTableRecord
100
AcDbLayerTableRecord
  2
EPLAN314
 70
     0
 62
     5
  6
EPL_DASH
370
     5
390
F
347
46
348
0
1001
AcAecLayerStandard
1000

1000
Symbol graphic.Shields
  0
LAYER
  5
82
330
2
100
AcDbSymbolTableRecord
100
AcDbLayerTableRecord
  2
EPLAN315
 70
     0
 62
     5
  6
Continuous
370
     5
390
F
347
46
348
0
1001
AcAecLayerStandard
1000

1000
Symbol graphic.Automatically generated cables
  0
LAYER
  5
83
330
2
100
AcDbSymbolTableRecord
100
AcDbLayerTableRecord
  2
EPLAN316
 70
     0
 62
   251
  6
EPL_DASH
290
     0
370
     0
390
F
347
46
348
0
1001
AcAecLayerStandard
1000

1000
Symbol graphic.Macro.Macro handles
  0
LAYER
  5
84
330
2
100
AcDbSymbolTableRecord
100
AcDbLayerTableRecord
  2
EPLAN317
 70
     0
 62
     1
  6
Continuous
370
     5
390
F
347
46
348
0
1001
AcAecLayerStandard
1000

1000
Symbol graphic.Bundle connection point symbols.Bundle connection points
  0
LAYER
  5
85
330
2
100
AcDbSymbolTableRecord
100
AcDbLayerTableRecord
  2
EPLAN318
 70
     0
 62
     1
  6
Continuous
370
     5
390
F
347
46
348
0
1001
AcAecLayerStandard
1000

1000
Property placement.Bundle connection point symbols.Bundle connection points
  0
LAYER
  5
86
330
2
100
AcDbSymbolTableRecord
100
AcDbLayerTableRecord
  2
EPLAN319
 70
     0
 62
     1
  6
Continuous
370
     5
390
F
347
46
348
0
1001
AcAecLayerStandard
1000

1000
Property placement.Number of (single-line) functions
  0
LAYER
  5
87
330
2
100
AcDbSymbolTableRecord
100
AcDbLayerTableRecord
  2
EPLAN320
 70
     0
 62
    -5
  6
Continuous
290
     0
370
     5
390
F
347
46
348
0
1001
AcAecLayerStandard
1000

1000
Graphic.Hidden
  0
LAYER
  5
88
330
2
100
AcDbSymbolTableRecord
100
AcDbLayerTableRecord
  2
EPLAN321
 70
     0
 62
     5
  6
Continuous
370
     5
390
F
347
46
348
0
1001
AcAecLayerStandard
1000

1000
Symbol graphic.Part definition points
  0
LAYER
  5
89
330
2
100
AcDbSymbolTableRecord
100
AcDbLayerTableRecord
  2
EPLAN322
 70
     0
 62
     7
  6
Continuous
370
     5
390
F
347
46
348
0
1001
AcAecLayerStandard
1000

1000
Symbol graphic.Macro.Placeholder objects
  0
LAYER
  5
8A
330
2
100
AcDbSymbolTableRecord
100
AcDbLayerTableRecord
  2
EPLAN323
 70
     0
 62
     5
  6
Continuous
370
     5
390
F
347
46
348
0
1001
AcAecLayerStandard
1000

1000
Symbol graphic.Black boxes.Fluid
  0
LAYER
  5
8B
330
2
100
AcDbSymbolTableRecord
100
AcDbLayerTableRecord
  2
EPLAN324
 70
     0
 62
     7
  6
Continuous
370
     5
390
F
347
46
348
0
1001
AcAecLayerStandard
1000

1000
Symbol graphic.Net definition points
  0
LAYER
  5
8C
330
2
100
AcDbSymbolTableRecord
100
AcDbLayerTableRecord
  2
EPLAN325
 70
     0
 62
     7
  6
Continuous
370
     5
390
F
347
46
348
0
1001
AcAecLayerStandard
1000

1000
Symbol graphic.Processes
  0
LAYER
  5
8D
330
2
100
AcDbSymbolTableRecord
100
AcDbLayerTableRecord
  2
EPLAN326
 70
     0
 62
     1
  6
EPL_DASH
290
     0
370
     5
390
F
347
46
348
0
1001
AcAecLayerStandard
1000

1000
Symbol graphic.Macro.Macro boxes (defining)
  0
LAYER
  5
8E
330
2
100
AcDbSymbolTableRecord
100
AcDbLayerTableRecord
  2
EPLAN327
 70
     0
 62
     5
  6
EPL_DASH
290
     0
370
     5
390
F
347
46
348
0
1001
AcAecLayerStandard
1000

1000
Symbol graphic.Macro.Macro boxes (referencing)
  0
LAYER
  5
8F
330
2
100
AcDbSymbolTableRecord
100
AcDbLayerTableRecord
  2
EPLAN328
 70
     0
 62
     6
  6
EPL_DASH
370
     5
390
F
347
46
348
0
1001
AcAecLayerStandard
1000

1000
Symbol graphic.PLC boxes (fluid)
  0
LAYER
  5
90
330
2
100
AcDbSymbolTableRecord
100
AcDbLayerTableRecord
  2
EPLAN400
 70
     0
 62
     5
  6
Continuous
370
     9
390
F
347
46
348
0
1001
AcAecLayerStandard
1000

1000
Property placement.Device tags
  0
LAYER
  5
91
330
2
100
AcDbSymbolTableRecord
100
AcDbLayerTableRecord
  2
EPLAN401
 70
     0
 62
     5
  6
Continuous
370
     9
390
F
347
46
348
0
1001
AcAecLayerStandard
1000

1000
Property placement.Terminal strips
  0
LAYER
  5
92
330
2
100
AcDbSymbolTableRecord
100
AcDbLayerTableRecord
  2
EPLAN402
 70
     0
 62
     5
  6
Continuous
370
     9
390
F
347
46
348
0
1001
AcAecLayerStandard
1000

1000
Property placement.Plugs
  0
LAYER
  5
93
330
2
100
AcDbSymbolTableRecord
100
AcDbLayerTableRecord
  2
EPLAN403
 70
     0
 62
     5
  6
Continuous
370
     9
390
F
347
46
348
0
1001
AcAecLayerStandard
1000

1000
Property placement.Interruption point designations
  0
LAYER
  5
94
330
2
100
AcDbSymbolTableRecord
100
AcDbLayerTableRecord
  2
EPLAN404
 70
     0
 62
     5
  6
Continuous
370
     9
390
F
347
46
348
0
1001
AcAecLayerStandard
1000

1000
Property placement.Potential names
  0
LAYER
  5
95
330
2
100
AcDbSymbolTableRecord
100
AcDbLayerTableRecord
  2
EPLAN405
 70
     0
 62
     1
  6
Continuous
370
     5
390
F
347
46
348
0
1001
AcAecLayerStandard
1000

1000
Property placement.Connection definition points
  0
LAYER
  5
96
330
2
100
AcDbSymbolTableRecord
100
AcDbLayerTableRecord
  2
EPLAN406
 70
     0
 62
     1
  6
Continuous
370
     5
390
F
347
46
348
0
1001
AcAecLayerStandard
1000

1000
Property placement.Connection definition points.Cable connection
  0
LAYER
  5
97
330
2
100
AcDbSymbolTableRecord
100
AcDbLayerTableRecord
  2
EPLAN407
 70
     0
 62
     5
  6
Continuous
370
     9
390
F
347
46
348
0
1001
AcAecLayerStandard
1000

1000
Property placement.Cables.Device tags
  0
LAYER
  5
98
330
2
100
AcDbSymbolTableRecord
100
AcDbLayerTableRecord
  2
EPLAN408
 70
     0
 62
     5
  6
Continuous
370
     9
390
F
347
46
348
0
1001
AcAecLayerStandard
1000

1000
Property placement.Terminals.Device tags
  0
LAYER
  5
99
330
2
100
AcDbSymbolTableRecord
100
AcDbLayerTableRecord
  2
EPLAN409
 70
     0
 62
     5
  6
Continuous
370
     9
390
F
347
46
348
0
1001
AcAecLayerStandard
1000

1000
Property placement.Plugs.Device tags
  0
LAYER
  5
9A
330
2
100
AcDbSymbolTableRecord
100
AcDbLayerTableRecord
  2
EPLAN410
 70
     0
 62
     5
  6
Continuous
370
     9
390
F
347
46
348
0
1001
AcAecLayerStandard
1000

1000
Property placement.Net names
  0
LAYER
  5
9B
330
2
100
AcDbSymbolTableRecord
100
AcDbLayerTableRecord
  2
EPLAN420
 70
     0
 62
     7
  6
Continuous
370
     9
390
F
347
46
348
0
1001
AcAecLayerStandard
1000

1000
Property placement.Connection point designations
  0
LAYER
  5
9C
330
2
100
AcDbSymbolTableRecord
100
AcDbLayerTableRecord
  2
EPLAN421
 70
     0
 62
     5
  6
Continuous
370
     9
390
F
347
46
348
0
1001
AcAecLayerStandard
1000

1000
Property placement.Connection point descriptions
  0
LAYER
  5
9D
330
2
100
AcDbSymbolTableRecord
100
AcDbLayerTableRecord
  2
EPLAN422
 70
     0
 62
     7
  6
Continuous
370
     9
390
F
347
46
348
0
1001
AcAecLayerStandard
1000

1000
Property placement.Terminal designations
  0
LAYER
  5
9E
330
2
100
AcDbSymbolTableRecord
100
AcDbLayerTableRecord
  2
EPLAN423
 70
     0
 62
     7
  6
Continuous
370
     9
390
F
347
46
348
0
1001
AcAecLayerStandard
1000

1000
Property placement.Pin designations
  0
LAYER
  5
9F
330
2
100
AcDbSymbolTableRecord
100
AcDbLayerTableRecord
  2
EPLAN424
 70
     0
 62
     7
  6
Continuous
370
     9
390
F
347
46
348
0
1001
AcAecLayerStandard
1000

1000
Property placement.Device connection point designations
  0
LAYER
  5
A0
330
2
100
AcDbSymbolTableRecord
100
AcDbLayerTableRecord
  2
EPLAN425
 70
     0
 62
   251
  6
Continuous
370
     9
390
F
347
46
348
0
1001
AcAecLayerStandard
1000

1000
Property placement.Symbolic addresses
  0
LAYER
  5
A1
330
2
100
AcDbSymbolTableRecord
100
AcDbLayerTableRecord
  2
EPLAN426
 70
     0
 62
   251
  6
Continuous
370
     9
390
F
347
46
348
0
1001
AcAecLayerStandard
1000

1000
Property placement.PLC addresses
  0
LAYER
  5
A2
330
2
100
AcDbSymbolTableRecord
100
AcDbLayerTableRecord
  2
EPLAN427
 70
     0
 62
   251
  6
Continuous
370
     9
390
F
347
46
348
0
1001
AcAecLayerStandard
1000

1000
Property placement.PLC data types
  0
LAYER
  5
A3
330
2
100
AcDbSymbolTableRecord
100
AcDbLayerTableRecord
  2
EPLAN428
 70
     0
 62
   251
  6
Continuous
370
     9
390
F
347
46
348
0
1001
AcAecLayerStandard
1000

1000
Property placement.PLC connection point designations
  0
LAYER
  5
A4
330
2
100
AcDbSymbolTableRecord
100
AcDbLayerTableRecord
  2
EPLAN429
 70
     0
 62
   251
  6
Continuous
370
     9
390
F
347
46
348
0
1001
AcAecLayerStandard
1000

1000
Property placement.PLC function texts
  0
LAYER
  5
A5
330
2
100
AcDbSymbolTableRecord
100
AcDbLayerTableRecord
  2
EPLAN430
 70
     0
 62
    -7
  6
Continuous
290
     0
370
     9
390
F
347
46
348
0
1001
AcAecLayerStandard
1000

1000
Property placement.Terminal connection point designations
  0
LAYER
  5
A6
330
2
100
AcDbSymbolTableRecord
100
AcDbLayerTableRecord
  2
EPLAN431
 70
     0
 62
    -7
  6
Continuous
290
     0
370
     9
390
F
347
46
348
0
1001
AcAecLayerStandard
1000

1000
Property placement.Plug connection point designations
  0
LAYER
  5
A7
330
2
100
AcDbSymbolTableRecord
100
AcDbLayerTableRecord
  2
EPLAN432
 70
     0
 62
     7
  6
Continuous
370
     9
390
F
347
46
348
0
1001
AcAecLayerStandard
1000

1000
Property placement.PLC connection point designations (logic)
  0
LAYER
  5
A8
330
2
100
AcDbSymbolTableRecord
100
AcDbLayerTableRecord
  2
EPLAN433
 70
     0
 62
   251
  6
Continuous
370
     9
390
F
347
46
348
0
1001
AcAecLayerStandard
1000

1000
Property placement.Plug designation
  0
LAYER
  5
A9
330
2
100
AcDbSymbolTableRecord
100
AcDbLayerTableRecord
  2
EPLAN434
 70
     0
 62
     7
  6
Continuous
370
     9
390
F
347
46
348
0
1001
AcAecLayerStandard
1000

1000
Property placement.Terminal description
  0
LAYER
  5
AA
330
2
100
AcDbSymbolTableRecord
100
AcDbLayerTableRecord
  2
EPLAN435
 70
     0
 62
     7
  6
Continuous
370
     9
390
F
347
46
348
0
1001
AcAecLayerStandard
1000

1000
Property placement.Pin description
  0
LAYER
  5
AB
330
2
100
AcDbSymbolTableRecord
100
AcDbLayerTableRecord
  2
EPLAN436
 70
     0
 62
   251
  6
Continuous
370
     9
390
F
347
46
348
0
1001
AcAecLayerStandard
1000

1000
Property placement.Network / bus data
  0
LAYER
  5
AC
330
2
100
AcDbSymbolTableRecord
100
AcDbLayerTableRecord
  2
EPLAN440
 70
     0
 62
    73
  6
Continuous
370
     9
390
F
347
46
348
0
1001
AcAecLayerStandard
1000

1000
Property placement.Cross-references
  0
LAYER
  5
AD
330
2
100
AcDbSymbolTableRecord
100
AcDbLayerTableRecord
  2
EPLAN441
 70
     0
 62
    73
  6
Continuous
370
     9
390
F
347
46
348
0
1001
AcAecLayerStandard
1000

1000
Property placement.PLC cross-references
  0
LAYER
  5
AE
330
2
100
AcDbSymbolTableRecord
100
AcDbLayerTableRecord
  2
EPLAN442
 70
     0
 62
    73
  6
Continuous
370
     9
390
F
347
46
348
0
1001
AcAecLayerStandard
1000

1000
Property placement.Interruption point cross-references
  0
LAYER
  5
AF
330
2
100
AcDbSymbolTableRecord
100
AcDbLayerTableRecord
  2
EPLAN443
 70
     0
 62
    73
  6
Continuous
370
     9
390
F
347
46
348
0
1001
AcAecLayerStandard
1000

1000
Property placement.Cross-references to directly connected counterpieces
  0
LAYER
  5
B0
330
2
100
AcDbSymbolTableRecord
100
AcDbLayerTableRecord
  2
EPLAN444
 70
     0
 62
    73
  6
Continuous
370
     9
390
F
347
46
348
0
1001
AcAecLayerStandard
1000

1000
Property placement.Distributed terminals cross-reference
  0
LAYER
  5
B1
330
2
100
AcDbSymbolTableRecord
100
AcDbLayerTableRecord
  2
EPLAN445
 70
     0
 62
     7
  6
Continuous
370
     9
390
F
347
46
348
0
1001
AcAecLayerStandard
1000

1000
Property placement.Connection point cross-section / diameter
  0
LAYER
  5
B2
330
2
100
AcDbSymbolTableRecord
100
AcDbLayerTableRecord
  2
EPLAN450
 70
     0
 62
     7
  6
Continuous
370
     9
390
F
347
46
348
0
1001
AcAecLayerStandard
1000

1000
Special texts.Placeholder texts
  0
LAYER
  5
B3
330
2
100
AcDbSymbolTableRecord
100
AcDbLayerTableRecord
  2
EPLAN451
 70
     0
 62
     7
  6
Continuous
370
     9
390
F
347
46
348
0
1001
AcAecLayerStandard
1000

1000
Special texts.Projects
  0
LAYER
  5
B4
330
2
100
AcDbSymbolTableRecord
100
AcDbLayerTableRecord
  2
EPLAN452
 70
     0
 62
     7
  6
Continuous
370
     9
390
F
347
46
348
0
1001
AcAecLayerStandard
1000

1000
Special texts.Pages
  0
LAYER
  5
B5
330
2
100
AcDbSymbolTableRecord
100
AcDbLayerTableRecord
  2
EPLAN453
 70
     0
 62
     7
  6
Continuous
370
     9
390
F
347
46
348
0
1001
AcAecLayerStandard
1000

1000
Special texts.Columns / rows
  0
LAYER
  5
B6
330
2
100
AcDbSymbolTableRecord
100
AcDbLayerTableRecord
  2
EPLAN454
 70
     0
 62
     7
  6
Continuous
370
    25
390
F
347
46
348
0
1001
AcAecLayerStandard
1000

1000
Special texts.Watermark
  0
LAYER
  5
B7
330
2
100
AcDbSymbolTableRecord
100
AcDbLayerTableRecord
  2
EPLAN460
 70
     0
 62
     7
  6
Continuous
370
     5
390
F
347
46
348
0
1001
AcAecLayerStandard
1000

1000
Property placement.Contact image
  0
LAYER
  5
B8
330
2
100
AcDbSymbolTableRecord
100
AcDbLayerTableRecord
  2
EPLAN480
 70
     0
 62
     7
  6
Continuous
370
     9
390
F
347
46
348
0
1001
AcAecLayerStandard
1000

1000
Property placement.Part numbers
  0
LAYER
  5
B9
330
2
100
AcDbSymbolTableRecord
100
AcDbLayerTableRecord
  2
EPLAN481
 70
     0
 62
     7
  6
Continuous
370
     9
390
F
347
46
348
0
1001
AcAecLayerStandard
1000

1000
Property placement.Type designations
  0
LAYER
  5
BA
330
2
100
AcDbSymbolTableRecord
100
AcDbLayerTableRecord
  2
EPLAN490
 70
     0
 62
     5
  6
Continuous
370
     5
390
F
347
46
348
0
1001
AcAecLayerStandard
1000

1000
Property placement.Part placement.DT
  0
LAYER
  5
BB
330
2
100
AcDbSymbolTableRecord
100
AcDbLayerTableRecord
  2
EPLAN491
 70
     0
 62
     5
  6
Continuous
370
     5
390
F
347
46
348
0
1001
AcAecLayerStandard
1000

1000
Property placement.Part placement.Part numbers
  0
LAYER
  5
BC
330
2
100
AcDbSymbolTableRecord
100
AcDbLayerTableRecord
  2
EPLAN492
 70
     0
 62
     5
  6
Continuous
370
     5
390
F
347
46
348
0
1001
AcAecLayerStandard
1000

1000
Property placement.Part placement.Type designations
  0
LAYER
  5
BD
330
2
100
AcDbSymbolTableRecord
100
AcDbLayerTableRecord
  2
EPLAN493
 70
     0
 62
     5
  6
Continuous
370
     5
390
F
347
46
348
0
1001
AcAecLayerStandard
1000

1000
Property placement.Part placement.Legend indices
  0
LAYER
  5
BE
330
2
100
AcDbSymbolTableRecord
100
AcDbLayerTableRecord
  2
EPLAN500
 70
     0
 62
     7
  6
Continuous
370
     9
390
F
347
46
348
0
1001
AcAecLayerStandard
1000

1000
Property placement.Describing block.Technical characteristics
  0
LAYER
  5
BF
330
2
100
AcDbSymbolTableRecord
100
AcDbLayerTableRecord
  2
EPLAN501
 70
     0
 62
     7
  6
Continuous
370
     9
390
F
347
46
348
0
1001
AcAecLayerStandard
1000

1000
Property placement.Describing block.Function texts
  0
LAYER
  5
C0
330
2
100
AcDbSymbolTableRecord
100
AcDbLayerTableRecord
  2
EPLAN502
 70
     0
 62
     7
  6
Continuous
370
     9
390
F
347
46
348
0
1001
AcAecLayerStandard
1000

1000
Property placement.Describing block.Engraving data
  0
LAYER
  5
C1
330
2
100
AcDbSymbolTableRecord
100
AcDbLayerTableRecord
  2
EPLAN503
 70
     0
 62
     7
  6
Continuous
370
     9
390
F
347
46
348
0
1001
AcAecLayerStandard
1000

1000
Property placement.Describing block.Location designations
  0
LAYER
  5
C2
330
2
100
AcDbSymbolTableRecord
100
AcDbLayerTableRecord
  2
EPLAN504
 70
     0
 62
     7
  6
Continuous
370
     9
390
F
347
46
348
0
1001
AcAecLayerStandard
1000

1000
Property placement.Describing block.Supplementary fields
  0
LAYER
  5
C3
330
2
100
AcDbSymbolTableRecord
100
AcDbLayerTableRecord
  2
EPLAN505
 70
     0
 62
    -5
  6
Continuous
290
     0
370
     9
390
F
347
46
348
0
1001
AcAecLayerStandard
1000

1000
Property placement.Device tags.Fluid connection splicers / line connectors
  0
LAYER
  5
C4
330
2
100
AcDbSymbolTableRecord
100
AcDbLayerTableRecord
  2
EPLAN506
 70
     0
 62
     5
  6
Continuous
370
     9
390
F
347
46
348
0
1001
AcAecLayerStandard
1000

1000
Property placement.Device tags.Fluid functions
  0
LAYER
  5
C5
330
2
100
AcDbSymbolTableRecord
100
AcDbLayerTableRecord
  2
EPLAN507
 70
     0
 62
     1
  6
Continuous
370
     5
390
F
347
46
348
0
1001
AcAecLayerStandard
1000

1000
Symbol graphic.Connection symbols.Autoconnecting.Pressure lines
  0
LAYER
  5
C6
330
2
100
AcDbSymbolTableRecord
100
AcDbLayerTableRecord
  2
EPLAN508
 70
     0
 62
     1
  6
Continuous
370
     5
390
F
347
46
348
0
1001
AcAecLayerStandard
1000

1000
Symbol graphic.Connection symbols.Autoconnecting.Control lines
  0
LAYER
  5
C7
330
2
100
AcDbSymbolTableRecord
100
AcDbLayerTableRecord
  2
EPLAN509
 70
     0
 62
     1
  6
Continuous
370
     5
390
F
347
46
348
0
1001
AcAecLayerStandard
1000

1000
Symbol graphic.Connection symbols.Autoconnecting.Drain lines
  0
LAYER
  5
C8
330
2
100
AcDbSymbolTableRecord
100
AcDbLayerTableRecord
  2
EPLAN510
 70
     0
 62
     6
  6
Continuous
370
     5
390
F
347
46
348
0
1001
AcAecLayerStandard
1000

1000
Symbol graphic.Connection symbols.Autoconnecting.Internal connections / direct connections
  0
LAYER
  5
C9
330
2
100
AcDbSymbolTableRecord
100
AcDbLayerTableRecord
  2
EPLAN511
 70
     0
 62
     5
  6
Continuous
370
     5
390
F
347
46
348
0
1001
AcAecLayerStandard
1000

1000
Symbol graphic.Connection splicers / line connectors
  0
LAYER
  5
CA
330
2
100
AcDbSymbolTableRecord
100
AcDbLayerTableRecord
  2
EPLAN512
 70
     0
 62
     3
  6
Continuous
370
     9
390
F
347
46
348
0
1001
AcAecLayerStandard
1000

1000
Property placement.Block properties
  0
LAYER
  5
CB
330
2
100
AcDbSymbolTableRecord
100
AcDbLayerTableRecord
  2
EPLAN513
 70
     0
 62
    -5
  6
Continuous
290
     0
370
     5
390
F
347
46
348
0
1001
AcAecLayerStandard
1000

1000
Symbol graphic.Connection symbols.Autoconnecting.Break point
  0
LAYER
  5
CC
330
2
100
AcDbSymbolTableRecord
100
AcDbLayerTableRecord
  2
EPLAN514
 70
     0
 62
     5
  6
Continuous
370
     9
390
F
347
46
348
0
1001
AcAecLayerStandard
1000

1000
Property placement.Cables
  0
LAYER
  5
CD
330
2
100
AcDbSymbolTableRecord
100
AcDbLayerTableRecord
  2
EPLAN515
 70
     0
 62
   251
  6
Continuous
370
     9
390
F
347
46
348
0
1001
AcAecLayerStandard
1000

1000
Property placement.PLC addresses (overview)
  0
LAYER
  5
CE
330
2
100
AcDbSymbolTableRecord
100
AcDbLayerTableRecord
  2
EPLAN516
 70
     0
 62
     1
  6
Continuous
370
     5
390
F
347
46
348
0
1001
AcAecLayerStandard
1000

1000
Symbol graphic.Connection symbols.Autoconnecting.Process medium
  0
LAYER
  5
CF
330
2
100
AcDbSymbolTableRecord
100
AcDbLayerTableRecord
  2
EPLAN517
 70
     0
 62
     1
  6
Continuous
370
     5
390
F
347
46
348
0
1001
AcAecLayerStandard
1000

1000
Symbol graphic.Connection symbols.Autoconnecting.Heating and cooling medium
  0
LAYER
  5
D0
330
2
100
AcDbSymbolTableRecord
100
AcDbLayerTableRecord
  2
EPLAN518
 70
     0
 62
    -7
  6
Continuous
290
     0
370
     9
390
F
347
46
348
0
1001
AcAecLayerStandard
1000

1000
Property placement.Fluid connection splicers / line connectors.Connection point designations
  0
LAYER
  5
D1
330
2
100
AcDbSymbolTableRecord
100
AcDbLayerTableRecord
  2
EPLAN519
 70
     0
 62
     7
  6
Continuous
290
     0
370
     9
390
F
347
46
348
0
1001
AcAecLayerStandard
1000

1000
Graphic.Comments
  0
LAYER
  5
D2
330
2
100
AcDbSymbolTableRecord
100
AcDbLayerTableRecord
  2
EPLAN520
 70
     0
 62
    -7
  6
Continuous
290
     0
370
     9
390
F
347
46
348
0
1001
AcAecLayerStandard
1000

1000
Property placement.Message text
  0
LAYER
  5
D3
330
2
100
AcDbSymbolTableRecord
100
AcDbLayerTableRecord
  2
EPLAN521
 70
     0
 62
   140
  6
Continuous
370
     5
390
F
347
46
348
0
1001
AcAecLayerStandard
1000

1000
Symbol graphic.Connection symbols.Autoconnecting.Reservoir line
  0
LAYER
  5
D4
330
2
100
AcDbSymbolTableRecord
100
AcDbLayerTableRecord
  2
EPLAN522
 70
     0
 62
    70
  6
Continuous
370
     5
390
F
347
46
348
0
1001
AcAecLayerStandard
1000

1000
Symbol graphic.Connection symbols.Autoconnecting.Working line
  0
LAYER
  5
D6
330
2
100
AcDbSymbolTableRecord
100
AcDbLayerTableRecord
  2
EPLAN523
 70
     0
 62
     5
  6
EPL_DASH2
370
     5
390
F
347
46
348
0
1001
AcAecLayerStandard
1000

1000
Symbol graphic.Connection symbols.Autoconnecting.Control line internal
  0
LAYER
  5
D7
330
2
100
AcDbSymbolTableRecord
100
AcDbLayerTableRecord
  2
EPLAN524
 70
     0
 62
     5
  6
EPL_DASH
370
     5
390
F
347
46
348
0
1001
AcAecLayerStandard
1000

1000
Symbol graphic.Connection symbols.Autoconnecting.Drain line internal
  0
LAYER
  5
D8
330
2
100
AcDbSymbolTableRecord
100
AcDbLayerTableRecord
  2
EPLAN525
 70
     0
 62
     5
  6
Continuous
370
     5
390
F
347
46
348
0
1001
AcAecLayerStandard
1000

1000
Symbol graphic.Connection symbols.Autoconnecting.Pressure line internal
  0
LAYER
  5
D9
330
2
100
AcDbSymbolTableRecord
100
AcDbLayerTableRecord
  2
EPLAN526
 70
     0
 62
     5
  6
Continuous
370
     5
390
F
347
46
348
0
1001
AcAecLayerStandard
1000

1000
Symbol graphic.Connection symbols.Autoconnecting.Working line internal
  0
LAYER
  5
DA
330
2
100
AcDbSymbolTableRecord
100
AcDbLayerTableRecord
  2
EPLAN527
 70
     0
 62
     5
  6
Continuous
370
     5
390
F
347
46
348
0
1001
AcAecLayerStandard
1000

1000
Symbol graphic.Connection symbols.Autoconnecting.Reservoir line internal
  0
LAYER
  5
DB
330
2
100
AcDbSymbolTableRecord
100
AcDbLayerTableRecord
  2
EPLAN528
 70
     0
 62
     5
  6
Continuous
370
     5
390
F
347
46
348
0
1001
AcAecLayerStandard
1000

1000
Symbol graphic.Connection symbols.Autoconnecting.Heating and cooling medium internal
  0
LAYER
  5
DC
330
2
100
AcDbSymbolTableRecord
100
AcDbLayerTableRecord
  2
EPLAN529
 70
     0
 62
     5
  6
Continuous
370
     5
390
F
347
46
348
0
1001
AcAecLayerStandard
1000

1000
Symbol graphic.Connection symbols.Autoconnecting.Process medium internal
  0
LAYER
  5
DD
330
2
100
AcDbSymbolTableRecord
100
AcDbLayerTableRecord
  2
EPLAN531
 70
     0
 62
     1
  6
Continuous
370
     5
390
F
347
46
348
0
1001
AcAecLayerStandard
1000

1000
Symbol graphic.Connection symbols.Autoconnecting.Fluid undefined
  0
LAYER
  5
DF
330
2
100
AcDbSymbolTableRecord
100
AcDbLayerTableRecord
  2
EPLAN532
 70
     0
 62
     5
  6
EPL_DASHDOTDOT
370
    25
390
F
347
46
348
0
1001
AcAecLayerStandard
1000

1000
Symbol graphic.Connection symbols.Autoconnecting.Wire harness
  0
LAYER
  5
E0
330
2
100
AcDbSymbolTableRecord
100
AcDbLayerTableRecord
  2
EPLAN533
 70
     0
 62
     1
  6
Continuous
370
     5
390
F
347
46
348
0
1001
AcAecLayerStandard
1000

1000
Symbol graphic.Connection symbols.Autoconnecting.Saddle jumper
  0
LAYER
  5
E1
330
2
100
AcDbSymbolTableRecord
100
AcDbLayerTableRecord
  2
EPLAN540
 70
     0
 62
     1
  6
Continuous
370
     5
390
F
347
46
348
0
1001
AcAecLayerStandard
1000

1000
Symbol graphic.Connection symbols.Autoconnecting.Potential type [L]
  0
LAYER
  5
E2
330
2
100
AcDbSymbolTableRecord
100
AcDbLayerTableRecord
  2
EPLAN541
 70
     0
 62
     1
  6
Continuous
370
     5
390
F
347
46
348
0
1001
AcAecLayerStandard
1000

1000
Symbol graphic.Connection symbols.Autoconnecting.Potential type [N]
  0
LAYER
  5
E3
330
2
100
AcDbSymbolTableRecord
100
AcDbLayerTableRecord
  2
EPLAN542
 70
     0
 62
     1
  6
Continuous
370
     5
390
F
347
46
348
0
1001
AcAecLayerStandard
1000

1000
Symbol graphic.Connection symbols.Autoconnecting.Potential type [PE]
  0
LAYER
  5
E4
330
2
100
AcDbSymbolTableRecord
100
AcDbLayerTableRecord
  2
EPLAN543
 70
     0
 62
     1
  6
Continuous
370
     5
390
F
347
46
348
0
1001
AcAecLayerStandard
1000

1000
Symbol graphic.Connection symbols.Autoconnecting.Potential type [+]
  0
LAYER
  5
E5
330
2
100
AcDbSymbolTableRecord
100
AcDbLayerTableRecord
  2
EPLAN544
 70
     0
 62
     1
  6
Continuous
370
     5
390
F
347
46
348
0
1001
AcAecLayerStandard
1000

1000
Symbol graphic.Connection symbols.Autoconnecting.Potential type [M]
  0
LAYER
  5
E6
330
2
100
AcDbSymbolTableRecord
100
AcDbLayerTableRecord
  2
EPLAN545
 70
     0
 62
     1
  6
Continuous
370
     5
390
F
347
46
348
0
1001
AcAecLayerStandard
1000

1000
Symbol graphic.Connection symbols.Autoconnecting.Potential type [-]
  0
LAYER
  5
E7
330
2
100
AcDbSymbolTableRecord
100
AcDbLayerTableRecord
  2
EPLAN546
 70
     0
 62
     1
  6
Continuous
370
     5
390
F
347
46
348
0
1001
AcAecLayerStandard
1000

1000
Symbol graphic.Connection symbols.Autoconnecting.Potential type [SH]
  0
LAYER
  5
E8
330
2
100
AcDbSymbolTableRecord
100
AcDbLayerTableRecord
  2
EPLAN547
 70
     0
 62
     1
  6
Continuous
370
     5
390
F
347
46
348
0
1001
AcAecLayerStandard
1000

1000
Symbol graphic.Connection symbols.Autoconnecting.Potential type [PEN]
  0
LAYER
  5
E9
330
2
100
AcDbSymbolTableRecord
100
AcDbLayerTableRecord
  2
EPLAN550
 70
     0
 62
     5
  6
Continuous
370
     5
390
F
347
46
348
0
1001
AcAecLayerStandard
1000

1000
Symbol graphic.Connection symbols.Autoconnecting.Cables
  0
LAYER
  5
EA
330
2
100
AcDbSymbolTableRecord
100
AcDbLayerTableRecord
  2
EPLAN551
 70
     0
 62
     5
  6
Continuous
370
     9
390
F
347
46
348
0
1001
AcAecLayerStandard
1000

1000
Property placement.Placeholder objects
  0
LAYER
  5
EB
330
2
100
AcDbSymbolTableRecord
100
AcDbLayerTableRecord
  2
EPLAN552
 70
     0
 62
     7
  6
Continuous
370
     9
390
F
347
46
348
0
1001
AcAecLayerStandard
1000

1000
Property placement.Describing block.Status field
  0
LAYER
  5
EC
330
2
100
AcDbSymbolTableRecord
100
AcDbLayerTableRecord
  2
EPLAN555
 70
     0
 62
    -1
  6
Continuous
290
     0
370
     5
390
F
347
46
348
0
1001
AcAecLayerStandard
1000

1000
Symbol graphic.Connection symbols.Junction
  0
LAYER
  5
ED
330
2
100
AcDbSymbolTableRecord
100
AcDbLayerTableRecord
  2
EPLAN560
 70
     0
 62
   253
  6
Continuous
370
    13
390
F
347
46
348
0
1001
AcAecLayerStandard
1000

1000
3D graphic.Enclosure
  0
LAYER
  5
EE
330
2
100
AcDbSymbolTableRecord
100
AcDbLayerTableRecord
  2
EPLAN561
 70
     0
 62
   253
  6
Continuous
370
    13
390
F
347
46
348
0
1001
AcAecLayerStandard
1000

1000
3D graphic.Enclosure.Mounting panel
  0
LAYER
  5
EF
330
2
100
AcDbSymbolTableRecord
100
AcDbLayerTableRecord
  2
EPLAN562
 70
     0
 62
   252
  6
Continuous
370
    13
390
F
347
46
348
0
1001
AcAecLayerStandard
1000

1000
3D graphic.Device
  0
LAYER
  5
F0
330
2
100
AcDbSymbolTableRecord
100
AcDbLayerTableRecord
  2
EPLAN563
 70
     0
 62
    12
  6
Continuous
370
    13
390
F
347
46
348
0
1001
AcAecLayerStandard
1000

1000
3D graphic.Wire duct
  0
LAYER
  5
F1
330
2
100
AcDbSymbolTableRecord
100
AcDbLayerTableRecord
  2
EPLAN564
 70
     0
 62
    30
  6
Continuous
370
    13
390
F
347
46
348
0
1001
AcAecLayerStandard
1000

1000
3D graphic.Rails.Mounting rail
  0
LAYER
  5
F2
330
2
100
AcDbSymbolTableRecord
100
AcDbLayerTableRecord
  2
EPLAN565
 70
     0
 62
   135
  6
Continuous
370
    13
390
F
347
46
348
0
1001
AcAecLayerStandard
1000

1000
3D graphic.Rails.C horizontal rail
  0
LAYER
  5
F3
330
2
100
AcDbSymbolTableRecord
100
AcDbLayerTableRecord
  2
EPLAN566
 70
     0
 62
     9
  6
Continuous
370
    13
390
F
347
46
348
0
1001
AcAecLayerStandard
1000

1000
3D graphic.Rails.User-defined rail
  0
LAYER
  5
F4
330
2
100
AcDbSymbolTableRecord
100
AcDbLayerTableRecord
  2
EPLAN567
 70
     0
 62
     9
  6
Continuous
370
    13
390
F
347
46
348
0
1001
AcAecLayerStandard
1000

1000
3D graphic.Busbars.Busbar
  0
LAYER
  5
F5
330
2
100
AcDbSymbolTableRecord
100
AcDbLayerTableRecord
  2
EPLAN568
 70
     0
 62
     9
  6
Continuous
370
    13
390
F
347
46
348
0
1001
AcAecLayerStandard
1000

1000
3D graphic.Busbars.Support
  0
LAYER
  5
F6
330
2
100
AcDbSymbolTableRecord
100
AcDbLayerTableRecord
  2
EPLAN571
 70
     0
 62
   211
  6
Continuous
370
    13
390
F
347
46
348
0
1001
AcAecLayerStandard
1000

1000
3D graphic.Locked area
  0
LAYER
  5
F7
330
2
100
AcDbSymbolTableRecord
100
AcDbLayerTableRecord
  2
EPLAN572
 70
     0
 62
    81
  6
Continuous
370
    13
390
F
347
46
348
0
1001
AcAecLayerStandard
1000

1000
3D graphic.Locked area.Restricted cut-out area
  0
LAYER
  5
F8
330
2
100
AcDbSymbolTableRecord
100
AcDbLayerTableRecord
  2
EPLAN575
 70
     0
 62
     1
  6
Continuous
370
    13
390
F
347
46
348
0
1001
AcAecLayerStandard
1000

1000
3D graphic.Mounting clearance
  0
LAYER
  5
F9
330
2
100
AcDbSymbolTableRecord
100
AcDbLayerTableRecord
  2
EPLAN576
 70
     0
 62
     4
  6
Continuous
370
     5
390
F
347
46
348
0
1001
AcAecLayerStandard
1000

1000
Graphic.Deleted objects
  0
LAYER
  5
FA
330
2
100
AcDbSymbolTableRecord
100
AcDbLayerTableRecord
  2
EPLAN577
 70
     0
 62
     7
  6
Continuous
290
     0
370
     5
390
F
347
46
348
0
1001
AcAecLayerStandard
1000

1000
Graphic.Model view
  0
LAYER
  5
FB
330
2
100
AcDbSymbolTableRecord
100
AcDbLayerTableRecord
  2
EPLAN578
 70
     0
 62
     7
  6
Continuous
370
    13
390
F
347
46
348
0
1001
AcAecLayerStandard
1000

1000
Property placement.Model view
  0
LAYER
  5
FC
330
2
100
AcDbSymbolTableRecord
100
AcDbLayerTableRecord
  2
EPLAN579
 70
     0
 62
    -5
  6
Continuous
290
     0
370
     9
390
F
347
46
348
0
1001
AcAecLayerStandard
1000

1000
Property placement.3D part placement.Part numbers.Device
  0
LAYER
  5
FD
330
2
100
AcDbSymbolTableRecord
100
AcDbLayerTableRecord
  2
EPLAN580
 70
     0
 62
    -5
  6
Continuous
290
     0
370
     9
390
F
347
46
348
0
1001
AcAecLayerStandard
1000

1000
Property placement.3D part placement.Part numbers.Enclosure
  0
LAYER
  5
FE
330
2
100
AcDbSymbolTableRecord
100
AcDbLayerTableRecord
  2
EPLAN581
 70
     0
 62
    -5
  6
Continuous
290
     0
370
     9
390
F
347
46
348
0
1001
AcAecLayerStandard
1000

1000
Property placement.3D part placement.Part numbers.Rail / Wire duct
  0
LAYER
  5
FF
330
2
100
AcDbSymbolTableRecord
100
AcDbLayerTableRecord
  2
EPLAN582
 70
     0
 62
    -5
  6
Continuous
290
     0
370
     9
390
F
347
46
348
0
1001
AcAecLayerStandard
1000

1000
Property placement.3D part placement.Part numbers.System accessory
  0
LAYER
  5
100
330
2
100
AcDbSymbolTableRecord
100
AcDbLayerTableRecord
  2
EPLAN583
 70
     0
 62
     5
  6
Continuous
370
     9
390
F
347
46
348
0
1001
AcAecLayerStandard
1000

1000
Property placement.3D part placement.DT.Device
  0
LAYER
  5
101
330
2
100
AcDbSymbolTableRecord
100
AcDbLayerTableRecord
  2
EPLAN584
 70
     0
 62
     5
  6
Continuous
370
     9
390
F
347
46
348
0
1001
AcAecLayerStandard
1000

1000
Property placement.3D part placement.DT.Enclosure
  0
LAYER
  5
102
330
2
100
AcDbSymbolTableRecord
100
AcDbLayerTableRecord
  2
EPLAN585
 70
     0
 62
     5
  6
Continuous
370
     9
390
F
347
46
348
0
1001
AcAecLayerStandard
1000

1000
Property placement.3D part placement.DT.Rail / Wire duct
  0
LAYER
  5
103
330
2
100
AcDbSymbolTableRecord
100
AcDbLayerTableRecord
  2
EPLAN586
 70
     0
 62
     5
  6
Continuous
370
     9
390
F
347
46
348
0
1001
AcAecLayerStandard
1000

1000
Property placement.3D part placement.DT.System accessory
  0
LAYER
  5
104
330
2
100
AcDbSymbolTableRecord
100
AcDbLayerTableRecord
  2
EPLAN587
 70
     0
 62
    -5
  6
Continuous
290
     0
370
     9
390
F
347
46
348
0
1001
AcAecLayerStandard
1000

1000
Property placement.3D part placement.Item designation.Enclosure
  0
LAYER
  5
105
330
2
100
AcDbSymbolTableRecord
100
AcDbLayerTableRecord
  2
EPLAN588
 70
     0
 62
    -5
  6
Continuous
290
     0
370
     9
390
F
347
46
348
0
1001
AcAecLayerStandard
1000

1000
Property placement.3D part placement.Item designation.Rail / Wire duct
  0
LAYER
  5
106
330
2
100
AcDbSymbolTableRecord
100
AcDbLayerTableRecord
  2
EPLAN589
 70
     0
 62
    -5
  6
Continuous
290
     0
370
     9
390
F
347
46
348
0
1001
AcAecLayerStandard
1000

1000
Property placement.3D part placement.Item designation.System accessory
  0
LAYER
  5
107
330
2
100
AcDbSymbolTableRecord
100
AcDbLayerTableRecord
  2
EPLAN590
 70
     0
 62
    -5
  6
Continuous
290
     0
370
     9
390
F
347
46
348
0
1001
AcAecLayerStandard
1000

1000
Property placement.3D part placement.Legend indices.Device
  0
LAYER
  5
108
330
2
100
AcDbSymbolTableRecord
100
AcDbLayerTableRecord
  2
EPLAN591
 70
     0
 62
    -5
  6
Continuous
290
     0
370
     9
390
F
347
46
348
0
1001
AcAecLayerStandard
1000

1000
Property placement.3D part placement.Legend indices.Enclosure
  0
LAYER
  5
109
330
2
100
AcDbSymbolTableRecord
100
AcDbLayerTableRecord
  2
EPLAN592
 70
     0
 62
    -5
  6
Continuous
290
     0
370
     9
390
F
347
46
348
0
1001
AcAecLayerStandard
1000

1000
Property placement.3D part placement.Legend indices.Rail / Wire duct
  0
LAYER
  5
10A
330
2
100
AcDbSymbolTableRecord
100
AcDbLayerTableRecord
  2
EPLAN593
 70
     0
 62
    -5
  6
Continuous
290
     0
370
     9
390
F
347
46
348
0
1001
AcAecLayerStandard
1000

1000
Property placement.3D part placement.Legend indices.System accessory
  0
LAYER
  5
10B
330
2
100
AcDbSymbolTableRecord
100
AcDbLayerTableRecord
  2
EPLAN594
 70
     0
 62
    -5
  6
Continuous
290
     0
370
     9
390
F
347
46
348
0
1001
AcAecLayerStandard
1000

1000
Property placement.3D part placement.Type designations.Device
  0
LAYER
  5
10C
330
2
100
AcDbSymbolTableRecord
100
AcDbLayerTableRecord
  2
EPLAN595
 70
     0
 62
    -5
  6
Continuous
290
     0
370
     9
390
F
347
46
348
0
1001
AcAecLayerStandard
1000

1000
Property placement.3D part placement.Type designations.Enclosure
  0
LAYER
  5
10D
330
2
100
AcDbSymbolTableRecord
100
AcDbLayerTableRecord
  2
EPLAN596
 70
     0
 62
    -5
  6
Continuous
290
     0
370
     9
390
F
347
46
348
0
1001
AcAecLayerStandard
1000

1000
Property placement.3D part placement.Type designations.Rail / Wire duct
  0
LAYER
  5
10E
330
2
100
AcDbSymbolTableRecord
100
AcDbLayerTableRecord
  2
EPLAN597
 70
     0
 62
    -5
  6
Continuous
290
     0
370
     9
390
F
347
46
348
0
1001
AcAecLayerStandard
1000

1000
Property placement.3D part placement.Type designations.System accessory
  0
LAYER
  5
10F
330
2
100
AcDbSymbolTableRecord
100
AcDbLayerTableRecord
  2
EPLAN598
 70
     0
 62
     5
  6
Continuous
370
     9
390
F
347
46
348
0
1001
AcAecLayerStandard
1000

1000
Property placement.3D part placement.DT.Terminal
  0
LAYER
  5
110
330
2
100
AcDbSymbolTableRecord
100
AcDbLayerTableRecord
  2
EPLAN599
 70
     0
 62
    -1
  6
Continuous
290
     0
370
    13
390
F
347
46
348
0
1001
AcAecLayerStandard
1000

1000
3D graphic.Placement area.Item
  0
LAYER
  5
111
330
2
100
AcDbSymbolTableRecord
100
AcDbLayerTableRecord
  2
EPLAN620
 70
     0
 62
     3
  6
Continuous
370
    13
390
F
347
46
348
0
1001
AcAecLayerStandard
1000

1000
3D graphic.Placement area.Macro
  0
LAYER
  5
112
330
2
100
AcDbSymbolTableRecord
100
AcDbLayerTableRecord
  2
EPLAN621
 70
     0
 62
     7
  6
Continuous
370
    13
390
F
347
46
348
0
1001
AcAecLayerStandard
1000

1000
Property placement.Model view.Part numbers.Device
  0
LAYER
  5
113
330
2
100
AcDbSymbolTableRecord
100
AcDbLayerTableRecord
  2
EPLAN622
 70
     0
 62
     7
  6
Continuous
370
    13
390
F
347
46
348
0
1001
AcAecLayerStandard
1000

1000
Property placement.Model view.Part numbers.Enclosure
  0
LAYER
  5
114
330
2
100
AcDbSymbolTableRecord
100
AcDbLayerTableRecord
  2
EPLAN623
 70
     0
 62
     7
  6
Continuous
370
    13
390
F
347
46
348
0
1001
AcAecLayerStandard
1000

1000
Property placement.Model view.Part numbers.Rail / Wire duct
  0
LAYER
  5
115
330
2
100
AcDbSymbolTableRecord
100
AcDbLayerTableRecord
  2
EPLAN624
 70
     0
 62
     7
  6
Continuous
370
    13
390
F
347
46
348
0
1001
AcAecLayerStandard
1000

1000
Property placement.Model view.Part numbers.System accessory
  0
LAYER
  5
116
330
2
100
AcDbSymbolTableRecord
100
AcDbLayerTableRecord
  2
EPLAN625
 70
     0
 62
     7
  6
Continuous
370
    13
390
F
347
46
348
0
1001
AcAecLayerStandard
1000

1000
Property placement.Model view.DT.Device
  0
LAYER
  5
117
330
2
100
AcDbSymbolTableRecord
100
AcDbLayerTableRecord
  2
EPLAN626
 70
     0
 62
     7
  6
Continuous
370
    13
390
F
347
46
348
0
1001
AcAecLayerStandard
1000

1000
Property placement.Model view.DT.Terminal
  0
LAYER
  5
118
330
2
100
AcDbSymbolTableRecord
100
AcDbLayerTableRecord
  2
EPLAN627
 70
     0
 62
     7
  6
Continuous
370
    13
390
F
347
46
348
0
1001
AcAecLayerStandard
1000

1000
Property placement.Model view.DT.Enclosure
  0
LAYER
  5
119
330
2
100
AcDbSymbolTableRecord
100
AcDbLayerTableRecord
  2
EPLAN628
 70
     0
 62
     7
  6
Continuous
370
    13
390
F
347
46
348
0
1001
AcAecLayerStandard
1000

1000
Property placement.Model view.DT.Rail / Wire duct
  0
LAYER
  5
11A
330
2
100
AcDbSymbolTableRecord
100
AcDbLayerTableRecord
  2
EPLAN629
 70
     0
 62
     7
  6
Continuous
370
    13
390
F
347
46
348
0
1001
AcAecLayerStandard
1000

1000
Property placement.Model view.DT.System accessory
  0
LAYER
  5
11B
330
2
100
AcDbSymbolTableRecord
100
AcDbLayerTableRecord
  2
EPLAN630
 70
     0
 62
     7
  6
Continuous
370
    13
390
F
347
46
348
0
1001
AcAecLayerStandard
1000

1000
Property placement.Model view.Item designation.Enclosure
  0
LAYER
  5
11C
330
2
100
AcDbSymbolTableRecord
100
AcDbLayerTableRecord
  2
EPLAN631
 70
     0
 62
     7
  6
Continuous
370
    13
390
F
347
46
348
0
1001
AcAecLayerStandard
1000

1000
Property placement.Model view.Item designation.Rail / Wire duct
  0
LAYER
  5
11D
330
2
100
AcDbSymbolTableRecord
100
AcDbLayerTableRecord
  2
EPLAN632
 70
     0
 62
     7
  6
Continuous
370
    13
390
F
347
46
348
0
1001
AcAecLayerStandard
1000

1000
Property placement.Model view.Item designation.System accessory
  0
LAYER
  5
11E
330
2
100
AcDbSymbolTableRecord
100
AcDbLayerTableRecord
  2
EPLAN633
 70
     0
 62
     7
  6
Continuous
370
    13
390
F
347
46
348
0
1001
AcAecLayerStandard
1000

1000
Property placement.Model view.Legend indices.Device
  0
LAYER
  5
11F
330
2
100
AcDbSymbolTableRecord
100
AcDbLayerTableRecord
  2
EPLAN634
 70
     0
 62
     7
  6
Continuous
370
    13
390
F
347
46
348
0
1001
AcAecLayerStandard
1000

1000
Property placement.Model view.Legend indices.Enclosure
  0
LAYER
  5
120
330
2
100
AcDbSymbolTableRecord
100
AcDbLayerTableRecord
  2
EPLAN635
 70
     0
 62
     7
  6
Continuous
370
    13
390
F
347
46
348
0
1001
AcAecLayerStandard
1000

1000
Property placement.Model view.Legend indices.Rail / Wire duct
  0
LAYER
  5
121
330
2
100
AcDbSymbolTableRecord
100
AcDbLayerTableRecord
  2
EPLAN636
 70
     0
 62
     7
  6
Continuous
370
    13
390
F
347
46
348
0
1001
AcAecLayerStandard
1000

1000
Property placement.Model view.Legend indices.System accessory
  0
LAYER
  5
122
330
2
100
AcDbSymbolTableRecord
100
AcDbLayerTableRecord
  2
EPLAN637
 70
     0
 62
     7
  6
Continuous
370
    13
390
F
347
46
348
0
1001
AcAecLayerStandard
1000

1000
Property placement.Model view.Type designations.Device
  0
LAYER
  5
123
330
2
100
AcDbSymbolTableRecord
100
AcDbLayerTableRecord
  2
EPLAN638
 70
     0
 62
     7
  6
Continuous
370
    13
390
F
347
46
348
0
1001
AcAecLayerStandard
1000

1000
Property placement.Model view.Type designations.Enclosure
  0
LAYER
  5
124
330
2
100
AcDbSymbolTableRecord
100
AcDbLayerTableRecord
  2
EPLAN639
 70
     0
 62
     7
  6
Continuous
370
    13
390
F
347
46
348
0
1001
AcAecLayerStandard
1000

1000
Property placement.Model view.Type designations.Rail / Wire duct
  0
LAYER
  5
125
330
2
100
AcDbSymbolTableRecord
100
AcDbLayerTableRecord
  2
EPLAN640
 70
     0
 62
     7
  6
Continuous
370
    13
390
F
347
46
348
0
1001
AcAecLayerStandard
1000

1000
Property placement.Model view.Type designations.System accessory
  0
LAYER
  5
126
330
2
100
AcDbSymbolTableRecord
100
AcDbLayerTableRecord
  2
EPLAN641
 70
     0
 62
    -5
  6
Continuous
290
     0
370
     9
390
F
347
46
348
0
1001
AcAecLayerStandard
1000

1000
Property placement.3D part placement.Part numbers.Busbar
  0
LAYER
  5
127
330
2
100
AcDbSymbolTableRecord
100
AcDbLayerTableRecord
  2
EPLAN642
 70
     0
 62
     5
  6
Continuous
370
     9
390
F
347
46
348
0
1001
AcAecLayerStandard
1000

1000
Property placement.3D part placement.DT.Busbar
  0
LAYER
  5
128
330
2
100
AcDbSymbolTableRecord
100
AcDbLayerTableRecord
  2
EPLAN643
 70
     0
 62
    -5
  6
Continuous
290
     0
370
     9
390
F
347
46
348
0
1001
AcAecLayerStandard
1000

1000
Property placement.3D part placement.Item designation.Busbar
  0
LAYER
  5
129
330
2
100
AcDbSymbolTableRecord
100
AcDbLayerTableRecord
  2
EPLAN644
 70
     0
 62
    -5
  6
Continuous
290
     0
370
     9
390
F
347
46
348
0
1001
AcAecLayerStandard
1000

1000
Property placement.3D part placement.Legend indices.Busbar
  0
LAYER
  5
12A
330
2
100
AcDbSymbolTableRecord
100
AcDbLayerTableRecord
  2
EPLAN645
 70
     0
 62
    -5
  6
Continuous
290
     0
370
     9
390
F
347
46
348
0
1001
AcAecLayerStandard
1000

1000
Property placement.3D part placement.Type designations.Busbar
  0
LAYER
  5
12B
330
2
100
AcDbSymbolTableRecord
100
AcDbLayerTableRecord
  2
EPLAN646
 70
     0
 62
     5
  6
Continuous
370
     9
390
F
347
46
348
0
1001
AcAecLayerStandard
1000

1000
Property placement.Model view.Part numbers.Busbar
  0
LAYER
  5
12C
330
2
100
AcDbSymbolTableRecord
100
AcDbLayerTableRecord
  2
EPLAN647
 70
     0
 62
     5
  6
Continuous
370
     9
390
F
347
46
348
0
1001
AcAecLayerStandard
1000

1000
Property placement.Model view.DT.Busbar
  0
LAYER
  5
12D
330
2
100
AcDbSymbolTableRecord
100
AcDbLayerTableRecord
  2
EPLAN648
 70
     0
 62
     5
  6
Continuous
370
     9
390
F
347
46
348
0
1001
AcAecLayerStandard
1000

1000
Property placement.Model view.Item designation.Busbar
  0
LAYER
  5
12E
330
2
100
AcDbSymbolTableRecord
100
AcDbLayerTableRecord
  2
EPLAN649
 70
     0
 62
     5
  6
Continuous
370
     9
390
F
347
46
348
0
1001
AcAecLayerStandard
1000

1000
Property placement.Model view.Legend indices.Busbar
  0
LAYER
  5
12F
330
2
100
AcDbSymbolTableRecord
100
AcDbLayerTableRecord
  2
EPLAN650
 70
     0
 62
     5
  6
Continuous
370
     9
390
F
347
46
348
0
1001
AcAecLayerStandard
1000

1000
Property placement.Model view.Type designations.Busbar
  0
LAYER
  5
130
330
2
100
AcDbSymbolTableRecord
100
AcDbLayerTableRecord
  2
EPLAN651
 70
     0
 62
     7
  6
Continuous
370
     5
390
F
347
46
348
0
1001
AcAecLayerStandard
1000

1000
Graphic.Unfold
  0
LAYER
  5
131
330
2
100
AcDbSymbolTableRecord
100
AcDbLayerTableRecord
  2
EPLAN652
 70
     0
 62
     7
  6
EPL_DASHDOT
370
     5
390
F
347
46
348
0
1001
AcAecLayerStandard
1000

1000
Graphic.Unfold.Bending line
  0
LAYER
  5
133
330
2
100
AcDbSymbolTableRecord
100
AcDbLayerTableRecord
  2
EPLAN653
 70
     0
 62
     7
  6
EPL_DOT
370
     5
390
F
347
46
348
0
1001
AcAecLayerStandard
1000

1000
Graphic.Unfold.Bending extent
  0
LAYER
  5
134
330
2
100
AcDbSymbolTableRecord
100
AcDbLayerTableRecord
  2
EPLAN654
 70
     0
 62
     7
  6
Continuous
370
     5
390
F
347
46
348
0
1001
AcAecLayerStandard
1000

1000
Graphic.Unfold.Bending note
  0
LAYER
  5
135
330
2
100
AcDbSymbolTableRecord
100
AcDbLayerTableRecord
  2
EPLAN655
 70
     0
 62
     7
  6
Continuous
370
     5
390
F
347
46
348
0
1001
AcAecLayerStandard
1000

1000
Property placement.Unfold
  0
LAYER
  5
136
330
2
100
AcDbSymbolTableRecord
100
AcDbLayerTableRecord
  2
EPLAN656
 70
     0
 62
     7
  6
EPL_DASHDOT
370
     5
390
F
347
46
348
0
1001
AcAecLayerStandard
1000

1000
Graphic.Unfold.Auxiliary line
  0
LAYER
  5
137
330
2
100
AcDbSymbolTableRecord
100
AcDbLayerTableRecord
  2
EPLAN657
 70
     0
 62
     7
  6
Continuous
370
     5
390
F
347
46
348
0
1001
AcAecLayerStandard
1000

1000
Graphic.Unfold.Copper
  0
LAYER
  5
138
330
2
100
AcDbSymbolTableRecord
100
AcDbLayerTableRecord
  2
EPLAN660
 70
     0
 62
     1
  6
Continuous
370
    13
390
F
347
46
348
0
1001
AcAecLayerStandard
1000

1000
3D graphic.Cut-outs.Hole
  0
LAYER
  5
139
330
2
100
AcDbSymbolTableRecord
100
AcDbLayerTableRecord
  2
EPLAN661
 70
     0
 62
    30
  6
Continuous
370
    13
390
F
347
46
348
0
1001
AcAecLayerStandard
1000

1000
3D graphic.Cut-outs.Threaded hole
  0
LAYER
  5
13A
330
2
100
AcDbSymbolTableRecord
100
AcDbLayerTableRecord
  2
EPLAN662
 70
     0
 62
     1
  6
Continuous
370
    13
390
F
347
46
348
0
1001
AcAecLayerStandard
1000

1000
3D graphic.Cut-outs.Default outline
  0
LAYER
  5
13B
330
2
100
AcDbSymbolTableRecord
100
AcDbLayerTableRecord
  2
EPLAN663
 70
     0
 62
     1
  6
Continuous
370
    13
390
F
347
46
348
0
1001
AcAecLayerStandard
1000

1000
3D graphic.Cut-outs.User-defined outline
  0
LAYER
  5
13C
330
2
100
AcDbSymbolTableRecord
100
AcDbLayerTableRecord
  2
EPLAN664
 70
     0
 62
     1
  6
Continuous
370
    13
390
F
347
46
348
0
1001
AcAecLayerStandard
1000

1000
3D graphic.Cut-outs.Field size
  0
LAYER
  5
13D
330
2
100
AcDbSymbolTableRecord
100
AcDbLayerTableRecord
  2
EPLAN665
 70
     0
 62
     4
  6
Continuous
370
    13
390
F
347
46
348
0
1001
AcAecLayerStandard
1000

1000
3D graphic.Cut-outs.Inherited cut-outs
  0
LAYER
  5
13E
330
2
100
AcDbSymbolTableRecord
100
AcDbLayerTableRecord
  2
EPLAN670
 70
     0
 62
     7
  6
Continuous
370
     9
390
F
347
46
348
0
1001
AcAecLayerStandard
1000

1000
Graphic.Drilling template.Field
  0
LAYER
  5
13F
330
2
100
AcDbSymbolTableRecord
100
AcDbLayerTableRecord
  2
EPLAN671
 70
     0
 62
   140
  6
Continuous
370
     9
390
F
347
46
348
0
1001
AcAecLayerStandard
1000

1000
Graphic.Drilling template.Item
  0
LAYER
  5
140
330
2
100
AcDbSymbolTableRecord
100
AcDbLayerTableRecord
  2
EPLAN672
 70
     0
 62
    30
  6
Continuous
370
     9
390
F
347
46
348
0
1001
AcAecLayerStandard
1000

1000
Graphic.Drilling template.Machining
  0
LAYER
  5
141
330
2
100
AcDbSymbolTableRecord
100
AcDbLayerTableRecord
  2
EPLAN673
 70
     0
 62
    73
  6
Continuous
370
     9
390
F
347
46
348
0
1001
AcAecLayerStandard
1000

1000
Graphic.Drilling template.Other
  0
LAYER
  5
142
330
2
100
AcDbSymbolTableRecord
100
AcDbLayerTableRecord
  2
EPLAN675
 70
     0
 62
     7
  6
Continuous
370
     5
390
F
347
46
348
0
1001
AcAecLayerStandard
1000

1000
Graphic.Drilling view
  0
LAYER
  5
143
330
2
100
AcDbSymbolTableRecord
100
AcDbLayerTableRecord
  2
EPLAN676
 70
     0
 62
   140
  6
Continuous
370
     9
390
F
347
46
348
0
1001
AcAecLayerStandard
1000

1000
Graphic.Drilling view.Item
  0
LAYER
  5
144
330
2
100
AcDbSymbolTableRecord
100
AcDbLayerTableRecord
  2
EPLAN677
 70
     0
 62
    30
  6
Continuous
370
     9
390
F
347
46
348
0
1001
AcAecLayerStandard
1000

1000
Graphic.Drilling view.Machining
  0
LAYER
  5
145
330
2
100
AcDbSymbolTableRecord
100
AcDbLayerTableRecord
  2
EPLAN678
 70
     0
 62
     7
  6
Continuous
370
     9
390
F
347
46
348
0
1001
AcAecLayerStandard
1000

1000
Graphic.Drilling view.Mounting surface
  0
LAYER
  5
146
330
2
100
AcDbSymbolTableRecord
100
AcDbLayerTableRecord
  2
EPLAN679
 70
     0
 62
     7
  6
Continuous
370
     5
390
F
347
46
348
0
1001
AcAecLayerStandard
1000

1000
Property placement.Drilling view
  0
LAYER
  5
147
330
2
100
AcDbSymbolTableRecord
100
AcDbLayerTableRecord
  2
EPLAN680
 70
     0
 62
   153
  6
Continuous
370
    13
390
F
347
46
348
0
1001
AcAecLayerStandard
1000

1000
3D graphic.Connections.Routed connections
  0
LAYER
  5
148
330
2
100
AcDbSymbolTableRecord
100
AcDbLayerTableRecord
  2
EPLAN681
 70
     0
 62
    13
  6
Continuous
370
    13
390
F
347
46
348
0
1001
AcAecLayerStandard
1000

1000
3D graphic.Connections.Unrouted connections
  0
LAYER
  5
149
330
2
100
AcDbSymbolTableRecord
100
AcDbLayerTableRecord
  2
EPLAN682
 70
     0
 62
     1
  6
Continuous
370
    13
390
F
347
46
348
0
1001
AcAecLayerStandard
1000

1000
3D graphic.Connection points
  0
LAYER
  5
14A
330
2
100
AcDbSymbolTableRecord
100
AcDbLayerTableRecord
  2
EPLAN684
 70
     0
 62
     5
  6
Continuous
370
    13
390
F
347
46
348
0
1001
AcAecLayerStandard
1000

1000
3D graphic.Connections.Routing path
  0
LAYER
  5
14B
330
2
100
AcDbSymbolTableRecord
100
AcDbLayerTableRecord
  2
EPLAN685
 70
     0
 62
     1
  6
Continuous
370
    13
390
F
347
46
348
0
1001
AcAecLayerStandard
1000

1000
3D graphic.Connections.Routing range
  0
LAYER
  5
14C
330
2
100
AcDbSymbolTableRecord
100
AcDbLayerTableRecord
  2
EPLAN686
 70
     0
 62
    13
  6
Continuous
370
    13
390
F
347
46
348
0
1001
AcAecLayerStandard
1000

1000
3D graphic.Connections.Wiring cut-out
  0
LAYER
  5
14D
330
2
100
AcDbSymbolTableRecord
100
AcDbLayerTableRecord
  2
EPLAN687
 70
     0
 62
   255
  6
Continuous
370
    13
390
F
347
46
348
0
1001
AcAecLayerStandard
1000

1000
3D graphic.Connections.Modification points
  0
LAYER
  5
14E
330
2
100
AcDbSymbolTableRecord
100
AcDbLayerTableRecord
  2
EPLAN688
 70
     0
 62
     5
  6
Continuous
370
    13
390
F
347
46
348
0
1001
AcAecLayerStandard
1000

1000
3D graphic.Connections.Transfer point
  0
LAYER
  5
14F
330
2
100
AcDbSymbolTableRecord
100
AcDbLayerTableRecord
  2
EPLAN690
 70
     0
 62
     7
  6
Continuous
370
    13
390
F
347
46
348
0
1001
AcAecLayerStandard
1000

1000
3D graphic.Line
  0
LAYER
  5
150
330
2
100
AcDbSymbolTableRecord
100
AcDbLayerTableRecord
  2
EPLAN691
 70
     0
 62
    30
  6
Continuous
370
     9
390
F
347
46
348
0
1001
AcAecLayerStandard
1000

1000
Graphic.Drilling template.Machining.Drill hole
  0
LAYER
  5
151
330
2
100
AcDbSymbolTableRecord
100
AcDbLayerTableRecord
  2
EPLAN692
 70
     0
 62
    30
  6
Continuous
370
     9
390
F
347
46
348
0
1001
AcAecLayerStandard
1000

1000
Graphic.Drilling template.Machining.Thread
  0
LAYER
  5
152
330
2
100
AcDbSymbolTableRecord
100
AcDbLayerTableRecord
  2
EPLAN693
 70
     0
 62
    30
  6
Continuous
370
     9
390
F
347
46
348
0
1001
AcAecLayerStandard
1000

1000
Graphic.Drilling template.Machining.Default outline
  0
LAYER
  5
153
330
2
100
AcDbSymbolTableRecord
100
AcDbLayerTableRecord
  2
EPLAN694
 70
     0
 62
    30
  6
Continuous
370
     9
390
F
347
46
348
0
1001
AcAecLayerStandard
1000

1000
Graphic.Drilling template.Machining.User-defined outline
  0
LAYER
  5
154
330
2
100
AcDbSymbolTableRecord
100
AcDbLayerTableRecord
  2
EPLAN700
 70
     0
 62
    12
  6
Continuous
370
    13
390
F
347
46
348
0
1001
AcAecLayerStandard
1000

1000
Symbol graphic.Topology.Routing path
  0
LAYER
  5
155
330
2
100
AcDbSymbolTableRecord
100
AcDbLayerTableRecord
  2
EPLAN701
 70
     0
 62
    12
  6
Continuous
370
    13
390
F
347
46
348
0
1001
AcAecLayerStandard
1000

1000
Symbol graphic.Topology.Routing point
  0
LAYER
  5
156
330
2
100
AcDbSymbolTableRecord
100
AcDbLayerTableRecord
  2
EPLAN703
 70
     0
 62
    30
  6
Continuous
370
     5
390
F
347
46
348
0
1001
AcAecLayerStandard
1000

1000
Symbol graphic.Topology.Connection.Not routed (direct line)
  0
LAYER
  5
157
330
2
100
AcDbSymbolTableRecord
100
AcDbLayerTableRecord
  2
EPLAN704
 70
     0
 62
     6
  6
Continuous
370
    13
390
F
347
46
348
0
1001
AcAecLayerStandard
1000

1000
Symbol graphic.Topology.Connection.routed
  0
LAYER
  5
158
330
2
100
AcDbSymbolTableRecord
100
AcDbLayerTableRecord
  2
EPLAN705
 70
     0
 62
     9
  6
Continuous
370
     5
390
F
347
46
348
0
1001
AcAecLayerStandard
1000

1000
Graphic.Wallpaper
  0
LAYER
  5
159
330
2
100
AcDbSymbolTableRecord
100
AcDbLayerTableRecord
  2
EPLAN706
 70
     0
 62
     5
  6
Continuous
370
     5
390
F
347
46
348
0
1001
AcAecLayerStandard
1000

1000
Symbol graphic.Topology.Function
  0
LAYER
  5
15A
330
2
100
AcDbSymbolTableRecord
100
AcDbLayerTableRecord
  2
EPLAN707
 70
     0
 62
    30
  6
Continuous
370
     9
390
F
347
46
348
0
1001
AcAecLayerStandard
1000

1000
Symbol graphic.Topology.Routing path automatic
  0
LAYER
  5
15B
330
2
100
AcDbSymbolTableRecord
100
AcDbLayerTableRecord
  2
EPLAN710
 70
     0
 62
     5
  6
Continuous
370
     9
390
F
347
46
348
0
1001
AcAecLayerStandard
1000

1000
Property placement.Topology.Routing path.DT
  0
LAYER
  5
15C
330
2
100
AcDbSymbolTableRecord
100
AcDbLayerTableRecord
  2
EPLAN711
 70
     0
 62
     5
  6
Continuous
370
     9
390
F
347
46
348
0
1001
AcAecLayerStandard
1000

1000
Property placement.Topology.Routing point.DT
  0
LAYER
  5
15D
330
2
100
AcDbSymbolTableRecord
100
AcDbLayerTableRecord
  2
EPLAN712
 70
     0
 62
     5
  6
Continuous
370
     9
390
F
347
46
348
0
1001
AcAecLayerStandard
1000

1000
Property placement.Topology.Targets.DT
  0
LAYER
  5
15E
330
2
100
AcDbSymbolTableRecord
100
AcDbLayerTableRecord
  2
EPLAN713
 70
     0
 62
     5
  6
Continuous
370
     9
390
F
347
46
348
0
1001
AcAecLayerStandard
1000

1000
Property placement.Topology.Interruption point.DT
  0
LAYER
  5
15F
330
2
100
AcDbSymbolTableRecord
100
AcDbLayerTableRecord
  2
EPLAN714
 70
     0
 62
     7
  6
Continuous
370
     9
390
F
347
46
348
0
1001
AcAecLayerStandard
1000

1000
Property placement.Topology.Routing path.Describing block
  0
LAYER
  5
160
330
2
100
AcDbSymbolTableRecord
100
AcDbLayerTableRecord
  2
EPLAN715
 70
     0
 62
     7
  6
Continuous
370
     9
390
F
347
46
348
0
1001
AcAecLayerStandard
1000

1000
Property placement.Topology.Routing point.Describing block
  0
LAYER
  5
161
330
2
100
AcDbSymbolTableRecord
100
AcDbLayerTableRecord
  2
EPLAN716
 70
     0
 62
    -5
  6
Continuous
290
     0
370
     9
390
F
347
46
348
0
1001
AcAecLayerStandard
1000

1000
Property placement.Topology.Routing path automatic.DT
  0
LAYER
  5
162
330
2
100
AcDbSymbolTableRecord
100
AcDbLayerTableRecord
  2
EPLAN720
 70
     0
 62
     5
  6
Continuous
370
     9
390
F
347
46
348
0
1001
AcAecLayerStandard
1000

1000
Property placement.Pre-planning
  0
LAYER
  5
163
330
2
100
AcDbSymbolTableRecord
100
AcDbLayerTableRecord
  2
EPLAN721
 70
     0
 62
     5
  6
Continuous
370
     9
390
F
347
46
348
0
1001
AcAecLayerStandard
1000

1000
Property placement.Pre-planning.Designation
  0
LAYER
  5
164
330
2
100
AcDbSymbolTableRecord
100
AcDbLayerTableRecord
  2
EPLAN722
 70
     0
 62
    -7
  6
Continuous
290
     0
370
     9
390
F
347
46
348
0
1001
AcAecLayerStandard
1000

1000
Property placement.Pre-planning.Description
  0
LAYER
  5
165
330
2
100
AcDbSymbolTableRecord
100
AcDbLayerTableRecord
  2
EPLAN723
 70
     0
 62
     5
  6
Continuous
370
     9
390
F
347
46
348
0
1001
AcAecLayerStandard
1000

1000
Property placement.Pre-planning.Structure identifiers
  0
LAYER
  5
166
330
2
100
AcDbSymbolTableRecord
100
AcDbLayerTableRecord
  2
EPLAN724
 70
     0
 62
   134
  6
EPL_DASHDOT
370
     5
390
F
347
46
348
0
1001
AcAecLayerStandard
1000

1000
Symbol graphic.Pre-planning.Structure segment
  0
LAYER
  5
167
330
2
100
AcDbSymbolTableRecord
100
AcDbLayerTableRecord
  2
EPLAN725
 70
     0
 62
     5
  6
EPL_DASH
370
     5
390
F
347
46
348
0
1001
AcAecLayerStandard
1000

1000
Symbol graphic.Pre-planning.Planning object
  0
LAYER
  5
168
330
2
100
AcDbSymbolTableRecord
100
AcDbLayerTableRecord
  2
EPLAN726
 70
     0
 62
     7
  6
Continuous
370
     9
390
F
347
46
348
0
1001
AcAecLayerStandard
1000

1000
Property placement.Pre-planning.P&ID
  0
LAYER
  5
169
330
2
100
AcDbSymbolTableRecord
100
AcDbLayerTableRecord
  2
EPLAN750
 70
     0
 62
     1
  6
Continuous
370
    35
390
F
347
46
348
0
1001
AcAecLayerStandard
1000

1000
Symbol graphic.Connection symbols.Autoconnecting.P&ID.Oil-containing vapor
  0
LAYER
  5
16A
330
2
100
AcDbSymbolTableRecord
100
AcDbLayerTableRecord
  2
EPLAN751
 70
     0
 62
     3
  6
Continuous
370
    13
390
F
347
46
348
0
1001
AcAecLayerStandard
1000

1000
Symbol graphic.Connection symbols.Autoconnecting.P&ID.Oil-containing water
  0
LAYER
  5
16B
330
2
100
AcDbSymbolTableRecord
100
AcDbLayerTableRecord
  2
EPLAN752
 70
     0
 62
     3
  6
Continuous
370
     5
390
F
347
46
348
0
1001
AcAecLayerStandard
1000

1000
Symbol graphic.Connection symbols.Autoconnecting.P&ID.Raw water
  0
LAYER
  5
16C
330
2
100
AcDbSymbolTableRecord
100
AcDbLayerTableRecord
  2
EPLAN753
 70
     0
 62
     3
  6
Continuous
370
    13
390
F
347
46
348
0
1001
AcAecLayerStandard
1000

1000
Symbol graphic.Connection symbols.Autoconnecting.P&ID.Waste water
  0
LAYER
  5
16D
330
2
100
AcDbSymbolTableRecord
100
AcDbLayerTableRecord
  2
EPLAN754
 70
     0
 62
     6
  6
Continuous
370
     5
390
F
347
46
348
0
1001
AcAecLayerStandard
1000

1000
Symbol graphic.Connection symbols.Autoconnecting.P&ID.Solutions, chemicals (alkaline solution)
  0
LAYER
  5
16E
330
2
100
AcDbSymbolTableRecord
100
AcDbLayerTableRecord
  2
EPLAN755
 70
     0
 62
    30
  6
Continuous
370
     5
390
F
347
46
348
0
1001
AcAecLayerStandard
1000

1000
Symbol graphic.Connection symbols.Autoconnecting.P&ID.Solutions, chemicals (acid)
  0
LAYER
  5
16F
330
2
100
AcDbSymbolTableRecord
100
AcDbLayerTableRecord
  2
EPLAN756
 70
     0
 62
    12
  6
Continuous
370
    30
390
F
347
46
348
0
1001
AcAecLayerStandard
1000

1000
Symbol graphic.Connection symbols.Autoconnecting.P&ID.Oil
  0
LAYER
  5
170
330
2
100
AcDbSymbolTableRecord
100
AcDbLayerTableRecord
  2
EPLAN757
 70
     0
 62
     7
  6
Continuous
370
    13
390
F
347
46
348
0
1001
AcAecLayerStandard
1000

1000
Symbol graphic.Connection symbols.Autoconnecting.P&ID.Liquid metal
  0
LAYER
  5
171
330
2
100
AcDbSymbolTableRecord
100
AcDbLayerTableRecord
  2
EPLAN758
 70
     0
 62
     7
  6
Continuous
370
    35
390
F
347
46
348
0
1001
AcAecLayerStandard
1000

1000
Symbol graphic.Connection symbols.Autoconnecting.P&ID.Air
  0
LAYER
  5
172
330
2
100
AcDbSymbolTableRecord
100
AcDbLayerTableRecord
  2
EPLAN759
 70
     0
 62
    30
  6
Continuous
370
    35
390
F
347
46
348
0
1001
AcAecLayerStandard
1000

1000
Symbol graphic.Connection symbols.Autoconnecting.P&ID.Flammable gases
  0
LAYER
  5
173
330
2
100
AcDbSymbolTableRecord
100
AcDbLayerTableRecord
  2
EPLAN760
 70
     0
 62
     7
  6
Continuous
370
    53
390
F
347
46
348
0
1001
AcAecLayerStandard
1000

1000
Symbol graphic.Connection symbols.Autoconnecting.P&ID.Non-flammable gases
  0
LAYER
  5
174
330
2
100
AcDbSymbolTableRecord
100
AcDbLayerTableRecord
  2
EPLAN761
 70
     0
 62
     6
  6
Continuous
370
    53
390
F
347
46
348
0
1001
AcAecLayerStandard
1000

1000
Symbol graphic.Connection symbols.Autoconnecting.P&ID.Solid fuels
  0
LAYER
  5
175
330
2
100
AcDbSymbolTableRecord
100
AcDbLayerTableRecord
  2
EPLAN762
 70
     0
 62
    12
  6
Continuous
370
    30
390
F
347
46
348
0
1001
AcAecLayerStandard
1000

1000
Symbol graphic.Connection symbols.Autoconnecting.P&ID.Flammable waste (oil sludge)
  0
LAYER
  5
176
330
2
100
AcDbSymbolTableRecord
100
AcDbLayerTableRecord
  2
EPLAN763
 70
     0
 62
     7
  6
Continuous
370
     5
390
F
347
46
348
0
1001
AcAecLayerStandard
1000

1000
Symbol graphic.Connection symbols.Autoconnecting.P&ID.Other identifier
  0
LAYER
  5
177
330
2
100
AcDbSymbolTableRecord
100
AcDbLayerTableRecord
  2
EPLAN764
 70
     0
 62
     7
  6
Continuous
370
     5
390
F
347
46
348
0
1001
AcAecLayerStandard
1000

1000
Symbol graphic.Connection symbols.Autoconnecting.P&ID.Other identifier
  0
LAYER
  5
178
330
2
100
AcDbSymbolTableRecord
100
AcDbLayerTableRecord
  2
EPLAN765
 70
     0
 62
    12
  6
Continuous
370
    30
390
F
347
46
348
0
1001
AcAecLayerStandard
1000

1000
Symbol graphic.Connection symbols.Autoconnecting.P&ID.Oil emulsion
  0
LAYER
  5
179
330
2
100
AcDbSymbolTableRecord
100
AcDbLayerTableRecord
  2
EPLAN766
 70
     0
 62
     7
  6
Continuous
370
    53
390
F
347
46
348
0
1001
AcAecLayerStandard
1000

1000
Symbol graphic.Connection symbols.Autoconnecting.P&ID.Other substances
  0
LAYER
  5
17A
330
2
100
AcDbSymbolTableRecord
100
AcDbLayerTableRecord
  2
EPLAN767
 70
     0
 62
     7
  6
Continuous
370
    53
390
F
347
46
348
0
1001
AcAecLayerStandard
1000

1000
Symbol graphic.Connection symbols.Autoconnecting.P&ID.Limestone
  0
LAYER
  5
17B
330
2
100
AcDbSymbolTableRecord
100
AcDbLayerTableRecord
  2
EPLAN768
 70
     0
 62
     7
  6
Continuous
370
     5
390
F
347
46
348
0
1001
AcAecLayerStandard
1000

1000
Symbol graphic.Connection symbols.Autoconnecting.P&ID.Oxygen
  0
LAYER
  5
17C
330
2
100
AcDbSymbolTableRecord
100
AcDbLayerTableRecord
  2
EPLAN769
 70
     0
 62
    30
  6
Continuous
370
     5
390
F
347
46
348
0
1001
AcAecLayerStandard
1000

1000
Symbol graphic.Connection symbols.Autoconnecting.P&ID.Hydrogen
  0
LAYER
  5
17D
330
2
100
AcDbSymbolTableRecord
100
AcDbLayerTableRecord
  2
EPLAN770
 70
     0
 62
     7
  6
Continuous
370
     5
390
F
347
46
348
0
1001
AcAecLayerStandard
1000

1000
Symbol graphic.Connection symbols.Autoconnecting.P&ID.Nitrogen
  0
LAYER
  5
17E
330
2
100
AcDbSymbolTableRecord
100
AcDbLayerTableRecord
  2
EPLAN771
 70
     0
 62
     7
  6
Continuous
370
     5
390
F
347
46
348
0
1001
AcAecLayerStandard
1000

1000
Symbol graphic.Connection symbols.Autoconnecting.P&ID.Undefined signal
  0
LAYER
  5
17F
330
2
100
AcDbSymbolTableRecord
100
AcDbLayerTableRecord
  2
EPLAN772
 70
     0
 62
     7
  6
Continuous
370
     5
390
F
347
46
348
0
1001
AcAecLayerStandard
1000

1000
Symbol graphic.Connection symbols.Autoconnecting.P&ID.Pneumatic signal
  0
LAYER
  5
180
330
2
100
AcDbSymbolTableRecord
100
AcDbLayerTableRecord
  2
EPLAN773
 70
     0
 62
     7
  6
Continuous
370
     5
390
F
347
46
348
0
1001
AcAecLayerStandard
1000

1000
Symbol graphic.Connection symbols.Autoconnecting.P&ID.Hydraulic signal
  0
LAYER
  5
181
330
2
100
AcDbSymbolTableRecord
100
AcDbLayerTableRecord
  2
EPLAN774
 70
     0
 62
     7
  6
Continuous
370
     5
390
F
347
46
348
0
1001
AcAecLayerStandard
1000

1000
Symbol graphic.Connection symbols.Autoconnecting.P&ID.Capillary hose
  0
LAYER
  5
182
330
2
100
AcDbSymbolTableRecord
100
AcDbLayerTableRecord
  2
EPLAN775
 70
     0
 62
     7
  6
Continuous
370
     5
390
F
347
46
348
0
1001
AcAecLayerStandard
1000

1000
Symbol graphic.Connection symbols.Autoconnecting.P&ID.Electromagnetic signal
  0
LAYER
  5
183
330
2
100
AcDbSymbolTableRecord
100
AcDbLayerTableRecord
  2
EPLAN776
 70
     0
 62
     7
  6
Continuous
370
     5
390
F
347
46
348
0
1001
AcAecLayerStandard
1000

1000
Symbol graphic.Connection symbols.Autoconnecting.P&ID.Wireless signal
  0
LAYER
  5
184
330
2
100
AcDbSymbolTableRecord
100
AcDbLayerTableRecord
  2
EPLAN777
 70
     0
 62
     7
  6
Continuous
370
     5
390
F
347
46
348
0
1001
AcAecLayerStandard
1000

1000
Symbol graphic.Connection symbols.Autoconnecting.P&ID.Wireless communication
  0
LAYER
  5
185
330
2
100
AcDbSymbolTableRecord
100
AcDbLayerTableRecord
  2
EPLAN778
 70
     0
 62
     7
  6
Continuous
370
     5
390
F
347
46
348
0
1001
AcAecLayerStandard
1000

1000
Symbol graphic.Connection symbols.Autoconnecting.P&ID.Bus signal
  0
LAYER
  5
186
330
2
100
AcDbSymbolTableRecord
100
AcDbLayerTableRecord
  2
EPLAN779
 70
     0
 62
     7
  6
Continuous
370
     5
390
F
347
46
348
0
1001
AcAecLayerStandard
1000

1000
Symbol graphic.Connection symbols.Autoconnecting.P&ID.Bus signal between independent systems
  0
LAYER
  5
187
330
2
100
AcDbSymbolTableRecord
100
AcDbLayerTableRecord
  2
EPLAN780
 70
     0
 62
     7
  6
Continuous
370
     5
390
F
347
46
348
0
1001
AcAecLayerStandard
1000

1000
Symbol graphic.Connection symbols.Autoconnecting.P&ID.Bus signal via fieldbus
  0
LAYER
  5
188
330
2
100
AcDbSymbolTableRecord
100
AcDbLayerTableRecord
  2
EPLAN781
 70
     0
 62
     7
  6
Continuous
370
     5
390
F
347
46
348
0
1001
AcAecLayerStandard
1000

1000
Symbol graphic.Connection symbols.Autoconnecting.P&ID.Setting and calibration signal
  0
LAYER
  5
189
330
2
100
AcDbSymbolTableRecord
100
AcDbLayerTableRecord
  2
EPLAN782
 70
     0
 62
     7
  6
Continuous
370
     5
390
F
347
46
348
0
1001
AcAecLayerStandard
1000

1000
Symbol graphic.Connection symbols.Autoconnecting.P&ID.Mechanical connection
  0
LAYER
  5
18A
330
2
100
AcDbSymbolTableRecord
100
AcDbLayerTableRecord
  2
EPLAN783
 70
     0
 62
     7
  6
Continuous
370
     5
390
F
347
46
348
0
1001
AcAecLayerStandard
1000

1000
Symbol graphic.Connection symbols.Autoconnecting.P&ID.Waved line
  0
LAYER
  5
18B
330
2
100
AcDbSymbolTableRecord
100
AcDbLayerTableRecord
  2
EPLAN784
 70
     0
 62
     7
  6
Continuous
370
    25
390
F
347
46
348
0
1001
AcAecLayerStandard
1000

1000
Symbol graphic.Connection symbols.Autoconnecting.P&ID.Grounding conductor
  0
LAYER
  5
18C
330
2
100
AcDbSymbolTableRecord
100
AcDbLayerTableRecord
  2
EPLAN785
 70
     0
 62
     7
  6
Continuous
370
    25
390
F
347
46
348
0
1001
AcAecLayerStandard
1000

1000
Symbol graphic.Connection symbols.Autoconnecting.P&ID.Grounding main conductor
  0
LAYER
  5
18D
330
2
100
AcDbSymbolTableRecord
100
AcDbLayerTableRecord
  2
EPLAN786
 70
     0
 62
     7
  6
Continuous
370
    25
390
F
347
46
348
0
1001
AcAecLayerStandard
1000

1000
Symbol graphic.Connection symbols.Autoconnecting.P&ID.Line with breakpoints
  0
LAYER
  5
18E
330
2
100
AcDbSymbolTableRecord
100
AcDbLayerTableRecord
  2
EPLAN787
 70
     0
 62
     7
  6
Continuous
370
    25
390
F
347
46
348
0
1001
AcAecLayerStandard
1000

1000
Symbol graphic.Connection symbols.Autoconnecting.P&ID.Open conductor routing
  0
LAYER
  5
18F
330
2
100
AcDbSymbolTableRecord
100
AcDbLayerTableRecord
  2
EPLAN788
 70
     0
 62
     7
  6
Continuous
370
    25
390
F
347
46
348
0
1001
AcAecLayerStandard
1000

1000
Symbol graphic.Connection symbols.Autoconnecting.P&ID.Open conductor routing overlapping
  0
LAYER
  5
190
330
2
100
AcDbSymbolTableRecord
100
AcDbLayerTableRecord
  2
EPLAN789
 70
     0
 62
     7
  6
Continuous
370
    25
390
F
347
46
348
0
1001
AcAecLayerStandard
1000

1000
Symbol graphic.Connection symbols.Autoconnecting.P&ID.Routing in cable tray
  0
LAYER
  5
191
330
2
100
AcDbSymbolTableRecord
100
AcDbLayerTableRecord
  2
EPLAN790
 70
     0
 62
     7
  6
Continuous
370
    25
390
F
347
46
348
0
1001
AcAecLayerStandard
1000

1000
Symbol graphic.Connection symbols.Autoconnecting.P&ID.Routing in cable duct
  0
LAYER
  5
192
330
2
100
AcDbSymbolTableRecord
100
AcDbLayerTableRecord
  2
EPLAN791
 70
     0
 62
     7
  6
Continuous
370
    25
390
F
347
46
348
0
1001
AcAecLayerStandard
1000

1000
Symbol graphic.Connection symbols.Autoconnecting.P&ID.Routing in baseboard
  0
LAYER
  5
193
330
2
100
AcDbSymbolTableRecord
100
AcDbLayerTableRecord
  2
EPLAN792
 70
     0
 62
     7
  6
Continuous
370
    13
390
F
347
46
348
0
1001
AcAecLayerStandard
1000

1000
Symbol graphic.Connection symbols.Autoconnecting.P&ID.Open routing in the pipe
  0
LAYER
  5
194
330
2
100
AcDbSymbolTableRecord
100
AcDbLayerTableRecord
  2
EPLAN793
 70
     0
 62
     7
  6
Continuous
370
    13
390
F
347
46
348
0
1001
AcAecLayerStandard
1000

1000
Symbol graphic.Connection symbols.Autoconnecting.P&ID.Routing in the pipe
  0
LAYER
  5
195
330
2
100
AcDbSymbolTableRecord
100
AcDbLayerTableRecord
  2
EPLAN794
 70
     0
 62
     5
  6
Continuous
370
    13
390
F
347
46
348
0
1001
AcAecLayerStandard
1000

1000
3D graphic.Connections.Curve
  0
LAYER
  5
196
330
2
100
AcDbSymbolTableRecord
100
AcDbLayerTableRecord
  2
EPLAN795
 70
     0
 62
   253
  6
Continuous
370
    13
390
F
347
46
348
0
1001
AcAecLayerStandard
1000

1000
3D graphic.Routing accessories.Cable / tubing clamp
  0
LAYER
  5
197
330
2
100
AcDbSymbolTableRecord
100
AcDbLayerTableRecord
  2
EPLAN796
 70
     0
 62
   253
  6
Continuous
370
    13
390
F
347
46
348
0
1001
AcAecLayerStandard
1000

1000
3D graphic.Routing accessories.Cable / tubing tie
  0
LAYER
  5
198
330
2
100
AcDbSymbolTableRecord
100
AcDbLayerTableRecord
  2
EPLAN797
 70
     0
 62
   253
  6
Continuous
370
    13
390
F
347
46
348
0
1001
AcAecLayerStandard
1000

1000
3D graphic.Routing accessories.Cable / tubing protection
  0
LAYER
  5
199
330
2
100
AcDbSymbolTableRecord
100
AcDbLayerTableRecord
  2
EPLAN798
 70
     0
 62
     1
  6
Continuous
370
    13
390
F
347
46
348
0
1001
AcAecLayerStandard
1000

1000
3D graphic.Connections.Default routing track
  0
LAYER
  5
19A
330
2
100
AcDbSymbolTableRecord
100
AcDbLayerTableRecord
  2
EPLAN799
 70
     0
 62
     1
  6
Continuous
370
     5
390
F
347
46
348
0
1001
AcAecLayerStandard
1000

1000
Graphic.Outline check
  0
LAYER
  5
19B
330
2
100
AcDbSymbolTableRecord
100
AcDbLayerTableRecord
  2
EPLAN800
 70
     0
 62
     9
  6
Continuous
370
    13
390
F
347
46
348
0
1001
AcAecLayerStandard
1000

1000
3D graphic.Busbars.Busbar cover
  0
LAYER
  5
19C
330
2
100
AcDbSymbolTableRecord
100
AcDbLayerTableRecord
  2
EPLAN801
 70
     0
 62
   251
  6
EPL_DASH
290
     0
370
     5
390
F
347
46
348
0
1001
AcAecLayerStandard
1000

1000
Graphic.Drilling pattern generation.Drilling pattern frame
  0
LAYER
  5
19D
330
2
100
AcDbSymbolTableRecord
100
AcDbLayerTableRecord
  2
EPLAN802
 70
     0
 62
     6
  6
Continuous
370
     5
390
F
347
46
348
0
1001
AcAecLayerStandard
1000

1000
Graphic.Drilling pattern generation.Items
  0
LAYER
  5
19E
330
2
100
AcDbSymbolTableRecord
100
AcDbLayerTableRecord
  2
EPLAN803
 70
     0
 62
     3
  6
Continuous
370
     5
390
F
347
46
348
0
1001
AcAecLayerStandard
1000

1000
Graphic.Drilling pattern generation.Drill holes
  0
LAYER
  5
19F
330
2
100
AcDbSymbolTableRecord
100
AcDbLayerTableRecord
  2
EPLAN804
 70
     0
 62
     1
  6
Continuous
370
     5
390
F
347
46
348
0
1001
AcAecLayerStandard
1000

1000
Graphic.Drilling pattern generation.Threaded holes
  0
LAYER
  5
1A0
330
2
100
AcDbSymbolTableRecord
100
AcDbLayerTableRecord
  2
EPLAN805
 70
     0
 62
     2
  6
Continuous
370
     5
390
F
347
46
348
0
1001
AcAecLayerStandard
1000

1000
Graphic.Drilling pattern generation.Outlines
  0
LAYER
  5
1A1
330
2
100
AcDbSymbolTableRecord
100
AcDbLayerTableRecord
  2
EPLAN806
 70
     0
 62
     5
  6
Continuous
370
     9
390
F
347
46
348
0
1001
AcAecLayerStandard
1000

1000
Property placement.Device tags.P&ID connection splicers / line connectors
  0
LAYER
  5
1A2
330
2
100
AcDbSymbolTableRecord
100
AcDbLayerTableRecord
  2
EPLAN807
 70
     0
 62
     5
  6
Continuous
370
     9
390
F
347
46
348
0
1001
AcAecLayerStandard
1000

1000
Property placement.Device tags.Electrical connection splicers / line connectors
  0
LAYER
  5
1A3
330
2
100
AcDbSymbolTableRecord
100
AcDbLayerTableRecord
  2
EPLAN808
 70
     0
 62
    -7
  6
Continuous
290
     0
370
     9
390
F
347
46
348
0
1001
AcAecLayerStandard
1000

1000
Property placement.P&ID connection splicers / line connectors.Connection point designations
  0
LAYER
  5
1A4
330
2
100
AcDbSymbolTableRecord
100
AcDbLayerTableRecord
  2
EPLAN809
 70
     0
 62
    -7
  6
Continuous
290
     0
370
     9
390
F
347
46
348
0
1001
AcAecLayerStandard
1000

1000
Property placement.Electrical connection splicers / line connectors.Connection point designations
  0
LAYER
  5
1A5
330
2
100
AcDbSymbolTableRecord
100
AcDbLayerTableRecord
  2
EPLAN810
 70
     0
 62
     5
  6
Continuous
370
    13
390
F
347
46
348
0
1001
AcAecLayerStandard
1000

1000
3D graphic.Thermal design.Cold airflow
  0
LAYER
  5
1A6
330
2
100
AcDbSymbolTableRecord
100
AcDbLayerTableRecord
  2
EPLAN811
 70
     0
 62
     1
  6
Continuous
370
    13
390
F
347
46
348
0
1001
AcAecLayerStandard
1000

1000
3D graphic.Thermal design.Warm airflow
  0
LAYER
  5
1A7
330
2
100
AcDbSymbolTableRecord
100
AcDbLayerTableRecord
  2
EPLAN812
 70
     0
 62
   131
  6
Continuous
370
    13
390
F
347
46
348
0
1001
AcAecLayerStandard
1000

1000
3D graphic.Thermal design.Power dissipation density very low
  0
LAYER
  5
1A8
330
2
100
AcDbSymbolTableRecord
100
AcDbLayerTableRecord
  2
EPLAN813
 70
     0
 62
    40
  6
Continuous
370
    13
390
F
347
46
348
0
1001
AcAecLayerStandard
1000

1000
3D graphic.Thermal design.Power dissipation density low
  0
LAYER
  5
1A9
330
2
100
AcDbSymbolTableRecord
100
AcDbLayerTableRecord
  2
EPLAN814
 70
     0
 62
    30
  6
Continuous
370
    13
390
F
347
46
348
0
1001
AcAecLayerStandard
1000

1000
3D graphic.Thermal design.Power dissipation density medium
  0
LAYER
  5
1AA
330
2
100
AcDbSymbolTableRecord
100
AcDbLayerTableRecord
  2
EPLAN815
 70
     0
 62
    20
  6
Continuous
370
    13
390
F
347
46
348
0
1001
AcAecLayerStandard
1000

1000
3D graphic.Thermal design.Power dissipation density high
  0
LAYER
  5
1AB
330
2
100
AcDbSymbolTableRecord
100
AcDbLayerTableRecord
  2
EPLAN816
 70
     0
 62
    10
  6
Continuous
370
    13
390
F
347
46
348
0
1001
AcAecLayerStandard
1000

1000
3D graphic.Thermal design.Power dissipation density very high
  0
LAYER
  5
1AC
330
2
100
AcDbSymbolTableRecord
100
AcDbLayerTableRecord
  2
EPLAN817
 70
     0
 62
   150
  6
Continuous
370
    13
390
F
347
46
348
0
1001
AcAecLayerStandard
1000

1000
3D graphic.Thermal design.Optimally air-conditioned area
  0
LAYER
  5
1AD
330
2
100
AcDbSymbolTableRecord
100
AcDbLayerTableRecord
  2
EPLAN818
 70
     0
 62
     6
  6
Continuous
370
    13
390
F
347
46
348
0
1001
AcAecLayerStandard
1000

1000
3D graphic.Thermal design.Airflow-specific reserved area
  0
LAYER
  5
1AE
330
2
100
AcDbSymbolTableRecord
100
AcDbLayerTableRecord
  2
EPLAN819
 70
     0
 62
     7
  6
Continuous
370
    50
390
F
347
46
348
0
1001
AcAecLayerStandard
1000

1000
Symbol graphic.Connection symbols.Autoconnecting.P&ID.EN1861.Piping, general
  0
LAYER
  5
1AF
330
2
100
AcDbSymbolTableRecord
100
AcDbLayerTableRecord
  2
EPLAN820
 70
     0
 62
     7
  6
Continuous
370
    25
390
F
347
46
348
0
1001
AcAecLayerStandard
1000

1000
Symbol graphic.Connection symbols.Autoconnecting.P&ID.EN1861.Refrigerant main circuit 
  0
LAYER
  5
1B0
330
2
100
AcDbSymbolTableRecord
100
AcDbLayerTableRecord
  2
EPLAN821
 70
     0
 62
     7
  6
Continuous
370
    13
390
F
347
46
348
0
1001
AcAecLayerStandard
1000

1000
Symbol graphic.Connection symbols.Autoconnecting.P&ID.EN1861.Refrigerant secondary circuit 
  0
LAYER
  5
1B1
330
2
100
AcDbSymbolTableRecord
100
AcDbLayerTableRecord
  2
EPLAN822
 70
     0
 62
     7
  6
EPL_DASHDOT
370
    25
390
F
347
46
348
0
1001
AcAecLayerStandard
1000

1000
Symbol graphic.Connection symbols.Autoconnecting.P&ID.EN1861.Solutions
  0
LAYER
  5
1B2
330
2
100
AcDbSymbolTableRecord
100
AcDbLayerTableRecord
  2
EPLAN823
 70
     0
 62
     7
  6
EPL_DASH2
370
    13
390
F
347
46
348
0
1001
AcAecLayerStandard
1000

1000
Symbol graphic.Connection symbols.Autoconnecting.P&ID.EN1861.Cooling water
  0
LAYER
  5
1B3
330
2
100
AcDbSymbolTableRecord
100
AcDbLayerTableRecord
  2
EPLAN824
 70
     0
 62
     7
  6
EPL_DASHDOT
370
     5
390
F
347
46
348
0
1001
AcAecLayerStandard
1000

1000
Symbol graphic.Connection symbols.Autoconnecting.P&ID.EN1861.Other substances
  0
LAYER
  5
1B4
330
2
100
AcDbSymbolTableRecord
100
AcDbLayerTableRecord
  2
EPLAN825
 70
     0
 62
     7
  6
Continuous
370
    25
390
F
347
46
348
0
1001
AcAecLayerStandard
1000

1000
Symbol graphic.Connection symbols.Autoconnecting.P&ID.EN1861.Cooling or heating substance
  0
LAYER
  5
1B5
330
2
100
AcDbSymbolTableRecord
100
AcDbLayerTableRecord
  2
EPLAN826
 70
     0
 62
    -7
  6
Continuous
290
     0
370
     9
390
F
347
46
348
0
1001
AcAecLayerStandard
1000

1000
Property placement.Connection point designations.P&ID
  0
LAYER
  5
1B6
330
2
100
AcDbSymbolTableRecord
100
AcDbLayerTableRecord
  2
EPLAN827
 70
     0
 62
    -5
  6
Continuous
290
     0
370
     9
390
F
347
46
348
0
1001
AcAecLayerStandard
1000

1000
Property placement.Connection point descriptions.P&ID
  0
LAYER
  5
1B7
330
2
100
AcDbSymbolTableRecord
100
AcDbLayerTableRecord
  2
EPLAN828
 70
     0
 62
     7
  6
Continuous
370
    50
390
F
347
46
348
0
1001
AcAecLayerStandard
1000

1000
Symbol graphic.Connection symbols.Autoconnecting.P&ID.EN1861.Piping thermally insulated
  0
LAYER
  5
1B8
330
2
100
AcDbSymbolTableRecord
100
AcDbLayerTableRecord
  2
EPLAN829
 70
     0
 62
     7
  6
Continuous
370
    35
390
F
347
46
348
0
1001
AcAecLayerStandard
1000

1000
Symbol graphic.Connection symbols.Autoconnecting.P&ID.EN1861.Piping, heated or cooled
  0
LAYER
  5
1B9
330
2
100
AcDbSymbolTableRecord
100
AcDbLayerTableRecord
  2
EPLAN830
 70
     0
 62
     7
  6
Continuous
370
    50
390
F
347
46
348
0
1001
AcAecLayerStandard
1000

1000
Symbol graphic.Connection symbols.Autoconnecting.P&ID.EN1861.Piping, heated or cooled and thermally insulated
  0
LAYER
  5
1BA
330
2
100
AcDbSymbolTableRecord
100
AcDbLayerTableRecord
  2
EPLAN831
 70
     0
 62
     7
  6
Continuous
370
    25
390
F
347
46
348
0
1001
AcAecLayerStandard
1000

1000
Symbol graphic.Connection symbols.Autoconnecting.P&ID.EN1861.Action line, general
  0
LAYER
  5
1BB
330
2
100
AcDbSymbolTableRecord
100
AcDbLayerTableRecord
  2
EPLAN832
 70
     0
 62
    73
  6
Continuous
370
     9
390
F
347
46
348
0
1001
AcAecLayerStandard
1000

1000
Property placement.Cross-references.P&ID
  0
LAYER
  5
1BC
330
2
100
AcDbSymbolTableRecord
100
AcDbLayerTableRecord
  2
AM_0
 70
     0
 62
     7
  6
Continuous
370
    13
390
F
347
46
348
0
1001
AcAecLayerStandard
1000

1000
DXF / DWG import
  0
LAYER
  5
1BD
330
2
100
AcDbSymbolTableRecord
100
AcDbLayerTableRecord
  2
AM_7
 70
     0
 62
     7
  6
Continuous
370
     5
390
F
347
46
348
0
1001
AcAecLayerStandard
1000

1000
DXF / DWG import
  0
LAYER
  5
1BE
330
2
100
AcDbSymbolTableRecord
100
AcDbLayerTableRecord
  2
AM_6
 70
     0
 62
    -2
  6
Continuous
370
     9
390
F
347
46
348
0
1001
AcAecLayerStandard
1000

1000
DXF / DWG import
  0
LAYER
  5
1BF
330
2
100
AcDbSymbolTableRecord
100
AcDbLayerTableRecord
  2
AM_9
 70
     0
 62
     6
  6
Continuous
370
     5
390
F
347
46
348
0
1001
AcAecLayerStandard
1000

1000
DXF / DWG import
  0
LAYER
  5
1C0
330
2
100
AcDbSymbolTableRecord
100
AcDbLayerTableRecord
  2
AM_4
 70
     0
 62
     3
  6
Continuous
370
     5
390
F
347
46
348
0
1001
AcAecLayerStandard
1000

1000
DXF / DWG import
  0
LAYER
  5
1C1
330
2
100
AcDbSymbolTableRecord
100
AcDbLayerTableRecord
  2
0_1
 70
     0
 62
     7
  6
Continuous
370
     5
390
F
347
46
348
0
1001
AcAecLayerStandard
1000

1000
DXF / DWG import
  0
LAYER
  5
1C2
330
2
100
AcDbSymbolTableRecord
100
AcDbLayerTableRecord
  2
AM_9_1
 70
     0
 62
    -6
  6
Continuous
370
     5
390
F
347
46
348
0
1001
AcAecLayerStandard
1000

1000
DXF / DWG import
  0
LAYER
  5
1C3
330
2
100
AcDbSymbolTableRecord
100
AcDbLayerTableRecord
  2
AM_4_1
 70
     0
 62
    -3
  6
Continuous
370
     5
390
F
347
46
348
0
1001
AcAecLayerStandard
1000

1000
DXF / DWG import
  0
LAYER
  5
1C4
330
2
100
AcDbSymbolTableRecord
100
AcDbLayerTableRecord
  2
AM_7_1
 70
     0
 62
    -7
  6
Continuous
370
     5
390
F
347
46
348
0
1001
AcAecLayerStandard
1000

1000
DXF / DWG import
  0
LAYER
  5
1C5
330
2
100
AcDbSymbolTableRecord
100
AcDbLayerTableRecord
  2
AM_5_1
 70
     0
 62
    -3
  6
Continuous
370
     5
390
F
347
46
348
0
1001
AcAecLayerStandard
1000

1000
DXF / DWG import
  0
LAYER
  5
1C6
330
2
100
AcDbSymbolTableRecord
100
AcDbLayerTableRecord
  2
AM_5
 70
     0
 62
     3
  6
Continuous
370
     5
390
F
347
46
348
0
1001
AcAecLayerStandard
1000

1000
DXF / DWG import
  0
LAYER
  5
1C7
330
2
100
AcDbSymbolTableRecord
100
AcDbLayerTableRecord
  2
MAIN-2
 70
     0
 62
     7
  6
Continuous
370
     5
390
F
347
46
348
0
1001
AcAecLayerStandard
1000

1000
DXF / DWG import
  0
LAYER
  5
1C8
330
2
100
AcDbSymbolTableRecord
100
AcDbLayerTableRecord
  2
MAIN-1
 70
     0
 62
     7
  6
Continuous
370
     5
390
F
347
46
348
0
1001
AcAecLayerStandard
1000

1000
DXF / DWG import
  0
LAYER
  5
1C9
330
2
100
AcDbSymbolTableRecord
100
AcDbLayerTableRecord
  2
DEFAULT_1
 70
     0
 62
     7
  6
Continuous
370
     5
390
F
347
46
348
0
1001
AcAecLayerStandard
1000

1000
DXF / DWG import
  0
LAYER
  5
1CA
330
2
100
AcDbSymbolTableRecord
100
AcDbLayerTableRecord
  2
MAT-DATE-STAMP
 70
     0
 62
     7
  6
Continuous
370
     5
390
F
347
46
348
0
1001
AcAecLayerStandard
1000

1000
DXF / DWG import
  0
LAYER
  5
1CB
330
2
100
AcDbSymbolTableRecord
100
AcDbLayerTableRecord
  2
Z_OM_OUTLINE
 70
     0
 62
     7
  6
Continuous
370
     5
390
F
347
46
348
0
1001
AcAecLayerStandard
1000

1000
DXF / DWG import
  0
LAYER
  5
1CC
330
2
100
AcDbSymbolTableRecord
100
AcDbLayerTableRecord
  2
Z_OM_DIM
 70
     0
 62
     4
  6
Continuous
370
     5
390
F
347
46
348
0
1001
AcAecLayerStandard
1000

1000
DXF / DWG import
  0
LAYER
  5
1CD
330
2
100
AcDbSymbolTableRecord
100
AcDbLayerTableRecord
  2
Z_OM_NOTE
 70
     0
 62
     4
  6
Continuous
370
     5
390
F
347
46
348
0
1001
AcAecLayerStandard
1000

1000
DXF / DWG import
  0
LAYER
  5
1CE
330
2
100
AcDbSymbolTableRecord
100
AcDbLayerTableRecord
  2
Z_OM_CENTER
 70
     0
 62
     2
  6
Continuous
370
     5
390
F
347
46
348
0
1001
AcAecLayerStandard
1000

1000
DXF / DWG import
  0
ENDTAB
  0
TABLE
  2
STYLE
  5
3
330
0
100
AcDbSymbolTable
 70
     2
  0
STYLE
  5
11
330
3
100
AcDbSymbolTableRecord
100
AcDbTextStyleTableRecord
  2
Standard
 70
     0
 40
0.0
 41
1.0
 50
0.0
 71
     0
 42
2.5
  3
txt
  4

  0
STYLE
  5
1D2
330
3
100
AcDbSymbolTableRecord
100
AcDbTextStyleTableRecord
  2
Tahoma
 70
     0
 40
0.0
 41
1.0
 50
0.0
 71
     0
 42
2.5
  3

  4

1001
ACAD
1000
Tahoma
1071
      256
  0
ENDTAB
  0
TABLE
  2
VIEW
  5
6
330
0
100
AcDbSymbolTable
 70
     0
  0
ENDTAB
  0
TABLE
  2
UCS
  5
7
330
0
100
AcDbSymbolTable
 70
     0
  0
ENDTAB
  0
TABLE
  2
APPID
  5
9
330
0
100
AcDbSymbolTable
 70
     2
  0
APPID
  5
12
330
9
100
AcDbSymbolTableRecord
100
AcDbRegAppTableRecord
  2
ACAD
 70
     0
  0
APPID
  5
60
330
9
100
AcDbSymbolTableRecord
100
AcDbRegAppTableRecord
  2
AcAecLayerStandard
 70
     0
  0
ENDTAB
  0
TABLE
  2
DIMSTYLE
  5
A
330
0
100
AcDbSymbolTable
 70
     1
100
AcDbDimStyleTable
  0
DIMSTYLE
105
27
330
A
100
AcDbSymbolTableRecord
100
AcDbDimStyleTableRecord
  2
ISO-25
 70
     0
 41
2.5
 42
0.625
 43
3.75
 44
1.25
 73
     0
 74
     0
 77
     1
 78
     8
140
2.5
141
2.5
143
0.03937007874016
147
0.625
171
     3
172
     1
178
     0
271
     2
272
     2
274
     3
278
    44
283
     0
284
     8
340
11
  0
ENDTAB
  0
TABLE
  2
BLOCK_RECORD
  5
1
330
0
100
AcDbSymbolTable
 70
    11
  0
BLOCK_RECORD
  5
1F
330
1
100
AcDbSymbolTableRecord
100
AcDbBlockTableRecord
  2
*Model_Space
340
22
 70
     0
280
     1
281
     0
  0
BLOCK_RECORD
  5
1B
330
1
100
AcDbSymbolTableRecord
100
AcDbBlockTableRecord
  2
*Paper_Space
340
1E
 70
     0
280
     1
281
     0
  0
BLOCK_RECORD
  5
23
330
1
100
AcDbSymbolTableRecord
100
AcDbBlockTableRecord
  2
*Paper_Space0
340
26
 70
     0
280
     1
281
     0
  0
BLOCK_RECORD
  5
1CF
330
1
100
AcDbSymbolTableRecord
100
AcDbBlockTableRecord
  2
EPLFRAME
340
0
102
{BLKREFS
331
226
102
}
 70
     0
280
     1
281
     0
  0
BLOCK_RECORD
  5
254
330
1
100
AcDbSymbolTableRecord
100
AcDbBlockTableRecord
  2
EPLFORMHEADER_1
340
0
102
{BLKREFS
331
265
102
}
 70
     0
280
     1
281
     0
  0
BLOCK_RECORD
  5
266
330
1
100
AcDbSymbolTableRecord
100
AcDbBlockTableRecord
  2
EPLFORMDATA_1
340
0
102
{BLKREFS
331
276
331
27D
102
}
 70
     0
280
     1
281
     0
  0
BLOCK_RECORD
  5
284
330
1
100
AcDbSymbolTableRecord
100
AcDbBlockTableRecord
  2
EPLFORMFOOTER_1
340
0
102
{BLKREFS
331
289
102
}
 70
     0
280
     1
281
     0
  0
BLOCK_RECORD
  5
5B0
330
1
100
AcDbSymbolTableRecord
100
AcDbBlockTableRecord
  2
EPLSYM_LibrarySPECIAL_Symbol12_Variant0_Placement8
340
0
102
{BLKREFS
331
5B5
102
}
 70
     0
280
     1
281
     0
  0
BLOCK_RECORD
  5
8DE
330
1
100
AcDbSymbolTableRecord
100
AcDbBlockTableRecord
  2
EPLSYM_LibrarySPECIAL_Symbol12_Variant0_Placement8_1
340
0
102
{BLKREFS
331
8E3
102
}
 70
     0
280
     1
281
     0
  0
BLOCK_RECORD
  5
C09
330
1
100
AcDbSymbolTableRecord
100
AcDbBlockTableRecord
  2
EPLSYM_LibrarySPECIAL_Symbol12_Variant0_Placement8_2
340
0
102
{BLKREFS
331
C0E
102
}
 70
     0
280
     1
281
     0
  0
BLOCK_RECORD
  5
F34
330
1
100
AcDbSymbolTableRecord
100
AcDbBlockTableRecord
  2
EPLSYM_LibrarySPECIAL_Symbol12_Variant0_Placement8_3
340
0
102
{BLKREFS
331
F39
102
}
 70
     0
280
     1
281
     0
  0
BLOCK_RECORD
  5
F42
330
1
100
AcDbSymbolTableRecord
100
AcDbBlockTableRecord
  2
EPLSYM_LibrarySPECIAL_Symbol12_Variant0_Placement8_4
340
0
102
{BLKREFS
331
F46
102
}
 70
     0
280
     1
281
     0
  0
BLOCK_RECORD
  5
F72
330
1
100
AcDbSymbolTableRecord
100
AcDbBlockTableRecord
  2
EPLSYM_LibrarySPECIAL_Symbol11_Variant0_Placement8
340
0
102
{BLKREFS
331
F7D
102
}
 70
     0
280
     1
281
     0
  0
ENDTAB
  0
ENDSEC
  0
SECTION
  2
BLOCKS
  0
BLOCK
  5
20
330
1F
100
AcDbEntity
  8
0
100
AcDbBlockBegin
  2
*Model_Space
 70
     0
 10
0.0
 20
0.0
 30
0.0
  3
*Model_Space
  1

  0
ENDBLK
  5
21
330
1F
100
AcDbEntity
  8
0
100
AcDbBlockEnd
  0
BLOCK
  5
1C
330
1B
100
AcDbEntity
 67
     1
  8
0
100
AcDbBlockBegin
  2
*Paper_Space
 70
     0
 10
0.0
 20
0.0
 30
0.0
  3
*Paper_Space
  1

  0
ENDBLK
  5
1D
330
1B
100
AcDbEntity
 67
     1
  8
0
100
AcDbBlockEnd
  0
BLOCK
  5
24
330
23
100
AcDbEntity
  8
0
100
AcDbBlockBegin
  2
*Paper_Space0
 70
     0
 10
0.0
 20
0.0
 30
0.0
  3
*Paper_Space0
  1

  0
ENDBLK
  5
25
330
23
100
AcDbEntity
  8
0
100
AcDbBlockEnd
  0
BLOCK
  5
1D0
330
1CF
100
AcDbEntity
  8
0
100
AcDbBlockBegin
  2
EPLFRAME
 70
     2
 10
0.0
 20
0.0
 30
0.0
  3
EPLFRAME
  1

  0
ATTDEF
  5
1D3
330
1CF
100
AcDbEntity
  8
EPLAN452
 62
     7
100
AcDbText
 10
84.0
 20
52.0
 30
0.0
 40
6.501600000000001
  1
4_11074[1]
  7
Tahoma
100
AcDbAttributeDefinition
  3
Revision date (change tracking)[1]
  2
4_11074[1]
 70
     0
280
     0
 71
     1
 72
     0
 11
0.0
 21
0.0
 31
0.0
  0
ATTDEF
  5
1D4
330
1CF
100
AcDbEntity
  8
EPLAN452
 62
     7
100
AcDbText
 10
4.0
 20
20.0
 30
0.0
 40
6.501600000000001
  1
4_11071[3]
  7
Tahoma
100
AcDbAttributeDefinition
  3
Revision index (change tracking)[3]
  2
4_11071[3]
 70
     0
280
     0
 71
     1
 72
     0
 11
0.0
 21
0.0
 31
0.0
  0
LINE
  5
1D5
330
1CF
100
AcDbEntity
  8
EPLAN201
  6
Continuous
 48
4.0
370
    25
100
AcDbLine
 10
1600.0
 20
16.0
 30
0.0
 11
1680.0
 21
16.0
 31
0.0
  0
ATTDEF
  5
1D6
330
1CF
100
AcDbEntity
  8
EPLAN452
 62
     7
100
AcDbText
 10
4.0
 20
52.0
 30
0.0
 40
6.501600000000001
  1
4_11071[1]
  7
Tahoma
100
AcDbAttributeDefinition
  3
Revision index (change tracking)[1]
  2
4_11071[1]
 70
     0
280
     0
 71
     1
 72
     0
 11
0.0
 21
0.0
 31
0.0
  0
TEXT
  5
1D7
330
1CF
100
AcDbEntity
  8
EPLAN201
 62
     7
100
AcDbText
 10
1604.0
 20
20.0
 30
0.0
 40
6.501600000000001
  1
Page
  7
Tahoma
100
AcDbText
  0
LINE
  5
1D8
330
1CF
100
AcDbEntity
  8
EPLAN201
  6
Continuous
 48
4.0
370
    25
100
AcDbLine
 10
1344.0
 20
1188.0
 30
0.0
 11
1344.0
 21
1168.0
 31
0.0
  0
TEXT
  5
1D9
330
1CF
100
AcDbEntity
  8
EPLAN201
 62
     7
100
AcDbText
 10
1604.0
 20
4.0
 30
0.0
 40
6.501600000000001
  1
Page
  7
Tahoma
100
AcDbText
  0
ATTDEF
  5
1DA
330
1CF
100
AcDbEntity
  8
EPLAN452
 62
     7
100
AcDbText
 10
529.8210888
 20
4.0
 30
0.0
 40
6.501600000000001
  1
4_11085
  7
Tahoma
 72
     2
 11
564.0
 21
4.0
 31
0.0
100
AcDbAttributeDefinition
  3
Replacement of
  2
4_11085
 70
     0
280
     0
 71
     1
 72
     0
 11
564.0
 21
4.0
 31
0.0
  0
LINE
  5
1DB
330
1CF
100
AcDbEntity
  8
EPLAN201
  6
Continuous
 48
4.0
370
    25
100
AcDbLine
 10
160.0
 20
0.0
 30
0.0
 11
160.0
 21
64.0
 31
0.0
  0
ATTDEF
  5
1DC
330
1CF
100
AcDbEntity
  8
EPLAN451
 62
     7
100
AcDbText
 10
404.0
 20
20.0
 30
0.0
 40
9.030000000000001
  1
14_10011
  7
Tahoma
100
AcDbAttributeDefinition
  3
Project description
  2
14_10011
 70
     0
280
     0
 71
     1
 72
     0
 11
0.0
 21
0.0
 31
0.0
  0
TEXT
  5
1DD
330
1CF
100
AcDbEntity
  8
EPLAN201
 62
     7
100
AcDbText
 10
244.0
 20
36.0
 30
0.0
 40
6.501600000000001
  1
Ed.
  7
Tahoma
100
AcDbText
  0
LINE
  5
1DE
330
1CF
100
AcDbEntity
  8
EPLAN201
  6
Continuous
 48
4.0
370
    25
100
AcDbLine
 10
672.0
 20
1188.0
 30
0.0
 11
672.0
 21
1168.0
 31
0.0
  0
ATTDEF
  5
1DF
330
1CF
100
AcDbEntity
  8
EPLAN452
 62
     7
100
AcDbText
 10
164.0
 20
52.0
 30
0.0
 40
6.501600000000001
  1
4_11070[1]
  7
Tahoma
100
AcDbAttributeDefinition
  3
Revision created by (change tracking)[1]
  2
4_11070[1]
 70
     0
280
     0
 71
     1
 72
     0
 11
0.0
 21
0.0
 31
0.0
  0
ATTDEF
  5
1E0
330
1CF
100
AcDbEntity
  8
EPLAN452
 62
     7
100
AcDbText
 10
4.0
 20
68.0
 30
0.0
 40
9.030000000000001
  1
4_11041
  7
Tahoma
100
AcDbAttributeDefinition
  3
Previous page
  2
4_11041
 70
     0
280
     0
 71
     1
 72
     0
 11
0.0
 21
0.0
 31
0.0
  0
TEXT
  5
1E1
330
1CF
100
AcDbEntity
  8
EPLAN201
 62
     7
100
AcDbText
 10
244.0
 20
4.0
 30
0.0
 40
6.501600000000001
  1
Original
  7
Tahoma
100
AcDbText
  0
LINE
  5
1E2
330
1CF
100
AcDbEntity
  8
EPLAN201
  6
Continuous
 48
4.0
370
    25
100
AcDbLine
 10
336.0
 20
1188.0
 30
0.0
 11
336.0
 21
1168.0
 31
0.0
  0
ATTDEF
  5
1E3
330
1CF
100
AcDbEntity
  8
EPLAN451
 62
     7
100
AcDbText
 10
1328.0
 20
20.0
 30
0.0
 40
6.501600000000001
  1
14_10013
  7
Tahoma
100
AcDbAttributeDefinition
  3
Job number
  2
14_10013
 70
     0
280
     0
 71
     1
 72
     0
 11
0.0
 21
0.0
 31
0.0
  0
ATTDEF
  5
1E4
330
1CF
100
AcDbEntity
  8
EPLAN451
 62
     7
100
AcDbText
 10
404.0
 20
48.0
 30
0.0
 40
9.030000000000001
  1
14_10014
  7
Tahoma
100
AcDbAttributeDefinition
  3
Commission
  2
14_10014
 70
     0
280
     0
 71
     1
 72
     0
 11
0.0
 21
0.0
 31
0.0
  0
ATTDEF
  5
1E5
330
1CF
100
AcDbEntity
  8
EPLAN452
 62
     7
100
AcDbText
 10
84.0
 20
20.0
 30
0.0
 40
6.501600000000001
  1
4_11074[3]
  7
Tahoma
100
AcDbAttributeDefinition
  3
Revision date (change tracking)[3]
  2
4_11074[3]
 70
     0
280
     0
 71
     1
 72
     0
 11
0.0
 21
0.0
 31
0.0
  0
LINE
  5
1E6
330
1CF
100
AcDbEntity
  8
EPLAN201
  6
Continuous
 48
4.0
370
    25
100
AcDbLine
 10
1200.0
 20
32.0
 30
0.0
 11
1680.0
 21
32.0
 31
0.0
  0
LINE
  5
1E7
330
1CF
100
AcDbEntity
  8
EPLAN201
  6
Continuous
 48
4.0
370
    35
100
AcDbLine
 10
736.0
 20
0.0
 30
0.0
 11
736.0
 21
64.0
 31
0.0
  0
ATTDEF
  5
1E8
330
1CF
100
AcDbEntity
  8
EPLAN452
 62
     7
100
AcDbText
 10
292.0
 20
36.0
 30
0.0
 40
6.501600000000001
  1
4_11022
  7
Tahoma
100
AcDbAttributeDefinition
  3
Last editor: Sign-in name
  2
4_11022
 70
     0
280
     0
 71
     1
 72
     0
 11
0.0
 21
0.0
 31
0.0
  0
ATTDEF
  5
1E9
330
1CF
100
AcDbEntity
  8
EPLAN451
 62
     7
100
AcDbText
 10
292.0
 20
4.0
 30
0.0
 40
6.501600000000001
  1
14_10151
  7
Tahoma
100
AcDbAttributeDefinition
  3
Revision: Original project name (complete)
  2
14_10151
 70
     0
280
     0
 71
     1
 72
     0
 11
0.0
 21
0.0
 31
0.0
  0
TEXT
  5
1EA
330
1CF
100
AcDbEntity
  8
EPLAN201
 62
     7
100
AcDbText
 10
1484.0
 20
36.0
 30
0.0
 40
7.224
  1
+
  7
Tahoma
100
AcDbText
  0
LINE
  5
1EB
330
1CF
100
AcDbEntity
  8
EPLAN201
  6
Continuous
 48
4.0
370
    25
100
AcDbLine
 10
80.0
 20
0.0
 30
0.0
 11
80.0
 21
64.0
 31
0.0
  0
LINE
  5
1EC
330
1CF
100
AcDbEntity
  8
EPLAN201
  6
Continuous
 48
4.0
370
    25
100
AcDbLine
 10
840.0
 20
1188.0
 30
0.0
 11
840.0
 21
1168.0
 31
0.0
  0
TEXT
  5
1ED
330
1CF
100
AcDbEntity
  8
EPLAN201
 62
     7
100
AcDbText
 10
84.0
 20
4.0
 30
0.0
 40
6.501600000000001
  1
Date
  7
Tahoma
100
AcDbText
  0
ATTDEF
  5
1EE
330
1CF
100
AcDbEntity
  8
EPLAN452
 62
     7
100
AcDbText
 10
292.0
 20
20.0
 30
0.0
 40
6.501600000000001
  1
4_11080
  7
Tahoma
100
AcDbAttributeDefinition
  3
Approved by
  2
4_11080
 70
     0
280
     0
 71
     1
 72
     0
 11
0.0
 21
0.0
 31
0.0
  0
ATTDEF
  5
1EF
330
1CF
100
AcDbEntity
  8
EPLAN452
 62
     7
100
AcDbText
 10
164.0
 20
36.0
 30
0.0
 40
6.501600000000001
  1
4_11070[2]
  7
Tahoma
100
AcDbAttributeDefinition
  3
Revision created by (change tracking)[2]
  2
4_11070[2]
 70
     0
280
     0
 71
     1
 72
     0
 11
0.0
 21
0.0
 31
0.0
  0
LINE
  5
1F0
330
1CF
100
AcDbEntity
  8
EPLAN201
  6
Continuous
 48
4.0
370
    25
100
AcDbLine
 10
1200.0
 20
0.0
 30
0.0
 11
1200.0
 21
64.0
 31
0.0
  0
ATTDEF
  5
1F1
330
1CF
100
AcDbEntity
  8
EPLAN452
 62
     7
100
AcDbText
 10
4.0
 20
36.0
 30
0.0
 40
6.501600000000001
  1
4_11071[2]
  7
Tahoma
100
AcDbAttributeDefinition
  3
Revision index (change tracking)[2]
  2
4_11071[2]
 70
     0
280
     0
 71
     1
 72
     0
 11
0.0
 21
0.0
 31
0.0
  0
LINE
  5
1F2
330
1CF
100
AcDbEntity
  8
EPLAN201
  6
Continuous
 48
4.0
370
    25
100
AcDbLine
 10
568.0
 20
0.0
 30
0.0
 11
568.0
 21
16.0
 31
0.0
  0
LINE
  5
1F3
330
1CF
100
AcDbEntity
  8
EPLAN201
  6
Continuous
 48
4.0
370
    25
100
AcDbLine
 10
0.0
 20
48.0
 30
0.0
 11
400.0
 21
48.0
 31
0.0
  0
TEXT
  5
1F4
330
1CF
100
AcDbEntity
  8
EPLAN201
 62
     7
100
AcDbText
 10
244.0
 20
52.0
 30
0.0
 40
6.501600000000001
  1
Date
  7
Tahoma
100
AcDbText
  0
TEXT
  5
1F5
330
1CF
100
AcDbEntity
  8
EPLAN201
 62
     7
100
AcDbText
 10
572.0
 20
4.0
 30
0.0
 40
6.501600000000001
  1
Replaced by
  7
Tahoma
100
AcDbText
  0
LINE
  5
1F6
330
1CF
100
AcDbEntity
  8
EPLAN201
  6
Continuous
 48
4.0
370
    35
100
AcDbLine
 10
0.0
 20
1168.0
 30
0.0
 11
1680.0
 21
1168.0
 31
0.0
  0
ATTDEF
  5
1F7
330
1CF
100
AcDbEntity
  8
EPLAN452
 62
     7
100
AcDbText
 10
1496.0
 20
52.0
 30
0.0
 40
6.501600000000001
  1
4_20132_1001
  7
Tahoma
100
AcDbAttributeDefinition
  3
Function designation_Complete structure identifier
  2
4_20132_1001
 70
     0
280
     0
 71
     1
 72
     0
 11
0.0
 21
0.0
 31
0.0
  0
ATTDEF
  5
1F8
330
1CF
100
AcDbEntity
  8
EPLAN452
 62
     7
100
AcDbText
 10
1496.0
 20
36.0
 30
0.0
 40
6.501600000000001
  1
4_20134_1001
  7
Tahoma
100
AcDbAttributeDefinition
  3
Location designation_Complete structure identifier
  2
4_20134_1001
 70
     0
280
     0
 71
     1
 72
     0
 11
0.0
 21
0.0
 31
0.0
  0
LINE
  5
1F9
330
1CF
100
AcDbEntity
  8
EPLAN201
  6
Continuous
 48
4.0
370
    25
100
AcDbLine
 10
1324.0
 20
0.0
 30
0.0
 11
1324.0
 21
32.0
 31
0.0
  0
ATTDEF
  5
1FA
330
1CF
100
AcDbEntity
  8
EPLAN452
 62
     7
100
AcDbText
 10
164.0
 20
20.0
 30
0.0
 40
6.501600000000001
  1
4_11070[3]
  7
Tahoma
100
AcDbAttributeDefinition
  3
Revision created by (change tracking)[3]
  2
4_11070[3]
 70
     0
280
     0
 71
     1
 72
     0
 11
0.0
 21
0.0
 31
0.0
  0
LINE
  5
1FB
330
1CF
100
AcDbEntity
  8
EPLAN201
  6
Continuous
 48
4.0
370
    25
100
AcDbLine
 10
1512.0
 20
1188.0
 30
0.0
 11
1512.0
 21
1168.0
 31
0.0
  0
ATTDEF
  5
1FC
330
1CF
100
AcDbEntity
  8
EPLAN452
 62
     7
100
AcDbText
 10
924.0
 20
48.0
 30
0.0
 40
9.030000000000001
  1
4_11011
  7
Tahoma
100
AcDbAttributeDefinition
  3
Page description
  2
4_11011
 70
     0
280
     0
 71
     1
 72
     0
 11
0.0
 21
0.0
 31
0.0
  0
ATTDEF
  5
1FD
330
1CF
100
AcDbEntity
  8
EPLAN453
 62
     7
100
AcDbText
 10
235.724328
 20
1173.53900131068
 30
0.0
 40
5.418
  1
53_19005
  7
Tahoma
 72
     1
 11
252.0
 21
1172.0
 31
0.0
100
AcDbAttributeDefinition
  3
Column number
  2
53_19005
 70
     0
 74
     1
280
     0
 71
     1
 72
     0
 11
252.0
 21
1172.0
 31
0.0
  0
ATTDEF
  5
1FE
330
1CF
100
AcDbEntity
  8
EPLAN452
 62
     7
100
AcDbText
 10
1204.0
 20
48.0
 30
0.0
 40
9.030000000000001
  1
4_11030
  7
Tahoma
100
AcDbAttributeDefinition
  3
Drawing number
  2
4_11030
 70
     0
280
     0
 71
     1
 72
     0
 11
0.0
 21
0.0
 31
0.0
  0
TEXT
  5
1FF
330
1CF
100
AcDbEntity
  8
EPLAN201
 62
     7
100
AcDbText
 10
4.0
 20
4.0
 30
0.0
 40
6.501600000000001
  1
Modification
  7
Tahoma
100
AcDbText
  0
ATTDEF
  5
200
330
1CF
100
AcDbEntity
  8
EPLAN453
 62
     7
100
AcDbText
 10
67.724328
 20
1173.53900131068
 30
0.0
 40
5.418
  1
53_19005
  7
Tahoma
 72
     1
 11
84.0
 21
1172.0
 31
0.0
100
AcDbAttributeDefinition
  3
Column number
  2
53_19005_1
 70
     0
 74
     1
280
     0
 71
     1
 72
     0
 11
84.0
 21
1172.0
 31
0.0
  0
ATTDEF
  5
201
330
1CF
100
AcDbEntity
  8
EPLAN453
 62
     7
100
AcDbText
 10
1243.724328
 20
1173.53900131068
 30
0.0
 40
5.418
  1
53_19005
  7
Tahoma
 72
     1
 11
1260.0
 21
1172.0
 31
0.0
100
AcDbAttributeDefinition
  3
Column number
  2
53_19005_2
 70
     0
 74
     1
280
     0
 71
     1
 72
     0
 11
1260.0
 21
1172.0
 31
0.0
  0
LINE
  5
202
330
1CF
100
AcDbEntity
  8
EPLAN201
  6
Continuous
 48
4.0
370
    25
100
AcDbLine
 10
504.0
 20
1188.0
 30
0.0
 11
504.0
 21
1168.0
 31
0.0
  0
ATTDEF
  5
203
330
1CF
100
AcDbEntity
  8
EPLAN453
 62
     7
100
AcDbText
 10
1075.724328
 20
1173.53900131068
 30
0.0
 40
5.418
  1
53_19005
  7
Tahoma
 72
     1
 11
1092.0
 21
1172.0
 31
0.0
100
AcDbAttributeDefinition
  3
Column number
  2
53_19005_3
 70
     0
 74
     1
280
     0
 71
     1
 72
     0
 11
1092.0
 21
1172.0
 31
0.0
  0
TEXT
  5
204
330
1CF
100
AcDbEntity
  8
EPLAN201
 62
     7
100
AcDbText
 10
244.0
 20
20.0
 30
0.0
 40
6.501600000000001
  1
Appr.
  7
Tahoma
100
AcDbText
  0
TEXT
  5
205
330
1CF
100
AcDbEntity
  8
EPLAN201
 62
     7
100
AcDbText
 10
404.0
 20
4.0
 30
0.0
 40
6.501600000000001
  1
Replacement of
  7
Tahoma
100
AcDbText
  0
ATTDEF
  5
206
330
1CF
100
AcDbEntity
  8
EPLAN453
 62
     7
100
AcDbText
 10
1411.724328
 20
1173.53900131068
 30
0.0
 40
5.418
  1
53_19005
  7
Tahoma
 72
     1
 11
1428.0
 21
1172.0
 31
0.0
100
AcDbAttributeDefinition
  3
Column number
  2
53_19005_4
 70
     0
 74
     1
280
     0
 71
     1
 72
     0
 11
1428.0
 21
1172.0
 31
0.0
  0
LINE
  5
207
330
1CF
100
AcDbEntity
  8
EPLAN201
  6
Continuous
 48
4.0
370
    25
100
AcDbLine
 10
1680.0
 20
48.0
 30
0.0
 11
1480.0
 21
48.0
 31
0.0
  0
ATTDEF
  5
208
330
1CF
100
AcDbEntity
  8
EPLAN453
 62
     7
100
AcDbText
 10
1579.724328
 20
1173.53900131068
 30
0.0
 40
5.418
  1
53_19005
  7
Tahoma
 72
     1
 11
1596.0
 21
1172.0
 31
0.0
100
AcDbAttributeDefinition
  3
Column number
  2
53_19005_5
 70
     0
 74
     1
280
     0
 71
     1
 72
     0
 11
1596.0
 21
1172.0
 31
0.0
  0
ATTDEF
  5
209
330
1CF
100
AcDbEntity
  8
EPLAN453
 62
     7
100
AcDbText
 10
571.724328
 20
1173.53900131068
 30
0.0
 40
5.418
  1
53_19005
  7
Tahoma
 72
     1
 11
588.0
 21
1172.0
 31
0.0
100
AcDbAttributeDefinition
  3
Column number
  2
53_19005_6
 70
     0
 74
     1
280
     0
 71
     1
 72
     0
 11
588.0
 21
1172.0
 31
0.0
  0
LINE
  5
20A
330
1CF
100
AcDbEntity
  8
EPLAN201
  6
Continuous
 48
4.0
370
    35
100
AcDbLine
 10
0.0
 20
64.0
 30
0.0
 11
1680.0
 21
64.0
 31
0.0
  0
LINE
  5
20B
330
1CF
100
AcDbEntity
  8
EPLAN201
  6
Continuous
 48
4.0
370
    25
100
AcDbLine
 10
288.0
 20
0.0
 30
0.0
 11
288.0
 21
64.0
 31
0.0
  0
LWPOLYLINE
  5
20C
330
1CF
100
AcDbEntity
  8
EPLAN201
  6
Continuous
 48
4.0
370
    35
100
AcDbPolyline
 90
        4
 70
     1
 43
0.0
 10
0.0
 20
0.0
 10
1680.0
 20
0.0
 10
1680.0
 20
1188.0
 10
0.0
 20
1188.0
  0
LINE
  5
20D
330
1CF
100
AcDbEntity
  8
EPLAN201
  6
Continuous
 48
4.0
370
    25
100
AcDbLine
 10
920.0
 20
0.0
 30
0.0
 11
920.0
 21
64.0
 31
0.0
  0
ATTDEF
  5
20E
330
1CF
100
AcDbEntity
  8
EPLAN452
 62
     7
100
AcDbText
 10
84.0
 20
36.0
 30
0.0
 40
6.501600000000001
  1
4_11074[2]
  7
Tahoma
100
AcDbAttributeDefinition
  3
Revision date (change tracking)[2]
  2
4_11074[2]
 70
     0
280
     0
 71
     1
 72
     0
 11
0.0
 21
0.0
 31
0.0
  0
ATTDEF
  5
20F
330
1CF
100
AcDbEntity
  8
EPLAN451
 62
     7
100
AcDbText
 10
1660.0
 20
4.0
 30
0.0
 40
6.501600000000001
  1
14_10300
  7
Tahoma
100
AcDbAttributeDefinition
  3
Total no. of pages
  2
14_10300
 70
     0
280
     0
 71
     1
 72
     0
 11
0.0
 21
0.0
 31
0.0
  0
LINE
  5
210
330
1CF
100
AcDbEntity
  8
EPLAN201
  6
Continuous
 48
4.0
370
    25
100
AcDbLine
 10
1176.0
 20
1188.0
 30
0.0
 11
1176.0
 21
1168.0
 31
0.0
  0
LINE
  5
211
330
1CF
100
AcDbEntity
  8
EPLAN201
  6
Continuous
 48
4.0
370
    25
100
AcDbLine
 10
400.0
 20
0.0
 30
0.0
 11
400.0
 21
64.0
 31
0.0
  0
ATTDEF
  5
212
330
1CF
100
AcDbEntity
  8
EPLAN452
 62
     7
100
AcDbText
 10
1628.52929
 20
68.0
 30
0.0
 40
9.030000000000001
  1
4_11040
  7
Tahoma
 72
     2
 11
1676.0
 21
68.0
 31
0.0
100
AcDbAttributeDefinition
  3
Next page
  2
4_11040
 70
     0
280
     0
 71
     1
 72
     0
 11
1676.0
 21
68.0
 31
0.0
  0
LINE
  5
213
330
1CF
100
AcDbEntity
  8
EPLAN201
  6
Continuous
 48
4.0
370
    35
100
AcDbLine
 10
240.0
 20
0.0
 30
0.0
 11
240.0
 21
64.0
 31
0.0
  0
LINE
  5
214
330
1CF
100
AcDbEntity
  8
EPLAN201
  6
Continuous
 48
4.0
370
    25
100
AcDbLine
 10
168.0
 20
1188.0
 30
0.0
 11
168.0
 21
1168.0
 31
0.0
  0
LINE
  5
215
330
1CF
100
AcDbEntity
  8
EPLAN201
  6
Continuous
 48
4.0
370
    25
100
AcDbLine
 10
0.0
 20
16.0
 30
0.0
 11
736.0
 21
16.0
 31
0.0
  0
LINE
  5
216
330
1CF
100
AcDbEntity
  8
EPLAN201
  6
Continuous
 48
4.0
370
    25
100
AcDbLine
 10
1480.0
 20
64.0
 30
0.0
 11
1480.0
 21
32.0
 31
0.0
  0
ATTDEF
  5
217
330
1CF
100
AcDbEntity
  8
EPLAN453
 62
     7
100
AcDbText
 10
739.724328
 20
1173.53900131068
 30
0.0
 40
5.418
  1
53_19005
  7
Tahoma
 72
     1
 11
756.0
 21
1172.0
 31
0.0
100
AcDbAttributeDefinition
  3
Column number
  2
53_19005_7
 70
     0
 74
     1
280
     0
 71
     1
 72
     0
 11
756.0
 21
1172.0
 31
0.0
  0
LINE
  5
218
330
1CF
100
AcDbEntity
  8
EPLAN201
  6
Continuous
 48
4.0
370
    25
100
AcDbLine
 10
1600.0
 20
0.0
 30
0.0
 11
1600.0
 21
32.0
 31
0.0
  0
LINE
  5
219
330
1CF
100
AcDbEntity
  8
EPLAN201
  6
Continuous
 48
4.0
370
    25
100
AcDbLine
 10
0.0
 20
32.0
 30
0.0
 11
400.0
 21
32.0
 31
0.0
  0
ATTDEF
  5
21A
330
1CF
100
AcDbEntity
  8
EPLAN452
 62
     7
100
AcDbText
 10
292.0
 20
52.0
 30
0.0
 40
6.501600000000001
  1
4_11024
  7
Tahoma
100
AcDbAttributeDefinition
  3
Modification date (automatic)
  2
4_11024
 70
     0
280
     0
 71
     1
 72
     0
 11
0.0
 21
0.0
 31
0.0
  0
LINE
  5
21B
330
1CF
100
AcDbEntity
  8
EPLAN201
  6
Continuous
 48
4.0
370
    25
100
AcDbLine
 10
1008.0
 20
1188.0
 30
0.0
 11
1008.0
 21
1168.0
 31
0.0
  0
ATTDEF
  5
21C
330
1CF
100
AcDbEntity
  8
EPLAN451
 62
     7
100
AcDbText
 10
740.0
 20
48.0
 30
0.0
 40
9.030000000000001
  1
14_10015
  7
Tahoma
100
AcDbAttributeDefinition
  3
Company name
  2
14_10015
 70
     0
280
     0
 71
     1
 72
     0
 11
0.0
 21
0.0
 31
0.0
  0
ATTDEF
  5
21D
330
1CF
100
AcDbEntity
  8
EPLAN452
 62
     7
100
AcDbText
 10
697.8210888
 20
4.0
 30
0.0
 40
6.501600000000001
  1
4_11086
  7
Tahoma
 72
     2
 11
732.0
 21
4.0
 31
0.0
100
AcDbAttributeDefinition
  3
Replaced by
  2
4_11086
 70
     0
280
     0
 71
     1
 72
     0
 11
732.0
 21
4.0
 31
0.0
  0
ATTDEF
  5
21E
330
1CF
100
AcDbEntity
  8
EPLAN452
 62
     7
100
AcDbText
 10
1641.8210888
 20
20.0
 30
0.0
 40
6.501600000000001
  1
4_11000
  7
Tahoma
 72
     2
 11
1676.0
 21
20.0
 31
0.0
100
AcDbAttributeDefinition
  3
Page name
  2
4_11000
 70
     0
280
     0
 71
     1
 72
     0
 11
1676.0
 21
20.0
 31
0.0
  0
ATTDEF
  5
21F
330
1CF
100
AcDbEntity
  8
EPLAN453
 62
     7
100
AcDbText
 10
403.724328
 20
1173.53900131068
 30
0.0
 40
5.418
  1
53_19005
  7
Tahoma
 72
     1
 11
420.0
 21
1172.0
 31
0.0
100
AcDbAttributeDefinition
  3
Column number
  2
53_19005_8
 70
     0
 74
     1
280
     0
 71
     1
 72
     0
 11
420.0
 21
1172.0
 31
0.0
  0
TEXT
  5
220
330
1CF
100
AcDbEntity
  8
EPLAN201
 62
     7
100
AcDbText
 10
1484.0
 20
52.0
 30
0.0
 40
7.224
  1
=
  7
Tahoma
100
AcDbText
  0
TEXT
  5
221
330
1CF
100
AcDbEntity
  8
EPLAN201
 62
     7
100
AcDbText
 10
164.0
 20
4.0
 30
0.0
 40
6.501600000000001
  1
Name
  7
Tahoma
100
AcDbText
  0
ATTDEF
  5
222
330
1CF
100
AcDbEntity
  8
EPLAN453
 62
     7
100
AcDbText
 10
907.724328
 20
1173.53900131068
 30
0.0
 40
5.418
  1
53_19005
  7
Tahoma
 72
     1
 11
924.0
 21
1172.0
 31
0.0
100
AcDbAttributeDefinition
  3
Column number
  2
53_19005_9
 70
     0
 74
     1
280
     0
 71
     1
 72
     0
 11
924.0
 21
1172.0
 31
0.0
  0
ATTDEF
  5
223
330
1CF
100
AcDbEntity
  8
EPLAN452
 62
     7
100
AcDbText
 10
1204.0
 20
20.0
 30
0.0
 40
6.501600000000001
  1
4_11059
  7
Tahoma
100
AcDbAttributeDefinition
  3
Special remarks of creator
  2
4_11059
 70
     0
280
     0
 71
     1
 72
     0
 11
0.0
 21
0.0
 31
0.0
  0
ATTDEF
  5
224
330
1CF
100
AcDbEntity
  8
EPLAN451
 62
     7
100
AcDbText
 10
1617.8210888
 20
4.00000000000004
 30
0.0
 40
6.501600000000001
  1
4_25020
  7
Tahoma
 72
     2
 11
1652.0
 21
4.00000000000004
 31
0.0
100
AcDbAttributeDefinition
  3
Counter page number
  2
4_25020
 70
     0
280
     0
 71
     1
 72
     0
 11
1652.0
 21
4.00000000000004
 31
0.0
  0
TEXT
  5
225
330
1CF
100
AcDbEntity
  8
EPLAN201
 62
     7
100
AcDbText
 10
1654.33007048158
 20
3.989708515228072
 30
0.0
 40
6.501600000000001
  1
/
  7
Tahoma
 72
     1
 11
1655.98797848158
 21
3.989708515228072
 31
0.0
100
AcDbText
  0
ENDBLK
  5
1D1
330
1CF
100
AcDbEntity
  8
0
100
AcDbBlockEnd
  0
BLOCK
  5
255
330
254
100
AcDbEntity
  8
0
100
AcDbBlockBegin
  2
EPLFORMHEADER_1
 70
     0
 10
0.0
 20
0.0
 30
0.0
  3
EPLFORMHEADER_1
  1

  0
LINE
  5
258
102
{ACAD_REACTORS
330
257
102
}
330
254
100
AcDbEntity
  8
EPLAN200
  6
Continuous
 48
4.0
370
     5
100
AcDbLine
 10
226.0
 20
0.0
 30
0.0
 11
226.0
 21
-20.0
 31
0.0
  0
LINE
  5
259
102
{ACAD_REACTORS
330
257
102
}
330
254
100
AcDbEntity
  8
EPLAN200
  6
Continuous
 48
4.0
370
     9
100
AcDbLine
 10
0.0
 20
0.0
 30
0.0
 11
0.0
 21
-20.0
 31
0.0
  0
TEXT
  5
25A
102
{ACAD_REACTORS
330
257
102
}
330
254
100
AcDbEntity
  8
EPLAN200
 62
     7
100
AcDbText
 10
236.0
 20
-13.90096000000003
 30
0.0
 40
6.501600000000042
  1
Part number
  7
Tahoma
 11
236.0
 21
-10.65016
 31
0.0
100
AcDbText
 73
     2
  0
TEXT
  5
25B
102
{ACAD_REACTORS
330
257
102
}
330
254
100
AcDbEntity
  8
EPLAN200
 62
     7
100
AcDbText
 10
122.0
 20
-13.90096000000003
 30
0.0
 40
6.501600000000042
  1
Manufacturer
  7
Tahoma
 11
122.0
 21
-10.65016
 31
0.0
100
AcDbText
 73
     2
  0
LINE
  5
25C
102
{ACAD_REACTORS
330
257
102
}
330
254
100
AcDbEntity
  8
EPLAN200
  6
Continuous
 48
4.0
370
     5
100
AcDbLine
 10
112.0
 20
0.0
 30
0.0
 11
112.0
 21
-20.0
 31
0.0
  0
LINE
  5
25D
102
{ACAD_REACTORS
330
257
102
}
330
254
100
AcDbEntity
  8
EPLAN200
  6
Continuous
 48
4.0
370
     9
100
AcDbLine
 10
880.0
 20
0.0
 30
0.0
 11
880.0
 21
-20.0
 31
0.0
  0
LINE
  5
25E
102
{ACAD_REACTORS
330
257
102
}
330
254
100
AcDbEntity
  8
EPLAN200
  6
Continuous
 48
4.0
370
     9
100
AcDbLine
 10
0.0
 20
0.0
 30
0.0
 11
880.0
 21
0.0
 31
0.0
  0
TEXT
  5
25F
102
{ACAD_REACTORS
330
257
102
}
330
254
100
AcDbEntity
  8
EPLAN200
 62
     7
100
AcDbText
 10
30.15613999999984
 20
-13.90096000000003
 30
0.0
 40
6.501600000000042
  1
Item number
  7
Tahoma
 72
     1
 11
56.00000000000001
 21
-10.65016
 31
0.0
100
AcDbText
 73
     2
  0
LINE
  5
260
102
{ACAD_REACTORS
330
257
102
}
330
254
100
AcDbEntity
  8
EPLAN200
  6
Continuous
 48
4.0
370
     5
100
AcDbLine
 10
0.0
 20
-20.0
 30
0.0
 11
880.0
 21
-20.0
 31
0.0
  0
LINE
  5
261
102
{ACAD_REACTORS
330
257
102
}
330
254
100
AcDbEntity
  8
EPLAN200
  6
Continuous
 48
4.0
370
     5
100
AcDbLine
 10
352.0
 20
0.0
 30
0.0
 11
352.0
 21
-20.0
 31
0.0
  0
TEXT
  5
262
102
{ACAD_REACTORS
330
257
102
}
330
254
100
AcDbEntity
  8
EPLAN200
 62
     7
100
AcDbText
 10
848.0
 20
-13.90096000000003
 30
0.0
 40
6.501600000000042
  1
Qty
  7
Tahoma
 11
848.0
 21
-10.65016
 31
0.0
100
AcDbText
 73
     2
  0
LINE
  5
263
102
{ACAD_REACTORS
330
257
102
}
330
254
100
AcDbEntity
  8
EPLAN200
  6
Continuous
 48
4.0
370
     5
100
AcDbLine
 10
832.0
 20
0.0
 30
0.0
 11
832.0
 21
-20.0
 31
0.0
  0
TEXT
  5
264
102
{ACAD_REACTORS
330
257
102
}
330
254
100
AcDbEntity
  8
EPLAN200
 62
     7
100
AcDbText
 10
368.0
 20
-13.90096000000003
 30
0.0
 40
6.501600000000042
  1
Description
  7
Tahoma
 11
368.0
 21
-10.65016
 31
0.0
100
AcDbText
 73
     2
  0
ENDBLK
  5
256
330
254
100
AcDbEntity
  8
0
100
AcDbBlockEnd
  0
BLOCK
  5
267
330
266
100
AcDbEntity
  8
0
100
AcDbBlockBegin
  2
EPLFORMDATA_1
 70
     2
 10
0.0
 20
0.0
 30
0.0
  3
EPLFORMDATA_1
  1

  0
LINE
  5
26A
102
{ACAD_REACTORS
330
269
102
}
330
266
100
AcDbEntity
  8
EPLAN200
  6
Continuous
 48
4.0
370
     5
100
AcDbLine
 10
0.0
 20
-16.0
 30
0.0
 11
880.0
 21
-16.0
 31
0.0
  0
LINE
  5
26B
102
{ACAD_REACTORS
330
269
102
}
330
266
100
AcDbEntity
  8
EPLAN200
  6
Continuous
 48
4.0
370
     5
100
AcDbLine
 10
226.0
 20
0.0
 30
0.0
 11
226.0
 21
-16.0
 31
0.0
  0
LINE
  5
26C
102
{ACAD_REACTORS
330
269
102
}
330
266
100
AcDbEntity
  8
EPLAN200
  6
Continuous
 48
4.0
370
     5
100
AcDbLine
 10
112.0
 20
0.0
 30
0.0
 11
112.0
 21
-16.0
 31
0.0
  0
LINE
  5
26D
102
{ACAD_REACTORS
330
269
102
}
330
266
100
AcDbEntity
  8
EPLAN200
  6
Continuous
 48
4.0
370
     9
100
AcDbLine
 10
0.0
 20
0.0
 30
0.0
 11
0.0
 21
-16.0
 31
0.0
  0
LINE
  5
26E
102
{ACAD_REACTORS
330
269
102
}
330
266
100
AcDbEntity
  8
EPLAN200
  6
Continuous
 48
4.0
370
     9
100
AcDbLine
 10
880.0
 20
0.0
 30
0.0
 11
880.0
 21
-16.0
 31
0.0
  0
LINE
  5
26F
102
{ACAD_REACTORS
330
269
102
}
330
266
100
AcDbEntity
  8
EPLAN200
  6
Continuous
 48
4.0
370
     5
100
AcDbLine
 10
352.0
 20
0.0
 30
0.0
 11
352.0
 21
-16.0
 31
0.0
  0
LINE
  5
270
102
{ACAD_REACTORS
330
269
102
}
330
266
100
AcDbEntity
  8
EPLAN200
  6
Continuous
 48
4.0
370
     5
100
AcDbLine
 10
832.0
 20
0.0
 30
0.0
 11
832.0
 21
-16.0
 31
0.0
  0
ATTDEF
  5
271
330
266
100
AcDbEntity
  8
EPLAN450
 62
     7
100
AcDbText
 10
122.0
 20
-11.90096
 30
0.0
 40
6.501600000000002
  1
0_22222
  7
Tahoma
 11
122.0
 21
-8.65016
 31
0.0
100
AcDbAttributeDefinition
  3
Manufacturer name
  2
0_22222
 70
     0
 74
     2
280
     0
 71
     1
 72
     0
 11
122.0
 21
-8.65016
 31
0.0
  0
ATTDEF
  5
272
330
266
100
AcDbEntity
  8
EPLAN450
 62
     7
100
AcDbText
 10
236.0
 20
-11.90096
 30
0.0
 40
6.501600000000002
  1
0_22003
  7
Tahoma
 11
236.0
 21
-8.65016
 31
0.0
100
AcDbAttributeDefinition
  3
Order number
  2
0_22003
 70
     0
 74
     2
280
     0
 71
     1
 72
     0
 11
236.0
 21
-8.65016
 31
0.0
  0
ATTDEF
  5
273
330
266
100
AcDbEntity
  8
EPLAN450
 62
     7
100
AcDbText
 10
33.82108879999999
 20
-11.90096
 30
0.0
 40
6.501600000000002
  1
0_20450
  7
Tahoma
 72
     2
 11
68.0
 21
-8.65016
 31
0.0
100
AcDbAttributeDefinition
  3
Legend item
  2
0_20450
 70
     0
 74
     2
280
     0
 71
     1
 72
     0
 11
68.0
 21
-8.65016
 31
0.0
  0
ATTDEF
  5
274
330
266
100
AcDbEntity
  8
EPLAN450
 62
     7
100
AcDbText
 10
846.0
 20
-11.90096
 30
0.0
 40
6.501600000000002
  1
0_20102[1]
  7
Tahoma
 11
846.0
 21
-8.65016
 31
0.0
100
AcDbAttributeDefinition
  3
Number of units / quantity[1]
  2
0_20102[1]
 70
     0
 74
     2
280
     0
 71
     1
 72
     0
 11
846.0
 21
-8.65016
 31
0.0
  0
ATTDEF
  5
275
330
266
100
AcDbEntity
  8
EPLAN450
 62
     7
100
AcDbText
 10
368.0
 20
-11.90096
 30
0.0
 40
6.501600000000002
  1
0_22004
  7
Tahoma
 11
368.0
 21
-8.65016
 31
0.0
100
AcDbAttributeDefinition
  3
Part: Designation 1
  2
0_22004
 70
     0
 74
     2
280
     0
 71
     1
 72
     0
 11
368.0
 21
-8.65016
 31
0.0
  0
ENDBLK
  5
268
330
266
100
AcDbEntity
  8
0
100
AcDbBlockEnd
  0
BLOCK
  5
285
330
284
100
AcDbEntity
  8
0
100
AcDbBlockBegin
  2
EPLFORMFOOTER_1
 70
     0
 10
0.0
 20
0.0
 30
0.0
  3
EPLFORMFOOTER_1
  1

  0
LINE
  5
288
102
{ACAD_REACTORS
330
287
102
}
330
284
100
AcDbEntity
  8
EPLAN200
  6
Continuous
 48
4.0
370
     9
100
AcDbLine
 10
0.0
 20
0.0
 30
0.0
 11
880.0
 21
0.0
 31
0.0
  0
ENDBLK
  5
286
330
284
100
AcDbEntity
  8
0
100
AcDbBlockEnd
  0
BLOCK
  5
5B1
330
5B0
100
AcDbEntity
  8
0
100
AcDbBlockBegin
  2
EPLSYM_LibrarySPECIAL_Symbol12_Variant0_Placement8
 70
     2
 10
0.0
 20
0.0
 30
0.0
  3
EPLSYM_LibrarySPECIAL_Symbol12_Variant0_Placement8
  1

  0
ATTDEF
  5
5B3
330
5B0
100
AcDbEntity
  8
EPLAN493
 62
     5
100
AcDbText
 10
-14.1055824
 20
-23.00868000000001
 30
0.0
 40
2.3478
  1
17_20450
  7
Tahoma
 72
     2
 11
0.0
 21
-21.83478000000001
 31
0.0
100
AcDbAttributeDefinition
  3
Legend item
  2
17_20450
 70
     0
 74
     2
280
     0
 71
     1
 72
     0
 11
0.0
 21
-21.83478000000001
 31
0.0
  0
LWPOLYLINE
  5
5B4
102
{ACAD_REACTORS
330
28D
102
}
330
5B0
100
AcDbEntity
  8
EPLAN309
 48
16.0
370
    13
100
AcDbPolyline
 90
        4
 70
     1
 43
0.0
 10
0.0
 20
-5.150000000000091
 10
68.14999999999998
 20
-5.150000000000091
 10
68.14999999999998
 20
-0.0000000000001137
 10
0.0
 20
-0.0000000000001137
  0
ENDBLK
  5
5B2
330
5B0
100
AcDbEntity
  8
0
100
AcDbBlockEnd
  0
BLOCK
  5
8DF
330
8DE
100
AcDbEntity
  8
0
100
AcDbBlockBegin
  2
EPLSYM_LibrarySPECIAL_Symbol12_Variant0_Placement8_1
 70
     2
 10
0.0
 20
0.0
 30
0.0
  3
EPLSYM_LibrarySPECIAL_Symbol12_Variant0_Placement8_1
  1

  0
ATTDEF
  5
8E1
330
8DE
100
AcDbEntity
  8
EPLAN493
 62
     5
100
AcDbText
 10
-14.1055824
 20
-23.00868000000001
 30
0.0
 40
2.3478
  1
17_20450
  7
Tahoma
 72
     2
 11
0.0
 21
-21.83478000000001
 31
0.0
100
AcDbAttributeDefinition
  3
Legend item
  2
17_20450
 70
     0
 74
     2
280
     0
 71
     1
 72
     0
 11
0.0
 21
-21.83478000000001
 31
0.0
  0
LWPOLYLINE
  5
8E2
102
{ACAD_REACTORS
330
5BB
102
}
330
8DE
100
AcDbEntity
  8
EPLAN309
 48
16.0
370
    13
100
AcDbPolyline
 90
        4
 70
     1
 43
0.0
 10
0.0
 20
-5.150000000000091
 10
68.14999999999998
 20
-5.150000000000091
 10
68.14999999999998
 20
-0.0000000000001137
 10
0.0
 20
-0.0000000000001137
  0
ENDBLK
  5
8E0
330
8DE
100
AcDbEntity
  8
0
100
AcDbBlockEnd
  0
BLOCK
  5
C0A
330
C09
100
AcDbEntity
  8
0
100
AcDbBlockBegin
  2
EPLSYM_LibrarySPECIAL_Symbol12_Variant0_Placement8_2
 70
     2
 10
0.0
 20
0.0
 30
0.0
  3
EPLSYM_LibrarySPECIAL_Symbol12_Variant0_Placement8_2
  1

  0
ATTDEF
  5
C0C
330
C09
100
AcDbEntity
  8
EPLAN493
 62
     5
100
AcDbText
 10
-14.1055824
 20
-23.00868000000001
 30
0.0
 40
2.3478
  1
17_20450
  7
Tahoma
 72
     2
 11
0.0
 21
-21.83478000000001
 31
0.0
100
AcDbAttributeDefinition
  3
Legend item
  2
17_20450
 70
     0
 74
     2
280
     0
 71
     1
 72
     0
 11
0.0
 21
-21.83478000000001
 31
0.0
  0
LWPOLYLINE
  5
C0D
102
{ACAD_REACTORS
330
8E6
102
}
330
C09
100
AcDbEntity
  8
EPLAN309
 48
16.0
370
    13
100
AcDbPolyline
 90
        4
 70
     1
 43
0.0
 10
0.0
 20
-5.150000000000091
 10
68.14999999999998
 20
-5.150000000000091
 10
68.14999999999998
 20
-0.0000000000001137
 10
0.0
 20
-0.0000000000001137
  0
ENDBLK
  5
C0B
330
C09
100
AcDbEntity
  8
0
100
AcDbBlockEnd
  0
BLOCK
  5
F35
330
F34
100
AcDbEntity
  8
0
100
AcDbBlockBegin
  2
EPLSYM_LibrarySPECIAL_Symbol12_Variant0_Placement8_3
 70
     2
 10
0.0
 20
0.0
 30
0.0
  3
EPLSYM_LibrarySPECIAL_Symbol12_Variant0_Placement8_3
  1

  0
ATTDEF
  5
F37
330
F34
100
AcDbEntity
  8
EPLAN493
 62
     5
100
AcDbText
 10
-14.1055824
 20
-23.00868000000001
 30
0.0
 40
2.3478
  1
17_20450
  7
Tahoma
 72
     2
 11
0.0
 21
-21.83478000000001
 31
0.0
100
AcDbAttributeDefinition
  3
Legend item
  2
17_20450
 70
     0
 74
     2
280
     0
 71
     1
 72
     0
 11
0.0
 21
-21.83478000000001
 31
0.0
  0
LWPOLYLINE
  5
F38
102
{ACAD_REACTORS
330
C11
102
}
330
F34
100
AcDbEntity
  8
EPLAN309
 48
16.0
370
    13
100
AcDbPolyline
 90
        4
 70
     1
 43
0.0
 10
0.0
 20
-5.150000000000091
 10
68.14999999999998
 20
-5.150000000000091
 10
68.14999999999998
 20
-0.0000000000001137
 10
0.0
 20
-0.0000000000001137
  0
ENDBLK
  5
F36
330
F34
100
AcDbEntity
  8
0
100
AcDbBlockEnd
  0
BLOCK
  5
F43
330
F42
100
AcDbEntity
  8
0
100
AcDbBlockBegin
  2
EPLSYM_LibrarySPECIAL_Symbol12_Variant0_Placement8_4
 70
     2
 10
0.0
 20
0.0
 30
0.0
  3
EPLSYM_LibrarySPECIAL_Symbol12_Variant0_Placement8_4
  1

  0
ATTDEF
  5
F45
330
F42
100
AcDbEntity
  8
EPLAN493
 62
     5
100
AcDbText
 10
-39.06161176522065
 20
-25.50095989665986
 30
0.0
 40
6.501599827766419
  1
17_20450
  7
Tahoma
 72
     2
 11
0.0
 21
-22.25015998277665
 31
0.0
100
AcDbAttributeDefinition
  3
Legend item
  2
17_20450
 70
     0
 74
     2
280
     0
 71
     1
 72
     0
 11
0.0
 21
-22.25015998277665
 31
0.0
  0
ENDBLK
  5
F44
330
F42
100
AcDbEntity
  8
0
100
AcDbBlockEnd
  0
BLOCK
  5
F73
330
F72
100
AcDbEntity
  8
0
100
AcDbBlockBegin
  2
EPLSYM_LibrarySPECIAL_Symbol11_Variant0_Placement8
 70
     2
 10
0.0
 20
0.0
 30
0.0
  3
EPLSYM_LibrarySPECIAL_Symbol11_Variant0_Placement8
  1

  0
ATTDEF
  5
F75
330
F72
100
AcDbEntity
  8
EPLAN400
 62
     5
100
AcDbText
 10
-15.06306
 20
-3.209000000000001
 30
0.0
 40
2.2575
  1
17_20010
  7
Tahoma
 72
     2
 11
-1.5
 21
-0.9515
 31
0.0
100
AcDbAttributeDefinition
  3
DT (displayed)
  2
17_20010
 70
     0
 74
     3
280
     0
 71
     1
 72
     0
 11
-1.5
 21
-0.9515
 31
0.0
  0
ATTDEF
  5
F76
330
F72
100
AcDbEntity
  8
EPLAN440
 62
    73
100
AcDbText
 10
-11.2654032
 20
-6.20048
 30
0.0
 40
1.6254
  1
17_20300
  7
Tahoma
 72
     2
 11
-1.5
 21
-4.57508
 31
0.0
100
AcDbAttributeDefinition
  3
Cross-reference (main / aux. function)
  2
17_20300
 70
     0
 74
     3
280
     0
 71
     1
 72
     0
 11
-1.5
 21
-4.57508
 31
0.0
  0
ATTDEF
  5
F77
330
F72
100
AcDbEntity
  8
EPLAN500
 62
     7
100
AcDbText
 10
-11.2654032
 20
-8.90048
 30
0.0
 40
1.6254
  1
17_20027
  7
Tahoma
 72
     2
 11
-1.5
 21
-7.27508
 31
0.0
100
AcDbAttributeDefinition
  3
Technical characteristics
  2
17_20027
 70
     0
 74
     3
280
     0
 71
     1
 72
     0
 11
-1.5
 21
-7.27508
 31
0.0
  0
ATTDEF
  5
F78
330
F72
100
AcDbEntity
  8
EPLAN504
 62
     7
100
AcDbText
 10
-14.1959994
 20
-11.60048
 30
0.0
 40
1.6254
  1
17_20901[1]
  7
Tahoma
 72
     2
 11
-1.5
 21
-9.97508
 31
0.0
100
AcDbAttributeDefinition
  3
Supplementary field[1]
  2
17_20901[1]
 70
     0
 74
     3
280
     0
 71
     1
 72
     0
 11
-1.5
 21
-9.97508
 31
0.0
  0
ATTDEF
  5
F79
330
F72
100
AcDbEntity
  8
EPLAN501
 62
     7
100
AcDbText
 10
-11.2654032
 20
-14.30048
 30
0.0
 40
1.6254
  1
17_20011
  7
Tahoma
 72
     2
 11
-1.5
 21
-12.67508
 31
0.0
100
AcDbAttributeDefinition
  3
Function text
  2
17_20011
 70
     0
 74
     3
280
     0
 71
     1
 72
     0
 11
-1.5
 21
-12.67508
 31
0.0
  0
ATTDEF
  5
F7A
330
F72
100
AcDbEntity
  8
EPLAN502
 62
     7
100
AcDbText
 10
-11.2654032
 20
-17.00048
 30
0.0
 40
1.6254
  1
17_20025
  7
Tahoma
 72
     2
 11
-1.5
 21
-15.37508
 31
0.0
100
AcDbAttributeDefinition
  3
Engraving text
  2
17_20025
 70
     0
 74
     3
280
     0
 71
     1
 72
     0
 11
-1.5
 21
-15.37508
 31
0.0
  0
ATTDEF
  5
F7B
330
F72
100
AcDbEntity
  8
EPLAN503
 62
     7
100
AcDbText
 10
-11.2654032
 20
-19.70048
 30
0.0
 40
1.6254
  1
17_20024
  7
Tahoma
 72
     2
 11
-1.5
 21
-18.07508
 31
0.0
100
AcDbAttributeDefinition
  3
Mounting site (describing)
  2
17_20024
 70
     0
 74
     3
280
     0
 71
     1
 72
     0
 11
-1.5
 21
-18.07508
 31
0.0
  0
LWPOLYLINE
  5
F7C
330
F72
100
AcDbEntity
  8
EPLAN310
 48
16.0
370
    25
100
AcDbPolyline
 90
        4
 70
     1
 43
0.0
 10
0.0
 20
-240.0
 10
150.0
 20
-240.0
 10
150.0
 20
0.0
 10
0.0
 20
0.0
  0
ENDBLK
  5
F74
330
F72
100
AcDbEntity
  8
0
100
AcDbBlockEnd
  0
ENDSEC
  0
SECTION
  2
ENTITIES
  0
INSERT
  5
226
330
1F
100
AcDbEntity
  8
0
100
AcDbBlockReference
 66
     1
  2
EPLFRAME
 10
0.0
 20
0.0
 30
0.0
  0
ATTRIB
  5
227
330
226
100
AcDbEntity
  8
EPLAN452
 62
     7
100
AcDbText
 10
84.0
 20
52.0
 30
0.0
 40
6.501600000000001
  1

  7
Tahoma
100
AcDbAttribute
  2
4_11074[1]
 70
     0
280
     0
 71
     1
 72
     0
 11
0.0
 21
0.0
 31
0.0
  0
ATTRIB
  5
228
330
226
100
AcDbEntity
  8
EPLAN452
 62
     7
100
AcDbText
 10
4.0
 20
20.0
 30
0.0
 40
6.501600000000001
  1

  7
Tahoma
100
AcDbAttribute
  2
4_11071[3]
 70
     0
280
     0
 71
     1
 72
     0
 11
0.0
 21
0.0
 31
0.0
  0
ATTRIB
  5
229
330
226
100
AcDbEntity
  8
EPLAN452
 62
     7
100
AcDbText
 10
4.0
 20
52.0
 30
0.0
 40
6.501600000000001
  1

  7
Tahoma
100
AcDbAttribute
  2
4_11071[1]
 70
     0
280
     0
 71
     1
 72
     0
 11
0.0
 21
0.0
 31
0.0
  0
ATTRIB
  5
22A
330
226
100
AcDbEntity
  8
EPLAN452
 62
     7
100
AcDbText
 10
564.0
 20
4.0
 30
0.0
 40
6.501600000000001
  1

  7
Tahoma
 72
     2
 11
564.0
 21
4.0
 31
0.0
100
AcDbAttribute
  2
4_11085
 70
     0
280
     0
 71
     1
 72
     0
 11
564.0
 21
4.0
 31
0.0
  0
ATTRIB
  5
22B
330
226
100
AcDbEntity
  8
EPLAN451
 62
     7
100
AcDbText
 10
404.0
 20
20.0
 30
0.0
 40
9.030000000000001
  1
SPRINT 18K Panel Layout
  7
Tahoma
100
AcDbAttribute
  2
14_10011
 70
     0
280
     0
 71
     1
 72
     0
 11
0.0
 21
0.0
 31
0.0
  0
ATTRIB
  5
22C
330
226
100
AcDbEntity
  8
EPLAN452
 62
     7
100
AcDbText
 10
164.0
 20
52.0
 30
0.0
 40
6.501600000000001
  1

  7
Tahoma
100
AcDbAttribute
  2
4_11070[1]
 70
     0
280
     0
 71
     1
 72
     0
 11
0.0
 21
0.0
 31
0.0
  0
ATTRIB
  5
22D
330
226
100
AcDbEntity
  8
EPLAN452
 62
     7
100
AcDbText
 10
4.0
 20
68.0
 30
0.0
 40
9.030000000000001
  1
21
  7
Tahoma
100
AcDbAttribute
  2
4_11041
 70
     0
280
     0
 71
     1
 72
     0
 11
0.0
 21
0.0
 31
0.0
  0
ATTRIB
  5
22E
330
226
100
AcDbEntity
  8
EPLAN451
 62
     7
100
AcDbText
 10
1328.0
 20
20.0
 30
0.0
 40
6.501600000000001
  1
Ingredion_001
  7
Tahoma
100
AcDbAttribute
  2
14_10013
 70
     0
280
     0
 71
     1
 72
     0
 11
0.0
 21
0.0
 31
0.0
  0
ATTRIB
  5
22F
330
226
100
AcDbEntity
  8
EPLAN451
 62
     7
100
AcDbText
 10
404.0
 20
48.0
 30
0.0
 40
9.030000000000001
  1
THUM
  7
Tahoma
100
AcDbAttribute
  2
14_10014
 70
     0
280
     0
 71
     1
 72
     0
 11
0.0
 21
0.0
 31
0.0
  0
ATTRIB
  5
230
330
226
100
AcDbEntity
  8
EPLAN452
 62
     7
100
AcDbText
 10
84.0
 20
20.0
 30
0.0
 40
6.501600000000001
  1

  7
Tahoma
100
AcDbAttribute
  2
4_11074[3]
 70
     0
280
     0
 71
     1
 72
     0
 11
0.0
 21
0.0
 31
0.0
  0
ATTRIB
  5
231
330
226
100
AcDbEntity
  8
EPLAN452
 62
     7
100
AcDbText
 10
292.0
 20
36.0
 30
0.0
 40
6.501600000000001
  1
THUMWH
  7
Tahoma
100
AcDbAttribute
  2
4_11022
 70
     0
280
     0
 71
     1
 72
     0
 11
0.0
 21
0.0
 31
0.0
  0
ATTRIB
  5
232
330
226
100
AcDbEntity
  8
EPLAN451
 62
     7
100
AcDbText
 10
292.0
 20
4.0
 30
0.0
 40
6.501600000000001
  1

  7
Tahoma
100
AcDbAttribute
  2
14_10151
 70
     0
280
     0
 71
     1
 72
     0
 11
0.0
 21
0.0
 31
0.0
  0
ATTRIB
  5
233
330
226
100
AcDbEntity
  8
EPLAN452
 62
     7
100
AcDbText
 10
292.0
 20
20.0
 30
0.0
 40
6.501600000000001
  1

  7
Tahoma
100
AcDbAttribute
  2
4_11080
 70
     0
280
     0
 71
     1
 72
     0
 11
0.0
 21
0.0
 31
0.0
  0
ATTRIB
  5
234
330
226
100
AcDbEntity
  8
EPLAN452
 62
     7
100
AcDbText
 10
164.0
 20
36.0
 30
0.0
 40
6.501600000000001
  1

  7
Tahoma
100
AcDbAttribute
  2
4_11070[2]
 70
     0
280
     0
 71
     1
 72
     0
 11
0.0
 21
0.0
 31
0.0
  0
ATTRIB
  5
235
330
226
100
AcDbEntity
  8
EPLAN452
 62
     7
100
AcDbText
 10
4.0
 20
36.0
 30
0.0
 40
6.501600000000001
  1

  7
Tahoma
100
AcDbAttribute
  2
4_11071[2]
 70
     0
280
     0
 71
     1
 72
     0
 11
0.0
 21
0.0
 31
0.0
  0
ATTRIB
  5
236
330
226
100
AcDbEntity
  8
EPLAN452
 62
     7
100
AcDbText
 10
1496.0
 20
52.0
 30
0.0
 40
6.501600000000001
  1

  7
Tahoma
100
AcDbAttribute
  2
4_20132_1001
 70
     0
280
     0
 71
     1
 72
     0
 11
0.0
 21
0.0
 31
0.0
  0
ATTRIB
  5
237
330
226
100
AcDbEntity
  8
EPLAN452
 62
     7
100
AcDbText
 10
1496.0
 20
36.0
 30
0.0
 40
6.501600000000001
  1

  7
Tahoma
100
AcDbAttribute
  2
4_20134_1001
 70
     0
280
     0
 71
     1
 72
     0
 11
0.0
 21
0.0
 31
0.0
  0
ATTRIB
  5
238
330
226
100
AcDbEntity
  8
EPLAN452
 62
     7
100
AcDbText
 10
164.0
 20
20.0
 30
0.0
 40
6.501600000000001
  1

  7
Tahoma
100
AcDbAttribute
  2
4_11070[3]
 70
     0
280
     0
 71
     1
 72
     0
 11
0.0
 21
0.0
 31
0.0
  0
ATTRIB
  5
239
330
226
100
AcDbEntity
  8
EPLAN452
 62
     7
100
AcDbText
 10
924.0
 20
48.0
 30
0.0
 40
9.030000000000001
  1
JB-608 Panel
  7
Tahoma
100
AcDbAttribute
  2
4_11011
 70
     0
280
     0
 71
     1
 72
     0
 11
0.0
 21
0.0
 31
0.0
  0
ATTRIB
  5
23A
330
226
100
AcDbEntity
  8
EPLAN453
 62
     7
100
AcDbText
 10
249.965541
 20
1173.53900131068
 30
0.0
 40
5.418
  1
1
  7
Tahoma
 72
     1
 11
252.0
 21
1172.0
 31
0.0
100
AcDbAttribute
  2
53_19005
 70
     0
 74
     1
280
     0
 71
     1
 72
     0
 11
252.0
 21
1172.0
 31
0.0
  0
ATTRIB
  5
23B
330
226
100
AcDbEntity
  8
EPLAN452
 62
     7
100
AcDbText
 10
1204.0
 20
48.0
 30
0.0
 40
9.030000000000001
  1

  7
Tahoma
100
AcDbAttribute
  2
4_11030
 70
     0
280
     0
 71
     1
 72
     0
 11
0.0
 21
0.0
 31
0.0
  0
ATTRIB
  5
23C
330
226
100
AcDbEntity
  8
EPLAN453
 62
     7
100
AcDbText
 10
81.965541
 20
1173.53900131068
 30
0.0
 40
5.418
  1
0
  7
Tahoma
 72
     1
 11
84.0
 21
1172.0
 31
0.0
100
AcDbAttribute
  2
53_19005_1
 70
     0
 74
     1
280
     0
 71
     1
 72
     0
 11
84.0
 21
1172.0
 31
0.0
  0
ATTRIB
  5
23D
330
226
100
AcDbEntity
  8
EPLAN453
 62
     7
100
AcDbText
 10
1257.965541
 20
1173.53900131068
 30
0.0
 40
5.418
  1
7
  7
Tahoma
 72
     1
 11
1260.0
 21
1172.0
 31
0.0
100
AcDbAttribute
  2
53_19005_2
 70
     0
 74
     1
280
     0
 71
     1
 72
     0
 11
1260.0
 21
1172.0
 31
0.0
  0
ATTRIB
  5
23E
330
226
100
AcDbEntity
  8
EPLAN453
 62
     7
100
AcDbText
 10
1089.965541
 20
1173.53900131068
 30
0.0
 40
5.418
  1
6
  7
Tahoma
 72
     1
 11
1092.0
 21
1172.0
 31
0.0
100
AcDbAttribute
  2
53_19005_3
 70
     0
 74
     1
280
     0
 71
     1
 72
     0
 11
1092.0
 21
1172.0
 31
0.0
  0
ATTRIB
  5
23F
330
226
100
AcDbEntity
  8
EPLAN453
 62
     7
100
AcDbText
 10
1425.965541
 20
1173.53900131068
 30
0.0
 40
5.418
  1
8
  7
Tahoma
 72
     1
 11
1428.0
 21
1172.0
 31
0.0
100
AcDbAttribute
  2
53_19005_4
 70
     0
 74
     1
280
     0
 71
     1
 72
     0
 11
1428.0
 21
1172.0
 31
0.0
  0
ATTRIB
  5
240
330
226
100
AcDbEntity
  8
EPLAN453
 62
     7
100
AcDbText
 10
1593.965541
 20
1173.53900131068
 30
0.0
 40
5.418
  1
9
  7
Tahoma
 72
     1
 11
1596.0
 21
1172.0
 31
0.0
100
AcDbAttribute
  2
53_19005_5
 70
     0
 74
     1
280
     0
 71
     1
 72
     0
 11
1596.0
 21
1172.0
 31
0.0
  0
ATTRIB
  5
241
330
226
100
AcDbEntity
  8
EPLAN453
 62
     7
100
AcDbText
 10
585.965541
 20
1173.53900131068
 30
0.0
 40
5.418
  1
3
  7
Tahoma
 72
     1
 11
588.0
 21
1172.0
 31
0.0
100
AcDbAttribute
  2
53_19005_6
 70
     0
 74
     1
280
     0
 71
     1
 72
     0
 11
588.0
 21
1172.0
 31
0.0
  0
ATTRIB
  5
242
330
226
100
AcDbEntity
  8
EPLAN452
 62
     7
100
AcDbText
 10
84.0
 20
36.0
 30
0.0
 40
6.501600000000001
  1

  7
Tahoma
100
AcDbAttribute
  2
4_11074[2]
 70
     0
280
     0
 71
     1
 72
     0
 11
0.0
 21
0.0
 31
0.0
  0
ATTRIB
  5
243
330
226
100
AcDbEntity
  8
EPLAN451
 62
     7
100
AcDbText
 10
1660.0
 20
4.0
 30
0.0
 40
6.501600000000001
  1
40
  7
Tahoma
100
AcDbAttribute
  2
14_10300
 70
     0
280
     0
 71
     1
 72
     0
 11
0.0
 21
0.0
 31
0.0
  0
ATTRIB
  5
244
330
226
100
AcDbEntity
  8
EPLAN452
 62
     7
100
AcDbText
 10
1662.43694
 20
68.0
 30
0.0
 40
9.030000000000001
  1
23
  7
Tahoma
 72
     2
 11
1676.0
 21
68.0
 31
0.0
100
AcDbAttribute
  2
4_11040
 70
     0
280
     0
 71
     1
 72
     0
 11
1676.0
 21
68.0
 31
0.0
  0
ATTRIB
  5
245
330
226
100
AcDbEntity
  8
EPLAN453
 62
     7
100
AcDbText
 10
753.965541
 20
1173.53900131068
 30
0.0
 40
5.418
  1
4
  7
Tahoma
 72
     1
 11
756.0
 21
1172.0
 31
0.0
100
AcDbAttribute
  2
53_19005_7
 70
     0
 74
     1
280
     0
 71
     1
 72
     0
 11
756.0
 21
1172.0
 31
0.0
  0
ATTRIB
  5
246
330
226
100
AcDbEntity
  8
EPLAN452
 62
     7
100
AcDbText
 10
292.0
 20
52.0
 30
0.0
 40
6.501600000000001
  1
08/27/26
  7
Tahoma
100
AcDbAttribute
  2
4_11024
 70
     0
280
     0
 71
     1
 72
     0
 11
0.0
 21
0.0
 31
0.0
  0
ATTRIB
  5
247
330
226
100
AcDbEntity
  8
EPLAN451
 62
     7
100
AcDbText
 10
740.0
 20
48.0
 30
0.0
 40
9.030000000000001
  1
Ecomax
  7
Tahoma
100
AcDbAttribute
  2
14_10015
 70
     0
280
     0
 71
     1
 72
     0
 11
0.0
 21
0.0
 31
0.0
  0
ATTRIB
  5
248
330
226
100
AcDbEntity
  8
EPLAN452
 62
     7
100
AcDbText
 10
732.0
 20
4.0
 30
0.0
 40
6.501600000000001
  1

  7
Tahoma
 72
     2
 11
732.0
 21
4.0
 31
0.0
100
AcDbAttribute
  2
4_11086
 70
     0
280
     0
 71
     1
 72
     0
 11
732.0
 21
4.0
 31
0.0
  0
ATTRIB
  5
249
330
226
100
AcDbEntity
  8
EPLAN452
 62
     7
100
AcDbText
 10
1666.2345968
 20
20.0
 30
0.0
 40
6.501600000000001
  1
22
  7
Tahoma
 72
     2
 11
1676.0
 21
20.0
 31
0.0
100
AcDbAttribute
  2
4_11000
 70
     0
280
     0
 71
     1
 72
     0
 11
1676.0
 21
20.0
 31
0.0
  0
ATTRIB
  5
24A
330
226
100
AcDbEntity
  8
EPLAN453
 62
     7
100
AcDbText
 10
417.965541
 20
1173.53900131068
 30
0.0
 40
5.418
  1
2
  7
Tahoma
 72
     1
 11
420.0
 21
1172.0
 31
0.0
100
AcDbAttribute
  2
53_19005_8
 70
     0
 74
     1
280
     0
 71
     1
 72
     0
 11
420.0
 21
1172.0
 31
0.0
  0
ATTRIB
  5
24B
330
226
100
AcDbEntity
  8
EPLAN453
 62
     7
100
AcDbText
 10
921.965541
 20
1173.53900131068
 30
0.0
 40
5.418
  1
5
  7
Tahoma
 72
     1
 11
924.0
 21
1172.0
 31
0.0
100
AcDbAttribute
  2
53_19005_9
 70
     0
 74
     1
280
     0
 71
     1
 72
     0
 11
924.0
 21
1172.0
 31
0.0
  0
ATTRIB
  5
24C
330
226
100
AcDbEntity
  8
EPLAN452
 62
     7
100
AcDbText
 10
1204.0
 20
20.0
 30
0.0
 40
6.501600000000001
  1

  7
Tahoma
100
AcDbAttribute
  2
4_11059
 70
     0
280
     0
 71
     1
 72
     0
 11
0.0
 21
0.0
 31
0.0
  0
ATTRIB
  5
24D
330
226
100
AcDbEntity
  8
EPLAN451
 62
     7
100
AcDbText
 10
1642.2345968
 20
4.00000000000004
 30
0.0
 40
6.501600000000001
  1
22
  7
Tahoma
 72
     2
 11
1652.0
 21
4.00000000000004
 31
0.0
100
AcDbAttribute
  2
4_25020
 70
     0
280
     0
 71
     1
 72
     0
 11
1652.0
 21
4.00000000000004
 31
0.0
  0
SEQEND
  5
24E
330
226
100
AcDbEntity
  8
0
  0
TEXT
  5
252
102
{ACAD_REACTORS
330
251
102
}
330
1F
100
AcDbEntity
  8
EPLAN200
 62
     7
100
AcDbText
 10
21.4
 20
1129.6
 30
0.0
 40
21.672
  1
Enclosure legend
  7
Tahoma
100
AcDbText
  0
TEXT
  5
253
102
{ACAD_REACTORS
330
251
102
}
330
1F
100
AcDbEntity
  8
EPLAN452
 62
     7
100
AcDbText
 10
582.23631
 20
1129.6
 30
0.0
 40
9.030000000000001
  1
F18_005
  7
Tahoma
 72
     2
 11
629.4
 21
1129.6
 31
0.0
100
AcDbText
  0
INSERT
  5
265
102
{ACAD_REACTORS
330
24F
102
}
330
1F
100
AcDbEntity
  8
0
100
AcDbBlockReference
  2
EPLFORMHEADER_1
 10
21.4
 20
1113.6
 30
0.0
  0
INSERT
  5
276
102
{ACAD_REACTORS
330
24F
102
}
330
1F
100
AcDbEntity
  8
0
100
AcDbBlockReference
 66
     1
  2
EPLFORMDATA_1
 10
21.4
 20
1093.6
 30
0.0
  0
ATTRIB
  5
277
330
276
100
AcDbEntity
  8
EPLAN450
 62
     7
100
AcDbText
 10
143.4
 20
1081.69904
 30
0.0
 40
6.501600000000002
  1
Phoenix Contact
  7
Tahoma
 11
143.4
 21
1084.94984
 31
0.0
100
AcDbAttribute
  2
0_22222
 70
     0
 74
     2
280
     0
 71
     1
 72
     0
 11
143.4
 21
1084.94984
 31
0.0
  0
ATTRIB
  5
278
330
276
100
AcDbEntity
  8
EPLAN450
 62
     7
100
AcDbText
 10
257.4
 20
1081.69904
 30
0.0
 40
6.501600000000002
  1
3210567
  7
Tahoma
 11
257.4
 21
1084.94984
 31
0.0
100
AcDbAttribute
  2
0_22003
 70
     0
 74
     2
280
     0
 71
     1
 72
     0
 11
257.4
 21
1084.94984
 31
0.0
  0
ATTRIB
  5
279
330
276
100
AcDbEntity
  8
EPLAN450
 62
     7
100
AcDbText
 10
79.6345968
 20
1081.69904
 30
0.0
 40
6.501600000000002
  1
21
  7
Tahoma
 72
     2
 11
89.4
 21
1084.94984
 31
0.0
100
AcDbAttribute
  2
0_20450
 70
     0
 74
     2
280
     0
 71
     1
 72
     0
 11
89.4
 21
1084.94984
 31
0.0
  0
ATTRIB
  5
27A
330
276
100
AcDbEntity
  8
EPLAN450
 62
     7
100
AcDbText
 10
867.4
 20
1081.69904
 30
0.0
 40
6.501600000000002
  1
4
  7
Tahoma
 11
867.4
 21
1084.94984
 31
0.0
100
AcDbAttribute
  2
0_20102[1]
 70
     0
 74
     2
280
     0
 71
     1
 72
     0
 11
867.4
 21
1084.94984
 31
0.0
  0
ATTRIB
  5
27B
330
276
100
AcDbEntity
  8
EPLAN450
 62
     7
100
AcDbText
 10
389.4
 20
1081.69904
 30
0.0
 40
6.501600000000002
  1
Double-level terminal block
  7
Tahoma
 11
389.4
 21
1084.94984
 31
0.0
100
AcDbAttribute
  2
0_22004
 70
     0
 74
     2
280
     0
 71
     1
 72
     0
 11
389.4
 21
1084.94984
 31
0.0
  0
SEQEND
  5
27C
330
276
100
AcDbEntity
  8
0
  0
INSERT
  5
27D
102
{ACAD_REACTORS
330
24F
102
}
330
1F
100
AcDbEntity
  8
0
100
AcDbBlockReference
 66
     1
  2
EPLFORMDATA_1
 10
21.4
 20
1077.6
 30
0.0
  0
ATTRIB
  5
27E
330
27D
100
AcDbEntity
  8
EPLAN450
 62
     7
100
AcDbText
 10
143.4
 20
1065.69904
 30
0.0
 40
6.501600000000002
  1
Rittal
  7
Tahoma
 11
143.4
 21
1068.94984
 31
0.0
100
AcDbAttribute
  2
0_22222
 70
     0
 74
     2
280
     0
 71
     1
 72
     0
 11
143.4
 21
1068.94984
 31
0.0
  0
ATTRIB
  5
27F
330
27D
100
AcDbEntity
  8
EPLAN450
 62
     7
100
AcDbText
 10
257.4
 20
1065.69904
 30
0.0
 40
6.501600000000002
  1
9686820
  7
Tahoma
 11
257.4
 21
1068.94984
 31
0.0
100
AcDbAttribute
  2
0_22003
 70
     0
 74
     2
280
     0
 71
     1
 72
     0
 11
257.4
 21
1068.94984
 31
0.0
  0
ATTRIB
  5
280
330
27D
100
AcDbEntity
  8
EPLAN450
 62
     7
100
AcDbText
 10
79.6345968
 20
1065.69904
 30
0.0
 40
6.501600000000002
  1
22
  7
Tahoma
 72
     2
 11
89.4
 21
1068.94984
 31
0.0
100
AcDbAttribute
  2
0_20450
 70
     0
 74
     2
280
     0
 71
     1
 72
     0
 11
89.4
 21
1068.94984
 31
0.0
  0
ATTRIB
  5
281
330
27D
100
AcDbEntity
  8
EPLAN450
 62
     7
100
AcDbText
 10
867.4
 20
1065.69904
 30
0.0
 40
6.501600000000002
  1
1
  7
Tahoma
 11
867.4
 21
1068.94984
 31
0.0
100
AcDbAttribute
  2
0_20102[1]
 70
     0
 74
     2
280
     0
 71
     1
 72
     0
 11
867.4
 21
1068.94984
 31
0.0
  0
ATTRIB
  5
282
330
27D
100
AcDbEntity
  8
EPLAN450
 62
     7
100
AcDbText
 10
389.4
 20
1065.69904
 30
0.0
 40
6.501600000000002
  1
Filler piece
  7
Tahoma
 11
389.4
 21
1068.94984
 31
0.0
100
AcDbAttribute
  2
0_22004
 70
     0
 74
     2
280
     0
 71
     1
 72
     0
 11
389.4
 21
1068.94984
 31
0.0
  0
SEQEND
  5
283
330
27D
100
AcDbEntity
  8
0
  0
INSERT
  5
289
102
{ACAD_REACTORS
330
24F
102
}
330
1F
100
AcDbEntity
  8
0
100
AcDbBlockReference
  2
EPLFORMFOOTER_1
 10
21.4
 20
1061.6
 30
0.0
  0
LWPOLYLINE
  5
28B
102
{ACAD_REACTORS
330
28A
102
}
330
1F
100
AcDbEntity
  8
EPLAN100
 48
6.0
370
     0
100
AcDbPolyline
 90
        4
 70
     1
 43
0.0
 10
854.0
 20
287.2
 10
892.0
 20
287.2
 10
892.0
 20
293.2
 10
854.0
 20
293.2
  0
TEXT
  5
28C
102
{ACAD_REACTORS
330
28A
102
}
330
1F
100
AcDbEntity
  8
EPLAN108
 62
     5
100
AcDbText
 10
868.0
 20
288.6412505461165
 30
0.0
 40
2.2575
  1
JB-608TB
  7
Tahoma
 11
868.0
 21
288.0
 31
0.0
100
AcDbText
 73
     1
  0
LINE
  5
28F
102
{ACAD_REACTORS
330
28E
102
}
330
1F
100
AcDbEntity
  8
MAIN-2
100
AcDbLine
 10
861.1360107492601
 20
281.3500000000099
 30
0.0
 11
861.1360107492601
 21
286.50000000001
 31
0.0
  0
LINE
  5
290
102
{ACAD_REACTORS
330
28E
102
}
330
1F
100
AcDbEntity
  8
MAIN-2
100
AcDbLine
 10
858.8500002887199
 20
286.50000000001
 30
0.0
 11
858.8500002887199
 21
281.3500000000099
 31
0.0
  0
ARC
  5
291
102
{ACAD_REACTORS
330
28E
102
}
330
1F
100
AcDbEntity
  8
MAIN-1
100
AcDbCircle
 10
869.4500005955599
 20
283.9749995294201
 30
0.0
 40
1.0
100
AcDbArc
 50
113.5781872978851
 51
179.9999812760317
  0
ARC
  5
292
102
{ACAD_REACTORS
330
28E
102
}
330
1F
100
AcDbEntity
  8
MAIN-1
100
AcDbCircle
 10
869.4500005955599
 20
283.9749995294201
 30
0.0
 40
1.0
100
AcDbArc
 50
0.0000187239685635
 51
66.4218127021151
  0
LINE
  5
293
102
{ACAD_REACTORS
330
28E
102
}
330
1F
100
AcDbEntity
  8
MAIN-1
100
AcDbLine
 10
866.17811584472
 20
282.45000002385
 30
0.0
 11
866.1772766113199
 21
282.5235637188
 31
0.0
  0
LINE
  5
294
102
{ACAD_REACTORS
330
28E
102
}
330
1F
100
AcDbEntity
  8
MAIN-1
100
AcDbLine
 10
866.1772766113199
 20
282.5235637188
 30
0.0
 11
866.1764411926199
 21
282.5980894327199
 31
0.0
  0
LINE
  5
295
102
{ACAD_REACTORS
330
28E
102
}
330
1F
100
AcDbEntity
  8
MAIN-1
100
AcDbLine
 10
866.1764411926199
 20
282.5980894327199
 30
0.0
 11
866.1756134033201
 21
282.6736831426699
 31
0.0
  0
LINE
  5
296
102
{ACAD_REACTORS
330
28E
102
}
330
1F
100
AcDbEntity
  8
MAIN-1
100
AcDbLine
 10
866.1756134033201
 20
282.6736831426699
 30
0.0
 11
866.1747970581
 21
282.75048849583
 31
0.0
  0
LINE
  5
297
102
{ACAD_REACTORS
330
28E
102
}
330
1F
100
AcDbEntity
  8
MAIN-1
100
AcDbLine
 10
866.1747970581
 20
282.75048849583
 30
0.0
 11
866.1739883422799
 21
282.8286493778301
 31
0.0
  0
LINE
  5
298
102
{ACAD_REACTORS
330
28E
102
}
330
1F
100
AcDbEntity
  8
MAIN-1
100
AcDbLine
 10
866.1739883422799
 20
282.8286493778301
 30
0.0
 11
866.17319107055
 21
282.90835783482
 31
0.0
  0
LINE
  5
299
102
{ACAD_REACTORS
330
28E
102
}
330
1F
100
AcDbEntity
  8
MAIN-1
100
AcDbLine
 10
866.17319107055
 20
282.90835783482
 30
0.0
 11
866.1724052429099
 21
282.9898234367399
 31
0.0
  0
LINE
  5
29A
102
{ACAD_REACTORS
330
28E
102
}
330
1F
100
AcDbEntity
  8
MAIN-1
100
AcDbLine
 10
866.1724052429099
 20
282.9898234367399
 30
0.0
 11
866.17163848876
 21
283.0733189344501
 31
0.0
  0
LINE
  5
29B
102
{ACAD_REACTORS
330
28E
102
}
330
1F
100
AcDbEntity
  8
MAIN-1
100
AcDbLine
 10
866.17163848876
 20
283.0733189344501
 30
0.0
 11
866.1708908081
 21
283.15913853646
 31
0.0
  0
LINE
  5
29C
102
{ACAD_REACTORS
330
28E
102
}
330
1F
100
AcDbEntity
  8
MAIN-1
100
AcDbLine
 10
866.1708908081
 20
283.15913853646
 30
0.0
 11
866.17016983032
 21
283.24764428139
 31
0.0
  0
LINE
  5
29D
102
{ACAD_REACTORS
330
28E
102
}
330
1F
100
AcDbEntity
  8
MAIN-1
100
AcDbLine
 10
866.17016983032
 20
283.24764428139
 30
0.0
 11
866.1694755554099
 21
283.33926210404
 31
0.0
  0
LINE
  5
29E
102
{ACAD_REACTORS
330
28E
102
}
330
1F
100
AcDbEntity
  8
MAIN-1
100
AcDbLine
 10
866.1694755554099
 20
283.33926210404
 30
0.0
 11
866.16881942749
 21
283.43446192742
 31
0.0
  0
LINE
  5
29F
102
{ACAD_REACTORS
330
28E
102
}
330
1F
100
AcDbEntity
  8
MAIN-1
100
AcDbLine
 10
866.16881942749
 20
283.43446192742
 30
0.0
 11
866.16821289062
 21
283.5338228702601
 31
0.0
  0
LINE
  5
2A0
102
{ACAD_REACTORS
330
28E
102
}
330
1F
100
AcDbEntity
  8
MAIN-1
100
AcDbLine
 10
866.16821289062
 20
283.5338228702601
 30
0.0
 11
866.1676712036101
 21
283.63783297539
 31
0.0
  0
LINE
  5
2A1
102
{ACAD_REACTORS
330
28E
102
}
330
1F
100
AcDbEntity
  8
MAIN-1
100
AcDbLine
 10
866.1676712036101
 20
283.63783297539
 30
0.0
 11
866.16720962524
 21
283.7468667984101
 31
0.0
  0
LINE
  5
2A2
102
{ACAD_REACTORS
330
28E
102
}
330
1F
100
AcDbEntity
  8
MAIN-1
100
AcDbLine
 10
866.16720962524
 20
283.7468667984101
 30
0.0
 11
866.1668510437
 21
283.8608625888901
 31
0.0
  0
LINE
  5
2A3
102
{ACAD_REACTORS
330
28E
102
}
330
1F
100
AcDbEntity
  8
MAIN-1
100
AcDbLine
 10
866.1668510437
 20
283.8608625888901
 30
0.0
 11
866.16662216186
 21
283.9791863918399
 31
0.0
  0
LINE
  5
2A4
102
{ACAD_REACTORS
330
28E
102
}
330
1F
100
AcDbEntity
  8
MAIN-1
100
AcDbLine
 10
866.16662216186
 20
283.9791863918399
 30
0.0
 11
866.1665458679099
 21
284.1000000000099
 31
0.0
  0
LINE
  5
2A5
102
{ACAD_REACTORS
330
28E
102
}
330
1F
100
AcDbEntity
  8
MAIN-1
100
AcDbLine
 10
864.74999999999
 20
282.45000002385
 30
0.0
 11
864.84190368652
 21
282.45000002385
 31
0.0
  0
LINE
  5
2A6
102
{ACAD_REACTORS
330
28E
102
}
330
1F
100
AcDbEntity
  8
MAIN-1
100
AcDbLine
 10
864.84190368652
 20
282.45000002385
 30
0.0
 11
864.93301010131
 21
282.45000002385
 31
0.0
  0
LINE
  5
2A7
102
{ACAD_REACTORS
330
28E
102
}
330
1F
100
AcDbEntity
  8
MAIN-1
100
AcDbLine
 10
864.93301010131
 20
282.45000002385
 30
0.0
 11
865.02255630493
 21
282.45000002385
 31
0.0
  0
LINE
  5
2A8
102
{ACAD_REACTORS
330
28E
102
}
330
1F
100
AcDbEntity
  8
MAIN-1
100
AcDbLine
 10
865.02255630493
 20
282.45000002385
 30
0.0
 11
865.1100349426199
 21
282.45000002385
 31
0.0
  0
LINE
  5
2A9
102
{ACAD_REACTORS
330
28E
102
}
330
1F
100
AcDbEntity
  8
MAIN-1
100
AcDbLine
 10
865.1100349426199
 20
282.45000002385
 30
0.0
 11
865.1951713562
 21
282.45000002385
 31
0.0
  0
LINE
  5
2AA
102
{ACAD_REACTORS
330
28E
102
}
330
1F
100
AcDbEntity
  8
MAIN-1
100
AcDbLine
 10
865.1951713562
 20
282.45000002385
 30
0.0
 11
865.27785491943
 21
282.45000002385
 31
0.0
  0
LINE
  5
2AB
102
{ACAD_REACTORS
330
28E
102
}
330
1F
100
AcDbEntity
  8
MAIN-1
100
AcDbLine
 10
865.27785491943
 20
282.45000002385
 30
0.0
 11
865.35803604125
 21
282.45000002385
 31
0.0
  0
LINE
  5
2AC
102
{ACAD_REACTORS
330
28E
102
}
330
1F
100
AcDbEntity
  8
MAIN-1
100
AcDbLine
 10
865.35803604125
 20
282.45000002385
 30
0.0
 11
865.4358558654701
 21
282.45000002385
 31
0.0
  0
LINE
  5
2AD
102
{ACAD_REACTORS
330
28E
102
}
330
1F
100
AcDbEntity
  8
MAIN-1
100
AcDbLine
 10
865.4358558654701
 20
282.45000002385
 30
0.0
 11
865.51147079467
 21
282.45000002385
 31
0.0
  0
LINE
  5
2AE
102
{ACAD_REACTORS
330
28E
102
}
330
1F
100
AcDbEntity
  8
MAIN-1
100
AcDbLine
 10
865.51147079467
 20
282.45000002385
 30
0.0
 11
865.5849266052201
 21
282.45000002385
 31
0.0
  0
LINE
  5
2AF
102
{ACAD_REACTORS
330
28E
102
}
330
1F
100
AcDbEntity
  8
MAIN-1
100
AcDbLine
 10
865.5849266052201
 20
282.45000002385
 30
0.0
 11
865.65650558471
 21
282.45000002385
 31
0.0
  0
LINE
  5
2B0
102
{ACAD_REACTORS
330
28E
102
}
330
1F
100
AcDbEntity
  8
MAIN-1
100
AcDbLine
 10
865.65650558471
 20
282.45000002385
 30
0.0
 11
865.7263603210399
 21
282.45000002385
 31
0.0
  0
LINE
  5
2B1
102
{ACAD_REACTORS
330
28E
102
}
330
1F
100
AcDbEntity
  8
MAIN-1
100
AcDbLine
 10
865.7263603210399
 20
282.45000002385
 30
0.0
 11
865.7946319580001
 21
282.45000002385
 31
0.0
  0
LINE
  5
2B2
102
{ACAD_REACTORS
330
28E
102
}
330
1F
100
AcDbEntity
  8
MAIN-1
100
AcDbLine
 10
865.7946319580001
 20
282.45000002385
 30
0.0
 11
865.8614578247
 21
282.45000002385
 31
0.0
  0
LINE
  5
2B3
102
{ACAD_REACTORS
330
28E
102
}
330
1F
100
AcDbEntity
  8
MAIN-1
100
AcDbLine
 10
865.8614578247
 20
282.45000002385
 30
0.0
 11
865.92697906494
 21
282.45000002385
 31
0.0
  0
LINE
  5
2B4
102
{ACAD_REACTORS
330
28E
102
}
330
1F
100
AcDbEntity
  8
MAIN-1
100
AcDbLine
 10
865.92697906494
 20
282.45000002385
 30
0.0
 11
865.99131011962
 21
282.45000002385
 31
0.0
  0
LINE
  5
2B5
102
{ACAD_REACTORS
330
28E
102
}
330
1F
100
AcDbEntity
  8
MAIN-1
100
AcDbLine
 10
865.99131011962
 20
282.45000002385
 30
0.0
 11
866.05455017089
 21
282.45000002385
 31
0.0
  0
LINE
  5
2B6
102
{ACAD_REACTORS
330
28E
102
}
330
1F
100
AcDbEntity
  8
MAIN-1
100
AcDbLine
 10
866.05455017089
 20
282.45000002385
 30
0.0
 11
866.11679458618
 21
282.45000002385
 31
0.0
  0
LINE
  5
2B7
102
{ACAD_REACTORS
330
28E
102
}
330
1F
100
AcDbEntity
  8
MAIN-1
100
AcDbLine
 10
866.11679458618
 20
282.45000002385
 30
0.0
 11
866.17811584472
 21
282.45000002385
 31
0.0
  0
LINE
  5
2B8
102
{ACAD_REACTORS
330
28E
102
}
330
1F
100
AcDbEntity
  8
MAIN-1
100
AcDbLine
 10
864.75000059752
 20
282.4500000010901
 30
0.0
 11
864.75000059751
 21
281.70000000101
 31
0.0
  0
ARC
  5
2B9
102
{ACAD_REACTORS
330
28E
102
}
330
1F
100
AcDbEntity
  8
MAIN-1
100
AcDbCircle
 10
864.75000059746
 20
284.1000000010599
 30
0.0
 40
2.40000000000532
100
AcDbArc
 50
0.0000187239685635
 51
65.37564906398576
  0
LINE
  5
2BA
102
{ACAD_REACTORS
330
28E
102
}
330
1F
100
AcDbEntity
  8
MAIN-1
100
AcDbLine
 10
865.74999999999
 20
286.2817421913201
 30
0.0
 11
865.69813156127
 21
286.30477867127
 31
0.0
  0
LINE
  5
2BB
102
{ACAD_REACTORS
330
28E
102
}
330
1F
100
AcDbEntity
  8
MAIN-1
100
AcDbLine
 10
865.69813156127
 20
286.30477867127
 30
0.0
 11
865.6438789367601
 21
286.3273259163
 31
0.0
  0
LINE
  5
2BC
102
{ACAD_REACTORS
330
28E
102
}
330
1F
100
AcDbEntity
  8
MAIN-1
100
AcDbLine
 10
865.6438789367601
 20
286.3273259163
 30
0.0
 11
865.58726882934
 21
286.3492184638999
 31
0.0
  0
LINE
  5
2BD
102
{ACAD_REACTORS
330
28E
102
}
330
1F
100
AcDbEntity
  8
MAIN-1
100
AcDbLine
 10
865.58726882934
 20
286.3492184638999
 30
0.0
 11
865.5282859802201
 21
286.3703027725301
 31
0.0
  0
LINE
  5
2BE
102
{ACAD_REACTORS
330
28E
102
}
330
1F
100
AcDbEntity
  8
MAIN-1
100
AcDbLine
 10
865.5282859802201
 20
286.3703027725301
 30
0.0
 11
865.46693801879
 21
286.39041433335
 31
0.0
  0
LINE
  5
2BF
102
{ACAD_REACTORS
330
28E
102
}
330
1F
100
AcDbEntity
  8
MAIN-1
100
AcDbLine
 10
865.46693801879
 20
286.39041433335
 30
0.0
 11
865.40328979492
 21
286.4093752861099
 31
0.0
  0
LINE
  5
2C0
102
{ACAD_REACTORS
330
28E
102
}
330
1F
100
AcDbEntity
  8
MAIN-1
100
AcDbLine
 10
865.40328979492
 20
286.4093752861099
 30
0.0
 11
865.33740615844
 21
286.4270058631901
 31
0.0
  0
LINE
  5
2C1
102
{ACAD_REACTORS
330
28E
102
}
330
1F
100
AcDbEntity
  8
MAIN-1
100
AcDbLine
 10
865.33740615844
 20
286.4270058631901
 30
0.0
 11
865.26943206787
 21
286.4431153297501
 31
0.0
  0
LINE
  5
2C2
102
{ACAD_REACTORS
330
28E
102
}
330
1F
100
AcDbEntity
  8
MAIN-1
100
AcDbLine
 10
865.26943206787
 20
286.4431153297501
 30
0.0
 11
865.1994056701601
 21
286.4575487136899
 31
0.0
  0
LINE
  5
2C3
102
{ACAD_REACTORS
330
28E
102
}
330
1F
100
AcDbEntity
  8
MAIN-1
100
AcDbLine
 10
865.1994056701601
 20
286.4575487136899
 30
0.0
 11
865.12755584716
 21
286.47011671067
 31
0.0
  0
LINE
  5
2C4
102
{ACAD_REACTORS
330
28E
102
}
330
1F
100
AcDbEntity
  8
MAIN-1
100
AcDbLine
 10
865.12755584716
 20
286.47011671067
 30
0.0
 11
865.05410385131
 21
286.4806552887001
 31
0.0
  0
LINE
  5
2C5
102
{ACAD_REACTORS
330
28E
102
}
330
1F
100
AcDbEntity
  8
MAIN-1
100
AcDbLine
 10
865.05410385131
 20
286.4806552887001
 30
0.0
 11
864.9793357849101
 21
286.4890175819401
 31
0.0
  0
LINE
  5
2C6
102
{ACAD_REACTORS
330
28E
102
}
330
1F
100
AcDbEntity
  8
MAIN-1
100
AcDbLine
 10
864.9793357849101
 20
286.4890175819401
 30
0.0
 11
864.9034957885699
 21
286.4950867652899
 31
0.0
  0
LINE
  5
2C7
102
{ACAD_REACTORS
330
28E
102
}
330
1F
100
AcDbEntity
  8
MAIN-1
100
AcDbLine
 10
864.9034957885699
 20
286.4950867652899
 30
0.0
 11
864.82692718505
 21
286.4987669944801
 31
0.0
  0
LINE
  5
2C8
102
{ACAD_REACTORS
330
28E
102
}
330
1F
100
AcDbEntity
  8
MAIN-1
100
AcDbLine
 10
864.82692718505
 20
286.4987669944801
 30
0.0
 11
864.74999999999
 21
286.5000000953701
 31
0.0
  0
ARC
  5
2C9
102
{ACAD_REACTORS
330
28E
102
}
330
1F
100
AcDbEntity
  8
MAIN-1
100
AcDbCircle
 10
864.1500005974799
 20
284.1000000010599
 30
0.0
 40
2.40000000000532
100
AcDbArc
 50
179.9999812760317
 51
269.9999801521574
  0
ARC
  5
2CA
102
{ACAD_REACTORS
330
28E
102
}
330
1F
100
AcDbEntity
  8
MAIN-1
100
AcDbCircle
 10
884.3500682510801
 20
283.9749995310001
 30
0.0
 40
1.0
100
AcDbArc
 50
293.5781674500425
 51
0.0000187239685635
  0
ARC
  5
2CB
102
{ACAD_REACTORS
330
28E
102
}
330
1F
100
AcDbEntity
  8
MAIN-1
100
AcDbCircle
 10
884.3500682510801
 20
283.9749995310001
 30
0.0
 40
1.0
100
AcDbArc
 50
179.9999812760317
 51
246.4218325499577
  0
LINE
  5
2CC
102
{ACAD_REACTORS
330
28E
102
}
330
1F
100
AcDbEntity
  8
MAIN-1
100
AcDbLine
 10
887.6237335205001
 20
285.59218511582
 30
0.0
 11
887.6245059967
 21
285.52150449753
 31
0.0
  0
LINE
  5
2CD
102
{ACAD_REACTORS
330
28E
102
}
330
1F
100
AcDbEntity
  8
MAIN-1
100
AcDbLine
 10
887.6245059967
 20
285.52150449753
 30
0.0
 11
887.6252708435
 21
285.44977006913
 31
0.0
  0
LINE
  5
2CE
102
{ACAD_REACTORS
330
28E
102
}
330
1F
100
AcDbEntity
  8
MAIN-1
100
AcDbLine
 10
887.6252708435
 20
285.44977006913
 30
0.0
 11
887.6260261535599
 21
285.3768487930299
 31
0.0
  0
LINE
  5
2CF
102
{ACAD_REACTORS
330
28E
102
}
330
1F
100
AcDbEntity
  8
MAIN-1
100
AcDbLine
 10
887.6260261535599
 20
285.3768487930299
 30
0.0
 11
887.6267719268701
 21
285.3025942802501
 31
0.0
  0
LINE
  5
2D0
102
{ACAD_REACTORS
330
28E
102
}
330
1F
100
AcDbEntity
  8
MAIN-1
100
AcDbLine
 10
887.6267719268701
 20
285.3025942802501
 30
0.0
 11
887.6275043487501
 21
285.2268348693899
 31
0.0
  0
LINE
  5
2D1
102
{ACAD_REACTORS
330
28E
102
}
330
1F
100
AcDbEntity
  8
MAIN-1
100
AcDbLine
 10
887.6275043487501
 20
285.2268348693899
 30
0.0
 11
887.6282253265299
 21
285.14935669899
 31
0.0
  0
LINE
  5
2D2
102
{ACAD_REACTORS
330
28E
102
}
330
1F
100
AcDbEntity
  8
MAIN-1
100
AcDbLine
 10
887.6282253265299
 20
285.14935669899
 30
0.0
 11
887.62892913818
 21
285.0699261188599
 31
0.0
  0
LINE
  5
2D3
102
{ACAD_REACTORS
330
28E
102
}
330
1F
100
AcDbEntity
  8
MAIN-1
100
AcDbLine
 10
887.62892913818
 20
285.0699261188599
 30
0.0
 11
887.62961196899
 21
284.9882701397
 31
0.0
  0
LINE
  5
2D4
102
{ACAD_REACTORS
330
28E
102
}
330
1F
100
AcDbEntity
  8
MAIN-1
100
AcDbLine
 10
887.62961196899
 20
284.9882701397
 30
0.0
 11
887.63027191162
 21
284.9040602207201
 31
0.0
  0
LINE
  5
2D5
102
{ACAD_REACTORS
330
28E
102
}
330
1F
100
AcDbEntity
  8
MAIN-1
100
AcDbLine
 10
887.63027191162
 20
284.9040602207201
 30
0.0
 11
887.6309032440099
 21
284.8169198989899
 31
0.0
  0
LINE
  5
2D6
102
{ACAD_REACTORS
330
28E
102
}
330
1F
100
AcDbEntity
  8
MAIN-1
100
AcDbLine
 10
887.6309032440099
 20
284.8169198989899
 30
0.0
 11
887.63149642944
 21
284.7264553070099
 31
0.0
  0
LINE
  5
2D7
102
{ACAD_REACTORS
330
28E
102
}
330
1F
100
AcDbEntity
  8
MAIN-1
100
AcDbLine
 10
887.63149642944
 20
284.7264553070099
 30
0.0
 11
887.6320419311501
 21
284.63213429451
 31
0.0
  0
LINE
  5
2D8
102
{ACAD_REACTORS
330
28E
102
}
330
1F
100
AcDbEntity
  8
MAIN-1
100
AcDbLine
 10
887.6320419311501
 20
284.63213429451
 30
0.0
 11
887.6325283050501
 21
284.5336621761401
 31
0.0
  0
LINE
  5
2D9
102
{ACAD_REACTORS
330
28E
102
}
330
1F
100
AcDbEntity
  8
MAIN-1
100
AcDbLine
 10
887.6325283050501
 20
284.5336621761401
 30
0.0
 11
887.63294029235
 21
284.43077311516
 31
0.0
  0
LINE
  5
2DA
102
{ACAD_REACTORS
330
28E
102
}
330
1F
100
AcDbEntity
  8
MAIN-1
100
AcDbLine
 10
887.63294029235
 20
284.43077311516
 30
0.0
 11
887.6332550048801
 21
284.3235724926001
 31
0.0
  0
LINE
  5
2DB
102
{ACAD_REACTORS
330
28E
102
}
330
1F
100
AcDbEntity
  8
MAIN-1
100
AcDbLine
 10
887.6332550048801
 20
284.3235724926001
 30
0.0
 11
887.6334552764799
 21
284.2127989292201
 31
0.0
  0
LINE
  5
2DC
102
{ACAD_REACTORS
330
28E
102
}
330
1F
100
AcDbEntity
  8
MAIN-1
100
AcDbLine
 10
887.6334552764799
 20
284.2127989292201
 30
0.0
 11
887.63352394103
 21
284.1000000000099
 31
0.0
  0
LINE
  5
2DD
102
{ACAD_REACTORS
330
28E
102
}
330
1F
100
AcDbEntity
  8
MAIN-1
100
AcDbLine
 10
889.05006790161
 20
285.56815824509
 30
0.0
 11
888.95521926879
 21
285.56980667115
 31
0.0
  0
LINE
  5
2DE
102
{ACAD_REACTORS
330
28E
102
}
330
1F
100
AcDbEntity
  8
MAIN-1
100
AcDbLine
 10
888.95521926879
 20
285.56980667115
 30
0.0
 11
888.8617477416899
 21
285.5714231491099
 31
0.0
  0
LINE
  5
2DF
102
{ACAD_REACTORS
330
28E
102
}
330
1F
100
AcDbEntity
  8
MAIN-1
100
AcDbLine
 10
888.8617477416899
 20
285.5714231491099
 30
0.0
 11
888.7705554962099
 21
285.5729914665301
 31
0.0
  0
LINE
  5
2E0
102
{ACAD_REACTORS
330
28E
102
}
330
1F
100
AcDbEntity
  8
MAIN-1
100
AcDbLine
 10
888.7705554962099
 20
285.5729914665301
 30
0.0
 11
888.68215370178
 21
285.57450494767
 31
0.0
  0
LINE
  5
2E1
102
{ACAD_REACTORS
330
28E
102
}
330
1F
100
AcDbEntity
  8
MAIN-1
100
AcDbLine
 10
888.68215370178
 20
285.57450494767
 30
0.0
 11
888.5967292785599
 21
285.5759607315099
 31
0.0
  0
LINE
  5
2E2
102
{ACAD_REACTORS
330
28E
102
}
330
1F
100
AcDbEntity
  8
MAIN-1
100
AcDbLine
 10
888.5967292785599
 20
285.5759607315099
 30
0.0
 11
888.5142307281401
 21
285.5773602485699
 31
0.0
  0
LINE
  5
2E3
102
{ACAD_REACTORS
330
28E
102
}
330
1F
100
AcDbEntity
  8
MAIN-1
100
AcDbLine
 10
888.5142307281401
 20
285.5773602485699
 30
0.0
 11
888.43457603454
 21
285.5787068367099
 31
0.0
  0
LINE
  5
2E4
102
{ACAD_REACTORS
330
28E
102
}
330
1F
100
AcDbEntity
  8
MAIN-1
100
AcDbLine
 10
888.43457603454
 20
285.5787068367099
 30
0.0
 11
888.3575057983301
 21
285.58000478745
 31
0.0
  0
LINE
  5
2E5
102
{ACAD_REACTORS
330
28E
102
}
330
1F
100
AcDbEntity
  8
MAIN-1
100
AcDbLine
 10
888.3575057983301
 20
285.58000478745
 30
0.0
 11
888.2827701568599
 21
285.58125934601
 31
0.0
  0
LINE
  5
2E6
102
{ACAD_REACTORS
330
28E
102
}
330
1F
100
AcDbEntity
  8
MAIN-1
100
AcDbLine
 10
888.2827701568599
 20
285.58125934601
 30
0.0
 11
888.2102470397899
 21
285.58247337342
 31
0.0
  0
LINE
  5
2E7
102
{ACAD_REACTORS
330
28E
102
}
330
1F
100
AcDbEntity
  8
MAIN-1
100
AcDbLine
 10
888.2102470397899
 20
285.58247337342
 30
0.0
 11
888.13962554931
 21
285.5836521148699
 31
0.0
  0
LINE
  5
2E8
102
{ACAD_REACTORS
330
28E
102
}
330
1F
100
AcDbEntity
  8
MAIN-1
100
AcDbLine
 10
888.13962554931
 20
285.5836521148699
 30
0.0
 11
888.07070350646
 21
285.5847998619099
 31
0.0
  0
LINE
  5
2E9
102
{ACAD_REACTORS
330
28E
102
}
330
1F
100
AcDbEntity
  8
MAIN-1
100
AcDbLine
 10
888.07070350646
 20
285.5847998619099
 30
0.0
 11
888.00332260131
 21
285.5859194755601
 31
0.0
  0
LINE
  5
2EA
102
{ACAD_REACTORS
330
28E
102
}
330
1F
100
AcDbEntity
  8
MAIN-1
100
AcDbLine
 10
888.00332260131
 20
285.5859194755601
 30
0.0
 11
887.9373245239201
 21
285.5870133400001
 31
0.0
  0
LINE
  5
2EB
102
{ACAD_REACTORS
330
28E
102
}
330
1F
100
AcDbEntity
  8
MAIN-1
100
AcDbLine
 10
887.9373245239201
 20
285.5870133400001
 30
0.0
 11
887.87256813049
 21
285.5880847931001
 31
0.0
  0
LINE
  5
2EC
102
{ACAD_REACTORS
330
28E
102
}
330
1F
100
AcDbEntity
  8
MAIN-1
100
AcDbLine
 10
887.87256813049
 20
285.5880847931001
 30
0.0
 11
887.8089275360101
 21
285.5891357421899
 31
0.0
  0
LINE
  5
2ED
102
{ACAD_REACTORS
330
28E
102
}
330
1F
100
AcDbEntity
  8
MAIN-1
100
AcDbLine
 10
887.8089275360101
 20
285.5891357421899
 30
0.0
 11
887.7463016510001
 21
285.59016857148
 31
0.0
  0
LINE
  5
2EE
102
{ACAD_REACTORS
330
28E
102
}
330
1F
100
AcDbEntity
  8
MAIN-1
100
AcDbLine
 10
887.7463016510001
 20
285.59016857148
 30
0.0
 11
887.68459701538
 21
285.5911847114601
 31
0.0
  0
LINE
  5
2EF
102
{ACAD_REACTORS
330
28E
102
}
330
1F
100
AcDbEntity
  8
MAIN-1
100
AcDbLine
 10
887.68459701538
 20
285.5911847114601
 30
0.0
 11
887.6237335205001
 21
285.59218511582
 31
0.0
  0
LINE
  5
2F0
102
{ACAD_REACTORS
330
28E
102
}
330
1F
100
AcDbEntity
  8
MAIN-1
100
AcDbLine
 10
889.0500682491199
 20
285.5681581347401
 30
0.0
 11
889.0500682491299
 21
286.50000000001
 31
0.0
  0
ARC
  5
2F1
102
{ACAD_REACTORS
330
28E
102
}
330
1F
100
AcDbEntity
  8
MAIN-1
100
AcDbCircle
 10
889.6500682491701
 20
284.1000000026399
 30
0.0
 40
2.40000000000532
100
AcDbArc
 50
0.0000187239685635
 51
65.37564906398576
  0
LINE
  5
2F2
102
{ACAD_REACTORS
330
28E
102
}
330
1F
100
AcDbEntity
  8
MAIN-1
100
AcDbLine
 10
889.6500682830799
 20
286.5000000953701
 30
0.0
 11
889.7324771881099
 21
286.49858484269
 31
0.0
  0
LINE
  5
2F3
102
{ACAD_REACTORS
330
28E
102
}
330
1F
100
AcDbEntity
  8
MAIN-1
100
AcDbLine
 10
889.7324771881099
 20
286.49858484269
 30
0.0
 11
889.81445503234
 21
286.49436340333
 31
0.0
  0
LINE
  5
2F4
102
{ACAD_REACTORS
330
28E
102
}
330
1F
100
AcDbEntity
  8
MAIN-1
100
AcDbLine
 10
889.81445503234
 20
286.49436340333
 30
0.0
 11
889.89550971984
 21
286.4874168396
 31
0.0
  0
LINE
  5
2F5
102
{ACAD_REACTORS
330
28E
102
}
330
1F
100
AcDbEntity
  8
MAIN-1
100
AcDbLine
 10
889.89550971984
 20
286.4874168396
 30
0.0
 11
889.9753055572501
 21
286.4778605461199
 31
0.0
  0
LINE
  5
2F6
102
{ACAD_REACTORS
330
28E
102
}
330
1F
100
AcDbEntity
  8
MAIN-1
100
AcDbLine
 10
889.9753055572501
 20
286.4778605461199
 30
0.0
 11
890.05348014831
 21
286.4658523559599
 31
0.0
  0
LINE
  5
2F7
102
{ACAD_REACTORS
330
28E
102
}
330
1F
100
AcDbEntity
  8
MAIN-1
100
AcDbLine
 10
890.05348014831
 20
286.4658523559599
 30
0.0
 11
890.12977600097
 21
286.45156965256
 31
0.0
  0
LINE
  5
2F8
102
{ACAD_REACTORS
330
28E
102
}
330
1F
100
AcDbEntity
  8
MAIN-1
100
AcDbLine
 10
890.12977600097
 20
286.45156965256
 30
0.0
 11
890.2037410736
 21
286.4352618217499
 31
0.0
  0
LINE
  5
2F9
102
{ACAD_REACTORS
330
28E
102
}
330
1F
100
AcDbEntity
  8
MAIN-1
100
AcDbLine
 10
890.2037410736
 20
286.4352618217499
 30
0.0
 11
890.27539634704
 21
286.41710243226
 31
0.0
  0
LINE
  5
2FA
102
{ACAD_REACTORS
330
28E
102
}
330
1F
100
AcDbEntity
  8
MAIN-1
100
AcDbLine
 10
890.27539634704
 20
286.41710243226
 30
0.0
 11
890.3445415496799
 21
286.39732608796
 31
0.0
  0
LINE
  5
2FB
102
{ACAD_REACTORS
330
28E
102
}
330
1F
100
AcDbEntity
  8
MAIN-1
100
AcDbLine
 10
890.3445415496799
 20
286.39732608796
 30
0.0
 11
890.4110717773401
 21
286.37615308762
 31
0.0
  0
LINE
  5
2FC
102
{ACAD_REACTORS
330
28E
102
}
330
1F
100
AcDbEntity
  8
MAIN-1
100
AcDbLine
 10
890.4110717773401
 20
286.37615308762
 30
0.0
 11
890.47487258911
 21
286.35381898881
 31
0.0
  0
LINE
  5
2FD
102
{ACAD_REACTORS
330
28E
102
}
330
1F
100
AcDbEntity
  8
MAIN-1
100
AcDbLine
 10
890.47487258911
 20
286.35381898881
 30
0.0
 11
890.53599548339
 21
286.3305002212601
 31
0.0
  0
LINE
  5
2FE
102
{ACAD_REACTORS
330
28E
102
}
330
1F
100
AcDbEntity
  8
MAIN-1
100
AcDbLine
 10
890.53599548339
 20
286.3305002212601
 30
0.0
 11
890.5944099426199
 21
286.3064037322999
 31
0.0
  0
LINE
  5
2FF
102
{ACAD_REACTORS
330
28E
102
}
330
1F
100
AcDbEntity
  8
MAIN-1
100
AcDbLine
 10
890.5944099426199
 20
286.3064037322999
 30
0.0
 11
890.6500682830799
 21
286.2817421913201
 31
0.0
  0
ARC
  5
300
102
{ACAD_REACTORS
330
28E
102
}
330
1F
100
AcDbEntity
  8
MAIN-1
100
AcDbCircle
 10
889.05006824919
 20
284.1000000026399
 30
0.0
 40
2.40000000000532
100
AcDbArc
 50
179.9999812760317
 51
270.0000198478429
  0
ARC
  5
301
102
{ACAD_REACTORS
330
28E
102
}
330
1F
100
AcDbEntity
  8
MAIN-1
100
AcDbCircle
 10
904.6000002887499
 20
284.1000000008301
 30
0.0
 40
2.40000000000532
100
AcDbArc
 50
0.0000187239685635
 51
65.37564906398576
  0
LINE
  5
302
102
{ACAD_REACTORS
330
28E
102
}
330
1F
100
AcDbEntity
  8
MAIN-1
100
AcDbLine
 10
904.60000038146
 20
286.5000000953701
 30
0.0
 11
904.6769266128499
 21
286.4987669944801
 31
0.0
  0
LINE
  5
303
102
{ACAD_REACTORS
330
28E
102
}
330
1F
100
AcDbEntity
  8
MAIN-1
100
AcDbLine
 10
904.6769266128499
 20
286.4987669944801
 30
0.0
 11
904.7534956932
 21
286.49508628846
 31
0.0
  0
LINE
  5
304
102
{ACAD_REACTORS
330
28E
102
}
330
1F
100
AcDbEntity
  8
MAIN-1
100
AcDbLine
 10
904.7534956932
 20
286.49508628846
 30
0.0
 11
904.8293242454499
 21
286.4890185356201
 31
0.0
  0
LINE
  5
305
102
{ACAD_REACTORS
330
28E
102
}
330
1F
100
AcDbEntity
  8
MAIN-1
100
AcDbLine
 10
904.8293242454499
 20
286.4890185356201
 30
0.0
 11
904.9041070938099
 21
286.4806552887001
 31
0.0
  0
LINE
  5
306
102
{ACAD_REACTORS
330
28E
102
}
330
1F
100
AcDbEntity
  8
MAIN-1
100
AcDbLine
 10
904.9041070938099
 20
286.4806552887001
 30
0.0
 11
904.9775595664901
 21
286.47011575699
 31
0.0
  0
LINE
  5
307
102
{ACAD_REACTORS
330
28E
102
}
330
1F
100
AcDbEntity
  8
MAIN-1
100
AcDbLine
 10
904.9775595664901
 20
286.47011575699
 30
0.0
 11
905.0494444370199
 21
286.4575410842899
 31
0.0
  0
LINE
  5
308
102
{ACAD_REACTORS
330
28E
102
}
330
1F
100
AcDbEntity
  8
MAIN-1
100
AcDbLine
 10
905.0494444370199
 20
286.4575410842899
 30
0.0
 11
905.1194639205901
 21
286.44310817719
 31
0.0
  0
LINE
  5
309
102
{ACAD_REACTORS
330
28E
102
}
330
1F
100
AcDbEntity
  8
MAIN-1
100
AcDbLine
 10
905.1194639205901
 20
286.44310817719
 30
0.0
 11
905.1874060630701
 21
286.42700538636
 31
0.0
  0
LINE
  5
30A
102
{ACAD_REACTORS
330
28E
102
}
330
1F
100
AcDbEntity
  8
MAIN-1
100
AcDbLine
 10
905.1874060630701
 20
286.42700538636
 30
0.0
 11
905.2532918453201
 21
286.4093743324299
 31
0.0
  0
LINE
  5
30B
102
{ACAD_REACTORS
330
28E
102
}
330
1F
100
AcDbEntity
  8
MAIN-1
100
AcDbLine
 10
905.2532918453201
 20
286.4093743324299
 30
0.0
 11
905.31694293022
 21
286.39041337967
 31
0.0
  0
LINE
  5
30C
102
{ACAD_REACTORS
330
28E
102
}
330
1F
100
AcDbEntity
  8
MAIN-1
100
AcDbLine
 10
905.31694293022
 20
286.39041337967
 30
0.0
 11
905.37828826904
 21
286.37030134202
 31
0.0
  0
LINE
  5
30D
102
{ACAD_REACTORS
330
28E
102
}
330
1F
100
AcDbEntity
  8
MAIN-1
100
AcDbLine
 10
905.37828826904
 20
286.37030134202
 30
0.0
 11
905.4372420310899
 21
286.3492280006501
 31
0.0
  0
LINE
  5
30E
102
{ACAD_REACTORS
330
28E
102
}
330
1F
100
AcDbEntity
  8
MAIN-1
100
AcDbLine
 10
905.4372420310899
 20
286.3492280006501
 30
0.0
 11
905.4938759803699
 21
286.3273273468101
 31
0.0
  0
LINE
  5
30F
102
{ACAD_REACTORS
330
28E
102
}
330
1F
100
AcDbEntity
  8
MAIN-1
100
AcDbLine
 10
905.4938759803699
 20
286.3273273468101
 30
0.0
 11
905.5481390953
 21
286.30477485657
 31
0.0
  0
LINE
  5
310
102
{ACAD_REACTORS
330
28E
102
}
330
1F
100
AcDbEntity
  8
MAIN-1
100
AcDbLine
 10
905.5481390953
 20
286.30477485657
 30
0.0
 11
905.60000038146
 21
286.2817421913201
 31
0.0
  0
ARC
  5
311
102
{ACAD_REACTORS
330
28E
102
}
330
1F
100
AcDbEntity
  8
MAIN-1
100
AcDbCircle
 10
904.00000028878
 20
284.1000000008301
 30
0.0
 40
2.40000000000532
100
AcDbArc
 50
179.9999812760317
 51
270.0000198478429
  0
LINE
  5
312
102
{ACAD_REACTORS
330
28E
102
}
330
1F
100
AcDbEntity
  8
MAIN-1
100
AcDbLine
 10
902.5736665725699
 20
285.59218511582
 30
0.0
 11
902.57443809509
 21
285.52150449753
 31
0.0
  0
LINE
  5
313
102
{ACAD_REACTORS
330
28E
102
}
330
1F
100
AcDbEntity
  8
MAIN-1
100
AcDbLine
 10
902.57443809509
 20
285.52150449753
 30
0.0
 11
902.57520198821
 21
285.44977006913
 31
0.0
  0
LINE
  5
314
102
{ACAD_REACTORS
330
28E
102
}
330
1F
100
AcDbEntity
  8
MAIN-1
100
AcDbLine
 10
902.57520198821
 20
285.44977006913
 30
0.0
 11
902.57595777511
 21
285.3768487930299
 31
0.0
  0
LINE
  5
315
102
{ACAD_REACTORS
330
28E
102
}
330
1F
100
AcDbEntity
  8
MAIN-1
100
AcDbLine
 10
902.57595777511
 20
285.3768487930299
 30
0.0
 11
902.5767030715899
 21
285.3025942802501
 31
0.0
  0
LINE
  5
316
102
{ACAD_REACTORS
330
28E
102
}
330
1F
100
AcDbEntity
  8
MAIN-1
100
AcDbLine
 10
902.5767030715899
 20
285.3025942802501
 30
0.0
 11
902.57743692398
 21
285.2268348693899
 31
0.0
  0
LINE
  5
317
102
{ACAD_REACTORS
330
28E
102
}
330
1F
100
AcDbEntity
  8
MAIN-1
100
AcDbLine
 10
902.57743692398
 20
285.2268348693899
 30
0.0
 11
902.57815694808
 21
285.14935669899
 31
0.0
  0
LINE
  5
318
102
{ACAD_REACTORS
330
28E
102
}
330
1F
100
AcDbEntity
  8
MAIN-1
100
AcDbLine
 10
902.57815694808
 20
285.14935669899
 30
0.0
 11
902.5788607597301
 21
285.0699261188599
 31
0.0
  0
LINE
  5
319
102
{ACAD_REACTORS
330
28E
102
}
330
1F
100
AcDbEntity
  8
MAIN-1
100
AcDbLine
 10
902.5788607597301
 20
285.0699261188599
 30
0.0
 11
902.5795450210501
 21
284.9882701397
 31
0.0
  0
LINE
  5
31A
102
{ACAD_REACTORS
330
28E
102
}
330
1F
100
AcDbEntity
  8
MAIN-1
100
AcDbLine
 10
902.5795450210501
 20
284.9882701397
 30
0.0
 11
902.58020496368
 21
284.9040602207201
 31
0.0
  0
LINE
  5
31B
102
{ACAD_REACTORS
330
28E
102
}
330
1F
100
AcDbEntity
  8
MAIN-1
100
AcDbLine
 10
902.58020496368
 20
284.9040602207201
 30
0.0
 11
902.5808348655601
 21
284.8169198989899
 31
0.0
  0
LINE
  5
31C
102
{ACAD_REACTORS
330
28E
102
}
330
1F
100
AcDbEntity
  8
MAIN-1
100
AcDbLine
 10
902.5808348655601
 20
284.8169198989899
 30
0.0
 11
902.5814280509901
 21
284.7264553070099
 31
0.0
  0
LINE
  5
31D
102
{ACAD_REACTORS
330
28E
102
}
330
1F
100
AcDbEntity
  8
MAIN-1
100
AcDbLine
 10
902.5814280509901
 20
284.7264553070099
 30
0.0
 11
902.58197450637
 21
284.63213429451
 31
0.0
  0
LINE
  5
31E
102
{ACAD_REACTORS
330
28E
102
}
330
1F
100
AcDbEntity
  8
MAIN-1
100
AcDbLine
 10
902.58197450637
 20
284.63213429451
 30
0.0
 11
902.5824613571101
 21
284.5336621761401
 31
0.0
  0
LINE
  5
31F
102
{ACAD_REACTORS
330
28E
102
}
330
1F
100
AcDbEntity
  8
MAIN-1
100
AcDbLine
 10
902.5824613571101
 20
284.5336621761401
 30
0.0
 11
902.5828719138999
 21
284.43077311516
 31
0.0
  0
LINE
  5
320
102
{ACAD_REACTORS
330
28E
102
}
330
1F
100
AcDbEntity
  8
MAIN-1
100
AcDbLine
 10
902.5828719138999
 20
284.43077311516
 30
0.0
 11
902.5831875801
 21
284.3235722541899
 31
0.0
  0
LINE
  5
321
102
{ACAD_REACTORS
330
28E
102
}
330
1F
100
AcDbEntity
  8
MAIN-1
100
AcDbLine
 10
902.5831875801
 20
284.3235722541899
 30
0.0
 11
902.5833878517101
 21
284.2127989292201
 31
0.0
  0
LINE
  5
322
102
{ACAD_REACTORS
330
28E
102
}
330
1F
100
AcDbEntity
  8
MAIN-1
100
AcDbLine
 10
902.5833878517101
 20
284.2127989292201
 30
0.0
 11
902.58345651626
 21
284.1000000000099
 31
0.0
  0
LINE
  5
323
102
{ACAD_REACTORS
330
28E
102
}
330
1F
100
AcDbEntity
  8
MAIN-1
100
AcDbLine
 10
904.0000004768301
 20
285.56815824509
 30
0.0
 11
903.90515041351
 21
285.56980667115
 31
0.0
  0
LINE
  5
324
102
{ACAD_REACTORS
330
28E
102
}
330
1F
100
AcDbEntity
  8
MAIN-1
100
AcDbLine
 10
903.90515041351
 20
285.56980667115
 30
0.0
 11
903.8116798400799
 21
285.5714231491099
 31
0.0
  0
LINE
  5
325
102
{ACAD_REACTORS
330
28E
102
}
330
1F
100
AcDbEntity
  8
MAIN-1
100
AcDbLine
 10
903.8116798400799
 20
285.5714231491099
 30
0.0
 11
903.7204875946
 21
285.5729914665301
 31
0.0
  0
LINE
  5
326
102
{ACAD_REACTORS
330
28E
102
}
330
1F
100
AcDbEntity
  8
MAIN-1
100
AcDbLine
 10
903.7204875946
 20
285.5729914665301
 30
0.0
 11
903.6320862770001
 21
285.57450494767
 31
0.0
  0
LINE
  5
327
102
{ACAD_REACTORS
330
28E
102
}
330
1F
100
AcDbEntity
  8
MAIN-1
100
AcDbLine
 10
903.6320862770001
 20
285.57450494767
 30
0.0
 11
903.5466604232699
 21
285.5759607315099
 31
0.0
  0
LINE
  5
328
102
{ACAD_REACTORS
330
28E
102
}
330
1F
100
AcDbEntity
  8
MAIN-1
100
AcDbLine
 10
903.5466604232699
 20
285.5759607315099
 30
0.0
 11
903.46416330337
 21
285.5773602485699
 31
0.0
  0
LINE
  5
329
102
{ACAD_REACTORS
330
28E
102
}
330
1F
100
AcDbEntity
  8
MAIN-1
100
AcDbLine
 10
903.46416330337
 20
285.5773602485699
 30
0.0
 11
903.3845076560899
 21
285.5787068367099
 31
0.0
  0
LINE
  5
32A
102
{ACAD_REACTORS
330
28E
102
}
330
1F
100
AcDbEntity
  8
MAIN-1
100
AcDbLine
 10
903.3845076560899
 20
285.5787068367099
 30
0.0
 11
903.30743741989
 21
285.58000478745
 31
0.0
  0
LINE
  5
32B
102
{ACAD_REACTORS
330
28E
102
}
330
1F
100
AcDbEntity
  8
MAIN-1
100
AcDbLine
 10
903.30743741989
 20
285.58000478745
 30
0.0
 11
903.2327032089199
 21
285.58125934601
 31
0.0
  0
LINE
  5
32C
102
{ACAD_REACTORS
330
28E
102
}
330
1F
100
AcDbEntity
  8
MAIN-1
100
AcDbLine
 10
903.2327032089199
 20
285.58125934601
 30
0.0
 11
903.16017913818
 21
285.58247337342
 31
0.0
  0
LINE
  5
32D
102
{ACAD_REACTORS
330
28E
102
}
330
1F
100
AcDbEntity
  8
MAIN-1
100
AcDbLine
 10
903.16017913818
 20
285.58247337342
 30
0.0
 11
903.0895566940301
 21
285.5836521148699
 31
0.0
  0
LINE
  5
32E
102
{ACAD_REACTORS
330
28E
102
}
330
1F
100
AcDbEntity
  8
MAIN-1
100
AcDbLine
 10
903.0895566940301
 20
285.5836521148699
 30
0.0
 11
903.02063560485
 21
285.5847998619099
 31
0.0
  0
LINE
  5
32F
102
{ACAD_REACTORS
330
28E
102
}
330
1F
100
AcDbEntity
  8
MAIN-1
100
AcDbLine
 10
903.02063560485
 20
285.5847998619099
 30
0.0
 11
902.95325374603
 21
285.5859194755601
 31
0.0
  0
LINE
  5
330
102
{ACAD_REACTORS
330
28E
102
}
330
1F
100
AcDbEntity
  8
MAIN-1
100
AcDbLine
 10
902.95325374603
 20
285.5859194755601
 30
0.0
 11
902.8872566223099
 21
285.5870133400001
 31
0.0
  0
LINE
  5
331
102
{ACAD_REACTORS
330
28E
102
}
330
1F
100
AcDbEntity
  8
MAIN-1
100
AcDbLine
 10
902.8872566223099
 20
285.5870133400001
 30
0.0
 11
902.8224992752
 21
285.5880847931001
 31
0.0
  0
LINE
  5
332
102
{ACAD_REACTORS
330
28E
102
}
330
1F
100
AcDbEntity
  8
MAIN-1
100
AcDbLine
 10
902.8224992752
 20
285.5880847931001
 30
0.0
 11
902.75886011123
 21
285.5891357421899
 31
0.0
  0
LINE
  5
333
102
{ACAD_REACTORS
330
28E
102
}
330
1F
100
AcDbEntity
  8
MAIN-1
100
AcDbLine
 10
902.75886011123
 20
285.5891357421899
 30
0.0
 11
902.6962337493801
 21
285.59016857148
 31
0.0
  0
LINE
  5
334
102
{ACAD_REACTORS
330
28E
102
}
330
1F
100
AcDbEntity
  8
MAIN-1
100
AcDbLine
 10
902.6962337493801
 20
285.59016857148
 30
0.0
 11
902.6345286369301
 21
285.5911847114601
 31
0.0
  0
LINE
  5
335
102
{ACAD_REACTORS
330
28E
102
}
330
1F
100
AcDbEntity
  8
MAIN-1
100
AcDbLine
 10
902.6345286369301
 20
285.5911847114601
 30
0.0
 11
902.5736665725699
 21
285.59218511582
 31
0.0
  0
LINE
  5
336
102
{ACAD_REACTORS
330
28E
102
}
330
1F
100
AcDbEntity
  8
MAIN-1
100
AcDbLine
 10
904.00000028871
 20
285.56815813293
 30
0.0
 11
904.00000028872
 21
286.50000000001
 31
0.0
  0
ARC
  5
337
102
{ACAD_REACTORS
330
28E
102
}
330
1F
100
AcDbEntity
  8
MAIN-1
100
AcDbCircle
 10
899.3000002906699
 20
283.9749995292
 30
0.0
 40
1.0
100
AcDbArc
 50
293.5781674500425
 51
0.0000187239685635
  0
ARC
  5
338
102
{ACAD_REACTORS
330
28E
102
}
330
1F
100
AcDbEntity
  8
MAIN-1
100
AcDbCircle
 10
899.3000002906699
 20
283.9749995292
 30
0.0
 40
1.0
100
AcDbArc
 50
179.9999812760317
 51
246.4218325499577
  0
LINE
  5
339
102
{ACAD_REACTORS
330
28E
102
}
330
1F
100
AcDbEntity
  8
MAIN-1
100
AcDbLine
 10
847.67811584472
 20
282.45000002385
 30
0.0
 11
847.6772766113199
 21
282.5235637188
 31
0.0
  0
LINE
  5
33A
102
{ACAD_REACTORS
330
28E
102
}
330
1F
100
AcDbEntity
  8
MAIN-1
100
AcDbLine
 10
847.6772766113199
 20
282.5235637188
 30
0.0
 11
847.6764411926199
 21
282.5980894327199
 31
0.0
  0
LINE
  5
33B
102
{ACAD_REACTORS
330
28E
102
}
330
1F
100
AcDbEntity
  8
MAIN-1
100
AcDbLine
 10
847.6764411926199
 20
282.5980894327199
 30
0.0
 11
847.6756134033201
 21
282.6736831426699
 31
0.0
  0
LINE
  5
33C
102
{ACAD_REACTORS
330
28E
102
}
330
1F
100
AcDbEntity
  8
MAIN-1
100
AcDbLine
 10
847.6756134033201
 20
282.6736831426699
 30
0.0
 11
847.6747970581
 21
282.75048849583
 31
0.0
  0
LINE
  5
33D
102
{ACAD_REACTORS
330
28E
102
}
330
1F
100
AcDbEntity
  8
MAIN-1
100
AcDbLine
 10
847.6747970581
 20
282.75048849583
 30
0.0
 11
847.6739883422799
 21
282.8286493778301
 31
0.0
  0
LINE
  5
33E
102
{ACAD_REACTORS
330
28E
102
}
330
1F
100
AcDbEntity
  8
MAIN-1
100
AcDbLine
 10
847.6739883422799
 20
282.8286493778301
 30
0.0
 11
847.67319107055
 21
282.90835783482
 31
0.0
  0
LINE
  5
33F
102
{ACAD_REACTORS
330
28E
102
}
330
1F
100
AcDbEntity
  8
MAIN-1
100
AcDbLine
 10
847.67319107055
 20
282.90835783482
 30
0.0
 11
847.6724052429099
 21
282.9898234367399
 31
0.0
  0
LINE
  5
340
102
{ACAD_REACTORS
330
28E
102
}
330
1F
100
AcDbEntity
  8
MAIN-1
100
AcDbLine
 10
847.6724052429099
 20
282.9898234367399
 30
0.0
 11
847.67163848876
 21
283.0733189344501
 31
0.0
  0
LINE
  5
341
102
{ACAD_REACTORS
330
28E
102
}
330
1F
100
AcDbEntity
  8
MAIN-1
100
AcDbLine
 10
847.67163848876
 20
283.0733189344501
 30
0.0
 11
847.6708908081
 21
283.15913853646
 31
0.0
  0
LINE
  5
342
102
{ACAD_REACTORS
330
28E
102
}
330
1F
100
AcDbEntity
  8
MAIN-1
100
AcDbLine
 10
847.6708908081
 20
283.15913853646
 30
0.0
 11
847.67016983032
 21
283.24764428139
 31
0.0
  0
LINE
  5
343
102
{ACAD_REACTORS
330
28E
102
}
330
1F
100
AcDbEntity
  8
MAIN-1
100
AcDbLine
 10
847.67016983032
 20
283.24764428139
 30
0.0
 11
847.6694755554099
 21
283.33926210404
 31
0.0
  0
LINE
  5
344
102
{ACAD_REACTORS
330
28E
102
}
330
1F
100
AcDbEntity
  8
MAIN-1
100
AcDbLine
 10
847.6694755554099
 20
283.33926210404
 30
0.0
 11
847.66881942749
 21
283.43446192742
 31
0.0
  0
LINE
  5
345
102
{ACAD_REACTORS
330
28E
102
}
330
1F
100
AcDbEntity
  8
MAIN-1
100
AcDbLine
 10
847.66881942749
 20
283.43446192742
 30
0.0
 11
847.66821289062
 21
283.5338228702601
 31
0.0
  0
LINE
  5
346
102
{ACAD_REACTORS
330
28E
102
}
330
1F
100
AcDbEntity
  8
MAIN-1
100
AcDbLine
 10
847.66821289062
 20
283.5338228702601
 30
0.0
 11
847.6676712036101
 21
283.63783297539
 31
0.0
  0
LINE
  5
347
102
{ACAD_REACTORS
330
28E
102
}
330
1F
100
AcDbEntity
  8
MAIN-1
100
AcDbLine
 10
847.6676712036101
 20
283.63783297539
 30
0.0
 11
847.66720962524
 21
283.7468667984101
 31
0.0
  0
LINE
  5
348
102
{ACAD_REACTORS
330
28E
102
}
330
1F
100
AcDbEntity
  8
MAIN-1
100
AcDbLine
 10
847.66720962524
 20
283.7468667984101
 30
0.0
 11
847.6668510437
 21
283.8608625888901
 31
0.0
  0
LINE
  5
349
102
{ACAD_REACTORS
330
28E
102
}
330
1F
100
AcDbEntity
  8
MAIN-1
100
AcDbLine
 10
847.6668510437
 20
283.8608625888901
 30
0.0
 11
847.66662216186
 21
283.9791863918399
 31
0.0
  0
LINE
  5
34A
102
{ACAD_REACTORS
330
28E
102
}
330
1F
100
AcDbEntity
  8
MAIN-1
100
AcDbLine
 10
847.66662216186
 20
283.9791863918399
 30
0.0
 11
847.6665458679099
 21
284.1000000000099
 31
0.0
  0
LINE
  5
34B
102
{ACAD_REACTORS
330
28E
102
}
330
1F
100
AcDbEntity
  8
MAIN-1
100
AcDbLine
 10
846.24999999999
 20
282.45000002385
 30
0.0
 11
846.34190368652
 21
282.45000002385
 31
0.0
  0
LINE
  5
34C
102
{ACAD_REACTORS
330
28E
102
}
330
1F
100
AcDbEntity
  8
MAIN-1
100
AcDbLine
 10
846.34190368652
 20
282.45000002385
 30
0.0
 11
846.43301010131
 21
282.45000002385
 31
0.0
  0
LINE
  5
34D
102
{ACAD_REACTORS
330
28E
102
}
330
1F
100
AcDbEntity
  8
MAIN-1
100
AcDbLine
 10
846.43301010131
 20
282.45000002385
 30
0.0
 11
846.52255630493
 21
282.45000002385
 31
0.0
  0
LINE
  5
34E
102
{ACAD_REACTORS
330
28E
102
}
330
1F
100
AcDbEntity
  8
MAIN-1
100
AcDbLine
 10
846.52255630493
 20
282.45000002385
 30
0.0
 11
846.6100349426199
 21
282.45000002385
 31
0.0
  0
LINE
  5
34F
102
{ACAD_REACTORS
330
28E
102
}
330
1F
100
AcDbEntity
  8
MAIN-1
100
AcDbLine
 10
846.6100349426199
 20
282.45000002385
 30
0.0
 11
846.6951713562
 21
282.45000002385
 31
0.0
  0
LINE
  5
350
102
{ACAD_REACTORS
330
28E
102
}
330
1F
100
AcDbEntity
  8
MAIN-1
100
AcDbLine
 10
846.6951713562
 20
282.45000002385
 30
0.0
 11
846.77785491943
 21
282.45000002385
 31
0.0
  0
LINE
  5
351
102
{ACAD_REACTORS
330
28E
102
}
330
1F
100
AcDbEntity
  8
MAIN-1
100
AcDbLine
 10
846.77785491943
 20
282.45000002385
 30
0.0
 11
846.85803604125
 21
282.45000002385
 31
0.0
  0
LINE
  5
352
102
{ACAD_REACTORS
330
28E
102
}
330
1F
100
AcDbEntity
  8
MAIN-1
100
AcDbLine
 10
846.85803604125
 20
282.45000002385
 30
0.0
 11
846.9358558654701
 21
282.45000002385
 31
0.0
  0
LINE
  5
353
102
{ACAD_REACTORS
330
28E
102
}
330
1F
100
AcDbEntity
  8
MAIN-1
100
AcDbLine
 10
846.9358558654701
 20
282.45000002385
 30
0.0
 11
847.01147079467
 21
282.45000002385
 31
0.0
  0
LINE
  5
354
102
{ACAD_REACTORS
330
28E
102
}
330
1F
100
AcDbEntity
  8
MAIN-1
100
AcDbLine
 10
847.01147079467
 20
282.45000002385
 30
0.0
 11
847.0849266052201
 21
282.45000002385
 31
0.0
  0
LINE
  5
355
102
{ACAD_REACTORS
330
28E
102
}
330
1F
100
AcDbEntity
  8
MAIN-1
100
AcDbLine
 10
847.0849266052201
 20
282.45000002385
 30
0.0
 11
847.15650558471
 21
282.45000002385
 31
0.0
  0
LINE
  5
356
102
{ACAD_REACTORS
330
28E
102
}
330
1F
100
AcDbEntity
  8
MAIN-1
100
AcDbLine
 10
847.15650558471
 20
282.45000002385
 30
0.0
 11
847.2263603210399
 21
282.45000002385
 31
0.0
  0
LINE
  5
357
102
{ACAD_REACTORS
330
28E
102
}
330
1F
100
AcDbEntity
  8
MAIN-1
100
AcDbLine
 10
847.2263603210399
 20
282.45000002385
 30
0.0
 11
847.2946319580001
 21
282.45000002385
 31
0.0
  0
LINE
  5
358
102
{ACAD_REACTORS
330
28E
102
}
330
1F
100
AcDbEntity
  8
MAIN-1
100
AcDbLine
 10
847.2946319580001
 20
282.45000002385
 30
0.0
 11
847.3614578247
 21
282.45000002385
 31
0.0
  0
LINE
  5
359
102
{ACAD_REACTORS
330
28E
102
}
330
1F
100
AcDbEntity
  8
MAIN-1
100
AcDbLine
 10
847.3614578247
 20
282.45000002385
 30
0.0
 11
847.42697906494
 21
282.45000002385
 31
0.0
  0
LINE
  5
35A
102
{ACAD_REACTORS
330
28E
102
}
330
1F
100
AcDbEntity
  8
MAIN-1
100
AcDbLine
 10
847.42697906494
 20
282.45000002385
 30
0.0
 11
847.49131011962
 21
282.45000002385
 31
0.0
  0
LINE
  5
35B
102
{ACAD_REACTORS
330
28E
102
}
330
1F
100
AcDbEntity
  8
MAIN-1
100
AcDbLine
 10
847.49131011962
 20
282.45000002385
 30
0.0
 11
847.55455017089
 21
282.45000002385
 31
0.0
  0
LINE
  5
35C
102
{ACAD_REACTORS
330
28E
102
}
330
1F
100
AcDbEntity
  8
MAIN-1
100
AcDbLine
 10
847.55455017089
 20
282.45000002385
 30
0.0
 11
847.61679458618
 21
282.45000002385
 31
0.0
  0
LINE
  5
35D
102
{ACAD_REACTORS
330
28E
102
}
330
1F
100
AcDbEntity
  8
MAIN-1
100
AcDbLine
 10
847.61679458618
 20
282.45000002385
 30
0.0
 11
847.67811584472
 21
282.45000002385
 31
0.0
  0
LINE
  5
35E
102
{ACAD_REACTORS
330
28E
102
}
330
1F
100
AcDbEntity
  8
MAIN-1
100
AcDbLine
 10
846.25000059786
 20
282.45000000102
 30
0.0
 11
846.25000059785
 21
281.70000000092
 31
0.0
  0
ARC
  5
35F
102
{ACAD_REACTORS
330
28E
102
}
330
1F
100
AcDbEntity
  8
MAIN-1
100
AcDbCircle
 10
850.9500005959001
 20
283.97499952933
 30
0.0
 40
1.0
100
AcDbArc
 50
113.5781872978851
 51
179.9999812760317
  0
ARC
  5
360
102
{ACAD_REACTORS
330
28E
102
}
330
1F
100
AcDbEntity
  8
MAIN-1
100
AcDbCircle
 10
846.2500005978
 20
284.1000000009701
 30
0.0
 40
2.40000000000532
100
AcDbArc
 50
0.0000187239685635
 51
65.37564906398576
  0
LINE
  5
361
102
{ACAD_REACTORS
330
28E
102
}
330
1F
100
AcDbEntity
  8
MAIN-1
100
AcDbLine
 10
847.24999999999
 20
286.2817421913201
 30
0.0
 11
847.19813156127
 21
286.30477867127
 31
0.0
  0
LINE
  5
362
102
{ACAD_REACTORS
330
28E
102
}
330
1F
100
AcDbEntity
  8
MAIN-1
100
AcDbLine
 10
847.19813156127
 20
286.30477867127
 30
0.0
 11
847.1438789367601
 21
286.3273259163
 31
0.0
  0
LINE
  5
363
102
{ACAD_REACTORS
330
28E
102
}
330
1F
100
AcDbEntity
  8
MAIN-1
100
AcDbLine
 10
847.1438789367601
 20
286.3273259163
 30
0.0
 11
847.08726882934
 21
286.3492184638999
 31
0.0
  0
LINE
  5
364
102
{ACAD_REACTORS
330
28E
102
}
330
1F
100
AcDbEntity
  8
MAIN-1
100
AcDbLine
 10
847.08726882934
 20
286.3492184638999
 30
0.0
 11
847.0282859802201
 21
286.3703027725301
 31
0.0
  0
LINE
  5
365
102
{ACAD_REACTORS
330
28E
102
}
330
1F
100
AcDbEntity
  8
MAIN-1
100
AcDbLine
 10
847.0282859802201
 20
286.3703027725301
 30
0.0
 11
846.96693801879
 21
286.39041433335
 31
0.0
  0
LINE
  5
366
102
{ACAD_REACTORS
330
28E
102
}
330
1F
100
AcDbEntity
  8
MAIN-1
100
AcDbLine
 10
846.96693801879
 20
286.39041433335
 30
0.0
 11
846.90328979492
 21
286.4093752861099
 31
0.0
  0
LINE
  5
367
102
{ACAD_REACTORS
330
28E
102
}
330
1F
100
AcDbEntity
  8
MAIN-1
100
AcDbLine
 10
846.90328979492
 20
286.4093752861099
 30
0.0
 11
846.83740615844
 21
286.4270058631901
 31
0.0
  0
LINE
  5
368
102
{ACAD_REACTORS
330
28E
102
}
330
1F
100
AcDbEntity
  8
MAIN-1
100
AcDbLine
 10
846.83740615844
 20
286.4270058631901
 30
0.0
 11
846.76943206787
 21
286.4431153297501
 31
0.0
  0
LINE
  5
369
102
{ACAD_REACTORS
330
28E
102
}
330
1F
100
AcDbEntity
  8
MAIN-1
100
AcDbLine
 10
846.76943206787
 20
286.4431153297501
 30
0.0
 11
846.6994056701601
 21
286.4575487136899
 31
0.0
  0
LINE
  5
36A
102
{ACAD_REACTORS
330
28E
102
}
330
1F
100
AcDbEntity
  8
MAIN-1
100
AcDbLine
 10
846.6994056701601
 20
286.4575487136899
 30
0.0
 11
846.62755584716
 21
286.47011671067
 31
0.0
  0
LINE
  5
36B
102
{ACAD_REACTORS
330
28E
102
}
330
1F
100
AcDbEntity
  8
MAIN-1
100
AcDbLine
 10
846.62755584716
 20
286.47011671067
 30
0.0
 11
846.55410385131
 21
286.4806552887001
 31
0.0
  0
LINE
  5
36C
102
{ACAD_REACTORS
330
28E
102
}
330
1F
100
AcDbEntity
  8
MAIN-1
100
AcDbLine
 10
846.55410385131
 20
286.4806552887001
 30
0.0
 11
846.4793357849101
 21
286.4890175819401
 31
0.0
  0
LINE
  5
36D
102
{ACAD_REACTORS
330
28E
102
}
330
1F
100
AcDbEntity
  8
MAIN-1
100
AcDbLine
 10
846.4793357849101
 20
286.4890175819401
 30
0.0
 11
846.4034957885699
 21
286.4950867652899
 31
0.0
  0
LINE
  5
36E
102
{ACAD_REACTORS
330
28E
102
}
330
1F
100
AcDbEntity
  8
MAIN-1
100
AcDbLine
 10
846.4034957885699
 20
286.4950867652899
 30
0.0
 11
846.32692718505
 21
286.4987669944801
 31
0.0
  0
LINE
  5
36F
102
{ACAD_REACTORS
330
28E
102
}
330
1F
100
AcDbEntity
  8
MAIN-1
100
AcDbLine
 10
846.32692718505
 20
286.4987669944801
 30
0.0
 11
846.24999999999
 21
286.5000000953701
 31
0.0
  0
ARC
  5
370
102
{ACAD_REACTORS
330
28E
102
}
330
1F
100
AcDbEntity
  8
MAIN-1
100
AcDbCircle
 10
850.9500005959001
 20
283.97499952933
 30
0.0
 40
1.0
100
AcDbArc
 50
0.0000187239685635
 51
66.4218127021151
  0
LINE
  5
371
102
{ACAD_REACTORS
330
28E
102
}
330
1F
100
AcDbEntity
  8
MAIN-2
100
AcDbLine
 10
906.6000002747601
 20
286.5000000953701
 30
0.0
 11
906.6000002747701
 21
282.3500000000099
 31
0.0
  0
LINE
  5
372
102
{ACAD_REACTORS
330
28E
102
}
330
1F
100
AcDbEntity
  8
MAIN-2
100
AcDbLine
 10
906.90000027477
 20
282.35000000124
 30
0.0
 11
906.90000027477
 21
286.50000000001
 31
0.0
  0
LINE
  5
373
102
{ACAD_REACTORS
330
28E
102
}
330
1F
100
AcDbEntity
  8
MAIN-2
100
AcDbLine
 10
842.10227203369
 20
286.5000000953701
 30
0.0
 11
842.10227203369
 21
281.3500000000099
 31
0.0
  0
LINE
  5
374
102
{ACAD_REACTORS
330
28E
102
}
330
1F
100
AcDbEntity
  8
MAIN-2
100
AcDbLine
 10
891.9310951232901
 20
281.3500000000199
 30
0.0
 11
891.9310951232901
 21
286.5000000953701
 31
0.0
  0
LINE
  5
375
102
{ACAD_REACTORS
330
28E
102
}
330
1F
100
AcDbEntity
  8
MAIN-2
100
AcDbLine
 10
891.9707685701701
 20
286.50000000001
 30
0.0
 11
891.9707685701701
 21
281.3500000000099
 31
0.0
  0
LINE
  5
376
102
{ACAD_REACTORS
330
28E
102
}
330
1F
100
AcDbEntity
  8
MAIN-2
100
AcDbLine
 10
907.7090883255
 20
281.3500000000099
 30
0.0
 11
907.7090883255
 21
286.5000000953701
 31
0.0
  0
LINE
  5
377
102
{ACAD_REACTORS
330
28E
102
}
330
1F
100
AcDbEntity
  8
MAIN-2
100
AcDbLine
 10
908.40000027476
 20
281.3500000000099
 30
0.0
 11
908.40000027476
 21
286.50000000001
 31
0.0
  0
ARC
  5
378
102
{ACAD_REACTORS
330
28E
102
}
330
1F
100
AcDbEntity
  8
MAIN-1
100
AcDbCircle
 10
845.65000059782
 20
284.1000000009701
 30
0.0
 40
2.40000000000532
100
AcDbArc
 50
179.9999812760317
 51
269.9999801521574
  0
LINE
  5
379
102
{ACAD_REACTORS
330
28E
102
}
330
1F
100
AcDbEntity
  8
MAIN-1
100
AcDbLine
 10
853.62707138061
 20
285.15917930604
 30
0.0
 11
853.59351348876
 21
285.1256185531699
 31
0.0
  0
LINE
  5
37A
102
{ACAD_REACTORS
330
28E
102
}
330
1F
100
AcDbEntity
  8
MAIN-1
100
AcDbLine
 10
853.59351348876
 20
285.1256185531699
 30
0.0
 11
853.5581893920801
 21
285.09029541016
 31
0.0
  0
LINE
  5
37B
102
{ACAD_REACTORS
330
28E
102
}
330
1F
100
AcDbEntity
  8
MAIN-1
100
AcDbLine
 10
853.5581893920801
 20
285.09029541016
 30
0.0
 11
853.52122116088
 21
285.0533286094701
 31
0.0
  0
LINE
  5
37C
102
{ACAD_REACTORS
330
28E
102
}
330
1F
100
AcDbEntity
  8
MAIN-1
100
AcDbLine
 10
853.52122116088
 20
285.0533286094701
 30
0.0
 11
853.4827308654701
 21
285.0148373603899
 31
0.0
  0
LINE
  5
37D
102
{ACAD_REACTORS
330
28E
102
}
330
1F
100
AcDbEntity
  8
MAIN-1
100
AcDbLine
 10
853.4827308654701
 20
285.0148373603899
 30
0.0
 11
853.4428329467701
 21
284.97493991852
 31
0.0
  0
LINE
  5
37E
102
{ACAD_REACTORS
330
28E
102
}
330
1F
100
AcDbEntity
  8
MAIN-1
100
AcDbLine
 10
853.4428329467701
 20
284.97493991852
 30
0.0
 11
853.4016494750899
 21
284.9337552547499
 31
0.0
  0
LINE
  5
37F
102
{ACAD_REACTORS
330
28E
102
}
330
1F
100
AcDbEntity
  8
MAIN-1
100
AcDbLine
 10
872.12707138061
 20
285.15917930604
 30
0.0
 11
872.09351348876
 21
285.1256185531699
 31
0.0
  0
LINE
  5
380
102
{ACAD_REACTORS
330
28E
102
}
330
1F
100
AcDbEntity
  8
MAIN-1
100
AcDbLine
 10
872.09351348876
 20
285.1256185531699
 30
0.0
 11
872.0581893920801
 21
285.09029541016
 31
0.0
  0
LINE
  5
381
102
{ACAD_REACTORS
330
28E
102
}
330
1F
100
AcDbEntity
  8
MAIN-1
100
AcDbLine
 10
872.0581893920801
 20
285.09029541016
 30
0.0
 11
872.02122116088
 21
285.0533286094701
 31
0.0
  0
LINE
  5
382
102
{ACAD_REACTORS
330
28E
102
}
330
1F
100
AcDbEntity
  8
MAIN-1
100
AcDbLine
 10
872.02122116088
 20
285.0533286094701
 30
0.0
 11
871.9827308654701
 21
285.0148373603899
 31
0.0
  0
LINE
  5
383
102
{ACAD_REACTORS
330
28E
102
}
330
1F
100
AcDbEntity
  8
MAIN-1
100
AcDbLine
 10
871.9827308654701
 20
285.0148373603899
 30
0.0
 11
871.9428329467701
 21
284.97493991852
 31
0.0
  0
LINE
  5
384
102
{ACAD_REACTORS
330
28E
102
}
330
1F
100
AcDbEntity
  8
MAIN-1
100
AcDbLine
 10
871.9428329467701
 20
284.97493991852
 30
0.0
 11
871.9016494750899
 21
284.9337552547499
 31
0.0
  0
LINE
  5
385
102
{ACAD_REACTORS
330
28E
102
}
330
1F
100
AcDbEntity
  8
MAIN-1
100
AcDbLine
 10
840.8500003230699
 20
286.50000000001
 30
0.0
 11
841.2843179521601
 21
286.50000000001
 31
0.0
  0
LINE
  5
386
102
{ACAD_REACTORS
330
28E
102
}
330
1F
100
AcDbEntity
  8
MAIN-1
100
AcDbLine
 10
841.3934168544199
 20
286.50000000001
 30
0.0
 11
841.2843177601701
 21
286.50000000001
 31
0.0
  0
LINE
  5
387
102
{ACAD_REACTORS
330
28E
102
}
330
1F
100
AcDbEntity
  8
MAIN-1
100
AcDbLine
 10
841.5007665036501
 20
286.5
 30
0.0
 11
841.3934213377399
 21
286.5
 31
0.0
  0
LINE
  5
388
102
{ACAD_REACTORS
330
28E
102
}
330
1F
100
AcDbEntity
  8
MAIN-1
100
AcDbLine
 10
841.5007665036501
 20
286.5
 30
0.0
 11
844.6500005973701
 21
286.5
 31
0.0
  0
LINE
  5
389
102
{ACAD_REACTORS
330
28E
102
}
330
1F
100
AcDbEntity
  8
MAIN-1
100
AcDbLine
 10
844.65000059728
 20
286.50000000001
 30
0.0
 11
845.6500005978401
 21
286.50000000001
 31
0.0
  0
LINE
  5
38A
102
{ACAD_REACTORS
330
28E
102
}
330
1F
100
AcDbEntity
  8
MAIN-1
100
AcDbLine
 10
846.25000059785
 20
286.50000000001
 30
0.0
 11
845.6500005978401
 21
286.50000000001
 31
0.0
  0
LINE
  5
38B
102
{ACAD_REACTORS
330
28E
102
}
330
1F
100
AcDbEntity
  8
MAIN-1
100
AcDbLine
 10
847.25000059842
 20
286.50000000001
 30
0.0
 11
846.25000059785
 21
286.50000000001
 31
0.0
  0
LINE
  5
38C
102
{ACAD_REACTORS
330
28E
102
}
330
1F
100
AcDbEntity
  8
MAIN-1
100
AcDbLine
 10
854.9315010200801
 20
286.50000000001
 30
0.0
 11
847.25000059832
 21
286.50000000001
 31
0.0
  0
LINE
  5
38D
102
{ACAD_REACTORS
330
28E
102
}
330
1F
100
AcDbEntity
  8
MAIN-1
100
AcDbLine
 10
855.65000059766
 20
286.50000000001
 30
0.0
 11
854.9315010200801
 21
286.50000000001
 31
0.0
  0
LINE
  5
38E
102
{ACAD_REACTORS
330
28E
102
}
330
1F
100
AcDbEntity
  8
MAIN-1
100
AcDbLine
 10
855.65000059766
 20
286.50000000001
 30
0.0
 11
858.80000059748
 21
286.50000000001
 31
0.0
  0
LINE
  5
38F
102
{ACAD_REACTORS
330
28E
102
}
330
1F
100
AcDbEntity
  8
MAIN-1
100
AcDbLine
 10
858.80000059748
 20
286.5
 30
0.0
 11
859.35000032273
 21
286.5
 31
0.0
  0
LINE
  5
390
102
{ACAD_REACTORS
330
28E
102
}
330
1F
100
AcDbEntity
  8
MAIN-1
100
AcDbLine
 10
859.35000032273
 20
286.5
 30
0.0
 11
859.78431795182
 21
286.5
 31
0.0
  0
LINE
  5
391
102
{ACAD_REACTORS
330
28E
102
}
330
1F
100
AcDbEntity
  8
MAIN-1
100
AcDbLine
 10
859.89341685408
 20
286.5
 30
0.0
 11
859.78431775983
 21
286.5
 31
0.0
  0
LINE
  5
392
102
{ACAD_REACTORS
330
28E
102
}
330
1F
100
AcDbEntity
  8
MAIN-1
100
AcDbLine
 10
860.0007665033099
 20
286.5
 30
0.0
 11
859.8934213374
 21
286.5
 31
0.0
  0
LINE
  5
393
102
{ACAD_REACTORS
330
28E
102
}
330
1F
100
AcDbEntity
  8
MAIN-1
100
AcDbLine
 10
860.0007665033099
 20
286.50000000001
 30
0.0
 11
863.1500005970299
 21
286.50000000001
 31
0.0
  0
LINE
  5
394
102
{ACAD_REACTORS
330
28E
102
}
330
1F
100
AcDbEntity
  8
MAIN-1
100
AcDbLine
 10
863.1500005969001
 20
286.50000000001
 30
0.0
 11
864.1500005974999
 21
286.50000000001
 31
0.0
  0
LINE
  5
395
102
{ACAD_REACTORS
330
28E
102
}
330
1F
100
AcDbEntity
  8
MAIN-1
100
AcDbLine
 10
864.75000059751
 20
286.50000000001
 30
0.0
 11
864.1500005974999
 21
286.50000000001
 31
0.0
  0
LINE
  5
396
102
{ACAD_REACTORS
330
28E
102
}
330
1F
100
AcDbEntity
  8
MAIN-1
100
AcDbLine
 10
865.7500005981201
 20
286.50000000001
 30
0.0
 11
864.75000059751
 21
286.50000000001
 31
0.0
  0
LINE
  5
397
102
{ACAD_REACTORS
330
28E
102
}
330
1F
100
AcDbEntity
  8
MAIN-1
100
AcDbLine
 10
865.75000059798
 20
286.5
 30
0.0
 11
876.3315008782199
 21
286.5
 31
0.0
  0
LINE
  5
398
102
{ACAD_REACTORS
330
28E
102
}
330
1F
100
AcDbEntity
  8
MAIN-1
100
AcDbLine
 10
877.05000059743
 20
286.50000000001
 30
0.0
 11
876.3315008782199
 21
286.50000000001
 31
0.0
  0
LINE
  5
399
102
{ACAD_REACTORS
330
28E
102
}
330
1F
100
AcDbEntity
  8
MAIN-1
100
AcDbLine
 10
877.05000059746
 20
286.50000000001
 30
0.0
 11
880.20000059728
 21
286.50000000001
 31
0.0
  0
LINE
  5
39A
102
{ACAD_REACTORS
330
28E
102
}
330
1F
100
AcDbEntity
  8
MAIN-1
100
AcDbLine
 10
880.91850031648
 20
286.50000000001
 30
0.0
 11
880.2000005973
 21
286.50000000001
 31
0.0
  0
LINE
  5
39B
102
{ACAD_REACTORS
330
28E
102
}
330
1F
100
AcDbEntity
  8
MAIN-1
100
AcDbLine
 10
888.05006824866
 20
286.50000000001
 30
0.0
 11
880.91850031648
 21
286.50000000001
 31
0.0
  0
LINE
  5
39C
102
{ACAD_REACTORS
330
28E
102
}
330
1F
100
AcDbEntity
  8
MAIN-1
100
AcDbLine
 10
888.05006824776
 20
286.50000000001
 30
0.0
 11
889.0500682491399
 21
286.50000000001
 31
0.0
  0
LINE
  5
39D
102
{ACAD_REACTORS
330
28E
102
}
330
1F
100
AcDbEntity
  8
MAIN-1
100
AcDbLine
 10
889.0500682491399
 20
286.50000000001
 30
0.0
 11
889.6500682491401
 21
286.50000000001
 31
0.0
  0
LINE
  5
39E
102
{ACAD_REACTORS
330
28E
102
}
330
1F
100
AcDbEntity
  8
MAIN-1
100
AcDbLine
 10
890.65006825051
 20
286.50000000001
 30
0.0
 11
889.6500682491401
 21
286.50000000001
 31
0.0
  0
LINE
  5
39F
102
{ACAD_REACTORS
330
28E
102
}
330
1F
100
AcDbEntity
  8
MAIN-1
100
AcDbLine
 10
890.6500682496101
 20
286.5
 30
0.0
 11
893.7039972892701
 21
286.5
 31
0.0
  0
LINE
  5
3A0
102
{ACAD_REACTORS
330
28E
102
}
330
1F
100
AcDbEntity
  8
MAIN-1
100
AcDbLine
 10
893.8322521140899
 20
286.5
 30
0.0
 11
893.7039972892701
 21
286.5
 31
0.0
  0
LINE
  5
3A1
102
{ACAD_REACTORS
330
28E
102
}
330
1F
100
AcDbEntity
  8
MAIN-1
100
AcDbLine
 10
893.83224758656
 20
286.5
 30
0.0
 11
894.3671926762099
 21
286.5
 31
0.0
  0
LINE
  5
3A2
102
{ACAD_REACTORS
330
28E
102
}
330
1F
100
AcDbEntity
  8
MAIN-1
100
AcDbLine
 10
895.00000087221
 20
286.5
 30
0.0
 11
894.3671928700901
 21
286.5
 31
0.0
  0
LINE
  5
3A3
102
{ACAD_REACTORS
330
28E
102
}
330
1F
100
AcDbEntity
  8
MAIN-1
100
AcDbLine
 10
895.00000087221
 20
286.50000000001
 30
0.0
 11
903.00000028825
 21
286.50000000001
 31
0.0
  0
LINE
  5
3A4
102
{ACAD_REACTORS
330
28E
102
}
330
1F
100
AcDbEntity
  8
MAIN-1
100
AcDbLine
 10
903.00000028822
 20
286.50000000001
 30
0.0
 11
904.00000028873
 21
286.50000000001
 31
0.0
  0
LINE
  5
3A5
102
{ACAD_REACTORS
330
28E
102
}
330
1F
100
AcDbEntity
  8
MAIN-1
100
AcDbLine
 10
904.00000028873
 20
286.50000000001
 30
0.0
 11
904.6000002887299
 21
286.50000000001
 31
0.0
  0
LINE
  5
3A6
102
{ACAD_REACTORS
330
28E
102
}
330
1F
100
AcDbEntity
  8
MAIN-1
100
AcDbLine
 10
905.6000002892299
 20
286.50000000001
 30
0.0
 11
904.6000002887299
 21
286.50000000001
 31
0.0
  0
LINE
  5
3A7
102
{ACAD_REACTORS
330
28E
102
}
330
1F
100
AcDbEntity
  8
MAIN-1
100
AcDbLine
 10
905.6000002891999
 20
286.50000000001
 30
0.0
 11
908.99999999999
 21
286.50000000001
 31
0.0
  0
LINE
  5
3A8
102
{ACAD_REACTORS
330
28E
102
}
330
1F
100
AcDbEntity
  8
MAIN-1
100
AcDbLine
 10
895.00000087221
 20
281.3500000000099
 30
0.0
 11
908.99999999999
 21
281.3500000000099
 31
0.0
  0
LINE
  5
3A9
102
{ACAD_REACTORS
330
28E
102
}
330
1F
100
AcDbEntity
  8
MAIN-1
100
AcDbLine
 10
895.00000087221
 20
281.3499999999999
 30
0.0
 11
894.3671928700901
 21
281.3499999999999
 31
0.0
  0
LINE
  5
3AA
102
{ACAD_REACTORS
330
28E
102
}
330
1F
100
AcDbEntity
  8
MAIN-1
100
AcDbLine
 10
893.83224758656
 20
281.3499999999999
 30
0.0
 11
894.3671926762099
 21
281.3499999999999
 31
0.0
  0
LINE
  5
3AB
102
{ACAD_REACTORS
330
28E
102
}
330
1F
100
AcDbEntity
  8
MAIN-1
100
AcDbLine
 10
893.8322521140899
 20
281.3499999999999
 30
0.0
 11
893.7039972892701
 21
281.3499999999999
 31
0.0
  0
LINE
  5
3AC
102
{ACAD_REACTORS
330
28E
102
}
330
1F
100
AcDbEntity
  8
MAIN-1
100
AcDbLine
 10
880.91850031648
 20
281.3499999999999
 30
0.0
 11
893.7039972892701
 21
281.3499999999999
 31
0.0
  0
LINE
  5
3AD
102
{ACAD_REACTORS
330
28E
102
}
330
1F
100
AcDbEntity
  8
MAIN-1
100
AcDbLine
 10
880.91850031648
 20
281.3500000000099
 30
0.0
 11
880.2000005973
 21
281.3500000000099
 31
0.0
  0
LINE
  5
3AE
102
{ACAD_REACTORS
330
28E
102
}
330
1F
100
AcDbEntity
  8
MAIN-1
100
AcDbLine
 10
877.05000059746
 20
281.3500000000099
 30
0.0
 11
880.20000059728
 21
281.3500000000099
 31
0.0
  0
LINE
  5
3AF
102
{ACAD_REACTORS
330
28E
102
}
330
1F
100
AcDbEntity
  8
MAIN-1
100
AcDbLine
 10
877.05000059743
 20
281.3500000000099
 30
0.0
 11
876.3315008782199
 21
281.3500000000099
 31
0.0
  0
LINE
  5
3B0
102
{ACAD_REACTORS
330
28E
102
}
330
1F
100
AcDbEntity
  8
MAIN-1
100
AcDbLine
 10
860.0007665033099
 20
281.3499999999999
 30
0.0
 11
876.3315008782199
 21
281.3499999999999
 31
0.0
  0
LINE
  5
3B1
102
{ACAD_REACTORS
330
28E
102
}
330
1F
100
AcDbEntity
  8
MAIN-1
100
AcDbLine
 10
860.0007665033099
 20
281.3499999999999
 30
0.0
 11
859.8934213374
 21
281.3499999999999
 31
0.0
  0
LINE
  5
3B2
102
{ACAD_REACTORS
330
28E
102
}
330
1F
100
AcDbEntity
  8
MAIN-1
100
AcDbLine
 10
859.89341685408
 20
281.3499999999999
 30
0.0
 11
859.78431775983
 21
281.3499999999999
 31
0.0
  0
LINE
  5
3B3
102
{ACAD_REACTORS
330
28E
102
}
330
1F
100
AcDbEntity
  8
MAIN-1
100
AcDbLine
 10
859.35000032273
 20
281.3499999999999
 30
0.0
 11
859.78431795182
 21
281.3499999999999
 31
0.0
  0
LINE
  5
3B4
102
{ACAD_REACTORS
330
28E
102
}
330
1F
100
AcDbEntity
  8
MAIN-1
100
AcDbLine
 10
858.80000059748
 20
281.3499999999999
 30
0.0
 11
859.35000032273
 21
281.3499999999999
 31
0.0
  0
LINE
  5
3B5
102
{ACAD_REACTORS
330
28E
102
}
330
1F
100
AcDbEntity
  8
MAIN-1
100
AcDbLine
 10
855.65000059766
 20
281.3500000000099
 30
0.0
 11
858.80000059748
 21
281.3500000000099
 31
0.0
  0
LINE
  5
3B6
102
{ACAD_REACTORS
330
28E
102
}
330
1F
100
AcDbEntity
  8
MAIN-1
100
AcDbLine
 10
855.65000059766
 20
281.3500000000099
 30
0.0
 11
854.9315010200801
 21
281.3500000000099
 31
0.0
  0
LINE
  5
3B7
102
{ACAD_REACTORS
330
28E
102
}
330
1F
100
AcDbEntity
  8
MAIN-1
100
AcDbLine
 10
841.5007665036501
 20
281.3499999999999
 30
0.0
 11
854.9315010200801
 21
281.3499999999999
 31
0.0
  0
LINE
  5
3B8
102
{ACAD_REACTORS
330
28E
102
}
330
1F
100
AcDbEntity
  8
MAIN-1
100
AcDbLine
 10
841.5007665036501
 20
281.3499999999999
 30
0.0
 11
841.3934213377399
 21
281.3499999999999
 31
0.0
  0
LINE
  5
3B9
102
{ACAD_REACTORS
330
28E
102
}
330
1F
100
AcDbEntity
  8
MAIN-1
100
AcDbLine
 10
841.3934168544199
 20
281.3500000000099
 30
0.0
 11
841.2843177601701
 21
281.3500000000099
 31
0.0
  0
LINE
  5
3BA
102
{ACAD_REACTORS
330
28E
102
}
330
1F
100
AcDbEntity
  8
MAIN-1
100
AcDbLine
 10
840.8500003230699
 20
281.3500000000099
 30
0.0
 11
841.2843179521601
 21
281.3500000000099
 31
0.0
  0
LINE
  5
3BB
102
{ACAD_REACTORS
330
28E
102
}
330
1F
100
AcDbEntity
  8
MAIN-1
100
AcDbLine
 10
848.7000005976299
 20
285.9000000009901
 30
0.0
 11
848.7000005976299
 21
285.3888931650499
 31
0.0
  0
LINE
  5
3BC
102
{ACAD_REACTORS
330
28E
102
}
330
1F
100
AcDbEntity
  8
MAIN-1
100
AcDbLine
 10
850.55000059592
 20
282.04999957571
 30
0.0
 11
850.55000059593
 21
283.05848439033
 31
0.0
  0
ARC
  5
3BD
102
{ACAD_REACTORS
330
28E
102
}
330
1F
100
AcDbEntity
  8
MAIN-1
100
AcDbCircle
 10
850.9500005959001
 20
283.97499952933
 30
0.0
 40
1.0
100
AcDbArc
 50
179.9999812760317
 51
246.4218325499577
  0
LINE
  5
3BE
102
{ACAD_REACTORS
330
28E
102
}
330
1F
100
AcDbEntity
  8
MAIN-1
100
AcDbLine
 10
850.55000059596
 20
285.9000000009901
 30
0.0
 11
850.55000059595
 21
284.8915146683501
 31
0.0
  0
LINE
  5
3BF
102
{ACAD_REACTORS
330
28E
102
}
330
1F
100
AcDbEntity
  8
MAIN-1
100
AcDbLine
 10
845.6500005978301
 20
281.70000000097
 30
0.0
 11
846.25000059782
 21
281.70000000097
 31
0.0
  0
LINE
  5
3C0
102
{ACAD_REACTORS
330
28E
102
}
330
1F
100
AcDbEntity
  8
MAIN-2
100
AcDbLine
 10
907.3999999999901
 20
286.50000000001
 30
0.0
 11
907.3999999999901
 21
281.3500000000099
 31
0.0
  0
LINE
  5
3C1
102
{ACAD_REACTORS
330
28E
102
}
330
1F
100
AcDbEntity
  8
MAIN-2
100
AcDbLine
 10
860.1500002887201
 20
286.50000000001
 30
0.0
 11
860.1500002887201
 21
281.3500000000099
 31
0.0
  0
LINE
  5
3C2
102
{ACAD_REACTORS
330
28E
102
}
330
1F
100
AcDbEntity
  8
MAIN-2
100
AcDbLine
 10
908.46999999999
 20
286.50000000001
 30
0.0
 11
908.46999999999
 21
281.3500000000099
 31
0.0
  0
LINE
  5
3C3
102
{ACAD_REACTORS
330
28E
102
}
330
1F
100
AcDbEntity
  8
MAIN-1
100
AcDbLine
 10
843.9529443229701
 20
285.7970562757901
 30
0.0
 11
844.2172722058799
 21
285.53272839288
 31
0.0
  0
LINE
  5
3C4
102
{ACAD_REACTORS
330
28E
102
}
330
1F
100
AcDbEntity
  8
MAIN-1
100
AcDbLine
 10
844.2172722058799
 20
285.53272839288
 30
0.0
 11
846.25000059787
 21
285.56815813307
 31
0.0
  0
LINE
  5
3C5
102
{ACAD_REACTORS
330
28E
102
}
330
1F
100
AcDbEntity
  8
MAIN-1
100
AcDbLine
 10
846.25000059787
 20
285.56815813307
 30
0.0
 11
846.25000059785
 21
286.5
 31
0.0
  0
LINE
  5
3C6
102
{ACAD_REACTORS
330
28E
102
}
330
1F
100
AcDbEntity
  8
MAIN-1
100
AcDbLine
 10
844.00000059796
 20
282.4500000010701
 30
0.0
 11
843.9529443230001
 21
282.4029437261099
 31
0.0
  0
LINE
  5
3C7
102
{ACAD_REACTORS
330
28E
102
}
330
1F
100
AcDbEntity
  8
MAIN-1
100
AcDbLine
 10
844.5000005980801
 20
282.4500000010501
 30
0.0
 11
844.5000005980601
 21
285.5376566105199
 31
0.0
  0
LINE
  5
3C8
102
{ACAD_REACTORS
330
28E
102
}
330
1F
100
AcDbEntity
  8
MAIN-2
100
AcDbLine
 10
844.5000005980601
 20
285.5376566105199
 30
0.0
 11
844.5000005980601
 21
285.5380759791699
 31
0.0
  0
LINE
  5
3C9
102
{ACAD_REACTORS
330
28E
102
}
330
1F
100
AcDbEntity
  8
MAIN-2
100
AcDbLine
 10
844.2172722058799
 20
285.53272839288
 30
0.0
 11
844.5000005980601
 21
285.5380759791699
 31
0.0
  0
LINE
  5
3CA
102
{ACAD_REACTORS
330
28E
102
}
330
1F
100
AcDbEntity
  8
MAIN-1
100
AcDbLine
 10
908.99999999999
 20
281.3500000000099
 30
0.0
 11
908.99999999999
 21
286.50000000001
 31
0.0
  0
ARC
  5
3CB
102
{ACAD_REACTORS
330
28E
102
}
330
1F
100
AcDbEntity
  8
MAIN-1
100
AcDbCircle
 10
845.65000059782
 20
284.1000000009701
 30
0.0
 40
2.40000000000532
100
AcDbArc
 50
114.6243509360145
 51
179.9999812760317
  0
LINE
  5
3CC
102
{ACAD_REACTORS
330
28E
102
}
330
1F
100
AcDbEntity
  8
MAIN-1
100
AcDbLine
 10
844.65000152587
 20
286.2817421913201
 30
0.0
 11
844.7018585205001
 21
286.30477485657
 31
0.0
  0
LINE
  5
3CD
102
{ACAD_REACTORS
330
28E
102
}
330
1F
100
AcDbEntity
  8
MAIN-1
100
AcDbLine
 10
844.7018585205001
 20
286.30477485657
 30
0.0
 11
844.7561264038
 21
286.3273273468101
 31
0.0
  0
LINE
  5
3CE
102
{ACAD_REACTORS
330
28E
102
}
330
1F
100
AcDbEntity
  8
MAIN-1
100
AcDbLine
 10
844.7561264038
 20
286.3273273468101
 30
0.0
 11
844.81275939941
 21
286.3492280006501
 31
0.0
  0
LINE
  5
3CF
102
{ACAD_REACTORS
330
28E
102
}
330
1F
100
AcDbEntity
  8
MAIN-1
100
AcDbLine
 10
844.81275939941
 20
286.3492280006501
 30
0.0
 11
844.87171173095
 21
286.37030134202
 31
0.0
  0
LINE
  5
3D0
102
{ACAD_REACTORS
330
28E
102
}
330
1F
100
AcDbEntity
  8
MAIN-1
100
AcDbLine
 10
844.87171173095
 20
286.37030134202
 30
0.0
 11
844.9330596923801
 21
286.39041337967
 31
0.0
  0
LINE
  5
3D1
102
{ACAD_REACTORS
330
28E
102
}
330
1F
100
AcDbEntity
  8
MAIN-1
100
AcDbLine
 10
844.9330596923801
 20
286.39041337967
 30
0.0
 11
844.99671173095
 21
286.4093743324299
 31
0.0
  0
LINE
  5
3D2
102
{ACAD_REACTORS
330
28E
102
}
330
1F
100
AcDbEntity
  8
MAIN-1
100
AcDbLine
 10
844.99671173095
 20
286.4093743324299
 30
0.0
 11
845.06259536743
 21
286.42700538636
 31
0.0
  0
LINE
  5
3D3
102
{ACAD_REACTORS
330
28E
102
}
330
1F
100
AcDbEntity
  8
MAIN-1
100
AcDbLine
 10
845.06259536743
 20
286.42700538636
 30
0.0
 11
845.1305389404199
 21
286.44310817719
 31
0.0
  0
LINE
  5
3D4
102
{ACAD_REACTORS
330
28E
102
}
330
1F
100
AcDbEntity
  8
MAIN-1
100
AcDbLine
 10
845.1305389404199
 20
286.44310817719
 30
0.0
 11
845.20055770874
 21
286.4575410842899
 31
0.0
  0
LINE
  5
3D5
102
{ACAD_REACTORS
330
28E
102
}
330
1F
100
AcDbEntity
  8
MAIN-1
100
AcDbLine
 10
845.20055770874
 20
286.4575410842899
 30
0.0
 11
845.27244186401
 21
286.47011575699
 31
0.0
  0
LINE
  5
3D6
102
{ACAD_REACTORS
330
28E
102
}
330
1F
100
AcDbEntity
  8
MAIN-1
100
AcDbLine
 10
845.27244186401
 20
286.47011575699
 30
0.0
 11
845.3458938598601
 21
286.4806552887001
 31
0.0
  0
LINE
  5
3D7
102
{ACAD_REACTORS
330
28E
102
}
330
1F
100
AcDbEntity
  8
MAIN-1
100
AcDbLine
 10
845.3458938598601
 20
286.4806552887001
 30
0.0
 11
845.42067718505
 21
286.4890185356201
 31
0.0
  0
LINE
  5
3D8
102
{ACAD_REACTORS
330
28E
102
}
330
1F
100
AcDbEntity
  8
MAIN-1
100
AcDbLine
 10
845.42067718505
 20
286.4890185356201
 30
0.0
 11
845.4965057372999
 21
286.49508628846
 31
0.0
  0
LINE
  5
3D9
102
{ACAD_REACTORS
330
28E
102
}
330
1F
100
AcDbEntity
  8
MAIN-1
100
AcDbLine
 10
845.4965057372999
 20
286.49508628846
 30
0.0
 11
845.5730743408201
 21
286.4987669944801
 31
0.0
  0
LINE
  5
3DA
102
{ACAD_REACTORS
330
28E
102
}
330
1F
100
AcDbEntity
  8
MAIN-1
100
AcDbLine
 10
845.5730743408201
 20
286.4987669944801
 30
0.0
 11
845.65000152587
 21
286.5000000953701
 31
0.0
  0
LINE
  5
3DB
102
{ACAD_REACTORS
330
28E
102
}
330
1F
100
AcDbEntity
  8
MAIN-1
100
AcDbLine
 10
905.6000002891999
 20
286.28174242356
 30
0.0
 11
905.6000002891999
 21
286.50000000001
 31
0.0
  0
ARC
  5
3DC
102
{ACAD_REACTORS
330
28E
102
}
330
1F
100
AcDbEntity
  8
MAIN-1
100
AcDbCircle
 10
904.6000002887499
 20
284.1000000008301
 30
0.0
 40
2.40000000000532
100
AcDbArc
 50
270.0000198478429
 51
0.0000187239685635
  0
LINE
  5
3DD
102
{ACAD_REACTORS
330
28E
102
}
330
1F
100
AcDbEntity
  8
MAIN-1
100
AcDbLine
 10
904.6000002887499
 20
281.70000000084
 30
0.0
 11
904.00000028875
 21
281.70000000084
 31
0.0
  0
ARC
  5
3DE
102
{ACAD_REACTORS
330
28E
102
}
330
1F
100
AcDbEntity
  8
MAIN-1
100
AcDbCircle
 10
904.00000028878
 20
284.1000000008301
 30
0.0
 40
2.40000000000532
100
AcDbArc
 50
114.6243509360145
 51
179.9999812760317
  0
LINE
  5
3DF
102
{ACAD_REACTORS
330
28E
102
}
330
1F
100
AcDbEntity
  8
MAIN-1
100
AcDbLine
 10
903.00000028825
 20
286.28174242353
 30
0.0
 11
903.00000028825
 21
286.50000000001
 31
0.0
  0
LINE
  5
3E0
102
{ACAD_REACTORS
330
28E
102
}
330
1F
100
AcDbEntity
  8
MAIN-1
100
AcDbLine
 10
897.6500002887699
 20
283.3212448087199
 30
0.0
 11
897.25000028876
 21
282.9212448087101
 31
0.0
  0
LINE
  5
3E1
102
{ACAD_REACTORS
330
28E
102
}
330
1F
100
AcDbEntity
  8
MAIN-1
100
AcDbLine
 10
897.6500002887601
 20
284.62875473792
 30
0.0
 11
897.6500002887699
 21
283.3212448087199
 31
0.0
  0
LINE
  5
3E2
102
{ACAD_REACTORS
330
28E
102
}
330
1F
100
AcDbEntity
  8
MAIN-1
100
AcDbLine
 10
897.6500002887601
 20
284.62875473792
 30
0.0
 11
897.25000028875
 21
285.0287547379401
 31
0.0
  0
LINE
  5
3E3
102
{ACAD_REACTORS
330
28E
102
}
330
1F
100
AcDbEntity
  8
MAIN-1
100
AcDbLine
 10
897.25000028875
 20
285.90000000086
 30
0.0
 11
897.25000028875
 21
285.0287547379401
 31
0.0
  0
LINE
  5
3E4
102
{ACAD_REACTORS
330
28E
102
}
330
1F
100
AcDbEntity
  8
MAIN-1
100
AcDbLine
 10
897.25000028874
 20
285.90000000086
 30
0.0
 11
901.5500002889501
 21
285.90000000085
 31
0.0
  0
LINE
  5
3E5
102
{ACAD_REACTORS
330
28E
102
}
330
1F
100
AcDbEntity
  8
MAIN-1
100
AcDbLine
 10
901.5500002889501
 20
285.3888931649201
 30
0.0
 11
901.5500002889501
 21
285.90000000085
 31
0.0
  0
LINE
  5
3E6
102
{ACAD_REACTORS
330
28E
102
}
330
1F
100
AcDbEntity
  8
MAIN-1
100
AcDbLine
 10
901.05000028875
 20
284.79301636839
 30
0.0
 11
901.5500002889501
 21
285.3888931649201
 31
0.0
  0
LINE
  5
3E7
102
{ACAD_REACTORS
330
28E
102
}
330
1F
100
AcDbEntity
  8
MAIN-1
100
AcDbLine
 10
901.05000028875
 20
284.79301636839
 30
0.0
 11
901.05000028877
 21
283.1569831782999
 31
0.0
  0
LINE
  5
3E8
102
{ACAD_REACTORS
330
28E
102
}
330
1F
100
AcDbEntity
  8
MAIN-1
100
AcDbLine
 10
901.05000028877
 20
283.1569831782899
 30
0.0
 11
901.55000028894
 21
282.5611063817901
 31
0.0
  0
LINE
  5
3E9
102
{ACAD_REACTORS
330
28E
102
}
330
1F
100
AcDbEntity
  8
MAIN-1
100
AcDbLine
 10
901.55000028894
 20
282.0499995755799
 30
0.0
 11
901.55000028894
 21
282.5611063817901
 31
0.0
  0
LINE
  5
3EA
102
{ACAD_REACTORS
330
28E
102
}
330
1F
100
AcDbEntity
  8
MAIN-1
100
AcDbLine
 10
901.55000028894
 20
282.0499995755799
 30
0.0
 11
897.25000028876
 21
282.0499995755799
 31
0.0
  0
LINE
  5
3EB
102
{ACAD_REACTORS
330
28E
102
}
330
1F
100
AcDbEntity
  8
MAIN-1
100
AcDbLine
 10
897.25000028876
 20
282.9212448087101
 30
0.0
 11
897.25000028876
 21
282.0499995755799
 31
0.0
  0
LINE
  5
3EC
102
{ACAD_REACTORS
330
28E
102
}
330
1F
100
AcDbEntity
  8
MAIN-1
100
AcDbLine
 10
895.00000087221
 20
281.3500000000099
 30
0.0
 11
895.00000087221
 21
286.50000000001
 31
0.0
  0
LINE
  5
3ED
102
{ACAD_REACTORS
330
28E
102
}
330
1F
100
AcDbEntity
  8
MAIN-2
100
AcDbLine
 10
858.49105663559
 20
286.50000000001
 30
0.0
 11
858.49105663559
 21
281.3500000000099
 31
0.0
  0
LINE
  5
3EE
102
{ACAD_REACTORS
330
28E
102
}
330
1F
100
AcDbEntity
  8
MAIN-1
100
AcDbLine
 10
894.3671928700901
 20
281.3500000000099
 30
0.0
 11
894.3671928700901
 21
286.50000000001
 31
0.0
  0
LINE
  5
3EF
102
{ACAD_REACTORS
330
28E
102
}
330
1F
100
AcDbEntity
  8
MAIN-2
100
AcDbLine
 10
894.4144785922699
 20
286.50000000001
 30
0.0
 11
894.4144785922699
 21
281.3500000000099
 31
0.0
  0
LINE
  5
3F0
102
{ACAD_REACTORS
330
28E
102
}
330
1F
100
AcDbEntity
  8
MAIN-2
100
AcDbLine
 10
893.3607342965499
 20
286.50000000001
 30
0.0
 11
893.3607342965499
 21
281.3500000000099
 31
0.0
  0
LINE
  5
3F1
102
{ACAD_REACTORS
330
28E
102
}
330
1F
100
AcDbEntity
  8
MAIN-1
100
AcDbLine
 10
892.6500002887101
 20
281.3500000000099
 30
0.0
 11
892.6500002887101
 21
281.3500270306399
 31
0.0
  0
LINE
  5
3F2
102
{ACAD_REACTORS
330
28E
102
}
330
1F
100
AcDbEntity
  8
MAIN-2
100
AcDbLine
 10
892.6500002887101
 20
281.3500000000099
 30
0.0
 11
892.6500002887101
 21
286.50000000001
 31
0.0
  0
LINE
  5
3F3
102
{ACAD_REACTORS
330
28E
102
}
330
1F
100
AcDbEntity
  8
MAIN-2
100
AcDbLine
 10
892.2624095727999
 20
286.50000000001
 30
0.0
 11
892.2624095727999
 21
281.3500000000099
 31
0.0
  0
LINE
  5
3F4
102
{ACAD_REACTORS
330
28E
102
}
330
1F
100
AcDbEntity
  8
MAIN-2
100
AcDbLine
 10
893.3161538685299
 20
286.50000000001
 30
0.0
 11
893.3161538685299
 21
281.3500000000099
 31
0.0
  0
LINE
  5
3F5
102
{ACAD_REACTORS
330
28E
102
}
330
1F
100
AcDbEntity
  8
MAIN-2
100
AcDbLine
 10
893.3634395907
 20
281.3500000000099
 30
0.0
 11
893.3634395907
 21
286.50000000001
 31
0.0
  0
LINE
  5
3F6
102
{ACAD_REACTORS
330
28E
102
}
330
1F
100
AcDbEntity
  8
MAIN-2
100
AcDbLine
 10
893.55000028871
 20
286.50000000001
 30
0.0
 11
893.55000028871
 21
281.3500000000099
 31
0.0
  0
LINE
  5
3F7
102
{ACAD_REACTORS
330
28E
102
}
330
1F
100
AcDbEntity
  8
MAIN-2
100
AcDbLine
 10
892.8914217593799
 20
286.50000000001
 30
0.0
 11
892.8914217593799
 21
281.3500000000099
 31
0.0
  0
LINE
  5
3F8
102
{ACAD_REACTORS
330
28E
102
}
330
1F
100
AcDbEntity
  8
MAIN-1
100
AcDbLine
 10
893.8322521140899
 20
281.3500000000099
 30
0.0
 11
893.8322521140899
 21
286.50000000001
 31
0.0
  0
LINE
  5
3F9
102
{ACAD_REACTORS
330
28E
102
}
330
1F
100
AcDbEntity
  8
MAIN-1
100
AcDbLine
 10
844.00000059796
 20
282.4500000010601
 30
0.0
 11
846.25000059787
 21
282.45000000102
 31
0.0
  0
LINE
  5
3FA
102
{ACAD_REACTORS
330
28E
102
}
330
1F
100
AcDbEntity
  8
MAIN-1
100
AcDbLine
 10
893.7039972892701
 20
281.3500000000099
 30
0.0
 11
893.7039972892701
 21
286.50000000001
 31
0.0
  0
LINE
  5
3FB
102
{ACAD_REACTORS
330
28E
102
}
330
1F
100
AcDbEntity
  8
MAIN-1
100
AcDbLine
 10
860.0007665033099
 20
281.3500000000099
 30
0.0
 11
860.0007665033099
 21
286.50000000001
 31
0.0
  0
LINE
  5
3FC
102
{ACAD_REACTORS
330
28E
102
}
330
1F
100
AcDbEntity
  8
MAIN-1
100
AcDbLine
 10
876.3315008782199
 20
281.3500000000099
 30
0.0
 11
876.3315008782199
 21
286.50000000001
 31
0.0
  0
LINE
  5
3FD
102
{ACAD_REACTORS
330
28E
102
}
330
1F
100
AcDbEntity
  8
MAIN-1
100
AcDbLine
 10
865.75000059798
 20
286.50000000001
 30
0.0
 11
865.75000059798
 21
286.2817424237501
 31
0.0
  0
ARC
  5
3FE
102
{ACAD_REACTORS
330
28E
102
}
330
1F
100
AcDbEntity
  8
MAIN-1
100
AcDbCircle
 10
864.75000059746
 20
284.1000000010599
 30
0.0
 40
2.40000000000532
100
AcDbArc
 50
269.9999801521574
 51
0.0000187239685635
  0
LINE
  5
3FF
102
{ACAD_REACTORS
330
28E
102
}
330
1F
100
AcDbEntity
  8
MAIN-1
100
AcDbLine
 10
864.75000059748
 20
281.7000000010601
 30
0.0
 11
864.1500005974899
 21
281.7000000010601
 31
0.0
  0
ARC
  5
400
102
{ACAD_REACTORS
330
28E
102
}
330
1F
100
AcDbEntity
  8
MAIN-1
100
AcDbCircle
 10
864.1500005974799
 20
284.1000000010599
 30
0.0
 40
2.40000000000532
100
AcDbArc
 50
114.6243509360145
 51
179.9999812760317
  0
LINE
  5
401
102
{ACAD_REACTORS
330
28E
102
}
330
1F
100
AcDbEntity
  8
MAIN-1
100
AcDbLine
 10
863.1500005970299
 20
286.50000000001
 30
0.0
 11
863.1500005970299
 21
286.2817424237901
 31
0.0
  0
LINE
  5
402
102
{ACAD_REACTORS
330
28E
102
}
330
1F
100
AcDbEntity
  8
MAIN-1
100
AcDbLine
 10
874.05000059741
 20
285.80000000107
 30
0.0
 11
874.05000059741
 21
284.30000000107
 31
0.0
  0
LINE
  5
403
102
{ACAD_REACTORS
330
28E
102
}
330
1F
100
AcDbEntity
  8
MAIN-1
100
AcDbLine
 10
875.55000059741
 20
285.80000000107
 30
0.0
 11
874.05000059741
 21
285.80000000107
 31
0.0
  0
LINE
  5
404
102
{ACAD_REACTORS
330
28E
102
}
330
1F
100
AcDbEntity
  8
MAIN-1
100
AcDbLine
 10
875.55000059741
 20
284.30000000107
 30
0.0
 11
875.55000059741
 21
285.80000000107
 31
0.0
  0
LINE
  5
405
102
{ACAD_REACTORS
330
28E
102
}
330
1F
100
AcDbEntity
  8
MAIN-1
100
AcDbLine
 10
874.05000059741
 20
284.30000000107
 30
0.0
 11
875.55000059741
 21
284.30000000107
 31
0.0
  0
LINE
  5
406
102
{ACAD_REACTORS
330
28E
102
}
330
1F
100
AcDbEntity
  8
MAIN-1
100
AcDbLine
 10
871.50000059748
 20
285.0287547381599
 30
0.0
 11
871.50000059749
 21
285.9000000010899
 31
0.0
  0
LINE
  5
407
102
{ACAD_REACTORS
330
28E
102
}
330
1F
100
AcDbEntity
  8
MAIN-1
100
AcDbLine
 10
871.10000059747
 20
284.6287547381501
 30
0.0
 11
871.50000059748
 21
285.0287547381599
 31
0.0
  0
LINE
  5
408
102
{ACAD_REACTORS
330
28E
102
}
330
1F
100
AcDbEntity
  8
MAIN-1
100
AcDbLine
 10
871.10000059747
 20
284.6287547381501
 30
0.0
 11
871.1000005974599
 21
283.32124480895
 31
0.0
  0
LINE
  5
409
102
{ACAD_REACTORS
330
28E
102
}
330
1F
100
AcDbEntity
  8
MAIN-1
100
AcDbLine
 10
871.50000059748
 20
282.9212448089299
 30
0.0
 11
871.1000005974599
 21
283.32124480895
 31
0.0
  0
LINE
  5
40A
102
{ACAD_REACTORS
330
28E
102
}
330
1F
100
AcDbEntity
  8
MAIN-1
100
AcDbLine
 10
871.50000059747
 20
282.04999957581
 30
0.0
 11
871.50000059748
 21
282.9212448089299
 31
0.0
  0
LINE
  5
40B
102
{ACAD_REACTORS
330
28E
102
}
330
1F
100
AcDbEntity
  8
MAIN-1
100
AcDbLine
 10
871.50000059747
 20
282.04999957581
 30
0.0
 11
867.20000059729
 21
282.04999957581
 31
0.0
  0
LINE
  5
40C
102
{ACAD_REACTORS
330
28E
102
}
330
1F
100
AcDbEntity
  8
MAIN-1
100
AcDbLine
 10
867.20000059729
 20
282.5611063820199
 30
0.0
 11
867.20000059729
 21
282.04999957581
 31
0.0
  0
LINE
  5
40D
102
{ACAD_REACTORS
330
28E
102
}
330
1F
100
AcDbEntity
  8
MAIN-1
100
AcDbLine
 10
867.20000059729
 20
282.5611063820199
 30
0.0
 11
867.7000005974701
 21
283.15698317852
 31
0.0
  0
LINE
  5
40E
102
{ACAD_REACTORS
330
28E
102
}
330
1F
100
AcDbEntity
  8
MAIN-1
100
AcDbLine
 10
867.7000005974701
 20
283.15698317852
 30
0.0
 11
867.7000005974801
 21
284.7930163686101
 31
0.0
  0
LINE
  5
40F
102
{ACAD_REACTORS
330
28E
102
}
330
1F
100
AcDbEntity
  8
MAIN-1
100
AcDbLine
 10
867.7000005974801
 20
284.7930163686101
 30
0.0
 11
867.20000059728
 21
285.38889316515
 31
0.0
  0
LINE
  5
410
102
{ACAD_REACTORS
330
28E
102
}
330
1F
100
AcDbEntity
  8
MAIN-1
100
AcDbLine
 10
867.20000059728
 20
285.9000000010799
 30
0.0
 11
867.20000059729
 21
285.38889316515
 31
0.0
  0
LINE
  5
411
102
{ACAD_REACTORS
330
28E
102
}
330
1F
100
AcDbEntity
  8
MAIN-1
100
AcDbLine
 10
871.50000059749
 20
285.9000000010899
 30
0.0
 11
867.20000059728
 21
285.9000000010799
 31
0.0
  0
LINE
  5
412
102
{ACAD_REACTORS
330
28E
102
}
330
1F
100
AcDbEntity
  8
MAIN-1
100
AcDbLine
 10
871.9016494750899
 20
284.9337552547499
 30
0.0
 11
871.82349777221
 21
284.8556028366099
 31
0.0
  0
LINE
  5
413
102
{ACAD_REACTORS
330
28E
102
}
330
1F
100
AcDbEntity
  8
MAIN-1
100
AcDbLine
 10
871.82349777221
 20
284.8556028366099
 30
0.0
 11
871.7421379089301
 21
284.7742434501699
 31
0.0
  0
LINE
  5
414
102
{ACAD_REACTORS
330
28E
102
}
330
1F
100
AcDbEntity
  8
MAIN-1
100
AcDbLine
 10
871.7421379089301
 20
284.7742434501699
 30
0.0
 11
871.6579971313399
 21
284.6901014804901
 31
0.0
  0
LINE
  5
415
102
{ACAD_REACTORS
330
28E
102
}
330
1F
100
AcDbEntity
  8
MAIN-1
100
AcDbLine
 10
871.6579971313399
 20
284.6901014804901
 30
0.0
 11
871.5720558166499
 21
284.60416135788
 31
0.0
  0
LINE
  5
416
102
{ACAD_REACTORS
330
28E
102
}
330
1F
100
AcDbEntity
  8
MAIN-1
100
AcDbLine
 10
871.5720558166499
 20
284.60416135788
 30
0.0
 11
871.4860267639101
 21
284.51813397408
 31
0.0
  0
LINE
  5
417
102
{ACAD_REACTORS
330
28E
102
}
330
1F
100
AcDbEntity
  8
MAIN-1
100
AcDbLine
 10
871.4860267639101
 20
284.51813397408
 30
0.0
 11
871.40000152587
 21
284.4321068286899
 31
0.0
  0
LINE
  5
418
102
{ACAD_REACTORS
330
28E
102
}
330
1F
100
AcDbEntity
  8
MAIN-1
100
AcDbLine
 10
872.34644699096
 20
285.37855348588
 30
0.0
 11
872.3151092529199
 21
285.3472143173301
 31
0.0
  0
LINE
  5
419
102
{ACAD_REACTORS
330
28E
102
}
330
1F
100
AcDbEntity
  8
MAIN-1
100
AcDbLine
 10
872.3151092529199
 20
285.3472143173301
 30
0.0
 11
872.2837677001901
 21
285.3158751487799
 31
0.0
  0
LINE
  5
41A
102
{ACAD_REACTORS
330
28E
102
}
330
1F
100
AcDbEntity
  8
MAIN-1
100
AcDbLine
 10
872.2837677001901
 20
285.3158751487799
 30
0.0
 11
872.25242996215
 21
285.28453598023
 31
0.0
  0
LINE
  5
41B
102
{ACAD_REACTORS
330
28E
102
}
330
1F
100
AcDbEntity
  8
MAIN-1
100
AcDbLine
 10
872.25242996215
 20
285.28453598023
 30
0.0
 11
872.22109222412
 21
285.25319681168
 31
0.0
  0
LINE
  5
41C
102
{ACAD_REACTORS
330
28E
102
}
330
1F
100
AcDbEntity
  8
MAIN-1
100
AcDbLine
 10
872.22109222412
 20
285.25319681168
 30
0.0
 11
872.1897506713799
 21
285.2218576431301
 31
0.0
  0
LINE
  5
41D
102
{ACAD_REACTORS
330
28E
102
}
330
1F
100
AcDbEntity
  8
MAIN-1
100
AcDbLine
 10
872.1897506713799
 20
285.2218576431301
 30
0.0
 11
872.1584129333401
 21
285.1905184745799
 31
0.0
  0
LINE
  5
41E
102
{ACAD_REACTORS
330
28E
102
}
330
1F
100
AcDbEntity
  8
MAIN-1
100
AcDbLine
 10
872.1584129333401
 20
285.1905184745799
 30
0.0
 11
872.12707519531
 21
285.15917930604
 31
0.0
  0
ARC
  5
41F
102
{ACAD_REACTORS
330
28E
102
}
330
1F
100
AcDbEntity
  8
MAIN-1
100
AcDbCircle
 10
872.7000007384299
 20
285.0250000016399
 30
0.0
 40
0.5000000000006817
100
AcDbArc
 50
5.440367580294714
 51
134.9999906380161
  0
LINE
  5
420
102
{ACAD_REACTORS
330
28E
102
}
330
1F
100
AcDbEntity
  8
MAIN-1
100
AcDbLine
 10
873.30226319345
 20
283.9750000014101
 30
0.0
 11
873.1977484747299
 21
285.0724045479501
 31
0.0
  0
LINE
  5
421
102
{ACAD_REACTORS
330
28E
102
}
330
1F
100
AcDbEntity
  8
MAIN-1
100
AcDbLine
 10
873.1977484747799
 20
282.87759545533
 30
0.0
 11
873.30226319345
 21
283.9750000014101
 31
0.0
  0
ARC
  5
422
102
{ACAD_REACTORS
330
28E
102
}
330
1F
100
AcDbEntity
  8
MAIN-1
100
AcDbCircle
 10
872.70000073848
 20
282.92500000164
 30
0.0
 40
0.5
100
AcDbArc
 50
224.9999719140475
 51
354.5596125718628
  0
LINE
  5
423
102
{ACAD_REACTORS
330
28E
102
}
330
1F
100
AcDbEntity
  8
MAIN-1
100
AcDbLine
 10
871.4000007388299
 20
283.5178932200999
 30
0.0
 11
872.34644734788
 21
282.5714466110501
 31
0.0
  0
LINE
  5
424
102
{ACAD_REACTORS
330
28E
102
}
330
1F
100
AcDbEntity
  8
MAIN-1
100
AcDbLine
 10
871.40000152587
 20
283.5178931713201
 30
0.0
 11
871.40000152587
 21
283.6484950542499
 31
0.0
  0
LINE
  5
425
102
{ACAD_REACTORS
330
28E
102
}
330
1F
100
AcDbEntity
  8
MAIN-1
100
AcDbLine
 10
871.40000152587
 20
283.6484950542499
 30
0.0
 11
871.40000152587
 21
283.7790971756001
 31
0.0
  0
LINE
  5
426
102
{ACAD_REACTORS
330
28E
102
}
330
1F
100
AcDbEntity
  8
MAIN-1
100
AcDbLine
 10
871.40000152587
 20
283.7790971756001
 30
0.0
 11
871.40000152587
 21
283.9096990585399
 31
0.0
  0
LINE
  5
427
102
{ACAD_REACTORS
330
28E
102
}
330
1F
100
AcDbEntity
  8
MAIN-1
100
AcDbLine
 10
871.40000152587
 20
283.9096990585399
 30
0.0
 11
871.40000152587
 21
284.0403009414699
 31
0.0
  0
LINE
  5
428
102
{ACAD_REACTORS
330
28E
102
}
330
1F
100
AcDbEntity
  8
MAIN-1
100
AcDbLine
 10
871.40000152587
 20
284.0403009414699
 30
0.0
 11
871.40000152587
 21
284.1709028244099
 31
0.0
  0
LINE
  5
429
102
{ACAD_REACTORS
330
28E
102
}
330
1F
100
AcDbEntity
  8
MAIN-1
100
AcDbLine
 10
871.40000152587
 20
284.1709028244099
 30
0.0
 11
871.40000152587
 21
284.3015049457599
 31
0.0
  0
LINE
  5
42A
102
{ACAD_REACTORS
330
28E
102
}
330
1F
100
AcDbEntity
  8
MAIN-1
100
AcDbLine
 10
871.40000152587
 20
284.3015049457599
 30
0.0
 11
871.40000152587
 21
284.4321068286899
 31
0.0
  0
LINE
  5
42B
102
{ACAD_REACTORS
330
28E
102
}
330
1F
100
AcDbEntity
  8
MAIN-1
100
AcDbLine
 10
859.8934213374
 20
281.3500000000099
 30
0.0
 11
859.8934213374
 21
286.50000000001
 31
0.0
  0
LINE
  5
42C
102
{ACAD_REACTORS
330
28E
102
}
330
1F
100
AcDbEntity
  8
MAIN-2
100
AcDbLine
 10
904.89822554228
 20
286.50000000001
 30
0.0
 11
904.89822554228
 21
281.3500000000099
 31
0.0
  0
LINE
  5
42D
102
{ACAD_REACTORS
330
28E
102
}
330
1F
100
AcDbEntity
  8
MAIN-2
100
AcDbLine
 10
904.8000002747699
 20
286.50000000001
 30
0.0
 11
904.8000002747699
 21
281.3500000000099
 31
0.0
  0
LINE
  5
42E
102
{ACAD_REACTORS
330
28E
102
}
330
1F
100
AcDbEntity
  8
MAIN-2
100
AcDbLine
 10
860.38853268765
 20
281.3500000000099
 30
0.0
 11
860.38853268765
 21
286.50000000001
 31
0.0
  0
LINE
  5
42F
102
{ACAD_REACTORS
330
28E
102
}
330
1F
100
AcDbEntity
  8
MAIN-2
100
AcDbLine
 10
860.41699658482
 20
286.50000000001
 30
0.0
 11
860.41699658482
 21
281.3500000000099
 31
0.0
  0
LINE
  5
430
102
{ACAD_REACTORS
330
28E
102
}
330
1F
100
AcDbEntity
  8
MAIN-2
100
AcDbLine
 10
861.48113501286
 20
286.50000000001
 30
0.0
 11
861.48113501286
 21
281.3500000000099
 31
0.0
  0
LINE
  5
431
102
{ACAD_REACTORS
330
28E
102
}
330
1F
100
AcDbEntity
  8
MAIN-2
100
AcDbLine
 10
894.0080922812999
 20
281.3500000000099
 30
0.0
 11
894.0080922812999
 21
286.50000000001
 31
0.0
  0
LINE
  5
432
102
{ACAD_REACTORS
330
28E
102
}
330
1F
100
AcDbEntity
  8
MAIN-2
100
AcDbLine
 10
860.8199924826899
 20
286.50000000001
 30
0.0
 11
860.8199924826899
 21
281.3500000000099
 31
0.0
  0
LINE
  5
433
102
{ACAD_REACTORS
330
28E
102
}
330
1F
100
AcDbEntity
  8
MAIN-2
100
AcDbLine
 10
859.75585405465
 20
286.50000000001
 30
0.0
 11
859.75585405465
 21
281.3500000000099
 31
0.0
  0
LINE
  5
434
102
{ACAD_REACTORS
330
28E
102
}
330
1F
100
AcDbEntity
  8
MAIN-1
100
AcDbLine
 10
859.78431795182
 20
281.3500000000099
 30
0.0
 11
859.78431795182
 21
286.50000000001
 31
0.0
  0
LINE
  5
435
102
{ACAD_REACTORS
330
28E
102
}
330
1F
100
AcDbEntity
  8
MAIN-2
100
AcDbLine
 10
856.50585931463
 20
281.3500000000099
 30
0.0
 11
856.50585931463
 21
286.50000000001
 31
0.0
  0
LINE
  5
436
102
{ACAD_REACTORS
330
28E
102
}
330
1F
100
AcDbEntity
  8
MAIN-1
100
AcDbLine
 10
859.35000032273
 20
286.50000000001
 30
0.0
 11
859.35000032273
 21
281.3500000000099
 31
0.0
  0
LINE
  5
437
102
{ACAD_REACTORS
330
28E
102
}
330
1F
100
AcDbEntity
  8
MAIN-1
100
AcDbLine
 10
841.5007665036401
 20
281.3500000000099
 30
0.0
 11
841.5007665036401
 21
286.50000000001
 31
0.0
  0
LINE
  5
438
102
{ACAD_REACTORS
330
28E
102
}
330
1F
100
AcDbEntity
  8
MAIN-1
100
AcDbLine
 10
854.9315010201101
 20
281.3500000000099
 30
0.0
 11
854.9315010201101
 21
286.50000000001
 31
0.0
  0
LINE
  5
439
102
{ACAD_REACTORS
330
28E
102
}
330
1F
100
AcDbEntity
  8
MAIN-1
100
AcDbLine
 10
847.25000059832
 20
286.50000000001
 30
0.0
 11
847.25000059832
 21
286.28174242365
 31
0.0
  0
ARC
  5
43A
102
{ACAD_REACTORS
330
28E
102
}
330
1F
100
AcDbEntity
  8
MAIN-1
100
AcDbCircle
 10
846.2500005978
 20
284.1000000009701
 30
0.0
 40
2.40000000000532
100
AcDbArc
 50
269.9999801521574
 51
0.0000187239685635
  0
LINE
  5
43B
102
{ACAD_REACTORS
330
28E
102
}
330
1F
100
AcDbEntity
  8
MAIN-1
100
AcDbLine
 10
844.6500005973701
 20
286.50000000001
 30
0.0
 11
844.6500005973701
 21
286.28174242369
 31
0.0
  0
LINE
  5
43C
102
{ACAD_REACTORS
330
28E
102
}
330
1F
100
AcDbEntity
  8
MAIN-1
100
AcDbLine
 10
853.00000059783
 20
285.9000000009901
 30
0.0
 11
848.7000005976199
 21
285.9000000009901
 31
0.0
  0
LINE
  5
43D
102
{ACAD_REACTORS
330
28E
102
}
330
1F
100
AcDbEntity
  8
MAIN-1
100
AcDbLine
 10
853.00000059783
 20
285.0287547380699
 30
0.0
 11
853.00000059783
 21
285.9000000009901
 31
0.0
  0
LINE
  5
43E
102
{ACAD_REACTORS
330
28E
102
}
330
1F
100
AcDbEntity
  8
MAIN-1
100
AcDbLine
 10
852.6000005978101
 20
284.62875473806
 30
0.0
 11
853.00000059783
 21
285.0287547380699
 31
0.0
  0
LINE
  5
43F
102
{ACAD_REACTORS
330
28E
102
}
330
1F
100
AcDbEntity
  8
MAIN-1
100
AcDbLine
 10
852.6000005978101
 20
284.62875473806
 30
0.0
 11
852.6000005978001
 21
283.32124480886
 31
0.0
  0
LINE
  5
440
102
{ACAD_REACTORS
330
28E
102
}
330
1F
100
AcDbEntity
  8
MAIN-1
100
AcDbLine
 10
853.00000059782
 20
282.9212448088399
 30
0.0
 11
852.6000005978001
 21
283.32124480886
 31
0.0
  0
LINE
  5
441
102
{ACAD_REACTORS
330
28E
102
}
330
1F
100
AcDbEntity
  8
MAIN-1
100
AcDbLine
 10
853.00000059781
 20
282.04999957571
 30
0.0
 11
853.00000059782
 21
282.9212448088399
 31
0.0
  0
LINE
  5
442
102
{ACAD_REACTORS
330
28E
102
}
330
1F
100
AcDbEntity
  8
MAIN-1
100
AcDbLine
 10
848.7000005976299
 20
282.04999957571
 30
0.0
 11
853.00000059781
 21
282.04999957571
 31
0.0
  0
LINE
  5
443
102
{ACAD_REACTORS
330
28E
102
}
330
1F
100
AcDbEntity
  8
MAIN-1
100
AcDbLine
 10
848.7000005976299
 20
282.5611063819299
 30
0.0
 11
848.7000005976299
 21
282.04999957571
 31
0.0
  0
LINE
  5
444
102
{ACAD_REACTORS
330
28E
102
}
330
1F
100
AcDbEntity
  8
MAIN-1
100
AcDbLine
 10
848.7000005976299
 20
282.5611063819299
 30
0.0
 11
849.20000059781
 21
283.15698317843
 31
0.0
  0
LINE
  5
445
102
{ACAD_REACTORS
330
28E
102
}
330
1F
100
AcDbEntity
  8
MAIN-1
100
AcDbLine
 10
849.20000059781
 20
283.15698317843
 30
0.0
 11
849.20000059782
 21
284.7930163685201
 31
0.0
  0
LINE
  5
446
102
{ACAD_REACTORS
330
28E
102
}
330
1F
100
AcDbEntity
  8
MAIN-1
100
AcDbLine
 10
849.20000059782
 20
284.7930163685201
 30
0.0
 11
848.7000005976299
 21
285.3888931650499
 31
0.0
  0
LINE
  5
447
102
{ACAD_REACTORS
330
28E
102
}
330
1F
100
AcDbEntity
  8
MAIN-1
100
AcDbLine
 10
853.4016494750899
 20
284.9337552547499
 30
0.0
 11
853.32349777221
 21
284.8556028366099
 31
0.0
  0
LINE
  5
448
102
{ACAD_REACTORS
330
28E
102
}
330
1F
100
AcDbEntity
  8
MAIN-1
100
AcDbLine
 10
853.32349777221
 20
284.8556028366099
 30
0.0
 11
853.2421379089301
 21
284.7742434501699
 31
0.0
  0
LINE
  5
449
102
{ACAD_REACTORS
330
28E
102
}
330
1F
100
AcDbEntity
  8
MAIN-1
100
AcDbLine
 10
853.2421379089301
 20
284.7742434501699
 30
0.0
 11
853.1579971313399
 21
284.6901014804901
 31
0.0
  0
LINE
  5
44A
102
{ACAD_REACTORS
330
28E
102
}
330
1F
100
AcDbEntity
  8
MAIN-1
100
AcDbLine
 10
853.1579971313399
 20
284.6901014804901
 30
0.0
 11
853.0720558166499
 21
284.60416135788
 31
0.0
  0
LINE
  5
44B
102
{ACAD_REACTORS
330
28E
102
}
330
1F
100
AcDbEntity
  8
MAIN-1
100
AcDbLine
 10
853.0720558166499
 20
284.60416135788
 30
0.0
 11
852.9860267639101
 21
284.51813397408
 31
0.0
  0
LINE
  5
44C
102
{ACAD_REACTORS
330
28E
102
}
330
1F
100
AcDbEntity
  8
MAIN-1
100
AcDbLine
 10
852.9860267639101
 20
284.51813397408
 30
0.0
 11
852.90000152587
 21
284.4321068286899
 31
0.0
  0
LINE
  5
44D
102
{ACAD_REACTORS
330
28E
102
}
330
1F
100
AcDbEntity
  8
MAIN-1
100
AcDbLine
 10
853.84644699096
 20
285.37855348588
 30
0.0
 11
853.8151092529199
 21
285.3472143173301
 31
0.0
  0
LINE
  5
44E
102
{ACAD_REACTORS
330
28E
102
}
330
1F
100
AcDbEntity
  8
MAIN-1
100
AcDbLine
 10
853.8151092529199
 20
285.3472143173301
 30
0.0
 11
853.7837677001901
 21
285.3158751487799
 31
0.0
  0
LINE
  5
44F
102
{ACAD_REACTORS
330
28E
102
}
330
1F
100
AcDbEntity
  8
MAIN-1
100
AcDbLine
 10
853.7837677001901
 20
285.3158751487799
 30
0.0
 11
853.75242996215
 21
285.28453598023
 31
0.0
  0
LINE
  5
450
102
{ACAD_REACTORS
330
28E
102
}
330
1F
100
AcDbEntity
  8
MAIN-1
100
AcDbLine
 10
853.75242996215
 20
285.28453598023
 30
0.0
 11
853.72109222412
 21
285.25319681168
 31
0.0
  0
LINE
  5
451
102
{ACAD_REACTORS
330
28E
102
}
330
1F
100
AcDbEntity
  8
MAIN-1
100
AcDbLine
 10
853.72109222412
 20
285.25319681168
 30
0.0
 11
853.6897506713799
 21
285.2218576431301
 31
0.0
  0
LINE
  5
452
102
{ACAD_REACTORS
330
28E
102
}
330
1F
100
AcDbEntity
  8
MAIN-1
100
AcDbLine
 10
853.6897506713799
 20
285.2218576431301
 30
0.0
 11
853.6584129333401
 21
285.1905184745799
 31
0.0
  0
LINE
  5
453
102
{ACAD_REACTORS
330
28E
102
}
330
1F
100
AcDbEntity
  8
MAIN-1
100
AcDbLine
 10
853.6584129333401
 20
285.1905184745799
 30
0.0
 11
853.62707519531
 21
285.15917930604
 31
0.0
  0
ARC
  5
454
102
{ACAD_REACTORS
330
28E
102
}
330
1F
100
AcDbEntity
  8
MAIN-1
100
AcDbCircle
 10
854.2000007387701
 20
285.0250000015501
 30
0.0
 40
0.5000000000006817
100
AcDbArc
 50
5.440367580294714
 51
134.9999906380161
  0
LINE
  5
455
102
{ACAD_REACTORS
330
28E
102
}
330
1F
100
AcDbEntity
  8
MAIN-1
100
AcDbLine
 10
854.8022631937899
 20
283.97500000131
 30
0.0
 11
854.6977484750701
 21
285.0724045478601
 31
0.0
  0
LINE
  5
456
102
{ACAD_REACTORS
330
28E
102
}
330
1F
100
AcDbEntity
  8
MAIN-1
100
AcDbLine
 10
854.6977484751201
 20
282.87759545523
 30
0.0
 11
854.8022631937899
 21
283.97500000131
 31
0.0
  0
ARC
  5
457
102
{ACAD_REACTORS
330
28E
102
}
330
1F
100
AcDbEntity
  8
MAIN-1
100
AcDbCircle
 10
854.2000007388201
 20
282.92500000155
 30
0.0
 40
0.5
100
AcDbArc
 50
224.9999719140475
 51
354.5596125718628
  0
LINE
  5
458
102
{ACAD_REACTORS
330
28E
102
}
330
1F
100
AcDbEntity
  8
MAIN-1
100
AcDbLine
 10
852.9000007391701
 20
283.5178932200099
 30
0.0
 11
853.84644734823
 21
282.57144661095
 31
0.0
  0
LINE
  5
459
102
{ACAD_REACTORS
330
28E
102
}
330
1F
100
AcDbEntity
  8
MAIN-1
100
AcDbLine
 10
852.90000152587
 20
283.5178931713201
 30
0.0
 11
852.90000152587
 21
283.6484950542499
 31
0.0
  0
LINE
  5
45A
102
{ACAD_REACTORS
330
28E
102
}
330
1F
100
AcDbEntity
  8
MAIN-1
100
AcDbLine
 10
852.90000152587
 20
283.6484950542499
 30
0.0
 11
852.90000152587
 21
283.7790971756001
 31
0.0
  0
LINE
  5
45B
102
{ACAD_REACTORS
330
28E
102
}
330
1F
100
AcDbEntity
  8
MAIN-1
100
AcDbLine
 10
852.90000152587
 20
283.7790971756001
 30
0.0
 11
852.90000152587
 21
283.9096990585399
 31
0.0
  0
LINE
  5
45C
102
{ACAD_REACTORS
330
28E
102
}
330
1F
100
AcDbEntity
  8
MAIN-1
100
AcDbLine
 10
852.90000152587
 20
283.9096990585399
 30
0.0
 11
852.90000152587
 21
284.0403009414699
 31
0.0
  0
LINE
  5
45D
102
{ACAD_REACTORS
330
28E
102
}
330
1F
100
AcDbEntity
  8
MAIN-1
100
AcDbLine
 10
852.90000152587
 20
284.0403009414699
 30
0.0
 11
852.90000152587
 21
284.1709028244099
 31
0.0
  0
LINE
  5
45E
102
{ACAD_REACTORS
330
28E
102
}
330
1F
100
AcDbEntity
  8
MAIN-1
100
AcDbLine
 10
852.90000152587
 20
284.1709028244099
 30
0.0
 11
852.90000152587
 21
284.3015049457599
 31
0.0
  0
LINE
  5
45F
102
{ACAD_REACTORS
330
28E
102
}
330
1F
100
AcDbEntity
  8
MAIN-1
100
AcDbLine
 10
852.90000152587
 20
284.3015049457599
 30
0.0
 11
852.90000152587
 21
284.4321068286899
 31
0.0
  0
LINE
  5
460
102
{ACAD_REACTORS
330
28E
102
}
330
1F
100
AcDbEntity
  8
MAIN-2
100
AcDbLine
 10
844.65000077584
 20
285.5418774857901
 30
0.0
 11
844.65000077584
 21
285.5402720826501
 31
0.0
  0
LINE
  5
461
102
{ACAD_REACTORS
330
28E
102
}
330
1F
100
AcDbEntity
  8
MAIN-1
100
AcDbLine
 10
844.65000077584
 20
285.5402720826501
 30
0.0
 11
844.6500007766999
 21
282.4500000010501
 31
0.0
  0
LINE
  5
462
102
{ACAD_REACTORS
330
28E
102
}
330
1F
100
AcDbEntity
  8
MAIN-2
100
AcDbLine
 10
844.65000077584
 20
285.5418774857901
 30
0.0
 11
844.5000005980701
 21
285.53904034981
 31
0.0
  0
LINE
  5
463
102
{ACAD_REACTORS
330
28E
102
}
330
1F
100
AcDbEntity
  8
MAIN-1
100
AcDbLine
 10
841.3934213377399
 20
281.3500000000099
 30
0.0
 11
841.3934213377399
 21
286.50000000001
 31
0.0
  0
LINE
  5
464
102
{ACAD_REACTORS
330
28E
102
}
330
1F
100
AcDbEntity
  8
MAIN-2
100
AcDbLine
 10
841.8885326879899
 20
281.3500000000099
 30
0.0
 11
841.8885326879899
 21
286.50000000001
 31
0.0
  0
LINE
  5
465
102
{ACAD_REACTORS
330
28E
102
}
330
1F
100
AcDbEntity
  8
MAIN-2
100
AcDbLine
 10
841.91699658516
 20
286.50000000001
 30
0.0
 11
841.91699658516
 21
281.3500000000099
 31
0.0
  0
LINE
  5
466
102
{ACAD_REACTORS
330
28E
102
}
330
1F
100
AcDbEntity
  8
MAIN-2
100
AcDbLine
 10
842.9811350132
 20
286.50000000001
 30
0.0
 11
842.9811350132
 21
281.3500000000099
 31
0.0
  0
LINE
  5
467
102
{ACAD_REACTORS
330
28E
102
}
330
1F
100
AcDbEntity
  8
MAIN-1
100
AcDbLine
 10
907.5000002747599
 20
281.3500000000099
 30
0.0
 11
907.5000002747599
 21
281.3500170664499
 31
0.0
  0
LINE
  5
468
102
{ACAD_REACTORS
330
28E
102
}
330
1F
100
AcDbEntity
  8
MAIN-2
100
AcDbLine
 10
907.5000002747599
 20
281.3500000000099
 30
0.0
 11
907.5000002747599
 21
282.35000000124
 31
0.0
  0
LINE
  5
469
102
{ACAD_REACTORS
330
28E
102
}
330
1F
100
AcDbEntity
  8
MAIN-2
100
AcDbLine
 10
904.8000002747699
 20
282.35000000124
 30
0.0
 11
907.5000002747599
 21
282.35000000124
 31
0.0
  0
LINE
  5
46A
102
{ACAD_REACTORS
330
28E
102
}
330
1F
100
AcDbEntity
  8
MAIN-2
100
AcDbLine
 10
842.3199924830301
 20
286.50000000001
 30
0.0
 11
842.3199924830301
 21
281.3500000000099
 31
0.0
  0
LINE
  5
46B
102
{ACAD_REACTORS
330
28E
102
}
330
1F
100
AcDbEntity
  8
MAIN-2
100
AcDbLine
 10
841.2558540549901
 20
286.50000000001
 30
0.0
 11
841.2558540549901
 21
281.3500000000099
 31
0.0
  0
LINE
  5
46C
102
{ACAD_REACTORS
330
28E
102
}
330
1F
100
AcDbEntity
  8
MAIN-1
100
AcDbLine
 10
841.2843179521601
 20
281.3500000000099
 30
0.0
 11
841.2843179521601
 21
286.50000000001
 31
0.0
  0
LINE
  5
46D
102
{ACAD_REACTORS
330
28E
102
}
330
1F
100
AcDbEntity
  8
MAIN-1
100
AcDbLine
 10
840.8500003230699
 20
281.3500000000099
 30
0.0
 11
840.8500003230699
 21
286.50000000001
 31
0.0
  0
LINE
  5
46E
102
{ACAD_REACTORS
330
28E
102
}
330
1F
100
AcDbEntity
  8
MAIN-1
100
AcDbLine
 10
844.90000077576
 20
282.4500000010501
 30
0.0
 11
844.90000077489
 21
285.5446307186701
 31
0.0
  0
LINE
  5
46F
102
{ACAD_REACTORS
330
28E
102
}
330
1F
100
AcDbEntity
  8
MAIN-2
100
AcDbLine
 10
844.90000077489
 20
285.5446307186701
 30
0.0
 11
844.90000077489
 21
285.5476568678901
 31
0.0
  0
LINE
  5
470
102
{ACAD_REACTORS
330
28E
102
}
330
1F
100
AcDbEntity
  8
MAIN-2
100
AcDbLine
 10
844.90000077489
 20
285.5476568678901
 30
0.0
 11
844.65000077539
 21
285.5425070968799
 31
0.0
  0
ARC
  5
471
102
{ACAD_REACTORS
330
28E
102
}
330
1F
100
AcDbEntity
  8
MAIN-1
100
AcDbCircle
 10
850.9500005959001
 20
283.97499952933
 30
0.0
 40
1.0
100
AcDbArc
 50
293.5781674500425
 51
0.0000187239685635
  0
LINE
  5
472
102
{ACAD_REACTORS
330
28E
102
}
330
1F
100
AcDbEntity
  8
MAIN-2
100
AcDbLine
 10
844.6500007766999
 20
282.4500000010501
 30
0.0
 11
844.65000077625
 21
282.4500000010501
 31
0.0
  0
LINE
  5
473
102
{ACAD_REACTORS
330
28E
102
}
330
1F
100
AcDbEntity
  8
MAIN-2
100
AcDbLine
 10
844.65000077584
 20
285.5418774857901
 30
0.0
 11
844.65000077539
 21
285.5425070968799
 31
0.0
  0
LINE
  5
474
102
{ACAD_REACTORS
330
28E
102
}
330
1F
100
AcDbEntity
  8
MAIN-1
100
AcDbLine
 10
892.5438333002401
 20
281.3500000000099
 30
0.0
 11
892.5438333002401
 21
281.3500265330699
 31
0.0
  0
LINE
  5
475
102
{ACAD_REACTORS
330
28E
102
}
330
1F
100
AcDbEntity
  8
MAIN-2
100
AcDbLine
 10
892.5438333002401
 20
281.3500000000099
 30
0.0
 11
892.5438333002401
 21
286.50000000001
 31
0.0
  0
LINE
  5
476
102
{ACAD_REACTORS
330
28E
102
}
330
1F
100
AcDbEntity
  8
MAIN-1
100
AcDbLine
 10
851.3500005958199
 20
282.04999957571
 30
0.0
 11
851.3500005958599
 21
283.05848439032
 31
0.0
  0
LINE
  5
477
102
{ACAD_REACTORS
330
28E
102
}
330
1F
100
AcDbEntity
  8
MAIN-2
100
AcDbLine
 10
844.9000007709799
 20
285.55313268394
 30
0.0
 11
847.5788690096199
 21
285.59989254381
 31
0.0
  0
LINE
  5
478
102
{ACAD_REACTORS
330
28E
102
}
330
1F
100
AcDbEntity
  8
MAIN-2
100
AcDbLine
 10
847.5788690096199
 20
285.59989254381
 30
0.0
 11
847.67633441249
 21
285.5921851537601
 31
0.0
  0
LINE
  5
479
102
{ACAD_REACTORS
330
28E
102
}
330
1F
100
AcDbEntity
  8
MAIN-1
100
AcDbLine
 10
847.6763343811001
 20
285.59218511582
 30
0.0
 11
847.61547088623
 21
285.5911847114601
 31
0.0
  0
LINE
  5
47A
102
{ACAD_REACTORS
330
28E
102
}
330
1F
100
AcDbEntity
  8
MAIN-1
100
AcDbLine
 10
847.61547088623
 20
285.5911847114601
 30
0.0
 11
847.5537681579499
 21
285.59016857148
 31
0.0
  0
LINE
  5
47B
102
{ACAD_REACTORS
330
28E
102
}
330
1F
100
AcDbEntity
  8
MAIN-1
100
AcDbLine
 10
847.5537681579499
 20
285.59016857148
 30
0.0
 11
847.4911422729399
 21
285.5891357421899
 31
0.0
  0
LINE
  5
47C
102
{ACAD_REACTORS
330
28E
102
}
330
1F
100
AcDbEntity
  8
MAIN-1
100
AcDbLine
 10
847.4911422729399
 20
285.5891357421899
 30
0.0
 11
847.42750167846
 21
285.5880847931001
 31
0.0
  0
LINE
  5
47D
102
{ACAD_REACTORS
330
28E
102
}
330
1F
100
AcDbEntity
  8
MAIN-1
100
AcDbLine
 10
847.42750167846
 20
285.5880847931001
 30
0.0
 11
847.3627433776801
 21
285.5870133400001
 31
0.0
  0
LINE
  5
47E
102
{ACAD_REACTORS
330
28E
102
}
330
1F
100
AcDbEntity
  8
MAIN-1
100
AcDbLine
 10
847.3627433776801
 20
285.5870133400001
 30
0.0
 11
847.29674530029
 21
285.5859194755601
 31
0.0
  0
LINE
  5
47F
102
{ACAD_REACTORS
330
28E
102
}
330
1F
100
AcDbEntity
  8
MAIN-1
100
AcDbLine
 10
847.29674530029
 20
285.5859194755601
 30
0.0
 11
847.22936630249
 21
285.5847998619099
 31
0.0
  0
LINE
  5
480
102
{ACAD_REACTORS
330
28E
102
}
330
1F
100
AcDbEntity
  8
MAIN-1
100
AcDbLine
 10
847.22936630249
 20
285.5847998619099
 30
0.0
 11
847.1604423522899
 21
285.5836521148699
 31
0.0
  0
LINE
  5
481
102
{ACAD_REACTORS
330
28E
102
}
330
1F
100
AcDbEntity
  8
MAIN-1
100
AcDbLine
 10
847.1604423522899
 20
285.5836521148699
 30
0.0
 11
847.08982086181
 21
285.58247337342
 31
0.0
  0
LINE
  5
482
102
{ACAD_REACTORS
330
28E
102
}
330
1F
100
AcDbEntity
  8
MAIN-1
100
AcDbLine
 10
847.08982086181
 20
285.58247337342
 30
0.0
 11
847.0172996520901
 21
285.58125934601
 31
0.0
  0
LINE
  5
483
102
{ACAD_REACTORS
330
28E
102
}
330
1F
100
AcDbEntity
  8
MAIN-1
100
AcDbLine
 10
847.0172996520901
 20
285.58125934601
 30
0.0
 11
846.9425621032699
 21
285.58000478745
 31
0.0
  0
LINE
  5
484
102
{ACAD_REACTORS
330
28E
102
}
330
1F
100
AcDbEntity
  8
MAIN-1
100
AcDbLine
 10
846.9425621032699
 20
285.58000478745
 30
0.0
 11
846.86549377441
 21
285.5787068367099
 31
0.0
  0
LINE
  5
485
102
{ACAD_REACTORS
330
28E
102
}
330
1F
100
AcDbEntity
  8
MAIN-1
100
AcDbLine
 10
846.86549377441
 20
285.5787068367099
 30
0.0
 11
846.7858390808101
 21
285.5773602485699
 31
0.0
  0
LINE
  5
486
102
{ACAD_REACTORS
330
28E
102
}
330
1F
100
AcDbEntity
  8
MAIN-1
100
AcDbLine
 10
846.7858390808101
 20
285.5773602485699
 30
0.0
 11
846.70333862304
 21
285.5759607315099
 31
0.0
  0
LINE
  5
487
102
{ACAD_REACTORS
330
28E
102
}
330
1F
100
AcDbEntity
  8
MAIN-1
100
AcDbLine
 10
846.70333862304
 20
285.5759607315099
 30
0.0
 11
846.61791610717
 21
285.57450494767
 31
0.0
  0
LINE
  5
488
102
{ACAD_REACTORS
330
28E
102
}
330
1F
100
AcDbEntity
  8
MAIN-1
100
AcDbLine
 10
846.61791610717
 20
285.57450494767
 30
0.0
 11
846.52951431274
 21
285.5729914665301
 31
0.0
  0
LINE
  5
489
102
{ACAD_REACTORS
330
28E
102
}
330
1F
100
AcDbEntity
  8
MAIN-1
100
AcDbLine
 10
846.52951431274
 20
285.5729914665301
 30
0.0
 11
846.4383201599101
 21
285.5714231491099
 31
0.0
  0
LINE
  5
48A
102
{ACAD_REACTORS
330
28E
102
}
330
1F
100
AcDbEntity
  8
MAIN-1
100
AcDbLine
 10
846.4383201599101
 20
285.5714231491099
 30
0.0
 11
846.34484863281
 21
285.56980667115
 31
0.0
  0
LINE
  5
48B
102
{ACAD_REACTORS
330
28E
102
}
330
1F
100
AcDbEntity
  8
MAIN-1
100
AcDbLine
 10
846.34484863281
 20
285.56980667115
 30
0.0
 11
846.24999999999
 21
285.56815824509
 31
0.0
  0
LINE
  5
48C
102
{ACAD_REACTORS
330
28E
102
}
330
1F
100
AcDbEntity
  8
MAIN-2
100
AcDbLine
 10
844.5000005980701
 20
285.53904034981
 30
0.0
 11
844.5000005980601
 21
285.5380759791699
 31
0.0
  0
LINE
  5
48D
102
{ACAD_REACTORS
330
28E
102
}
330
1F
100
AcDbEntity
  8
MAIN-2
100
AcDbLine
 10
844.90000077489
 20
285.5476568678901
 30
0.0
 11
844.9000007709799
 21
285.55313268394
 31
0.0
  0
LINE
  5
48E
102
{ACAD_REACTORS
330
28E
102
}
330
1F
100
AcDbEntity
  8
MAIN-1
100
AcDbLine
 10
851.35000059594
 20
284.89151466831
 30
0.0
 11
851.35000059598
 21
285.9000000009901
 31
0.0
  0
LINE
  5
48F
102
{ACAD_REACTORS
330
28E
102
}
330
1F
100
AcDbEntity
  8
MAIN-1
100
AcDbLine
 10
847.6665458679099
 20
284.1000000000099
 30
0.0
 11
847.66661453247
 21
284.2127989292201
 31
0.0
  0
LINE
  5
490
102
{ACAD_REACTORS
330
28E
102
}
330
1F
100
AcDbEntity
  8
MAIN-1
100
AcDbLine
 10
847.66661453247
 20
284.2127989292201
 30
0.0
 11
847.6668128967201
 21
284.3235722541899
 31
0.0
  0
LINE
  5
491
102
{ACAD_REACTORS
330
28E
102
}
330
1F
100
AcDbEntity
  8
MAIN-1
100
AcDbLine
 10
847.6668128967201
 20
284.3235722541899
 30
0.0
 11
847.6671295166
 21
284.43077311516
 31
0.0
  0
LINE
  5
492
102
{ACAD_REACTORS
330
28E
102
}
330
1F
100
AcDbEntity
  8
MAIN-1
100
AcDbLine
 10
847.6671295166
 20
284.43077311516
 30
0.0
 11
847.6675415039001
 21
284.5336621761401
 31
0.0
  0
LINE
  5
493
102
{ACAD_REACTORS
330
28E
102
}
330
1F
100
AcDbEntity
  8
MAIN-1
100
AcDbLine
 10
847.6675415039001
 20
284.5336621761401
 30
0.0
 11
847.6680259704499
 21
284.63213429451
 31
0.0
  0
LINE
  5
494
102
{ACAD_REACTORS
330
28E
102
}
330
1F
100
AcDbEntity
  8
MAIN-1
100
AcDbLine
 10
847.6680259704499
 20
284.63213429451
 30
0.0
 11
847.66857147216
 21
284.7264553070099
 31
0.0
  0
LINE
  5
495
102
{ACAD_REACTORS
330
28E
102
}
330
1F
100
AcDbEntity
  8
MAIN-1
100
AcDbLine
 10
847.66857147216
 20
284.7264553070099
 30
0.0
 11
847.66916656494
 21
284.8169198989899
 31
0.0
  0
LINE
  5
496
102
{ACAD_REACTORS
330
28E
102
}
330
1F
100
AcDbEntity
  8
MAIN-1
100
AcDbLine
 10
847.66916656494
 20
284.8169198989899
 30
0.0
 11
847.66979598999
 21
284.9040602207201
 31
0.0
  0
LINE
  5
497
102
{ACAD_REACTORS
330
28E
102
}
330
1F
100
AcDbEntity
  8
MAIN-1
100
AcDbLine
 10
847.66979598999
 20
284.9040602207201
 30
0.0
 11
847.6704559326099
 21
284.9882701397
 31
0.0
  0
LINE
  5
498
102
{ACAD_REACTORS
330
28E
102
}
330
1F
100
AcDbEntity
  8
MAIN-1
100
AcDbLine
 10
847.6704559326099
 20
284.9882701397
 30
0.0
 11
847.67113876342
 21
285.0699261188599
 31
0.0
  0
LINE
  5
499
102
{ACAD_REACTORS
330
28E
102
}
330
1F
100
AcDbEntity
  8
MAIN-1
100
AcDbLine
 10
847.67113876342
 20
285.0699261188599
 30
0.0
 11
847.67184448242
 21
285.14935669899
 31
0.0
  0
LINE
  5
49A
102
{ACAD_REACTORS
330
28E
102
}
330
1F
100
AcDbEntity
  8
MAIN-1
100
AcDbLine
 10
847.67184448242
 20
285.14935669899
 30
0.0
 11
847.6725654602001
 21
285.2268348693899
 31
0.0
  0
LINE
  5
49B
102
{ACAD_REACTORS
330
28E
102
}
330
1F
100
AcDbEntity
  8
MAIN-1
100
AcDbLine
 10
847.6725654602001
 20
285.2268348693899
 30
0.0
 11
847.6732978820701
 21
285.3025942802501
 31
0.0
  0
LINE
  5
49C
102
{ACAD_REACTORS
330
28E
102
}
330
1F
100
AcDbEntity
  8
MAIN-1
100
AcDbLine
 10
847.6732978820701
 20
285.3025942802501
 30
0.0
 11
847.67404174804
 21
285.3768487930299
 31
0.0
  0
LINE
  5
49D
102
{ACAD_REACTORS
330
28E
102
}
330
1F
100
AcDbEntity
  8
MAIN-1
100
AcDbLine
 10
847.67404174804
 20
285.3768487930299
 30
0.0
 11
847.6747970581
 21
285.44977006913
 31
0.0
  0
LINE
  5
49E
102
{ACAD_REACTORS
330
28E
102
}
330
1F
100
AcDbEntity
  8
MAIN-1
100
AcDbLine
 10
847.6747970581
 20
285.44977006913
 30
0.0
 11
847.67556381225
 21
285.52150449753
 31
0.0
  0
LINE
  5
49F
102
{ACAD_REACTORS
330
28E
102
}
330
1F
100
AcDbEntity
  8
MAIN-1
100
AcDbLine
 10
847.67556381225
 20
285.52150449753
 30
0.0
 11
847.6763343811001
 21
285.59218511582
 31
0.0
  0
LINE
  5
4A0
102
{ACAD_REACTORS
330
28E
102
}
330
1F
100
AcDbEntity
  8
MAIN-2
100
AcDbLine
 10
844.90000077185
 20
282.4500000010501
 30
0.0
 11
844.90000077576
 21
282.4500000010501
 31
0.0
  0
LINE
  5
4A1
102
{ACAD_REACTORS
330
28E
102
}
330
1F
100
AcDbEntity
  8
MAIN-1
100
AcDbLine
 10
847.5788690096199
 20
282.45000000099
 30
0.0
 11
847.5788690096199
 21
285.59058199989
 31
0.0
  0
LINE
  5
4A2
102
{ACAD_REACTORS
330
28E
102
}
330
1F
100
AcDbEntity
  8
MAIN-2
100
AcDbLine
 10
847.5788690096199
 20
285.59058199989
 30
0.0
 11
847.5788690096199
 21
285.59989254381
 31
0.0
  0
LINE
  5
4A3
102
{ACAD_REACTORS
330
28E
102
}
330
1F
100
AcDbEntity
  8
MAIN-1
100
AcDbLine
 10
855.65000059766
 20
286.50000000001
 30
0.0
 11
855.65000059766
 21
281.3500000000099
 31
0.0
  0
LINE
  5
4A4
102
{ACAD_REACTORS
330
28E
102
}
330
1F
100
AcDbEntity
  8
MAIN-1
100
AcDbLine
 10
858.80000059748
 20
286.50000000001
 30
0.0
 11
858.80000059748
 21
281.3500000000099
 31
0.0
  0
LINE
  5
4A5
102
{ACAD_REACTORS
330
28E
102
}
330
1F
100
AcDbEntity
  8
MAIN-1
100
AcDbLine
 10
880.9185003165201
 20
286.50000000001
 30
0.0
 11
880.9185003165201
 21
281.3500000000099
 31
0.0
  0
LINE
  5
4A6
102
{ACAD_REACTORS
330
28E
102
}
330
1F
100
AcDbEntity
  8
MAIN-1
100
AcDbLine
 10
890.6500682496101
 20
286.2817424253601
 30
0.0
 11
890.6500682496101
 21
286.50000000001
 31
0.0
  0
ARC
  5
4A7
102
{ACAD_REACTORS
330
28E
102
}
330
1F
100
AcDbEntity
  8
MAIN-1
100
AcDbCircle
 10
889.6500682491701
 20
284.1000000026399
 30
0.0
 40
2.40000000000532
100
AcDbArc
 50
270.0000198478429
 51
0.0000187239685635
  0
LINE
  5
4A8
102
{ACAD_REACTORS
330
28E
102
}
330
1F
100
AcDbEntity
  8
MAIN-1
100
AcDbLine
 10
889.6500682491601
 20
281.7000000026401
 30
0.0
 11
889.05006824916
 21
281.7000000026401
 31
0.0
  0
ARC
  5
4A9
102
{ACAD_REACTORS
330
28E
102
}
330
1F
100
AcDbEntity
  8
MAIN-1
100
AcDbCircle
 10
889.05006824919
 20
284.1000000026399
 30
0.0
 40
2.40000000000532
100
AcDbArc
 50
114.6243509360145
 51
179.9999812760317
  0
LINE
  5
4AA
102
{ACAD_REACTORS
330
28E
102
}
330
1F
100
AcDbEntity
  8
MAIN-1
100
AcDbLine
 10
888.05006824866
 20
286.2817424253301
 30
0.0
 11
888.05006824866
 21
286.50000000001
 31
0.0
  0
LINE
  5
4AB
102
{ACAD_REACTORS
330
28E
102
}
330
1F
100
AcDbEntity
  8
MAIN-1
100
AcDbLine
 10
886.1000682491799
 20
283.1569831801
 30
0.0
 11
886.60006824935
 21
282.5611063836
 31
0.0
  0
LINE
  5
4AC
102
{ACAD_REACTORS
330
28E
102
}
330
1F
100
AcDbEntity
  8
MAIN-1
100
AcDbLine
 10
886.60006824935
 20
282.04999957738
 30
0.0
 11
886.60006824935
 21
282.5611063836
 31
0.0
  0
LINE
  5
4AD
102
{ACAD_REACTORS
330
28E
102
}
330
1F
100
AcDbEntity
  8
MAIN-1
100
AcDbLine
 10
886.60006824935
 20
282.04999957738
 30
0.0
 11
882.30006824917
 21
282.04999957738
 31
0.0
  0
LINE
  5
4AE
102
{ACAD_REACTORS
330
28E
102
}
330
1F
100
AcDbEntity
  8
MAIN-1
100
AcDbLine
 10
882.30006824917
 20
282.92124481051
 30
0.0
 11
882.30006824917
 21
282.04999957738
 31
0.0
  0
LINE
  5
4AF
102
{ACAD_REACTORS
330
28E
102
}
330
1F
100
AcDbEntity
  8
MAIN-1
100
AcDbLine
 10
882.70006824918
 20
283.3212448105301
 30
0.0
 11
882.30006824917
 21
282.92124481051
 31
0.0
  0
LINE
  5
4B0
102
{ACAD_REACTORS
330
28E
102
}
330
1F
100
AcDbEntity
  8
MAIN-1
100
AcDbLine
 10
882.70006824917
 20
284.6287547397301
 30
0.0
 11
882.70006824918
 21
283.3212448105301
 31
0.0
  0
LINE
  5
4B1
102
{ACAD_REACTORS
330
28E
102
}
330
1F
100
AcDbEntity
  8
MAIN-1
100
AcDbLine
 10
882.70006824917
 20
284.6287547397301
 30
0.0
 11
882.30006824916
 21
285.02875473974
 31
0.0
  0
LINE
  5
4B2
102
{ACAD_REACTORS
330
28E
102
}
330
1F
100
AcDbEntity
  8
MAIN-1
100
AcDbLine
 10
882.30006824916
 20
285.9000000026599
 30
0.0
 11
882.30006824916
 21
285.02875473974
 31
0.0
  0
LINE
  5
4B3
102
{ACAD_REACTORS
330
28E
102
}
330
1F
100
AcDbEntity
  8
MAIN-1
100
AcDbLine
 10
882.30006824916
 20
285.9000000026599
 30
0.0
 11
886.60006824936
 21
285.9000000026599
 31
0.0
  0
LINE
  5
4B4
102
{ACAD_REACTORS
330
28E
102
}
330
1F
100
AcDbEntity
  8
MAIN-1
100
AcDbLine
 10
886.60006824936
 20
285.38889316672
 30
0.0
 11
886.60006824936
 21
285.9000000026599
 31
0.0
  0
LINE
  5
4B5
102
{ACAD_REACTORS
330
28E
102
}
330
1F
100
AcDbEntity
  8
MAIN-1
100
AcDbLine
 10
886.1000682491599
 20
284.7930163701899
 30
0.0
 11
886.60006824936
 21
285.38889316672
 31
0.0
  0
LINE
  5
4B6
102
{ACAD_REACTORS
330
28E
102
}
330
1F
100
AcDbEntity
  8
MAIN-1
100
AcDbLine
 10
886.1000682491599
 20
284.7930163701899
 30
0.0
 11
886.1000682491799
 21
283.1569831801
 31
0.0
  0
LINE
  5
4B7
102
{ACAD_REACTORS
330
28E
102
}
330
1F
100
AcDbEntity
  8
MAIN-1
100
AcDbLine
 10
855.65000059766
 20
281.9250000023201
 30
0.0
 11
858.80000059748
 21
281.9250000023201
 31
0.0
  0
LINE
  5
4B8
102
{ACAD_REACTORS
330
28E
102
}
330
1F
100
AcDbEntity
  8
MAIN-1
100
AcDbLine
 10
877.05000059746
 20
286.50000000001
 30
0.0
 11
877.05000059746
 21
281.3500000000099
 31
0.0
  0
LINE
  5
4B9
102
{ACAD_REACTORS
330
28E
102
}
330
1F
100
AcDbEntity
  8
MAIN-1
100
AcDbLine
 10
877.05000059746
 20
281.9250000023201
 30
0.0
 11
880.20000059728
 21
281.9250000023201
 31
0.0
  0
LINE
  5
4BA
102
{ACAD_REACTORS
330
28E
102
}
330
1F
100
AcDbEntity
  8
MAIN-1
100
AcDbLine
 10
880.20000059728
 20
281.3500000000099
 30
0.0
 11
880.20000059728
 21
286.50000000001
 31
0.0
  0
LINE
  5
4BB
102
{ACAD_REACTORS
330
28E
102
}
330
1F
100
AcDbEntity
  8
MAIN-1
100
AcDbLine
 10
904.0000004768301
 20
286.5000000953701
 30
0.0
 11
903.92307472228
 21
286.4987669944801
 31
0.0
  0
LINE
  5
4BC
102
{ACAD_REACTORS
330
28E
102
}
330
1F
100
AcDbEntity
  8
MAIN-1
100
AcDbLine
 10
903.92307472228
 20
286.4987669944801
 30
0.0
 11
903.8465070724401
 21
286.4950867652899
 31
0.0
  0
LINE
  5
4BD
102
{ACAD_REACTORS
330
28E
102
}
330
1F
100
AcDbEntity
  8
MAIN-1
100
AcDbLine
 10
903.8465070724401
 20
286.4950867652899
 30
0.0
 11
903.77066373825
 21
286.4890175819401
 31
0.0
  0
LINE
  5
4BE
102
{ACAD_REACTORS
330
28E
102
}
330
1F
100
AcDbEntity
  8
MAIN-1
100
AcDbLine
 10
903.77066373825
 20
286.4890175819401
 30
0.0
 11
903.69589614868
 21
286.4806552887001
 31
0.0
  0
LINE
  5
4BF
102
{ACAD_REACTORS
330
28E
102
}
330
1F
100
AcDbEntity
  8
MAIN-1
100
AcDbLine
 10
903.69589614868
 20
286.4806552887001
 30
0.0
 11
903.6224455833401
 21
286.47011671067
 31
0.0
  0
LINE
  5
4C0
102
{ACAD_REACTORS
330
28E
102
}
330
1F
100
AcDbEntity
  8
MAIN-1
100
AcDbLine
 10
903.6224455833401
 20
286.47011671067
 30
0.0
 11
903.55059671401
 21
286.4575487136899
 31
0.0
  0
LINE
  5
4C1
102
{ACAD_REACTORS
330
28E
102
}
330
1F
100
AcDbEntity
  8
MAIN-1
100
AcDbLine
 10
903.55059671401
 20
286.4575487136899
 30
0.0
 11
903.4805684089599
 21
286.4431153297501
 31
0.0
  0
LINE
  5
4C2
102
{ACAD_REACTORS
330
28E
102
}
330
1F
100
AcDbEntity
  8
MAIN-1
100
AcDbLine
 10
903.4805684089599
 20
286.4431153297501
 30
0.0
 11
903.4125957489
 21
286.4270058631901
 31
0.0
  0
LINE
  5
4C3
102
{ACAD_REACTORS
330
28E
102
}
330
1F
100
AcDbEntity
  8
MAIN-1
100
AcDbLine
 10
903.4125957489
 20
286.4270058631901
 30
0.0
 11
903.34671163558
 21
286.4093752861099
 31
0.0
  0
LINE
  5
4C4
102
{ACAD_REACTORS
330
28E
102
}
330
1F
100
AcDbEntity
  8
MAIN-1
100
AcDbLine
 10
903.34671163558
 20
286.4093752861099
 30
0.0
 11
903.2830615043599
 21
286.39041433335
 31
0.0
  0
LINE
  5
4C5
102
{ACAD_REACTORS
330
28E
102
}
330
1F
100
AcDbEntity
  8
MAIN-1
100
AcDbLine
 10
903.2830615043599
 20
286.39041433335
 30
0.0
 11
903.22171640396
 21
286.3703027725301
 31
0.0
  0
LINE
  5
4C6
102
{ACAD_REACTORS
330
28E
102
}
330
1F
100
AcDbEntity
  8
MAIN-1
100
AcDbLine
 10
903.22171640396
 20
286.3703027725301
 30
0.0
 11
903.1627335548301
 21
286.3492184638999
 31
0.0
  0
LINE
  5
4C7
102
{ACAD_REACTORS
330
28E
102
}
330
1F
100
AcDbEntity
  8
MAIN-1
100
AcDbLine
 10
903.1627335548301
 20
286.3492184638999
 30
0.0
 11
903.10612154006
 21
286.3273259163
 31
0.0
  0
LINE
  5
4C8
102
{ACAD_REACTORS
330
28E
102
}
330
1F
100
AcDbEntity
  8
MAIN-1
100
AcDbLine
 10
903.10612154006
 20
286.3273259163
 30
0.0
 11
903.05187034606
 21
286.30477867127
 31
0.0
  0
LINE
  5
4C9
102
{ACAD_REACTORS
330
28E
102
}
330
1F
100
AcDbEntity
  8
MAIN-1
100
AcDbLine
 10
903.05187034606
 20
286.30477867127
 30
0.0
 11
903.0000004768301
 21
286.2817421913201
 31
0.0
  0
LINE
  5
4CA
102
{ACAD_REACTORS
330
28E
102
}
330
1F
100
AcDbEntity
  8
MAIN-2
100
AcDbLine
 10
906.2970565635801
 20
282.4029437259801
 30
0.0
 11
906.2970511773599
 21
282.4029491122001
 31
0.0
  0
LINE
  5
4CB
102
{ACAD_REACTORS
330
28E
102
}
330
1F
100
AcDbEntity
  8
MAIN-1
100
AcDbLine
 10
906.2970565635801
 20
282.4029437259801
 30
0.0
 11
906.25000028862
 21
282.45000000094
 31
0.0
  0
LINE
  5
4CC
102
{ACAD_REACTORS
330
28E
102
}
330
1F
100
AcDbEntity
  8
MAIN-1
100
AcDbLine
 10
906.0327286807001
 20
285.53272839275
 30
0.0
 11
906.2970565636101
 21
285.79705627565
 31
0.0
  0
LINE
  5
4CD
102
{ACAD_REACTORS
330
28E
102
}
330
1F
100
AcDbEntity
  8
MAIN-2
100
AcDbLine
 10
905.7500002885199
 20
285.5380759790401
 30
0.0
 11
906.0327286807001
 21
285.53272839275
 31
0.0
  0
LINE
  5
4CE
102
{ACAD_REACTORS
330
28E
102
}
330
1F
100
AcDbEntity
  8
MAIN-2
100
AcDbLine
 10
905.7500002885199
 20
285.5380759790401
 30
0.0
 11
905.7500002885199
 21
285.5376565982101
 31
0.0
  0
LINE
  5
4CF
102
{ACAD_REACTORS
330
28E
102
}
330
1F
100
AcDbEntity
  8
MAIN-1
100
AcDbLine
 10
905.7500002885199
 20
285.5376565982101
 30
0.0
 11
905.7500002884999
 21
282.45000000092
 31
0.0
  0
ARC
  5
4D0
102
{ACAD_REACTORS
330
28E
102
}
330
1F
100
AcDbEntity
  8
MAIN-1
100
AcDbCircle
 10
899.3000002906699
 20
283.9749995292
 30
0.0
 40
1.0
100
AcDbArc
 50
113.5781872978851
 51
179.9999812760317
  0
LINE
  5
4D1
102
{ACAD_REACTORS
330
28E
102
}
330
1F
100
AcDbEntity
  8
MAIN-1
100
AcDbLine
 10
898.90000029059
 20
285.90000000086
 30
0.0
 11
898.90000029064
 21
284.89151466817
 31
0.0
  0
LINE
  5
4D2
102
{ACAD_REACTORS
330
28E
102
}
330
1F
100
AcDbEntity
  8
MAIN-1
100
AcDbLine
 10
899.70000029062
 20
284.89151466821
 30
0.0
 11
899.70000029061
 21
285.90000000086
 31
0.0
  0
ARC
  5
4D3
102
{ACAD_REACTORS
330
28E
102
}
330
1F
100
AcDbEntity
  8
MAIN-1
100
AcDbCircle
 10
899.3000002906699
 20
283.9749995292
 30
0.0
 40
1.0
100
AcDbArc
 50
0.0000187239685635
 51
66.4218127021151
  0
LINE
  5
4D4
102
{ACAD_REACTORS
330
28E
102
}
330
1F
100
AcDbEntity
  8
MAIN-1
100
AcDbLine
 10
899.70000029065
 20
283.0584843902
 30
0.0
 11
899.70000029066
 21
282.0499995755799
 31
0.0
  0
LINE
  5
4D5
102
{ACAD_REACTORS
330
28E
102
}
330
1F
100
AcDbEntity
  8
MAIN-1
100
AcDbLine
 10
898.9000002907101
 20
283.05848439019
 30
0.0
 11
898.9000002907601
 21
282.0499995755799
 31
0.0
  0
LINE
  5
4D6
102
{ACAD_REACTORS
330
28E
102
}
330
1F
100
AcDbEntity
  8
MAIN-1
100
AcDbLine
 10
904.00000028871
 20
285.56815813294
 30
0.0
 11
906.0327286807001
 21
285.53272839275
 31
0.0
  0
LINE
  5
4D7
102
{ACAD_REACTORS
330
28E
102
}
330
1F
100
AcDbEntity
  8
MAIN-1
100
AcDbLine
 10
902.58345651626
 20
284.1000000000099
 30
0.0
 11
902.5833773612901
 21
283.9791863918399
 31
0.0
  0
LINE
  5
4D8
102
{ACAD_REACTORS
330
28E
102
}
330
1F
100
AcDbEntity
  8
MAIN-1
100
AcDbLine
 10
902.5833773612901
 20
283.9791863918399
 30
0.0
 11
902.58314895629
 21
283.8608625888901
 31
0.0
  0
LINE
  5
4D9
102
{ACAD_REACTORS
330
28E
102
}
330
1F
100
AcDbEntity
  8
MAIN-1
100
AcDbLine
 10
902.58314895629
 20
283.8608625888901
 30
0.0
 11
902.58279132842
 21
283.7468667984101
 31
0.0
  0
LINE
  5
4DA
102
{ACAD_REACTORS
330
28E
102
}
330
1F
100
AcDbEntity
  8
MAIN-1
100
AcDbLine
 10
902.58279132842
 20
283.7468667984101
 30
0.0
 11
902.58232927322
 21
283.63783297539
 31
0.0
  0
LINE
  5
4DB
102
{ACAD_REACTORS
330
28E
102
}
330
1F
100
AcDbEntity
  8
MAIN-1
100
AcDbLine
 10
902.58232927322
 20
283.63783297539
 30
0.0
 11
902.5817861557
 21
283.5338228702601
 31
0.0
  0
LINE
  5
4DC
102
{ACAD_REACTORS
330
28E
102
}
330
1F
100
AcDbEntity
  8
MAIN-1
100
AcDbLine
 10
902.5817861557
 20
283.5338228702601
 30
0.0
 11
902.5811800956701
 21
283.43446192742
 31
0.0
  0
LINE
  5
4DD
102
{ACAD_REACTORS
330
28E
102
}
330
1F
100
AcDbEntity
  8
MAIN-1
100
AcDbLine
 10
902.5811800956701
 20
283.43446192742
 30
0.0
 11
902.58052492141
 21
283.33926210404
 31
0.0
  0
LINE
  5
4DE
102
{ACAD_REACTORS
330
28E
102
}
330
1F
100
AcDbEntity
  8
MAIN-1
100
AcDbLine
 10
902.58052492141
 20
283.33926210404
 30
0.0
 11
902.57983207702
 21
283.24764428139
 31
0.0
  0
LINE
  5
4DF
102
{ACAD_REACTORS
330
28E
102
}
330
1F
100
AcDbEntity
  8
MAIN-1
100
AcDbLine
 10
902.57983207702
 20
283.24764428139
 30
0.0
 11
902.57910919189
 21
283.15913853646
 31
0.0
  0
LINE
  5
4E0
102
{ACAD_REACTORS
330
28E
102
}
330
1F
100
AcDbEntity
  8
MAIN-1
100
AcDbLine
 10
902.57910919189
 20
283.15913853646
 30
0.0
 11
902.57836151123
 21
283.0733189344501
 31
0.0
  0
LINE
  5
4E1
102
{ACAD_REACTORS
330
28E
102
}
330
1F
100
AcDbEntity
  8
MAIN-1
100
AcDbLine
 10
902.57836151123
 20
283.0733189344501
 30
0.0
 11
902.57759428024
 21
282.9898234367399
 31
0.0
  0
LINE
  5
4E2
102
{ACAD_REACTORS
330
28E
102
}
330
1F
100
AcDbEntity
  8
MAIN-1
100
AcDbLine
 10
902.57759428024
 20
282.9898234367399
 30
0.0
 11
902.57681083679
 21
282.90835783482
 31
0.0
  0
LINE
  5
4E3
102
{ACAD_REACTORS
330
28E
102
}
330
1F
100
AcDbEntity
  8
MAIN-1
100
AcDbLine
 10
902.57681083679
 20
282.90835783482
 30
0.0
 11
902.5760135650601
 21
282.8286493778301
 31
0.0
  0
LINE
  5
4E4
102
{ACAD_REACTORS
330
28E
102
}
330
1F
100
AcDbEntity
  8
MAIN-1
100
AcDbLine
 10
902.5760135650601
 20
282.8286493778301
 30
0.0
 11
902.57520484924
 21
282.75048849583
 31
0.0
  0
LINE
  5
4E5
102
{ACAD_REACTORS
330
28E
102
}
330
1F
100
AcDbEntity
  8
MAIN-1
100
AcDbLine
 10
902.57520484924
 20
282.75048849583
 30
0.0
 11
902.57438611984
 21
282.6736831426699
 31
0.0
  0
LINE
  5
4E6
102
{ACAD_REACTORS
330
28E
102
}
330
1F
100
AcDbEntity
  8
MAIN-1
100
AcDbLine
 10
902.57438611984
 20
282.6736831426699
 30
0.0
 11
902.5735588073701
 21
282.5980894327199
 31
0.0
  0
LINE
  5
4E7
102
{ACAD_REACTORS
330
28E
102
}
330
1F
100
AcDbEntity
  8
MAIN-1
100
AcDbLine
 10
902.5735588073701
 20
282.5980894327199
 30
0.0
 11
902.57272434234
 21
282.5235637188
 31
0.0
  0
LINE
  5
4E8
102
{ACAD_REACTORS
330
28E
102
}
330
1F
100
AcDbEntity
  8
MAIN-1
100
AcDbLine
 10
902.57272434234
 20
282.5235637188
 30
0.0
 11
902.57188320159
 21
282.45000002385
 31
0.0
  0
LINE
  5
4E9
102
{ACAD_REACTORS
330
28E
102
}
330
1F
100
AcDbEntity
  8
MAIN-1
100
AcDbLine
 10
904.00000028871
 20
282.45000000087
 30
0.0
 11
904.00000028872
 21
281.7000000007899
 31
0.0
  0
LINE
  5
4EA
102
{ACAD_REACTORS
330
28E
102
}
330
1F
100
AcDbEntity
  8
MAIN-1
100
AcDbLine
 10
902.57188320159
 20
282.45000002385
 30
0.0
 11
902.63320636749
 21
282.45000002385
 31
0.0
  0
LINE
  5
4EB
102
{ACAD_REACTORS
330
28E
102
}
330
1F
100
AcDbEntity
  8
MAIN-1
100
AcDbLine
 10
902.63320636749
 20
282.45000002385
 30
0.0
 11
902.6954498291
 21
282.45000002385
 31
0.0
  0
LINE
  5
4EC
102
{ACAD_REACTORS
330
28E
102
}
330
1F
100
AcDbEntity
  8
MAIN-1
100
AcDbLine
 10
902.6954498291
 20
282.45000002385
 30
0.0
 11
902.75869178771
 21
282.45000002385
 31
0.0
  0
LINE
  5
4ED
102
{ACAD_REACTORS
330
28E
102
}
330
1F
100
AcDbEntity
  8
MAIN-1
100
AcDbLine
 10
902.75869178771
 20
282.45000002385
 30
0.0
 11
902.8230214118901
 21
282.45000002385
 31
0.0
  0
LINE
  5
4EE
102
{ACAD_REACTORS
330
28E
102
}
330
1F
100
AcDbEntity
  8
MAIN-1
100
AcDbLine
 10
902.8230214118901
 20
282.45000002385
 30
0.0
 11
902.8885416984499
 21
282.45000002385
 31
0.0
  0
LINE
  5
4EF
102
{ACAD_REACTORS
330
28E
102
}
330
1F
100
AcDbEntity
  8
MAIN-1
100
AcDbLine
 10
902.8885416984499
 20
282.45000002385
 30
0.0
 11
902.9553689956599
 21
282.45000002385
 31
0.0
  0
LINE
  5
4F0
102
{ACAD_REACTORS
330
28E
102
}
330
1F
100
AcDbEntity
  8
MAIN-1
100
AcDbLine
 10
902.9553689956599
 20
282.45000002385
 30
0.0
 11
903.0236406326201
 21
282.45000002385
 31
0.0
  0
LINE
  5
4F1
102
{ACAD_REACTORS
330
28E
102
}
330
1F
100
AcDbEntity
  8
MAIN-1
100
AcDbLine
 10
903.0236406326201
 20
282.45000002385
 30
0.0
 11
903.09349536895
 21
282.45000002385
 31
0.0
  0
LINE
  5
4F2
102
{ACAD_REACTORS
330
28E
102
}
330
1F
100
AcDbEntity
  8
MAIN-1
100
AcDbLine
 10
903.09349536895
 20
282.45000002385
 30
0.0
 11
903.16507387161
 21
282.45000002385
 31
0.0
  0
LINE
  5
4F3
102
{ACAD_REACTORS
330
28E
102
}
330
1F
100
AcDbEntity
  8
MAIN-1
100
AcDbLine
 10
903.16507387161
 20
282.45000002385
 30
0.0
 11
903.23853015899
 21
282.45000002385
 31
0.0
  0
LINE
  5
4F4
102
{ACAD_REACTORS
330
28E
102
}
330
1F
100
AcDbEntity
  8
MAIN-1
100
AcDbLine
 10
903.23853015899
 20
282.45000002385
 30
0.0
 11
903.31414461135
 21
282.45000002385
 31
0.0
  0
LINE
  5
4F5
102
{ACAD_REACTORS
330
28E
102
}
330
1F
100
AcDbEntity
  8
MAIN-1
100
AcDbLine
 10
903.31414461135
 20
282.45000002385
 30
0.0
 11
903.39196586608
 21
282.45000002385
 31
0.0
  0
LINE
  5
4F6
102
{ACAD_REACTORS
330
28E
102
}
330
1F
100
AcDbEntity
  8
MAIN-1
100
AcDbLine
 10
903.39196586608
 20
282.45000002385
 30
0.0
 11
903.47214698791
 21
282.45000002385
 31
0.0
  0
LINE
  5
4F7
102
{ACAD_REACTORS
330
28E
102
}
330
1F
100
AcDbEntity
  8
MAIN-1
100
AcDbLine
 10
903.47214698791
 20
282.45000002385
 30
0.0
 11
903.5548291206301
 21
282.45000002385
 31
0.0
  0
LINE
  5
4F8
102
{ACAD_REACTORS
330
28E
102
}
330
1F
100
AcDbEntity
  8
MAIN-1
100
AcDbLine
 10
903.5548291206301
 20
282.45000002385
 30
0.0
 11
903.6399650573701
 21
282.45000002385
 31
0.0
  0
LINE
  5
4F9
102
{ACAD_REACTORS
330
28E
102
}
330
1F
100
AcDbEntity
  8
MAIN-1
100
AcDbLine
 10
903.6399650573701
 20
282.45000002385
 30
0.0
 11
903.7274432182301
 21
282.45000002385
 31
0.0
  0
LINE
  5
4FA
102
{ACAD_REACTORS
330
28E
102
}
330
1F
100
AcDbEntity
  8
MAIN-1
100
AcDbLine
 10
903.7274432182301
 20
282.45000002385
 30
0.0
 11
903.8169922828599
 21
282.45000002385
 31
0.0
  0
LINE
  5
4FB
102
{ACAD_REACTORS
330
28E
102
}
330
1F
100
AcDbEntity
  8
MAIN-1
100
AcDbLine
 10
903.8169922828599
 20
282.45000002385
 30
0.0
 11
903.9080977439801
 21
282.45000002385
 31
0.0
  0
LINE
  5
4FC
102
{ACAD_REACTORS
330
28E
102
}
330
1F
100
AcDbEntity
  8
MAIN-1
100
AcDbLine
 10
903.9080977439801
 20
282.45000002385
 30
0.0
 11
904.0000004768301
 21
282.45000002385
 31
0.0
  0
LINE
  5
4FD
102
{ACAD_REACTORS
330
28E
102
}
330
1F
100
AcDbEntity
  8
MAIN-1
100
AcDbLine
 10
904.00000028871
 20
282.45000000088
 30
0.0
 11
906.25000028861
 21
282.45000000093
 31
0.0
  0
LINE
  5
4FE
102
{ACAD_REACTORS
330
28E
102
}
330
1F
100
AcDbEntity
  8
MAIN-2
100
AcDbLine
 10
902.6711318769601
 20
285.59989254368
 30
0.0
 11
902.6711318769601
 21
285.5905820000701
 31
0.0
  0
LINE
  5
4FF
102
{ACAD_REACTORS
330
28E
102
}
330
1F
100
AcDbEntity
  8
MAIN-1
100
AcDbLine
 10
902.6711318769601
 20
285.5905820000701
 30
0.0
 11
902.6711318769601
 21
282.45000000085
 31
0.0
  0
LINE
  5
500
102
{ACAD_REACTORS
330
28E
102
}
330
1F
100
AcDbEntity
  8
MAIN-2
100
AcDbLine
 10
902.6711318769601
 20
285.59989254368
 30
0.0
 11
902.57366647409
 21
285.59218515363
 31
0.0
  0
LINE
  5
501
102
{ACAD_REACTORS
330
28E
102
}
330
1F
100
AcDbEntity
  8
MAIN-2
100
AcDbLine
 10
905.3500001156001
 20
285.55313268381
 30
0.0
 11
902.6711318769601
 21
285.59989254368
 31
0.0
  0
LINE
  5
502
102
{ACAD_REACTORS
330
28E
102
}
330
1F
100
AcDbEntity
  8
MAIN-2
100
AcDbLine
 10
905.35000011168
 20
285.54765686776
 30
0.0
 11
905.3500001156001
 21
285.55313268381
 31
0.0
  0
LINE
  5
503
102
{ACAD_REACTORS
330
28E
102
}
330
1F
100
AcDbEntity
  8
MAIN-2
100
AcDbLine
 10
905.60000011119
 20
285.5425070967499
 30
0.0
 11
905.35000011168
 21
285.54765686776
 31
0.0
  0
LINE
  5
504
102
{ACAD_REACTORS
330
28E
102
}
330
1F
100
AcDbEntity
  8
MAIN-2
100
AcDbLine
 10
905.60000011119
 20
285.5425070967499
 30
0.0
 11
905.60000011074
 21
285.54187748565
 31
0.0
  0
LINE
  5
505
102
{ACAD_REACTORS
330
28E
102
}
330
1F
100
AcDbEntity
  8
MAIN-2
100
AcDbLine
 10
905.7500002885099
 20
285.5390403496699
 30
0.0
 11
905.60000011074
 21
285.54187748565
 31
0.0
  0
LINE
  5
506
102
{ACAD_REACTORS
330
28E
102
}
330
1F
100
AcDbEntity
  8
MAIN-2
100
AcDbLine
 10
905.7500002885199
 20
285.5380759790401
 30
0.0
 11
905.7500002885099
 21
285.5390403496699
 31
0.0
  0
LINE
  5
507
102
{ACAD_REACTORS
330
28E
102
}
330
1F
100
AcDbEntity
  8
MAIN-1
100
AcDbLine
 10
905.60000010987
 20
282.45000000092
 30
0.0
 11
905.60000011074
 21
285.54027203589
 31
0.0
  0
LINE
  5
508
102
{ACAD_REACTORS
330
28E
102
}
330
1F
100
AcDbEntity
  8
MAIN-2
100
AcDbLine
 10
905.60000011074
 20
285.54027203589
 30
0.0
 11
905.60000011074
 21
285.54187748565
 31
0.0
  0
LINE
  5
509
102
{ACAD_REACTORS
330
28E
102
}
330
1F
100
AcDbEntity
  8
MAIN-2
100
AcDbLine
 10
905.60000011032
 20
282.45000000092
 30
0.0
 11
905.60000010987
 21
282.45000000092
 31
0.0
  0
LINE
  5
50A
102
{ACAD_REACTORS
330
28E
102
}
330
1F
100
AcDbEntity
  8
MAIN-2
100
AcDbLine
 10
905.3500001147299
 20
282.45000000091
 30
0.0
 11
905.35000011082
 21
282.45000000091
 31
0.0
  0
LINE
  5
50B
102
{ACAD_REACTORS
330
28E
102
}
330
1F
100
AcDbEntity
  8
MAIN-2
100
AcDbLine
 10
905.35000011168
 20
285.54765686776
 30
0.0
 11
905.35000011168
 21
285.5446306306501
 31
0.0
  0
LINE
  5
50C
102
{ACAD_REACTORS
330
28E
102
}
330
1F
100
AcDbEntity
  8
MAIN-1
100
AcDbLine
 10
905.35000011168
 20
285.5446306306501
 30
0.0
 11
905.35000011082
 21
282.45000000091
 31
0.0
  0
LINE
  5
50D
102
{ACAD_REACTORS
330
28E
102
}
330
1F
100
AcDbEntity
  8
MAIN-1
100
AcDbLine
 10
883.95006825112
 20
283.0584843919901
 30
0.0
 11
883.95006825117
 21
282.04999957738
 31
0.0
  0
ARC
  5
50E
102
{ACAD_REACTORS
330
28E
102
}
330
1F
100
AcDbEntity
  8
MAIN-1
100
AcDbCircle
 10
884.3500682510801
 20
283.9749995310001
 30
0.0
 40
1.0
100
AcDbArc
 50
113.5781872978851
 51
179.9999812760317
  0
LINE
  5
50F
102
{ACAD_REACTORS
330
28E
102
}
330
1F
100
AcDbEntity
  8
MAIN-1
100
AcDbLine
 10
883.950068251
 20
285.9000000026599
 30
0.0
 11
883.95006825105
 21
284.8915146699801
 31
0.0
  0
LINE
  5
510
102
{ACAD_REACTORS
330
28E
102
}
330
1F
100
AcDbEntity
  8
MAIN-1
100
AcDbLine
 10
889.05006790161
 20
286.5000000953701
 30
0.0
 11
888.9731426239
 21
286.4987669944801
 31
0.0
  0
LINE
  5
511
102
{ACAD_REACTORS
330
28E
102
}
330
1F
100
AcDbEntity
  8
MAIN-1
100
AcDbLine
 10
888.9731426239
 20
286.4987669944801
 30
0.0
 11
888.8965740203801
 21
286.4950867652899
 31
0.0
  0
LINE
  5
512
102
{ACAD_REACTORS
330
28E
102
}
330
1F
100
AcDbEntity
  8
MAIN-1
100
AcDbLine
 10
888.8965740203801
 20
286.4950867652899
 30
0.0
 11
888.8207321166899
 21
286.4890175819401
 31
0.0
  0
LINE
  5
513
102
{ACAD_REACTORS
330
28E
102
}
330
1F
100
AcDbEntity
  8
MAIN-1
100
AcDbLine
 10
888.8207321166899
 20
286.4890175819401
 30
0.0
 11
888.74596405029
 21
286.4806552887001
 31
0.0
  0
LINE
  5
514
102
{ACAD_REACTORS
330
28E
102
}
330
1F
100
AcDbEntity
  8
MAIN-1
100
AcDbLine
 10
888.74596405029
 20
286.4806552887001
 30
0.0
 11
888.67251396179
 21
286.47011671067
 31
0.0
  0
LINE
  5
515
102
{ACAD_REACTORS
330
28E
102
}
330
1F
100
AcDbEntity
  8
MAIN-1
100
AcDbLine
 10
888.67251396179
 20
286.47011671067
 30
0.0
 11
888.6006641387901
 21
286.4575487136899
 31
0.0
  0
LINE
  5
516
102
{ACAD_REACTORS
330
28E
102
}
330
1F
100
AcDbEntity
  8
MAIN-1
100
AcDbLine
 10
888.6006641387901
 20
286.4575487136899
 30
0.0
 11
888.53063583374
 21
286.4431153297501
 31
0.0
  0
LINE
  5
517
102
{ACAD_REACTORS
330
28E
102
}
330
1F
100
AcDbEntity
  8
MAIN-1
100
AcDbLine
 10
888.53063583374
 20
286.4431153297501
 30
0.0
 11
888.46266365051
 21
286.4270058631901
 31
0.0
  0
LINE
  5
518
102
{ACAD_REACTORS
330
28E
102
}
330
1F
100
AcDbEntity
  8
MAIN-1
100
AcDbLine
 10
888.46266365051
 20
286.4270058631901
 30
0.0
 11
888.3967800140299
 21
286.4093752861099
 31
0.0
  0
LINE
  5
519
102
{ACAD_REACTORS
330
28E
102
}
330
1F
100
AcDbEntity
  8
MAIN-1
100
AcDbLine
 10
888.3967800140299
 20
286.4093752861099
 30
0.0
 11
888.33312988281
 21
286.39041433335
 31
0.0
  0
LINE
  5
51A
102
{ACAD_REACTORS
330
28E
102
}
330
1F
100
AcDbEntity
  8
MAIN-1
100
AcDbLine
 10
888.33312988281
 20
286.39041433335
 30
0.0
 11
888.2717838287299
 21
286.3703027725301
 31
0.0
  0
LINE
  5
51B
102
{ACAD_REACTORS
330
28E
102
}
330
1F
100
AcDbEntity
  8
MAIN-1
100
AcDbLine
 10
888.2717838287299
 20
286.3703027725301
 30
0.0
 11
888.2128009796099
 21
286.3492184638999
 31
0.0
  0
LINE
  5
51C
102
{ACAD_REACTORS
330
28E
102
}
330
1F
100
AcDbEntity
  8
MAIN-1
100
AcDbLine
 10
888.2128009796099
 20
286.3492184638999
 30
0.0
 11
888.1561889648401
 21
286.3273259163
 31
0.0
  0
LINE
  5
51D
102
{ACAD_REACTORS
330
28E
102
}
330
1F
100
AcDbEntity
  8
MAIN-1
100
AcDbLine
 10
888.1561889648401
 20
286.3273259163
 30
0.0
 11
888.10193824768
 21
286.30477867127
 31
0.0
  0
LINE
  5
51E
102
{ACAD_REACTORS
330
28E
102
}
330
1F
100
AcDbEntity
  8
MAIN-1
100
AcDbLine
 10
888.10193824768
 20
286.30477867127
 30
0.0
 11
888.05006790161
 21
286.2817421913201
 31
0.0
  0
LINE
  5
51F
102
{ACAD_REACTORS
330
28E
102
}
330
1F
100
AcDbEntity
  8
MAIN-2
100
AcDbLine
 10
891.34712452399
 20
282.40294372778
 30
0.0
 11
891.34711913777
 21
282.402949114
 31
0.0
  0
LINE
  5
520
102
{ACAD_REACTORS
330
28E
102
}
330
1F
100
AcDbEntity
  8
MAIN-1
100
AcDbLine
 10
891.34712452399
 20
282.40294372778
 30
0.0
 11
891.3000682490299
 21
282.4500000027399
 31
0.0
  0
LINE
  5
521
102
{ACAD_REACTORS
330
28E
102
}
330
1F
100
AcDbEntity
  8
MAIN-1
100
AcDbLine
 10
891.08279664111
 20
285.5327283945501
 30
0.0
 11
891.34712452402
 21
285.7970562774599
 31
0.0
  0
LINE
  5
522
102
{ACAD_REACTORS
330
28E
102
}
330
1F
100
AcDbEntity
  8
MAIN-2
100
AcDbLine
 10
890.8000682489301
 20
285.5380759808399
 30
0.0
 11
891.08279664111
 21
285.5327283945501
 31
0.0
  0
LINE
  5
523
102
{ACAD_REACTORS
330
28E
102
}
330
1F
100
AcDbEntity
  8
MAIN-2
100
AcDbLine
 10
890.8000682489301
 20
285.5380759808399
 30
0.0
 11
890.8000682489301
 21
285.53765660002
 31
0.0
  0
LINE
  5
524
102
{ACAD_REACTORS
330
28E
102
}
330
1F
100
AcDbEntity
  8
MAIN-1
100
AcDbLine
 10
890.8000682489301
 20
285.53765660002
 30
0.0
 11
890.8000682489101
 21
282.4500000027199
 31
0.0
  0
LINE
  5
525
102
{ACAD_REACTORS
330
28E
102
}
330
1F
100
AcDbEntity
  8
MAIN-1
100
AcDbLine
 10
889.0500682491199
 20
282.4500000026901
 30
0.0
 11
891.3000682490299
 21
282.4500000027399
 31
0.0
  0
LINE
  5
526
102
{ACAD_REACTORS
330
28E
102
}
330
1F
100
AcDbEntity
  8
MAIN-1
100
AcDbLine
 10
889.0500682491199
 20
282.4500000026701
 30
0.0
 11
889.0500682491399
 21
281.7000000025901
 31
0.0
  0
LINE
  5
527
102
{ACAD_REACTORS
330
28E
102
}
330
1F
100
AcDbEntity
  8
MAIN-1
100
AcDbLine
 10
887.63352394103
 20
284.1000000000099
 30
0.0
 11
887.63344573974
 21
283.9791863918399
 31
0.0
  0
LINE
  5
528
102
{ACAD_REACTORS
330
28E
102
}
330
1F
100
AcDbEntity
  8
MAIN-1
100
AcDbLine
 10
887.63344573974
 20
283.9791863918399
 30
0.0
 11
887.6332168578999
 21
283.8608625888901
 31
0.0
  0
LINE
  5
529
102
{ACAD_REACTORS
330
28E
102
}
330
1F
100
AcDbEntity
  8
MAIN-1
100
AcDbLine
 10
887.6332168578999
 20
283.8608625888901
 30
0.0
 11
887.6328601837099
 21
283.7468667984101
 31
0.0
  0
LINE
  5
52A
102
{ACAD_REACTORS
330
28E
102
}
330
1F
100
AcDbEntity
  8
MAIN-1
100
AcDbLine
 10
887.6328601837099
 20
283.7468667984101
 30
0.0
 11
887.6323966979901
 21
283.63783297539
 31
0.0
  0
LINE
  5
52B
102
{ACAD_REACTORS
330
28E
102
}
330
1F
100
AcDbEntity
  8
MAIN-1
100
AcDbLine
 10
887.6323966979901
 20
283.63783297539
 30
0.0
 11
887.63185501098
 21
283.5338228702601
 31
0.0
  0
LINE
  5
52C
102
{ACAD_REACTORS
330
28E
102
}
330
1F
100
AcDbEntity
  8
MAIN-1
100
AcDbLine
 10
887.63185501098
 20
283.5338228702601
 30
0.0
 11
887.63124847412
 21
283.43446192742
 31
0.0
  0
LINE
  5
52D
102
{ACAD_REACTORS
330
28E
102
}
330
1F
100
AcDbEntity
  8
MAIN-1
100
AcDbLine
 10
887.63124847412
 20
283.43446192742
 30
0.0
 11
887.63059234619
 21
283.33926210404
 31
0.0
  0
LINE
  5
52E
102
{ACAD_REACTORS
330
28E
102
}
330
1F
100
AcDbEntity
  8
MAIN-1
100
AcDbLine
 10
887.63059234619
 20
283.33926210404
 30
0.0
 11
887.62989997863
 21
283.24764428139
 31
0.0
  0
LINE
  5
52F
102
{ACAD_REACTORS
330
28E
102
}
330
1F
100
AcDbEntity
  8
MAIN-1
100
AcDbLine
 10
887.62989997863
 20
283.24764428139
 30
0.0
 11
887.6291770935
 21
283.15913853646
 31
0.0
  0
LINE
  5
530
102
{ACAD_REACTORS
330
28E
102
}
330
1F
100
AcDbEntity
  8
MAIN-1
100
AcDbLine
 10
887.6291770935
 20
283.15913853646
 30
0.0
 11
887.62842941284
 21
283.0733189344501
 31
0.0
  0
LINE
  5
531
102
{ACAD_REACTORS
330
28E
102
}
330
1F
100
AcDbEntity
  8
MAIN-1
100
AcDbLine
 10
887.62842941284
 20
283.0733189344501
 30
0.0
 11
887.62766265869
 21
282.9898234367399
 31
0.0
  0
LINE
  5
532
102
{ACAD_REACTORS
330
28E
102
}
330
1F
100
AcDbEntity
  8
MAIN-1
100
AcDbLine
 10
887.62766265869
 20
282.9898234367399
 30
0.0
 11
887.6268787383999
 21
282.90835783482
 31
0.0
  0
LINE
  5
533
102
{ACAD_REACTORS
330
28E
102
}
330
1F
100
AcDbEntity
  8
MAIN-1
100
AcDbLine
 10
887.6268787383999
 20
282.90835783482
 30
0.0
 11
887.62608146667
 21
282.8286493778301
 31
0.0
  0
LINE
  5
534
102
{ACAD_REACTORS
330
28E
102
}
330
1F
100
AcDbEntity
  8
MAIN-1
100
AcDbLine
 10
887.62608146667
 20
282.8286493778301
 30
0.0
 11
887.62527275085
 21
282.75048849583
 31
0.0
  0
LINE
  5
535
102
{ACAD_REACTORS
330
28E
102
}
330
1F
100
AcDbEntity
  8
MAIN-1
100
AcDbLine
 10
887.62527275085
 20
282.75048849583
 30
0.0
 11
887.6244544982901
 21
282.6736831426699
 31
0.0
  0
LINE
  5
536
102
{ACAD_REACTORS
330
28E
102
}
330
1F
100
AcDbEntity
  8
MAIN-1
100
AcDbLine
 10
887.6244544982901
 20
282.6736831426699
 30
0.0
 11
887.62362670898
 21
282.5980894327199
 31
0.0
  0
LINE
  5
537
102
{ACAD_REACTORS
330
28E
102
}
330
1F
100
AcDbEntity
  8
MAIN-1
100
AcDbLine
 10
887.62362670898
 20
282.5980894327199
 30
0.0
 11
887.62279319763
 21
282.5235637188
 31
0.0
  0
LINE
  5
538
102
{ACAD_REACTORS
330
28E
102
}
330
1F
100
AcDbEntity
  8
MAIN-1
100
AcDbLine
 10
887.62279319763
 20
282.5235637188
 30
0.0
 11
887.62195205688
 21
282.45000002385
 31
0.0
  0
LINE
  5
539
102
{ACAD_REACTORS
330
28E
102
}
330
1F
100
AcDbEntity
  8
MAIN-1
100
AcDbLine
 10
887.62195205688
 20
282.45000002385
 30
0.0
 11
887.6832752227699
 21
282.45000002385
 31
0.0
  0
LINE
  5
53A
102
{ACAD_REACTORS
330
28E
102
}
330
1F
100
AcDbEntity
  8
MAIN-1
100
AcDbLine
 10
887.6832752227699
 20
282.45000002385
 30
0.0
 11
887.7455177307099
 21
282.45000002385
 31
0.0
  0
LINE
  5
53B
102
{ACAD_REACTORS
330
28E
102
}
330
1F
100
AcDbEntity
  8
MAIN-1
100
AcDbLine
 10
887.7455177307099
 20
282.45000002385
 30
0.0
 11
887.8087596893299
 21
282.45000002385
 31
0.0
  0
LINE
  5
53C
102
{ACAD_REACTORS
330
28E
102
}
330
1F
100
AcDbEntity
  8
MAIN-1
100
AcDbLine
 10
887.8087596893299
 20
282.45000002385
 30
0.0
 11
887.8730888366599
 21
282.45000002385
 31
0.0
  0
LINE
  5
53D
102
{ACAD_REACTORS
330
28E
102
}
330
1F
100
AcDbEntity
  8
MAIN-1
100
AcDbLine
 10
887.8730888366599
 20
282.45000002385
 30
0.0
 11
887.9386100769
 21
282.45000002385
 31
0.0
  0
LINE
  5
53E
102
{ACAD_REACTORS
330
28E
102
}
330
1F
100
AcDbEntity
  8
MAIN-1
100
AcDbLine
 10
887.9386100769
 20
282.45000002385
 30
0.0
 11
888.0054378509501
 21
282.45000002385
 31
0.0
  0
LINE
  5
53F
102
{ACAD_REACTORS
330
28E
102
}
330
1F
100
AcDbEntity
  8
MAIN-1
100
AcDbLine
 10
888.0054378509501
 20
282.45000002385
 30
0.0
 11
888.07370948791
 21
282.45000002385
 31
0.0
  0
LINE
  5
540
102
{ACAD_REACTORS
330
28E
102
}
330
1F
100
AcDbEntity
  8
MAIN-1
100
AcDbLine
 10
888.07370948791
 20
282.45000002385
 30
0.0
 11
888.14356422424
 21
282.45000002385
 31
0.0
  0
LINE
  5
541
102
{ACAD_REACTORS
330
28E
102
}
330
1F
100
AcDbEntity
  8
MAIN-1
100
AcDbLine
 10
888.14356422424
 20
282.45000002385
 30
0.0
 11
888.2151412963799
 21
282.45000002385
 31
0.0
  0
LINE
  5
542
102
{ACAD_REACTORS
330
28E
102
}
330
1F
100
AcDbEntity
  8
MAIN-1
100
AcDbLine
 10
888.2151412963799
 20
282.45000002385
 30
0.0
 11
888.28859710693
 21
282.45000002385
 31
0.0
  0
LINE
  5
543
102
{ACAD_REACTORS
330
28E
102
}
330
1F
100
AcDbEntity
  8
MAIN-1
100
AcDbLine
 10
888.28859710693
 20
282.45000002385
 30
0.0
 11
888.3642120361301
 21
282.45000002385
 31
0.0
  0
LINE
  5
544
102
{ACAD_REACTORS
330
28E
102
}
330
1F
100
AcDbEntity
  8
MAIN-1
100
AcDbLine
 10
888.3642120361301
 20
282.45000002385
 30
0.0
 11
888.44203376769
 21
282.45000002385
 31
0.0
  0
LINE
  5
545
102
{ACAD_REACTORS
330
28E
102
}
330
1F
100
AcDbEntity
  8
MAIN-1
100
AcDbLine
 10
888.44203376769
 20
282.45000002385
 30
0.0
 11
888.52221488952
 21
282.45000002385
 31
0.0
  0
LINE
  5
546
102
{ACAD_REACTORS
330
28E
102
}
330
1F
100
AcDbEntity
  8
MAIN-1
100
AcDbLine
 10
888.52221488952
 20
282.45000002385
 30
0.0
 11
888.6048965453999
 21
282.45000002385
 31
0.0
  0
LINE
  5
547
102
{ACAD_REACTORS
330
28E
102
}
330
1F
100
AcDbEntity
  8
MAIN-1
100
AcDbLine
 10
888.6048965453999
 20
282.45000002385
 30
0.0
 11
888.69003295898
 21
282.45000002385
 31
0.0
  0
LINE
  5
548
102
{ACAD_REACTORS
330
28E
102
}
330
1F
100
AcDbEntity
  8
MAIN-1
100
AcDbLine
 10
888.69003295898
 20
282.45000002385
 30
0.0
 11
888.7775115966699
 21
282.45000002385
 31
0.0
  0
LINE
  5
549
102
{ACAD_REACTORS
330
28E
102
}
330
1F
100
AcDbEntity
  8
MAIN-1
100
AcDbLine
 10
888.7775115966699
 20
282.45000002385
 30
0.0
 11
888.86705970764
 21
282.45000002385
 31
0.0
  0
LINE
  5
54A
102
{ACAD_REACTORS
330
28E
102
}
330
1F
100
AcDbEntity
  8
MAIN-1
100
AcDbLine
 10
888.86705970764
 20
282.45000002385
 30
0.0
 11
888.9581661224299
 21
282.45000002385
 31
0.0
  0
LINE
  5
54B
102
{ACAD_REACTORS
330
28E
102
}
330
1F
100
AcDbEntity
  8
MAIN-1
100
AcDbLine
 10
888.9581661224299
 20
282.45000002385
 30
0.0
 11
889.05006790161
 21
282.45000002385
 31
0.0
  0
LINE
  5
54C
102
{ACAD_REACTORS
330
28E
102
}
330
1F
100
AcDbEntity
  8
MAIN-2
100
AcDbLine
 10
887.72119983737
 20
285.5998925454801
 30
0.0
 11
887.72119983737
 21
285.59058200187
 31
0.0
  0
LINE
  5
54D
102
{ACAD_REACTORS
330
28E
102
}
330
1F
100
AcDbEntity
  8
MAIN-1
100
AcDbLine
 10
887.72119983737
 20
285.59058200187
 30
0.0
 11
887.72119983737
 21
282.4500000026601
 31
0.0
  0
LINE
  5
54E
102
{ACAD_REACTORS
330
28E
102
}
330
1F
100
AcDbEntity
  8
MAIN-2
100
AcDbLine
 10
887.72119983737
 20
285.5998925454801
 30
0.0
 11
887.6237344345
 21
285.5921851554299
 31
0.0
  0
LINE
  5
54F
102
{ACAD_REACTORS
330
28E
102
}
330
1F
100
AcDbEntity
  8
MAIN-2
100
AcDbLine
 10
890.40006807601
 20
285.5531326856101
 30
0.0
 11
887.72119983737
 21
285.5998925454801
 31
0.0
  0
LINE
  5
550
102
{ACAD_REACTORS
330
28E
102
}
330
1F
100
AcDbEntity
  8
MAIN-2
100
AcDbLine
 10
890.4000680720901
 20
285.5476568695599
 30
0.0
 11
890.40006807601
 21
285.5531326856101
 31
0.0
  0
LINE
  5
551
102
{ACAD_REACTORS
330
28E
102
}
330
1F
100
AcDbEntity
  8
MAIN-2
100
AcDbLine
 10
890.6500680715999
 20
285.54250709855
 30
0.0
 11
890.4000680721001
 21
285.5476568695599
 31
0.0
  0
LINE
  5
552
102
{ACAD_REACTORS
330
28E
102
}
330
1F
100
AcDbEntity
  8
MAIN-2
100
AcDbLine
 10
890.6500680715999
 20
285.54250709855
 30
0.0
 11
890.6500680711499
 21
285.5418774874599
 31
0.0
  0
LINE
  5
553
102
{ACAD_REACTORS
330
28E
102
}
330
1F
100
AcDbEntity
  8
MAIN-2
100
AcDbLine
 10
890.8000682489201
 20
285.53904035147
 30
0.0
 11
890.6500680711499
 21
285.5418774874599
 31
0.0
  0
LINE
  5
554
102
{ACAD_REACTORS
330
28E
102
}
330
1F
100
AcDbEntity
  8
MAIN-2
100
AcDbLine
 10
890.8000682489301
 20
285.5380759808399
 30
0.0
 11
890.8000682489201
 21
285.53904035147
 31
0.0
  0
LINE
  5
555
102
{ACAD_REACTORS
330
28E
102
}
330
1F
100
AcDbEntity
  8
MAIN-1
100
AcDbLine
 10
889.0500682491199
 20
285.5681581347401
 30
0.0
 11
891.08279664111
 21
285.5327283945501
 31
0.0
  0
LINE
  5
556
102
{ACAD_REACTORS
330
28E
102
}
330
1F
100
AcDbEntity
  8
MAIN-1
100
AcDbLine
 10
890.65006807028
 20
282.4500000027199
 30
0.0
 11
890.6500680711499
 21
285.5402720377001
 31
0.0
  0
LINE
  5
557
102
{ACAD_REACTORS
330
28E
102
}
330
1F
100
AcDbEntity
  8
MAIN-2
100
AcDbLine
 10
890.6500680711499
 20
285.5402720377001
 30
0.0
 11
890.6500680711499
 21
285.5418774874599
 31
0.0
  0
LINE
  5
558
102
{ACAD_REACTORS
330
28E
102
}
330
1F
100
AcDbEntity
  8
MAIN-2
100
AcDbLine
 10
890.65006807073
 20
282.4500000027199
 30
0.0
 11
890.65006807028
 21
282.4500000027199
 31
0.0
  0
LINE
  5
559
102
{ACAD_REACTORS
330
28E
102
}
330
1F
100
AcDbEntity
  8
MAIN-2
100
AcDbLine
 10
890.4000680751401
 20
282.4500000027199
 30
0.0
 11
890.40006807123
 21
282.4500000027199
 31
0.0
  0
LINE
  5
55A
102
{ACAD_REACTORS
330
28E
102
}
330
1F
100
AcDbEntity
  8
MAIN-2
100
AcDbLine
 10
890.4000680721001
 20
285.5476568695599
 30
0.0
 11
890.4000680720901
 21
285.54463063246
 31
0.0
  0
LINE
  5
55B
102
{ACAD_REACTORS
330
28E
102
}
330
1F
100
AcDbEntity
  8
MAIN-1
100
AcDbLine
 10
890.4000680720901
 20
285.54463063246
 30
0.0
 11
890.40006807123
 21
282.4500000027199
 31
0.0
  0
LINE
  5
55C
102
{ACAD_REACTORS
330
28E
102
}
330
1F
100
AcDbEntity
  8
MAIN-1
100
AcDbLine
 10
884.7500682510599
 20
283.0584843920001
 30
0.0
 11
884.7500682510699
 21
282.04999957738
 31
0.0
  0
LINE
  5
55D
102
{ACAD_REACTORS
330
28E
102
}
330
1F
100
AcDbEntity
  8
MAIN-1
100
AcDbLine
 10
884.7500682510299
 20
284.8915146700199
 30
0.0
 11
884.7500682510199
 21
285.9000000026599
 31
0.0
  0
ARC
  5
55E
102
{ACAD_REACTORS
330
28E
102
}
330
1F
100
AcDbEntity
  8
MAIN-1
100
AcDbCircle
 10
884.3500682510801
 20
283.9749995310001
 30
0.0
 40
1.0
100
AcDbArc
 50
0.0000187239685635
 51
66.4218127021151
  0
LINE
  5
55F
102
{ACAD_REACTORS
330
28E
102
}
330
1F
100
AcDbEntity
  8
MAIN-1
100
AcDbLine
 10
877.05000059746
 20
285.92500000106
 30
0.0
 11
880.20000059728
 21
285.92500000106
 31
0.0
  0
LINE
  5
560
102
{ACAD_REACTORS
330
28E
102
}
330
1F
100
AcDbEntity
  8
MAIN-1
100
AcDbLine
 10
869.85000059548
 20
282.04999957581
 30
0.0
 11
869.85000059552
 21
283.0584843904101
 31
0.0
  0
LINE
  5
561
102
{ACAD_REACTORS
330
28E
102
}
330
1F
100
AcDbEntity
  8
MAIN-1
100
AcDbLine
 10
869.8500005956
 20
284.8915146684001
 30
0.0
 11
869.85000059564
 21
285.9000000010799
 31
0.0
  0
ARC
  5
562
102
{ACAD_REACTORS
330
28E
102
}
330
1F
100
AcDbEntity
  8
MAIN-1
100
AcDbCircle
 10
869.4500005955599
 20
283.9749995294201
 30
0.0
 40
1.0
100
AcDbArc
 50
293.5781674500425
 51
0.0000187239685635
  0
LINE
  5
563
102
{ACAD_REACTORS
330
28E
102
}
330
1F
100
AcDbEntity
  8
MAIN-1
100
AcDbLine
 10
863.15000152587
 20
286.2817421913201
 30
0.0
 11
863.2018623352001
 21
286.30477485657
 31
0.0
  0
LINE
  5
564
102
{ACAD_REACTORS
330
28E
102
}
330
1F
100
AcDbEntity
  8
MAIN-1
100
AcDbLine
 10
863.2018623352001
 20
286.30477485657
 30
0.0
 11
863.2561264038
 21
286.3273273468101
 31
0.0
  0
LINE
  5
565
102
{ACAD_REACTORS
330
28E
102
}
330
1F
100
AcDbEntity
  8
MAIN-1
100
AcDbLine
 10
863.2561264038
 20
286.3273273468101
 30
0.0
 11
863.31275939941
 21
286.3492280006501
 31
0.0
  0
LINE
  5
566
102
{ACAD_REACTORS
330
28E
102
}
330
1F
100
AcDbEntity
  8
MAIN-1
100
AcDbLine
 10
863.31275939941
 20
286.3492280006501
 30
0.0
 11
863.37171173095
 21
286.37030134202
 31
0.0
  0
LINE
  5
567
102
{ACAD_REACTORS
330
28E
102
}
330
1F
100
AcDbEntity
  8
MAIN-1
100
AcDbLine
 10
863.37171173095
 20
286.37030134202
 30
0.0
 11
863.4330596923801
 21
286.39041337967
 31
0.0
  0
LINE
  5
568
102
{ACAD_REACTORS
330
28E
102
}
330
1F
100
AcDbEntity
  8
MAIN-1
100
AcDbLine
 10
863.4330596923801
 20
286.39041337967
 30
0.0
 11
863.49670791625
 21
286.4093743324299
 31
0.0
  0
LINE
  5
569
102
{ACAD_REACTORS
330
28E
102
}
330
1F
100
AcDbEntity
  8
MAIN-1
100
AcDbLine
 10
863.49670791625
 20
286.4093743324299
 30
0.0
 11
863.56259536743
 21
286.42700538636
 31
0.0
  0
LINE
  5
56A
102
{ACAD_REACTORS
330
28E
102
}
330
1F
100
AcDbEntity
  8
MAIN-1
100
AcDbLine
 10
863.56259536743
 20
286.42700538636
 30
0.0
 11
863.6305389404199
 21
286.44310817719
 31
0.0
  0
LINE
  5
56B
102
{ACAD_REACTORS
330
28E
102
}
330
1F
100
AcDbEntity
  8
MAIN-1
100
AcDbLine
 10
863.6305389404199
 20
286.44310817719
 30
0.0
 11
863.70055770874
 21
286.4575410842899
 31
0.0
  0
LINE
  5
56C
102
{ACAD_REACTORS
330
28E
102
}
330
1F
100
AcDbEntity
  8
MAIN-1
100
AcDbLine
 10
863.70055770874
 20
286.4575410842899
 30
0.0
 11
863.77244186401
 21
286.47011575699
 31
0.0
  0
LINE
  5
56D
102
{ACAD_REACTORS
330
28E
102
}
330
1F
100
AcDbEntity
  8
MAIN-1
100
AcDbLine
 10
863.77244186401
 20
286.47011575699
 30
0.0
 11
863.8458938598601
 21
286.4806552887001
 31
0.0
  0
LINE
  5
56E
102
{ACAD_REACTORS
330
28E
102
}
330
1F
100
AcDbEntity
  8
MAIN-1
100
AcDbLine
 10
863.8458938598601
 20
286.4806552887001
 30
0.0
 11
863.92067718505
 21
286.4890185356201
 31
0.0
  0
LINE
  5
56F
102
{ACAD_REACTORS
330
28E
102
}
330
1F
100
AcDbEntity
  8
MAIN-1
100
AcDbLine
 10
863.92067718505
 20
286.4890185356201
 30
0.0
 11
863.9965057372999
 21
286.49508628846
 31
0.0
  0
LINE
  5
570
102
{ACAD_REACTORS
330
28E
102
}
330
1F
100
AcDbEntity
  8
MAIN-1
100
AcDbLine
 10
863.9965057372999
 20
286.49508628846
 30
0.0
 11
864.0730743408201
 21
286.4987669944801
 31
0.0
  0
LINE
  5
571
102
{ACAD_REACTORS
330
28E
102
}
330
1F
100
AcDbEntity
  8
MAIN-1
100
AcDbLine
 10
864.0730743408201
 20
286.4987669944801
 30
0.0
 11
864.15000152587
 21
286.5000000953701
 31
0.0
  0
LINE
  5
572
102
{ACAD_REACTORS
330
28E
102
}
330
1F
100
AcDbEntity
  8
MAIN-1
100
AcDbLine
 10
866.1665458679099
 20
284.1000000000099
 30
0.0
 11
866.16661453247
 21
284.2127989292201
 31
0.0
  0
LINE
  5
573
102
{ACAD_REACTORS
330
28E
102
}
330
1F
100
AcDbEntity
  8
MAIN-1
100
AcDbLine
 10
866.16661453247
 20
284.2127989292201
 30
0.0
 11
866.1668128967201
 21
284.3235722541899
 31
0.0
  0
LINE
  5
574
102
{ACAD_REACTORS
330
28E
102
}
330
1F
100
AcDbEntity
  8
MAIN-1
100
AcDbLine
 10
866.1668128967201
 20
284.3235722541899
 30
0.0
 11
866.1671295166
 21
284.43077311516
 31
0.0
  0
LINE
  5
575
102
{ACAD_REACTORS
330
28E
102
}
330
1F
100
AcDbEntity
  8
MAIN-1
100
AcDbLine
 10
866.1671295166
 20
284.43077311516
 30
0.0
 11
866.1675415039001
 21
284.5336621761401
 31
0.0
  0
LINE
  5
576
102
{ACAD_REACTORS
330
28E
102
}
330
1F
100
AcDbEntity
  8
MAIN-1
100
AcDbLine
 10
866.1675415039001
 20
284.5336621761401
 30
0.0
 11
866.1680259704499
 21
284.63213429451
 31
0.0
  0
LINE
  5
577
102
{ACAD_REACTORS
330
28E
102
}
330
1F
100
AcDbEntity
  8
MAIN-1
100
AcDbLine
 10
866.1680259704499
 20
284.63213429451
 30
0.0
 11
866.16857147216
 21
284.7264553070099
 31
0.0
  0
LINE
  5
578
102
{ACAD_REACTORS
330
28E
102
}
330
1F
100
AcDbEntity
  8
MAIN-1
100
AcDbLine
 10
866.16857147216
 20
284.7264553070099
 30
0.0
 11
866.16916656494
 21
284.8169198989899
 31
0.0
  0
LINE
  5
579
102
{ACAD_REACTORS
330
28E
102
}
330
1F
100
AcDbEntity
  8
MAIN-1
100
AcDbLine
 10
866.16916656494
 20
284.8169198989899
 30
0.0
 11
866.16979598999
 21
284.9040602207201
 31
0.0
  0
LINE
  5
57A
102
{ACAD_REACTORS
330
28E
102
}
330
1F
100
AcDbEntity
  8
MAIN-1
100
AcDbLine
 10
866.16979598999
 20
284.9040602207201
 30
0.0
 11
866.1704559326099
 21
284.9882701397
 31
0.0
  0
LINE
  5
57B
102
{ACAD_REACTORS
330
28E
102
}
330
1F
100
AcDbEntity
  8
MAIN-1
100
AcDbLine
 10
866.1704559326099
 20
284.9882701397
 30
0.0
 11
866.17113876342
 21
285.0699261188599
 31
0.0
  0
LINE
  5
57C
102
{ACAD_REACTORS
330
28E
102
}
330
1F
100
AcDbEntity
  8
MAIN-1
100
AcDbLine
 10
866.17113876342
 20
285.0699261188599
 30
0.0
 11
866.17184448242
 21
285.14935669899
 31
0.0
  0
LINE
  5
57D
102
{ACAD_REACTORS
330
28E
102
}
330
1F
100
AcDbEntity
  8
MAIN-1
100
AcDbLine
 10
866.17184448242
 20
285.14935669899
 30
0.0
 11
866.1725654602001
 21
285.2268348693899
 31
0.0
  0
LINE
  5
57E
102
{ACAD_REACTORS
330
28E
102
}
330
1F
100
AcDbEntity
  8
MAIN-1
100
AcDbLine
 10
866.1725654602001
 20
285.2268348693899
 30
0.0
 11
866.1732978820701
 21
285.3025942802501
 31
0.0
  0
LINE
  5
57F
102
{ACAD_REACTORS
330
28E
102
}
330
1F
100
AcDbEntity
  8
MAIN-1
100
AcDbLine
 10
866.1732978820701
 20
285.3025942802501
 30
0.0
 11
866.17404174804
 21
285.3768487930299
 31
0.0
  0
LINE
  5
580
102
{ACAD_REACTORS
330
28E
102
}
330
1F
100
AcDbEntity
  8
MAIN-1
100
AcDbLine
 10
866.17404174804
 20
285.3768487930299
 30
0.0
 11
866.1747970581
 21
285.44977006913
 31
0.0
  0
LINE
  5
581
102
{ACAD_REACTORS
330
28E
102
}
330
1F
100
AcDbEntity
  8
MAIN-1
100
AcDbLine
 10
866.1747970581
 20
285.44977006913
 30
0.0
 11
866.17556381225
 21
285.52150449753
 31
0.0
  0
LINE
  5
582
102
{ACAD_REACTORS
330
28E
102
}
330
1F
100
AcDbEntity
  8
MAIN-1
100
AcDbLine
 10
866.17556381225
 20
285.52150449753
 30
0.0
 11
866.1763343811001
 21
285.59218511582
 31
0.0
  0
LINE
  5
583
102
{ACAD_REACTORS
330
28E
102
}
330
1F
100
AcDbEntity
  8
MAIN-1
100
AcDbLine
 10
864.7500005975301
 20
285.5681581331701
 30
0.0
 11
864.75000059751
 21
286.50000000001
 31
0.0
  0
LINE
  5
584
102
{ACAD_REACTORS
330
28E
102
}
330
1F
100
AcDbEntity
  8
MAIN-1
100
AcDbLine
 10
866.1763343811001
 20
285.59218511582
 30
0.0
 11
866.09909820556
 21
285.59091529847
 31
0.0
  0
LINE
  5
585
102
{ACAD_REACTORS
330
28E
102
}
330
1F
100
AcDbEntity
  8
MAIN-1
100
AcDbLine
 10
866.09909820556
 20
285.59091529847
 30
0.0
 11
866.02048492431
 21
285.5896202087499
 31
0.0
  0
LINE
  5
586
102
{ACAD_REACTORS
330
28E
102
}
330
1F
100
AcDbEntity
  8
MAIN-1
100
AcDbLine
 10
866.02048492431
 20
285.5896202087499
 30
0.0
 11
865.94031524658
 21
285.5882965087901
 31
0.0
  0
LINE
  5
587
102
{ACAD_REACTORS
330
28E
102
}
330
1F
100
AcDbEntity
  8
MAIN-1
100
AcDbLine
 10
865.94031524658
 20
285.5882965087901
 30
0.0
 11
865.85838317871
 21
285.5869413375899
 31
0.0
  0
LINE
  5
588
102
{ACAD_REACTORS
330
28E
102
}
330
1F
100
AcDbEntity
  8
MAIN-1
100
AcDbLine
 10
865.85838317871
 20
285.5869413375899
 30
0.0
 11
865.7744445800699
 21
285.58554897309
 31
0.0
  0
LINE
  5
589
102
{ACAD_REACTORS
330
28E
102
}
330
1F
100
AcDbEntity
  8
MAIN-1
100
AcDbLine
 10
865.7744445800699
 20
285.58554897309
 30
0.0
 11
865.68820571899
 21
285.5841151237501
 31
0.0
  0
LINE
  5
58A
102
{ACAD_REACTORS
330
28E
102
}
330
1F
100
AcDbEntity
  8
MAIN-1
100
AcDbLine
 10
865.68820571899
 20
285.5841151237501
 30
0.0
 11
865.5993309020901
 21
285.5826321601901
 31
0.0
  0
LINE
  5
58B
102
{ACAD_REACTORS
330
28E
102
}
330
1F
100
AcDbEntity
  8
MAIN-1
100
AcDbLine
 10
865.5993309020901
 20
285.5826321601901
 30
0.0
 11
865.50746536254
 21
285.58109483719
 31
0.0
  0
LINE
  5
58C
102
{ACAD_REACTORS
330
28E
102
}
330
1F
100
AcDbEntity
  8
MAIN-1
100
AcDbLine
 10
865.50746536254
 20
285.58109483719
 30
0.0
 11
865.4120330810499
 21
285.5794912338299
 31
0.0
  0
LINE
  5
58D
102
{ACAD_REACTORS
330
28E
102
}
330
1F
100
AcDbEntity
  8
MAIN-1
100
AcDbLine
 10
865.4120330810499
 20
285.5794912338299
 30
0.0
 11
865.3126716613699
 21
285.5778146743801
 31
0.0
  0
LINE
  5
58E
102
{ACAD_REACTORS
330
28E
102
}
330
1F
100
AcDbEntity
  8
MAIN-1
100
AcDbLine
 10
865.3126716613699
 20
285.5778146743801
 30
0.0
 11
865.2089233398401
 21
285.5760556221101
 31
0.0
  0
LINE
  5
58F
102
{ACAD_REACTORS
330
28E
102
}
330
1F
100
AcDbEntity
  8
MAIN-1
100
AcDbLine
 10
865.2089233398401
 20
285.5760556221101
 30
0.0
 11
865.10047149658
 21
285.57420692444
 31
0.0
  0
LINE
  5
590
102
{ACAD_REACTORS
330
28E
102
}
330
1F
100
AcDbEntity
  8
MAIN-1
100
AcDbLine
 10
865.10047149658
 20
285.57420692444
 30
0.0
 11
864.98728942871
 21
285.57226619721
 31
0.0
  0
LINE
  5
591
102
{ACAD_REACTORS
330
28E
102
}
330
1F
100
AcDbEntity
  8
MAIN-1
100
AcDbLine
 10
864.98728942871
 20
285.57226619721
 30
0.0
 11
864.8699607849101
 21
285.57024202347
 31
0.0
  0
LINE
  5
592
102
{ACAD_REACTORS
330
28E
102
}
330
1F
100
AcDbEntity
  8
MAIN-1
100
AcDbLine
 10
864.8699607849101
 20
285.57024202347
 30
0.0
 11
864.74999999999
 21
285.56815824509
 31
0.0
  0
LINE
  5
593
102
{ACAD_REACTORS
330
28E
102
}
330
1F
100
AcDbEntity
  8
MAIN-1
100
AcDbLine
 10
862.4529443226199
 20
285.7970562758801
 30
0.0
 11
862.71727220554
 21
285.5327283929701
 31
0.0
  0
LINE
  5
594
102
{ACAD_REACTORS
330
28E
102
}
330
1F
100
AcDbEntity
  8
MAIN-1
100
AcDbLine
 10
862.71727220554
 20
285.5327283929701
 30
0.0
 11
864.7500005975301
 21
285.5681581331701
 31
0.0
  0
LINE
  5
595
102
{ACAD_REACTORS
330
28E
102
}
330
1F
100
AcDbEntity
  8
MAIN-1
100
AcDbLine
 10
862.5000005976201
 20
282.4500000011601
 30
0.0
 11
862.45294432266
 21
282.4029437262
 31
0.0
  0
LINE
  5
596
102
{ACAD_REACTORS
330
28E
102
}
330
1F
100
AcDbEntity
  8
MAIN-1
100
AcDbLine
 10
863.0000005977299
 20
282.4500000011501
 30
0.0
 11
863.0000005977199
 21
285.5376566106199
 31
0.0
  0
LINE
  5
597
102
{ACAD_REACTORS
330
28E
102
}
330
1F
100
AcDbEntity
  8
MAIN-2
100
AcDbLine
 10
863.0000005977199
 20
285.5376566106199
 30
0.0
 11
863.0000005977199
 21
285.5380759792599
 31
0.0
  0
LINE
  5
598
102
{ACAD_REACTORS
330
28E
102
}
330
1F
100
AcDbEntity
  8
MAIN-2
100
AcDbLine
 10
862.71727220554
 20
285.5327283929701
 30
0.0
 11
863.0000005977199
 21
285.5380759792599
 31
0.0
  0
LINE
  5
599
102
{ACAD_REACTORS
330
28E
102
}
330
1F
100
AcDbEntity
  8
MAIN-1
100
AcDbLine
 10
862.5000005976201
 20
282.4500000011601
 30
0.0
 11
864.75000059752
 21
282.4500000011101
 31
0.0
  0
LINE
  5
59A
102
{ACAD_REACTORS
330
28E
102
}
330
1F
100
AcDbEntity
  8
MAIN-2
100
AcDbLine
 10
863.4000007715099
 20
282.4500000011401
 30
0.0
 11
863.40000077542
 21
282.4500000011401
 31
0.0
  0
LINE
  5
59B
102
{ACAD_REACTORS
330
28E
102
}
330
1F
100
AcDbEntity
  8
MAIN-2
100
AcDbLine
 10
863.15000077636
 20
282.4500000011401
 30
0.0
 11
863.15000077591
 21
282.4500000011401
 31
0.0
  0
LINE
  5
59C
102
{ACAD_REACTORS
330
28E
102
}
330
1F
100
AcDbEntity
  8
MAIN-2
100
AcDbLine
 10
863.1500007755001
 20
285.5418774858799
 30
0.0
 11
863.1500007755001
 21
285.5402720827401
 31
0.0
  0
LINE
  5
59D
102
{ACAD_REACTORS
330
28E
102
}
330
1F
100
AcDbEntity
  8
MAIN-1
100
AcDbLine
 10
863.1500007755001
 20
285.5402720827401
 30
0.0
 11
863.15000077636
 21
282.4500000011401
 31
0.0
  0
LINE
  5
59E
102
{ACAD_REACTORS
330
28E
102
}
330
1F
100
AcDbEntity
  8
MAIN-2
100
AcDbLine
 10
863.1500007755001
 20
285.5418774858799
 30
0.0
 11
863.0000005977299
 21
285.5390403499
 31
0.0
  0
LINE
  5
59F
102
{ACAD_REACTORS
330
28E
102
}
330
1F
100
AcDbEntity
  8
MAIN-2
100
AcDbLine
 10
863.0000005977299
 20
285.5390403499
 30
0.0
 11
863.0000005977199
 21
285.5380759792599
 31
0.0
  0
LINE
  5
5A0
102
{ACAD_REACTORS
330
28E
102
}
330
1F
100
AcDbEntity
  8
MAIN-2
100
AcDbLine
 10
863.40000077064
 20
285.5531326840301
 30
0.0
 11
866.07886900927
 21
285.5998925439001
 31
0.0
  0
LINE
  5
5A1
102
{ACAD_REACTORS
330
28E
102
}
330
1F
100
AcDbEntity
  8
MAIN-2
100
AcDbLine
 10
866.07886900927
 20
285.5998925439001
 30
0.0
 11
866.17633441214
 21
285.5921851538501
 31
0.0
  0
LINE
  5
5A2
102
{ACAD_REACTORS
330
28E
102
}
330
1F
100
AcDbEntity
  8
MAIN-2
100
AcDbLine
 10
863.1500007755001
 20
285.5418774858799
 30
0.0
 11
863.1500007750501
 21
285.54250709698
 31
0.0
  0
LINE
  5
5A3
102
{ACAD_REACTORS
330
28E
102
}
330
1F
100
AcDbEntity
  8
MAIN-2
100
AcDbLine
 10
863.4000007745501
 20
285.5476568679801
 30
0.0
 11
863.1500007750501
 21
285.54250709698
 31
0.0
  0
LINE
  5
5A4
102
{ACAD_REACTORS
330
28E
102
}
330
1F
100
AcDbEntity
  8
MAIN-2
100
AcDbLine
 10
863.4000007745501
 20
285.5476568679801
 30
0.0
 11
863.40000077064
 21
285.5531326840301
 31
0.0
  0
LINE
  5
5A5
102
{ACAD_REACTORS
330
28E
102
}
330
1F
100
AcDbEntity
  8
MAIN-1
100
AcDbLine
 10
866.07886900927
 20
282.4500000010801
 30
0.0
 11
866.07886900927
 21
285.59058199998
 31
0.0
  0
LINE
  5
5A6
102
{ACAD_REACTORS
330
28E
102
}
330
1F
100
AcDbEntity
  8
MAIN-2
100
AcDbLine
 10
866.07886900927
 20
285.59058199998
 30
0.0
 11
866.07886900927
 21
285.5998925439001
 31
0.0
  0
LINE
  5
5A7
102
{ACAD_REACTORS
330
28E
102
}
330
1F
100
AcDbEntity
  8
MAIN-1
100
AcDbLine
 10
863.40000077542
 20
282.4500000011401
 30
0.0
 11
863.4000007745501
 21
285.5446307187599
 31
0.0
  0
LINE
  5
5A8
102
{ACAD_REACTORS
330
28E
102
}
330
1F
100
AcDbEntity
  8
MAIN-2
100
AcDbLine
 10
863.4000007745501
 20
285.5446307187599
 30
0.0
 11
863.4000007745501
 21
285.5476568679801
 31
0.0
  0
LINE
  5
5A9
102
{ACAD_REACTORS
330
28E
102
}
330
1F
100
AcDbEntity
  8
MAIN-1
100
AcDbLine
 10
869.0500005956201
 20
285.9000000010799
 30
0.0
 11
869.0500005956101
 21
284.8915146684401
 31
0.0
  0
ARC
  5
5AA
102
{ACAD_REACTORS
330
28E
102
}
330
1F
100
AcDbEntity
  8
MAIN-1
100
AcDbCircle
 10
869.4500005955599
 20
283.9749995294201
 30
0.0
 40
1.0
100
AcDbArc
 50
179.9999812760317
 51
246.4218325499577
  0
LINE
  5
5AB
102
{ACAD_REACTORS
330
28E
102
}
330
1F
100
AcDbEntity
  8
MAIN-1
100
AcDbLine
 10
869.05000059557
 20
282.04999957581
 30
0.0
 11
869.0500005955901
 21
283.0584843904201
 31
0.0
  0
LINE
  5
5AC
102
{ACAD_REACTORS
330
28E
102
}
330
1F
100
AcDbEntity
  8
MAIN-1
100
AcDbLine
 10
855.65000059766
 20
285.92500000107
 30
0.0
 11
858.80000059748
 21
285.92500000107
 31
0.0
  0
LINE
  5
5AD
102
{ACAD_REACTORS
330
28E
102
}
330
1F
100
AcDbEntity
  8
MAIN-1
100
AcDbLine
 10
872.3666085443299
 20
285.39762534283
 30
0.0
 11
872.3666085443499
 21
282.5523746605199
 31
0.0
  0
LINE
  5
5AE
102
{ACAD_REACTORS
330
28E
102
}
330
1F
100
AcDbEntity
  8
MAIN-1
100
AcDbLine
 10
853.86660854467
 20
285.39762534274
 30
0.0
 11
853.86660854469
 21
282.5523746604499
 31
0.0
  0
LINE
  5
5AF
102
{ACAD_REACTORS
330
28E
102
}
330
1F
100
AcDbEntity
  8
MAIN-2
100
AcDbLine
 10
866.55000028872
 20
281.3500000000099
 30
0.0
 11
866.55000028872
 21
286.50000000001
 31
0.0
  0
INSERT
  5
5B5
102
{ACAD_REACTORS
330
28D
102
}
330
1F
100
AcDbEntity
  8
0
100
AcDbBlockReference
 66
     1
  2
EPLSYM_LibrarySPECIAL_Symbol12_Variant0_Placement8
 10
841.0
 20
286.5
 30
0.0
  0
ATTRIB
  5
5B6
330
5B5
100
AcDbEntity
  8
EPLAN493
 62
     5
100
AcDbText
 10
836.4736044
 20
282.5163199999999
 30
0.0
 40
2.3478
  1
21
  7
Tahoma
 72
     2
 11
840.0
 21
283.6902199999999
 31
0.0
100
AcDbAttribute
  2
17_20450
 70
     0
 74
     2
280
     0
 71
     1
 72
     0
 11
840.0
 21
283.6902199999999
 31
0.0
  0
SEQEND
  5
5B7
330
5B5
100
AcDbEntity
  8
0
  0
LWPOLYLINE
  5
5B9
102
{ACAD_REACTORS
330
5B8
102
}
330
1F
100
AcDbEntity
  8
EPLAN100
 48
6.0
370
     0
100
AcDbPolyline
 90
        4
 70
     1
 43
0.0
 10
854.0
 20
258.2
 10
892.0
 20
258.2
 10
892.0
 20
264.2
 10
854.0
 20
264.2
  0
TEXT
  5
5BA
102
{ACAD_REACTORS
330
5B8
102
}
330
1F
100
AcDbEntity
  8
EPLAN108
 62
     5
100
AcDbText
 10
868.0
 20
259.6412505461165
 30
0.0
 40
2.2575
  1
END
  7
Tahoma
 11
868.0
 21
259.0
 31
0.0
100
AcDbText
 73
     1
  0
LINE
  5
5BD
102
{ACAD_REACTORS
330
5BC
102
}
330
1F
100
AcDbEntity
  8
MAIN-2
100
AcDbLine
 10
861.1360107492601
 20
275.8500000000099
 30
0.0
 11
861.1360107492601
 21
281.00000000001
 31
0.0
  0
LINE
  5
5BE
102
{ACAD_REACTORS
330
5BC
102
}
330
1F
100
AcDbEntity
  8
MAIN-2
100
AcDbLine
 10
858.8500002887199
 20
281.00000000001
 30
0.0
 11
858.8500002887199
 21
275.8500000000099
 31
0.0
  0
ARC
  5
5BF
102
{ACAD_REACTORS
330
5BC
102
}
330
1F
100
AcDbEntity
  8
MAIN-1
100
AcDbCircle
 10
869.4500005955599
 20
278.4749995294201
 30
0.0
 40
1.0
100
AcDbArc
 50
113.5781872978851
 51
179.9999812760317
  0
ARC
  5
5C0
102
{ACAD_REACTORS
330
5BC
102
}
330
1F
100
AcDbEntity
  8
MAIN-1
100
AcDbCircle
 10
869.4500005955599
 20
278.4749995294201
 30
0.0
 40
1.0
100
AcDbArc
 50
0.0000187239685635
 51
66.4218127021151
  0
LINE
  5
5C1
102
{ACAD_REACTORS
330
5BC
102
}
330
1F
100
AcDbEntity
  8
MAIN-1
100
AcDbLine
 10
866.17811584472
 20
276.95000002385
 30
0.0
 11
866.1772766113199
 21
277.0235637188
 31
0.0
  0
LINE
  5
5C2
102
{ACAD_REACTORS
330
5BC
102
}
330
1F
100
AcDbEntity
  8
MAIN-1
100
AcDbLine
 10
866.1772766113199
 20
277.0235637188
 30
0.0
 11
866.1764411926199
 21
277.0980894327199
 31
0.0
  0
LINE
  5
5C3
102
{ACAD_REACTORS
330
5BC
102
}
330
1F
100
AcDbEntity
  8
MAIN-1
100
AcDbLine
 10
866.1764411926199
 20
277.0980894327199
 30
0.0
 11
866.1756134033201
 21
277.1736831426699
 31
0.0
  0
LINE
  5
5C4
102
{ACAD_REACTORS
330
5BC
102
}
330
1F
100
AcDbEntity
  8
MAIN-1
100
AcDbLine
 10
866.1756134033201
 20
277.1736831426699
 30
0.0
 11
866.1747970581
 21
277.25048849583
 31
0.0
  0
LINE
  5
5C5
102
{ACAD_REACTORS
330
5BC
102
}
330
1F
100
AcDbEntity
  8
MAIN-1
100
AcDbLine
 10
866.1747970581
 20
277.25048849583
 30
0.0
 11
866.1739883422799
 21
277.3286493778301
 31
0.0
  0
LINE
  5
5C6
102
{ACAD_REACTORS
330
5BC
102
}
330
1F
100
AcDbEntity
  8
MAIN-1
100
AcDbLine
 10
866.1739883422799
 20
277.3286493778301
 30
0.0
 11
866.17319107055
 21
277.40835783482
 31
0.0
  0
LINE
  5
5C7
102
{ACAD_REACTORS
330
5BC
102
}
330
1F
100
AcDbEntity
  8
MAIN-1
100
AcDbLine
 10
866.17319107055
 20
277.40835783482
 30
0.0
 11
866.1724052429099
 21
277.4898234367399
 31
0.0
  0
LINE
  5
5C8
102
{ACAD_REACTORS
330
5BC
102
}
330
1F
100
AcDbEntity
  8
MAIN-1
100
AcDbLine
 10
866.1724052429099
 20
277.4898234367399
 30
0.0
 11
866.17163848876
 21
277.5733189344501
 31
0.0
  0
LINE
  5
5C9
102
{ACAD_REACTORS
330
5BC
102
}
330
1F
100
AcDbEntity
  8
MAIN-1
100
AcDbLine
 10
866.17163848876
 20
277.5733189344501
 30
0.0
 11
866.1708908081
 21
277.65913853646
 31
0.0
  0
LINE
  5
5CA
102
{ACAD_REACTORS
330
5BC
102
}
330
1F
100
AcDbEntity
  8
MAIN-1
100
AcDbLine
 10
866.1708908081
 20
277.65913853646
 30
0.0
 11
866.17016983032
 21
277.74764428139
 31
0.0
  0
LINE
  5
5CB
102
{ACAD_REACTORS
330
5BC
102
}
330
1F
100
AcDbEntity
  8
MAIN-1
100
AcDbLine
 10
866.17016983032
 20
277.74764428139
 30
0.0
 11
866.1694755554099
 21
277.83926210404
 31
0.0
  0
LINE
  5
5CC
102
{ACAD_REACTORS
330
5BC
102
}
330
1F
100
AcDbEntity
  8
MAIN-1
100
AcDbLine
 10
866.1694755554099
 20
277.83926210404
 30
0.0
 11
866.16881942749
 21
277.93446192742
 31
0.0
  0
LINE
  5
5CD
102
{ACAD_REACTORS
330
5BC
102
}
330
1F
100
AcDbEntity
  8
MAIN-1
100
AcDbLine
 10
866.16881942749
 20
277.93446192742
 30
0.0
 11
866.16821289062
 21
278.0338228702601
 31
0.0
  0
LINE
  5
5CE
102
{ACAD_REACTORS
330
5BC
102
}
330
1F
100
AcDbEntity
  8
MAIN-1
100
AcDbLine
 10
866.16821289062
 20
278.0338228702601
 30
0.0
 11
866.1676712036101
 21
278.13783297539
 31
0.0
  0
LINE
  5
5CF
102
{ACAD_REACTORS
330
5BC
102
}
330
1F
100
AcDbEntity
  8
MAIN-1
100
AcDbLine
 10
866.1676712036101
 20
278.13783297539
 30
0.0
 11
866.16720962524
 21
278.2468667984101
 31
0.0
  0
LINE
  5
5D0
102
{ACAD_REACTORS
330
5BC
102
}
330
1F
100
AcDbEntity
  8
MAIN-1
100
AcDbLine
 10
866.16720962524
 20
278.2468667984101
 30
0.0
 11
866.1668510437
 21
278.3608625888901
 31
0.0
  0
LINE
  5
5D1
102
{ACAD_REACTORS
330
5BC
102
}
330
1F
100
AcDbEntity
  8
MAIN-1
100
AcDbLine
 10
866.1668510437
 20
278.3608625888901
 30
0.0
 11
866.16662216186
 21
278.4791863918399
 31
0.0
  0
LINE
  5
5D2
102
{ACAD_REACTORS
330
5BC
102
}
330
1F
100
AcDbEntity
  8
MAIN-1
100
AcDbLine
 10
866.16662216186
 20
278.4791863918399
 30
0.0
 11
866.1665458679099
 21
278.6000000000099
 31
0.0
  0
LINE
  5
5D3
102
{ACAD_REACTORS
330
5BC
102
}
330
1F
100
AcDbEntity
  8
MAIN-1
100
AcDbLine
 10
864.74999999999
 20
276.95000002385
 30
0.0
 11
864.84190368652
 21
276.95000002385
 31
0.0
  0
LINE
  5
5D4
102
{ACAD_REACTORS
330
5BC
102
}
330
1F
100
AcDbEntity
  8
MAIN-1
100
AcDbLine
 10
864.84190368652
 20
276.95000002385
 30
0.0
 11
864.93301010131
 21
276.95000002385
 31
0.0
  0
LINE
  5
5D5
102
{ACAD_REACTORS
330
5BC
102
}
330
1F
100
AcDbEntity
  8
MAIN-1
100
AcDbLine
 10
864.93301010131
 20
276.95000002385
 30
0.0
 11
865.02255630493
 21
276.95000002385
 31
0.0
  0
LINE
  5
5D6
102
{ACAD_REACTORS
330
5BC
102
}
330
1F
100
AcDbEntity
  8
MAIN-1
100
AcDbLine
 10
865.02255630493
 20
276.95000002385
 30
0.0
 11
865.1100349426199
 21
276.95000002385
 31
0.0
  0
LINE
  5
5D7
102
{ACAD_REACTORS
330
5BC
102
}
330
1F
100
AcDbEntity
  8
MAIN-1
100
AcDbLine
 10
865.1100349426199
 20
276.95000002385
 30
0.0
 11
865.1951713562
 21
276.95000002385
 31
0.0
  0
LINE
  5
5D8
102
{ACAD_REACTORS
330
5BC
102
}
330
1F
100
AcDbEntity
  8
MAIN-1
100
AcDbLine
 10
865.1951713562
 20
276.95000002385
 30
0.0
 11
865.27785491943
 21
276.95000002385
 31
0.0
  0
LINE
  5
5D9
102
{ACAD_REACTORS
330
5BC
102
}
330
1F
100
AcDbEntity
  8
MAIN-1
100
AcDbLine
 10
865.27785491943
 20
276.95000002385
 30
0.0
 11
865.35803604125
 21
276.95000002385
 31
0.0
  0
LINE
  5
5DA
102
{ACAD_REACTORS
330
5BC
102
}
330
1F
100
AcDbEntity
  8
MAIN-1
100
AcDbLine
 10
865.35803604125
 20
276.95000002385
 30
0.0
 11
865.4358558654701
 21
276.95000002385
 31
0.0
  0
LINE
  5
5DB
102
{ACAD_REACTORS
330
5BC
102
}
330
1F
100
AcDbEntity
  8
MAIN-1
100
AcDbLine
 10
865.4358558654701
 20
276.95000002385
 30
0.0
 11
865.51147079467
 21
276.95000002385
 31
0.0
  0
LINE
  5
5DC
102
{ACAD_REACTORS
330
5BC
102
}
330
1F
100
AcDbEntity
  8
MAIN-1
100
AcDbLine
 10
865.51147079467
 20
276.95000002385
 30
0.0
 11
865.5849266052201
 21
276.95000002385
 31
0.0
  0
LINE
  5
5DD
102
{ACAD_REACTORS
330
5BC
102
}
330
1F
100
AcDbEntity
  8
MAIN-1
100
AcDbLine
 10
865.5849266052201
 20
276.95000002385
 30
0.0
 11
865.65650558471
 21
276.95000002385
 31
0.0
  0
LINE
  5
5DE
102
{ACAD_REACTORS
330
5BC
102
}
330
1F
100
AcDbEntity
  8
MAIN-1
100
AcDbLine
 10
865.65650558471
 20
276.95000002385
 30
0.0
 11
865.7263603210399
 21
276.95000002385
 31
0.0
  0
LINE
  5
5DF
102
{ACAD_REACTORS
330
5BC
102
}
330
1F
100
AcDbEntity
  8
MAIN-1
100
AcDbLine
 10
865.7263603210399
 20
276.95000002385
 30
0.0
 11
865.7946319580001
 21
276.95000002385
 31
0.0
  0
LINE
  5
5E0
102
{ACAD_REACTORS
330
5BC
102
}
330
1F
100
AcDbEntity
  8
MAIN-1
100
AcDbLine
 10
865.7946319580001
 20
276.95000002385
 30
0.0
 11
865.8614578247
 21
276.95000002385
 31
0.0
  0
LINE
  5
5E1
102
{ACAD_REACTORS
330
5BC
102
}
330
1F
100
AcDbEntity
  8
MAIN-1
100
AcDbLine
 10
865.8614578247
 20
276.95000002385
 30
0.0
 11
865.92697906494
 21
276.95000002385
 31
0.0
  0
LINE
  5
5E2
102
{ACAD_REACTORS
330
5BC
102
}
330
1F
100
AcDbEntity
  8
MAIN-1
100
AcDbLine
 10
865.92697906494
 20
276.95000002385
 30
0.0
 11
865.99131011962
 21
276.95000002385
 31
0.0
  0
LINE
  5
5E3
102
{ACAD_REACTORS
330
5BC
102
}
330
1F
100
AcDbEntity
  8
MAIN-1
100
AcDbLine
 10
865.99131011962
 20
276.95000002385
 30
0.0
 11
866.05455017089
 21
276.95000002385
 31
0.0
  0
LINE
  5
5E4
102
{ACAD_REACTORS
330
5BC
102
}
330
1F
100
AcDbEntity
  8
MAIN-1
100
AcDbLine
 10
866.05455017089
 20
276.95000002385
 30
0.0
 11
866.11679458618
 21
276.95000002385
 31
0.0
  0
LINE
  5
5E5
102
{ACAD_REACTORS
330
5BC
102
}
330
1F
100
AcDbEntity
  8
MAIN-1
100
AcDbLine
 10
866.11679458618
 20
276.95000002385
 30
0.0
 11
866.17811584472
 21
276.95000002385
 31
0.0
  0
LINE
  5
5E6
102
{ACAD_REACTORS
330
5BC
102
}
330
1F
100
AcDbEntity
  8
MAIN-1
100
AcDbLine
 10
864.75000059752
 20
276.9500000010901
 30
0.0
 11
864.75000059751
 21
276.20000000101
 31
0.0
  0
ARC
  5
5E7
102
{ACAD_REACTORS
330
5BC
102
}
330
1F
100
AcDbEntity
  8
MAIN-1
100
AcDbCircle
 10
864.75000059746
 20
278.6000000010599
 30
0.0
 40
2.40000000000532
100
AcDbArc
 50
0.0000187239685635
 51
65.37564906398576
  0
LINE
  5
5E8
102
{ACAD_REACTORS
330
5BC
102
}
330
1F
100
AcDbEntity
  8
MAIN-1
100
AcDbLine
 10
865.74999999999
 20
280.7817421913201
 30
0.0
 11
865.69813156127
 21
280.80477867127
 31
0.0
  0
LINE
  5
5E9
102
{ACAD_REACTORS
330
5BC
102
}
330
1F
100
AcDbEntity
  8
MAIN-1
100
AcDbLine
 10
865.69813156127
 20
280.80477867127
 30
0.0
 11
865.6438789367601
 21
280.8273259163
 31
0.0
  0
LINE
  5
5EA
102
{ACAD_REACTORS
330
5BC
102
}
330
1F
100
AcDbEntity
  8
MAIN-1
100
AcDbLine
 10
865.6438789367601
 20
280.8273259163
 30
0.0
 11
865.58726882934
 21
280.8492184638999
 31
0.0
  0
LINE
  5
5EB
102
{ACAD_REACTORS
330
5BC
102
}
330
1F
100
AcDbEntity
  8
MAIN-1
100
AcDbLine
 10
865.58726882934
 20
280.8492184638999
 30
0.0
 11
865.5282859802201
 21
280.8703027725301
 31
0.0
  0
LINE
  5
5EC
102
{ACAD_REACTORS
330
5BC
102
}
330
1F
100
AcDbEntity
  8
MAIN-1
100
AcDbLine
 10
865.5282859802201
 20
280.8703027725301
 30
0.0
 11
865.46693801879
 21
280.89041433335
 31
0.0
  0
LINE
  5
5ED
102
{ACAD_REACTORS
330
5BC
102
}
330
1F
100
AcDbEntity
  8
MAIN-1
100
AcDbLine
 10
865.46693801879
 20
280.89041433335
 30
0.0
 11
865.40328979492
 21
280.9093752861099
 31
0.0
  0
LINE
  5
5EE
102
{ACAD_REACTORS
330
5BC
102
}
330
1F
100
AcDbEntity
  8
MAIN-1
100
AcDbLine
 10
865.40328979492
 20
280.9093752861099
 30
0.0
 11
865.33740615844
 21
280.9270058631901
 31
0.0
  0
LINE
  5
5EF
102
{ACAD_REACTORS
330
5BC
102
}
330
1F
100
AcDbEntity
  8
MAIN-1
100
AcDbLine
 10
865.33740615844
 20
280.9270058631901
 30
0.0
 11
865.26943206787
 21
280.9431153297501
 31
0.0
  0
LINE
  5
5F0
102
{ACAD_REACTORS
330
5BC
102
}
330
1F
100
AcDbEntity
  8
MAIN-1
100
AcDbLine
 10
865.26943206787
 20
280.9431153297501
 30
0.0
 11
865.1994056701601
 21
280.9575487136899
 31
0.0
  0
LINE
  5
5F1
102
{ACAD_REACTORS
330
5BC
102
}
330
1F
100
AcDbEntity
  8
MAIN-1
100
AcDbLine
 10
865.1994056701601
 20
280.9575487136899
 30
0.0
 11
865.12755584716
 21
280.97011671067
 31
0.0
  0
LINE
  5
5F2
102
{ACAD_REACTORS
330
5BC
102
}
330
1F
100
AcDbEntity
  8
MAIN-1
100
AcDbLine
 10
865.12755584716
 20
280.97011671067
 30
0.0
 11
865.05410385131
 21
280.9806552887001
 31
0.0
  0
LINE
  5
5F3
102
{ACAD_REACTORS
330
5BC
102
}
330
1F
100
AcDbEntity
  8
MAIN-1
100
AcDbLine
 10
865.05410385131
 20
280.9806552887001
 30
0.0
 11
864.9793357849101
 21
280.9890175819401
 31
0.0
  0
LINE
  5
5F4
102
{ACAD_REACTORS
330
5BC
102
}
330
1F
100
AcDbEntity
  8
MAIN-1
100
AcDbLine
 10
864.9793357849101
 20
280.9890175819401
 30
0.0
 11
864.9034957885699
 21
280.9950867652899
 31
0.0
  0
LINE
  5
5F5
102
{ACAD_REACTORS
330
5BC
102
}
330
1F
100
AcDbEntity
  8
MAIN-1
100
AcDbLine
 10
864.9034957885699
 20
280.9950867652899
 30
0.0
 11
864.82692718505
 21
280.9987669944801
 31
0.0
  0
LINE
  5
5F6
102
{ACAD_REACTORS
330
5BC
102
}
330
1F
100
AcDbEntity
  8
MAIN-1
100
AcDbLine
 10
864.82692718505
 20
280.9987669944801
 30
0.0
 11
864.74999999999
 21
281.0000000953701
 31
0.0
  0
ARC
  5
5F7
102
{ACAD_REACTORS
330
5BC
102
}
330
1F
100
AcDbEntity
  8
MAIN-1
100
AcDbCircle
 10
864.1500005974799
 20
278.6000000010599
 30
0.0
 40
2.40000000000532
100
AcDbArc
 50
179.9999812760317
 51
269.9999801521574
  0
ARC
  5
5F8
102
{ACAD_REACTORS
330
5BC
102
}
330
1F
100
AcDbEntity
  8
MAIN-1
100
AcDbCircle
 10
884.3500682510801
 20
278.4749995310001
 30
0.0
 40
1.0
100
AcDbArc
 50
293.5781674500425
 51
0.0000187239685635
  0
ARC
  5
5F9
102
{ACAD_REACTORS
330
5BC
102
}
330
1F
100
AcDbEntity
  8
MAIN-1
100
AcDbCircle
 10
884.3500682510801
 20
278.4749995310001
 30
0.0
 40
1.0
100
AcDbArc
 50
179.9999812760317
 51
246.4218325499577
  0
LINE
  5
5FA
102
{ACAD_REACTORS
330
5BC
102
}
330
1F
100
AcDbEntity
  8
MAIN-1
100
AcDbLine
 10
887.6237335205001
 20
280.09218511582
 30
0.0
 11
887.6245059967
 21
280.02150449753
 31
0.0
  0
LINE
  5
5FB
102
{ACAD_REACTORS
330
5BC
102
}
330
1F
100
AcDbEntity
  8
MAIN-1
100
AcDbLine
 10
887.6245059967
 20
280.02150449753
 30
0.0
 11
887.6252708435
 21
279.94977006913
 31
0.0
  0
LINE
  5
5FC
102
{ACAD_REACTORS
330
5BC
102
}
330
1F
100
AcDbEntity
  8
MAIN-1
100
AcDbLine
 10
887.6252708435
 20
279.94977006913
 30
0.0
 11
887.6260261535599
 21
279.8768487930299
 31
0.0
  0
LINE
  5
5FD
102
{ACAD_REACTORS
330
5BC
102
}
330
1F
100
AcDbEntity
  8
MAIN-1
100
AcDbLine
 10
887.6260261535599
 20
279.8768487930299
 30
0.0
 11
887.6267719268701
 21
279.8025942802501
 31
0.0
  0
LINE
  5
5FE
102
{ACAD_REACTORS
330
5BC
102
}
330
1F
100
AcDbEntity
  8
MAIN-1
100
AcDbLine
 10
887.6267719268701
 20
279.8025942802501
 30
0.0
 11
887.6275043487501
 21
279.7268348693899
 31
0.0
  0
LINE
  5
5FF
102
{ACAD_REACTORS
330
5BC
102
}
330
1F
100
AcDbEntity
  8
MAIN-1
100
AcDbLine
 10
887.6275043487501
 20
279.7268348693899
 30
0.0
 11
887.6282253265299
 21
279.64935669899
 31
0.0
  0
LINE
  5
600
102
{ACAD_REACTORS
330
5BC
102
}
330
1F
100
AcDbEntity
  8
MAIN-1
100
AcDbLine
 10
887.6282253265299
 20
279.64935669899
 30
0.0
 11
887.62892913818
 21
279.5699261188599
 31
0.0
  0
LINE
  5
601
102
{ACAD_REACTORS
330
5BC
102
}
330
1F
100
AcDbEntity
  8
MAIN-1
100
AcDbLine
 10
887.62892913818
 20
279.5699261188599
 30
0.0
 11
887.62961196899
 21
279.4882701397
 31
0.0
  0
LINE
  5
602
102
{ACAD_REACTORS
330
5BC
102
}
330
1F
100
AcDbEntity
  8
MAIN-1
100
AcDbLine
 10
887.62961196899
 20
279.4882701397
 30
0.0
 11
887.63027191162
 21
279.4040602207201
 31
0.0
  0
LINE
  5
603
102
{ACAD_REACTORS
330
5BC
102
}
330
1F
100
AcDbEntity
  8
MAIN-1
100
AcDbLine
 10
887.63027191162
 20
279.4040602207201
 30
0.0
 11
887.6309032440099
 21
279.3169198989899
 31
0.0
  0
LINE
  5
604
102
{ACAD_REACTORS
330
5BC
102
}
330
1F
100
AcDbEntity
  8
MAIN-1
100
AcDbLine
 10
887.6309032440099
 20
279.3169198989899
 30
0.0
 11
887.63149642944
 21
279.2264553070099
 31
0.0
  0
LINE
  5
605
102
{ACAD_REACTORS
330
5BC
102
}
330
1F
100
AcDbEntity
  8
MAIN-1
100
AcDbLine
 10
887.63149642944
 20
279.2264553070099
 30
0.0
 11
887.6320419311501
 21
279.13213429451
 31
0.0
  0
LINE
  5
606
102
{ACAD_REACTORS
330
5BC
102
}
330
1F
100
AcDbEntity
  8
MAIN-1
100
AcDbLine
 10
887.6320419311501
 20
279.13213429451
 30
0.0
 11
887.6325283050501
 21
279.0336621761401
 31
0.0
  0
LINE
  5
607
102
{ACAD_REACTORS
330
5BC
102
}
330
1F
100
AcDbEntity
  8
MAIN-1
100
AcDbLine
 10
887.6325283050501
 20
279.0336621761401
 30
0.0
 11
887.63294029235
 21
278.93077311516
 31
0.0
  0
LINE
  5
608
102
{ACAD_REACTORS
330
5BC
102
}
330
1F
100
AcDbEntity
  8
MAIN-1
100
AcDbLine
 10
887.63294029235
 20
278.93077311516
 30
0.0
 11
887.6332550048801
 21
278.8235724926001
 31
0.0
  0
LINE
  5
609
102
{ACAD_REACTORS
330
5BC
102
}
330
1F
100
AcDbEntity
  8
MAIN-1
100
AcDbLine
 10
887.6332550048801
 20
278.8235724926001
 30
0.0
 11
887.6334552764799
 21
278.7127989292201
 31
0.0
  0
LINE
  5
60A
102
{ACAD_REACTORS
330
5BC
102
}
330
1F
100
AcDbEntity
  8
MAIN-1
100
AcDbLine
 10
887.6334552764799
 20
278.7127989292201
 30
0.0
 11
887.63352394103
 21
278.6000000000099
 31
0.0
  0
LINE
  5
60B
102
{ACAD_REACTORS
330
5BC
102
}
330
1F
100
AcDbEntity
  8
MAIN-1
100
AcDbLine
 10
889.05006790161
 20
280.06815824509
 30
0.0
 11
888.95521926879
 21
280.06980667115
 31
0.0
  0
LINE
  5
60C
102
{ACAD_REACTORS
330
5BC
102
}
330
1F
100
AcDbEntity
  8
MAIN-1
100
AcDbLine
 10
888.95521926879
 20
280.06980667115
 30
0.0
 11
888.8617477416899
 21
280.0714231491099
 31
0.0
  0
LINE
  5
60D
102
{ACAD_REACTORS
330
5BC
102
}
330
1F
100
AcDbEntity
  8
MAIN-1
100
AcDbLine
 10
888.8617477416899
 20
280.0714231491099
 30
0.0
 11
888.7705554962099
 21
280.0729914665301
 31
0.0
  0
LINE
  5
60E
102
{ACAD_REACTORS
330
5BC
102
}
330
1F
100
AcDbEntity
  8
MAIN-1
100
AcDbLine
 10
888.7705554962099
 20
280.0729914665301
 30
0.0
 11
888.68215370178
 21
280.07450494767
 31
0.0
  0
LINE
  5
60F
102
{ACAD_REACTORS
330
5BC
102
}
330
1F
100
AcDbEntity
  8
MAIN-1
100
AcDbLine
 10
888.68215370178
 20
280.07450494767
 30
0.0
 11
888.5967292785599
 21
280.0759607315099
 31
0.0
  0
LINE
  5
610
102
{ACAD_REACTORS
330
5BC
102
}
330
1F
100
AcDbEntity
  8
MAIN-1
100
AcDbLine
 10
888.5967292785599
 20
280.0759607315099
 30
0.0
 11
888.5142307281401
 21
280.0773602485699
 31
0.0
  0
LINE
  5
611
102
{ACAD_REACTORS
330
5BC
102
}
330
1F
100
AcDbEntity
  8
MAIN-1
100
AcDbLine
 10
888.5142307281401
 20
280.0773602485699
 30
0.0
 11
888.43457603454
 21
280.0787068367099
 31
0.0
  0
LINE
  5
612
102
{ACAD_REACTORS
330
5BC
102
}
330
1F
100
AcDbEntity
  8
MAIN-1
100
AcDbLine
 10
888.43457603454
 20
280.0787068367099
 30
0.0
 11
888.3575057983301
 21
280.08000478745
 31
0.0
  0
LINE
  5
613
102
{ACAD_REACTORS
330
5BC
102
}
330
1F
100
AcDbEntity
  8
MAIN-1
100
AcDbLine
 10
888.3575057983301
 20
280.08000478745
 30
0.0
 11
888.2827701568599
 21
280.08125934601
 31
0.0
  0
LINE
  5
614
102
{ACAD_REACTORS
330
5BC
102
}
330
1F
100
AcDbEntity
  8
MAIN-1
100
AcDbLine
 10
888.2827701568599
 20
280.08125934601
 30
0.0
 11
888.2102470397899
 21
280.08247337342
 31
0.0
  0
LINE
  5
615
102
{ACAD_REACTORS
330
5BC
102
}
330
1F
100
AcDbEntity
  8
MAIN-1
100
AcDbLine
 10
888.2102470397899
 20
280.08247337342
 30
0.0
 11
888.13962554931
 21
280.0836521148699
 31
0.0
  0
LINE
  5
616
102
{ACAD_REACTORS
330
5BC
102
}
330
1F
100
AcDbEntity
  8
MAIN-1
100
AcDbLine
 10
888.13962554931
 20
280.0836521148699
 30
0.0
 11
888.07070350646
 21
280.0847998619099
 31
0.0
  0
LINE
  5
617
102
{ACAD_REACTORS
330
5BC
102
}
330
1F
100
AcDbEntity
  8
MAIN-1
100
AcDbLine
 10
888.07070350646
 20
280.0847998619099
 30
0.0
 11
888.00332260131
 21
280.0859194755601
 31
0.0
  0
LINE
  5
618
102
{ACAD_REACTORS
330
5BC
102
}
330
1F
100
AcDbEntity
  8
MAIN-1
100
AcDbLine
 10
888.00332260131
 20
280.0859194755601
 30
0.0
 11
887.9373245239201
 21
280.0870133400001
 31
0.0
  0
LINE
  5
619
102
{ACAD_REACTORS
330
5BC
102
}
330
1F
100
AcDbEntity
  8
MAIN-1
100
AcDbLine
 10
887.9373245239201
 20
280.0870133400001
 30
0.0
 11
887.87256813049
 21
280.0880847931001
 31
0.0
  0
LINE
  5
61A
102
{ACAD_REACTORS
330
5BC
102
}
330
1F
100
AcDbEntity
  8
MAIN-1
100
AcDbLine
 10
887.87256813049
 20
280.0880847931001
 30
0.0
 11
887.8089275360101
 21
280.0891357421899
 31
0.0
  0
LINE
  5
61B
102
{ACAD_REACTORS
330
5BC
102
}
330
1F
100
AcDbEntity
  8
MAIN-1
100
AcDbLine
 10
887.8089275360101
 20
280.0891357421899
 30
0.0
 11
887.7463016510001
 21
280.09016857148
 31
0.0
  0
LINE
  5
61C
102
{ACAD_REACTORS
330
5BC
102
}
330
1F
100
AcDbEntity
  8
MAIN-1
100
AcDbLine
 10
887.7463016510001
 20
280.09016857148
 30
0.0
 11
887.68459701538
 21
280.0911847114601
 31
0.0
  0
LINE
  5
61D
102
{ACAD_REACTORS
330
5BC
102
}
330
1F
100
AcDbEntity
  8
MAIN-1
100
AcDbLine
 10
887.68459701538
 20
280.0911847114601
 30
0.0
 11
887.6237335205001
 21
280.09218511582
 31
0.0
  0
LINE
  5
61E
102
{ACAD_REACTORS
330
5BC
102
}
330
1F
100
AcDbEntity
  8
MAIN-1
100
AcDbLine
 10
889.0500682491199
 20
280.0681581347401
 30
0.0
 11
889.0500682491299
 21
281.00000000001
 31
0.0
  0
ARC
  5
61F
102
{ACAD_REACTORS
330
5BC
102
}
330
1F
100
AcDbEntity
  8
MAIN-1
100
AcDbCircle
 10
889.6500682491701
 20
278.6000000026399
 30
0.0
 40
2.40000000000532
100
AcDbArc
 50
0.0000187239685635
 51
65.37564906398576
  0
LINE
  5
620
102
{ACAD_REACTORS
330
5BC
102
}
330
1F
100
AcDbEntity
  8
MAIN-1
100
AcDbLine
 10
889.6500682830799
 20
281.0000000953701
 30
0.0
 11
889.7324771881099
 21
280.99858484269
 31
0.0
  0
LINE
  5
621
102
{ACAD_REACTORS
330
5BC
102
}
330
1F
100
AcDbEntity
  8
MAIN-1
100
AcDbLine
 10
889.7324771881099
 20
280.99858484269
 30
0.0
 11
889.81445503234
 21
280.99436340333
 31
0.0
  0
LINE
  5
622
102
{ACAD_REACTORS
330
5BC
102
}
330
1F
100
AcDbEntity
  8
MAIN-1
100
AcDbLine
 10
889.81445503234
 20
280.99436340333
 30
0.0
 11
889.89550971984
 21
280.9874168396
 31
0.0
  0
LINE
  5
623
102
{ACAD_REACTORS
330
5BC
102
}
330
1F
100
AcDbEntity
  8
MAIN-1
100
AcDbLine
 10
889.89550971984
 20
280.9874168396
 30
0.0
 11
889.9753055572501
 21
280.9778605461199
 31
0.0
  0
LINE
  5
624
102
{ACAD_REACTORS
330
5BC
102
}
330
1F
100
AcDbEntity
  8
MAIN-1
100
AcDbLine
 10
889.9753055572501
 20
280.9778605461199
 30
0.0
 11
890.05348014831
 21
280.9658523559599
 31
0.0
  0
LINE
  5
625
102
{ACAD_REACTORS
330
5BC
102
}
330
1F
100
AcDbEntity
  8
MAIN-1
100
AcDbLine
 10
890.05348014831
 20
280.9658523559599
 30
0.0
 11
890.12977600097
 21
280.95156965256
 31
0.0
  0
LINE
  5
626
102
{ACAD_REACTORS
330
5BC
102
}
330
1F
100
AcDbEntity
  8
MAIN-1
100
AcDbLine
 10
890.12977600097
 20
280.95156965256
 30
0.0
 11
890.2037410736
 21
280.9352618217499
 31
0.0
  0
LINE
  5
627
102
{ACAD_REACTORS
330
5BC
102
}
330
1F
100
AcDbEntity
  8
MAIN-1
100
AcDbLine
 10
890.2037410736
 20
280.9352618217499
 30
0.0
 11
890.27539634704
 21
280.91710243226
 31
0.0
  0
LINE
  5
628
102
{ACAD_REACTORS
330
5BC
102
}
330
1F
100
AcDbEntity
  8
MAIN-1
100
AcDbLine
 10
890.27539634704
 20
280.91710243226
 30
0.0
 11
890.3445415496799
 21
280.89732608796
 31
0.0
  0
LINE
  5
629
102
{ACAD_REACTORS
330
5BC
102
}
330
1F
100
AcDbEntity
  8
MAIN-1
100
AcDbLine
 10
890.3445415496799
 20
280.89732608796
 30
0.0
 11
890.4110717773401
 21
280.87615308762
 31
0.0
  0
LINE
  5
62A
102
{ACAD_REACTORS
330
5BC
102
}
330
1F
100
AcDbEntity
  8
MAIN-1
100
AcDbLine
 10
890.4110717773401
 20
280.87615308762
 30
0.0
 11
890.47487258911
 21
280.85381898881
 31
0.0
  0
LINE
  5
62B
102
{ACAD_REACTORS
330
5BC
102
}
330
1F
100
AcDbEntity
  8
MAIN-1
100
AcDbLine
 10
890.47487258911
 20
280.85381898881
 30
0.0
 11
890.53599548339
 21
280.8305002212601
 31
0.0
  0
LINE
  5
62C
102
{ACAD_REACTORS
330
5BC
102
}
330
1F
100
AcDbEntity
  8
MAIN-1
100
AcDbLine
 10
890.53599548339
 20
280.8305002212601
 30
0.0
 11
890.5944099426199
 21
280.8064037322999
 31
0.0
  0
LINE
  5
62D
102
{ACAD_REACTORS
330
5BC
102
}
330
1F
100
AcDbEntity
  8
MAIN-1
100
AcDbLine
 10
890.5944099426199
 20
280.8064037322999
 30
0.0
 11
890.6500682830799
 21
280.7817421913201
 31
0.0
  0
ARC
  5
62E
102
{ACAD_REACTORS
330
5BC
102
}
330
1F
100
AcDbEntity
  8
MAIN-1
100
AcDbCircle
 10
889.05006824919
 20
278.6000000026399
 30
0.0
 40
2.40000000000532
100
AcDbArc
 50
179.9999812760317
 51
270.0000198478429
  0
ARC
  5
62F
102
{ACAD_REACTORS
330
5BC
102
}
330
1F
100
AcDbEntity
  8
MAIN-1
100
AcDbCircle
 10
904.6000002887499
 20
278.6000000008301
 30
0.0
 40
2.40000000000532
100
AcDbArc
 50
0.0000187239685635
 51
65.37564906398576
  0
LINE
  5
630
102
{ACAD_REACTORS
330
5BC
102
}
330
1F
100
AcDbEntity
  8
MAIN-1
100
AcDbLine
 10
904.60000038146
 20
281.0000000953701
 30
0.0
 11
904.6769266128499
 21
280.9987669944801
 31
0.0
  0
LINE
  5
631
102
{ACAD_REACTORS
330
5BC
102
}
330
1F
100
AcDbEntity
  8
MAIN-1
100
AcDbLine
 10
904.6769266128499
 20
280.9987669944801
 30
0.0
 11
904.7534956932
 21
280.99508628846
 31
0.0
  0
LINE
  5
632
102
{ACAD_REACTORS
330
5BC
102
}
330
1F
100
AcDbEntity
  8
MAIN-1
100
AcDbLine
 10
904.7534956932
 20
280.99508628846
 30
0.0
 11
904.8293242454499
 21
280.9890185356201
 31
0.0
  0
LINE
  5
633
102
{ACAD_REACTORS
330
5BC
102
}
330
1F
100
AcDbEntity
  8
MAIN-1
100
AcDbLine
 10
904.8293242454499
 20
280.9890185356201
 30
0.0
 11
904.9041070938099
 21
280.9806552887001
 31
0.0
  0
LINE
  5
634
102
{ACAD_REACTORS
330
5BC
102
}
330
1F
100
AcDbEntity
  8
MAIN-1
100
AcDbLine
 10
904.9041070938099
 20
280.9806552887001
 30
0.0
 11
904.9775595664901
 21
280.97011575699
 31
0.0
  0
LINE
  5
635
102
{ACAD_REACTORS
330
5BC
102
}
330
1F
100
AcDbEntity
  8
MAIN-1
100
AcDbLine
 10
904.9775595664901
 20
280.97011575699
 30
0.0
 11
905.0494444370199
 21
280.9575410842899
 31
0.0
  0
LINE
  5
636
102
{ACAD_REACTORS
330
5BC
102
}
330
1F
100
AcDbEntity
  8
MAIN-1
100
AcDbLine
 10
905.0494444370199
 20
280.9575410842899
 30
0.0
 11
905.1194639205901
 21
280.94310817719
 31
0.0
  0
LINE
  5
637
102
{ACAD_REACTORS
330
5BC
102
}
330
1F
100
AcDbEntity
  8
MAIN-1
100
AcDbLine
 10
905.1194639205901
 20
280.94310817719
 30
0.0
 11
905.1874060630701
 21
280.92700538636
 31
0.0
  0
LINE
  5
638
102
{ACAD_REACTORS
330
5BC
102
}
330
1F
100
AcDbEntity
  8
MAIN-1
100
AcDbLine
 10
905.1874060630701
 20
280.92700538636
 30
0.0
 11
905.2532918453201
 21
280.9093743324299
 31
0.0
  0
LINE
  5
639
102
{ACAD_REACTORS
330
5BC
102
}
330
1F
100
AcDbEntity
  8
MAIN-1
100
AcDbLine
 10
905.2532918453201
 20
280.9093743324299
 30
0.0
 11
905.31694293022
 21
280.89041337967
 31
0.0
  0
LINE
  5
63A
102
{ACAD_REACTORS
330
5BC
102
}
330
1F
100
AcDbEntity
  8
MAIN-1
100
AcDbLine
 10
905.31694293022
 20
280.89041337967
 30
0.0
 11
905.37828826904
 21
280.87030134202
 31
0.0
  0
LINE
  5
63B
102
{ACAD_REACTORS
330
5BC
102
}
330
1F
100
AcDbEntity
  8
MAIN-1
100
AcDbLine
 10
905.37828826904
 20
280.87030134202
 30
0.0
 11
905.4372420310899
 21
280.8492280006501
 31
0.0
  0
LINE
  5
63C
102
{ACAD_REACTORS
330
5BC
102
}
330
1F
100
AcDbEntity
  8
MAIN-1
100
AcDbLine
 10
905.4372420310899
 20
280.8492280006501
 30
0.0
 11
905.4938759803699
 21
280.8273273468101
 31
0.0
  0
LINE
  5
63D
102
{ACAD_REACTORS
330
5BC
102
}
330
1F
100
AcDbEntity
  8
MAIN-1
100
AcDbLine
 10
905.4938759803699
 20
280.8273273468101
 30
0.0
 11
905.5481390953
 21
280.80477485657
 31
0.0
  0
LINE
  5
63E
102
{ACAD_REACTORS
330
5BC
102
}
330
1F
100
AcDbEntity
  8
MAIN-1
100
AcDbLine
 10
905.5481390953
 20
280.80477485657
 30
0.0
 11
905.60000038146
 21
280.7817421913201
 31
0.0
  0
ARC
  5
63F
102
{ACAD_REACTORS
330
5BC
102
}
330
1F
100
AcDbEntity
  8
MAIN-1
100
AcDbCircle
 10
904.00000028878
 20
278.6000000008301
 30
0.0
 40
2.40000000000532
100
AcDbArc
 50
179.9999812760317
 51
270.0000198478429
  0
LINE
  5
640
102
{ACAD_REACTORS
330
5BC
102
}
330
1F
100
AcDbEntity
  8
MAIN-1
100
AcDbLine
 10
902.5736665725699
 20
280.09218511582
 30
0.0
 11
902.57443809509
 21
280.02150449753
 31
0.0
  0
LINE
  5
641
102
{ACAD_REACTORS
330
5BC
102
}
330
1F
100
AcDbEntity
  8
MAIN-1
100
AcDbLine
 10
902.57443809509
 20
280.02150449753
 30
0.0
 11
902.57520198821
 21
279.94977006913
 31
0.0
  0
LINE
  5
642
102
{ACAD_REACTORS
330
5BC
102
}
330
1F
100
AcDbEntity
  8
MAIN-1
100
AcDbLine
 10
902.57520198821
 20
279.94977006913
 30
0.0
 11
902.57595777511
 21
279.8768487930299
 31
0.0
  0
LINE
  5
643
102
{ACAD_REACTORS
330
5BC
102
}
330
1F
100
AcDbEntity
  8
MAIN-1
100
AcDbLine
 10
902.57595777511
 20
279.8768487930299
 30
0.0
 11
902.5767030715899
 21
279.8025942802501
 31
0.0
  0
LINE
  5
644
102
{ACAD_REACTORS
330
5BC
102
}
330
1F
100
AcDbEntity
  8
MAIN-1
100
AcDbLine
 10
902.5767030715899
 20
279.8025942802501
 30
0.0
 11
902.57743692398
 21
279.7268348693899
 31
0.0
  0
LINE
  5
645
102
{ACAD_REACTORS
330
5BC
102
}
330
1F
100
AcDbEntity
  8
MAIN-1
100
AcDbLine
 10
902.57743692398
 20
279.7268348693899
 30
0.0
 11
902.57815694808
 21
279.64935669899
 31
0.0
  0
LINE
  5
646
102
{ACAD_REACTORS
330
5BC
102
}
330
1F
100
AcDbEntity
  8
MAIN-1
100
AcDbLine
 10
902.57815694808
 20
279.64935669899
 30
0.0
 11
902.5788607597301
 21
279.5699261188599
 31
0.0
  0
LINE
  5
647
102
{ACAD_REACTORS
330
5BC
102
}
330
1F
100
AcDbEntity
  8
MAIN-1
100
AcDbLine
 10
902.5788607597301
 20
279.5699261188599
 30
0.0
 11
902.5795450210501
 21
279.4882701397
 31
0.0
  0
LINE
  5
648
102
{ACAD_REACTORS
330
5BC
102
}
330
1F
100
AcDbEntity
  8
MAIN-1
100
AcDbLine
 10
902.5795450210501
 20
279.4882701397
 30
0.0
 11
902.58020496368
 21
279.4040602207201
 31
0.0
  0
LINE
  5
649
102
{ACAD_REACTORS
330
5BC
102
}
330
1F
100
AcDbEntity
  8
MAIN-1
100
AcDbLine
 10
902.58020496368
 20
279.4040602207201
 30
0.0
 11
902.5808348655601
 21
279.3169198989899
 31
0.0
  0
LINE
  5
64A
102
{ACAD_REACTORS
330
5BC
102
}
330
1F
100
AcDbEntity
  8
MAIN-1
100
AcDbLine
 10
902.5808348655601
 20
279.3169198989899
 30
0.0
 11
902.5814280509901
 21
279.2264553070099
 31
0.0
  0
LINE
  5
64B
102
{ACAD_REACTORS
330
5BC
102
}
330
1F
100
AcDbEntity
  8
MAIN-1
100
AcDbLine
 10
902.5814280509901
 20
279.2264553070099
 30
0.0
 11
902.58197450637
 21
279.13213429451
 31
0.0
  0
LINE
  5
64C
102
{ACAD_REACTORS
330
5BC
102
}
330
1F
100
AcDbEntity
  8
MAIN-1
100
AcDbLine
 10
902.58197450637
 20
279.13213429451
 30
0.0
 11
902.5824613571101
 21
279.0336621761401
 31
0.0
  0
LINE
  5
64D
102
{ACAD_REACTORS
330
5BC
102
}
330
1F
100
AcDbEntity
  8
MAIN-1
100
AcDbLine
 10
902.5824613571101
 20
279.0336621761401
 30
0.0
 11
902.5828719138999
 21
278.93077311516
 31
0.0
  0
LINE
  5
64E
102
{ACAD_REACTORS
330
5BC
102
}
330
1F
100
AcDbEntity
  8
MAIN-1
100
AcDbLine
 10
902.5828719138999
 20
278.93077311516
 30
0.0
 11
902.5831875801
 21
278.8235722541899
 31
0.0
  0
LINE
  5
64F
102
{ACAD_REACTORS
330
5BC
102
}
330
1F
100
AcDbEntity
  8
MAIN-1
100
AcDbLine
 10
902.5831875801
 20
278.8235722541899
 30
0.0
 11
902.5833878517101
 21
278.7127989292201
 31
0.0
  0
LINE
  5
650
102
{ACAD_REACTORS
330
5BC
102
}
330
1F
100
AcDbEntity
  8
MAIN-1
100
AcDbLine
 10
902.5833878517101
 20
278.7127989292201
 30
0.0
 11
902.58345651626
 21
278.6000000000099
 31
0.0
  0
LINE
  5
651
102
{ACAD_REACTORS
330
5BC
102
}
330
1F
100
AcDbEntity
  8
MAIN-1
100
AcDbLine
 10
904.0000004768301
 20
280.06815824509
 30
0.0
 11
903.90515041351
 21
280.06980667115
 31
0.0
  0
LINE
  5
652
102
{ACAD_REACTORS
330
5BC
102
}
330
1F
100
AcDbEntity
  8
MAIN-1
100
AcDbLine
 10
903.90515041351
 20
280.06980667115
 30
0.0
 11
903.8116798400799
 21
280.0714231491099
 31
0.0
  0
LINE
  5
653
102
{ACAD_REACTORS
330
5BC
102
}
330
1F
100
AcDbEntity
  8
MAIN-1
100
AcDbLine
 10
903.8116798400799
 20
280.0714231491099
 30
0.0
 11
903.7204875946
 21
280.0729914665301
 31
0.0
  0
LINE
  5
654
102
{ACAD_REACTORS
330
5BC
102
}
330
1F
100
AcDbEntity
  8
MAIN-1
100
AcDbLine
 10
903.7204875946
 20
280.0729914665301
 30
0.0
 11
903.6320862770001
 21
280.07450494767
 31
0.0
  0
LINE
  5
655
102
{ACAD_REACTORS
330
5BC
102
}
330
1F
100
AcDbEntity
  8
MAIN-1
100
AcDbLine
 10
903.6320862770001
 20
280.07450494767
 30
0.0
 11
903.5466604232699
 21
280.0759607315099
 31
0.0
  0
LINE
  5
656
102
{ACAD_REACTORS
330
5BC
102
}
330
1F
100
AcDbEntity
  8
MAIN-1
100
AcDbLine
 10
903.5466604232699
 20
280.0759607315099
 30
0.0
 11
903.46416330337
 21
280.0773602485699
 31
0.0
  0
LINE
  5
657
102
{ACAD_REACTORS
330
5BC
102
}
330
1F
100
AcDbEntity
  8
MAIN-1
100
AcDbLine
 10
903.46416330337
 20
280.0773602485699
 30
0.0
 11
903.3845076560899
 21
280.0787068367099
 31
0.0
  0
LINE
  5
658
102
{ACAD_REACTORS
330
5BC
102
}
330
1F
100
AcDbEntity
  8
MAIN-1
100
AcDbLine
 10
903.3845076560899
 20
280.0787068367099
 30
0.0
 11
903.30743741989
 21
280.08000478745
 31
0.0
  0
LINE
  5
659
102
{ACAD_REACTORS
330
5BC
102
}
330
1F
100
AcDbEntity
  8
MAIN-1
100
AcDbLine
 10
903.30743741989
 20
280.08000478745
 30
0.0
 11
903.2327032089199
 21
280.08125934601
 31
0.0
  0
LINE
  5
65A
102
{ACAD_REACTORS
330
5BC
102
}
330
1F
100
AcDbEntity
  8
MAIN-1
100
AcDbLine
 10
903.2327032089199
 20
280.08125934601
 30
0.0
 11
903.16017913818
 21
280.08247337342
 31
0.0
  0
LINE
  5
65B
102
{ACAD_REACTORS
330
5BC
102
}
330
1F
100
AcDbEntity
  8
MAIN-1
100
AcDbLine
 10
903.16017913818
 20
280.08247337342
 30
0.0
 11
903.0895566940301
 21
280.0836521148699
 31
0.0
  0
LINE
  5
65C
102
{ACAD_REACTORS
330
5BC
102
}
330
1F
100
AcDbEntity
  8
MAIN-1
100
AcDbLine
 10
903.0895566940301
 20
280.0836521148699
 30
0.0
 11
903.02063560485
 21
280.0847998619099
 31
0.0
  0
LINE
  5
65D
102
{ACAD_REACTORS
330
5BC
102
}
330
1F
100
AcDbEntity
  8
MAIN-1
100
AcDbLine
 10
903.02063560485
 20
280.0847998619099
 30
0.0
 11
902.95325374603
 21
280.0859194755601
 31
0.0
  0
LINE
  5
65E
102
{ACAD_REACTORS
330
5BC
102
}
330
1F
100
AcDbEntity
  8
MAIN-1
100
AcDbLine
 10
902.95325374603
 20
280.0859194755601
 30
0.0
 11
902.8872566223099
 21
280.0870133400001
 31
0.0
  0
LINE
  5
65F
102
{ACAD_REACTORS
330
5BC
102
}
330
1F
100
AcDbEntity
  8
MAIN-1
100
AcDbLine
 10
902.8872566223099
 20
280.0870133400001
 30
0.0
 11
902.8224992752
 21
280.0880847931001
 31
0.0
  0
LINE
  5
660
102
{ACAD_REACTORS
330
5BC
102
}
330
1F
100
AcDbEntity
  8
MAIN-1
100
AcDbLine
 10
902.8224992752
 20
280.0880847931001
 30
0.0
 11
902.75886011123
 21
280.0891357421899
 31
0.0
  0
LINE
  5
661
102
{ACAD_REACTORS
330
5BC
102
}
330
1F
100
AcDbEntity
  8
MAIN-1
100
AcDbLine
 10
902.75886011123
 20
280.0891357421899
 30
0.0
 11
902.6962337493801
 21
280.09016857148
 31
0.0
  0
LINE
  5
662
102
{ACAD_REACTORS
330
5BC
102
}
330
1F
100
AcDbEntity
  8
MAIN-1
100
AcDbLine
 10
902.6962337493801
 20
280.09016857148
 30
0.0
 11
902.6345286369301
 21
280.0911847114601
 31
0.0
  0
LINE
  5
663
102
{ACAD_REACTORS
330
5BC
102
}
330
1F
100
AcDbEntity
  8
MAIN-1
100
AcDbLine
 10
902.6345286369301
 20
280.0911847114601
 30
0.0
 11
902.5736665725699
 21
280.09218511582
 31
0.0
  0
LINE
  5
664
102
{ACAD_REACTORS
330
5BC
102
}
330
1F
100
AcDbEntity
  8
MAIN-1
100
AcDbLine
 10
904.00000028871
 20
280.06815813293
 30
0.0
 11
904.00000028872
 21
281.00000000001
 31
0.0
  0
ARC
  5
665
102
{ACAD_REACTORS
330
5BC
102
}
330
1F
100
AcDbEntity
  8
MAIN-1
100
AcDbCircle
 10
899.3000002906699
 20
278.4749995292
 30
0.0
 40
1.0
100
AcDbArc
 50
293.5781674500425
 51
0.0000187239685635
  0
ARC
  5
666
102
{ACAD_REACTORS
330
5BC
102
}
330
1F
100
AcDbEntity
  8
MAIN-1
100
AcDbCircle
 10
899.3000002906699
 20
278.4749995292
 30
0.0
 40
1.0
100
AcDbArc
 50
179.9999812760317
 51
246.4218325499577
  0
LINE
  5
667
102
{ACAD_REACTORS
330
5BC
102
}
330
1F
100
AcDbEntity
  8
MAIN-1
100
AcDbLine
 10
847.67811584472
 20
276.95000002385
 30
0.0
 11
847.6772766113199
 21
277.0235637188
 31
0.0
  0
LINE
  5
668
102
{ACAD_REACTORS
330
5BC
102
}
330
1F
100
AcDbEntity
  8
MAIN-1
100
AcDbLine
 10
847.6772766113199
 20
277.0235637188
 30
0.0
 11
847.6764411926199
 21
277.0980894327199
 31
0.0
  0
LINE
  5
669
102
{ACAD_REACTORS
330
5BC
102
}
330
1F
100
AcDbEntity
  8
MAIN-1
100
AcDbLine
 10
847.6764411926199
 20
277.0980894327199
 30
0.0
 11
847.6756134033201
 21
277.1736831426699
 31
0.0
  0
LINE
  5
66A
102
{ACAD_REACTORS
330
5BC
102
}
330
1F
100
AcDbEntity
  8
MAIN-1
100
AcDbLine
 10
847.6756134033201
 20
277.1736831426699
 30
0.0
 11
847.6747970581
 21
277.25048849583
 31
0.0
  0
LINE
  5
66B
102
{ACAD_REACTORS
330
5BC
102
}
330
1F
100
AcDbEntity
  8
MAIN-1
100
AcDbLine
 10
847.6747970581
 20
277.25048849583
 30
0.0
 11
847.6739883422799
 21
277.3286493778301
 31
0.0
  0
LINE
  5
66C
102
{ACAD_REACTORS
330
5BC
102
}
330
1F
100
AcDbEntity
  8
MAIN-1
100
AcDbLine
 10
847.6739883422799
 20
277.3286493778301
 30
0.0
 11
847.67319107055
 21
277.40835783482
 31
0.0
  0
LINE
  5
66D
102
{ACAD_REACTORS
330
5BC
102
}
330
1F
100
AcDbEntity
  8
MAIN-1
100
AcDbLine
 10
847.67319107055
 20
277.40835783482
 30
0.0
 11
847.6724052429099
 21
277.4898234367399
 31
0.0
  0
LINE
  5
66E
102
{ACAD_REACTORS
330
5BC
102
}
330
1F
100
AcDbEntity
  8
MAIN-1
100
AcDbLine
 10
847.6724052429099
 20
277.4898234367399
 30
0.0
 11
847.67163848876
 21
277.5733189344501
 31
0.0
  0
LINE
  5
66F
102
{ACAD_REACTORS
330
5BC
102
}
330
1F
100
AcDbEntity
  8
MAIN-1
100
AcDbLine
 10
847.67163848876
 20
277.5733189344501
 30
0.0
 11
847.6708908081
 21
277.65913853646
 31
0.0
  0
LINE
  5
670
102
{ACAD_REACTORS
330
5BC
102
}
330
1F
100
AcDbEntity
  8
MAIN-1
100
AcDbLine
 10
847.6708908081
 20
277.65913853646
 30
0.0
 11
847.67016983032
 21
277.74764428139
 31
0.0
  0
LINE
  5
671
102
{ACAD_REACTORS
330
5BC
102
}
330
1F
100
AcDbEntity
  8
MAIN-1
100
AcDbLine
 10
847.67016983032
 20
277.74764428139
 30
0.0
 11
847.6694755554099
 21
277.83926210404
 31
0.0
  0
LINE
  5
672
102
{ACAD_REACTORS
330
5BC
102
}
330
1F
100
AcDbEntity
  8
MAIN-1
100
AcDbLine
 10
847.6694755554099
 20
277.83926210404
 30
0.0
 11
847.66881942749
 21
277.93446192742
 31
0.0
  0
LINE
  5
673
102
{ACAD_REACTORS
330
5BC
102
}
330
1F
100
AcDbEntity
  8
MAIN-1
100
AcDbLine
 10
847.66881942749
 20
277.93446192742
 30
0.0
 11
847.66821289062
 21
278.0338228702601
 31
0.0
  0
LINE
  5
674
102
{ACAD_REACTORS
330
5BC
102
}
330
1F
100
AcDbEntity
  8
MAIN-1
100
AcDbLine
 10
847.66821289062
 20
278.0338228702601
 30
0.0
 11
847.6676712036101
 21
278.13783297539
 31
0.0
  0
LINE
  5
675
102
{ACAD_REACTORS
330
5BC
102
}
330
1F
100
AcDbEntity
  8
MAIN-1
100
AcDbLine
 10
847.6676712036101
 20
278.13783297539
 30
0.0
 11
847.66720962524
 21
278.2468667984101
 31
0.0
  0
LINE
  5
676
102
{ACAD_REACTORS
330
5BC
102
}
330
1F
100
AcDbEntity
  8
MAIN-1
100
AcDbLine
 10
847.66720962524
 20
278.2468667984101
 30
0.0
 11
847.6668510437
 21
278.3608625888901
 31
0.0
  0
LINE
  5
677
102
{ACAD_REACTORS
330
5BC
102
}
330
1F
100
AcDbEntity
  8
MAIN-1
100
AcDbLine
 10
847.6668510437
 20
278.3608625888901
 30
0.0
 11
847.66662216186
 21
278.4791863918399
 31
0.0
  0
LINE
  5
678
102
{ACAD_REACTORS
330
5BC
102
}
330
1F
100
AcDbEntity
  8
MAIN-1
100
AcDbLine
 10
847.66662216186
 20
278.4791863918399
 30
0.0
 11
847.6665458679099
 21
278.6000000000099
 31
0.0
  0
LINE
  5
679
102
{ACAD_REACTORS
330
5BC
102
}
330
1F
100
AcDbEntity
  8
MAIN-1
100
AcDbLine
 10
846.24999999999
 20
276.95000002385
 30
0.0
 11
846.34190368652
 21
276.95000002385
 31
0.0
  0
LINE
  5
67A
102
{ACAD_REACTORS
330
5BC
102
}
330
1F
100
AcDbEntity
  8
MAIN-1
100
AcDbLine
 10
846.34190368652
 20
276.95000002385
 30
0.0
 11
846.43301010131
 21
276.95000002385
 31
0.0
  0
LINE
  5
67B
102
{ACAD_REACTORS
330
5BC
102
}
330
1F
100
AcDbEntity
  8
MAIN-1
100
AcDbLine
 10
846.43301010131
 20
276.95000002385
 30
0.0
 11
846.52255630493
 21
276.95000002385
 31
0.0
  0
LINE
  5
67C
102
{ACAD_REACTORS
330
5BC
102
}
330
1F
100
AcDbEntity
  8
MAIN-1
100
AcDbLine
 10
846.52255630493
 20
276.95000002385
 30
0.0
 11
846.6100349426199
 21
276.95000002385
 31
0.0
  0
LINE
  5
67D
102
{ACAD_REACTORS
330
5BC
102
}
330
1F
100
AcDbEntity
  8
MAIN-1
100
AcDbLine
 10
846.6100349426199
 20
276.95000002385
 30
0.0
 11
846.6951713562
 21
276.95000002385
 31
0.0
  0
LINE
  5
67E
102
{ACAD_REACTORS
330
5BC
102
}
330
1F
100
AcDbEntity
  8
MAIN-1
100
AcDbLine
 10
846.6951713562
 20
276.95000002385
 30
0.0
 11
846.77785491943
 21
276.95000002385
 31
0.0
  0
LINE
  5
67F
102
{ACAD_REACTORS
330
5BC
102
}
330
1F
100
AcDbEntity
  8
MAIN-1
100
AcDbLine
 10
846.77785491943
 20
276.95000002385
 30
0.0
 11
846.85803604125
 21
276.95000002385
 31
0.0
  0
LINE
  5
680
102
{ACAD_REACTORS
330
5BC
102
}
330
1F
100
AcDbEntity
  8
MAIN-1
100
AcDbLine
 10
846.85803604125
 20
276.95000002385
 30
0.0
 11
846.9358558654701
 21
276.95000002385
 31
0.0
  0
LINE
  5
681
102
{ACAD_REACTORS
330
5BC
102
}
330
1F
100
AcDbEntity
  8
MAIN-1
100
AcDbLine
 10
846.9358558654701
 20
276.95000002385
 30
0.0
 11
847.01147079467
 21
276.95000002385
 31
0.0
  0
LINE
  5
682
102
{ACAD_REACTORS
330
5BC
102
}
330
1F
100
AcDbEntity
  8
MAIN-1
100
AcDbLine
 10
847.01147079467
 20
276.95000002385
 30
0.0
 11
847.0849266052201
 21
276.95000002385
 31
0.0
  0
LINE
  5
683
102
{ACAD_REACTORS
330
5BC
102
}
330
1F
100
AcDbEntity
  8
MAIN-1
100
AcDbLine
 10
847.0849266052201
 20
276.95000002385
 30
0.0
 11
847.15650558471
 21
276.95000002385
 31
0.0
  0
LINE
  5
684
102
{ACAD_REACTORS
330
5BC
102
}
330
1F
100
AcDbEntity
  8
MAIN-1
100
AcDbLine
 10
847.15650558471
 20
276.95000002385
 30
0.0
 11
847.2263603210399
 21
276.95000002385
 31
0.0
  0
LINE
  5
685
102
{ACAD_REACTORS
330
5BC
102
}
330
1F
100
AcDbEntity
  8
MAIN-1
100
AcDbLine
 10
847.2263603210399
 20
276.95000002385
 30
0.0
 11
847.2946319580001
 21
276.95000002385
 31
0.0
  0
LINE
  5
686
102
{ACAD_REACTORS
330
5BC
102
}
330
1F
100
AcDbEntity
  8
MAIN-1
100
AcDbLine
 10
847.2946319580001
 20
276.95000002385
 30
0.0
 11
847.3614578247
 21
276.95000002385
 31
0.0
  0
LINE
  5
687
102
{ACAD_REACTORS
330
5BC
102
}
330
1F
100
AcDbEntity
  8
MAIN-1
100
AcDbLine
 10
847.3614578247
 20
276.95000002385
 30
0.0
 11
847.42697906494
 21
276.95000002385
 31
0.0
  0
LINE
  5
688
102
{ACAD_REACTORS
330
5BC
102
}
330
1F
100
AcDbEntity
  8
MAIN-1
100
AcDbLine
 10
847.42697906494
 20
276.95000002385
 30
0.0
 11
847.49131011962
 21
276.95000002385
 31
0.0
  0
LINE
  5
689
102
{ACAD_REACTORS
330
5BC
102
}
330
1F
100
AcDbEntity
  8
MAIN-1
100
AcDbLine
 10
847.49131011962
 20
276.95000002385
 30
0.0
 11
847.55455017089
 21
276.95000002385
 31
0.0
  0
LINE
  5
68A
102
{ACAD_REACTORS
330
5BC
102
}
330
1F
100
AcDbEntity
  8
MAIN-1
100
AcDbLine
 10
847.55455017089
 20
276.95000002385
 30
0.0
 11
847.61679458618
 21
276.95000002385
 31
0.0
  0
LINE
  5
68B
102
{ACAD_REACTORS
330
5BC
102
}
330
1F
100
AcDbEntity
  8
MAIN-1
100
AcDbLine
 10
847.61679458618
 20
276.95000002385
 30
0.0
 11
847.67811584472
 21
276.95000002385
 31
0.0
  0
LINE
  5
68C
102
{ACAD_REACTORS
330
5BC
102
}
330
1F
100
AcDbEntity
  8
MAIN-1
100
AcDbLine
 10
846.25000059786
 20
276.95000000102
 30
0.0
 11
846.25000059785
 21
276.20000000092
 31
0.0
  0
ARC
  5
68D
102
{ACAD_REACTORS
330
5BC
102
}
330
1F
100
AcDbEntity
  8
MAIN-1
100
AcDbCircle
 10
850.9500005959001
 20
278.47499952933
 30
0.0
 40
1.0
100
AcDbArc
 50
113.5781872978851
 51
179.9999812760317
  0
ARC
  5
68E
102
{ACAD_REACTORS
330
5BC
102
}
330
1F
100
AcDbEntity
  8
MAIN-1
100
AcDbCircle
 10
846.2500005978
 20
278.6000000009701
 30
0.0
 40
2.40000000000532
100
AcDbArc
 50
0.0000187239685635
 51
65.37564906398576
  0
LINE
  5
68F
102
{ACAD_REACTORS
330
5BC
102
}
330
1F
100
AcDbEntity
  8
MAIN-1
100
AcDbLine
 10
847.24999999999
 20
280.7817421913201
 30
0.0
 11
847.19813156127
 21
280.80477867127
 31
0.0
  0
LINE
  5
690
102
{ACAD_REACTORS
330
5BC
102
}
330
1F
100
AcDbEntity
  8
MAIN-1
100
AcDbLine
 10
847.19813156127
 20
280.80477867127
 30
0.0
 11
847.1438789367601
 21
280.8273259163
 31
0.0
  0
LINE
  5
691
102
{ACAD_REACTORS
330
5BC
102
}
330
1F
100
AcDbEntity
  8
MAIN-1
100
AcDbLine
 10
847.1438789367601
 20
280.8273259163
 30
0.0
 11
847.08726882934
 21
280.8492184638999
 31
0.0
  0
LINE
  5
692
102
{ACAD_REACTORS
330
5BC
102
}
330
1F
100
AcDbEntity
  8
MAIN-1
100
AcDbLine
 10
847.08726882934
 20
280.8492184638999
 30
0.0
 11
847.0282859802201
 21
280.8703027725301
 31
0.0
  0
LINE
  5
693
102
{ACAD_REACTORS
330
5BC
102
}
330
1F
100
AcDbEntity
  8
MAIN-1
100
AcDbLine
 10
847.0282859802201
 20
280.8703027725301
 30
0.0
 11
846.96693801879
 21
280.89041433335
 31
0.0
  0
LINE
  5
694
102
{ACAD_REACTORS
330
5BC
102
}
330
1F
100
AcDbEntity
  8
MAIN-1
100
AcDbLine
 10
846.96693801879
 20
280.89041433335
 30
0.0
 11
846.90328979492
 21
280.9093752861099
 31
0.0
  0
LINE
  5
695
102
{ACAD_REACTORS
330
5BC
102
}
330
1F
100
AcDbEntity
  8
MAIN-1
100
AcDbLine
 10
846.90328979492
 20
280.9093752861099
 30
0.0
 11
846.83740615844
 21
280.9270058631901
 31
0.0
  0
LINE
  5
696
102
{ACAD_REACTORS
330
5BC
102
}
330
1F
100
AcDbEntity
  8
MAIN-1
100
AcDbLine
 10
846.83740615844
 20
280.9270058631901
 30
0.0
 11
846.76943206787
 21
280.9431153297501
 31
0.0
  0
LINE
  5
697
102
{ACAD_REACTORS
330
5BC
102
}
330
1F
100
AcDbEntity
  8
MAIN-1
100
AcDbLine
 10
846.76943206787
 20
280.9431153297501
 30
0.0
 11
846.6994056701601
 21
280.9575487136899
 31
0.0
  0
LINE
  5
698
102
{ACAD_REACTORS
330
5BC
102
}
330
1F
100
AcDbEntity
  8
MAIN-1
100
AcDbLine
 10
846.6994056701601
 20
280.9575487136899
 30
0.0
 11
846.62755584716
 21
280.97011671067
 31
0.0
  0
LINE
  5
699
102
{ACAD_REACTORS
330
5BC
102
}
330
1F
100
AcDbEntity
  8
MAIN-1
100
AcDbLine
 10
846.62755584716
 20
280.97011671067
 30
0.0
 11
846.55410385131
 21
280.9806552887001
 31
0.0
  0
LINE
  5
69A
102
{ACAD_REACTORS
330
5BC
102
}
330
1F
100
AcDbEntity
  8
MAIN-1
100
AcDbLine
 10
846.55410385131
 20
280.9806552887001
 30
0.0
 11
846.4793357849101
 21
280.9890175819401
 31
0.0
  0
LINE
  5
69B
102
{ACAD_REACTORS
330
5BC
102
}
330
1F
100
AcDbEntity
  8
MAIN-1
100
AcDbLine
 10
846.4793357849101
 20
280.9890175819401
 30
0.0
 11
846.4034957885699
 21
280.9950867652899
 31
0.0
  0
LINE
  5
69C
102
{ACAD_REACTORS
330
5BC
102
}
330
1F
100
AcDbEntity
  8
MAIN-1
100
AcDbLine
 10
846.4034957885699
 20
280.9950867652899
 30
0.0
 11
846.32692718505
 21
280.9987669944801
 31
0.0
  0
LINE
  5
69D
102
{ACAD_REACTORS
330
5BC
102
}
330
1F
100
AcDbEntity
  8
MAIN-1
100
AcDbLine
 10
846.32692718505
 20
280.9987669944801
 30
0.0
 11
846.24999999999
 21
281.0000000953701
 31
0.0
  0
ARC
  5
69E
102
{ACAD_REACTORS
330
5BC
102
}
330
1F
100
AcDbEntity
  8
MAIN-1
100
AcDbCircle
 10
850.9500005959001
 20
278.47499952933
 30
0.0
 40
1.0
100
AcDbArc
 50
0.0000187239685635
 51
66.4218127021151
  0
LINE
  5
69F
102
{ACAD_REACTORS
330
5BC
102
}
330
1F
100
AcDbEntity
  8
MAIN-2
100
AcDbLine
 10
906.6000002747601
 20
281.0000000953701
 30
0.0
 11
906.6000002747701
 21
276.8500000000099
 31
0.0
  0
LINE
  5
6A0
102
{ACAD_REACTORS
330
5BC
102
}
330
1F
100
AcDbEntity
  8
MAIN-2
100
AcDbLine
 10
906.90000027477
 20
276.85000000124
 30
0.0
 11
906.90000027477
 21
281.00000000001
 31
0.0
  0
LINE
  5
6A1
102
{ACAD_REACTORS
330
5BC
102
}
330
1F
100
AcDbEntity
  8
MAIN-2
100
AcDbLine
 10
842.10227203369
 20
281.0000000953701
 30
0.0
 11
842.10227203369
 21
275.8500000000099
 31
0.0
  0
LINE
  5
6A2
102
{ACAD_REACTORS
330
5BC
102
}
330
1F
100
AcDbEntity
  8
MAIN-2
100
AcDbLine
 10
891.9310951232901
 20
275.8500000000199
 30
0.0
 11
891.9310951232901
 21
281.0000000953701
 31
0.0
  0
LINE
  5
6A3
102
{ACAD_REACTORS
330
5BC
102
}
330
1F
100
AcDbEntity
  8
MAIN-2
100
AcDbLine
 10
891.9707685701701
 20
281.00000000001
 30
0.0
 11
891.9707685701701
 21
275.8500000000099
 31
0.0
  0
LINE
  5
6A4
102
{ACAD_REACTORS
330
5BC
102
}
330
1F
100
AcDbEntity
  8
MAIN-2
100
AcDbLine
 10
907.7090883255
 20
275.8500000000099
 30
0.0
 11
907.7090883255
 21
281.0000000953701
 31
0.0
  0
LINE
  5
6A5
102
{ACAD_REACTORS
330
5BC
102
}
330
1F
100
AcDbEntity
  8
MAIN-2
100
AcDbLine
 10
908.40000027476
 20
275.8500000000099
 30
0.0
 11
908.40000027476
 21
281.00000000001
 31
0.0
  0
ARC
  5
6A6
102
{ACAD_REACTORS
330
5BC
102
}
330
1F
100
AcDbEntity
  8
MAIN-1
100
AcDbCircle
 10
845.65000059782
 20
278.6000000009701
 30
0.0
 40
2.40000000000532
100
AcDbArc
 50
179.9999812760317
 51
269.9999801521574
  0
LINE
  5
6A7
102
{ACAD_REACTORS
330
5BC
102
}
330
1F
100
AcDbEntity
  8
MAIN-1
100
AcDbLine
 10
853.62707138061
 20
279.65917930604
 30
0.0
 11
853.59351348876
 21
279.6256185531699
 31
0.0
  0
LINE
  5
6A8
102
{ACAD_REACTORS
330
5BC
102
}
330
1F
100
AcDbEntity
  8
MAIN-1
100
AcDbLine
 10
853.59351348876
 20
279.6256185531699
 30
0.0
 11
853.5581893920801
 21
279.59029541016
 31
0.0
  0
LINE
  5
6A9
102
{ACAD_REACTORS
330
5BC
102
}
330
1F
100
AcDbEntity
  8
MAIN-1
100
AcDbLine
 10
853.5581893920801
 20
279.59029541016
 30
0.0
 11
853.52122116088
 21
279.5533286094701
 31
0.0
  0
LINE
  5
6AA
102
{ACAD_REACTORS
330
5BC
102
}
330
1F
100
AcDbEntity
  8
MAIN-1
100
AcDbLine
 10
853.52122116088
 20
279.5533286094701
 30
0.0
 11
853.4827308654701
 21
279.5148373603899
 31
0.0
  0
LINE
  5
6AB
102
{ACAD_REACTORS
330
5BC
102
}
330
1F
100
AcDbEntity
  8
MAIN-1
100
AcDbLine
 10
853.4827308654701
 20
279.5148373603899
 30
0.0
 11
853.4428329467701
 21
279.47493991852
 31
0.0
  0
LINE
  5
6AC
102
{ACAD_REACTORS
330
5BC
102
}
330
1F
100
AcDbEntity
  8
MAIN-1
100
AcDbLine
 10
853.4428329467701
 20
279.47493991852
 30
0.0
 11
853.4016494750899
 21
279.4337552547499
 31
0.0
  0
LINE
  5
6AD
102
{ACAD_REACTORS
330
5BC
102
}
330
1F
100
AcDbEntity
  8
MAIN-1
100
AcDbLine
 10
872.12707138061
 20
279.65917930604
 30
0.0
 11
872.09351348876
 21
279.6256185531699
 31
0.0
  0
LINE
  5
6AE
102
{ACAD_REACTORS
330
5BC
102
}
330
1F
100
AcDbEntity
  8
MAIN-1
100
AcDbLine
 10
872.09351348876
 20
279.6256185531699
 30
0.0
 11
872.0581893920801
 21
279.59029541016
 31
0.0
  0
LINE
  5
6AF
102
{ACAD_REACTORS
330
5BC
102
}
330
1F
100
AcDbEntity
  8
MAIN-1
100
AcDbLine
 10
872.0581893920801
 20
279.59029541016
 30
0.0
 11
872.02122116088
 21
279.5533286094701
 31
0.0
  0
LINE
  5
6B0
102
{ACAD_REACTORS
330
5BC
102
}
330
1F
100
AcDbEntity
  8
MAIN-1
100
AcDbLine
 10
872.02122116088
 20
279.5533286094701
 30
0.0
 11
871.9827308654701
 21
279.5148373603899
 31
0.0
  0
LINE
  5
6B1
102
{ACAD_REACTORS
330
5BC
102
}
330
1F
100
AcDbEntity
  8
MAIN-1
100
AcDbLine
 10
871.9827308654701
 20
279.5148373603899
 30
0.0
 11
871.9428329467701
 21
279.47493991852
 31
0.0
  0
LINE
  5
6B2
102
{ACAD_REACTORS
330
5BC
102
}
330
1F
100
AcDbEntity
  8
MAIN-1
100
AcDbLine
 10
871.9428329467701
 20
279.47493991852
 30
0.0
 11
871.9016494750899
 21
279.4337552547499
 31
0.0
  0
LINE
  5
6B3
102
{ACAD_REACTORS
330
5BC
102
}
330
1F
100
AcDbEntity
  8
MAIN-1
100
AcDbLine
 10
840.8500003230699
 20
281.00000000001
 30
0.0
 11
841.2843179521601
 21
281.00000000001
 31
0.0
  0
LINE
  5
6B4
102
{ACAD_REACTORS
330
5BC
102
}
330
1F
100
AcDbEntity
  8
MAIN-1
100
AcDbLine
 10
841.3934168544199
 20
281.00000000001
 30
0.0
 11
841.2843177601701
 21
281.00000000001
 31
0.0
  0
LINE
  5
6B5
102
{ACAD_REACTORS
330
5BC
102
}
330
1F
100
AcDbEntity
  8
MAIN-1
100
AcDbLine
 10
841.5007665036501
 20
281.0
 30
0.0
 11
841.3934213377399
 21
281.0
 31
0.0
  0
LINE
  5
6B6
102
{ACAD_REACTORS
330
5BC
102
}
330
1F
100
AcDbEntity
  8
MAIN-1
100
AcDbLine
 10
841.5007665036501
 20
281.0
 30
0.0
 11
844.6500005973701
 21
281.0
 31
0.0
  0
LINE
  5
6B7
102
{ACAD_REACTORS
330
5BC
102
}
330
1F
100
AcDbEntity
  8
MAIN-1
100
AcDbLine
 10
844.65000059728
 20
281.00000000001
 30
0.0
 11
845.6500005978401
 21
281.00000000001
 31
0.0
  0
LINE
  5
6B8
102
{ACAD_REACTORS
330
5BC
102
}
330
1F
100
AcDbEntity
  8
MAIN-1
100
AcDbLine
 10
846.25000059785
 20
281.00000000001
 30
0.0
 11
845.6500005978401
 21
281.00000000001
 31
0.0
  0
LINE
  5
6B9
102
{ACAD_REACTORS
330
5BC
102
}
330
1F
100
AcDbEntity
  8
MAIN-1
100
AcDbLine
 10
847.25000059842
 20
281.00000000001
 30
0.0
 11
846.25000059785
 21
281.00000000001
 31
0.0
  0
LINE
  5
6BA
102
{ACAD_REACTORS
330
5BC
102
}
330
1F
100
AcDbEntity
  8
MAIN-1
100
AcDbLine
 10
854.9315010200801
 20
281.00000000001
 30
0.0
 11
847.25000059832
 21
281.00000000001
 31
0.0
  0
LINE
  5
6BB
102
{ACAD_REACTORS
330
5BC
102
}
330
1F
100
AcDbEntity
  8
MAIN-1
100
AcDbLine
 10
855.65000059766
 20
281.00000000001
 30
0.0
 11
854.9315010200801
 21
281.00000000001
 31
0.0
  0
LINE
  5
6BC
102
{ACAD_REACTORS
330
5BC
102
}
330
1F
100
AcDbEntity
  8
MAIN-1
100
AcDbLine
 10
855.65000059766
 20
281.00000000001
 30
0.0
 11
858.80000059748
 21
281.00000000001
 31
0.0
  0
LINE
  5
6BD
102
{ACAD_REACTORS
330
5BC
102
}
330
1F
100
AcDbEntity
  8
MAIN-1
100
AcDbLine
 10
858.80000059748
 20
281.0
 30
0.0
 11
859.35000032273
 21
281.0
 31
0.0
  0
LINE
  5
6BE
102
{ACAD_REACTORS
330
5BC
102
}
330
1F
100
AcDbEntity
  8
MAIN-1
100
AcDbLine
 10
859.35000032273
 20
281.0
 30
0.0
 11
859.78431795182
 21
281.0
 31
0.0
  0
LINE
  5
6BF
102
{ACAD_REACTORS
330
5BC
102
}
330
1F
100
AcDbEntity
  8
MAIN-1
100
AcDbLine
 10
859.89341685408
 20
281.0
 30
0.0
 11
859.78431775983
 21
281.0
 31
0.0
  0
LINE
  5
6C0
102
{ACAD_REACTORS
330
5BC
102
}
330
1F
100
AcDbEntity
  8
MAIN-1
100
AcDbLine
 10
860.0007665033099
 20
281.0
 30
0.0
 11
859.8934213374
 21
281.0
 31
0.0
  0
LINE
  5
6C1
102
{ACAD_REACTORS
330
5BC
102
}
330
1F
100
AcDbEntity
  8
MAIN-1
100
AcDbLine
 10
860.0007665033099
 20
281.00000000001
 30
0.0
 11
863.1500005970299
 21
281.00000000001
 31
0.0
  0
LINE
  5
6C2
102
{ACAD_REACTORS
330
5BC
102
}
330
1F
100
AcDbEntity
  8
MAIN-1
100
AcDbLine
 10
863.1500005969001
 20
281.00000000001
 30
0.0
 11
864.1500005974999
 21
281.00000000001
 31
0.0
  0
LINE
  5
6C3
102
{ACAD_REACTORS
330
5BC
102
}
330
1F
100
AcDbEntity
  8
MAIN-1
100
AcDbLine
 10
864.75000059751
 20
281.00000000001
 30
0.0
 11
864.1500005974999
 21
281.00000000001
 31
0.0
  0
LINE
  5
6C4
102
{ACAD_REACTORS
330
5BC
102
}
330
1F
100
AcDbEntity
  8
MAIN-1
100
AcDbLine
 10
865.7500005981201
 20
281.00000000001
 30
0.0
 11
864.75000059751
 21
281.00000000001
 31
0.0
  0
LINE
  5
6C5
102
{ACAD_REACTORS
330
5BC
102
}
330
1F
100
AcDbEntity
  8
MAIN-1
100
AcDbLine
 10
865.75000059798
 20
281.0
 30
0.0
 11
876.3315008782199
 21
281.0
 31
0.0
  0
LINE
  5
6C6
102
{ACAD_REACTORS
330
5BC
102
}
330
1F
100
AcDbEntity
  8
MAIN-1
100
AcDbLine
 10
877.05000059743
 20
281.00000000001
 30
0.0
 11
876.3315008782199
 21
281.00000000001
 31
0.0
  0
LINE
  5
6C7
102
{ACAD_REACTORS
330
5BC
102
}
330
1F
100
AcDbEntity
  8
MAIN-1
100
AcDbLine
 10
877.05000059746
 20
281.00000000001
 30
0.0
 11
880.20000059728
 21
281.00000000001
 31
0.0
  0
LINE
  5
6C8
102
{ACAD_REACTORS
330
5BC
102
}
330
1F
100
AcDbEntity
  8
MAIN-1
100
AcDbLine
 10
880.91850031648
 20
281.00000000001
 30
0.0
 11
880.2000005973
 21
281.00000000001
 31
0.0
  0
LINE
  5
6C9
102
{ACAD_REACTORS
330
5BC
102
}
330
1F
100
AcDbEntity
  8
MAIN-1
100
AcDbLine
 10
888.05006824866
 20
281.00000000001
 30
0.0
 11
880.91850031648
 21
281.00000000001
 31
0.0
  0
LINE
  5
6CA
102
{ACAD_REACTORS
330
5BC
102
}
330
1F
100
AcDbEntity
  8
MAIN-1
100
AcDbLine
 10
888.05006824776
 20
281.00000000001
 30
0.0
 11
889.0500682491399
 21
281.00000000001
 31
0.0
  0
LINE
  5
6CB
102
{ACAD_REACTORS
330
5BC
102
}
330
1F
100
AcDbEntity
  8
MAIN-1
100
AcDbLine
 10
889.0500682491399
 20
281.00000000001
 30
0.0
 11
889.6500682491401
 21
281.00000000001
 31
0.0
  0
LINE
  5
6CC
102
{ACAD_REACTORS
330
5BC
102
}
330
1F
100
AcDbEntity
  8
MAIN-1
100
AcDbLine
 10
890.65006825051
 20
281.00000000001
 30
0.0
 11
889.6500682491401
 21
281.00000000001
 31
0.0
  0
LINE
  5
6CD
102
{ACAD_REACTORS
330
5BC
102
}
330
1F
100
AcDbEntity
  8
MAIN-1
100
AcDbLine
 10
890.6500682496101
 20
281.0
 30
0.0
 11
893.7039972892701
 21
281.0
 31
0.0
  0
LINE
  5
6CE
102
{ACAD_REACTORS
330
5BC
102
}
330
1F
100
AcDbEntity
  8
MAIN-1
100
AcDbLine
 10
893.8322521140899
 20
281.0
 30
0.0
 11
893.7039972892701
 21
281.0
 31
0.0
  0
LINE
  5
6CF
102
{ACAD_REACTORS
330
5BC
102
}
330
1F
100
AcDbEntity
  8
MAIN-1
100
AcDbLine
 10
893.83224758656
 20
281.0
 30
0.0
 11
894.3671926762099
 21
281.0
 31
0.0
  0
LINE
  5
6D0
102
{ACAD_REACTORS
330
5BC
102
}
330
1F
100
AcDbEntity
  8
MAIN-1
100
AcDbLine
 10
895.00000087221
 20
281.0
 30
0.0
 11
894.3671928700901
 21
281.0
 31
0.0
  0
LINE
  5
6D1
102
{ACAD_REACTORS
330
5BC
102
}
330
1F
100
AcDbEntity
  8
MAIN-1
100
AcDbLine
 10
895.00000087221
 20
281.00000000001
 30
0.0
 11
903.00000028825
 21
281.00000000001
 31
0.0
  0
LINE
  5
6D2
102
{ACAD_REACTORS
330
5BC
102
}
330
1F
100
AcDbEntity
  8
MAIN-1
100
AcDbLine
 10
903.00000028822
 20
281.00000000001
 30
0.0
 11
904.00000028873
 21
281.00000000001
 31
0.0
  0
LINE
  5
6D3
102
{ACAD_REACTORS
330
5BC
102
}
330
1F
100
AcDbEntity
  8
MAIN-1
100
AcDbLine
 10
904.00000028873
 20
281.00000000001
 30
0.0
 11
904.6000002887299
 21
281.00000000001
 31
0.0
  0
LINE
  5
6D4
102
{ACAD_REACTORS
330
5BC
102
}
330
1F
100
AcDbEntity
  8
MAIN-1
100
AcDbLine
 10
905.6000002892299
 20
281.00000000001
 30
0.0
 11
904.6000002887299
 21
281.00000000001
 31
0.0
  0
LINE
  5
6D5
102
{ACAD_REACTORS
330
5BC
102
}
330
1F
100
AcDbEntity
  8
MAIN-1
100
AcDbLine
 10
905.6000002891999
 20
281.00000000001
 30
0.0
 11
908.99999999999
 21
281.00000000001
 31
0.0
  0
LINE
  5
6D6
102
{ACAD_REACTORS
330
5BC
102
}
330
1F
100
AcDbEntity
  8
MAIN-1
100
AcDbLine
 10
895.00000087221
 20
275.8500000000099
 30
0.0
 11
908.99999999999
 21
275.8500000000099
 31
0.0
  0
LINE
  5
6D7
102
{ACAD_REACTORS
330
5BC
102
}
330
1F
100
AcDbEntity
  8
MAIN-1
100
AcDbLine
 10
895.00000087221
 20
275.8499999999999
 30
0.0
 11
894.3671928700901
 21
275.8499999999999
 31
0.0
  0
LINE
  5
6D8
102
{ACAD_REACTORS
330
5BC
102
}
330
1F
100
AcDbEntity
  8
MAIN-1
100
AcDbLine
 10
893.83224758656
 20
275.8499999999999
 30
0.0
 11
894.3671926762099
 21
275.8499999999999
 31
0.0
  0
LINE
  5
6D9
102
{ACAD_REACTORS
330
5BC
102
}
330
1F
100
AcDbEntity
  8
MAIN-1
100
AcDbLine
 10
893.8322521140899
 20
275.8499999999999
 30
0.0
 11
893.7039972892701
 21
275.8499999999999
 31
0.0
  0
LINE
  5
6DA
102
{ACAD_REACTORS
330
5BC
102
}
330
1F
100
AcDbEntity
  8
MAIN-1
100
AcDbLine
 10
880.91850031648
 20
275.8499999999999
 30
0.0
 11
893.7039972892701
 21
275.8499999999999
 31
0.0
  0
LINE
  5
6DB
102
{ACAD_REACTORS
330
5BC
102
}
330
1F
100
AcDbEntity
  8
MAIN-1
100
AcDbLine
 10
880.91850031648
 20
275.8500000000099
 30
0.0
 11
880.2000005973
 21
275.8500000000099
 31
0.0
  0
LINE
  5
6DC
102
{ACAD_REACTORS
330
5BC
102
}
330
1F
100
AcDbEntity
  8
MAIN-1
100
AcDbLine
 10
877.05000059746
 20
275.8500000000099
 30
0.0
 11
880.20000059728
 21
275.8500000000099
 31
0.0
  0
LINE
  5
6DD
102
{ACAD_REACTORS
330
5BC
102
}
330
1F
100
AcDbEntity
  8
MAIN-1
100
AcDbLine
 10
877.05000059743
 20
275.8500000000099
 30
0.0
 11
876.3315008782199
 21
275.8500000000099
 31
0.0
  0
LINE
  5
6DE
102
{ACAD_REACTORS
330
5BC
102
}
330
1F
100
AcDbEntity
  8
MAIN-1
100
AcDbLine
 10
860.0007665033099
 20
275.8499999999999
 30
0.0
 11
876.3315008782199
 21
275.8499999999999
 31
0.0
  0
LINE
  5
6DF
102
{ACAD_REACTORS
330
5BC
102
}
330
1F
100
AcDbEntity
  8
MAIN-1
100
AcDbLine
 10
860.0007665033099
 20
275.8499999999999
 30
0.0
 11
859.8934213374
 21
275.8499999999999
 31
0.0
  0
LINE
  5
6E0
102
{ACAD_REACTORS
330
5BC
102
}
330
1F
100
AcDbEntity
  8
MAIN-1
100
AcDbLine
 10
859.89341685408
 20
275.8499999999999
 30
0.0
 11
859.78431775983
 21
275.8499999999999
 31
0.0
  0
LINE
  5
6E1
102
{ACAD_REACTORS
330
5BC
102
}
330
1F
100
AcDbEntity
  8
MAIN-1
100
AcDbLine
 10
859.35000032273
 20
275.8499999999999
 30
0.0
 11
859.78431795182
 21
275.8499999999999
 31
0.0
  0
LINE
  5
6E2
102
{ACAD_REACTORS
330
5BC
102
}
330
1F
100
AcDbEntity
  8
MAIN-1
100
AcDbLine
 10
858.80000059748
 20
275.8499999999999
 30
0.0
 11
859.35000032273
 21
275.8499999999999
 31
0.0
  0
LINE
  5
6E3
102
{ACAD_REACTORS
330
5BC
102
}
330
1F
100
AcDbEntity
  8
MAIN-1
100
AcDbLine
 10
855.65000059766
 20
275.8500000000099
 30
0.0
 11
858.80000059748
 21
275.8500000000099
 31
0.0
  0
LINE
  5
6E4
102
{ACAD_REACTORS
330
5BC
102
}
330
1F
100
AcDbEntity
  8
MAIN-1
100
AcDbLine
 10
855.65000059766
 20
275.8500000000099
 30
0.0
 11
854.9315010200801
 21
275.8500000000099
 31
0.0
  0
LINE
  5
6E5
102
{ACAD_REACTORS
330
5BC
102
}
330
1F
100
AcDbEntity
  8
MAIN-1
100
AcDbLine
 10
841.5007665036501
 20
275.8499999999999
 30
0.0
 11
854.9315010200801
 21
275.8499999999999
 31
0.0
  0
LINE
  5
6E6
102
{ACAD_REACTORS
330
5BC
102
}
330
1F
100
AcDbEntity
  8
MAIN-1
100
AcDbLine
 10
841.5007665036501
 20
275.8499999999999
 30
0.0
 11
841.3934213377399
 21
275.8499999999999
 31
0.0
  0
LINE
  5
6E7
102
{ACAD_REACTORS
330
5BC
102
}
330
1F
100
AcDbEntity
  8
MAIN-1
100
AcDbLine
 10
841.3934168544199
 20
275.8500000000099
 30
0.0
 11
841.2843177601701
 21
275.8500000000099
 31
0.0
  0
LINE
  5
6E8
102
{ACAD_REACTORS
330
5BC
102
}
330
1F
100
AcDbEntity
  8
MAIN-1
100
AcDbLine
 10
840.8500003230699
 20
275.8500000000099
 30
0.0
 11
841.2843179521601
 21
275.8500000000099
 31
0.0
  0
LINE
  5
6E9
102
{ACAD_REACTORS
330
5BC
102
}
330
1F
100
AcDbEntity
  8
MAIN-1
100
AcDbLine
 10
848.7000005976299
 20
280.4000000009901
 30
0.0
 11
848.7000005976299
 21
279.8888931650499
 31
0.0
  0
LINE
  5
6EA
102
{ACAD_REACTORS
330
5BC
102
}
330
1F
100
AcDbEntity
  8
MAIN-1
100
AcDbLine
 10
850.55000059592
 20
276.54999957571
 30
0.0
 11
850.55000059593
 21
277.55848439033
 31
0.0
  0
ARC
  5
6EB
102
{ACAD_REACTORS
330
5BC
102
}
330
1F
100
AcDbEntity
  8
MAIN-1
100
AcDbCircle
 10
850.9500005959001
 20
278.47499952933
 30
0.0
 40
1.0
100
AcDbArc
 50
179.9999812760317
 51
246.4218325499577
  0
LINE
  5
6EC
102
{ACAD_REACTORS
330
5BC
102
}
330
1F
100
AcDbEntity
  8
MAIN-1
100
AcDbLine
 10
850.55000059596
 20
280.4000000009901
 30
0.0
 11
850.55000059595
 21
279.3915146683501
 31
0.0
  0
LINE
  5
6ED
102
{ACAD_REACTORS
330
5BC
102
}
330
1F
100
AcDbEntity
  8
MAIN-1
100
AcDbLine
 10
845.6500005978301
 20
276.20000000097
 30
0.0
 11
846.25000059782
 21
276.20000000097
 31
0.0
  0
LINE
  5
6EE
102
{ACAD_REACTORS
330
5BC
102
}
330
1F
100
AcDbEntity
  8
MAIN-2
100
AcDbLine
 10
907.3999999999901
 20
281.00000000001
 30
0.0
 11
907.3999999999901
 21
275.8500000000099
 31
0.0
  0
LINE
  5
6EF
102
{ACAD_REACTORS
330
5BC
102
}
330
1F
100
AcDbEntity
  8
MAIN-2
100
AcDbLine
 10
860.1500002887201
 20
281.00000000001
 30
0.0
 11
860.1500002887201
 21
275.8500000000099
 31
0.0
  0
LINE
  5
6F0
102
{ACAD_REACTORS
330
5BC
102
}
330
1F
100
AcDbEntity
  8
MAIN-2
100
AcDbLine
 10
908.46999999999
 20
281.00000000001
 30
0.0
 11
908.46999999999
 21
275.8500000000099
 31
0.0
  0
LINE
  5
6F1
102
{ACAD_REACTORS
330
5BC
102
}
330
1F
100
AcDbEntity
  8
MAIN-1
100
AcDbLine
 10
843.9529443229701
 20
280.2970562757901
 30
0.0
 11
844.2172722058799
 21
280.03272839288
 31
0.0
  0
LINE
  5
6F2
102
{ACAD_REACTORS
330
5BC
102
}
330
1F
100
AcDbEntity
  8
MAIN-1
100
AcDbLine
 10
844.2172722058799
 20
280.03272839288
 30
0.0
 11
846.25000059787
 21
280.06815813307
 31
0.0
  0
LINE
  5
6F3
102
{ACAD_REACTORS
330
5BC
102
}
330
1F
100
AcDbEntity
  8
MAIN-1
100
AcDbLine
 10
846.25000059787
 20
280.06815813307
 30
0.0
 11
846.25000059785
 21
281.0
 31
0.0
  0
LINE
  5
6F4
102
{ACAD_REACTORS
330
5BC
102
}
330
1F
100
AcDbEntity
  8
MAIN-1
100
AcDbLine
 10
844.00000059796
 20
276.9500000010701
 30
0.0
 11
843.9529443230001
 21
276.9029437261099
 31
0.0
  0
LINE
  5
6F5
102
{ACAD_REACTORS
330
5BC
102
}
330
1F
100
AcDbEntity
  8
MAIN-1
100
AcDbLine
 10
844.5000005980801
 20
276.9500000010501
 30
0.0
 11
844.5000005980601
 21
280.0376566105199
 31
0.0
  0
LINE
  5
6F6
102
{ACAD_REACTORS
330
5BC
102
}
330
1F
100
AcDbEntity
  8
MAIN-2
100
AcDbLine
 10
844.5000005980601
 20
280.0376566105199
 30
0.0
 11
844.5000005980601
 21
280.0380759791699
 31
0.0
  0
LINE
  5
6F7
102
{ACAD_REACTORS
330
5BC
102
}
330
1F
100
AcDbEntity
  8
MAIN-2
100
AcDbLine
 10
844.2172722058799
 20
280.03272839288
 30
0.0
 11
844.5000005980601
 21
280.0380759791699
 31
0.0
  0
LINE
  5
6F8
102
{ACAD_REACTORS
330
5BC
102
}
330
1F
100
AcDbEntity
  8
MAIN-1
100
AcDbLine
 10
908.99999999999
 20
275.8500000000099
 30
0.0
 11
908.99999999999
 21
281.00000000001
 31
0.0
  0
ARC
  5
6F9
102
{ACAD_REACTORS
330
5BC
102
}
330
1F
100
AcDbEntity
  8
MAIN-1
100
AcDbCircle
 10
845.65000059782
 20
278.6000000009701
 30
0.0
 40
2.40000000000532
100
AcDbArc
 50
114.6243509360145
 51
179.9999812760317
  0
LINE
  5
6FA
102
{ACAD_REACTORS
330
5BC
102
}
330
1F
100
AcDbEntity
  8
MAIN-1
100
AcDbLine
 10
844.65000152587
 20
280.7817421913201
 30
0.0
 11
844.7018585205001
 21
280.80477485657
 31
0.0
  0
LINE
  5
6FB
102
{ACAD_REACTORS
330
5BC
102
}
330
1F
100
AcDbEntity
  8
MAIN-1
100
AcDbLine
 10
844.7018585205001
 20
280.80477485657
 30
0.0
 11
844.7561264038
 21
280.8273273468101
 31
0.0
  0
LINE
  5
6FC
102
{ACAD_REACTORS
330
5BC
102
}
330
1F
100
AcDbEntity
  8
MAIN-1
100
AcDbLine
 10
844.7561264038
 20
280.8273273468101
 30
0.0
 11
844.81275939941
 21
280.8492280006501
 31
0.0
  0
LINE
  5
6FD
102
{ACAD_REACTORS
330
5BC
102
}
330
1F
100
AcDbEntity
  8
MAIN-1
100
AcDbLine
 10
844.81275939941
 20
280.8492280006501
 30
0.0
 11
844.87171173095
 21
280.87030134202
 31
0.0
  0
LINE
  5
6FE
102
{ACAD_REACTORS
330
5BC
102
}
330
1F
100
AcDbEntity
  8
MAIN-1
100
AcDbLine
 10
844.87171173095
 20
280.87030134202
 30
0.0
 11
844.9330596923801
 21
280.89041337967
 31
0.0
  0
LINE
  5
6FF
102
{ACAD_REACTORS
330
5BC
102
}
330
1F
100
AcDbEntity
  8
MAIN-1
100
AcDbLine
 10
844.9330596923801
 20
280.89041337967
 30
0.0
 11
844.99671173095
 21
280.9093743324299
 31
0.0
  0
LINE
  5
700
102
{ACAD_REACTORS
330
5BC
102
}
330
1F
100
AcDbEntity
  8
MAIN-1
100
AcDbLine
 10
844.99671173095
 20
280.9093743324299
 30
0.0
 11
845.06259536743
 21
280.92700538636
 31
0.0
  0
LINE
  5
701
102
{ACAD_REACTORS
330
5BC
102
}
330
1F
100
AcDbEntity
  8
MAIN-1
100
AcDbLine
 10
845.06259536743
 20
280.92700538636
 30
0.0
 11
845.1305389404199
 21
280.94310817719
 31
0.0
  0
LINE
  5
702
102
{ACAD_REACTORS
330
5BC
102
}
330
1F
100
AcDbEntity
  8
MAIN-1
100
AcDbLine
 10
845.1305389404199
 20
280.94310817719
 30
0.0
 11
845.20055770874
 21
280.9575410842899
 31
0.0
  0
LINE
  5
703
102
{ACAD_REACTORS
330
5BC
102
}
330
1F
100
AcDbEntity
  8
MAIN-1
100
AcDbLine
 10
845.20055770874
 20
280.9575410842899
 30
0.0
 11
845.27244186401
 21
280.97011575699
 31
0.0
  0
LINE
  5
704
102
{ACAD_REACTORS
330
5BC
102
}
330
1F
100
AcDbEntity
  8
MAIN-1
100
AcDbLine
 10
845.27244186401
 20
280.97011575699
 30
0.0
 11
845.3458938598601
 21
280.9806552887001
 31
0.0
  0
LINE
  5
705
102
{ACAD_REACTORS
330
5BC
102
}
330
1F
100
AcDbEntity
  8
MAIN-1
100
AcDbLine
 10
845.3458938598601
 20
280.9806552887001
 30
0.0
 11
845.42067718505
 21
280.9890185356201
 31
0.0
  0
LINE
  5
706
102
{ACAD_REACTORS
330
5BC
102
}
330
1F
100
AcDbEntity
  8
MAIN-1
100
AcDbLine
 10
845.42067718505
 20
280.9890185356201
 30
0.0
 11
845.4965057372999
 21
280.99508628846
 31
0.0
  0
LINE
  5
707
102
{ACAD_REACTORS
330
5BC
102
}
330
1F
100
AcDbEntity
  8
MAIN-1
100
AcDbLine
 10
845.4965057372999
 20
280.99508628846
 30
0.0
 11
845.5730743408201
 21
280.9987669944801
 31
0.0
  0
LINE
  5
708
102
{ACAD_REACTORS
330
5BC
102
}
330
1F
100
AcDbEntity
  8
MAIN-1
100
AcDbLine
 10
845.5730743408201
 20
280.9987669944801
 30
0.0
 11
845.65000152587
 21
281.0000000953701
 31
0.0
  0
LINE
  5
709
102
{ACAD_REACTORS
330
5BC
102
}
330
1F
100
AcDbEntity
  8
MAIN-1
100
AcDbLine
 10
905.6000002891999
 20
280.78174242356
 30
0.0
 11
905.6000002891999
 21
281.00000000001
 31
0.0
  0
ARC
  5
70A
102
{ACAD_REACTORS
330
5BC
102
}
330
1F
100
AcDbEntity
  8
MAIN-1
100
AcDbCircle
 10
904.6000002887499
 20
278.6000000008301
 30
0.0
 40
2.40000000000532
100
AcDbArc
 50
270.0000198478429
 51
0.0000187239685635
  0
LINE
  5
70B
102
{ACAD_REACTORS
330
5BC
102
}
330
1F
100
AcDbEntity
  8
MAIN-1
100
AcDbLine
 10
904.6000002887499
 20
276.20000000084
 30
0.0
 11
904.00000028875
 21
276.20000000084
 31
0.0
  0
ARC
  5
70C
102
{ACAD_REACTORS
330
5BC
102
}
330
1F
100
AcDbEntity
  8
MAIN-1
100
AcDbCircle
 10
904.00000028878
 20
278.6000000008301
 30
0.0
 40
2.40000000000532
100
AcDbArc
 50
114.6243509360145
 51
179.9999812760317
  0
LINE
  5
70D
102
{ACAD_REACTORS
330
5BC
102
}
330
1F
100
AcDbEntity
  8
MAIN-1
100
AcDbLine
 10
903.00000028825
 20
280.78174242353
 30
0.0
 11
903.00000028825
 21
281.00000000001
 31
0.0
  0
LINE
  5
70E
102
{ACAD_REACTORS
330
5BC
102
}
330
1F
100
AcDbEntity
  8
MAIN-1
100
AcDbLine
 10
897.6500002887699
 20
277.8212448087199
 30
0.0
 11
897.25000028876
 21
277.4212448087101
 31
0.0
  0
LINE
  5
70F
102
{ACAD_REACTORS
330
5BC
102
}
330
1F
100
AcDbEntity
  8
MAIN-1
100
AcDbLine
 10
897.6500002887601
 20
279.12875473792
 30
0.0
 11
897.6500002887699
 21
277.8212448087199
 31
0.0
  0
LINE
  5
710
102
{ACAD_REACTORS
330
5BC
102
}
330
1F
100
AcDbEntity
  8
MAIN-1
100
AcDbLine
 10
897.6500002887601
 20
279.12875473792
 30
0.0
 11
897.25000028875
 21
279.5287547379401
 31
0.0
  0
LINE
  5
711
102
{ACAD_REACTORS
330
5BC
102
}
330
1F
100
AcDbEntity
  8
MAIN-1
100
AcDbLine
 10
897.25000028875
 20
280.40000000086
 30
0.0
 11
897.25000028875
 21
279.5287547379401
 31
0.0
  0
LINE
  5
712
102
{ACAD_REACTORS
330
5BC
102
}
330
1F
100
AcDbEntity
  8
MAIN-1
100
AcDbLine
 10
897.25000028874
 20
280.40000000086
 30
0.0
 11
901.5500002889501
 21
280.40000000085
 31
0.0
  0
LINE
  5
713
102
{ACAD_REACTORS
330
5BC
102
}
330
1F
100
AcDbEntity
  8
MAIN-1
100
AcDbLine
 10
901.5500002889501
 20
279.8888931649201
 30
0.0
 11
901.5500002889501
 21
280.40000000085
 31
0.0
  0
LINE
  5
714
102
{ACAD_REACTORS
330
5BC
102
}
330
1F
100
AcDbEntity
  8
MAIN-1
100
AcDbLine
 10
901.05000028875
 20
279.29301636839
 30
0.0
 11
901.5500002889501
 21
279.8888931649201
 31
0.0
  0
LINE
  5
715
102
{ACAD_REACTORS
330
5BC
102
}
330
1F
100
AcDbEntity
  8
MAIN-1
100
AcDbLine
 10
901.05000028875
 20
279.29301636839
 30
0.0
 11
901.05000028877
 21
277.6569831782999
 31
0.0
  0
LINE
  5
716
102
{ACAD_REACTORS
330
5BC
102
}
330
1F
100
AcDbEntity
  8
MAIN-1
100
AcDbLine
 10
901.05000028877
 20
277.6569831782899
 30
0.0
 11
901.55000028894
 21
277.0611063817901
 31
0.0
  0
LINE
  5
717
102
{ACAD_REACTORS
330
5BC
102
}
330
1F
100
AcDbEntity
  8
MAIN-1
100
AcDbLine
 10
901.55000028894
 20
276.5499995755799
 30
0.0
 11
901.55000028894
 21
277.0611063817901
 31
0.0
  0
LINE
  5
718
102
{ACAD_REACTORS
330
5BC
102
}
330
1F
100
AcDbEntity
  8
MAIN-1
100
AcDbLine
 10
901.55000028894
 20
276.5499995755799
 30
0.0
 11
897.25000028876
 21
276.5499995755799
 31
0.0
  0
LINE
  5
719
102
{ACAD_REACTORS
330
5BC
102
}
330
1F
100
AcDbEntity
  8
MAIN-1
100
AcDbLine
 10
897.25000028876
 20
277.4212448087101
 30
0.0
 11
897.25000028876
 21
276.5499995755799
 31
0.0
  0
LINE
  5
71A
102
{ACAD_REACTORS
330
5BC
102
}
330
1F
100
AcDbEntity
  8
MAIN-1
100
AcDbLine
 10
895.00000087221
 20
275.8500000000099
 30
0.0
 11
895.00000087221
 21
281.00000000001
 31
0.0
  0
LINE
  5
71B
102
{ACAD_REACTORS
330
5BC
102
}
330
1F
100
AcDbEntity
  8
MAIN-2
100
AcDbLine
 10
858.49105663559
 20
281.00000000001
 30
0.0
 11
858.49105663559
 21
275.8500000000099
 31
0.0
  0
LINE
  5
71C
102
{ACAD_REACTORS
330
5BC
102
}
330
1F
100
AcDbEntity
  8
MAIN-1
100
AcDbLine
 10
894.3671928700901
 20
275.8500000000099
 30
0.0
 11
894.3671928700901
 21
281.00000000001
 31
0.0
  0
LINE
  5
71D
102
{ACAD_REACTORS
330
5BC
102
}
330
1F
100
AcDbEntity
  8
MAIN-2
100
AcDbLine
 10
894.4144785922699
 20
281.00000000001
 30
0.0
 11
894.4144785922699
 21
275.8500000000099
 31
0.0
  0
LINE
  5
71E
102
{ACAD_REACTORS
330
5BC
102
}
330
1F
100
AcDbEntity
  8
MAIN-2
100
AcDbLine
 10
893.3607342965499
 20
281.00000000001
 30
0.0
 11
893.3607342965499
 21
275.8500000000099
 31
0.0
  0
LINE
  5
71F
102
{ACAD_REACTORS
330
5BC
102
}
330
1F
100
AcDbEntity
  8
MAIN-1
100
AcDbLine
 10
892.6500002887101
 20
275.8500000000099
 30
0.0
 11
892.6500002887101
 21
275.8500270306399
 31
0.0
  0
LINE
  5
720
102
{ACAD_REACTORS
330
5BC
102
}
330
1F
100
AcDbEntity
  8
MAIN-2
100
AcDbLine
 10
892.6500002887101
 20
275.8500000000099
 30
0.0
 11
892.6500002887101
 21
281.00000000001
 31
0.0
  0
LINE
  5
721
102
{ACAD_REACTORS
330
5BC
102
}
330
1F
100
AcDbEntity
  8
MAIN-2
100
AcDbLine
 10
892.2624095727999
 20
281.00000000001
 30
0.0
 11
892.2624095727999
 21
275.8500000000099
 31
0.0
  0
LINE
  5
722
102
{ACAD_REACTORS
330
5BC
102
}
330
1F
100
AcDbEntity
  8
MAIN-2
100
AcDbLine
 10
893.3161538685299
 20
281.00000000001
 30
0.0
 11
893.3161538685299
 21
275.8500000000099
 31
0.0
  0
LINE
  5
723
102
{ACAD_REACTORS
330
5BC
102
}
330
1F
100
AcDbEntity
  8
MAIN-2
100
AcDbLine
 10
893.3634395907
 20
275.8500000000099
 30
0.0
 11
893.3634395907
 21
281.00000000001
 31
0.0
  0
LINE
  5
724
102
{ACAD_REACTORS
330
5BC
102
}
330
1F
100
AcDbEntity
  8
MAIN-2
100
AcDbLine
 10
893.55000028871
 20
281.00000000001
 30
0.0
 11
893.55000028871
 21
275.8500000000099
 31
0.0
  0
LINE
  5
725
102
{ACAD_REACTORS
330
5BC
102
}
330
1F
100
AcDbEntity
  8
MAIN-2
100
AcDbLine
 10
892.8914217593799
 20
281.00000000001
 30
0.0
 11
892.8914217593799
 21
275.8500000000099
 31
0.0
  0
LINE
  5
726
102
{ACAD_REACTORS
330
5BC
102
}
330
1F
100
AcDbEntity
  8
MAIN-1
100
AcDbLine
 10
893.8322521140899
 20
275.8500000000099
 30
0.0
 11
893.8322521140899
 21
281.00000000001
 31
0.0
  0
LINE
  5
727
102
{ACAD_REACTORS
330
5BC
102
}
330
1F
100
AcDbEntity
  8
MAIN-1
100
AcDbLine
 10
844.00000059796
 20
276.9500000010601
 30
0.0
 11
846.25000059787
 21
276.95000000102
 31
0.0
  0
LINE
  5
728
102
{ACAD_REACTORS
330
5BC
102
}
330
1F
100
AcDbEntity
  8
MAIN-1
100
AcDbLine
 10
893.7039972892701
 20
275.8500000000099
 30
0.0
 11
893.7039972892701
 21
281.00000000001
 31
0.0
  0
LINE
  5
729
102
{ACAD_REACTORS
330
5BC
102
}
330
1F
100
AcDbEntity
  8
MAIN-1
100
AcDbLine
 10
860.0007665033099
 20
275.8500000000099
 30
0.0
 11
860.0007665033099
 21
281.00000000001
 31
0.0
  0
LINE
  5
72A
102
{ACAD_REACTORS
330
5BC
102
}
330
1F
100
AcDbEntity
  8
MAIN-1
100
AcDbLine
 10
876.3315008782199
 20
275.8500000000099
 30
0.0
 11
876.3315008782199
 21
281.00000000001
 31
0.0
  0
LINE
  5
72B
102
{ACAD_REACTORS
330
5BC
102
}
330
1F
100
AcDbEntity
  8
MAIN-1
100
AcDbLine
 10
865.75000059798
 20
281.00000000001
 30
0.0
 11
865.75000059798
 21
280.7817424237501
 31
0.0
  0
ARC
  5
72C
102
{ACAD_REACTORS
330
5BC
102
}
330
1F
100
AcDbEntity
  8
MAIN-1
100
AcDbCircle
 10
864.75000059746
 20
278.6000000010599
 30
0.0
 40
2.40000000000532
100
AcDbArc
 50
269.9999801521574
 51
0.0000187239685635
  0
LINE
  5
72D
102
{ACAD_REACTORS
330
5BC
102
}
330
1F
100
AcDbEntity
  8
MAIN-1
100
AcDbLine
 10
864.75000059748
 20
276.2000000010601
 30
0.0
 11
864.1500005974899
 21
276.2000000010601
 31
0.0
  0
ARC
  5
72E
102
{ACAD_REACTORS
330
5BC
102
}
330
1F
100
AcDbEntity
  8
MAIN-1
100
AcDbCircle
 10
864.1500005974799
 20
278.6000000010599
 30
0.0
 40
2.40000000000532
100
AcDbArc
 50
114.6243509360145
 51
179.9999812760317
  0
LINE
  5
72F
102
{ACAD_REACTORS
330
5BC
102
}
330
1F
100
AcDbEntity
  8
MAIN-1
100
AcDbLine
 10
863.1500005970299
 20
281.00000000001
 30
0.0
 11
863.1500005970299
 21
280.7817424237901
 31
0.0
  0
LINE
  5
730
102
{ACAD_REACTORS
330
5BC
102
}
330
1F
100
AcDbEntity
  8
MAIN-1
100
AcDbLine
 10
874.05000059741
 20
280.30000000107
 30
0.0
 11
874.05000059741
 21
278.80000000107
 31
0.0
  0
LINE
  5
731
102
{ACAD_REACTORS
330
5BC
102
}
330
1F
100
AcDbEntity
  8
MAIN-1
100
AcDbLine
 10
875.55000059741
 20
280.30000000107
 30
0.0
 11
874.05000059741
 21
280.30000000107
 31
0.0
  0
LINE
  5
732
102
{ACAD_REACTORS
330
5BC
102
}
330
1F
100
AcDbEntity
  8
MAIN-1
100
AcDbLine
 10
875.55000059741
 20
278.80000000107
 30
0.0
 11
875.55000059741
 21
280.30000000107
 31
0.0
  0
LINE
  5
733
102
{ACAD_REACTORS
330
5BC
102
}
330
1F
100
AcDbEntity
  8
MAIN-1
100
AcDbLine
 10
874.05000059741
 20
278.80000000107
 30
0.0
 11
875.55000059741
 21
278.80000000107
 31
0.0
  0
LINE
  5
734
102
{ACAD_REACTORS
330
5BC
102
}
330
1F
100
AcDbEntity
  8
MAIN-1
100
AcDbLine
 10
871.50000059748
 20
279.5287547381599
 30
0.0
 11
871.50000059749
 21
280.4000000010899
 31
0.0
  0
LINE
  5
735
102
{ACAD_REACTORS
330
5BC
102
}
330
1F
100
AcDbEntity
  8
MAIN-1
100
AcDbLine
 10
871.10000059747
 20
279.1287547381501
 30
0.0
 11
871.50000059748
 21
279.5287547381599
 31
0.0
  0
LINE
  5
736
102
{ACAD_REACTORS
330
5BC
102
}
330
1F
100
AcDbEntity
  8
MAIN-1
100
AcDbLine
 10
871.10000059747
 20
279.1287547381501
 30
0.0
 11
871.1000005974599
 21
277.82124480895
 31
0.0
  0
LINE
  5
737
102
{ACAD_REACTORS
330
5BC
102
}
330
1F
100
AcDbEntity
  8
MAIN-1
100
AcDbLine
 10
871.50000059748
 20
277.4212448089299
 30
0.0
 11
871.1000005974599
 21
277.82124480895
 31
0.0
  0
LINE
  5
738
102
{ACAD_REACTORS
330
5BC
102
}
330
1F
100
AcDbEntity
  8
MAIN-1
100
AcDbLine
 10
871.50000059747
 20
276.54999957581
 30
0.0
 11
871.50000059748
 21
277.4212448089299
 31
0.0
  0
LINE
  5
739
102
{ACAD_REACTORS
330
5BC
102
}
330
1F
100
AcDbEntity
  8
MAIN-1
100
AcDbLine
 10
871.50000059747
 20
276.54999957581
 30
0.0
 11
867.20000059729
 21
276.54999957581
 31
0.0
  0
LINE
  5
73A
102
{ACAD_REACTORS
330
5BC
102
}
330
1F
100
AcDbEntity
  8
MAIN-1
100
AcDbLine
 10
867.20000059729
 20
277.0611063820199
 30
0.0
 11
867.20000059729
 21
276.54999957581
 31
0.0
  0
LINE
  5
73B
102
{ACAD_REACTORS
330
5BC
102
}
330
1F
100
AcDbEntity
  8
MAIN-1
100
AcDbLine
 10
867.20000059729
 20
277.0611063820199
 30
0.0
 11
867.7000005974701
 21
277.65698317852
 31
0.0
  0
LINE
  5
73C
102
{ACAD_REACTORS
330
5BC
102
}
330
1F
100
AcDbEntity
  8
MAIN-1
100
AcDbLine
 10
867.7000005974701
 20
277.65698317852
 30
0.0
 11
867.7000005974801
 21
279.2930163686101
 31
0.0
  0
LINE
  5
73D
102
{ACAD_REACTORS
330
5BC
102
}
330
1F
100
AcDbEntity
  8
MAIN-1
100
AcDbLine
 10
867.7000005974801
 20
279.2930163686101
 30
0.0
 11
867.20000059728
 21
279.88889316515
 31
0.0
  0
LINE
  5
73E
102
{ACAD_REACTORS
330
5BC
102
}
330
1F
100
AcDbEntity
  8
MAIN-1
100
AcDbLine
 10
867.20000059728
 20
280.4000000010799
 30
0.0
 11
867.20000059729
 21
279.88889316515
 31
0.0
  0
LINE
  5
73F
102
{ACAD_REACTORS
330
5BC
102
}
330
1F
100
AcDbEntity
  8
MAIN-1
100
AcDbLine
 10
871.50000059749
 20
280.4000000010899
 30
0.0
 11
867.20000059728
 21
280.4000000010799
 31
0.0
  0
LINE
  5
740
102
{ACAD_REACTORS
330
5BC
102
}
330
1F
100
AcDbEntity
  8
MAIN-1
100
AcDbLine
 10
871.9016494750899
 20
279.4337552547499
 30
0.0
 11
871.82349777221
 21
279.3556028366099
 31
0.0
  0
LINE
  5
741
102
{ACAD_REACTORS
330
5BC
102
}
330
1F
100
AcDbEntity
  8
MAIN-1
100
AcDbLine
 10
871.82349777221
 20
279.3556028366099
 30
0.0
 11
871.7421379089301
 21
279.2742434501699
 31
0.0
  0
LINE
  5
742
102
{ACAD_REACTORS
330
5BC
102
}
330
1F
100
AcDbEntity
  8
MAIN-1
100
AcDbLine
 10
871.7421379089301
 20
279.2742434501699
 30
0.0
 11
871.6579971313399
 21
279.1901014804901
 31
0.0
  0
LINE
  5
743
102
{ACAD_REACTORS
330
5BC
102
}
330
1F
100
AcDbEntity
  8
MAIN-1
100
AcDbLine
 10
871.6579971313399
 20
279.1901014804901
 30
0.0
 11
871.5720558166499
 21
279.10416135788
 31
0.0
  0
LINE
  5
744
102
{ACAD_REACTORS
330
5BC
102
}
330
1F
100
AcDbEntity
  8
MAIN-1
100
AcDbLine
 10
871.5720558166499
 20
279.10416135788
 30
0.0
 11
871.4860267639101
 21
279.01813397408
 31
0.0
  0
LINE
  5
745
102
{ACAD_REACTORS
330
5BC
102
}
330
1F
100
AcDbEntity
  8
MAIN-1
100
AcDbLine
 10
871.4860267639101
 20
279.01813397408
 30
0.0
 11
871.40000152587
 21
278.9321068286899
 31
0.0
  0
LINE
  5
746
102
{ACAD_REACTORS
330
5BC
102
}
330
1F
100
AcDbEntity
  8
MAIN-1
100
AcDbLine
 10
872.34644699096
 20
279.87855348588
 30
0.0
 11
872.3151092529199
 21
279.8472143173301
 31
0.0
  0
LINE
  5
747
102
{ACAD_REACTORS
330
5BC
102
}
330
1F
100
AcDbEntity
  8
MAIN-1
100
AcDbLine
 10
872.3151092529199
 20
279.8472143173301
 30
0.0
 11
872.2837677001901
 21
279.8158751487799
 31
0.0
  0
LINE
  5
748
102
{ACAD_REACTORS
330
5BC
102
}
330
1F
100
AcDbEntity
  8
MAIN-1
100
AcDbLine
 10
872.2837677001901
 20
279.8158751487799
 30
0.0
 11
872.25242996215
 21
279.78453598023
 31
0.0
  0
LINE
  5
749
102
{ACAD_REACTORS
330
5BC
102
}
330
1F
100
AcDbEntity
  8
MAIN-1
100
AcDbLine
 10
872.25242996215
 20
279.78453598023
 30
0.0
 11
872.22109222412
 21
279.75319681168
 31
0.0
  0
LINE
  5
74A
102
{ACAD_REACTORS
330
5BC
102
}
330
1F
100
AcDbEntity
  8
MAIN-1
100
AcDbLine
 10
872.22109222412
 20
279.75319681168
 30
0.0
 11
872.1897506713799
 21
279.7218576431301
 31
0.0
  0
LINE
  5
74B
102
{ACAD_REACTORS
330
5BC
102
}
330
1F
100
AcDbEntity
  8
MAIN-1
100
AcDbLine
 10
872.1897506713799
 20
279.7218576431301
 30
0.0
 11
872.1584129333401
 21
279.6905184745799
 31
0.0
  0
LINE
  5
74C
102
{ACAD_REACTORS
330
5BC
102
}
330
1F
100
AcDbEntity
  8
MAIN-1
100
AcDbLine
 10
872.1584129333401
 20
279.6905184745799
 30
0.0
 11
872.12707519531
 21
279.65917930604
 31
0.0
  0
ARC
  5
74D
102
{ACAD_REACTORS
330
5BC
102
}
330
1F
100
AcDbEntity
  8
MAIN-1
100
AcDbCircle
 10
872.7000007384299
 20
279.5250000016399
 30
0.0
 40
0.5000000000006817
100
AcDbArc
 50
5.440367580294714
 51
134.9999906380161
  0
LINE
  5
74E
102
{ACAD_REACTORS
330
5BC
102
}
330
1F
100
AcDbEntity
  8
MAIN-1
100
AcDbLine
 10
873.30226319345
 20
278.4750000014101
 30
0.0
 11
873.1977484747299
 21
279.5724045479501
 31
0.0
  0
LINE
  5
74F
102
{ACAD_REACTORS
330
5BC
102
}
330
1F
100
AcDbEntity
  8
MAIN-1
100
AcDbLine
 10
873.1977484747799
 20
277.37759545533
 30
0.0
 11
873.30226319345
 21
278.4750000014101
 31
0.0
  0
ARC
  5
750
102
{ACAD_REACTORS
330
5BC
102
}
330
1F
100
AcDbEntity
  8
MAIN-1
100
AcDbCircle
 10
872.70000073848
 20
277.42500000164
 30
0.0
 40
0.5
100
AcDbArc
 50
224.9999719140475
 51
354.5596125718628
  0
LINE
  5
751
102
{ACAD_REACTORS
330
5BC
102
}
330
1F
100
AcDbEntity
  8
MAIN-1
100
AcDbLine
 10
871.4000007388299
 20
278.0178932200999
 30
0.0
 11
872.34644734788
 21
277.0714466110501
 31
0.0
  0
LINE
  5
752
102
{ACAD_REACTORS
330
5BC
102
}
330
1F
100
AcDbEntity
  8
MAIN-1
100
AcDbLine
 10
871.40000152587
 20
278.0178931713201
 30
0.0
 11
871.40000152587
 21
278.1484950542499
 31
0.0
  0
LINE
  5
753
102
{ACAD_REACTORS
330
5BC
102
}
330
1F
100
AcDbEntity
  8
MAIN-1
100
AcDbLine
 10
871.40000152587
 20
278.1484950542499
 30
0.0
 11
871.40000152587
 21
278.2790971756001
 31
0.0
  0
LINE
  5
754
102
{ACAD_REACTORS
330
5BC
102
}
330
1F
100
AcDbEntity
  8
MAIN-1
100
AcDbLine
 10
871.40000152587
 20
278.2790971756001
 30
0.0
 11
871.40000152587
 21
278.4096990585399
 31
0.0
  0
LINE
  5
755
102
{ACAD_REACTORS
330
5BC
102
}
330
1F
100
AcDbEntity
  8
MAIN-1
100
AcDbLine
 10
871.40000152587
 20
278.4096990585399
 30
0.0
 11
871.40000152587
 21
278.5403009414699
 31
0.0
  0
LINE
  5
756
102
{ACAD_REACTORS
330
5BC
102
}
330
1F
100
AcDbEntity
  8
MAIN-1
100
AcDbLine
 10
871.40000152587
 20
278.5403009414699
 30
0.0
 11
871.40000152587
 21
278.6709028244099
 31
0.0
  0
LINE
  5
757
102
{ACAD_REACTORS
330
5BC
102
}
330
1F
100
AcDbEntity
  8
MAIN-1
100
AcDbLine
 10
871.40000152587
 20
278.6709028244099
 30
0.0
 11
871.40000152587
 21
278.8015049457599
 31
0.0
  0
LINE
  5
758
102
{ACAD_REACTORS
330
5BC
102
}
330
1F
100
AcDbEntity
  8
MAIN-1
100
AcDbLine
 10
871.40000152587
 20
278.8015049457599
 30
0.0
 11
871.40000152587
 21
278.9321068286899
 31
0.0
  0
LINE
  5
759
102
{ACAD_REACTORS
330
5BC
102
}
330
1F
100
AcDbEntity
  8
MAIN-1
100
AcDbLine
 10
859.8934213374
 20
275.8500000000099
 30
0.0
 11
859.8934213374
 21
281.00000000001
 31
0.0
  0
LINE
  5
75A
102
{ACAD_REACTORS
330
5BC
102
}
330
1F
100
AcDbEntity
  8
MAIN-2
100
AcDbLine
 10
904.89822554228
 20
281.00000000001
 30
0.0
 11
904.89822554228
 21
275.8500000000099
 31
0.0
  0
LINE
  5
75B
102
{ACAD_REACTORS
330
5BC
102
}
330
1F
100
AcDbEntity
  8
MAIN-2
100
AcDbLine
 10
904.8000002747699
 20
281.00000000001
 30
0.0
 11
904.8000002747699
 21
275.8500000000099
 31
0.0
  0
LINE
  5
75C
102
{ACAD_REACTORS
330
5BC
102
}
330
1F
100
AcDbEntity
  8
MAIN-2
100
AcDbLine
 10
860.38853268765
 20
275.8500000000099
 30
0.0
 11
860.38853268765
 21
281.00000000001
 31
0.0
  0
LINE
  5
75D
102
{ACAD_REACTORS
330
5BC
102
}
330
1F
100
AcDbEntity
  8
MAIN-2
100
AcDbLine
 10
860.41699658482
 20
281.00000000001
 30
0.0
 11
860.41699658482
 21
275.8500000000099
 31
0.0
  0
LINE
  5
75E
102
{ACAD_REACTORS
330
5BC
102
}
330
1F
100
AcDbEntity
  8
MAIN-2
100
AcDbLine
 10
861.48113501286
 20
281.00000000001
 30
0.0
 11
861.48113501286
 21
275.8500000000099
 31
0.0
  0
LINE
  5
75F
102
{ACAD_REACTORS
330
5BC
102
}
330
1F
100
AcDbEntity
  8
MAIN-2
100
AcDbLine
 10
894.0080922812999
 20
275.8500000000099
 30
0.0
 11
894.0080922812999
 21
281.00000000001
 31
0.0
  0
LINE
  5
760
102
{ACAD_REACTORS
330
5BC
102
}
330
1F
100
AcDbEntity
  8
MAIN-2
100
AcDbLine
 10
860.8199924826899
 20
281.00000000001
 30
0.0
 11
860.8199924826899
 21
275.8500000000099
 31
0.0
  0
LINE
  5
761
102
{ACAD_REACTORS
330
5BC
102
}
330
1F
100
AcDbEntity
  8
MAIN-2
100
AcDbLine
 10
859.75585405465
 20
281.00000000001
 30
0.0
 11
859.75585405465
 21
275.8500000000099
 31
0.0
  0
LINE
  5
762
102
{ACAD_REACTORS
330
5BC
102
}
330
1F
100
AcDbEntity
  8
MAIN-1
100
AcDbLine
 10
859.78431795182
 20
275.8500000000099
 30
0.0
 11
859.78431795182
 21
281.00000000001
 31
0.0
  0
LINE
  5
763
102
{ACAD_REACTORS
330
5BC
102
}
330
1F
100
AcDbEntity
  8
MAIN-2
100
AcDbLine
 10
856.50585931463
 20
275.8500000000099
 30
0.0
 11
856.50585931463
 21
281.00000000001
 31
0.0
  0
LINE
  5
764
102
{ACAD_REACTORS
330
5BC
102
}
330
1F
100
AcDbEntity
  8
MAIN-1
100
AcDbLine
 10
859.35000032273
 20
281.00000000001
 30
0.0
 11
859.35000032273
 21
275.8500000000099
 31
0.0
  0
LINE
  5
765
102
{ACAD_REACTORS
330
5BC
102
}
330
1F
100
AcDbEntity
  8
MAIN-1
100
AcDbLine
 10
841.5007665036401
 20
275.8500000000099
 30
0.0
 11
841.5007665036401
 21
281.00000000001
 31
0.0
  0
LINE
  5
766
102
{ACAD_REACTORS
330
5BC
102
}
330
1F
100
AcDbEntity
  8
MAIN-1
100
AcDbLine
 10
854.9315010201101
 20
275.8500000000099
 30
0.0
 11
854.9315010201101
 21
281.00000000001
 31
0.0
  0
LINE
  5
767
102
{ACAD_REACTORS
330
5BC
102
}
330
1F
100
AcDbEntity
  8
MAIN-1
100
AcDbLine
 10
847.25000059832
 20
281.00000000001
 30
0.0
 11
847.25000059832
 21
280.78174242365
 31
0.0
  0
ARC
  5
768
102
{ACAD_REACTORS
330
5BC
102
}
330
1F
100
AcDbEntity
  8
MAIN-1
100
AcDbCircle
 10
846.2500005978
 20
278.6000000009701
 30
0.0
 40
2.40000000000532
100
AcDbArc
 50
269.9999801521574
 51
0.0000187239685635
  0
LINE
  5
769
102
{ACAD_REACTORS
330
5BC
102
}
330
1F
100
AcDbEntity
  8
MAIN-1
100
AcDbLine
 10
844.6500005973701
 20
281.00000000001
 30
0.0
 11
844.6500005973701
 21
280.78174242369
 31
0.0
  0
LINE
  5
76A
102
{ACAD_REACTORS
330
5BC
102
}
330
1F
100
AcDbEntity
  8
MAIN-1
100
AcDbLine
 10
853.00000059783
 20
280.4000000009901
 30
0.0
 11
848.7000005976199
 21
280.4000000009901
 31
0.0
  0
LINE
  5
76B
102
{ACAD_REACTORS
330
5BC
102
}
330
1F
100
AcDbEntity
  8
MAIN-1
100
AcDbLine
 10
853.00000059783
 20
279.5287547380699
 30
0.0
 11
853.00000059783
 21
280.4000000009901
 31
0.0
  0
LINE
  5
76C
102
{ACAD_REACTORS
330
5BC
102
}
330
1F
100
AcDbEntity
  8
MAIN-1
100
AcDbLine
 10
852.6000005978101
 20
279.12875473806
 30
0.0
 11
853.00000059783
 21
279.5287547380699
 31
0.0
  0
LINE
  5
76D
102
{ACAD_REACTORS
330
5BC
102
}
330
1F
100
AcDbEntity
  8
MAIN-1
100
AcDbLine
 10
852.6000005978101
 20
279.12875473806
 30
0.0
 11
852.6000005978001
 21
277.82124480886
 31
0.0
  0
LINE
  5
76E
102
{ACAD_REACTORS
330
5BC
102
}
330
1F
100
AcDbEntity
  8
MAIN-1
100
AcDbLine
 10
853.00000059782
 20
277.4212448088399
 30
0.0
 11
852.6000005978001
 21
277.82124480886
 31
0.0
  0
LINE
  5
76F
102
{ACAD_REACTORS
330
5BC
102
}
330
1F
100
AcDbEntity
  8
MAIN-1
100
AcDbLine
 10
853.00000059781
 20
276.54999957571
 30
0.0
 11
853.00000059782
 21
277.4212448088399
 31
0.0
  0
LINE
  5
770
102
{ACAD_REACTORS
330
5BC
102
}
330
1F
100
AcDbEntity
  8
MAIN-1
100
AcDbLine
 10
848.7000005976299
 20
276.54999957571
 30
0.0
 11
853.00000059781
 21
276.54999957571
 31
0.0
  0
LINE
  5
771
102
{ACAD_REACTORS
330
5BC
102
}
330
1F
100
AcDbEntity
  8
MAIN-1
100
AcDbLine
 10
848.7000005976299
 20
277.0611063819299
 30
0.0
 11
848.7000005976299
 21
276.54999957571
 31
0.0
  0
LINE
  5
772
102
{ACAD_REACTORS
330
5BC
102
}
330
1F
100
AcDbEntity
  8
MAIN-1
100
AcDbLine
 10
848.7000005976299
 20
277.0611063819299
 30
0.0
 11
849.20000059781
 21
277.65698317843
 31
0.0
  0
LINE
  5
773
102
{ACAD_REACTORS
330
5BC
102
}
330
1F
100
AcDbEntity
  8
MAIN-1
100
AcDbLine
 10
849.20000059781
 20
277.65698317843
 30
0.0
 11
849.20000059782
 21
279.2930163685201
 31
0.0
  0
LINE
  5
774
102
{ACAD_REACTORS
330
5BC
102
}
330
1F
100
AcDbEntity
  8
MAIN-1
100
AcDbLine
 10
849.20000059782
 20
279.2930163685201
 30
0.0
 11
848.7000005976299
 21
279.8888931650499
 31
0.0
  0
LINE
  5
775
102
{ACAD_REACTORS
330
5BC
102
}
330
1F
100
AcDbEntity
  8
MAIN-1
100
AcDbLine
 10
853.4016494750899
 20
279.4337552547499
 30
0.0
 11
853.32349777221
 21
279.3556028366099
 31
0.0
  0
LINE
  5
776
102
{ACAD_REACTORS
330
5BC
102
}
330
1F
100
AcDbEntity
  8
MAIN-1
100
AcDbLine
 10
853.32349777221
 20
279.3556028366099
 30
0.0
 11
853.2421379089301
 21
279.2742434501699
 31
0.0
  0
LINE
  5
777
102
{ACAD_REACTORS
330
5BC
102
}
330
1F
100
AcDbEntity
  8
MAIN-1
100
AcDbLine
 10
853.2421379089301
 20
279.2742434501699
 30
0.0
 11
853.1579971313399
 21
279.1901014804901
 31
0.0
  0
LINE
  5
778
102
{ACAD_REACTORS
330
5BC
102
}
330
1F
100
AcDbEntity
  8
MAIN-1
100
AcDbLine
 10
853.1579971313399
 20
279.1901014804901
 30
0.0
 11
853.0720558166499
 21
279.10416135788
 31
0.0
  0
LINE
  5
779
102
{ACAD_REACTORS
330
5BC
102
}
330
1F
100
AcDbEntity
  8
MAIN-1
100
AcDbLine
 10
853.0720558166499
 20
279.10416135788
 30
0.0
 11
852.9860267639101
 21
279.01813397408
 31
0.0
  0
LINE
  5
77A
102
{ACAD_REACTORS
330
5BC
102
}
330
1F
100
AcDbEntity
  8
MAIN-1
100
AcDbLine
 10
852.9860267639101
 20
279.01813397408
 30
0.0
 11
852.90000152587
 21
278.9321068286899
 31
0.0
  0
LINE
  5
77B
102
{ACAD_REACTORS
330
5BC
102
}
330
1F
100
AcDbEntity
  8
MAIN-1
100
AcDbLine
 10
853.84644699096
 20
279.87855348588
 30
0.0
 11
853.8151092529199
 21
279.8472143173301
 31
0.0
  0
LINE
  5
77C
102
{ACAD_REACTORS
330
5BC
102
}
330
1F
100
AcDbEntity
  8
MAIN-1
100
AcDbLine
 10
853.8151092529199
 20
279.8472143173301
 30
0.0
 11
853.7837677001901
 21
279.8158751487799
 31
0.0
  0
LINE
  5
77D
102
{ACAD_REACTORS
330
5BC
102
}
330
1F
100
AcDbEntity
  8
MAIN-1
100
AcDbLine
 10
853.7837677001901
 20
279.8158751487799
 30
0.0
 11
853.75242996215
 21
279.78453598023
 31
0.0
  0
LINE
  5
77E
102
{ACAD_REACTORS
330
5BC
102
}
330
1F
100
AcDbEntity
  8
MAIN-1
100
AcDbLine
 10
853.75242996215
 20
279.78453598023
 30
0.0
 11
853.72109222412
 21
279.75319681168
 31
0.0
  0
LINE
  5
77F
102
{ACAD_REACTORS
330
5BC
102
}
330
1F
100
AcDbEntity
  8
MAIN-1
100
AcDbLine
 10
853.72109222412
 20
279.75319681168
 30
0.0
 11
853.6897506713799
 21
279.7218576431301
 31
0.0
  0
LINE
  5
780
102
{ACAD_REACTORS
330
5BC
102
}
330
1F
100
AcDbEntity
  8
MAIN-1
100
AcDbLine
 10
853.6897506713799
 20
279.7218576431301
 30
0.0
 11
853.6584129333401
 21
279.6905184745799
 31
0.0
  0
LINE
  5
781
102
{ACAD_REACTORS
330
5BC
102
}
330
1F
100
AcDbEntity
  8
MAIN-1
100
AcDbLine
 10
853.6584129333401
 20
279.6905184745799
 30
0.0
 11
853.62707519531
 21
279.65917930604
 31
0.0
  0
ARC
  5
782
102
{ACAD_REACTORS
330
5BC
102
}
330
1F
100
AcDbEntity
  8
MAIN-1
100
AcDbCircle
 10
854.2000007387701
 20
279.5250000015501
 30
0.0
 40
0.5000000000006817
100
AcDbArc
 50
5.440367580294714
 51
134.9999906380161
  0
LINE
  5
783
102
{ACAD_REACTORS
330
5BC
102
}
330
1F
100
AcDbEntity
  8
MAIN-1
100
AcDbLine
 10
854.8022631937899
 20
278.47500000131
 30
0.0
 11
854.6977484750701
 21
279.5724045478601
 31
0.0
  0
LINE
  5
784
102
{ACAD_REACTORS
330
5BC
102
}
330
1F
100
AcDbEntity
  8
MAIN-1
100
AcDbLine
 10
854.6977484751201
 20
277.37759545523
 30
0.0
 11
854.8022631937899
 21
278.47500000131
 31
0.0
  0
ARC
  5
785
102
{ACAD_REACTORS
330
5BC
102
}
330
1F
100
AcDbEntity
  8
MAIN-1
100
AcDbCircle
 10
854.2000007388201
 20
277.42500000155
 30
0.0
 40
0.5
100
AcDbArc
 50
224.9999719140475
 51
354.5596125718628
  0
LINE
  5
786
102
{ACAD_REACTORS
330
5BC
102
}
330
1F
100
AcDbEntity
  8
MAIN-1
100
AcDbLine
 10
852.9000007391701
 20
278.0178932200099
 30
0.0
 11
853.84644734823
 21
277.07144661095
 31
0.0
  0
LINE
  5
787
102
{ACAD_REACTORS
330
5BC
102
}
330
1F
100
AcDbEntity
  8
MAIN-1
100
AcDbLine
 10
852.90000152587
 20
278.0178931713201
 30
0.0
 11
852.90000152587
 21
278.1484950542499
 31
0.0
  0
LINE
  5
788
102
{ACAD_REACTORS
330
5BC
102
}
330
1F
100
AcDbEntity
  8
MAIN-1
100
AcDbLine
 10
852.90000152587
 20
278.1484950542499
 30
0.0
 11
852.90000152587
 21
278.2790971756001
 31
0.0
  0
LINE
  5
789
102
{ACAD_REACTORS
330
5BC
102
}
330
1F
100
AcDbEntity
  8
MAIN-1
100
AcDbLine
 10
852.90000152587
 20
278.2790971756001
 30
0.0
 11
852.90000152587
 21
278.4096990585399
 31
0.0
  0
LINE
  5
78A
102
{ACAD_REACTORS
330
5BC
102
}
330
1F
100
AcDbEntity
  8
MAIN-1
100
AcDbLine
 10
852.90000152587
 20
278.4096990585399
 30
0.0
 11
852.90000152587
 21
278.5403009414699
 31
0.0
  0
LINE
  5
78B
102
{ACAD_REACTORS
330
5BC
102
}
330
1F
100
AcDbEntity
  8
MAIN-1
100
AcDbLine
 10
852.90000152587
 20
278.5403009414699
 30
0.0
 11
852.90000152587
 21
278.6709028244099
 31
0.0
  0
LINE
  5
78C
102
{ACAD_REACTORS
330
5BC
102
}
330
1F
100
AcDbEntity
  8
MAIN-1
100
AcDbLine
 10
852.90000152587
 20
278.6709028244099
 30
0.0
 11
852.90000152587
 21
278.8015049457599
 31
0.0
  0
LINE
  5
78D
102
{ACAD_REACTORS
330
5BC
102
}
330
1F
100
AcDbEntity
  8
MAIN-1
100
AcDbLine
 10
852.90000152587
 20
278.8015049457599
 30
0.0
 11
852.90000152587
 21
278.9321068286899
 31
0.0
  0
LINE
  5
78E
102
{ACAD_REACTORS
330
5BC
102
}
330
1F
100
AcDbEntity
  8
MAIN-2
100
AcDbLine
 10
844.65000077584
 20
280.0418774857901
 30
0.0
 11
844.65000077584
 21
280.0402720826501
 31
0.0
  0
LINE
  5
78F
102
{ACAD_REACTORS
330
5BC
102
}
330
1F
100
AcDbEntity
  8
MAIN-1
100
AcDbLine
 10
844.65000077584
 20
280.0402720826501
 30
0.0
 11
844.6500007766999
 21
276.9500000010501
 31
0.0
  0
LINE
  5
790
102
{ACAD_REACTORS
330
5BC
102
}
330
1F
100
AcDbEntity
  8
MAIN-2
100
AcDbLine
 10
844.65000077584
 20
280.0418774857901
 30
0.0
 11
844.5000005980701
 21
280.03904034981
 31
0.0
  0
LINE
  5
791
102
{ACAD_REACTORS
330
5BC
102
}
330
1F
100
AcDbEntity
  8
MAIN-1
100
AcDbLine
 10
841.3934213377399
 20
275.8500000000099
 30
0.0
 11
841.3934213377399
 21
281.00000000001
 31
0.0
  0
LINE
  5
792
102
{ACAD_REACTORS
330
5BC
102
}
330
1F
100
AcDbEntity
  8
MAIN-2
100
AcDbLine
 10
841.8885326879899
 20
275.8500000000099
 30
0.0
 11
841.8885326879899
 21
281.00000000001
 31
0.0
  0
LINE
  5
793
102
{ACAD_REACTORS
330
5BC
102
}
330
1F
100
AcDbEntity
  8
MAIN-2
100
AcDbLine
 10
841.91699658516
 20
281.00000000001
 30
0.0
 11
841.91699658516
 21
275.8500000000099
 31
0.0
  0
LINE
  5
794
102
{ACAD_REACTORS
330
5BC
102
}
330
1F
100
AcDbEntity
  8
MAIN-2
100
AcDbLine
 10
842.9811350132
 20
281.00000000001
 30
0.0
 11
842.9811350132
 21
275.8500000000099
 31
0.0
  0
LINE
  5
795
102
{ACAD_REACTORS
330
5BC
102
}
330
1F
100
AcDbEntity
  8
MAIN-1
100
AcDbLine
 10
907.5000002747599
 20
275.8500000000099
 30
0.0
 11
907.5000002747599
 21
275.8500170664499
 31
0.0
  0
LINE
  5
796
102
{ACAD_REACTORS
330
5BC
102
}
330
1F
100
AcDbEntity
  8
MAIN-2
100
AcDbLine
 10
907.5000002747599
 20
275.8500000000099
 30
0.0
 11
907.5000002747599
 21
276.85000000124
 31
0.0
  0
LINE
  5
797
102
{ACAD_REACTORS
330
5BC
102
}
330
1F
100
AcDbEntity
  8
MAIN-2
100
AcDbLine
 10
904.8000002747699
 20
276.85000000124
 30
0.0
 11
907.5000002747599
 21
276.85000000124
 31
0.0
  0
LINE
  5
798
102
{ACAD_REACTORS
330
5BC
102
}
330
1F
100
AcDbEntity
  8
MAIN-2
100
AcDbLine
 10
842.3199924830301
 20
281.00000000001
 30
0.0
 11
842.3199924830301
 21
275.8500000000099
 31
0.0
  0
LINE
  5
799
102
{ACAD_REACTORS
330
5BC
102
}
330
1F
100
AcDbEntity
  8
MAIN-2
100
AcDbLine
 10
841.2558540549901
 20
281.00000000001
 30
0.0
 11
841.2558540549901
 21
275.8500000000099
 31
0.0
  0
LINE
  5
79A
102
{ACAD_REACTORS
330
5BC
102
}
330
1F
100
AcDbEntity
  8
MAIN-1
100
AcDbLine
 10
841.2843179521601
 20
275.8500000000099
 30
0.0
 11
841.2843179521601
 21
281.00000000001
 31
0.0
  0
LINE
  5
79B
102
{ACAD_REACTORS
330
5BC
102
}
330
1F
100
AcDbEntity
  8
MAIN-1
100
AcDbLine
 10
840.8500003230699
 20
275.8500000000099
 30
0.0
 11
840.8500003230699
 21
281.00000000001
 31
0.0
  0
LINE
  5
79C
102
{ACAD_REACTORS
330
5BC
102
}
330
1F
100
AcDbEntity
  8
MAIN-1
100
AcDbLine
 10
844.90000077576
 20
276.9500000010501
 30
0.0
 11
844.90000077489
 21
280.0446307186701
 31
0.0
  0
LINE
  5
79D
102
{ACAD_REACTORS
330
5BC
102
}
330
1F
100
AcDbEntity
  8
MAIN-2
100
AcDbLine
 10
844.90000077489
 20
280.0446307186701
 30
0.0
 11
844.90000077489
 21
280.0476568678901
 31
0.0
  0
LINE
  5
79E
102
{ACAD_REACTORS
330
5BC
102
}
330
1F
100
AcDbEntity
  8
MAIN-2
100
AcDbLine
 10
844.90000077489
 20
280.0476568678901
 30
0.0
 11
844.65000077539
 21
280.0425070968799
 31
0.0
  0
ARC
  5
79F
102
{ACAD_REACTORS
330
5BC
102
}
330
1F
100
AcDbEntity
  8
MAIN-1
100
AcDbCircle
 10
850.9500005959001
 20
278.47499952933
 30
0.0
 40
1.0
100
AcDbArc
 50
293.5781674500425
 51
0.0000187239685635
  0
LINE
  5
7A0
102
{ACAD_REACTORS
330
5BC
102
}
330
1F
100
AcDbEntity
  8
MAIN-2
100
AcDbLine
 10
844.6500007766999
 20
276.9500000010501
 30
0.0
 11
844.65000077625
 21
276.9500000010501
 31
0.0
  0
LINE
  5
7A1
102
{ACAD_REACTORS
330
5BC
102
}
330
1F
100
AcDbEntity
  8
MAIN-2
100
AcDbLine
 10
844.65000077584
 20
280.0418774857901
 30
0.0
 11
844.65000077539
 21
280.0425070968799
 31
0.0
  0
LINE
  5
7A2
102
{ACAD_REACTORS
330
5BC
102
}
330
1F
100
AcDbEntity
  8
MAIN-1
100
AcDbLine
 10
892.5438333002401
 20
275.8500000000099
 30
0.0
 11
892.5438333002401
 21
275.8500265330699
 31
0.0
  0
LINE
  5
7A3
102
{ACAD_REACTORS
330
5BC
102
}
330
1F
100
AcDbEntity
  8
MAIN-2
100
AcDbLine
 10
892.5438333002401
 20
275.8500000000099
 30
0.0
 11
892.5438333002401
 21
281.00000000001
 31
0.0
  0
LINE
  5
7A4
102
{ACAD_REACTORS
330
5BC
102
}
330
1F
100
AcDbEntity
  8
MAIN-1
100
AcDbLine
 10
851.3500005958199
 20
276.54999957571
 30
0.0
 11
851.3500005958599
 21
277.55848439032
 31
0.0
  0
LINE
  5
7A5
102
{ACAD_REACTORS
330
5BC
102
}
330
1F
100
AcDbEntity
  8
MAIN-2
100
AcDbLine
 10
844.9000007709799
 20
280.05313268394
 30
0.0
 11
847.5788690096199
 21
280.09989254381
 31
0.0
  0
LINE
  5
7A6
102
{ACAD_REACTORS
330
5BC
102
}
330
1F
100
AcDbEntity
  8
MAIN-2
100
AcDbLine
 10
847.5788690096199
 20
280.09989254381
 30
0.0
 11
847.67633441249
 21
280.0921851537601
 31
0.0
  0
LINE
  5
7A7
102
{ACAD_REACTORS
330
5BC
102
}
330
1F
100
AcDbEntity
  8
MAIN-1
100
AcDbLine
 10
847.6763343811001
 20
280.09218511582
 30
0.0
 11
847.61547088623
 21
280.0911847114601
 31
0.0
  0
LINE
  5
7A8
102
{ACAD_REACTORS
330
5BC
102
}
330
1F
100
AcDbEntity
  8
MAIN-1
100
AcDbLine
 10
847.61547088623
 20
280.0911847114601
 30
0.0
 11
847.5537681579499
 21
280.09016857148
 31
0.0
  0
LINE
  5
7A9
102
{ACAD_REACTORS
330
5BC
102
}
330
1F
100
AcDbEntity
  8
MAIN-1
100
AcDbLine
 10
847.5537681579499
 20
280.09016857148
 30
0.0
 11
847.4911422729399
 21
280.0891357421899
 31
0.0
  0
LINE
  5
7AA
102
{ACAD_REACTORS
330
5BC
102
}
330
1F
100
AcDbEntity
  8
MAIN-1
100
AcDbLine
 10
847.4911422729399
 20
280.0891357421899
 30
0.0
 11
847.42750167846
 21
280.0880847931001
 31
0.0
  0
LINE
  5
7AB
102
{ACAD_REACTORS
330
5BC
102
}
330
1F
100
AcDbEntity
  8
MAIN-1
100
AcDbLine
 10
847.42750167846
 20
280.0880847931001
 30
0.0
 11
847.3627433776801
 21
280.0870133400001
 31
0.0
  0
LINE
  5
7AC
102
{ACAD_REACTORS
330
5BC
102
}
330
1F
100
AcDbEntity
  8
MAIN-1
100
AcDbLine
 10
847.3627433776801
 20
280.0870133400001
 30
0.0
 11
847.29674530029
 21
280.0859194755601
 31
0.0
  0
LINE
  5
7AD
102
{ACAD_REACTORS
330
5BC
102
}
330
1F
100
AcDbEntity
  8
MAIN-1
100
AcDbLine
 10
847.29674530029
 20
280.0859194755601
 30
0.0
 11
847.22936630249
 21
280.0847998619099
 31
0.0
  0
LINE
  5
7AE
102
{ACAD_REACTORS
330
5BC
102
}
330
1F
100
AcDbEntity
  8
MAIN-1
100
AcDbLine
 10
847.22936630249
 20
280.0847998619099
 30
0.0
 11
847.1604423522899
 21
280.0836521148699
 31
0.0
  0
LINE
  5
7AF
102
{ACAD_REACTORS
330
5BC
102
}
330
1F
100
AcDbEntity
  8
MAIN-1
100
AcDbLine
 10
847.1604423522899
 20
280.0836521148699
 30
0.0
 11
847.08982086181
 21
280.08247337342
 31
0.0
  0
LINE
  5
7B0
102
{ACAD_REACTORS
330
5BC
102
}
330
1F
100
AcDbEntity
  8
MAIN-1
100
AcDbLine
 10
847.08982086181
 20
280.08247337342
 30
0.0
 11
847.0172996520901
 21
280.08125934601
 31
0.0
  0
LINE
  5
7B1
102
{ACAD_REACTORS
330
5BC
102
}
330
1F
100
AcDbEntity
  8
MAIN-1
100
AcDbLine
 10
847.0172996520901
 20
280.08125934601
 30
0.0
 11
846.9425621032699
 21
280.08000478745
 31
0.0
  0
LINE
  5
7B2
102
{ACAD_REACTORS
330
5BC
102
}
330
1F
100
AcDbEntity
  8
MAIN-1
100
AcDbLine
 10
846.9425621032699
 20
280.08000478745
 30
0.0
 11
846.86549377441
 21
280.0787068367099
 31
0.0
  0
LINE
  5
7B3
102
{ACAD_REACTORS
330
5BC
102
}
330
1F
100
AcDbEntity
  8
MAIN-1
100
AcDbLine
 10
846.86549377441
 20
280.0787068367099
 30
0.0
 11
846.7858390808101
 21
280.0773602485699
 31
0.0
  0
LINE
  5
7B4
102
{ACAD_REACTORS
330
5BC
102
}
330
1F
100
AcDbEntity
  8
MAIN-1
100
AcDbLine
 10
846.7858390808101
 20
280.0773602485699
 30
0.0
 11
846.70333862304
 21
280.0759607315099
 31
0.0
  0
LINE
  5
7B5
102
{ACAD_REACTORS
330
5BC
102
}
330
1F
100
AcDbEntity
  8
MAIN-1
100
AcDbLine
 10
846.70333862304
 20
280.0759607315099
 30
0.0
 11
846.61791610717
 21
280.07450494767
 31
0.0
  0
LINE
  5
7B6
102
{ACAD_REACTORS
330
5BC
102
}
330
1F
100
AcDbEntity
  8
MAIN-1
100
AcDbLine
 10
846.61791610717
 20
280.07450494767
 30
0.0
 11
846.52951431274
 21
280.0729914665301
 31
0.0
  0
LINE
  5
7B7
102
{ACAD_REACTORS
330
5BC
102
}
330
1F
100
AcDbEntity
  8
MAIN-1
100
AcDbLine
 10
846.52951431274
 20
280.0729914665301
 30
0.0
 11
846.4383201599101
 21
280.0714231491099
 31
0.0
  0
LINE
  5
7B8
102
{ACAD_REACTORS
330
5BC
102
}
330
1F
100
AcDbEntity
  8
MAIN-1
100
AcDbLine
 10
846.4383201599101
 20
280.0714231491099
 30
0.0
 11
846.34484863281
 21
280.06980667115
 31
0.0
  0
LINE
  5
7B9
102
{ACAD_REACTORS
330
5BC
102
}
330
1F
100
AcDbEntity
  8
MAIN-1
100
AcDbLine
 10
846.34484863281
 20
280.06980667115
 30
0.0
 11
846.24999999999
 21
280.06815824509
 31
0.0
  0
LINE
  5
7BA
102
{ACAD_REACTORS
330
5BC
102
}
330
1F
100
AcDbEntity
  8
MAIN-2
100
AcDbLine
 10
844.5000005980701
 20
280.03904034981
 30
0.0
 11
844.5000005980601
 21
280.0380759791699
 31
0.0
  0
LINE
  5
7BB
102
{ACAD_REACTORS
330
5BC
102
}
330
1F
100
AcDbEntity
  8
MAIN-2
100
AcDbLine
 10
844.90000077489
 20
280.0476568678901
 30
0.0
 11
844.9000007709799
 21
280.05313268394
 31
0.0
  0
LINE
  5
7BC
102
{ACAD_REACTORS
330
5BC
102
}
330
1F
100
AcDbEntity
  8
MAIN-1
100
AcDbLine
 10
851.35000059594
 20
279.39151466831
 30
0.0
 11
851.35000059598
 21
280.4000000009901
 31
0.0
  0
LINE
  5
7BD
102
{ACAD_REACTORS
330
5BC
102
}
330
1F
100
AcDbEntity
  8
MAIN-1
100
AcDbLine
 10
847.6665458679099
 20
278.6000000000099
 30
0.0
 11
847.66661453247
 21
278.7127989292201
 31
0.0
  0
LINE
  5
7BE
102
{ACAD_REACTORS
330
5BC
102
}
330
1F
100
AcDbEntity
  8
MAIN-1
100
AcDbLine
 10
847.66661453247
 20
278.7127989292201
 30
0.0
 11
847.6668128967201
 21
278.8235722541899
 31
0.0
  0
LINE
  5
7BF
102
{ACAD_REACTORS
330
5BC
102
}
330
1F
100
AcDbEntity
  8
MAIN-1
100
AcDbLine
 10
847.6668128967201
 20
278.8235722541899
 30
0.0
 11
847.6671295166
 21
278.93077311516
 31
0.0
  0
LINE
  5
7C0
102
{ACAD_REACTORS
330
5BC
102
}
330
1F
100
AcDbEntity
  8
MAIN-1
100
AcDbLine
 10
847.6671295166
 20
278.93077311516
 30
0.0
 11
847.6675415039001
 21
279.0336621761401
 31
0.0
  0
LINE
  5
7C1
102
{ACAD_REACTORS
330
5BC
102
}
330
1F
100
AcDbEntity
  8
MAIN-1
100
AcDbLine
 10
847.6675415039001
 20
279.0336621761401
 30
0.0
 11
847.6680259704499
 21
279.13213429451
 31
0.0
  0
LINE
  5
7C2
102
{ACAD_REACTORS
330
5BC
102
}
330
1F
100
AcDbEntity
  8
MAIN-1
100
AcDbLine
 10
847.6680259704499
 20
279.13213429451
 30
0.0
 11
847.66857147216
 21
279.2264553070099
 31
0.0
  0
LINE
  5
7C3
102
{ACAD_REACTORS
330
5BC
102
}
330
1F
100
AcDbEntity
  8
MAIN-1
100
AcDbLine
 10
847.66857147216
 20
279.2264553070099
 30
0.0
 11
847.66916656494
 21
279.3169198989899
 31
0.0
  0
LINE
  5
7C4
102
{ACAD_REACTORS
330
5BC
102
}
330
1F
100
AcDbEntity
  8
MAIN-1
100
AcDbLine
 10
847.66916656494
 20
279.3169198989899
 30
0.0
 11
847.66979598999
 21
279.4040602207201
 31
0.0
  0
LINE
  5
7C5
102
{ACAD_REACTORS
330
5BC
102
}
330
1F
100
AcDbEntity
  8
MAIN-1
100
AcDbLine
 10
847.66979598999
 20
279.4040602207201
 30
0.0
 11
847.6704559326099
 21
279.4882701397
 31
0.0
  0
LINE
  5
7C6
102
{ACAD_REACTORS
330
5BC
102
}
330
1F
100
AcDbEntity
  8
MAIN-1
100
AcDbLine
 10
847.6704559326099
 20
279.4882701397
 30
0.0
 11
847.67113876342
 21
279.5699261188599
 31
0.0
  0
LINE
  5
7C7
102
{ACAD_REACTORS
330
5BC
102
}
330
1F
100
AcDbEntity
  8
MAIN-1
100
AcDbLine
 10
847.67113876342
 20
279.5699261188599
 30
0.0
 11
847.67184448242
 21
279.64935669899
 31
0.0
  0
LINE
  5
7C8
102
{ACAD_REACTORS
330
5BC
102
}
330
1F
100
AcDbEntity
  8
MAIN-1
100
AcDbLine
 10
847.67184448242
 20
279.64935669899
 30
0.0
 11
847.6725654602001
 21
279.7268348693899
 31
0.0
  0
LINE
  5
7C9
102
{ACAD_REACTORS
330
5BC
102
}
330
1F
100
AcDbEntity
  8
MAIN-1
100
AcDbLine
 10
847.6725654602001
 20
279.7268348693899
 30
0.0
 11
847.6732978820701
 21
279.8025942802501
 31
0.0
  0
LINE
  5
7CA
102
{ACAD_REACTORS
330
5BC
102
}
330
1F
100
AcDbEntity
  8
MAIN-1
100
AcDbLine
 10
847.6732978820701
 20
279.8025942802501
 30
0.0
 11
847.67404174804
 21
279.8768487930299
 31
0.0
  0
LINE
  5
7CB
102
{ACAD_REACTORS
330
5BC
102
}
330
1F
100
AcDbEntity
  8
MAIN-1
100
AcDbLine
 10
847.67404174804
 20
279.8768487930299
 30
0.0
 11
847.6747970581
 21
279.94977006913
 31
0.0
  0
LINE
  5
7CC
102
{ACAD_REACTORS
330
5BC
102
}
330
1F
100
AcDbEntity
  8
MAIN-1
100
AcDbLine
 10
847.6747970581
 20
279.94977006913
 30
0.0
 11
847.67556381225
 21
280.02150449753
 31
0.0
  0
LINE
  5
7CD
102
{ACAD_REACTORS
330
5BC
102
}
330
1F
100
AcDbEntity
  8
MAIN-1
100
AcDbLine
 10
847.67556381225
 20
280.02150449753
 30
0.0
 11
847.6763343811001
 21
280.09218511582
 31
0.0
  0
LINE
  5
7CE
102
{ACAD_REACTORS
330
5BC
102
}
330
1F
100
AcDbEntity
  8
MAIN-2
100
AcDbLine
 10
844.90000077185
 20
276.9500000010501
 30
0.0
 11
844.90000077576
 21
276.9500000010501
 31
0.0
  0
LINE
  5
7CF
102
{ACAD_REACTORS
330
5BC
102
}
330
1F
100
AcDbEntity
  8
MAIN-1
100
AcDbLine
 10
847.5788690096199
 20
276.95000000099
 30
0.0
 11
847.5788690096199
 21
280.09058199989
 31
0.0
  0
LINE
  5
7D0
102
{ACAD_REACTORS
330
5BC
102
}
330
1F
100
AcDbEntity
  8
MAIN-2
100
AcDbLine
 10
847.5788690096199
 20
280.09058199989
 30
0.0
 11
847.5788690096199
 21
280.09989254381
 31
0.0
  0
LINE
  5
7D1
102
{ACAD_REACTORS
330
5BC
102
}
330
1F
100
AcDbEntity
  8
MAIN-1
100
AcDbLine
 10
855.65000059766
 20
281.00000000001
 30
0.0
 11
855.65000059766
 21
275.8500000000099
 31
0.0
  0
LINE
  5
7D2
102
{ACAD_REACTORS
330
5BC
102
}
330
1F
100
AcDbEntity
  8
MAIN-1
100
AcDbLine
 10
858.80000059748
 20
281.00000000001
 30
0.0
 11
858.80000059748
 21
275.8500000000099
 31
0.0
  0
LINE
  5
7D3
102
{ACAD_REACTORS
330
5BC
102
}
330
1F
100
AcDbEntity
  8
MAIN-1
100
AcDbLine
 10
880.9185003165201
 20
281.00000000001
 30
0.0
 11
880.9185003165201
 21
275.8500000000099
 31
0.0
  0
LINE
  5
7D4
102
{ACAD_REACTORS
330
5BC
102
}
330
1F
100
AcDbEntity
  8
MAIN-1
100
AcDbLine
 10
890.6500682496101
 20
280.7817424253601
 30
0.0
 11
890.6500682496101
 21
281.00000000001
 31
0.0
  0
ARC
  5
7D5
102
{ACAD_REACTORS
330
5BC
102
}
330
1F
100
AcDbEntity
  8
MAIN-1
100
AcDbCircle
 10
889.6500682491701
 20
278.6000000026399
 30
0.0
 40
2.40000000000532
100
AcDbArc
 50
270.0000198478429
 51
0.0000187239685635
  0
LINE
  5
7D6
102
{ACAD_REACTORS
330
5BC
102
}
330
1F
100
AcDbEntity
  8
MAIN-1
100
AcDbLine
 10
889.6500682491601
 20
276.2000000026401
 30
0.0
 11
889.05006824916
 21
276.2000000026401
 31
0.0
  0
ARC
  5
7D7
102
{ACAD_REACTORS
330
5BC
102
}
330
1F
100
AcDbEntity
  8
MAIN-1
100
AcDbCircle
 10
889.05006824919
 20
278.6000000026399
 30
0.0
 40
2.40000000000532
100
AcDbArc
 50
114.6243509360145
 51
179.9999812760317
  0
LINE
  5
7D8
102
{ACAD_REACTORS
330
5BC
102
}
330
1F
100
AcDbEntity
  8
MAIN-1
100
AcDbLine
 10
888.05006824866
 20
280.7817424253301
 30
0.0
 11
888.05006824866
 21
281.00000000001
 31
0.0
  0
LINE
  5
7D9
102
{ACAD_REACTORS
330
5BC
102
}
330
1F
100
AcDbEntity
  8
MAIN-1
100
AcDbLine
 10
886.1000682491799
 20
277.6569831801
 30
0.0
 11
886.60006824935
 21
277.0611063836
 31
0.0
  0
LINE
  5
7DA
102
{ACAD_REACTORS
330
5BC
102
}
330
1F
100
AcDbEntity
  8
MAIN-1
100
AcDbLine
 10
886.60006824935
 20
276.54999957738
 30
0.0
 11
886.60006824935
 21
277.0611063836
 31
0.0
  0
LINE
  5
7DB
102
{ACAD_REACTORS
330
5BC
102
}
330
1F
100
AcDbEntity
  8
MAIN-1
100
AcDbLine
 10
886.60006824935
 20
276.54999957738
 30
0.0
 11
882.30006824917
 21
276.54999957738
 31
0.0
  0
LINE
  5
7DC
102
{ACAD_REACTORS
330
5BC
102
}
330
1F
100
AcDbEntity
  8
MAIN-1
100
AcDbLine
 10
882.30006824917
 20
277.42124481051
 30
0.0
 11
882.30006824917
 21
276.54999957738
 31
0.0
  0
LINE
  5
7DD
102
{ACAD_REACTORS
330
5BC
102
}
330
1F
100
AcDbEntity
  8
MAIN-1
100
AcDbLine
 10
882.70006824918
 20
277.8212448105301
 30
0.0
 11
882.30006824917
 21
277.42124481051
 31
0.0
  0
LINE
  5
7DE
102
{ACAD_REACTORS
330
5BC
102
}
330
1F
100
AcDbEntity
  8
MAIN-1
100
AcDbLine
 10
882.70006824917
 20
279.1287547397301
 30
0.0
 11
882.70006824918
 21
277.8212448105301
 31
0.0
  0
LINE
  5
7DF
102
{ACAD_REACTORS
330
5BC
102
}
330
1F
100
AcDbEntity
  8
MAIN-1
100
AcDbLine
 10
882.70006824917
 20
279.1287547397301
 30
0.0
 11
882.30006824916
 21
279.52875473974
 31
0.0
  0
LINE
  5
7E0
102
{ACAD_REACTORS
330
5BC
102
}
330
1F
100
AcDbEntity
  8
MAIN-1
100
AcDbLine
 10
882.30006824916
 20
280.4000000026599
 30
0.0
 11
882.30006824916
 21
279.52875473974
 31
0.0
  0
LINE
  5
7E1
102
{ACAD_REACTORS
330
5BC
102
}
330
1F
100
AcDbEntity
  8
MAIN-1
100
AcDbLine
 10
882.30006824916
 20
280.4000000026599
 30
0.0
 11
886.60006824936
 21
280.4000000026599
 31
0.0
  0
LINE
  5
7E2
102
{ACAD_REACTORS
330
5BC
102
}
330
1F
100
AcDbEntity
  8
MAIN-1
100
AcDbLine
 10
886.60006824936
 20
279.88889316672
 30
0.0
 11
886.60006824936
 21
280.4000000026599
 31
0.0
  0
LINE
  5
7E3
102
{ACAD_REACTORS
330
5BC
102
}
330
1F
100
AcDbEntity
  8
MAIN-1
100
AcDbLine
 10
886.1000682491599
 20
279.2930163701899
 30
0.0
 11
886.60006824936
 21
279.88889316672
 31
0.0
  0
LINE
  5
7E4
102
{ACAD_REACTORS
330
5BC
102
}
330
1F
100
AcDbEntity
  8
MAIN-1
100
AcDbLine
 10
886.1000682491599
 20
279.2930163701899
 30
0.0
 11
886.1000682491799
 21
277.6569831801
 31
0.0
  0
LINE
  5
7E5
102
{ACAD_REACTORS
330
5BC
102
}
330
1F
100
AcDbEntity
  8
MAIN-1
100
AcDbLine
 10
855.65000059766
 20
276.4250000023201
 30
0.0
 11
858.80000059748
 21
276.4250000023201
 31
0.0
  0
LINE
  5
7E6
102
{ACAD_REACTORS
330
5BC
102
}
330
1F
100
AcDbEntity
  8
MAIN-1
100
AcDbLine
 10
877.05000059746
 20
281.00000000001
 30
0.0
 11
877.05000059746
 21
275.8500000000099
 31
0.0
  0
LINE
  5
7E7
102
{ACAD_REACTORS
330
5BC
102
}
330
1F
100
AcDbEntity
  8
MAIN-1
100
AcDbLine
 10
877.05000059746
 20
276.4250000023201
 30
0.0
 11
880.20000059728
 21
276.4250000023201
 31
0.0
  0
LINE
  5
7E8
102
{ACAD_REACTORS
330
5BC
102
}
330
1F
100
AcDbEntity
  8
MAIN-1
100
AcDbLine
 10
880.20000059728
 20
275.8500000000099
 30
0.0
 11
880.20000059728
 21
281.00000000001
 31
0.0
  0
LINE
  5
7E9
102
{ACAD_REACTORS
330
5BC
102
}
330
1F
100
AcDbEntity
  8
MAIN-1
100
AcDbLine
 10
904.0000004768301
 20
281.0000000953701
 30
0.0
 11
903.92307472228
 21
280.9987669944801
 31
0.0
  0
LINE
  5
7EA
102
{ACAD_REACTORS
330
5BC
102
}
330
1F
100
AcDbEntity
  8
MAIN-1
100
AcDbLine
 10
903.92307472228
 20
280.9987669944801
 30
0.0
 11
903.8465070724401
 21
280.9950867652899
 31
0.0
  0
LINE
  5
7EB
102
{ACAD_REACTORS
330
5BC
102
}
330
1F
100
AcDbEntity
  8
MAIN-1
100
AcDbLine
 10
903.8465070724401
 20
280.9950867652899
 30
0.0
 11
903.77066373825
 21
280.9890175819401
 31
0.0
  0
LINE
  5
7EC
102
{ACAD_REACTORS
330
5BC
102
}
330
1F
100
AcDbEntity
  8
MAIN-1
100
AcDbLine
 10
903.77066373825
 20
280.9890175819401
 30
0.0
 11
903.69589614868
 21
280.9806552887001
 31
0.0
  0
LINE
  5
7ED
102
{ACAD_REACTORS
330
5BC
102
}
330
1F
100
AcDbEntity
  8
MAIN-1
100
AcDbLine
 10
903.69589614868
 20
280.9806552887001
 30
0.0
 11
903.6224455833401
 21
280.97011671067
 31
0.0
  0
LINE
  5
7EE
102
{ACAD_REACTORS
330
5BC
102
}
330
1F
100
AcDbEntity
  8
MAIN-1
100
AcDbLine
 10
903.6224455833401
 20
280.97011671067
 30
0.0
 11
903.55059671401
 21
280.9575487136899
 31
0.0
  0
LINE
  5
7EF
102
{ACAD_REACTORS
330
5BC
102
}
330
1F
100
AcDbEntity
  8
MAIN-1
100
AcDbLine
 10
903.55059671401
 20
280.9575487136899
 30
0.0
 11
903.4805684089599
 21
280.9431153297501
 31
0.0
  0
LINE
  5
7F0
102
{ACAD_REACTORS
330
5BC
102
}
330
1F
100
AcDbEntity
  8
MAIN-1
100
AcDbLine
 10
903.4805684089599
 20
280.9431153297501
 30
0.0
 11
903.4125957489
 21
280.9270058631901
 31
0.0
  0
LINE
  5
7F1
102
{ACAD_REACTORS
330
5BC
102
}
330
1F
100
AcDbEntity
  8
MAIN-1
100
AcDbLine
 10
903.4125957489
 20
280.9270058631901
 30
0.0
 11
903.34671163558
 21
280.9093752861099
 31
0.0
  0
LINE
  5
7F2
102
{ACAD_REACTORS
330
5BC
102
}
330
1F
100
AcDbEntity
  8
MAIN-1
100
AcDbLine
 10
903.34671163558
 20
280.9093752861099
 30
0.0
 11
903.2830615043599
 21
280.89041433335
 31
0.0
  0
LINE
  5
7F3
102
{ACAD_REACTORS
330
5BC
102
}
330
1F
100
AcDbEntity
  8
MAIN-1
100
AcDbLine
 10
903.2830615043599
 20
280.89041433335
 30
0.0
 11
903.22171640396
 21
280.8703027725301
 31
0.0
  0
LINE
  5
7F4
102
{ACAD_REACTORS
330
5BC
102
}
330
1F
100
AcDbEntity
  8
MAIN-1
100
AcDbLine
 10
903.22171640396
 20
280.8703027725301
 30
0.0
 11
903.1627335548301
 21
280.8492184638999
 31
0.0
  0
LINE
  5
7F5
102
{ACAD_REACTORS
330
5BC
102
}
330
1F
100
AcDbEntity
  8
MAIN-1
100
AcDbLine
 10
903.1627335548301
 20
280.8492184638999
 30
0.0
 11
903.10612154006
 21
280.8273259163
 31
0.0
  0
LINE
  5
7F6
102
{ACAD_REACTORS
330
5BC
102
}
330
1F
100
AcDbEntity
  8
MAIN-1
100
AcDbLine
 10
903.10612154006
 20
280.8273259163
 30
0.0
 11
903.05187034606
 21
280.80477867127
 31
0.0
  0
LINE
  5
7F7
102
{ACAD_REACTORS
330
5BC
102
}
330
1F
100
AcDbEntity
  8
MAIN-1
100
AcDbLine
 10
903.05187034606
 20
280.80477867127
 30
0.0
 11
903.0000004768301
 21
280.7817421913201
 31
0.0
  0
LINE
  5
7F8
102
{ACAD_REACTORS
330
5BC
102
}
330
1F
100
AcDbEntity
  8
MAIN-2
100
AcDbLine
 10
906.2970565635801
 20
276.9029437259801
 30
0.0
 11
906.2970511773599
 21
276.9029491122001
 31
0.0
  0
LINE
  5
7F9
102
{ACAD_REACTORS
330
5BC
102
}
330
1F
100
AcDbEntity
  8
MAIN-1
100
AcDbLine
 10
906.2970565635801
 20
276.9029437259801
 30
0.0
 11
906.25000028862
 21
276.95000000094
 31
0.0
  0
LINE
  5
7FA
102
{ACAD_REACTORS
330
5BC
102
}
330
1F
100
AcDbEntity
  8
MAIN-1
100
AcDbLine
 10
906.0327286807001
 20
280.03272839275
 30
0.0
 11
906.2970565636101
 21
280.29705627565
 31
0.0
  0
LINE
  5
7FB
102
{ACAD_REACTORS
330
5BC
102
}
330
1F
100
AcDbEntity
  8
MAIN-2
100
AcDbLine
 10
905.7500002885199
 20
280.0380759790401
 30
0.0
 11
906.0327286807001
 21
280.03272839275
 31
0.0
  0
LINE
  5
7FC
102
{ACAD_REACTORS
330
5BC
102
}
330
1F
100
AcDbEntity
  8
MAIN-2
100
AcDbLine
 10
905.7500002885199
 20
280.0380759790401
 30
0.0
 11
905.7500002885199
 21
280.0376565982101
 31
0.0
  0
LINE
  5
7FD
102
{ACAD_REACTORS
330
5BC
102
}
330
1F
100
AcDbEntity
  8
MAIN-1
100
AcDbLine
 10
905.7500002885199
 20
280.0376565982101
 30
0.0
 11
905.7500002884999
 21
276.95000000092
 31
0.0
  0
ARC
  5
7FE
102
{ACAD_REACTORS
330
5BC
102
}
330
1F
100
AcDbEntity
  8
MAIN-1
100
AcDbCircle
 10
899.3000002906699
 20
278.4749995292
 30
0.0
 40
1.0
100
AcDbArc
 50
113.5781872978851
 51
179.9999812760317
  0
LINE
  5
7FF
102
{ACAD_REACTORS
330
5BC
102
}
330
1F
100
AcDbEntity
  8
MAIN-1
100
AcDbLine
 10
898.90000029059
 20
280.40000000086
 30
0.0
 11
898.90000029064
 21
279.39151466817
 31
0.0
  0
LINE
  5
800
102
{ACAD_REACTORS
330
5BC
102
}
330
1F
100
AcDbEntity
  8
MAIN-1
100
AcDbLine
 10
899.70000029062
 20
279.39151466821
 30
0.0
 11
899.70000029061
 21
280.40000000086
 31
0.0
  0
ARC
  5
801
102
{ACAD_REACTORS
330
5BC
102
}
330
1F
100
AcDbEntity
  8
MAIN-1
100
AcDbCircle
 10
899.3000002906699
 20
278.4749995292
 30
0.0
 40
1.0
100
AcDbArc
 50
0.0000187239685635
 51
66.4218127021151
  0
LINE
  5
802
102
{ACAD_REACTORS
330
5BC
102
}
330
1F
100
AcDbEntity
  8
MAIN-1
100
AcDbLine
 10
899.70000029065
 20
277.5584843902
 30
0.0
 11
899.70000029066
 21
276.5499995755799
 31
0.0
  0
LINE
  5
803
102
{ACAD_REACTORS
330
5BC
102
}
330
1F
100
AcDbEntity
  8
MAIN-1
100
AcDbLine
 10
898.9000002907101
 20
277.55848439019
 30
0.0
 11
898.9000002907601
 21
276.5499995755799
 31
0.0
  0
LINE
  5
804
102
{ACAD_REACTORS
330
5BC
102
}
330
1F
100
AcDbEntity
  8
MAIN-1
100
AcDbLine
 10
904.00000028871
 20
280.06815813294
 30
0.0
 11
906.0327286807001
 21
280.03272839275
 31
0.0
  0
LINE
  5
805
102
{ACAD_REACTORS
330
5BC
102
}
330
1F
100
AcDbEntity
  8
MAIN-1
100
AcDbLine
 10
902.58345651626
 20
278.6000000000099
 30
0.0
 11
902.5833773612901
 21
278.4791863918399
 31
0.0
  0
LINE
  5
806
102
{ACAD_REACTORS
330
5BC
102
}
330
1F
100
AcDbEntity
  8
MAIN-1
100
AcDbLine
 10
902.5833773612901
 20
278.4791863918399
 30
0.0
 11
902.58314895629
 21
278.3608625888901
 31
0.0
  0
LINE
  5
807
102
{ACAD_REACTORS
330
5BC
102
}
330
1F
100
AcDbEntity
  8
MAIN-1
100
AcDbLine
 10
902.58314895629
 20
278.3608625888901
 30
0.0
 11
902.58279132842
 21
278.2468667984101
 31
0.0
  0
LINE
  5
808
102
{ACAD_REACTORS
330
5BC
102
}
330
1F
100
AcDbEntity
  8
MAIN-1
100
AcDbLine
 10
902.58279132842
 20
278.2468667984101
 30
0.0
 11
902.58232927322
 21
278.13783297539
 31
0.0
  0
LINE
  5
809
102
{ACAD_REACTORS
330
5BC
102
}
330
1F
100
AcDbEntity
  8
MAIN-1
100
AcDbLine
 10
902.58232927322
 20
278.13783297539
 30
0.0
 11
902.5817861557
 21
278.0338228702601
 31
0.0
  0
LINE
  5
80A
102
{ACAD_REACTORS
330
5BC
102
}
330
1F
100
AcDbEntity
  8
MAIN-1
100
AcDbLine
 10
902.5817861557
 20
278.0338228702601
 30
0.0
 11
902.5811800956701
 21
277.93446192742
 31
0.0
  0
LINE
  5
80B
102
{ACAD_REACTORS
330
5BC
102
}
330
1F
100
AcDbEntity
  8
MAIN-1
100
AcDbLine
 10
902.5811800956701
 20
277.93446192742
 30
0.0
 11
902.58052492141
 21
277.83926210404
 31
0.0
  0
LINE
  5
80C
102
{ACAD_REACTORS
330
5BC
102
}
330
1F
100
AcDbEntity
  8
MAIN-1
100
AcDbLine
 10
902.58052492141
 20
277.83926210404
 30
0.0
 11
902.57983207702
 21
277.74764428139
 31
0.0
  0
LINE
  5
80D
102
{ACAD_REACTORS
330
5BC
102
}
330
1F
100
AcDbEntity
  8
MAIN-1
100
AcDbLine
 10
902.57983207702
 20
277.74764428139
 30
0.0
 11
902.57910919189
 21
277.65913853646
 31
0.0
  0
LINE
  5
80E
102
{ACAD_REACTORS
330
5BC
102
}
330
1F
100
AcDbEntity
  8
MAIN-1
100
AcDbLine
 10
902.57910919189
 20
277.65913853646
 30
0.0
 11
902.57836151123
 21
277.5733189344501
 31
0.0
  0
LINE
  5
80F
102
{ACAD_REACTORS
330
5BC
102
}
330
1F
100
AcDbEntity
  8
MAIN-1
100
AcDbLine
 10
902.57836151123
 20
277.5733189344501
 30
0.0
 11
902.57759428024
 21
277.4898234367399
 31
0.0
  0
LINE
  5
810
102
{ACAD_REACTORS
330
5BC
102
}
330
1F
100
AcDbEntity
  8
MAIN-1
100
AcDbLine
 10
902.57759428024
 20
277.4898234367399
 30
0.0
 11
902.57681083679
 21
277.40835783482
 31
0.0
  0
LINE
  5
811
102
{ACAD_REACTORS
330
5BC
102
}
330
1F
100
AcDbEntity
  8
MAIN-1
100
AcDbLine
 10
902.57681083679
 20
277.40835783482
 30
0.0
 11
902.5760135650601
 21
277.3286493778301
 31
0.0
  0
LINE
  5
812
102
{ACAD_REACTORS
330
5BC
102
}
330
1F
100
AcDbEntity
  8
MAIN-1
100
AcDbLine
 10
902.5760135650601
 20
277.3286493778301
 30
0.0
 11
902.57520484924
 21
277.25048849583
 31
0.0
  0
LINE
  5
813
102
{ACAD_REACTORS
330
5BC
102
}
330
1F
100
AcDbEntity
  8
MAIN-1
100
AcDbLine
 10
902.57520484924
 20
277.25048849583
 30
0.0
 11
902.57438611984
 21
277.1736831426699
 31
0.0
  0
LINE
  5
814
102
{ACAD_REACTORS
330
5BC
102
}
330
1F
100
AcDbEntity
  8
MAIN-1
100
AcDbLine
 10
902.57438611984
 20
277.1736831426699
 30
0.0
 11
902.5735588073701
 21
277.0980894327199
 31
0.0
  0
LINE
  5
815
102
{ACAD_REACTORS
330
5BC
102
}
330
1F
100
AcDbEntity
  8
MAIN-1
100
AcDbLine
 10
902.5735588073701
 20
277.0980894327199
 30
0.0
 11
902.57272434234
 21
277.0235637188
 31
0.0
  0
LINE
  5
816
102
{ACAD_REACTORS
330
5BC
102
}
330
1F
100
AcDbEntity
  8
MAIN-1
100
AcDbLine
 10
902.57272434234
 20
277.0235637188
 30
0.0
 11
902.57188320159
 21
276.95000002385
 31
0.0
  0
LINE
  5
817
102
{ACAD_REACTORS
330
5BC
102
}
330
1F
100
AcDbEntity
  8
MAIN-1
100
AcDbLine
 10
904.00000028871
 20
276.95000000087
 30
0.0
 11
904.00000028872
 21
276.2000000007899
 31
0.0
  0
LINE
  5
818
102
{ACAD_REACTORS
330
5BC
102
}
330
1F
100
AcDbEntity
  8
MAIN-1
100
AcDbLine
 10
902.57188320159
 20
276.95000002385
 30
0.0
 11
902.63320636749
 21
276.95000002385
 31
0.0
  0
LINE
  5
819
102
{ACAD_REACTORS
330
5BC
102
}
330
1F
100
AcDbEntity
  8
MAIN-1
100
AcDbLine
 10
902.63320636749
 20
276.95000002385
 30
0.0
 11
902.6954498291
 21
276.95000002385
 31
0.0
  0
LINE
  5
81A
102
{ACAD_REACTORS
330
5BC
102
}
330
1F
100
AcDbEntity
  8
MAIN-1
100
AcDbLine
 10
902.6954498291
 20
276.95000002385
 30
0.0
 11
902.75869178771
 21
276.95000002385
 31
0.0
  0
LINE
  5
81B
102
{ACAD_REACTORS
330
5BC
102
}
330
1F
100
AcDbEntity
  8
MAIN-1
100
AcDbLine
 10
902.75869178771
 20
276.95000002385
 30
0.0
 11
902.8230214118901
 21
276.95000002385
 31
0.0
  0
LINE
  5
81C
102
{ACAD_REACTORS
330
5BC
102
}
330
1F
100
AcDbEntity
  8
MAIN-1
100
AcDbLine
 10
902.8230214118901
 20
276.95000002385
 30
0.0
 11
902.8885416984499
 21
276.95000002385
 31
0.0
  0
LINE
  5
81D
102
{ACAD_REACTORS
330
5BC
102
}
330
1F
100
AcDbEntity
  8
MAIN-1
100
AcDbLine
 10
902.8885416984499
 20
276.95000002385
 30
0.0
 11
902.9553689956599
 21
276.95000002385
 31
0.0
  0
LINE
  5
81E
102
{ACAD_REACTORS
330
5BC
102
}
330
1F
100
AcDbEntity
  8
MAIN-1
100
AcDbLine
 10
902.9553689956599
 20
276.95000002385
 30
0.0
 11
903.0236406326201
 21
276.95000002385
 31
0.0
  0
LINE
  5
81F
102
{ACAD_REACTORS
330
5BC
102
}
330
1F
100
AcDbEntity
  8
MAIN-1
100
AcDbLine
 10
903.0236406326201
 20
276.95000002385
 30
0.0
 11
903.09349536895
 21
276.95000002385
 31
0.0
  0
LINE
  5
820
102
{ACAD_REACTORS
330
5BC
102
}
330
1F
100
AcDbEntity
  8
MAIN-1
100
AcDbLine
 10
903.09349536895
 20
276.95000002385
 30
0.0
 11
903.16507387161
 21
276.95000002385
 31
0.0
  0
LINE
  5
821
102
{ACAD_REACTORS
330
5BC
102
}
330
1F
100
AcDbEntity
  8
MAIN-1
100
AcDbLine
 10
903.16507387161
 20
276.95000002385
 30
0.0
 11
903.23853015899
 21
276.95000002385
 31
0.0
  0
LINE
  5
822
102
{ACAD_REACTORS
330
5BC
102
}
330
1F
100
AcDbEntity
  8
MAIN-1
100
AcDbLine
 10
903.23853015899
 20
276.95000002385
 30
0.0
 11
903.31414461135
 21
276.95000002385
 31
0.0
  0
LINE
  5
823
102
{ACAD_REACTORS
330
5BC
102
}
330
1F
100
AcDbEntity
  8
MAIN-1
100
AcDbLine
 10
903.31414461135
 20
276.95000002385
 30
0.0
 11
903.39196586608
 21
276.95000002385
 31
0.0
  0
LINE
  5
824
102
{ACAD_REACTORS
330
5BC
102
}
330
1F
100
AcDbEntity
  8
MAIN-1
100
AcDbLine
 10
903.39196586608
 20
276.95000002385
 30
0.0
 11
903.47214698791
 21
276.95000002385
 31
0.0
  0
LINE
  5
825
102
{ACAD_REACTORS
330
5BC
102
}
330
1F
100
AcDbEntity
  8
MAIN-1
100
AcDbLine
 10
903.47214698791
 20
276.95000002385
 30
0.0
 11
903.5548291206301
 21
276.95000002385
 31
0.0
  0
LINE
  5
826
102
{ACAD_REACTORS
330
5BC
102
}
330
1F
100
AcDbEntity
  8
MAIN-1
100
AcDbLine
 10
903.5548291206301
 20
276.95000002385
 30
0.0
 11
903.6399650573701
 21
276.95000002385
 31
0.0
  0
LINE
  5
827
102
{ACAD_REACTORS
330
5BC
102
}
330
1F
100
AcDbEntity
  8
MAIN-1
100
AcDbLine
 10
903.6399650573701
 20
276.95000002385
 30
0.0
 11
903.7274432182301
 21
276.95000002385
 31
0.0
  0
LINE
  5
828
102
{ACAD_REACTORS
330
5BC
102
}
330
1F
100
AcDbEntity
  8
MAIN-1
100
AcDbLine
 10
903.7274432182301
 20
276.95000002385
 30
0.0
 11
903.8169922828599
 21
276.95000002385
 31
0.0
  0
LINE
  5
829
102
{ACAD_REACTORS
330
5BC
102
}
330
1F
100
AcDbEntity
  8
MAIN-1
100
AcDbLine
 10
903.8169922828599
 20
276.95000002385
 30
0.0
 11
903.9080977439801
 21
276.95000002385
 31
0.0
  0
LINE
  5
82A
102
{ACAD_REACTORS
330
5BC
102
}
330
1F
100
AcDbEntity
  8
MAIN-1
100
AcDbLine
 10
903.9080977439801
 20
276.95000002385
 30
0.0
 11
904.0000004768301
 21
276.95000002385
 31
0.0
  0
LINE
  5
82B
102
{ACAD_REACTORS
330
5BC
102
}
330
1F
100
AcDbEntity
  8
MAIN-1
100
AcDbLine
 10
904.00000028871
 20
276.95000000088
 30
0.0
 11
906.25000028861
 21
276.95000000093
 31
0.0
  0
LINE
  5
82C
102
{ACAD_REACTORS
330
5BC
102
}
330
1F
100
AcDbEntity
  8
MAIN-2
100
AcDbLine
 10
902.6711318769601
 20
280.09989254368
 30
0.0
 11
902.6711318769601
 21
280.0905820000701
 31
0.0
  0
LINE
  5
82D
102
{ACAD_REACTORS
330
5BC
102
}
330
1F
100
AcDbEntity
  8
MAIN-1
100
AcDbLine
 10
902.6711318769601
 20
280.0905820000701
 30
0.0
 11
902.6711318769601
 21
276.95000000085
 31
0.0
  0
LINE
  5
82E
102
{ACAD_REACTORS
330
5BC
102
}
330
1F
100
AcDbEntity
  8
MAIN-2
100
AcDbLine
 10
902.6711318769601
 20
280.09989254368
 30
0.0
 11
902.57366647409
 21
280.09218515363
 31
0.0
  0
LINE
  5
82F
102
{ACAD_REACTORS
330
5BC
102
}
330
1F
100
AcDbEntity
  8
MAIN-2
100
AcDbLine
 10
905.3500001156001
 20
280.05313268381
 30
0.0
 11
902.6711318769601
 21
280.09989254368
 31
0.0
  0
LINE
  5
830
102
{ACAD_REACTORS
330
5BC
102
}
330
1F
100
AcDbEntity
  8
MAIN-2
100
AcDbLine
 10
905.35000011168
 20
280.04765686776
 30
0.0
 11
905.3500001156001
 21
280.05313268381
 31
0.0
  0
LINE
  5
831
102
{ACAD_REACTORS
330
5BC
102
}
330
1F
100
AcDbEntity
  8
MAIN-2
100
AcDbLine
 10
905.60000011119
 20
280.0425070967499
 30
0.0
 11
905.35000011168
 21
280.04765686776
 31
0.0
  0
LINE
  5
832
102
{ACAD_REACTORS
330
5BC
102
}
330
1F
100
AcDbEntity
  8
MAIN-2
100
AcDbLine
 10
905.60000011119
 20
280.0425070967499
 30
0.0
 11
905.60000011074
 21
280.04187748565
 31
0.0
  0
LINE
  5
833
102
{ACAD_REACTORS
330
5BC
102
}
330
1F
100
AcDbEntity
  8
MAIN-2
100
AcDbLine
 10
905.7500002885099
 20
280.0390403496699
 30
0.0
 11
905.60000011074
 21
280.04187748565
 31
0.0
  0
LINE
  5
834
102
{ACAD_REACTORS
330
5BC
102
}
330
1F
100
AcDbEntity
  8
MAIN-2
100
AcDbLine
 10
905.7500002885199
 20
280.0380759790401
 30
0.0
 11
905.7500002885099
 21
280.0390403496699
 31
0.0
  0
LINE
  5
835
102
{ACAD_REACTORS
330
5BC
102
}
330
1F
100
AcDbEntity
  8
MAIN-1
100
AcDbLine
 10
905.60000010987
 20
276.95000000092
 30
0.0
 11
905.60000011074
 21
280.04027203589
 31
0.0
  0
LINE
  5
836
102
{ACAD_REACTORS
330
5BC
102
}
330
1F
100
AcDbEntity
  8
MAIN-2
100
AcDbLine
 10
905.60000011074
 20
280.04027203589
 30
0.0
 11
905.60000011074
 21
280.04187748565
 31
0.0
  0
LINE
  5
837
102
{ACAD_REACTORS
330
5BC
102
}
330
1F
100
AcDbEntity
  8
MAIN-2
100
AcDbLine
 10
905.60000011032
 20
276.95000000092
 30
0.0
 11
905.60000010987
 21
276.95000000092
 31
0.0
  0
LINE
  5
838
102
{ACAD_REACTORS
330
5BC
102
}
330
1F
100
AcDbEntity
  8
MAIN-2
100
AcDbLine
 10
905.3500001147299
 20
276.95000000091
 30
0.0
 11
905.35000011082
 21
276.95000000091
 31
0.0
  0
LINE
  5
839
102
{ACAD_REACTORS
330
5BC
102
}
330
1F
100
AcDbEntity
  8
MAIN-2
100
AcDbLine
 10
905.35000011168
 20
280.04765686776
 30
0.0
 11
905.35000011168
 21
280.0446306306501
 31
0.0
  0
LINE
  5
83A
102
{ACAD_REACTORS
330
5BC
102
}
330
1F
100
AcDbEntity
  8
MAIN-1
100
AcDbLine
 10
905.35000011168
 20
280.0446306306501
 30
0.0
 11
905.35000011082
 21
276.95000000091
 31
0.0
  0
LINE
  5
83B
102
{ACAD_REACTORS
330
5BC
102
}
330
1F
100
AcDbEntity
  8
MAIN-1
100
AcDbLine
 10
883.95006825112
 20
277.5584843919901
 30
0.0
 11
883.95006825117
 21
276.54999957738
 31
0.0
  0
ARC
  5
83C
102
{ACAD_REACTORS
330
5BC
102
}
330
1F
100
AcDbEntity
  8
MAIN-1
100
AcDbCircle
 10
884.3500682510801
 20
278.4749995310001
 30
0.0
 40
1.0
100
AcDbArc
 50
113.5781872978851
 51
179.9999812760317
  0
LINE
  5
83D
102
{ACAD_REACTORS
330
5BC
102
}
330
1F
100
AcDbEntity
  8
MAIN-1
100
AcDbLine
 10
883.950068251
 20
280.4000000026599
 30
0.0
 11
883.95006825105
 21
279.3915146699801
 31
0.0
  0
LINE
  5
83E
102
{ACAD_REACTORS
330
5BC
102
}
330
1F
100
AcDbEntity
  8
MAIN-1
100
AcDbLine
 10
889.05006790161
 20
281.0000000953701
 30
0.0
 11
888.9731426239
 21
280.9987669944801
 31
0.0
  0
LINE
  5
83F
102
{ACAD_REACTORS
330
5BC
102
}
330
1F
100
AcDbEntity
  8
MAIN-1
100
AcDbLine
 10
888.9731426239
 20
280.9987669944801
 30
0.0
 11
888.8965740203801
 21
280.9950867652899
 31
0.0
  0
LINE
  5
840
102
{ACAD_REACTORS
330
5BC
102
}
330
1F
100
AcDbEntity
  8
MAIN-1
100
AcDbLine
 10
888.8965740203801
 20
280.9950867652899
 30
0.0
 11
888.8207321166899
 21
280.9890175819401
 31
0.0
  0
LINE
  5
841
102
{ACAD_REACTORS
330
5BC
102
}
330
1F
100
AcDbEntity
  8
MAIN-1
100
AcDbLine
 10
888.8207321166899
 20
280.9890175819401
 30
0.0
 11
888.74596405029
 21
280.9806552887001
 31
0.0
  0
LINE
  5
842
102
{ACAD_REACTORS
330
5BC
102
}
330
1F
100
AcDbEntity
  8
MAIN-1
100
AcDbLine
 10
888.74596405029
 20
280.9806552887001
 30
0.0
 11
888.67251396179
 21
280.97011671067
 31
0.0
  0
LINE
  5
843
102
{ACAD_REACTORS
330
5BC
102
}
330
1F
100
AcDbEntity
  8
MAIN-1
100
AcDbLine
 10
888.67251396179
 20
280.97011671067
 30
0.0
 11
888.6006641387901
 21
280.9575487136899
 31
0.0
  0
LINE
  5
844
102
{ACAD_REACTORS
330
5BC
102
}
330
1F
100
AcDbEntity
  8
MAIN-1
100
AcDbLine
 10
888.6006641387901
 20
280.9575487136899
 30
0.0
 11
888.53063583374
 21
280.9431153297501
 31
0.0
  0
LINE
  5
845
102
{ACAD_REACTORS
330
5BC
102
}
330
1F
100
AcDbEntity
  8
MAIN-1
100
AcDbLine
 10
888.53063583374
 20
280.9431153297501
 30
0.0
 11
888.46266365051
 21
280.9270058631901
 31
0.0
  0
LINE
  5
846
102
{ACAD_REACTORS
330
5BC
102
}
330
1F
100
AcDbEntity
  8
MAIN-1
100
AcDbLine
 10
888.46266365051
 20
280.9270058631901
 30
0.0
 11
888.3967800140299
 21
280.9093752861099
 31
0.0
  0
LINE
  5
847
102
{ACAD_REACTORS
330
5BC
102
}
330
1F
100
AcDbEntity
  8
MAIN-1
100
AcDbLine
 10
888.3967800140299
 20
280.9093752861099
 30
0.0
 11
888.33312988281
 21
280.89041433335
 31
0.0
  0
LINE
  5
848
102
{ACAD_REACTORS
330
5BC
102
}
330
1F
100
AcDbEntity
  8
MAIN-1
100
AcDbLine
 10
888.33312988281
 20
280.89041433335
 30
0.0
 11
888.2717838287299
 21
280.8703027725301
 31
0.0
  0
LINE
  5
849
102
{ACAD_REACTORS
330
5BC
102
}
330
1F
100
AcDbEntity
  8
MAIN-1
100
AcDbLine
 10
888.2717838287299
 20
280.8703027725301
 30
0.0
 11
888.2128009796099
 21
280.8492184638999
 31
0.0
  0
LINE
  5
84A
102
{ACAD_REACTORS
330
5BC
102
}
330
1F
100
AcDbEntity
  8
MAIN-1
100
AcDbLine
 10
888.2128009796099
 20
280.8492184638999
 30
0.0
 11
888.1561889648401
 21
280.8273259163
 31
0.0
  0
LINE
  5
84B
102
{ACAD_REACTORS
330
5BC
102
}
330
1F
100
AcDbEntity
  8
MAIN-1
100
AcDbLine
 10
888.1561889648401
 20
280.8273259163
 30
0.0
 11
888.10193824768
 21
280.80477867127
 31
0.0
  0
LINE
  5
84C
102
{ACAD_REACTORS
330
5BC
102
}
330
1F
100
AcDbEntity
  8
MAIN-1
100
AcDbLine
 10
888.10193824768
 20
280.80477867127
 30
0.0
 11
888.05006790161
 21
280.7817421913201
 31
0.0
  0
LINE
  5
84D
102
{ACAD_REACTORS
330
5BC
102
}
330
1F
100
AcDbEntity
  8
MAIN-2
100
AcDbLine
 10
891.34712452399
 20
276.90294372778
 30
0.0
 11
891.34711913777
 21
276.902949114
 31
0.0
  0
LINE
  5
84E
102
{ACAD_REACTORS
330
5BC
102
}
330
1F
100
AcDbEntity
  8
MAIN-1
100
AcDbLine
 10
891.34712452399
 20
276.90294372778
 30
0.0
 11
891.3000682490299
 21
276.9500000027399
 31
0.0
  0
LINE
  5
84F
102
{ACAD_REACTORS
330
5BC
102
}
330
1F
100
AcDbEntity
  8
MAIN-1
100
AcDbLine
 10
891.08279664111
 20
280.0327283945501
 30
0.0
 11
891.34712452402
 21
280.2970562774599
 31
0.0
  0
LINE
  5
850
102
{ACAD_REACTORS
330
5BC
102
}
330
1F
100
AcDbEntity
  8
MAIN-2
100
AcDbLine
 10
890.8000682489301
 20
280.0380759808399
 30
0.0
 11
891.08279664111
 21
280.0327283945501
 31
0.0
  0
LINE
  5
851
102
{ACAD_REACTORS
330
5BC
102
}
330
1F
100
AcDbEntity
  8
MAIN-2
100
AcDbLine
 10
890.8000682489301
 20
280.0380759808399
 30
0.0
 11
890.8000682489301
 21
280.03765660002
 31
0.0
  0
LINE
  5
852
102
{ACAD_REACTORS
330
5BC
102
}
330
1F
100
AcDbEntity
  8
MAIN-1
100
AcDbLine
 10
890.8000682489301
 20
280.03765660002
 30
0.0
 11
890.8000682489101
 21
276.9500000027199
 31
0.0
  0
LINE
  5
853
102
{ACAD_REACTORS
330
5BC
102
}
330
1F
100
AcDbEntity
  8
MAIN-1
100
AcDbLine
 10
889.0500682491199
 20
276.9500000026901
 30
0.0
 11
891.3000682490299
 21
276.9500000027399
 31
0.0
  0
LINE
  5
854
102
{ACAD_REACTORS
330
5BC
102
}
330
1F
100
AcDbEntity
  8
MAIN-1
100
AcDbLine
 10
889.0500682491199
 20
276.9500000026701
 30
0.0
 11
889.0500682491399
 21
276.2000000025901
 31
0.0
  0
LINE
  5
855
102
{ACAD_REACTORS
330
5BC
102
}
330
1F
100
AcDbEntity
  8
MAIN-1
100
AcDbLine
 10
887.63352394103
 20
278.6000000000099
 30
0.0
 11
887.63344573974
 21
278.4791863918399
 31
0.0
  0
LINE
  5
856
102
{ACAD_REACTORS
330
5BC
102
}
330
1F
100
AcDbEntity
  8
MAIN-1
100
AcDbLine
 10
887.63344573974
 20
278.4791863918399
 30
0.0
 11
887.6332168578999
 21
278.3608625888901
 31
0.0
  0
LINE
  5
857
102
{ACAD_REACTORS
330
5BC
102
}
330
1F
100
AcDbEntity
  8
MAIN-1
100
AcDbLine
 10
887.6332168578999
 20
278.3608625888901
 30
0.0
 11
887.6328601837099
 21
278.2468667984101
 31
0.0
  0
LINE
  5
858
102
{ACAD_REACTORS
330
5BC
102
}
330
1F
100
AcDbEntity
  8
MAIN-1
100
AcDbLine
 10
887.6328601837099
 20
278.2468667984101
 30
0.0
 11
887.6323966979901
 21
278.13783297539
 31
0.0
  0
LINE
  5
859
102
{ACAD_REACTORS
330
5BC
102
}
330
1F
100
AcDbEntity
  8
MAIN-1
100
AcDbLine
 10
887.6323966979901
 20
278.13783297539
 30
0.0
 11
887.63185501098
 21
278.0338228702601
 31
0.0
  0
LINE
  5
85A
102
{ACAD_REACTORS
330
5BC
102
}
330
1F
100
AcDbEntity
  8
MAIN-1
100
AcDbLine
 10
887.63185501098
 20
278.0338228702601
 30
0.0
 11
887.63124847412
 21
277.93446192742
 31
0.0
  0
LINE
  5
85B
102
{ACAD_REACTORS
330
5BC
102
}
330
1F
100
AcDbEntity
  8
MAIN-1
100
AcDbLine
 10
887.63124847412
 20
277.93446192742
 30
0.0
 11
887.63059234619
 21
277.83926210404
 31
0.0
  0
LINE
  5
85C
102
{ACAD_REACTORS
330
5BC
102
}
330
1F
100
AcDbEntity
  8
MAIN-1
100
AcDbLine
 10
887.63059234619
 20
277.83926210404
 30
0.0
 11
887.62989997863
 21
277.74764428139
 31
0.0
  0
LINE
  5
85D
102
{ACAD_REACTORS
330
5BC
102
}
330
1F
100
AcDbEntity
  8
MAIN-1
100
AcDbLine
 10
887.62989997863
 20
277.74764428139
 30
0.0
 11
887.6291770935
 21
277.65913853646
 31
0.0
  0
LINE
  5
85E
102
{ACAD_REACTORS
330
5BC
102
}
330
1F
100
AcDbEntity
  8
MAIN-1
100
AcDbLine
 10
887.6291770935
 20
277.65913853646
 30
0.0
 11
887.62842941284
 21
277.5733189344501
 31
0.0
  0
LINE
  5
85F
102
{ACAD_REACTORS
330
5BC
102
}
330
1F
100
AcDbEntity
  8
MAIN-1
100
AcDbLine
 10
887.62842941284
 20
277.5733189344501
 30
0.0
 11
887.62766265869
 21
277.4898234367399
 31
0.0
  0
LINE
  5
860
102
{ACAD_REACTORS
330
5BC
102
}
330
1F
100
AcDbEntity
  8
MAIN-1
100
AcDbLine
 10
887.62766265869
 20
277.4898234367399
 30
0.0
 11
887.6268787383999
 21
277.40835783482
 31
0.0
  0
LINE
  5
861
102
{ACAD_REACTORS
330
5BC
102
}
330
1F
100
AcDbEntity
  8
MAIN-1
100
AcDbLine
 10
887.6268787383999
 20
277.40835783482
 30
0.0
 11
887.62608146667
 21
277.3286493778301
 31
0.0
  0
LINE
  5
862
102
{ACAD_REACTORS
330
5BC
102
}
330
1F
100
AcDbEntity
  8
MAIN-1
100
AcDbLine
 10
887.62608146667
 20
277.3286493778301
 30
0.0
 11
887.62527275085
 21
277.25048849583
 31
0.0
  0
LINE
  5
863
102
{ACAD_REACTORS
330
5BC
102
}
330
1F
100
AcDbEntity
  8
MAIN-1
100
AcDbLine
 10
887.62527275085
 20
277.25048849583
 30
0.0
 11
887.6244544982901
 21
277.1736831426699
 31
0.0
  0
LINE
  5
864
102
{ACAD_REACTORS
330
5BC
102
}
330
1F
100
AcDbEntity
  8
MAIN-1
100
AcDbLine
 10
887.6244544982901
 20
277.1736831426699
 30
0.0
 11
887.62362670898
 21
277.0980894327199
 31
0.0
  0
LINE
  5
865
102
{ACAD_REACTORS
330
5BC
102
}
330
1F
100
AcDbEntity
  8
MAIN-1
100
AcDbLine
 10
887.62362670898
 20
277.0980894327199
 30
0.0
 11
887.62279319763
 21
277.0235637188
 31
0.0
  0
LINE
  5
866
102
{ACAD_REACTORS
330
5BC
102
}
330
1F
100
AcDbEntity
  8
MAIN-1
100
AcDbLine
 10
887.62279319763
 20
277.0235637188
 30
0.0
 11
887.62195205688
 21
276.95000002385
 31
0.0
  0
LINE
  5
867
102
{ACAD_REACTORS
330
5BC
102
}
330
1F
100
AcDbEntity
  8
MAIN-1
100
AcDbLine
 10
887.62195205688
 20
276.95000002385
 30
0.0
 11
887.6832752227699
 21
276.95000002385
 31
0.0
  0
LINE
  5
868
102
{ACAD_REACTORS
330
5BC
102
}
330
1F
100
AcDbEntity
  8
MAIN-1
100
AcDbLine
 10
887.6832752227699
 20
276.95000002385
 30
0.0
 11
887.7455177307099
 21
276.95000002385
 31
0.0
  0
LINE
  5
869
102
{ACAD_REACTORS
330
5BC
102
}
330
1F
100
AcDbEntity
  8
MAIN-1
100
AcDbLine
 10
887.7455177307099
 20
276.95000002385
 30
0.0
 11
887.8087596893299
 21
276.95000002385
 31
0.0
  0
LINE
  5
86A
102
{ACAD_REACTORS
330
5BC
102
}
330
1F
100
AcDbEntity
  8
MAIN-1
100
AcDbLine
 10
887.8087596893299
 20
276.95000002385
 30
0.0
 11
887.8730888366599
 21
276.95000002385
 31
0.0
  0
LINE
  5
86B
102
{ACAD_REACTORS
330
5BC
102
}
330
1F
100
AcDbEntity
  8
MAIN-1
100
AcDbLine
 10
887.8730888366599
 20
276.95000002385
 30
0.0
 11
887.9386100769
 21
276.95000002385
 31
0.0
  0
LINE
  5
86C
102
{ACAD_REACTORS
330
5BC
102
}
330
1F
100
AcDbEntity
  8
MAIN-1
100
AcDbLine
 10
887.9386100769
 20
276.95000002385
 30
0.0
 11
888.0054378509501
 21
276.95000002385
 31
0.0
  0
LINE
  5
86D
102
{ACAD_REACTORS
330
5BC
102
}
330
1F
100
AcDbEntity
  8
MAIN-1
100
AcDbLine
 10
888.0054378509501
 20
276.95000002385
 30
0.0
 11
888.07370948791
 21
276.95000002385
 31
0.0
  0
LINE
  5
86E
102
{ACAD_REACTORS
330
5BC
102
}
330
1F
100
AcDbEntity
  8
MAIN-1
100
AcDbLine
 10
888.07370948791
 20
276.95000002385
 30
0.0
 11
888.14356422424
 21
276.95000002385
 31
0.0
  0
LINE
  5
86F
102
{ACAD_REACTORS
330
5BC
102
}
330
1F
100
AcDbEntity
  8
MAIN-1
100
AcDbLine
 10
888.14356422424
 20
276.95000002385
 30
0.0
 11
888.2151412963799
 21
276.95000002385
 31
0.0
  0
LINE
  5
870
102
{ACAD_REACTORS
330
5BC
102
}
330
1F
100
AcDbEntity
  8
MAIN-1
100
AcDbLine
 10
888.2151412963799
 20
276.95000002385
 30
0.0
 11
888.28859710693
 21
276.95000002385
 31
0.0
  0
LINE
  5
871
102
{ACAD_REACTORS
330
5BC
102
}
330
1F
100
AcDbEntity
  8
MAIN-1
100
AcDbLine
 10
888.28859710693
 20
276.95000002385
 30
0.0
 11
888.3642120361301
 21
276.95000002385
 31
0.0
  0
LINE
  5
872
102
{ACAD_REACTORS
330
5BC
102
}
330
1F
100
AcDbEntity
  8
MAIN-1
100
AcDbLine
 10
888.3642120361301
 20
276.95000002385
 30
0.0
 11
888.44203376769
 21
276.95000002385
 31
0.0
  0
LINE
  5
873
102
{ACAD_REACTORS
330
5BC
102
}
330
1F
100
AcDbEntity
  8
MAIN-1
100
AcDbLine
 10
888.44203376769
 20
276.95000002385
 30
0.0
 11
888.52221488952
 21
276.95000002385
 31
0.0
  0
LINE
  5
874
102
{ACAD_REACTORS
330
5BC
102
}
330
1F
100
AcDbEntity
  8
MAIN-1
100
AcDbLine
 10
888.52221488952
 20
276.95000002385
 30
0.0
 11
888.6048965453999
 21
276.95000002385
 31
0.0
  0
LINE
  5
875
102
{ACAD_REACTORS
330
5BC
102
}
330
1F
100
AcDbEntity
  8
MAIN-1
100
AcDbLine
 10
888.6048965453999
 20
276.95000002385
 30
0.0
 11
888.69003295898
 21
276.95000002385
 31
0.0
  0
LINE
  5
876
102
{ACAD_REACTORS
330
5BC
102
}
330
1F
100
AcDbEntity
  8
MAIN-1
100
AcDbLine
 10
888.69003295898
 20
276.95000002385
 30
0.0
 11
888.7775115966699
 21
276.95000002385
 31
0.0
  0
LINE
  5
877
102
{ACAD_REACTORS
330
5BC
102
}
330
1F
100
AcDbEntity
  8
MAIN-1
100
AcDbLine
 10
888.7775115966699
 20
276.95000002385
 30
0.0
 11
888.86705970764
 21
276.95000002385
 31
0.0
  0
LINE
  5
878
102
{ACAD_REACTORS
330
5BC
102
}
330
1F
100
AcDbEntity
  8
MAIN-1
100
AcDbLine
 10
888.86705970764
 20
276.95000002385
 30
0.0
 11
888.9581661224299
 21
276.95000002385
 31
0.0
  0
LINE
  5
879
102
{ACAD_REACTORS
330
5BC
102
}
330
1F
100
AcDbEntity
  8
MAIN-1
100
AcDbLine
 10
888.9581661224299
 20
276.95000002385
 30
0.0
 11
889.05006790161
 21
276.95000002385
 31
0.0
  0
LINE
  5
87A
102
{ACAD_REACTORS
330
5BC
102
}
330
1F
100
AcDbEntity
  8
MAIN-2
100
AcDbLine
 10
887.72119983737
 20
280.0998925454801
 30
0.0
 11
887.72119983737
 21
280.09058200187
 31
0.0
  0
LINE
  5
87B
102
{ACAD_REACTORS
330
5BC
102
}
330
1F
100
AcDbEntity
  8
MAIN-1
100
AcDbLine
 10
887.72119983737
 20
280.09058200187
 30
0.0
 11
887.72119983737
 21
276.9500000026601
 31
0.0
  0
LINE
  5
87C
102
{ACAD_REACTORS
330
5BC
102
}
330
1F
100
AcDbEntity
  8
MAIN-2
100
AcDbLine
 10
887.72119983737
 20
280.0998925454801
 30
0.0
 11
887.6237344345
 21
280.0921851554299
 31
0.0
  0
LINE
  5
87D
102
{ACAD_REACTORS
330
5BC
102
}
330
1F
100
AcDbEntity
  8
MAIN-2
100
AcDbLine
 10
890.40006807601
 20
280.0531326856101
 30
0.0
 11
887.72119983737
 21
280.0998925454801
 31
0.0
  0
LINE
  5
87E
102
{ACAD_REACTORS
330
5BC
102
}
330
1F
100
AcDbEntity
  8
MAIN-2
100
AcDbLine
 10
890.4000680720901
 20
280.0476568695599
 30
0.0
 11
890.40006807601
 21
280.0531326856101
 31
0.0
  0
LINE
  5
87F
102
{ACAD_REACTORS
330
5BC
102
}
330
1F
100
AcDbEntity
  8
MAIN-2
100
AcDbLine
 10
890.6500680715999
 20
280.04250709855
 30
0.0
 11
890.4000680721001
 21
280.0476568695599
 31
0.0
  0
LINE
  5
880
102
{ACAD_REACTORS
330
5BC
102
}
330
1F
100
AcDbEntity
  8
MAIN-2
100
AcDbLine
 10
890.6500680715999
 20
280.04250709855
 30
0.0
 11
890.6500680711499
 21
280.0418774874599
 31
0.0
  0
LINE
  5
881
102
{ACAD_REACTORS
330
5BC
102
}
330
1F
100
AcDbEntity
  8
MAIN-2
100
AcDbLine
 10
890.8000682489201
 20
280.03904035147
 30
0.0
 11
890.6500680711499
 21
280.0418774874599
 31
0.0
  0
LINE
  5
882
102
{ACAD_REACTORS
330
5BC
102
}
330
1F
100
AcDbEntity
  8
MAIN-2
100
AcDbLine
 10
890.8000682489301
 20
280.0380759808399
 30
0.0
 11
890.8000682489201
 21
280.03904035147
 31
0.0
  0
LINE
  5
883
102
{ACAD_REACTORS
330
5BC
102
}
330
1F
100
AcDbEntity
  8
MAIN-1
100
AcDbLine
 10
889.0500682491199
 20
280.0681581347401
 30
0.0
 11
891.08279664111
 21
280.0327283945501
 31
0.0
  0
LINE
  5
884
102
{ACAD_REACTORS
330
5BC
102
}
330
1F
100
AcDbEntity
  8
MAIN-1
100
AcDbLine
 10
890.65006807028
 20
276.9500000027199
 30
0.0
 11
890.6500680711499
 21
280.0402720377001
 31
0.0
  0
LINE
  5
885
102
{ACAD_REACTORS
330
5BC
102
}
330
1F
100
AcDbEntity
  8
MAIN-2
100
AcDbLine
 10
890.6500680711499
 20
280.0402720377001
 30
0.0
 11
890.6500680711499
 21
280.0418774874599
 31
0.0
  0
LINE
  5
886
102
{ACAD_REACTORS
330
5BC
102
}
330
1F
100
AcDbEntity
  8
MAIN-2
100
AcDbLine
 10
890.65006807073
 20
276.9500000027199
 30
0.0
 11
890.65006807028
 21
276.9500000027199
 31
0.0
  0
LINE
  5
887
102
{ACAD_REACTORS
330
5BC
102
}
330
1F
100
AcDbEntity
  8
MAIN-2
100
AcDbLine
 10
890.4000680751401
 20
276.9500000027199
 30
0.0
 11
890.40006807123
 21
276.9500000027199
 31
0.0
  0
LINE
  5
888
102
{ACAD_REACTORS
330
5BC
102
}
330
1F
100
AcDbEntity
  8
MAIN-2
100
AcDbLine
 10
890.4000680721001
 20
280.0476568695599
 30
0.0
 11
890.4000680720901
 21
280.04463063246
 31
0.0
  0
LINE
  5
889
102
{ACAD_REACTORS
330
5BC
102
}
330
1F
100
AcDbEntity
  8
MAIN-1
100
AcDbLine
 10
890.4000680720901
 20
280.04463063246
 30
0.0
 11
890.40006807123
 21
276.9500000027199
 31
0.0
  0
LINE
  5
88A
102
{ACAD_REACTORS
330
5BC
102
}
330
1F
100
AcDbEntity
  8
MAIN-1
100
AcDbLine
 10
884.7500682510599
 20
277.5584843920001
 30
0.0
 11
884.7500682510699
 21
276.54999957738
 31
0.0
  0
LINE
  5
88B
102
{ACAD_REACTORS
330
5BC
102
}
330
1F
100
AcDbEntity
  8
MAIN-1
100
AcDbLine
 10
884.7500682510299
 20
279.3915146700199
 30
0.0
 11
884.7500682510199
 21
280.4000000026599
 31
0.0
  0
ARC
  5
88C
102
{ACAD_REACTORS
330
5BC
102
}
330
1F
100
AcDbEntity
  8
MAIN-1
100
AcDbCircle
 10
884.3500682510801
 20
278.4749995310001
 30
0.0
 40
1.0
100
AcDbArc
 50
0.0000187239685635
 51
66.4218127021151
  0
LINE
  5
88D
102
{ACAD_REACTORS
330
5BC
102
}
330
1F
100
AcDbEntity
  8
MAIN-1
100
AcDbLine
 10
877.05000059746
 20
280.42500000106
 30
0.0
 11
880.20000059728
 21
280.42500000106
 31
0.0
  0
LINE
  5
88E
102
{ACAD_REACTORS
330
5BC
102
}
330
1F
100
AcDbEntity
  8
MAIN-1
100
AcDbLine
 10
869.85000059548
 20
276.54999957581
 30
0.0
 11
869.85000059552
 21
277.5584843904101
 31
0.0
  0
LINE
  5
88F
102
{ACAD_REACTORS
330
5BC
102
}
330
1F
100
AcDbEntity
  8
MAIN-1
100
AcDbLine
 10
869.8500005956
 20
279.3915146684001
 30
0.0
 11
869.85000059564
 21
280.4000000010799
 31
0.0
  0
ARC
  5
890
102
{ACAD_REACTORS
330
5BC
102
}
330
1F
100
AcDbEntity
  8
MAIN-1
100
AcDbCircle
 10
869.4500005955599
 20
278.4749995294201
 30
0.0
 40
1.0
100
AcDbArc
 50
293.5781674500425
 51
0.0000187239685635
  0
LINE
  5
891
102
{ACAD_REACTORS
330
5BC
102
}
330
1F
100
AcDbEntity
  8
MAIN-1
100
AcDbLine
 10
863.15000152587
 20
280.7817421913201
 30
0.0
 11
863.2018623352001
 21
280.80477485657
 31
0.0
  0
LINE
  5
892
102
{ACAD_REACTORS
330
5BC
102
}
330
1F
100
AcDbEntity
  8
MAIN-1
100
AcDbLine
 10
863.2018623352001
 20
280.80477485657
 30
0.0
 11
863.2561264038
 21
280.8273273468101
 31
0.0
  0
LINE
  5
893
102
{ACAD_REACTORS
330
5BC
102
}
330
1F
100
AcDbEntity
  8
MAIN-1
100
AcDbLine
 10
863.2561264038
 20
280.8273273468101
 30
0.0
 11
863.31275939941
 21
280.8492280006501
 31
0.0
  0
LINE
  5
894
102
{ACAD_REACTORS
330
5BC
102
}
330
1F
100
AcDbEntity
  8
MAIN-1
100
AcDbLine
 10
863.31275939941
 20
280.8492280006501
 30
0.0
 11
863.37171173095
 21
280.87030134202
 31
0.0
  0
LINE
  5
895
102
{ACAD_REACTORS
330
5BC
102
}
330
1F
100
AcDbEntity
  8
MAIN-1
100
AcDbLine
 10
863.37171173095
 20
280.87030134202
 30
0.0
 11
863.4330596923801
 21
280.89041337967
 31
0.0
  0
LINE
  5
896
102
{ACAD_REACTORS
330
5BC
102
}
330
1F
100
AcDbEntity
  8
MAIN-1
100
AcDbLine
 10
863.4330596923801
 20
280.89041337967
 30
0.0
 11
863.49670791625
 21
280.9093743324299
 31
0.0
  0
LINE
  5
897
102
{ACAD_REACTORS
330
5BC
102
}
330
1F
100
AcDbEntity
  8
MAIN-1
100
AcDbLine
 10
863.49670791625
 20
280.9093743324299
 30
0.0
 11
863.56259536743
 21
280.92700538636
 31
0.0
  0
LINE
  5
898
102
{ACAD_REACTORS
330
5BC
102
}
330
1F
100
AcDbEntity
  8
MAIN-1
100
AcDbLine
 10
863.56259536743
 20
280.92700538636
 30
0.0
 11
863.6305389404199
 21
280.94310817719
 31
0.0
  0
LINE
  5
899
102
{ACAD_REACTORS
330
5BC
102
}
330
1F
100
AcDbEntity
  8
MAIN-1
100
AcDbLine
 10
863.6305389404199
 20
280.94310817719
 30
0.0
 11
863.70055770874
 21
280.9575410842899
 31
0.0
  0
LINE
  5
89A
102
{ACAD_REACTORS
330
5BC
102
}
330
1F
100
AcDbEntity
  8
MAIN-1
100
AcDbLine
 10
863.70055770874
 20
280.9575410842899
 30
0.0
 11
863.77244186401
 21
280.97011575699
 31
0.0
  0
LINE
  5
89B
102
{ACAD_REACTORS
330
5BC
102
}
330
1F
100
AcDbEntity
  8
MAIN-1
100
AcDbLine
 10
863.77244186401
 20
280.97011575699
 30
0.0
 11
863.8458938598601
 21
280.9806552887001
 31
0.0
  0
LINE
  5
89C
102
{ACAD_REACTORS
330
5BC
102
}
330
1F
100
AcDbEntity
  8
MAIN-1
100
AcDbLine
 10
863.8458938598601
 20
280.9806552887001
 30
0.0
 11
863.92067718505
 21
280.9890185356201
 31
0.0
  0
LINE
  5
89D
102
{ACAD_REACTORS
330
5BC
102
}
330
1F
100
AcDbEntity
  8
MAIN-1
100
AcDbLine
 10
863.92067718505
 20
280.9890185356201
 30
0.0
 11
863.9965057372999
 21
280.99508628846
 31
0.0
  0
LINE
  5
89E
102
{ACAD_REACTORS
330
5BC
102
}
330
1F
100
AcDbEntity
  8
MAIN-1
100
AcDbLine
 10
863.9965057372999
 20
280.99508628846
 30
0.0
 11
864.0730743408201
 21
280.9987669944801
 31
0.0
  0
LINE
  5
89F
102
{ACAD_REACTORS
330
5BC
102
}
330
1F
100
AcDbEntity
  8
MAIN-1
100
AcDbLine
 10
864.0730743408201
 20
280.9987669944801
 30
0.0
 11
864.15000152587
 21
281.0000000953701
 31
0.0
  0
LINE
  5
8A0
102
{ACAD_REACTORS
330
5BC
102
}
330
1F
100
AcDbEntity
  8
MAIN-1
100
AcDbLine
 10
866.1665458679099
 20
278.6000000000099
 30
0.0
 11
866.16661453247
 21
278.7127989292201
 31
0.0
  0
LINE
  5
8A1
102
{ACAD_REACTORS
330
5BC
102
}
330
1F
100
AcDbEntity
  8
MAIN-1
100
AcDbLine
 10
866.16661453247
 20
278.7127989292201
 30
0.0
 11
866.1668128967201
 21
278.8235722541899
 31
0.0
  0
LINE
  5
8A2
102
{ACAD_REACTORS
330
5BC
102
}
330
1F
100
AcDbEntity
  8
MAIN-1
100
AcDbLine
 10
866.1668128967201
 20
278.8235722541899
 30
0.0
 11
866.1671295166
 21
278.93077311516
 31
0.0
  0
LINE
  5
8A3
102
{ACAD_REACTORS
330
5BC
102
}
330
1F
100
AcDbEntity
  8
MAIN-1
100
AcDbLine
 10
866.1671295166
 20
278.93077311516
 30
0.0
 11
866.1675415039001
 21
279.0336621761401
 31
0.0
  0
LINE
  5
8A4
102
{ACAD_REACTORS
330
5BC
102
}
330
1F
100
AcDbEntity
  8
MAIN-1
100
AcDbLine
 10
866.1675415039001
 20
279.0336621761401
 30
0.0
 11
866.1680259704499
 21
279.13213429451
 31
0.0
  0
LINE
  5
8A5
102
{ACAD_REACTORS
330
5BC
102
}
330
1F
100
AcDbEntity
  8
MAIN-1
100
AcDbLine
 10
866.1680259704499
 20
279.13213429451
 30
0.0
 11
866.16857147216
 21
279.2264553070099
 31
0.0
  0
LINE
  5
8A6
102
{ACAD_REACTORS
330
5BC
102
}
330
1F
100
AcDbEntity
  8
MAIN-1
100
AcDbLine
 10
866.16857147216
 20
279.2264553070099
 30
0.0
 11
866.16916656494
 21
279.3169198989899
 31
0.0
  0
LINE
  5
8A7
102
{ACAD_REACTORS
330
5BC
102
}
330
1F
100
AcDbEntity
  8
MAIN-1
100
AcDbLine
 10
866.16916656494
 20
279.3169198989899
 30
0.0
 11
866.16979598999
 21
279.4040602207201
 31
0.0
  0
LINE
  5
8A8
102
{ACAD_REACTORS
330
5BC
102
}
330
1F
100
AcDbEntity
  8
MAIN-1
100
AcDbLine
 10
866.16979598999
 20
279.4040602207201
 30
0.0
 11
866.1704559326099
 21
279.4882701397
 31
0.0
  0
LINE
  5
8A9
102
{ACAD_REACTORS
330
5BC
102
}
330
1F
100
AcDbEntity
  8
MAIN-1
100
AcDbLine
 10
866.1704559326099
 20
279.4882701397
 30
0.0
 11
866.17113876342
 21
279.5699261188599
 31
0.0
  0
LINE
  5
8AA
102
{ACAD_REACTORS
330
5BC
102
}
330
1F
100
AcDbEntity
  8
MAIN-1
100
AcDbLine
 10
866.17113876342
 20
279.5699261188599
 30
0.0
 11
866.17184448242
 21
279.64935669899
 31
0.0
  0
LINE
  5
8AB
102
{ACAD_REACTORS
330
5BC
102
}
330
1F
100
AcDbEntity
  8
MAIN-1
100
AcDbLine
 10
866.17184448242
 20
279.64935669899
 30
0.0
 11
866.1725654602001
 21
279.7268348693899
 31
0.0
  0
LINE
  5
8AC
102
{ACAD_REACTORS
330
5BC
102
}
330
1F
100
AcDbEntity
  8
MAIN-1
100
AcDbLine
 10
866.1725654602001
 20
279.7268348693899
 30
0.0
 11
866.1732978820701
 21
279.8025942802501
 31
0.0
  0
LINE
  5
8AD
102
{ACAD_REACTORS
330
5BC
102
}
330
1F
100
AcDbEntity
  8
MAIN-1
100
AcDbLine
 10
866.1732978820701
 20
279.8025942802501
 30
0.0
 11
866.17404174804
 21
279.8768487930299
 31
0.0
  0
LINE
  5
8AE
102
{ACAD_REACTORS
330
5BC
102
}
330
1F
100
AcDbEntity
  8
MAIN-1
100
AcDbLine
 10
866.17404174804
 20
279.8768487930299
 30
0.0
 11
866.1747970581
 21
279.94977006913
 31
0.0
  0
LINE
  5
8AF
102
{ACAD_REACTORS
330
5BC
102
}
330
1F
100
AcDbEntity
  8
MAIN-1
100
AcDbLine
 10
866.1747970581
 20
279.94977006913
 30
0.0
 11
866.17556381225
 21
280.02150449753
 31
0.0
  0
LINE
  5
8B0
102
{ACAD_REACTORS
330
5BC
102
}
330
1F
100
AcDbEntity
  8
MAIN-1
100
AcDbLine
 10
866.17556381225
 20
280.02150449753
 30
0.0
 11
866.1763343811001
 21
280.09218511582
 31
0.0
  0
LINE
  5
8B1
102
{ACAD_REACTORS
330
5BC
102
}
330
1F
100
AcDbEntity
  8
MAIN-1
100
AcDbLine
 10
864.7500005975301
 20
280.0681581331701
 30
0.0
 11
864.75000059751
 21
281.00000000001
 31
0.0
  0
LINE
  5
8B2
102
{ACAD_REACTORS
330
5BC
102
}
330
1F
100
AcDbEntity
  8
MAIN-1
100
AcDbLine
 10
866.1763343811001
 20
280.09218511582
 30
0.0
 11
866.09909820556
 21
280.09091529847
 31
0.0
  0
LINE
  5
8B3
102
{ACAD_REACTORS
330
5BC
102
}
330
1F
100
AcDbEntity
  8
MAIN-1
100
AcDbLine
 10
866.09909820556
 20
280.09091529847
 30
0.0
 11
866.02048492431
 21
280.0896202087499
 31
0.0
  0
LINE
  5
8B4
102
{ACAD_REACTORS
330
5BC
102
}
330
1F
100
AcDbEntity
  8
MAIN-1
100
AcDbLine
 10
866.02048492431
 20
280.0896202087499
 30
0.0
 11
865.94031524658
 21
280.0882965087901
 31
0.0
  0
LINE
  5
8B5
102
{ACAD_REACTORS
330
5BC
102
}
330
1F
100
AcDbEntity
  8
MAIN-1
100
AcDbLine
 10
865.94031524658
 20
280.0882965087901
 30
0.0
 11
865.85838317871
 21
280.0869413375899
 31
0.0
  0
LINE
  5
8B6
102
{ACAD_REACTORS
330
5BC
102
}
330
1F
100
AcDbEntity
  8
MAIN-1
100
AcDbLine
 10
865.85838317871
 20
280.0869413375899
 30
0.0
 11
865.7744445800699
 21
280.08554897309
 31
0.0
  0
LINE
  5
8B7
102
{ACAD_REACTORS
330
5BC
102
}
330
1F
100
AcDbEntity
  8
MAIN-1
100
AcDbLine
 10
865.7744445800699
 20
280.08554897309
 30
0.0
 11
865.68820571899
 21
280.0841151237501
 31
0.0
  0
LINE
  5
8B8
102
{ACAD_REACTORS
330
5BC
102
}
330
1F
100
AcDbEntity
  8
MAIN-1
100
AcDbLine
 10
865.68820571899
 20
280.0841151237501
 30
0.0
 11
865.5993309020901
 21
280.0826321601901
 31
0.0
  0
LINE
  5
8B9
102
{ACAD_REACTORS
330
5BC
102
}
330
1F
100
AcDbEntity
  8
MAIN-1
100
AcDbLine
 10
865.5993309020901
 20
280.0826321601901
 30
0.0
 11
865.50746536254
 21
280.08109483719
 31
0.0
  0
LINE
  5
8BA
102
{ACAD_REACTORS
330
5BC
102
}
330
1F
100
AcDbEntity
  8
MAIN-1
100
AcDbLine
 10
865.50746536254
 20
280.08109483719
 30
0.0
 11
865.4120330810499
 21
280.0794912338299
 31
0.0
  0
LINE
  5
8BB
102
{ACAD_REACTORS
330
5BC
102
}
330
1F
100
AcDbEntity
  8
MAIN-1
100
AcDbLine
 10
865.4120330810499
 20
280.0794912338299
 30
0.0
 11
865.3126716613699
 21
280.0778146743801
 31
0.0
  0
LINE
  5
8BC
102
{ACAD_REACTORS
330
5BC
102
}
330
1F
100
AcDbEntity
  8
MAIN-1
100
AcDbLine
 10
865.3126716613699
 20
280.0778146743801
 30
0.0
 11
865.2089233398401
 21
280.0760556221101
 31
0.0
  0
LINE
  5
8BD
102
{ACAD_REACTORS
330
5BC
102
}
330
1F
100
AcDbEntity
  8
MAIN-1
100
AcDbLine
 10
865.2089233398401
 20
280.0760556221101
 30
0.0
 11
865.10047149658
 21
280.07420692444
 31
0.0
  0
LINE
  5
8BE
102
{ACAD_REACTORS
330
5BC
102
}
330
1F
100
AcDbEntity
  8
MAIN-1
100
AcDbLine
 10
865.10047149658
 20
280.07420692444
 30
0.0
 11
864.98728942871
 21
280.07226619721
 31
0.0
  0
LINE
  5
8BF
102
{ACAD_REACTORS
330
5BC
102
}
330
1F
100
AcDbEntity
  8
MAIN-1
100
AcDbLine
 10
864.98728942871
 20
280.07226619721
 30
0.0
 11
864.8699607849101
 21
280.07024202347
 31
0.0
  0
LINE
  5
8C0
102
{ACAD_REACTORS
330
5BC
102
}
330
1F
100
AcDbEntity
  8
MAIN-1
100
AcDbLine
 10
864.8699607849101
 20
280.07024202347
 30
0.0
 11
864.74999999999
 21
280.06815824509
 31
0.0
  0
LINE
  5
8C1
102
{ACAD_REACTORS
330
5BC
102
}
330
1F
100
AcDbEntity
  8
MAIN-1
100
AcDbLine
 10
862.4529443226199
 20
280.2970562758801
 30
0.0
 11
862.71727220554
 21
280.0327283929701
 31
0.0
  0
LINE
  5
8C2
102
{ACAD_REACTORS
330
5BC
102
}
330
1F
100
AcDbEntity
  8
MAIN-1
100
AcDbLine
 10
862.71727220554
 20
280.0327283929701
 30
0.0
 11
864.7500005975301
 21
280.0681581331701
 31
0.0
  0
LINE
  5
8C3
102
{ACAD_REACTORS
330
5BC
102
}
330
1F
100
AcDbEntity
  8
MAIN-1
100
AcDbLine
 10
862.5000005976201
 20
276.9500000011601
 30
0.0
 11
862.45294432266
 21
276.9029437262
 31
0.0
  0
LINE
  5
8C4
102
{ACAD_REACTORS
330
5BC
102
}
330
1F
100
AcDbEntity
  8
MAIN-1
100
AcDbLine
 10
863.0000005977299
 20
276.9500000011501
 30
0.0
 11
863.0000005977199
 21
280.0376566106199
 31
0.0
  0
LINE
  5
8C5
102
{ACAD_REACTORS
330
5BC
102
}
330
1F
100
AcDbEntity
  8
MAIN-2
100
AcDbLine
 10
863.0000005977199
 20
280.0376566106199
 30
0.0
 11
863.0000005977199
 21
280.0380759792599
 31
0.0
  0
LINE
  5
8C6
102
{ACAD_REACTORS
330
5BC
102
}
330
1F
100
AcDbEntity
  8
MAIN-2
100
AcDbLine
 10
862.71727220554
 20
280.0327283929701
 30
0.0
 11
863.0000005977199
 21
280.0380759792599
 31
0.0
  0
LINE
  5
8C7
102
{ACAD_REACTORS
330
5BC
102
}
330
1F
100
AcDbEntity
  8
MAIN-1
100
AcDbLine
 10
862.5000005976201
 20
276.9500000011601
 30
0.0
 11
864.75000059752
 21
276.9500000011101
 31
0.0
  0
LINE
  5
8C8
102
{ACAD_REACTORS
330
5BC
102
}
330
1F
100
AcDbEntity
  8
MAIN-2
100
AcDbLine
 10
863.4000007715099
 20
276.9500000011401
 30
0.0
 11
863.40000077542
 21
276.9500000011401
 31
0.0
  0
LINE
  5
8C9
102
{ACAD_REACTORS
330
5BC
102
}
330
1F
100
AcDbEntity
  8
MAIN-2
100
AcDbLine
 10
863.15000077636
 20
276.9500000011401
 30
0.0
 11
863.15000077591
 21
276.9500000011401
 31
0.0
  0
LINE
  5
8CA
102
{ACAD_REACTORS
330
5BC
102
}
330
1F
100
AcDbEntity
  8
MAIN-2
100
AcDbLine
 10
863.1500007755001
 20
280.0418774858799
 30
0.0
 11
863.1500007755001
 21
280.0402720827401
 31
0.0
  0
LINE
  5
8CB
102
{ACAD_REACTORS
330
5BC
102
}
330
1F
100
AcDbEntity
  8
MAIN-1
100
AcDbLine
 10
863.1500007755001
 20
280.0402720827401
 30
0.0
 11
863.15000077636
 21
276.9500000011401
 31
0.0
  0
LINE
  5
8CC
102
{ACAD_REACTORS
330
5BC
102
}
330
1F
100
AcDbEntity
  8
MAIN-2
100
AcDbLine
 10
863.1500007755001
 20
280.0418774858799
 30
0.0
 11
863.0000005977299
 21
280.0390403499
 31
0.0
  0
LINE
  5
8CD
102
{ACAD_REACTORS
330
5BC
102
}
330
1F
100
AcDbEntity
  8
MAIN-2
100
AcDbLine
 10
863.0000005977299
 20
280.0390403499
 30
0.0
 11
863.0000005977199
 21
280.0380759792599
 31
0.0
  0
LINE
  5
8CE
102
{ACAD_REACTORS
330
5BC
102
}
330
1F
100
AcDbEntity
  8
MAIN-2
100
AcDbLine
 10
863.40000077064
 20
280.0531326840301
 30
0.0
 11
866.07886900927
 21
280.0998925439001
 31
0.0
  0
LINE
  5
8CF
102
{ACAD_REACTORS
330
5BC
102
}
330
1F
100
AcDbEntity
  8
MAIN-2
100
AcDbLine
 10
866.07886900927
 20
280.0998925439001
 30
0.0
 11
866.17633441214
 21
280.0921851538501
 31
0.0
  0
LINE
  5
8D0
102
{ACAD_REACTORS
330
5BC
102
}
330
1F
100
AcDbEntity
  8
MAIN-2
100
AcDbLine
 10
863.1500007755001
 20
280.0418774858799
 30
0.0
 11
863.1500007750501
 21
280.04250709698
 31
0.0
  0
LINE
  5
8D1
102
{ACAD_REACTORS
330
5BC
102
}
330
1F
100
AcDbEntity
  8
MAIN-2
100
AcDbLine
 10
863.4000007745501
 20
280.0476568679801
 30
0.0
 11
863.1500007750501
 21
280.04250709698
 31
0.0
  0
LINE
  5
8D2
102
{ACAD_REACTORS
330
5BC
102
}
330
1F
100
AcDbEntity
  8
MAIN-2
100
AcDbLine
 10
863.4000007745501
 20
280.0476568679801
 30
0.0
 11
863.40000077064
 21
280.0531326840301
 31
0.0
  0
LINE
  5
8D3
102
{ACAD_REACTORS
330
5BC
102
}
330
1F
100
AcDbEntity
  8
MAIN-1
100
AcDbLine
 10
866.07886900927
 20
276.9500000010801
 30
0.0
 11
866.07886900927
 21
280.09058199998
 31
0.0
  0
LINE
  5
8D4
102
{ACAD_REACTORS
330
5BC
102
}
330
1F
100
AcDbEntity
  8
MAIN-2
100
AcDbLine
 10
866.07886900927
 20
280.09058199998
 30
0.0
 11
866.07886900927
 21
280.0998925439001
 31
0.0
  0
LINE
  5
8D5
102
{ACAD_REACTORS
330
5BC
102
}
330
1F
100
AcDbEntity
  8
MAIN-1
100
AcDbLine
 10
863.40000077542
 20
276.9500000011401
 30
0.0
 11
863.4000007745501
 21
280.0446307187599
 31
0.0
  0
LINE
  5
8D6
102
{ACAD_REACTORS
330
5BC
102
}
330
1F
100
AcDbEntity
  8
MAIN-2
100
AcDbLine
 10
863.4000007745501
 20
280.0446307187599
 30
0.0
 11
863.4000007745501
 21
280.0476568679801
 31
0.0
  0
LINE
  5
8D7
102
{ACAD_REACTORS
330
5BC
102
}
330
1F
100
AcDbEntity
  8
MAIN-1
100
AcDbLine
 10
869.0500005956201
 20
280.4000000010799
 30
0.0
 11
869.0500005956101
 21
279.3915146684401
 31
0.0
  0
ARC
  5
8D8
102
{ACAD_REACTORS
330
5BC
102
}
330
1F
100
AcDbEntity
  8
MAIN-1
100
AcDbCircle
 10
869.4500005955599
 20
278.4749995294201
 30
0.0
 40
1.0
100
AcDbArc
 50
179.9999812760317
 51
246.4218325499577
  0
LINE
  5
8D9
102
{ACAD_REACTORS
330
5BC
102
}
330
1F
100
AcDbEntity
  8
MAIN-1
100
AcDbLine
 10
869.05000059557
 20
276.54999957581
 30
0.0
 11
869.0500005955901
 21
277.5584843904201
 31
0.0
  0
LINE
  5
8DA
102
{ACAD_REACTORS
330
5BC
102
}
330
1F
100
AcDbEntity
  8
MAIN-1
100
AcDbLine
 10
855.65000059766
 20
280.42500000107
 30
0.0
 11
858.80000059748
 21
280.42500000107
 31
0.0
  0
LINE
  5
8DB
102
{ACAD_REACTORS
330
5BC
102
}
330
1F
100
AcDbEntity
  8
MAIN-1
100
AcDbLine
 10
872.3666085443299
 20
279.89762534283
 30
0.0
 11
872.3666085443499
 21
277.0523746605199
 31
0.0
  0
LINE
  5
8DC
102
{ACAD_REACTORS
330
5BC
102
}
330
1F
100
AcDbEntity
  8
MAIN-1
100
AcDbLine
 10
853.86660854467
 20
279.89762534274
 30
0.0
 11
853.86660854469
 21
277.0523746604499
 31
0.0
  0
LINE
  5
8DD
102
{ACAD_REACTORS
330
5BC
102
}
330
1F
100
AcDbEntity
  8
MAIN-2
100
AcDbLine
 10
866.55000028872
 20
275.8500000000099
 30
0.0
 11
866.55000028872
 21
281.00000000001
 31
0.0
  0
INSERT
  5
8E3
102
{ACAD_REACTORS
330
5BB
102
}
330
1F
100
AcDbEntity
  8
0
100
AcDbBlockReference
 66
     1
  2
EPLSYM_LibrarySPECIAL_Symbol12_Variant0_Placement8_1
 10
841.0
 20
281.0
 30
0.0
  0
ATTRIB
  5
8E4
330
8E3
100
AcDbEntity
  8
EPLAN493
 62
     5
100
AcDbText
 10
836.4736044
 20
277.0163199999999
 30
0.0
 40
2.3478
  1
21
  7
Tahoma
 72
     2
 11
840.0
 21
278.1902199999999
 31
0.0
100
AcDbAttribute
  2
17_20450
 70
     0
 74
     2
280
     0
 71
     1
 72
     0
 11
840.0
 21
278.1902199999999
 31
0.0
  0
SEQEND
  5
8E5
330
8E3
100
AcDbEntity
  8
0
  0
LINE
  5
8E8
102
{ACAD_REACTORS
330
8E7
102
}
330
1F
100
AcDbEntity
  8
MAIN-2
100
AcDbLine
 10
861.1360107492601
 20
270.3500000000099
 30
0.0
 11
861.1360107492601
 21
275.50000000001
 31
0.0
  0
LINE
  5
8E9
102
{ACAD_REACTORS
330
8E7
102
}
330
1F
100
AcDbEntity
  8
MAIN-2
100
AcDbLine
 10
858.8500002887199
 20
275.50000000001
 30
0.0
 11
858.8500002887199
 21
270.3500000000099
 31
0.0
  0
ARC
  5
8EA
102
{ACAD_REACTORS
330
8E7
102
}
330
1F
100
AcDbEntity
  8
MAIN-1
100
AcDbCircle
 10
869.4500005955599
 20
272.9749995294201
 30
0.0
 40
1.0
100
AcDbArc
 50
113.5781872978851
 51
179.9999812760317
  0
ARC
  5
8EB
102
{ACAD_REACTORS
330
8E7
102
}
330
1F
100
AcDbEntity
  8
MAIN-1
100
AcDbCircle
 10
869.4500005955599
 20
272.9749995294201
 30
0.0
 40
1.0
100
AcDbArc
 50
0.0000187239685635
 51
66.4218127021151
  0
LINE
  5
8EC
102
{ACAD_REACTORS
330
8E7
102
}
330
1F
100
AcDbEntity
  8
MAIN-1
100
AcDbLine
 10
866.17811584472
 20
271.45000002385
 30
0.0
 11
866.1772766113199
 21
271.5235637188
 31
0.0
  0
LINE
  5
8ED
102
{ACAD_REACTORS
330
8E7
102
}
330
1F
100
AcDbEntity
  8
MAIN-1
100
AcDbLine
 10
866.1772766113199
 20
271.5235637188
 30
0.0
 11
866.1764411926199
 21
271.5980894327199
 31
0.0
  0
LINE
  5
8EE
102
{ACAD_REACTORS
330
8E7
102
}
330
1F
100
AcDbEntity
  8
MAIN-1
100
AcDbLine
 10
866.1764411926199
 20
271.5980894327199
 30
0.0
 11
866.1756134033201
 21
271.6736831426699
 31
0.0
  0
LINE
  5
8EF
102
{ACAD_REACTORS
330
8E7
102
}
330
1F
100
AcDbEntity
  8
MAIN-1
100
AcDbLine
 10
866.1756134033201
 20
271.6736831426699
 30
0.0
 11
866.1747970581
 21
271.75048849583
 31
0.0
  0
LINE
  5
8F0
102
{ACAD_REACTORS
330
8E7
102
}
330
1F
100
AcDbEntity
  8
MAIN-1
100
AcDbLine
 10
866.1747970581
 20
271.75048849583
 30
0.0
 11
866.1739883422799
 21
271.8286493778301
 31
0.0
  0
LINE
  5
8F1
102
{ACAD_REACTORS
330
8E7
102
}
330
1F
100
AcDbEntity
  8
MAIN-1
100
AcDbLine
 10
866.1739883422799
 20
271.8286493778301
 30
0.0
 11
866.17319107055
 21
271.90835783482
 31
0.0
  0
LINE
  5
8F2
102
{ACAD_REACTORS
330
8E7
102
}
330
1F
100
AcDbEntity
  8
MAIN-1
100
AcDbLine
 10
866.17319107055
 20
271.90835783482
 30
0.0
 11
866.1724052429099
 21
271.9898234367399
 31
0.0
  0
LINE
  5
8F3
102
{ACAD_REACTORS
330
8E7
102
}
330
1F
100
AcDbEntity
  8
MAIN-1
100
AcDbLine
 10
866.1724052429099
 20
271.9898234367399
 30
0.0
 11
866.17163848876
 21
272.0733189344501
 31
0.0
  0
LINE
  5
8F4
102
{ACAD_REACTORS
330
8E7
102
}
330
1F
100
AcDbEntity
  8
MAIN-1
100
AcDbLine
 10
866.17163848876
 20
272.0733189344501
 30
0.0
 11
866.1708908081
 21
272.15913853646
 31
0.0
  0
LINE
  5
8F5
102
{ACAD_REACTORS
330
8E7
102
}
330
1F
100
AcDbEntity
  8
MAIN-1
100
AcDbLine
 10
866.1708908081
 20
272.15913853646
 30
0.0
 11
866.17016983032
 21
272.24764428139
 31
0.0
  0
LINE
  5
8F6
102
{ACAD_REACTORS
330
8E7
102
}
330
1F
100
AcDbEntity
  8
MAIN-1
100
AcDbLine
 10
866.17016983032
 20
272.24764428139
 30
0.0
 11
866.1694755554099
 21
272.33926210404
 31
0.0
  0
LINE
  5
8F7
102
{ACAD_REACTORS
330
8E7
102
}
330
1F
100
AcDbEntity
  8
MAIN-1
100
AcDbLine
 10
866.1694755554099
 20
272.33926210404
 30
0.0
 11
866.16881942749
 21
272.43446192742
 31
0.0
  0
LINE
  5
8F8
102
{ACAD_REACTORS
330
8E7
102
}
330
1F
100
AcDbEntity
  8
MAIN-1
100
AcDbLine
 10
866.16881942749
 20
272.43446192742
 30
0.0
 11
866.16821289062
 21
272.5338228702601
 31
0.0
  0
LINE
  5
8F9
102
{ACAD_REACTORS
330
8E7
102
}
330
1F
100
AcDbEntity
  8
MAIN-1
100
AcDbLine
 10
866.16821289062
 20
272.5338228702601
 30
0.0
 11
866.1676712036101
 21
272.63783297539
 31
0.0
  0
LINE
  5
8FA
102
{ACAD_REACTORS
330
8E7
102
}
330
1F
100
AcDbEntity
  8
MAIN-1
100
AcDbLine
 10
866.1676712036101
 20
272.63783297539
 30
0.0
 11
866.16720962524
 21
272.7468667984101
 31
0.0
  0
LINE
  5
8FB
102
{ACAD_REACTORS
330
8E7
102
}
330
1F
100
AcDbEntity
  8
MAIN-1
100
AcDbLine
 10
866.16720962524
 20
272.7468667984101
 30
0.0
 11
866.1668510437
 21
272.8608625888901
 31
0.0
  0
LINE
  5
8FC
102
{ACAD_REACTORS
330
8E7
102
}
330
1F
100
AcDbEntity
  8
MAIN-1
100
AcDbLine
 10
866.1668510437
 20
272.8608625888901
 30
0.0
 11
866.16662216186
 21
272.9791863918399
 31
0.0
  0
LINE
  5
8FD
102
{ACAD_REACTORS
330
8E7
102
}
330
1F
100
AcDbEntity
  8
MAIN-1
100
AcDbLine
 10
866.16662216186
 20
272.9791863918399
 30
0.0
 11
866.1665458679099
 21
273.1000000000099
 31
0.0
  0
LINE
  5
8FE
102
{ACAD_REACTORS
330
8E7
102
}
330
1F
100
AcDbEntity
  8
MAIN-1
100
AcDbLine
 10
864.74999999999
 20
271.45000002385
 30
0.0
 11
864.84190368652
 21
271.45000002385
 31
0.0
  0
LINE
  5
8FF
102
{ACAD_REACTORS
330
8E7
102
}
330
1F
100
AcDbEntity
  8
MAIN-1
100
AcDbLine
 10
864.84190368652
 20
271.45000002385
 30
0.0
 11
864.93301010131
 21
271.45000002385
 31
0.0
  0
LINE
  5
900
102
{ACAD_REACTORS
330
8E7
102
}
330
1F
100
AcDbEntity
  8
MAIN-1
100
AcDbLine
 10
864.93301010131
 20
271.45000002385
 30
0.0
 11
865.02255630493
 21
271.45000002385
 31
0.0
  0
LINE
  5
901
102
{ACAD_REACTORS
330
8E7
102
}
330
1F
100
AcDbEntity
  8
MAIN-1
100
AcDbLine
 10
865.02255630493
 20
271.45000002385
 30
0.0
 11
865.1100349426199
 21
271.45000002385
 31
0.0
  0
LINE
  5
902
102
{ACAD_REACTORS
330
8E7
102
}
330
1F
100
AcDbEntity
  8
MAIN-1
100
AcDbLine
 10
865.1100349426199
 20
271.45000002385
 30
0.0
 11
865.1951713562
 21
271.45000002385
 31
0.0
  0
LINE
  5
903
102
{ACAD_REACTORS
330
8E7
102
}
330
1F
100
AcDbEntity
  8
MAIN-1
100
AcDbLine
 10
865.1951713562
 20
271.45000002385
 30
0.0
 11
865.27785491943
 21
271.45000002385
 31
0.0
  0
LINE
  5
904
102
{ACAD_REACTORS
330
8E7
102
}
330
1F
100
AcDbEntity
  8
MAIN-1
100
AcDbLine
 10
865.27785491943
 20
271.45000002385
 30
0.0
 11
865.35803604125
 21
271.45000002385
 31
0.0
  0
LINE
  5
905
102
{ACAD_REACTORS
330
8E7
102
}
330
1F
100
AcDbEntity
  8
MAIN-1
100
AcDbLine
 10
865.35803604125
 20
271.45000002385
 30
0.0
 11
865.4358558654701
 21
271.45000002385
 31
0.0
  0
LINE
  5
906
102
{ACAD_REACTORS
330
8E7
102
}
330
1F
100
AcDbEntity
  8
MAIN-1
100
AcDbLine
 10
865.4358558654701
 20
271.45000002385
 30
0.0
 11
865.51147079467
 21
271.45000002385
 31
0.0
  0
LINE
  5
907
102
{ACAD_REACTORS
330
8E7
102
}
330
1F
100
AcDbEntity
  8
MAIN-1
100
AcDbLine
 10
865.51147079467
 20
271.45000002385
 30
0.0
 11
865.5849266052201
 21
271.45000002385
 31
0.0
  0
LINE
  5
908
102
{ACAD_REACTORS
330
8E7
102
}
330
1F
100
AcDbEntity
  8
MAIN-1
100
AcDbLine
 10
865.5849266052201
 20
271.45000002385
 30
0.0
 11
865.65650558471
 21
271.45000002385
 31
0.0
  0
LINE
  5
909
102
{ACAD_REACTORS
330
8E7
102
}
330
1F
100
AcDbEntity
  8
MAIN-1
100
AcDbLine
 10
865.65650558471
 20
271.45000002385
 30
0.0
 11
865.7263603210399
 21
271.45000002385
 31
0.0
  0
LINE
  5
90A
102
{ACAD_REACTORS
330
8E7
102
}
330
1F
100
AcDbEntity
  8
MAIN-1
100
AcDbLine
 10
865.7263603210399
 20
271.45000002385
 30
0.0
 11
865.7946319580001
 21
271.45000002385
 31
0.0
  0
LINE
  5
90B
102
{ACAD_REACTORS
330
8E7
102
}
330
1F
100
AcDbEntity
  8
MAIN-1
100
AcDbLine
 10
865.7946319580001
 20
271.45000002385
 30
0.0
 11
865.8614578247
 21
271.45000002385
 31
0.0
  0
LINE
  5
90C
102
{ACAD_REACTORS
330
8E7
102
}
330
1F
100
AcDbEntity
  8
MAIN-1
100
AcDbLine
 10
865.8614578247
 20
271.45000002385
 30
0.0
 11
865.92697906494
 21
271.45000002385
 31
0.0
  0
LINE
  5
90D
102
{ACAD_REACTORS
330
8E7
102
}
330
1F
100
AcDbEntity
  8
MAIN-1
100
AcDbLine
 10
865.92697906494
 20
271.45000002385
 30
0.0
 11
865.99131011962
 21
271.45000002385
 31
0.0
  0
LINE
  5
90E
102
{ACAD_REACTORS
330
8E7
102
}
330
1F
100
AcDbEntity
  8
MAIN-1
100
AcDbLine
 10
865.99131011962
 20
271.45000002385
 30
0.0
 11
866.05455017089
 21
271.45000002385
 31
0.0
  0
LINE
  5
90F
102
{ACAD_REACTORS
330
8E7
102
}
330
1F
100
AcDbEntity
  8
MAIN-1
100
AcDbLine
 10
866.05455017089
 20
271.45000002385
 30
0.0
 11
866.11679458618
 21
271.45000002385
 31
0.0
  0
LINE
  5
910
102
{ACAD_REACTORS
330
8E7
102
}
330
1F
100
AcDbEntity
  8
MAIN-1
100
AcDbLine
 10
866.11679458618
 20
271.45000002385
 30
0.0
 11
866.17811584472
 21
271.45000002385
 31
0.0
  0
LINE
  5
911
102
{ACAD_REACTORS
330
8E7
102
}
330
1F
100
AcDbEntity
  8
MAIN-1
100
AcDbLine
 10
864.75000059752
 20
271.4500000010901
 30
0.0
 11
864.75000059751
 21
270.70000000101
 31
0.0
  0
ARC
  5
912
102
{ACAD_REACTORS
330
8E7
102
}
330
1F
100
AcDbEntity
  8
MAIN-1
100
AcDbCircle
 10
864.75000059746
 20
273.1000000010599
 30
0.0
 40
2.40000000000532
100
AcDbArc
 50
0.0000187239685635
 51
65.37564906398576
  0
LINE
  5
913
102
{ACAD_REACTORS
330
8E7
102
}
330
1F
100
AcDbEntity
  8
MAIN-1
100
AcDbLine
 10
865.74999999999
 20
275.2817421913201
 30
0.0
 11
865.69813156127
 21
275.30477867127
 31
0.0
  0
LINE
  5
914
102
{ACAD_REACTORS
330
8E7
102
}
330
1F
100
AcDbEntity
  8
MAIN-1
100
AcDbLine
 10
865.69813156127
 20
275.30477867127
 30
0.0
 11
865.6438789367601
 21
275.3273259163
 31
0.0
  0
LINE
  5
915
102
{ACAD_REACTORS
330
8E7
102
}
330
1F
100
AcDbEntity
  8
MAIN-1
100
AcDbLine
 10
865.6438789367601
 20
275.3273259163
 30
0.0
 11
865.58726882934
 21
275.3492184638999
 31
0.0
  0
LINE
  5
916
102
{ACAD_REACTORS
330
8E7
102
}
330
1F
100
AcDbEntity
  8
MAIN-1
100
AcDbLine
 10
865.58726882934
 20
275.3492184638999
 30
0.0
 11
865.5282859802201
 21
275.3703027725301
 31
0.0
  0
LINE
  5
917
102
{ACAD_REACTORS
330
8E7
102
}
330
1F
100
AcDbEntity
  8
MAIN-1
100
AcDbLine
 10
865.5282859802201
 20
275.3703027725301
 30
0.0
 11
865.46693801879
 21
275.39041433335
 31
0.0
  0
LINE
  5
918
102
{ACAD_REACTORS
330
8E7
102
}
330
1F
100
AcDbEntity
  8
MAIN-1
100
AcDbLine
 10
865.46693801879
 20
275.39041433335
 30
0.0
 11
865.40328979492
 21
275.4093752861099
 31
0.0
  0
LINE
  5
919
102
{ACAD_REACTORS
330
8E7
102
}
330
1F
100
AcDbEntity
  8
MAIN-1
100
AcDbLine
 10
865.40328979492
 20
275.4093752861099
 30
0.0
 11
865.33740615844
 21
275.4270058631901
 31
0.0
  0
LINE
  5
91A
102
{ACAD_REACTORS
330
8E7
102
}
330
1F
100
AcDbEntity
  8
MAIN-1
100
AcDbLine
 10
865.33740615844
 20
275.4270058631901
 30
0.0
 11
865.26943206787
 21
275.4431153297501
 31
0.0
  0
LINE
  5
91B
102
{ACAD_REACTORS
330
8E7
102
}
330
1F
100
AcDbEntity
  8
MAIN-1
100
AcDbLine
 10
865.26943206787
 20
275.4431153297501
 30
0.0
 11
865.1994056701601
 21
275.4575487136899
 31
0.0
  0
LINE
  5
91C
102
{ACAD_REACTORS
330
8E7
102
}
330
1F
100
AcDbEntity
  8
MAIN-1
100
AcDbLine
 10
865.1994056701601
 20
275.4575487136899
 30
0.0
 11
865.12755584716
 21
275.47011671067
 31
0.0
  0
LINE
  5
91D
102
{ACAD_REACTORS
330
8E7
102
}
330
1F
100
AcDbEntity
  8
MAIN-1
100
AcDbLine
 10
865.12755584716
 20
275.47011671067
 30
0.0
 11
865.05410385131
 21
275.4806552887001
 31
0.0
  0
LINE
  5
91E
102
{ACAD_REACTORS
330
8E7
102
}
330
1F
100
AcDbEntity
  8
MAIN-1
100
AcDbLine
 10
865.05410385131
 20
275.4806552887001
 30
0.0
 11
864.9793357849101
 21
275.4890175819401
 31
0.0
  0
LINE
  5
91F
102
{ACAD_REACTORS
330
8E7
102
}
330
1F
100
AcDbEntity
  8
MAIN-1
100
AcDbLine
 10
864.9793357849101
 20
275.4890175819401
 30
0.0
 11
864.9034957885699
 21
275.4950867652899
 31
0.0
  0
LINE
  5
920
102
{ACAD_REACTORS
330
8E7
102
}
330
1F
100
AcDbEntity
  8
MAIN-1
100
AcDbLine
 10
864.9034957885699
 20
275.4950867652899
 30
0.0
 11
864.82692718505
 21
275.4987669944801
 31
0.0
  0
LINE
  5
921
102
{ACAD_REACTORS
330
8E7
102
}
330
1F
100
AcDbEntity
  8
MAIN-1
100
AcDbLine
 10
864.82692718505
 20
275.4987669944801
 30
0.0
 11
864.74999999999
 21
275.5000000953701
 31
0.0
  0
ARC
  5
922
102
{ACAD_REACTORS
330
8E7
102
}
330
1F
100
AcDbEntity
  8
MAIN-1
100
AcDbCircle
 10
864.1500005974799
 20
273.1000000010599
 30
0.0
 40
2.40000000000532
100
AcDbArc
 50
179.9999812760317
 51
269.9999801521574
  0
ARC
  5
923
102
{ACAD_REACTORS
330
8E7
102
}
330
1F
100
AcDbEntity
  8
MAIN-1
100
AcDbCircle
 10
884.3500682510801
 20
272.9749995310001
 30
0.0
 40
1.0
100
AcDbArc
 50
293.5781674500425
 51
0.0000187239685635
  0
ARC
  5
924
102
{ACAD_REACTORS
330
8E7
102
}
330
1F
100
AcDbEntity
  8
MAIN-1
100
AcDbCircle
 10
884.3500682510801
 20
272.9749995310001
 30
0.0
 40
1.0
100
AcDbArc
 50
179.9999812760317
 51
246.4218325499577
  0
LINE
  5
925
102
{ACAD_REACTORS
330
8E7
102
}
330
1F
100
AcDbEntity
  8
MAIN-1
100
AcDbLine
 10
887.6237335205001
 20
274.59218511582
 30
0.0
 11
887.6245059967
 21
274.52150449753
 31
0.0
  0
LINE
  5
926
102
{ACAD_REACTORS
330
8E7
102
}
330
1F
100
AcDbEntity
  8
MAIN-1
100
AcDbLine
 10
887.6245059967
 20
274.52150449753
 30
0.0
 11
887.6252708435
 21
274.44977006913
 31
0.0
  0
LINE
  5
927
102
{ACAD_REACTORS
330
8E7
102
}
330
1F
100
AcDbEntity
  8
MAIN-1
100
AcDbLine
 10
887.6252708435
 20
274.44977006913
 30
0.0
 11
887.6260261535599
 21
274.3768487930299
 31
0.0
  0
LINE
  5
928
102
{ACAD_REACTORS
330
8E7
102
}
330
1F
100
AcDbEntity
  8
MAIN-1
100
AcDbLine
 10
887.6260261535599
 20
274.3768487930299
 30
0.0
 11
887.6267719268701
 21
274.3025942802501
 31
0.0
  0
LINE
  5
929
102
{ACAD_REACTORS
330
8E7
102
}
330
1F
100
AcDbEntity
  8
MAIN-1
100
AcDbLine
 10
887.6267719268701
 20
274.3025942802501
 30
0.0
 11
887.6275043487501
 21
274.2268348693899
 31
0.0
  0
LINE
  5
92A
102
{ACAD_REACTORS
330
8E7
102
}
330
1F
100
AcDbEntity
  8
MAIN-1
100
AcDbLine
 10
887.6275043487501
 20
274.2268348693899
 30
0.0
 11
887.6282253265299
 21
274.14935669899
 31
0.0
  0
LINE
  5
92B
102
{ACAD_REACTORS
330
8E7
102
}
330
1F
100
AcDbEntity
  8
MAIN-1
100
AcDbLine
 10
887.6282253265299
 20
274.14935669899
 30
0.0
 11
887.62892913818
 21
274.0699261188599
 31
0.0
  0
LINE
  5
92C
102
{ACAD_REACTORS
330
8E7
102
}
330
1F
100
AcDbEntity
  8
MAIN-1
100
AcDbLine
 10
887.62892913818
 20
274.0699261188599
 30
0.0
 11
887.62961196899
 21
273.9882701397
 31
0.0
  0
LINE
  5
92D
102
{ACAD_REACTORS
330
8E7
102
}
330
1F
100
AcDbEntity
  8
MAIN-1
100
AcDbLine
 10
887.62961196899
 20
273.9882701397
 30
0.0
 11
887.63027191162
 21
273.9040602207201
 31
0.0
  0
LINE
  5
92E
102
{ACAD_REACTORS
330
8E7
102
}
330
1F
100
AcDbEntity
  8
MAIN-1
100
AcDbLine
 10
887.63027191162
 20
273.9040602207201
 30
0.0
 11
887.6309032440099
 21
273.8169198989899
 31
0.0
  0
LINE
  5
92F
102
{ACAD_REACTORS
330
8E7
102
}
330
1F
100
AcDbEntity
  8
MAIN-1
100
AcDbLine
 10
887.6309032440099
 20
273.8169198989899
 30
0.0
 11
887.63149642944
 21
273.7264553070099
 31
0.0
  0
LINE
  5
930
102
{ACAD_REACTORS
330
8E7
102
}
330
1F
100
AcDbEntity
  8
MAIN-1
100
AcDbLine
 10
887.63149642944
 20
273.7264553070099
 30
0.0
 11
887.6320419311501
 21
273.63213429451
 31
0.0
  0
LINE
  5
931
102
{ACAD_REACTORS
330
8E7
102
}
330
1F
100
AcDbEntity
  8
MAIN-1
100
AcDbLine
 10
887.6320419311501
 20
273.63213429451
 30
0.0
 11
887.6325283050501
 21
273.5336621761401
 31
0.0
  0
LINE
  5
932
102
{ACAD_REACTORS
330
8E7
102
}
330
1F
100
AcDbEntity
  8
MAIN-1
100
AcDbLine
 10
887.6325283050501
 20
273.5336621761401
 30
0.0
 11
887.63294029235
 21
273.43077311516
 31
0.0
  0
LINE
  5
933
102
{ACAD_REACTORS
330
8E7
102
}
330
1F
100
AcDbEntity
  8
MAIN-1
100
AcDbLine
 10
887.63294029235
 20
273.43077311516
 30
0.0
 11
887.6332550048801
 21
273.3235724926001
 31
0.0
  0
LINE
  5
934
102
{ACAD_REACTORS
330
8E7
102
}
330
1F
100
AcDbEntity
  8
MAIN-1
100
AcDbLine
 10
887.6332550048801
 20
273.3235724926001
 30
0.0
 11
887.6334552764799
 21
273.2127989292201
 31
0.0
  0
LINE
  5
935
102
{ACAD_REACTORS
330
8E7
102
}
330
1F
100
AcDbEntity
  8
MAIN-1
100
AcDbLine
 10
887.6334552764799
 20
273.2127989292201
 30
0.0
 11
887.63352394103
 21
273.1000000000099
 31
0.0
  0
LINE
  5
936
102
{ACAD_REACTORS
330
8E7
102
}
330
1F
100
AcDbEntity
  8
MAIN-1
100
AcDbLine
 10
889.05006790161
 20
274.56815824509
 30
0.0
 11
888.95521926879
 21
274.56980667115
 31
0.0
  0
LINE
  5
937
102
{ACAD_REACTORS
330
8E7
102
}
330
1F
100
AcDbEntity
  8
MAIN-1
100
AcDbLine
 10
888.95521926879
 20
274.56980667115
 30
0.0
 11
888.8617477416899
 21
274.5714231491099
 31
0.0
  0
LINE
  5
938
102
{ACAD_REACTORS
330
8E7
102
}
330
1F
100
AcDbEntity
  8
MAIN-1
100
AcDbLine
 10
888.8617477416899
 20
274.5714231491099
 30
0.0
 11
888.7705554962099
 21
274.5729914665301
 31
0.0
  0
LINE
  5
939
102
{ACAD_REACTORS
330
8E7
102
}
330
1F
100
AcDbEntity
  8
MAIN-1
100
AcDbLine
 10
888.7705554962099
 20
274.5729914665301
 30
0.0
 11
888.68215370178
 21
274.57450494767
 31
0.0
  0
LINE
  5
93A
102
{ACAD_REACTORS
330
8E7
102
}
330
1F
100
AcDbEntity
  8
MAIN-1
100
AcDbLine
 10
888.68215370178
 20
274.57450494767
 30
0.0
 11
888.5967292785599
 21
274.5759607315099
 31
0.0
  0
LINE
  5
93B
102
{ACAD_REACTORS
330
8E7
102
}
330
1F
100
AcDbEntity
  8
MAIN-1
100
AcDbLine
 10
888.5967292785599
 20
274.5759607315099
 30
0.0
 11
888.5142307281401
 21
274.5773602485699
 31
0.0
  0
LINE
  5
93C
102
{ACAD_REACTORS
330
8E7
102
}
330
1F
100
AcDbEntity
  8
MAIN-1
100
AcDbLine
 10
888.5142307281401
 20
274.5773602485699
 30
0.0
 11
888.43457603454
 21
274.5787068367099
 31
0.0
  0
LINE
  5
93D
102
{ACAD_REACTORS
330
8E7
102
}
330
1F
100
AcDbEntity
  8
MAIN-1
100
AcDbLine
 10
888.43457603454
 20
274.5787068367099
 30
0.0
 11
888.3575057983301
 21
274.58000478745
 31
0.0
  0
LINE
  5
93E
102
{ACAD_REACTORS
330
8E7
102
}
330
1F
100
AcDbEntity
  8
MAIN-1
100
AcDbLine
 10
888.3575057983301
 20
274.58000478745
 30
0.0
 11
888.2827701568599
 21
274.58125934601
 31
0.0
  0
LINE
  5
93F
102
{ACAD_REACTORS
330
8E7
102
}
330
1F
100
AcDbEntity
  8
MAIN-1
100
AcDbLine
 10
888.2827701568599
 20
274.58125934601
 30
0.0
 11
888.2102470397899
 21
274.58247337342
 31
0.0
  0
LINE
  5
940
102
{ACAD_REACTORS
330
8E7
102
}
330
1F
100
AcDbEntity
  8
MAIN-1
100
AcDbLine
 10
888.2102470397899
 20
274.58247337342
 30
0.0
 11
888.13962554931
 21
274.5836521148699
 31
0.0
  0
LINE
  5
941
102
{ACAD_REACTORS
330
8E7
102
}
330
1F
100
AcDbEntity
  8
MAIN-1
100
AcDbLine
 10
888.13962554931
 20
274.5836521148699
 30
0.0
 11
888.07070350646
 21
274.5847998619099
 31
0.0
  0
LINE
  5
942
102
{ACAD_REACTORS
330
8E7
102
}
330
1F
100
AcDbEntity
  8
MAIN-1
100
AcDbLine
 10
888.07070350646
 20
274.5847998619099
 30
0.0
 11
888.00332260131
 21
274.5859194755601
 31
0.0
  0
LINE
  5
943
102
{ACAD_REACTORS
330
8E7
102
}
330
1F
100
AcDbEntity
  8
MAIN-1
100
AcDbLine
 10
888.00332260131
 20
274.5859194755601
 30
0.0
 11
887.9373245239201
 21
274.5870133400001
 31
0.0
  0
LINE
  5
944
102
{ACAD_REACTORS
330
8E7
102
}
330
1F
100
AcDbEntity
  8
MAIN-1
100
AcDbLine
 10
887.9373245239201
 20
274.5870133400001
 30
0.0
 11
887.87256813049
 21
274.5880847931001
 31
0.0
  0
LINE
  5
945
102
{ACAD_REACTORS
330
8E7
102
}
330
1F
100
AcDbEntity
  8
MAIN-1
100
AcDbLine
 10
887.87256813049
 20
274.5880847931001
 30
0.0
 11
887.8089275360101
 21
274.5891357421899
 31
0.0
  0
LINE
  5
946
102
{ACAD_REACTORS
330
8E7
102
}
330
1F
100
AcDbEntity
  8
MAIN-1
100
AcDbLine
 10
887.8089275360101
 20
274.5891357421899
 30
0.0
 11
887.7463016510001
 21
274.59016857148
 31
0.0
  0
LINE
  5
947
102
{ACAD_REACTORS
330
8E7
102
}
330
1F
100
AcDbEntity
  8
MAIN-1
100
AcDbLine
 10
887.7463016510001
 20
274.59016857148
 30
0.0
 11
887.68459701538
 21
274.5911847114601
 31
0.0
  0
LINE
  5
948
102
{ACAD_REACTORS
330
8E7
102
}
330
1F
100
AcDbEntity
  8
MAIN-1
100
AcDbLine
 10
887.68459701538
 20
274.5911847114601
 30
0.0
 11
887.6237335205001
 21
274.59218511582
 31
0.0
  0
LINE
  5
949
102
{ACAD_REACTORS
330
8E7
102
}
330
1F
100
AcDbEntity
  8
MAIN-1
100
AcDbLine
 10
889.0500682491199
 20
274.5681581347401
 30
0.0
 11
889.0500682491299
 21
275.50000000001
 31
0.0
  0
ARC
  5
94A
102
{ACAD_REACTORS
330
8E7
102
}
330
1F
100
AcDbEntity
  8
MAIN-1
100
AcDbCircle
 10
889.6500682491701
 20
273.1000000026399
 30
0.0
 40
2.40000000000532
100
AcDbArc
 50
0.0000187239685635
 51
65.37564906398576
  0
LINE
  5
94B
102
{ACAD_REACTORS
330
8E7
102
}
330
1F
100
AcDbEntity
  8
MAIN-1
100
AcDbLine
 10
889.6500682830799
 20
275.5000000953701
 30
0.0
 11
889.7324771881099
 21
275.49858484269
 31
0.0
  0
LINE
  5
94C
102
{ACAD_REACTORS
330
8E7
102
}
330
1F
100
AcDbEntity
  8
MAIN-1
100
AcDbLine
 10
889.7324771881099
 20
275.49858484269
 30
0.0
 11
889.81445503234
 21
275.49436340333
 31
0.0
  0
LINE
  5
94D
102
{ACAD_REACTORS
330
8E7
102
}
330
1F
100
AcDbEntity
  8
MAIN-1
100
AcDbLine
 10
889.81445503234
 20
275.49436340333
 30
0.0
 11
889.89550971984
 21
275.4874168396
 31
0.0
  0
LINE
  5
94E
102
{ACAD_REACTORS
330
8E7
102
}
330
1F
100
AcDbEntity
  8
MAIN-1
100
AcDbLine
 10
889.89550971984
 20
275.4874168396
 30
0.0
 11
889.9753055572501
 21
275.4778605461199
 31
0.0
  0
LINE
  5
94F
102
{ACAD_REACTORS
330
8E7
102
}
330
1F
100
AcDbEntity
  8
MAIN-1
100
AcDbLine
 10
889.9753055572501
 20
275.4778605461199
 30
0.0
 11
890.05348014831
 21
275.4658523559599
 31
0.0
  0
LINE
  5
950
102
{ACAD_REACTORS
330
8E7
102
}
330
1F
100
AcDbEntity
  8
MAIN-1
100
AcDbLine
 10
890.05348014831
 20
275.4658523559599
 30
0.0
 11
890.12977600097
 21
275.45156965256
 31
0.0
  0
LINE
  5
951
102
{ACAD_REACTORS
330
8E7
102
}
330
1F
100
AcDbEntity
  8
MAIN-1
100
AcDbLine
 10
890.12977600097
 20
275.45156965256
 30
0.0
 11
890.2037410736
 21
275.4352618217499
 31
0.0
  0
LINE
  5
952
102
{ACAD_REACTORS
330
8E7
102
}
330
1F
100
AcDbEntity
  8
MAIN-1
100
AcDbLine
 10
890.2037410736
 20
275.4352618217499
 30
0.0
 11
890.27539634704
 21
275.41710243226
 31
0.0
  0
LINE
  5
953
102
{ACAD_REACTORS
330
8E7
102
}
330
1F
100
AcDbEntity
  8
MAIN-1
100
AcDbLine
 10
890.27539634704
 20
275.41710243226
 30
0.0
 11
890.3445415496799
 21
275.39732608796
 31
0.0
  0
LINE
  5
954
102
{ACAD_REACTORS
330
8E7
102
}
330
1F
100
AcDbEntity
  8
MAIN-1
100
AcDbLine
 10
890.3445415496799
 20
275.39732608796
 30
0.0
 11
890.4110717773401
 21
275.37615308762
 31
0.0
  0
LINE
  5
955
102
{ACAD_REACTORS
330
8E7
102
}
330
1F
100
AcDbEntity
  8
MAIN-1
100
AcDbLine
 10
890.4110717773401
 20
275.37615308762
 30
0.0
 11
890.47487258911
 21
275.35381898881
 31
0.0
  0
LINE
  5
956
102
{ACAD_REACTORS
330
8E7
102
}
330
1F
100
AcDbEntity
  8
MAIN-1
100
AcDbLine
 10
890.47487258911
 20
275.35381898881
 30
0.0
 11
890.53599548339
 21
275.3305002212601
 31
0.0
  0
LINE
  5
957
102
{ACAD_REACTORS
330
8E7
102
}
330
1F
100
AcDbEntity
  8
MAIN-1
100
AcDbLine
 10
890.53599548339
 20
275.3305002212601
 30
0.0
 11
890.5944099426199
 21
275.3064037322999
 31
0.0
  0
LINE
  5
958
102
{ACAD_REACTORS
330
8E7
102
}
330
1F
100
AcDbEntity
  8
MAIN-1
100
AcDbLine
 10
890.5944099426199
 20
275.3064037322999
 30
0.0
 11
890.6500682830799
 21
275.2817421913201
 31
0.0
  0
ARC
  5
959
102
{ACAD_REACTORS
330
8E7
102
}
330
1F
100
AcDbEntity
  8
MAIN-1
100
AcDbCircle
 10
889.05006824919
 20
273.1000000026399
 30
0.0
 40
2.40000000000532
100
AcDbArc
 50
179.9999812760317
 51
270.0000198478429
  0
ARC
  5
95A
102
{ACAD_REACTORS
330
8E7
102
}
330
1F
100
AcDbEntity
  8
MAIN-1
100
AcDbCircle
 10
904.6000002887499
 20
273.1000000008301
 30
0.0
 40
2.40000000000532
100
AcDbArc
 50
0.0000187239685635
 51
65.37564906398576
  0
LINE
  5
95B
102
{ACAD_REACTORS
330
8E7
102
}
330
1F
100
AcDbEntity
  8
MAIN-1
100
AcDbLine
 10
904.60000038146
 20
275.5000000953701
 30
0.0
 11
904.6769266128499
 21
275.4987669944801
 31
0.0
  0
LINE
  5
95C
102
{ACAD_REACTORS
330
8E7
102
}
330
1F
100
AcDbEntity
  8
MAIN-1
100
AcDbLine
 10
904.6769266128499
 20
275.4987669944801
 30
0.0
 11
904.7534956932
 21
275.49508628846
 31
0.0
  0
LINE
  5
95D
102
{ACAD_REACTORS
330
8E7
102
}
330
1F
100
AcDbEntity
  8
MAIN-1
100
AcDbLine
 10
904.7534956932
 20
275.49508628846
 30
0.0
 11
904.8293242454499
 21
275.4890185356201
 31
0.0
  0
LINE
  5
95E
102
{ACAD_REACTORS
330
8E7
102
}
330
1F
100
AcDbEntity
  8
MAIN-1
100
AcDbLine
 10
904.8293242454499
 20
275.4890185356201
 30
0.0
 11
904.9041070938099
 21
275.4806552887001
 31
0.0
  0
LINE
  5
95F
102
{ACAD_REACTORS
330
8E7
102
}
330
1F
100
AcDbEntity
  8
MAIN-1
100
AcDbLine
 10
904.9041070938099
 20
275.4806552887001
 30
0.0
 11
904.9775595664901
 21
275.47011575699
 31
0.0
  0
LINE
  5
960
102
{ACAD_REACTORS
330
8E7
102
}
330
1F
100
AcDbEntity
  8
MAIN-1
100
AcDbLine
 10
904.9775595664901
 20
275.47011575699
 30
0.0
 11
905.0494444370199
 21
275.4575410842899
 31
0.0
  0
LINE
  5
961
102
{ACAD_REACTORS
330
8E7
102
}
330
1F
100
AcDbEntity
  8
MAIN-1
100
AcDbLine
 10
905.0494444370199
 20
275.4575410842899
 30
0.0
 11
905.1194639205901
 21
275.44310817719
 31
0.0
  0
LINE
  5
962
102
{ACAD_REACTORS
330
8E7
102
}
330
1F
100
AcDbEntity
  8
MAIN-1
100
AcDbLine
 10
905.1194639205901
 20
275.44310817719
 30
0.0
 11
905.1874060630701
 21
275.42700538636
 31
0.0
  0
LINE
  5
963
102
{ACAD_REACTORS
330
8E7
102
}
330
1F
100
AcDbEntity
  8
MAIN-1
100
AcDbLine
 10
905.1874060630701
 20
275.42700538636
 30
0.0
 11
905.2532918453201
 21
275.4093743324299
 31
0.0
  0
LINE
  5
964
102
{ACAD_REACTORS
330
8E7
102
}
330
1F
100
AcDbEntity
  8
MAIN-1
100
AcDbLine
 10
905.2532918453201
 20
275.4093743324299
 30
0.0
 11
905.31694293022
 21
275.39041337967
 31
0.0
  0
LINE
  5
965
102
{ACAD_REACTORS
330
8E7
102
}
330
1F
100
AcDbEntity
  8
MAIN-1
100
AcDbLine
 10
905.31694293022
 20
275.39041337967
 30
0.0
 11
905.37828826904
 21
275.37030134202
 31
0.0
  0
LINE
  5
966
102
{ACAD_REACTORS
330
8E7
102
}
330
1F
100
AcDbEntity
  8
MAIN-1
100
AcDbLine
 10
905.37828826904
 20
275.37030134202
 30
0.0
 11
905.4372420310899
 21
275.3492280006501
 31
0.0
  0
LINE
  5
967
102
{ACAD_REACTORS
330
8E7
102
}
330
1F
100
AcDbEntity
  8
MAIN-1
100
AcDbLine
 10
905.4372420310899
 20
275.3492280006501
 30
0.0
 11
905.4938759803699
 21
275.3273273468101
 31
0.0
  0
LINE
  5
968
102
{ACAD_REACTORS
330
8E7
102
}
330
1F
100
AcDbEntity
  8
MAIN-1
100
AcDbLine
 10
905.4938759803699
 20
275.3273273468101
 30
0.0
 11
905.5481390953
 21
275.30477485657
 31
0.0
  0
LINE
  5
969
102
{ACAD_REACTORS
330
8E7
102
}
330
1F
100
AcDbEntity
  8
MAIN-1
100
AcDbLine
 10
905.5481390953
 20
275.30477485657
 30
0.0
 11
905.60000038146
 21
275.2817421913201
 31
0.0
  0
ARC
  5
96A
102
{ACAD_REACTORS
330
8E7
102
}
330
1F
100
AcDbEntity
  8
MAIN-1
100
AcDbCircle
 10
904.00000028878
 20
273.1000000008301
 30
0.0
 40
2.40000000000532
100
AcDbArc
 50
179.9999812760317
 51
270.0000198478429
  0
LINE
  5
96B
102
{ACAD_REACTORS
330
8E7
102
}
330
1F
100
AcDbEntity
  8
MAIN-1
100
AcDbLine
 10
902.5736665725699
 20
274.59218511582
 30
0.0
 11
902.57443809509
 21
274.52150449753
 31
0.0
  0
LINE
  5
96C
102
{ACAD_REACTORS
330
8E7
102
}
330
1F
100
AcDbEntity
  8
MAIN-1
100
AcDbLine
 10
902.57443809509
 20
274.52150449753
 30
0.0
 11
902.57520198821
 21
274.44977006913
 31
0.0
  0
LINE
  5
96D
102
{ACAD_REACTORS
330
8E7
102
}
330
1F
100
AcDbEntity
  8
MAIN-1
100
AcDbLine
 10
902.57520198821
 20
274.44977006913
 30
0.0
 11
902.57595777511
 21
274.3768487930299
 31
0.0
  0
LINE
  5
96E
102
{ACAD_REACTORS
330
8E7
102
}
330
1F
100
AcDbEntity
  8
MAIN-1
100
AcDbLine
 10
902.57595777511
 20
274.3768487930299
 30
0.0
 11
902.5767030715899
 21
274.3025942802501
 31
0.0
  0
LINE
  5
96F
102
{ACAD_REACTORS
330
8E7
102
}
330
1F
100
AcDbEntity
  8
MAIN-1
100
AcDbLine
 10
902.5767030715899
 20
274.3025942802501
 30
0.0
 11
902.57743692398
 21
274.2268348693899
 31
0.0
  0
LINE
  5
970
102
{ACAD_REACTORS
330
8E7
102
}
330
1F
100
AcDbEntity
  8
MAIN-1
100
AcDbLine
 10
902.57743692398
 20
274.2268348693899
 30
0.0
 11
902.57815694808
 21
274.14935669899
 31
0.0
  0
LINE
  5
971
102
{ACAD_REACTORS
330
8E7
102
}
330
1F
100
AcDbEntity
  8
MAIN-1
100
AcDbLine
 10
902.57815694808
 20
274.14935669899
 30
0.0
 11
902.5788607597301
 21
274.0699261188599
 31
0.0
  0
LINE
  5
972
102
{ACAD_REACTORS
330
8E7
102
}
330
1F
100
AcDbEntity
  8
MAIN-1
100
AcDbLine
 10
902.5788607597301
 20
274.0699261188599
 30
0.0
 11
902.5795450210501
 21
273.9882701397
 31
0.0
  0
LINE
  5
973
102
{ACAD_REACTORS
330
8E7
102
}
330
1F
100
AcDbEntity
  8
MAIN-1
100
AcDbLine
 10
902.5795450210501
 20
273.9882701397
 30
0.0
 11
902.58020496368
 21
273.9040602207201
 31
0.0
  0
LINE
  5
974
102
{ACAD_REACTORS
330
8E7
102
}
330
1F
100
AcDbEntity
  8
MAIN-1
100
AcDbLine
 10
902.58020496368
 20
273.9040602207201
 30
0.0
 11
902.5808348655601
 21
273.8169198989899
 31
0.0
  0
LINE
  5
975
102
{ACAD_REACTORS
330
8E7
102
}
330
1F
100
AcDbEntity
  8
MAIN-1
100
AcDbLine
 10
902.5808348655601
 20
273.8169198989899
 30
0.0
 11
902.5814280509901
 21
273.7264553070099
 31
0.0
  0
LINE
  5
976
102
{ACAD_REACTORS
330
8E7
102
}
330
1F
100
AcDbEntity
  8
MAIN-1
100
AcDbLine
 10
902.5814280509901
 20
273.7264553070099
 30
0.0
 11
902.58197450637
 21
273.63213429451
 31
0.0
  0
LINE
  5
977
102
{ACAD_REACTORS
330
8E7
102
}
330
1F
100
AcDbEntity
  8
MAIN-1
100
AcDbLine
 10
902.58197450637
 20
273.63213429451
 30
0.0
 11
902.5824613571101
 21
273.5336621761401
 31
0.0
  0
LINE
  5
978
102
{ACAD_REACTORS
330
8E7
102
}
330
1F
100
AcDbEntity
  8
MAIN-1
100
AcDbLine
 10
902.5824613571101
 20
273.5336621761401
 30
0.0
 11
902.5828719138999
 21
273.43077311516
 31
0.0
  0
LINE
  5
979
102
{ACAD_REACTORS
330
8E7
102
}
330
1F
100
AcDbEntity
  8
MAIN-1
100
AcDbLine
 10
902.5828719138999
 20
273.43077311516
 30
0.0
 11
902.5831875801
 21
273.3235722541899
 31
0.0
  0
LINE
  5
97A
102
{ACAD_REACTORS
330
8E7
102
}
330
1F
100
AcDbEntity
  8
MAIN-1
100
AcDbLine
 10
902.5831875801
 20
273.3235722541899
 30
0.0
 11
902.5833878517101
 21
273.2127989292201
 31
0.0
  0
LINE
  5
97B
102
{ACAD_REACTORS
330
8E7
102
}
330
1F
100
AcDbEntity
  8
MAIN-1
100
AcDbLine
 10
902.5833878517101
 20
273.2127989292201
 30
0.0
 11
902.58345651626
 21
273.1000000000099
 31
0.0
  0
LINE
  5
97C
102
{ACAD_REACTORS
330
8E7
102
}
330
1F
100
AcDbEntity
  8
MAIN-1
100
AcDbLine
 10
904.0000004768301
 20
274.56815824509
 30
0.0
 11
903.90515041351
 21
274.56980667115
 31
0.0
  0
LINE
  5
97D
102
{ACAD_REACTORS
330
8E7
102
}
330
1F
100
AcDbEntity
  8
MAIN-1
100
AcDbLine
 10
903.90515041351
 20
274.56980667115
 30
0.0
 11
903.8116798400799
 21
274.5714231491099
 31
0.0
  0
LINE
  5
97E
102
{ACAD_REACTORS
330
8E7
102
}
330
1F
100
AcDbEntity
  8
MAIN-1
100
AcDbLine
 10
903.8116798400799
 20
274.5714231491099
 30
0.0
 11
903.7204875946
 21
274.5729914665301
 31
0.0
  0
LINE
  5
97F
102
{ACAD_REACTORS
330
8E7
102
}
330
1F
100
AcDbEntity
  8
MAIN-1
100
AcDbLine
 10
903.7204875946
 20
274.5729914665301
 30
0.0
 11
903.6320862770001
 21
274.57450494767
 31
0.0
  0
LINE
  5
980
102
{ACAD_REACTORS
330
8E7
102
}
330
1F
100
AcDbEntity
  8
MAIN-1
100
AcDbLine
 10
903.6320862770001
 20
274.57450494767
 30
0.0
 11
903.5466604232699
 21
274.5759607315099
 31
0.0
  0
LINE
  5
981
102
{ACAD_REACTORS
330
8E7
102
}
330
1F
100
AcDbEntity
  8
MAIN-1
100
AcDbLine
 10
903.5466604232699
 20
274.5759607315099
 30
0.0
 11
903.46416330337
 21
274.5773602485699
 31
0.0
  0
LINE
  5
982
102
{ACAD_REACTORS
330
8E7
102
}
330
1F
100
AcDbEntity
  8
MAIN-1
100
AcDbLine
 10
903.46416330337
 20
274.5773602485699
 30
0.0
 11
903.3845076560899
 21
274.5787068367099
 31
0.0
  0
LINE
  5
983
102
{ACAD_REACTORS
330
8E7
102
}
330
1F
100
AcDbEntity
  8
MAIN-1
100
AcDbLine
 10
903.3845076560899
 20
274.5787068367099
 30
0.0
 11
903.30743741989
 21
274.58000478745
 31
0.0
  0
LINE
  5
984
102
{ACAD_REACTORS
330
8E7
102
}
330
1F
100
AcDbEntity
  8
MAIN-1
100
AcDbLine
 10
903.30743741989
 20
274.58000478745
 30
0.0
 11
903.2327032089199
 21
274.58125934601
 31
0.0
  0
LINE
  5
985
102
{ACAD_REACTORS
330
8E7
102
}
330
1F
100
AcDbEntity
  8
MAIN-1
100
AcDbLine
 10
903.2327032089199
 20
274.58125934601
 30
0.0
 11
903.16017913818
 21
274.58247337342
 31
0.0
  0
LINE
  5
986
102
{ACAD_REACTORS
330
8E7
102
}
330
1F
100
AcDbEntity
  8
MAIN-1
100
AcDbLine
 10
903.16017913818
 20
274.58247337342
 30
0.0
 11
903.0895566940301
 21
274.5836521148699
 31
0.0
  0
LINE
  5
987
102
{ACAD_REACTORS
330
8E7
102
}
330
1F
100
AcDbEntity
  8
MAIN-1
100
AcDbLine
 10
903.0895566940301
 20
274.5836521148699
 30
0.0
 11
903.02063560485
 21
274.5847998619099
 31
0.0
  0
LINE
  5
988
102
{ACAD_REACTORS
330
8E7
102
}
330
1F
100
AcDbEntity
  8
MAIN-1
100
AcDbLine
 10
903.02063560485
 20
274.5847998619099
 30
0.0
 11
902.95325374603
 21
274.5859194755601
 31
0.0
  0
LINE
  5
989
102
{ACAD_REACTORS
330
8E7
102
}
330
1F
100
AcDbEntity
  8
MAIN-1
100
AcDbLine
 10
902.95325374603
 20
274.5859194755601
 30
0.0
 11
902.8872566223099
 21
274.5870133400001
 31
0.0
  0
LINE
  5
98A
102
{ACAD_REACTORS
330
8E7
102
}
330
1F
100
AcDbEntity
  8
MAIN-1
100
AcDbLine
 10
902.8872566223099
 20
274.5870133400001
 30
0.0
 11
902.8224992752
 21
274.5880847931001
 31
0.0
  0
LINE
  5
98B
102
{ACAD_REACTORS
330
8E7
102
}
330
1F
100
AcDbEntity
  8
MAIN-1
100
AcDbLine
 10
902.8224992752
 20
274.5880847931001
 30
0.0
 11
902.75886011123
 21
274.5891357421899
 31
0.0
  0
LINE
  5
98C
102
{ACAD_REACTORS
330
8E7
102
}
330
1F
100
AcDbEntity
  8
MAIN-1
100
AcDbLine
 10
902.75886011123
 20
274.5891357421899
 30
0.0
 11
902.6962337493801
 21
274.59016857148
 31
0.0
  0
LINE
  5
98D
102
{ACAD_REACTORS
330
8E7
102
}
330
1F
100
AcDbEntity
  8
MAIN-1
100
AcDbLine
 10
902.6962337493801
 20
274.59016857148
 30
0.0
 11
902.6345286369301
 21
274.5911847114601
 31
0.0
  0
LINE
  5
98E
102
{ACAD_REACTORS
330
8E7
102
}
330
1F
100
AcDbEntity
  8
MAIN-1
100
AcDbLine
 10
902.6345286369301
 20
274.5911847114601
 30
0.0
 11
902.5736665725699
 21
274.59218511582
 31
0.0
  0
LINE
  5
98F
102
{ACAD_REACTORS
330
8E7
102
}
330
1F
100
AcDbEntity
  8
MAIN-1
100
AcDbLine
 10
904.00000028871
 20
274.56815813293
 30
0.0
 11
904.00000028872
 21
275.50000000001
 31
0.0
  0
ARC
  5
990
102
{ACAD_REACTORS
330
8E7
102
}
330
1F
100
AcDbEntity
  8
MAIN-1
100
AcDbCircle
 10
899.3000002906699
 20
272.9749995292
 30
0.0
 40
1.0
100
AcDbArc
 50
293.5781674500425
 51
0.0000187239685635
  0
ARC
  5
991
102
{ACAD_REACTORS
330
8E7
102
}
330
1F
100
AcDbEntity
  8
MAIN-1
100
AcDbCircle
 10
899.3000002906699
 20
272.9749995292
 30
0.0
 40
1.0
100
AcDbArc
 50
179.9999812760317
 51
246.4218325499577
  0
LINE
  5
992
102
{ACAD_REACTORS
330
8E7
102
}
330
1F
100
AcDbEntity
  8
MAIN-1
100
AcDbLine
 10
847.67811584472
 20
271.45000002385
 30
0.0
 11
847.6772766113199
 21
271.5235637188
 31
0.0
  0
LINE
  5
993
102
{ACAD_REACTORS
330
8E7
102
}
330
1F
100
AcDbEntity
  8
MAIN-1
100
AcDbLine
 10
847.6772766113199
 20
271.5235637188
 30
0.0
 11
847.6764411926199
 21
271.5980894327199
 31
0.0
  0
LINE
  5
994
102
{ACAD_REACTORS
330
8E7
102
}
330
1F
100
AcDbEntity
  8
MAIN-1
100
AcDbLine
 10
847.6764411926199
 20
271.5980894327199
 30
0.0
 11
847.6756134033201
 21
271.6736831426699
 31
0.0
  0
LINE
  5
995
102
{ACAD_REACTORS
330
8E7
102
}
330
1F
100
AcDbEntity
  8
MAIN-1
100
AcDbLine
 10
847.6756134033201
 20
271.6736831426699
 30
0.0
 11
847.6747970581
 21
271.75048849583
 31
0.0
  0
LINE
  5
996
102
{ACAD_REACTORS
330
8E7
102
}
330
1F
100
AcDbEntity
  8
MAIN-1
100
AcDbLine
 10
847.6747970581
 20
271.75048849583
 30
0.0
 11
847.6739883422799
 21
271.8286493778301
 31
0.0
  0
LINE
  5
997
102
{ACAD_REACTORS
330
8E7
102
}
330
1F
100
AcDbEntity
  8
MAIN-1
100
AcDbLine
 10
847.6739883422799
 20
271.8286493778301
 30
0.0
 11
847.67319107055
 21
271.90835783482
 31
0.0
  0
LINE
  5
998
102
{ACAD_REACTORS
330
8E7
102
}
330
1F
100
AcDbEntity
  8
MAIN-1
100
AcDbLine
 10
847.67319107055
 20
271.90835783482
 30
0.0
 11
847.6724052429099
 21
271.9898234367399
 31
0.0
  0
LINE
  5
999
102
{ACAD_REACTORS
330
8E7
102
}
330
1F
100
AcDbEntity
  8
MAIN-1
100
AcDbLine
 10
847.6724052429099
 20
271.9898234367399
 30
0.0
 11
847.67163848876
 21
272.0733189344501
 31
0.0
  0
LINE
  5
99A
102
{ACAD_REACTORS
330
8E7
102
}
330
1F
100
AcDbEntity
  8
MAIN-1
100
AcDbLine
 10
847.67163848876
 20
272.0733189344501
 30
0.0
 11
847.6708908081
 21
272.15913853646
 31
0.0
  0
LINE
  5
99B
102
{ACAD_REACTORS
330
8E7
102
}
330
1F
100
AcDbEntity
  8
MAIN-1
100
AcDbLine
 10
847.6708908081
 20
272.15913853646
 30
0.0
 11
847.67016983032
 21
272.24764428139
 31
0.0
  0
LINE
  5
99C
102
{ACAD_REACTORS
330
8E7
102
}
330
1F
100
AcDbEntity
  8
MAIN-1
100
AcDbLine
 10
847.67016983032
 20
272.24764428139
 30
0.0
 11
847.6694755554099
 21
272.33926210404
 31
0.0
  0
LINE
  5
99D
102
{ACAD_REACTORS
330
8E7
102
}
330
1F
100
AcDbEntity
  8
MAIN-1
100
AcDbLine
 10
847.6694755554099
 20
272.33926210404
 30
0.0
 11
847.66881942749
 21
272.43446192742
 31
0.0
  0
LINE
  5
99E
102
{ACAD_REACTORS
330
8E7
102
}
330
1F
100
AcDbEntity
  8
MAIN-1
100
AcDbLine
 10
847.66881942749
 20
272.43446192742
 30
0.0
 11
847.66821289062
 21
272.5338228702601
 31
0.0
  0
LINE
  5
99F
102
{ACAD_REACTORS
330
8E7
102
}
330
1F
100
AcDbEntity
  8
MAIN-1
100
AcDbLine
 10
847.66821289062
 20
272.5338228702601
 30
0.0
 11
847.6676712036101
 21
272.63783297539
 31
0.0
  0
LINE
  5
9A0
102
{ACAD_REACTORS
330
8E7
102
}
330
1F
100
AcDbEntity
  8
MAIN-1
100
AcDbLine
 10
847.6676712036101
 20
272.63783297539
 30
0.0
 11
847.66720962524
 21
272.7468667984101
 31
0.0
  0
LINE
  5
9A1
102
{ACAD_REACTORS
330
8E7
102
}
330
1F
100
AcDbEntity
  8
MAIN-1
100
AcDbLine
 10
847.66720962524
 20
272.7468667984101
 30
0.0
 11
847.6668510437
 21
272.8608625888901
 31
0.0
  0
LINE
  5
9A2
102
{ACAD_REACTORS
330
8E7
102
}
330
1F
100
AcDbEntity
  8
MAIN-1
100
AcDbLine
 10
847.6668510437
 20
272.8608625888901
 30
0.0
 11
847.66662216186
 21
272.9791863918399
 31
0.0
  0
LINE
  5
9A3
102
{ACAD_REACTORS
330
8E7
102
}
330
1F
100
AcDbEntity
  8
MAIN-1
100
AcDbLine
 10
847.66662216186
 20
272.9791863918399
 30
0.0
 11
847.6665458679099
 21
273.1000000000099
 31
0.0
  0
LINE
  5
9A4
102
{ACAD_REACTORS
330
8E7
102
}
330
1F
100
AcDbEntity
  8
MAIN-1
100
AcDbLine
 10
846.24999999999
 20
271.45000002385
 30
0.0
 11
846.34190368652
 21
271.45000002385
 31
0.0
  0
LINE
  5
9A5
102
{ACAD_REACTORS
330
8E7
102
}
330
1F
100
AcDbEntity
  8
MAIN-1
100
AcDbLine
 10
846.34190368652
 20
271.45000002385
 30
0.0
 11
846.43301010131
 21
271.45000002385
 31
0.0
  0
LINE
  5
9A6
102
{ACAD_REACTORS
330
8E7
102
}
330
1F
100
AcDbEntity
  8
MAIN-1
100
AcDbLine
 10
846.43301010131
 20
271.45000002385
 30
0.0
 11
846.52255630493
 21
271.45000002385
 31
0.0
  0
LINE
  5
9A7
102
{ACAD_REACTORS
330
8E7
102
}
330
1F
100
AcDbEntity
  8
MAIN-1
100
AcDbLine
 10
846.52255630493
 20
271.45000002385
 30
0.0
 11
846.6100349426199
 21
271.45000002385
 31
0.0
  0
LINE
  5
9A8
102
{ACAD_REACTORS
330
8E7
102
}
330
1F
100
AcDbEntity
  8
MAIN-1
100
AcDbLine
 10
846.6100349426199
 20
271.45000002385
 30
0.0
 11
846.6951713562
 21
271.45000002385
 31
0.0
  0
LINE
  5
9A9
102
{ACAD_REACTORS
330
8E7
102
}
330
1F
100
AcDbEntity
  8
MAIN-1
100
AcDbLine
 10
846.6951713562
 20
271.45000002385
 30
0.0
 11
846.77785491943
 21
271.45000002385
 31
0.0
  0
LINE
  5
9AA
102
{ACAD_REACTORS
330
8E7
102
}
330
1F
100
AcDbEntity
  8
MAIN-1
100
AcDbLine
 10
846.77785491943
 20
271.45000002385
 30
0.0
 11
846.85803604125
 21
271.45000002385
 31
0.0
  0
LINE
  5
9AB
102
{ACAD_REACTORS
330
8E7
102
}
330
1F
100
AcDbEntity
  8
MAIN-1
100
AcDbLine
 10
846.85803604125
 20
271.45000002385
 30
0.0
 11
846.9358558654701
 21
271.45000002385
 31
0.0
  0
LINE
  5
9AC
102
{ACAD_REACTORS
330
8E7
102
}
330
1F
100
AcDbEntity
  8
MAIN-1
100
AcDbLine
 10
846.9358558654701
 20
271.45000002385
 30
0.0
 11
847.01147079467
 21
271.45000002385
 31
0.0
  0
LINE
  5
9AD
102
{ACAD_REACTORS
330
8E7
102
}
330
1F
100
AcDbEntity
  8
MAIN-1
100
AcDbLine
 10
847.01147079467
 20
271.45000002385
 30
0.0
 11
847.0849266052201
 21
271.45000002385
 31
0.0
  0
LINE
  5
9AE
102
{ACAD_REACTORS
330
8E7
102
}
330
1F
100
AcDbEntity
  8
MAIN-1
100
AcDbLine
 10
847.0849266052201
 20
271.45000002385
 30
0.0
 11
847.15650558471
 21
271.45000002385
 31
0.0
  0
LINE
  5
9AF
102
{ACAD_REACTORS
330
8E7
102
}
330
1F
100
AcDbEntity
  8
MAIN-1
100
AcDbLine
 10
847.15650558471
 20
271.45000002385
 30
0.0
 11
847.2263603210399
 21
271.45000002385
 31
0.0
  0
LINE
  5
9B0
102
{ACAD_REACTORS
330
8E7
102
}
330
1F
100
AcDbEntity
  8
MAIN-1
100
AcDbLine
 10
847.2263603210399
 20
271.45000002385
 30
0.0
 11
847.2946319580001
 21
271.45000002385
 31
0.0
  0
LINE
  5
9B1
102
{ACAD_REACTORS
330
8E7
102
}
330
1F
100
AcDbEntity
  8
MAIN-1
100
AcDbLine
 10
847.2946319580001
 20
271.45000002385
 30
0.0
 11
847.3614578247
 21
271.45000002385
 31
0.0
  0
LINE
  5
9B2
102
{ACAD_REACTORS
330
8E7
102
}
330
1F
100
AcDbEntity
  8
MAIN-1
100
AcDbLine
 10
847.3614578247
 20
271.45000002385
 30
0.0
 11
847.42697906494
 21
271.45000002385
 31
0.0
  0
LINE
  5
9B3
102
{ACAD_REACTORS
330
8E7
102
}
330
1F
100
AcDbEntity
  8
MAIN-1
100
AcDbLine
 10
847.42697906494
 20
271.45000002385
 30
0.0
 11
847.49131011962
 21
271.45000002385
 31
0.0
  0
LINE
  5
9B4
102
{ACAD_REACTORS
330
8E7
102
}
330
1F
100
AcDbEntity
  8
MAIN-1
100
AcDbLine
 10
847.49131011962
 20
271.45000002385
 30
0.0
 11
847.55455017089
 21
271.45000002385
 31
0.0
  0
LINE
  5
9B5
102
{ACAD_REACTORS
330
8E7
102
}
330
1F
100
AcDbEntity
  8
MAIN-1
100
AcDbLine
 10
847.55455017089
 20
271.45000002385
 30
0.0
 11
847.61679458618
 21
271.45000002385
 31
0.0
  0
LINE
  5
9B6
102
{ACAD_REACTORS
330
8E7
102
}
330
1F
100
AcDbEntity
  8
MAIN-1
100
AcDbLine
 10
847.61679458618
 20
271.45000002385
 30
0.0
 11
847.67811584472
 21
271.45000002385
 31
0.0
  0
LINE
  5
9B7
102
{ACAD_REACTORS
330
8E7
102
}
330
1F
100
AcDbEntity
  8
MAIN-1
100
AcDbLine
 10
846.25000059786
 20
271.45000000102
 30
0.0
 11
846.25000059785
 21
270.70000000092
 31
0.0
  0
ARC
  5
9B8
102
{ACAD_REACTORS
330
8E7
102
}
330
1F
100
AcDbEntity
  8
MAIN-1
100
AcDbCircle
 10
850.9500005959001
 20
272.97499952933
 30
0.0
 40
1.0
100
AcDbArc
 50
113.5781872978851
 51
179.9999812760317
  0
ARC
  5
9B9
102
{ACAD_REACTORS
330
8E7
102
}
330
1F
100
AcDbEntity
  8
MAIN-1
100
AcDbCircle
 10
846.2500005978
 20
273.1000000009701
 30
0.0
 40
2.40000000000532
100
AcDbArc
 50
0.0000187239685635
 51
65.37564906398576
  0
LINE
  5
9BA
102
{ACAD_REACTORS
330
8E7
102
}
330
1F
100
AcDbEntity
  8
MAIN-1
100
AcDbLine
 10
847.24999999999
 20
275.2817421913201
 30
0.0
 11
847.19813156127
 21
275.30477867127
 31
0.0
  0
LINE
  5
9BB
102
{ACAD_REACTORS
330
8E7
102
}
330
1F
100
AcDbEntity
  8
MAIN-1
100
AcDbLine
 10
847.19813156127
 20
275.30477867127
 30
0.0
 11
847.1438789367601
 21
275.3273259163
 31
0.0
  0
LINE
  5
9BC
102
{ACAD_REACTORS
330
8E7
102
}
330
1F
100
AcDbEntity
  8
MAIN-1
100
AcDbLine
 10
847.1438789367601
 20
275.3273259163
 30
0.0
 11
847.08726882934
 21
275.3492184638999
 31
0.0
  0
LINE
  5
9BD
102
{ACAD_REACTORS
330
8E7
102
}
330
1F
100
AcDbEntity
  8
MAIN-1
100
AcDbLine
 10
847.08726882934
 20
275.3492184638999
 30
0.0
 11
847.0282859802201
 21
275.3703027725301
 31
0.0
  0
LINE
  5
9BE
102
{ACAD_REACTORS
330
8E7
102
}
330
1F
100
AcDbEntity
  8
MAIN-1
100
AcDbLine
 10
847.0282859802201
 20
275.3703027725301
 30
0.0
 11
846.96693801879
 21
275.39041433335
 31
0.0
  0
LINE
  5
9BF
102
{ACAD_REACTORS
330
8E7
102
}
330
1F
100
AcDbEntity
  8
MAIN-1
100
AcDbLine
 10
846.96693801879
 20
275.39041433335
 30
0.0
 11
846.90328979492
 21
275.4093752861099
 31
0.0
  0
LINE
  5
9C0
102
{ACAD_REACTORS
330
8E7
102
}
330
1F
100
AcDbEntity
  8
MAIN-1
100
AcDbLine
 10
846.90328979492
 20
275.4093752861099
 30
0.0
 11
846.83740615844
 21
275.4270058631901
 31
0.0
  0
LINE
  5
9C1
102
{ACAD_REACTORS
330
8E7
102
}
330
1F
100
AcDbEntity
  8
MAIN-1
100
AcDbLine
 10
846.83740615844
 20
275.4270058631901
 30
0.0
 11
846.76943206787
 21
275.4431153297501
 31
0.0
  0
LINE
  5
9C2
102
{ACAD_REACTORS
330
8E7
102
}
330
1F
100
AcDbEntity
  8
MAIN-1
100
AcDbLine
 10
846.76943206787
 20
275.4431153297501
 30
0.0
 11
846.6994056701601
 21
275.4575487136899
 31
0.0
  0
LINE
  5
9C3
102
{ACAD_REACTORS
330
8E7
102
}
330
1F
100
AcDbEntity
  8
MAIN-1
100
AcDbLine
 10
846.6994056701601
 20
275.4575487136899
 30
0.0
 11
846.62755584716
 21
275.47011671067
 31
0.0
  0
LINE
  5
9C4
102
{ACAD_REACTORS
330
8E7
102
}
330
1F
100
AcDbEntity
  8
MAIN-1
100
AcDbLine
 10
846.62755584716
 20
275.47011671067
 30
0.0
 11
846.55410385131
 21
275.4806552887001
 31
0.0
  0
LINE
  5
9C5
102
{ACAD_REACTORS
330
8E7
102
}
330
1F
100
AcDbEntity
  8
MAIN-1
100
AcDbLine
 10
846.55410385131
 20
275.4806552887001
 30
0.0
 11
846.4793357849101
 21
275.4890175819401
 31
0.0
  0
LINE
  5
9C6
102
{ACAD_REACTORS
330
8E7
102
}
330
1F
100
AcDbEntity
  8
MAIN-1
100
AcDbLine
 10
846.4793357849101
 20
275.4890175819401
 30
0.0
 11
846.4034957885699
 21
275.4950867652899
 31
0.0
  0
LINE
  5
9C7
102
{ACAD_REACTORS
330
8E7
102
}
330
1F
100
AcDbEntity
  8
MAIN-1
100
AcDbLine
 10
846.4034957885699
 20
275.4950867652899
 30
0.0
 11
846.32692718505
 21
275.4987669944801
 31
0.0
  0
LINE
  5
9C8
102
{ACAD_REACTORS
330
8E7
102
}
330
1F
100
AcDbEntity
  8
MAIN-1
100
AcDbLine
 10
846.32692718505
 20
275.4987669944801
 30
0.0
 11
846.24999999999
 21
275.5000000953701
 31
0.0
  0
ARC
  5
9C9
102
{ACAD_REACTORS
330
8E7
102
}
330
1F
100
AcDbEntity
  8
MAIN-1
100
AcDbCircle
 10
850.9500005959001
 20
272.97499952933
 30
0.0
 40
1.0
100
AcDbArc
 50
0.0000187239685635
 51
66.4218127021151
  0
LINE
  5
9CA
102
{ACAD_REACTORS
330
8E7
102
}
330
1F
100
AcDbEntity
  8
MAIN-2
100
AcDbLine
 10
906.6000002747601
 20
275.5000000953701
 30
0.0
 11
906.6000002747701
 21
271.3500000000099
 31
0.0
  0
LINE
  5
9CB
102
{ACAD_REACTORS
330
8E7
102
}
330
1F
100
AcDbEntity
  8
MAIN-2
100
AcDbLine
 10
906.90000027477
 20
271.35000000124
 30
0.0
 11
906.90000027477
 21
275.50000000001
 31
0.0
  0
LINE
  5
9CC
102
{ACAD_REACTORS
330
8E7
102
}
330
1F
100
AcDbEntity
  8
MAIN-2
100
AcDbLine
 10
842.10227203369
 20
275.5000000953701
 30
0.0
 11
842.10227203369
 21
270.3500000000099
 31
0.0
  0
LINE
  5
9CD
102
{ACAD_REACTORS
330
8E7
102
}
330
1F
100
AcDbEntity
  8
MAIN-2
100
AcDbLine
 10
891.9310951232901
 20
270.3500000000199
 30
0.0
 11
891.9310951232901
 21
275.5000000953701
 31
0.0
  0
LINE
  5
9CE
102
{ACAD_REACTORS
330
8E7
102
}
330
1F
100
AcDbEntity
  8
MAIN-2
100
AcDbLine
 10
891.9707685701701
 20
275.50000000001
 30
0.0
 11
891.9707685701701
 21
270.3500000000099
 31
0.0
  0
LINE
  5
9CF
102
{ACAD_REACTORS
330
8E7
102
}
330
1F
100
AcDbEntity
  8
MAIN-2
100
AcDbLine
 10
907.7090883255
 20
270.3500000000099
 30
0.0
 11
907.7090883255
 21
275.5000000953701
 31
0.0
  0
LINE
  5
9D0
102
{ACAD_REACTORS
330
8E7
102
}
330
1F
100
AcDbEntity
  8
MAIN-2
100
AcDbLine
 10
908.40000027476
 20
270.3500000000099
 30
0.0
 11
908.40000027476
 21
275.50000000001
 31
0.0
  0
ARC
  5
9D1
102
{ACAD_REACTORS
330
8E7
102
}
330
1F
100
AcDbEntity
  8
MAIN-1
100
AcDbCircle
 10
845.65000059782
 20
273.1000000009701
 30
0.0
 40
2.40000000000532
100
AcDbArc
 50
179.9999812760317
 51
269.9999801521574
  0
LINE
  5
9D2
102
{ACAD_REACTORS
330
8E7
102
}
330
1F
100
AcDbEntity
  8
MAIN-1
100
AcDbLine
 10
853.62707138061
 20
274.15917930604
 30
0.0
 11
853.59351348876
 21
274.1256185531699
 31
0.0
  0
LINE
  5
9D3
102
{ACAD_REACTORS
330
8E7
102
}
330
1F
100
AcDbEntity
  8
MAIN-1
100
AcDbLine
 10
853.59351348876
 20
274.1256185531699
 30
0.0
 11
853.5581893920801
 21
274.09029541016
 31
0.0
  0
LINE
  5
9D4
102
{ACAD_REACTORS
330
8E7
102
}
330
1F
100
AcDbEntity
  8
MAIN-1
100
AcDbLine
 10
853.5581893920801
 20
274.09029541016
 30
0.0
 11
853.52122116088
 21
274.0533286094701
 31
0.0
  0
LINE
  5
9D5
102
{ACAD_REACTORS
330
8E7
102
}
330
1F
100
AcDbEntity
  8
MAIN-1
100
AcDbLine
 10
853.52122116088
 20
274.0533286094701
 30
0.0
 11
853.4827308654701
 21
274.0148373603899
 31
0.0
  0
LINE
  5
9D6
102
{ACAD_REACTORS
330
8E7
102
}
330
1F
100
AcDbEntity
  8
MAIN-1
100
AcDbLine
 10
853.4827308654701
 20
274.0148373603899
 30
0.0
 11
853.4428329467701
 21
273.97493991852
 31
0.0
  0
LINE
  5
9D7
102
{ACAD_REACTORS
330
8E7
102
}
330
1F
100
AcDbEntity
  8
MAIN-1
100
AcDbLine
 10
853.4428329467701
 20
273.97493991852
 30
0.0
 11
853.4016494750899
 21
273.9337552547499
 31
0.0
  0
LINE
  5
9D8
102
{ACAD_REACTORS
330
8E7
102
}
330
1F
100
AcDbEntity
  8
MAIN-1
100
AcDbLine
 10
872.12707138061
 20
274.15917930604
 30
0.0
 11
872.09351348876
 21
274.1256185531699
 31
0.0
  0
LINE
  5
9D9
102
{ACAD_REACTORS
330
8E7
102
}
330
1F
100
AcDbEntity
  8
MAIN-1
100
AcDbLine
 10
872.09351348876
 20
274.1256185531699
 30
0.0
 11
872.0581893920801
 21
274.09029541016
 31
0.0
  0
LINE
  5
9DA
102
{ACAD_REACTORS
330
8E7
102
}
330
1F
100
AcDbEntity
  8
MAIN-1
100
AcDbLine
 10
872.0581893920801
 20
274.09029541016
 30
0.0
 11
872.02122116088
 21
274.0533286094701
 31
0.0
  0
LINE
  5
9DB
102
{ACAD_REACTORS
330
8E7
102
}
330
1F
100
AcDbEntity
  8
MAIN-1
100
AcDbLine
 10
872.02122116088
 20
274.0533286094701
 30
0.0
 11
871.9827308654701
 21
274.0148373603899
 31
0.0
  0
LINE
  5
9DC
102
{ACAD_REACTORS
330
8E7
102
}
330
1F
100
AcDbEntity
  8
MAIN-1
100
AcDbLine
 10
871.9827308654701
 20
274.0148373603899
 30
0.0
 11
871.9428329467701
 21
273.97493991852
 31
0.0
  0
LINE
  5
9DD
102
{ACAD_REACTORS
330
8E7
102
}
330
1F
100
AcDbEntity
  8
MAIN-1
100
AcDbLine
 10
871.9428329467701
 20
273.97493991852
 30
0.0
 11
871.9016494750899
 21
273.9337552547499
 31
0.0
  0
LINE
  5
9DE
102
{ACAD_REACTORS
330
8E7
102
}
330
1F
100
AcDbEntity
  8
MAIN-1
100
AcDbLine
 10
840.8500003230699
 20
275.50000000001
 30
0.0
 11
841.2843179521601
 21
275.50000000001
 31
0.0
  0
LINE
  5
9DF
102
{ACAD_REACTORS
330
8E7
102
}
330
1F
100
AcDbEntity
  8
MAIN-1
100
AcDbLine
 10
841.3934168544199
 20
275.50000000001
 30
0.0
 11
841.2843177601701
 21
275.50000000001
 31
0.0
  0
LINE
  5
9E0
102
{ACAD_REACTORS
330
8E7
102
}
330
1F
100
AcDbEntity
  8
MAIN-1
100
AcDbLine
 10
841.5007665036501
 20
275.5
 30
0.0
 11
841.3934213377399
 21
275.5
 31
0.0
  0
LINE
  5
9E1
102
{ACAD_REACTORS
330
8E7
102
}
330
1F
100
AcDbEntity
  8
MAIN-1
100
AcDbLine
 10
841.5007665036501
 20
275.5
 30
0.0
 11
844.6500005973701
 21
275.5
 31
0.0
  0
LINE
  5
9E2
102
{ACAD_REACTORS
330
8E7
102
}
330
1F
100
AcDbEntity
  8
MAIN-1
100
AcDbLine
 10
844.65000059728
 20
275.50000000001
 30
0.0
 11
845.6500005978401
 21
275.50000000001
 31
0.0
  0
LINE
  5
9E3
102
{ACAD_REACTORS
330
8E7
102
}
330
1F
100
AcDbEntity
  8
MAIN-1
100
AcDbLine
 10
846.25000059785
 20
275.50000000001
 30
0.0
 11
845.6500005978401
 21
275.50000000001
 31
0.0
  0
LINE
  5
9E4
102
{ACAD_REACTORS
330
8E7
102
}
330
1F
100
AcDbEntity
  8
MAIN-1
100
AcDbLine
 10
847.25000059842
 20
275.50000000001
 30
0.0
 11
846.25000059785
 21
275.50000000001
 31
0.0
  0
LINE
  5
9E5
102
{ACAD_REACTORS
330
8E7
102
}
330
1F
100
AcDbEntity
  8
MAIN-1
100
AcDbLine
 10
854.9315010200801
 20
275.50000000001
 30
0.0
 11
847.25000059832
 21
275.50000000001
 31
0.0
  0
LINE
  5
9E6
102
{ACAD_REACTORS
330
8E7
102
}
330
1F
100
AcDbEntity
  8
MAIN-1
100
AcDbLine
 10
855.65000059766
 20
275.50000000001
 30
0.0
 11
854.9315010200801
 21
275.50000000001
 31
0.0
  0
LINE
  5
9E7
102
{ACAD_REACTORS
330
8E7
102
}
330
1F
100
AcDbEntity
  8
MAIN-1
100
AcDbLine
 10
855.65000059766
 20
275.50000000001
 30
0.0
 11
858.80000059748
 21
275.50000000001
 31
0.0
  0
LINE
  5
9E8
102
{ACAD_REACTORS
330
8E7
102
}
330
1F
100
AcDbEntity
  8
MAIN-1
100
AcDbLine
 10
858.80000059748
 20
275.5
 30
0.0
 11
859.35000032273
 21
275.5
 31
0.0
  0
LINE
  5
9E9
102
{ACAD_REACTORS
330
8E7
102
}
330
1F
100
AcDbEntity
  8
MAIN-1
100
AcDbLine
 10
859.35000032273
 20
275.5
 30
0.0
 11
859.78431795182
 21
275.5
 31
0.0
  0
LINE
  5
9EA
102
{ACAD_REACTORS
330
8E7
102
}
330
1F
100
AcDbEntity
  8
MAIN-1
100
AcDbLine
 10
859.89341685408
 20
275.5
 30
0.0
 11
859.78431775983
 21
275.5
 31
0.0
  0
LINE
  5
9EB
102
{ACAD_REACTORS
330
8E7
102
}
330
1F
100
AcDbEntity
  8
MAIN-1
100
AcDbLine
 10
860.0007665033099
 20
275.5
 30
0.0
 11
859.8934213374
 21
275.5
 31
0.0
  0
LINE
  5
9EC
102
{ACAD_REACTORS
330
8E7
102
}
330
1F
100
AcDbEntity
  8
MAIN-1
100
AcDbLine
 10
860.0007665033099
 20
275.50000000001
 30
0.0
 11
863.1500005970299
 21
275.50000000001
 31
0.0
  0
LINE
  5
9ED
102
{ACAD_REACTORS
330
8E7
102
}
330
1F
100
AcDbEntity
  8
MAIN-1
100
AcDbLine
 10
863.1500005969001
 20
275.50000000001
 30
0.0
 11
864.1500005974999
 21
275.50000000001
 31
0.0
  0
LINE
  5
9EE
102
{ACAD_REACTORS
330
8E7
102
}
330
1F
100
AcDbEntity
  8
MAIN-1
100
AcDbLine
 10
864.75000059751
 20
275.50000000001
 30
0.0
 11
864.1500005974999
 21
275.50000000001
 31
0.0
  0
LINE
  5
9EF
102
{ACAD_REACTORS
330
8E7
102
}
330
1F
100
AcDbEntity
  8
MAIN-1
100
AcDbLine
 10
865.7500005981201
 20
275.50000000001
 30
0.0
 11
864.75000059751
 21
275.50000000001
 31
0.0
  0
LINE
  5
9F0
102
{ACAD_REACTORS
330
8E7
102
}
330
1F
100
AcDbEntity
  8
MAIN-1
100
AcDbLine
 10
865.75000059798
 20
275.5
 30
0.0
 11
876.3315008782199
 21
275.5
 31
0.0
  0
LINE
  5
9F1
102
{ACAD_REACTORS
330
8E7
102
}
330
1F
100
AcDbEntity
  8
MAIN-1
100
AcDbLine
 10
877.05000059743
 20
275.50000000001
 30
0.0
 11
876.3315008782199
 21
275.50000000001
 31
0.0
  0
LINE
  5
9F2
102
{ACAD_REACTORS
330
8E7
102
}
330
1F
100
AcDbEntity
  8
MAIN-1
100
AcDbLine
 10
877.05000059746
 20
275.50000000001
 30
0.0
 11
880.20000059728
 21
275.50000000001
 31
0.0
  0
LINE
  5
9F3
102
{ACAD_REACTORS
330
8E7
102
}
330
1F
100
AcDbEntity
  8
MAIN-1
100
AcDbLine
 10
880.91850031648
 20
275.50000000001
 30
0.0
 11
880.2000005973
 21
275.50000000001
 31
0.0
  0
LINE
  5
9F4
102
{ACAD_REACTORS
330
8E7
102
}
330
1F
100
AcDbEntity
  8
MAIN-1
100
AcDbLine
 10
888.05006824866
 20
275.50000000001
 30
0.0
 11
880.91850031648
 21
275.50000000001
 31
0.0
  0
LINE
  5
9F5
102
{ACAD_REACTORS
330
8E7
102
}
330
1F
100
AcDbEntity
  8
MAIN-1
100
AcDbLine
 10
888.05006824776
 20
275.50000000001
 30
0.0
 11
889.0500682491399
 21
275.50000000001
 31
0.0
  0
LINE
  5
9F6
102
{ACAD_REACTORS
330
8E7
102
}
330
1F
100
AcDbEntity
  8
MAIN-1
100
AcDbLine
 10
889.0500682491399
 20
275.50000000001
 30
0.0
 11
889.6500682491401
 21
275.50000000001
 31
0.0
  0
LINE
  5
9F7
102
{ACAD_REACTORS
330
8E7
102
}
330
1F
100
AcDbEntity
  8
MAIN-1
100
AcDbLine
 10
890.65006825051
 20
275.50000000001
 30
0.0
 11
889.6500682491401
 21
275.50000000001
 31
0.0
  0
LINE
  5
9F8
102
{ACAD_REACTORS
330
8E7
102
}
330
1F
100
AcDbEntity
  8
MAIN-1
100
AcDbLine
 10
890.6500682496101
 20
275.5
 30
0.0
 11
893.7039972892701
 21
275.5
 31
0.0
  0
LINE
  5
9F9
102
{ACAD_REACTORS
330
8E7
102
}
330
1F
100
AcDbEntity
  8
MAIN-1
100
AcDbLine
 10
893.8322521140899
 20
275.5
 30
0.0
 11
893.7039972892701
 21
275.5
 31
0.0
  0
LINE
  5
9FA
102
{ACAD_REACTORS
330
8E7
102
}
330
1F
100
AcDbEntity
  8
MAIN-1
100
AcDbLine
 10
893.83224758656
 20
275.5
 30
0.0
 11
894.3671926762099
 21
275.5
 31
0.0
  0
LINE
  5
9FB
102
{ACAD_REACTORS
330
8E7
102
}
330
1F
100
AcDbEntity
  8
MAIN-1
100
AcDbLine
 10
895.00000087221
 20
275.5
 30
0.0
 11
894.3671928700901
 21
275.5
 31
0.0
  0
LINE
  5
9FC
102
{ACAD_REACTORS
330
8E7
102
}
330
1F
100
AcDbEntity
  8
MAIN-1
100
AcDbLine
 10
895.00000087221
 20
275.50000000001
 30
0.0
 11
903.00000028825
 21
275.50000000001
 31
0.0
  0
LINE
  5
9FD
102
{ACAD_REACTORS
330
8E7
102
}
330
1F
100
AcDbEntity
  8
MAIN-1
100
AcDbLine
 10
903.00000028822
 20
275.50000000001
 30
0.0
 11
904.00000028873
 21
275.50000000001
 31
0.0
  0
LINE
  5
9FE
102
{ACAD_REACTORS
330
8E7
102
}
330
1F
100
AcDbEntity
  8
MAIN-1
100
AcDbLine
 10
904.00000028873
 20
275.50000000001
 30
0.0
 11
904.6000002887299
 21
275.50000000001
 31
0.0
  0
LINE
  5
9FF
102
{ACAD_REACTORS
330
8E7
102
}
330
1F
100
AcDbEntity
  8
MAIN-1
100
AcDbLine
 10
905.6000002892299
 20
275.50000000001
 30
0.0
 11
904.6000002887299
 21
275.50000000001
 31
0.0
  0
LINE
  5
A00
102
{ACAD_REACTORS
330
8E7
102
}
330
1F
100
AcDbEntity
  8
MAIN-1
100
AcDbLine
 10
905.6000002891999
 20
275.50000000001
 30
0.0
 11
908.99999999999
 21
275.50000000001
 31
0.0
  0
LINE
  5
A01
102
{ACAD_REACTORS
330
8E7
102
}
330
1F
100
AcDbEntity
  8
MAIN-1
100
AcDbLine
 10
895.00000087221
 20
270.3500000000099
 30
0.0
 11
908.99999999999
 21
270.3500000000099
 31
0.0
  0
LINE
  5
A02
102
{ACAD_REACTORS
330
8E7
102
}
330
1F
100
AcDbEntity
  8
MAIN-1
100
AcDbLine
 10
895.00000087221
 20
270.3499999999999
 30
0.0
 11
894.3671928700901
 21
270.3499999999999
 31
0.0
  0
LINE
  5
A03
102
{ACAD_REACTORS
330
8E7
102
}
330
1F
100
AcDbEntity
  8
MAIN-1
100
AcDbLine
 10
893.83224758656
 20
270.3499999999999
 30
0.0
 11
894.3671926762099
 21
270.3499999999999
 31
0.0
  0
LINE
  5
A04
102
{ACAD_REACTORS
330
8E7
102
}
330
1F
100
AcDbEntity
  8
MAIN-1
100
AcDbLine
 10
893.8322521140899
 20
270.3499999999999
 30
0.0
 11
893.7039972892701
 21
270.3499999999999
 31
0.0
  0
LINE
  5
A05
102
{ACAD_REACTORS
330
8E7
102
}
330
1F
100
AcDbEntity
  8
MAIN-1
100
AcDbLine
 10
880.91850031648
 20
270.3499999999999
 30
0.0
 11
893.7039972892701
 21
270.3499999999999
 31
0.0
  0
LINE
  5
A06
102
{ACAD_REACTORS
330
8E7
102
}
330
1F
100
AcDbEntity
  8
MAIN-1
100
AcDbLine
 10
880.91850031648
 20
270.3500000000099
 30
0.0
 11
880.2000005973
 21
270.3500000000099
 31
0.0
  0
LINE
  5
A07
102
{ACAD_REACTORS
330
8E7
102
}
330
1F
100
AcDbEntity
  8
MAIN-1
100
AcDbLine
 10
877.05000059746
 20
270.3500000000099
 30
0.0
 11
880.20000059728
 21
270.3500000000099
 31
0.0
  0
LINE
  5
A08
102
{ACAD_REACTORS
330
8E7
102
}
330
1F
100
AcDbEntity
  8
MAIN-1
100
AcDbLine
 10
877.05000059743
 20
270.3500000000099
 30
0.0
 11
876.3315008782199
 21
270.3500000000099
 31
0.0
  0
LINE
  5
A09
102
{ACAD_REACTORS
330
8E7
102
}
330
1F
100
AcDbEntity
  8
MAIN-1
100
AcDbLine
 10
860.0007665033099
 20
270.3499999999999
 30
0.0
 11
876.3315008782199
 21
270.3499999999999
 31
0.0
  0
LINE
  5
A0A
102
{ACAD_REACTORS
330
8E7
102
}
330
1F
100
AcDbEntity
  8
MAIN-1
100
AcDbLine
 10
860.0007665033099
 20
270.3499999999999
 30
0.0
 11
859.8934213374
 21
270.3499999999999
 31
0.0
  0
LINE
  5
A0B
102
{ACAD_REACTORS
330
8E7
102
}
330
1F
100
AcDbEntity
  8
MAIN-1
100
AcDbLine
 10
859.89341685408
 20
270.3499999999999
 30
0.0
 11
859.78431775983
 21
270.3499999999999
 31
0.0
  0
LINE
  5
A0C
102
{ACAD_REACTORS
330
8E7
102
}
330
1F
100
AcDbEntity
  8
MAIN-1
100
AcDbLine
 10
859.35000032273
 20
270.3499999999999
 30
0.0
 11
859.78431795182
 21
270.3499999999999
 31
0.0
  0
LINE
  5
A0D
102
{ACAD_REACTORS
330
8E7
102
}
330
1F
100
AcDbEntity
  8
MAIN-1
100
AcDbLine
 10
858.80000059748
 20
270.3499999999999
 30
0.0
 11
859.35000032273
 21
270.3499999999999
 31
0.0
  0
LINE
  5
A0E
102
{ACAD_REACTORS
330
8E7
102
}
330
1F
100
AcDbEntity
  8
MAIN-1
100
AcDbLine
 10
855.65000059766
 20
270.3500000000099
 30
0.0
 11
858.80000059748
 21
270.3500000000099
 31
0.0
  0
LINE
  5
A0F
102
{ACAD_REACTORS
330
8E7
102
}
330
1F
100
AcDbEntity
  8
MAIN-1
100
AcDbLine
 10
855.65000059766
 20
270.3500000000099
 30
0.0
 11
854.9315010200801
 21
270.3500000000099
 31
0.0
  0
LINE
  5
A10
102
{ACAD_REACTORS
330
8E7
102
}
330
1F
100
AcDbEntity
  8
MAIN-1
100
AcDbLine
 10
841.5007665036501
 20
270.3499999999999
 30
0.0
 11
854.9315010200801
 21
270.3499999999999
 31
0.0
  0
LINE
  5
A11
102
{ACAD_REACTORS
330
8E7
102
}
330
1F
100
AcDbEntity
  8
MAIN-1
100
AcDbLine
 10
841.5007665036501
 20
270.3499999999999
 30
0.0
 11
841.3934213377399
 21
270.3499999999999
 31
0.0
  0
LINE
  5
A12
102
{ACAD_REACTORS
330
8E7
102
}
330
1F
100
AcDbEntity
  8
MAIN-1
100
AcDbLine
 10
841.3934168544199
 20
270.3500000000099
 30
0.0
 11
841.2843177601701
 21
270.3500000000099
 31
0.0
  0
LINE
  5
A13
102
{ACAD_REACTORS
330
8E7
102
}
330
1F
100
AcDbEntity
  8
MAIN-1
100
AcDbLine
 10
840.8500003230699
 20
270.3500000000099
 30
0.0
 11
841.2843179521601
 21
270.3500000000099
 31
0.0
  0
LINE
  5
A14
102
{ACAD_REACTORS
330
8E7
102
}
330
1F
100
AcDbEntity
  8
MAIN-1
100
AcDbLine
 10
848.7000005976299
 20
274.9000000009901
 30
0.0
 11
848.7000005976299
 21
274.3888931650499
 31
0.0
  0
LINE
  5
A15
102
{ACAD_REACTORS
330
8E7
102
}
330
1F
100
AcDbEntity
  8
MAIN-1
100
AcDbLine
 10
850.55000059592
 20
271.04999957571
 30
0.0
 11
850.55000059593
 21
272.05848439033
 31
0.0
  0
ARC
  5
A16
102
{ACAD_REACTORS
330
8E7
102
}
330
1F
100
AcDbEntity
  8
MAIN-1
100
AcDbCircle
 10
850.9500005959001
 20
272.97499952933
 30
0.0
 40
1.0
100
AcDbArc
 50
179.9999812760317
 51
246.4218325499577
  0
LINE
  5
A17
102
{ACAD_REACTORS
330
8E7
102
}
330
1F
100
AcDbEntity
  8
MAIN-1
100
AcDbLine
 10
850.55000059596
 20
274.9000000009901
 30
0.0
 11
850.55000059595
 21
273.8915146683501
 31
0.0
  0
LINE
  5
A18
102
{ACAD_REACTORS
330
8E7
102
}
330
1F
100
AcDbEntity
  8
MAIN-1
100
AcDbLine
 10
845.6500005978301
 20
270.70000000097
 30
0.0
 11
846.25000059782
 21
270.70000000097
 31
0.0
  0
LINE
  5
A19
102
{ACAD_REACTORS
330
8E7
102
}
330
1F
100
AcDbEntity
  8
MAIN-2
100
AcDbLine
 10
907.3999999999901
 20
275.50000000001
 30
0.0
 11
907.3999999999901
 21
270.3500000000099
 31
0.0
  0
LINE
  5
A1A
102
{ACAD_REACTORS
330
8E7
102
}
330
1F
100
AcDbEntity
  8
MAIN-2
100
AcDbLine
 10
860.1500002887201
 20
275.50000000001
 30
0.0
 11
860.1500002887201
 21
270.3500000000099
 31
0.0
  0
LINE
  5
A1B
102
{ACAD_REACTORS
330
8E7
102
}
330
1F
100
AcDbEntity
  8
MAIN-2
100
AcDbLine
 10
908.46999999999
 20
275.50000000001
 30
0.0
 11
908.46999999999
 21
270.3500000000099
 31
0.0
  0
LINE
  5
A1C
102
{ACAD_REACTORS
330
8E7
102
}
330
1F
100
AcDbEntity
  8
MAIN-1
100
AcDbLine
 10
843.9529443229701
 20
274.7970562757901
 30
0.0
 11
844.2172722058799
 21
274.53272839288
 31
0.0
  0
LINE
  5
A1D
102
{ACAD_REACTORS
330
8E7
102
}
330
1F
100
AcDbEntity
  8
MAIN-1
100
AcDbLine
 10
844.2172722058799
 20
274.53272839288
 30
0.0
 11
846.25000059787
 21
274.56815813307
 31
0.0
  0
LINE
  5
A1E
102
{ACAD_REACTORS
330
8E7
102
}
330
1F
100
AcDbEntity
  8
MAIN-1
100
AcDbLine
 10
846.25000059787
 20
274.56815813307
 30
0.0
 11
846.25000059785
 21
275.5
 31
0.0
  0
LINE
  5
A1F
102
{ACAD_REACTORS
330
8E7
102
}
330
1F
100
AcDbEntity
  8
MAIN-1
100
AcDbLine
 10
844.00000059796
 20
271.4500000010701
 30
0.0
 11
843.9529443230001
 21
271.4029437261099
 31
0.0
  0
LINE
  5
A20
102
{ACAD_REACTORS
330
8E7
102
}
330
1F
100
AcDbEntity
  8
MAIN-1
100
AcDbLine
 10
844.5000005980801
 20
271.4500000010501
 30
0.0
 11
844.5000005980601
 21
274.5376566105199
 31
0.0
  0
LINE
  5
A21
102
{ACAD_REACTORS
330
8E7
102
}
330
1F
100
AcDbEntity
  8
MAIN-2
100
AcDbLine
 10
844.5000005980601
 20
274.5376566105199
 30
0.0
 11
844.5000005980601
 21
274.5380759791699
 31
0.0
  0
LINE
  5
A22
102
{ACAD_REACTORS
330
8E7
102
}
330
1F
100
AcDbEntity
  8
MAIN-2
100
AcDbLine
 10
844.2172722058799
 20
274.53272839288
 30
0.0
 11
844.5000005980601
 21
274.5380759791699
 31
0.0
  0
LINE
  5
A23
102
{ACAD_REACTORS
330
8E7
102
}
330
1F
100
AcDbEntity
  8
MAIN-1
100
AcDbLine
 10
908.99999999999
 20
270.3500000000099
 30
0.0
 11
908.99999999999
 21
275.50000000001
 31
0.0
  0
ARC
  5
A24
102
{ACAD_REACTORS
330
8E7
102
}
330
1F
100
AcDbEntity
  8
MAIN-1
100
AcDbCircle
 10
845.65000059782
 20
273.1000000009701
 30
0.0
 40
2.40000000000532
100
AcDbArc
 50
114.6243509360145
 51
179.9999812760317
  0
LINE
  5
A25
102
{ACAD_REACTORS
330
8E7
102
}
330
1F
100
AcDbEntity
  8
MAIN-1
100
AcDbLine
 10
844.65000152587
 20
275.2817421913201
 30
0.0
 11
844.7018585205001
 21
275.30477485657
 31
0.0
  0
LINE
  5
A26
102
{ACAD_REACTORS
330
8E7
102
}
330
1F
100
AcDbEntity
  8
MAIN-1
100
AcDbLine
 10
844.7018585205001
 20
275.30477485657
 30
0.0
 11
844.7561264038
 21
275.3273273468101
 31
0.0
  0
LINE
  5
A27
102
{ACAD_REACTORS
330
8E7
102
}
330
1F
100
AcDbEntity
  8
MAIN-1
100
AcDbLine
 10
844.7561264038
 20
275.3273273468101
 30
0.0
 11
844.81275939941
 21
275.3492280006501
 31
0.0
  0
LINE
  5
A28
102
{ACAD_REACTORS
330
8E7
102
}
330
1F
100
AcDbEntity
  8
MAIN-1
100
AcDbLine
 10
844.81275939941
 20
275.3492280006501
 30
0.0
 11
844.87171173095
 21
275.37030134202
 31
0.0
  0
LINE
  5
A29
102
{ACAD_REACTORS
330
8E7
102
}
330
1F
100
AcDbEntity
  8
MAIN-1
100
AcDbLine
 10
844.87171173095
 20
275.37030134202
 30
0.0
 11
844.9330596923801
 21
275.39041337967
 31
0.0
  0
LINE
  5
A2A
102
{ACAD_REACTORS
330
8E7
102
}
330
1F
100
AcDbEntity
  8
MAIN-1
100
AcDbLine
 10
844.9330596923801
 20
275.39041337967
 30
0.0
 11
844.99671173095
 21
275.4093743324299
 31
0.0
  0
LINE
  5
A2B
102
{ACAD_REACTORS
330
8E7
102
}
330
1F
100
AcDbEntity
  8
MAIN-1
100
AcDbLine
 10
844.99671173095
 20
275.4093743324299
 30
0.0
 11
845.06259536743
 21
275.42700538636
 31
0.0
  0
LINE
  5
A2C
102
{ACAD_REACTORS
330
8E7
102
}
330
1F
100
AcDbEntity
  8
MAIN-1
100
AcDbLine
 10
845.06259536743
 20
275.42700538636
 30
0.0
 11
845.1305389404199
 21
275.44310817719
 31
0.0
  0
LINE
  5
A2D
102
{ACAD_REACTORS
330
8E7
102
}
330
1F
100
AcDbEntity
  8
MAIN-1
100
AcDbLine
 10
845.1305389404199
 20
275.44310817719
 30
0.0
 11
845.20055770874
 21
275.4575410842899
 31
0.0
  0
LINE
  5
A2E
102
{ACAD_REACTORS
330
8E7
102
}
330
1F
100
AcDbEntity
  8
MAIN-1
100
AcDbLine
 10
845.20055770874
 20
275.4575410842899
 30
0.0
 11
845.27244186401
 21
275.47011575699
 31
0.0
  0
LINE
  5
A2F
102
{ACAD_REACTORS
330
8E7
102
}
330
1F
100
AcDbEntity
  8
MAIN-1
100
AcDbLine
 10
845.27244186401
 20
275.47011575699
 30
0.0
 11
845.3458938598601
 21
275.4806552887001
 31
0.0
  0
LINE
  5
A30
102
{ACAD_REACTORS
330
8E7
102
}
330
1F
100
AcDbEntity
  8
MAIN-1
100
AcDbLine
 10
845.3458938598601
 20
275.4806552887001
 30
0.0
 11
845.42067718505
 21
275.4890185356201
 31
0.0
  0
LINE
  5
A31
102
{ACAD_REACTORS
330
8E7
102
}
330
1F
100
AcDbEntity
  8
MAIN-1
100
AcDbLine
 10
845.42067718505
 20
275.4890185356201
 30
0.0
 11
845.4965057372999
 21
275.49508628846
 31
0.0
  0
LINE
  5
A32
102
{ACAD_REACTORS
330
8E7
102
}
330
1F
100
AcDbEntity
  8
MAIN-1
100
AcDbLine
 10
845.4965057372999
 20
275.49508628846
 30
0.0
 11
845.5730743408201
 21
275.4987669944801
 31
0.0
  0
LINE
  5
A33
102
{ACAD_REACTORS
330
8E7
102
}
330
1F
100
AcDbEntity
  8
MAIN-1
100
AcDbLine
 10
845.5730743408201
 20
275.4987669944801
 30
0.0
 11
845.65000152587
 21
275.5000000953701
 31
0.0
  0
LINE
  5
A34
102
{ACAD_REACTORS
330
8E7
102
}
330
1F
100
AcDbEntity
  8
MAIN-1
100
AcDbLine
 10
905.6000002891999
 20
275.28174242356
 30
0.0
 11
905.6000002891999
 21
275.50000000001
 31
0.0
  0
ARC
  5
A35
102
{ACAD_REACTORS
330
8E7
102
}
330
1F
100
AcDbEntity
  8
MAIN-1
100
AcDbCircle
 10
904.6000002887499
 20
273.1000000008301
 30
0.0
 40
2.40000000000532
100
AcDbArc
 50
270.0000198478429
 51
0.0000187239685635
  0
LINE
  5
A36
102
{ACAD_REACTORS
330
8E7
102
}
330
1F
100
AcDbEntity
  8
MAIN-1
100
AcDbLine
 10
904.6000002887499
 20
270.70000000084
 30
0.0
 11
904.00000028875
 21
270.70000000084
 31
0.0
  0
ARC
  5
A37
102
{ACAD_REACTORS
330
8E7
102
}
330
1F
100
AcDbEntity
  8
MAIN-1
100
AcDbCircle
 10
904.00000028878
 20
273.1000000008301
 30
0.0
 40
2.40000000000532
100
AcDbArc
 50
114.6243509360145
 51
179.9999812760317
  0
LINE
  5
A38
102
{ACAD_REACTORS
330
8E7
102
}
330
1F
100
AcDbEntity
  8
MAIN-1
100
AcDbLine
 10
903.00000028825
 20
275.28174242353
 30
0.0
 11
903.00000028825
 21
275.50000000001
 31
0.0
  0
LINE
  5
A39
102
{ACAD_REACTORS
330
8E7
102
}
330
1F
100
AcDbEntity
  8
MAIN-1
100
AcDbLine
 10
897.6500002887699
 20
272.3212448087199
 30
0.0
 11
897.25000028876
 21
271.9212448087101
 31
0.0
  0
LINE
  5
A3A
102
{ACAD_REACTORS
330
8E7
102
}
330
1F
100
AcDbEntity
  8
MAIN-1
100
AcDbLine
 10
897.6500002887601
 20
273.62875473792
 30
0.0
 11
897.6500002887699
 21
272.3212448087199
 31
0.0
  0
LINE
  5
A3B
102
{ACAD_REACTORS
330
8E7
102
}
330
1F
100
AcDbEntity
  8
MAIN-1
100
AcDbLine
 10
897.6500002887601
 20
273.62875473792
 30
0.0
 11
897.25000028875
 21
274.0287547379401
 31
0.0
  0
LINE
  5
A3C
102
{ACAD_REACTORS
330
8E7
102
}
330
1F
100
AcDbEntity
  8
MAIN-1
100
AcDbLine
 10
897.25000028875
 20
274.90000000086
 30
0.0
 11
897.25000028875
 21
274.0287547379401
 31
0.0
  0
LINE
  5
A3D
102
{ACAD_REACTORS
330
8E7
102
}
330
1F
100
AcDbEntity
  8
MAIN-1
100
AcDbLine
 10
897.25000028874
 20
274.90000000086
 30
0.0
 11
901.5500002889501
 21
274.90000000085
 31
0.0
  0
LINE
  5
A3E
102
{ACAD_REACTORS
330
8E7
102
}
330
1F
100
AcDbEntity
  8
MAIN-1
100
AcDbLine
 10
901.5500002889501
 20
274.3888931649201
 30
0.0
 11
901.5500002889501
 21
274.90000000085
 31
0.0
  0
LINE
  5
A3F
102
{ACAD_REACTORS
330
8E7
102
}
330
1F
100
AcDbEntity
  8
MAIN-1
100
AcDbLine
 10
901.05000028875
 20
273.79301636839
 30
0.0
 11
901.5500002889501
 21
274.3888931649201
 31
0.0
  0
LINE
  5
A40
102
{ACAD_REACTORS
330
8E7
102
}
330
1F
100
AcDbEntity
  8
MAIN-1
100
AcDbLine
 10
901.05000028875
 20
273.79301636839
 30
0.0
 11
901.05000028877
 21
272.1569831782999
 31
0.0
  0
LINE
  5
A41
102
{ACAD_REACTORS
330
8E7
102
}
330
1F
100
AcDbEntity
  8
MAIN-1
100
AcDbLine
 10
901.05000028877
 20
272.1569831782899
 30
0.0
 11
901.55000028894
 21
271.5611063817901
 31
0.0
  0
LINE
  5
A42
102
{ACAD_REACTORS
330
8E7
102
}
330
1F
100
AcDbEntity
  8
MAIN-1
100
AcDbLine
 10
901.55000028894
 20
271.0499995755799
 30
0.0
 11
901.55000028894
 21
271.5611063817901
 31
0.0
  0
LINE
  5
A43
102
{ACAD_REACTORS
330
8E7
102
}
330
1F
100
AcDbEntity
  8
MAIN-1
100
AcDbLine
 10
901.55000028894
 20
271.0499995755799
 30
0.0
 11
897.25000028876
 21
271.0499995755799
 31
0.0
  0
LINE
  5
A44
102
{ACAD_REACTORS
330
8E7
102
}
330
1F
100
AcDbEntity
  8
MAIN-1
100
AcDbLine
 10
897.25000028876
 20
271.9212448087101
 30
0.0
 11
897.25000028876
 21
271.0499995755799
 31
0.0
  0
LINE
  5
A45
102
{ACAD_REACTORS
330
8E7
102
}
330
1F
100
AcDbEntity
  8
MAIN-1
100
AcDbLine
 10
895.00000087221
 20
270.3500000000099
 30
0.0
 11
895.00000087221
 21
275.50000000001
 31
0.0
  0
LINE
  5
A46
102
{ACAD_REACTORS
330
8E7
102
}
330
1F
100
AcDbEntity
  8
MAIN-2
100
AcDbLine
 10
858.49105663559
 20
275.50000000001
 30
0.0
 11
858.49105663559
 21
270.3500000000099
 31
0.0
  0
LINE
  5
A47
102
{ACAD_REACTORS
330
8E7
102
}
330
1F
100
AcDbEntity
  8
MAIN-1
100
AcDbLine
 10
894.3671928700901
 20
270.3500000000099
 30
0.0
 11
894.3671928700901
 21
275.50000000001
 31
0.0
  0
LINE
  5
A48
102
{ACAD_REACTORS
330
8E7
102
}
330
1F
100
AcDbEntity
  8
MAIN-2
100
AcDbLine
 10
894.4144785922699
 20
275.50000000001
 30
0.0
 11
894.4144785922699
 21
270.3500000000099
 31
0.0
  0
LINE
  5
A49
102
{ACAD_REACTORS
330
8E7
102
}
330
1F
100
AcDbEntity
  8
MAIN-2
100
AcDbLine
 10
893.3607342965499
 20
275.50000000001
 30
0.0
 11
893.3607342965499
 21
270.3500000000099
 31
0.0
  0
LINE
  5
A4A
102
{ACAD_REACTORS
330
8E7
102
}
330
1F
100
AcDbEntity
  8
MAIN-1
100
AcDbLine
 10
892.6500002887101
 20
270.3500000000099
 30
0.0
 11
892.6500002887101
 21
270.3500270306399
 31
0.0
  0
LINE
  5
A4B
102
{ACAD_REACTORS
330
8E7
102
}
330
1F
100
AcDbEntity
  8
MAIN-2
100
AcDbLine
 10
892.6500002887101
 20
270.3500000000099
 30
0.0
 11
892.6500002887101
 21
275.50000000001
 31
0.0
  0
LINE
  5
A4C
102
{ACAD_REACTORS
330
8E7
102
}
330
1F
100
AcDbEntity
  8
MAIN-2
100
AcDbLine
 10
892.2624095727999
 20
275.50000000001
 30
0.0
 11
892.2624095727999
 21
270.3500000000099
 31
0.0
  0
LINE
  5
A4D
102
{ACAD_REACTORS
330
8E7
102
}
330
1F
100
AcDbEntity
  8
MAIN-2
100
AcDbLine
 10
893.3161538685299
 20
275.50000000001
 30
0.0
 11
893.3161538685299
 21
270.3500000000099
 31
0.0
  0
LINE
  5
A4E
102
{ACAD_REACTORS
330
8E7
102
}
330
1F
100
AcDbEntity
  8
MAIN-2
100
AcDbLine
 10
893.3634395907
 20
270.3500000000099
 30
0.0
 11
893.3634395907
 21
275.50000000001
 31
0.0
  0
LINE
  5
A4F
102
{ACAD_REACTORS
330
8E7
102
}
330
1F
100
AcDbEntity
  8
MAIN-2
100
AcDbLine
 10
893.55000028871
 20
275.50000000001
 30
0.0
 11
893.55000028871
 21
270.3500000000099
 31
0.0
  0
LINE
  5
A50
102
{ACAD_REACTORS
330
8E7
102
}
330
1F
100
AcDbEntity
  8
MAIN-2
100
AcDbLine
 10
892.8914217593799
 20
275.50000000001
 30
0.0
 11
892.8914217593799
 21
270.3500000000099
 31
0.0
  0
LINE
  5
A51
102
{ACAD_REACTORS
330
8E7
102
}
330
1F
100
AcDbEntity
  8
MAIN-1
100
AcDbLine
 10
893.8322521140899
 20
270.3500000000099
 30
0.0
 11
893.8322521140899
 21
275.50000000001
 31
0.0
  0
LINE
  5
A52
102
{ACAD_REACTORS
330
8E7
102
}
330
1F
100
AcDbEntity
  8
MAIN-1
100
AcDbLine
 10
844.00000059796
 20
271.4500000010601
 30
0.0
 11
846.25000059787
 21
271.45000000102
 31
0.0
  0
LINE
  5
A53
102
{ACAD_REACTORS
330
8E7
102
}
330
1F
100
AcDbEntity
  8
MAIN-1
100
AcDbLine
 10
893.7039972892701
 20
270.3500000000099
 30
0.0
 11
893.7039972892701
 21
275.50000000001
 31
0.0
  0
LINE
  5
A54
102
{ACAD_REACTORS
330
8E7
102
}
330
1F
100
AcDbEntity
  8
MAIN-1
100
AcDbLine
 10
860.0007665033099
 20
270.3500000000099
 30
0.0
 11
860.0007665033099
 21
275.50000000001
 31
0.0
  0
LINE
  5
A55
102
{ACAD_REACTORS
330
8E7
102
}
330
1F
100
AcDbEntity
  8
MAIN-1
100
AcDbLine
 10
876.3315008782199
 20
270.3500000000099
 30
0.0
 11
876.3315008782199
 21
275.50000000001
 31
0.0
  0
LINE
  5
A56
102
{ACAD_REACTORS
330
8E7
102
}
330
1F
100
AcDbEntity
  8
MAIN-1
100
AcDbLine
 10
865.75000059798
 20
275.50000000001
 30
0.0
 11
865.75000059798
 21
275.2817424237501
 31
0.0
  0
ARC
  5
A57
102
{ACAD_REACTORS
330
8E7
102
}
330
1F
100
AcDbEntity
  8
MAIN-1
100
AcDbCircle
 10
864.75000059746
 20
273.1000000010599
 30
0.0
 40
2.40000000000532
100
AcDbArc
 50
269.9999801521574
 51
0.0000187239685635
  0
LINE
  5
A58
102
{ACAD_REACTORS
330
8E7
102
}
330
1F
100
AcDbEntity
  8
MAIN-1
100
AcDbLine
 10
864.75000059748
 20
270.7000000010601
 30
0.0
 11
864.1500005974899
 21
270.7000000010601
 31
0.0
  0
ARC
  5
A59
102
{ACAD_REACTORS
330
8E7
102
}
330
1F
100
AcDbEntity
  8
MAIN-1
100
AcDbCircle
 10
864.1500005974799
 20
273.1000000010599
 30
0.0
 40
2.40000000000532
100
AcDbArc
 50
114.6243509360145
 51
179.9999812760317
  0
LINE
  5
A5A
102
{ACAD_REACTORS
330
8E7
102
}
330
1F
100
AcDbEntity
  8
MAIN-1
100
AcDbLine
 10
863.1500005970299
 20
275.50000000001
 30
0.0
 11
863.1500005970299
 21
275.2817424237901
 31
0.0
  0
LINE
  5
A5B
102
{ACAD_REACTORS
330
8E7
102
}
330
1F
100
AcDbEntity
  8
MAIN-1
100
AcDbLine
 10
874.05000059741
 20
274.80000000107
 30
0.0
 11
874.05000059741
 21
273.30000000107
 31
0.0
  0
LINE
  5
A5C
102
{ACAD_REACTORS
330
8E7
102
}
330
1F
100
AcDbEntity
  8
MAIN-1
100
AcDbLine
 10
875.55000059741
 20
274.80000000107
 30
0.0
 11
874.05000059741
 21
274.80000000107
 31
0.0
  0
LINE
  5
A5D
102
{ACAD_REACTORS
330
8E7
102
}
330
1F
100
AcDbEntity
  8
MAIN-1
100
AcDbLine
 10
875.55000059741
 20
273.30000000107
 30
0.0
 11
875.55000059741
 21
274.80000000107
 31
0.0
  0
LINE
  5
A5E
102
{ACAD_REACTORS
330
8E7
102
}
330
1F
100
AcDbEntity
  8
MAIN-1
100
AcDbLine
 10
874.05000059741
 20
273.30000000107
 30
0.0
 11
875.55000059741
 21
273.30000000107
 31
0.0
  0
LINE
  5
A5F
102
{ACAD_REACTORS
330
8E7
102
}
330
1F
100
AcDbEntity
  8
MAIN-1
100
AcDbLine
 10
871.50000059748
 20
274.0287547381599
 30
0.0
 11
871.50000059749
 21
274.9000000010899
 31
0.0
  0
LINE
  5
A60
102
{ACAD_REACTORS
330
8E7
102
}
330
1F
100
AcDbEntity
  8
MAIN-1
100
AcDbLine
 10
871.10000059747
 20
273.6287547381501
 30
0.0
 11
871.50000059748
 21
274.0287547381599
 31
0.0
  0
LINE
  5
A61
102
{ACAD_REACTORS
330
8E7
102
}
330
1F
100
AcDbEntity
  8
MAIN-1
100
AcDbLine
 10
871.10000059747
 20
273.6287547381501
 30
0.0
 11
871.1000005974599
 21
272.32124480895
 31
0.0
  0
LINE
  5
A62
102
{ACAD_REACTORS
330
8E7
102
}
330
1F
100
AcDbEntity
  8
MAIN-1
100
AcDbLine
 10
871.50000059748
 20
271.9212448089299
 30
0.0
 11
871.1000005974599
 21
272.32124480895
 31
0.0
  0
LINE
  5
A63
102
{ACAD_REACTORS
330
8E7
102
}
330
1F
100
AcDbEntity
  8
MAIN-1
100
AcDbLine
 10
871.50000059747
 20
271.04999957581
 30
0.0
 11
871.50000059748
 21
271.9212448089299
 31
0.0
  0
LINE
  5
A64
102
{ACAD_REACTORS
330
8E7
102
}
330
1F
100
AcDbEntity
  8
MAIN-1
100
AcDbLine
 10
871.50000059747
 20
271.04999957581
 30
0.0
 11
867.20000059729
 21
271.04999957581
 31
0.0
  0
LINE
  5
A65
102
{ACAD_REACTORS
330
8E7
102
}
330
1F
100
AcDbEntity
  8
MAIN-1
100
AcDbLine
 10
867.20000059729
 20
271.5611063820199
 30
0.0
 11
867.20000059729
 21
271.04999957581
 31
0.0
  0
LINE
  5
A66
102
{ACAD_REACTORS
330
8E7
102
}
330
1F
100
AcDbEntity
  8
MAIN-1
100
AcDbLine
 10
867.20000059729
 20
271.5611063820199
 30
0.0
 11
867.7000005974701
 21
272.15698317852
 31
0.0
  0
LINE
  5
A67
102
{ACAD_REACTORS
330
8E7
102
}
330
1F
100
AcDbEntity
  8
MAIN-1
100
AcDbLine
 10
867.7000005974701
 20
272.15698317852
 30
0.0
 11
867.7000005974801
 21
273.7930163686101
 31
0.0
  0
LINE
  5
A68
102
{ACAD_REACTORS
330
8E7
102
}
330
1F
100
AcDbEntity
  8
MAIN-1
100
AcDbLine
 10
867.7000005974801
 20
273.7930163686101
 30
0.0
 11
867.20000059728
 21
274.38889316515
 31
0.0
  0
LINE
  5
A69
102
{ACAD_REACTORS
330
8E7
102
}
330
1F
100
AcDbEntity
  8
MAIN-1
100
AcDbLine
 10
867.20000059728
 20
274.9000000010799
 30
0.0
 11
867.20000059729
 21
274.38889316515
 31
0.0
  0
LINE
  5
A6A
102
{ACAD_REACTORS
330
8E7
102
}
330
1F
100
AcDbEntity
  8
MAIN-1
100
AcDbLine
 10
871.50000059749
 20
274.9000000010899
 30
0.0
 11
867.20000059728
 21
274.9000000010799
 31
0.0
  0
LINE
  5
A6B
102
{ACAD_REACTORS
330
8E7
102
}
330
1F
100
AcDbEntity
  8
MAIN-1
100
AcDbLine
 10
871.9016494750899
 20
273.9337552547499
 30
0.0
 11
871.82349777221
 21
273.8556028366099
 31
0.0
  0
LINE
  5
A6C
102
{ACAD_REACTORS
330
8E7
102
}
330
1F
100
AcDbEntity
  8
MAIN-1
100
AcDbLine
 10
871.82349777221
 20
273.8556028366099
 30
0.0
 11
871.7421379089301
 21
273.7742434501699
 31
0.0
  0
LINE
  5
A6D
102
{ACAD_REACTORS
330
8E7
102
}
330
1F
100
AcDbEntity
  8
MAIN-1
100
AcDbLine
 10
871.7421379089301
 20
273.7742434501699
 30
0.0
 11
871.6579971313399
 21
273.6901014804901
 31
0.0
  0
LINE
  5
A6E
102
{ACAD_REACTORS
330
8E7
102
}
330
1F
100
AcDbEntity
  8
MAIN-1
100
AcDbLine
 10
871.6579971313399
 20
273.6901014804901
 30
0.0
 11
871.5720558166499
 21
273.60416135788
 31
0.0
  0
LINE
  5
A6F
102
{ACAD_REACTORS
330
8E7
102
}
330
1F
100
AcDbEntity
  8
MAIN-1
100
AcDbLine
 10
871.5720558166499
 20
273.60416135788
 30
0.0
 11
871.4860267639101
 21
273.51813397408
 31
0.0
  0
LINE
  5
A70
102
{ACAD_REACTORS
330
8E7
102
}
330
1F
100
AcDbEntity
  8
MAIN-1
100
AcDbLine
 10
871.4860267639101
 20
273.51813397408
 30
0.0
 11
871.40000152587
 21
273.4321068286899
 31
0.0
  0
LINE
  5
A71
102
{ACAD_REACTORS
330
8E7
102
}
330
1F
100
AcDbEntity
  8
MAIN-1
100
AcDbLine
 10
872.34644699096
 20
274.37855348588
 30
0.0
 11
872.3151092529199
 21
274.3472143173301
 31
0.0
  0
LINE
  5
A72
102
{ACAD_REACTORS
330
8E7
102
}
330
1F
100
AcDbEntity
  8
MAIN-1
100
AcDbLine
 10
872.3151092529199
 20
274.3472143173301
 30
0.0
 11
872.2837677001901
 21
274.3158751487799
 31
0.0
  0
LINE
  5
A73
102
{ACAD_REACTORS
330
8E7
102
}
330
1F
100
AcDbEntity
  8
MAIN-1
100
AcDbLine
 10
872.2837677001901
 20
274.3158751487799
 30
0.0
 11
872.25242996215
 21
274.28453598023
 31
0.0
  0
LINE
  5
A74
102
{ACAD_REACTORS
330
8E7
102
}
330
1F
100
AcDbEntity
  8
MAIN-1
100
AcDbLine
 10
872.25242996215
 20
274.28453598023
 30
0.0
 11
872.22109222412
 21
274.25319681168
 31
0.0
  0
LINE
  5
A75
102
{ACAD_REACTORS
330
8E7
102
}
330
1F
100
AcDbEntity
  8
MAIN-1
100
AcDbLine
 10
872.22109222412
 20
274.25319681168
 30
0.0
 11
872.1897506713799
 21
274.2218576431301
 31
0.0
  0
LINE
  5
A76
102
{ACAD_REACTORS
330
8E7
102
}
330
1F
100
AcDbEntity
  8
MAIN-1
100
AcDbLine
 10
872.1897506713799
 20
274.2218576431301
 30
0.0
 11
872.1584129333401
 21
274.1905184745799
 31
0.0
  0
LINE
  5
A77
102
{ACAD_REACTORS
330
8E7
102
}
330
1F
100
AcDbEntity
  8
MAIN-1
100
AcDbLine
 10
872.1584129333401
 20
274.1905184745799
 30
0.0
 11
872.12707519531
 21
274.15917930604
 31
0.0
  0
ARC
  5
A78
102
{ACAD_REACTORS
330
8E7
102
}
330
1F
100
AcDbEntity
  8
MAIN-1
100
AcDbCircle
 10
872.7000007384299
 20
274.0250000016399
 30
0.0
 40
0.5000000000006817
100
AcDbArc
 50
5.440367580294714
 51
134.9999906380161
  0
LINE
  5
A79
102
{ACAD_REACTORS
330
8E7
102
}
330
1F
100
AcDbEntity
  8
MAIN-1
100
AcDbLine
 10
873.30226319345
 20
272.9750000014101
 30
0.0
 11
873.1977484747299
 21
274.0724045479501
 31
0.0
  0
LINE
  5
A7A
102
{ACAD_REACTORS
330
8E7
102
}
330
1F
100
AcDbEntity
  8
MAIN-1
100
AcDbLine
 10
873.1977484747799
 20
271.87759545533
 30
0.0
 11
873.30226319345
 21
272.9750000014101
 31
0.0
  0
ARC
  5
A7B
102
{ACAD_REACTORS
330
8E7
102
}
330
1F
100
AcDbEntity
  8
MAIN-1
100
AcDbCircle
 10
872.70000073848
 20
271.92500000164
 30
0.0
 40
0.5
100
AcDbArc
 50
224.9999719140475
 51
354.5596125718628
  0
LINE
  5
A7C
102
{ACAD_REACTORS
330
8E7
102
}
330
1F
100
AcDbEntity
  8
MAIN-1
100
AcDbLine
 10
871.4000007388299
 20
272.5178932200999
 30
0.0
 11
872.34644734788
 21
271.5714466110501
 31
0.0
  0
LINE
  5
A7D
102
{ACAD_REACTORS
330
8E7
102
}
330
1F
100
AcDbEntity
  8
MAIN-1
100
AcDbLine
 10
871.40000152587
 20
272.5178931713201
 30
0.0
 11
871.40000152587
 21
272.6484950542499
 31
0.0
  0
LINE
  5
A7E
102
{ACAD_REACTORS
330
8E7
102
}
330
1F
100
AcDbEntity
  8
MAIN-1
100
AcDbLine
 10
871.40000152587
 20
272.6484950542499
 30
0.0
 11
871.40000152587
 21
272.7790971756001
 31
0.0
  0
LINE
  5
A7F
102
{ACAD_REACTORS
330
8E7
102
}
330
1F
100
AcDbEntity
  8
MAIN-1
100
AcDbLine
 10
871.40000152587
 20
272.7790971756001
 30
0.0
 11
871.40000152587
 21
272.9096990585399
 31
0.0
  0
LINE
  5
A80
102
{ACAD_REACTORS
330
8E7
102
}
330
1F
100
AcDbEntity
  8
MAIN-1
100
AcDbLine
 10
871.40000152587
 20
272.9096990585399
 30
0.0
 11
871.40000152587
 21
273.0403009414699
 31
0.0
  0
LINE
  5
A81
102
{ACAD_REACTORS
330
8E7
102
}
330
1F
100
AcDbEntity
  8
MAIN-1
100
AcDbLine
 10
871.40000152587
 20
273.0403009414699
 30
0.0
 11
871.40000152587
 21
273.1709028244099
 31
0.0
  0
LINE
  5
A82
102
{ACAD_REACTORS
330
8E7
102
}
330
1F
100
AcDbEntity
  8
MAIN-1
100
AcDbLine
 10
871.40000152587
 20
273.1709028244099
 30
0.0
 11
871.40000152587
 21
273.3015049457599
 31
0.0
  0
LINE
  5
A83
102
{ACAD_REACTORS
330
8E7
102
}
330
1F
100
AcDbEntity
  8
MAIN-1
100
AcDbLine
 10
871.40000152587
 20
273.3015049457599
 30
0.0
 11
871.40000152587
 21
273.4321068286899
 31
0.0
  0
LINE
  5
A84
102
{ACAD_REACTORS
330
8E7
102
}
330
1F
100
AcDbEntity
  8
MAIN-1
100
AcDbLine
 10
859.8934213374
 20
270.3500000000099
 30
0.0
 11
859.8934213374
 21
275.50000000001
 31
0.0
  0
LINE
  5
A85
102
{ACAD_REACTORS
330
8E7
102
}
330
1F
100
AcDbEntity
  8
MAIN-2
100
AcDbLine
 10
904.89822554228
 20
275.50000000001
 30
0.0
 11
904.89822554228
 21
270.3500000000099
 31
0.0
  0
LINE
  5
A86
102
{ACAD_REACTORS
330
8E7
102
}
330
1F
100
AcDbEntity
  8
MAIN-2
100
AcDbLine
 10
904.8000002747699
 20
275.50000000001
 30
0.0
 11
904.8000002747699
 21
270.3500000000099
 31
0.0
  0
LINE
  5
A87
102
{ACAD_REACTORS
330
8E7
102
}
330
1F
100
AcDbEntity
  8
MAIN-2
100
AcDbLine
 10
860.38853268765
 20
270.3500000000099
 30
0.0
 11
860.38853268765
 21
275.50000000001
 31
0.0
  0
LINE
  5
A88
102
{ACAD_REACTORS
330
8E7
102
}
330
1F
100
AcDbEntity
  8
MAIN-2
100
AcDbLine
 10
860.41699658482
 20
275.50000000001
 30
0.0
 11
860.41699658482
 21
270.3500000000099
 31
0.0
  0
LINE
  5
A89
102
{ACAD_REACTORS
330
8E7
102
}
330
1F
100
AcDbEntity
  8
MAIN-2
100
AcDbLine
 10
861.48113501286
 20
275.50000000001
 30
0.0
 11
861.48113501286
 21
270.3500000000099
 31
0.0
  0
LINE
  5
A8A
102
{ACAD_REACTORS
330
8E7
102
}
330
1F
100
AcDbEntity
  8
MAIN-2
100
AcDbLine
 10
894.0080922812999
 20
270.3500000000099
 30
0.0
 11
894.0080922812999
 21
275.50000000001
 31
0.0
  0
LINE
  5
A8B
102
{ACAD_REACTORS
330
8E7
102
}
330
1F
100
AcDbEntity
  8
MAIN-2
100
AcDbLine
 10
860.8199924826899
 20
275.50000000001
 30
0.0
 11
860.8199924826899
 21
270.3500000000099
 31
0.0
  0
LINE
  5
A8C
102
{ACAD_REACTORS
330
8E7
102
}
330
1F
100
AcDbEntity
  8
MAIN-2
100
AcDbLine
 10
859.75585405465
 20
275.50000000001
 30
0.0
 11
859.75585405465
 21
270.3500000000099
 31
0.0
  0
LINE
  5
A8D
102
{ACAD_REACTORS
330
8E7
102
}
330
1F
100
AcDbEntity
  8
MAIN-1
100
AcDbLine
 10
859.78431795182
 20
270.3500000000099
 30
0.0
 11
859.78431795182
 21
275.50000000001
 31
0.0
  0
LINE
  5
A8E
102
{ACAD_REACTORS
330
8E7
102
}
330
1F
100
AcDbEntity
  8
MAIN-2
100
AcDbLine
 10
856.50585931463
 20
270.3500000000099
 30
0.0
 11
856.50585931463
 21
275.50000000001
 31
0.0
  0
LINE
  5
A8F
102
{ACAD_REACTORS
330
8E7
102
}
330
1F
100
AcDbEntity
  8
MAIN-1
100
AcDbLine
 10
859.35000032273
 20
275.50000000001
 30
0.0
 11
859.35000032273
 21
270.3500000000099
 31
0.0
  0
LINE
  5
A90
102
{ACAD_REACTORS
330
8E7
102
}
330
1F
100
AcDbEntity
  8
MAIN-1
100
AcDbLine
 10
841.5007665036401
 20
270.3500000000099
 30
0.0
 11
841.5007665036401
 21
275.50000000001
 31
0.0
  0
LINE
  5
A91
102
{ACAD_REACTORS
330
8E7
102
}
330
1F
100
AcDbEntity
  8
MAIN-1
100
AcDbLine
 10
854.9315010201101
 20
270.3500000000099
 30
0.0
 11
854.9315010201101
 21
275.50000000001
 31
0.0
  0
LINE
  5
A92
102
{ACAD_REACTORS
330
8E7
102
}
330
1F
100
AcDbEntity
  8
MAIN-1
100
AcDbLine
 10
847.25000059832
 20
275.50000000001
 30
0.0
 11
847.25000059832
 21
275.28174242365
 31
0.0
  0
ARC
  5
A93
102
{ACAD_REACTORS
330
8E7
102
}
330
1F
100
AcDbEntity
  8
MAIN-1
100
AcDbCircle
 10
846.2500005978
 20
273.1000000009701
 30
0.0
 40
2.40000000000532
100
AcDbArc
 50
269.9999801521574
 51
0.0000187239685635
  0
LINE
  5
A94
102
{ACAD_REACTORS
330
8E7
102
}
330
1F
100
AcDbEntity
  8
MAIN-1
100
AcDbLine
 10
844.6500005973701
 20
275.50000000001
 30
0.0
 11
844.6500005973701
 21
275.28174242369
 31
0.0
  0
LINE
  5
A95
102
{ACAD_REACTORS
330
8E7
102
}
330
1F
100
AcDbEntity
  8
MAIN-1
100
AcDbLine
 10
853.00000059783
 20
274.9000000009901
 30
0.0
 11
848.7000005976199
 21
274.9000000009901
 31
0.0
  0
LINE
  5
A96
102
{ACAD_REACTORS
330
8E7
102
}
330
1F
100
AcDbEntity
  8
MAIN-1
100
AcDbLine
 10
853.00000059783
 20
274.0287547380699
 30
0.0
 11
853.00000059783
 21
274.9000000009901
 31
0.0
  0
LINE
  5
A97
102
{ACAD_REACTORS
330
8E7
102
}
330
1F
100
AcDbEntity
  8
MAIN-1
100
AcDbLine
 10
852.6000005978101
 20
273.62875473806
 30
0.0
 11
853.00000059783
 21
274.0287547380699
 31
0.0
  0
LINE
  5
A98
102
{ACAD_REACTORS
330
8E7
102
}
330
1F
100
AcDbEntity
  8
MAIN-1
100
AcDbLine
 10
852.6000005978101
 20
273.62875473806
 30
0.0
 11
852.6000005978001
 21
272.32124480886
 31
0.0
  0
LINE
  5
A99
102
{ACAD_REACTORS
330
8E7
102
}
330
1F
100
AcDbEntity
  8
MAIN-1
100
AcDbLine
 10
853.00000059782
 20
271.9212448088399
 30
0.0
 11
852.6000005978001
 21
272.32124480886
 31
0.0
  0
LINE
  5
A9A
102
{ACAD_REACTORS
330
8E7
102
}
330
1F
100
AcDbEntity
  8
MAIN-1
100
AcDbLine
 10
853.00000059781
 20
271.04999957571
 30
0.0
 11
853.00000059782
 21
271.9212448088399
 31
0.0
  0
LINE
  5
A9B
102
{ACAD_REACTORS
330
8E7
102
}
330
1F
100
AcDbEntity
  8
MAIN-1
100
AcDbLine
 10
848.7000005976299
 20
271.04999957571
 30
0.0
 11
853.00000059781
 21
271.04999957571
 31
0.0
  0
LINE
  5
A9C
102
{ACAD_REACTORS
330
8E7
102
}
330
1F
100
AcDbEntity
  8
MAIN-1
100
AcDbLine
 10
848.7000005976299
 20
271.5611063819299
 30
0.0
 11
848.7000005976299
 21
271.04999957571
 31
0.0
  0
LINE
  5
A9D
102
{ACAD_REACTORS
330
8E7
102
}
330
1F
100
AcDbEntity
  8
MAIN-1
100
AcDbLine
 10
848.7000005976299
 20
271.5611063819299
 30
0.0
 11
849.20000059781
 21
272.15698317843
 31
0.0
  0
LINE
  5
A9E
102
{ACAD_REACTORS
330
8E7
102
}
330
1F
100
AcDbEntity
  8
MAIN-1
100
AcDbLine
 10
849.20000059781
 20
272.15698317843
 30
0.0
 11
849.20000059782
 21
273.7930163685201
 31
0.0
  0
LINE
  5
A9F
102
{ACAD_REACTORS
330
8E7
102
}
330
1F
100
AcDbEntity
  8
MAIN-1
100
AcDbLine
 10
849.20000059782
 20
273.7930163685201
 30
0.0
 11
848.7000005976299
 21
274.3888931650499
 31
0.0
  0
LINE
  5
AA0
102
{ACAD_REACTORS
330
8E7
102
}
330
1F
100
AcDbEntity
  8
MAIN-1
100
AcDbLine
 10
853.4016494750899
 20
273.9337552547499
 30
0.0
 11
853.32349777221
 21
273.8556028366099
 31
0.0
  0
LINE
  5
AA1
102
{ACAD_REACTORS
330
8E7
102
}
330
1F
100
AcDbEntity
  8
MAIN-1
100
AcDbLine
 10
853.32349777221
 20
273.8556028366099
 30
0.0
 11
853.2421379089301
 21
273.7742434501699
 31
0.0
  0
LINE
  5
AA2
102
{ACAD_REACTORS
330
8E7
102
}
330
1F
100
AcDbEntity
  8
MAIN-1
100
AcDbLine
 10
853.2421379089301
 20
273.7742434501699
 30
0.0
 11
853.1579971313399
 21
273.6901014804901
 31
0.0
  0
LINE
  5
AA3
102
{ACAD_REACTORS
330
8E7
102
}
330
1F
100
AcDbEntity
  8
MAIN-1
100
AcDbLine
 10
853.1579971313399
 20
273.6901014804901
 30
0.0
 11
853.0720558166499
 21
273.60416135788
 31
0.0
  0
LINE
  5
AA4
102
{ACAD_REACTORS
330
8E7
102
}
330
1F
100
AcDbEntity
  8
MAIN-1
100
AcDbLine
 10
853.0720558166499
 20
273.60416135788
 30
0.0
 11
852.9860267639101
 21
273.51813397408
 31
0.0
  0
LINE
  5
AA5
102
{ACAD_REACTORS
330
8E7
102
}
330
1F
100
AcDbEntity
  8
MAIN-1
100
AcDbLine
 10
852.9860267639101
 20
273.51813397408
 30
0.0
 11
852.90000152587
 21
273.4321068286899
 31
0.0
  0
LINE
  5
AA6
102
{ACAD_REACTORS
330
8E7
102
}
330
1F
100
AcDbEntity
  8
MAIN-1
100
AcDbLine
 10
853.84644699096
 20
274.37855348588
 30
0.0
 11
853.8151092529199
 21
274.3472143173301
 31
0.0
  0
LINE
  5
AA7
102
{ACAD_REACTORS
330
8E7
102
}
330
1F
100
AcDbEntity
  8
MAIN-1
100
AcDbLine
 10
853.8151092529199
 20
274.3472143173301
 30
0.0
 11
853.7837677001901
 21
274.3158751487799
 31
0.0
  0
LINE
  5
AA8
102
{ACAD_REACTORS
330
8E7
102
}
330
1F
100
AcDbEntity
  8
MAIN-1
100
AcDbLine
 10
853.7837677001901
 20
274.3158751487799
 30
0.0
 11
853.75242996215
 21
274.28453598023
 31
0.0
  0
LINE
  5
AA9
102
{ACAD_REACTORS
330
8E7
102
}
330
1F
100
AcDbEntity
  8
MAIN-1
100
AcDbLine
 10
853.75242996215
 20
274.28453598023
 30
0.0
 11
853.72109222412
 21
274.25319681168
 31
0.0
  0
LINE
  5
AAA
102
{ACAD_REACTORS
330
8E7
102
}
330
1F
100
AcDbEntity
  8
MAIN-1
100
AcDbLine
 10
853.72109222412
 20
274.25319681168
 30
0.0
 11
853.6897506713799
 21
274.2218576431301
 31
0.0
  0
LINE
  5
AAB
102
{ACAD_REACTORS
330
8E7
102
}
330
1F
100
AcDbEntity
  8
MAIN-1
100
AcDbLine
 10
853.6897506713799
 20
274.2218576431301
 30
0.0
 11
853.6584129333401
 21
274.1905184745799
 31
0.0
  0
LINE
  5
AAC
102
{ACAD_REACTORS
330
8E7
102
}
330
1F
100
AcDbEntity
  8
MAIN-1
100
AcDbLine
 10
853.6584129333401
 20
274.1905184745799
 30
0.0
 11
853.62707519531
 21
274.15917930604
 31
0.0
  0
ARC
  5
AAD
102
{ACAD_REACTORS
330
8E7
102
}
330
1F
100
AcDbEntity
  8
MAIN-1
100
AcDbCircle
 10
854.2000007387701
 20
274.0250000015501
 30
0.0
 40
0.5000000000006817
100
AcDbArc
 50
5.440367580294714
 51
134.9999906380161
  0
LINE
  5
AAE
102
{ACAD_REACTORS
330
8E7
102
}
330
1F
100
AcDbEntity
  8
MAIN-1
100
AcDbLine
 10
854.8022631937899
 20
272.97500000131
 30
0.0
 11
854.6977484750701
 21
274.0724045478601
 31
0.0
  0
LINE
  5
AAF
102
{ACAD_REACTORS
330
8E7
102
}
330
1F
100
AcDbEntity
  8
MAIN-1
100
AcDbLine
 10
854.6977484751201
 20
271.87759545523
 30
0.0
 11
854.8022631937899
 21
272.97500000131
 31
0.0
  0
ARC
  5
AB0
102
{ACAD_REACTORS
330
8E7
102
}
330
1F
100
AcDbEntity
  8
MAIN-1
100
AcDbCircle
 10
854.2000007388201
 20
271.92500000155
 30
0.0
 40
0.5
100
AcDbArc
 50
224.9999719140475
 51
354.5596125718628
  0
LINE
  5
AB1
102
{ACAD_REACTORS
330
8E7
102
}
330
1F
100
AcDbEntity
  8
MAIN-1
100
AcDbLine
 10
852.9000007391701
 20
272.5178932200099
 30
0.0
 11
853.84644734823
 21
271.57144661095
 31
0.0
  0
LINE
  5
AB2
102
{ACAD_REACTORS
330
8E7
102
}
330
1F
100
AcDbEntity
  8
MAIN-1
100
AcDbLine
 10
852.90000152587
 20
272.5178931713201
 30
0.0
 11
852.90000152587
 21
272.6484950542499
 31
0.0
  0
LINE
  5
AB3
102
{ACAD_REACTORS
330
8E7
102
}
330
1F
100
AcDbEntity
  8
MAIN-1
100
AcDbLine
 10
852.90000152587
 20
272.6484950542499
 30
0.0
 11
852.90000152587
 21
272.7790971756001
 31
0.0
  0
LINE
  5
AB4
102
{ACAD_REACTORS
330
8E7
102
}
330
1F
100
AcDbEntity
  8
MAIN-1
100
AcDbLine
 10
852.90000152587
 20
272.7790971756001
 30
0.0
 11
852.90000152587
 21
272.9096990585399
 31
0.0
  0
LINE
  5
AB5
102
{ACAD_REACTORS
330
8E7
102
}
330
1F
100
AcDbEntity
  8
MAIN-1
100
AcDbLine
 10
852.90000152587
 20
272.9096990585399
 30
0.0
 11
852.90000152587
 21
273.0403009414699
 31
0.0
  0
LINE
  5
AB6
102
{ACAD_REACTORS
330
8E7
102
}
330
1F
100
AcDbEntity
  8
MAIN-1
100
AcDbLine
 10
852.90000152587
 20
273.0403009414699
 30
0.0
 11
852.90000152587
 21
273.1709028244099
 31
0.0
  0
LINE
  5
AB7
102
{ACAD_REACTORS
330
8E7
102
}
330
1F
100
AcDbEntity
  8
MAIN-1
100
AcDbLine
 10
852.90000152587
 20
273.1709028244099
 30
0.0
 11
852.90000152587
 21
273.3015049457599
 31
0.0
  0
LINE
  5
AB8
102
{ACAD_REACTORS
330
8E7
102
}
330
1F
100
AcDbEntity
  8
MAIN-1
100
AcDbLine
 10
852.90000152587
 20
273.3015049457599
 30
0.0
 11
852.90000152587
 21
273.4321068286899
 31
0.0
  0
LINE
  5
AB9
102
{ACAD_REACTORS
330
8E7
102
}
330
1F
100
AcDbEntity
  8
MAIN-2
100
AcDbLine
 10
844.65000077584
 20
274.5418774857901
 30
0.0
 11
844.65000077584
 21
274.5402720826501
 31
0.0
  0
LINE
  5
ABA
102
{ACAD_REACTORS
330
8E7
102
}
330
1F
100
AcDbEntity
  8
MAIN-1
100
AcDbLine
 10
844.65000077584
 20
274.5402720826501
 30
0.0
 11
844.6500007766999
 21
271.4500000010501
 31
0.0
  0
LINE
  5
ABB
102
{ACAD_REACTORS
330
8E7
102
}
330
1F
100
AcDbEntity
  8
MAIN-2
100
AcDbLine
 10
844.65000077584
 20
274.5418774857901
 30
0.0
 11
844.5000005980701
 21
274.53904034981
 31
0.0
  0
LINE
  5
ABC
102
{ACAD_REACTORS
330
8E7
102
}
330
1F
100
AcDbEntity
  8
MAIN-1
100
AcDbLine
 10
841.3934213377399
 20
270.3500000000099
 30
0.0
 11
841.3934213377399
 21
275.50000000001
 31
0.0
  0
LINE
  5
ABD
102
{ACAD_REACTORS
330
8E7
102
}
330
1F
100
AcDbEntity
  8
MAIN-2
100
AcDbLine
 10
841.8885326879899
 20
270.3500000000099
 30
0.0
 11
841.8885326879899
 21
275.50000000001
 31
0.0
  0
LINE
  5
ABE
102
{ACAD_REACTORS
330
8E7
102
}
330
1F
100
AcDbEntity
  8
MAIN-2
100
AcDbLine
 10
841.91699658516
 20
275.50000000001
 30
0.0
 11
841.91699658516
 21
270.3500000000099
 31
0.0
  0
LINE
  5
ABF
102
{ACAD_REACTORS
330
8E7
102
}
330
1F
100
AcDbEntity
  8
MAIN-2
100
AcDbLine
 10
842.9811350132
 20
275.50000000001
 30
0.0
 11
842.9811350132
 21
270.3500000000099
 31
0.0
  0
LINE
  5
AC0
102
{ACAD_REACTORS
330
8E7
102
}
330
1F
100
AcDbEntity
  8
MAIN-1
100
AcDbLine
 10
907.5000002747599
 20
270.3500000000099
 30
0.0
 11
907.5000002747599
 21
270.3500170664499
 31
0.0
  0
LINE
  5
AC1
102
{ACAD_REACTORS
330
8E7
102
}
330
1F
100
AcDbEntity
  8
MAIN-2
100
AcDbLine
 10
907.5000002747599
 20
270.3500000000099
 30
0.0
 11
907.5000002747599
 21
271.35000000124
 31
0.0
  0
LINE
  5
AC2
102
{ACAD_REACTORS
330
8E7
102
}
330
1F
100
AcDbEntity
  8
MAIN-2
100
AcDbLine
 10
904.8000002747699
 20
271.35000000124
 30
0.0
 11
907.5000002747599
 21
271.35000000124
 31
0.0
  0
LINE
  5
AC3
102
{ACAD_REACTORS
330
8E7
102
}
330
1F
100
AcDbEntity
  8
MAIN-2
100
AcDbLine
 10
842.3199924830301
 20
275.50000000001
 30
0.0
 11
842.3199924830301
 21
270.3500000000099
 31
0.0
  0
LINE
  5
AC4
102
{ACAD_REACTORS
330
8E7
102
}
330
1F
100
AcDbEntity
  8
MAIN-2
100
AcDbLine
 10
841.2558540549901
 20
275.50000000001
 30
0.0
 11
841.2558540549901
 21
270.3500000000099
 31
0.0
  0
LINE
  5
AC5
102
{ACAD_REACTORS
330
8E7
102
}
330
1F
100
AcDbEntity
  8
MAIN-1
100
AcDbLine
 10
841.2843179521601
 20
270.3500000000099
 30
0.0
 11
841.2843179521601
 21
275.50000000001
 31
0.0
  0
LINE
  5
AC6
102
{ACAD_REACTORS
330
8E7
102
}
330
1F
100
AcDbEntity
  8
MAIN-1
100
AcDbLine
 10
840.8500003230699
 20
270.3500000000099
 30
0.0
 11
840.8500003230699
 21
275.50000000001
 31
0.0
  0
LINE
  5
AC7
102
{ACAD_REACTORS
330
8E7
102
}
330
1F
100
AcDbEntity
  8
MAIN-1
100
AcDbLine
 10
844.90000077576
 20
271.4500000010501
 30
0.0
 11
844.90000077489
 21
274.5446307186701
 31
0.0
  0
LINE
  5
AC8
102
{ACAD_REACTORS
330
8E7
102
}
330
1F
100
AcDbEntity
  8
MAIN-2
100
AcDbLine
 10
844.90000077489
 20
274.5446307186701
 30
0.0
 11
844.90000077489
 21
274.5476568678901
 31
0.0
  0
LINE
  5
AC9
102
{ACAD_REACTORS
330
8E7
102
}
330
1F
100
AcDbEntity
  8
MAIN-2
100
AcDbLine
 10
844.90000077489
 20
274.5476568678901
 30
0.0
 11
844.65000077539
 21
274.5425070968799
 31
0.0
  0
ARC
  5
ACA
102
{ACAD_REACTORS
330
8E7
102
}
330
1F
100
AcDbEntity
  8
MAIN-1
100
AcDbCircle
 10
850.9500005959001
 20
272.97499952933
 30
0.0
 40
1.0
100
AcDbArc
 50
293.5781674500425
 51
0.0000187239685635
  0
LINE
  5
ACB
102
{ACAD_REACTORS
330
8E7
102
}
330
1F
100
AcDbEntity
  8
MAIN-2
100
AcDbLine
 10
844.6500007766999
 20
271.4500000010501
 30
0.0
 11
844.65000077625
 21
271.4500000010501
 31
0.0
  0
LINE
  5
ACC
102
{ACAD_REACTORS
330
8E7
102
}
330
1F
100
AcDbEntity
  8
MAIN-2
100
AcDbLine
 10
844.65000077584
 20
274.5418774857901
 30
0.0
 11
844.65000077539
 21
274.5425070968799
 31
0.0
  0
LINE
  5
ACD
102
{ACAD_REACTORS
330
8E7
102
}
330
1F
100
AcDbEntity
  8
MAIN-1
100
AcDbLine
 10
892.5438333002401
 20
270.3500000000099
 30
0.0
 11
892.5438333002401
 21
270.3500265330699
 31
0.0
  0
LINE
  5
ACE
102
{ACAD_REACTORS
330
8E7
102
}
330
1F
100
AcDbEntity
  8
MAIN-2
100
AcDbLine
 10
892.5438333002401
 20
270.3500000000099
 30
0.0
 11
892.5438333002401
 21
275.50000000001
 31
0.0
  0
LINE
  5
ACF
102
{ACAD_REACTORS
330
8E7
102
}
330
1F
100
AcDbEntity
  8
MAIN-1
100
AcDbLine
 10
851.3500005958199
 20
271.04999957571
 30
0.0
 11
851.3500005958599
 21
272.05848439032
 31
0.0
  0
LINE
  5
AD0
102
{ACAD_REACTORS
330
8E7
102
}
330
1F
100
AcDbEntity
  8
MAIN-2
100
AcDbLine
 10
844.9000007709799
 20
274.55313268394
 30
0.0
 11
847.5788690096199
 21
274.59989254381
 31
0.0
  0
LINE
  5
AD1
102
{ACAD_REACTORS
330
8E7
102
}
330
1F
100
AcDbEntity
  8
MAIN-2
100
AcDbLine
 10
847.5788690096199
 20
274.59989254381
 30
0.0
 11
847.67633441249
 21
274.5921851537601
 31
0.0
  0
LINE
  5
AD2
102
{ACAD_REACTORS
330
8E7
102
}
330
1F
100
AcDbEntity
  8
MAIN-1
100
AcDbLine
 10
847.6763343811001
 20
274.59218511582
 30
0.0
 11
847.61547088623
 21
274.5911847114601
 31
0.0
  0
LINE
  5
AD3
102
{ACAD_REACTORS
330
8E7
102
}
330
1F
100
AcDbEntity
  8
MAIN-1
100
AcDbLine
 10
847.61547088623
 20
274.5911847114601
 30
0.0
 11
847.5537681579499
 21
274.59016857148
 31
0.0
  0
LINE
  5
AD4
102
{ACAD_REACTORS
330
8E7
102
}
330
1F
100
AcDbEntity
  8
MAIN-1
100
AcDbLine
 10
847.5537681579499
 20
274.59016857148
 30
0.0
 11
847.4911422729399
 21
274.5891357421899
 31
0.0
  0
LINE
  5
AD5
102
{ACAD_REACTORS
330
8E7
102
}
330
1F
100
AcDbEntity
  8
MAIN-1
100
AcDbLine
 10
847.4911422729399
 20
274.5891357421899
 30
0.0
 11
847.42750167846
 21
274.5880847931001
 31
0.0
  0
LINE
  5
AD6
102
{ACAD_REACTORS
330
8E7
102
}
330
1F
100
AcDbEntity
  8
MAIN-1
100
AcDbLine
 10
847.42750167846
 20
274.5880847931001
 30
0.0
 11
847.3627433776801
 21
274.5870133400001
 31
0.0
  0
LINE
  5
AD7
102
{ACAD_REACTORS
330
8E7
102
}
330
1F
100
AcDbEntity
  8
MAIN-1
100
AcDbLine
 10
847.3627433776801
 20
274.5870133400001
 30
0.0
 11
847.29674530029
 21
274.5859194755601
 31
0.0
  0
LINE
  5
AD8
102
{ACAD_REACTORS
330
8E7
102
}
330
1F
100
AcDbEntity
  8
MAIN-1
100
AcDbLine
 10
847.29674530029
 20
274.5859194755601
 30
0.0
 11
847.22936630249
 21
274.5847998619099
 31
0.0
  0
LINE
  5
AD9
102
{ACAD_REACTORS
330
8E7
102
}
330
1F
100
AcDbEntity
  8
MAIN-1
100
AcDbLine
 10
847.22936630249
 20
274.5847998619099
 30
0.0
 11
847.1604423522899
 21
274.5836521148699
 31
0.0
  0
LINE
  5
ADA
102
{ACAD_REACTORS
330
8E7
102
}
330
1F
100
AcDbEntity
  8
MAIN-1
100
AcDbLine
 10
847.1604423522899
 20
274.5836521148699
 30
0.0
 11
847.08982086181
 21
274.58247337342
 31
0.0
  0
LINE
  5
ADB
102
{ACAD_REACTORS
330
8E7
102
}
330
1F
100
AcDbEntity
  8
MAIN-1
100
AcDbLine
 10
847.08982086181
 20
274.58247337342
 30
0.0
 11
847.0172996520901
 21
274.58125934601
 31
0.0
  0
LINE
  5
ADC
102
{ACAD_REACTORS
330
8E7
102
}
330
1F
100
AcDbEntity
  8
MAIN-1
100
AcDbLine
 10
847.0172996520901
 20
274.58125934601
 30
0.0
 11
846.9425621032699
 21
274.58000478745
 31
0.0
  0
LINE
  5
ADD
102
{ACAD_REACTORS
330
8E7
102
}
330
1F
100
AcDbEntity
  8
MAIN-1
100
AcDbLine
 10
846.9425621032699
 20
274.58000478745
 30
0.0
 11
846.86549377441
 21
274.5787068367099
 31
0.0
  0
LINE
  5
ADE
102
{ACAD_REACTORS
330
8E7
102
}
330
1F
100
AcDbEntity
  8
MAIN-1
100
AcDbLine
 10
846.86549377441
 20
274.5787068367099
 30
0.0
 11
846.7858390808101
 21
274.5773602485699
 31
0.0
  0
LINE
  5
ADF
102
{ACAD_REACTORS
330
8E7
102
}
330
1F
100
AcDbEntity
  8
MAIN-1
100
AcDbLine
 10
846.7858390808101
 20
274.5773602485699
 30
0.0
 11
846.70333862304
 21
274.5759607315099
 31
0.0
  0
LINE
  5
AE0
102
{ACAD_REACTORS
330
8E7
102
}
330
1F
100
AcDbEntity
  8
MAIN-1
100
AcDbLine
 10
846.70333862304
 20
274.5759607315099
 30
0.0
 11
846.61791610717
 21
274.57450494767
 31
0.0
  0
LINE
  5
AE1
102
{ACAD_REACTORS
330
8E7
102
}
330
1F
100
AcDbEntity
  8
MAIN-1
100
AcDbLine
 10
846.61791610717
 20
274.57450494767
 30
0.0
 11
846.52951431274
 21
274.5729914665301
 31
0.0
  0
LINE
  5
AE2
102
{ACAD_REACTORS
330
8E7
102
}
330
1F
100
AcDbEntity
  8
MAIN-1
100
AcDbLine
 10
846.52951431274
 20
274.5729914665301
 30
0.0
 11
846.4383201599101
 21
274.5714231491099
 31
0.0
  0
LINE
  5
AE3
102
{ACAD_REACTORS
330
8E7
102
}
330
1F
100
AcDbEntity
  8
MAIN-1
100
AcDbLine
 10
846.4383201599101
 20
274.5714231491099
 30
0.0
 11
846.34484863281
 21
274.56980667115
 31
0.0
  0
LINE
  5
AE4
102
{ACAD_REACTORS
330
8E7
102
}
330
1F
100
AcDbEntity
  8
MAIN-1
100
AcDbLine
 10
846.34484863281
 20
274.56980667115
 30
0.0
 11
846.24999999999
 21
274.56815824509
 31
0.0
  0
LINE
  5
AE5
102
{ACAD_REACTORS
330
8E7
102
}
330
1F
100
AcDbEntity
  8
MAIN-2
100
AcDbLine
 10
844.5000005980701
 20
274.53904034981
 30
0.0
 11
844.5000005980601
 21
274.5380759791699
 31
0.0
  0
LINE
  5
AE6
102
{ACAD_REACTORS
330
8E7
102
}
330
1F
100
AcDbEntity
  8
MAIN-2
100
AcDbLine
 10
844.90000077489
 20
274.5476568678901
 30
0.0
 11
844.9000007709799
 21
274.55313268394
 31
0.0
  0
LINE
  5
AE7
102
{ACAD_REACTORS
330
8E7
102
}
330
1F
100
AcDbEntity
  8
MAIN-1
100
AcDbLine
 10
851.35000059594
 20
273.89151466831
 30
0.0
 11
851.35000059598
 21
274.9000000009901
 31
0.0
  0
LINE
  5
AE8
102
{ACAD_REACTORS
330
8E7
102
}
330
1F
100
AcDbEntity
  8
MAIN-1
100
AcDbLine
 10
847.6665458679099
 20
273.1000000000099
 30
0.0
 11
847.66661453247
 21
273.2127989292201
 31
0.0
  0
LINE
  5
AE9
102
{ACAD_REACTORS
330
8E7
102
}
330
1F
100
AcDbEntity
  8
MAIN-1
100
AcDbLine
 10
847.66661453247
 20
273.2127989292201
 30
0.0
 11
847.6668128967201
 21
273.3235722541899
 31
0.0
  0
LINE
  5
AEA
102
{ACAD_REACTORS
330
8E7
102
}
330
1F
100
AcDbEntity
  8
MAIN-1
100
AcDbLine
 10
847.6668128967201
 20
273.3235722541899
 30
0.0
 11
847.6671295166
 21
273.43077311516
 31
0.0
  0
LINE
  5
AEB
102
{ACAD_REACTORS
330
8E7
102
}
330
1F
100
AcDbEntity
  8
MAIN-1
100
AcDbLine
 10
847.6671295166
 20
273.43077311516
 30
0.0
 11
847.6675415039001
 21
273.5336621761401
 31
0.0
  0
LINE
  5
AEC
102
{ACAD_REACTORS
330
8E7
102
}
330
1F
100
AcDbEntity
  8
MAIN-1
100
AcDbLine
 10
847.6675415039001
 20
273.5336621761401
 30
0.0
 11
847.6680259704499
 21
273.63213429451
 31
0.0
  0
LINE
  5
AED
102
{ACAD_REACTORS
330
8E7
102
}
330
1F
100
AcDbEntity
  8
MAIN-1
100
AcDbLine
 10
847.6680259704499
 20
273.63213429451
 30
0.0
 11
847.66857147216
 21
273.7264553070099
 31
0.0
  0
LINE
  5
AEE
102
{ACAD_REACTORS
330
8E7
102
}
330
1F
100
AcDbEntity
  8
MAIN-1
100
AcDbLine
 10
847.66857147216
 20
273.7264553070099
 30
0.0
 11
847.66916656494
 21
273.8169198989899
 31
0.0
  0
LINE
  5
AEF
102
{ACAD_REACTORS
330
8E7
102
}
330
1F
100
AcDbEntity
  8
MAIN-1
100
AcDbLine
 10
847.66916656494
 20
273.8169198989899
 30
0.0
 11
847.66979598999
 21
273.9040602207201
 31
0.0
  0
LINE
  5
AF0
102
{ACAD_REACTORS
330
8E7
102
}
330
1F
100
AcDbEntity
  8
MAIN-1
100
AcDbLine
 10
847.66979598999
 20
273.9040602207201
 30
0.0
 11
847.6704559326099
 21
273.9882701397
 31
0.0
  0
LINE
  5
AF1
102
{ACAD_REACTORS
330
8E7
102
}
330
1F
100
AcDbEntity
  8
MAIN-1
100
AcDbLine
 10
847.6704559326099
 20
273.9882701397
 30
0.0
 11
847.67113876342
 21
274.0699261188599
 31
0.0
  0
LINE
  5
AF2
102
{ACAD_REACTORS
330
8E7
102
}
330
1F
100
AcDbEntity
  8
MAIN-1
100
AcDbLine
 10
847.67113876342
 20
274.0699261188599
 30
0.0
 11
847.67184448242
 21
274.14935669899
 31
0.0
  0
LINE
  5
AF3
102
{ACAD_REACTORS
330
8E7
102
}
330
1F
100
AcDbEntity
  8
MAIN-1
100
AcDbLine
 10
847.67184448242
 20
274.14935669899
 30
0.0
 11
847.6725654602001
 21
274.2268348693899
 31
0.0
  0
LINE
  5
AF4
102
{ACAD_REACTORS
330
8E7
102
}
330
1F
100
AcDbEntity
  8
MAIN-1
100
AcDbLine
 10
847.6725654602001
 20
274.2268348693899
 30
0.0
 11
847.6732978820701
 21
274.3025942802501
 31
0.0
  0
LINE
  5
AF5
102
{ACAD_REACTORS
330
8E7
102
}
330
1F
100
AcDbEntity
  8
MAIN-1
100
AcDbLine
 10
847.6732978820701
 20
274.3025942802501
 30
0.0
 11
847.67404174804
 21
274.3768487930299
 31
0.0
  0
LINE
  5
AF6
102
{ACAD_REACTORS
330
8E7
102
}
330
1F
100
AcDbEntity
  8
MAIN-1
100
AcDbLine
 10
847.67404174804
 20
274.3768487930299
 30
0.0
 11
847.6747970581
 21
274.44977006913
 31
0.0
  0
LINE
  5
AF7
102
{ACAD_REACTORS
330
8E7
102
}
330
1F
100
AcDbEntity
  8
MAIN-1
100
AcDbLine
 10
847.6747970581
 20
274.44977006913
 30
0.0
 11
847.67556381225
 21
274.52150449753
 31
0.0
  0
LINE
  5
AF8
102
{ACAD_REACTORS
330
8E7
102
}
330
1F
100
AcDbEntity
  8
MAIN-1
100
AcDbLine
 10
847.67556381225
 20
274.52150449753
 30
0.0
 11
847.6763343811001
 21
274.59218511582
 31
0.0
  0
LINE
  5
AF9
102
{ACAD_REACTORS
330
8E7
102
}
330
1F
100
AcDbEntity
  8
MAIN-2
100
AcDbLine
 10
844.90000077185
 20
271.4500000010501
 30
0.0
 11
844.90000077576
 21
271.4500000010501
 31
0.0
  0
LINE
  5
AFA
102
{ACAD_REACTORS
330
8E7
102
}
330
1F
100
AcDbEntity
  8
MAIN-1
100
AcDbLine
 10
847.5788690096199
 20
271.45000000099
 30
0.0
 11
847.5788690096199
 21
274.59058199989
 31
0.0
  0
LINE
  5
AFB
102
{ACAD_REACTORS
330
8E7
102
}
330
1F
100
AcDbEntity
  8
MAIN-2
100
AcDbLine
 10
847.5788690096199
 20
274.59058199989
 30
0.0
 11
847.5788690096199
 21
274.59989254381
 31
0.0
  0
LINE
  5
AFC
102
{ACAD_REACTORS
330
8E7
102
}
330
1F
100
AcDbEntity
  8
MAIN-1
100
AcDbLine
 10
855.65000059766
 20
275.50000000001
 30
0.0
 11
855.65000059766
 21
270.3500000000099
 31
0.0
  0
LINE
  5
AFD
102
{ACAD_REACTORS
330
8E7
102
}
330
1F
100
AcDbEntity
  8
MAIN-1
100
AcDbLine
 10
858.80000059748
 20
275.50000000001
 30
0.0
 11
858.80000059748
 21
270.3500000000099
 31
0.0
  0
LINE
  5
AFE
102
{ACAD_REACTORS
330
8E7
102
}
330
1F
100
AcDbEntity
  8
MAIN-1
100
AcDbLine
 10
880.9185003165201
 20
275.50000000001
 30
0.0
 11
880.9185003165201
 21
270.3500000000099
 31
0.0
  0
LINE
  5
AFF
102
{ACAD_REACTORS
330
8E7
102
}
330
1F
100
AcDbEntity
  8
MAIN-1
100
AcDbLine
 10
890.6500682496101
 20
275.2817424253601
 30
0.0
 11
890.6500682496101
 21
275.50000000001
 31
0.0
  0
ARC
  5
B00
102
{ACAD_REACTORS
330
8E7
102
}
330
1F
100
AcDbEntity
  8
MAIN-1
100
AcDbCircle
 10
889.6500682491701
 20
273.1000000026399
 30
0.0
 40
2.40000000000532
100
AcDbArc
 50
270.0000198478429
 51
0.0000187239685635
  0
LINE
  5
B01
102
{ACAD_REACTORS
330
8E7
102
}
330
1F
100
AcDbEntity
  8
MAIN-1
100
AcDbLine
 10
889.6500682491601
 20
270.7000000026401
 30
0.0
 11
889.05006824916
 21
270.7000000026401
 31
0.0
  0
ARC
  5
B02
102
{ACAD_REACTORS
330
8E7
102
}
330
1F
100
AcDbEntity
  8
MAIN-1
100
AcDbCircle
 10
889.05006824919
 20
273.1000000026399
 30
0.0
 40
2.40000000000532
100
AcDbArc
 50
114.6243509360145
 51
179.9999812760317
  0
LINE
  5
B03
102
{ACAD_REACTORS
330
8E7
102
}
330
1F
100
AcDbEntity
  8
MAIN-1
100
AcDbLine
 10
888.05006824866
 20
275.2817424253301
 30
0.0
 11
888.05006824866
 21
275.50000000001
 31
0.0
  0
LINE
  5
B04
102
{ACAD_REACTORS
330
8E7
102
}
330
1F
100
AcDbEntity
  8
MAIN-1
100
AcDbLine
 10
886.1000682491799
 20
272.1569831801
 30
0.0
 11
886.60006824935
 21
271.5611063836
 31
0.0
  0
LINE
  5
B05
102
{ACAD_REACTORS
330
8E7
102
}
330
1F
100
AcDbEntity
  8
MAIN-1
100
AcDbLine
 10
886.60006824935
 20
271.04999957738
 30
0.0
 11
886.60006824935
 21
271.5611063836
 31
0.0
  0
LINE
  5
B06
102
{ACAD_REACTORS
330
8E7
102
}
330
1F
100
AcDbEntity
  8
MAIN-1
100
AcDbLine
 10
886.60006824935
 20
271.04999957738
 30
0.0
 11
882.30006824917
 21
271.04999957738
 31
0.0
  0
LINE
  5
B07
102
{ACAD_REACTORS
330
8E7
102
}
330
1F
100
AcDbEntity
  8
MAIN-1
100
AcDbLine
 10
882.30006824917
 20
271.92124481051
 30
0.0
 11
882.30006824917
 21
271.04999957738
 31
0.0
  0
LINE
  5
B08
102
{ACAD_REACTORS
330
8E7
102
}
330
1F
100
AcDbEntity
  8
MAIN-1
100
AcDbLine
 10
882.70006824918
 20
272.3212448105301
 30
0.0
 11
882.30006824917
 21
271.92124481051
 31
0.0
  0
LINE
  5
B09
102
{ACAD_REACTORS
330
8E7
102
}
330
1F
100
AcDbEntity
  8
MAIN-1
100
AcDbLine
 10
882.70006824917
 20
273.6287547397301
 30
0.0
 11
882.70006824918
 21
272.3212448105301
 31
0.0
  0
LINE
  5
B0A
102
{ACAD_REACTORS
330
8E7
102
}
330
1F
100
AcDbEntity
  8
MAIN-1
100
AcDbLine
 10
882.70006824917
 20
273.6287547397301
 30
0.0
 11
882.30006824916
 21
274.02875473974
 31
0.0
  0
LINE
  5
B0B
102
{ACAD_REACTORS
330
8E7
102
}
330
1F
100
AcDbEntity
  8
MAIN-1
100
AcDbLine
 10
882.30006824916
 20
274.9000000026599
 30
0.0
 11
882.30006824916
 21
274.02875473974
 31
0.0
  0
LINE
  5
B0C
102
{ACAD_REACTORS
330
8E7
102
}
330
1F
100
AcDbEntity
  8
MAIN-1
100
AcDbLine
 10
882.30006824916
 20
274.9000000026599
 30
0.0
 11
886.60006824936
 21
274.9000000026599
 31
0.0
  0
LINE
  5
B0D
102
{ACAD_REACTORS
330
8E7
102
}
330
1F
100
AcDbEntity
  8
MAIN-1
100
AcDbLine
 10
886.60006824936
 20
274.38889316672
 30
0.0
 11
886.60006824936
 21
274.9000000026599
 31
0.0
  0
LINE
  5
B0E
102
{ACAD_REACTORS
330
8E7
102
}
330
1F
100
AcDbEntity
  8
MAIN-1
100
AcDbLine
 10
886.1000682491599
 20
273.7930163701899
 30
0.0
 11
886.60006824936
 21
274.38889316672
 31
0.0
  0
LINE
  5
B0F
102
{ACAD_REACTORS
330
8E7
102
}
330
1F
100
AcDbEntity
  8
MAIN-1
100
AcDbLine
 10
886.1000682491599
 20
273.7930163701899
 30
0.0
 11
886.1000682491799
 21
272.1569831801
 31
0.0
  0
LINE
  5
B10
102
{ACAD_REACTORS
330
8E7
102
}
330
1F
100
AcDbEntity
  8
MAIN-1
100
AcDbLine
 10
855.65000059766
 20
270.9250000023201
 30
0.0
 11
858.80000059748
 21
270.9250000023201
 31
0.0
  0
LINE
  5
B11
102
{ACAD_REACTORS
330
8E7
102
}
330
1F
100
AcDbEntity
  8
MAIN-1
100
AcDbLine
 10
877.05000059746
 20
275.50000000001
 30
0.0
 11
877.05000059746
 21
270.3500000000099
 31
0.0
  0
LINE
  5
B12
102
{ACAD_REACTORS
330
8E7
102
}
330
1F
100
AcDbEntity
  8
MAIN-1
100
AcDbLine
 10
877.05000059746
 20
270.9250000023201
 30
0.0
 11
880.20000059728
 21
270.9250000023201
 31
0.0
  0
LINE
  5
B13
102
{ACAD_REACTORS
330
8E7
102
}
330
1F
100
AcDbEntity
  8
MAIN-1
100
AcDbLine
 10
880.20000059728
 20
270.3500000000099
 30
0.0
 11
880.20000059728
 21
275.50000000001
 31
0.0
  0
LINE
  5
B14
102
{ACAD_REACTORS
330
8E7
102
}
330
1F
100
AcDbEntity
  8
MAIN-1
100
AcDbLine
 10
904.0000004768301
 20
275.5000000953701
 30
0.0
 11
903.92307472228
 21
275.4987669944801
 31
0.0
  0
LINE
  5
B15
102
{ACAD_REACTORS
330
8E7
102
}
330
1F
100
AcDbEntity
  8
MAIN-1
100
AcDbLine
 10
903.92307472228
 20
275.4987669944801
 30
0.0
 11
903.8465070724401
 21
275.4950867652899
 31
0.0
  0
LINE
  5
B16
102
{ACAD_REACTORS
330
8E7
102
}
330
1F
100
AcDbEntity
  8
MAIN-1
100
AcDbLine
 10
903.8465070724401
 20
275.4950867652899
 30
0.0
 11
903.77066373825
 21
275.4890175819401
 31
0.0
  0
LINE
  5
B17
102
{ACAD_REACTORS
330
8E7
102
}
330
1F
100
AcDbEntity
  8
MAIN-1
100
AcDbLine
 10
903.77066373825
 20
275.4890175819401
 30
0.0
 11
903.69589614868
 21
275.4806552887001
 31
0.0
  0
LINE
  5
B18
102
{ACAD_REACTORS
330
8E7
102
}
330
1F
100
AcDbEntity
  8
MAIN-1
100
AcDbLine
 10
903.69589614868
 20
275.4806552887001
 30
0.0
 11
903.6224455833401
 21
275.47011671067
 31
0.0
  0
LINE
  5
B19
102
{ACAD_REACTORS
330
8E7
102
}
330
1F
100
AcDbEntity
  8
MAIN-1
100
AcDbLine
 10
903.6224455833401
 20
275.47011671067
 30
0.0
 11
903.55059671401
 21
275.4575487136899
 31
0.0
  0
LINE
  5
B1A
102
{ACAD_REACTORS
330
8E7
102
}
330
1F
100
AcDbEntity
  8
MAIN-1
100
AcDbLine
 10
903.55059671401
 20
275.4575487136899
 30
0.0
 11
903.4805684089599
 21
275.4431153297501
 31
0.0
  0
LINE
  5
B1B
102
{ACAD_REACTORS
330
8E7
102
}
330
1F
100
AcDbEntity
  8
MAIN-1
100
AcDbLine
 10
903.4805684089599
 20
275.4431153297501
 30
0.0
 11
903.4125957489
 21
275.4270058631901
 31
0.0
  0
LINE
  5
B1C
102
{ACAD_REACTORS
330
8E7
102
}
330
1F
100
AcDbEntity
  8
MAIN-1
100
AcDbLine
 10
903.4125957489
 20
275.4270058631901
 30
0.0
 11
903.34671163558
 21
275.4093752861099
 31
0.0
  0
LINE
  5
B1D
102
{ACAD_REACTORS
330
8E7
102
}
330
1F
100
AcDbEntity
  8
MAIN-1
100
AcDbLine
 10
903.34671163558
 20
275.4093752861099
 30
0.0
 11
903.2830615043599
 21
275.39041433335
 31
0.0
  0
LINE
  5
B1E
102
{ACAD_REACTORS
330
8E7
102
}
330
1F
100
AcDbEntity
  8
MAIN-1
100
AcDbLine
 10
903.2830615043599
 20
275.39041433335
 30
0.0
 11
903.22171640396
 21
275.3703027725301
 31
0.0
  0
LINE
  5
B1F
102
{ACAD_REACTORS
330
8E7
102
}
330
1F
100
AcDbEntity
  8
MAIN-1
100
AcDbLine
 10
903.22171640396
 20
275.3703027725301
 30
0.0
 11
903.1627335548301
 21
275.3492184638999
 31
0.0
  0
LINE
  5
B20
102
{ACAD_REACTORS
330
8E7
102
}
330
1F
100
AcDbEntity
  8
MAIN-1
100
AcDbLine
 10
903.1627335548301
 20
275.3492184638999
 30
0.0
 11
903.10612154006
 21
275.3273259163
 31
0.0
  0
LINE
  5
B21
102
{ACAD_REACTORS
330
8E7
102
}
330
1F
100
AcDbEntity
  8
MAIN-1
100
AcDbLine
 10
903.10612154006
 20
275.3273259163
 30
0.0
 11
903.05187034606
 21
275.30477867127
 31
0.0
  0
LINE
  5
B22
102
{ACAD_REACTORS
330
8E7
102
}
330
1F
100
AcDbEntity
  8
MAIN-1
100
AcDbLine
 10
903.05187034606
 20
275.30477867127
 30
0.0
 11
903.0000004768301
 21
275.2817421913201
 31
0.0
  0
LINE
  5
B23
102
{ACAD_REACTORS
330
8E7
102
}
330
1F
100
AcDbEntity
  8
MAIN-2
100
AcDbLine
 10
906.2970565635801
 20
271.4029437259801
 30
0.0
 11
906.2970511773599
 21
271.4029491122001
 31
0.0
  0
LINE
  5
B24
102
{ACAD_REACTORS
330
8E7
102
}
330
1F
100
AcDbEntity
  8
MAIN-1
100
AcDbLine
 10
906.2970565635801
 20
271.4029437259801
 30
0.0
 11
906.25000028862
 21
271.45000000094
 31
0.0
  0
LINE
  5
B25
102
{ACAD_REACTORS
330
8E7
102
}
330
1F
100
AcDbEntity
  8
MAIN-1
100
AcDbLine
 10
906.0327286807001
 20
274.53272839275
 30
0.0
 11
906.2970565636101
 21
274.79705627565
 31
0.0
  0
LINE
  5
B26
102
{ACAD_REACTORS
330
8E7
102
}
330
1F
100
AcDbEntity
  8
MAIN-2
100
AcDbLine
 10
905.7500002885199
 20
274.5380759790401
 30
0.0
 11
906.0327286807001
 21
274.53272839275
 31
0.0
  0
LINE
  5
B27
102
{ACAD_REACTORS
330
8E7
102
}
330
1F
100
AcDbEntity
  8
MAIN-2
100
AcDbLine
 10
905.7500002885199
 20
274.5380759790401
 30
0.0
 11
905.7500002885199
 21
274.5376565982101
 31
0.0
  0
LINE
  5
B28
102
{ACAD_REACTORS
330
8E7
102
}
330
1F
100
AcDbEntity
  8
MAIN-1
100
AcDbLine
 10
905.7500002885199
 20
274.5376565982101
 30
0.0
 11
905.7500002884999
 21
271.45000000092
 31
0.0
  0
ARC
  5
B29
102
{ACAD_REACTORS
330
8E7
102
}
330
1F
100
AcDbEntity
  8
MAIN-1
100
AcDbCircle
 10
899.3000002906699
 20
272.9749995292
 30
0.0
 40
1.0
100
AcDbArc
 50
113.5781872978851
 51
179.9999812760317
  0
LINE
  5
B2A
102
{ACAD_REACTORS
330
8E7
102
}
330
1F
100
AcDbEntity
  8
MAIN-1
100
AcDbLine
 10
898.90000029059
 20
274.90000000086
 30
0.0
 11
898.90000029064
 21
273.89151466817
 31
0.0
  0
LINE
  5
B2B
102
{ACAD_REACTORS
330
8E7
102
}
330
1F
100
AcDbEntity
  8
MAIN-1
100
AcDbLine
 10
899.70000029062
 20
273.89151466821
 30
0.0
 11
899.70000029061
 21
274.90000000086
 31
0.0
  0
ARC
  5
B2C
102
{ACAD_REACTORS
330
8E7
102
}
330
1F
100
AcDbEntity
  8
MAIN-1
100
AcDbCircle
 10
899.3000002906699
 20
272.9749995292
 30
0.0
 40
1.0
100
AcDbArc
 50
0.0000187239685635
 51
66.4218127021151
  0
LINE
  5
B2D
102
{ACAD_REACTORS
330
8E7
102
}
330
1F
100
AcDbEntity
  8
MAIN-1
100
AcDbLine
 10
899.70000029065
 20
272.0584843902
 30
0.0
 11
899.70000029066
 21
271.0499995755799
 31
0.0
  0
LINE
  5
B2E
102
{ACAD_REACTORS
330
8E7
102
}
330
1F
100
AcDbEntity
  8
MAIN-1
100
AcDbLine
 10
898.9000002907101
 20
272.05848439019
 30
0.0
 11
898.9000002907601
 21
271.0499995755799
 31
0.0
  0
LINE
  5
B2F
102
{ACAD_REACTORS
330
8E7
102
}
330
1F
100
AcDbEntity
  8
MAIN-1
100
AcDbLine
 10
904.00000028871
 20
274.56815813294
 30
0.0
 11
906.0327286807001
 21
274.53272839275
 31
0.0
  0
LINE
  5
B30
102
{ACAD_REACTORS
330
8E7
102
}
330
1F
100
AcDbEntity
  8
MAIN-1
100
AcDbLine
 10
902.58345651626
 20
273.1000000000099
 30
0.0
 11
902.5833773612901
 21
272.9791863918399
 31
0.0
  0
LINE
  5
B31
102
{ACAD_REACTORS
330
8E7
102
}
330
1F
100
AcDbEntity
  8
MAIN-1
100
AcDbLine
 10
902.5833773612901
 20
272.9791863918399
 30
0.0
 11
902.58314895629
 21
272.8608625888901
 31
0.0
  0
LINE
  5
B32
102
{ACAD_REACTORS
330
8E7
102
}
330
1F
100
AcDbEntity
  8
MAIN-1
100
AcDbLine
 10
902.58314895629
 20
272.8608625888901
 30
0.0
 11
902.58279132842
 21
272.7468667984101
 31
0.0
  0
LINE
  5
B33
102
{ACAD_REACTORS
330
8E7
102
}
330
1F
100
AcDbEntity
  8
MAIN-1
100
AcDbLine
 10
902.58279132842
 20
272.7468667984101
 30
0.0
 11
902.58232927322
 21
272.63783297539
 31
0.0
  0
LINE
  5
B34
102
{ACAD_REACTORS
330
8E7
102
}
330
1F
100
AcDbEntity
  8
MAIN-1
100
AcDbLine
 10
902.58232927322
 20
272.63783297539
 30
0.0
 11
902.5817861557
 21
272.5338228702601
 31
0.0
  0
LINE
  5
B35
102
{ACAD_REACTORS
330
8E7
102
}
330
1F
100
AcDbEntity
  8
MAIN-1
100
AcDbLine
 10
902.5817861557
 20
272.5338228702601
 30
0.0
 11
902.5811800956701
 21
272.43446192742
 31
0.0
  0
LINE
  5
B36
102
{ACAD_REACTORS
330
8E7
102
}
330
1F
100
AcDbEntity
  8
MAIN-1
100
AcDbLine
 10
902.5811800956701
 20
272.43446192742
 30
0.0
 11
902.58052492141
 21
272.33926210404
 31
0.0
  0
LINE
  5
B37
102
{ACAD_REACTORS
330
8E7
102
}
330
1F
100
AcDbEntity
  8
MAIN-1
100
AcDbLine
 10
902.58052492141
 20
272.33926210404
 30
0.0
 11
902.57983207702
 21
272.24764428139
 31
0.0
  0
LINE
  5
B38
102
{ACAD_REACTORS
330
8E7
102
}
330
1F
100
AcDbEntity
  8
MAIN-1
100
AcDbLine
 10
902.57983207702
 20
272.24764428139
 30
0.0
 11
902.57910919189
 21
272.15913853646
 31
0.0
  0
LINE
  5
B39
102
{ACAD_REACTORS
330
8E7
102
}
330
1F
100
AcDbEntity
  8
MAIN-1
100
AcDbLine
 10
902.57910919189
 20
272.15913853646
 30
0.0
 11
902.57836151123
 21
272.0733189344501
 31
0.0
  0
LINE
  5
B3A
102
{ACAD_REACTORS
330
8E7
102
}
330
1F
100
AcDbEntity
  8
MAIN-1
100
AcDbLine
 10
902.57836151123
 20
272.0733189344501
 30
0.0
 11
902.57759428024
 21
271.9898234367399
 31
0.0
  0
LINE
  5
B3B
102
{ACAD_REACTORS
330
8E7
102
}
330
1F
100
AcDbEntity
  8
MAIN-1
100
AcDbLine
 10
902.57759428024
 20
271.9898234367399
 30
0.0
 11
902.57681083679
 21
271.90835783482
 31
0.0
  0
LINE
  5
B3C
102
{ACAD_REACTORS
330
8E7
102
}
330
1F
100
AcDbEntity
  8
MAIN-1
100
AcDbLine
 10
902.57681083679
 20
271.90835783482
 30
0.0
 11
902.5760135650601
 21
271.8286493778301
 31
0.0
  0
LINE
  5
B3D
102
{ACAD_REACTORS
330
8E7
102
}
330
1F
100
AcDbEntity
  8
MAIN-1
100
AcDbLine
 10
902.5760135650601
 20
271.8286493778301
 30
0.0
 11
902.57520484924
 21
271.75048849583
 31
0.0
  0
LINE
  5
B3E
102
{ACAD_REACTORS
330
8E7
102
}
330
1F
100
AcDbEntity
  8
MAIN-1
100
AcDbLine
 10
902.57520484924
 20
271.75048849583
 30
0.0
 11
902.57438611984
 21
271.6736831426699
 31
0.0
  0
LINE
  5
B3F
102
{ACAD_REACTORS
330
8E7
102
}
330
1F
100
AcDbEntity
  8
MAIN-1
100
AcDbLine
 10
902.57438611984
 20
271.6736831426699
 30
0.0
 11
902.5735588073701
 21
271.5980894327199
 31
0.0
  0
LINE
  5
B40
102
{ACAD_REACTORS
330
8E7
102
}
330
1F
100
AcDbEntity
  8
MAIN-1
100
AcDbLine
 10
902.5735588073701
 20
271.5980894327199
 30
0.0
 11
902.57272434234
 21
271.5235637188
 31
0.0
  0
LINE
  5
B41
102
{ACAD_REACTORS
330
8E7
102
}
330
1F
100
AcDbEntity
  8
MAIN-1
100
AcDbLine
 10
902.57272434234
 20
271.5235637188
 30
0.0
 11
902.57188320159
 21
271.45000002385
 31
0.0
  0
LINE
  5
B42
102
{ACAD_REACTORS
330
8E7
102
}
330
1F
100
AcDbEntity
  8
MAIN-1
100
AcDbLine
 10
904.00000028871
 20
271.45000000087
 30
0.0
 11
904.00000028872
 21
270.7000000007899
 31
0.0
  0
LINE
  5
B43
102
{ACAD_REACTORS
330
8E7
102
}
330
1F
100
AcDbEntity
  8
MAIN-1
100
AcDbLine
 10
902.57188320159
 20
271.45000002385
 30
0.0
 11
902.63320636749
 21
271.45000002385
 31
0.0
  0
LINE
  5
B44
102
{ACAD_REACTORS
330
8E7
102
}
330
1F
100
AcDbEntity
  8
MAIN-1
100
AcDbLine
 10
902.63320636749
 20
271.45000002385
 30
0.0
 11
902.6954498291
 21
271.45000002385
 31
0.0
  0
LINE
  5
B45
102
{ACAD_REACTORS
330
8E7
102
}
330
1F
100
AcDbEntity
  8
MAIN-1
100
AcDbLine
 10
902.6954498291
 20
271.45000002385
 30
0.0
 11
902.75869178771
 21
271.45000002385
 31
0.0
  0
LINE
  5
B46
102
{ACAD_REACTORS
330
8E7
102
}
330
1F
100
AcDbEntity
  8
MAIN-1
100
AcDbLine
 10
902.75869178771
 20
271.45000002385
 30
0.0
 11
902.8230214118901
 21
271.45000002385
 31
0.0
  0
LINE
  5
B47
102
{ACAD_REACTORS
330
8E7
102
}
330
1F
100
AcDbEntity
  8
MAIN-1
100
AcDbLine
 10
902.8230214118901
 20
271.45000002385
 30
0.0
 11
902.8885416984499
 21
271.45000002385
 31
0.0
  0
LINE
  5
B48
102
{ACAD_REACTORS
330
8E7
102
}
330
1F
100
AcDbEntity
  8
MAIN-1
100
AcDbLine
 10
902.8885416984499
 20
271.45000002385
 30
0.0
 11
902.9553689956599
 21
271.45000002385
 31
0.0
  0
LINE
  5
B49
102
{ACAD_REACTORS
330
8E7
102
}
330
1F
100
AcDbEntity
  8
MAIN-1
100
AcDbLine
 10
902.9553689956599
 20
271.45000002385
 30
0.0
 11
903.0236406326201
 21
271.45000002385
 31
0.0
  0
LINE
  5
B4A
102
{ACAD_REACTORS
330
8E7
102
}
330
1F
100
AcDbEntity
  8
MAIN-1
100
AcDbLine
 10
903.0236406326201
 20
271.45000002385
 30
0.0
 11
903.09349536895
 21
271.45000002385
 31
0.0
  0
LINE
  5
B4B
102
{ACAD_REACTORS
330
8E7
102
}
330
1F
100
AcDbEntity
  8
MAIN-1
100
AcDbLine
 10
903.09349536895
 20
271.45000002385
 30
0.0
 11
903.16507387161
 21
271.45000002385
 31
0.0
  0
LINE
  5
B4C
102
{ACAD_REACTORS
330
8E7
102
}
330
1F
100
AcDbEntity
  8
MAIN-1
100
AcDbLine
 10
903.16507387161
 20
271.45000002385
 30
0.0
 11
903.23853015899
 21
271.45000002385
 31
0.0
  0
LINE
  5
B4D
102
{ACAD_REACTORS
330
8E7
102
}
330
1F
100
AcDbEntity
  8
MAIN-1
100
AcDbLine
 10
903.23853015899
 20
271.45000002385
 30
0.0
 11
903.31414461135
 21
271.45000002385
 31
0.0
  0
LINE
  5
B4E
102
{ACAD_REACTORS
330
8E7
102
}
330
1F
100
AcDbEntity
  8
MAIN-1
100
AcDbLine
 10
903.31414461135
 20
271.45000002385
 30
0.0
 11
903.39196586608
 21
271.45000002385
 31
0.0
  0
LINE
  5
B4F
102
{ACAD_REACTORS
330
8E7
102
}
330
1F
100
AcDbEntity
  8
MAIN-1
100
AcDbLine
 10
903.39196586608
 20
271.45000002385
 30
0.0
 11
903.47214698791
 21
271.45000002385
 31
0.0
  0
LINE
  5
B50
102
{ACAD_REACTORS
330
8E7
102
}
330
1F
100
AcDbEntity
  8
MAIN-1
100
AcDbLine
 10
903.47214698791
 20
271.45000002385
 30
0.0
 11
903.5548291206301
 21
271.45000002385
 31
0.0
  0
LINE
  5
B51
102
{ACAD_REACTORS
330
8E7
102
}
330
1F
100
AcDbEntity
  8
MAIN-1
100
AcDbLine
 10
903.5548291206301
 20
271.45000002385
 30
0.0
 11
903.6399650573701
 21
271.45000002385
 31
0.0
  0
LINE
  5
B52
102
{ACAD_REACTORS
330
8E7
102
}
330
1F
100
AcDbEntity
  8
MAIN-1
100
AcDbLine
 10
903.6399650573701
 20
271.45000002385
 30
0.0
 11
903.7274432182301
 21
271.45000002385
 31
0.0
  0
LINE
  5
B53
102
{ACAD_REACTORS
330
8E7
102
}
330
1F
100
AcDbEntity
  8
MAIN-1
100
AcDbLine
 10
903.7274432182301
 20
271.45000002385
 30
0.0
 11
903.8169922828599
 21
271.45000002385
 31
0.0
  0
LINE
  5
B54
102
{ACAD_REACTORS
330
8E7
102
}
330
1F
100
AcDbEntity
  8
MAIN-1
100
AcDbLine
 10
903.8169922828599
 20
271.45000002385
 30
0.0
 11
903.9080977439801
 21
271.45000002385
 31
0.0
  0
LINE
  5
B55
102
{ACAD_REACTORS
330
8E7
102
}
330
1F
100
AcDbEntity
  8
MAIN-1
100
AcDbLine
 10
903.9080977439801
 20
271.45000002385
 30
0.0
 11
904.0000004768301
 21
271.45000002385
 31
0.0
  0
LINE
  5
B56
102
{ACAD_REACTORS
330
8E7
102
}
330
1F
100
AcDbEntity
  8
MAIN-1
100
AcDbLine
 10
904.00000028871
 20
271.45000000088
 30
0.0
 11
906.25000028861
 21
271.45000000093
 31
0.0
  0
LINE
  5
B57
102
{ACAD_REACTORS
330
8E7
102
}
330
1F
100
AcDbEntity
  8
MAIN-2
100
AcDbLine
 10
902.6711318769601
 20
274.59989254368
 30
0.0
 11
902.6711318769601
 21
274.5905820000701
 31
0.0
  0
LINE
  5
B58
102
{ACAD_REACTORS
330
8E7
102
}
330
1F
100
AcDbEntity
  8
MAIN-1
100
AcDbLine
 10
902.6711318769601
 20
274.5905820000701
 30
0.0
 11
902.6711318769601
 21
271.45000000085
 31
0.0
  0
LINE
  5
B59
102
{ACAD_REACTORS
330
8E7
102
}
330
1F
100
AcDbEntity
  8
MAIN-2
100
AcDbLine
 10
902.6711318769601
 20
274.59989254368
 30
0.0
 11
902.57366647409
 21
274.59218515363
 31
0.0
  0
LINE
  5
B5A
102
{ACAD_REACTORS
330
8E7
102
}
330
1F
100
AcDbEntity
  8
MAIN-2
100
AcDbLine
 10
905.3500001156001
 20
274.55313268381
 30
0.0
 11
902.6711318769601
 21
274.59989254368
 31
0.0
  0
LINE
  5
B5B
102
{ACAD_REACTORS
330
8E7
102
}
330
1F
100
AcDbEntity
  8
MAIN-2
100
AcDbLine
 10
905.35000011168
 20
274.54765686776
 30
0.0
 11
905.3500001156001
 21
274.55313268381
 31
0.0
  0
LINE
  5
B5C
102
{ACAD_REACTORS
330
8E7
102
}
330
1F
100
AcDbEntity
  8
MAIN-2
100
AcDbLine
 10
905.60000011119
 20
274.5425070967499
 30
0.0
 11
905.35000011168
 21
274.54765686776
 31
0.0
  0
LINE
  5
B5D
102
{ACAD_REACTORS
330
8E7
102
}
330
1F
100
AcDbEntity
  8
MAIN-2
100
AcDbLine
 10
905.60000011119
 20
274.5425070967499
 30
0.0
 11
905.60000011074
 21
274.54187748565
 31
0.0
  0
LINE
  5
B5E
102
{ACAD_REACTORS
330
8E7
102
}
330
1F
100
AcDbEntity
  8
MAIN-2
100
AcDbLine
 10
905.7500002885099
 20
274.5390403496699
 30
0.0
 11
905.60000011074
 21
274.54187748565
 31
0.0
  0
LINE
  5
B5F
102
{ACAD_REACTORS
330
8E7
102
}
330
1F
100
AcDbEntity
  8
MAIN-2
100
AcDbLine
 10
905.7500002885199
 20
274.5380759790401
 30
0.0
 11
905.7500002885099
 21
274.5390403496699
 31
0.0
  0
LINE
  5
B60
102
{ACAD_REACTORS
330
8E7
102
}
330
1F
100
AcDbEntity
  8
MAIN-1
100
AcDbLine
 10
905.60000010987
 20
271.45000000092
 30
0.0
 11
905.60000011074
 21
274.54027203589
 31
0.0
  0
LINE
  5
B61
102
{ACAD_REACTORS
330
8E7
102
}
330
1F
100
AcDbEntity
  8
MAIN-2
100
AcDbLine
 10
905.60000011074
 20
274.54027203589
 30
0.0
 11
905.60000011074
 21
274.54187748565
 31
0.0
  0
LINE
  5
B62
102
{ACAD_REACTORS
330
8E7
102
}
330
1F
100
AcDbEntity
  8
MAIN-2
100
AcDbLine
 10
905.60000011032
 20
271.45000000092
 30
0.0
 11
905.60000010987
 21
271.45000000092
 31
0.0
  0
LINE
  5
B63
102
{ACAD_REACTORS
330
8E7
102
}
330
1F
100
AcDbEntity
  8
MAIN-2
100
AcDbLine
 10
905.3500001147299
 20
271.45000000091
 30
0.0
 11
905.35000011082
 21
271.45000000091
 31
0.0
  0
LINE
  5
B64
102
{ACAD_REACTORS
330
8E7
102
}
330
1F
100
AcDbEntity
  8
MAIN-2
100
AcDbLine
 10
905.35000011168
 20
274.54765686776
 30
0.0
 11
905.35000011168
 21
274.5446306306501
 31
0.0
  0
LINE
  5
B65
102
{ACAD_REACTORS
330
8E7
102
}
330
1F
100
AcDbEntity
  8
MAIN-1
100
AcDbLine
 10
905.35000011168
 20
274.5446306306501
 30
0.0
 11
905.35000011082
 21
271.45000000091
 31
0.0
  0
LINE
  5
B66
102
{ACAD_REACTORS
330
8E7
102
}
330
1F
100
AcDbEntity
  8
MAIN-1
100
AcDbLine
 10
883.95006825112
 20
272.0584843919901
 30
0.0
 11
883.95006825117
 21
271.04999957738
 31
0.0
  0
ARC
  5
B67
102
{ACAD_REACTORS
330
8E7
102
}
330
1F
100
AcDbEntity
  8
MAIN-1
100
AcDbCircle
 10
884.3500682510801
 20
272.9749995310001
 30
0.0
 40
1.0
100
AcDbArc
 50
113.5781872978851
 51
179.9999812760317
  0
LINE
  5
B68
102
{ACAD_REACTORS
330
8E7
102
}
330
1F
100
AcDbEntity
  8
MAIN-1
100
AcDbLine
 10
883.950068251
 20
274.9000000026599
 30
0.0
 11
883.95006825105
 21
273.8915146699801
 31
0.0
  0
LINE
  5
B69
102
{ACAD_REACTORS
330
8E7
102
}
330
1F
100
AcDbEntity
  8
MAIN-1
100
AcDbLine
 10
889.05006790161
 20
275.5000000953701
 30
0.0
 11
888.9731426239
 21
275.4987669944801
 31
0.0
  0
LINE
  5
B6A
102
{ACAD_REACTORS
330
8E7
102
}
330
1F
100
AcDbEntity
  8
MAIN-1
100
AcDbLine
 10
888.9731426239
 20
275.4987669944801
 30
0.0
 11
888.8965740203801
 21
275.4950867652899
 31
0.0
  0
LINE
  5
B6B
102
{ACAD_REACTORS
330
8E7
102
}
330
1F
100
AcDbEntity
  8
MAIN-1
100
AcDbLine
 10
888.8965740203801
 20
275.4950867652899
 30
0.0
 11
888.8207321166899
 21
275.4890175819401
 31
0.0
  0
LINE
  5
B6C
102
{ACAD_REACTORS
330
8E7
102
}
330
1F
100
AcDbEntity
  8
MAIN-1
100
AcDbLine
 10
888.8207321166899
 20
275.4890175819401
 30
0.0
 11
888.74596405029
 21
275.4806552887001
 31
0.0
  0
LINE
  5
B6D
102
{ACAD_REACTORS
330
8E7
102
}
330
1F
100
AcDbEntity
  8
MAIN-1
100
AcDbLine
 10
888.74596405029
 20
275.4806552887001
 30
0.0
 11
888.67251396179
 21
275.47011671067
 31
0.0
  0
LINE
  5
B6E
102
{ACAD_REACTORS
330
8E7
102
}
330
1F
100
AcDbEntity
  8
MAIN-1
100
AcDbLine
 10
888.67251396179
 20
275.47011671067
 30
0.0
 11
888.6006641387901
 21
275.4575487136899
 31
0.0
  0
LINE
  5
B6F
102
{ACAD_REACTORS
330
8E7
102
}
330
1F
100
AcDbEntity
  8
MAIN-1
100
AcDbLine
 10
888.6006641387901
 20
275.4575487136899
 30
0.0
 11
888.53063583374
 21
275.4431153297501
 31
0.0
  0
LINE
  5
B70
102
{ACAD_REACTORS
330
8E7
102
}
330
1F
100
AcDbEntity
  8
MAIN-1
100
AcDbLine
 10
888.53063583374
 20
275.4431153297501
 30
0.0
 11
888.46266365051
 21
275.4270058631901
 31
0.0
  0
LINE
  5
B71
102
{ACAD_REACTORS
330
8E7
102
}
330
1F
100
AcDbEntity
  8
MAIN-1
100
AcDbLine
 10
888.46266365051
 20
275.4270058631901
 30
0.0
 11
888.3967800140299
 21
275.4093752861099
 31
0.0
  0
LINE
  5
B72
102
{ACAD_REACTORS
330
8E7
102
}
330
1F
100
AcDbEntity
  8
MAIN-1
100
AcDbLine
 10
888.3967800140299
 20
275.4093752861099
 30
0.0
 11
888.33312988281
 21
275.39041433335
 31
0.0
  0
LINE
  5
B73
102
{ACAD_REACTORS
330
8E7
102
}
330
1F
100
AcDbEntity
  8
MAIN-1
100
AcDbLine
 10
888.33312988281
 20
275.39041433335
 30
0.0
 11
888.2717838287299
 21
275.3703027725301
 31
0.0
  0
LINE
  5
B74
102
{ACAD_REACTORS
330
8E7
102
}
330
1F
100
AcDbEntity
  8
MAIN-1
100
AcDbLine
 10
888.2717838287299
 20
275.3703027725301
 30
0.0
 11
888.2128009796099
 21
275.3492184638999
 31
0.0
  0
LINE
  5
B75
102
{ACAD_REACTORS
330
8E7
102
}
330
1F
100
AcDbEntity
  8
MAIN-1
100
AcDbLine
 10
888.2128009796099
 20
275.3492184638999
 30
0.0
 11
888.1561889648401
 21
275.3273259163
 31
0.0
  0
LINE
  5
B76
102
{ACAD_REACTORS
330
8E7
102
}
330
1F
100
AcDbEntity
  8
MAIN-1
100
AcDbLine
 10
888.1561889648401
 20
275.3273259163
 30
0.0
 11
888.10193824768
 21
275.30477867127
 31
0.0
  0
LINE
  5
B77
102
{ACAD_REACTORS
330
8E7
102
}
330
1F
100
AcDbEntity
  8
MAIN-1
100
AcDbLine
 10
888.10193824768
 20
275.30477867127
 30
0.0
 11
888.05006790161
 21
275.2817421913201
 31
0.0
  0
LINE
  5
B78
102
{ACAD_REACTORS
330
8E7
102
}
330
1F
100
AcDbEntity
  8
MAIN-2
100
AcDbLine
 10
891.34712452399
 20
271.40294372778
 30
0.0
 11
891.34711913777
 21
271.402949114
 31
0.0
  0
LINE
  5
B79
102
{ACAD_REACTORS
330
8E7
102
}
330
1F
100
AcDbEntity
  8
MAIN-1
100
AcDbLine
 10
891.34712452399
 20
271.40294372778
 30
0.0
 11
891.3000682490299
 21
271.4500000027399
 31
0.0
  0
LINE
  5
B7A
102
{ACAD_REACTORS
330
8E7
102
}
330
1F
100
AcDbEntity
  8
MAIN-1
100
AcDbLine
 10
891.08279664111
 20
274.5327283945501
 30
0.0
 11
891.34712452402
 21
274.7970562774599
 31
0.0
  0
LINE
  5
B7B
102
{ACAD_REACTORS
330
8E7
102
}
330
1F
100
AcDbEntity
  8
MAIN-2
100
AcDbLine
 10
890.8000682489301
 20
274.5380759808399
 30
0.0
 11
891.08279664111
 21
274.5327283945501
 31
0.0
  0
LINE
  5
B7C
102
{ACAD_REACTORS
330
8E7
102
}
330
1F
100
AcDbEntity
  8
MAIN-2
100
AcDbLine
 10
890.8000682489301
 20
274.5380759808399
 30
0.0
 11
890.8000682489301
 21
274.53765660002
 31
0.0
  0
LINE
  5
B7D
102
{ACAD_REACTORS
330
8E7
102
}
330
1F
100
AcDbEntity
  8
MAIN-1
100
AcDbLine
 10
890.8000682489301
 20
274.53765660002
 30
0.0
 11
890.8000682489101
 21
271.4500000027199
 31
0.0
  0
LINE
  5
B7E
102
{ACAD_REACTORS
330
8E7
102
}
330
1F
100
AcDbEntity
  8
MAIN-1
100
AcDbLine
 10
889.0500682491199
 20
271.4500000026901
 30
0.0
 11
891.3000682490299
 21
271.4500000027399
 31
0.0
  0
LINE
  5
B7F
102
{ACAD_REACTORS
330
8E7
102
}
330
1F
100
AcDbEntity
  8
MAIN-1
100
AcDbLine
 10
889.0500682491199
 20
271.4500000026701
 30
0.0
 11
889.0500682491399
 21
270.7000000025901
 31
0.0
  0
LINE
  5
B80
102
{ACAD_REACTORS
330
8E7
102
}
330
1F
100
AcDbEntity
  8
MAIN-1
100
AcDbLine
 10
887.63352394103
 20
273.1000000000099
 30
0.0
 11
887.63344573974
 21
272.9791863918399
 31
0.0
  0
LINE
  5
B81
102
{ACAD_REACTORS
330
8E7
102
}
330
1F
100
AcDbEntity
  8
MAIN-1
100
AcDbLine
 10
887.63344573974
 20
272.9791863918399
 30
0.0
 11
887.6332168578999
 21
272.8608625888901
 31
0.0
  0
LINE
  5
B82
102
{ACAD_REACTORS
330
8E7
102
}
330
1F
100
AcDbEntity
  8
MAIN-1
100
AcDbLine
 10
887.6332168578999
 20
272.8608625888901
 30
0.0
 11
887.6328601837099
 21
272.7468667984101
 31
0.0
  0
LINE
  5
B83
102
{ACAD_REACTORS
330
8E7
102
}
330
1F
100
AcDbEntity
  8
MAIN-1
100
AcDbLine
 10
887.6328601837099
 20
272.7468667984101
 30
0.0
 11
887.6323966979901
 21
272.63783297539
 31
0.0
  0
LINE
  5
B84
102
{ACAD_REACTORS
330
8E7
102
}
330
1F
100
AcDbEntity
  8
MAIN-1
100
AcDbLine
 10
887.6323966979901
 20
272.63783297539
 30
0.0
 11
887.63185501098
 21
272.5338228702601
 31
0.0
  0
LINE
  5
B85
102
{ACAD_REACTORS
330
8E7
102
}
330
1F
100
AcDbEntity
  8
MAIN-1
100
AcDbLine
 10
887.63185501098
 20
272.5338228702601
 30
0.0
 11
887.63124847412
 21
272.43446192742
 31
0.0
  0
LINE
  5
B86
102
{ACAD_REACTORS
330
8E7
102
}
330
1F
100
AcDbEntity
  8
MAIN-1
100
AcDbLine
 10
887.63124847412
 20
272.43446192742
 30
0.0
 11
887.63059234619
 21
272.33926210404
 31
0.0
  0
LINE
  5
B87
102
{ACAD_REACTORS
330
8E7
102
}
330
1F
100
AcDbEntity
  8
MAIN-1
100
AcDbLine
 10
887.63059234619
 20
272.33926210404
 30
0.0
 11
887.62989997863
 21
272.24764428139
 31
0.0
  0
LINE
  5
B88
102
{ACAD_REACTORS
330
8E7
102
}
330
1F
100
AcDbEntity
  8
MAIN-1
100
AcDbLine
 10
887.62989997863
 20
272.24764428139
 30
0.0
 11
887.6291770935
 21
272.15913853646
 31
0.0
  0
LINE
  5
B89
102
{ACAD_REACTORS
330
8E7
102
}
330
1F
100
AcDbEntity
  8
MAIN-1
100
AcDbLine
 10
887.6291770935
 20
272.15913853646
 30
0.0
 11
887.62842941284
 21
272.0733189344501
 31
0.0
  0
LINE
  5
B8A
102
{ACAD_REACTORS
330
8E7
102
}
330
1F
100
AcDbEntity
  8
MAIN-1
100
AcDbLine
 10
887.62842941284
 20
272.0733189344501
 30
0.0
 11
887.62766265869
 21
271.9898234367399
 31
0.0
  0
LINE
  5
B8B
102
{ACAD_REACTORS
330
8E7
102
}
330
1F
100
AcDbEntity
  8
MAIN-1
100
AcDbLine
 10
887.62766265869
 20
271.9898234367399
 30
0.0
 11
887.6268787383999
 21
271.90835783482
 31
0.0
  0
LINE
  5
B8C
102
{ACAD_REACTORS
330
8E7
102
}
330
1F
100
AcDbEntity
  8
MAIN-1
100
AcDbLine
 10
887.6268787383999
 20
271.90835783482
 30
0.0
 11
887.62608146667
 21
271.8286493778301
 31
0.0
  0
LINE
  5
B8D
102
{ACAD_REACTORS
330
8E7
102
}
330
1F
100
AcDbEntity
  8
MAIN-1
100
AcDbLine
 10
887.62608146667
 20
271.8286493778301
 30
0.0
 11
887.62527275085
 21
271.75048849583
 31
0.0
  0
LINE
  5
B8E
102
{ACAD_REACTORS
330
8E7
102
}
330
1F
100
AcDbEntity
  8
MAIN-1
100
AcDbLine
 10
887.62527275085
 20
271.75048849583
 30
0.0
 11
887.6244544982901
 21
271.6736831426699
 31
0.0
  0
LINE
  5
B8F
102
{ACAD_REACTORS
330
8E7
102
}
330
1F
100
AcDbEntity
  8
MAIN-1
100
AcDbLine
 10
887.6244544982901
 20
271.6736831426699
 30
0.0
 11
887.62362670898
 21
271.5980894327199
 31
0.0
  0
LINE
  5
B90
102
{ACAD_REACTORS
330
8E7
102
}
330
1F
100
AcDbEntity
  8
MAIN-1
100
AcDbLine
 10
887.62362670898
 20
271.5980894327199
 30
0.0
 11
887.62279319763
 21
271.5235637188
 31
0.0
  0
LINE
  5
B91
102
{ACAD_REACTORS
330
8E7
102
}
330
1F
100
AcDbEntity
  8
MAIN-1
100
AcDbLine
 10
887.62279319763
 20
271.5235637188
 30
0.0
 11
887.62195205688
 21
271.45000002385
 31
0.0
  0
LINE
  5
B92
102
{ACAD_REACTORS
330
8E7
102
}
330
1F
100
AcDbEntity
  8
MAIN-1
100
AcDbLine
 10
887.62195205688
 20
271.45000002385
 30
0.0
 11
887.6832752227699
 21
271.45000002385
 31
0.0
  0
LINE
  5
B93
102
{ACAD_REACTORS
330
8E7
102
}
330
1F
100
AcDbEntity
  8
MAIN-1
100
AcDbLine
 10
887.6832752227699
 20
271.45000002385
 30
0.0
 11
887.7455177307099
 21
271.45000002385
 31
0.0
  0
LINE
  5
B94
102
{ACAD_REACTORS
330
8E7
102
}
330
1F
100
AcDbEntity
  8
MAIN-1
100
AcDbLine
 10
887.7455177307099
 20
271.45000002385
 30
0.0
 11
887.8087596893299
 21
271.45000002385
 31
0.0
  0
LINE
  5
B95
102
{ACAD_REACTORS
330
8E7
102
}
330
1F
100
AcDbEntity
  8
MAIN-1
100
AcDbLine
 10
887.8087596893299
 20
271.45000002385
 30
0.0
 11
887.8730888366599
 21
271.45000002385
 31
0.0
  0
LINE
  5
B96
102
{ACAD_REACTORS
330
8E7
102
}
330
1F
100
AcDbEntity
  8
MAIN-1
100
AcDbLine
 10
887.8730888366599
 20
271.45000002385
 30
0.0
 11
887.9386100769
 21
271.45000002385
 31
0.0
  0
LINE
  5
B97
102
{ACAD_REACTORS
330
8E7
102
}
330
1F
100
AcDbEntity
  8
MAIN-1
100
AcDbLine
 10
887.9386100769
 20
271.45000002385
 30
0.0
 11
888.0054378509501
 21
271.45000002385
 31
0.0
  0
LINE
  5
B98
102
{ACAD_REACTORS
330
8E7
102
}
330
1F
100
AcDbEntity
  8
MAIN-1
100
AcDbLine
 10
888.0054378509501
 20
271.45000002385
 30
0.0
 11
888.07370948791
 21
271.45000002385
 31
0.0
  0
LINE
  5
B99
102
{ACAD_REACTORS
330
8E7
102
}
330
1F
100
AcDbEntity
  8
MAIN-1
100
AcDbLine
 10
888.07370948791
 20
271.45000002385
 30
0.0
 11
888.14356422424
 21
271.45000002385
 31
0.0
  0
LINE
  5
B9A
102
{ACAD_REACTORS
330
8E7
102
}
330
1F
100
AcDbEntity
  8
MAIN-1
100
AcDbLine
 10
888.14356422424
 20
271.45000002385
 30
0.0
 11
888.2151412963799
 21
271.45000002385
 31
0.0
  0
LINE
  5
B9B
102
{ACAD_REACTORS
330
8E7
102
}
330
1F
100
AcDbEntity
  8
MAIN-1
100
AcDbLine
 10
888.2151412963799
 20
271.45000002385
 30
0.0
 11
888.28859710693
 21
271.45000002385
 31
0.0
  0
LINE
  5
B9C
102
{ACAD_REACTORS
330
8E7
102
}
330
1F
100
AcDbEntity
  8
MAIN-1
100
AcDbLine
 10
888.28859710693
 20
271.45000002385
 30
0.0
 11
888.3642120361301
 21
271.45000002385
 31
0.0
  0
LINE
  5
B9D
102
{ACAD_REACTORS
330
8E7
102
}
330
1F
100
AcDbEntity
  8
MAIN-1
100
AcDbLine
 10
888.3642120361301
 20
271.45000002385
 30
0.0
 11
888.44203376769
 21
271.45000002385
 31
0.0
  0
LINE
  5
B9E
102
{ACAD_REACTORS
330
8E7
102
}
330
1F
100
AcDbEntity
  8
MAIN-1
100
AcDbLine
 10
888.44203376769
 20
271.45000002385
 30
0.0
 11
888.52221488952
 21
271.45000002385
 31
0.0
  0
LINE
  5
B9F
102
{ACAD_REACTORS
330
8E7
102
}
330
1F
100
AcDbEntity
  8
MAIN-1
100
AcDbLine
 10
888.52221488952
 20
271.45000002385
 30
0.0
 11
888.6048965453999
 21
271.45000002385
 31
0.0
  0
LINE
  5
BA0
102
{ACAD_REACTORS
330
8E7
102
}
330
1F
100
AcDbEntity
  8
MAIN-1
100
AcDbLine
 10
888.6048965453999
 20
271.45000002385
 30
0.0
 11
888.69003295898
 21
271.45000002385
 31
0.0
  0
LINE
  5
BA1
102
{ACAD_REACTORS
330
8E7
102
}
330
1F
100
AcDbEntity
  8
MAIN-1
100
AcDbLine
 10
888.69003295898
 20
271.45000002385
 30
0.0
 11
888.7775115966699
 21
271.45000002385
 31
0.0
  0
LINE
  5
BA2
102
{ACAD_REACTORS
330
8E7
102
}
330
1F
100
AcDbEntity
  8
MAIN-1
100
AcDbLine
 10
888.7775115966699
 20
271.45000002385
 30
0.0
 11
888.86705970764
 21
271.45000002385
 31
0.0
  0
LINE
  5
BA3
102
{ACAD_REACTORS
330
8E7
102
}
330
1F
100
AcDbEntity
  8
MAIN-1
100
AcDbLine
 10
888.86705970764
 20
271.45000002385
 30
0.0
 11
888.9581661224299
 21
271.45000002385
 31
0.0
  0
LINE
  5
BA4
102
{ACAD_REACTORS
330
8E7
102
}
330
1F
100
AcDbEntity
  8
MAIN-1
100
AcDbLine
 10
888.9581661224299
 20
271.45000002385
 30
0.0
 11
889.05006790161
 21
271.45000002385
 31
0.0
  0
LINE
  5
BA5
102
{ACAD_REACTORS
330
8E7
102
}
330
1F
100
AcDbEntity
  8
MAIN-2
100
AcDbLine
 10
887.72119983737
 20
274.5998925454801
 30
0.0
 11
887.72119983737
 21
274.59058200187
 31
0.0
  0
LINE
  5
BA6
102
{ACAD_REACTORS
330
8E7
102
}
330
1F
100
AcDbEntity
  8
MAIN-1
100
AcDbLine
 10
887.72119983737
 20
274.59058200187
 30
0.0
 11
887.72119983737
 21
271.4500000026601
 31
0.0
  0
LINE
  5
BA7
102
{ACAD_REACTORS
330
8E7
102
}
330
1F
100
AcDbEntity
  8
MAIN-2
100
AcDbLine
 10
887.72119983737
 20
274.5998925454801
 30
0.0
 11
887.6237344345
 21
274.5921851554299
 31
0.0
  0
LINE
  5
BA8
102
{ACAD_REACTORS
330
8E7
102
}
330
1F
100
AcDbEntity
  8
MAIN-2
100
AcDbLine
 10
890.40006807601
 20
274.5531326856101
 30
0.0
 11
887.72119983737
 21
274.5998925454801
 31
0.0
  0
LINE
  5
BA9
102
{ACAD_REACTORS
330
8E7
102
}
330
1F
100
AcDbEntity
  8
MAIN-2
100
AcDbLine
 10
890.4000680720901
 20
274.5476568695599
 30
0.0
 11
890.40006807601
 21
274.5531326856101
 31
0.0
  0
LINE
  5
BAA
102
{ACAD_REACTORS
330
8E7
102
}
330
1F
100
AcDbEntity
  8
MAIN-2
100
AcDbLine
 10
890.6500680715999
 20
274.54250709855
 30
0.0
 11
890.4000680721001
 21
274.5476568695599
 31
0.0
  0
LINE
  5
BAB
102
{ACAD_REACTORS
330
8E7
102
}
330
1F
100
AcDbEntity
  8
MAIN-2
100
AcDbLine
 10
890.6500680715999
 20
274.54250709855
 30
0.0
 11
890.6500680711499
 21
274.5418774874599
 31
0.0
  0
LINE
  5
BAC
102
{ACAD_REACTORS
330
8E7
102
}
330
1F
100
AcDbEntity
  8
MAIN-2
100
AcDbLine
 10
890.8000682489201
 20
274.53904035147
 30
0.0
 11
890.6500680711499
 21
274.5418774874599
 31
0.0
  0
LINE
  5
BAD
102
{ACAD_REACTORS
330
8E7
102
}
330
1F
100
AcDbEntity
  8
MAIN-2
100
AcDbLine
 10
890.8000682489301
 20
274.5380759808399
 30
0.0
 11
890.8000682489201
 21
274.53904035147
 31
0.0
  0
LINE
  5
BAE
102
{ACAD_REACTORS
330
8E7
102
}
330
1F
100
AcDbEntity
  8
MAIN-1
100
AcDbLine
 10
889.0500682491199
 20
274.5681581347401
 30
0.0
 11
891.08279664111
 21
274.5327283945501
 31
0.0
  0
LINE
  5
BAF
102
{ACAD_REACTORS
330
8E7
102
}
330
1F
100
AcDbEntity
  8
MAIN-1
100
AcDbLine
 10
890.65006807028
 20
271.4500000027199
 30
0.0
 11
890.6500680711499
 21
274.5402720377001
 31
0.0
  0
LINE
  5
BB0
102
{ACAD_REACTORS
330
8E7
102
}
330
1F
100
AcDbEntity
  8
MAIN-2
100
AcDbLine
 10
890.6500680711499
 20
274.5402720377001
 30
0.0
 11
890.6500680711499
 21
274.5418774874599
 31
0.0
  0
LINE
  5
BB1
102
{ACAD_REACTORS
330
8E7
102
}
330
1F
100
AcDbEntity
  8
MAIN-2
100
AcDbLine
 10
890.65006807073
 20
271.4500000027199
 30
0.0
 11
890.65006807028
 21
271.4500000027199
 31
0.0
  0
LINE
  5
BB2
102
{ACAD_REACTORS
330
8E7
102
}
330
1F
100
AcDbEntity
  8
MAIN-2
100
AcDbLine
 10
890.4000680751401
 20
271.4500000027199
 30
0.0
 11
890.40006807123
 21
271.4500000027199
 31
0.0
  0
LINE
  5
BB3
102
{ACAD_REACTORS
330
8E7
102
}
330
1F
100
AcDbEntity
  8
MAIN-2
100
AcDbLine
 10
890.4000680721001
 20
274.5476568695599
 30
0.0
 11
890.4000680720901
 21
274.54463063246
 31
0.0
  0
LINE
  5
BB4
102
{ACAD_REACTORS
330
8E7
102
}
330
1F
100
AcDbEntity
  8
MAIN-1
100
AcDbLine
 10
890.4000680720901
 20
274.54463063246
 30
0.0
 11
890.40006807123
 21
271.4500000027199
 31
0.0
  0
LINE
  5
BB5
102
{ACAD_REACTORS
330
8E7
102
}
330
1F
100
AcDbEntity
  8
MAIN-1
100
AcDbLine
 10
884.7500682510599
 20
272.0584843920001
 30
0.0
 11
884.7500682510699
 21
271.04999957738
 31
0.0
  0
LINE
  5
BB6
102
{ACAD_REACTORS
330
8E7
102
}
330
1F
100
AcDbEntity
  8
MAIN-1
100
AcDbLine
 10
884.7500682510299
 20
273.8915146700199
 30
0.0
 11
884.7500682510199
 21
274.9000000026599
 31
0.0
  0
ARC
  5
BB7
102
{ACAD_REACTORS
330
8E7
102
}
330
1F
100
AcDbEntity
  8
MAIN-1
100
AcDbCircle
 10
884.3500682510801
 20
272.9749995310001
 30
0.0
 40
1.0
100
AcDbArc
 50
0.0000187239685635
 51
66.4218127021151
  0
LINE
  5
BB8
102
{ACAD_REACTORS
330
8E7
102
}
330
1F
100
AcDbEntity
  8
MAIN-1
100
AcDbLine
 10
877.05000059746
 20
274.92500000106
 30
0.0
 11
880.20000059728
 21
274.92500000106
 31
0.0
  0
LINE
  5
BB9
102
{ACAD_REACTORS
330
8E7
102
}
330
1F
100
AcDbEntity
  8
MAIN-1
100
AcDbLine
 10
869.85000059548
 20
271.04999957581
 30
0.0
 11
869.85000059552
 21
272.0584843904101
 31
0.0
  0
LINE
  5
BBA
102
{ACAD_REACTORS
330
8E7
102
}
330
1F
100
AcDbEntity
  8
MAIN-1
100
AcDbLine
 10
869.8500005956
 20
273.8915146684001
 30
0.0
 11
869.85000059564
 21
274.9000000010799
 31
0.0
  0
ARC
  5
BBB
102
{ACAD_REACTORS
330
8E7
102
}
330
1F
100
AcDbEntity
  8
MAIN-1
100
AcDbCircle
 10
869.4500005955599
 20
272.9749995294201
 30
0.0
 40
1.0
100
AcDbArc
 50
293.5781674500425
 51
0.0000187239685635
  0
LINE
  5
BBC
102
{ACAD_REACTORS
330
8E7
102
}
330
1F
100
AcDbEntity
  8
MAIN-1
100
AcDbLine
 10
863.15000152587
 20
275.2817421913201
 30
0.0
 11
863.2018623352001
 21
275.30477485657
 31
0.0
  0
LINE
  5
BBD
102
{ACAD_REACTORS
330
8E7
102
}
330
1F
100
AcDbEntity
  8
MAIN-1
100
AcDbLine
 10
863.2018623352001
 20
275.30477485657
 30
0.0
 11
863.2561264038
 21
275.3273273468101
 31
0.0
  0
LINE
  5
BBE
102
{ACAD_REACTORS
330
8E7
102
}
330
1F
100
AcDbEntity
  8
MAIN-1
100
AcDbLine
 10
863.2561264038
 20
275.3273273468101
 30
0.0
 11
863.31275939941
 21
275.3492280006501
 31
0.0
  0
LINE
  5
BBF
102
{ACAD_REACTORS
330
8E7
102
}
330
1F
100
AcDbEntity
  8
MAIN-1
100
AcDbLine
 10
863.31275939941
 20
275.3492280006501
 30
0.0
 11
863.37171173095
 21
275.37030134202
 31
0.0
  0
LINE
  5
BC0
102
{ACAD_REACTORS
330
8E7
102
}
330
1F
100
AcDbEntity
  8
MAIN-1
100
AcDbLine
 10
863.37171173095
 20
275.37030134202
 30
0.0
 11
863.4330596923801
 21
275.39041337967
 31
0.0
  0
LINE
  5
BC1
102
{ACAD_REACTORS
330
8E7
102
}
330
1F
100
AcDbEntity
  8
MAIN-1
100
AcDbLine
 10
863.4330596923801
 20
275.39041337967
 30
0.0
 11
863.49670791625
 21
275.4093743324299
 31
0.0
  0
LINE
  5
BC2
102
{ACAD_REACTORS
330
8E7
102
}
330
1F
100
AcDbEntity
  8
MAIN-1
100
AcDbLine
 10
863.49670791625
 20
275.4093743324299
 30
0.0
 11
863.56259536743
 21
275.42700538636
 31
0.0
  0
LINE
  5
BC3
102
{ACAD_REACTORS
330
8E7
102
}
330
1F
100
AcDbEntity
  8
MAIN-1
100
AcDbLine
 10
863.56259536743
 20
275.42700538636
 30
0.0
 11
863.6305389404199
 21
275.44310817719
 31
0.0
  0
LINE
  5
BC4
102
{ACAD_REACTORS
330
8E7
102
}
330
1F
100
AcDbEntity
  8
MAIN-1
100
AcDbLine
 10
863.6305389404199
 20
275.44310817719
 30
0.0
 11
863.70055770874
 21
275.4575410842899
 31
0.0
  0
LINE
  5
BC5
102
{ACAD_REACTORS
330
8E7
102
}
330
1F
100
AcDbEntity
  8
MAIN-1
100
AcDbLine
 10
863.70055770874
 20
275.4575410842899
 30
0.0
 11
863.77244186401
 21
275.47011575699
 31
0.0
  0
LINE
  5
BC6
102
{ACAD_REACTORS
330
8E7
102
}
330
1F
100
AcDbEntity
  8
MAIN-1
100
AcDbLine
 10
863.77244186401
 20
275.47011575699
 30
0.0
 11
863.8458938598601
 21
275.4806552887001
 31
0.0
  0
LINE
  5
BC7
102
{ACAD_REACTORS
330
8E7
102
}
330
1F
100
AcDbEntity
  8
MAIN-1
100
AcDbLine
 10
863.8458938598601
 20
275.4806552887001
 30
0.0
 11
863.92067718505
 21
275.4890185356201
 31
0.0
  0
LINE
  5
BC8
102
{ACAD_REACTORS
330
8E7
102
}
330
1F
100
AcDbEntity
  8
MAIN-1
100
AcDbLine
 10
863.92067718505
 20
275.4890185356201
 30
0.0
 11
863.9965057372999
 21
275.49508628846
 31
0.0
  0
LINE
  5
BC9
102
{ACAD_REACTORS
330
8E7
102
}
330
1F
100
AcDbEntity
  8
MAIN-1
100
AcDbLine
 10
863.9965057372999
 20
275.49508628846
 30
0.0
 11
864.0730743408201
 21
275.4987669944801
 31
0.0
  0
LINE
  5
BCA
102
{ACAD_REACTORS
330
8E7
102
}
330
1F
100
AcDbEntity
  8
MAIN-1
100
AcDbLine
 10
864.0730743408201
 20
275.4987669944801
 30
0.0
 11
864.15000152587
 21
275.5000000953701
 31
0.0
  0
LINE
  5
BCB
102
{ACAD_REACTORS
330
8E7
102
}
330
1F
100
AcDbEntity
  8
MAIN-1
100
AcDbLine
 10
866.1665458679099
 20
273.1000000000099
 30
0.0
 11
866.16661453247
 21
273.2127989292201
 31
0.0
  0
LINE
  5
BCC
102
{ACAD_REACTORS
330
8E7
102
}
330
1F
100
AcDbEntity
  8
MAIN-1
100
AcDbLine
 10
866.16661453247
 20
273.2127989292201
 30
0.0
 11
866.1668128967201
 21
273.3235722541899
 31
0.0
  0
LINE
  5
BCD
102
{ACAD_REACTORS
330
8E7
102
}
330
1F
100
AcDbEntity
  8
MAIN-1
100
AcDbLine
 10
866.1668128967201
 20
273.3235722541899
 30
0.0
 11
866.1671295166
 21
273.43077311516
 31
0.0
  0
LINE
  5
BCE
102
{ACAD_REACTORS
330
8E7
102
}
330
1F
100
AcDbEntity
  8
MAIN-1
100
AcDbLine
 10
866.1671295166
 20
273.43077311516
 30
0.0
 11
866.1675415039001
 21
273.5336621761401
 31
0.0
  0
LINE
  5
BCF
102
{ACAD_REACTORS
330
8E7
102
}
330
1F
100
AcDbEntity
  8
MAIN-1
100
AcDbLine
 10
866.1675415039001
 20
273.5336621761401
 30
0.0
 11
866.1680259704499
 21
273.63213429451
 31
0.0
  0
LINE
  5
BD0
102
{ACAD_REACTORS
330
8E7
102
}
330
1F
100
AcDbEntity
  8
MAIN-1
100
AcDbLine
 10
866.1680259704499
 20
273.63213429451
 30
0.0
 11
866.16857147216
 21
273.7264553070099
 31
0.0
  0
LINE
  5
BD1
102
{ACAD_REACTORS
330
8E7
102
}
330
1F
100
AcDbEntity
  8
MAIN-1
100
AcDbLine
 10
866.16857147216
 20
273.7264553070099
 30
0.0
 11
866.16916656494
 21
273.8169198989899
 31
0.0
  0
LINE
  5
BD2
102
{ACAD_REACTORS
330
8E7
102
}
330
1F
100
AcDbEntity
  8
MAIN-1
100
AcDbLine
 10
866.16916656494
 20
273.8169198989899
 30
0.0
 11
866.16979598999
 21
273.9040602207201
 31
0.0
  0
LINE
  5
BD3
102
{ACAD_REACTORS
330
8E7
102
}
330
1F
100
AcDbEntity
  8
MAIN-1
100
AcDbLine
 10
866.16979598999
 20
273.9040602207201
 30
0.0
 11
866.1704559326099
 21
273.9882701397
 31
0.0
  0
LINE
  5
BD4
102
{ACAD_REACTORS
330
8E7
102
}
330
1F
100
AcDbEntity
  8
MAIN-1
100
AcDbLine
 10
866.1704559326099
 20
273.9882701397
 30
0.0
 11
866.17113876342
 21
274.0699261188599
 31
0.0
  0
LINE
  5
BD5
102
{ACAD_REACTORS
330
8E7
102
}
330
1F
100
AcDbEntity
  8
MAIN-1
100
AcDbLine
 10
866.17113876342
 20
274.0699261188599
 30
0.0
 11
866.17184448242
 21
274.14935669899
 31
0.0
  0
LINE
  5
BD6
102
{ACAD_REACTORS
330
8E7
102
}
330
1F
100
AcDbEntity
  8
MAIN-1
100
AcDbLine
 10
866.17184448242
 20
274.14935669899
 30
0.0
 11
866.1725654602001
 21
274.2268348693899
 31
0.0
  0
LINE
  5
BD7
102
{ACAD_REACTORS
330
8E7
102
}
330
1F
100
AcDbEntity
  8
MAIN-1
100
AcDbLine
 10
866.1725654602001
 20
274.2268348693899
 30
0.0
 11
866.1732978820701
 21
274.3025942802501
 31
0.0
  0
LINE
  5
BD8
102
{ACAD_REACTORS
330
8E7
102
}
330
1F
100
AcDbEntity
  8
MAIN-1
100
AcDbLine
 10
866.1732978820701
 20
274.3025942802501
 30
0.0
 11
866.17404174804
 21
274.3768487930299
 31
0.0
  0
LINE
  5
BD9
102
{ACAD_REACTORS
330
8E7
102
}
330
1F
100
AcDbEntity
  8
MAIN-1
100
AcDbLine
 10
866.17404174804
 20
274.3768487930299
 30
0.0
 11
866.1747970581
 21
274.44977006913
 31
0.0
  0
LINE
  5
BDA
102
{ACAD_REACTORS
330
8E7
102
}
330
1F
100
AcDbEntity
  8
MAIN-1
100
AcDbLine
 10
866.1747970581
 20
274.44977006913
 30
0.0
 11
866.17556381225
 21
274.52150449753
 31
0.0
  0
LINE
  5
BDB
102
{ACAD_REACTORS
330
8E7
102
}
330
1F
100
AcDbEntity
  8
MAIN-1
100
AcDbLine
 10
866.17556381225
 20
274.52150449753
 30
0.0
 11
866.1763343811001
 21
274.59218511582
 31
0.0
  0
LINE
  5
BDC
102
{ACAD_REACTORS
330
8E7
102
}
330
1F
100
AcDbEntity
  8
MAIN-1
100
AcDbLine
 10
864.7500005975301
 20
274.5681581331701
 30
0.0
 11
864.75000059751
 21
275.50000000001
 31
0.0
  0
LINE
  5
BDD
102
{ACAD_REACTORS
330
8E7
102
}
330
1F
100
AcDbEntity
  8
MAIN-1
100
AcDbLine
 10
866.1763343811001
 20
274.59218511582
 30
0.0
 11
866.09909820556
 21
274.59091529847
 31
0.0
  0
LINE
  5
BDE
102
{ACAD_REACTORS
330
8E7
102
}
330
1F
100
AcDbEntity
  8
MAIN-1
100
AcDbLine
 10
866.09909820556
 20
274.59091529847
 30
0.0
 11
866.02048492431
 21
274.5896202087499
 31
0.0
  0
LINE
  5
BDF
102
{ACAD_REACTORS
330
8E7
102
}
330
1F
100
AcDbEntity
  8
MAIN-1
100
AcDbLine
 10
866.02048492431
 20
274.5896202087499
 30
0.0
 11
865.94031524658
 21
274.5882965087901
 31
0.0
  0
LINE
  5
BE0
102
{ACAD_REACTORS
330
8E7
102
}
330
1F
100
AcDbEntity
  8
MAIN-1
100
AcDbLine
 10
865.94031524658
 20
274.5882965087901
 30
0.0
 11
865.85838317871
 21
274.5869413375899
 31
0.0
  0
LINE
  5
BE1
102
{ACAD_REACTORS
330
8E7
102
}
330
1F
100
AcDbEntity
  8
MAIN-1
100
AcDbLine
 10
865.85838317871
 20
274.5869413375899
 30
0.0
 11
865.7744445800699
 21
274.58554897309
 31
0.0
  0
LINE
  5
BE2
102
{ACAD_REACTORS
330
8E7
102
}
330
1F
100
AcDbEntity
  8
MAIN-1
100
AcDbLine
 10
865.7744445800699
 20
274.58554897309
 30
0.0
 11
865.68820571899
 21
274.5841151237501
 31
0.0
  0
LINE
  5
BE3
102
{ACAD_REACTORS
330
8E7
102
}
330
1F
100
AcDbEntity
  8
MAIN-1
100
AcDbLine
 10
865.68820571899
 20
274.5841151237501
 30
0.0
 11
865.5993309020901
 21
274.5826321601901
 31
0.0
  0
LINE
  5
BE4
102
{ACAD_REACTORS
330
8E7
102
}
330
1F
100
AcDbEntity
  8
MAIN-1
100
AcDbLine
 10
865.5993309020901
 20
274.5826321601901
 30
0.0
 11
865.50746536254
 21
274.58109483719
 31
0.0
  0
LINE
  5
BE5
102
{ACAD_REACTORS
330
8E7
102
}
330
1F
100
AcDbEntity
  8
MAIN-1
100
AcDbLine
 10
865.50746536254
 20
274.58109483719
 30
0.0
 11
865.4120330810499
 21
274.5794912338299
 31
0.0
  0
LINE
  5
BE6
102
{ACAD_REACTORS
330
8E7
102
}
330
1F
100
AcDbEntity
  8
MAIN-1
100
AcDbLine
 10
865.4120330810499
 20
274.5794912338299
 30
0.0
 11
865.3126716613699
 21
274.5778146743801
 31
0.0
  0
LINE
  5
BE7
102
{ACAD_REACTORS
330
8E7
102
}
330
1F
100
AcDbEntity
  8
MAIN-1
100
AcDbLine
 10
865.3126716613699
 20
274.5778146743801
 30
0.0
 11
865.2089233398401
 21
274.5760556221101
 31
0.0
  0
LINE
  5
BE8
102
{ACAD_REACTORS
330
8E7
102
}
330
1F
100
AcDbEntity
  8
MAIN-1
100
AcDbLine
 10
865.2089233398401
 20
274.5760556221101
 30
0.0
 11
865.10047149658
 21
274.57420692444
 31
0.0
  0
LINE
  5
BE9
102
{ACAD_REACTORS
330
8E7
102
}
330
1F
100
AcDbEntity
  8
MAIN-1
100
AcDbLine
 10
865.10047149658
 20
274.57420692444
 30
0.0
 11
864.98728942871
 21
274.57226619721
 31
0.0
  0
LINE
  5
BEA
102
{ACAD_REACTORS
330
8E7
102
}
330
1F
100
AcDbEntity
  8
MAIN-1
100
AcDbLine
 10
864.98728942871
 20
274.57226619721
 30
0.0
 11
864.8699607849101
 21
274.57024202347
 31
0.0
  0
LINE
  5
BEB
102
{ACAD_REACTORS
330
8E7
102
}
330
1F
100
AcDbEntity
  8
MAIN-1
100
AcDbLine
 10
864.8699607849101
 20
274.57024202347
 30
0.0
 11
864.74999999999
 21
274.56815824509
 31
0.0
  0
LINE
  5
BEC
102
{ACAD_REACTORS
330
8E7
102
}
330
1F
100
AcDbEntity
  8
MAIN-1
100
AcDbLine
 10
862.4529443226199
 20
274.7970562758801
 30
0.0
 11
862.71727220554
 21
274.5327283929701
 31
0.0
  0
LINE
  5
BED
102
{ACAD_REACTORS
330
8E7
102
}
330
1F
100
AcDbEntity
  8
MAIN-1
100
AcDbLine
 10
862.71727220554
 20
274.5327283929701
 30
0.0
 11
864.7500005975301
 21
274.5681581331701
 31
0.0
  0
LINE
  5
BEE
102
{ACAD_REACTORS
330
8E7
102
}
330
1F
100
AcDbEntity
  8
MAIN-1
100
AcDbLine
 10
862.5000005976201
 20
271.4500000011601
 30
0.0
 11
862.45294432266
 21
271.4029437262
 31
0.0
  0
LINE
  5
BEF
102
{ACAD_REACTORS
330
8E7
102
}
330
1F
100
AcDbEntity
  8
MAIN-1
100
AcDbLine
 10
863.0000005977299
 20
271.4500000011501
 30
0.0
 11
863.0000005977199
 21
274.5376566106199
 31
0.0
  0
LINE
  5
BF0
102
{ACAD_REACTORS
330
8E7
102
}
330
1F
100
AcDbEntity
  8
MAIN-2
100
AcDbLine
 10
863.0000005977199
 20
274.5376566106199
 30
0.0
 11
863.0000005977199
 21
274.5380759792599
 31
0.0
  0
LINE
  5
BF1
102
{ACAD_REACTORS
330
8E7
102
}
330
1F
100
AcDbEntity
  8
MAIN-2
100
AcDbLine
 10
862.71727220554
 20
274.5327283929701
 30
0.0
 11
863.0000005977199
 21
274.5380759792599
 31
0.0
  0
LINE
  5
BF2
102
{ACAD_REACTORS
330
8E7
102
}
330
1F
100
AcDbEntity
  8
MAIN-1
100
AcDbLine
 10
862.5000005976201
 20
271.4500000011601
 30
0.0
 11
864.75000059752
 21
271.4500000011101
 31
0.0
  0
LINE
  5
BF3
102
{ACAD_REACTORS
330
8E7
102
}
330
1F
100
AcDbEntity
  8
MAIN-2
100
AcDbLine
 10
863.4000007715099
 20
271.4500000011401
 30
0.0
 11
863.40000077542
 21
271.4500000011401
 31
0.0
  0
LINE
  5
BF4
102
{ACAD_REACTORS
330
8E7
102
}
330
1F
100
AcDbEntity
  8
MAIN-2
100
AcDbLine
 10
863.15000077636
 20
271.4500000011401
 30
0.0
 11
863.15000077591
 21
271.4500000011401
 31
0.0
  0
LINE
  5
BF5
102
{ACAD_REACTORS
330
8E7
102
}
330
1F
100
AcDbEntity
  8
MAIN-2
100
AcDbLine
 10
863.1500007755001
 20
274.5418774858799
 30
0.0
 11
863.1500007755001
 21
274.5402720827401
 31
0.0
  0
LINE
  5
BF6
102
{ACAD_REACTORS
330
8E7
102
}
330
1F
100
AcDbEntity
  8
MAIN-1
100
AcDbLine
 10
863.1500007755001
 20
274.5402720827401
 30
0.0
 11
863.15000077636
 21
271.4500000011401
 31
0.0
  0
LINE
  5
BF7
102
{ACAD_REACTORS
330
8E7
102
}
330
1F
100
AcDbEntity
  8
MAIN-2
100
AcDbLine
 10
863.1500007755001
 20
274.5418774858799
 30
0.0
 11
863.0000005977299
 21
274.5390403499
 31
0.0
  0
LINE
  5
BF8
102
{ACAD_REACTORS
330
8E7
102
}
330
1F
100
AcDbEntity
  8
MAIN-2
100
AcDbLine
 10
863.0000005977299
 20
274.5390403499
 30
0.0
 11
863.0000005977199
 21
274.5380759792599
 31
0.0
  0
LINE
  5
BF9
102
{ACAD_REACTORS
330
8E7
102
}
330
1F
100
AcDbEntity
  8
MAIN-2
100
AcDbLine
 10
863.40000077064
 20
274.5531326840301
 30
0.0
 11
866.07886900927
 21
274.5998925439001
 31
0.0
  0
LINE
  5
BFA
102
{ACAD_REACTORS
330
8E7
102
}
330
1F
100
AcDbEntity
  8
MAIN-2
100
AcDbLine
 10
866.07886900927
 20
274.5998925439001
 30
0.0
 11
866.17633441214
 21
274.5921851538501
 31
0.0
  0
LINE
  5
BFB
102
{ACAD_REACTORS
330
8E7
102
}
330
1F
100
AcDbEntity
  8
MAIN-2
100
AcDbLine
 10
863.1500007755001
 20
274.5418774858799
 30
0.0
 11
863.1500007750501
 21
274.54250709698
 31
0.0
  0
LINE
  5
BFC
102
{ACAD_REACTORS
330
8E7
102
}
330
1F
100
AcDbEntity
  8
MAIN-2
100
AcDbLine
 10
863.4000007745501
 20
274.5476568679801
 30
0.0
 11
863.1500007750501
 21
274.54250709698
 31
0.0
  0
LINE
  5
BFD
102
{ACAD_REACTORS
330
8E7
102
}
330
1F
100
AcDbEntity
  8
MAIN-2
100
AcDbLine
 10
863.4000007745501
 20
274.5476568679801
 30
0.0
 11
863.40000077064
 21
274.5531326840301
 31
0.0
  0
LINE
  5
BFE
102
{ACAD_REACTORS
330
8E7
102
}
330
1F
100
AcDbEntity
  8
MAIN-1
100
AcDbLine
 10
866.07886900927
 20
271.4500000010801
 30
0.0
 11
866.07886900927
 21
274.59058199998
 31
0.0
  0
LINE
  5
BFF
102
{ACAD_REACTORS
330
8E7
102
}
330
1F
100
AcDbEntity
  8
MAIN-2
100
AcDbLine
 10
866.07886900927
 20
274.59058199998
 30
0.0
 11
866.07886900927
 21
274.5998925439001
 31
0.0
  0
LINE
  5
C00
102
{ACAD_REACTORS
330
8E7
102
}
330
1F
100
AcDbEntity
  8
MAIN-1
100
AcDbLine
 10
863.40000077542
 20
271.4500000011401
 30
0.0
 11
863.4000007745501
 21
274.5446307187599
 31
0.0
  0
LINE
  5
C01
102
{ACAD_REACTORS
330
8E7
102
}
330
1F
100
AcDbEntity
  8
MAIN-2
100
AcDbLine
 10
863.4000007745501
 20
274.5446307187599
 30
0.0
 11
863.4000007745501
 21
274.5476568679801
 31
0.0
  0
LINE
  5
C02
102
{ACAD_REACTORS
330
8E7
102
}
330
1F
100
AcDbEntity
  8
MAIN-1
100
AcDbLine
 10
869.0500005956201
 20
274.9000000010799
 30
0.0
 11
869.0500005956101
 21
273.8915146684401
 31
0.0
  0
ARC
  5
C03
102
{ACAD_REACTORS
330
8E7
102
}
330
1F
100
AcDbEntity
  8
MAIN-1
100
AcDbCircle
 10
869.4500005955599
 20
272.9749995294201
 30
0.0
 40
1.0
100
AcDbArc
 50
179.9999812760317
 51
246.4218325499577
  0
LINE
  5
C04
102
{ACAD_REACTORS
330
8E7
102
}
330
1F
100
AcDbEntity
  8
MAIN-1
100
AcDbLine
 10
869.05000059557
 20
271.04999957581
 30
0.0
 11
869.0500005955901
 21
272.0584843904201
 31
0.0
  0
LINE
  5
C05
102
{ACAD_REACTORS
330
8E7
102
}
330
1F
100
AcDbEntity
  8
MAIN-1
100
AcDbLine
 10
855.65000059766
 20
274.92500000107
 30
0.0
 11
858.80000059748
 21
274.92500000107
 31
0.0
  0
LINE
  5
C06
102
{ACAD_REACTORS
330
8E7
102
}
330
1F
100
AcDbEntity
  8
MAIN-1
100
AcDbLine
 10
872.3666085443299
 20
274.39762534283
 30
0.0
 11
872.3666085443499
 21
271.5523746605199
 31
0.0
  0
LINE
  5
C07
102
{ACAD_REACTORS
330
8E7
102
}
330
1F
100
AcDbEntity
  8
MAIN-1
100
AcDbLine
 10
853.86660854467
 20
274.39762534274
 30
0.0
 11
853.86660854469
 21
271.5523746604499
 31
0.0
  0
LINE
  5
C08
102
{ACAD_REACTORS
330
8E7
102
}
330
1F
100
AcDbEntity
  8
MAIN-2
100
AcDbLine
 10
866.55000028872
 20
270.3500000000099
 30
0.0
 11
866.55000028872
 21
275.50000000001
 31
0.0
  0
INSERT
  5
C0E
102
{ACAD_REACTORS
330
8E6
102
}
330
1F
100
AcDbEntity
  8
0
100
AcDbBlockReference
 66
     1
  2
EPLSYM_LibrarySPECIAL_Symbol12_Variant0_Placement8_2
 10
841.0
 20
275.5
 30
0.0
  0
ATTRIB
  5
C0F
330
C0E
100
AcDbEntity
  8
EPLAN493
 62
     5
100
AcDbText
 10
836.4736044
 20
271.5163199999999
 30
0.0
 40
2.3478
  1
21
  7
Tahoma
 72
     2
 11
840.0
 21
272.6902199999999
 31
0.0
100
AcDbAttribute
  2
17_20450
 70
     0
 74
     2
280
     0
 71
     1
 72
     0
 11
840.0
 21
272.6902199999999
 31
0.0
  0
SEQEND
  5
C10
330
C0E
100
AcDbEntity
  8
0
  0
LINE
  5
C13
102
{ACAD_REACTORS
330
C12
102
}
330
1F
100
AcDbEntity
  8
MAIN-2
100
AcDbLine
 10
861.1360107492601
 20
264.8500000000099
 30
0.0
 11
861.1360107492601
 21
270.00000000001
 31
0.0
  0
LINE
  5
C14
102
{ACAD_REACTORS
330
C12
102
}
330
1F
100
AcDbEntity
  8
MAIN-2
100
AcDbLine
 10
858.8500002887199
 20
270.00000000001
 30
0.0
 11
858.8500002887199
 21
264.8500000000099
 31
0.0
  0
ARC
  5
C15
102
{ACAD_REACTORS
330
C12
102
}
330
1F
100
AcDbEntity
  8
MAIN-1
100
AcDbCircle
 10
869.4500005955599
 20
267.4749995294201
 30
0.0
 40
1.0
100
AcDbArc
 50
113.5781872978851
 51
179.9999812760317
  0
ARC
  5
C16
102
{ACAD_REACTORS
330
C12
102
}
330
1F
100
AcDbEntity
  8
MAIN-1
100
AcDbCircle
 10
869.4500005955599
 20
267.4749995294201
 30
0.0
 40
1.0
100
AcDbArc
 50
0.0000187239685635
 51
66.4218127021151
  0
LINE
  5
C17
102
{ACAD_REACTORS
330
C12
102
}
330
1F
100
AcDbEntity
  8
MAIN-1
100
AcDbLine
 10
866.17811584472
 20
265.95000002385
 30
0.0
 11
866.1772766113199
 21
266.0235637188
 31
0.0
  0
LINE
  5
C18
102
{ACAD_REACTORS
330
C12
102
}
330
1F
100
AcDbEntity
  8
MAIN-1
100
AcDbLine
 10
866.1772766113199
 20
266.0235637188
 30
0.0
 11
866.1764411926199
 21
266.0980894327199
 31
0.0
  0
LINE
  5
C19
102
{ACAD_REACTORS
330
C12
102
}
330
1F
100
AcDbEntity
  8
MAIN-1
100
AcDbLine
 10
866.1764411926199
 20
266.0980894327199
 30
0.0
 11
866.1756134033201
 21
266.1736831426699
 31
0.0
  0
LINE
  5
C1A
102
{ACAD_REACTORS
330
C12
102
}
330
1F
100
AcDbEntity
  8
MAIN-1
100
AcDbLine
 10
866.1756134033201
 20
266.1736831426699
 30
0.0
 11
866.1747970581
 21
266.25048849583
 31
0.0
  0
LINE
  5
C1B
102
{ACAD_REACTORS
330
C12
102
}
330
1F
100
AcDbEntity
  8
MAIN-1
100
AcDbLine
 10
866.1747970581
 20
266.25048849583
 30
0.0
 11
866.1739883422799
 21
266.3286493778301
 31
0.0
  0
LINE
  5
C1C
102
{ACAD_REACTORS
330
C12
102
}
330
1F
100
AcDbEntity
  8
MAIN-1
100
AcDbLine
 10
866.1739883422799
 20
266.3286493778301
 30
0.0
 11
866.17319107055
 21
266.40835783482
 31
0.0
  0
LINE
  5
C1D
102
{ACAD_REACTORS
330
C12
102
}
330
1F
100
AcDbEntity
  8
MAIN-1
100
AcDbLine
 10
866.17319107055
 20
266.40835783482
 30
0.0
 11
866.1724052429099
 21
266.4898234367399
 31
0.0
  0
LINE
  5
C1E
102
{ACAD_REACTORS
330
C12
102
}
330
1F
100
AcDbEntity
  8
MAIN-1
100
AcDbLine
 10
866.1724052429099
 20
266.4898234367399
 30
0.0
 11
866.17163848876
 21
266.5733189344501
 31
0.0
  0
LINE
  5
C1F
102
{ACAD_REACTORS
330
C12
102
}
330
1F
100
AcDbEntity
  8
MAIN-1
100
AcDbLine
 10
866.17163848876
 20
266.5733189344501
 30
0.0
 11
866.1708908081
 21
266.65913853646
 31
0.0
  0
LINE
  5
C20
102
{ACAD_REACTORS
330
C12
102
}
330
1F
100
AcDbEntity
  8
MAIN-1
100
AcDbLine
 10
866.1708908081
 20
266.65913853646
 30
0.0
 11
866.17016983032
 21
266.74764428139
 31
0.0
  0
LINE
  5
C21
102
{ACAD_REACTORS
330
C12
102
}
330
1F
100
AcDbEntity
  8
MAIN-1
100
AcDbLine
 10
866.17016983032
 20
266.74764428139
 30
0.0
 11
866.1694755554099
 21
266.83926210404
 31
0.0
  0
LINE
  5
C22
102
{ACAD_REACTORS
330
C12
102
}
330
1F
100
AcDbEntity
  8
MAIN-1
100
AcDbLine
 10
866.1694755554099
 20
266.83926210404
 30
0.0
 11
866.16881942749
 21
266.93446192742
 31
0.0
  0
LINE
  5
C23
102
{ACAD_REACTORS
330
C12
102
}
330
1F
100
AcDbEntity
  8
MAIN-1
100
AcDbLine
 10
866.16881942749
 20
266.93446192742
 30
0.0
 11
866.16821289062
 21
267.0338228702601
 31
0.0
  0
LINE
  5
C24
102
{ACAD_REACTORS
330
C12
102
}
330
1F
100
AcDbEntity
  8
MAIN-1
100
AcDbLine
 10
866.16821289062
 20
267.0338228702601
 30
0.0
 11
866.1676712036101
 21
267.13783297539
 31
0.0
  0
LINE
  5
C25
102
{ACAD_REACTORS
330
C12
102
}
330
1F
100
AcDbEntity
  8
MAIN-1
100
AcDbLine
 10
866.1676712036101
 20
267.13783297539
 30
0.0
 11
866.16720962524
 21
267.2468667984101
 31
0.0
  0
LINE
  5
C26
102
{ACAD_REACTORS
330
C12
102
}
330
1F
100
AcDbEntity
  8
MAIN-1
100
AcDbLine
 10
866.16720962524
 20
267.2468667984101
 30
0.0
 11
866.1668510437
 21
267.3608625888901
 31
0.0
  0
LINE
  5
C27
102
{ACAD_REACTORS
330
C12
102
}
330
1F
100
AcDbEntity
  8
MAIN-1
100
AcDbLine
 10
866.1668510437
 20
267.3608625888901
 30
0.0
 11
866.16662216186
 21
267.4791863918399
 31
0.0
  0
LINE
  5
C28
102
{ACAD_REACTORS
330
C12
102
}
330
1F
100
AcDbEntity
  8
MAIN-1
100
AcDbLine
 10
866.16662216186
 20
267.4791863918399
 30
0.0
 11
866.1665458679099
 21
267.6000000000099
 31
0.0
  0
LINE
  5
C29
102
{ACAD_REACTORS
330
C12
102
}
330
1F
100
AcDbEntity
  8
MAIN-1
100
AcDbLine
 10
864.74999999999
 20
265.95000002385
 30
0.0
 11
864.84190368652
 21
265.95000002385
 31
0.0
  0
LINE
  5
C2A
102
{ACAD_REACTORS
330
C12
102
}
330
1F
100
AcDbEntity
  8
MAIN-1
100
AcDbLine
 10
864.84190368652
 20
265.95000002385
 30
0.0
 11
864.93301010131
 21
265.95000002385
 31
0.0
  0
LINE
  5
C2B
102
{ACAD_REACTORS
330
C12
102
}
330
1F
100
AcDbEntity
  8
MAIN-1
100
AcDbLine
 10
864.93301010131
 20
265.95000002385
 30
0.0
 11
865.02255630493
 21
265.95000002385
 31
0.0
  0
LINE
  5
C2C
102
{ACAD_REACTORS
330
C12
102
}
330
1F
100
AcDbEntity
  8
MAIN-1
100
AcDbLine
 10
865.02255630493
 20
265.95000002385
 30
0.0
 11
865.1100349426199
 21
265.95000002385
 31
0.0
  0
LINE
  5
C2D
102
{ACAD_REACTORS
330
C12
102
}
330
1F
100
AcDbEntity
  8
MAIN-1
100
AcDbLine
 10
865.1100349426199
 20
265.95000002385
 30
0.0
 11
865.1951713562
 21
265.95000002385
 31
0.0
  0
LINE
  5
C2E
102
{ACAD_REACTORS
330
C12
102
}
330
1F
100
AcDbEntity
  8
MAIN-1
100
AcDbLine
 10
865.1951713562
 20
265.95000002385
 30
0.0
 11
865.27785491943
 21
265.95000002385
 31
0.0
  0
LINE
  5
C2F
102
{ACAD_REACTORS
330
C12
102
}
330
1F
100
AcDbEntity
  8
MAIN-1
100
AcDbLine
 10
865.27785491943
 20
265.95000002385
 30
0.0
 11
865.35803604125
 21
265.95000002385
 31
0.0
  0
LINE
  5
C30
102
{ACAD_REACTORS
330
C12
102
}
330
1F
100
AcDbEntity
  8
MAIN-1
100
AcDbLine
 10
865.35803604125
 20
265.95000002385
 30
0.0
 11
865.4358558654701
 21
265.95000002385
 31
0.0
  0
LINE
  5
C31
102
{ACAD_REACTORS
330
C12
102
}
330
1F
100
AcDbEntity
  8
MAIN-1
100
AcDbLine
 10
865.4358558654701
 20
265.95000002385
 30
0.0
 11
865.51147079467
 21
265.95000002385
 31
0.0
  0
LINE
  5
C32
102
{ACAD_REACTORS
330
C12
102
}
330
1F
100
AcDbEntity
  8
MAIN-1
100
AcDbLine
 10
865.51147079467
 20
265.95000002385
 30
0.0
 11
865.5849266052201
 21
265.95000002385
 31
0.0
  0
LINE
  5
C33
102
{ACAD_REACTORS
330
C12
102
}
330
1F
100
AcDbEntity
  8
MAIN-1
100
AcDbLine
 10
865.5849266052201
 20
265.95000002385
 30
0.0
 11
865.65650558471
 21
265.95000002385
 31
0.0
  0
LINE
  5
C34
102
{ACAD_REACTORS
330
C12
102
}
330
1F
100
AcDbEntity
  8
MAIN-1
100
AcDbLine
 10
865.65650558471
 20
265.95000002385
 30
0.0
 11
865.7263603210399
 21
265.95000002385
 31
0.0
  0
LINE
  5
C35
102
{ACAD_REACTORS
330
C12
102
}
330
1F
100
AcDbEntity
  8
MAIN-1
100
AcDbLine
 10
865.7263603210399
 20
265.95000002385
 30
0.0
 11
865.7946319580001
 21
265.95000002385
 31
0.0
  0
LINE
  5
C36
102
{ACAD_REACTORS
330
C12
102
}
330
1F
100
AcDbEntity
  8
MAIN-1
100
AcDbLine
 10
865.7946319580001
 20
265.95000002385
 30
0.0
 11
865.8614578247
 21
265.95000002385
 31
0.0
  0
LINE
  5
C37
102
{ACAD_REACTORS
330
C12
102
}
330
1F
100
AcDbEntity
  8
MAIN-1
100
AcDbLine
 10
865.8614578247
 20
265.95000002385
 30
0.0
 11
865.92697906494
 21
265.95000002385
 31
0.0
  0
LINE
  5
C38
102
{ACAD_REACTORS
330
C12
102
}
330
1F
100
AcDbEntity
  8
MAIN-1
100
AcDbLine
 10
865.92697906494
 20
265.95000002385
 30
0.0
 11
865.99131011962
 21
265.95000002385
 31
0.0
  0
LINE
  5
C39
102
{ACAD_REACTORS
330
C12
102
}
330
1F
100
AcDbEntity
  8
MAIN-1
100
AcDbLine
 10
865.99131011962
 20
265.95000002385
 30
0.0
 11
866.05455017089
 21
265.95000002385
 31
0.0
  0
LINE
  5
C3A
102
{ACAD_REACTORS
330
C12
102
}
330
1F
100
AcDbEntity
  8
MAIN-1
100
AcDbLine
 10
866.05455017089
 20
265.95000002385
 30
0.0
 11
866.11679458618
 21
265.95000002385
 31
0.0
  0
LINE
  5
C3B
102
{ACAD_REACTORS
330
C12
102
}
330
1F
100
AcDbEntity
  8
MAIN-1
100
AcDbLine
 10
866.11679458618
 20
265.95000002385
 30
0.0
 11
866.17811584472
 21
265.95000002385
 31
0.0
  0
LINE
  5
C3C
102
{ACAD_REACTORS
330
C12
102
}
330
1F
100
AcDbEntity
  8
MAIN-1
100
AcDbLine
 10
864.75000059752
 20
265.9500000010901
 30
0.0
 11
864.75000059751
 21
265.20000000101
 31
0.0
  0
ARC
  5
C3D
102
{ACAD_REACTORS
330
C12
102
}
330
1F
100
AcDbEntity
  8
MAIN-1
100
AcDbCircle
 10
864.75000059746
 20
267.6000000010599
 30
0.0
 40
2.40000000000532
100
AcDbArc
 50
0.0000187239685635
 51
65.37564906398576
  0
LINE
  5
C3E
102
{ACAD_REACTORS
330
C12
102
}
330
1F
100
AcDbEntity
  8
MAIN-1
100
AcDbLine
 10
865.74999999999
 20
269.7817421913201
 30
0.0
 11
865.69813156127
 21
269.80477867127
 31
0.0
  0
LINE
  5
C3F
102
{ACAD_REACTORS
330
C12
102
}
330
1F
100
AcDbEntity
  8
MAIN-1
100
AcDbLine
 10
865.69813156127
 20
269.80477867127
 30
0.0
 11
865.6438789367601
 21
269.8273259163
 31
0.0
  0
LINE
  5
C40
102
{ACAD_REACTORS
330
C12
102
}
330
1F
100
AcDbEntity
  8
MAIN-1
100
AcDbLine
 10
865.6438789367601
 20
269.8273259163
 30
0.0
 11
865.58726882934
 21
269.8492184638999
 31
0.0
  0
LINE
  5
C41
102
{ACAD_REACTORS
330
C12
102
}
330
1F
100
AcDbEntity
  8
MAIN-1
100
AcDbLine
 10
865.58726882934
 20
269.8492184638999
 30
0.0
 11
865.5282859802201
 21
269.8703027725301
 31
0.0
  0
LINE
  5
C42
102
{ACAD_REACTORS
330
C12
102
}
330
1F
100
AcDbEntity
  8
MAIN-1
100
AcDbLine
 10
865.5282859802201
 20
269.8703027725301
 30
0.0
 11
865.46693801879
 21
269.89041433335
 31
0.0
  0
LINE
  5
C43
102
{ACAD_REACTORS
330
C12
102
}
330
1F
100
AcDbEntity
  8
MAIN-1
100
AcDbLine
 10
865.46693801879
 20
269.89041433335
 30
0.0
 11
865.40328979492
 21
269.9093752861099
 31
0.0
  0
LINE
  5
C44
102
{ACAD_REACTORS
330
C12
102
}
330
1F
100
AcDbEntity
  8
MAIN-1
100
AcDbLine
 10
865.40328979492
 20
269.9093752861099
 30
0.0
 11
865.33740615844
 21
269.9270058631901
 31
0.0
  0
LINE
  5
C45
102
{ACAD_REACTORS
330
C12
102
}
330
1F
100
AcDbEntity
  8
MAIN-1
100
AcDbLine
 10
865.33740615844
 20
269.9270058631901
 30
0.0
 11
865.26943206787
 21
269.9431153297501
 31
0.0
  0
LINE
  5
C46
102
{ACAD_REACTORS
330
C12
102
}
330
1F
100
AcDbEntity
  8
MAIN-1
100
AcDbLine
 10
865.26943206787
 20
269.9431153297501
 30
0.0
 11
865.1994056701601
 21
269.9575487136899
 31
0.0
  0
LINE
  5
C47
102
{ACAD_REACTORS
330
C12
102
}
330
1F
100
AcDbEntity
  8
MAIN-1
100
AcDbLine
 10
865.1994056701601
 20
269.9575487136899
 30
0.0
 11
865.12755584716
 21
269.97011671067
 31
0.0
  0
LINE
  5
C48
102
{ACAD_REACTORS
330
C12
102
}
330
1F
100
AcDbEntity
  8
MAIN-1
100
AcDbLine
 10
865.12755584716
 20
269.97011671067
 30
0.0
 11
865.05410385131
 21
269.9806552887001
 31
0.0
  0
LINE
  5
C49
102
{ACAD_REACTORS
330
C12
102
}
330
1F
100
AcDbEntity
  8
MAIN-1
100
AcDbLine
 10
865.05410385131
 20
269.9806552887001
 30
0.0
 11
864.9793357849101
 21
269.9890175819401
 31
0.0
  0
LINE
  5
C4A
102
{ACAD_REACTORS
330
C12
102
}
330
1F
100
AcDbEntity
  8
MAIN-1
100
AcDbLine
 10
864.9793357849101
 20
269.9890175819401
 30
0.0
 11
864.9034957885699
 21
269.9950867652899
 31
0.0
  0
LINE
  5
C4B
102
{ACAD_REACTORS
330
C12
102
}
330
1F
100
AcDbEntity
  8
MAIN-1
100
AcDbLine
 10
864.9034957885699
 20
269.9950867652899
 30
0.0
 11
864.82692718505
 21
269.9987669944801
 31
0.0
  0
LINE
  5
C4C
102
{ACAD_REACTORS
330
C12
102
}
330
1F
100
AcDbEntity
  8
MAIN-1
100
AcDbLine
 10
864.82692718505
 20
269.9987669944801
 30
0.0
 11
864.74999999999
 21
270.0000000953701
 31
0.0
  0
ARC
  5
C4D
102
{ACAD_REACTORS
330
C12
102
}
330
1F
100
AcDbEntity
  8
MAIN-1
100
AcDbCircle
 10
864.1500005974799
 20
267.6000000010599
 30
0.0
 40
2.40000000000532
100
AcDbArc
 50
179.9999812760317
 51
269.9999801521574
  0
ARC
  5
C4E
102
{ACAD_REACTORS
330
C12
102
}
330
1F
100
AcDbEntity
  8
MAIN-1
100
AcDbCircle
 10
884.3500682510801
 20
267.4749995310001
 30
0.0
 40
1.0
100
AcDbArc
 50
293.5781674500425
 51
0.0000187239685635
  0
ARC
  5
C4F
102
{ACAD_REACTORS
330
C12
102
}
330
1F
100
AcDbEntity
  8
MAIN-1
100
AcDbCircle
 10
884.3500682510801
 20
267.4749995310001
 30
0.0
 40
1.0
100
AcDbArc
 50
179.9999812760317
 51
246.4218325499577
  0
LINE
  5
C50
102
{ACAD_REACTORS
330
C12
102
}
330
1F
100
AcDbEntity
  8
MAIN-1
100
AcDbLine
 10
887.6237335205001
 20
269.09218511582
 30
0.0
 11
887.6245059967
 21
269.02150449753
 31
0.0
  0
LINE
  5
C51
102
{ACAD_REACTORS
330
C12
102
}
330
1F
100
AcDbEntity
  8
MAIN-1
100
AcDbLine
 10
887.6245059967
 20
269.02150449753
 30
0.0
 11
887.6252708435
 21
268.94977006913
 31
0.0
  0
LINE
  5
C52
102
{ACAD_REACTORS
330
C12
102
}
330
1F
100
AcDbEntity
  8
MAIN-1
100
AcDbLine
 10
887.6252708435
 20
268.94977006913
 30
0.0
 11
887.6260261535599
 21
268.8768487930299
 31
0.0
  0
LINE
  5
C53
102
{ACAD_REACTORS
330
C12
102
}
330
1F
100
AcDbEntity
  8
MAIN-1
100
AcDbLine
 10
887.6260261535599
 20
268.8768487930299
 30
0.0
 11
887.6267719268701
 21
268.8025942802501
 31
0.0
  0
LINE
  5
C54
102
{ACAD_REACTORS
330
C12
102
}
330
1F
100
AcDbEntity
  8
MAIN-1
100
AcDbLine
 10
887.6267719268701
 20
268.8025942802501
 30
0.0
 11
887.6275043487501
 21
268.7268348693899
 31
0.0
  0
LINE
  5
C55
102
{ACAD_REACTORS
330
C12
102
}
330
1F
100
AcDbEntity
  8
MAIN-1
100
AcDbLine
 10
887.6275043487501
 20
268.7268348693899
 30
0.0
 11
887.6282253265299
 21
268.64935669899
 31
0.0
  0
LINE
  5
C56
102
{ACAD_REACTORS
330
C12
102
}
330
1F
100
AcDbEntity
  8
MAIN-1
100
AcDbLine
 10
887.6282253265299
 20
268.64935669899
 30
0.0
 11
887.62892913818
 21
268.5699261188599
 31
0.0
  0
LINE
  5
C57
102
{ACAD_REACTORS
330
C12
102
}
330
1F
100
AcDbEntity
  8
MAIN-1
100
AcDbLine
 10
887.62892913818
 20
268.5699261188599
 30
0.0
 11
887.62961196899
 21
268.4882701397
 31
0.0
  0
LINE
  5
C58
102
{ACAD_REACTORS
330
C12
102
}
330
1F
100
AcDbEntity
  8
MAIN-1
100
AcDbLine
 10
887.62961196899
 20
268.4882701397
 30
0.0
 11
887.63027191162
 21
268.4040602207201
 31
0.0
  0
LINE
  5
C59
102
{ACAD_REACTORS
330
C12
102
}
330
1F
100
AcDbEntity
  8
MAIN-1
100
AcDbLine
 10
887.63027191162
 20
268.4040602207201
 30
0.0
 11
887.6309032440099
 21
268.3169198989899
 31
0.0
  0
LINE
  5
C5A
102
{ACAD_REACTORS
330
C12
102
}
330
1F
100
AcDbEntity
  8
MAIN-1
100
AcDbLine
 10
887.6309032440099
 20
268.3169198989899
 30
0.0
 11
887.63149642944
 21
268.2264553070099
 31
0.0
  0
LINE
  5
C5B
102
{ACAD_REACTORS
330
C12
102
}
330
1F
100
AcDbEntity
  8
MAIN-1
100
AcDbLine
 10
887.63149642944
 20
268.2264553070099
 30
0.0
 11
887.6320419311501
 21
268.13213429451
 31
0.0
  0
LINE
  5
C5C
102
{ACAD_REACTORS
330
C12
102
}
330
1F
100
AcDbEntity
  8
MAIN-1
100
AcDbLine
 10
887.6320419311501
 20
268.13213429451
 30
0.0
 11
887.6325283050501
 21
268.0336621761401
 31
0.0
  0
LINE
  5
C5D
102
{ACAD_REACTORS
330
C12
102
}
330
1F
100
AcDbEntity
  8
MAIN-1
100
AcDbLine
 10
887.6325283050501
 20
268.0336621761401
 30
0.0
 11
887.63294029235
 21
267.93077311516
 31
0.0
  0
LINE
  5
C5E
102
{ACAD_REACTORS
330
C12
102
}
330
1F
100
AcDbEntity
  8
MAIN-1
100
AcDbLine
 10
887.63294029235
 20
267.93077311516
 30
0.0
 11
887.6332550048801
 21
267.8235724926001
 31
0.0
  0
LINE
  5
C5F
102
{ACAD_REACTORS
330
C12
102
}
330
1F
100
AcDbEntity
  8
MAIN-1
100
AcDbLine
 10
887.6332550048801
 20
267.8235724926001
 30
0.0
 11
887.6334552764799
 21
267.7127989292201
 31
0.0
  0
LINE
  5
C60
102
{ACAD_REACTORS
330
C12
102
}
330
1F
100
AcDbEntity
  8
MAIN-1
100
AcDbLine
 10
887.6334552764799
 20
267.7127989292201
 30
0.0
 11
887.63352394103
 21
267.6000000000099
 31
0.0
  0
LINE
  5
C61
102
{ACAD_REACTORS
330
C12
102
}
330
1F
100
AcDbEntity
  8
MAIN-1
100
AcDbLine
 10
889.05006790161
 20
269.06815824509
 30
0.0
 11
888.95521926879
 21
269.06980667115
 31
0.0
  0
LINE
  5
C62
102
{ACAD_REACTORS
330
C12
102
}
330
1F
100
AcDbEntity
  8
MAIN-1
100
AcDbLine
 10
888.95521926879
 20
269.06980667115
 30
0.0
 11
888.8617477416899
 21
269.0714231491099
 31
0.0
  0
LINE
  5
C63
102
{ACAD_REACTORS
330
C12
102
}
330
1F
100
AcDbEntity
  8
MAIN-1
100
AcDbLine
 10
888.8617477416899
 20
269.0714231491099
 30
0.0
 11
888.7705554962099
 21
269.0729914665301
 31
0.0
  0
LINE
  5
C64
102
{ACAD_REACTORS
330
C12
102
}
330
1F
100
AcDbEntity
  8
MAIN-1
100
AcDbLine
 10
888.7705554962099
 20
269.0729914665301
 30
0.0
 11
888.68215370178
 21
269.07450494767
 31
0.0
  0
LINE
  5
C65
102
{ACAD_REACTORS
330
C12
102
}
330
1F
100
AcDbEntity
  8
MAIN-1
100
AcDbLine
 10
888.68215370178
 20
269.07450494767
 30
0.0
 11
888.5967292785599
 21
269.0759607315099
 31
0.0
  0
LINE
  5
C66
102
{ACAD_REACTORS
330
C12
102
}
330
1F
100
AcDbEntity
  8
MAIN-1
100
AcDbLine
 10
888.5967292785599
 20
269.0759607315099
 30
0.0
 11
888.5142307281401
 21
269.0773602485699
 31
0.0
  0
LINE
  5
C67
102
{ACAD_REACTORS
330
C12
102
}
330
1F
100
AcDbEntity
  8
MAIN-1
100
AcDbLine
 10
888.5142307281401
 20
269.0773602485699
 30
0.0
 11
888.43457603454
 21
269.0787068367099
 31
0.0
  0
LINE
  5
C68
102
{ACAD_REACTORS
330
C12
102
}
330
1F
100
AcDbEntity
  8
MAIN-1
100
AcDbLine
 10
888.43457603454
 20
269.0787068367099
 30
0.0
 11
888.3575057983301
 21
269.08000478745
 31
0.0
  0
LINE
  5
C69
102
{ACAD_REACTORS
330
C12
102
}
330
1F
100
AcDbEntity
  8
MAIN-1
100
AcDbLine
 10
888.3575057983301
 20
269.08000478745
 30
0.0
 11
888.2827701568599
 21
269.08125934601
 31
0.0
  0
LINE
  5
C6A
102
{ACAD_REACTORS
330
C12
102
}
330
1F
100
AcDbEntity
  8
MAIN-1
100
AcDbLine
 10
888.2827701568599
 20
269.08125934601
 30
0.0
 11
888.2102470397899
 21
269.08247337342
 31
0.0
  0
LINE
  5
C6B
102
{ACAD_REACTORS
330
C12
102
}
330
1F
100
AcDbEntity
  8
MAIN-1
100
AcDbLine
 10
888.2102470397899
 20
269.08247337342
 30
0.0
 11
888.13962554931
 21
269.0836521148699
 31
0.0
  0
LINE
  5
C6C
102
{ACAD_REACTORS
330
C12
102
}
330
1F
100
AcDbEntity
  8
MAIN-1
100
AcDbLine
 10
888.13962554931
 20
269.0836521148699
 30
0.0
 11
888.07070350646
 21
269.0847998619099
 31
0.0
  0
LINE
  5
C6D
102
{ACAD_REACTORS
330
C12
102
}
330
1F
100
AcDbEntity
  8
MAIN-1
100
AcDbLine
 10
888.07070350646
 20
269.0847998619099
 30
0.0
 11
888.00332260131
 21
269.0859194755601
 31
0.0
  0
LINE
  5
C6E
102
{ACAD_REACTORS
330
C12
102
}
330
1F
100
AcDbEntity
  8
MAIN-1
100
AcDbLine
 10
888.00332260131
 20
269.0859194755601
 30
0.0
 11
887.9373245239201
 21
269.0870133400001
 31
0.0
  0
LINE
  5
C6F
102
{ACAD_REACTORS
330
C12
102
}
330
1F
100
AcDbEntity
  8
MAIN-1
100
AcDbLine
 10
887.9373245239201
 20
269.0870133400001
 30
0.0
 11
887.87256813049
 21
269.0880847931001
 31
0.0
  0
LINE
  5
C70
102
{ACAD_REACTORS
330
C12
102
}
330
1F
100
AcDbEntity
  8
MAIN-1
100
AcDbLine
 10
887.87256813049
 20
269.0880847931001
 30
0.0
 11
887.8089275360101
 21
269.0891357421899
 31
0.0
  0
LINE
  5
C71
102
{ACAD_REACTORS
330
C12
102
}
330
1F
100
AcDbEntity
  8
MAIN-1
100
AcDbLine
 10
887.8089275360101
 20
269.0891357421899
 30
0.0
 11
887.7463016510001
 21
269.09016857148
 31
0.0
  0
LINE
  5
C72
102
{ACAD_REACTORS
330
C12
102
}
330
1F
100
AcDbEntity
  8
MAIN-1
100
AcDbLine
 10
887.7463016510001
 20
269.09016857148
 30
0.0
 11
887.68459701538
 21
269.0911847114601
 31
0.0
  0
LINE
  5
C73
102
{ACAD_REACTORS
330
C12
102
}
330
1F
100
AcDbEntity
  8
MAIN-1
100
AcDbLine
 10
887.68459701538
 20
269.0911847114601
 30
0.0
 11
887.6237335205001
 21
269.09218511582
 31
0.0
  0
LINE
  5
C74
102
{ACAD_REACTORS
330
C12
102
}
330
1F
100
AcDbEntity
  8
MAIN-1
100
AcDbLine
 10
889.0500682491199
 20
269.0681581347401
 30
0.0
 11
889.0500682491299
 21
270.00000000001
 31
0.0
  0
ARC
  5
C75
102
{ACAD_REACTORS
330
C12
102
}
330
1F
100
AcDbEntity
  8
MAIN-1
100
AcDbCircle
 10
889.6500682491701
 20
267.6000000026399
 30
0.0
 40
2.40000000000532
100
AcDbArc
 50
0.0000187239685635
 51
65.37564906398576
  0
LINE
  5
C76
102
{ACAD_REACTORS
330
C12
102
}
330
1F
100
AcDbEntity
  8
MAIN-1
100
AcDbLine
 10
889.6500682830799
 20
270.0000000953701
 30
0.0
 11
889.7324771881099
 21
269.99858484269
 31
0.0
  0
LINE
  5
C77
102
{ACAD_REACTORS
330
C12
102
}
330
1F
100
AcDbEntity
  8
MAIN-1
100
AcDbLine
 10
889.7324771881099
 20
269.99858484269
 30
0.0
 11
889.81445503234
 21
269.99436340333
 31
0.0
  0
LINE
  5
C78
102
{ACAD_REACTORS
330
C12
102
}
330
1F
100
AcDbEntity
  8
MAIN-1
100
AcDbLine
 10
889.81445503234
 20
269.99436340333
 30
0.0
 11
889.89550971984
 21
269.9874168396
 31
0.0
  0
LINE
  5
C79
102
{ACAD_REACTORS
330
C12
102
}
330
1F
100
AcDbEntity
  8
MAIN-1
100
AcDbLine
 10
889.89550971984
 20
269.9874168396
 30
0.0
 11
889.9753055572501
 21
269.9778605461199
 31
0.0
  0
LINE
  5
C7A
102
{ACAD_REACTORS
330
C12
102
}
330
1F
100
AcDbEntity
  8
MAIN-1
100
AcDbLine
 10
889.9753055572501
 20
269.9778605461199
 30
0.0
 11
890.05348014831
 21
269.9658523559599
 31
0.0
  0
LINE
  5
C7B
102
{ACAD_REACTORS
330
C12
102
}
330
1F
100
AcDbEntity
  8
MAIN-1
100
AcDbLine
 10
890.05348014831
 20
269.9658523559599
 30
0.0
 11
890.12977600097
 21
269.95156965256
 31
0.0
  0
LINE
  5
C7C
102
{ACAD_REACTORS
330
C12
102
}
330
1F
100
AcDbEntity
  8
MAIN-1
100
AcDbLine
 10
890.12977600097
 20
269.95156965256
 30
0.0
 11
890.2037410736
 21
269.9352618217499
 31
0.0
  0
LINE
  5
C7D
102
{ACAD_REACTORS
330
C12
102
}
330
1F
100
AcDbEntity
  8
MAIN-1
100
AcDbLine
 10
890.2037410736
 20
269.9352618217499
 30
0.0
 11
890.27539634704
 21
269.91710243226
 31
0.0
  0
LINE
  5
C7E
102
{ACAD_REACTORS
330
C12
102
}
330
1F
100
AcDbEntity
  8
MAIN-1
100
AcDbLine
 10
890.27539634704
 20
269.91710243226
 30
0.0
 11
890.3445415496799
 21
269.89732608796
 31
0.0
  0
LINE
  5
C7F
102
{ACAD_REACTORS
330
C12
102
}
330
1F
100
AcDbEntity
  8
MAIN-1
100
AcDbLine
 10
890.3445415496799
 20
269.89732608796
 30
0.0
 11
890.4110717773401
 21
269.87615308762
 31
0.0
  0
LINE
  5
C80
102
{ACAD_REACTORS
330
C12
102
}
330
1F
100
AcDbEntity
  8
MAIN-1
100
AcDbLine
 10
890.4110717773401
 20
269.87615308762
 30
0.0
 11
890.47487258911
 21
269.85381898881
 31
0.0
  0
LINE
  5
C81
102
{ACAD_REACTORS
330
C12
102
}
330
1F
100
AcDbEntity
  8
MAIN-1
100
AcDbLine
 10
890.47487258911
 20
269.85381898881
 30
0.0
 11
890.53599548339
 21
269.8305002212601
 31
0.0
  0
LINE
  5
C82
102
{ACAD_REACTORS
330
C12
102
}
330
1F
100
AcDbEntity
  8
MAIN-1
100
AcDbLine
 10
890.53599548339
 20
269.8305002212601
 30
0.0
 11
890.5944099426199
 21
269.8064037322999
 31
0.0
  0
LINE
  5
C83
102
{ACAD_REACTORS
330
C12
102
}
330
1F
100
AcDbEntity
  8
MAIN-1
100
AcDbLine
 10
890.5944099426199
 20
269.8064037322999
 30
0.0
 11
890.6500682830799
 21
269.7817421913201
 31
0.0
  0
ARC
  5
C84
102
{ACAD_REACTORS
330
C12
102
}
330
1F
100
AcDbEntity
  8
MAIN-1
100
AcDbCircle
 10
889.05006824919
 20
267.6000000026399
 30
0.0
 40
2.40000000000532
100
AcDbArc
 50
179.9999812760317
 51
270.0000198478429
  0
ARC
  5
C85
102
{ACAD_REACTORS
330
C12
102
}
330
1F
100
AcDbEntity
  8
MAIN-1
100
AcDbCircle
 10
904.6000002887499
 20
267.6000000008301
 30
0.0
 40
2.40000000000532
100
AcDbArc
 50
0.0000187239685635
 51
65.37564906398576
  0
LINE
  5
C86
102
{ACAD_REACTORS
330
C12
102
}
330
1F
100
AcDbEntity
  8
MAIN-1
100
AcDbLine
 10
904.60000038146
 20
270.0000000953701
 30
0.0
 11
904.6769266128499
 21
269.9987669944801
 31
0.0
  0
LINE
  5
C87
102
{ACAD_REACTORS
330
C12
102
}
330
1F
100
AcDbEntity
  8
MAIN-1
100
AcDbLine
 10
904.6769266128499
 20
269.9987669944801
 30
0.0
 11
904.7534956932
 21
269.99508628846
 31
0.0
  0
LINE
  5
C88
102
{ACAD_REACTORS
330
C12
102
}
330
1F
100
AcDbEntity
  8
MAIN-1
100
AcDbLine
 10
904.7534956932
 20
269.99508628846
 30
0.0
 11
904.8293242454499
 21
269.9890185356201
 31
0.0
  0
LINE
  5
C89
102
{ACAD_REACTORS
330
C12
102
}
330
1F
100
AcDbEntity
  8
MAIN-1
100
AcDbLine
 10
904.8293242454499
 20
269.9890185356201
 30
0.0
 11
904.9041070938099
 21
269.9806552887001
 31
0.0
  0
LINE
  5
C8A
102
{ACAD_REACTORS
330
C12
102
}
330
1F
100
AcDbEntity
  8
MAIN-1
100
AcDbLine
 10
904.9041070938099
 20
269.9806552887001
 30
0.0
 11
904.9775595664901
 21
269.97011575699
 31
0.0
  0
LINE
  5
C8B
102
{ACAD_REACTORS
330
C12
102
}
330
1F
100
AcDbEntity
  8
MAIN-1
100
AcDbLine
 10
904.9775595664901
 20
269.97011575699
 30
0.0
 11
905.0494444370199
 21
269.9575410842899
 31
0.0
  0
LINE
  5
C8C
102
{ACAD_REACTORS
330
C12
102
}
330
1F
100
AcDbEntity
  8
MAIN-1
100
AcDbLine
 10
905.0494444370199
 20
269.9575410842899
 30
0.0
 11
905.1194639205901
 21
269.94310817719
 31
0.0
  0
LINE
  5
C8D
102
{ACAD_REACTORS
330
C12
102
}
330
1F
100
AcDbEntity
  8
MAIN-1
100
AcDbLine
 10
905.1194639205901
 20
269.94310817719
 30
0.0
 11
905.1874060630701
 21
269.92700538636
 31
0.0
  0
LINE
  5
C8E
102
{ACAD_REACTORS
330
C12
102
}
330
1F
100
AcDbEntity
  8
MAIN-1
100
AcDbLine
 10
905.1874060630701
 20
269.92700538636
 30
0.0
 11
905.2532918453201
 21
269.9093743324299
 31
0.0
  0
LINE
  5
C8F
102
{ACAD_REACTORS
330
C12
102
}
330
1F
100
AcDbEntity
  8
MAIN-1
100
AcDbLine
 10
905.2532918453201
 20
269.9093743324299
 30
0.0
 11
905.31694293022
 21
269.89041337967
 31
0.0
  0
LINE
  5
C90
102
{ACAD_REACTORS
330
C12
102
}
330
1F
100
AcDbEntity
  8
MAIN-1
100
AcDbLine
 10
905.31694293022
 20
269.89041337967
 30
0.0
 11
905.37828826904
 21
269.87030134202
 31
0.0
  0
LINE
  5
C91
102
{ACAD_REACTORS
330
C12
102
}
330
1F
100
AcDbEntity
  8
MAIN-1
100
AcDbLine
 10
905.37828826904
 20
269.87030134202
 30
0.0
 11
905.4372420310899
 21
269.8492280006501
 31
0.0
  0
LINE
  5
C92
102
{ACAD_REACTORS
330
C12
102
}
330
1F
100
AcDbEntity
  8
MAIN-1
100
AcDbLine
 10
905.4372420310899
 20
269.8492280006501
 30
0.0
 11
905.4938759803699
 21
269.8273273468101
 31
0.0
  0
LINE
  5
C93
102
{ACAD_REACTORS
330
C12
102
}
330
1F
100
AcDbEntity
  8
MAIN-1
100
AcDbLine
 10
905.4938759803699
 20
269.8273273468101
 30
0.0
 11
905.5481390953
 21
269.80477485657
 31
0.0
  0
LINE
  5
C94
102
{ACAD_REACTORS
330
C12
102
}
330
1F
100
AcDbEntity
  8
MAIN-1
100
AcDbLine
 10
905.5481390953
 20
269.80477485657
 30
0.0
 11
905.60000038146
 21
269.7817421913201
 31
0.0
  0
ARC
  5
C95
102
{ACAD_REACTORS
330
C12
102
}
330
1F
100
AcDbEntity
  8
MAIN-1
100
AcDbCircle
 10
904.00000028878
 20
267.6000000008301
 30
0.0
 40
2.40000000000532
100
AcDbArc
 50
179.9999812760317
 51
270.0000198478429
  0
LINE
  5
C96
102
{ACAD_REACTORS
330
C12
102
}
330
1F
100
AcDbEntity
  8
MAIN-1
100
AcDbLine
 10
902.5736665725699
 20
269.09218511582
 30
0.0
 11
902.57443809509
 21
269.02150449753
 31
0.0
  0
LINE
  5
C97
102
{ACAD_REACTORS
330
C12
102
}
330
1F
100
AcDbEntity
  8
MAIN-1
100
AcDbLine
 10
902.57443809509
 20
269.02150449753
 30
0.0
 11
902.57520198821
 21
268.94977006913
 31
0.0
  0
LINE
  5
C98
102
{ACAD_REACTORS
330
C12
102
}
330
1F
100
AcDbEntity
  8
MAIN-1
100
AcDbLine
 10
902.57520198821
 20
268.94977006913
 30
0.0
 11
902.57595777511
 21
268.8768487930299
 31
0.0
  0
LINE
  5
C99
102
{ACAD_REACTORS
330
C12
102
}
330
1F
100
AcDbEntity
  8
MAIN-1
100
AcDbLine
 10
902.57595777511
 20
268.8768487930299
 30
0.0
 11
902.5767030715899
 21
268.8025942802501
 31
0.0
  0
LINE
  5
C9A
102
{ACAD_REACTORS
330
C12
102
}
330
1F
100
AcDbEntity
  8
MAIN-1
100
AcDbLine
 10
902.5767030715899
 20
268.8025942802501
 30
0.0
 11
902.57743692398
 21
268.7268348693899
 31
0.0
  0
LINE
  5
C9B
102
{ACAD_REACTORS
330
C12
102
}
330
1F
100
AcDbEntity
  8
MAIN-1
100
AcDbLine
 10
902.57743692398
 20
268.7268348693899
 30
0.0
 11
902.57815694808
 21
268.64935669899
 31
0.0
  0
LINE
  5
C9C
102
{ACAD_REACTORS
330
C12
102
}
330
1F
100
AcDbEntity
  8
MAIN-1
100
AcDbLine
 10
902.57815694808
 20
268.64935669899
 30
0.0
 11
902.5788607597301
 21
268.5699261188599
 31
0.0
  0
LINE
  5
C9D
102
{ACAD_REACTORS
330
C12
102
}
330
1F
100
AcDbEntity
  8
MAIN-1
100
AcDbLine
 10
902.5788607597301
 20
268.5699261188599
 30
0.0
 11
902.5795450210501
 21
268.4882701397
 31
0.0
  0
LINE
  5
C9E
102
{ACAD_REACTORS
330
C12
102
}
330
1F
100
AcDbEntity
  8
MAIN-1
100
AcDbLine
 10
902.5795450210501
 20
268.4882701397
 30
0.0
 11
902.58020496368
 21
268.4040602207201
 31
0.0
  0
LINE
  5
C9F
102
{ACAD_REACTORS
330
C12
102
}
330
1F
100
AcDbEntity
  8
MAIN-1
100
AcDbLine
 10
902.58020496368
 20
268.4040602207201
 30
0.0
 11
902.5808348655601
 21
268.3169198989899
 31
0.0
  0
LINE
  5
CA0
102
{ACAD_REACTORS
330
C12
102
}
330
1F
100
AcDbEntity
  8
MAIN-1
100
AcDbLine
 10
902.5808348655601
 20
268.3169198989899
 30
0.0
 11
902.5814280509901
 21
268.2264553070099
 31
0.0
  0
LINE
  5
CA1
102
{ACAD_REACTORS
330
C12
102
}
330
1F
100
AcDbEntity
  8
MAIN-1
100
AcDbLine
 10
902.5814280509901
 20
268.2264553070099
 30
0.0
 11
902.58197450637
 21
268.13213429451
 31
0.0
  0
LINE
  5
CA2
102
{ACAD_REACTORS
330
C12
102
}
330
1F
100
AcDbEntity
  8
MAIN-1
100
AcDbLine
 10
902.58197450637
 20
268.13213429451
 30
0.0
 11
902.5824613571101
 21
268.0336621761401
 31
0.0
  0
LINE
  5
CA3
102
{ACAD_REACTORS
330
C12
102
}
330
1F
100
AcDbEntity
  8
MAIN-1
100
AcDbLine
 10
902.5824613571101
 20
268.0336621761401
 30
0.0
 11
902.5828719138999
 21
267.93077311516
 31
0.0
  0
LINE
  5
CA4
102
{ACAD_REACTORS
330
C12
102
}
330
1F
100
AcDbEntity
  8
MAIN-1
100
AcDbLine
 10
902.5828719138999
 20
267.93077311516
 30
0.0
 11
902.5831875801
 21
267.8235722541899
 31
0.0
  0
LINE
  5
CA5
102
{ACAD_REACTORS
330
C12
102
}
330
1F
100
AcDbEntity
  8
MAIN-1
100
AcDbLine
 10
902.5831875801
 20
267.8235722541899
 30
0.0
 11
902.5833878517101
 21
267.7127989292201
 31
0.0
  0
LINE
  5
CA6
102
{ACAD_REACTORS
330
C12
102
}
330
1F
100
AcDbEntity
  8
MAIN-1
100
AcDbLine
 10
902.5833878517101
 20
267.7127989292201
 30
0.0
 11
902.58345651626
 21
267.6000000000099
 31
0.0
  0
LINE
  5
CA7
102
{ACAD_REACTORS
330
C12
102
}
330
1F
100
AcDbEntity
  8
MAIN-1
100
AcDbLine
 10
904.0000004768301
 20
269.06815824509
 30
0.0
 11
903.90515041351
 21
269.06980667115
 31
0.0
  0
LINE
  5
CA8
102
{ACAD_REACTORS
330
C12
102
}
330
1F
100
AcDbEntity
  8
MAIN-1
100
AcDbLine
 10
903.90515041351
 20
269.06980667115
 30
0.0
 11
903.8116798400799
 21
269.0714231491099
 31
0.0
  0
LINE
  5
CA9
102
{ACAD_REACTORS
330
C12
102
}
330
1F
100
AcDbEntity
  8
MAIN-1
100
AcDbLine
 10
903.8116798400799
 20
269.0714231491099
 30
0.0
 11
903.7204875946
 21
269.0729914665301
 31
0.0
  0
LINE
  5
CAA
102
{ACAD_REACTORS
330
C12
102
}
330
1F
100
AcDbEntity
  8
MAIN-1
100
AcDbLine
 10
903.7204875946
 20
269.0729914665301
 30
0.0
 11
903.6320862770001
 21
269.07450494767
 31
0.0
  0
LINE
  5
CAB
102
{ACAD_REACTORS
330
C12
102
}
330
1F
100
AcDbEntity
  8
MAIN-1
100
AcDbLine
 10
903.6320862770001
 20
269.07450494767
 30
0.0
 11
903.5466604232699
 21
269.0759607315099
 31
0.0
  0
LINE
  5
CAC
102
{ACAD_REACTORS
330
C12
102
}
330
1F
100
AcDbEntity
  8
MAIN-1
100
AcDbLine
 10
903.5466604232699
 20
269.0759607315099
 30
0.0
 11
903.46416330337
 21
269.0773602485699
 31
0.0
  0
LINE
  5
CAD
102
{ACAD_REACTORS
330
C12
102
}
330
1F
100
AcDbEntity
  8
MAIN-1
100
AcDbLine
 10
903.46416330337
 20
269.0773602485699
 30
0.0
 11
903.3845076560899
 21
269.0787068367099
 31
0.0
  0
LINE
  5
CAE
102
{ACAD_REACTORS
330
C12
102
}
330
1F
100
AcDbEntity
  8
MAIN-1
100
AcDbLine
 10
903.3845076560899
 20
269.0787068367099
 30
0.0
 11
903.30743741989
 21
269.08000478745
 31
0.0
  0
LINE
  5
CAF
102
{ACAD_REACTORS
330
C12
102
}
330
1F
100
AcDbEntity
  8
MAIN-1
100
AcDbLine
 10
903.30743741989
 20
269.08000478745
 30
0.0
 11
903.2327032089199
 21
269.08125934601
 31
0.0
  0
LINE
  5
CB0
102
{ACAD_REACTORS
330
C12
102
}
330
1F
100
AcDbEntity
  8
MAIN-1
100
AcDbLine
 10
903.2327032089199
 20
269.08125934601
 30
0.0
 11
903.16017913818
 21
269.08247337342
 31
0.0
  0
LINE
  5
CB1
102
{ACAD_REACTORS
330
C12
102
}
330
1F
100
AcDbEntity
  8
MAIN-1
100
AcDbLine
 10
903.16017913818
 20
269.08247337342
 30
0.0
 11
903.0895566940301
 21
269.0836521148699
 31
0.0
  0
LINE
  5
CB2
102
{ACAD_REACTORS
330
C12
102
}
330
1F
100
AcDbEntity
  8
MAIN-1
100
AcDbLine
 10
903.0895566940301
 20
269.0836521148699
 30
0.0
 11
903.02063560485
 21
269.0847998619099
 31
0.0
  0
LINE
  5
CB3
102
{ACAD_REACTORS
330
C12
102
}
330
1F
100
AcDbEntity
  8
MAIN-1
100
AcDbLine
 10
903.02063560485
 20
269.0847998619099
 30
0.0
 11
902.95325374603
 21
269.0859194755601
 31
0.0
  0
LINE
  5
CB4
102
{ACAD_REACTORS
330
C12
102
}
330
1F
100
AcDbEntity
  8
MAIN-1
100
AcDbLine
 10
902.95325374603
 20
269.0859194755601
 30
0.0
 11
902.8872566223099
 21
269.0870133400001
 31
0.0
  0
LINE
  5
CB5
102
{ACAD_REACTORS
330
C12
102
}
330
1F
100
AcDbEntity
  8
MAIN-1
100
AcDbLine
 10
902.8872566223099
 20
269.0870133400001
 30
0.0
 11
902.8224992752
 21
269.0880847931001
 31
0.0
  0
LINE
  5
CB6
102
{ACAD_REACTORS
330
C12
102
}
330
1F
100
AcDbEntity
  8
MAIN-1
100
AcDbLine
 10
902.8224992752
 20
269.0880847931001
 30
0.0
 11
902.75886011123
 21
269.0891357421899
 31
0.0
  0
LINE
  5
CB7
102
{ACAD_REACTORS
330
C12
102
}
330
1F
100
AcDbEntity
  8
MAIN-1
100
AcDbLine
 10
902.75886011123
 20
269.0891357421899
 30
0.0
 11
902.6962337493801
 21
269.09016857148
 31
0.0
  0
LINE
  5
CB8
102
{ACAD_REACTORS
330
C12
102
}
330
1F
100
AcDbEntity
  8
MAIN-1
100
AcDbLine
 10
902.6962337493801
 20
269.09016857148
 30
0.0
 11
902.6345286369301
 21
269.0911847114601
 31
0.0
  0
LINE
  5
CB9
102
{ACAD_REACTORS
330
C12
102
}
330
1F
100
AcDbEntity
  8
MAIN-1
100
AcDbLine
 10
902.6345286369301
 20
269.0911847114601
 30
0.0
 11
902.5736665725699
 21
269.09218511582
 31
0.0
  0
LINE
  5
CBA
102
{ACAD_REACTORS
330
C12
102
}
330
1F
100
AcDbEntity
  8
MAIN-1
100
AcDbLine
 10
904.00000028871
 20
269.06815813293
 30
0.0
 11
904.00000028872
 21
270.00000000001
 31
0.0
  0
ARC
  5
CBB
102
{ACAD_REACTORS
330
C12
102
}
330
1F
100
AcDbEntity
  8
MAIN-1
100
AcDbCircle
 10
899.3000002906699
 20
267.4749995292
 30
0.0
 40
1.0
100
AcDbArc
 50
293.5781674500425
 51
0.0000187239685635
  0
ARC
  5
CBC
102
{ACAD_REACTORS
330
C12
102
}
330
1F
100
AcDbEntity
  8
MAIN-1
100
AcDbCircle
 10
899.3000002906699
 20
267.4749995292
 30
0.0
 40
1.0
100
AcDbArc
 50
179.9999812760317
 51
246.4218325499577
  0
LINE
  5
CBD
102
{ACAD_REACTORS
330
C12
102
}
330
1F
100
AcDbEntity
  8
MAIN-1
100
AcDbLine
 10
847.67811584472
 20
265.95000002385
 30
0.0
 11
847.6772766113199
 21
266.0235637188
 31
0.0
  0
LINE
  5
CBE
102
{ACAD_REACTORS
330
C12
102
}
330
1F
100
AcDbEntity
  8
MAIN-1
100
AcDbLine
 10
847.6772766113199
 20
266.0235637188
 30
0.0
 11
847.6764411926199
 21
266.0980894327199
 31
0.0
  0
LINE
  5
CBF
102
{ACAD_REACTORS
330
C12
102
}
330
1F
100
AcDbEntity
  8
MAIN-1
100
AcDbLine
 10
847.6764411926199
 20
266.0980894327199
 30
0.0
 11
847.6756134033201
 21
266.1736831426699
 31
0.0
  0
LINE
  5
CC0
102
{ACAD_REACTORS
330
C12
102
}
330
1F
100
AcDbEntity
  8
MAIN-1
100
AcDbLine
 10
847.6756134033201
 20
266.1736831426699
 30
0.0
 11
847.6747970581
 21
266.25048849583
 31
0.0
  0
LINE
  5
CC1
102
{ACAD_REACTORS
330
C12
102
}
330
1F
100
AcDbEntity
  8
MAIN-1
100
AcDbLine
 10
847.6747970581
 20
266.25048849583
 30
0.0
 11
847.6739883422799
 21
266.3286493778301
 31
0.0
  0
LINE
  5
CC2
102
{ACAD_REACTORS
330
C12
102
}
330
1F
100
AcDbEntity
  8
MAIN-1
100
AcDbLine
 10
847.6739883422799
 20
266.3286493778301
 30
0.0
 11
847.67319107055
 21
266.40835783482
 31
0.0
  0
LINE
  5
CC3
102
{ACAD_REACTORS
330
C12
102
}
330
1F
100
AcDbEntity
  8
MAIN-1
100
AcDbLine
 10
847.67319107055
 20
266.40835783482
 30
0.0
 11
847.6724052429099
 21
266.4898234367399
 31
0.0
  0
LINE
  5
CC4
102
{ACAD_REACTORS
330
C12
102
}
330
1F
100
AcDbEntity
  8
MAIN-1
100
AcDbLine
 10
847.6724052429099
 20
266.4898234367399
 30
0.0
 11
847.67163848876
 21
266.5733189344501
 31
0.0
  0
LINE
  5
CC5
102
{ACAD_REACTORS
330
C12
102
}
330
1F
100
AcDbEntity
  8
MAIN-1
100
AcDbLine
 10
847.67163848876
 20
266.5733189344501
 30
0.0
 11
847.6708908081
 21
266.65913853646
 31
0.0
  0
LINE
  5
CC6
102
{ACAD_REACTORS
330
C12
102
}
330
1F
100
AcDbEntity
  8
MAIN-1
100
AcDbLine
 10
847.6708908081
 20
266.65913853646
 30
0.0
 11
847.67016983032
 21
266.74764428139
 31
0.0
  0
LINE
  5
CC7
102
{ACAD_REACTORS
330
C12
102
}
330
1F
100
AcDbEntity
  8
MAIN-1
100
AcDbLine
 10
847.67016983032
 20
266.74764428139
 30
0.0
 11
847.6694755554099
 21
266.83926210404
 31
0.0
  0
LINE
  5
CC8
102
{ACAD_REACTORS
330
C12
102
}
330
1F
100
AcDbEntity
  8
MAIN-1
100
AcDbLine
 10
847.6694755554099
 20
266.83926210404
 30
0.0
 11
847.66881942749
 21
266.93446192742
 31
0.0
  0
LINE
  5
CC9
102
{ACAD_REACTORS
330
C12
102
}
330
1F
100
AcDbEntity
  8
MAIN-1
100
AcDbLine
 10
847.66881942749
 20
266.93446192742
 30
0.0
 11
847.66821289062
 21
267.0338228702601
 31
0.0
  0
LINE
  5
CCA
102
{ACAD_REACTORS
330
C12
102
}
330
1F
100
AcDbEntity
  8
MAIN-1
100
AcDbLine
 10
847.66821289062
 20
267.0338228702601
 30
0.0
 11
847.6676712036101
 21
267.13783297539
 31
0.0
  0
LINE
  5
CCB
102
{ACAD_REACTORS
330
C12
102
}
330
1F
100
AcDbEntity
  8
MAIN-1
100
AcDbLine
 10
847.6676712036101
 20
267.13783297539
 30
0.0
 11
847.66720962524
 21
267.2468667984101
 31
0.0
  0
LINE
  5
CCC
102
{ACAD_REACTORS
330
C12
102
}
330
1F
100
AcDbEntity
  8
MAIN-1
100
AcDbLine
 10
847.66720962524
 20
267.2468667984101
 30
0.0
 11
847.6668510437
 21
267.3608625888901
 31
0.0
  0
LINE
  5
CCD
102
{ACAD_REACTORS
330
C12
102
}
330
1F
100
AcDbEntity
  8
MAIN-1
100
AcDbLine
 10
847.6668510437
 20
267.3608625888901
 30
0.0
 11
847.66662216186
 21
267.4791863918399
 31
0.0
  0
LINE
  5
CCE
102
{ACAD_REACTORS
330
C12
102
}
330
1F
100
AcDbEntity
  8
MAIN-1
100
AcDbLine
 10
847.66662216186
 20
267.4791863918399
 30
0.0
 11
847.6665458679099
 21
267.6000000000099
 31
0.0
  0
LINE
  5
CCF
102
{ACAD_REACTORS
330
C12
102
}
330
1F
100
AcDbEntity
  8
MAIN-1
100
AcDbLine
 10
846.24999999999
 20
265.95000002385
 30
0.0
 11
846.34190368652
 21
265.95000002385
 31
0.0
  0
LINE
  5
CD0
102
{ACAD_REACTORS
330
C12
102
}
330
1F
100
AcDbEntity
  8
MAIN-1
100
AcDbLine
 10
846.34190368652
 20
265.95000002385
 30
0.0
 11
846.43301010131
 21
265.95000002385
 31
0.0
  0
LINE
  5
CD1
102
{ACAD_REACTORS
330
C12
102
}
330
1F
100
AcDbEntity
  8
MAIN-1
100
AcDbLine
 10
846.43301010131
 20
265.95000002385
 30
0.0
 11
846.52255630493
 21
265.95000002385
 31
0.0
  0
LINE
  5
CD2
102
{ACAD_REACTORS
330
C12
102
}
330
1F
100
AcDbEntity
  8
MAIN-1
100
AcDbLine
 10
846.52255630493
 20
265.95000002385
 30
0.0
 11
846.6100349426199
 21
265.95000002385
 31
0.0
  0
LINE
  5
CD3
102
{ACAD_REACTORS
330
C12
102
}
330
1F
100
AcDbEntity
  8
MAIN-1
100
AcDbLine
 10
846.6100349426199
 20
265.95000002385
 30
0.0
 11
846.6951713562
 21
265.95000002385
 31
0.0
  0
LINE
  5
CD4
102
{ACAD_REACTORS
330
C12
102
}
330
1F
100
AcDbEntity
  8
MAIN-1
100
AcDbLine
 10
846.6951713562
 20
265.95000002385
 30
0.0
 11
846.77785491943
 21
265.95000002385
 31
0.0
  0
LINE
  5
CD5
102
{ACAD_REACTORS
330
C12
102
}
330
1F
100
AcDbEntity
  8
MAIN-1
100
AcDbLine
 10
846.77785491943
 20
265.95000002385
 30
0.0
 11
846.85803604125
 21
265.95000002385
 31
0.0
  0
LINE
  5
CD6
102
{ACAD_REACTORS
330
C12
102
}
330
1F
100
AcDbEntity
  8
MAIN-1
100
AcDbLine
 10
846.85803604125
 20
265.95000002385
 30
0.0
 11
846.9358558654701
 21
265.95000002385
 31
0.0
  0
LINE
  5
CD7
102
{ACAD_REACTORS
330
C12
102
}
330
1F
100
AcDbEntity
  8
MAIN-1
100
AcDbLine
 10
846.9358558654701
 20
265.95000002385
 30
0.0
 11
847.01147079467
 21
265.95000002385
 31
0.0
  0
LINE
  5
CD8
102
{ACAD_REACTORS
330
C12
102
}
330
1F
100
AcDbEntity
  8
MAIN-1
100
AcDbLine
 10
847.01147079467
 20
265.95000002385
 30
0.0
 11
847.0849266052201
 21
265.95000002385
 31
0.0
  0
LINE
  5
CD9
102
{ACAD_REACTORS
330
C12
102
}
330
1F
100
AcDbEntity
  8
MAIN-1
100
AcDbLine
 10
847.0849266052201
 20
265.95000002385
 30
0.0
 11
847.15650558471
 21
265.95000002385
 31
0.0
  0
LINE
  5
CDA
102
{ACAD_REACTORS
330
C12
102
}
330
1F
100
AcDbEntity
  8
MAIN-1
100
AcDbLine
 10
847.15650558471
 20
265.95000002385
 30
0.0
 11
847.2263603210399
 21
265.95000002385
 31
0.0
  0
LINE
  5
CDB
102
{ACAD_REACTORS
330
C12
102
}
330
1F
100
AcDbEntity
  8
MAIN-1
100
AcDbLine
 10
847.2263603210399
 20
265.95000002385
 30
0.0
 11
847.2946319580001
 21
265.95000002385
 31
0.0
  0
LINE
  5
CDC
102
{ACAD_REACTORS
330
C12
102
}
330
1F
100
AcDbEntity
  8
MAIN-1
100
AcDbLine
 10
847.2946319580001
 20
265.95000002385
 30
0.0
 11
847.3614578247
 21
265.95000002385
 31
0.0
  0
LINE
  5
CDD
102
{ACAD_REACTORS
330
C12
102
}
330
1F
100
AcDbEntity
  8
MAIN-1
100
AcDbLine
 10
847.3614578247
 20
265.95000002385
 30
0.0
 11
847.42697906494
 21
265.95000002385
 31
0.0
  0
LINE
  5
CDE
102
{ACAD_REACTORS
330
C12
102
}
330
1F
100
AcDbEntity
  8
MAIN-1
100
AcDbLine
 10
847.42697906494
 20
265.95000002385
 30
0.0
 11
847.49131011962
 21
265.95000002385
 31
0.0
  0
LINE
  5
CDF
102
{ACAD_REACTORS
330
C12
102
}
330
1F
100
AcDbEntity
  8
MAIN-1
100
AcDbLine
 10
847.49131011962
 20
265.95000002385
 30
0.0
 11
847.55455017089
 21
265.95000002385
 31
0.0
  0
LINE
  5
CE0
102
{ACAD_REACTORS
330
C12
102
}
330
1F
100
AcDbEntity
  8
MAIN-1
100
AcDbLine
 10
847.55455017089
 20
265.95000002385
 30
0.0
 11
847.61679458618
 21
265.95000002385
 31
0.0
  0
LINE
  5
CE1
102
{ACAD_REACTORS
330
C12
102
}
330
1F
100
AcDbEntity
  8
MAIN-1
100
AcDbLine
 10
847.61679458618
 20
265.95000002385
 30
0.0
 11
847.67811584472
 21
265.95000002385
 31
0.0
  0
LINE
  5
CE2
102
{ACAD_REACTORS
330
C12
102
}
330
1F
100
AcDbEntity
  8
MAIN-1
100
AcDbLine
 10
846.25000059786
 20
265.95000000102
 30
0.0
 11
846.25000059785
 21
265.20000000092
 31
0.0
  0
ARC
  5
CE3
102
{ACAD_REACTORS
330
C12
102
}
330
1F
100
AcDbEntity
  8
MAIN-1
100
AcDbCircle
 10
850.9500005959001
 20
267.47499952933
 30
0.0
 40
1.0
100
AcDbArc
 50
113.5781872978851
 51
179.9999812760317
  0
ARC
  5
CE4
102
{ACAD_REACTORS
330
C12
102
}
330
1F
100
AcDbEntity
  8
MAIN-1
100
AcDbCircle
 10
846.2500005978
 20
267.6000000009701
 30
0.0
 40
2.40000000000532
100
AcDbArc
 50
0.0000187239685635
 51
65.37564906398576
  0
LINE
  5
CE5
102
{ACAD_REACTORS
330
C12
102
}
330
1F
100
AcDbEntity
  8
MAIN-1
100
AcDbLine
 10
847.24999999999
 20
269.7817421913201
 30
0.0
 11
847.19813156127
 21
269.80477867127
 31
0.0
  0
LINE
  5
CE6
102
{ACAD_REACTORS
330
C12
102
}
330
1F
100
AcDbEntity
  8
MAIN-1
100
AcDbLine
 10
847.19813156127
 20
269.80477867127
 30
0.0
 11
847.1438789367601
 21
269.8273259163
 31
0.0
  0
LINE
  5
CE7
102
{ACAD_REACTORS
330
C12
102
}
330
1F
100
AcDbEntity
  8
MAIN-1
100
AcDbLine
 10
847.1438789367601
 20
269.8273259163
 30
0.0
 11
847.08726882934
 21
269.8492184638999
 31
0.0
  0
LINE
  5
CE8
102
{ACAD_REACTORS
330
C12
102
}
330
1F
100
AcDbEntity
  8
MAIN-1
100
AcDbLine
 10
847.08726882934
 20
269.8492184638999
 30
0.0
 11
847.0282859802201
 21
269.8703027725301
 31
0.0
  0
LINE
  5
CE9
102
{ACAD_REACTORS
330
C12
102
}
330
1F
100
AcDbEntity
  8
MAIN-1
100
AcDbLine
 10
847.0282859802201
 20
269.8703027725301
 30
0.0
 11
846.96693801879
 21
269.89041433335
 31
0.0
  0
LINE
  5
CEA
102
{ACAD_REACTORS
330
C12
102
}
330
1F
100
AcDbEntity
  8
MAIN-1
100
AcDbLine
 10
846.96693801879
 20
269.89041433335
 30
0.0
 11
846.90328979492
 21
269.9093752861099
 31
0.0
  0
LINE
  5
CEB
102
{ACAD_REACTORS
330
C12
102
}
330
1F
100
AcDbEntity
  8
MAIN-1
100
AcDbLine
 10
846.90328979492
 20
269.9093752861099
 30
0.0
 11
846.83740615844
 21
269.9270058631901
 31
0.0
  0
LINE
  5
CEC
102
{ACAD_REACTORS
330
C12
102
}
330
1F
100
AcDbEntity
  8
MAIN-1
100
AcDbLine
 10
846.83740615844
 20
269.9270058631901
 30
0.0
 11
846.76943206787
 21
269.9431153297501
 31
0.0
  0
LINE
  5
CED
102
{ACAD_REACTORS
330
C12
102
}
330
1F
100
AcDbEntity
  8
MAIN-1
100
AcDbLine
 10
846.76943206787
 20
269.9431153297501
 30
0.0
 11
846.6994056701601
 21
269.9575487136899
 31
0.0
  0
LINE
  5
CEE
102
{ACAD_REACTORS
330
C12
102
}
330
1F
100
AcDbEntity
  8
MAIN-1
100
AcDbLine
 10
846.6994056701601
 20
269.9575487136899
 30
0.0
 11
846.62755584716
 21
269.97011671067
 31
0.0
  0
LINE
  5
CEF
102
{ACAD_REACTORS
330
C12
102
}
330
1F
100
AcDbEntity
  8
MAIN-1
100
AcDbLine
 10
846.62755584716
 20
269.97011671067
 30
0.0
 11
846.55410385131
 21
269.9806552887001
 31
0.0
  0
LINE
  5
CF0
102
{ACAD_REACTORS
330
C12
102
}
330
1F
100
AcDbEntity
  8
MAIN-1
100
AcDbLine
 10
846.55410385131
 20
269.9806552887001
 30
0.0
 11
846.4793357849101
 21
269.9890175819401
 31
0.0
  0
LINE
  5
CF1
102
{ACAD_REACTORS
330
C12
102
}
330
1F
100
AcDbEntity
  8
MAIN-1
100
AcDbLine
 10
846.4793357849101
 20
269.9890175819401
 30
0.0
 11
846.4034957885699
 21
269.9950867652899
 31
0.0
  0
LINE
  5
CF2
102
{ACAD_REACTORS
330
C12
102
}
330
1F
100
AcDbEntity
  8
MAIN-1
100
AcDbLine
 10
846.4034957885699
 20
269.9950867652899
 30
0.0
 11
846.32692718505
 21
269.9987669944801
 31
0.0
  0
LINE
  5
CF3
102
{ACAD_REACTORS
330
C12
102
}
330
1F
100
AcDbEntity
  8
MAIN-1
100
AcDbLine
 10
846.32692718505
 20
269.9987669944801
 30
0.0
 11
846.24999999999
 21
270.0000000953701
 31
0.0
  0
ARC
  5
CF4
102
{ACAD_REACTORS
330
C12
102
}
330
1F
100
AcDbEntity
  8
MAIN-1
100
AcDbCircle
 10
850.9500005959001
 20
267.47499952933
 30
0.0
 40
1.0
100
AcDbArc
 50
0.0000187239685635
 51
66.4218127021151
  0
LINE
  5
CF5
102
{ACAD_REACTORS
330
C12
102
}
330
1F
100
AcDbEntity
  8
MAIN-2
100
AcDbLine
 10
906.6000002747601
 20
270.0000000953701
 30
0.0
 11
906.6000002747701
 21
265.8500000000099
 31
0.0
  0
LINE
  5
CF6
102
{ACAD_REACTORS
330
C12
102
}
330
1F
100
AcDbEntity
  8
MAIN-2
100
AcDbLine
 10
906.90000027477
 20
265.85000000124
 30
0.0
 11
906.90000027477
 21
270.00000000001
 31
0.0
  0
LINE
  5
CF7
102
{ACAD_REACTORS
330
C12
102
}
330
1F
100
AcDbEntity
  8
MAIN-2
100
AcDbLine
 10
842.10227203369
 20
270.0000000953701
 30
0.0
 11
842.10227203369
 21
264.8500000000099
 31
0.0
  0
LINE
  5
CF8
102
{ACAD_REACTORS
330
C12
102
}
330
1F
100
AcDbEntity
  8
MAIN-2
100
AcDbLine
 10
891.9310951232901
 20
264.8500000000199
 30
0.0
 11
891.9310951232901
 21
270.0000000953701
 31
0.0
  0
LINE
  5
CF9
102
{ACAD_REACTORS
330
C12
102
}
330
1F
100
AcDbEntity
  8
MAIN-2
100
AcDbLine
 10
891.9707685701701
 20
270.00000000001
 30
0.0
 11
891.9707685701701
 21
264.8500000000099
 31
0.0
  0
LINE
  5
CFA
102
{ACAD_REACTORS
330
C12
102
}
330
1F
100
AcDbEntity
  8
MAIN-2
100
AcDbLine
 10
907.7090883255
 20
264.8500000000099
 30
0.0
 11
907.7090883255
 21
270.0000000953701
 31
0.0
  0
LINE
  5
CFB
102
{ACAD_REACTORS
330
C12
102
}
330
1F
100
AcDbEntity
  8
MAIN-2
100
AcDbLine
 10
908.40000027476
 20
264.8500000000099
 30
0.0
 11
908.40000027476
 21
270.00000000001
 31
0.0
  0
ARC
  5
CFC
102
{ACAD_REACTORS
330
C12
102
}
330
1F
100
AcDbEntity
  8
MAIN-1
100
AcDbCircle
 10
845.65000059782
 20
267.6000000009701
 30
0.0
 40
2.40000000000532
100
AcDbArc
 50
179.9999812760317
 51
269.9999801521574
  0
LINE
  5
CFD
102
{ACAD_REACTORS
330
C12
102
}
330
1F
100
AcDbEntity
  8
MAIN-1
100
AcDbLine
 10
853.62707138061
 20
268.65917930604
 30
0.0
 11
853.59351348876
 21
268.6256185531699
 31
0.0
  0
LINE
  5
CFE
102
{ACAD_REACTORS
330
C12
102
}
330
1F
100
AcDbEntity
  8
MAIN-1
100
AcDbLine
 10
853.59351348876
 20
268.6256185531699
 30
0.0
 11
853.5581893920801
 21
268.59029541016
 31
0.0
  0
LINE
  5
CFF
102
{ACAD_REACTORS
330
C12
102
}
330
1F
100
AcDbEntity
  8
MAIN-1
100
AcDbLine
 10
853.5581893920801
 20
268.59029541016
 30
0.0
 11
853.52122116088
 21
268.5533286094701
 31
0.0
  0
LINE
  5
D00
102
{ACAD_REACTORS
330
C12
102
}
330
1F
100
AcDbEntity
  8
MAIN-1
100
AcDbLine
 10
853.52122116088
 20
268.5533286094701
 30
0.0
 11
853.4827308654701
 21
268.5148373603899
 31
0.0
  0
LINE
  5
D01
102
{ACAD_REACTORS
330
C12
102
}
330
1F
100
AcDbEntity
  8
MAIN-1
100
AcDbLine
 10
853.4827308654701
 20
268.5148373603899
 30
0.0
 11
853.4428329467701
 21
268.47493991852
 31
0.0
  0
LINE
  5
D02
102
{ACAD_REACTORS
330
C12
102
}
330
1F
100
AcDbEntity
  8
MAIN-1
100
AcDbLine
 10
853.4428329467701
 20
268.47493991852
 30
0.0
 11
853.4016494750899
 21
268.4337552547499
 31
0.0
  0
LINE
  5
D03
102
{ACAD_REACTORS
330
C12
102
}
330
1F
100
AcDbEntity
  8
MAIN-1
100
AcDbLine
 10
872.12707138061
 20
268.65917930604
 30
0.0
 11
872.09351348876
 21
268.6256185531699
 31
0.0
  0
LINE
  5
D04
102
{ACAD_REACTORS
330
C12
102
}
330
1F
100
AcDbEntity
  8
MAIN-1
100
AcDbLine
 10
872.09351348876
 20
268.6256185531699
 30
0.0
 11
872.0581893920801
 21
268.59029541016
 31
0.0
  0
LINE
  5
D05
102
{ACAD_REACTORS
330
C12
102
}
330
1F
100
AcDbEntity
  8
MAIN-1
100
AcDbLine
 10
872.0581893920801
 20
268.59029541016
 30
0.0
 11
872.02122116088
 21
268.5533286094701
 31
0.0
  0
LINE
  5
D06
102
{ACAD_REACTORS
330
C12
102
}
330
1F
100
AcDbEntity
  8
MAIN-1
100
AcDbLine
 10
872.02122116088
 20
268.5533286094701
 30
0.0
 11
871.9827308654701
 21
268.5148373603899
 31
0.0
  0
LINE
  5
D07
102
{ACAD_REACTORS
330
C12
102
}
330
1F
100
AcDbEntity
  8
MAIN-1
100
AcDbLine
 10
871.9827308654701
 20
268.5148373603899
 30
0.0
 11
871.9428329467701
 21
268.47493991852
 31
0.0
  0
LINE
  5
D08
102
{ACAD_REACTORS
330
C12
102
}
330
1F
100
AcDbEntity
  8
MAIN-1
100
AcDbLine
 10
871.9428329467701
 20
268.47493991852
 30
0.0
 11
871.9016494750899
 21
268.4337552547499
 31
0.0
  0
LINE
  5
D09
102
{ACAD_REACTORS
330
C12
102
}
330
1F
100
AcDbEntity
  8
MAIN-1
100
AcDbLine
 10
840.8500003230699
 20
270.00000000001
 30
0.0
 11
841.2843179521601
 21
270.00000000001
 31
0.0
  0
LINE
  5
D0A
102
{ACAD_REACTORS
330
C12
102
}
330
1F
100
AcDbEntity
  8
MAIN-1
100
AcDbLine
 10
841.3934168544199
 20
270.00000000001
 30
0.0
 11
841.2843177601701
 21
270.00000000001
 31
0.0
  0
LINE
  5
D0B
102
{ACAD_REACTORS
330
C12
102
}
330
1F
100
AcDbEntity
  8
MAIN-1
100
AcDbLine
 10
841.5007665036501
 20
270.0
 30
0.0
 11
841.3934213377399
 21
270.0
 31
0.0
  0
LINE
  5
D0C
102
{ACAD_REACTORS
330
C12
102
}
330
1F
100
AcDbEntity
  8
MAIN-1
100
AcDbLine
 10
841.5007665036501
 20
270.0
 30
0.0
 11
844.6500005973701
 21
270.0
 31
0.0
  0
LINE
  5
D0D
102
{ACAD_REACTORS
330
C12
102
}
330
1F
100
AcDbEntity
  8
MAIN-1
100
AcDbLine
 10
844.65000059728
 20
270.00000000001
 30
0.0
 11
845.6500005978401
 21
270.00000000001
 31
0.0
  0
LINE
  5
D0E
102
{ACAD_REACTORS
330
C12
102
}
330
1F
100
AcDbEntity
  8
MAIN-1
100
AcDbLine
 10
846.25000059785
 20
270.00000000001
 30
0.0
 11
845.6500005978401
 21
270.00000000001
 31
0.0
  0
LINE
  5
D0F
102
{ACAD_REACTORS
330
C12
102
}
330
1F
100
AcDbEntity
  8
MAIN-1
100
AcDbLine
 10
847.25000059842
 20
270.00000000001
 30
0.0
 11
846.25000059785
 21
270.00000000001
 31
0.0
  0
LINE
  5
D10
102
{ACAD_REACTORS
330
C12
102
}
330
1F
100
AcDbEntity
  8
MAIN-1
100
AcDbLine
 10
854.9315010200801
 20
270.00000000001
 30
0.0
 11
847.25000059832
 21
270.00000000001
 31
0.0
  0
LINE
  5
D11
102
{ACAD_REACTORS
330
C12
102
}
330
1F
100
AcDbEntity
  8
MAIN-1
100
AcDbLine
 10
855.65000059766
 20
270.00000000001
 30
0.0
 11
854.9315010200801
 21
270.00000000001
 31
0.0
  0
LINE
  5
D12
102
{ACAD_REACTORS
330
C12
102
}
330
1F
100
AcDbEntity
  8
MAIN-1
100
AcDbLine
 10
855.65000059766
 20
270.00000000001
 30
0.0
 11
858.80000059748
 21
270.00000000001
 31
0.0
  0
LINE
  5
D13
102
{ACAD_REACTORS
330
C12
102
}
330
1F
100
AcDbEntity
  8
MAIN-1
100
AcDbLine
 10
858.80000059748
 20
270.0
 30
0.0
 11
859.35000032273
 21
270.0
 31
0.0
  0
LINE
  5
D14
102
{ACAD_REACTORS
330
C12
102
}
330
1F
100
AcDbEntity
  8
MAIN-1
100
AcDbLine
 10
859.35000032273
 20
270.0
 30
0.0
 11
859.78431795182
 21
270.0
 31
0.0
  0
LINE
  5
D15
102
{ACAD_REACTORS
330
C12
102
}
330
1F
100
AcDbEntity
  8
MAIN-1
100
AcDbLine
 10
859.89341685408
 20
270.0
 30
0.0
 11
859.78431775983
 21
270.0
 31
0.0
  0
LINE
  5
D16
102
{ACAD_REACTORS
330
C12
102
}
330
1F
100
AcDbEntity
  8
MAIN-1
100
AcDbLine
 10
860.0007665033099
 20
270.0
 30
0.0
 11
859.8934213374
 21
270.0
 31
0.0
  0
LINE
  5
D17
102
{ACAD_REACTORS
330
C12
102
}
330
1F
100
AcDbEntity
  8
MAIN-1
100
AcDbLine
 10
860.0007665033099
 20
270.00000000001
 30
0.0
 11
863.1500005970299
 21
270.00000000001
 31
0.0
  0
LINE
  5
D18
102
{ACAD_REACTORS
330
C12
102
}
330
1F
100
AcDbEntity
  8
MAIN-1
100
AcDbLine
 10
863.1500005969001
 20
270.00000000001
 30
0.0
 11
864.1500005974999
 21
270.00000000001
 31
0.0
  0
LINE
  5
D19
102
{ACAD_REACTORS
330
C12
102
}
330
1F
100
AcDbEntity
  8
MAIN-1
100
AcDbLine
 10
864.75000059751
 20
270.00000000001
 30
0.0
 11
864.1500005974999
 21
270.00000000001
 31
0.0
  0
LINE
  5
D1A
102
{ACAD_REACTORS
330
C12
102
}
330
1F
100
AcDbEntity
  8
MAIN-1
100
AcDbLine
 10
865.7500005981201
 20
270.00000000001
 30
0.0
 11
864.75000059751
 21
270.00000000001
 31
0.0
  0
LINE
  5
D1B
102
{ACAD_REACTORS
330
C12
102
}
330
1F
100
AcDbEntity
  8
MAIN-1
100
AcDbLine
 10
865.75000059798
 20
270.0
 30
0.0
 11
876.3315008782199
 21
270.0
 31
0.0
  0
LINE
  5
D1C
102
{ACAD_REACTORS
330
C12
102
}
330
1F
100
AcDbEntity
  8
MAIN-1
100
AcDbLine
 10
877.05000059743
 20
270.00000000001
 30
0.0
 11
876.3315008782199
 21
270.00000000001
 31
0.0
  0
LINE
  5
D1D
102
{ACAD_REACTORS
330
C12
102
}
330
1F
100
AcDbEntity
  8
MAIN-1
100
AcDbLine
 10
877.05000059746
 20
270.00000000001
 30
0.0
 11
880.20000059728
 21
270.00000000001
 31
0.0
  0
LINE
  5
D1E
102
{ACAD_REACTORS
330
C12
102
}
330
1F
100
AcDbEntity
  8
MAIN-1
100
AcDbLine
 10
880.91850031648
 20
270.00000000001
 30
0.0
 11
880.2000005973
 21
270.00000000001
 31
0.0
  0
LINE
  5
D1F
102
{ACAD_REACTORS
330
C12
102
}
330
1F
100
AcDbEntity
  8
MAIN-1
100
AcDbLine
 10
888.05006824866
 20
270.00000000001
 30
0.0
 11
880.91850031648
 21
270.00000000001
 31
0.0
  0
LINE
  5
D20
102
{ACAD_REACTORS
330
C12
102
}
330
1F
100
AcDbEntity
  8
MAIN-1
100
AcDbLine
 10
888.05006824776
 20
270.00000000001
 30
0.0
 11
889.0500682491399
 21
270.00000000001
 31
0.0
  0
LINE
  5
D21
102
{ACAD_REACTORS
330
C12
102
}
330
1F
100
AcDbEntity
  8
MAIN-1
100
AcDbLine
 10
889.0500682491399
 20
270.00000000001
 30
0.0
 11
889.6500682491401
 21
270.00000000001
 31
0.0
  0
LINE
  5
D22
102
{ACAD_REACTORS
330
C12
102
}
330
1F
100
AcDbEntity
  8
MAIN-1
100
AcDbLine
 10
890.65006825051
 20
270.00000000001
 30
0.0
 11
889.6500682491401
 21
270.00000000001
 31
0.0
  0
LINE
  5
D23
102
{ACAD_REACTORS
330
C12
102
}
330
1F
100
AcDbEntity
  8
MAIN-1
100
AcDbLine
 10
890.6500682496101
 20
270.0
 30
0.0
 11
893.7039972892701
 21
270.0
 31
0.0
  0
LINE
  5
D24
102
{ACAD_REACTORS
330
C12
102
}
330
1F
100
AcDbEntity
  8
MAIN-1
100
AcDbLine
 10
893.8322521140899
 20
270.0
 30
0.0
 11
893.7039972892701
 21
270.0
 31
0.0
  0
LINE
  5
D25
102
{ACAD_REACTORS
330
C12
102
}
330
1F
100
AcDbEntity
  8
MAIN-1
100
AcDbLine
 10
893.83224758656
 20
270.0
 30
0.0
 11
894.3671926762099
 21
270.0
 31
0.0
  0
LINE
  5
D26
102
{ACAD_REACTORS
330
C12
102
}
330
1F
100
AcDbEntity
  8
MAIN-1
100
AcDbLine
 10
895.00000087221
 20
270.0
 30
0.0
 11
894.3671928700901
 21
270.0
 31
0.0
  0
LINE
  5
D27
102
{ACAD_REACTORS
330
C12
102
}
330
1F
100
AcDbEntity
  8
MAIN-1
100
AcDbLine
 10
895.00000087221
 20
270.00000000001
 30
0.0
 11
903.00000028825
 21
270.00000000001
 31
0.0
  0
LINE
  5
D28
102
{ACAD_REACTORS
330
C12
102
}
330
1F
100
AcDbEntity
  8
MAIN-1
100
AcDbLine
 10
903.00000028822
 20
270.00000000001
 30
0.0
 11
904.00000028873
 21
270.00000000001
 31
0.0
  0
LINE
  5
D29
102
{ACAD_REACTORS
330
C12
102
}
330
1F
100
AcDbEntity
  8
MAIN-1
100
AcDbLine
 10
904.00000028873
 20
270.00000000001
 30
0.0
 11
904.6000002887299
 21
270.00000000001
 31
0.0
  0
LINE
  5
D2A
102
{ACAD_REACTORS
330
C12
102
}
330
1F
100
AcDbEntity
  8
MAIN-1
100
AcDbLine
 10
905.6000002892299
 20
270.00000000001
 30
0.0
 11
904.6000002887299
 21
270.00000000001
 31
0.0
  0
LINE
  5
D2B
102
{ACAD_REACTORS
330
C12
102
}
330
1F
100
AcDbEntity
  8
MAIN-1
100
AcDbLine
 10
905.6000002891999
 20
270.00000000001
 30
0.0
 11
908.99999999999
 21
270.00000000001
 31
0.0
  0
LINE
  5
D2C
102
{ACAD_REACTORS
330
C12
102
}
330
1F
100
AcDbEntity
  8
MAIN-1
100
AcDbLine
 10
895.00000087221
 20
264.8500000000099
 30
0.0
 11
908.99999999999
 21
264.8500000000099
 31
0.0
  0
LINE
  5
D2D
102
{ACAD_REACTORS
330
C12
102
}
330
1F
100
AcDbEntity
  8
MAIN-1
100
AcDbLine
 10
895.00000087221
 20
264.8499999999999
 30
0.0
 11
894.3671928700901
 21
264.8499999999999
 31
0.0
  0
LINE
  5
D2E
102
{ACAD_REACTORS
330
C12
102
}
330
1F
100
AcDbEntity
  8
MAIN-1
100
AcDbLine
 10
893.83224758656
 20
264.8499999999999
 30
0.0
 11
894.3671926762099
 21
264.8499999999999
 31
0.0
  0
LINE
  5
D2F
102
{ACAD_REACTORS
330
C12
102
}
330
1F
100
AcDbEntity
  8
MAIN-1
100
AcDbLine
 10
893.8322521140899
 20
264.8499999999999
 30
0.0
 11
893.7039972892701
 21
264.8499999999999
 31
0.0
  0
LINE
  5
D30
102
{ACAD_REACTORS
330
C12
102
}
330
1F
100
AcDbEntity
  8
MAIN-1
100
AcDbLine
 10
880.91850031648
 20
264.8499999999999
 30
0.0
 11
893.7039972892701
 21
264.8499999999999
 31
0.0
  0
LINE
  5
D31
102
{ACAD_REACTORS
330
C12
102
}
330
1F
100
AcDbEntity
  8
MAIN-1
100
AcDbLine
 10
880.91850031648
 20
264.8500000000099
 30
0.0
 11
880.2000005973
 21
264.8500000000099
 31
0.0
  0
LINE
  5
D32
102
{ACAD_REACTORS
330
C12
102
}
330
1F
100
AcDbEntity
  8
MAIN-1
100
AcDbLine
 10
877.05000059746
 20
264.8500000000099
 30
0.0
 11
880.20000059728
 21
264.8500000000099
 31
0.0
  0
LINE
  5
D33
102
{ACAD_REACTORS
330
C12
102
}
330
1F
100
AcDbEntity
  8
MAIN-1
100
AcDbLine
 10
877.05000059743
 20
264.8500000000099
 30
0.0
 11
876.3315008782199
 21
264.8500000000099
 31
0.0
  0
LINE
  5
D34
102
{ACAD_REACTORS
330
C12
102
}
330
1F
100
AcDbEntity
  8
MAIN-1
100
AcDbLine
 10
860.0007665033099
 20
264.8499999999999
 30
0.0
 11
876.3315008782199
 21
264.8499999999999
 31
0.0
  0
LINE
  5
D35
102
{ACAD_REACTORS
330
C12
102
}
330
1F
100
AcDbEntity
  8
MAIN-1
100
AcDbLine
 10
860.0007665033099
 20
264.8499999999999
 30
0.0
 11
859.8934213374
 21
264.8499999999999
 31
0.0
  0
LINE
  5
D36
102
{ACAD_REACTORS
330
C12
102
}
330
1F
100
AcDbEntity
  8
MAIN-1
100
AcDbLine
 10
859.89341685408
 20
264.8499999999999
 30
0.0
 11
859.78431775983
 21
264.8499999999999
 31
0.0
  0
LINE
  5
D37
102
{ACAD_REACTORS
330
C12
102
}
330
1F
100
AcDbEntity
  8
MAIN-1
100
AcDbLine
 10
859.35000032273
 20
264.8499999999999
 30
0.0
 11
859.78431795182
 21
264.8499999999999
 31
0.0
  0
LINE
  5
D38
102
{ACAD_REACTORS
330
C12
102
}
330
1F
100
AcDbEntity
  8
MAIN-1
100
AcDbLine
 10
858.80000059748
 20
264.8499999999999
 30
0.0
 11
859.35000032273
 21
264.8499999999999
 31
0.0
  0
LINE
  5
D39
102
{ACAD_REACTORS
330
C12
102
}
330
1F
100
AcDbEntity
  8
MAIN-1
100
AcDbLine
 10
855.65000059766
 20
264.8500000000099
 30
0.0
 11
858.80000059748
 21
264.8500000000099
 31
0.0
  0
LINE
  5
D3A
102
{ACAD_REACTORS
330
C12
102
}
330
1F
100
AcDbEntity
  8
MAIN-1
100
AcDbLine
 10
855.65000059766
 20
264.8500000000099
 30
0.0
 11
854.9315010200801
 21
264.8500000000099
 31
0.0
  0
LINE
  5
D3B
102
{ACAD_REACTORS
330
C12
102
}
330
1F
100
AcDbEntity
  8
MAIN-1
100
AcDbLine
 10
841.5007665036501
 20
264.8499999999999
 30
0.0
 11
854.9315010200801
 21
264.8499999999999
 31
0.0
  0
LINE
  5
D3C
102
{ACAD_REACTORS
330
C12
102
}
330
1F
100
AcDbEntity
  8
MAIN-1
100
AcDbLine
 10
841.5007665036501
 20
264.8499999999999
 30
0.0
 11
841.3934213377399
 21
264.8499999999999
 31
0.0
  0
LINE
  5
D3D
102
{ACAD_REACTORS
330
C12
102
}
330
1F
100
AcDbEntity
  8
MAIN-1
100
AcDbLine
 10
841.3934168544199
 20
264.8500000000099
 30
0.0
 11
841.2843177601701
 21
264.8500000000099
 31
0.0
  0
LINE
  5
D3E
102
{ACAD_REACTORS
330
C12
102
}
330
1F
100
AcDbEntity
  8
MAIN-1
100
AcDbLine
 10
840.8500003230699
 20
264.8500000000099
 30
0.0
 11
841.2843179521601
 21
264.8500000000099
 31
0.0
  0
LINE
  5
D3F
102
{ACAD_REACTORS
330
C12
102
}
330
1F
100
AcDbEntity
  8
MAIN-1
100
AcDbLine
 10
848.7000005976299
 20
269.4000000009901
 30
0.0
 11
848.7000005976299
 21
268.8888931650499
 31
0.0
  0
LINE
  5
D40
102
{ACAD_REACTORS
330
C12
102
}
330
1F
100
AcDbEntity
  8
MAIN-1
100
AcDbLine
 10
850.55000059592
 20
265.54999957571
 30
0.0
 11
850.55000059593
 21
266.55848439033
 31
0.0
  0
ARC
  5
D41
102
{ACAD_REACTORS
330
C12
102
}
330
1F
100
AcDbEntity
  8
MAIN-1
100
AcDbCircle
 10
850.9500005959001
 20
267.47499952933
 30
0.0
 40
1.0
100
AcDbArc
 50
179.9999812760317
 51
246.4218325499577
  0
LINE
  5
D42
102
{ACAD_REACTORS
330
C12
102
}
330
1F
100
AcDbEntity
  8
MAIN-1
100
AcDbLine
 10
850.55000059596
 20
269.4000000009901
 30
0.0
 11
850.55000059595
 21
268.3915146683501
 31
0.0
  0
LINE
  5
D43
102
{ACAD_REACTORS
330
C12
102
}
330
1F
100
AcDbEntity
  8
MAIN-1
100
AcDbLine
 10
845.6500005978301
 20
265.20000000097
 30
0.0
 11
846.25000059782
 21
265.20000000097
 31
0.0
  0
LINE
  5
D44
102
{ACAD_REACTORS
330
C12
102
}
330
1F
100
AcDbEntity
  8
MAIN-2
100
AcDbLine
 10
907.3999999999901
 20
270.00000000001
 30
0.0
 11
907.3999999999901
 21
264.8500000000099
 31
0.0
  0
LINE
  5
D45
102
{ACAD_REACTORS
330
C12
102
}
330
1F
100
AcDbEntity
  8
MAIN-2
100
AcDbLine
 10
860.1500002887201
 20
270.00000000001
 30
0.0
 11
860.1500002887201
 21
264.8500000000099
 31
0.0
  0
LINE
  5
D46
102
{ACAD_REACTORS
330
C12
102
}
330
1F
100
AcDbEntity
  8
MAIN-2
100
AcDbLine
 10
908.46999999999
 20
270.00000000001
 30
0.0
 11
908.46999999999
 21
264.8500000000099
 31
0.0
  0
LINE
  5
D47
102
{ACAD_REACTORS
330
C12
102
}
330
1F
100
AcDbEntity
  8
MAIN-1
100
AcDbLine
 10
843.9529443229701
 20
269.2970562757901
 30
0.0
 11
844.2172722058799
 21
269.03272839288
 31
0.0
  0
LINE
  5
D48
102
{ACAD_REACTORS
330
C12
102
}
330
1F
100
AcDbEntity
  8
MAIN-1
100
AcDbLine
 10
844.2172722058799
 20
269.03272839288
 30
0.0
 11
846.25000059787
 21
269.06815813307
 31
0.0
  0
LINE
  5
D49
102
{ACAD_REACTORS
330
C12
102
}
330
1F
100
AcDbEntity
  8
MAIN-1
100
AcDbLine
 10
846.25000059787
 20
269.06815813307
 30
0.0
 11
846.25000059785
 21
270.0
 31
0.0
  0
LINE
  5
D4A
102
{ACAD_REACTORS
330
C12
102
}
330
1F
100
AcDbEntity
  8
MAIN-1
100
AcDbLine
 10
844.00000059796
 20
265.9500000010701
 30
0.0
 11
843.9529443230001
 21
265.9029437261099
 31
0.0
  0
LINE
  5
D4B
102
{ACAD_REACTORS
330
C12
102
}
330
1F
100
AcDbEntity
  8
MAIN-1
100
AcDbLine
 10
844.5000005980801
 20
265.9500000010501
 30
0.0
 11
844.5000005980601
 21
269.0376566105199
 31
0.0
  0
LINE
  5
D4C
102
{ACAD_REACTORS
330
C12
102
}
330
1F
100
AcDbEntity
  8
MAIN-2
100
AcDbLine
 10
844.5000005980601
 20
269.0376566105199
 30
0.0
 11
844.5000005980601
 21
269.0380759791699
 31
0.0
  0
LINE
  5
D4D
102
{ACAD_REACTORS
330
C12
102
}
330
1F
100
AcDbEntity
  8
MAIN-2
100
AcDbLine
 10
844.2172722058799
 20
269.03272839288
 30
0.0
 11
844.5000005980601
 21
269.0380759791699
 31
0.0
  0
LINE
  5
D4E
102
{ACAD_REACTORS
330
C12
102
}
330
1F
100
AcDbEntity
  8
MAIN-1
100
AcDbLine
 10
908.99999999999
 20
264.8500000000099
 30
0.0
 11
908.99999999999
 21
270.00000000001
 31
0.0
  0
ARC
  5
D4F
102
{ACAD_REACTORS
330
C12
102
}
330
1F
100
AcDbEntity
  8
MAIN-1
100
AcDbCircle
 10
845.65000059782
 20
267.6000000009701
 30
0.0
 40
2.40000000000532
100
AcDbArc
 50
114.6243509360145
 51
179.9999812760317
  0
LINE
  5
D50
102
{ACAD_REACTORS
330
C12
102
}
330
1F
100
AcDbEntity
  8
MAIN-1
100
AcDbLine
 10
844.65000152587
 20
269.7817421913201
 30
0.0
 11
844.7018585205001
 21
269.80477485657
 31
0.0
  0
LINE
  5
D51
102
{ACAD_REACTORS
330
C12
102
}
330
1F
100
AcDbEntity
  8
MAIN-1
100
AcDbLine
 10
844.7018585205001
 20
269.80477485657
 30
0.0
 11
844.7561264038
 21
269.8273273468101
 31
0.0
  0
LINE
  5
D52
102
{ACAD_REACTORS
330
C12
102
}
330
1F
100
AcDbEntity
  8
MAIN-1
100
AcDbLine
 10
844.7561264038
 20
269.8273273468101
 30
0.0
 11
844.81275939941
 21
269.8492280006501
 31
0.0
  0
LINE
  5
D53
102
{ACAD_REACTORS
330
C12
102
}
330
1F
100
AcDbEntity
  8
MAIN-1
100
AcDbLine
 10
844.81275939941
 20
269.8492280006501
 30
0.0
 11
844.87171173095
 21
269.87030134202
 31
0.0
  0
LINE
  5
D54
102
{ACAD_REACTORS
330
C12
102
}
330
1F
100
AcDbEntity
  8
MAIN-1
100
AcDbLine
 10
844.87171173095
 20
269.87030134202
 30
0.0
 11
844.9330596923801
 21
269.89041337967
 31
0.0
  0
LINE
  5
D55
102
{ACAD_REACTORS
330
C12
102
}
330
1F
100
AcDbEntity
  8
MAIN-1
100
AcDbLine
 10
844.9330596923801
 20
269.89041337967
 30
0.0
 11
844.99671173095
 21
269.9093743324299
 31
0.0
  0
LINE
  5
D56
102
{ACAD_REACTORS
330
C12
102
}
330
1F
100
AcDbEntity
  8
MAIN-1
100
AcDbLine
 10
844.99671173095
 20
269.9093743324299
 30
0.0
 11
845.06259536743
 21
269.92700538636
 31
0.0
  0
LINE
  5
D57
102
{ACAD_REACTORS
330
C12
102
}
330
1F
100
AcDbEntity
  8
MAIN-1
100
AcDbLine
 10
845.06259536743
 20
269.92700538636
 30
0.0
 11
845.1305389404199
 21
269.94310817719
 31
0.0
  0
LINE
  5
D58
102
{ACAD_REACTORS
330
C12
102
}
330
1F
100
AcDbEntity
  8
MAIN-1
100
AcDbLine
 10
845.1305389404199
 20
269.94310817719
 30
0.0
 11
845.20055770874
 21
269.9575410842899
 31
0.0
  0
LINE
  5
D59
102
{ACAD_REACTORS
330
C12
102
}
330
1F
100
AcDbEntity
  8
MAIN-1
100
AcDbLine
 10
845.20055770874
 20
269.9575410842899
 30
0.0
 11
845.27244186401
 21
269.97011575699
 31
0.0
  0
LINE
  5
D5A
102
{ACAD_REACTORS
330
C12
102
}
330
1F
100
AcDbEntity
  8
MAIN-1
100
AcDbLine
 10
845.27244186401
 20
269.97011575699
 30
0.0
 11
845.3458938598601
 21
269.9806552887001
 31
0.0
  0
LINE
  5
D5B
102
{ACAD_REACTORS
330
C12
102
}
330
1F
100
AcDbEntity
  8
MAIN-1
100
AcDbLine
 10
845.3458938598601
 20
269.9806552887001
 30
0.0
 11
845.42067718505
 21
269.9890185356201
 31
0.0
  0
LINE
  5
D5C
102
{ACAD_REACTORS
330
C12
102
}
330
1F
100
AcDbEntity
  8
MAIN-1
100
AcDbLine
 10
845.42067718505
 20
269.9890185356201
 30
0.0
 11
845.4965057372999
 21
269.99508628846
 31
0.0
  0
LINE
  5
D5D
102
{ACAD_REACTORS
330
C12
102
}
330
1F
100
AcDbEntity
  8
MAIN-1
100
AcDbLine
 10
845.4965057372999
 20
269.99508628846
 30
0.0
 11
845.5730743408201
 21
269.9987669944801
 31
0.0
  0
LINE
  5
D5E
102
{ACAD_REACTORS
330
C12
102
}
330
1F
100
AcDbEntity
  8
MAIN-1
100
AcDbLine
 10
845.5730743408201
 20
269.9987669944801
 30
0.0
 11
845.65000152587
 21
270.0000000953701
 31
0.0
  0
LINE
  5
D5F
102
{ACAD_REACTORS
330
C12
102
}
330
1F
100
AcDbEntity
  8
MAIN-1
100
AcDbLine
 10
905.6000002891999
 20
269.78174242356
 30
0.0
 11
905.6000002891999
 21
270.00000000001
 31
0.0
  0
ARC
  5
D60
102
{ACAD_REACTORS
330
C12
102
}
330
1F
100
AcDbEntity
  8
MAIN-1
100
AcDbCircle
 10
904.6000002887499
 20
267.6000000008301
 30
0.0
 40
2.40000000000532
100
AcDbArc
 50
270.0000198478429
 51
0.0000187239685635
  0
LINE
  5
D61
102
{ACAD_REACTORS
330
C12
102
}
330
1F
100
AcDbEntity
  8
MAIN-1
100
AcDbLine
 10
904.6000002887499
 20
265.20000000084
 30
0.0
 11
904.00000028875
 21
265.20000000084
 31
0.0
  0
ARC
  5
D62
102
{ACAD_REACTORS
330
C12
102
}
330
1F
100
AcDbEntity
  8
MAIN-1
100
AcDbCircle
 10
904.00000028878
 20
267.6000000008301
 30
0.0
 40
2.40000000000532
100
AcDbArc
 50
114.6243509360145
 51
179.9999812760317
  0
LINE
  5
D63
102
{ACAD_REACTORS
330
C12
102
}
330
1F
100
AcDbEntity
  8
MAIN-1
100
AcDbLine
 10
903.00000028825
 20
269.78174242353
 30
0.0
 11
903.00000028825
 21
270.00000000001
 31
0.0
  0
LINE
  5
D64
102
{ACAD_REACTORS
330
C12
102
}
330
1F
100
AcDbEntity
  8
MAIN-1
100
AcDbLine
 10
897.6500002887699
 20
266.8212448087199
 30
0.0
 11
897.25000028876
 21
266.4212448087101
 31
0.0
  0
LINE
  5
D65
102
{ACAD_REACTORS
330
C12
102
}
330
1F
100
AcDbEntity
  8
MAIN-1
100
AcDbLine
 10
897.6500002887601
 20
268.12875473792
 30
0.0
 11
897.6500002887699
 21
266.8212448087199
 31
0.0
  0
LINE
  5
D66
102
{ACAD_REACTORS
330
C12
102
}
330
1F
100
AcDbEntity
  8
MAIN-1
100
AcDbLine
 10
897.6500002887601
 20
268.12875473792
 30
0.0
 11
897.25000028875
 21
268.5287547379401
 31
0.0
  0
LINE
  5
D67
102
{ACAD_REACTORS
330
C12
102
}
330
1F
100
AcDbEntity
  8
MAIN-1
100
AcDbLine
 10
897.25000028875
 20
269.40000000086
 30
0.0
 11
897.25000028875
 21
268.5287547379401
 31
0.0
  0
LINE
  5
D68
102
{ACAD_REACTORS
330
C12
102
}
330
1F
100
AcDbEntity
  8
MAIN-1
100
AcDbLine
 10
897.25000028874
 20
269.40000000086
 30
0.0
 11
901.5500002889501
 21
269.40000000085
 31
0.0
  0
LINE
  5
D69
102
{ACAD_REACTORS
330
C12
102
}
330
1F
100
AcDbEntity
  8
MAIN-1
100
AcDbLine
 10
901.5500002889501
 20
268.8888931649201
 30
0.0
 11
901.5500002889501
 21
269.40000000085
 31
0.0
  0
LINE
  5
D6A
102
{ACAD_REACTORS
330
C12
102
}
330
1F
100
AcDbEntity
  8
MAIN-1
100
AcDbLine
 10
901.05000028875
 20
268.29301636839
 30
0.0
 11
901.5500002889501
 21
268.8888931649201
 31
0.0
  0
LINE
  5
D6B
102
{ACAD_REACTORS
330
C12
102
}
330
1F
100
AcDbEntity
  8
MAIN-1
100
AcDbLine
 10
901.05000028875
 20
268.29301636839
 30
0.0
 11
901.05000028877
 21
266.6569831782999
 31
0.0
  0
LINE
  5
D6C
102
{ACAD_REACTORS
330
C12
102
}
330
1F
100
AcDbEntity
  8
MAIN-1
100
AcDbLine
 10
901.05000028877
 20
266.6569831782899
 30
0.0
 11
901.55000028894
 21
266.0611063817901
 31
0.0
  0
LINE
  5
D6D
102
{ACAD_REACTORS
330
C12
102
}
330
1F
100
AcDbEntity
  8
MAIN-1
100
AcDbLine
 10
901.55000028894
 20
265.5499995755799
 30
0.0
 11
901.55000028894
 21
266.0611063817901
 31
0.0
  0
LINE
  5
D6E
102
{ACAD_REACTORS
330
C12
102
}
330
1F
100
AcDbEntity
  8
MAIN-1
100
AcDbLine
 10
901.55000028894
 20
265.5499995755799
 30
0.0
 11
897.25000028876
 21
265.5499995755799
 31
0.0
  0
LINE
  5
D6F
102
{ACAD_REACTORS
330
C12
102
}
330
1F
100
AcDbEntity
  8
MAIN-1
100
AcDbLine
 10
897.25000028876
 20
266.4212448087101
 30
0.0
 11
897.25000028876
 21
265.5499995755799
 31
0.0
  0
LINE
  5
D70
102
{ACAD_REACTORS
330
C12
102
}
330
1F
100
AcDbEntity
  8
MAIN-1
100
AcDbLine
 10
895.00000087221
 20
264.8500000000099
 30
0.0
 11
895.00000087221
 21
270.00000000001
 31
0.0
  0
LINE
  5
D71
102
{ACAD_REACTORS
330
C12
102
}
330
1F
100
AcDbEntity
  8
MAIN-2
100
AcDbLine
 10
858.49105663559
 20
270.00000000001
 30
0.0
 11
858.49105663559
 21
264.8500000000099
 31
0.0
  0
LINE
  5
D72
102
{ACAD_REACTORS
330
C12
102
}
330
1F
100
AcDbEntity
  8
MAIN-1
100
AcDbLine
 10
894.3671928700901
 20
264.8500000000099
 30
0.0
 11
894.3671928700901
 21
270.00000000001
 31
0.0
  0
LINE
  5
D73
102
{ACAD_REACTORS
330
C12
102
}
330
1F
100
AcDbEntity
  8
MAIN-2
100
AcDbLine
 10
894.4144785922699
 20
270.00000000001
 30
0.0
 11
894.4144785922699
 21
264.8500000000099
 31
0.0
  0
LINE
  5
D74
102
{ACAD_REACTORS
330
C12
102
}
330
1F
100
AcDbEntity
  8
MAIN-2
100
AcDbLine
 10
893.3607342965499
 20
270.00000000001
 30
0.0
 11
893.3607342965499
 21
264.8500000000099
 31
0.0
  0
LINE
  5
D75
102
{ACAD_REACTORS
330
C12
102
}
330
1F
100
AcDbEntity
  8
MAIN-1
100
AcDbLine
 10
892.6500002887101
 20
264.8500000000099
 30
0.0
 11
892.6500002887101
 21
264.8500270306399
 31
0.0
  0
LINE
  5
D76
102
{ACAD_REACTORS
330
C12
102
}
330
1F
100
AcDbEntity
  8
MAIN-2
100
AcDbLine
 10
892.6500002887101
 20
264.8500000000099
 30
0.0
 11
892.6500002887101
 21
270.00000000001
 31
0.0
  0
LINE
  5
D77
102
{ACAD_REACTORS
330
C12
102
}
330
1F
100
AcDbEntity
  8
MAIN-2
100
AcDbLine
 10
892.2624095727999
 20
270.00000000001
 30
0.0
 11
892.2624095727999
 21
264.8500000000099
 31
0.0
  0
LINE
  5
D78
102
{ACAD_REACTORS
330
C12
102
}
330
1F
100
AcDbEntity
  8
MAIN-2
100
AcDbLine
 10
893.3161538685299
 20
270.00000000001
 30
0.0
 11
893.3161538685299
 21
264.8500000000099
 31
0.0
  0
LINE
  5
D79
102
{ACAD_REACTORS
330
C12
102
}
330
1F
100
AcDbEntity
  8
MAIN-2
100
AcDbLine
 10
893.3634395907
 20
264.8500000000099
 30
0.0
 11
893.3634395907
 21
270.00000000001
 31
0.0
  0
LINE
  5
D7A
102
{ACAD_REACTORS
330
C12
102
}
330
1F
100
AcDbEntity
  8
MAIN-2
100
AcDbLine
 10
893.55000028871
 20
270.00000000001
 30
0.0
 11
893.55000028871
 21
264.8500000000099
 31
0.0
  0
LINE
  5
D7B
102
{ACAD_REACTORS
330
C12
102
}
330
1F
100
AcDbEntity
  8
MAIN-2
100
AcDbLine
 10
892.8914217593799
 20
270.00000000001
 30
0.0
 11
892.8914217593799
 21
264.8500000000099
 31
0.0
  0
LINE
  5
D7C
102
{ACAD_REACTORS
330
C12
102
}
330
1F
100
AcDbEntity
  8
MAIN-1
100
AcDbLine
 10
893.8322521140899
 20
264.8500000000099
 30
0.0
 11
893.8322521140899
 21
270.00000000001
 31
0.0
  0
LINE
  5
D7D
102
{ACAD_REACTORS
330
C12
102
}
330
1F
100
AcDbEntity
  8
MAIN-1
100
AcDbLine
 10
844.00000059796
 20
265.9500000010601
 30
0.0
 11
846.25000059787
 21
265.95000000102
 31
0.0
  0
LINE
  5
D7E
102
{ACAD_REACTORS
330
C12
102
}
330
1F
100
AcDbEntity
  8
MAIN-1
100
AcDbLine
 10
893.7039972892701
 20
264.8500000000099
 30
0.0
 11
893.7039972892701
 21
270.00000000001
 31
0.0
  0
LINE
  5
D7F
102
{ACAD_REACTORS
330
C12
102
}
330
1F
100
AcDbEntity
  8
MAIN-1
100
AcDbLine
 10
860.0007665033099
 20
264.8500000000099
 30
0.0
 11
860.0007665033099
 21
270.00000000001
 31
0.0
  0
LINE
  5
D80
102
{ACAD_REACTORS
330
C12
102
}
330
1F
100
AcDbEntity
  8
MAIN-1
100
AcDbLine
 10
876.3315008782199
 20
264.8500000000099
 30
0.0
 11
876.3315008782199
 21
270.00000000001
 31
0.0
  0
LINE
  5
D81
102
{ACAD_REACTORS
330
C12
102
}
330
1F
100
AcDbEntity
  8
MAIN-1
100
AcDbLine
 10
865.75000059798
 20
270.00000000001
 30
0.0
 11
865.75000059798
 21
269.7817424237501
 31
0.0
  0
ARC
  5
D82
102
{ACAD_REACTORS
330
C12
102
}
330
1F
100
AcDbEntity
  8
MAIN-1
100
AcDbCircle
 10
864.75000059746
 20
267.6000000010599
 30
0.0
 40
2.40000000000532
100
AcDbArc
 50
269.9999801521574
 51
0.0000187239685635
  0
LINE
  5
D83
102
{ACAD_REACTORS
330
C12
102
}
330
1F
100
AcDbEntity
  8
MAIN-1
100
AcDbLine
 10
864.75000059748
 20
265.2000000010601
 30
0.0
 11
864.1500005974899
 21
265.2000000010601
 31
0.0
  0
ARC
  5
D84
102
{ACAD_REACTORS
330
C12
102
}
330
1F
100
AcDbEntity
  8
MAIN-1
100
AcDbCircle
 10
864.1500005974799
 20
267.6000000010599
 30
0.0
 40
2.40000000000532
100
AcDbArc
 50
114.6243509360145
 51
179.9999812760317
  0
LINE
  5
D85
102
{ACAD_REACTORS
330
C12
102
}
330
1F
100
AcDbEntity
  8
MAIN-1
100
AcDbLine
 10
863.1500005970299
 20
270.00000000001
 30
0.0
 11
863.1500005970299
 21
269.7817424237901
 31
0.0
  0
LINE
  5
D86
102
{ACAD_REACTORS
330
C12
102
}
330
1F
100
AcDbEntity
  8
MAIN-1
100
AcDbLine
 10
874.05000059741
 20
269.30000000107
 30
0.0
 11
874.05000059741
 21
267.80000000107
 31
0.0
  0
LINE
  5
D87
102
{ACAD_REACTORS
330
C12
102
}
330
1F
100
AcDbEntity
  8
MAIN-1
100
AcDbLine
 10
875.55000059741
 20
269.30000000107
 30
0.0
 11
874.05000059741
 21
269.30000000107
 31
0.0
  0
LINE
  5
D88
102
{ACAD_REACTORS
330
C12
102
}
330
1F
100
AcDbEntity
  8
MAIN-1
100
AcDbLine
 10
875.55000059741
 20
267.80000000107
 30
0.0
 11
875.55000059741
 21
269.30000000107
 31
0.0
  0
LINE
  5
D89
102
{ACAD_REACTORS
330
C12
102
}
330
1F
100
AcDbEntity
  8
MAIN-1
100
AcDbLine
 10
874.05000059741
 20
267.80000000107
 30
0.0
 11
875.55000059741
 21
267.80000000107
 31
0.0
  0
LINE
  5
D8A
102
{ACAD_REACTORS
330
C12
102
}
330
1F
100
AcDbEntity
  8
MAIN-1
100
AcDbLine
 10
871.50000059748
 20
268.5287547381599
 30
0.0
 11
871.50000059749
 21
269.4000000010899
 31
0.0
  0
LINE
  5
D8B
102
{ACAD_REACTORS
330
C12
102
}
330
1F
100
AcDbEntity
  8
MAIN-1
100
AcDbLine
 10
871.10000059747
 20
268.1287547381501
 30
0.0
 11
871.50000059748
 21
268.5287547381599
 31
0.0
  0
LINE
  5
D8C
102
{ACAD_REACTORS
330
C12
102
}
330
1F
100
AcDbEntity
  8
MAIN-1
100
AcDbLine
 10
871.10000059747
 20
268.1287547381501
 30
0.0
 11
871.1000005974599
 21
266.82124480895
 31
0.0
  0
LINE
  5
D8D
102
{ACAD_REACTORS
330
C12
102
}
330
1F
100
AcDbEntity
  8
MAIN-1
100
AcDbLine
 10
871.50000059748
 20
266.4212448089299
 30
0.0
 11
871.1000005974599
 21
266.82124480895
 31
0.0
  0
LINE
  5
D8E
102
{ACAD_REACTORS
330
C12
102
}
330
1F
100
AcDbEntity
  8
MAIN-1
100
AcDbLine
 10
871.50000059747
 20
265.54999957581
 30
0.0
 11
871.50000059748
 21
266.4212448089299
 31
0.0
  0
LINE
  5
D8F
102
{ACAD_REACTORS
330
C12
102
}
330
1F
100
AcDbEntity
  8
MAIN-1
100
AcDbLine
 10
871.50000059747
 20
265.54999957581
 30
0.0
 11
867.20000059729
 21
265.54999957581
 31
0.0
  0
LINE
  5
D90
102
{ACAD_REACTORS
330
C12
102
}
330
1F
100
AcDbEntity
  8
MAIN-1
100
AcDbLine
 10
867.20000059729
 20
266.0611063820199
 30
0.0
 11
867.20000059729
 21
265.54999957581
 31
0.0
  0
LINE
  5
D91
102
{ACAD_REACTORS
330
C12
102
}
330
1F
100
AcDbEntity
  8
MAIN-1
100
AcDbLine
 10
867.20000059729
 20
266.0611063820199
 30
0.0
 11
867.7000005974701
 21
266.65698317852
 31
0.0
  0
LINE
  5
D92
102
{ACAD_REACTORS
330
C12
102
}
330
1F
100
AcDbEntity
  8
MAIN-1
100
AcDbLine
 10
867.7000005974701
 20
266.65698317852
 30
0.0
 11
867.7000005974801
 21
268.2930163686101
 31
0.0
  0
LINE
  5
D93
102
{ACAD_REACTORS
330
C12
102
}
330
1F
100
AcDbEntity
  8
MAIN-1
100
AcDbLine
 10
867.7000005974801
 20
268.2930163686101
 30
0.0
 11
867.20000059728
 21
268.88889316515
 31
0.0
  0
LINE
  5
D94
102
{ACAD_REACTORS
330
C12
102
}
330
1F
100
AcDbEntity
  8
MAIN-1
100
AcDbLine
 10
867.20000059728
 20
269.4000000010799
 30
0.0
 11
867.20000059729
 21
268.88889316515
 31
0.0
  0
LINE
  5
D95
102
{ACAD_REACTORS
330
C12
102
}
330
1F
100
AcDbEntity
  8
MAIN-1
100
AcDbLine
 10
871.50000059749
 20
269.4000000010899
 30
0.0
 11
867.20000059728
 21
269.4000000010799
 31
0.0
  0
LINE
  5
D96
102
{ACAD_REACTORS
330
C12
102
}
330
1F
100
AcDbEntity
  8
MAIN-1
100
AcDbLine
 10
871.9016494750899
 20
268.4337552547499
 30
0.0
 11
871.82349777221
 21
268.3556028366099
 31
0.0
  0
LINE
  5
D97
102
{ACAD_REACTORS
330
C12
102
}
330
1F
100
AcDbEntity
  8
MAIN-1
100
AcDbLine
 10
871.82349777221
 20
268.3556028366099
 30
0.0
 11
871.7421379089301
 21
268.2742434501699
 31
0.0
  0
LINE
  5
D98
102
{ACAD_REACTORS
330
C12
102
}
330
1F
100
AcDbEntity
  8
MAIN-1
100
AcDbLine
 10
871.7421379089301
 20
268.2742434501699
 30
0.0
 11
871.6579971313399
 21
268.1901014804901
 31
0.0
  0
LINE
  5
D99
102
{ACAD_REACTORS
330
C12
102
}
330
1F
100
AcDbEntity
  8
MAIN-1
100
AcDbLine
 10
871.6579971313399
 20
268.1901014804901
 30
0.0
 11
871.5720558166499
 21
268.10416135788
 31
0.0
  0
LINE
  5
D9A
102
{ACAD_REACTORS
330
C12
102
}
330
1F
100
AcDbEntity
  8
MAIN-1
100
AcDbLine
 10
871.5720558166499
 20
268.10416135788
 30
0.0
 11
871.4860267639101
 21
268.01813397408
 31
0.0
  0
LINE
  5
D9B
102
{ACAD_REACTORS
330
C12
102
}
330
1F
100
AcDbEntity
  8
MAIN-1
100
AcDbLine
 10
871.4860267639101
 20
268.01813397408
 30
0.0
 11
871.40000152587
 21
267.9321068286899
 31
0.0
  0
LINE
  5
D9C
102
{ACAD_REACTORS
330
C12
102
}
330
1F
100
AcDbEntity
  8
MAIN-1
100
AcDbLine
 10
872.34644699096
 20
268.87855348588
 30
0.0
 11
872.3151092529199
 21
268.8472143173301
 31
0.0
  0
LINE
  5
D9D
102
{ACAD_REACTORS
330
C12
102
}
330
1F
100
AcDbEntity
  8
MAIN-1
100
AcDbLine
 10
872.3151092529199
 20
268.8472143173301
 30
0.0
 11
872.2837677001901
 21
268.8158751487799
 31
0.0
  0
LINE
  5
D9E
102
{ACAD_REACTORS
330
C12
102
}
330
1F
100
AcDbEntity
  8
MAIN-1
100
AcDbLine
 10
872.2837677001901
 20
268.8158751487799
 30
0.0
 11
872.25242996215
 21
268.78453598023
 31
0.0
  0
LINE
  5
D9F
102
{ACAD_REACTORS
330
C12
102
}
330
1F
100
AcDbEntity
  8
MAIN-1
100
AcDbLine
 10
872.25242996215
 20
268.78453598023
 30
0.0
 11
872.22109222412
 21
268.75319681168
 31
0.0
  0
LINE
  5
DA0
102
{ACAD_REACTORS
330
C12
102
}
330
1F
100
AcDbEntity
  8
MAIN-1
100
AcDbLine
 10
872.22109222412
 20
268.75319681168
 30
0.0
 11
872.1897506713799
 21
268.7218576431301
 31
0.0
  0
LINE
  5
DA1
102
{ACAD_REACTORS
330
C12
102
}
330
1F
100
AcDbEntity
  8
MAIN-1
100
AcDbLine
 10
872.1897506713799
 20
268.7218576431301
 30
0.0
 11
872.1584129333401
 21
268.6905184745799
 31
0.0
  0
LINE
  5
DA2
102
{ACAD_REACTORS
330
C12
102
}
330
1F
100
AcDbEntity
  8
MAIN-1
100
AcDbLine
 10
872.1584129333401
 20
268.6905184745799
 30
0.0
 11
872.12707519531
 21
268.65917930604
 31
0.0
  0
ARC
  5
DA3
102
{ACAD_REACTORS
330
C12
102
}
330
1F
100
AcDbEntity
  8
MAIN-1
100
AcDbCircle
 10
872.7000007384299
 20
268.5250000016399
 30
0.0
 40
0.5000000000006817
100
AcDbArc
 50
5.440367580294714
 51
134.9999906380161
  0
LINE
  5
DA4
102
{ACAD_REACTORS
330
C12
102
}
330
1F
100
AcDbEntity
  8
MAIN-1
100
AcDbLine
 10
873.30226319345
 20
267.4750000014101
 30
0.0
 11
873.1977484747299
 21
268.5724045479501
 31
0.0
  0
LINE
  5
DA5
102
{ACAD_REACTORS
330
C12
102
}
330
1F
100
AcDbEntity
  8
MAIN-1
100
AcDbLine
 10
873.1977484747799
 20
266.37759545533
 30
0.0
 11
873.30226319345
 21
267.4750000014101
 31
0.0
  0
ARC
  5
DA6
102
{ACAD_REACTORS
330
C12
102
}
330
1F
100
AcDbEntity
  8
MAIN-1
100
AcDbCircle
 10
872.70000073848
 20
266.42500000164
 30
0.0
 40
0.5
100
AcDbArc
 50
224.9999719140475
 51
354.5596125718628
  0
LINE
  5
DA7
102
{ACAD_REACTORS
330
C12
102
}
330
1F
100
AcDbEntity
  8
MAIN-1
100
AcDbLine
 10
871.4000007388299
 20
267.0178932200999
 30
0.0
 11
872.34644734788
 21
266.0714466110501
 31
0.0
  0
LINE
  5
DA8
102
{ACAD_REACTORS
330
C12
102
}
330
1F
100
AcDbEntity
  8
MAIN-1
100
AcDbLine
 10
871.40000152587
 20
267.0178931713201
 30
0.0
 11
871.40000152587
 21
267.1484950542499
 31
0.0
  0
LINE
  5
DA9
102
{ACAD_REACTORS
330
C12
102
}
330
1F
100
AcDbEntity
  8
MAIN-1
100
AcDbLine
 10
871.40000152587
 20
267.1484950542499
 30
0.0
 11
871.40000152587
 21
267.2790971756001
 31
0.0
  0
LINE
  5
DAA
102
{ACAD_REACTORS
330
C12
102
}
330
1F
100
AcDbEntity
  8
MAIN-1
100
AcDbLine
 10
871.40000152587
 20
267.2790971756001
 30
0.0
 11
871.40000152587
 21
267.4096990585399
 31
0.0
  0
LINE
  5
DAB
102
{ACAD_REACTORS
330
C12
102
}
330
1F
100
AcDbEntity
  8
MAIN-1
100
AcDbLine
 10
871.40000152587
 20
267.4096990585399
 30
0.0
 11
871.40000152587
 21
267.5403009414699
 31
0.0
  0
LINE
  5
DAC
102
{ACAD_REACTORS
330
C12
102
}
330
1F
100
AcDbEntity
  8
MAIN-1
100
AcDbLine
 10
871.40000152587
 20
267.5403009414699
 30
0.0
 11
871.40000152587
 21
267.6709028244099
 31
0.0
  0
LINE
  5
DAD
102
{ACAD_REACTORS
330
C12
102
}
330
1F
100
AcDbEntity
  8
MAIN-1
100
AcDbLine
 10
871.40000152587
 20
267.6709028244099
 30
0.0
 11
871.40000152587
 21
267.8015049457599
 31
0.0
  0
LINE
  5
DAE
102
{ACAD_REACTORS
330
C12
102
}
330
1F
100
AcDbEntity
  8
MAIN-1
100
AcDbLine
 10
871.40000152587
 20
267.8015049457599
 30
0.0
 11
871.40000152587
 21
267.9321068286899
 31
0.0
  0
LINE
  5
DAF
102
{ACAD_REACTORS
330
C12
102
}
330
1F
100
AcDbEntity
  8
MAIN-1
100
AcDbLine
 10
859.8934213374
 20
264.8500000000099
 30
0.0
 11
859.8934213374
 21
270.00000000001
 31
0.0
  0
LINE
  5
DB0
102
{ACAD_REACTORS
330
C12
102
}
330
1F
100
AcDbEntity
  8
MAIN-2
100
AcDbLine
 10
904.89822554228
 20
270.00000000001
 30
0.0
 11
904.89822554228
 21
264.8500000000099
 31
0.0
  0
LINE
  5
DB1
102
{ACAD_REACTORS
330
C12
102
}
330
1F
100
AcDbEntity
  8
MAIN-2
100
AcDbLine
 10
904.8000002747699
 20
270.00000000001
 30
0.0
 11
904.8000002747699
 21
264.8500000000099
 31
0.0
  0
LINE
  5
DB2
102
{ACAD_REACTORS
330
C12
102
}
330
1F
100
AcDbEntity
  8
MAIN-2
100
AcDbLine
 10
860.38853268765
 20
264.8500000000099
 30
0.0
 11
860.38853268765
 21
270.00000000001
 31
0.0
  0
LINE
  5
DB3
102
{ACAD_REACTORS
330
C12
102
}
330
1F
100
AcDbEntity
  8
MAIN-2
100
AcDbLine
 10
860.41699658482
 20
270.00000000001
 30
0.0
 11
860.41699658482
 21
264.8500000000099
 31
0.0
  0
LINE
  5
DB4
102
{ACAD_REACTORS
330
C12
102
}
330
1F
100
AcDbEntity
  8
MAIN-2
100
AcDbLine
 10
861.48113501286
 20
270.00000000001
 30
0.0
 11
861.48113501286
 21
264.8500000000099
 31
0.0
  0
LINE
  5
DB5
102
{ACAD_REACTORS
330
C12
102
}
330
1F
100
AcDbEntity
  8
MAIN-2
100
AcDbLine
 10
894.0080922812999
 20
264.8500000000099
 30
0.0
 11
894.0080922812999
 21
270.00000000001
 31
0.0
  0
LINE
  5
DB6
102
{ACAD_REACTORS
330
C12
102
}
330
1F
100
AcDbEntity
  8
MAIN-2
100
AcDbLine
 10
860.8199924826899
 20
270.00000000001
 30
0.0
 11
860.8199924826899
 21
264.8500000000099
 31
0.0
  0
LINE
  5
DB7
102
{ACAD_REACTORS
330
C12
102
}
330
1F
100
AcDbEntity
  8
MAIN-2
100
AcDbLine
 10
859.75585405465
 20
270.00000000001
 30
0.0
 11
859.75585405465
 21
264.8500000000099
 31
0.0
  0
LINE
  5
DB8
102
{ACAD_REACTORS
330
C12
102
}
330
1F
100
AcDbEntity
  8
MAIN-1
100
AcDbLine
 10
859.78431795182
 20
264.8500000000099
 30
0.0
 11
859.78431795182
 21
270.00000000001
 31
0.0
  0
LINE
  5
DB9
102
{ACAD_REACTORS
330
C12
102
}
330
1F
100
AcDbEntity
  8
MAIN-2
100
AcDbLine
 10
856.50585931463
 20
264.8500000000099
 30
0.0
 11
856.50585931463
 21
270.00000000001
 31
0.0
  0
LINE
  5
DBA
102
{ACAD_REACTORS
330
C12
102
}
330
1F
100
AcDbEntity
  8
MAIN-1
100
AcDbLine
 10
859.35000032273
 20
270.00000000001
 30
0.0
 11
859.35000032273
 21
264.8500000000099
 31
0.0
  0
LINE
  5
DBB
102
{ACAD_REACTORS
330
C12
102
}
330
1F
100
AcDbEntity
  8
MAIN-1
100
AcDbLine
 10
841.5007665036401
 20
264.8500000000099
 30
0.0
 11
841.5007665036401
 21
270.00000000001
 31
0.0
  0
LINE
  5
DBC
102
{ACAD_REACTORS
330
C12
102
}
330
1F
100
AcDbEntity
  8
MAIN-1
100
AcDbLine
 10
854.9315010201101
 20
264.8500000000099
 30
0.0
 11
854.9315010201101
 21
270.00000000001
 31
0.0
  0
LINE
  5
DBD
102
{ACAD_REACTORS
330
C12
102
}
330
1F
100
AcDbEntity
  8
MAIN-1
100
AcDbLine
 10
847.25000059832
 20
270.00000000001
 30
0.0
 11
847.25000059832
 21
269.78174242365
 31
0.0
  0
ARC
  5
DBE
102
{ACAD_REACTORS
330
C12
102
}
330
1F
100
AcDbEntity
  8
MAIN-1
100
AcDbCircle
 10
846.2500005978
 20
267.6000000009701
 30
0.0
 40
2.40000000000532
100
AcDbArc
 50
269.9999801521574
 51
0.0000187239685635
  0
LINE
  5
DBF
102
{ACAD_REACTORS
330
C12
102
}
330
1F
100
AcDbEntity
  8
MAIN-1
100
AcDbLine
 10
844.6500005973701
 20
270.00000000001
 30
0.0
 11
844.6500005973701
 21
269.78174242369
 31
0.0
  0
LINE
  5
DC0
102
{ACAD_REACTORS
330
C12
102
}
330
1F
100
AcDbEntity
  8
MAIN-1
100
AcDbLine
 10
853.00000059783
 20
269.4000000009901
 30
0.0
 11
848.7000005976199
 21
269.4000000009901
 31
0.0
  0
LINE
  5
DC1
102
{ACAD_REACTORS
330
C12
102
}
330
1F
100
AcDbEntity
  8
MAIN-1
100
AcDbLine
 10
853.00000059783
 20
268.5287547380699
 30
0.0
 11
853.00000059783
 21
269.4000000009901
 31
0.0
  0
LINE
  5
DC2
102
{ACAD_REACTORS
330
C12
102
}
330
1F
100
AcDbEntity
  8
MAIN-1
100
AcDbLine
 10
852.6000005978101
 20
268.12875473806
 30
0.0
 11
853.00000059783
 21
268.5287547380699
 31
0.0
  0
LINE
  5
DC3
102
{ACAD_REACTORS
330
C12
102
}
330
1F
100
AcDbEntity
  8
MAIN-1
100
AcDbLine
 10
852.6000005978101
 20
268.12875473806
 30
0.0
 11
852.6000005978001
 21
266.82124480886
 31
0.0
  0
LINE
  5
DC4
102
{ACAD_REACTORS
330
C12
102
}
330
1F
100
AcDbEntity
  8
MAIN-1
100
AcDbLine
 10
853.00000059782
 20
266.4212448088399
 30
0.0
 11
852.6000005978001
 21
266.82124480886
 31
0.0
  0
LINE
  5
DC5
102
{ACAD_REACTORS
330
C12
102
}
330
1F
100
AcDbEntity
  8
MAIN-1
100
AcDbLine
 10
853.00000059781
 20
265.54999957571
 30
0.0
 11
853.00000059782
 21
266.4212448088399
 31
0.0
  0
LINE
  5
DC6
102
{ACAD_REACTORS
330
C12
102
}
330
1F
100
AcDbEntity
  8
MAIN-1
100
AcDbLine
 10
848.7000005976299
 20
265.54999957571
 30
0.0
 11
853.00000059781
 21
265.54999957571
 31
0.0
  0
LINE
  5
DC7
102
{ACAD_REACTORS
330
C12
102
}
330
1F
100
AcDbEntity
  8
MAIN-1
100
AcDbLine
 10
848.7000005976299
 20
266.0611063819299
 30
0.0
 11
848.7000005976299
 21
265.54999957571
 31
0.0
  0
LINE
  5
DC8
102
{ACAD_REACTORS
330
C12
102
}
330
1F
100
AcDbEntity
  8
MAIN-1
100
AcDbLine
 10
848.7000005976299
 20
266.0611063819299
 30
0.0
 11
849.20000059781
 21
266.65698317843
 31
0.0
  0
LINE
  5
DC9
102
{ACAD_REACTORS
330
C12
102
}
330
1F
100
AcDbEntity
  8
MAIN-1
100
AcDbLine
 10
849.20000059781
 20
266.65698317843
 30
0.0
 11
849.20000059782
 21
268.2930163685201
 31
0.0
  0
LINE
  5
DCA
102
{ACAD_REACTORS
330
C12
102
}
330
1F
100
AcDbEntity
  8
MAIN-1
100
AcDbLine
 10
849.20000059782
 20
268.2930163685201
 30
0.0
 11
848.7000005976299
 21
268.8888931650499
 31
0.0
  0
LINE
  5
DCB
102
{ACAD_REACTORS
330
C12
102
}
330
1F
100
AcDbEntity
  8
MAIN-1
100
AcDbLine
 10
853.4016494750899
 20
268.4337552547499
 30
0.0
 11
853.32349777221
 21
268.3556028366099
 31
0.0
  0
LINE
  5
DCC
102
{ACAD_REACTORS
330
C12
102
}
330
1F
100
AcDbEntity
  8
MAIN-1
100
AcDbLine
 10
853.32349777221
 20
268.3556028366099
 30
0.0
 11
853.2421379089301
 21
268.2742434501699
 31
0.0
  0
LINE
  5
DCD
102
{ACAD_REACTORS
330
C12
102
}
330
1F
100
AcDbEntity
  8
MAIN-1
100
AcDbLine
 10
853.2421379089301
 20
268.2742434501699
 30
0.0
 11
853.1579971313399
 21
268.1901014804901
 31
0.0
  0
LINE
  5
DCE
102
{ACAD_REACTORS
330
C12
102
}
330
1F
100
AcDbEntity
  8
MAIN-1
100
AcDbLine
 10
853.1579971313399
 20
268.1901014804901
 30
0.0
 11
853.0720558166499
 21
268.10416135788
 31
0.0
  0
LINE
  5
DCF
102
{ACAD_REACTORS
330
C12
102
}
330
1F
100
AcDbEntity
  8
MAIN-1
100
AcDbLine
 10
853.0720558166499
 20
268.10416135788
 30
0.0
 11
852.9860267639101
 21
268.01813397408
 31
0.0
  0
LINE
  5
DD0
102
{ACAD_REACTORS
330
C12
102
}
330
1F
100
AcDbEntity
  8
MAIN-1
100
AcDbLine
 10
852.9860267639101
 20
268.01813397408
 30
0.0
 11
852.90000152587
 21
267.9321068286899
 31
0.0
  0
LINE
  5
DD1
102
{ACAD_REACTORS
330
C12
102
}
330
1F
100
AcDbEntity
  8
MAIN-1
100
AcDbLine
 10
853.84644699096
 20
268.87855348588
 30
0.0
 11
853.8151092529199
 21
268.8472143173301
 31
0.0
  0
LINE
  5
DD2
102
{ACAD_REACTORS
330
C12
102
}
330
1F
100
AcDbEntity
  8
MAIN-1
100
AcDbLine
 10
853.8151092529199
 20
268.8472143173301
 30
0.0
 11
853.7837677001901
 21
268.8158751487799
 31
0.0
  0
LINE
  5
DD3
102
{ACAD_REACTORS
330
C12
102
}
330
1F
100
AcDbEntity
  8
MAIN-1
100
AcDbLine
 10
853.7837677001901
 20
268.8158751487799
 30
0.0
 11
853.75242996215
 21
268.78453598023
 31
0.0
  0
LINE
  5
DD4
102
{ACAD_REACTORS
330
C12
102
}
330
1F
100
AcDbEntity
  8
MAIN-1
100
AcDbLine
 10
853.75242996215
 20
268.78453598023
 30
0.0
 11
853.72109222412
 21
268.75319681168
 31
0.0
  0
LINE
  5
DD5
102
{ACAD_REACTORS
330
C12
102
}
330
1F
100
AcDbEntity
  8
MAIN-1
100
AcDbLine
 10
853.72109222412
 20
268.75319681168
 30
0.0
 11
853.6897506713799
 21
268.7218576431301
 31
0.0
  0
LINE
  5
DD6
102
{ACAD_REACTORS
330
C12
102
}
330
1F
100
AcDbEntity
  8
MAIN-1
100
AcDbLine
 10
853.6897506713799
 20
268.7218576431301
 30
0.0
 11
853.6584129333401
 21
268.6905184745799
 31
0.0
  0
LINE
  5
DD7
102
{ACAD_REACTORS
330
C12
102
}
330
1F
100
AcDbEntity
  8
MAIN-1
100
AcDbLine
 10
853.6584129333401
 20
268.6905184745799
 30
0.0
 11
853.62707519531
 21
268.65917930604
 31
0.0
  0
ARC
  5
DD8
102
{ACAD_REACTORS
330
C12
102
}
330
1F
100
AcDbEntity
  8
MAIN-1
100
AcDbCircle
 10
854.2000007387701
 20
268.5250000015501
 30
0.0
 40
0.5000000000006817
100
AcDbArc
 50
5.440367580294714
 51
134.9999906380161
  0
LINE
  5
DD9
102
{ACAD_REACTORS
330
C12
102
}
330
1F
100
AcDbEntity
  8
MAIN-1
100
AcDbLine
 10
854.8022631937899
 20
267.47500000131
 30
0.0
 11
854.6977484750701
 21
268.5724045478601
 31
0.0
  0
LINE
  5
DDA
102
{ACAD_REACTORS
330
C12
102
}
330
1F
100
AcDbEntity
  8
MAIN-1
100
AcDbLine
 10
854.6977484751201
 20
266.37759545523
 30
0.0
 11
854.8022631937899
 21
267.47500000131
 31
0.0
  0
ARC
  5
DDB
102
{ACAD_REACTORS
330
C12
102
}
330
1F
100
AcDbEntity
  8
MAIN-1
100
AcDbCircle
 10
854.2000007388201
 20
266.42500000155
 30
0.0
 40
0.5
100
AcDbArc
 50
224.9999719140475
 51
354.5596125718628
  0
LINE
  5
DDC
102
{ACAD_REACTORS
330
C12
102
}
330
1F
100
AcDbEntity
  8
MAIN-1
100
AcDbLine
 10
852.9000007391701
 20
267.0178932200099
 30
0.0
 11
853.84644734823
 21
266.07144661095
 31
0.0
  0
LINE
  5
DDD
102
{ACAD_REACTORS
330
C12
102
}
330
1F
100
AcDbEntity
  8
MAIN-1
100
AcDbLine
 10
852.90000152587
 20
267.0178931713201
 30
0.0
 11
852.90000152587
 21
267.1484950542499
 31
0.0
  0
LINE
  5
DDE
102
{ACAD_REACTORS
330
C12
102
}
330
1F
100
AcDbEntity
  8
MAIN-1
100
AcDbLine
 10
852.90000152587
 20
267.1484950542499
 30
0.0
 11
852.90000152587
 21
267.2790971756001
 31
0.0
  0
LINE
  5
DDF
102
{ACAD_REACTORS
330
C12
102
}
330
1F
100
AcDbEntity
  8
MAIN-1
100
AcDbLine
 10
852.90000152587
 20
267.2790971756001
 30
0.0
 11
852.90000152587
 21
267.4096990585399
 31
0.0
  0
LINE
  5
DE0
102
{ACAD_REACTORS
330
C12
102
}
330
1F
100
AcDbEntity
  8
MAIN-1
100
AcDbLine
 10
852.90000152587
 20
267.4096990585399
 30
0.0
 11
852.90000152587
 21
267.5403009414699
 31
0.0
  0
LINE
  5
DE1
102
{ACAD_REACTORS
330
C12
102
}
330
1F
100
AcDbEntity
  8
MAIN-1
100
AcDbLine
 10
852.90000152587
 20
267.5403009414699
 30
0.0
 11
852.90000152587
 21
267.6709028244099
 31
0.0
  0
LINE
  5
DE2
102
{ACAD_REACTORS
330
C12
102
}
330
1F
100
AcDbEntity
  8
MAIN-1
100
AcDbLine
 10
852.90000152587
 20
267.6709028244099
 30
0.0
 11
852.90000152587
 21
267.8015049457599
 31
0.0
  0
LINE
  5
DE3
102
{ACAD_REACTORS
330
C12
102
}
330
1F
100
AcDbEntity
  8
MAIN-1
100
AcDbLine
 10
852.90000152587
 20
267.8015049457599
 30
0.0
 11
852.90000152587
 21
267.9321068286899
 31
0.0
  0
LINE
  5
DE4
102
{ACAD_REACTORS
330
C12
102
}
330
1F
100
AcDbEntity
  8
MAIN-2
100
AcDbLine
 10
844.65000077584
 20
269.0418774857901
 30
0.0
 11
844.65000077584
 21
269.0402720826501
 31
0.0
  0
LINE
  5
DE5
102
{ACAD_REACTORS
330
C12
102
}
330
1F
100
AcDbEntity
  8
MAIN-1
100
AcDbLine
 10
844.65000077584
 20
269.0402720826501
 30
0.0
 11
844.6500007766999
 21
265.9500000010501
 31
0.0
  0
LINE
  5
DE6
102
{ACAD_REACTORS
330
C12
102
}
330
1F
100
AcDbEntity
  8
MAIN-2
100
AcDbLine
 10
844.65000077584
 20
269.0418774857901
 30
0.0
 11
844.5000005980701
 21
269.03904034981
 31
0.0
  0
LINE
  5
DE7
102
{ACAD_REACTORS
330
C12
102
}
330
1F
100
AcDbEntity
  8
MAIN-1
100
AcDbLine
 10
841.3934213377399
 20
264.8500000000099
 30
0.0
 11
841.3934213377399
 21
270.00000000001
 31
0.0
  0
LINE
  5
DE8
102
{ACAD_REACTORS
330
C12
102
}
330
1F
100
AcDbEntity
  8
MAIN-2
100
AcDbLine
 10
841.8885326879899
 20
264.8500000000099
 30
0.0
 11
841.8885326879899
 21
270.00000000001
 31
0.0
  0
LINE
  5
DE9
102
{ACAD_REACTORS
330
C12
102
}
330
1F
100
AcDbEntity
  8
MAIN-2
100
AcDbLine
 10
841.91699658516
 20
270.00000000001
 30
0.0
 11
841.91699658516
 21
264.8500000000099
 31
0.0
  0
LINE
  5
DEA
102
{ACAD_REACTORS
330
C12
102
}
330
1F
100
AcDbEntity
  8
MAIN-2
100
AcDbLine
 10
842.9811350132
 20
270.00000000001
 30
0.0
 11
842.9811350132
 21
264.8500000000099
 31
0.0
  0
LINE
  5
DEB
102
{ACAD_REACTORS
330
C12
102
}
330
1F
100
AcDbEntity
  8
MAIN-1
100
AcDbLine
 10
907.5000002747599
 20
264.8500000000099
 30
0.0
 11
907.5000002747599
 21
264.8500170664499
 31
0.0
  0
LINE
  5
DEC
102
{ACAD_REACTORS
330
C12
102
}
330
1F
100
AcDbEntity
  8
MAIN-2
100
AcDbLine
 10
907.5000002747599
 20
264.8500000000099
 30
0.0
 11
907.5000002747599
 21
265.85000000124
 31
0.0
  0
LINE
  5
DED
102
{ACAD_REACTORS
330
C12
102
}
330
1F
100
AcDbEntity
  8
MAIN-2
100
AcDbLine
 10
904.8000002747699
 20
265.85000000124
 30
0.0
 11
907.5000002747599
 21
265.85000000124
 31
0.0
  0
LINE
  5
DEE
102
{ACAD_REACTORS
330
C12
102
}
330
1F
100
AcDbEntity
  8
MAIN-2
100
AcDbLine
 10
842.3199924830301
 20
270.00000000001
 30
0.0
 11
842.3199924830301
 21
264.8500000000099
 31
0.0
  0
LINE
  5
DEF
102
{ACAD_REACTORS
330
C12
102
}
330
1F
100
AcDbEntity
  8
MAIN-2
100
AcDbLine
 10
841.2558540549901
 20
270.00000000001
 30
0.0
 11
841.2558540549901
 21
264.8500000000099
 31
0.0
  0
LINE
  5
DF0
102
{ACAD_REACTORS
330
C12
102
}
330
1F
100
AcDbEntity
  8
MAIN-1
100
AcDbLine
 10
841.2843179521601
 20
264.8500000000099
 30
0.0
 11
841.2843179521601
 21
270.00000000001
 31
0.0
  0
LINE
  5
DF1
102
{ACAD_REACTORS
330
C12
102
}
330
1F
100
AcDbEntity
  8
MAIN-1
100
AcDbLine
 10
840.8500003230699
 20
264.8500000000099
 30
0.0
 11
840.8500003230699
 21
270.00000000001
 31
0.0
  0
LINE
  5
DF2
102
{ACAD_REACTORS
330
C12
102
}
330
1F
100
AcDbEntity
  8
MAIN-1
100
AcDbLine
 10
844.90000077576
 20
265.9500000010501
 30
0.0
 11
844.90000077489
 21
269.0446307186701
 31
0.0
  0
LINE
  5
DF3
102
{ACAD_REACTORS
330
C12
102
}
330
1F
100
AcDbEntity
  8
MAIN-2
100
AcDbLine
 10
844.90000077489
 20
269.0446307186701
 30
0.0
 11
844.90000077489
 21
269.0476568678901
 31
0.0
  0
LINE
  5
DF4
102
{ACAD_REACTORS
330
C12
102
}
330
1F
100
AcDbEntity
  8
MAIN-2
100
AcDbLine
 10
844.90000077489
 20
269.0476568678901
 30
0.0
 11
844.65000077539
 21
269.0425070968799
 31
0.0
  0
ARC
  5
DF5
102
{ACAD_REACTORS
330
C12
102
}
330
1F
100
AcDbEntity
  8
MAIN-1
100
AcDbCircle
 10
850.9500005959001
 20
267.47499952933
 30
0.0
 40
1.0
100
AcDbArc
 50
293.5781674500425
 51
0.0000187239685635
  0
LINE
  5
DF6
102
{ACAD_REACTORS
330
C12
102
}
330
1F
100
AcDbEntity
  8
MAIN-2
100
AcDbLine
 10
844.6500007766999
 20
265.9500000010501
 30
0.0
 11
844.65000077625
 21
265.9500000010501
 31
0.0
  0
LINE
  5
DF7
102
{ACAD_REACTORS
330
C12
102
}
330
1F
100
AcDbEntity
  8
MAIN-2
100
AcDbLine
 10
844.65000077584
 20
269.0418774857901
 30
0.0
 11
844.65000077539
 21
269.0425070968799
 31
0.0
  0
LINE
  5
DF8
102
{ACAD_REACTORS
330
C12
102
}
330
1F
100
AcDbEntity
  8
MAIN-1
100
AcDbLine
 10
892.5438333002401
 20
264.8500000000099
 30
0.0
 11
892.5438333002401
 21
264.8500265330699
 31
0.0
  0
LINE
  5
DF9
102
{ACAD_REACTORS
330
C12
102
}
330
1F
100
AcDbEntity
  8
MAIN-2
100
AcDbLine
 10
892.5438333002401
 20
264.8500000000099
 30
0.0
 11
892.5438333002401
 21
270.00000000001
 31
0.0
  0
LINE
  5
DFA
102
{ACAD_REACTORS
330
C12
102
}
330
1F
100
AcDbEntity
  8
MAIN-1
100
AcDbLine
 10
851.3500005958199
 20
265.54999957571
 30
0.0
 11
851.3500005958599
 21
266.55848439032
 31
0.0
  0
LINE
  5
DFB
102
{ACAD_REACTORS
330
C12
102
}
330
1F
100
AcDbEntity
  8
MAIN-2
100
AcDbLine
 10
844.9000007709799
 20
269.05313268394
 30
0.0
 11
847.5788690096199
 21
269.09989254381
 31
0.0
  0
LINE
  5
DFC
102
{ACAD_REACTORS
330
C12
102
}
330
1F
100
AcDbEntity
  8
MAIN-2
100
AcDbLine
 10
847.5788690096199
 20
269.09989254381
 30
0.0
 11
847.67633441249
 21
269.0921851537601
 31
0.0
  0
LINE
  5
DFD
102
{ACAD_REACTORS
330
C12
102
}
330
1F
100
AcDbEntity
  8
MAIN-1
100
AcDbLine
 10
847.6763343811001
 20
269.09218511582
 30
0.0
 11
847.61547088623
 21
269.0911847114601
 31
0.0
  0
LINE
  5
DFE
102
{ACAD_REACTORS
330
C12
102
}
330
1F
100
AcDbEntity
  8
MAIN-1
100
AcDbLine
 10
847.61547088623
 20
269.0911847114601
 30
0.0
 11
847.5537681579499
 21
269.09016857148
 31
0.0
  0
LINE
  5
DFF
102
{ACAD_REACTORS
330
C12
102
}
330
1F
100
AcDbEntity
  8
MAIN-1
100
AcDbLine
 10
847.5537681579499
 20
269.09016857148
 30
0.0
 11
847.4911422729399
 21
269.0891357421899
 31
0.0
  0
LINE
  5
E00
102
{ACAD_REACTORS
330
C12
102
}
330
1F
100
AcDbEntity
  8
MAIN-1
100
AcDbLine
 10
847.4911422729399
 20
269.0891357421899
 30
0.0
 11
847.42750167846
 21
269.0880847931001
 31
0.0
  0
LINE
  5
E01
102
{ACAD_REACTORS
330
C12
102
}
330
1F
100
AcDbEntity
  8
MAIN-1
100
AcDbLine
 10
847.42750167846
 20
269.0880847931001
 30
0.0
 11
847.3627433776801
 21
269.0870133400001
 31
0.0
  0
LINE
  5
E02
102
{ACAD_REACTORS
330
C12
102
}
330
1F
100
AcDbEntity
  8
MAIN-1
100
AcDbLine
 10
847.3627433776801
 20
269.0870133400001
 30
0.0
 11
847.29674530029
 21
269.0859194755601
 31
0.0
  0
LINE
  5
E03
102
{ACAD_REACTORS
330
C12
102
}
330
1F
100
AcDbEntity
  8
MAIN-1
100
AcDbLine
 10
847.29674530029
 20
269.0859194755601
 30
0.0
 11
847.22936630249
 21
269.0847998619099
 31
0.0
  0
LINE
  5
E04
102
{ACAD_REACTORS
330
C12
102
}
330
1F
100
AcDbEntity
  8
MAIN-1
100
AcDbLine
 10
847.22936630249
 20
269.0847998619099
 30
0.0
 11
847.1604423522899
 21
269.0836521148699
 31
0.0
  0
LINE
  5
E05
102
{ACAD_REACTORS
330
C12
102
}
330
1F
100
AcDbEntity
  8
MAIN-1
100
AcDbLine
 10
847.1604423522899
 20
269.0836521148699
 30
0.0
 11
847.08982086181
 21
269.08247337342
 31
0.0
  0
LINE
  5
E06
102
{ACAD_REACTORS
330
C12
102
}
330
1F
100
AcDbEntity
  8
MAIN-1
100
AcDbLine
 10
847.08982086181
 20
269.08247337342
 30
0.0
 11
847.0172996520901
 21
269.08125934601
 31
0.0
  0
LINE
  5
E07
102
{ACAD_REACTORS
330
C12
102
}
330
1F
100
AcDbEntity
  8
MAIN-1
100
AcDbLine
 10
847.0172996520901
 20
269.08125934601
 30
0.0
 11
846.9425621032699
 21
269.08000478745
 31
0.0
  0
LINE
  5
E08
102
{ACAD_REACTORS
330
C12
102
}
330
1F
100
AcDbEntity
  8
MAIN-1
100
AcDbLine
 10
846.9425621032699
 20
269.08000478745
 30
0.0
 11
846.86549377441
 21
269.0787068367099
 31
0.0
  0
LINE
  5
E09
102
{ACAD_REACTORS
330
C12
102
}
330
1F
100
AcDbEntity
  8
MAIN-1
100
AcDbLine
 10
846.86549377441
 20
269.0787068367099
 30
0.0
 11
846.7858390808101
 21
269.0773602485699
 31
0.0
  0
LINE
  5
E0A
102
{ACAD_REACTORS
330
C12
102
}
330
1F
100
AcDbEntity
  8
MAIN-1
100
AcDbLine
 10
846.7858390808101
 20
269.0773602485699
 30
0.0
 11
846.70333862304
 21
269.0759607315099
 31
0.0
  0
LINE
  5
E0B
102
{ACAD_REACTORS
330
C12
102
}
330
1F
100
AcDbEntity
  8
MAIN-1
100
AcDbLine
 10
846.70333862304
 20
269.0759607315099
 30
0.0
 11
846.61791610717
 21
269.07450494767
 31
0.0
  0
LINE
  5
E0C
102
{ACAD_REACTORS
330
C12
102
}
330
1F
100
AcDbEntity
  8
MAIN-1
100
AcDbLine
 10
846.61791610717
 20
269.07450494767
 30
0.0
 11
846.52951431274
 21
269.0729914665301
 31
0.0
  0
LINE
  5
E0D
102
{ACAD_REACTORS
330
C12
102
}
330
1F
100
AcDbEntity
  8
MAIN-1
100
AcDbLine
 10
846.52951431274
 20
269.0729914665301
 30
0.0
 11
846.4383201599101
 21
269.0714231491099
 31
0.0
  0
LINE
  5
E0E
102
{ACAD_REACTORS
330
C12
102
}
330
1F
100
AcDbEntity
  8
MAIN-1
100
AcDbLine
 10
846.4383201599101
 20
269.0714231491099
 30
0.0
 11
846.34484863281
 21
269.06980667115
 31
0.0
  0
LINE
  5
E0F
102
{ACAD_REACTORS
330
C12
102
}
330
1F
100
AcDbEntity
  8
MAIN-1
100
AcDbLine
 10
846.34484863281
 20
269.06980667115
 30
0.0
 11
846.24999999999
 21
269.06815824509
 31
0.0
  0
LINE
  5
E10
102
{ACAD_REACTORS
330
C12
102
}
330
1F
100
AcDbEntity
  8
MAIN-2
100
AcDbLine
 10
844.5000005980701
 20
269.03904034981
 30
0.0
 11
844.5000005980601
 21
269.0380759791699
 31
0.0
  0
LINE
  5
E11
102
{ACAD_REACTORS
330
C12
102
}
330
1F
100
AcDbEntity
  8
MAIN-2
100
AcDbLine
 10
844.90000077489
 20
269.0476568678901
 30
0.0
 11
844.9000007709799
 21
269.05313268394
 31
0.0
  0
LINE
  5
E12
102
{ACAD_REACTORS
330
C12
102
}
330
1F
100
AcDbEntity
  8
MAIN-1
100
AcDbLine
 10
851.35000059594
 20
268.39151466831
 30
0.0
 11
851.35000059598
 21
269.4000000009901
 31
0.0
  0
LINE
  5
E13
102
{ACAD_REACTORS
330
C12
102
}
330
1F
100
AcDbEntity
  8
MAIN-1
100
AcDbLine
 10
847.6665458679099
 20
267.6000000000099
 30
0.0
 11
847.66661453247
 21
267.7127989292201
 31
0.0
  0
LINE
  5
E14
102
{ACAD_REACTORS
330
C12
102
}
330
1F
100
AcDbEntity
  8
MAIN-1
100
AcDbLine
 10
847.66661453247
 20
267.7127989292201
 30
0.0
 11
847.6668128967201
 21
267.8235722541899
 31
0.0
  0
LINE
  5
E15
102
{ACAD_REACTORS
330
C12
102
}
330
1F
100
AcDbEntity
  8
MAIN-1
100
AcDbLine
 10
847.6668128967201
 20
267.8235722541899
 30
0.0
 11
847.6671295166
 21
267.93077311516
 31
0.0
  0
LINE
  5
E16
102
{ACAD_REACTORS
330
C12
102
}
330
1F
100
AcDbEntity
  8
MAIN-1
100
AcDbLine
 10
847.6671295166
 20
267.93077311516
 30
0.0
 11
847.6675415039001
 21
268.0336621761401
 31
0.0
  0
LINE
  5
E17
102
{ACAD_REACTORS
330
C12
102
}
330
1F
100
AcDbEntity
  8
MAIN-1
100
AcDbLine
 10
847.6675415039001
 20
268.0336621761401
 30
0.0
 11
847.6680259704499
 21
268.13213429451
 31
0.0
  0
LINE
  5
E18
102
{ACAD_REACTORS
330
C12
102
}
330
1F
100
AcDbEntity
  8
MAIN-1
100
AcDbLine
 10
847.6680259704499
 20
268.13213429451
 30
0.0
 11
847.66857147216
 21
268.2264553070099
 31
0.0
  0
LINE
  5
E19
102
{ACAD_REACTORS
330
C12
102
}
330
1F
100
AcDbEntity
  8
MAIN-1
100
AcDbLine
 10
847.66857147216
 20
268.2264553070099
 30
0.0
 11
847.66916656494
 21
268.3169198989899
 31
0.0
  0
LINE
  5
E1A
102
{ACAD_REACTORS
330
C12
102
}
330
1F
100
AcDbEntity
  8
MAIN-1
100
AcDbLine
 10
847.66916656494
 20
268.3169198989899
 30
0.0
 11
847.66979598999
 21
268.4040602207201
 31
0.0
  0
LINE
  5
E1B
102
{ACAD_REACTORS
330
C12
102
}
330
1F
100
AcDbEntity
  8
MAIN-1
100
AcDbLine
 10
847.66979598999
 20
268.4040602207201
 30
0.0
 11
847.6704559326099
 21
268.4882701397
 31
0.0
  0
LINE
  5
E1C
102
{ACAD_REACTORS
330
C12
102
}
330
1F
100
AcDbEntity
  8
MAIN-1
100
AcDbLine
 10
847.6704559326099
 20
268.4882701397
 30
0.0
 11
847.67113876342
 21
268.5699261188599
 31
0.0
  0
LINE
  5
E1D
102
{ACAD_REACTORS
330
C12
102
}
330
1F
100
AcDbEntity
  8
MAIN-1
100
AcDbLine
 10
847.67113876342
 20
268.5699261188599
 30
0.0
 11
847.67184448242
 21
268.64935669899
 31
0.0
  0
LINE
  5
E1E
102
{ACAD_REACTORS
330
C12
102
}
330
1F
100
AcDbEntity
  8
MAIN-1
100
AcDbLine
 10
847.67184448242
 20
268.64935669899
 30
0.0
 11
847.6725654602001
 21
268.7268348693899
 31
0.0
  0
LINE
  5
E1F
102
{ACAD_REACTORS
330
C12
102
}
330
1F
100
AcDbEntity
  8
MAIN-1
100
AcDbLine
 10
847.6725654602001
 20
268.7268348693899
 30
0.0
 11
847.6732978820701
 21
268.8025942802501
 31
0.0
  0
LINE
  5
E20
102
{ACAD_REACTORS
330
C12
102
}
330
1F
100
AcDbEntity
  8
MAIN-1
100
AcDbLine
 10
847.6732978820701
 20
268.8025942802501
 30
0.0
 11
847.67404174804
 21
268.8768487930299
 31
0.0
  0
LINE
  5
E21
102
{ACAD_REACTORS
330
C12
102
}
330
1F
100
AcDbEntity
  8
MAIN-1
100
AcDbLine
 10
847.67404174804
 20
268.8768487930299
 30
0.0
 11
847.6747970581
 21
268.94977006913
 31
0.0
  0
LINE
  5
E22
102
{ACAD_REACTORS
330
C12
102
}
330
1F
100
AcDbEntity
  8
MAIN-1
100
AcDbLine
 10
847.6747970581
 20
268.94977006913
 30
0.0
 11
847.67556381225
 21
269.02150449753
 31
0.0
  0
LINE
  5
E23
102
{ACAD_REACTORS
330
C12
102
}
330
1F
100
AcDbEntity
  8
MAIN-1
100
AcDbLine
 10
847.67556381225
 20
269.02150449753
 30
0.0
 11
847.6763343811001
 21
269.09218511582
 31
0.0
  0
LINE
  5
E24
102
{ACAD_REACTORS
330
C12
102
}
330
1F
100
AcDbEntity
  8
MAIN-2
100
AcDbLine
 10
844.90000077185
 20
265.9500000010501
 30
0.0
 11
844.90000077576
 21
265.9500000010501
 31
0.0
  0
LINE
  5
E25
102
{ACAD_REACTORS
330
C12
102
}
330
1F
100
AcDbEntity
  8
MAIN-1
100
AcDbLine
 10
847.5788690096199
 20
265.95000000099
 30
0.0
 11
847.5788690096199
 21
269.09058199989
 31
0.0
  0
LINE
  5
E26
102
{ACAD_REACTORS
330
C12
102
}
330
1F
100
AcDbEntity
  8
MAIN-2
100
AcDbLine
 10
847.5788690096199
 20
269.09058199989
 30
0.0
 11
847.5788690096199
 21
269.09989254381
 31
0.0
  0
LINE
  5
E27
102
{ACAD_REACTORS
330
C12
102
}
330
1F
100
AcDbEntity
  8
MAIN-1
100
AcDbLine
 10
855.65000059766
 20
270.00000000001
 30
0.0
 11
855.65000059766
 21
264.8500000000099
 31
0.0
  0
LINE
  5
E28
102
{ACAD_REACTORS
330
C12
102
}
330
1F
100
AcDbEntity
  8
MAIN-1
100
AcDbLine
 10
858.80000059748
 20
270.00000000001
 30
0.0
 11
858.80000059748
 21
264.8500000000099
 31
0.0
  0
LINE
  5
E29
102
{ACAD_REACTORS
330
C12
102
}
330
1F
100
AcDbEntity
  8
MAIN-1
100
AcDbLine
 10
880.9185003165201
 20
270.00000000001
 30
0.0
 11
880.9185003165201
 21
264.8500000000099
 31
0.0
  0
LINE
  5
E2A
102
{ACAD_REACTORS
330
C12
102
}
330
1F
100
AcDbEntity
  8
MAIN-1
100
AcDbLine
 10
890.6500682496101
 20
269.7817424253601
 30
0.0
 11
890.6500682496101
 21
270.00000000001
 31
0.0
  0
ARC
  5
E2B
102
{ACAD_REACTORS
330
C12
102
}
330
1F
100
AcDbEntity
  8
MAIN-1
100
AcDbCircle
 10
889.6500682491701
 20
267.6000000026399
 30
0.0
 40
2.40000000000532
100
AcDbArc
 50
270.0000198478429
 51
0.0000187239685635
  0
LINE
  5
E2C
102
{ACAD_REACTORS
330
C12
102
}
330
1F
100
AcDbEntity
  8
MAIN-1
100
AcDbLine
 10
889.6500682491601
 20
265.2000000026401
 30
0.0
 11
889.05006824916
 21
265.2000000026401
 31
0.0
  0
ARC
  5
E2D
102
{ACAD_REACTORS
330
C12
102
}
330
1F
100
AcDbEntity
  8
MAIN-1
100
AcDbCircle
 10
889.05006824919
 20
267.6000000026399
 30
0.0
 40
2.40000000000532
100
AcDbArc
 50
114.6243509360145
 51
179.9999812760317
  0
LINE
  5
E2E
102
{ACAD_REACTORS
330
C12
102
}
330
1F
100
AcDbEntity
  8
MAIN-1
100
AcDbLine
 10
888.05006824866
 20
269.7817424253301
 30
0.0
 11
888.05006824866
 21
270.00000000001
 31
0.0
  0
LINE
  5
E2F
102
{ACAD_REACTORS
330
C12
102
}
330
1F
100
AcDbEntity
  8
MAIN-1
100
AcDbLine
 10
886.1000682491799
 20
266.6569831801
 30
0.0
 11
886.60006824935
 21
266.0611063836
 31
0.0
  0
LINE
  5
E30
102
{ACAD_REACTORS
330
C12
102
}
330
1F
100
AcDbEntity
  8
MAIN-1
100
AcDbLine
 10
886.60006824935
 20
265.54999957738
 30
0.0
 11
886.60006824935
 21
266.0611063836
 31
0.0
  0
LINE
  5
E31
102
{ACAD_REACTORS
330
C12
102
}
330
1F
100
AcDbEntity
  8
MAIN-1
100
AcDbLine
 10
886.60006824935
 20
265.54999957738
 30
0.0
 11
882.30006824917
 21
265.54999957738
 31
0.0
  0
LINE
  5
E32
102
{ACAD_REACTORS
330
C12
102
}
330
1F
100
AcDbEntity
  8
MAIN-1
100
AcDbLine
 10
882.30006824917
 20
266.42124481051
 30
0.0
 11
882.30006824917
 21
265.54999957738
 31
0.0
  0
LINE
  5
E33
102
{ACAD_REACTORS
330
C12
102
}
330
1F
100
AcDbEntity
  8
MAIN-1
100
AcDbLine
 10
882.70006824918
 20
266.8212448105301
 30
0.0
 11
882.30006824917
 21
266.42124481051
 31
0.0
  0
LINE
  5
E34
102
{ACAD_REACTORS
330
C12
102
}
330
1F
100
AcDbEntity
  8
MAIN-1
100
AcDbLine
 10
882.70006824917
 20
268.1287547397301
 30
0.0
 11
882.70006824918
 21
266.8212448105301
 31
0.0
  0
LINE
  5
E35
102
{ACAD_REACTORS
330
C12
102
}
330
1F
100
AcDbEntity
  8
MAIN-1
100
AcDbLine
 10
882.70006824917
 20
268.1287547397301
 30
0.0
 11
882.30006824916
 21
268.52875473974
 31
0.0
  0
LINE
  5
E36
102
{ACAD_REACTORS
330
C12
102
}
330
1F
100
AcDbEntity
  8
MAIN-1
100
AcDbLine
 10
882.30006824916
 20
269.4000000026599
 30
0.0
 11
882.30006824916
 21
268.52875473974
 31
0.0
  0
LINE
  5
E37
102
{ACAD_REACTORS
330
C12
102
}
330
1F
100
AcDbEntity
  8
MAIN-1
100
AcDbLine
 10
882.30006824916
 20
269.4000000026599
 30
0.0
 11
886.60006824936
 21
269.4000000026599
 31
0.0
  0
LINE
  5
E38
102
{ACAD_REACTORS
330
C12
102
}
330
1F
100
AcDbEntity
  8
MAIN-1
100
AcDbLine
 10
886.60006824936
 20
268.88889316672
 30
0.0
 11
886.60006824936
 21
269.4000000026599
 31
0.0
  0
LINE
  5
E39
102
{ACAD_REACTORS
330
C12
102
}
330
1F
100
AcDbEntity
  8
MAIN-1
100
AcDbLine
 10
886.1000682491599
 20
268.2930163701899
 30
0.0
 11
886.60006824936
 21
268.88889316672
 31
0.0
  0
LINE
  5
E3A
102
{ACAD_REACTORS
330
C12
102
}
330
1F
100
AcDbEntity
  8
MAIN-1
100
AcDbLine
 10
886.1000682491599
 20
268.2930163701899
 30
0.0
 11
886.1000682491799
 21
266.6569831801
 31
0.0
  0
LINE
  5
E3B
102
{ACAD_REACTORS
330
C12
102
}
330
1F
100
AcDbEntity
  8
MAIN-1
100
AcDbLine
 10
855.65000059766
 20
265.4250000023201
 30
0.0
 11
858.80000059748
 21
265.4250000023201
 31
0.0
  0
LINE
  5
E3C
102
{ACAD_REACTORS
330
C12
102
}
330
1F
100
AcDbEntity
  8
MAIN-1
100
AcDbLine
 10
877.05000059746
 20
270.00000000001
 30
0.0
 11
877.05000059746
 21
264.8500000000099
 31
0.0
  0
LINE
  5
E3D
102
{ACAD_REACTORS
330
C12
102
}
330
1F
100
AcDbEntity
  8
MAIN-1
100
AcDbLine
 10
877.05000059746
 20
265.4250000023201
 30
0.0
 11
880.20000059728
 21
265.4250000023201
 31
0.0
  0
LINE
  5
E3E
102
{ACAD_REACTORS
330
C12
102
}
330
1F
100
AcDbEntity
  8
MAIN-1
100
AcDbLine
 10
880.20000059728
 20
264.8500000000099
 30
0.0
 11
880.20000059728
 21
270.00000000001
 31
0.0
  0
LINE
  5
E3F
102
{ACAD_REACTORS
330
C12
102
}
330
1F
100
AcDbEntity
  8
MAIN-1
100
AcDbLine
 10
904.0000004768301
 20
270.0000000953701
 30
0.0
 11
903.92307472228
 21
269.9987669944801
 31
0.0
  0
LINE
  5
E40
102
{ACAD_REACTORS
330
C12
102
}
330
1F
100
AcDbEntity
  8
MAIN-1
100
AcDbLine
 10
903.92307472228
 20
269.9987669944801
 30
0.0
 11
903.8465070724401
 21
269.9950867652899
 31
0.0
  0
LINE
  5
E41
102
{ACAD_REACTORS
330
C12
102
}
330
1F
100
AcDbEntity
  8
MAIN-1
100
AcDbLine
 10
903.8465070724401
 20
269.9950867652899
 30
0.0
 11
903.77066373825
 21
269.9890175819401
 31
0.0
  0
LINE
  5
E42
102
{ACAD_REACTORS
330
C12
102
}
330
1F
100
AcDbEntity
  8
MAIN-1
100
AcDbLine
 10
903.77066373825
 20
269.9890175819401
 30
0.0
 11
903.69589614868
 21
269.9806552887001
 31
0.0
  0
LINE
  5
E43
102
{ACAD_REACTORS
330
C12
102
}
330
1F
100
AcDbEntity
  8
MAIN-1
100
AcDbLine
 10
903.69589614868
 20
269.9806552887001
 30
0.0
 11
903.6224455833401
 21
269.97011671067
 31
0.0
  0
LINE
  5
E44
102
{ACAD_REACTORS
330
C12
102
}
330
1F
100
AcDbEntity
  8
MAIN-1
100
AcDbLine
 10
903.6224455833401
 20
269.97011671067
 30
0.0
 11
903.55059671401
 21
269.9575487136899
 31
0.0
  0
LINE
  5
E45
102
{ACAD_REACTORS
330
C12
102
}
330
1F
100
AcDbEntity
  8
MAIN-1
100
AcDbLine
 10
903.55059671401
 20
269.9575487136899
 30
0.0
 11
903.4805684089599
 21
269.9431153297501
 31
0.0
  0
LINE
  5
E46
102
{ACAD_REACTORS
330
C12
102
}
330
1F
100
AcDbEntity
  8
MAIN-1
100
AcDbLine
 10
903.4805684089599
 20
269.9431153297501
 30
0.0
 11
903.4125957489
 21
269.9270058631901
 31
0.0
  0
LINE
  5
E47
102
{ACAD_REACTORS
330
C12
102
}
330
1F
100
AcDbEntity
  8
MAIN-1
100
AcDbLine
 10
903.4125957489
 20
269.9270058631901
 30
0.0
 11
903.34671163558
 21
269.9093752861099
 31
0.0
  0
LINE
  5
E48
102
{ACAD_REACTORS
330
C12
102
}
330
1F
100
AcDbEntity
  8
MAIN-1
100
AcDbLine
 10
903.34671163558
 20
269.9093752861099
 30
0.0
 11
903.2830615043599
 21
269.89041433335
 31
0.0
  0
LINE
  5
E49
102
{ACAD_REACTORS
330
C12
102
}
330
1F
100
AcDbEntity
  8
MAIN-1
100
AcDbLine
 10
903.2830615043599
 20
269.89041433335
 30
0.0
 11
903.22171640396
 21
269.8703027725301
 31
0.0
  0
LINE
  5
E4A
102
{ACAD_REACTORS
330
C12
102
}
330
1F
100
AcDbEntity
  8
MAIN-1
100
AcDbLine
 10
903.22171640396
 20
269.8703027725301
 30
0.0
 11
903.1627335548301
 21
269.8492184638999
 31
0.0
  0
LINE
  5
E4B
102
{ACAD_REACTORS
330
C12
102
}
330
1F
100
AcDbEntity
  8
MAIN-1
100
AcDbLine
 10
903.1627335548301
 20
269.8492184638999
 30
0.0
 11
903.10612154006
 21
269.8273259163
 31
0.0
  0
LINE
  5
E4C
102
{ACAD_REACTORS
330
C12
102
}
330
1F
100
AcDbEntity
  8
MAIN-1
100
AcDbLine
 10
903.10612154006
 20
269.8273259163
 30
0.0
 11
903.05187034606
 21
269.80477867127
 31
0.0
  0
LINE
  5
E4D
102
{ACAD_REACTORS
330
C12
102
}
330
1F
100
AcDbEntity
  8
MAIN-1
100
AcDbLine
 10
903.05187034606
 20
269.80477867127
 30
0.0
 11
903.0000004768301
 21
269.7817421913201
 31
0.0
  0
LINE
  5
E4E
102
{ACAD_REACTORS
330
C12
102
}
330
1F
100
AcDbEntity
  8
MAIN-2
100
AcDbLine
 10
906.2970565635801
 20
265.9029437259801
 30
0.0
 11
906.2970511773599
 21
265.9029491122001
 31
0.0
  0
LINE
  5
E4F
102
{ACAD_REACTORS
330
C12
102
}
330
1F
100
AcDbEntity
  8
MAIN-1
100
AcDbLine
 10
906.2970565635801
 20
265.9029437259801
 30
0.0
 11
906.25000028862
 21
265.95000000094
 31
0.0
  0
LINE
  5
E50
102
{ACAD_REACTORS
330
C12
102
}
330
1F
100
AcDbEntity
  8
MAIN-1
100
AcDbLine
 10
906.0327286807001
 20
269.03272839275
 30
0.0
 11
906.2970565636101
 21
269.29705627565
 31
0.0
  0
LINE
  5
E51
102
{ACAD_REACTORS
330
C12
102
}
330
1F
100
AcDbEntity
  8
MAIN-2
100
AcDbLine
 10
905.7500002885199
 20
269.0380759790401
 30
0.0
 11
906.0327286807001
 21
269.03272839275
 31
0.0
  0
LINE
  5
E52
102
{ACAD_REACTORS
330
C12
102
}
330
1F
100
AcDbEntity
  8
MAIN-2
100
AcDbLine
 10
905.7500002885199
 20
269.0380759790401
 30
0.0
 11
905.7500002885199
 21
269.0376565982101
 31
0.0
  0
LINE
  5
E53
102
{ACAD_REACTORS
330
C12
102
}
330
1F
100
AcDbEntity
  8
MAIN-1
100
AcDbLine
 10
905.7500002885199
 20
269.0376565982101
 30
0.0
 11
905.7500002884999
 21
265.95000000092
 31
0.0
  0
ARC
  5
E54
102
{ACAD_REACTORS
330
C12
102
}
330
1F
100
AcDbEntity
  8
MAIN-1
100
AcDbCircle
 10
899.3000002906699
 20
267.4749995292
 30
0.0
 40
1.0
100
AcDbArc
 50
113.5781872978851
 51
179.9999812760317
  0
LINE
  5
E55
102
{ACAD_REACTORS
330
C12
102
}
330
1F
100
AcDbEntity
  8
MAIN-1
100
AcDbLine
 10
898.90000029059
 20
269.40000000086
 30
0.0
 11
898.90000029064
 21
268.39151466817
 31
0.0
  0
LINE
  5
E56
102
{ACAD_REACTORS
330
C12
102
}
330
1F
100
AcDbEntity
  8
MAIN-1
100
AcDbLine
 10
899.70000029062
 20
268.39151466821
 30
0.0
 11
899.70000029061
 21
269.40000000086
 31
0.0
  0
ARC
  5
E57
102
{ACAD_REACTORS
330
C12
102
}
330
1F
100
AcDbEntity
  8
MAIN-1
100
AcDbCircle
 10
899.3000002906699
 20
267.4749995292
 30
0.0
 40
1.0
100
AcDbArc
 50
0.0000187239685635
 51
66.4218127021151
  0
LINE
  5
E58
102
{ACAD_REACTORS
330
C12
102
}
330
1F
100
AcDbEntity
  8
MAIN-1
100
AcDbLine
 10
899.70000029065
 20
266.5584843902
 30
0.0
 11
899.70000029066
 21
265.5499995755799
 31
0.0
  0
LINE
  5
E59
102
{ACAD_REACTORS
330
C12
102
}
330
1F
100
AcDbEntity
  8
MAIN-1
100
AcDbLine
 10
898.9000002907101
 20
266.55848439019
 30
0.0
 11
898.9000002907601
 21
265.5499995755799
 31
0.0
  0
LINE
  5
E5A
102
{ACAD_REACTORS
330
C12
102
}
330
1F
100
AcDbEntity
  8
MAIN-1
100
AcDbLine
 10
904.00000028871
 20
269.06815813294
 30
0.0
 11
906.0327286807001
 21
269.03272839275
 31
0.0
  0
LINE
  5
E5B
102
{ACAD_REACTORS
330
C12
102
}
330
1F
100
AcDbEntity
  8
MAIN-1
100
AcDbLine
 10
902.58345651626
 20
267.6000000000099
 30
0.0
 11
902.5833773612901
 21
267.4791863918399
 31
0.0
  0
LINE
  5
E5C
102
{ACAD_REACTORS
330
C12
102
}
330
1F
100
AcDbEntity
  8
MAIN-1
100
AcDbLine
 10
902.5833773612901
 20
267.4791863918399
 30
0.0
 11
902.58314895629
 21
267.3608625888901
 31
0.0
  0
LINE
  5
E5D
102
{ACAD_REACTORS
330
C12
102
}
330
1F
100
AcDbEntity
  8
MAIN-1
100
AcDbLine
 10
902.58314895629
 20
267.3608625888901
 30
0.0
 11
902.58279132842
 21
267.2468667984101
 31
0.0
  0
LINE
  5
E5E
102
{ACAD_REACTORS
330
C12
102
}
330
1F
100
AcDbEntity
  8
MAIN-1
100
AcDbLine
 10
902.58279132842
 20
267.2468667984101
 30
0.0
 11
902.58232927322
 21
267.13783297539
 31
0.0
  0
LINE
  5
E5F
102
{ACAD_REACTORS
330
C12
102
}
330
1F
100
AcDbEntity
  8
MAIN-1
100
AcDbLine
 10
902.58232927322
 20
267.13783297539
 30
0.0
 11
902.5817861557
 21
267.0338228702601
 31
0.0
  0
LINE
  5
E60
102
{ACAD_REACTORS
330
C12
102
}
330
1F
100
AcDbEntity
  8
MAIN-1
100
AcDbLine
 10
902.5817861557
 20
267.0338228702601
 30
0.0
 11
902.5811800956701
 21
266.93446192742
 31
0.0
  0
LINE
  5
E61
102
{ACAD_REACTORS
330
C12
102
}
330
1F
100
AcDbEntity
  8
MAIN-1
100
AcDbLine
 10
902.5811800956701
 20
266.93446192742
 30
0.0
 11
902.58052492141
 21
266.83926210404
 31
0.0
  0
LINE
  5
E62
102
{ACAD_REACTORS
330
C12
102
}
330
1F
100
AcDbEntity
  8
MAIN-1
100
AcDbLine
 10
902.58052492141
 20
266.83926210404
 30
0.0
 11
902.57983207702
 21
266.74764428139
 31
0.0
  0
LINE
  5
E63
102
{ACAD_REACTORS
330
C12
102
}
330
1F
100
AcDbEntity
  8
MAIN-1
100
AcDbLine
 10
902.57983207702
 20
266.74764428139
 30
0.0
 11
902.57910919189
 21
266.65913853646
 31
0.0
  0
LINE
  5
E64
102
{ACAD_REACTORS
330
C12
102
}
330
1F
100
AcDbEntity
  8
MAIN-1
100
AcDbLine
 10
902.57910919189
 20
266.65913853646
 30
0.0
 11
902.57836151123
 21
266.5733189344501
 31
0.0
  0
LINE
  5
E65
102
{ACAD_REACTORS
330
C12
102
}
330
1F
100
AcDbEntity
  8
MAIN-1
100
AcDbLine
 10
902.57836151123
 20
266.5733189344501
 30
0.0
 11
902.57759428024
 21
266.4898234367399
 31
0.0
  0
LINE
  5
E66
102
{ACAD_REACTORS
330
C12
102
}
330
1F
100
AcDbEntity
  8
MAIN-1
100
AcDbLine
 10
902.57759428024
 20
266.4898234367399
 30
0.0
 11
902.57681083679
 21
266.40835783482
 31
0.0
  0
LINE
  5
E67
102
{ACAD_REACTORS
330
C12
102
}
330
1F
100
AcDbEntity
  8
MAIN-1
100
AcDbLine
 10
902.57681083679
 20
266.40835783482
 30
0.0
 11
902.5760135650601
 21
266.3286493778301
 31
0.0
  0
LINE
  5
E68
102
{ACAD_REACTORS
330
C12
102
}
330
1F
100
AcDbEntity
  8
MAIN-1
100
AcDbLine
 10
902.5760135650601
 20
266.3286493778301
 30
0.0
 11
902.57520484924
 21
266.25048849583
 31
0.0
  0
LINE
  5
E69
102
{ACAD_REACTORS
330
C12
102
}
330
1F
100
AcDbEntity
  8
MAIN-1
100
AcDbLine
 10
902.57520484924
 20
266.25048849583
 30
0.0
 11
902.57438611984
 21
266.1736831426699
 31
0.0
  0
LINE
  5
E6A
102
{ACAD_REACTORS
330
C12
102
}
330
1F
100
AcDbEntity
  8
MAIN-1
100
AcDbLine
 10
902.57438611984
 20
266.1736831426699
 30
0.0
 11
902.5735588073701
 21
266.0980894327199
 31
0.0
  0
LINE
  5
E6B
102
{ACAD_REACTORS
330
C12
102
}
330
1F
100
AcDbEntity
  8
MAIN-1
100
AcDbLine
 10
902.5735588073701
 20
266.0980894327199
 30
0.0
 11
902.57272434234
 21
266.0235637188
 31
0.0
  0
LINE
  5
E6C
102
{ACAD_REACTORS
330
C12
102
}
330
1F
100
AcDbEntity
  8
MAIN-1
100
AcDbLine
 10
902.57272434234
 20
266.0235637188
 30
0.0
 11
902.57188320159
 21
265.95000002385
 31
0.0
  0
LINE
  5
E6D
102
{ACAD_REACTORS
330
C12
102
}
330
1F
100
AcDbEntity
  8
MAIN-1
100
AcDbLine
 10
904.00000028871
 20
265.95000000087
 30
0.0
 11
904.00000028872
 21
265.2000000007899
 31
0.0
  0
LINE
  5
E6E
102
{ACAD_REACTORS
330
C12
102
}
330
1F
100
AcDbEntity
  8
MAIN-1
100
AcDbLine
 10
902.57188320159
 20
265.95000002385
 30
0.0
 11
902.63320636749
 21
265.95000002385
 31
0.0
  0
LINE
  5
E6F
102
{ACAD_REACTORS
330
C12
102
}
330
1F
100
AcDbEntity
  8
MAIN-1
100
AcDbLine
 10
902.63320636749
 20
265.95000002385
 30
0.0
 11
902.6954498291
 21
265.95000002385
 31
0.0
  0
LINE
  5
E70
102
{ACAD_REACTORS
330
C12
102
}
330
1F
100
AcDbEntity
  8
MAIN-1
100
AcDbLine
 10
902.6954498291
 20
265.95000002385
 30
0.0
 11
902.75869178771
 21
265.95000002385
 31
0.0
  0
LINE
  5
E71
102
{ACAD_REACTORS
330
C12
102
}
330
1F
100
AcDbEntity
  8
MAIN-1
100
AcDbLine
 10
902.75869178771
 20
265.95000002385
 30
0.0
 11
902.8230214118901
 21
265.95000002385
 31
0.0
  0
LINE
  5
E72
102
{ACAD_REACTORS
330
C12
102
}
330
1F
100
AcDbEntity
  8
MAIN-1
100
AcDbLine
 10
902.8230214118901
 20
265.95000002385
 30
0.0
 11
902.8885416984499
 21
265.95000002385
 31
0.0
  0
LINE
  5
E73
102
{ACAD_REACTORS
330
C12
102
}
330
1F
100
AcDbEntity
  8
MAIN-1
100
AcDbLine
 10
902.8885416984499
 20
265.95000002385
 30
0.0
 11
902.9553689956599
 21
265.95000002385
 31
0.0
  0
LINE
  5
E74
102
{ACAD_REACTORS
330
C12
102
}
330
1F
100
AcDbEntity
  8
MAIN-1
100
AcDbLine
 10
902.9553689956599
 20
265.95000002385
 30
0.0
 11
903.0236406326201
 21
265.95000002385
 31
0.0
  0
LINE
  5
E75
102
{ACAD_REACTORS
330
C12
102
}
330
1F
100
AcDbEntity
  8
MAIN-1
100
AcDbLine
 10
903.0236406326201
 20
265.95000002385
 30
0.0
 11
903.09349536895
 21
265.95000002385
 31
0.0
  0
LINE
  5
E76
102
{ACAD_REACTORS
330
C12
102
}
330
1F
100
AcDbEntity
  8
MAIN-1
100
AcDbLine
 10
903.09349536895
 20
265.95000002385
 30
0.0
 11
903.16507387161
 21
265.95000002385
 31
0.0
  0
LINE
  5
E77
102
{ACAD_REACTORS
330
C12
102
}
330
1F
100
AcDbEntity
  8
MAIN-1
100
AcDbLine
 10
903.16507387161
 20
265.95000002385
 30
0.0
 11
903.23853015899
 21
265.95000002385
 31
0.0
  0
LINE
  5
E78
102
{ACAD_REACTORS
330
C12
102
}
330
1F
100
AcDbEntity
  8
MAIN-1
100
AcDbLine
 10
903.23853015899
 20
265.95000002385
 30
0.0
 11
903.31414461135
 21
265.95000002385
 31
0.0
  0
LINE
  5
E79
102
{ACAD_REACTORS
330
C12
102
}
330
1F
100
AcDbEntity
  8
MAIN-1
100
AcDbLine
 10
903.31414461135
 20
265.95000002385
 30
0.0
 11
903.39196586608
 21
265.95000002385
 31
0.0
  0
LINE
  5
E7A
102
{ACAD_REACTORS
330
C12
102
}
330
1F
100
AcDbEntity
  8
MAIN-1
100
AcDbLine
 10
903.39196586608
 20
265.95000002385
 30
0.0
 11
903.47214698791
 21
265.95000002385
 31
0.0
  0
LINE
  5
E7B
102
{ACAD_REACTORS
330
C12
102
}
330
1F
100
AcDbEntity
  8
MAIN-1
100
AcDbLine
 10
903.47214698791
 20
265.95000002385
 30
0.0
 11
903.5548291206301
 21
265.95000002385
 31
0.0
  0
LINE
  5
E7C
102
{ACAD_REACTORS
330
C12
102
}
330
1F
100
AcDbEntity
  8
MAIN-1
100
AcDbLine
 10
903.5548291206301
 20
265.95000002385
 30
0.0
 11
903.6399650573701
 21
265.95000002385
 31
0.0
  0
LINE
  5
E7D
102
{ACAD_REACTORS
330
C12
102
}
330
1F
100
AcDbEntity
  8
MAIN-1
100
AcDbLine
 10
903.6399650573701
 20
265.95000002385
 30
0.0
 11
903.7274432182301
 21
265.95000002385
 31
0.0
  0
LINE
  5
E7E
102
{ACAD_REACTORS
330
C12
102
}
330
1F
100
AcDbEntity
  8
MAIN-1
100
AcDbLine
 10
903.7274432182301
 20
265.95000002385
 30
0.0
 11
903.8169922828599
 21
265.95000002385
 31
0.0
  0
LINE
  5
E7F
102
{ACAD_REACTORS
330
C12
102
}
330
1F
100
AcDbEntity
  8
MAIN-1
100
AcDbLine
 10
903.8169922828599
 20
265.95000002385
 30
0.0
 11
903.9080977439801
 21
265.95000002385
 31
0.0
  0
LINE
  5
E80
102
{ACAD_REACTORS
330
C12
102
}
330
1F
100
AcDbEntity
  8
MAIN-1
100
AcDbLine
 10
903.9080977439801
 20
265.95000002385
 30
0.0
 11
904.0000004768301
 21
265.95000002385
 31
0.0
  0
LINE
  5
E81
102
{ACAD_REACTORS
330
C12
102
}
330
1F
100
AcDbEntity
  8
MAIN-1
100
AcDbLine
 10
904.00000028871
 20
265.95000000088
 30
0.0
 11
906.25000028861
 21
265.95000000093
 31
0.0
  0
LINE
  5
E82
102
{ACAD_REACTORS
330
C12
102
}
330
1F
100
AcDbEntity
  8
MAIN-2
100
AcDbLine
 10
902.6711318769601
 20
269.09989254368
 30
0.0
 11
902.6711318769601
 21
269.0905820000701
 31
0.0
  0
LINE
  5
E83
102
{ACAD_REACTORS
330
C12
102
}
330
1F
100
AcDbEntity
  8
MAIN-1
100
AcDbLine
 10
902.6711318769601
 20
269.0905820000701
 30
0.0
 11
902.6711318769601
 21
265.95000000085
 31
0.0
  0
LINE
  5
E84
102
{ACAD_REACTORS
330
C12
102
}
330
1F
100
AcDbEntity
  8
MAIN-2
100
AcDbLine
 10
902.6711318769601
 20
269.09989254368
 30
0.0
 11
902.57366647409
 21
269.09218515363
 31
0.0
  0
LINE
  5
E85
102
{ACAD_REACTORS
330
C12
102
}
330
1F
100
AcDbEntity
  8
MAIN-2
100
AcDbLine
 10
905.3500001156001
 20
269.05313268381
 30
0.0
 11
902.6711318769601
 21
269.09989254368
 31
0.0
  0
LINE
  5
E86
102
{ACAD_REACTORS
330
C12
102
}
330
1F
100
AcDbEntity
  8
MAIN-2
100
AcDbLine
 10
905.35000011168
 20
269.04765686776
 30
0.0
 11
905.3500001156001
 21
269.05313268381
 31
0.0
  0
LINE
  5
E87
102
{ACAD_REACTORS
330
C12
102
}
330
1F
100
AcDbEntity
  8
MAIN-2
100
AcDbLine
 10
905.60000011119
 20
269.0425070967499
 30
0.0
 11
905.35000011168
 21
269.04765686776
 31
0.0
  0
LINE
  5
E88
102
{ACAD_REACTORS
330
C12
102
}
330
1F
100
AcDbEntity
  8
MAIN-2
100
AcDbLine
 10
905.60000011119
 20
269.0425070967499
 30
0.0
 11
905.60000011074
 21
269.04187748565
 31
0.0
  0
LINE
  5
E89
102
{ACAD_REACTORS
330
C12
102
}
330
1F
100
AcDbEntity
  8
MAIN-2
100
AcDbLine
 10
905.7500002885099
 20
269.0390403496699
 30
0.0
 11
905.60000011074
 21
269.04187748565
 31
0.0
  0
LINE
  5
E8A
102
{ACAD_REACTORS
330
C12
102
}
330
1F
100
AcDbEntity
  8
MAIN-2
100
AcDbLine
 10
905.7500002885199
 20
269.0380759790401
 30
0.0
 11
905.7500002885099
 21
269.0390403496699
 31
0.0
  0
LINE
  5
E8B
102
{ACAD_REACTORS
330
C12
102
}
330
1F
100
AcDbEntity
  8
MAIN-1
100
AcDbLine
 10
905.60000010987
 20
265.95000000092
 30
0.0
 11
905.60000011074
 21
269.04027203589
 31
0.0
  0
LINE
  5
E8C
102
{ACAD_REACTORS
330
C12
102
}
330
1F
100
AcDbEntity
  8
MAIN-2
100
AcDbLine
 10
905.60000011074
 20
269.04027203589
 30
0.0
 11
905.60000011074
 21
269.04187748565
 31
0.0
  0
LINE
  5
E8D
102
{ACAD_REACTORS
330
C12
102
}
330
1F
100
AcDbEntity
  8
MAIN-2
100
AcDbLine
 10
905.60000011032
 20
265.95000000092
 30
0.0
 11
905.60000010987
 21
265.95000000092
 31
0.0
  0
LINE
  5
E8E
102
{ACAD_REACTORS
330
C12
102
}
330
1F
100
AcDbEntity
  8
MAIN-2
100
AcDbLine
 10
905.3500001147299
 20
265.95000000091
 30
0.0
 11
905.35000011082
 21
265.95000000091
 31
0.0
  0
LINE
  5
E8F
102
{ACAD_REACTORS
330
C12
102
}
330
1F
100
AcDbEntity
  8
MAIN-2
100
AcDbLine
 10
905.35000011168
 20
269.04765686776
 30
0.0
 11
905.35000011168
 21
269.0446306306501
 31
0.0
  0
LINE
  5
E90
102
{ACAD_REACTORS
330
C12
102
}
330
1F
100
AcDbEntity
  8
MAIN-1
100
AcDbLine
 10
905.35000011168
 20
269.0446306306501
 30
0.0
 11
905.35000011082
 21
265.95000000091
 31
0.0
  0
LINE
  5
E91
102
{ACAD_REACTORS
330
C12
102
}
330
1F
100
AcDbEntity
  8
MAIN-1
100
AcDbLine
 10
883.95006825112
 20
266.5584843919901
 30
0.0
 11
883.95006825117
 21
265.54999957738
 31
0.0
  0
ARC
  5
E92
102
{ACAD_REACTORS
330
C12
102
}
330
1F
100
AcDbEntity
  8
MAIN-1
100
AcDbCircle
 10
884.3500682510801
 20
267.4749995310001
 30
0.0
 40
1.0
100
AcDbArc
 50
113.5781872978851
 51
179.9999812760317
  0
LINE
  5
E93
102
{ACAD_REACTORS
330
C12
102
}
330
1F
100
AcDbEntity
  8
MAIN-1
100
AcDbLine
 10
883.950068251
 20
269.4000000026599
 30
0.0
 11
883.95006825105
 21
268.3915146699801
 31
0.0
  0
LINE
  5
E94
102
{ACAD_REACTORS
330
C12
102
}
330
1F
100
AcDbEntity
  8
MAIN-1
100
AcDbLine
 10
889.05006790161
 20
270.0000000953701
 30
0.0
 11
888.9731426239
 21
269.9987669944801
 31
0.0
  0
LINE
  5
E95
102
{ACAD_REACTORS
330
C12
102
}
330
1F
100
AcDbEntity
  8
MAIN-1
100
AcDbLine
 10
888.9731426239
 20
269.9987669944801
 30
0.0
 11
888.8965740203801
 21
269.9950867652899
 31
0.0
  0
LINE
  5
E96
102
{ACAD_REACTORS
330
C12
102
}
330
1F
100
AcDbEntity
  8
MAIN-1
100
AcDbLine
 10
888.8965740203801
 20
269.9950867652899
 30
0.0
 11
888.8207321166899
 21
269.9890175819401
 31
0.0
  0
LINE
  5
E97
102
{ACAD_REACTORS
330
C12
102
}
330
1F
100
AcDbEntity
  8
MAIN-1
100
AcDbLine
 10
888.8207321166899
 20
269.9890175819401
 30
0.0
 11
888.74596405029
 21
269.9806552887001
 31
0.0
  0
LINE
  5
E98
102
{ACAD_REACTORS
330
C12
102
}
330
1F
100
AcDbEntity
  8
MAIN-1
100
AcDbLine
 10
888.74596405029
 20
269.9806552887001
 30
0.0
 11
888.67251396179
 21
269.97011671067
 31
0.0
  0
LINE
  5
E99
102
{ACAD_REACTORS
330
C12
102
}
330
1F
100
AcDbEntity
  8
MAIN-1
100
AcDbLine
 10
888.67251396179
 20
269.97011671067
 30
0.0
 11
888.6006641387901
 21
269.9575487136899
 31
0.0
  0
LINE
  5
E9A
102
{ACAD_REACTORS
330
C12
102
}
330
1F
100
AcDbEntity
  8
MAIN-1
100
AcDbLine
 10
888.6006641387901
 20
269.9575487136899
 30
0.0
 11
888.53063583374
 21
269.9431153297501
 31
0.0
  0
LINE
  5
E9B
102
{ACAD_REACTORS
330
C12
102
}
330
1F
100
AcDbEntity
  8
MAIN-1
100
AcDbLine
 10
888.53063583374
 20
269.9431153297501
 30
0.0
 11
888.46266365051
 21
269.9270058631901
 31
0.0
  0
LINE
  5
E9C
102
{ACAD_REACTORS
330
C12
102
}
330
1F
100
AcDbEntity
  8
MAIN-1
100
AcDbLine
 10
888.46266365051
 20
269.9270058631901
 30
0.0
 11
888.3967800140299
 21
269.9093752861099
 31
0.0
  0
LINE
  5
E9D
102
{ACAD_REACTORS
330
C12
102
}
330
1F
100
AcDbEntity
  8
MAIN-1
100
AcDbLine
 10
888.3967800140299
 20
269.9093752861099
 30
0.0
 11
888.33312988281
 21
269.89041433335
 31
0.0
  0
LINE
  5
E9E
102
{ACAD_REACTORS
330
C12
102
}
330
1F
100
AcDbEntity
  8
MAIN-1
100
AcDbLine
 10
888.33312988281
 20
269.89041433335
 30
0.0
 11
888.2717838287299
 21
269.8703027725301
 31
0.0
  0
LINE
  5
E9F
102
{ACAD_REACTORS
330
C12
102
}
330
1F
100
AcDbEntity
  8
MAIN-1
100
AcDbLine
 10
888.2717838287299
 20
269.8703027725301
 30
0.0
 11
888.2128009796099
 21
269.8492184638999
 31
0.0
  0
LINE
  5
EA0
102
{ACAD_REACTORS
330
C12
102
}
330
1F
100
AcDbEntity
  8
MAIN-1
100
AcDbLine
 10
888.2128009796099
 20
269.8492184638999
 30
0.0
 11
888.1561889648401
 21
269.8273259163
 31
0.0
  0
LINE
  5
EA1
102
{ACAD_REACTORS
330
C12
102
}
330
1F
100
AcDbEntity
  8
MAIN-1
100
AcDbLine
 10
888.1561889648401
 20
269.8273259163
 30
0.0
 11
888.10193824768
 21
269.80477867127
 31
0.0
  0
LINE
  5
EA2
102
{ACAD_REACTORS
330
C12
102
}
330
1F
100
AcDbEntity
  8
MAIN-1
100
AcDbLine
 10
888.10193824768
 20
269.80477867127
 30
0.0
 11
888.05006790161
 21
269.7817421913201
 31
0.0
  0
LINE
  5
EA3
102
{ACAD_REACTORS
330
C12
102
}
330
1F
100
AcDbEntity
  8
MAIN-2
100
AcDbLine
 10
891.34712452399
 20
265.90294372778
 30
0.0
 11
891.34711913777
 21
265.902949114
 31
0.0
  0
LINE
  5
EA4
102
{ACAD_REACTORS
330
C12
102
}
330
1F
100
AcDbEntity
  8
MAIN-1
100
AcDbLine
 10
891.34712452399
 20
265.90294372778
 30
0.0
 11
891.3000682490299
 21
265.9500000027399
 31
0.0
  0
LINE
  5
EA5
102
{ACAD_REACTORS
330
C12
102
}
330
1F
100
AcDbEntity
  8
MAIN-1
100
AcDbLine
 10
891.08279664111
 20
269.0327283945501
 30
0.0
 11
891.34712452402
 21
269.2970562774599
 31
0.0
  0
LINE
  5
EA6
102
{ACAD_REACTORS
330
C12
102
}
330
1F
100
AcDbEntity
  8
MAIN-2
100
AcDbLine
 10
890.8000682489301
 20
269.0380759808399
 30
0.0
 11
891.08279664111
 21
269.0327283945501
 31
0.0
  0
LINE
  5
EA7
102
{ACAD_REACTORS
330
C12
102
}
330
1F
100
AcDbEntity
  8
MAIN-2
100
AcDbLine
 10
890.8000682489301
 20
269.0380759808399
 30
0.0
 11
890.8000682489301
 21
269.03765660002
 31
0.0
  0
LINE
  5
EA8
102
{ACAD_REACTORS
330
C12
102
}
330
1F
100
AcDbEntity
  8
MAIN-1
100
AcDbLine
 10
890.8000682489301
 20
269.03765660002
 30
0.0
 11
890.8000682489101
 21
265.9500000027199
 31
0.0
  0
LINE
  5
EA9
102
{ACAD_REACTORS
330
C12
102
}
330
1F
100
AcDbEntity
  8
MAIN-1
100
AcDbLine
 10
889.0500682491199
 20
265.9500000026901
 30
0.0
 11
891.3000682490299
 21
265.9500000027399
 31
0.0
  0
LINE
  5
EAA
102
{ACAD_REACTORS
330
C12
102
}
330
1F
100
AcDbEntity
  8
MAIN-1
100
AcDbLine
 10
889.0500682491199
 20
265.9500000026701
 30
0.0
 11
889.0500682491399
 21
265.2000000025901
 31
0.0
  0
LINE
  5
EAB
102
{ACAD_REACTORS
330
C12
102
}
330
1F
100
AcDbEntity
  8
MAIN-1
100
AcDbLine
 10
887.63352394103
 20
267.6000000000099
 30
0.0
 11
887.63344573974
 21
267.4791863918399
 31
0.0
  0
LINE
  5
EAC
102
{ACAD_REACTORS
330
C12
102
}
330
1F
100
AcDbEntity
  8
MAIN-1
100
AcDbLine
 10
887.63344573974
 20
267.4791863918399
 30
0.0
 11
887.6332168578999
 21
267.3608625888901
 31
0.0
  0
LINE
  5
EAD
102
{ACAD_REACTORS
330
C12
102
}
330
1F
100
AcDbEntity
  8
MAIN-1
100
AcDbLine
 10
887.6332168578999
 20
267.3608625888901
 30
0.0
 11
887.6328601837099
 21
267.2468667984101
 31
0.0
  0
LINE
  5
EAE
102
{ACAD_REACTORS
330
C12
102
}
330
1F
100
AcDbEntity
  8
MAIN-1
100
AcDbLine
 10
887.6328601837099
 20
267.2468667984101
 30
0.0
 11
887.6323966979901
 21
267.13783297539
 31
0.0
  0
LINE
  5
EAF
102
{ACAD_REACTORS
330
C12
102
}
330
1F
100
AcDbEntity
  8
MAIN-1
100
AcDbLine
 10
887.6323966979901
 20
267.13783297539
 30
0.0
 11
887.63185501098
 21
267.0338228702601
 31
0.0
  0
LINE
  5
EB0
102
{ACAD_REACTORS
330
C12
102
}
330
1F
100
AcDbEntity
  8
MAIN-1
100
AcDbLine
 10
887.63185501098
 20
267.0338228702601
 30
0.0
 11
887.63124847412
 21
266.93446192742
 31
0.0
  0
LINE
  5
EB1
102
{ACAD_REACTORS
330
C12
102
}
330
1F
100
AcDbEntity
  8
MAIN-1
100
AcDbLine
 10
887.63124847412
 20
266.93446192742
 30
0.0
 11
887.63059234619
 21
266.83926210404
 31
0.0
  0
LINE
  5
EB2
102
{ACAD_REACTORS
330
C12
102
}
330
1F
100
AcDbEntity
  8
MAIN-1
100
AcDbLine
 10
887.63059234619
 20
266.83926210404
 30
0.0
 11
887.62989997863
 21
266.74764428139
 31
0.0
  0
LINE
  5
EB3
102
{ACAD_REACTORS
330
C12
102
}
330
1F
100
AcDbEntity
  8
MAIN-1
100
AcDbLine
 10
887.62989997863
 20
266.74764428139
 30
0.0
 11
887.6291770935
 21
266.65913853646
 31
0.0
  0
LINE
  5
EB4
102
{ACAD_REACTORS
330
C12
102
}
330
1F
100
AcDbEntity
  8
MAIN-1
100
AcDbLine
 10
887.6291770935
 20
266.65913853646
 30
0.0
 11
887.62842941284
 21
266.5733189344501
 31
0.0
  0
LINE
  5
EB5
102
{ACAD_REACTORS
330
C12
102
}
330
1F
100
AcDbEntity
  8
MAIN-1
100
AcDbLine
 10
887.62842941284
 20
266.5733189344501
 30
0.0
 11
887.62766265869
 21
266.4898234367399
 31
0.0
  0
LINE
  5
EB6
102
{ACAD_REACTORS
330
C12
102
}
330
1F
100
AcDbEntity
  8
MAIN-1
100
AcDbLine
 10
887.62766265869
 20
266.4898234367399
 30
0.0
 11
887.6268787383999
 21
266.40835783482
 31
0.0
  0
LINE
  5
EB7
102
{ACAD_REACTORS
330
C12
102
}
330
1F
100
AcDbEntity
  8
MAIN-1
100
AcDbLine
 10
887.6268787383999
 20
266.40835783482
 30
0.0
 11
887.62608146667
 21
266.3286493778301
 31
0.0
  0
LINE
  5
EB8
102
{ACAD_REACTORS
330
C12
102
}
330
1F
100
AcDbEntity
  8
MAIN-1
100
AcDbLine
 10
887.62608146667
 20
266.3286493778301
 30
0.0
 11
887.62527275085
 21
266.25048849583
 31
0.0
  0
LINE
  5
EB9
102
{ACAD_REACTORS
330
C12
102
}
330
1F
100
AcDbEntity
  8
MAIN-1
100
AcDbLine
 10
887.62527275085
 20
266.25048849583
 30
0.0
 11
887.6244544982901
 21
266.1736831426699
 31
0.0
  0
LINE
  5
EBA
102
{ACAD_REACTORS
330
C12
102
}
330
1F
100
AcDbEntity
  8
MAIN-1
100
AcDbLine
 10
887.6244544982901
 20
266.1736831426699
 30
0.0
 11
887.62362670898
 21
266.0980894327199
 31
0.0
  0
LINE
  5
EBB
102
{ACAD_REACTORS
330
C12
102
}
330
1F
100
AcDbEntity
  8
MAIN-1
100
AcDbLine
 10
887.62362670898
 20
266.0980894327199
 30
0.0
 11
887.62279319763
 21
266.0235637188
 31
0.0
  0
LINE
  5
EBC
102
{ACAD_REACTORS
330
C12
102
}
330
1F
100
AcDbEntity
  8
MAIN-1
100
AcDbLine
 10
887.62279319763
 20
266.0235637188
 30
0.0
 11
887.62195205688
 21
265.95000002385
 31
0.0
  0
LINE
  5
EBD
102
{ACAD_REACTORS
330
C12
102
}
330
1F
100
AcDbEntity
  8
MAIN-1
100
AcDbLine
 10
887.62195205688
 20
265.95000002385
 30
0.0
 11
887.6832752227699
 21
265.95000002385
 31
0.0
  0
LINE
  5
EBE
102
{ACAD_REACTORS
330
C12
102
}
330
1F
100
AcDbEntity
  8
MAIN-1
100
AcDbLine
 10
887.6832752227699
 20
265.95000002385
 30
0.0
 11
887.7455177307099
 21
265.95000002385
 31
0.0
  0
LINE
  5
EBF
102
{ACAD_REACTORS
330
C12
102
}
330
1F
100
AcDbEntity
  8
MAIN-1
100
AcDbLine
 10
887.7455177307099
 20
265.95000002385
 30
0.0
 11
887.8087596893299
 21
265.95000002385
 31
0.0
  0
LINE
  5
EC0
102
{ACAD_REACTORS
330
C12
102
}
330
1F
100
AcDbEntity
  8
MAIN-1
100
AcDbLine
 10
887.8087596893299
 20
265.95000002385
 30
0.0
 11
887.8730888366599
 21
265.95000002385
 31
0.0
  0
LINE
  5
EC1
102
{ACAD_REACTORS
330
C12
102
}
330
1F
100
AcDbEntity
  8
MAIN-1
100
AcDbLine
 10
887.8730888366599
 20
265.95000002385
 30
0.0
 11
887.9386100769
 21
265.95000002385
 31
0.0
  0
LINE
  5
EC2
102
{ACAD_REACTORS
330
C12
102
}
330
1F
100
AcDbEntity
  8
MAIN-1
100
AcDbLine
 10
887.9386100769
 20
265.95000002385
 30
0.0
 11
888.0054378509501
 21
265.95000002385
 31
0.0
  0
LINE
  5
EC3
102
{ACAD_REACTORS
330
C12
102
}
330
1F
100
AcDbEntity
  8
MAIN-1
100
AcDbLine
 10
888.0054378509501
 20
265.95000002385
 30
0.0
 11
888.07370948791
 21
265.95000002385
 31
0.0
  0
LINE
  5
EC4
102
{ACAD_REACTORS
330
C12
102
}
330
1F
100
AcDbEntity
  8
MAIN-1
100
AcDbLine
 10
888.07370948791
 20
265.95000002385
 30
0.0
 11
888.14356422424
 21
265.95000002385
 31
0.0
  0
LINE
  5
EC5
102
{ACAD_REACTORS
330
C12
102
}
330
1F
100
AcDbEntity
  8
MAIN-1
100
AcDbLine
 10
888.14356422424
 20
265.95000002385
 30
0.0
 11
888.2151412963799
 21
265.95000002385
 31
0.0
  0
LINE
  5
EC6
102
{ACAD_REACTORS
330
C12
102
}
330
1F
100
AcDbEntity
  8
MAIN-1
100
AcDbLine
 10
888.2151412963799
 20
265.95000002385
 30
0.0
 11
888.28859710693
 21
265.95000002385
 31
0.0
  0
LINE
  5
EC7
102
{ACAD_REACTORS
330
C12
102
}
330
1F
100
AcDbEntity
  8
MAIN-1
100
AcDbLine
 10
888.28859710693
 20
265.95000002385
 30
0.0
 11
888.3642120361301
 21
265.95000002385
 31
0.0
  0
LINE
  5
EC8
102
{ACAD_REACTORS
330
C12
102
}
330
1F
100
AcDbEntity
  8
MAIN-1
100
AcDbLine
 10
888.3642120361301
 20
265.95000002385
 30
0.0
 11
888.44203376769
 21
265.95000002385
 31
0.0
  0
LINE
  5
EC9
102
{ACAD_REACTORS
330
C12
102
}
330
1F
100
AcDbEntity
  8
MAIN-1
100
AcDbLine
 10
888.44203376769
 20
265.95000002385
 30
0.0
 11
888.52221488952
 21
265.95000002385
 31
0.0
  0
LINE
  5
ECA
102
{ACAD_REACTORS
330
C12
102
}
330
1F
100
AcDbEntity
  8
MAIN-1
100
AcDbLine
 10
888.52221488952
 20
265.95000002385
 30
0.0
 11
888.6048965453999
 21
265.95000002385
 31
0.0
  0
LINE
  5
ECB
102
{ACAD_REACTORS
330
C12
102
}
330
1F
100
AcDbEntity
  8
MAIN-1
100
AcDbLine
 10
888.6048965453999
 20
265.95000002385
 30
0.0
 11
888.69003295898
 21
265.95000002385
 31
0.0
  0
LINE
  5
ECC
102
{ACAD_REACTORS
330
C12
102
}
330
1F
100
AcDbEntity
  8
MAIN-1
100
AcDbLine
 10
888.69003295898
 20
265.95000002385
 30
0.0
 11
888.7775115966699
 21
265.95000002385
 31
0.0
  0
LINE
  5
ECD
102
{ACAD_REACTORS
330
C12
102
}
330
1F
100
AcDbEntity
  8
MAIN-1
100
AcDbLine
 10
888.7775115966699
 20
265.95000002385
 30
0.0
 11
888.86705970764
 21
265.95000002385
 31
0.0
  0
LINE
  5
ECE
102
{ACAD_REACTORS
330
C12
102
}
330
1F
100
AcDbEntity
  8
MAIN-1
100
AcDbLine
 10
888.86705970764
 20
265.95000002385
 30
0.0
 11
888.9581661224299
 21
265.95000002385
 31
0.0
  0
LINE
  5
ECF
102
{ACAD_REACTORS
330
C12
102
}
330
1F
100
AcDbEntity
  8
MAIN-1
100
AcDbLine
 10
888.9581661224299
 20
265.95000002385
 30
0.0
 11
889.05006790161
 21
265.95000002385
 31
0.0
  0
LINE
  5
ED0
102
{ACAD_REACTORS
330
C12
102
}
330
1F
100
AcDbEntity
  8
MAIN-2
100
AcDbLine
 10
887.72119983737
 20
269.0998925454801
 30
0.0
 11
887.72119983737
 21
269.09058200187
 31
0.0
  0
LINE
  5
ED1
102
{ACAD_REACTORS
330
C12
102
}
330
1F
100
AcDbEntity
  8
MAIN-1
100
AcDbLine
 10
887.72119983737
 20
269.09058200187
 30
0.0
 11
887.72119983737
 21
265.9500000026601
 31
0.0
  0
LINE
  5
ED2
102
{ACAD_REACTORS
330
C12
102
}
330
1F
100
AcDbEntity
  8
MAIN-2
100
AcDbLine
 10
887.72119983737
 20
269.0998925454801
 30
0.0
 11
887.6237344345
 21
269.0921851554299
 31
0.0
  0
LINE
  5
ED3
102
{ACAD_REACTORS
330
C12
102
}
330
1F
100
AcDbEntity
  8
MAIN-2
100
AcDbLine
 10
890.40006807601
 20
269.0531326856101
 30
0.0
 11
887.72119983737
 21
269.0998925454801
 31
0.0
  0
LINE
  5
ED4
102
{ACAD_REACTORS
330
C12
102
}
330
1F
100
AcDbEntity
  8
MAIN-2
100
AcDbLine
 10
890.4000680720901
 20
269.0476568695599
 30
0.0
 11
890.40006807601
 21
269.0531326856101
 31
0.0
  0
LINE
  5
ED5
102
{ACAD_REACTORS
330
C12
102
}
330
1F
100
AcDbEntity
  8
MAIN-2
100
AcDbLine
 10
890.6500680715999
 20
269.04250709855
 30
0.0
 11
890.4000680721001
 21
269.0476568695599
 31
0.0
  0
LINE
  5
ED6
102
{ACAD_REACTORS
330
C12
102
}
330
1F
100
AcDbEntity
  8
MAIN-2
100
AcDbLine
 10
890.6500680715999
 20
269.04250709855
 30
0.0
 11
890.6500680711499
 21
269.0418774874599
 31
0.0
  0
LINE
  5
ED7
102
{ACAD_REACTORS
330
C12
102
}
330
1F
100
AcDbEntity
  8
MAIN-2
100
AcDbLine
 10
890.8000682489201
 20
269.03904035147
 30
0.0
 11
890.6500680711499
 21
269.0418774874599
 31
0.0
  0
LINE
  5
ED8
102
{ACAD_REACTORS
330
C12
102
}
330
1F
100
AcDbEntity
  8
MAIN-2
100
AcDbLine
 10
890.8000682489301
 20
269.0380759808399
 30
0.0
 11
890.8000682489201
 21
269.03904035147
 31
0.0
  0
LINE
  5
ED9
102
{ACAD_REACTORS
330
C12
102
}
330
1F
100
AcDbEntity
  8
MAIN-1
100
AcDbLine
 10
889.0500682491199
 20
269.0681581347401
 30
0.0
 11
891.08279664111
 21
269.0327283945501
 31
0.0
  0
LINE
  5
EDA
102
{ACAD_REACTORS
330
C12
102
}
330
1F
100
AcDbEntity
  8
MAIN-1
100
AcDbLine
 10
890.65006807028
 20
265.9500000027199
 30
0.0
 11
890.6500680711499
 21
269.0402720377001
 31
0.0
  0
LINE
  5
EDB
102
{ACAD_REACTORS
330
C12
102
}
330
1F
100
AcDbEntity
  8
MAIN-2
100
AcDbLine
 10
890.6500680711499
 20
269.0402720377001
 30
0.0
 11
890.6500680711499
 21
269.0418774874599
 31
0.0
  0
LINE
  5
EDC
102
{ACAD_REACTORS
330
C12
102
}
330
1F
100
AcDbEntity
  8
MAIN-2
100
AcDbLine
 10
890.65006807073
 20
265.9500000027199
 30
0.0
 11
890.65006807028
 21
265.9500000027199
 31
0.0
  0
LINE
  5
EDD
102
{ACAD_REACTORS
330
C12
102
}
330
1F
100
AcDbEntity
  8
MAIN-2
100
AcDbLine
 10
890.4000680751401
 20
265.9500000027199
 30
0.0
 11
890.40006807123
 21
265.9500000027199
 31
0.0
  0
LINE
  5
EDE
102
{ACAD_REACTORS
330
C12
102
}
330
1F
100
AcDbEntity
  8
MAIN-2
100
AcDbLine
 10
890.4000680721001
 20
269.0476568695599
 30
0.0
 11
890.4000680720901
 21
269.04463063246
 31
0.0
  0
LINE
  5
EDF
102
{ACAD_REACTORS
330
C12
102
}
330
1F
100
AcDbEntity
  8
MAIN-1
100
AcDbLine
 10
890.4000680720901
 20
269.04463063246
 30
0.0
 11
890.40006807123
 21
265.9500000027199
 31
0.0
  0
LINE
  5
EE0
102
{ACAD_REACTORS
330
C12
102
}
330
1F
100
AcDbEntity
  8
MAIN-1
100
AcDbLine
 10
884.7500682510599
 20
266.5584843920001
 30
0.0
 11
884.7500682510699
 21
265.54999957738
 31
0.0
  0
LINE
  5
EE1
102
{ACAD_REACTORS
330
C12
102
}
330
1F
100
AcDbEntity
  8
MAIN-1
100
AcDbLine
 10
884.7500682510299
 20
268.3915146700199
 30
0.0
 11
884.7500682510199
 21
269.4000000026599
 31
0.0
  0
ARC
  5
EE2
102
{ACAD_REACTORS
330
C12
102
}
330
1F
100
AcDbEntity
  8
MAIN-1
100
AcDbCircle
 10
884.3500682510801
 20
267.4749995310001
 30
0.0
 40
1.0
100
AcDbArc
 50
0.0000187239685635
 51
66.4218127021151
  0
LINE
  5
EE3
102
{ACAD_REACTORS
330
C12
102
}
330
1F
100
AcDbEntity
  8
MAIN-1
100
AcDbLine
 10
877.05000059746
 20
269.42500000106
 30
0.0
 11
880.20000059728
 21
269.42500000106
 31
0.0
  0
LINE
  5
EE4
102
{ACAD_REACTORS
330
C12
102
}
330
1F
100
AcDbEntity
  8
MAIN-1
100
AcDbLine
 10
869.85000059548
 20
265.54999957581
 30
0.0
 11
869.85000059552
 21
266.5584843904101
 31
0.0
  0
LINE
  5
EE5
102
{ACAD_REACTORS
330
C12
102
}
330
1F
100
AcDbEntity
  8
MAIN-1
100
AcDbLine
 10
869.8500005956
 20
268.3915146684001
 30
0.0
 11
869.85000059564
 21
269.4000000010799
 31
0.0
  0
ARC
  5
EE6
102
{ACAD_REACTORS
330
C12
102
}
330
1F
100
AcDbEntity
  8
MAIN-1
100
AcDbCircle
 10
869.4500005955599
 20
267.4749995294201
 30
0.0
 40
1.0
100
AcDbArc
 50
293.5781674500425
 51
0.0000187239685635
  0
LINE
  5
EE7
102
{ACAD_REACTORS
330
C12
102
}
330
1F
100
AcDbEntity
  8
MAIN-1
100
AcDbLine
 10
863.15000152587
 20
269.7817421913201
 30
0.0
 11
863.2018623352001
 21
269.80477485657
 31
0.0
  0
LINE
  5
EE8
102
{ACAD_REACTORS
330
C12
102
}
330
1F
100
AcDbEntity
  8
MAIN-1
100
AcDbLine
 10
863.2018623352001
 20
269.80477485657
 30
0.0
 11
863.2561264038
 21
269.8273273468101
 31
0.0
  0
LINE
  5
EE9
102
{ACAD_REACTORS
330
C12
102
}
330
1F
100
AcDbEntity
  8
MAIN-1
100
AcDbLine
 10
863.2561264038
 20
269.8273273468101
 30
0.0
 11
863.31275939941
 21
269.8492280006501
 31
0.0
  0
LINE
  5
EEA
102
{ACAD_REACTORS
330
C12
102
}
330
1F
100
AcDbEntity
  8
MAIN-1
100
AcDbLine
 10
863.31275939941
 20
269.8492280006501
 30
0.0
 11
863.37171173095
 21
269.87030134202
 31
0.0
  0
LINE
  5
EEB
102
{ACAD_REACTORS
330
C12
102
}
330
1F
100
AcDbEntity
  8
MAIN-1
100
AcDbLine
 10
863.37171173095
 20
269.87030134202
 30
0.0
 11
863.4330596923801
 21
269.89041337967
 31
0.0
  0
LINE
  5
EEC
102
{ACAD_REACTORS
330
C12
102
}
330
1F
100
AcDbEntity
  8
MAIN-1
100
AcDbLine
 10
863.4330596923801
 20
269.89041337967
 30
0.0
 11
863.49670791625
 21
269.9093743324299
 31
0.0
  0
LINE
  5
EED
102
{ACAD_REACTORS
330
C12
102
}
330
1F
100
AcDbEntity
  8
MAIN-1
100
AcDbLine
 10
863.49670791625
 20
269.9093743324299
 30
0.0
 11
863.56259536743
 21
269.92700538636
 31
0.0
  0
LINE
  5
EEE
102
{ACAD_REACTORS
330
C12
102
}
330
1F
100
AcDbEntity
  8
MAIN-1
100
AcDbLine
 10
863.56259536743
 20
269.92700538636
 30
0.0
 11
863.6305389404199
 21
269.94310817719
 31
0.0
  0
LINE
  5
EEF
102
{ACAD_REACTORS
330
C12
102
}
330
1F
100
AcDbEntity
  8
MAIN-1
100
AcDbLine
 10
863.6305389404199
 20
269.94310817719
 30
0.0
 11
863.70055770874
 21
269.9575410842899
 31
0.0
  0
LINE
  5
EF0
102
{ACAD_REACTORS
330
C12
102
}
330
1F
100
AcDbEntity
  8
MAIN-1
100
AcDbLine
 10
863.70055770874
 20
269.9575410842899
 30
0.0
 11
863.77244186401
 21
269.97011575699
 31
0.0
  0
LINE
  5
EF1
102
{ACAD_REACTORS
330
C12
102
}
330
1F
100
AcDbEntity
  8
MAIN-1
100
AcDbLine
 10
863.77244186401
 20
269.97011575699
 30
0.0
 11
863.8458938598601
 21
269.9806552887001
 31
0.0
  0
LINE
  5
EF2
102
{ACAD_REACTORS
330
C12
102
}
330
1F
100
AcDbEntity
  8
MAIN-1
100
AcDbLine
 10
863.8458938598601
 20
269.9806552887001
 30
0.0
 11
863.92067718505
 21
269.9890185356201
 31
0.0
  0
LINE
  5
EF3
102
{ACAD_REACTORS
330
C12
102
}
330
1F
100
AcDbEntity
  8
MAIN-1
100
AcDbLine
 10
863.92067718505
 20
269.9890185356201
 30
0.0
 11
863.9965057372999
 21
269.99508628846
 31
0.0
  0
LINE
  5
EF4
102
{ACAD_REACTORS
330
C12
102
}
330
1F
100
AcDbEntity
  8
MAIN-1
100
AcDbLine
 10
863.9965057372999
 20
269.99508628846
 30
0.0
 11
864.0730743408201
 21
269.9987669944801
 31
0.0
  0
LINE
  5
EF5
102
{ACAD_REACTORS
330
C12
102
}
330
1F
100
AcDbEntity
  8
MAIN-1
100
AcDbLine
 10
864.0730743408201
 20
269.9987669944801
 30
0.0
 11
864.15000152587
 21
270.0000000953701
 31
0.0
  0
LINE
  5
EF6
102
{ACAD_REACTORS
330
C12
102
}
330
1F
100
AcDbEntity
  8
MAIN-1
100
AcDbLine
 10
866.1665458679099
 20
267.6000000000099
 30
0.0
 11
866.16661453247
 21
267.7127989292201
 31
0.0
  0
LINE
  5
EF7
102
{ACAD_REACTORS
330
C12
102
}
330
1F
100
AcDbEntity
  8
MAIN-1
100
AcDbLine
 10
866.16661453247
 20
267.7127989292201
 30
0.0
 11
866.1668128967201
 21
267.8235722541899
 31
0.0
  0
LINE
  5
EF8
102
{ACAD_REACTORS
330
C12
102
}
330
1F
100
AcDbEntity
  8
MAIN-1
100
AcDbLine
 10
866.1668128967201
 20
267.8235722541899
 30
0.0
 11
866.1671295166
 21
267.93077311516
 31
0.0
  0
LINE
  5
EF9
102
{ACAD_REACTORS
330
C12
102
}
330
1F
100
AcDbEntity
  8
MAIN-1
100
AcDbLine
 10
866.1671295166
 20
267.93077311516
 30
0.0
 11
866.1675415039001
 21
268.0336621761401
 31
0.0
  0
LINE
  5
EFA
102
{ACAD_REACTORS
330
C12
102
}
330
1F
100
AcDbEntity
  8
MAIN-1
100
AcDbLine
 10
866.1675415039001
 20
268.0336621761401
 30
0.0
 11
866.1680259704499
 21
268.13213429451
 31
0.0
  0
LINE
  5
EFB
102
{ACAD_REACTORS
330
C12
102
}
330
1F
100
AcDbEntity
  8
MAIN-1
100
AcDbLine
 10
866.1680259704499
 20
268.13213429451
 30
0.0
 11
866.16857147216
 21
268.2264553070099
 31
0.0
  0
LINE
  5
EFC
102
{ACAD_REACTORS
330
C12
102
}
330
1F
100
AcDbEntity
  8
MAIN-1
100
AcDbLine
 10
866.16857147216
 20
268.2264553070099
 30
0.0
 11
866.16916656494
 21
268.3169198989899
 31
0.0
  0
LINE
  5
EFD
102
{ACAD_REACTORS
330
C12
102
}
330
1F
100
AcDbEntity
  8
MAIN-1
100
AcDbLine
 10
866.16916656494
 20
268.3169198989899
 30
0.0
 11
866.16979598999
 21
268.4040602207201
 31
0.0
  0
LINE
  5
EFE
102
{ACAD_REACTORS
330
C12
102
}
330
1F
100
AcDbEntity
  8
MAIN-1
100
AcDbLine
 10
866.16979598999
 20
268.4040602207201
 30
0.0
 11
866.1704559326099
 21
268.4882701397
 31
0.0
  0
LINE
  5
EFF
102
{ACAD_REACTORS
330
C12
102
}
330
1F
100
AcDbEntity
  8
MAIN-1
100
AcDbLine
 10
866.1704559326099
 20
268.4882701397
 30
0.0
 11
866.17113876342
 21
268.5699261188599
 31
0.0
  0
LINE
  5
F00
102
{ACAD_REACTORS
330
C12
102
}
330
1F
100
AcDbEntity
  8
MAIN-1
100
AcDbLine
 10
866.17113876342
 20
268.5699261188599
 30
0.0
 11
866.17184448242
 21
268.64935669899
 31
0.0
  0
LINE
  5
F01
102
{ACAD_REACTORS
330
C12
102
}
330
1F
100
AcDbEntity
  8
MAIN-1
100
AcDbLine
 10
866.17184448242
 20
268.64935669899
 30
0.0
 11
866.1725654602001
 21
268.7268348693899
 31
0.0
  0
LINE
  5
F02
102
{ACAD_REACTORS
330
C12
102
}
330
1F
100
AcDbEntity
  8
MAIN-1
100
AcDbLine
 10
866.1725654602001
 20
268.7268348693899
 30
0.0
 11
866.1732978820701
 21
268.8025942802501
 31
0.0
  0
LINE
  5
F03
102
{ACAD_REACTORS
330
C12
102
}
330
1F
100
AcDbEntity
  8
MAIN-1
100
AcDbLine
 10
866.1732978820701
 20
268.8025942802501
 30
0.0
 11
866.17404174804
 21
268.8768487930299
 31
0.0
  0
LINE
  5
F04
102
{ACAD_REACTORS
330
C12
102
}
330
1F
100
AcDbEntity
  8
MAIN-1
100
AcDbLine
 10
866.17404174804
 20
268.8768487930299
 30
0.0
 11
866.1747970581
 21
268.94977006913
 31
0.0
  0
LINE
  5
F05
102
{ACAD_REACTORS
330
C12
102
}
330
1F
100
AcDbEntity
  8
MAIN-1
100
AcDbLine
 10
866.1747970581
 20
268.94977006913
 30
0.0
 11
866.17556381225
 21
269.02150449753
 31
0.0
  0
LINE
  5
F06
102
{ACAD_REACTORS
330
C12
102
}
330
1F
100
AcDbEntity
  8
MAIN-1
100
AcDbLine
 10
866.17556381225
 20
269.02150449753
 30
0.0
 11
866.1763343811001
 21
269.09218511582
 31
0.0
  0
LINE
  5
F07
102
{ACAD_REACTORS
330
C12
102
}
330
1F
100
AcDbEntity
  8
MAIN-1
100
AcDbLine
 10
864.7500005975301
 20
269.0681581331701
 30
0.0
 11
864.75000059751
 21
270.00000000001
 31
0.0
  0
LINE
  5
F08
102
{ACAD_REACTORS
330
C12
102
}
330
1F
100
AcDbEntity
  8
MAIN-1
100
AcDbLine
 10
866.1763343811001
 20
269.09218511582
 30
0.0
 11
866.09909820556
 21
269.09091529847
 31
0.0
  0
LINE
  5
F09
102
{ACAD_REACTORS
330
C12
102
}
330
1F
100
AcDbEntity
  8
MAIN-1
100
AcDbLine
 10
866.09909820556
 20
269.09091529847
 30
0.0
 11
866.02048492431
 21
269.0896202087499
 31
0.0
  0
LINE
  5
F0A
102
{ACAD_REACTORS
330
C12
102
}
330
1F
100
AcDbEntity
  8
MAIN-1
100
AcDbLine
 10
866.02048492431
 20
269.0896202087499
 30
0.0
 11
865.94031524658
 21
269.0882965087901
 31
0.0
  0
LINE
  5
F0B
102
{ACAD_REACTORS
330
C12
102
}
330
1F
100
AcDbEntity
  8
MAIN-1
100
AcDbLine
 10
865.94031524658
 20
269.0882965087901
 30
0.0
 11
865.85838317871
 21
269.0869413375899
 31
0.0
  0
LINE
  5
F0C
102
{ACAD_REACTORS
330
C12
102
}
330
1F
100
AcDbEntity
  8
MAIN-1
100
AcDbLine
 10
865.85838317871
 20
269.0869413375899
 30
0.0
 11
865.7744445800699
 21
269.08554897309
 31
0.0
  0
LINE
  5
F0D
102
{ACAD_REACTORS
330
C12
102
}
330
1F
100
AcDbEntity
  8
MAIN-1
100
AcDbLine
 10
865.7744445800699
 20
269.08554897309
 30
0.0
 11
865.68820571899
 21
269.0841151237501
 31
0.0
  0
LINE
  5
F0E
102
{ACAD_REACTORS
330
C12
102
}
330
1F
100
AcDbEntity
  8
MAIN-1
100
AcDbLine
 10
865.68820571899
 20
269.0841151237501
 30
0.0
 11
865.5993309020901
 21
269.0826321601901
 31
0.0
  0
LINE
  5
F0F
102
{ACAD_REACTORS
330
C12
102
}
330
1F
100
AcDbEntity
  8
MAIN-1
100
AcDbLine
 10
865.5993309020901
 20
269.0826321601901
 30
0.0
 11
865.50746536254
 21
269.08109483719
 31
0.0
  0
LINE
  5
F10
102
{ACAD_REACTORS
330
C12
102
}
330
1F
100
AcDbEntity
  8
MAIN-1
100
AcDbLine
 10
865.50746536254
 20
269.08109483719
 30
0.0
 11
865.4120330810499
 21
269.0794912338299
 31
0.0
  0
LINE
  5
F11
102
{ACAD_REACTORS
330
C12
102
}
330
1F
100
AcDbEntity
  8
MAIN-1
100
AcDbLine
 10
865.4120330810499
 20
269.0794912338299
 30
0.0
 11
865.3126716613699
 21
269.0778146743801
 31
0.0
  0
LINE
  5
F12
102
{ACAD_REACTORS
330
C12
102
}
330
1F
100
AcDbEntity
  8
MAIN-1
100
AcDbLine
 10
865.3126716613699
 20
269.0778146743801
 30
0.0
 11
865.2089233398401
 21
269.0760556221101
 31
0.0
  0
LINE
  5
F13
102
{ACAD_REACTORS
330
C12
102
}
330
1F
100
AcDbEntity
  8
MAIN-1
100
AcDbLine
 10
865.2089233398401
 20
269.0760556221101
 30
0.0
 11
865.10047149658
 21
269.07420692444
 31
0.0
  0
LINE
  5
F14
102
{ACAD_REACTORS
330
C12
102
}
330
1F
100
AcDbEntity
  8
MAIN-1
100
AcDbLine
 10
865.10047149658
 20
269.07420692444
 30
0.0
 11
864.98728942871
 21
269.07226619721
 31
0.0
  0
LINE
  5
F15
102
{ACAD_REACTORS
330
C12
102
}
330
1F
100
AcDbEntity
  8
MAIN-1
100
AcDbLine
 10
864.98728942871
 20
269.07226619721
 30
0.0
 11
864.8699607849101
 21
269.07024202347
 31
0.0
  0
LINE
  5
F16
102
{ACAD_REACTORS
330
C12
102
}
330
1F
100
AcDbEntity
  8
MAIN-1
100
AcDbLine
 10
864.8699607849101
 20
269.07024202347
 30
0.0
 11
864.74999999999
 21
269.06815824509
 31
0.0
  0
LINE
  5
F17
102
{ACAD_REACTORS
330
C12
102
}
330
1F
100
AcDbEntity
  8
MAIN-1
100
AcDbLine
 10
862.4529443226199
 20
269.2970562758801
 30
0.0
 11
862.71727220554
 21
269.0327283929701
 31
0.0
  0
LINE
  5
F18
102
{ACAD_REACTORS
330
C12
102
}
330
1F
100
AcDbEntity
  8
MAIN-1
100
AcDbLine
 10
862.71727220554
 20
269.0327283929701
 30
0.0
 11
864.7500005975301
 21
269.0681581331701
 31
0.0
  0
LINE
  5
F19
102
{ACAD_REACTORS
330
C12
102
}
330
1F
100
AcDbEntity
  8
MAIN-1
100
AcDbLine
 10
862.5000005976201
 20
265.9500000011601
 30
0.0
 11
862.45294432266
 21
265.9029437262
 31
0.0
  0
LINE
  5
F1A
102
{ACAD_REACTORS
330
C12
102
}
330
1F
100
AcDbEntity
  8
MAIN-1
100
AcDbLine
 10
863.0000005977299
 20
265.9500000011501
 30
0.0
 11
863.0000005977199
 21
269.0376566106199
 31
0.0
  0
LINE
  5
F1B
102
{ACAD_REACTORS
330
C12
102
}
330
1F
100
AcDbEntity
  8
MAIN-2
100
AcDbLine
 10
863.0000005977199
 20
269.0376566106199
 30
0.0
 11
863.0000005977199
 21
269.0380759792599
 31
0.0
  0
LINE
  5
F1C
102
{ACAD_REACTORS
330
C12
102
}
330
1F
100
AcDbEntity
  8
MAIN-2
100
AcDbLine
 10
862.71727220554
 20
269.0327283929701
 30
0.0
 11
863.0000005977199
 21
269.0380759792599
 31
0.0
  0
LINE
  5
F1D
102
{ACAD_REACTORS
330
C12
102
}
330
1F
100
AcDbEntity
  8
MAIN-1
100
AcDbLine
 10
862.5000005976201
 20
265.9500000011601
 30
0.0
 11
864.75000059752
 21
265.9500000011101
 31
0.0
  0
LINE
  5
F1E
102
{ACAD_REACTORS
330
C12
102
}
330
1F
100
AcDbEntity
  8
MAIN-2
100
AcDbLine
 10
863.4000007715099
 20
265.9500000011401
 30
0.0
 11
863.40000077542
 21
265.9500000011401
 31
0.0
  0
LINE
  5
F1F
102
{ACAD_REACTORS
330
C12
102
}
330
1F
100
AcDbEntity
  8
MAIN-2
100
AcDbLine
 10
863.15000077636
 20
265.9500000011401
 30
0.0
 11
863.15000077591
 21
265.9500000011401
 31
0.0
  0
LINE
  5
F20
102
{ACAD_REACTORS
330
C12
102
}
330
1F
100
AcDbEntity
  8
MAIN-2
100
AcDbLine
 10
863.1500007755001
 20
269.0418774858799
 30
0.0
 11
863.1500007755001
 21
269.0402720827401
 31
0.0
  0
LINE
  5
F21
102
{ACAD_REACTORS
330
C12
102
}
330
1F
100
AcDbEntity
  8
MAIN-1
100
AcDbLine
 10
863.1500007755001
 20
269.0402720827401
 30
0.0
 11
863.15000077636
 21
265.9500000011401
 31
0.0
  0
LINE
  5
F22
102
{ACAD_REACTORS
330
C12
102
}
330
1F
100
AcDbEntity
  8
MAIN-2
100
AcDbLine
 10
863.1500007755001
 20
269.0418774858799
 30
0.0
 11
863.0000005977299
 21
269.0390403499
 31
0.0
  0
LINE
  5
F23
102
{ACAD_REACTORS
330
C12
102
}
330
1F
100
AcDbEntity
  8
MAIN-2
100
AcDbLine
 10
863.0000005977299
 20
269.0390403499
 30
0.0
 11
863.0000005977199
 21
269.0380759792599
 31
0.0
  0
LINE
  5
F24
102
{ACAD_REACTORS
330
C12
102
}
330
1F
100
AcDbEntity
  8
MAIN-2
100
AcDbLine
 10
863.40000077064
 20
269.0531326840301
 30
0.0
 11
866.07886900927
 21
269.0998925439001
 31
0.0
  0
LINE
  5
F25
102
{ACAD_REACTORS
330
C12
102
}
330
1F
100
AcDbEntity
  8
MAIN-2
100
AcDbLine
 10
866.07886900927
 20
269.0998925439001
 30
0.0
 11
866.17633441214
 21
269.0921851538501
 31
0.0
  0
LINE
  5
F26
102
{ACAD_REACTORS
330
C12
102
}
330
1F
100
AcDbEntity
  8
MAIN-2
100
AcDbLine
 10
863.1500007755001
 20
269.0418774858799
 30
0.0
 11
863.1500007750501
 21
269.04250709698
 31
0.0
  0
LINE
  5
F27
102
{ACAD_REACTORS
330
C12
102
}
330
1F
100
AcDbEntity
  8
MAIN-2
100
AcDbLine
 10
863.4000007745501
 20
269.0476568679801
 30
0.0
 11
863.1500007750501
 21
269.04250709698
 31
0.0
  0
LINE
  5
F28
102
{ACAD_REACTORS
330
C12
102
}
330
1F
100
AcDbEntity
  8
MAIN-2
100
AcDbLine
 10
863.4000007745501
 20
269.0476568679801
 30
0.0
 11
863.40000077064
 21
269.0531326840301
 31
0.0
  0
LINE
  5
F29
102
{ACAD_REACTORS
330
C12
102
}
330
1F
100
AcDbEntity
  8
MAIN-1
100
AcDbLine
 10
866.07886900927
 20
265.9500000010801
 30
0.0
 11
866.07886900927
 21
269.09058199998
 31
0.0
  0
LINE
  5
F2A
102
{ACAD_REACTORS
330
C12
102
}
330
1F
100
AcDbEntity
  8
MAIN-2
100
AcDbLine
 10
866.07886900927
 20
269.09058199998
 30
0.0
 11
866.07886900927
 21
269.0998925439001
 31
0.0
  0
LINE
  5
F2B
102
{ACAD_REACTORS
330
C12
102
}
330
1F
100
AcDbEntity
  8
MAIN-1
100
AcDbLine
 10
863.40000077542
 20
265.9500000011401
 30
0.0
 11
863.4000007745501
 21
269.0446307187599
 31
0.0
  0
LINE
  5
F2C
102
{ACAD_REACTORS
330
C12
102
}
330
1F
100
AcDbEntity
  8
MAIN-2
100
AcDbLine
 10
863.4000007745501
 20
269.0446307187599
 30
0.0
 11
863.4000007745501
 21
269.0476568679801
 31
0.0
  0
LINE
  5
F2D
102
{ACAD_REACTORS
330
C12
102
}
330
1F
100
AcDbEntity
  8
MAIN-1
100
AcDbLine
 10
869.0500005956201
 20
269.4000000010799
 30
0.0
 11
869.0500005956101
 21
268.3915146684401
 31
0.0
  0
ARC
  5
F2E
102
{ACAD_REACTORS
330
C12
102
}
330
1F
100
AcDbEntity
  8
MAIN-1
100
AcDbCircle
 10
869.4500005955599
 20
267.4749995294201
 30
0.0
 40
1.0
100
AcDbArc
 50
179.9999812760317
 51
246.4218325499577
  0
LINE
  5
F2F
102
{ACAD_REACTORS
330
C12
102
}
330
1F
100
AcDbEntity
  8
MAIN-1
100
AcDbLine
 10
869.05000059557
 20
265.54999957581
 30
0.0
 11
869.0500005955901
 21
266.5584843904201
 31
0.0
  0
LINE
  5
F30
102
{ACAD_REACTORS
330
C12
102
}
330
1F
100
AcDbEntity
  8
MAIN-1
100
AcDbLine
 10
855.65000059766
 20
269.42500000107
 30
0.0
 11
858.80000059748
 21
269.42500000107
 31
0.0
  0
LINE
  5
F31
102
{ACAD_REACTORS
330
C12
102
}
330
1F
100
AcDbEntity
  8
MAIN-1
100
AcDbLine
 10
872.3666085443299
 20
268.89762534283
 30
0.0
 11
872.3666085443499
 21
266.0523746605199
 31
0.0
  0
LINE
  5
F32
102
{ACAD_REACTORS
330
C12
102
}
330
1F
100
AcDbEntity
  8
MAIN-1
100
AcDbLine
 10
853.86660854467
 20
268.89762534274
 30
0.0
 11
853.86660854469
 21
266.0523746604499
 31
0.0
  0
LINE
  5
F33
102
{ACAD_REACTORS
330
C12
102
}
330
1F
100
AcDbEntity
  8
MAIN-2
100
AcDbLine
 10
866.55000028872
 20
264.8500000000099
 30
0.0
 11
866.55000028872
 21
270.00000000001
 31
0.0
  0
INSERT
  5
F39
102
{ACAD_REACTORS
330
C11
102
}
330
1F
100
AcDbEntity
  8
0
100
AcDbBlockReference
 66
     1
  2
EPLSYM_LibrarySPECIAL_Symbol12_Variant0_Placement8_3
 10
841.0
 20
270.0
 30
0.0
  0
ATTRIB
  5
F3A
330
F39
100
AcDbEntity
  8
EPLAN493
 62
     5
100
AcDbText
 10
836.4736044
 20
266.0163199999999
 30
0.0
 40
2.3478
  1
21
  7
Tahoma
 72
     2
 11
840.0
 21
267.1902199999999
 31
0.0
100
AcDbAttribute
  2
17_20450
 70
     0
 74
     2
280
     0
 71
     1
 72
     0
 11
840.0
 21
267.1902199999999
 31
0.0
  0
SEQEND
  5
F3B
330
F39
100
AcDbEntity
  8
0
  0
LWPOLYLINE
  5
F3C
330
1F
100
AcDbEntity
  8
EPLAN100
 48
16.0
370
    50
100
AcDbPolyline
 90
        4
 70
     1
 43
0.0
 10
772.0
 20
173.0
 10
972.0
 20
173.0
 10
972.0
 20
473.0
 10
772.0
 20
473.0
  0
LINE
  5
F3F
102
{ACAD_REACTORS
330
F3E
102
}
330
1F
100
AcDbEntity
  8
EPLAN100
 48
4.0
370
     0
100
AcDbLine
 10
926.0
 20
209.0
 30
0.0
 11
816.0
 21
209.0
 31
0.0
  0
LWPOLYLINE
  5
F40
102
{ACAD_REACTORS
330
F3E
102
}
330
1F
100
AcDbEntity
  8
EPLAN100
 48
4.0
370
     0
100
AcDbPolyline
 90
       21
 70
     0
 43
0.0
 10
867.000000347296
 20
227.4999980303846
 10
864.947880140046
 20
227.1381539926642
 10
863.143274341881
 20
226.0962666587138
 10
861.8038475772939
 20
224.5
 10
861.091153481927
 20
222.5418890660012
 10
861.091153481927
 20
220.4581109339988
 10
861.8038475772939
 20
218.5
 10
863.143274341881
 20
216.9037333412862
 10
864.947879140046
 20
215.861844275285
 10
867.0
 20
215.5
 10
875.0
 20
215.5
 10
877.052120859954
 20
215.861844275285
 10
878.856725658119
 20
216.9037333412862
 10
880.1961524227061
 20
218.5
 10
880.908846518073
 20
220.4581109339988
 10
880.908846518073
 20
222.5418890660012
 10
880.1961524227061
 20
224.5
 10
878.8567241260309
 20
226.0962653731385
 10
877.052119859954
 20
227.1381539926642
 10
874.999999652704
 20
227.4999980303846
 10
867.0
 20
227.5
  0
LWPOLYLINE
  5
F41
102
{ACAD_REACTORS
330
F3E
102
}
330
1F
100
AcDbEntity
  8
EPLAN100
 48
4.0
370
     0
100
AcDbPolyline
 90
        4
 70
     0
 43
0.0
 10
816.0
 20
209.0
 10
816.0
 20
234.0
 10
926.0
 20
234.0
 10
926.0
 20
209.0
  0
INSERT
  5
F46
102
{ACAD_REACTORS
330
F3E
102
}
330
1F
100
AcDbEntity
  8
0
100
AcDbBlockReference
 66
     1
  2
EPLSYM_LibrarySPECIAL_Symbol12_Variant0_Placement8_4
 10
816.0
 20
234.0
 30
0.0
  0
ATTRIB
  5
F47
330
F46
100
AcDbEntity
  8
EPLAN493
 62
     5
100
AcDbText
 10
805.2345970586948
 20
217.5990401033401
 30
0.0
 40
6.501599827766419
  1
22
  7
Tahoma
 72
     2
 11
815.0
 21
220.8498400172234
 31
0.0
100
AcDbAttribute
  2
17_20450
 70
     0
 74
     2
280
     0
 71
     1
 72
     0
 11
815.0
 21
220.8498400172234
 31
0.0
  0
SEQEND
  5
F48
330
F46
100
AcDbEntity
  8
0
  0
MTEXT
  5
F49
330
1F
100
AcDbEntity
  8
EPLAN108
 62
     5
100
AcDbMText
 10
107.0
 20
842.0
 30
0.0
 40
27.09
 41
0.0
 46
0.0
 71
     7
 72
     1
  1
\LFRONT VIEW\l
  7
Tahoma
 73
     2
 44
1.0
  0
MTEXT
  5
F4A
330
1F
100
AcDbEntity
  8
EPLAN108
 62
     5
100
AcDbMText
 10
727.0
 20
842.0
 30
0.0
 40
27.09
 41
0.0
 46
0.0
 71
     7
 72
     1
  1
\LINTERNAL VIEW\l
  7
Tahoma
 73
     2
 44
1.0
  0
MTEXT
  5
F4B
330
1F
100
AcDbEntity
  8
EPLAN108
 62
     5
100
AcDbMText
 10
1394.97455654913
 20
840.83149561005
 30
0.0
 40
27.09
 41
0.0
 46
0.0
 71
     7
 72
     1
  1
\LSECTION VIEW\l
  7
Tahoma
 73
     2
 44
1.0
  0
LWPOLYLINE
  5
F4C
330
1F
100
AcDbEntity
  8
EPLAN100
 48
16.0
370
    50
100
AcDbPolyline
 90
        4
 70
     1
 43
0.0
 10
92.0
 20
173.0
 10
292.0
 20
173.0
 10
292.0
 20
473.0
 10
92.0
 20
473.0
  0
LWPOLYLINE
  5
F4E
102
{ACAD_REACTORS
330
F4D
102
}
330
1F
100
AcDbEntity
  8
EPLAN107
  6
Continuous
 62
     5
 48
4.0
370
    -3
100
AcDbPolyline
 90
        3
 70
     1
 43
0.0
 10
96.95
 20
519.85
 10
92.0
 20
521.0
 10
96.95
 20
522.15
  0
HATCH
  5
F4F
330
1F
100
AcDbEntity
  8
EPLAN107
  6
Continuous
 62
     5
 48
4.0
370
    -3
100
AcDbHatch
 10
0.0
 20
0.0
 30
0.0
210
0.0
220
0.0
230
1.0
  2
SOLID
 70
     1
 71
     0
 91
        1
 92
        2
 72
     0
 73
     1
 93
        3
 10
96.95
 20
519.85
 10
92.0
 20
521.0
 10
96.95
 20
522.15
 97
        0
 75
     0
 76
     1
 98
        0
  0
LWPOLYLINE
  5
F50
102
{ACAD_REACTORS
330
F4D
102
}
330
1F
100
AcDbEntity
  8
EPLAN107
  6
Continuous
 62
     5
 48
4.0
370
    -3
100
AcDbPolyline
 90
        3
 70
     1
 43
0.0
 10
287.05
 20
522.15
 10
292.0
 20
521.0
 10
287.05
 20
519.85
  0
HATCH
  5
F51
330
1F
100
AcDbEntity
  8
EPLAN107
  6
Continuous
 62
     5
 48
4.0
370
    -3
100
AcDbHatch
 10
0.0
 20
0.0
 30
0.0
210
0.0
220
0.0
230
1.0
  2
SOLID
 70
     1
 71
     0
 91
        1
 92
        2
 72
     0
 73
     1
 93
        3
 10
287.05
 20
522.15
 10
292.0
 20
521.0
 10
287.05
 20
519.85
 97
        0
 75
     0
 76
     1
 98
        0
  0
LINE
  5
F52
102
{ACAD_REACTORS
330
F4D
102
}
330
1F
100
AcDbEntity
  8
EPLAN107
  6
Continuous
 62
     5
 48
4.0
370
    25
100
AcDbLine
 10
96.0
 20
521.0
 30
0.0
 11
288.0
 21
521.0
 31
0.0
  0
LINE
  5
F53
102
{ACAD_REACTORS
330
F4D
102
}
330
1F
100
AcDbEntity
  8
EPLAN107
  6
Continuous
 62
     5
 48
4.0
370
    25
100
AcDbLine
 10
92.0
 20
473.0
 30
0.0
 11
92.0
 21
529.0
 31
0.0
  0
LINE
  5
F54
102
{ACAD_REACTORS
330
F4D
102
}
330
1F
100
AcDbEntity
  8
EPLAN107
  6
Continuous
 62
     5
 48
4.0
370
    25
100
AcDbLine
 10
292.0
 20
473.0
 30
0.0
 11
292.0
 21
529.0
 31
0.0
  0
TEXT
  5
F55
102
{ACAD_REACTORS
330
F4D
102
}
330
1F
100
AcDbEntity
  8
EPLAN107
 62
     5
100
AcDbText
 10
169.456605
 20
527.565002184466
 30
0.0
 40
9.030000000000001
  1
200 mm
  7
Tahoma
 72
     1
 11
192.0
 21
525.0
 31
0.0
100
AcDbText
 73
     1
  0
LWPOLYLINE
  5
F57
102
{ACAD_REACTORS
330
F56
102
}
330
1F
100
AcDbEntity
  8
EPLAN107
  6
Continuous
 62
     5
 48
4.0
370
    -3
100
AcDbPolyline
 90
        3
 70
     1
 43
0.0
 10
40.85
 20
468.05
 10
42.0
 20
473.0
 10
43.15
 20
468.05
  0
HATCH
  5
F58
330
1F
100
AcDbEntity
  8
EPLAN107
  6
Continuous
 62
     5
 48
4.0
370
    -3
100
AcDbHatch
 10
0.0
 20
0.0
 30
0.0
210
0.0
220
0.0
230
1.0
  2
SOLID
 70
     1
 71
     0
 91
        1
 92
        2
 72
     0
 73
     1
 93
        3
 10
40.85
 20
468.05
 10
42.0
 20
473.0
 10
43.15
 20
468.05
 97
        0
 75
     0
 76
     1
 98
        0
  0
LWPOLYLINE
  5
F59
102
{ACAD_REACTORS
330
F56
102
}
330
1F
100
AcDbEntity
  8
EPLAN107
  6
Continuous
 62
     5
 48
4.0
370
    -3
100
AcDbPolyline
 90
        3
 70
     1
 43
0.0
 10
43.15
 20
177.95
 10
42.0
 20
173.0
 10
40.85
 20
177.95
  0
HATCH
  5
F5A
330
1F
100
AcDbEntity
  8
EPLAN107
  6
Continuous
 62
     5
 48
4.0
370
    -3
100
AcDbHatch
 10
0.0
 20
0.0
 30
0.0
210
0.0
220
0.0
230
1.0
  2
SOLID
 70
     1
 71
     0
 91
        1
 92
        2
 72
     0
 73
     1
 93
        3
 10
43.15
 20
177.95
 10
42.0
 20
173.0
 10
40.85
 20
177.95
 97
        0
 75
     0
 76
     1
 98
        0
  0
LINE
  5
F5B
102
{ACAD_REACTORS
330
F56
102
}
330
1F
100
AcDbEntity
  8
EPLAN107
  6
Continuous
 62
     5
 48
4.0
370
    25
100
AcDbLine
 10
42.0
 20
469.0
 30
0.0
 11
42.0
 21
177.0
 31
0.0
  0
LINE
  5
F5C
102
{ACAD_REACTORS
330
F56
102
}
330
1F
100
AcDbEntity
  8
EPLAN107
  6
Continuous
 62
     5
 48
4.0
370
    25
100
AcDbLine
 10
92.0
 20
473.0
 30
0.0
 11
34.0
 21
473.0
 31
0.0
  0
LINE
  5
F5D
102
{ACAD_REACTORS
330
F56
102
}
330
1F
100
AcDbEntity
  8
EPLAN107
  6
Continuous
 62
     5
 48
4.0
370
    25
100
AcDbLine
 10
92.0
 20
173.0
 30
0.0
 11
34.0
 21
173.0
 31
0.0
  0
TEXT
  5
F5E
102
{ACAD_REACTORS
330
F56
102
}
330
1F
100
AcDbEntity
  8
EPLAN107
 62
     5
100
AcDbText
 10
15.456605
 20
325.565002184466
 30
0.0
 40
9.030000000000001
  1
300 mm
  7
Tahoma
 72
     1
 11
38.0
 21
323.0
 31
0.0
100
AcDbText
 73
     1
  0
LWPOLYLINE
  5
F5F
330
1F
100
AcDbEntity
  8
EPLAN100
 48
16.0
370
    50
100
AcDbPolyline
 90
        4
 70
     1
 43
0.0
 10
1479.0
 20
173.0
 10
1629.0
 20
173.0
 10
1629.0
 20
473.0
 10
1479.0
 20
473.0
  0
LWPOLYLINE
  5
F61
102
{ACAD_REACTORS
330
F60
102
}
330
1F
100
AcDbEntity
  8
EPLAN107
  6
Continuous
 62
     5
 48
4.0
370
    -3
100
AcDbPolyline
 90
        3
 70
     1
 43
0.0
 10
1427.85
 20
468.05
 10
1429.0
 20
473.0
 10
1430.15
 20
468.05
  0
HATCH
  5
F62
330
1F
100
AcDbEntity
  8
EPLAN107
  6
Continuous
 62
     5
 48
4.0
370
    -3
100
AcDbHatch
 10
0.0
 20
0.0
 30
0.0
210
0.0
220
0.0
230
1.0
  2
SOLID
 70
     1
 71
     0
 91
        1
 92
        2
 72
     0
 73
     1
 93
        3
 10
1427.85
 20
468.05
 10
1429.0
 20
473.0
 10
1430.15
 20
468.05
 97
        0
 75
     0
 76
     1
 98
        0
  0
LWPOLYLINE
  5
F63
102
{ACAD_REACTORS
330
F60
102
}
330
1F
100
AcDbEntity
  8
EPLAN107
  6
Continuous
 62
     5
 48
4.0
370
    -3
100
AcDbPolyline
 90
        3
 70
     1
 43
0.0
 10
1430.15
 20
177.95
 10
1429.0
 20
173.0
 10
1427.85
 20
177.95
  0
HATCH
  5
F64
330
1F
100
AcDbEntity
  8
EPLAN107
  6
Continuous
 62
     5
 48
4.0
370
    -3
100
AcDbHatch
 10
0.0
 20
0.0
 30
0.0
210
0.0
220
0.0
230
1.0
  2
SOLID
 70
     1
 71
     0
 91
        1
 92
        2
 72
     0
 73
     1
 93
        3
 10
1430.15
 20
177.95
 10
1429.0
 20
173.0
 10
1427.85
 20
177.95
 97
        0
 75
     0
 76
     1
 98
        0
  0
LINE
  5
F65
102
{ACAD_REACTORS
330
F60
102
}
330
1F
100
AcDbEntity
  8
EPLAN107
  6
Continuous
 62
     5
 48
4.0
370
    25
100
AcDbLine
 10
1429.0
 20
469.0
 30
0.0
 11
1429.0
 21
177.0
 31
0.0
  0
LINE
  5
F66
102
{ACAD_REACTORS
330
F60
102
}
330
1F
100
AcDbEntity
  8
EPLAN107
  6
Continuous
 62
     5
 48
4.0
370
    25
100
AcDbLine
 10
1479.0
 20
473.0
 30
0.0
 11
1421.0
 21
473.0
 31
0.0
  0
LINE
  5
F67
102
{ACAD_REACTORS
330
F60
102
}
330
1F
100
AcDbEntity
  8
EPLAN107
  6
Continuous
 62
     5
 48
4.0
370
    25
100
AcDbLine
 10
1479.0
 20
173.0
 30
0.0
 11
1421.0
 21
173.0
 31
0.0
  0
TEXT
  5
F68
102
{ACAD_REACTORS
330
F60
102
}
330
1F
100
AcDbEntity
  8
EPLAN107
 62
     5
100
AcDbText
 10
1402.456605
 20
325.565002184466
 30
0.0
 40
9.030000000000001
  1
300 mm
  7
Tahoma
 72
     1
 11
1425.0
 21
323.0
 31
0.0
100
AcDbText
 73
     1
  0
LWPOLYLINE
  5
F6A
102
{ACAD_REACTORS
330
F69
102
}
330
1F
100
AcDbEntity
  8
EPLAN107
  6
Continuous
 62
     5
 48
4.0
370
    -3
100
AcDbPolyline
 90
        3
 70
     1
 43
0.0
 10
1483.95
 20
519.85
 10
1479.0
 20
521.0
 10
1483.95
 20
522.15
  0
HATCH
  5
F6B
330
1F
100
AcDbEntity
  8
EPLAN107
  6
Continuous
 62
     5
 48
4.0
370
    -3
100
AcDbHatch
 10
0.0
 20
0.0
 30
0.0
210
0.0
220
0.0
230
1.0
  2
SOLID
 70
     1
 71
     0
 91
        1
 92
        2
 72
     0
 73
     1
 93
        3
 10
1483.95
 20
519.85
 10
1479.0
 20
521.0
 10
1483.95
 20
522.15
 97
        0
 75
     0
 76
     1
 98
        0
  0
LWPOLYLINE
  5
F6C
102
{ACAD_REACTORS
330
F69
102
}
330
1F
100
AcDbEntity
  8
EPLAN107
  6
Continuous
 62
     5
 48
4.0
370
    -3
100
AcDbPolyline
 90
        3
 70
     1
 43
0.0
 10
1624.05
 20
522.15
 10
1629.0
 20
521.0
 10
1624.05
 20
519.85
  0
HATCH
  5
F6D
330
1F
100
AcDbEntity
  8
EPLAN107
  6
Continuous
 62
     5
 48
4.0
370
    -3
100
AcDbHatch
 10
0.0
 20
0.0
 30
0.0
210
0.0
220
0.0
230
1.0
  2
SOLID
 70
     1
 71
     0
 91
        1
 92
        2
 72
     0
 73
     1
 93
        3
 10
1624.05
 20
522.15
 10
1629.0
 20
521.0
 10
1624.05
 20
519.85
 97
        0
 75
     0
 76
     1
 98
        0
  0
LINE
  5
F6E
102
{ACAD_REACTORS
330
F69
102
}
330
1F
100
AcDbEntity
  8
EPLAN107
  6
Continuous
 62
     5
 48
4.0
370
    25
100
AcDbLine
 10
1483.0
 20
521.0
 30
0.0
 11
1625.0
 21
521.0
 31
0.0
  0
LINE
  5
F6F
102
{ACAD_REACTORS
330
F69
102
}
330
1F
100
AcDbEntity
  8
EPLAN107
  6
Continuous
 62
     5
 48
4.0
370
    25
100
AcDbLine
 10
1479.0
 20
473.0
 30
0.0
 11
1479.0
 21
529.0
 31
0.0
  0
LINE
  5
F70
102
{ACAD_REACTORS
330
F69
102
}
330
1F
100
AcDbEntity
  8
EPLAN107
  6
Continuous
 62
     5
 48
4.0
370
    25
100
AcDbLine
 10
1629.0
 20
473.0
 30
0.0
 11
1629.0
 21
529.0
 31
0.0
  0
TEXT
  5
F71
102
{ACAD_REACTORS
330
F69
102
}
330
1F
100
AcDbEntity
  8
EPLAN107
 62
     5
100
AcDbText
 10
1531.456605
 20
527.565002184466
 30
0.0
 40
9.030000000000001
  1
150 mm
  7
Tahoma
 72
     1
 11
1554.0
 21
525.0
 31
0.0
100
AcDbText
 73
     1
  0
INSERT
  5
F7D
330
1F
100
AcDbEntity
  8
0
100
AcDbBlockReference
 66
     1
  2
EPLSYM_LibrarySPECIAL_Symbol11_Variant0_Placement8
 10
797.0
 20
443.0
 30
0.0
  0
ATTRIB
  5
F7E
330
F7D
100
AcDbEntity
  8
EPLAN400
 62
     5
100
AcDbText
 10
788.7794225
 20
439.791
 30
0.0
 40
2.2575
  1
M.22
  7
Tahoma
 72
     2
 11
795.5
 21
442.0485
 31
0.0
100
AcDbAttribute
  2
17_20010
 70
     0
 74
     3
280
     0
 71
     1
 72
     0
 11
795.5
 21
442.0485
 31
0.0
  0
ATTRIB
  5
F7F
330
F7D
100
AcDbEntity
  8
EPLAN440
 62
    73
100
AcDbText
 10
797.0
 20
441.04952
 30
0.0
 40
1.6254
  1

  7
Tahoma
 72
     2
 11
797.0
 21
442.67492
 31
0.0
100
AcDbAttribute
  2
17_20300
 70
     0
 74
     3
280
     0
 71
     1
 72
     0
 11
797.0
 21
442.67492
 31
0.0
  0
ATTRIB
  5
F80
330
F7D
100
AcDbEntity
  8
EPLAN500
 62
     7
100
AcDbText
 10
797.0
 20
441.04952
 30
0.0
 40
1.6254
  1

  7
Tahoma
 72
     2
 11
797.0
 21
442.67492
 31
0.0
100
AcDbAttribute
  2
17_20027
 70
     0
 74
     3
280
     0
 71
     1
 72
     0
 11
797.0
 21
442.67492
 31
0.0
  0
ATTRIB
  5
F81
330
F7D
100
AcDbEntity
  8
EPLAN504
 62
     7
100
AcDbText
 10
797.0
 20
441.04952
 30
0.0
 40
1.6254
  1

  7
Tahoma
 72
     2
 11
797.0
 21
442.67492
 31
0.0
100
AcDbAttribute
  2
17_20901[1]
 70
     0
 74
     3
280
     0
 71
     1
 72
     0
 11
797.0
 21
442.67492
 31
0.0
  0
ATTRIB
  5
F82
330
F7D
100
AcDbEntity
  8
EPLAN501
 62
     7
100
AcDbText
 10
797.0
 20
441.04952
 30
0.0
 40
1.6254
  1

  7
Tahoma
 72
     2
 11
797.0
 21
442.67492
 31
0.0
100
AcDbAttribute
  2
17_20011
 70
     0
 74
     3
280
     0
 71
     1
 72
     0
 11
797.0
 21
442.67492
 31
0.0
  0
ATTRIB
  5
F83
330
F7D
100
AcDbEntity
  8
EPLAN502
 62
     7
100
AcDbText
 10
797.0
 20
441.04952
 30
0.0
 40
1.6254
  1

  7
Tahoma
 72
     2
 11
797.0
 21
442.67492
 31
0.0
100
AcDbAttribute
  2
17_20025
 70
     0
 74
     3
280
     0
 71
     1
 72
     0
 11
797.0
 21
442.67492
 31
0.0
  0
ATTRIB
  5
F84
330
F7D
100
AcDbEntity
  8
EPLAN503
 62
     7
100
AcDbText
 10
797.0
 20
441.04952
 30
0.0
 40
1.6254
  1

  7
Tahoma
 72
     2
 11
797.0
 21
442.67492
 31
0.0
100
AcDbAttribute
  2
17_20024
 70
     0
 74
     3
280
     0
 71
     1
 72
     0
 11
797.0
 21
442.67492
 31
0.0
  0
SEQEND
  5
F85
330
F7D
100
AcDbEntity
  8
0
  0
ENDSEC
  0
SECTION
  2
OBJECTS
  0
DICTIONARY
  5
C
330
0
100
AcDbDictionary
281
     1
  3
ACAD_DETAILVIEWSTYLE
350
F8D
  3
ACAD_GROUP
350
D
  3
ACAD_IMAGE_VARS
350
5E
  3
ACAD_LAYOUT
350
1A
  3
ACAD_MATERIAL
350
43
  3
ACAD_MLEADERSTYLE
350
5B
  3
ACAD_MLINESTYLE
350
17
  3
ACAD_PLOTSETTINGS
350
19
  3
ACAD_PLOTSTYLENAME
350
E
  3
ACAD_SCALELIST
350
47
  3
ACAD_SECTIONVIEWSTYLE
350
F8E
  3
ACAD_TABLESTYLE
350
59
  3
ACAD_VISUALSTYLE
350
2A
  3
ACDB_RECOMPOSE_DATA
350
F8A
  3
AcDbVariableDictionary
350
F86
  0
SUN
  5
5D
330
29
100
AcDbSun
 90
        1
290
     0
 63
     7
421
 16777215
 40
1.0
291
     1
 91
  2455826
 92
 54000000
292
     0
 70
     2
 71
   256
280
     1
  0
DICTIONARY
  5
F8D
102
{ACAD_REACTORS
330
C
102
}
330
C
100
AcDbDictionary
281
     1
  0
DICTIONARY
  5
D
102
{ACAD_REACTORS
330
C
102
}
330
C
100
AcDbDictionary
281
     1
  3
EPLGROUP
350
24F
  3
EPLGROUP_1
350
250
  3
EPLGROUP_10
350
5B8
  3
EPLGROUP_11
350
5BB
  3
EPLGROUP_12
350
5BC
  3
EPLGROUP_13
350
8E6
  3
EPLGROUP_14
350
8E7
  3
EPLGROUP_15
350
C11
  3
EPLGROUP_16
350
C12
  3
EPLGROUP_17
350
F3D
  3
EPLGROUP_18
350
F3E
  3
EPLGROUP_19
350
F4D
  3
EPLGROUP_2
350
251
  3
EPLGROUP_20
350
F56
  3
EPLGROUP_21
350
F60
  3
EPLGROUP_22
350
F69
  3
EPLGROUP_3
350
257
  3
EPLGROUP_4
350
269
  3
EPLGROUP_6
350
287
  3
EPLGROUP_7
350
28A
  3
EPLGROUP_8
350
28D
  3
EPLGROUP_9
350
28E
  0
RASTERVARIABLES
  5
5E
102
{ACAD_REACTORS
330
C
102
}
330
C
100
AcDbRasterVariables
 90
        0
 70
     0
 71
     1
 72
     1
  0
DICTIONARY
  5
1A
102
{ACAD_REACTORS
330
C
102
}
330
C
100
AcDbDictionary
281
     1
  3
Layout1
350
1E
  3
Layout2
350
26
  3
Model
350
22
  0
DICTIONARY
  5
43
102
{ACAD_REACTORS
330
C
102
}
330
C
100
AcDbDictionary
281
     1
  3
ByBlock
350
45
  3
ByLayer
350
44
  3
Global
350
46
  0
DICTIONARY
  5
5B
102
{ACAD_REACTORS
330
C
102
}
330
C
100
AcDbDictionary
281
     1
  3
Standard
350
5C
  0
DICTIONARY
  5
17
102
{ACAD_REACTORS
330
C
102
}
330
C
100
AcDbDictionary
281
     1
  3
Standard
350
18
  0
DICTIONARY
  5
19
102
{ACAD_REACTORS
330
C
102
}
330
C
100
AcDbDictionary
281
     1
  0
ACDBDICTIONARYWDFLT
  5
E
102
{ACAD_REACTORS
330
C
102
}
330
C
100
AcDbDictionary
281
     1
  3
Normal
350
F
100
AcDbDictionaryWithDefault
340
F
  0
DICTIONARY
  5
47
102
{ACAD_REACTORS
330
C
102
}
330
C
100
AcDbDictionary
281
     1
  3
A0
350
48
  3
A1
350
49
  3
A2
350
4A
  3
A3
350
4B
  3
A4
350
4C
  3
A5
350
4D
  3
A6
350
4E
  3
A7
350
4F
  3
A8
350
50
  3
A9
350
51
  3
B0
350
52
  3
B1
350
53
  3
B2
350
54
  3
B3
350
55
  3
B4
350
56
  3
B5
350
57
  3
B6
350
58
  0
DICTIONARY
  5
F8E
102
{ACAD_REACTORS
330
C
102
}
330
C
100
AcDbDictionary
281
     1
  0
DICTIONARY
  5
59
102
{ACAD_REACTORS
330
C
102
}
330
C
100
AcDbDictionary
281
     1
  3
Standard
350
5A
  0
DICTIONARY
  5
2A
102
{ACAD_REACTORS
330
C
102
}
330
C
100
AcDbDictionary
281
     1
  3
2dWireframe
350
2F
  3
Basic
350
32
  3
Brighten
350
36
  3
ColorChange
350
3A
  3
Conceptual
350
34
  3
Dim
350
35
  3
EdgeColorOff
350
3D
  3
Facepattern
350
39
  3
Flat
350
2B
  3
FlatWithEdges
350
2C
  3
Gouraud
350
2D
  3
GouraudWithEdges
350
2E
  3
Hidden
350
31
  3
JitterOff
350
3B
  3
Linepattern
350
38
  3
OverhangOff
350
3C
  3
Realistic
350
33
  3
Shaded
350
42
  3
Shaded with edges
350
41
  3
Shades of Gray
350
3E
  3
Sketchy
350
3F
  3
Thicken
350
37
  3
Wireframe
350
30
  3
X-Ray
350
40
  0
XRECORD
  5
F8A
102
{ACAD_REACTORS
330
C
102
}
330
C
100
AcDbXrecord
280
     1
 90
        1
330
5A
  0
DICTIONARY
  5
F86
102
{ACAD_REACTORS
330
C
102
}
330
C
100
AcDbDictionary
281
     1
  3
CANNOSCALE
350
F87
  3
CENTEREXE
350
F8F
  3
CENTERLTYPEFILE
350
F90
  3
CMLEADERSTYLE
350
F8C
  3
CTABLESTYLE
350
F8B
  0
GROUP
  5
24F
102
{ACAD_REACTORS
330
D
102
}
330
D
100
AcDbGroup
300

 70
     0
 71
     1
340
265
340
276
340
27D
340
289
  0
GROUP
  5
250
102
{ACAD_REACTORS
330
D
102
}
330
D
100
AcDbGroup
300

 70
     0
 71
     1
  0
GROUP
  5
5B8
102
{ACAD_REACTORS
330
D
102
}
330
D
100
AcDbGroup
300

 70
     0
 71
     1
340
5B9
340
5BA
  0
GROUP
  5
5BB
102
{ACAD_REACTORS
330
D
102
}
330
D
100
AcDbGroup
300

 70
     0
 71
     1
340
8E2
340
8E3
  0
GROUP
  5
5BC
102
{ACAD_REACTORS
330
D
102
}
330
D
100
AcDbGroup
300

 70
     0
 71
     1
340
5BD
340
5BE
340
5BF
340
5C0
340
5C1
340
5C2
340
5C3
340
5C4
340
5C5
340
5C6
340
5C7
340
5C8
340
5C9
340
5CA
340
5CB
340
5CC
340
5CD
340
5CE
340
5CF
340
5D0
340
5D1
340
5D2
340
5D3
340
5D4
340
5D5
340
5D6
340
5D7
340
5D8
340
5D9
340
5DA
340
5DB
340
5DC
340
5DD
340
5DE
340
5DF
340
5E0
340
5E1
340
5E2
340
5E3
340
5E4
340
5E5
340
5E6
340
5E7
340
5E8
340
5E9
340
5EA
340
5EB
340
5EC
340
5ED
340
5EE
340
5EF
340
5F0
340
5F1
340
5F2
340
5F3
340
5F4
340
5F5
340
5F6
340
5F7
340
5F8
340
5F9
340
5FA
340
5FB
340
5FC
340
5FD
340
5FE
340
5FF
340
600
340
601
340
602
340
603
340
604
340
605
340
606
340
607
340
608
340
609
340
60A
340
60B
340
60C
340
60D
340
60E
340
60F
340
610
340
611
340
612
340
613
340
614
340
615
340
616
340
617
340
618
340
619
340
61A
340
61B
340
61C
340
61D
340
61E
340
61F
340
620
340
621
340
622
340
623
340
624
340
625
340
626
340
627
340
628
340
629
340
62A
340
62B
340
62C
340
62D
340
62E
340
62F
340
630
340
631
340
632
340
633
340
634
340
635
340
636
340
637
340
638
340
639
340
63A
340
63B
340
63C
340
63D
340
63E
340
63F
340
640
340
641
340
642
340
643
340
644
340
645
340
646
340
647
340
648
340
649
340
64A
340
64B
340
64C
340
64D
340
64E
340
64F
340
650
340
651
340
652
340
653
340
654
340
655
340
656
340
657
340
658
340
659
340
65A
340
65B
340
65C
340
65D
340
65E
340
65F
340
660
340
661
340
662
340
663
340
664
340
665
340
666
340
667
340
668
340
669
340
66A
340
66B
340
66C
340
66D
340
66E
340
66F
340
670
340
671
340
672
340
673
340
674
340
675
340
676
340
677
340
678
340
679
340
67A
340
67B
340
67C
340
67D
340
67E
340
67F
340
680
340
681
340
682
340
683
340
684
340
685
340
686
340
687
340
688
340
689
340
68A
340
68B
340
68C
340
68D
340
68E
340
68F
340
690
340
691
340
692
340
693
340
694
340
695
340
696
340
697
340
698
340
699
340
69A
340
69B
340
69C
340
69D
340
69E
340
69F
340
6A0
340
6A1
340
6A2
340
6A3
340
6A4
340
6A5
340
6A6
340
6A7
340
6A8
340
6A9
340
6AA
340
6AB
340
6AC
340
6AD
340
6AE
340
6AF
340
6B0
340
6B1
340
6B2
340
6B3
340
6B4
340
6B5
340
6B6
340
6B7
340
6B8
340
6B9
340
6BA
340
6BB
340
6BC
340
6BD
340
6BE
340
6BF
340
6C0
340
6C1
340
6C2
340
6C3
340
6C4
340
6C5
340
6C6
340
6C7
340
6C8
340
6C9
340
6CA
340
6CB
340
6CC
340
6CD
340
6CE
340
6CF
340
6D0
340
6D1
340
6D2
340
6D3
340
6D4
340
6D5
340
6D6
340
6D7
340
6D8
340
6D9
340
6DA
340
6DB
340
6DC
340
6DD
340
6DE
340
6DF
340
6E0
340
6E1
340
6E2
340
6E3
340
6E4
340
6E5
340
6E6
340
6E7
340
6E8
340
6E9
340
6EA
340
6EB
340
6EC
340
6ED
340
6EE
340
6EF
340
6F0
340
6F1
340
6F2
340
6F3
340
6F4
340
6F5
340
6F6
340
6F7
340
6F8
340
6F9
340
6FA
340
6FB
340
6FC
340
6FD
340
6FE
340
6FF
340
700
340
701
340
702
340
703
340
704
340
705
340
706
340
707
340
708
340
709
340
70A
340
70B
340
70C
340
70D
340
70E
340
70F
340
710
340
711
340
712
340
713
340
714
340
715
340
716
340
717
340
718
340
719
340
71A
340
71B
340
71C
340
71D
340
71E
340
71F
340
720
340
721
340
722
340
723
340
724
340
725
340
726
340
727
340
728
340
729
340
72A
340
72B
340
72C
340
72D
340
72E
340
72F
340
730
340
731
340
732
340
733
340
734
340
735
340
736
340
737
340
738
340
739
340
73A
340
73B
340
73C
340
73D
340
73E
340
73F
340
740
340
741
340
742
340
743
340
744
340
745
340
746
340
747
340
748
340
749
340
74A
340
74B
340
74C
340
74D
340
74E
340
74F
340
750
340
751
340
752
340
753
340
754
340
755
340
756
340
757
340
758
340
759
340
75A
340
75B
340
75C
340
75D
340
75E
340
75F
340
760
340
761
340
762
340
763
340
764
340
765
340
766
340
767
340
768
340
769
340
76A
340
76B
340
76C
340
76D
340
76E
340
76F
340
770
340
771
340
772
340
773
340
774
340
775
340
776
340
777
340
778
340
779
340
77A
340
77B
340
77C
340
77D
340
77E
340
77F
340
780
340
781
340
782
340
783
340
784
340
785
340
786
340
787
340
788
340
789
340
78A
340
78B
340
78C
340
78D
340
78E
340
78F
340
790
340
791
340
792
340
793
340
794
340
795
340
796
340
797
340
798
340
799
340
79A
340
79B
340
79C
340
79D
340
79E
340
79F
340
7A0
340
7A1
340
7A2
340
7A3
340
7A4
340
7A5
340
7A6
340
7A7
340
7A8
340
7A9
340
7AA
340
7AB
340
7AC
340
7AD
340
7AE
340
7AF
340
7B0
340
7B1
340
7B2
340
7B3
340
7B4
340
7B5
340
7B6
340
7B7
340
7B8
340
7B9
340
7BA
340
7BB
340
7BC
340
7BD
340
7BE
340
7BF
340
7C0
340
7C1
340
7C2
340
7C3
340
7C4
340
7C5
340
7C6
340
7C7
340
7C8
340
7C9
340
7CA
340
7CB
340
7CC
340
7CD
340
7CE
340
7CF
340
7D0
340
7D1
340
7D2
340
7D3
340
7D4
340
7D5
340
7D6
340
7D7
340
7D8
340
7D9
340
7DA
340
7DB
340
7DC
340
7DD
340
7DE
340
7DF
340
7E0
340
7E1
340
7E2
340
7E3
340
7E4
340
7E5
340
7E6
340
7E7
340
7E8
340
7E9
340
7EA
340
7EB
340
7EC
340
7ED
340
7EE
340
7EF
340
7F0
340
7F1
340
7F2
340
7F3
340
7F4
340
7F5
340
7F6
340
7F7
340
7F8
340
7F9
340
7FA
340
7FB
340
7FC
340
7FD
340
7FE
340
7FF
340
800
340
801
340
802
340
803
340
804
340
805
340
806
340
807
340
808
340
809
340
80A
340
80B
340
80C
340
80D
340
80E
340
80F
340
810
340
811
340
812
340
813
340
814
340
815
340
816
340
817
340
818
340
819
340
81A
340
81B
340
81C
340
81D
340
81E
340
81F
340
820
340
821
340
822
340
823
340
824
340
825
340
826
340
827
340
828
340
829
340
82A
340
82B
340
82C
340
82D
340
82E
340
82F
340
830
340
831
340
832
340
833
340
834
340
835
340
836
340
837
340
838
340
839
340
83A
340
83B
340
83C
340
83D
340
83E
340
83F
340
840
340
841
340
842
340
843
340
844
340
845
340
846
340
847
340
848
340
849
340
84A
340
84B
340
84C
340
84D
340
84E
340
84F
340
850
340
851
340
852
340
853
340
854
340
855
340
856
340
857
340
858
340
859
340
85A
340
85B
340
85C
340
85D
340
85E
340
85F
340
860
340
861
340
862
340
863
340
864
340
865
340
866
340
867
340
868
340
869
340
86A
340
86B
340
86C
340
86D
340
86E
340
86F
340
870
340
871
340
872
340
873
340
874
340
875
340
876
340
877
340
878
340
879
340
87A
340
87B
340
87C
340
87D
340
87E
340
87F
340
880
340
881
340
882
340
883
340
884
340
885
340
886
340
887
340
888
340
889
340
88A
340
88B
340
88C
340
88D
340
88E
340
88F
340
890
340
891
340
892
340
893
340
894
340
895
340
896
340
897
340
898
340
899
340
89A
340
89B
340
89C
340
89D
340
89E
340
89F
340
8A0
340
8A1
340
8A2
340
8A3
340
8A4
340
8A5
340
8A6
340
8A7
340
8A8
340
8A9
340
8AA
340
8AB
340
8AC
340
8AD
340
8AE
340
8AF
340
8B0
340
8B1
340
8B2
340
8B3
340
8B4
340
8B5
340
8B6
340
8B7
340
8B8
340
8B9
340
8BA
340
8BB
340
8BC
340
8BD
340
8BE
340
8BF
340
8C0
340
8C1
340
8C2
340
8C3
340
8C4
340
8C5
340
8C6
340
8C7
340
8C8
340
8C9
340
8CA
340
8CB
340
8CC
340
8CD
340
8CE
340
8CF
340
8D0
340
8D1
340
8D2
340
8D3
340
8D4
340
8D5
340
8D6
340
8D7
340
8D8
340
8D9
340
8DA
340
8DB
340
8DC
340
8DD
  0
GROUP
  5
8E6
102
{ACAD_REACTORS
330
D
102
}
330
D
100
AcDbGroup
300

 70
     0
 71
     1
340
C0D
340
C0E
  0
GROUP
  5
8E7
102
{ACAD_REACTORS
330
D
102
}
330
D
100
AcDbGroup
300

 70
     0
 71
     1
340
8E8
340
8E9
340
8EA
340
8EB
340
8EC
340
8ED
340
8EE
340
8EF
340
8F0
340
8F1
340
8F2
340
8F3
340
8F4
340
8F5
340
8F6
340
8F7
340
8F8
340
8F9
340
8FA
340
8FB
340
8FC
340
8FD
340
8FE
340
8FF
340
900
340
901
340
902
340
903
340
904
340
905
340
906
340
907
340
908
340
909
340
90A
340
90B
340
90C
340
90D
340
90E
340
90F
340
910
340
911
340
912
340
913
340
914
340
915
340
916
340
917
340
918
340
919
340
91A
340
91B
340
91C
340
91D
340
91E
340
91F
340
920
340
921
340
922
340
923
340
924
340
925
340
926
340
927
340
928
340
929
340
92A
340
92B
340
92C
340
92D
340
92E
340
92F
340
930
340
931
340
932
340
933
340
934
340
935
340
936
340
937
340
938
340
939
340
93A
340
93B
340
93C
340
93D
340
93E
340
93F
340
940
340
941
340
942
340
943
340
944
340
945
340
946
340
947
340
948
340
949
340
94A
340
94B
340
94C
340
94D
340
94E
340
94F
340
950
340
951
340
952
340
953
340
954
340
955
340
956
340
957
340
958
340
959
340
95A
340
95B
340
95C
340
95D
340
95E
340
95F
340
960
340
961
340
962
340
963
340
964
340
965
340
966
340
967
340
968
340
969
340
96A
340
96B
340
96C
340
96D
340
96E
340
96F
340
970
340
971
340
972
340
973
340
974
340
975
340
976
340
977
340
978
340
979
340
97A
340
97B
340
97C
340
97D
340
97E
340
97F
340
980
340
981
340
982
340
983
340
984
340
985
340
986
340
987
340
988
340
989
340
98A
340
98B
340
98C
340
98D
340
98E
340
98F
340
990
340
991
340
992
340
993
340
994
340
995
340
996
340
997
340
998
340
999
340
99A
340
99B
340
99C
340
99D
340
99E
340
99F
340
9A0
340
9A1
340
9A2
340
9A3
340
9A4
340
9A5
340
9A6
340
9A7
340
9A8
340
9A9
340
9AA
340
9AB
340
9AC
340
9AD
340
9AE
340
9AF
340
9B0
340
9B1
340
9B2
340
9B3
340
9B4
340
9B5
340
9B6
340
9B7
340
9B8
340
9B9
340
9BA
340
9BB
340
9BC
340
9BD
340
9BE
340
9BF
340
9C0
340
9C1
340
9C2
340
9C3
340
9C4
340
9C5
340
9C6
340
9C7
340
9C8
340
9C9
340
9CA
340
9CB
340
9CC
340
9CD
340
9CE
340
9CF
340
9D0
340
9D1
340
9D2
340
9D3
340
9D4
340
9D5
340
9D6
340
9D7
340
9D8
340
9D9
340
9DA
340
9DB
340
9DC
340
9DD
340
9DE
340
9DF
340
9E0
340
9E1
340
9E2
340
9E3
340
9E4
340
9E5
340
9E6
340
9E7
340
9E8
340
9E9
340
9EA
340
9EB
340
9EC
340
9ED
340
9EE
340
9EF
340
9F0
340
9F1
340
9F2
340
9F3
340
9F4
340
9F5
340
9F6
340
9F7
340
9F8
340
9F9
340
9FA
340
9FB
340
9FC
340
9FD
340
9FE
340
9FF
340
A00
340
A01
340
A02
340
A03
340
A04
340
A05
340
A06
340
A07
340
A08
340
A09
340
A0A
340
A0B
340
A0C
340
A0D
340
A0E
340
A0F
340
A10
340
A11
340
A12
340
A13
340
A14
340
A15
340
A16
340
A17
340
A18
340
A19
340
A1A
340
A1B
340
A1C
340
A1D
340
A1E
340
A1F
340
A20
340
A21
340
A22
340
A23
340
A24
340
A25
340
A26
340
A27
340
A28
340
A29
340
A2A
340
A2B
340
A2C
340
A2D
340
A2E
340
A2F
340
A30
340
A31
340
A32
340
A33
340
A34
340
A35
340
A36
340
A37
340
A38
340
A39
340
A3A
340
A3B
340
A3C
340
A3D
340
A3E
340
A3F
340
A40
340
A41
340
A42
340
A43
340
A44
340
A45
340
A46
340
A47
340
A48
340
A49
340
A4A
340
A4B
340
A4C
340
A4D
340
A4E
340
A4F
340
A50
340
A51
340
A52
340
A53
340
A54
340
A55
340
A56
340
A57
340
A58
340
A59
340
A5A
340
A5B
340
A5C
340
A5D
340
A5E
340
A5F
340
A60
340
A61
340
A62
340
A63
340
A64
340
A65
340
A66
340
A67
340
A68
340
A69
340
A6A
340
A6B
340
A6C
340
A6D
340
A6E
340
A6F
340
A70
340
A71
340
A72
340
A73
340
A74
340
A75
340
A76
340
A77
340
A78
340
A79
340
A7A
340
A7B
340
A7C
340
A7D
340
A7E
340
A7F
340
A80
340
A81
340
A82
340
A83
340
A84
340
A85
340
A86
340
A87
340
A88
340
A89
340
A8A
340
A8B
340
A8C
340
A8D
340
A8E
340
A8F
340
A90
340
A91
340
A92
340
A93
340
A94
340
A95
340
A96
340
A97
340
A98
340
A99
340
A9A
340
A9B
340
A9C
340
A9D
340
A9E
340
A9F
340
AA0
340
AA1
340
AA2
340
AA3
340
AA4
340
AA5
340
AA6
340
AA7
340
AA8
340
AA9
340
AAA
340
AAB
340
AAC
340
AAD
340
AAE
340
AAF
340
AB0
340
AB1
340
AB2
340
AB3
340
AB4
340
AB5
340
AB6
340
AB7
340
AB8
340
AB9
340
ABA
340
ABB
340
ABC
340
ABD
340
ABE
340
ABF
340
AC0
340
AC1
340
AC2
340
AC3
340
AC4
340
AC5
340
AC6
340
AC7
340
AC8
340
AC9
340
ACA
340
ACB
340
ACC
340
ACD
340
ACE
340
ACF
340
AD0
340
AD1
340
AD2
340
AD3
340
AD4
340
AD5
340
AD6
340
AD7
340
AD8
340
AD9
340
ADA
340
ADB
340
ADC
340
ADD
340
ADE
340
ADF
340
AE0
340
AE1
340
AE2
340
AE3
340
AE4
340
AE5
340
AE6
340
AE7
340
AE8
340
AE9
340
AEA
340
AEB
340
AEC
340
AED
340
AEE
340
AEF
340
AF0
340
AF1
340
AF2
340
AF3
340
AF4
340
AF5
340
AF6
340
AF7
340
AF8
340
AF9
340
AFA
340
AFB
340
AFC
340
AFD
340
AFE
340
AFF
340
B00
340
B01
340
B02
340
B03
340
B04
340
B05
340
B06
340
B07
340
B08
340
B09
340
B0A
340
B0B
340
B0C
340
B0D
340
B0E
340
B0F
340
B10
340
B11
340
B12
340
B13
340
B14
340
B15
340
B16
340
B17
340
B18
340
B19
340
B1A
340
B1B
340
B1C
340
B1D
340
B1E
340
B1F
340
B20
340
B21
340
B22
340
B23
340
B24
340
B25
340
B26
340
B27
340
B28
340
B29
340
B2A
340
B2B
340
B2C
340
B2D
340
B2E
340
B2F
340
B30
340
B31
340
B32
340
B33
340
B34
340
B35
340
B36
340
B37
340
B38
340
B39
340
B3A
340
B3B
340
B3C
340
B3D
340
B3E
340
B3F
340
B40
340
B41
340
B42
340
B43
340
B44
340
B45
340
B46
340
B47
340
B48
340
B49
340
B4A
340
B4B
340
B4C
340
B4D
340
B4E
340
B4F
340
B50
340
B51
340
B52
340
B53
340
B54
340
B55
340
B56
340
B57
340
B58
340
B59
340
B5A
340
B5B
340
B5C
340
B5D
340
B5E
340
B5F
340
B60
340
B61
340
B62
340
B63
340
B64
340
B65
340
B66
340
B67
340
B68
340
B69
340
B6A
340
B6B
340
B6C
340
B6D
340
B6E
340
B6F
340
B70
340
B71
340
B72
340
B73
340
B74
340
B75
340
B76
340
B77
340
B78
340
B79
340
B7A
340
B7B
340
B7C
340
B7D
340
B7E
340
B7F
340
B80
340
B81
340
B82
340
B83
340
B84
340
B85
340
B86
340
B87
340
B88
340
B89
340
B8A
340
B8B
340
B8C
340
B8D
340
B8E
340
B8F
340
B90
340
B91
340
B92
340
B93
340
B94
340
B95
340
B96
340
B97
340
B98
340
B99
340
B9A
340
B9B
340
B9C
340
B9D
340
B9E
340
B9F
340
BA0
340
BA1
340
BA2
340
BA3
340
BA4
340
BA5
340
BA6
340
BA7
340
BA8
340
BA9
340
BAA
340
BAB
340
BAC
340
BAD
340
BAE
340
BAF
340
BB0
340
BB1
340
BB2
340
BB3
340
BB4
340
BB5
340
BB6
340
BB7
340
BB8
340
BB9
340
BBA
340
BBB
340
BBC
340
BBD
340
BBE
340
BBF
340
BC0
340
BC1
340
BC2
340
BC3
340
BC4
340
BC5
340
BC6
340
BC7
340
BC8
340
BC9
340
BCA
340
BCB
340
BCC
340
BCD
340
BCE
340
BCF
340
BD0
340
BD1
340
BD2
340
BD3
340
BD4
340
BD5
340
BD6
340
BD7
340
BD8
340
BD9
340
BDA
340
BDB
340
BDC
340
BDD
340
BDE
340
BDF
340
BE0
340
BE1
340
BE2
340
BE3
340
BE4
340
BE5
340
BE6
340
BE7
340
BE8
340
BE9
340
BEA
340
BEB
340
BEC
340
BED
340
BEE
340
BEF
340
BF0
340
BF1
340
BF2
340
BF3
340
BF4
340
BF5
340
BF6
340
BF7
340
BF8
340
BF9
340
BFA
340
BFB
340
BFC
340
BFD
340
BFE
340
BFF
340
C00
340
C01
340
C02
340
C03
340
C04
340
C05
340
C06
340
C07
340
C08
  0
GROUP
  5
C11
102
{ACAD_REACTORS
330
D
102
}
330
D
100
AcDbGroup
300

 70
     0
 71
     1
340
F38
340
F39
  0
GROUP
  5
C12
102
{ACAD_REACTORS
330
D
102
}
330
D
100
AcDbGroup
300

 70
     0
 71
     1
340
C13
340
C14
340
C15
340
C16
340
C17
340
C18
340
C19
340
C1A
340
C1B
340
C1C
340
C1D
340
C1E
340
C1F
340
C20
340
C21
340
C22
340
C23
340
C24
340
C25
340
C26
340
C27
340
C28
340
C29
340
C2A
340
C2B
340
C2C
340
C2D
340
C2E
340
C2F
340
C30
340
C31
340
C32
340
C33
340
C34
340
C35
340
C36
340
C37
340
C38
340
C39
340
C3A
340
C3B
340
C3C
340
C3D
340
C3E
340
C3F
340
C40
340
C41
340
C42
340
C43
340
C44
340
C45
340
C46
340
C47
340
C48
340
C49
340
C4A
340
C4B
340
C4C
340
C4D
340
C4E
340
C4F
340
C50
340
C51
340
C52
340
C53
340
C54
340
C55
340
C56
340
C57
340
C58
340
C59
340
C5A
340
C5B
340
C5C
340
C5D
340
C5E
340
C5F
340
C60
340
C61
340
C62
340
C63
340
C64
340
C65
340
C66
340
C67
340
C68
340
C69
340
C6A
340
C6B
340
C6C
340
C6D
340
C6E
340
C6F
340
C70
340
C71
340
C72
340
C73
340
C74
340
C75
340
C76
340
C77
340
C78
340
C79
340
C7A
340
C7B
340
C7C
340
C7D
340
C7E
340
C7F
340
C80
340
C81
340
C82
340
C83
340
C84
340
C85
340
C86
340
C87
340
C88
340
C89
340
C8A
340
C8B
340
C8C
340
C8D
340
C8E
340
C8F
340
C90
340
C91
340
C92
340
C93
340
C94
340
C95
340
C96
340
C97
340
C98
340
C99
340
C9A
340
C9B
340
C9C
340
C9D
340
C9E
340
C9F
340
CA0
340
CA1
340
CA2
340
CA3
340
CA4
340
CA5
340
CA6
340
CA7
340
CA8
340
CA9
340
CAA
340
CAB
340
CAC
340
CAD
340
CAE
340
CAF
340
CB0
340
CB1
340
CB2
340
CB3
340
CB4
340
CB5
340
CB6
340
CB7
340
CB8
340
CB9
340
CBA
340
CBB
340
CBC
340
CBD
340
CBE
340
CBF
340
CC0
340
CC1
340
CC2
340
CC3
340
CC4
340
CC5
340
CC6
340
CC7
340
CC8
340
CC9
340
CCA
340
CCB
340
CCC
340
CCD
340
CCE
340
CCF
340
CD0
340
CD1
340
CD2
340
CD3
340
CD4
340
CD5
340
CD6
340
CD7
340
CD8
340
CD9
340
CDA
340
CDB
340
CDC
340
CDD
340
CDE
340
CDF
340
CE0
340
CE1
340
CE2
340
CE3
340
CE4
340
CE5
340
CE6
340
CE7
340
CE8
340
CE9
340
CEA
340
CEB
340
CEC
340
CED
340
CEE
340
CEF
340
CF0
340
CF1
340
CF2
340
CF3
340
CF4
340
CF5
340
CF6
340
CF7
340
CF8
340
CF9
340
CFA
340
CFB
340
CFC
340
CFD
340
CFE
340
CFF
340
D00
340
D01
340
D02
340
D03
340
D04
340
D05
340
D06
340
D07
340
D08
340
D09
340
D0A
340
D0B
340
D0C
340
D0D
340
D0E
340
D0F
340
D10
340
D11
340
D12
340
D13
340
D14
340
D15
340
D16
340
D17
340
D18
340
D19
340
D1A
340
D1B
340
D1C
340
D1D
340
D1E
340
D1F
340
D20
340
D21
340
D22
340
D23
340
D24
340
D25
340
D26
340
D27
340
D28
340
D29
340
D2A
340
D2B
340
D2C
340
D2D
340
D2E
340
D2F
340
D30
340
D31
340
D32
340
D33
340
D34
340
D35
340
D36
340
D37
340
D38
340
D39
340
D3A
340
D3B
340
D3C
340
D3D
340
D3E
340
D3F
340
D40
340
D41
340
D42
340
D43
340
D44
340
D45
340
D46
340
D47
340
D48
340
D49
340
D4A
340
D4B
340
D4C
340
D4D
340
D4E
340
D4F
340
D50
340
D51
340
D52
340
D53
340
D54
340
D55
340
D56
340
D57
340
D58
340
D59
340
D5A
340
D5B
340
D5C
340
D5D
340
D5E
340
D5F
340
D60
340
D61
340
D62
340
D63
340
D64
340
D65
340
D66
340
D67
340
D68
340
D69
340
D6A
340
D6B
340
D6C
340
D6D
340
D6E
340
D6F
340
D70
340
D71
340
D72
340
D73
340
D74
340
D75
340
D76
340
D77
340
D78
340
D79
340
D7A
340
D7B
340
D7C
340
D7D
340
D7E
340
D7F
340
D80
340
D81
340
D82
340
D83
340
D84
340
D85
340
D86
340
D87
340
D88
340
D89
340
D8A
340
D8B
340
D8C
340
D8D
340
D8E
340
D8F
340
D90
340
D91
340
D92
340
D93
340
D94
340
D95
340
D96
340
D97
340
D98
340
D99
340
D9A
340
D9B
340
D9C
340
D9D
340
D9E
340
D9F
340
DA0
340
DA1
340
DA2
340
DA3
340
DA4
340
DA5
340
DA6
340
DA7
340
DA8
340
DA9
340
DAA
340
DAB
340
DAC
340
DAD
340
DAE
340
DAF
340
DB0
340
DB1
340
DB2
340
DB3
340
DB4
340
DB5
340
DB6
340
DB7
340
DB8
340
DB9
340
DBA
340
DBB
340
DBC
340
DBD
340
DBE
340
DBF
340
DC0
340
DC1
340
DC2
340
DC3
340
DC4
340
DC5
340
DC6
340
DC7
340
DC8
340
DC9
340
DCA
340
DCB
340
DCC
340
DCD
340
DCE
340
DCF
340
DD0
340
DD1
340
DD2
340
DD3
340
DD4
340
DD5
340
DD6
340
DD7
340
DD8
340
DD9
340
DDA
340
DDB
340
DDC
340
DDD
340
DDE
340
DDF
340
DE0
340
DE1
340
DE2
340
DE3
340
DE4
340
DE5
340
DE6
340
DE7
340
DE8
340
DE9
340
DEA
340
DEB
340
DEC
340
DED
340
DEE
340
DEF
340
DF0
340
DF1
340
DF2
340
DF3
340
DF4
340
DF5
340
DF6
340
DF7
340
DF8
340
DF9
340
DFA
340
DFB
340
DFC
340
DFD
340
DFE
340
DFF
340
E00
340
E01
340
E02
340
E03
340
E04
340
E05
340
E06
340
E07
340
E08
340
E09
340
E0A
340
E0B
340
E0C
340
E0D
340
E0E
340
E0F
340
E10
340
E11
340
E12
340
E13
340
E14
340
E15
340
E16
340
E17
340
E18
340
E19
340
E1A
340
E1B
340
E1C
340
E1D
340
E1E
340
E1F
340
E20
340
E21
340
E22
340
E23
340
E24
340
E25
340
E26
340
E27
340
E28
340
E29
340
E2A
340
E2B
340
E2C
340
E2D
340
E2E
340
E2F
340
E30
340
E31
340
E32
340
E33
340
E34
340
E35
340
E36
340
E37
340
E38
340
E39
340
E3A
340
E3B
340
E3C
340
E3D
340
E3E
340
E3F
340
E40
340
E41
340
E42
340
E43
340
E44
340
E45
340
E46
340
E47
340
E48
340
E49
340
E4A
340
E4B
340
E4C
340
E4D
340
E4E
340
E4F
340
E50
340
E51
340
E52
340
E53
340
E54
340
E55
340
E56
340
E57
340
E58
340
E59
340
E5A
340
E5B
340
E5C
340
E5D
340
E5E
340
E5F
340
E60
340
E61
340
E62
340
E63
340
E64
340
E65
340
E66
340
E67
340
E68
340
E69
340
E6A
340
E6B
340
E6C
340
E6D
340
E6E
340
E6F
340
E70
340
E71
340
E72
340
E73
340
E74
340
E75
340
E76
340
E77
340
E78
340
E79
340
E7A
340
E7B
340
E7C
340
E7D
340
E7E
340
E7F
340
E80
340
E81
340
E82
340
E83
340
E84
340
E85
340
E86
340
E87
340
E88
340
E89
340
E8A
340
E8B
340
E8C
340
E8D
340
E8E
340
E8F
340
E90
340
E91
340
E92
340
E93
340
E94
340
E95
340
E96
340
E97
340
E98
340
E99
340
E9A
340
E9B
340
E9C
340
E9D
340
E9E
340
E9F
340
EA0
340
EA1
340
EA2
340
EA3
340
EA4
340
EA5
340
EA6
340
EA7
340
EA8
340
EA9
340
EAA
340
EAB
340
EAC
340
EAD
340
EAE
340
EAF
340
EB0
340
EB1
340
EB2
340
EB3
340
EB4
340
EB5
340
EB6
340
EB7
340
EB8
340
EB9
340
EBA
340
EBB
340
EBC
340
EBD
340
EBE
340
EBF
340
EC0
340
EC1
340
EC2
340
EC3
340
EC4
340
EC5
340
EC6
340
EC7
340
EC8
340
EC9
340
ECA
340
ECB
340
ECC
340
ECD
340
ECE
340
ECF
340
ED0
340
ED1
340
ED2
340
ED3
340
ED4
340
ED5
340
ED6
340
ED7
340
ED8
340
ED9
340
EDA
340
EDB
340
EDC
340
EDD
340
EDE
340
EDF
340
EE0
340
EE1
340
EE2
340
EE3
340
EE4
340
EE5
340
EE6
340
EE7
340
EE8
340
EE9
340
EEA
340
EEB
340
EEC
340
EED
340
EEE
340
EEF
340
EF0
340
EF1
340
EF2
340
EF3
340
EF4
340
EF5
340
EF6
340
EF7
340
EF8
340
EF9
340
EFA
340
EFB
340
EFC
340
EFD
340
EFE
340
EFF
340
F00
340
F01
340
F02
340
F03
340
F04
340
F05
340
F06
340
F07
340
F08
340
F09
340
F0A
340
F0B
340
F0C
340
F0D
340
F0E
340
F0F
340
F10
340
F11
340
F12
340
F13
340
F14
340
F15
340
F16
340
F17
340
F18
340
F19
340
F1A
340
F1B
340
F1C
340
F1D
340
F1E
340
F1F
340
F20
340
F21
340
F22
340
F23
340
F24
340
F25
340
F26
340
F27
340
F28
340
F29
340
F2A
340
F2B
340
F2C
340
F2D
340
F2E
340
F2F
340
F30
340
F31
340
F32
340
F33
  0
GROUP
  5
F3D
102
{ACAD_REACTORS
330
D
102
}
330
D
100
AcDbGroup
300

 70
     0
 71
     1
  0
GROUP
  5
F3E
102
{ACAD_REACTORS
330
D
102
}
330
D
100
AcDbGroup
300

 70
     0
 71
     1
340
F3F
340
F40
340
F41
340
F46
  0
GROUP
  5
F4D
102
{ACAD_REACTORS
330
D
102
}
330
D
100
AcDbGroup
300

 70
     0
 71
     1
340
F4E
340
F50
340
F52
340
F53
340
F54
340
F55
  0
GROUP
  5
251
102
{ACAD_REACTORS
330
D
102
}
330
D
100
AcDbGroup
300

 70
     0
 71
     1
340
252
340
253
  0
GROUP
  5
F56
102
{ACAD_REACTORS
330
D
102
}
330
D
100
AcDbGroup
300

 70
     0
 71
     1
340
F57
340
F59
340
F5B
340
F5C
340
F5D
340
F5E
  0
GROUP
  5
F60
102
{ACAD_REACTORS
330
D
102
}
330
D
100
AcDbGroup
300

 70
     0
 71
     1
340
F61
340
F63
340
F65
340
F66
340
F67
340
F68
  0
GROUP
  5
F69
102
{ACAD_REACTORS
330
D
102
}
330
D
100
AcDbGroup
300

 70
     0
 71
     1
340
F6A
340
F6C
340
F6E
340
F6F
340
F70
340
F71
  0
GROUP
  5
257
102
{ACAD_REACTORS
330
D
102
}
330
D
100
AcDbGroup
300

 70
     0
 71
     1
340
258
340
259
340
25A
340
25B
340
25C
340
25D
340
25E
340
25F
340
260
340
261
340
262
340
263
340
264
  0
GROUP
  5
269
102
{ACAD_REACTORS
330
D
102
}
330
D
100
AcDbGroup
300

 70
     0
 71
     1
340
26A
340
26B
340
26C
340
26D
340
26E
340
26F
340
270
  0
GROUP
  5
287
102
{ACAD_REACTORS
330
D
102
}
330
D
100
AcDbGroup
300

 70
     0
 71
     1
340
288
  0
GROUP
  5
28A
102
{ACAD_REACTORS
330
D
102
}
330
D
100
AcDbGroup
300

 70
     0
 71
     1
340
28B
340
28C
  0
GROUP
  5
28D
102
{ACAD_REACTORS
330
D
102
}
330
D
100
AcDbGroup
300

 70
     0
 71
     1
340
5B4
340
5B5
  0
GROUP
  5
28E
102
{ACAD_REACTORS
330
D
102
}
330
D
100
AcDbGroup
300

 70
     0
 71
     1
340
28F
340
290
340
291
340
292
340
293
340
294
340
295
340
296
340
297
340
298
340
299
340
29A
340
29B
340
29C
340
29D
340
29E
340
29F
340
2A0
340
2A1
340
2A2
340
2A3
340
2A4
340
2A5
340
2A6
340
2A7
340
2A8
340
2A9
340
2AA
340
2AB
340
2AC
340
2AD
340
2AE
340
2AF
340
2B0
340
2B1
340
2B2
340
2B3
340
2B4
340
2B5
340
2B6
340
2B7
340
2B8
340
2B9
340
2BA
340
2BB
340
2BC
340
2BD
340
2BE
340
2BF
340
2C0
340
2C1
340
2C2
340
2C3
340
2C4
340
2C5
340
2C6
340
2C7
340
2C8
340
2C9
340
2CA
340
2CB
340
2CC
340
2CD
340
2CE
340
2CF
340
2D0
340
2D1
340
2D2
340
2D3
340
2D4
340
2D5
340
2D6
340
2D7
340
2D8
340
2D9
340
2DA
340
2DB
340
2DC
340
2DD
340
2DE
340
2DF
340
2E0
340
2E1
340
2E2
340
2E3
340
2E4
340
2E5
340
2E6
340
2E7
340
2E8
340
2E9
340
2EA
340
2EB
340
2EC
340
2ED
340
2EE
340
2EF
340
2F0
340
2F1
340
2F2
340
2F3
340
2F4
340
2F5
340
2F6
340
2F7
340
2F8
340
2F9
340
2FA
340
2FB
340
2FC
340
2FD
340
2FE
340
2FF
340
300
340
301
340
302
340
303
340
304
340
305
340
306
340
307
340
308
340
309
340
30A
340
30B
340
30C
340
30D
340
30E
340
30F
340
310
340
311
340
312
340
313
340
314
340
315
340
316
340
317
340
318
340
319
340
31A
340
31B
340
31C
340
31D
340
31E
340
31F
340
320
340
321
340
322
340
323
340
324
340
325
340
326
340
327
340
328
340
329
340
32A
340
32B
340
32C
340
32D
340
32E
340
32F
340
330
340
331
340
332
340
333
340
334
340
335
340
336
340
337
340
338
340
339
340
33A
340
33B
340
33C
340
33D
340
33E
340
33F
340
340
340
341
340
342
340
343
340
344
340
345
340
346
340
347
340
348
340
349
340
34A
340
34B
340
34C
340
34D
340
34E
340
34F
340
350
340
351
340
352
340
353
340
354
340
355
340
356
340
357
340
358
340
359
340
35A
340
35B
340
35C
340
35D
340
35E
340
35F
340
360
340
361
340
362
340
363
340
364
340
365
340
366
340
367
340
368
340
369
340
36A
340
36B
340
36C
340
36D
340
36E
340
36F
340
370
340
371
340
372
340
373
340
374
340
375
340
376
340
377
340
378
340
379
340
37A
340
37B
340
37C
340
37D
340
37E
340
37F
340
380
340
381
340
382
340
383
340
384
340
385
340
386
340
387
340
388
340
389
340
38A
340
38B
340
38C
340
38D
340
38E
340
38F
340
390
340
391
340
392
340
393
340
394
340
395
340
396
340
397
340
398
340
399
340
39A
340
39B
340
39C
340
39D
340
39E
340
39F
340
3A0
340
3A1
340
3A2
340
3A3
340
3A4
340
3A5
340
3A6
340
3A7
340
3A8
340
3A9
340
3AA
340
3AB
340
3AC
340
3AD
340
3AE
340
3AF
340
3B0
340
3B1
340
3B2
340
3B3
340
3B4
340
3B5
340
3B6
340
3B7
340
3B8
340
3B9
340
3BA
340
3BB
340
3BC
340
3BD
340
3BE
340
3BF
340
3C0
340
3C1
340
3C2
340
3C3
340
3C4
340
3C5
340
3C6
340
3C7
340
3C8
340
3C9
340
3CA
340
3CB
340
3CC
340
3CD
340
3CE
340
3CF
340
3D0
340
3D1
340
3D2
340
3D3
340
3D4
340
3D5
340
3D6
340
3D7
340
3D8
340
3D9
340
3DA
340
3DB
340
3DC
340
3DD
340
3DE
340
3DF
340
3E0
340
3E1
340
3E2
340
3E3
340
3E4
340
3E5
340
3E6
340
3E7
340
3E8
340
3E9
340
3EA
340
3EB
340
3EC
340
3ED
340
3EE
340
3EF
340
3F0
340
3F1
340
3F2
340
3F3
340
3F4
340
3F5
340
3F6
340
3F7
340
3F8
340
3F9
340
3FA
340
3FB
340
3FC
340
3FD
340
3FE
340
3FF
340
400
340
401
340
402
340
403
340
404
340
405
340
406
340
407
340
408
340
409
340
40A
340
40B
340
40C
340
40D
340
40E
340
40F
340
410
340
411
340
412
340
413
340
414
340
415
340
416
340
417
340
418
340
419
340
41A
340
41B
340
41C
340
41D
340
41E
340
41F
340
420
340
421
340
422
340
423
340
424
340
425
340
426
340
427
340
428
340
429
340
42A
340
42B
340
42C
340
42D
340
42E
340
42F
340
430
340
431
340
432
340
433
340
434
340
435
340
436
340
437
340
438
340
439
340
43A
340
43B
340
43C
340
43D
340
43E
340
43F
340
440
340
441
340
442
340
443
340
444
340
445
340
446
340
447
340
448
340
449
340
44A
340
44B
340
44C
340
44D
340
44E
340
44F
340
450
340
451
340
452
340
453
340
454
340
455
340
456
340
457
340
458
340
459
340
45A
340
45B
340
45C
340
45D
340
45E
340
45F
340
460
340
461
340
462
340
463
340
464
340
465
340
466
340
467
340
468
340
469
340
46A
340
46B
340
46C
340
46D
340
46E
340
46F
340
470
340
471
340
472
340
473
340
474
340
475
340
476
340
477
340
478
340
479
340
47A
340
47B
340
47C
340
47D
340
47E
340
47F
340
480
340
481
340
482
340
483
340
484
340
485
340
486
340
487
340
488
340
489
340
48A
340
48B
340
48C
340
48D
340
48E
340
48F
340
490
340
491
340
492
340
493
340
494
340
495
340
496
340
497
340
498
340
499
340
49A
340
49B
340
49C
340
49D
340
49E
340
49F
340
4A0
340
4A1
340
4A2
340
4A3
340
4A4
340
4A5
340
4A6
340
4A7
340
4A8
340
4A9
340
4AA
340
4AB
340
4AC
340
4AD
340
4AE
340
4AF
340
4B0
340
4B1
340
4B2
340
4B3
340
4B4
340
4B5
340
4B6
340
4B7
340
4B8
340
4B9
340
4BA
340
4BB
340
4BC
340
4BD
340
4BE
340
4BF
340
4C0
340
4C1
340
4C2
340
4C3
340
4C4
340
4C5
340
4C6
340
4C7
340
4C8
340
4C9
340
4CA
340
4CB
340
4CC
340
4CD
340
4CE
340
4CF
340
4D0
340
4D1
340
4D2
340
4D3
340
4D4
340
4D5
340
4D6
340
4D7
340
4D8
340
4D9
340
4DA
340
4DB
340
4DC
340
4DD
340
4DE
340
4DF
340
4E0
340
4E1
340
4E2
340
4E3
340
4E4
340
4E5
340
4E6
340
4E7
340
4E8
340
4E9
340
4EA
340
4EB
340
4EC
340
4ED
340
4EE
340
4EF
340
4F0
340
4F1
340
4F2
340
4F3
340
4F4
340
4F5
340
4F6
340
4F7
340
4F8
340
4F9
340
4FA
340
4FB
340
4FC
340
4FD
340
4FE
340
4FF
340
500
340
501
340
502
340
503
340
504
340
505
340
506
340
507
340
508
340
509
340
50A
340
50B
340
50C
340
50D
340
50E
340
50F
340
510
340
511
340
512
340
513
340
514
340
515
340
516
340
517
340
518
340
519
340
51A
340
51B
340
51C
340
51D
340
51E
340
51F
340
520
340
521
340
522
340
523
340
524
340
525
340
526
340
527
340
528
340
529
340
52A
340
52B
340
52C
340
52D
340
52E
340
52F
340
530
340
531
340
532
340
533
340
534
340
535
340
536
340
537
340
538
340
539
340
53A
340
53B
340
53C
340
53D
340
53E
340
53F
340
540
340
541
340
542
340
543
340
544
340
545
340
546
340
547
340
548
340
549
340
54A
340
54B
340
54C
340
54D
340
54E
340
54F
340
550
340
551
340
552
340
553
340
554
340
555
340
556
340
557
340
558
340
559
340
55A
340
55B
340
55C
340
55D
340
55E
340
55F
340
560
340
561
340
562
340
563
340
564
340
565
340
566
340
567
340
568
340
569
340
56A
340
56B
340
56C
340
56D
340
56E
340
56F
340
570
340
571
340
572
340
573
340
574
340
575
340
576
340
577
340
578
340
579
340
57A
340
57B
340
57C
340
57D
340
57E
340
57F
340
580
340
581
340
582
340
583
340
584
340
585
340
586
340
587
340
588
340
589
340
58A
340
58B
340
58C
340
58D
340
58E
340
58F
340
590
340
591
340
592
340
593
340
594
340
595
340
596
340
597
340
598
340
599
340
59A
340
59B
340
59C
340
59D
340
59E
340
59F
340
5A0
340
5A1
340
5A2
340
5A3
340
5A4
340
5A5
340
5A6
340
5A7
340
5A8
340
5A9
340
5AA
340
5AB
340
5AC
340
5AD
340
5AE
340
5AF
  0
LAYOUT
  5
1E
102
{ACAD_REACTORS
330
1A
102
}
330
1A
100
AcDbPlotSettings
  1

  2
none_device
  4

  6

 40
0.0
 41
0.0
 42
0.0
 43
0.0
 44
0.0
 45
0.0
 46
0.0
 47
0.0
 48
0.0
 49
0.0
140
0.0
141
0.0
142
1.0
143
1.0
 70
   688
 72
     1
 73
     0
 74
     5
  7

 75
    16
 76
     0
 77
     2
 78
   300
147
1.0
148
0.0
149
0.0
100
AcDbLayout
  1
Layout1
 70
     1
 71
     1
 10
-0.7000000000000002
 20
-0.7000000000000002
 11
1680.7
 21
1188.7
 12
0.0
 22
0.0
 32
0.0
 14
-0.7000000000000002
 24
-0.7000000000000002
 34
0.0
 15
1680.7
 25
1188.7
 35
0.0
146
0.0
 13
0.0
 23
0.0
 33
0.0
 16
1.0
 26
0.0
 36
0.0
 17
0.0
 27
1.0
 37
0.0
 76
     0
330
1B
  0
LAYOUT
  5
26
102
{ACAD_REACTORS
330
1A
102
}
330
1A
100
AcDbPlotSettings
  1

  2
none_device
  4

  6

 40
0.0
 41
0.0
 42
0.0
 43
0.0
 44
0.0
 45
0.0
 46
0.0
 47
0.0
 48
0.0
 49
0.0
140
0.0
141
0.0
142
1.0
143
1.0
 70
   688
 72
     1
 73
     0
 74
     5
  7

 75
    16
 76
     0
 77
     2
 78
   300
147
1.0
148
0.0
149
0.0
100
AcDbLayout
  1
Layout2
 70
     1
 71
     2
 10
0.0
 20
0.0
 11
0.0
 21
0.0
 12
0.0
 22
0.0
 32
0.0
 14
0.0
 24
0.0
 34
0.0
 15
0.0
 25
0.0
 35
0.0
146
0.0
 13
0.0
 23
0.0
 33
0.0
 16
1.0
 26
0.0
 36
0.0
 17
0.0
 27
1.0
 37
0.0
 76
     0
330
23
  0
LAYOUT
  5
22
102
{ACAD_REACTORS
330
1A
102
}
330
1A
100
AcDbPlotSettings
  1

  2
none_device
  4
Letter_(8.50_x_11.00_Inches)
  6

 40
6.35
 41
6.35
 42
6.35000508
 43
6.35000508
 44
215.9
 45
279.4
 46
0.0
 47
0.0
 48
0.0
 49
0.0
140
0.0
141
0.0
142
1.0
143
1.0
 70
  1712
 72
     1
 73
     0
 74
     0
  7

 75
     0
 76
     0
 77
     2
 78
   300
147
1.0
148
0.0
149
0.0
100
AcDbLayout
  1
Model
 70
     1
 71
     0
 10
-0.7000000000000002
 20
-0.7000000000000002
 11
1680.7
 21
1188.7
 12
0.0
 22
0.0
 32
0.0
 14
-0.7000000000000002
 24
-0.7000000000000002
 34
0.0
 15
1680.7
 25
1188.7
 35
0.0
146
0.0
 13
0.0
 23
0.0
 33
0.0
 16
1.0
 26
0.0
 36
0.0
 17
0.0
 27
1.0
 37
0.0
 76
     0
330
1F
331
29
  0
MATERIAL
  5
45
102
{ACAD_REACTORS
330
43
102
}
330
43
100
AcDbMaterial
  1
ByBlock
 72
     1
 94
      127
  0
MATERIAL
  5
44
102
{ACAD_REACTORS
330
43
102
}
330
43
100
AcDbMaterial
  1
ByLayer
 72
     1
 94
      127
  0
MATERIAL
  5
46
102
{ACAD_REACTORS
330
43
102
}
330
43
100
AcDbMaterial
  1
Global
 72
     1
 94
      127
  0
MLEADERSTYLE
  5
5C
102
{ACAD_REACTORS
330
5B
102
}
330
5B
100
AcDbMLeaderStyle
179
     2
170
     2
171
     1
172
     0
 90
        2
 40
0.0
 41
0.0
173
     1
 91
-1056964608
340
14
 92
       -2
290
     1
 42
2.0
291
     1
 43
8.0
  3
Standard
341
0
 44
4.0
300

342
11
174
     1
178
     6
175
     1
176
     0
 93
-1056964608
 45
4.0
292
     0
297
     0
 46
4.0
343
0
 94
-1056964608
 47
1.0
 49
1.0
140
1.0
293
     1
141
0.0
294
     1
177
     0
142
1.0
295
     0
296
     0
143
3.75
271
     0
272
     9
273
     9
298
     0
  0
MLINESTYLE
  5
18
102
{ACAD_REACTORS
330
17
102
}
330
17
100
AcDbMlineStyle
  2
Standard
 70
     0
  3

 62
   256
 51
90.0
 52
90.0
 71
     2
 49
0.5
 62
   256
  6
BYLAYER
 49
-0.5
 62
   256
  6
BYLAYER
  0
ACDBPLACEHOLDER
  5
F
102
{ACAD_REACTORS
330
E
102
}
330
E
  0
SCALE
  5
48
102
{ACAD_REACTORS
330
47
102
}
330
47
100
AcDbScale
 70
     0
300
1:1
140
1.0
141
1.0
290
     1
  0
SCALE
  5
49
102
{ACAD_REACTORS
330
47
102
}
330
47
100
AcDbScale
 70
     0
300
1:2
140
1.0
141
2.0
290
     0
  0
SCALE
  5
4A
102
{ACAD_REACTORS
330
47
102
}
330
47
100
AcDbScale
 70
     0
300
1:4
140
1.0
141
4.0
290
     0
  0
SCALE
  5
4B
102
{ACAD_REACTORS
330
47
102
}
330
47
100
AcDbScale
 70
     0
300
1:5
140
1.0
141
5.0
290
     0
  0
SCALE
  5
4C
102
{ACAD_REACTORS
330
47
102
}
330
47
100
AcDbScale
 70
     0
300
1:8
140
1.0
141
8.0
290
     0
  0
SCALE
  5
4D
102
{ACAD_REACTORS
330
47
102
}
330
47
100
AcDbScale
 70
     0
300
1:10
140
1.0
141
10.0
290
     0
  0
SCALE
  5
4E
102
{ACAD_REACTORS
330
47
102
}
330
47
100
AcDbScale
 70
     0
300
1:16
140
1.0
141
16.0
290
     0
  0
SCALE
  5
4F
102
{ACAD_REACTORS
330
47
102
}
330
47
100
AcDbScale
 70
     0
300
1:20
140
1.0
141
20.0
290
     0
  0
SCALE
  5
50
102
{ACAD_REACTORS
330
47
102
}
330
47
100
AcDbScale
 70
     0
300
1:30
140
1.0
141
30.0
290
     0
  0
SCALE
  5
51
102
{ACAD_REACTORS
330
47
102
}
330
47
100
AcDbScale
 70
     0
300
1:40
140
1.0
141
40.0
290
     0
  0
SCALE
  5
52
102
{ACAD_REACTORS
330
47
102
}
330
47
100
AcDbScale
 70
     0
300
1:50
140
1.0
141
50.0
290
     0
  0
SCALE
  5
53
102
{ACAD_REACTORS
330
47
102
}
330
47
100
AcDbScale
 70
     0
300
1:100
140
1.0
141
100.0
290
     0
  0
SCALE
  5
54
102
{ACAD_REACTORS
330
47
102
}
330
47
100
AcDbScale
 70
     0
300
2:1
140
2.0
141
1.0
290
     0
  0
SCALE
  5
55
102
{ACAD_REACTORS
330
47
102
}
330
47
100
AcDbScale
 70
     0
300
4:1
140
4.0
141
1.0
290
     0
  0
SCALE
  5
56
102
{ACAD_REACTORS
330
47
102
}
330
47
100
AcDbScale
 70
     0
300
8:1
140
8.0
141
1.0
290
     0
  0
SCALE
  5
57
102
{ACAD_REACTORS
330
47
102
}
330
47
100
AcDbScale
 70
     0
300
10:1
140
10.0
141
1.0
290
     0
  0
SCALE
  5
58
102
{ACAD_REACTORS
330
47
102
}
330
47
100
AcDbScale
 70
     0
300
100:1
140
100.0
141
1.0
290
     0
  0
TABLESTYLE
  5
5A
102
{ACAD_REACTORS
330
59
102
}
102
{ACAD_XDICTIONARY
360
F88
102
}
330
59
100
AcDbTableStyle
  3
Standard
 70
     0
 71
     0
 40
0.06
 41
0.06
280
     0
281
     0
  7
Standard
140
4.5
170
     2
 62
     0
 63
   257
283
     0
 90
        4
 91
        0
  1

274
    -2
284
     1
 64
     0
275
    -2
285
     1
 65
     0
276
    -2
286
     1
 66
     0
277
    -2
287
     1
 67
     0
278
    -2
288
     1
 68
     0
279
    -2
289
     1
 69
     0
  7
Standard
140
6.0
170
     5
 62
     0
 63
   257
283
     0
 90
        4
 91
        0
  1

274
    -2
284
     1
 64
     0
275
    -2
285
     1
 65
     0
276
    -2
286
     1
 66
     0
277
    -2
287
     1
 67
     0
278
    -2
288
     1
 68
     0
279
    -2
289
     1
 69
     0
  7
Standard
140
4.5
170
     5
 62
     0
 63
   257
283
     0
 90
        4
 91
        0
  1

274
    -2
284
     1
 64
     0
275
    -2
285
     1
 65
     0
276
    -2
286
     1
 66
     0
277
    -2
287
     1
 67
     0
278
    -2
288
     1
 68
     0
279
    -2
289
     1
 69
     0
  0
VISUALSTYLE
  5
2F
102
{ACAD_REACTORS
330
2A
102
}
330
2A
100
AcDbVisualStyle
  2
2dWireframe
 70
     4
177
     3
291
     0
 70
    58
 90
        0
176
     1
 90
        2
176
     1
 90
        0
176
     1
 90
        0
176
     1
 40
0.6
176
     1
 40
30.0
176
     1
 62
     7
420
 16777215
176
     1
 90
        1
176
     1
 90
        4
176
     1
 62
     7
176
     1
 62
   257
176
     1
 90
        1
176
     1
 90
        1
176
     1
 40
1.0
176
     1
 90
        0
176
     1
 62
   257
176
     1
 40
1.0
176
     1
 90
        1
176
     1
 90
        6
176
     1
 90
        2
176
     1
 62
     7
176
     1
 90
        5
176
     1
 90
        0
176
     1
 90
        0
176
     1
290
     0
176
     1
 90
        1
176
     1
 40
0.0
176
     1
 90
        0
176
     1
290
     1
176
     1
290
     1
176
     1
290
     0
176
     1
290
     0
176
     1
290
     0
176
     1
290
     0
176
     1
290
     0
176
     1
290
     0
176
     1
290
     0
176
     1
 90
       50
176
     1
 40
0.0
176
     1
 40
1.0
176
     1
 90
        0
176
     1
 62
    18
420
        0
176
     1
 90
       50
176
     1
 90
        3
176
     1
 62
     5
420
      255
176
     1
290
     0
176
     1
 90
       50
176
     1
 90
       50
176
     1
 90
       50
176
     1
290
     0
176
     1
 90
       50
176
     1
 62
   256
176
     0
 40
1.0
176
     0
 90
        2
176
     1
  1
strokes_ogs.tif
176
     1
290
     0
176
     1
 40
1.0
176
     1
 40
1.0
176
     1
  0
VISUALSTYLE
  5
32
102
{ACAD_REACTORS
330
2A
102
}
330
2A
100
AcDbVisualStyle
  2
Basic
 70
     7
177
     3
291
     1
 70
    58
 90
        1
176
     1
 90
        0
176
     1
 90
        1
176
     1
 90
        0
176
     1
 40
0.6
176
     1
 40
30.0
176
     1
 62
     7
420
 16777215
176
     1
 90
        0
176
     1
 90
        4
176
     1
 62
     7
176
     1
 62
   257
176
     1
 90
        1
176
     1
 90
        1
176
     1
 40
1.0
176
     1
 90
        8
176
     1
 62
     7
176
     1
 40
1.0
176
     1
 90
        1
176
     1
 90
        6
176
     1
 90
        2
176
     1
 62
     7
176
     1
 90
        5
176
     1
 90
        0
176
     1
 90
        0
176
     1
290
     0
176
     1
 90
        1
176
     1
 40
0.0
176
     1
 90
        0
176
     1
290
     0
176
     1
290
     1
176
     1
290
     1
176
     1
290
     0
176
     1
290
     0
176
     1
290
     0
176
     1
290
     0
176
     1
290
     0
176
     1
290
     0
176
     1
 90
       50
176
     1
 40
0.0
176
     1
 40
1.0
176
     1
 90
        0
176
     1
 62
    18
420
        0
176
     1
 90
       50
176
     1
 90
        3
176
     1
 62
     5
420
      255
176
     1
290
     0
176
     1
 90
       50
176
     1
 90
       50
176
     1
 90
       50
176
     1
290
     0
176
     1
 90
       50
176
     1
 62
   256
176
     0
 40
1.0
176
     0
 90
        2
176
     1
  1
strokes_ogs.tif
176
     1
290
     0
176
     1
 40
1.0
176
     1
 40
1.0
176
     1
  0
VISUALSTYLE
  5
36
102
{ACAD_REACTORS
330
2A
102
}
330
2A
100
AcDbVisualStyle
  2
Brighten
 70
    12
177
     3
291
     1
 70
    58
 90
        2
176
     1
 90
        2
176
     1
 90
        0
176
     1
 90
        0
176
     1
 40
0.6
176
     1
 40
30.0
176
     1
 62
     7
420
 16777215
176
     1
 90
        1
176
     1
 90
        4
176
     1
 62
     7
176
     1
 62
   257
176
     1
 90
        1
176
     1
 90
        1
176
     1
 40
1.0
176
     1
 90
        8
176
     1
 62
     7
176
     1
 40
1.0
176
     1
 90
        1
176
     1
 90
        6
176
     1
 90
        2
176
     1
 62
     7
176
     1
 90
        5
176
     1
 90
        0
176
     1
 90
        0
176
     1
290
     0
176
     1
 90
        1
176
     1
 40
50.0
176
     1
 90
        0
176
     1
290
     0
176
     1
290
     1
176
     1
290
     1
176
     1
290
     0
176
     1
290
     0
176
     1
290
     0
176
     1
290
     0
176
     1
290
     0
176
     1
290
     0
176
     1
 90
       50
176
     1
 40
0.0
176
     1
 40
1.0
176
     1
 90
        0
176
     1
 62
    18
420
        0
176
     1
 90
       50
176
     1
 90
        3
176
     1
 62
     5
420
      255
176
     1
290
     0
176
     1
 90
       50
176
     1
 90
       50
176
     1
 90
       50
176
     1
290
     0
176
     1
 90
       50
176
     1
 62
   256
176
     0
 40
1.0
176
     0
 90
        2
176
     1
  1
strokes_ogs.tif
176
     1
290
     0
176
     1
 40
1.0
176
     1
 40
1.0
176
     1
  0
VISUALSTYLE
  5
3A
102
{ACAD_REACTORS
330
2A
102
}
330
2A
100
AcDbVisualStyle
  2
ColorChange
 70
    16
177
     3
291
     1
 70
    58
 90
        2
176
     1
 90
        2
176
     1
 90
        3
176
     1
 90
        0
176
     1
 40
0.6
176
     1
 40
30.0
176
     1
 62
     8
420
  8421504
176
     1
 90
        1
176
     1
 90
        4
176
     1
 62
     7
176
     1
 62
   257
176
     1
 90
        1
176
     1
 90
        1
176
     1
 40
1.0
176
     1
 90
        8
176
     1
 62
     8
420
  8421504
176
     1
 40
1.0
176
     1
 90
        1
176
     1
 90
        6
176
     1
 90
        2
176
     1
 62
     7
176
     1
 90
        5
176
     1
 90
        0
176
     1
 90
        0
176
     1
290
     0
176
     1
 90
        1
176
     1
 40
0.0
176
     1
 90
        0
176
     1
290
     0
176
     1
290
     1
176
     1
290
     1
176
     1
290
     0
176
     1
290
     0
176
     1
290
     0
176
     1
290
     0
176
     1
290
     0
176
     1
290
     0
176
     1
 90
       50
176
     1
 40
0.0
176
     1
 40
1.0
176
     1
 90
        0
176
     1
 62
    18
420
        0
176
     1
 90
       50
176
     1
 90
        3
176
     1
 62
     5
420
      255
176
     1
290
     0
176
     1
 90
       50
176
     1
 90
       50
176
     1
 90
       50
176
     1
290
     0
176
     1
 90
       50
176
     1
 62
   256
176
     0
 40
1.0
176
     0
 90
        2
176
     1
  1
strokes_ogs.tif
176
     1
290
     0
176
     1
 40
1.0
176
     1
 40
1.0
176
     1
  0
VISUALSTYLE
  5
34
102
{ACAD_REACTORS
330
2A
102
}
330
2A
100
AcDbVisualStyle
  2
Conceptual
 70
     9
177
     3
291
     0
 70
    58
 90
        3
176
     1
 90
        2
176
     1
 90
        0
176
     1
 90
        0
176
     1
 40
0.6
176
     1
 40
30.0
176
     1
 62
     7
420
 16777215
176
     1
 90
        2
176
     1
 90
        2
176
     1
 62
     7
176
     1
 62
   257
176
     1
 90
        1
176
     1
 90
        1
176
     1
 40
179.0
176
     1
 90
        8
176
     1
 62
     7
176
     1
 40
1.0
176
     1
 90
        1
176
     1
 90
        6
176
     1
 90
        2
176
     1
 62
     7
176
     1
 90
        3
176
     1
 90
        0
176
     1
 90
        0
176
     1
290
     0
176
     1
 90
        1
176
     1
 40
0.0
176
     1
 90
        0
176
     1
290
     0
176
     1
290
     1
176
     1
290
     1
176
     1
290
     0
176
     1
290
     0
176
     1
290
     0
176
     1
290
     0
176
     1
290
     0
176
     1
290
     0
176
     1
 90
       50
176
     1
 40
0.0
176
     1
 40
1.0
176
     1
 90
        0
176
     1
 62
    18
420
        0
176
     1
 90
       50
176
     1
 90
        3
176
     1
 62
     5
420
      255
176
     1
290
     0
176
     1
 90
       50
176
     1
 90
       50
176
     1
 90
       50
176
     1
290
     0
176
     1
 90
       50
176
     1
 62
   256
176
     0
 40
1.0
176
     0
 90
        2
176
     1
  1
strokes_ogs.tif
176
     1
290
     0
176
     1
 40
1.0
176
     1
 40
1.0
176
     1
  0
VISUALSTYLE
  5
35
102
{ACAD_REACTORS
330
2A
102
}
330
2A
100
AcDbVisualStyle
  2
Dim
 70
    11
177
     3
291
     1
 70
    58
 90
        2
176
     1
 90
        2
176
     1
 90
        0
176
     1
 90
        0
176
     1
 40
0.6
176
     1
 40
30.0
176
     1
 62
     7
420
 16777215
176
     1
 90
        1
176
     1
 90
        4
176
     1
 62
     7
176
     1
 62
   257
176
     1
 90
        1
176
     1
 90
        1
176
     1
 40
1.0
176
     1
 90
        8
176
     1
 62
     7
176
     1
 40
1.0
176
     1
 90
        1
176
     1
 90
        6
176
     1
 90
        2
176
     1
 62
     7
176
     1
 90
        5
176
     1
 90
        0
176
     1
 90
        0
176
     1
290
     0
176
     1
 90
        1
176
     1
 40
-50.0
176
     1
 90
        0
176
     1
290
     0
176
     1
290
     1
176
     1
290
     1
176
     1
290
     0
176
     1
290
     0
176
     1
290
     0
176
     1
290
     0
176
     1
290
     0
176
     1
290
     0
176
     1
 90
       50
176
     1
 40
0.0
176
     1
 40
1.0
176
     1
 90
        0
176
     1
 62
    18
420
        0
176
     1
 90
       50
176
     1
 90
        3
176
     1
 62
     5
420
      255
176
     1
290
     0
176
     1
 90
       50
176
     1
 90
       50
176
     1
 90
       50
176
     1
290
     0
176
     1
 90
       50
176
     1
 62
   256
176
     0
 40
1.0
176
     0
 90
        2
176
     1
  1
strokes_ogs.tif
176
     1
290
     0
176
     1
 40
1.0
176
     1
 40
1.0
176
     1
  0
VISUALSTYLE
  5
3D
102
{ACAD_REACTORS
330
2A
102
}
330
2A
100
AcDbVisualStyle
  2
EdgeColorOff
 70
    22
177
     3
291
     1
 70
    58
 90
        2
176
     0
 90
        2
176
     0
 90
        0
176
     0
 90
        0
176
     0
 40
0.6
176
     0
 40
30.0
176
     0
 62
     7
420
 16777215
176
     0
 90
        1
176
     0
 90
        4
176
     0
 62
     7
176
     0
 62
   257
176
     0
 90
        1
176
     0
 90
        1
176
     0
 40
1.0
176
     0
 90
        8
176
     2
 62
     7
176
     0
 40
1.0
176
     0
 90
        1
176
     0
 90
        6
176
     0
 90
        2
176
     0
 62
     7
176
     0
 90
        5
176
     0
 90
        0
176
     0
 90
        0
176
     0
290
     0
176
     0
 90
        1
176
     0
 40
0.0
176
     0
 90
        0
176
     0
290
     0
176
     0
290
     1
176
     0
290
     1
176
     0
290
     0
176
     0
290
     0
176
     0
290
     0
176
     0
290
     0
176
     0
290
     0
176
     0
290
     0
176
     0
 90
       50
176
     0
 40
0.0
176
     0
 40
1.0
176
     0
 90
        0
176
     0
 62
    18
420
        0
176
     0
 90
       50
176
     0
 90
        3
176
     0
 62
     5
420
      255
176
     0
290
     0
176
     0
 90
       50
176
     0
 90
       50
176
     0
 90
       50
176
     0
290
     0
176
     0
 90
       50
176
     0
 62
   256
176
     0
 40
1.0
176
     0
 90
        2
176
     0
  1
strokes_ogs.tif
176
     0
290
     0
176
     0
 40
1.0
176
     0
 40
1.0
176
     0
  0
VISUALSTYLE
  5
39
102
{ACAD_REACTORS
330
2A
102
}
330
2A
100
AcDbVisualStyle
  2
Facepattern
 70
    15
177
     3
291
     1
 70
    58
 90
        2
176
     1
 90
        2
176
     1
 90
        0
176
     1
 90
        0
176
     1
 40
0.6
176
     1
 40
30.0
176
     1
 62
     7
420
 16777215
176
     1
 90
        1
176
     1
 90
        4
176
     1
 62
     7
176
     1
 62
   257
176
     1
 90
        1
176
     1
 90
        1
176
     1
 40
1.0
176
     1
 90
        8
176
     1
 62
     7
176
     1
 40
1.0
176
     1
 90
        1
176
     1
 90
        6
176
     1
 90
        2
176
     1
 62
     7
176
     1
 90
        5
176
     1
 90
        0
176
     1
 90
        0
176
     1
290
     0
176
     1
 90
        1
176
     1
 40
0.0
176
     1
 90
        0
176
     1
290
     0
176
     1
290
     1
176
     1
290
     1
176
     1
290
     0
176
     1
290
     0
176
     1
290
     0
176
     1
290
     0
176
     1
290
     0
176
     1
290
     0
176
     1
 90
       50
176
     1
 40
0.0
176
     1
 40
1.0
176
     1
 90
        0
176
     1
 62
    18
420
        0
176
     1
 90
       50
176
     1
 90
        3
176
     1
 62
     5
420
      255
176
     1
290
     0
176
     1
 90
       50
176
     1
 90
       50
176
     1
 90
       50
176
     1
290
     0
176
     1
 90
       50
176
     1
 62
   256
176
     0
 40
1.0
176
     0
 90
        2
176
     1
  1
strokes_ogs.tif
176
     1
290
     0
176
     1
 40
1.0
176
     1
 40
1.0
176
     1
  0
VISUALSTYLE
  5
2B
102
{ACAD_REACTORS
330
2A
102
}
330
2A
100
AcDbVisualStyle
  2
Flat
 70
     0
177
     3
291
     1
 70
    58
 90
        2
176
     1
 90
        1
176
     1
 90
        1
176
     1
 90
        2
176
     1
 40
0.6
176
     1
 40
30.0
176
     1
 62
     7
420
 16777215
176
     1
 90
        0
176
     1
 90
        0
176
     1
 62
     7
176
     1
 62
   257
176
     1
 90
        1
176
     1
 90
        1
176
     1
 40
1.0
176
     1
 90
        8
176
     1
 62
     7
176
     1
 40
1.0
176
     1
 90
        1
176
     1
 90
        6
176
     1
 90
        2
176
     1
 62
     7
176
     1
 90
        5
176
     1
 90
        0
176
     1
 90
        0
176
     1
290
     0
176
     1
 90
       13
176
     1
 40
0.0
176
     1
 90
        0
176
     1
290
     0
176
     1
290
     1
176
     1
290
     1
176
     1
290
     0
176
     1
290
     0
176
     1
290
     0
176
     1
290
     0
176
     1
290
     0
176
     1
290
     0
176
     1
 90
       50
176
     1
 40
0.0
176
     1
 40
1.0
176
     1
 90
        0
176
     1
 62
    18
420
        0
176
     1
 90
       50
176
     1
 90
        3
176
     1
 62
     5
420
      255
176
     1
290
     0
176
     1
 90
       50
176
     1
 90
       50
176
     1
 90
       50
176
     1
290
     0
176
     1
 90
       50
176
     1
 62
   256
176
     0
 40
1.0
176
     0
 90
        2
176
     1
  1
strokes_ogs.tif
176
     1
290
     0
176
     1
 40
1.0
176
     1
 40
1.0
176
     1
  0
VISUALSTYLE
  5
2C
102
{ACAD_REACTORS
330
2A
102
}
330
2A
100
AcDbVisualStyle
  2
FlatWithEdges
 70
     1
177
     3
291
     1
 70
    58
 90
        2
176
     1
 90
        1
176
     1
 90
        1
176
     1
 90
        2
176
     1
 40
0.6
176
     1
 40
30.0
176
     1
 62
     7
420
 16777215
176
     1
 90
        1
176
     1
 90
        0
176
     1
 62
     7
176
     1
 62
   257
176
     1
 90
        1
176
     1
 90
        1
176
     1
 40
1.0
176
     1
 90
        0
176
     1
 62
   257
176
     1
 40
1.0
176
     1
 90
        1
176
     1
 90
        6
176
     1
 90
        2
176
     1
 62
     7
176
     1
 90
        5
176
     1
 90
        0
176
     1
 90
        0
176
     1
290
     0
176
     1
 90
       13
176
     1
 40
0.0
176
     1
 90
        0
176
     1
290
     0
176
     1
290
     1
176
     1
290
     1
176
     1
290
     0
176
     1
290
     0
176
     1
290
     0
176
     1
290
     0
176
     1
290
     0
176
     1
290
     0
176
     1
 90
       50
176
     1
 40
0.0
176
     1
 40
1.0
176
     1
 90
        0
176
     1
 62
    18
420
        0
176
     1
 90
       50
176
     1
 90
        3
176
     1
 62
     5
420
      255
176
     1
290
     0
176
     1
 90
       50
176
     1
 90
       50
176
     1
 90
       50
176
     1
290
     0
176
     1
 90
       50
176
     1
 62
   256
176
     0
 40
1.0
176
     0
 90
        2
176
     1
  1
strokes_ogs.tif
176
     1
290
     0
176
     1
 40
1.0
176
     1
 40
1.0
176
     1
  0
VISUALSTYLE
  5
2D
102
{ACAD_REACTORS
330
2A
102
}
330
2A
100
AcDbVisualStyle
  2
Gouraud
 70
     2
177
     3
291
     1
 70
    58
 90
        2
176
     1
 90
        2
176
     1
 90
        1
176
     1
 90
        2
176
     1
 40
0.6
176
     1
 40
30.0
176
     1
 62
     7
420
 16777215
176
     1
 90
        0
176
     1
 90
        0
176
     1
 62
     7
176
     1
 62
   257
176
     1
 90
        1
176
     1
 90
        1
176
     1
 40
1.0
176
     1
 90
        0
176
     1
 62
     7
176
     1
 40
1.0
176
     1
 90
        1
176
     1
 90
        6
176
     1
 90
        2
176
     1
 62
     7
176
     1
 90
        5
176
     1
 90
        0
176
     1
 90
        0
176
     1
290
     0
176
     1
 90
       13
176
     1
 40
0.0
176
     1
 90
        0
176
     1
290
     0
176
     1
290
     1
176
     1
290
     1
176
     1
290
     0
176
     1
290
     0
176
     1
290
     0
176
     1
290
     0
176
     1
290
     0
176
     1
290
     0
176
     1
 90
       50
176
     1
 40
0.0
176
     1
 40
1.0
176
     1
 90
        0
176
     1
 62
    18
420
        0
176
     1
 90
       50
176
     1
 90
        3
176
     1
 62
     5
420
      255
176
     1
290
     0
176
     1
 90
       50
176
     1
 90
       50
176
     1
 90
       50
176
     1
290
     0
176
     1
 90
       50
176
     1
 62
   256
176
     0
 40
1.0
176
     0
 90
        2
176
     1
  1
strokes_ogs.tif
176
     1
290
     0
176
     1
 40
1.0
176
     1
 40
1.0
176
     1
  0
VISUALSTYLE
  5
2E
102
{ACAD_REACTORS
330
2A
102
}
330
2A
100
AcDbVisualStyle
  2
GouraudWithEdges
 70
     3
177
     3
291
     1
 70
    58
 90
        2
176
     1
 90
        2
176
     1
 90
        1
176
     1
 90
        2
176
     1
 40
0.6
176
     1
 40
30.0
176
     1
 62
     7
420
 16777215
176
     1
 90
        1
176
     1
 90
        0
176
     1
 62
     7
176
     1
 62
   257
176
     1
 90
        1
176
     1
 90
        1
176
     1
 40
1.0
176
     1
 90
        0
176
     1
 62
   257
176
     1
 40
1.0
176
     1
 90
        1
176
     1
 90
        6
176
     1
 90
        2
176
     1
 62
     7
176
     1
 90
        5
176
     1
 90
        0
176
     1
 90
        0
176
     1
290
     0
176
     1
 90
       13
176
     1
 40
0.0
176
     1
 90
        0
176
     1
290
     0
176
     1
290
     1
176
     1
290
     1
176
     1
290
     0
176
     1
290
     0
176
     1
290
     0
176
     1
290
     0
176
     1
290
     0
176
     1
290
     0
176
     1
 90
       50
176
     1
 40
0.0
176
     1
 40
1.0
176
     1
 90
        0
176
     1
 62
    18
420
        0
176
     1
 90
       50
176
     1
 90
        3
176
     1
 62
     5
420
      255
176
     1
290
     0
176
     1
 90
       50
176
     1
 90
       50
176
     1
 90
       50
176
     1
290
     0
176
     1
 90
       50
176
     1
 62
   256
176
     0
 40
1.0
176
     0
 90
        2
176
     1
  1
strokes_ogs.tif
176
     1
290
     0
176
     1
 40
1.0
176
     1
 40
1.0
176
     1
  0
VISUALSTYLE
  5
31
102
{ACAD_REACTORS
330
2A
102
}
330
2A
100
AcDbVisualStyle
  2
Hidden
 70
     6
177
     3
291
     0
 70
    58
 90
        1
176
     1
 90
        2
176
     1
 90
        2
176
     1
 90
        0
176
     1
 40
0.6
176
     1
 40
30.0
176
     1
 62
     7
420
 16777215
176
     1
 90
        2
176
     1
 90
        2
176
     1
 62
     7
176
     1
 62
   257
176
     1
 90
        2
176
     1
 90
        1
176
     1
 40
40.0
176
     1
 90
        0
176
     1
 62
   257
176
     1
 40
1.0
176
     1
 90
        1
176
     1
 90
        6
176
     1
 90
        2
176
     1
 62
     7
176
     1
 90
        3
176
     1
 90
        0
176
     1
 90
        0
176
     1
290
     0
176
     1
 90
        1
176
     1
 40
0.0
176
     1
 90
        0
176
     1
290
     0
176
     1
290
     1
176
     1
290
     1
176
     1
290
     0
176
     1
290
     0
176
     1
290
     0
176
     1
290
     0
176
     1
290
     0
176
     1
290
     0
176
     1
 90
       50
176
     1
 40
0.0
176
     1
 40
1.0
176
     1
 90
        0
176
     1
 62
    18
420
        0
176
     1
 90
       50
176
     1
 90
        3
176
     1
 62
     5
420
      255
176
     1
290
     0
176
     1
 90
       50
176
     1
 90
       50
176
     1
 90
       50
176
     1
290
     0
176
     1
 90
       50
176
     1
 62
   256
176
     0
 40
1.0
176
     0
 90
        2
176
     1
  1
strokes_ogs.tif
176
     1
290
     0
176
     1
 40
1.0
176
     1
 40
1.0
176
     1
  0
VISUALSTYLE
  5
3B
102
{ACAD_REACTORS
330
2A
102
}
330
2A
100
AcDbVisualStyle
  2
JitterOff
 70
    20
177
     3
291
     1
 70
    58
 90
        2
176
     0
 90
        2
176
     0
 90
        0
176
     0
 90
        0
176
     0
 40
0.6
176
     0
 40
30.0
176
     0
 62
     7
420
 16777215
176
     0
 90
        1
176
     0
 90
        4
176
     0
 62
     7
176
     0
 62
   257
176
     0
 90
        1
176
     0
 90
        1
176
     0
 40
1.0
176
     0
 90
       10
176
     2
 62
     7
176
     0
 40
1.0
176
     0
 90
        1
176
     0
 90
        6
176
     0
 90
        2
176
     0
 62
     7
176
     0
 90
        5
176
     0
 90
        0
176
     0
 90
        0
176
     0
290
     0
176
     0
 90
        1
176
     0
 40
0.0
176
     0
 90
        0
176
     0
290
     0
176
     0
290
     1
176
     0
290
     1
176
     0
290
     0
176
     0
290
     0
176
     0
290
     0
176
     0
290
     0
176
     0
290
     0
176
     0
290
     0
176
     0
 90
       50
176
     0
 40
0.0
176
     0
 40
1.0
176
     0
 90
        0
176
     0
 62
    18
420
        0
176
     0
 90
       50
176
     0
 90
        3
176
     0
 62
     5
420
      255
176
     0
290
     0
176
     0
 90
       50
176
     0
 90
       50
176
     0
 90
       50
176
     0
290
     0
176
     0
 90
       50
176
     0
 62
   256
176
     0
 40
1.0
176
     0
 90
        2
176
     0
  1
strokes_ogs.tif
176
     0
290
     0
176
     0
 40
1.0
176
     0
 40
1.0
176
     0
  0
VISUALSTYLE
  5
38
102
{ACAD_REACTORS
330
2A
102
}
330
2A
100
AcDbVisualStyle
  2
Linepattern
 70
    14
177
     3
291
     1
 70
    58
 90
        2
176
     1
 90
        2
176
     1
 90
        0
176
     1
 90
        0
176
     1
 40
0.6
176
     1
 40
30.0
176
     1
 62
     7
420
 16777215
176
     1
 90
        1
176
     1
 90
        4
176
     1
 62
     7
176
     1
 62
   257
176
     1
 90
        7
176
     1
 90
        7
176
     1
 40
1.0
176
     1
 90
        8
176
     1
 62
     7
176
     1
 40
1.0
176
     1
 90
        1
176
     1
 90
        6
176
     1
 90
        2
176
     1
 62
     7
176
     1
 90
        5
176
     1
 90
        0
176
     1
 90
        0
176
     1
290
     0
176
     1
 90
        1
176
     1
 40
0.0
176
     1
 90
        0
176
     1
290
     0
176
     1
290
     1
176
     1
290
     1
176
     1
290
     0
176
     1
290
     0
176
     1
290
     0
176
     1
290
     0
176
     1
290
     0
176
     1
290
     0
176
     1
 90
       50
176
     1
 40
0.0
176
     1
 40
1.0
176
     1
 90
        0
176
     1
 62
    18
420
        0
176
     1
 90
       50
176
     1
 90
        3
176
     1
 62
     5
420
      255
176
     1
290
     0
176
     1
 90
       50
176
     1
 90
       50
176
     1
 90
       50
176
     1
290
     0
176
     1
 90
       50
176
     1
 62
   256
176
     0
 40
1.0
176
     0
 90
        2
176
     1
  1
strokes_ogs.tif
176
     1
290
     0
176
     1
 40
1.0
176
     1
 40
1.0
176
     1
  0
VISUALSTYLE
  5
3C
102
{ACAD_REACTORS
330
2A
102
}
330
2A
100
AcDbVisualStyle
  2
OverhangOff
 70
    21
177
     3
291
     1
 70
    58
 90
        2
176
     0
 90
        2
176
     0
 90
        0
176
     0
 90
        0
176
     0
 40
0.6
176
     0
 40
30.0
176
     0
 62
     7
420
 16777215
176
     0
 90
        1
176
     0
 90
        4
176
     0
 62
     7
176
     0
 62
   257
176
     0
 90
        1
176
     0
 90
        1
176
     0
 40
1.0
176
     0
 90
        9
176
     2
 62
     7
176
     0
 40
1.0
176
     0
 90
        1
176
     0
 90
        6
176
     0
 90
        2
176
     0
 62
     7
176
     0
 90
        5
176
     0
 90
        0
176
     0
 90
        0
176
     0
290
     0
176
     0
 90
        1
176
     0
 40
0.0
176
     0
 90
        0
176
     0
290
     0
176
     0
290
     1
176
     0
290
     1
176
     0
290
     0
176
     0
290
     0
176
     0
290
     0
176
     0
290
     0
176
     0
290
     0
176
     0
290
     0
176
     0
 90
       50
176
     0
 40
0.0
176
     0
 40
1.0
176
     0
 90
        0
176
     0
 62
    18
420
        0
176
     0
 90
       50
176
     0
 90
        3
176
     0
 62
     5
420
      255
176
     0
290
     0
176
     0
 90
       50
176
     0
 90
       50
176
     0
 90
       50
176
     0
290
     0
176
     0
 90
       50
176
     0
 62
   256
176
     0
 40
1.0
176
     0
 90
        2
176
     0
  1
strokes_ogs.tif
176
     0
290
     0
176
     0
 40
1.0
176
     0
 40
1.0
176
     0
  0
VISUALSTYLE
  5
33
102
{ACAD_REACTORS
330
2A
102
}
330
2A
100
AcDbVisualStyle
  2
Realistic
 70
     8
177
     3
291
     0
 70
    58
 90
        2
176
     1
 90
        3
176
     1
 90
        0
176
     1
 90
        2
176
     1
 40
0.6
176
     1
 40
30.0
176
     1
 62
     7
420
 16777215
176
     1
 90
        0
176
     1
 90
        0
176
     1
 62
     7
176
     1
 62
   257
176
     1
 90
        1
176
     1
 90
        1
176
     1
 40
1.0
176
     1
 90
        8
176
     1
 62
   257
176
     1
 40
1.0
176
     1
 90
        1
176
     1
 90
        6
176
     1
 90
        2
176
     1
 62
     7
176
     1
 90
        3
176
     1
 90
        0
176
     1
 90
        0
176
     1
290
     0
176
     1
 90
       13
176
     1
 40
0.0
176
     1
 90
        0
176
     1
290
     0
176
     1
290
     1
176
     1
290
     1
176
     1
290
     0
176
     1
290
     0
176
     1
290
     0
176
     1
290
     0
176
     1
290
     0
176
     1
290
     0
176
     1
 90
       50
176
     1
 40
0.0
176
     1
 40
1.0
176
     1
 90
        0
176
     1
 62
    18
420
        0
176
     1
 90
       50
176
     1
 90
        3
176
     1
 62
     5
420
      255
176
     1
290
     0
176
     1
 90
       50
176
     1
 90
       50
176
     1
 90
       50
176
     1
290
     0
176
     1
 90
       50
176
     1
 62
   256
176
     0
 40
1.0
176
     0
 90
        2
176
     1
  1
strokes_ogs.tif
176
     1
290
     0
176
     1
 40
1.0
176
     1
 40
1.0
176
     1
  0
VISUALSTYLE
  5
42
102
{ACAD_REACTORS
330
2A
102
}
330
2A
100
AcDbVisualStyle
  2
Shaded
 70
    27
177
     3
291
     0
 70
    58
 90
        2
176
     1
 90
        2
176
     1
 90
        1
176
     1
 90
        2
176
     1
 40
0.6
176
     1
 40
30.0
176
     1
 62
     7
420
 16777215
176
     1
 90
        0
176
     1
 90
        4
176
     1
 62
     7
176
     1
 62
   257
176
     1
 90
        1
176
     1
 90
        1
176
     1
 40
1.0
176
     1
 90
        8
176
     1
 62
   257
176
     1
 40
1.0
176
     1
 90
        1
176
     1
 90
        6
176
     1
 90
        2
176
     1
 62
     8
420
  7895160
176
     1
 90
        3
176
     1
 90
        0
176
     1
 90
        0
176
     1
290
     0
176
     1
 90
        5
176
     1
 40
0.0
176
     1
 90
        0
176
     1
290
     0
176
     1
290
     1
176
     1
290
     1
176
     1
290
     0
176
     1
290
     0
176
     1
290
     0
176
     1
290
     0
176
     1
290
     0
176
     1
290
     0
176
     1
 90
       50
176
     1
 40
0.0
176
     1
 40
1.0
176
     1
 90
        0
176
     1
 62
    18
420
        0
176
     1
 90
       50
176
     1
 90
        3
176
     1
 62
     5
420
      255
176
     1
290
     0
176
     1
 90
       50
176
     1
 90
       50
176
     1
 90
       50
176
     1
290
     0
176
     1
 90
       50
176
     1
 62
   256
176
     0
 40
1.0
176
     0
 90
        2
176
     1
  1
strokes_ogs.tif
176
     1
290
     0
176
     1
 40
1.0
176
     1
 40
1.0
176
     1
  0
VISUALSTYLE
  5
41
102
{ACAD_REACTORS
330
2A
102
}
330
2A
100
AcDbVisualStyle
  2
Shaded with edges
 70
    26
177
     3
291
     0
 70
    58
 90
        2
176
     1
 90
        2
176
     1
 90
        1
176
     1
 90
        2
176
     1
 40
0.6
176
     1
 40
30.0
176
     1
 62
     7
420
 16777215
176
     1
 90
        1
176
     1
 90
       10
176
     1
 62
     7
176
     1
 62
   257
176
     1
 90
        2
176
     1
 90
        1
176
     1
 40
1.0
176
     1
 90
        8
176
     1
 62
   257
176
     1
 40
1.0
176
     1
 90
        1
176
     1
 90
        6
176
     1
 90
        2
176
     1
 62
     7
176
     1
 90
        3
176
     1
 90
        0
176
     1
 90
        0
176
     1
290
     0
176
     1
 90
        5
176
     1
 40
0.0
176
     1
 90
        0
176
     1
290
     0
176
     1
290
     1
176
     1
290
     1
176
     1
290
     0
176
     1
290
     0
176
     1
290
     0
176
     1
290
     0
176
     1
290
     0
176
     1
290
     0
176
     1
 90
       50
176
     1
 40
0.0
176
     1
 40
1.0
176
     1
 90
        0
176
     1
 62
    18
420
        0
176
     1
 90
       50
176
     1
 90
        3
176
     1
 62
     5
420
      255
176
     1
290
     0
176
     1
 90
       50
176
     1
 90
       50
176
     1
 90
       50
176
     1
290
     0
176
     1
 90
       50
176
     1
 62
   256
176
     0
 40
1.0
176
     0
 90
        2
176
     1
  1
strokes_ogs.tif
176
     1
290
     0
176
     1
 40
1.0
176
     1
 40
1.0
176
     1
  0
VISUALSTYLE
  5
3E
102
{ACAD_REACTORS
330
2A
102
}
330
2A
100
AcDbVisualStyle
  2
Shades of Gray
 70
    23
177
     3
291
     0
 70
    58
 90
        2
176
     1
 90
        2
176
     1
 90
        3
176
     1
 90
        0
176
     1
 40
0.6
176
     1
 40
30.0
176
     1
 62
     7
420
 16777215
176
     1
 90
        2
176
     1
 90
        2
176
     1
 62
     7
176
     1
 62
     7
176
     1
 90
        1
176
     1
 90
        1
176
     1
 40
40.0
176
     1
 90
        8
176
     1
 62
     7
176
     1
 40
1.0
176
     1
 90
        1
176
     1
 90
        6
176
     1
 90
        2
176
     1
 62
     7
176
     1
 90
        3
176
     1
 90
        0
176
     1
 90
        0
176
     1
290
     0
176
     1
 90
        1
176
     1
 40
0.0
176
     1
 90
        0
176
     1
290
     0
176
     1
290
     1
176
     1
290
     1
176
     1
290
     0
176
     1
290
     0
176
     1
290
     0
176
     1
290
     0
176
     1
290
     0
176
     1
290
     0
176
     1
 90
       50
176
     1
 40
0.0
176
     1
 40
1.0
176
     1
 90
        0
176
     1
 62
    18
420
        0
176
     1
 90
       50
176
     1
 90
        3
176
     1
 62
     5
420
      255
176
     1
290
     0
176
     1
 90
       50
176
     1
 90
       50
176
     1
 90
       50
176
     1
290
     0
176
     1
 90
       50
176
     1
 62
   256
176
     0
 40
1.0
176
     0
 90
        2
176
     1
  1
strokes_ogs.tif
176
     1
290
     0
176
     1
 40
1.0
176
     1
 40
1.0
176
     1
  0
VISUALSTYLE
  5
3F
102
{ACAD_REACTORS
330
2A
102
}
330
2A
100
AcDbVisualStyle
  2
Sketchy
 70
    24
177
     3
291
     0
 70
    58
 90
        1
176
     1
 90
        2
176
     1
 90
        2
176
     1
 90
        0
176
     1
 40
0.6
176
     1
 40
30.0
176
     1
 62
     7
420
 16777215
176
     1
 90
        2
176
     1
 90
        2
176
     1
 62
     7
176
     1
 62
     7
176
     1
 90
        1
176
     1
 90
        1
176
     1
 40
40.0
176
     1
 90
       11
176
     1
 62
     7
176
     1
 40
1.0
176
     1
 90
        1
176
     1
 90
        6
176
     1
 90
        2
176
     1
 62
     7
176
     1
 90
        6
176
     1
 90
        0
176
     1
 90
        0
176
     1
290
     0
176
     1
 90
        1
176
     1
 40
0.0
176
     1
 90
        0
176
     1
290
     0
176
     1
290
     1
176
     1
290
     1
176
     1
290
     0
176
     1
290
     0
176
     1
290
     0
176
     1
290
     0
176
     1
290
     0
176
     1
290
     0
176
     1
 90
       50
176
     1
 40
0.0
176
     1
 40
1.0
176
     1
 90
        0
176
     1
 62
    18
420
        0
176
     1
 90
       50
176
     1
 90
        3
176
     1
 62
     5
420
      255
176
     1
290
     0
176
     1
 90
       50
176
     1
 90
       50
176
     1
 90
       50
176
     1
290
     0
176
     1
 90
       50
176
     1
 62
   256
176
     0
 40
1.0
176
     0
 90
        2
176
     1
  1
strokes_ogs.tif
176
     1
290
     0
176
     1
 40
1.0
176
     1
 40
1.0
176
     1
  0
VISUALSTYLE
  5
37
102
{ACAD_REACTORS
330
2A
102
}
330
2A
100
AcDbVisualStyle
  2
Thicken
 70
    13
177
     3
291
     1
 70
    58
 90
        2
176
     1
 90
        2
176
     1
 90
        0
176
     1
 90
        0
176
     1
 40
0.6
176
     1
 40
30.0
176
     1
 62
     7
420
 16777215
176
     1
 90
        1
176
     1
 90
        4
176
     1
 62
     7
176
     1
 62
   257
176
     1
 90
        1
176
     1
 90
        1
176
     1
 40
1.0
176
     1
 90
       12
176
     1
 62
     7
176
     1
 40
1.0
176
     1
 90
        1
176
     1
 90
        6
176
     1
 90
        2
176
     1
 62
     7
176
     1
 90
        5
176
     1
 90
        0
176
     1
 90
        0
176
     1
290
     0
176
     1
 90
        1
176
     1
 40
0.0
176
     1
 90
        0
176
     1
290
     0
176
     1
290
     1
176
     1
290
     1
176
     1
290
     0
176
     1
290
     0
176
     1
290
     0
176
     1
290
     0
176
     1
290
     0
176
     1
290
     0
176
     1
 90
       50
176
     1
 40
0.0
176
     1
 40
1.0
176
     1
 90
        0
176
     1
 62
    18
420
        0
176
     1
 90
       50
176
     1
 90
        3
176
     1
 62
     5
420
      255
176
     1
290
     0
176
     1
 90
       50
176
     1
 90
       50
176
     1
 90
       50
176
     1
290
     0
176
     1
 90
       50
176
     1
 62
   256
176
     0
 40
1.0
176
     0
 90
        2
176
     1
  1
strokes_ogs.tif
176
     1
290
     0
176
     1
 40
1.0
176
     1
 40
1.0
176
     1
  0
VISUALSTYLE
  5
30
102
{ACAD_REACTORS
330
2A
102
}
330
2A
100
AcDbVisualStyle
  2
Wireframe
 70
     5
177
     3
291
     0
 70
    58
 90
        0
176
     1
 90
        2
176
     1
 90
        0
176
     1
 90
        0
176
     1
 40
0.6
176
     1
 40
30.0
176
     1
 62
     7
420
 16777215
176
     1
 90
        1
176
     1
 90
        4
176
     1
 62
     7
176
     1
 62
   257
176
     1
 90
        1
176
     1
 90
        1
176
     1
 40
1.0
176
     1
 90
        0
176
     1
 62
   257
176
     1
 40
1.0
176
     1
 90
        1
176
     1
 90
        6
176
     1
 90
        2
176
     1
 62
     7
176
     1
 90
        3
176
     1
 90
        0
176
     1
 90
        0
176
     1
290
     0
176
     1
 90
        1
176
     1
 40
0.0
176
     1
 90
        0
176
     1
290
     0
176
     1
290
     1
176
     1
290
     1
176
     1
290
     0
176
     1
290
     0
176
     1
290
     0
176
     1
290
     0
176
     1
290
     0
176
     1
290
     0
176
     1
 90
       50
176
     1
 40
0.0
176
     1
 40
1.0
176
     1
 90
        0
176
     1
 62
    18
420
        0
176
     1
 90
       50
176
     1
 90
        3
176
     1
 62
     5
420
      255
176
     1
290
     0
176
     1
 90
       50
176
     1
 90
       50
176
     1
 90
       50
176
     1
290
     0
176
     1
 90
       50
176
     1
 62
   256
176
     0
 40
1.0
176
     0
 90
        2
176
     1
  1
strokes_ogs.tif
176
     1
290
     0
176
     1
 40
1.0
176
     1
 40
1.0
176
     1
  0
VISUALSTYLE
  5
40
102
{ACAD_REACTORS
330
2A
102
}
330
2A
100
AcDbVisualStyle
  2
X-Ray
 70
    25
177
     3
291
     0
 70
    58
 90
        2
176
     1
 90
        2
176
     1
 90
        1
176
     1
 90
        1
176
     1
 40
0.5
176
     1
 40
30.0
176
     1
 62
     7
420
 16777215
176
     1
 90
        1
176
     1
 90
        0
176
     1
 62
     7
176
     1
 62
   257
176
     1
 90
        1
176
     1
 90
        1
176
     1
 40
1.0
176
     1
 90
        8
176
     1
 62
     7
176
     1
 40
1.0
176
     1
 90
        1
176
     1
 90
        6
176
     1
 90
        2
176
     1
 62
     7
176
     1
 90
        3
176
     1
 90
        0
176
     1
 90
        0
176
     1
290
     0
176
     1
 90
       13
176
     1
 40
0.0
176
     1
 90
        0
176
     1
290
     0
176
     1
290
     1
176
     1
290
     1
176
     1
290
     0
176
     1
290
     0
176
     1
290
     0
176
     1
290
     0
176
     1
290
     0
176
     1
290
     0
176
     1
 90
       50
176
     1
 40
0.0
176
     1
 40
1.0
176
     1
 90
        0
176
     1
 62
    18
420
        0
176
     1
 90
       50
176
     1
 90
        3
176
     1
 62
     5
420
      255
176
     1
290
     0
176
     1
 90
       50
176
     1
 90
       50
176
     1
 90
       50
176
     1
290
     0
176
     1
 90
       50
176
     1
 62
   256
176
     0
 40
1.0
176
     0
 90
        2
176
     1
  1
strokes_ogs.tif
176
     1
290
     0
176
     1
 40
1.0
176
     1
 40
1.0
176
     1
  0
DICTIONARYVAR
  5
F87
102
{ACAD_REACTORS
330
F86
102
}
330
F86
100
DictionaryVariables
280
     0
  1
1:1
  0
DICTIONARYVAR
  5
F8F
102
{ACAD_REACTORS
330
F86
102
}
330
F86
100
DictionaryVariables
280
     0
  1
3.500000
  0
DICTIONARYVAR
  5
F90
102
{ACAD_REACTORS
330
F86
102
}
330
F86
100
DictionaryVariables
280
     0
  1
acadiso.lin
  0
DICTIONARYVAR
  5
F8C
102
{ACAD_REACTORS
330
F86
102
}
330
F86
100
DictionaryVariables
280
     0
  1
Standard
  0
DICTIONARYVAR
  5
F8B
102
{ACAD_REACTORS
330
F86
102
}
330
F86
100
DictionaryVariables
280
     0
  1
Standard
  0
DICTIONARY
  5
F88
330
5A
100
AcDbDictionary
280
     1
281
     1
  3
ACAD_ROUNDTRIP_2008_TABLESTYLE_CELLSTYLEMAP
360
F89
  0
CELLSTYLEMAP
  5
F89
102
{ACAD_REACTORS
330
F88
102
}
330
F88
100
AcDbCellStyleMap
 90
        3
300
CELLSTYLE
  1
TABLEFORMAT_BEGIN
 90
        5
170
     1
 91
        0
 92
    32768
 62
   257
 93
        1
300
CONTENTFORMAT
  1
CONTENTFORMAT_BEGIN
 90
        0
 91
        0
 92
        4
 93
        0
300

 40
0.0
140
1.0
 94
        5
 62
     0
340
11
144
6.0
309
CONTENTFORMAT_END
171
     1
301
MARGIN
  1
CELLMARGIN_BEGIN
 40
1.5
 40
1.5
 40
1.5
 40
1.5
 40
1.5
 40
1.5
309
CELLMARGIN_END
 94
        6
 95
        1
302
GRIDFORMAT
  1
GRIDFORMAT_BEGIN
 90
        0
 91
        1
 62
     0
 92
       -2
340
14
 93
        0
 40
0.045
309
GRIDFORMAT_END
 95
        2
302
GRIDFORMAT
  1
GRIDFORMAT_BEGIN
 90
        0
 91
        1
 62
     0
 92
       -2
340
14
 93
        0
 40
0.045
309
GRIDFORMAT_END
 95
        4
302
GRIDFORMAT
  1
GRIDFORMAT_BEGIN
 90
        0
 91
        1
 62
     0
 92
       -2
340
14
 93
        0
 40
0.045
309
GRIDFORMAT_END
 95
        8
302
GRIDFORMAT
  1
GRIDFORMAT_BEGIN
 90
        0
 91
        1
 62
     0
 92
       -2
340
14
 93
        0
 40
0.045
309
GRIDFORMAT_END
 95
       16
302
GRIDFORMAT
  1
GRIDFORMAT_BEGIN
 90
        0
 91
        1
 62
     0
 92
       -2
340
14
 93
        0
 40
0.045
309
GRIDFORMAT_END
 95
       32
302
GRIDFORMAT
  1
GRIDFORMAT_BEGIN
 90
        0
 91
        1
 62
     0
 92
       -2
340
14
 93
        0
 40
0.045
309
GRIDFORMAT_END
309
TABLEFORMAT_END
  1
CELLSTYLE_BEGIN
 90
        1
 91
        1
300
_TITLE
309
CELLSTYLE_END
300
CELLSTYLE
  1
TABLEFORMAT_BEGIN
 90
        5
170
     1
 91
        0
 92
        0
 62
   257
 93
        1
300
CONTENTFORMAT
  1
CONTENTFORMAT_BEGIN
 90
        0
 91
        0
 92
        4
 93
        0
300

 40
0.0
140
1.0
 94
        5
 62
     0
340
11
144
4.5
309
CONTENTFORMAT_END
171
     1
301
MARGIN
  1
CELLMARGIN_BEGIN
 40
1.5
 40
1.5
 40
1.5
 40
1.5
 40
1.5
 40
1.5
309
CELLMARGIN_END
 94
        6
 95
        1
302
GRIDFORMAT
  1
GRIDFORMAT_BEGIN
 90
        0
 91
        1
 62
     0
 92
       -2
340
14
 93
        0
 40
0.045
309
GRIDFORMAT_END
 95
        2
302
GRIDFORMAT
  1
GRIDFORMAT_BEGIN
 90
        0
 91
        1
 62
     0
 92
       -2
340
14
 93
        0
 40
0.045
309
GRIDFORMAT_END
 95
        4
302
GRIDFORMAT
  1
GRIDFORMAT_BEGIN
 90
        0
 91
        1
 62
     0
 92
       -2
340
14
 93
        0
 40
0.045
309
GRIDFORMAT_END
 95
        8
302
GRIDFORMAT
  1
GRIDFORMAT_BEGIN
 90
        0
 91
        1
 62
     0
 92
       -2
340
14
 93
        0
 40
0.045
309
GRIDFORMAT_END
 95
       16
302
GRIDFORMAT
  1
GRIDFORMAT_BEGIN
 90
        0
 91
        1
 62
     0
 92
       -2
340
14
 93
        0
 40
0.045
309
GRIDFORMAT_END
 95
       32
302
GRIDFORMAT
  1
GRIDFORMAT_BEGIN
 90
        0
 91
        1
 62
     0
 92
       -2
340
14
 93
        0
 40
0.045
309
GRIDFORMAT_END
309
TABLEFORMAT_END
  1
CELLSTYLE_BEGIN
 90
        2
 91
        1
300
_HEADER
309
CELLSTYLE_END
300
CELLSTYLE
  1
TABLEFORMAT_BEGIN
 90
        5
170
     1
 91
        0
 92
        0
 62
   257
 93
        1
300
CONTENTFORMAT
  1
CONTENTFORMAT_BEGIN
 90
        0
 91
        0
 92
        4
 93
        0
300

 40
0.0
140
1.0
 94
        2
 62
     0
340
11
144
4.5
309
CONTENTFORMAT_END
171
     1
301
MARGIN
  1
CELLMARGIN_BEGIN
 40
1.5
 40
1.5
 40
1.5
 40
1.5
 40
1.5
 40
1.5
309
CELLMARGIN_END
 94
        6
 95
        1
302
GRIDFORMAT
  1
GRIDFORMAT_BEGIN
 90
        0
 91
        1
 62
     0
 92
       -2
340
14
 93
        0
 40
0.045
309
GRIDFORMAT_END
 95
        2
302
GRIDFORMAT
  1
GRIDFORMAT_BEGIN
 90
        0
 91
        1
 62
     0
 92
       -2
340
14
 93
        0
 40
0.045
309
GRIDFORMAT_END
 95
        4
302
GRIDFORMAT
  1
GRIDFORMAT_BEGIN
 90
        0
 91
        1
 62
     0
 92
       -2
340
14
 93
        0
 40
0.045
309
GRIDFORMAT_END
 95
        8
302
GRIDFORMAT
  1
GRIDFORMAT_BEGIN
 90
        0
 91
        1
 62
     0
 92
       -2
340
14
 93
        0
 40
0.045
309
GRIDFORMAT_END
 95
       16
302
GRIDFORMAT
  1
GRIDFORMAT_BEGIN
 90
        0
 91
        1
 62
     0
 92
       -2
340
14
 93
        0
 40
0.045
309
GRIDFORMAT_END
 95
       32
302
GRIDFORMAT
  1
GRIDFORMAT_BEGIN
 90
        0
 91
        1
 62
     0
 92
       -2
340
14
 93
        0
 40
0.045
309
GRIDFORMAT_END
309
TABLEFORMAT_END
  1
CELLSTYLE_BEGIN
 90
        3
 91
        2
300
_DATA
309
CELLSTYLE_END
  0
ENDSEC
  0
EOF
