  0
SECTION
  2
HEADER
  9
$ACADVER
  1
AC1032
  9
$ACADMAINTVER
 90
       55
  9
$DWGCODEPAGE
  3
ANSI_1252
  9
$LASTSAVEDBY
  1
x9212
  9
$REQUIREDVERSIONS
160
                 0
  9
$INSBASE
 10
0.0
 20
0.0
 30
0.0
  9
$EXTMIN
 10
-0.175
 20
-0.175
 30
0.0
  9
$EXTMAX
 10
420.175
 20
297.175
 30
0.0
  9
$LIMMIN
 10
-0.175
 20
-0.175
  9
$LIMMAX
 10
420.175
 20
297.175
  9
$ORTHOMODE
 70
     0
  9
$REGENMODE
 70
     1
  9
$FILLMODE
 70
     1
  9
$QTEXTMODE
 70
     0
  9
$MIRRTEXT
 70
     1
  9
$LTSCALE
 40
1.0
  9
$ATTMODE
 70
     1
  9
$TEXTSIZE
 40
2.5
  9
$TRACEWID
 40
1.0
  9
$TEXTSTYLE
  7
Standard
  9
$CLAYER
  8
0
  9
$CELTYPE
  6
ByLayer
  9
$CECOLOR
 62
   256
  9
$CELTSCALE
 40
1.0
  9
$DISPSILH
 70
     0
  9
$DIMSCALE
 40
1.0
  9
$DIMASZ
 40
2.5
  9
$DIMEXO
 40
0.625
  9
$DIMDLI
 40
3.75
  9
$DIMRND
 40
0.0
  9
$DIMDLE
 40
0.0
  9
$DIMEXE
 40
1.25
  9
$DIMTP
 40
0.0
  9
$DIMTM
 40
0.0
  9
$DIMTXT
 40
2.5
  9
$DIMCEN
 40
2.5
  9
$DIMTSZ
 40
0.0
  9
$DIMTOL
 70
     0
  9
$DIMLIM
 70
     0
  9
$DIMTIH
 70
     0
  9
$DIMTOH
 70
     0
  9
$DIMSE1
 70
     0
  9
$DIMSE2
 70
     0
  9
$DIMTAD
 70
     1
  9
$DIMZIN
 70
     8
  9
$DIMBLK
  1

  9
$DIMASO
 70
     1
  9
$DIMSHO
 70
     1
  9
$DIMPOST
  1

  9
$DIMAPOST
  1

  9
$DIMALT
 70
     0
  9
$DIMALTD
 70
     3
  9
$DIMALTF
 40
0.03937007874016
  9
$DIMLFAC
 40
1.0
  9
$DIMTOFL
 70
     1
  9
$DIMTVP
 40
0.0
  9
$DIMTIX
 70
     0
  9
$DIMSOXD
 70
     0
  9
$DIMSAH
 70
     0
  9
$DIMBLK1
  1

  9
$DIMBLK2
  1

  9
$DIMSTYLE
  2
ISO-25
  9
$DIMCLRD
 70
     0
  9
$DIMCLRE
 70
     0
  9
$DIMCLRT
 70
     0
  9
$DIMTFAC
 40
1.0
  9
$DIMGAP
 40
0.625
  9
$DIMJUST
 70
     0
  9
$DIMSD1
 70
     0
  9
$DIMSD2
 70
     0
  9
$DIMTOLJ
 70
     0
  9
$DIMTZIN
 70
     8
  9
$DIMALTZ
 70
     0
  9
$DIMALTTZ
 70
     0
  9
$DIMUPT
 70
     0
  9
$DIMDEC
 70
     2
  9
$DIMTDEC
 70
     2
  9
$DIMALTU
 70
     2
  9
$DIMALTTD
 70
     3
  9
$DIMTXSTY
  7
Standard
  9
$DIMAUNIT
 70
     0
  9
$DIMADEC
 70
     0
  9
$DIMALTRND
 40
0.0
  9
$DIMAZIN
 70
     0
  9
$DIMDSEP
 70
    44
  9
$DIMATFIT
 70
     3
  9
$DIMFRAC
 70
     0
  9
$DIMLDRBLK
  1

  9
$DIMLUNIT
 70
     2
  9
$DIMLWD
 70
    -2
  9
$DIMLWE
 70
    -2
  9
$DIMTMOVE
 70
     0
  9
$DIMFXL
 40
1.0
  9
$DIMFXLON
 70
     0
  9
$DIMJOGANG
 40
0.7853981633974483
  9
$DIMTFILL
 70
     0
  9
$DIMTFILLCLR
 70
     0
  9
$DIMARCSYM
 70
     0
  9
$DIMLTYPE
  6

  9
$DIMLTEX1
  6

  9
$DIMLTEX2
  6

  9
$DIMTXTDIRECTION
 70
     0
  9
$LUNITS
 70
     2
  9
$LUPREC
 70
     4
  9
$SKETCHINC
 40
1.0
  9
$FILLETRAD
 40
0.0
  9
$AUNITS
 70
     0
  9
$AUPREC
 70
     0
  9
$MENU
  1
.
  9
$ELEVATION
 40
0.0
  9
$PELEVATION
 40
0.0
  9
$THICKNESS
 40
0.0
  9
$LIMCHECK
 70
     0
  9
$CHAMFERA
 40
0.0
  9
$CHAMFERB
 40
0.0
  9
$CHAMFERC
 40
0.0
  9
$CHAMFERD
 40
0.0
  9
$SKPOLY
 70
     0
  9
$TDCREATE
 40
2461304.471662361
  9
$TDUCREATE
 40
2461304.179995695
  9
$TDUPDATE
 40
2461304.4716625
  9
$TDUUPDATE
 40
2461304.179995833
  9
$TDINDWG
 40
0.0000000116
  9
$TDUSRTIMER
 40
0.0000000116
  9
$USRTIMER
 70
     1
  9
$ANGBASE
 50
0.0
  9
$ANGDIR
 70
     0
  9
$PDMODE
 70
     0
  9
$PDSIZE
 40
0.0
  9
$PLINEWID
 40
0.0
  9
$SPLFRAME
 70
     0
  9
$SPLINETYPE
 70
     6
  9
$SPLINESEGS
 70
     8
  9
$HANDSEED
  5
294
  9
$SURFTAB1
 70
     6
  9
$SURFTAB2
 70
     6
  9
$SURFTYPE
 70
     6
  9
$SURFU
 70
     6
  9
$SURFV
 70
     6
  9
$UCSBASE
  2

  9
$UCSNAME
  2

  9
$UCSORG
 10
0.0
 20
0.0
 30
0.0
  9
$UCSXDIR
 10
1.0
 20
0.0
 30
0.0
  9
$UCSYDIR
 10
0.0
 20
1.0
 30
0.0
  9
$UCSORTHOREF
  2

  9
$UCSORTHOVIEW
 70
     0
  9
$UCSORGTOP
 10
0.0
 20
0.0
 30
0.0
  9
$UCSORGBOTTOM
 10
0.0
 20
0.0
 30
0.0
  9
$UCSORGLEFT
 10
0.0
 20
0.0
 30
0.0
  9
$UCSORGRIGHT
 10
0.0
 20
0.0
 30
0.0
  9
$UCSORGFRONT
 10
0.0
 20
0.0
 30
0.0
  9
$UCSORGBACK
 10
0.0
 20
0.0
 30
0.0
  9
$PUCSBASE
  2

  9
$PUCSNAME
  2

  9
$PUCSORG
 10
0.0
 20
0.0
 30
0.0
  9
$PUCSXDIR
 10
1.0
 20
0.0
 30
0.0
  9
$PUCSYDIR
 10
0.0
 20
1.0
 30
0.0
  9
$PUCSORTHOREF
  2

  9
$PUCSORTHOVIEW
 70
     0
  9
$PUCSORGTOP
 10
0.0
 20
0.0
 30
0.0
  9
$PUCSORGBOTTOM
 10
0.0
 20
0.0
 30
0.0
  9
$PUCSORGLEFT
 10
0.0
 20
0.0
 30
0.0
  9
$PUCSORGRIGHT
 10
0.0
 20
0.0
 30
0.0
  9
$PUCSORGFRONT
 10
0.0
 20
0.0
 30
0.0
  9
$PUCSORGBACK
 10
0.0
 20
0.0
 30
0.0
  9
$USERI1
 70
     0
  9
$USERI2
 70
     0
  9
$USERI3
 70
     0
  9
$USERI4
 70
     0
  9
$USERI5
 70
     0
  9
$USERR1
 40
0.0
  9
$USERR2
 40
0.0
  9
$USERR3
 40
0.0
  9
$USERR4
 40
0.0
  9
$USERR5
 40
0.0
  9
$WORLDVIEW
 70
     1
  9
$SHADEDGE
 70
     3
  9
$SHADEDIF
 70
    70
  9
$TILEMODE
 70
     1
  9
$MAXACTVP
 70
    64
  9
$PINSBASE
 10
0.0
 20
0.0
 30
0.0
  9
$PLIMCHECK
 70
     0
  9
$PEXTMIN
 10
-0.175
 20
-0.175
 30
0.0
  9
$PEXTMAX
 10
420.175
 20
297.175
 30
0.0
  9
$PLIMMIN
 10
-0.175
 20
-0.175
  9
$PLIMMAX
 10
420.175
 20
297.175
  9
$UNITMODE
 70
     0
  9
$VISRETAIN
 70
     1
  9
$PLINEGEN
 70
     0
  9
$PSLTSCALE
 70
     1
  9
$TREEDEPTH
 70
  3020
  9
$CMLSTYLE
  2
Standard
  9
$CMLJUST
 70
     0
  9
$CMLSCALE
 40
20.0
  9
$PROXYGRAPHICS
 70
     1
  9
$MEASUREMENT
 70
     1
  9
$CELWEIGHT
370
    -1
  9
$ENDCAPS
280
     0
  9
$JOINSTYLE
280
     0
  9
$LWDISPLAY
290
     1
  9
$INSUNITS
 70
     4
  9
$HYPERLINKBASE
  1

  9
$STYLESHEET
  1

  9
$XEDIT
290
     1
  9
$CEPSNTYPE
380
     0
  9
$PSTYLEMODE
290
     1
  9
$FINGERPRINTGUID
  2
{bf6a5929-2bfe-431a-83c0-fa06c28fe4ae}
  9
$VERSIONGUID
  2
{FAEB1C32-E019-11D5-929B-00C0DF256EC4}
  9
$EXTNAMES
290
     1
  9
$PSVPSCALE
 40
0.0
  9
$OLESTARTUP
290
     0
  9
$SORTENTS
280
   127
  9
$INDEXCTL
280
     0
  9
$HIDETEXT
280
     1
  9
$XCLIPFRAME
280
     2
  9
$HALOGAP
280
     0
  9
$OBSCOLOR
 70
   257
  9
$OBSLTYPE
280
     0
  9
$INTERSECTIONDISPLAY
280
     0
  9
$INTERSECTIONCOLOR
 70
   257
  9
$DIMASSOC
280
     2
  9
$PROJECTNAME
  1

  9
$CAMERADISPLAY
290
     0
  9
$LENSLENGTH
 40
50.0
  9
$CAMERAHEIGHT
 40
0.0
  9
$STEPSPERSEC
 40
2.0
  9
$STEPSIZE
 40
6.0
  9
$3DDWFPREC
 40
2.0
  9
$PSOLWIDTH
 40
5.0
  9
$PSOLHEIGHT
 40
80.0
  9
$LOFTANG1
 40
1.570796326794897
  9
$LOFTANG2
 40
1.570796326794897
  9
$LOFTMAG1
 40
0.0
  9
$LOFTMAG2
 40
0.0
  9
$LOFTPARAM
 70
     7
  9
$LOFTNORMALS
280
     1
  9
$LATITUDE
 40
37.795
  9
$LONGITUDE
 40
-122.394
  9
$NORTHDIRECTION
 40
0.0
  9
$TIMEZONE
 70
 -8000
  9
$LIGHTGLYPHDISPLAY
280
     1
  9
$TILEMODELIGHTSYNCH
280
     1
  9
$CMATERIAL
347
44
  9
$SOLIDHIST
280
     0
  9
$SHOWHIST
280
     1
  9
$DWFFRAME
280
     2
  9
$DGNFRAME
280
     2
  9
$REALWORLDSCALE
290
     1
  9
$INTERFERECOLOR
 62
   256
  9
$CSHADOW
280
     0
  9
$SHADOWPLANELOCATION
 40
0.0
  0
ENDSEC
  0
SECTION
  2
CLASSES
  0
CLASS
  1
ACDBDICTIONARYWDFLT
  2
AcDbDictionaryWithDefault
  3
ObjectDBX Classes
 90
        0
 91
        3
280
     0
281
     0
  0
CLASS
  1
VISUALSTYLE
  2
AcDbVisualStyle
  3
ObjectDBX Classes
 90
     4095
 91
        3
280
     0
281
     0
  0
CLASS
  1
MATERIAL
  2
AcDbMaterial
  3
ObjectDBX Classes
 90
     1153
 91
        3
280
     0
281
     0
  0
CLASS
  1
SCALE
  2
AcDbScale
  3
ObjectDBX Classes
 90
     1153
 91
        3
280
     0
281
     0
  0
CLASS
  1
TABLESTYLE
  2
AcDbTableStyle
  3
ObjectDBX Classes
 90
     4095
 91
        3
280
     0
281
     0
  0
CLASS
  1
MLEADERSTYLE
  2
AcDbMLeaderStyle
  3
ACDB_MLEADERSTYLE_CLASS
 90
     4095
 91
        3
280
     0
281
     0
  0
CLASS
  1
SUN
  2
AcDbSun
  3
SCENEOE
 90
     1153
 91
        3
280
     0
281
     0
  0
CLASS
  1
RASTERVARIABLES
  2
AcDbRasterVariables
  3
ISM
 90
        0
 91
        3
280
     0
281
     0
  0
CLASS
  1
DICTIONARYVAR
  2
AcDbDictionaryVar
  3
ObjectDBX Classes
 90
        0
 91
        3
280
     0
281
     0
  0
CLASS
  1
CELLSTYLEMAP
  2
AcDbCellStyleMap
  3
ObjectDBX Classes
 90
     1152
 91
        3
280
     0
281
     0
  0
ENDSEC
  0
SECTION
  2
TABLES
  0
TABLE
  2
VPORT
  5
8
330
0
100
AcDbSymbolTable
 70
     1
  0
VPORT
  5
29
330
8
100
AcDbSymbolTableRecord
100
AcDbViewportTableRecord
  2
*Active
 70
     0
 10
0.0
 20
0.0
 11
1.0
 21
1.0
 12
210.0
 22
148.5
 13
0.0
 23
0.0
 14
10.0
 24
10.0
 15
10.0
 25
10.0
 16
0.0
 26
0.0
 36
1.0
 17
0.0
 27
0.0
 37
0.0
 40
318.4469696969697
 41
1.32
 42
50.0
 43
0.0
 44
0.0
 50
0.0
 51
0.0
 71
     0
 72
   100
 73
     1
 74
     3
 75
     0
 76
     0
 77
     0
 78
     0
281
     0
 65
     1
110
0.0
120
0.0
130
0.0
111
1.0
121
0.0
131
0.0
112
0.0
122
1.0
132
0.0
 79
     0
146
0.0
348
2F
 60
     3
 61
     5
292
     1
282
     1
141
0.0
142
0.0
 63
   250
361
5D
  0
ENDTAB
  0
TABLE
  2
LTYPE
  5
5
330
0
100
AcDbSymbolTable
 70
     6
  0
LTYPE
  5
14
330
5
100
AcDbSymbolTableRecord
100
AcDbLinetypeTableRecord
  2
ByBlock
 70
     0
  3

 72
    65
 73
     0
 40
0.0
  0
LTYPE
  5
15
330
5
100
AcDbSymbolTableRecord
100
AcDbLinetypeTableRecord
  2
ByLayer
 70
     0
  3

 72
    65
 73
     0
 40
0.0
  0
LTYPE
  5
16
330
5
100
AcDbSymbolTableRecord
100
AcDbLinetypeTableRecord
  2
Continuous
 70
     0
  3
Solid line
 72
    65
 73
     0
 40
0.0
  0
LTYPE
  5
64
330
5
100
AcDbSymbolTableRecord
100
AcDbLinetypeTableRecord
  2
EPL_DASH
 70
     0
  3

 72
    65
 73
     2
 40
1.0
 49
0.5
 74
     0
 49
-0.5
 74
     0
  0
LTYPE
  5
66
330
5
100
AcDbSymbolTableRecord
100
AcDbLinetypeTableRecord
  2
EPL_DASHDOT
 70
     0
  3

 72
    65
 73
     4
 40
1.0
 49
0.8
 74
     0
 49
-0.1
 74
     0
 49
0.0
 74
     0
 49
-0.1
 74
     0
  0
LTYPE
  5
D5
330
5
100
AcDbSymbolTableRecord
100
AcDbLinetypeTableRecord
  2
EPL_DASH2
 70
     0
  3

 72
    65
 73
     2
 40
1.0
 49
0.66
 74
     0
 49
-0.34
 74
     0
  0
LTYPE
  5
DE
330
5
100
AcDbSymbolTableRecord
100
AcDbLinetypeTableRecord
  2
EPL_DASHDOTDOT
 70
     0
  3

 72
    65
 73
     6
 40
0.9999999999999999
 49
0.5
 74
     0
 49
-0.1
 74
     0
 49
0.1
 74
     0
 49
-0.1
 74
     0
 49
0.1
 74
     0
 49
-0.1
 74
     0
  0
LTYPE
  5
132
330
5
100
AcDbSymbolTableRecord
100
AcDbLinetypeTableRecord
  2
EPL_DOT
 70
     0
  3

 72
    65
 73
     4
 40
1.0
 49
0.0
 74
     0
 49
-0.5
 74
     0
 49
0.0
 74
     0
 49
-0.5
 74
     0
  0
ENDTAB
  0
TABLE
  2
LAYER
  5
2
330
0
100
AcDbSymbolTable
 70
   363
  0
LAYER
  5
10
330
2
100
AcDbSymbolTableRecord
100
AcDbLayerTableRecord
  2
0
 70
     0
 62
     7
  6
Continuous
370
    -3
390
F
347
46
348
0
  0
LAYER
  5
5F
330
2
100
AcDbSymbolTableRecord
100
AcDbLayerTableRecord
  2
EPLAN100
 70
     0
 62
     7
  6
Continuous
370
    50
390
F
347
46
348
0
1001
AcAecLayerStandard
1000

1000
Graphic.General
  0
LAYER
  5
61
330
2
100
AcDbSymbolTableRecord
100
AcDbLayerTableRecord
  2
EPLAN101
 70
     0
 62
     7
  6
Continuous
370
    50
390
F
347
46
348
0
1001
AcAecLayerStandard
1000

1000
Graphic.Thick continuous lines
  0
LAYER
  5
62
330
2
100
AcDbSymbolTableRecord
100
AcDbLayerTableRecord
  2
EPLAN102
 70
     0
 62
     7
  6
Continuous
370
    25
390
F
347
46
348
0
1001
AcAecLayerStandard
1000

1000
Graphic.Thin continuous lines
  0
LAYER
  5
63
330
2
100
AcDbSymbolTableRecord
100
AcDbLayerTableRecord
  2
EPLAN103
 70
     0
 62
     7
  6
Continuous
370
    35
390
F
347
46
348
0
1001
AcAecLayerStandard
1000

1000
Graphic.Continuous lines
  0
LAYER
  5
65
330
2
100
AcDbSymbolTableRecord
100
AcDbLayerTableRecord
  2
EPLAN104
 70
     0
 62
     7
  6
EPL_DASH
370
    25
390
F
347
46
348
0
1001
AcAecLayerStandard
1000

1000
Graphic.Thin dashed lines
  0
LAYER
  5
67
330
2
100
AcDbSymbolTableRecord
100
AcDbLayerTableRecord
  2
EPLAN105
 70
     0
 62
   251
  6
EPL_DASHDOT
370
    25
390
F
347
46
348
0
1001
AcAecLayerStandard
1000

1000
Graphic.Center lines
  0
LAYER
  5
68
330
2
100
AcDbSymbolTableRecord
100
AcDbLayerTableRecord
  2
EPLAN106
 70
     0
 62
   251
  6
EPL_DASHDOT
370
    13
390
F
347
46
348
0
1001
AcAecLayerStandard
1000

1000
Graphic.Construction lines
  0
LAYER
  5
69
330
2
100
AcDbSymbolTableRecord
100
AcDbLayerTableRecord
  2
EPLAN107
 70
     0
 62
     5
  6
Continuous
370
    25
390
F
347
46
348
0
1001
AcAecLayerStandard
1000

1000
Graphic.Dimensions
  0
LAYER
  5
6A
330
2
100
AcDbSymbolTableRecord
100
AcDbLayerTableRecord
  2
EPLAN108
 70
     0
 62
     5
  6
Continuous
370
    35
390
F
347
46
348
0
1001
AcAecLayerStandard
1000

1000
Graphic.Texts
  0
LAYER
  5
6B
330
2
100
AcDbSymbolTableRecord
100
AcDbLayerTableRecord
  2
EPLAN109
 70
     0
 62
     5
  6
Continuous
370
    35
390
F
347
46
348
0
1001
AcAecLayerStandard
1000

1000
Graphic.Comment texts
  0
LAYER
  5
6C
330
2
100
AcDbSymbolTableRecord
100
AcDbLayerTableRecord
  2
EPLAN110
 70
     0
 62
     6
  6
Continuous
370
    35
390
F
347
46
348
0
1001
AcAecLayerStandard
1000

1000
Graphic.Path function texts
  0
LAYER
  5
6D
330
2
100
AcDbSymbolTableRecord
100
AcDbLayerTableRecord
  2
EPLAN200
 70
     0
 62
     7
  6
Continuous
370
    35
390
F
347
46
348
0
1001
AcAecLayerStandard
1000

1000
Graphic.Forms
  0
LAYER
  5
6E
330
2
100
AcDbSymbolTableRecord
100
AcDbLayerTableRecord
  2
EPLAN201
 70
     0
 62
     7
  6
Continuous
370
    35
390
F
347
46
348
0
1001
AcAecLayerStandard
1000

1000
Graphic.Plot frames
  0
LAYER
  5
6F
330
2
100
AcDbSymbolTableRecord
100
AcDbLayerTableRecord
  2
EPLAN202
 70
     0
 62
     7
  6
Continuous
370
    35
390
F
347
46
348
0
1001
AcAecLayerStandard
1000

1000
Graphic.Terminal strip definitions
  0
LAYER
  5
70
330
2
100
AcDbSymbolTableRecord
100
AcDbLayerTableRecord
  2
EPLAN203
 70
     0
 62
     7
  6
Continuous
370
    35
390
F
347
46
348
0
1001
AcAecLayerStandard
1000

1000
Graphic.Plug definitions
  0
LAYER
  5
71
330
2
100
AcDbSymbolTableRecord
100
AcDbLayerTableRecord
  2
EPLAN204
 70
     0
 62
     7
  6
Continuous
370
    35
390
F
347
46
348
0
1001
AcAecLayerStandard
1000

1000
Graphic.Part definition texts
  0
LAYER
  5
72
330
2
100
AcDbSymbolTableRecord
100
AcDbLayerTableRecord
  2
EPLAN205
 70
     0
 62
     7
  6
Continuous
370
    35
390
F
347
46
348
0
1001
AcAecLayerStandard
1000

1000
Graphic.Images
  0
LAYER
  5
73
330
2
100
AcDbSymbolTableRecord
100
AcDbLayerTableRecord
  2
EPLAN206
 70
     0
 62
     7
  6
Continuous
370
    35
390
F
347
46
348
0
1001
AcAecLayerStandard
1000

1000
Graphic.Hyperlinks
  0
LAYER
  5
74
330
2
100
AcDbSymbolTableRecord
100
AcDbLayerTableRecord
  2
EPLAN300
 70
     0
 62
     5
  6
Continuous
370
    25
390
F
347
46
348
0
1001
AcAecLayerStandard
1000

1000
Symbol graphic.General
  0
LAYER
  5
75
330
2
100
AcDbSymbolTableRecord
100
AcDbLayerTableRecord
  2
EPLAN301
 70
     0
 62
     7
  6
Continuous
370
    25
390
F
347
46
348
0
1001
AcAecLayerStandard
1000

1000
Symbol graphic.Potentials
  0
LAYER
  5
76
330
2
100
AcDbSymbolTableRecord
100
AcDbLayerTableRecord
  2
EPLAN302
 70
     0
 62
     5
  6
Continuous
370
    25
390
F
347
46
348
0
1001
AcAecLayerStandard
1000

1000
Symbol graphic.Device connection points
  0
LAYER
  5
77
330
2
100
AcDbSymbolTableRecord
100
AcDbLayerTableRecord
  2
EPLAN303
 70
     0
 62
     6
  6
Continuous
370
    25
390
F
347
46
348
0
1001
AcAecLayerStandard
1000

1000
Symbol graphic.PLC connection points
  0
LAYER
  5
78
330
2
100
AcDbSymbolTableRecord
100
AcDbLayerTableRecord
  2
EPLAN304
 70
     0
 62
     5
  6
Continuous
370
    25
390
F
347
46
348
0
1001
AcAecLayerStandard
1000

1000
Symbol graphic.Cable definition lines
  0
LAYER
  5
79
330
2
100
AcDbSymbolTableRecord
100
AcDbLayerTableRecord
  2
EPLAN305
 70
     0
 62
     5
  6
Continuous
370
    25
390
F
347
46
348
0
1001
AcAecLayerStandard
1000

1000
Symbol graphic.Black boxes
  0
LAYER
  5
7A
330
2
100
AcDbSymbolTableRecord
100
AcDbLayerTableRecord
  2
EPLAN306
 70
     0
 62
     6
  6
EPL_DASH
370
    25
390
F
347
46
348
0
1001
AcAecLayerStandard
1000

1000
Symbol graphic.PLC boxes
  0
LAYER
  5
7B
330
2
100
AcDbSymbolTableRecord
100
AcDbLayerTableRecord
  2
EPLAN307
 70
     0
 62
   134
  6
EPL_DASHDOT
370
    25
390
F
347
46
348
0
1001
AcAecLayerStandard
1000

1000
Symbol graphic.Structure boxes
  0
LAYER
  5
7C
330
2
100
AcDbSymbolTableRecord
100
AcDbLayerTableRecord
  2
EPLAN308
 70
     0
 62
  -251
  6
EPL_DASH
290
     0
370
    25
390
F
347
46
348
0
1001
AcAecLayerStandard
1000

1000
Symbol graphic.Macro.Macro boxes
  0
LAYER
  5
7D
330
2
100
AcDbSymbolTableRecord
100
AcDbLayerTableRecord
  2
EPLAN309
 70
     0
 62
     5
  6
Continuous
370
    25
390
F
347
46
348
0
1001
AcAecLayerStandard
1000

1000
Symbol graphic.Part placements
  0
LAYER
  5
7E
330
2
100
AcDbSymbolTableRecord
100
AcDbLayerTableRecord
  2
EPLAN310
 70
     0
 62
     5
  6
Continuous
370
    25
390
F
347
46
348
0
1001
AcAecLayerStandard
1000

1000
Symbol graphic.Mounting panels
  0
LAYER
  5
7F
330
2
100
AcDbSymbolTableRecord
100
AcDbLayerTableRecord
  2
EPLAN311
 70
     0
 62
     1
  6
Continuous
370
    25
390
F
347
46
348
0
1001
AcAecLayerStandard
1000

1000
Symbol graphic.Connection symbols.Autoconnecting
  0
LAYER
  5
80
330
2
100
AcDbSymbolTableRecord
100
AcDbLayerTableRecord
  2
EPLAN312
 70
     0
 62
     1
  6
Continuous
370
    25
390
F
347
46
348
0
1001
AcAecLayerStandard
1000

1000
Symbol graphic.Connection definition points
  0
LAYER
  5
81
330
2
100
AcDbSymbolTableRecord
100
AcDbLayerTableRecord
  2
EPLAN314
 70
     0
 62
     5
  6
EPL_DASH
370
    25
390
F
347
46
348
0
1001
AcAecLayerStandard
1000

1000
Symbol graphic.Shields
  0
LAYER
  5
82
330
2
100
AcDbSymbolTableRecord
100
AcDbLayerTableRecord
  2
EPLAN315
 70
     0
 62
     5
  6
Continuous
370
    25
390
F
347
46
348
0
1001
AcAecLayerStandard
1000

1000
Symbol graphic.Automatically generated cables
  0
LAYER
  5
83
330
2
100
AcDbSymbolTableRecord
100
AcDbLayerTableRecord
  2
EPLAN316
 70
     0
 62
   251
  6
EPL_DASH
290
     0
370
     0
390
F
347
46
348
0
1001
AcAecLayerStandard
1000

1000
Symbol graphic.Macro.Macro handles
  0
LAYER
  5
84
330
2
100
AcDbSymbolTableRecord
100
AcDbLayerTableRecord
  2
EPLAN317
 70
     0
 62
     1
  6
Continuous
370
    13
390
F
347
46
348
0
1001
AcAecLayerStandard
1000

1000
Symbol graphic.Bundle connection point symbols.Bundle connection points
  0
LAYER
  5
85
330
2
100
AcDbSymbolTableRecord
100
AcDbLayerTableRecord
  2
EPLAN318
 70
     0
 62
     1
  6
Continuous
370
    25
390
F
347
46
348
0
1001
AcAecLayerStandard
1000

1000
Property placement.Bundle connection point symbols.Bundle connection points
  0
LAYER
  5
86
330
2
100
AcDbSymbolTableRecord
100
AcDbLayerTableRecord
  2
EPLAN319
 70
     0
 62
     1
  6
Continuous
370
    25
390
F
347
46
348
0
1001
AcAecLayerStandard
1000

1000
Property placement.Number of (single-line) functions
  0
LAYER
  5
87
330
2
100
AcDbSymbolTableRecord
100
AcDbLayerTableRecord
  2
EPLAN320
 70
     0
 62
    -5
  6
Continuous
290
     0
370
    25
390
F
347
46
348
0
1001
AcAecLayerStandard
1000

1000
Graphic.Hidden
  0
LAYER
  5
88
330
2
100
AcDbSymbolTableRecord
100
AcDbLayerTableRecord
  2
EPLAN321
 70
     0
 62
     5
  6
Continuous
370
    25
390
F
347
46
348
0
1001
AcAecLayerStandard
1000

1000
Symbol graphic.Part definition points
  0
LAYER
  5
89
330
2
100
AcDbSymbolTableRecord
100
AcDbLayerTableRecord
  2
EPLAN322
 70
     0
 62
     7
  6
Continuous
370
    20
390
F
347
46
348
0
1001
AcAecLayerStandard
1000

1000
Symbol graphic.Macro.Placeholder objects
  0
LAYER
  5
8A
330
2
100
AcDbSymbolTableRecord
100
AcDbLayerTableRecord
  2
EPLAN323
 70
     0
 62
     5
  6
Continuous
370
    25
390
F
347
46
348
0
1001
AcAecLayerStandard
1000

1000
Symbol graphic.Black boxes.Fluid
  0
LAYER
  5
8B
330
2
100
AcDbSymbolTableRecord
100
AcDbLayerTableRecord
  2
EPLAN324
 70
     0
 62
     7
  6
Continuous
370
    25
390
F
347
46
348
0
1001
AcAecLayerStandard
1000

1000
Symbol graphic.Net definition points
  0
LAYER
  5
8C
330
2
100
AcDbSymbolTableRecord
100
AcDbLayerTableRecord
  2
EPLAN325
 70
     0
 62
     7
  6
Continuous
370
    25
390
F
347
46
348
0
1001
AcAecLayerStandard
1000

1000
Symbol graphic.Processes
  0
LAYER
  5
8D
330
2
100
AcDbSymbolTableRecord
100
AcDbLayerTableRecord
  2
EPLAN326
 70
     0
 62
     1
  6
EPL_DASH
290
     0
370
    25
390
F
347
46
348
0
1001
AcAecLayerStandard
1000

1000
Symbol graphic.Macro.Macro boxes (defining)
  0
LAYER
  5
8E
330
2
100
AcDbSymbolTableRecord
100
AcDbLayerTableRecord
  2
EPLAN327
 70
     0
 62
     5
  6
EPL_DASH
290
     0
370
    25
390
F
347
46
348
0
1001
AcAecLayerStandard
1000

1000
Symbol graphic.Macro.Macro boxes (referencing)
  0
LAYER
  5
8F
330
2
100
AcDbSymbolTableRecord
100
AcDbLayerTableRecord
  2
EPLAN328
 70
     0
 62
     6
  6
EPL_DASH
370
    25
390
F
347
46
348
0
1001
AcAecLayerStandard
1000

1000
Symbol graphic.PLC boxes (fluid)
  0
LAYER
  5
90
330
2
100
AcDbSymbolTableRecord
100
AcDbLayerTableRecord
  2
EPLAN400
 70
     0
 62
     5
  6
Continuous
370
    35
390
F
347
46
348
0
1001
AcAecLayerStandard
1000

1000
Property placement.Device tags
  0
LAYER
  5
91
330
2
100
AcDbSymbolTableRecord
100
AcDbLayerTableRecord
  2
EPLAN401
 70
     0
 62
     5
  6
Continuous
370
    35
390
F
347
46
348
0
1001
AcAecLayerStandard
1000

1000
Property placement.Terminal strips
  0
LAYER
  5
92
330
2
100
AcDbSymbolTableRecord
100
AcDbLayerTableRecord
  2
EPLAN402
 70
     0
 62
     5
  6
Continuous
370
    35
390
F
347
46
348
0
1001
AcAecLayerStandard
1000

1000
Property placement.Plugs
  0
LAYER
  5
93
330
2
100
AcDbSymbolTableRecord
100
AcDbLayerTableRecord
  2
EPLAN403
 70
     0
 62
     5
  6
Continuous
370
    35
390
F
347
46
348
0
1001
AcAecLayerStandard
1000

1000
Property placement.Interruption point designations
  0
LAYER
  5
94
330
2
100
AcDbSymbolTableRecord
100
AcDbLayerTableRecord
  2
EPLAN404
 70
     0
 62
     5
  6
Continuous
370
    35
390
F
347
46
348
0
1001
AcAecLayerStandard
1000

1000
Property placement.Potential names
  0
LAYER
  5
95
330
2
100
AcDbSymbolTableRecord
100
AcDbLayerTableRecord
  2
EPLAN405
 70
     0
 62
     1
  6
Continuous
370
    25
390
F
347
46
348
0
1001
AcAecLayerStandard
1000

1000
Property placement.Connection definition points
  0
LAYER
  5
96
330
2
100
AcDbSymbolTableRecord
100
AcDbLayerTableRecord
  2
EPLAN406
 70
     0
 62
     1
  6
Continuous
370
    25
390
F
347
46
348
0
1001
AcAecLayerStandard
1000

1000
Property placement.Connection definition points.Cable connection
  0
LAYER
  5
97
330
2
100
AcDbSymbolTableRecord
100
AcDbLayerTableRecord
  2
EPLAN407
 70
     0
 62
     5
  6
Continuous
370
    35
390
F
347
46
348
0
1001
AcAecLayerStandard
1000

1000
Property placement.Cables.Device tags
  0
LAYER
  5
98
330
2
100
AcDbSymbolTableRecord
100
AcDbLayerTableRecord
  2
EPLAN408
 70
     0
 62
     5
  6
Continuous
370
    35
390
F
347
46
348
0
1001
AcAecLayerStandard
1000

1000
Property placement.Terminals.Device tags
  0
LAYER
  5
99
330
2
100
AcDbSymbolTableRecord
100
AcDbLayerTableRecord
  2
EPLAN409
 70
     0
 62
     5
  6
Continuous
370
    35
390
F
347
46
348
0
1001
AcAecLayerStandard
1000

1000
Property placement.Plugs.Device tags
  0
LAYER
  5
9A
330
2
100
AcDbSymbolTableRecord
100
AcDbLayerTableRecord
  2
EPLAN410
 70
     0
 62
     5
  6
Continuous
370
    35
390
F
347
46
348
0
1001
AcAecLayerStandard
1000

1000
Property placement.Net names
  0
LAYER
  5
9B
330
2
100
AcDbSymbolTableRecord
100
AcDbLayerTableRecord
  2
EPLAN420
 70
     0
 62
     7
  6
Continuous
370
    35
390
F
347
46
348
0
1001
AcAecLayerStandard
1000

1000
Property placement.Connection point designations
  0
LAYER
  5
9C
330
2
100
AcDbSymbolTableRecord
100
AcDbLayerTableRecord
  2
EPLAN421
 70
     0
 62
     5
  6
Continuous
370
    35
390
F
347
46
348
0
1001
AcAecLayerStandard
1000

1000
Property placement.Connection point descriptions
  0
LAYER
  5
9D
330
2
100
AcDbSymbolTableRecord
100
AcDbLayerTableRecord
  2
EPLAN422
 70
     0
 62
     7
  6
Continuous
370
    35
390
F
347
46
348
0
1001
AcAecLayerStandard
1000

1000
Property placement.Terminal designations
  0
LAYER
  5
9E
330
2
100
AcDbSymbolTableRecord
100
AcDbLayerTableRecord
  2
EPLAN423
 70
     0
 62
     7
  6
Continuous
370
    35
390
F
347
46
348
0
1001
AcAecLayerStandard
1000

1000
Property placement.Pin designations
  0
LAYER
  5
9F
330
2
100
AcDbSymbolTableRecord
100
AcDbLayerTableRecord
  2
EPLAN424
 70
     0
 62
     7
  6
Continuous
370
    35
390
F
347
46
348
0
1001
AcAecLayerStandard
1000

1000
Property placement.Device connection point designations
  0
LAYER
  5
A0
330
2
100
AcDbSymbolTableRecord
100
AcDbLayerTableRecord
  2
EPLAN425
 70
     0
 62
   251
  6
Continuous
370
    35
390
F
347
46
348
0
1001
AcAecLayerStandard
1000

1000
Property placement.Symbolic addresses
  0
LAYER
  5
A1
330
2
100
AcDbSymbolTableRecord
100
AcDbLayerTableRecord
  2
EPLAN426
 70
     0
 62
   251
  6
Continuous
370
    35
390
F
347
46
348
0
1001
AcAecLayerStandard
1000

1000
Property placement.PLC addresses
  0
LAYER
  5
A2
330
2
100
AcDbSymbolTableRecord
100
AcDbLayerTableRecord
  2
EPLAN427
 70
     0
 62
   251
  6
Continuous
370
    35
390
F
347
46
348
0
1001
AcAecLayerStandard
1000

1000
Property placement.PLC data types
  0
LAYER
  5
A3
330
2
100
AcDbSymbolTableRecord
100
AcDbLayerTableRecord
  2
EPLAN428
 70
     0
 62
   251
  6
Continuous
370
    35
390
F
347
46
348
0
1001
AcAecLayerStandard
1000

1000
Property placement.PLC connection point designations
  0
LAYER
  5
A4
330
2
100
AcDbSymbolTableRecord
100
AcDbLayerTableRecord
  2
EPLAN429
 70
     0
 62
   251
  6
Continuous
370
    35
390
F
347
46
348
0
1001
AcAecLayerStandard
1000

1000
Property placement.PLC function texts
  0
LAYER
  5
A5
330
2
100
AcDbSymbolTableRecord
100
AcDbLayerTableRecord
  2
EPLAN430
 70
     0
 62
    -7
  6
Continuous
290
     0
370
    35
390
F
347
46
348
0
1001
AcAecLayerStandard
1000

1000
Property placement.Terminal connection point designations
  0
LAYER
  5
A6
330
2
100
AcDbSymbolTableRecord
100
AcDbLayerTableRecord
  2
EPLAN431
 70
     0
 62
    -7
  6
Continuous
290
     0
370
    35
390
F
347
46
348
0
1001
AcAecLayerStandard
1000

1000
Property placement.Plug connection point designations
  0
LAYER
  5
A7
330
2
100
AcDbSymbolTableRecord
100
AcDbLayerTableRecord
  2
EPLAN432
 70
     0
 62
     7
  6
Continuous
370
    35
390
F
347
46
348
0
1001
AcAecLayerStandard
1000

1000
Property placement.PLC connection point designations (logic)
  0
LAYER
  5
A8
330
2
100
AcDbSymbolTableRecord
100
AcDbLayerTableRecord
  2
EPLAN433
 70
     0
 62
   251
  6
Continuous
370
    35
390
F
347
46
348
0
1001
AcAecLayerStandard
1000

1000
Property placement.Plug designation
  0
LAYER
  5
A9
330
2
100
AcDbSymbolTableRecord
100
AcDbLayerTableRecord
  2
EPLAN434
 70
     0
 62
     7
  6
Continuous
370
    35
390
F
347
46
348
0
1001
AcAecLayerStandard
1000

1000
Property placement.Terminal description
  0
LAYER
  5
AA
330
2
100
AcDbSymbolTableRecord
100
AcDbLayerTableRecord
  2
EPLAN435
 70
     0
 62
     7
  6
Continuous
370
    35
390
F
347
46
348
0
1001
AcAecLayerStandard
1000

1000
Property placement.Pin description
  0
LAYER
  5
AB
330
2
100
AcDbSymbolTableRecord
100
AcDbLayerTableRecord
  2
EPLAN436
 70
     0
 62
   251
  6
Continuous
370
    35
390
F
347
46
348
0
1001
AcAecLayerStandard
1000

1000
Property placement.Network / bus data
  0
LAYER
  5
AC
330
2
100
AcDbSymbolTableRecord
100
AcDbLayerTableRecord
  2
EPLAN440
 70
     0
 62
    73
  6
Continuous
370
    35
390
F
347
46
348
0
1001
AcAecLayerStandard
1000

1000
Property placement.Cross-references
  0
LAYER
  5
AD
330
2
100
AcDbSymbolTableRecord
100
AcDbLayerTableRecord
  2
EPLAN441
 70
     0
 62
    73
  6
Continuous
370
    35
390
F
347
46
348
0
1001
AcAecLayerStandard
1000

1000
Property placement.PLC cross-references
  0
LAYER
  5
AE
330
2
100
AcDbSymbolTableRecord
100
AcDbLayerTableRecord
  2
EPLAN442
 70
     0
 62
    73
  6
Continuous
370
    35
390
F
347
46
348
0
1001
AcAecLayerStandard
1000

1000
Property placement.Interruption point cross-references
  0
LAYER
  5
AF
330
2
100
AcDbSymbolTableRecord
100
AcDbLayerTableRecord
  2
EPLAN443
 70
     0
 62
    73
  6
Continuous
370
    35
390
F
347
46
348
0
1001
AcAecLayerStandard
1000

1000
Property placement.Cross-references to directly connected counterpieces
  0
LAYER
  5
B0
330
2
100
AcDbSymbolTableRecord
100
AcDbLayerTableRecord
  2
EPLAN444
 70
     0
 62
    73
  6
Continuous
370
    35
390
F
347
46
348
0
1001
AcAecLayerStandard
1000

1000
Property placement.Distributed terminals cross-reference
  0
LAYER
  5
B1
330
2
100
AcDbSymbolTableRecord
100
AcDbLayerTableRecord
  2
EPLAN445
 70
     0
 62
     7
  6
Continuous
370
    35
390
F
347
46
348
0
1001
AcAecLayerStandard
1000

1000
Property placement.Connection point cross-section / diameter
  0
LAYER
  5
B2
330
2
100
AcDbSymbolTableRecord
100
AcDbLayerTableRecord
  2
EPLAN450
 70
     0
 62
     7
  6
Continuous
370
    35
390
F
347
46
348
0
1001
AcAecLayerStandard
1000

1000
Special texts.Placeholder texts
  0
LAYER
  5
B3
330
2
100
AcDbSymbolTableRecord
100
AcDbLayerTableRecord
  2
EPLAN451
 70
     0
 62
     7
  6
Continuous
370
    35
390
F
347
46
348
0
1001
AcAecLayerStandard
1000

1000
Special texts.Projects
  0
LAYER
  5
B4
330
2
100
AcDbSymbolTableRecord
100
AcDbLayerTableRecord
  2
EPLAN452
 70
     0
 62
     7
  6
Continuous
370
    35
390
F
347
46
348
0
1001
AcAecLayerStandard
1000

1000
Special texts.Pages
  0
LAYER
  5
B5
330
2
100
AcDbSymbolTableRecord
100
AcDbLayerTableRecord
  2
EPLAN453
 70
     0
 62
     7
  6
Continuous
370
    35
390
F
347
46
348
0
1001
AcAecLayerStandard
1000

1000
Special texts.Columns / rows
  0
LAYER
  5
B6
330
2
100
AcDbSymbolTableRecord
100
AcDbLayerTableRecord
  2
EPLAN454
 70
     0
 62
     7
  6
Continuous
370
   100
390
F
347
46
348
0
1001
AcAecLayerStandard
1000

1000
Special texts.Watermark
  0
LAYER
  5
B7
330
2
100
AcDbSymbolTableRecord
100
AcDbLayerTableRecord
  2
EPLAN460
 70
     0
 62
     7
  6
Continuous
370
    25
390
F
347
46
348
0
1001
AcAecLayerStandard
1000

1000
Property placement.Contact image
  0
LAYER
  5
B8
330
2
100
AcDbSymbolTableRecord
100
AcDbLayerTableRecord
  2
EPLAN480
 70
     0
 62
     7
  6
Continuous
370
    35
390
F
347
46
348
0
1001
AcAecLayerStandard
1000

1000
Property placement.Part numbers
  0
LAYER
  5
B9
330
2
100
AcDbSymbolTableRecord
100
AcDbLayerTableRecord
  2
EPLAN481
 70
     0
 62
     7
  6
Continuous
370
    35
390
F
347
46
348
0
1001
AcAecLayerStandard
1000

1000
Property placement.Type designations
  0
LAYER
  5
BA
330
2
100
AcDbSymbolTableRecord
100
AcDbLayerTableRecord
  2
EPLAN490
 70
     0
 62
     5
  6
Continuous
370
    25
390
F
347
46
348
0
1001
AcAecLayerStandard
1000

1000
Property placement.Part placement.DT
  0
LAYER
  5
BB
330
2
100
AcDbSymbolTableRecord
100
AcDbLayerTableRecord
  2
EPLAN491
 70
     0
 62
     5
  6
Continuous
370
    25
390
F
347
46
348
0
1001
AcAecLayerStandard
1000

1000
Property placement.Part placement.Part numbers
  0
LAYER
  5
BC
330
2
100
AcDbSymbolTableRecord
100
AcDbLayerTableRecord
  2
EPLAN492
 70
     0
 62
     5
  6
Continuous
370
    25
390
F
347
46
348
0
1001
AcAecLayerStandard
1000

1000
Property placement.Part placement.Type designations
  0
LAYER
  5
BD
330
2
100
AcDbSymbolTableRecord
100
AcDbLayerTableRecord
  2
EPLAN493
 70
     0
 62
     5
  6
Continuous
370
    25
390
F
347
46
348
0
1001
AcAecLayerStandard
1000

1000
Property placement.Part placement.Legend indices
  0
LAYER
  5
BE
330
2
100
AcDbSymbolTableRecord
100
AcDbLayerTableRecord
  2
EPLAN500
 70
     0
 62
     7
  6
Continuous
370
    35
390
F
347
46
348
0
1001
AcAecLayerStandard
1000

1000
Property placement.Describing block.Technical characteristics
  0
LAYER
  5
BF
330
2
100
AcDbSymbolTableRecord
100
AcDbLayerTableRecord
  2
EPLAN501
 70
     0
 62
     7
  6
Continuous
370
    35
390
F
347
46
348
0
1001
AcAecLayerStandard
1000

1000
Property placement.Describing block.Function texts
  0
LAYER
  5
C0
330
2
100
AcDbSymbolTableRecord
100
AcDbLayerTableRecord
  2
EPLAN502
 70
     0
 62
     7
  6
Continuous
370
    35
390
F
347
46
348
0
1001
AcAecLayerStandard
1000

1000
Property placement.Describing block.Engraving data
  0
LAYER
  5
C1
330
2
100
AcDbSymbolTableRecord
100
AcDbLayerTableRecord
  2
EPLAN503
 70
     0
 62
     7
  6
Continuous
370
    35
390
F
347
46
348
0
1001
AcAecLayerStandard
1000

1000
Property placement.Describing block.Location designations
  0
LAYER
  5
C2
330
2
100
AcDbSymbolTableRecord
100
AcDbLayerTableRecord
  2
EPLAN504
 70
     0
 62
     7
  6
Continuous
370
    35
390
F
347
46
348
0
1001
AcAecLayerStandard
1000

1000
Property placement.Describing block.Supplementary fields
  0
LAYER
  5
C3
330
2
100
AcDbSymbolTableRecord
100
AcDbLayerTableRecord
  2
EPLAN505
 70
     0
 62
    -5
  6
Continuous
290
     0
370
    35
390
F
347
46
348
0
1001
AcAecLayerStandard
1000

1000
Property placement.Device tags.Fluid connection splicers / line connectors
  0
LAYER
  5
C4
330
2
100
AcDbSymbolTableRecord
100
AcDbLayerTableRecord
  2
EPLAN506
 70
     0
 62
     5
  6
Continuous
370
    35
390
F
347
46
348
0
1001
AcAecLayerStandard
1000

1000
Property placement.Device tags.Fluid functions
  0
LAYER
  5
C5
330
2
100
AcDbSymbolTableRecord
100
AcDbLayerTableRecord
  2
EPLAN507
 70
     0
 62
     1
  6
Continuous
370
    25
390
F
347
46
348
0
1001
AcAecLayerStandard
1000

1000
Symbol graphic.Connection symbols.Autoconnecting.Pressure lines
  0
LAYER
  5
C6
330
2
100
AcDbSymbolTableRecord
100
AcDbLayerTableRecord
  2
EPLAN508
 70
     0
 62
     1
  6
Continuous
370
    25
390
F
347
46
348
0
1001
AcAecLayerStandard
1000

1000
Symbol graphic.Connection symbols.Autoconnecting.Control lines
  0
LAYER
  5
C7
330
2
100
AcDbSymbolTableRecord
100
AcDbLayerTableRecord
  2
EPLAN509
 70
     0
 62
     1
  6
Continuous
370
    25
390
F
347
46
348
0
1001
AcAecLayerStandard
1000

1000
Symbol graphic.Connection symbols.Autoconnecting.Drain lines
  0
LAYER
  5
C8
330
2
100
AcDbSymbolTableRecord
100
AcDbLayerTableRecord
  2
EPLAN510
 70
     0
 62
     6
  6
Continuous
370
    25
390
F
347
46
348
0
1001
AcAecLayerStandard
1000

1000
Symbol graphic.Connection symbols.Autoconnecting.Internal connections / direct connections
  0
LAYER
  5
C9
330
2
100
AcDbSymbolTableRecord
100
AcDbLayerTableRecord
  2
EPLAN511
 70
     0
 62
     5
  6
Continuous
370
    25
390
F
347
46
348
0
1001
AcAecLayerStandard
1000

1000
Symbol graphic.Connection splicers / line connectors
  0
LAYER
  5
CA
330
2
100
AcDbSymbolTableRecord
100
AcDbLayerTableRecord
  2
EPLAN512
 70
     0
 62
     3
  6
Continuous
370
    35
390
F
347
46
348
0
1001
AcAecLayerStandard
1000

1000
Property placement.Block properties
  0
LAYER
  5
CB
330
2
100
AcDbSymbolTableRecord
100
AcDbLayerTableRecord
  2
EPLAN513
 70
     0
 62
    -5
  6
Continuous
290
     0
370
    25
390
F
347
46
348
0
1001
AcAecLayerStandard
1000

1000
Symbol graphic.Connection symbols.Autoconnecting.Break point
  0
LAYER
  5
CC
330
2
100
AcDbSymbolTableRecord
100
AcDbLayerTableRecord
  2
EPLAN514
 70
     0
 62
     5
  6
Continuous
370
    35
390
F
347
46
348
0
1001
AcAecLayerStandard
1000

1000
Property placement.Cables
  0
LAYER
  5
CD
330
2
100
AcDbSymbolTableRecord
100
AcDbLayerTableRecord
  2
EPLAN515
 70
     0
 62
   251
  6
Continuous
370
    35
390
F
347
46
348
0
1001
AcAecLayerStandard
1000

1000
Property placement.PLC addresses (overview)
  0
LAYER
  5
CE
330
2
100
AcDbSymbolTableRecord
100
AcDbLayerTableRecord
  2
EPLAN516
 70
     0
 62
     1
  6
Continuous
370
    25
390
F
347
46
348
0
1001
AcAecLayerStandard
1000

1000
Symbol graphic.Connection symbols.Autoconnecting.Process medium
  0
LAYER
  5
CF
330
2
100
AcDbSymbolTableRecord
100
AcDbLayerTableRecord
  2
EPLAN517
 70
     0
 62
     1
  6
Continuous
370
    25
390
F
347
46
348
0
1001
AcAecLayerStandard
1000

1000
Symbol graphic.Connection symbols.Autoconnecting.Heating and cooling medium
  0
LAYER
  5
D0
330
2
100
AcDbSymbolTableRecord
100
AcDbLayerTableRecord
  2
EPLAN518
 70
     0
 62
    -7
  6
Continuous
290
     0
370
    35
390
F
347
46
348
0
1001
AcAecLayerStandard
1000

1000
Property placement.Fluid connection splicers / line connectors.Connection point designations
  0
LAYER
  5
D1
330
2
100
AcDbSymbolTableRecord
100
AcDbLayerTableRecord
  2
EPLAN519
 70
     0
 62
     7
  6
Continuous
290
     0
370
    35
390
F
347
46
348
0
1001
AcAecLayerStandard
1000

1000
Graphic.Comments
  0
LAYER
  5
D2
330
2
100
AcDbSymbolTableRecord
100
AcDbLayerTableRecord
  2
EPLAN520
 70
     0
 62
    -7
  6
Continuous
290
     0
370
    35
390
F
347
46
348
0
1001
AcAecLayerStandard
1000

1000
Property placement.Message text
  0
LAYER
  5
D3
330
2
100
AcDbSymbolTableRecord
100
AcDbLayerTableRecord
  2
EPLAN521
 70
     0
 62
   140
  6
Continuous
370
    25
390
F
347
46
348
0
1001
AcAecLayerStandard
1000

1000
Symbol graphic.Connection symbols.Autoconnecting.Reservoir line
  0
LAYER
  5
D4
330
2
100
AcDbSymbolTableRecord
100
AcDbLayerTableRecord
  2
EPLAN522
 70
     0
 62
    70
  6
Continuous
370
    25
390
F
347
46
348
0
1001
AcAecLayerStandard
1000

1000
Symbol graphic.Connection symbols.Autoconnecting.Working line
  0
LAYER
  5
D6
330
2
100
AcDbSymbolTableRecord
100
AcDbLayerTableRecord
  2
EPLAN523
 70
     0
 62
     5
  6
EPL_DASH2
370
    25
390
F
347
46
348
0
1001
AcAecLayerStandard
1000

1000
Symbol graphic.Connection symbols.Autoconnecting.Control line internal
  0
LAYER
  5
D7
330
2
100
AcDbSymbolTableRecord
100
AcDbLayerTableRecord
  2
EPLAN524
 70
     0
 62
     5
  6
EPL_DASH
370
    25
390
F
347
46
348
0
1001
AcAecLayerStandard
1000

1000
Symbol graphic.Connection symbols.Autoconnecting.Drain line internal
  0
LAYER
  5
D8
330
2
100
AcDbSymbolTableRecord
100
AcDbLayerTableRecord
  2
EPLAN525
 70
     0
 62
     5
  6
Continuous
370
    25
390
F
347
46
348
0
1001
AcAecLayerStandard
1000

1000
Symbol graphic.Connection symbols.Autoconnecting.Pressure line internal
  0
LAYER
  5
D9
330
2
100
AcDbSymbolTableRecord
100
AcDbLayerTableRecord
  2
EPLAN526
 70
     0
 62
     5
  6
Continuous
370
    25
390
F
347
46
348
0
1001
AcAecLayerStandard
1000

1000
Symbol graphic.Connection symbols.Autoconnecting.Working line internal
  0
LAYER
  5
DA
330
2
100
AcDbSymbolTableRecord
100
AcDbLayerTableRecord
  2
EPLAN527
 70
     0
 62
     5
  6
Continuous
370
    25
390
F
347
46
348
0
1001
AcAecLayerStandard
1000

1000
Symbol graphic.Connection symbols.Autoconnecting.Reservoir line internal
  0
LAYER
  5
DB
330
2
100
AcDbSymbolTableRecord
100
AcDbLayerTableRecord
  2
EPLAN528
 70
     0
 62
     5
  6
Continuous
370
    25
390
F
347
46
348
0
1001
AcAecLayerStandard
1000

1000
Symbol graphic.Connection symbols.Autoconnecting.Heating and cooling medium internal
  0
LAYER
  5
DC
330
2
100
AcDbSymbolTableRecord
100
AcDbLayerTableRecord
  2
EPLAN529
 70
     0
 62
     5
  6
Continuous
370
    25
390
F
347
46
348
0
1001
AcAecLayerStandard
1000

1000
Symbol graphic.Connection symbols.Autoconnecting.Process medium internal
  0
LAYER
  5
DD
330
2
100
AcDbSymbolTableRecord
100
AcDbLayerTableRecord
  2
EPLAN531
 70
     0
 62
     1
  6
Continuous
370
    25
390
F
347
46
348
0
1001
AcAecLayerStandard
1000

1000
Symbol graphic.Connection symbols.Autoconnecting.Fluid undefined
  0
LAYER
  5
DF
330
2
100
AcDbSymbolTableRecord
100
AcDbLayerTableRecord
  2
EPLAN532
 70
     0
 62
     5
  6
EPL_DASHDOTDOT
370
   100
390
F
347
46
348
0
1001
AcAecLayerStandard
1000

1000
Symbol graphic.Connection symbols.Autoconnecting.Wire harness
  0
LAYER
  5
E0
330
2
100
AcDbSymbolTableRecord
100
AcDbLayerTableRecord
  2
EPLAN533
 70
     0
 62
     1
  6
Continuous
370
    25
390
F
347
46
348
0
1001
AcAecLayerStandard
1000

1000
Symbol graphic.Connection symbols.Autoconnecting.Saddle jumper
  0
LAYER
  5
E1
330
2
100
AcDbSymbolTableRecord
100
AcDbLayerTableRecord
  2
EPLAN540
 70
     0
 62
     1
  6
Continuous
370
    25
390
F
347
46
348
0
1001
AcAecLayerStandard
1000

1000
Symbol graphic.Connection symbols.Autoconnecting.Potential type [L]
  0
LAYER
  5
E2
330
2
100
AcDbSymbolTableRecord
100
AcDbLayerTableRecord
  2
EPLAN541
 70
     0
 62
     1
  6
Continuous
370
    25
390
F
347
46
348
0
1001
AcAecLayerStandard
1000

1000
Symbol graphic.Connection symbols.Autoconnecting.Potential type [N]
  0
LAYER
  5
E3
330
2
100
AcDbSymbolTableRecord
100
AcDbLayerTableRecord
  2
EPLAN542
 70
     0
 62
     1
  6
Continuous
370
    25
390
F
347
46
348
0
1001
AcAecLayerStandard
1000

1000
Symbol graphic.Connection symbols.Autoconnecting.Potential type [PE]
  0
LAYER
  5
E4
330
2
100
AcDbSymbolTableRecord
100
AcDbLayerTableRecord
  2
EPLAN543
 70
     0
 62
     1
  6
Continuous
370
    25
390
F
347
46
348
0
1001
AcAecLayerStandard
1000

1000
Symbol graphic.Connection symbols.Autoconnecting.Potential type [+]
  0
LAYER
  5
E5
330
2
100
AcDbSymbolTableRecord
100
AcDbLayerTableRecord
  2
EPLAN544
 70
     0
 62
     1
  6
Continuous
370
    25
390
F
347
46
348
0
1001
AcAecLayerStandard
1000

1000
Symbol graphic.Connection symbols.Autoconnecting.Potential type [M]
  0
LAYER
  5
E6
330
2
100
AcDbSymbolTableRecord
100
AcDbLayerTableRecord
  2
EPLAN545
 70
     0
 62
     1
  6
Continuous
370
    25
390
F
347
46
348
0
1001
AcAecLayerStandard
1000

1000
Symbol graphic.Connection symbols.Autoconnecting.Potential type [-]
  0
LAYER
  5
E7
330
2
100
AcDbSymbolTableRecord
100
AcDbLayerTableRecord
  2
EPLAN546
 70
     0
 62
     1
  6
Continuous
370
    25
390
F
347
46
348
0
1001
AcAecLayerStandard
1000

1000
Symbol graphic.Connection symbols.Autoconnecting.Potential type [SH]
  0
LAYER
  5
E8
330
2
100
AcDbSymbolTableRecord
100
AcDbLayerTableRecord
  2
EPLAN547
 70
     0
 62
     1
  6
Continuous
370
    25
390
F
347
46
348
0
1001
AcAecLayerStandard
1000

1000
Symbol graphic.Connection symbols.Autoconnecting.Potential type [PEN]
  0
LAYER
  5
E9
330
2
100
AcDbSymbolTableRecord
100
AcDbLayerTableRecord
  2
EPLAN550
 70
     0
 62
     5
  6
Continuous
370
    25
390
F
347
46
348
0
1001
AcAecLayerStandard
1000

1000
Symbol graphic.Connection symbols.Autoconnecting.Cables
  0
LAYER
  5
EA
330
2
100
AcDbSymbolTableRecord
100
AcDbLayerTableRecord
  2
EPLAN551
 70
     0
 62
     5
  6
Continuous
370
    35
390
F
347
46
348
0
1001
AcAecLayerStandard
1000

1000
Property placement.Placeholder objects
  0
LAYER
  5
EB
330
2
100
AcDbSymbolTableRecord
100
AcDbLayerTableRecord
  2
EPLAN552
 70
     0
 62
     7
  6
Continuous
370
    35
390
F
347
46
348
0
1001
AcAecLayerStandard
1000

1000
Property placement.Describing block.Status field
  0
LAYER
  5
EC
330
2
100
AcDbSymbolTableRecord
100
AcDbLayerTableRecord
  2
EPLAN555
 70
     0
 62
    -1
  6
Continuous
290
     0
370
    25
390
F
347
46
348
0
1001
AcAecLayerStandard
1000

1000
Symbol graphic.Connection symbols.Junction
  0
LAYER
  5
ED
330
2
100
AcDbSymbolTableRecord
100
AcDbLayerTableRecord
  2
EPLAN560
 70
     0
 62
   253
  6
Continuous
370
    50
390
F
347
46
348
0
1001
AcAecLayerStandard
1000

1000
3D graphic.Enclosure
  0
LAYER
  5
EE
330
2
100
AcDbSymbolTableRecord
100
AcDbLayerTableRecord
  2
EPLAN561
 70
     0
 62
   253
  6
Continuous
370
    50
390
F
347
46
348
0
1001
AcAecLayerStandard
1000

1000
3D graphic.Enclosure.Mounting panel
  0
LAYER
  5
EF
330
2
100
AcDbSymbolTableRecord
100
AcDbLayerTableRecord
  2
EPLAN562
 70
     0
 62
   252
  6
Continuous
370
    50
390
F
347
46
348
0
1001
AcAecLayerStandard
1000

1000
3D graphic.Device
  0
LAYER
  5
F0
330
2
100
AcDbSymbolTableRecord
100
AcDbLayerTableRecord
  2
EPLAN563
 70
     0
 62
    12
  6
Continuous
370
    50
390
F
347
46
348
0
1001
AcAecLayerStandard
1000

1000
3D graphic.Wire duct
  0
LAYER
  5
F1
330
2
100
AcDbSymbolTableRecord
100
AcDbLayerTableRecord
  2
EPLAN564
 70
     0
 62
    30
  6
Continuous
370
    50
390
F
347
46
348
0
1001
AcAecLayerStandard
1000

1000
3D graphic.Rails.Mounting rail
  0
LAYER
  5
F2
330
2
100
AcDbSymbolTableRecord
100
AcDbLayerTableRecord
  2
EPLAN565
 70
     0
 62
   135
  6
Continuous
370
    50
390
F
347
46
348
0
1001
AcAecLayerStandard
1000

1000
3D graphic.Rails.C horizontal rail
  0
LAYER
  5
F3
330
2
100
AcDbSymbolTableRecord
100
AcDbLayerTableRecord
  2
EPLAN566
 70
     0
 62
     9
  6
Continuous
370
    50
390
F
347
46
348
0
1001
AcAecLayerStandard
1000

1000
3D graphic.Rails.User-defined rail
  0
LAYER
  5
F4
330
2
100
AcDbSymbolTableRecord
100
AcDbLayerTableRecord
  2
EPLAN567
 70
     0
 62
     9
  6
Continuous
370
    50
390
F
347
46
348
0
1001
AcAecLayerStandard
1000

1000
3D graphic.Busbars.Busbar
  0
LAYER
  5
F5
330
2
100
AcDbSymbolTableRecord
100
AcDbLayerTableRecord
  2
EPLAN568
 70
     0
 62
     9
  6
Continuous
370
    50
390
F
347
46
348
0
1001
AcAecLayerStandard
1000

1000
3D graphic.Busbars.Support
  0
LAYER
  5
F6
330
2
100
AcDbSymbolTableRecord
100
AcDbLayerTableRecord
  2
EPLAN571
 70
     0
 62
   211
  6
Continuous
370
    50
390
F
347
46
348
0
1001
AcAecLayerStandard
1000

1000
3D graphic.Locked area
  0
LAYER
  5
F7
330
2
100
AcDbSymbolTableRecord
100
AcDbLayerTableRecord
  2
EPLAN572
 70
     0
 62
    81
  6
Continuous
370
    50
390
F
347
46
348
0
1001
AcAecLayerStandard
1000

1000
3D graphic.Locked area.Restricted cut-out area
  0
LAYER
  5
F8
330
2
100
AcDbSymbolTableRecord
100
AcDbLayerTableRecord
  2
EPLAN575
 70
     0
 62
     1
  6
Continuous
370
    50
390
F
347
46
348
0
1001
AcAecLayerStandard
1000

1000
3D graphic.Mounting clearance
  0
LAYER
  5
F9
330
2
100
AcDbSymbolTableRecord
100
AcDbLayerTableRecord
  2
EPLAN576
 70
     0
 62
     4
  6
Continuous
370
    20
390
F
347
46
348
0
1001
AcAecLayerStandard
1000

1000
Graphic.Deleted objects
  0
LAYER
  5
FA
330
2
100
AcDbSymbolTableRecord
100
AcDbLayerTableRecord
  2
EPLAN577
 70
     0
 62
     7
  6
Continuous
290
     0
370
    18
390
F
347
46
348
0
1001
AcAecLayerStandard
1000

1000
Graphic.Model view
  0
LAYER
  5
FB
330
2
100
AcDbSymbolTableRecord
100
AcDbLayerTableRecord
  2
EPLAN578
 70
     0
 62
     7
  6
Continuous
370
    50
390
F
347
46
348
0
1001
AcAecLayerStandard
1000

1000
Property placement.Model view
  0
LAYER
  5
FC
330
2
100
AcDbSymbolTableRecord
100
AcDbLayerTableRecord
  2
EPLAN579
 70
     0
 62
    -5
  6
Continuous
290
     0
370
    35
390
F
347
46
348
0
1001
AcAecLayerStandard
1000

1000
Property placement.3D part placement.Part numbers.Device
  0
LAYER
  5
FD
330
2
100
AcDbSymbolTableRecord
100
AcDbLayerTableRecord
  2
EPLAN580
 70
     0
 62
    -5
  6
Continuous
290
     0
370
    35
390
F
347
46
348
0
1001
AcAecLayerStandard
1000

1000
Property placement.3D part placement.Part numbers.Enclosure
  0
LAYER
  5
FE
330
2
100
AcDbSymbolTableRecord
100
AcDbLayerTableRecord
  2
EPLAN581
 70
     0
 62
    -5
  6
Continuous
290
     0
370
    35
390
F
347
46
348
0
1001
AcAecLayerStandard
1000

1000
Property placement.3D part placement.Part numbers.Rail / Wire duct
  0
LAYER
  5
FF
330
2
100
AcDbSymbolTableRecord
100
AcDbLayerTableRecord
  2
EPLAN582
 70
     0
 62
    -5
  6
Continuous
290
     0
370
    35
390
F
347
46
348
0
1001
AcAecLayerStandard
1000

1000
Property placement.3D part placement.Part numbers.System accessory
  0
LAYER
  5
100
330
2
100
AcDbSymbolTableRecord
100
AcDbLayerTableRecord
  2
EPLAN583
 70
     0
 62
     5
  6
Continuous
370
    35
390
F
347
46
348
0
1001
AcAecLayerStandard
1000

1000
Property placement.3D part placement.DT.Device
  0
LAYER
  5
101
330
2
100
AcDbSymbolTableRecord
100
AcDbLayerTableRecord
  2
EPLAN584
 70
     0
 62
     5
  6
Continuous
370
    35
390
F
347
46
348
0
1001
AcAecLayerStandard
1000

1000
Property placement.3D part placement.DT.Enclosure
  0
LAYER
  5
102
330
2
100
AcDbSymbolTableRecord
100
AcDbLayerTableRecord
  2
EPLAN585
 70
     0
 62
     5
  6
Continuous
370
    35
390
F
347
46
348
0
1001
AcAecLayerStandard
1000

1000
Property placement.3D part placement.DT.Rail / Wire duct
  0
LAYER
  5
103
330
2
100
AcDbSymbolTableRecord
100
AcDbLayerTableRecord
  2
EPLAN586
 70
     0
 62
     5
  6
Continuous
370
    35
390
F
347
46
348
0
1001
AcAecLayerStandard
1000

1000
Property placement.3D part placement.DT.System accessory
  0
LAYER
  5
104
330
2
100
AcDbSymbolTableRecord
100
AcDbLayerTableRecord
  2
EPLAN587
 70
     0
 62
    -5
  6
Continuous
290
     0
370
    35
390
F
347
46
348
0
1001
AcAecLayerStandard
1000

1000
Property placement.3D part placement.Item designation.Enclosure
  0
LAYER
  5
105
330
2
100
AcDbSymbolTableRecord
100
AcDbLayerTableRecord
  2
EPLAN588
 70
     0
 62
    -5
  6
Continuous
290
     0
370
    35
390
F
347
46
348
0
1001
AcAecLayerStandard
1000

1000
Property placement.3D part placement.Item designation.Rail / Wire duct
  0
LAYER
  5
106
330
2
100
AcDbSymbolTableRecord
100
AcDbLayerTableRecord
  2
EPLAN589
 70
     0
 62
    -5
  6
Continuous
290
     0
370
    35
390
F
347
46
348
0
1001
AcAecLayerStandard
1000

1000
Property placement.3D part placement.Item designation.System accessory
  0
LAYER
  5
107
330
2
100
AcDbSymbolTableRecord
100
AcDbLayerTableRecord
  2
EPLAN590
 70
     0
 62
    -5
  6
Continuous
290
     0
370
    35
390
F
347
46
348
0
1001
AcAecLayerStandard
1000

1000
Property placement.3D part placement.Legend indices.Device
  0
LAYER
  5
108
330
2
100
AcDbSymbolTableRecord
100
AcDbLayerTableRecord
  2
EPLAN591
 70
     0
 62
    -5
  6
Continuous
290
     0
370
    35
390
F
347
46
348
0
1001
AcAecLayerStandard
1000

1000
Property placement.3D part placement.Legend indices.Enclosure
  0
LAYER
  5
109
330
2
100
AcDbSymbolTableRecord
100
AcDbLayerTableRecord
  2
EPLAN592
 70
     0
 62
    -5
  6
Continuous
290
     0
370
    35
390
F
347
46
348
0
1001
AcAecLayerStandard
1000

1000
Property placement.3D part placement.Legend indices.Rail / Wire duct
  0
LAYER
  5
10A
330
2
100
AcDbSymbolTableRecord
100
AcDbLayerTableRecord
  2
EPLAN593
 70
     0
 62
    -5
  6
Continuous
290
     0
370
    35
390
F
347
46
348
0
1001
AcAecLayerStandard
1000

1000
Property placement.3D part placement.Legend indices.System accessory
  0
LAYER
  5
10B
330
2
100
AcDbSymbolTableRecord
100
AcDbLayerTableRecord
  2
EPLAN594
 70
     0
 62
    -5
  6
Continuous
290
     0
370
    35
390
F
347
46
348
0
1001
AcAecLayerStandard
1000

1000
Property placement.3D part placement.Type designations.Device
  0
LAYER
  5
10C
330
2
100
AcDbSymbolTableRecord
100
AcDbLayerTableRecord
  2
EPLAN595
 70
     0
 62
    -5
  6
Continuous
290
     0
370
    35
390
F
347
46
348
0
1001
AcAecLayerStandard
1000

1000
Property placement.3D part placement.Type designations.Enclosure
  0
LAYER
  5
10D
330
2
100
AcDbSymbolTableRecord
100
AcDbLayerTableRecord
  2
EPLAN596
 70
     0
 62
    -5
  6
Continuous
290
     0
370
    35
390
F
347
46
348
0
1001
AcAecLayerStandard
1000

1000
Property placement.3D part placement.Type designations.Rail / Wire duct
  0
LAYER
  5
10E
330
2
100
AcDbSymbolTableRecord
100
AcDbLayerTableRecord
  2
EPLAN597
 70
     0
 62
    -5
  6
Continuous
290
     0
370
    35
390
F
347
46
348
0
1001
AcAecLayerStandard
1000

1000
Property placement.3D part placement.Type designations.System accessory
  0
LAYER
  5
10F
330
2
100
AcDbSymbolTableRecord
100
AcDbLayerTableRecord
  2
EPLAN598
 70
     0
 62
     5
  6
Continuous
370
    35
390
F
347
46
348
0
1001
AcAecLayerStandard
1000

1000
Property placement.3D part placement.DT.Terminal
  0
LAYER
  5
110
330
2
100
AcDbSymbolTableRecord
100
AcDbLayerTableRecord
  2
EPLAN599
 70
     0
 62
    -1
  6
Continuous
290
     0
370
    50
390
F
347
46
348
0
1001
AcAecLayerStandard
1000

1000
3D graphic.Placement area.Item
  0
LAYER
  5
111
330
2
100
AcDbSymbolTableRecord
100
AcDbLayerTableRecord
  2
EPLAN620
 70
     0
 62
     3
  6
Continuous
370
    50
390
F
347
46
348
0
1001
AcAecLayerStandard
1000

1000
3D graphic.Placement area.Macro
  0
LAYER
  5
112
330
2
100
AcDbSymbolTableRecord
100
AcDbLayerTableRecord
  2
EPLAN621
 70
     0
 62
     7
  6
Continuous
370
    50
390
F
347
46
348
0
1001
AcAecLayerStandard
1000

1000
Property placement.Model view.Part numbers.Device
  0
LAYER
  5
113
330
2
100
AcDbSymbolTableRecord
100
AcDbLayerTableRecord
  2
EPLAN622
 70
     0
 62
     7
  6
Continuous
370
    50
390
F
347
46
348
0
1001
AcAecLayerStandard
1000

1000
Property placement.Model view.Part numbers.Enclosure
  0
LAYER
  5
114
330
2
100
AcDbSymbolTableRecord
100
AcDbLayerTableRecord
  2
EPLAN623
 70
     0
 62
     7
  6
Continuous
370
    50
390
F
347
46
348
0
1001
AcAecLayerStandard
1000

1000
Property placement.Model view.Part numbers.Rail / Wire duct
  0
LAYER
  5
115
330
2
100
AcDbSymbolTableRecord
100
AcDbLayerTableRecord
  2
EPLAN624
 70
     0
 62
     7
  6
Continuous
370
    50
390
F
347
46
348
0
1001
AcAecLayerStandard
1000

1000
Property placement.Model view.Part numbers.System accessory
  0
LAYER
  5
116
330
2
100
AcDbSymbolTableRecord
100
AcDbLayerTableRecord
  2
EPLAN625
 70
     0
 62
     7
  6
Continuous
370
    50
390
F
347
46
348
0
1001
AcAecLayerStandard
1000

1000
Property placement.Model view.DT.Device
  0
LAYER
  5
117
330
2
100
AcDbSymbolTableRecord
100
AcDbLayerTableRecord
  2
EPLAN626
 70
     0
 62
     7
  6
Continuous
370
    50
390
F
347
46
348
0
1001
AcAecLayerStandard
1000

1000
Property placement.Model view.DT.Terminal
  0
LAYER
  5
118
330
2
100
AcDbSymbolTableRecord
100
AcDbLayerTableRecord
  2
EPLAN627
 70
     0
 62
     7
  6
Continuous
370
    50
390
F
347
46
348
0
1001
AcAecLayerStandard
1000

1000
Property placement.Model view.DT.Enclosure
  0
LAYER
  5
119
330
2
100
AcDbSymbolTableRecord
100
AcDbLayerTableRecord
  2
EPLAN628
 70
     0
 62
     7
  6
Continuous
370
    50
390
F
347
46
348
0
1001
AcAecLayerStandard
1000

1000
Property placement.Model view.DT.Rail / Wire duct
  0
LAYER
  5
11A
330
2
100
AcDbSymbolTableRecord
100
AcDbLayerTableRecord
  2
EPLAN629
 70
     0
 62
     7
  6
Continuous
370
    50
390
F
347
46
348
0
1001
AcAecLayerStandard
1000

1000
Property placement.Model view.DT.System accessory
  0
LAYER
  5
11B
330
2
100
AcDbSymbolTableRecord
100
AcDbLayerTableRecord
  2
EPLAN630
 70
     0
 62
     7
  6
Continuous
370
    50
390
F
347
46
348
0
1001
AcAecLayerStandard
1000

1000
Property placement.Model view.Item designation.Enclosure
  0
LAYER
  5
11C
330
2
100
AcDbSymbolTableRecord
100
AcDbLayerTableRecord
  2
EPLAN631
 70
     0
 62
     7
  6
Continuous
370
    50
390
F
347
46
348
0
1001
AcAecLayerStandard
1000

1000
Property placement.Model view.Item designation.Rail / Wire duct
  0
LAYER
  5
11D
330
2
100
AcDbSymbolTableRecord
100
AcDbLayerTableRecord
  2
EPLAN632
 70
     0
 62
     7
  6
Continuous
370
    50
390
F
347
46
348
0
1001
AcAecLayerStandard
1000

1000
Property placement.Model view.Item designation.System accessory
  0
LAYER
  5
11E
330
2
100
AcDbSymbolTableRecord
100
AcDbLayerTableRecord
  2
EPLAN633
 70
     0
 62
     7
  6
Continuous
370
    50
390
F
347
46
348
0
1001
AcAecLayerStandard
1000

1000
Property placement.Model view.Legend indices.Device
  0
LAYER
  5
11F
330
2
100
AcDbSymbolTableRecord
100
AcDbLayerTableRecord
  2
EPLAN634
 70
     0
 62
     7
  6
Continuous
370
    50
390
F
347
46
348
0
1001
AcAecLayerStandard
1000

1000
Property placement.Model view.Legend indices.Enclosure
  0
LAYER
  5
120
330
2
100
AcDbSymbolTableRecord
100
AcDbLayerTableRecord
  2
EPLAN635
 70
     0
 62
     7
  6
Continuous
370
    50
390
F
347
46
348
0
1001
AcAecLayerStandard
1000

1000
Property placement.Model view.Legend indices.Rail / Wire duct
  0
LAYER
  5
121
330
2
100
AcDbSymbolTableRecord
100
AcDbLayerTableRecord
  2
EPLAN636
 70
     0
 62
     7
  6
Continuous
370
    50
390
F
347
46
348
0
1001
AcAecLayerStandard
1000

1000
Property placement.Model view.Legend indices.System accessory
  0
LAYER
  5
122
330
2
100
AcDbSymbolTableRecord
100
AcDbLayerTableRecord
  2
EPLAN637
 70
     0
 62
     7
  6
Continuous
370
    50
390
F
347
46
348
0
1001
AcAecLayerStandard
1000

1000
Property placement.Model view.Type designations.Device
  0
LAYER
  5
123
330
2
100
AcDbSymbolTableRecord
100
AcDbLayerTableRecord
  2
EPLAN638
 70
     0
 62
     7
  6
Continuous
370
    50
390
F
347
46
348
0
1001
AcAecLayerStandard
1000

1000
Property placement.Model view.Type designations.Enclosure
  0
LAYER
  5
124
330
2
100
AcDbSymbolTableRecord
100
AcDbLayerTableRecord
  2
EPLAN639
 70
     0
 62
     7
  6
Continuous
370
    50
390
F
347
46
348
0
1001
AcAecLayerStandard
1000

1000
Property placement.Model view.Type designations.Rail / Wire duct
  0
LAYER
  5
125
330
2
100
AcDbSymbolTableRecord
100
AcDbLayerTableRecord
  2
EPLAN640
 70
     0
 62
     7
  6
Continuous
370
    50
390
F
347
46
348
0
1001
AcAecLayerStandard
1000

1000
Property placement.Model view.Type designations.System accessory
  0
LAYER
  5
126
330
2
100
AcDbSymbolTableRecord
100
AcDbLayerTableRecord
  2
EPLAN641
 70
     0
 62
    -5
  6
Continuous
290
     0
370
    35
390
F
347
46
348
0
1001
AcAecLayerStandard
1000

1000
Property placement.3D part placement.Part numbers.Busbar
  0
LAYER
  5
127
330
2
100
AcDbSymbolTableRecord
100
AcDbLayerTableRecord
  2
EPLAN642
 70
     0
 62
     5
  6
Continuous
370
    35
390
F
347
46
348
0
1001
AcAecLayerStandard
1000

1000
Property placement.3D part placement.DT.Busbar
  0
LAYER
  5
128
330
2
100
AcDbSymbolTableRecord
100
AcDbLayerTableRecord
  2
EPLAN643
 70
     0
 62
    -5
  6
Continuous
290
     0
370
    35
390
F
347
46
348
0
1001
AcAecLayerStandard
1000

1000
Property placement.3D part placement.Item designation.Busbar
  0
LAYER
  5
129
330
2
100
AcDbSymbolTableRecord
100
AcDbLayerTableRecord
  2
EPLAN644
 70
     0
 62
    -5
  6
Continuous
290
     0
370
    35
390
F
347
46
348
0
1001
AcAecLayerStandard
1000

1000
Property placement.3D part placement.Legend indices.Busbar
  0
LAYER
  5
12A
330
2
100
AcDbSymbolTableRecord
100
AcDbLayerTableRecord
  2
EPLAN645
 70
     0
 62
    -5
  6
Continuous
290
     0
370
    35
390
F
347
46
348
0
1001
AcAecLayerStandard
1000

1000
Property placement.3D part placement.Type designations.Busbar
  0
LAYER
  5
12B
330
2
100
AcDbSymbolTableRecord
100
AcDbLayerTableRecord
  2
EPLAN646
 70
     0
 62
     5
  6
Continuous
370
    35
390
F
347
46
348
0
1001
AcAecLayerStandard
1000

1000
Property placement.Model view.Part numbers.Busbar
  0
LAYER
  5
12C
330
2
100
AcDbSymbolTableRecord
100
AcDbLayerTableRecord
  2
EPLAN647
 70
     0
 62
     5
  6
Continuous
370
    35
390
F
347
46
348
0
1001
AcAecLayerStandard
1000

1000
Property placement.Model view.DT.Busbar
  0
LAYER
  5
12D
330
2
100
AcDbSymbolTableRecord
100
AcDbLayerTableRecord
  2
EPLAN648
 70
     0
 62
     5
  6
Continuous
370
    35
390
F
347
46
348
0
1001
AcAecLayerStandard
1000

1000
Property placement.Model view.Item designation.Busbar
  0
LAYER
  5
12E
330
2
100
AcDbSymbolTableRecord
100
AcDbLayerTableRecord
  2
EPLAN649
 70
     0
 62
     5
  6
Continuous
370
    35
390
F
347
46
348
0
1001
AcAecLayerStandard
1000

1000
Property placement.Model view.Legend indices.Busbar
  0
LAYER
  5
12F
330
2
100
AcDbSymbolTableRecord
100
AcDbLayerTableRecord
  2
EPLAN650
 70
     0
 62
     5
  6
Continuous
370
    35
390
F
347
46
348
0
1001
AcAecLayerStandard
1000

1000
Property placement.Model view.Type designations.Busbar
  0
LAYER
  5
130
330
2
100
AcDbSymbolTableRecord
100
AcDbLayerTableRecord
  2
EPLAN651
 70
     0
 62
     7
  6
Continuous
370
    18
390
F
347
46
348
0
1001
AcAecLayerStandard
1000

1000
Graphic.Unfold
  0
LAYER
  5
131
330
2
100
AcDbSymbolTableRecord
100
AcDbLayerTableRecord
  2
EPLAN652
 70
     0
 62
     7
  6
EPL_DASHDOT
370
    18
390
F
347
46
348
0
1001
AcAecLayerStandard
1000

1000
Graphic.Unfold.Bending line
  0
LAYER
  5
133
330
2
100
AcDbSymbolTableRecord
100
AcDbLayerTableRecord
  2
EPLAN653
 70
     0
 62
     7
  6
EPL_DOT
370
    18
390
F
347
46
348
0
1001
AcAecLayerStandard
1000

1000
Graphic.Unfold.Bending extent
  0
LAYER
  5
134
330
2
100
AcDbSymbolTableRecord
100
AcDbLayerTableRecord
  2
EPLAN654
 70
     0
 62
     7
  6
Continuous
370
    18
390
F
347
46
348
0
1001
AcAecLayerStandard
1000

1000
Graphic.Unfold.Bending note
  0
LAYER
  5
135
330
2
100
AcDbSymbolTableRecord
100
AcDbLayerTableRecord
  2
EPLAN655
 70
     0
 62
     7
  6
Continuous
370
    18
390
F
347
46
348
0
1001
AcAecLayerStandard
1000

1000
Property placement.Unfold
  0
LAYER
  5
136
330
2
100
AcDbSymbolTableRecord
100
AcDbLayerTableRecord
  2
EPLAN656
 70
     0
 62
     7
  6
EPL_DASHDOT
370
    18
390
F
347
46
348
0
1001
AcAecLayerStandard
1000

1000
Graphic.Unfold.Auxiliary line
  0
LAYER
  5
137
330
2
100
AcDbSymbolTableRecord
100
AcDbLayerTableRecord
  2
EPLAN657
 70
     0
 62
     7
  6
Continuous
370
    18
390
F
347
46
348
0
1001
AcAecLayerStandard
1000

1000
Graphic.Unfold.Copper
  0
LAYER
  5
138
330
2
100
AcDbSymbolTableRecord
100
AcDbLayerTableRecord
  2
EPLAN660
 70
     0
 62
     1
  6
Continuous
370
    50
390
F
347
46
348
0
1001
AcAecLayerStandard
1000

1000
3D graphic.Cut-outs.Hole
  0
LAYER
  5
139
330
2
100
AcDbSymbolTableRecord
100
AcDbLayerTableRecord
  2
EPLAN661
 70
     0
 62
    30
  6
Continuous
370
    50
390
F
347
46
348
0
1001
AcAecLayerStandard
1000

1000
3D graphic.Cut-outs.Threaded hole
  0
LAYER
  5
13A
330
2
100
AcDbSymbolTableRecord
100
AcDbLayerTableRecord
  2
EPLAN662
 70
     0
 62
     1
  6
Continuous
370
    50
390
F
347
46
348
0
1001
AcAecLayerStandard
1000

1000
3D graphic.Cut-outs.Default outline
  0
LAYER
  5
13B
330
2
100
AcDbSymbolTableRecord
100
AcDbLayerTableRecord
  2
EPLAN663
 70
     0
 62
     1
  6
Continuous
370
    50
390
F
347
46
348
0
1001
AcAecLayerStandard
1000

1000
3D graphic.Cut-outs.User-defined outline
  0
LAYER
  5
13C
330
2
100
AcDbSymbolTableRecord
100
AcDbLayerTableRecord
  2
EPLAN664
 70
     0
 62
     1
  6
Continuous
370
    50
390
F
347
46
348
0
1001
AcAecLayerStandard
1000

1000
3D graphic.Cut-outs.Field size
  0
LAYER
  5
13D
330
2
100
AcDbSymbolTableRecord
100
AcDbLayerTableRecord
  2
EPLAN665
 70
     0
 62
     4
  6
Continuous
370
    50
390
F
347
46
348
0
1001
AcAecLayerStandard
1000

1000
3D graphic.Cut-outs.Inherited cut-outs
  0
LAYER
  5
13E
330
2
100
AcDbSymbolTableRecord
100
AcDbLayerTableRecord
  2
EPLAN670
 70
     0
 62
     7
  6
Continuous
370
    35
390
F
347
46
348
0
1001
AcAecLayerStandard
1000

1000
Graphic.Drilling template.Field
  0
LAYER
  5
13F
330
2
100
AcDbSymbolTableRecord
100
AcDbLayerTableRecord
  2
EPLAN671
 70
     0
 62
   140
  6
Continuous
370
    35
390
F
347
46
348
0
1001
AcAecLayerStandard
1000

1000
Graphic.Drilling template.Item
  0
LAYER
  5
140
330
2
100
AcDbSymbolTableRecord
100
AcDbLayerTableRecord
  2
EPLAN672
 70
     0
 62
    30
  6
Continuous
370
    35
390
F
347
46
348
0
1001
AcAecLayerStandard
1000

1000
Graphic.Drilling template.Machining
  0
LAYER
  5
141
330
2
100
AcDbSymbolTableRecord
100
AcDbLayerTableRecord
  2
EPLAN673
 70
     0
 62
    73
  6
Continuous
370
    35
390
F
347
46
348
0
1001
AcAecLayerStandard
1000

1000
Graphic.Drilling template.Other
  0
LAYER
  5
142
330
2
100
AcDbSymbolTableRecord
100
AcDbLayerTableRecord
  2
EPLAN675
 70
     0
 62
     7
  6
Continuous
370
    18
390
F
347
46
348
0
1001
AcAecLayerStandard
1000

1000
Graphic.Drilling view
  0
LAYER
  5
143
330
2
100
AcDbSymbolTableRecord
100
AcDbLayerTableRecord
  2
EPLAN676
 70
     0
 62
   140
  6
Continuous
370
    35
390
F
347
46
348
0
1001
AcAecLayerStandard
1000

1000
Graphic.Drilling view.Item
  0
LAYER
  5
144
330
2
100
AcDbSymbolTableRecord
100
AcDbLayerTableRecord
  2
EPLAN677
 70
     0
 62
    30
  6
Continuous
370
    35
390
F
347
46
348
0
1001
AcAecLayerStandard
1000

1000
Graphic.Drilling view.Machining
  0
LAYER
  5
145
330
2
100
AcDbSymbolTableRecord
100
AcDbLayerTableRecord
  2
EPLAN678
 70
     0
 62
     7
  6
Continuous
370
    35
390
F
347
46
348
0
1001
AcAecLayerStandard
1000

1000
Graphic.Drilling view.Mounting surface
  0
LAYER
  5
146
330
2
100
AcDbSymbolTableRecord
100
AcDbLayerTableRecord
  2
EPLAN679
 70
     0
 62
     7
  6
Continuous
370
    18
390
F
347
46
348
0
1001
AcAecLayerStandard
1000

1000
Property placement.Drilling view
  0
LAYER
  5
147
330
2
100
AcDbSymbolTableRecord
100
AcDbLayerTableRecord
  2
EPLAN680
 70
     0
 62
   153
  6
Continuous
370
    50
390
F
347
46
348
0
1001
AcAecLayerStandard
1000

1000
3D graphic.Connections.Routed connections
  0
LAYER
  5
148
330
2
100
AcDbSymbolTableRecord
100
AcDbLayerTableRecord
  2
EPLAN681
 70
     0
 62
    13
  6
Continuous
370
    50
390
F
347
46
348
0
1001
AcAecLayerStandard
1000

1000
3D graphic.Connections.Unrouted connections
  0
LAYER
  5
149
330
2
100
AcDbSymbolTableRecord
100
AcDbLayerTableRecord
  2
EPLAN682
 70
     0
 62
     1
  6
Continuous
370
    50
390
F
347
46
348
0
1001
AcAecLayerStandard
1000

1000
3D graphic.Connection points
  0
LAYER
  5
14A
330
2
100
AcDbSymbolTableRecord
100
AcDbLayerTableRecord
  2
EPLAN684
 70
     0
 62
     5
  6
Continuous
370
    50
390
F
347
46
348
0
1001
AcAecLayerStandard
1000

1000
3D graphic.Connections.Routing path
  0
LAYER
  5
14B
330
2
100
AcDbSymbolTableRecord
100
AcDbLayerTableRecord
  2
EPLAN685
 70
     0
 62
     1
  6
Continuous
370
    50
390
F
347
46
348
0
1001
AcAecLayerStandard
1000

1000
3D graphic.Connections.Routing range
  0
LAYER
  5
14C
330
2
100
AcDbSymbolTableRecord
100
AcDbLayerTableRecord
  2
EPLAN686
 70
     0
 62
    13
  6
Continuous
370
    50
390
F
347
46
348
0
1001
AcAecLayerStandard
1000

1000
3D graphic.Connections.Wiring cut-out
  0
LAYER
  5
14D
330
2
100
AcDbSymbolTableRecord
100
AcDbLayerTableRecord
  2
EPLAN687
 70
     0
 62
   255
  6
Continuous
370
    50
390
F
347
46
348
0
1001
AcAecLayerStandard
1000

1000
3D graphic.Connections.Modification points
  0
LAYER
  5
14E
330
2
100
AcDbSymbolTableRecord
100
AcDbLayerTableRecord
  2
EPLAN688
 70
     0
 62
     5
  6
Continuous
370
    50
390
F
347
46
348
0
1001
AcAecLayerStandard
1000

1000
3D graphic.Connections.Transfer point
  0
LAYER
  5
14F
330
2
100
AcDbSymbolTableRecord
100
AcDbLayerTableRecord
  2
EPLAN690
 70
     0
 62
     7
  6
Continuous
370
    50
390
F
347
46
348
0
1001
AcAecLayerStandard
1000

1000
3D graphic.Line
  0
LAYER
  5
150
330
2
100
AcDbSymbolTableRecord
100
AcDbLayerTableRecord
  2
EPLAN691
 70
     0
 62
    30
  6
Continuous
370
    35
390
F
347
46
348
0
1001
AcAecLayerStandard
1000

1000
Graphic.Drilling template.Machining.Drill hole
  0
LAYER
  5
151
330
2
100
AcDbSymbolTableRecord
100
AcDbLayerTableRecord
  2
EPLAN692
 70
     0
 62
    30
  6
Continuous
370
    35
390
F
347
46
348
0
1001
AcAecLayerStandard
1000

1000
Graphic.Drilling template.Machining.Thread
  0
LAYER
  5
152
330
2
100
AcDbSymbolTableRecord
100
AcDbLayerTableRecord
  2
EPLAN693
 70
     0
 62
    30
  6
Continuous
370
    35
390
F
347
46
348
0
1001
AcAecLayerStandard
1000

1000
Graphic.Drilling template.Machining.Default outline
  0
LAYER
  5
153
330
2
100
AcDbSymbolTableRecord
100
AcDbLayerTableRecord
  2
EPLAN694
 70
     0
 62
    30
  6
Continuous
370
    35
390
F
347
46
348
0
1001
AcAecLayerStandard
1000

1000
Graphic.Drilling template.Machining.User-defined outline
  0
LAYER
  5
154
330
2
100
AcDbSymbolTableRecord
100
AcDbLayerTableRecord
  2
EPLAN700
 70
     0
 62
    12
  6
Continuous
370
    50
390
F
347
46
348
0
1001
AcAecLayerStandard
1000

1000
Symbol graphic.Topology.Routing path
  0
LAYER
  5
155
330
2
100
AcDbSymbolTableRecord
100
AcDbLayerTableRecord
  2
EPLAN701
 70
     0
 62
    12
  6
Continuous
370
    50
390
F
347
46
348
0
1001
AcAecLayerStandard
1000

1000
Symbol graphic.Topology.Routing point
  0
LAYER
  5
156
330
2
100
AcDbSymbolTableRecord
100
AcDbLayerTableRecord
  2
EPLAN703
 70
     0
 62
    30
  6
Continuous
370
    13
390
F
347
46
348
0
1001
AcAecLayerStandard
1000

1000
Symbol graphic.Topology.Connection.Not routed (direct line)
  0
LAYER
  5
157
330
2
100
AcDbSymbolTableRecord
100
AcDbLayerTableRecord
  2
EPLAN704
 70
     0
 62
     6
  6
Continuous
370
    50
390
F
347
46
348
0
1001
AcAecLayerStandard
1000

1000
Symbol graphic.Topology.Connection.routed
  0
LAYER
  5
158
330
2
100
AcDbSymbolTableRecord
100
AcDbLayerTableRecord
  2
EPLAN705
 70
     0
 62
     9
  6
Continuous
370
    25
390
F
347
46
348
0
1001
AcAecLayerStandard
1000

1000
Graphic.Wallpaper
  0
LAYER
  5
159
330
2
100
AcDbSymbolTableRecord
100
AcDbLayerTableRecord
  2
EPLAN706
 70
     0
 62
     5
  6
Continuous
370
    25
390
F
347
46
348
0
1001
AcAecLayerStandard
1000

1000
Symbol graphic.Topology.Function
  0
LAYER
  5
15A
330
2
100
AcDbSymbolTableRecord
100
AcDbLayerTableRecord
  2
EPLAN707
 70
     0
 62
    30
  6
Continuous
370
    35
390
F
347
46
348
0
1001
AcAecLayerStandard
1000

1000
Symbol graphic.Topology.Routing path automatic
  0
LAYER
  5
15B
330
2
100
AcDbSymbolTableRecord
100
AcDbLayerTableRecord
  2
EPLAN710
 70
     0
 62
     5
  6
Continuous
370
    35
390
F
347
46
348
0
1001
AcAecLayerStandard
1000

1000
Property placement.Topology.Routing path.DT
  0
LAYER
  5
15C
330
2
100
AcDbSymbolTableRecord
100
AcDbLayerTableRecord
  2
EPLAN711
 70
     0
 62
     5
  6
Continuous
370
    35
390
F
347
46
348
0
1001
AcAecLayerStandard
1000

1000
Property placement.Topology.Routing point.DT
  0
LAYER
  5
15D
330
2
100
AcDbSymbolTableRecord
100
AcDbLayerTableRecord
  2
EPLAN712
 70
     0
 62
     5
  6
Continuous
370
    35
390
F
347
46
348
0
1001
AcAecLayerStandard
1000

1000
Property placement.Topology.Targets.DT
  0
LAYER
  5
15E
330
2
100
AcDbSymbolTableRecord
100
AcDbLayerTableRecord
  2
EPLAN713
 70
     0
 62
     5
  6
Continuous
370
    35
390
F
347
46
348
0
1001
AcAecLayerStandard
1000

1000
Property placement.Topology.Interruption point.DT
  0
LAYER
  5
15F
330
2
100
AcDbSymbolTableRecord
100
AcDbLayerTableRecord
  2
EPLAN714
 70
     0
 62
     7
  6
Continuous
370
    35
390
F
347
46
348
0
1001
AcAecLayerStandard
1000

1000
Property placement.Topology.Routing path.Describing block
  0
LAYER
  5
160
330
2
100
AcDbSymbolTableRecord
100
AcDbLayerTableRecord
  2
EPLAN715
 70
     0
 62
     7
  6
Continuous
370
    35
390
F
347
46
348
0
1001
AcAecLayerStandard
1000

1000
Property placement.Topology.Routing point.Describing block
  0
LAYER
  5
161
330
2
100
AcDbSymbolTableRecord
100
AcDbLayerTableRecord
  2
EPLAN716
 70
     0
 62
    -5
  6
Continuous
290
     0
370
    35
390
F
347
46
348
0
1001
AcAecLayerStandard
1000

1000
Property placement.Topology.Routing path automatic.DT
  0
LAYER
  5
162
330
2
100
AcDbSymbolTableRecord
100
AcDbLayerTableRecord
  2
EPLAN720
 70
     0
 62
     5
  6
Continuous
370
    35
390
F
347
46
348
0
1001
AcAecLayerStandard
1000

1000
Property placement.Pre-planning
  0
LAYER
  5
163
330
2
100
AcDbSymbolTableRecord
100
AcDbLayerTableRecord
  2
EPLAN721
 70
     0
 62
     5
  6
Continuous
370
    35
390
F
347
46
348
0
1001
AcAecLayerStandard
1000

1000
Property placement.Pre-planning.Designation
  0
LAYER
  5
164
330
2
100
AcDbSymbolTableRecord
100
AcDbLayerTableRecord
  2
EPLAN722
 70
     0
 62
    -7
  6
Continuous
290
     0
370
    35
390
F
347
46
348
0
1001
AcAecLayerStandard
1000

1000
Property placement.Pre-planning.Description
  0
LAYER
  5
165
330
2
100
AcDbSymbolTableRecord
100
AcDbLayerTableRecord
  2
EPLAN723
 70
     0
 62
     5
  6
Continuous
370
    35
390
F
347
46
348
0
1001
AcAecLayerStandard
1000

1000
Property placement.Pre-planning.Structure identifiers
  0
LAYER
  5
166
330
2
100
AcDbSymbolTableRecord
100
AcDbLayerTableRecord
  2
EPLAN724
 70
     0
 62
   134
  6
EPL_DASHDOT
370
    25
390
F
347
46
348
0
1001
AcAecLayerStandard
1000

1000
Symbol graphic.Pre-planning.Structure segment
  0
LAYER
  5
167
330
2
100
AcDbSymbolTableRecord
100
AcDbLayerTableRecord
  2
EPLAN725
 70
     0
 62
     5
  6
EPL_DASH
370
    25
390
F
347
46
348
0
1001
AcAecLayerStandard
1000

1000
Symbol graphic.Pre-planning.Planning object
  0
LAYER
  5
168
330
2
100
AcDbSymbolTableRecord
100
AcDbLayerTableRecord
  2
EPLAN726
 70
     0
 62
     7
  6
Continuous
370
    35
390
F
347
46
348
0
1001
AcAecLayerStandard
1000

1000
Property placement.Pre-planning.P&ID
  0
LAYER
  5
169
330
2
100
AcDbSymbolTableRecord
100
AcDbLayerTableRecord
  2
EPLAN750
 70
     0
 62
     1
  6
Continuous
370
   140
390
F
347
46
348
0
1001
AcAecLayerStandard
1000

1000
Symbol graphic.Connection symbols.Autoconnecting.P&ID.Oil-containing vapor
  0
LAYER
  5
16A
330
2
100
AcDbSymbolTableRecord
100
AcDbLayerTableRecord
  2
EPLAN751
 70
     0
 62
     3
  6
Continuous
370
    50
390
F
347
46
348
0
1001
AcAecLayerStandard
1000

1000
Symbol graphic.Connection symbols.Autoconnecting.P&ID.Oil-containing water
  0
LAYER
  5
16B
330
2
100
AcDbSymbolTableRecord
100
AcDbLayerTableRecord
  2
EPLAN752
 70
     0
 62
     3
  6
Continuous
370
    25
390
F
347
46
348
0
1001
AcAecLayerStandard
1000

1000
Symbol graphic.Connection symbols.Autoconnecting.P&ID.Raw water
  0
LAYER
  5
16C
330
2
100
AcDbSymbolTableRecord
100
AcDbLayerTableRecord
  2
EPLAN753
 70
     0
 62
     3
  6
Continuous
370
    50
390
F
347
46
348
0
1001
AcAecLayerStandard
1000

1000
Symbol graphic.Connection symbols.Autoconnecting.P&ID.Waste water
  0
LAYER
  5
16D
330
2
100
AcDbSymbolTableRecord
100
AcDbLayerTableRecord
  2
EPLAN754
 70
     0
 62
     6
  6
Continuous
370
    25
390
F
347
46
348
0
1001
AcAecLayerStandard
1000

1000
Symbol graphic.Connection symbols.Autoconnecting.P&ID.Solutions, chemicals (alkaline solution)
  0
LAYER
  5
16E
330
2
100
AcDbSymbolTableRecord
100
AcDbLayerTableRecord
  2
EPLAN755
 70
     0
 62
    30
  6
Continuous
370
    25
390
F
347
46
348
0
1001
AcAecLayerStandard
1000

1000
Symbol graphic.Connection symbols.Autoconnecting.P&ID.Solutions, chemicals (acid)
  0
LAYER
  5
16F
330
2
100
AcDbSymbolTableRecord
100
AcDbLayerTableRecord
  2
EPLAN756
 70
     0
 62
    12
  6
Continuous
370
   120
390
F
347
46
348
0
1001
AcAecLayerStandard
1000

1000
Symbol graphic.Connection symbols.Autoconnecting.P&ID.Oil
  0
LAYER
  5
170
330
2
100
AcDbSymbolTableRecord
100
AcDbLayerTableRecord
  2
EPLAN757
 70
     0
 62
     7
  6
Continuous
370
    50
390
F
347
46
348
0
1001
AcAecLayerStandard
1000

1000
Symbol graphic.Connection symbols.Autoconnecting.P&ID.Liquid metal
  0
LAYER
  5
171
330
2
100
AcDbSymbolTableRecord
100
AcDbLayerTableRecord
  2
EPLAN758
 70
     0
 62
     7
  6
Continuous
370
   140
390
F
347
46
348
0
1001
AcAecLayerStandard
1000

1000
Symbol graphic.Connection symbols.Autoconnecting.P&ID.Air
  0
LAYER
  5
172
330
2
100
AcDbSymbolTableRecord
100
AcDbLayerTableRecord
  2
EPLAN759
 70
     0
 62
    30
  6
Continuous
370
   140
390
F
347
46
348
0
1001
AcAecLayerStandard
1000

1000
Symbol graphic.Connection symbols.Autoconnecting.P&ID.Flammable gases
  0
LAYER
  5
173
330
2
100
AcDbSymbolTableRecord
100
AcDbLayerTableRecord
  2
EPLAN760
 70
     0
 62
     7
  6
Continuous
370
   211
390
F
347
46
348
0
1001
AcAecLayerStandard
1000

1000
Symbol graphic.Connection symbols.Autoconnecting.P&ID.Non-flammable gases
  0
LAYER
  5
174
330
2
100
AcDbSymbolTableRecord
100
AcDbLayerTableRecord
  2
EPLAN761
 70
     0
 62
     6
  6
Continuous
370
   211
390
F
347
46
348
0
1001
AcAecLayerStandard
1000

1000
Symbol graphic.Connection symbols.Autoconnecting.P&ID.Solid fuels
  0
LAYER
  5
175
330
2
100
AcDbSymbolTableRecord
100
AcDbLayerTableRecord
  2
EPLAN762
 70
     0
 62
    12
  6
Continuous
370
   120
390
F
347
46
348
0
1001
AcAecLayerStandard
1000

1000
Symbol graphic.Connection symbols.Autoconnecting.P&ID.Flammable waste (oil sludge)
  0
LAYER
  5
176
330
2
100
AcDbSymbolTableRecord
100
AcDbLayerTableRecord
  2
EPLAN763
 70
     0
 62
     7
  6
Continuous
370
    25
390
F
347
46
348
0
1001
AcAecLayerStandard
1000

1000
Symbol graphic.Connection symbols.Autoconnecting.P&ID.Other identifier
  0
LAYER
  5
177
330
2
100
AcDbSymbolTableRecord
100
AcDbLayerTableRecord
  2
EPLAN764
 70
     0
 62
     7
  6
Continuous
370
    25
390
F
347
46
348
0
1001
AcAecLayerStandard
1000

1000
Symbol graphic.Connection symbols.Autoconnecting.P&ID.Other identifier
  0
LAYER
  5
178
330
2
100
AcDbSymbolTableRecord
100
AcDbLayerTableRecord
  2
EPLAN765
 70
     0
 62
    12
  6
Continuous
370
   120
390
F
347
46
348
0
1001
AcAecLayerStandard
1000

1000
Symbol graphic.Connection symbols.Autoconnecting.P&ID.Oil emulsion
  0
LAYER
  5
179
330
2
100
AcDbSymbolTableRecord
100
AcDbLayerTableRecord
  2
EPLAN766
 70
     0
 62
     7
  6
Continuous
370
   211
390
F
347
46
348
0
1001
AcAecLayerStandard
1000

1000
Symbol graphic.Connection symbols.Autoconnecting.P&ID.Other substances
  0
LAYER
  5
17A
330
2
100
AcDbSymbolTableRecord
100
AcDbLayerTableRecord
  2
EPLAN767
 70
     0
 62
     7
  6
Continuous
370
   211
390
F
347
46
348
0
1001
AcAecLayerStandard
1000

1000
Symbol graphic.Connection symbols.Autoconnecting.P&ID.Limestone
  0
LAYER
  5
17B
330
2
100
AcDbSymbolTableRecord
100
AcDbLayerTableRecord
  2
EPLAN768
 70
     0
 62
     7
  6
Continuous
370
    25
390
F
347
46
348
0
1001
AcAecLayerStandard
1000

1000
Symbol graphic.Connection symbols.Autoconnecting.P&ID.Oxygen
  0
LAYER
  5
17C
330
2
100
AcDbSymbolTableRecord
100
AcDbLayerTableRecord
  2
EPLAN769
 70
     0
 62
    30
  6
Continuous
370
    25
390
F
347
46
348
0
1001
AcAecLayerStandard
1000

1000
Symbol graphic.Connection symbols.Autoconnecting.P&ID.Hydrogen
  0
LAYER
  5
17D
330
2
100
AcDbSymbolTableRecord
100
AcDbLayerTableRecord
  2
EPLAN770
 70
     0
 62
     7
  6
Continuous
370
    25
390
F
347
46
348
0
1001
AcAecLayerStandard
1000

1000
Symbol graphic.Connection symbols.Autoconnecting.P&ID.Nitrogen
  0
LAYER
  5
17E
330
2
100
AcDbSymbolTableRecord
100
AcDbLayerTableRecord
  2
EPLAN771
 70
     0
 62
     7
  6
Continuous
370
    20
390
F
347
46
348
0
1001
AcAecLayerStandard
1000

1000
Symbol graphic.Connection symbols.Autoconnecting.P&ID.Undefined signal
  0
LAYER
  5
17F
330
2
100
AcDbSymbolTableRecord
100
AcDbLayerTableRecord
  2
EPLAN772
 70
     0
 62
     7
  6
Continuous
370
    20
390
F
347
46
348
0
1001
AcAecLayerStandard
1000

1000
Symbol graphic.Connection symbols.Autoconnecting.P&ID.Pneumatic signal
  0
LAYER
  5
180
330
2
100
AcDbSymbolTableRecord
100
AcDbLayerTableRecord
  2
EPLAN773
 70
     0
 62
     7
  6
Continuous
370
    20
390
F
347
46
348
0
1001
AcAecLayerStandard
1000

1000
Symbol graphic.Connection symbols.Autoconnecting.P&ID.Hydraulic signal
  0
LAYER
  5
181
330
2
100
AcDbSymbolTableRecord
100
AcDbLayerTableRecord
  2
EPLAN774
 70
     0
 62
     7
  6
Continuous
370
    20
390
F
347
46
348
0
1001
AcAecLayerStandard
1000

1000
Symbol graphic.Connection symbols.Autoconnecting.P&ID.Capillary hose
  0
LAYER
  5
182
330
2
100
AcDbSymbolTableRecord
100
AcDbLayerTableRecord
  2
EPLAN775
 70
     0
 62
     7
  6
Continuous
370
    20
390
F
347
46
348
0
1001
AcAecLayerStandard
1000

1000
Symbol graphic.Connection symbols.Autoconnecting.P&ID.Electromagnetic signal
  0
LAYER
  5
183
330
2
100
AcDbSymbolTableRecord
100
AcDbLayerTableRecord
  2
EPLAN776
 70
     0
 62
     7
  6
Continuous
370
    20
390
F
347
46
348
0
1001
AcAecLayerStandard
1000

1000
Symbol graphic.Connection symbols.Autoconnecting.P&ID.Wireless signal
  0
LAYER
  5
184
330
2
100
AcDbSymbolTableRecord
100
AcDbLayerTableRecord
  2
EPLAN777
 70
     0
 62
     7
  6
Continuous
370
    20
390
F
347
46
348
0
1001
AcAecLayerStandard
1000

1000
Symbol graphic.Connection symbols.Autoconnecting.P&ID.Wireless communication
  0
LAYER
  5
185
330
2
100
AcDbSymbolTableRecord
100
AcDbLayerTableRecord
  2
EPLAN778
 70
     0
 62
     7
  6
Continuous
370
    20
390
F
347
46
348
0
1001
AcAecLayerStandard
1000

1000
Symbol graphic.Connection symbols.Autoconnecting.P&ID.Bus signal
  0
LAYER
  5
186
330
2
100
AcDbSymbolTableRecord
100
AcDbLayerTableRecord
  2
EPLAN779
 70
     0
 62
     7
  6
Continuous
370
    20
390
F
347
46
348
0
1001
AcAecLayerStandard
1000

1000
Symbol graphic.Connection symbols.Autoconnecting.P&ID.Bus signal between independent systems
  0
LAYER
  5
187
330
2
100
AcDbSymbolTableRecord
100
AcDbLayerTableRecord
  2
EPLAN780
 70
     0
 62
     7
  6
Continuous
370
    20
390
F
347
46
348
0
1001
AcAecLayerStandard
1000

1000
Symbol graphic.Connection symbols.Autoconnecting.P&ID.Bus signal via fieldbus
  0
LAYER
  5
188
330
2
100
AcDbSymbolTableRecord
100
AcDbLayerTableRecord
  2
EPLAN781
 70
     0
 62
     7
  6
Continuous
370
    20
390
F
347
46
348
0
1001
AcAecLayerStandard
1000

1000
Symbol graphic.Connection symbols.Autoconnecting.P&ID.Setting and calibration signal
  0
LAYER
  5
189
330
2
100
AcDbSymbolTableRecord
100
AcDbLayerTableRecord
  2
EPLAN782
 70
     0
 62
     7
  6
Continuous
370
    20
390
F
347
46
348
0
1001
AcAecLayerStandard
1000

1000
Symbol graphic.Connection symbols.Autoconnecting.P&ID.Mechanical connection
  0
LAYER
  5
18A
330
2
100
AcDbSymbolTableRecord
100
AcDbLayerTableRecord
  2
EPLAN783
 70
     0
 62
     7
  6
Continuous
370
    25
390
F
347
46
348
0
1001
AcAecLayerStandard
1000

1000
Symbol graphic.Connection symbols.Autoconnecting.P&ID.Waved line
  0
LAYER
  5
18B
330
2
100
AcDbSymbolTableRecord
100
AcDbLayerTableRecord
  2
EPLAN784
 70
     0
 62
     7
  6
Continuous
370
   100
390
F
347
46
348
0
1001
AcAecLayerStandard
1000

1000
Symbol graphic.Connection symbols.Autoconnecting.P&ID.Grounding conductor
  0
LAYER
  5
18C
330
2
100
AcDbSymbolTableRecord
100
AcDbLayerTableRecord
  2
EPLAN785
 70
     0
 62
     7
  6
Continuous
370
   100
390
F
347
46
348
0
1001
AcAecLayerStandard
1000

1000
Symbol graphic.Connection symbols.Autoconnecting.P&ID.Grounding main conductor
  0
LAYER
  5
18D
330
2
100
AcDbSymbolTableRecord
100
AcDbLayerTableRecord
  2
EPLAN786
 70
     0
 62
     7
  6
Continuous
370
   100
390
F
347
46
348
0
1001
AcAecLayerStandard
1000

1000
Symbol graphic.Connection symbols.Autoconnecting.P&ID.Line with breakpoints
  0
LAYER
  5
18E
330
2
100
AcDbSymbolTableRecord
100
AcDbLayerTableRecord
  2
EPLAN787
 70
     0
 62
     7
  6
Continuous
370
   100
390
F
347
46
348
0
1001
AcAecLayerStandard
1000

1000
Symbol graphic.Connection symbols.Autoconnecting.P&ID.Open conductor routing
  0
LAYER
  5
18F
330
2
100
AcDbSymbolTableRecord
100
AcDbLayerTableRecord
  2
EPLAN788
 70
     0
 62
     7
  6
Continuous
370
   100
390
F
347
46
348
0
1001
AcAecLayerStandard
1000

1000
Symbol graphic.Connection symbols.Autoconnecting.P&ID.Open conductor routing overlapping
  0
LAYER
  5
190
330
2
100
AcDbSymbolTableRecord
100
AcDbLayerTableRecord
  2
EPLAN789
 70
     0
 62
     7
  6
Continuous
370
   100
390
F
347
46
348
0
1001
AcAecLayerStandard
1000

1000
Symbol graphic.Connection symbols.Autoconnecting.P&ID.Routing in cable tray
  0
LAYER
  5
191
330
2
100
AcDbSymbolTableRecord
100
AcDbLayerTableRecord
  2
EPLAN790
 70
     0
 62
     7
  6
Continuous
370
   100
390
F
347
46
348
0
1001
AcAecLayerStandard
1000

1000
Symbol graphic.Connection symbols.Autoconnecting.P&ID.Routing in cable duct
  0
LAYER
  5
192
330
2
100
AcDbSymbolTableRecord
100
AcDbLayerTableRecord
  2
EPLAN791
 70
     0
 62
     7
  6
Continuous
370
   100
390
F
347
46
348
0
1001
AcAecLayerStandard
1000

1000
Symbol graphic.Connection symbols.Autoconnecting.P&ID.Routing in baseboard
  0
LAYER
  5
193
330
2
100
AcDbSymbolTableRecord
100
AcDbLayerTableRecord
  2
EPLAN792
 70
     0
 62
     7
  6
Continuous
370
    50
390
F
347
46
348
0
1001
AcAecLayerStandard
1000

1000
Symbol graphic.Connection symbols.Autoconnecting.P&ID.Open routing in the pipe
  0
LAYER
  5
194
330
2
100
AcDbSymbolTableRecord
100
AcDbLayerTableRecord
  2
EPLAN793
 70
     0
 62
     7
  6
Continuous
370
    50
390
F
347
46
348
0
1001
AcAecLayerStandard
1000

1000
Symbol graphic.Connection symbols.Autoconnecting.P&ID.Routing in the pipe
  0
LAYER
  5
195
330
2
100
AcDbSymbolTableRecord
100
AcDbLayerTableRecord
  2
EPLAN794
 70
     0
 62
     5
  6
Continuous
370
    50
390
F
347
46
348
0
1001
AcAecLayerStandard
1000

1000
3D graphic.Connections.Curve
  0
LAYER
  5
196
330
2
100
AcDbSymbolTableRecord
100
AcDbLayerTableRecord
  2
EPLAN795
 70
     0
 62
   253
  6
Continuous
370
    50
390
F
347
46
348
0
1001
AcAecLayerStandard
1000

1000
3D graphic.Routing accessories.Cable / tubing clamp
  0
LAYER
  5
197
330
2
100
AcDbSymbolTableRecord
100
AcDbLayerTableRecord
  2
EPLAN796
 70
     0
 62
   253
  6
Continuous
370
    50
390
F
347
46
348
0
1001
AcAecLayerStandard
1000

1000
3D graphic.Routing accessories.Cable / tubing tie
  0
LAYER
  5
198
330
2
100
AcDbSymbolTableRecord
100
AcDbLayerTableRecord
  2
EPLAN797
 70
     0
 62
   253
  6
Continuous
370
    50
390
F
347
46
348
0
1001
AcAecLayerStandard
1000

1000
3D graphic.Routing accessories.Cable / tubing protection
  0
LAYER
  5
199
330
2
100
AcDbSymbolTableRecord
100
AcDbLayerTableRecord
  2
EPLAN798
 70
     0
 62
     1
  6
Continuous
370
    50
390
F
347
46
348
0
1001
AcAecLayerStandard
1000

1000
3D graphic.Connections.Default routing track
  0
LAYER
  5
19A
330
2
100
AcDbSymbolTableRecord
100
AcDbLayerTableRecord
  2
EPLAN799
 70
     0
 62
     1
  6
Continuous
370
    25
390
F
347
46
348
0
1001
AcAecLayerStandard
1000

1000
Graphic.Outline check
  0
LAYER
  5
19B
330
2
100
AcDbSymbolTableRecord
100
AcDbLayerTableRecord
  2
EPLAN800
 70
     0
 62
     9
  6
Continuous
370
    50
390
F
347
46
348
0
1001
AcAecLayerStandard
1000

1000
3D graphic.Busbars.Busbar cover
  0
LAYER
  5
19C
330
2
100
AcDbSymbolTableRecord
100
AcDbLayerTableRecord
  2
EPLAN801
 70
     0
 62
   251
  6
EPL_DASH
290
     0
370
    25
390
F
347
46
348
0
1001
AcAecLayerStandard
1000

1000
Graphic.Drilling pattern generation.Drilling pattern frame
  0
LAYER
  5
19D
330
2
100
AcDbSymbolTableRecord
100
AcDbLayerTableRecord
  2
EPLAN802
 70
     0
 62
     6
  6
Continuous
370
    25
390
F
347
46
348
0
1001
AcAecLayerStandard
1000

1000
Graphic.Drilling pattern generation.Items
  0
LAYER
  5
19E
330
2
100
AcDbSymbolTableRecord
100
AcDbLayerTableRecord
  2
EPLAN803
 70
     0
 62
     3
  6
Continuous
370
    25
390
F
347
46
348
0
1001
AcAecLayerStandard
1000

1000
Graphic.Drilling pattern generation.Drill holes
  0
LAYER
  5
19F
330
2
100
AcDbSymbolTableRecord
100
AcDbLayerTableRecord
  2
EPLAN804
 70
     0
 62
     1
  6
Continuous
370
    25
390
F
347
46
348
0
1001
AcAecLayerStandard
1000

1000
Graphic.Drilling pattern generation.Threaded holes
  0
LAYER
  5
1A0
330
2
100
AcDbSymbolTableRecord
100
AcDbLayerTableRecord
  2
EPLAN805
 70
     0
 62
     2
  6
Continuous
370
    25
390
F
347
46
348
0
1001
AcAecLayerStandard
1000

1000
Graphic.Drilling pattern generation.Outlines
  0
LAYER
  5
1A1
330
2
100
AcDbSymbolTableRecord
100
AcDbLayerTableRecord
  2
EPLAN806
 70
     0
 62
     5
  6
Continuous
370
    35
390
F
347
46
348
0
1001
AcAecLayerStandard
1000

1000
Property placement.Device tags.P&ID connection splicers / line connectors
  0
LAYER
  5
1A2
330
2
100
AcDbSymbolTableRecord
100
AcDbLayerTableRecord
  2
EPLAN807
 70
     0
 62
     5
  6
Continuous
370
    35
390
F
347
46
348
0
1001
AcAecLayerStandard
1000

1000
Property placement.Device tags.Electrical connection splicers / line connectors
  0
LAYER
  5
1A3
330
2
100
AcDbSymbolTableRecord
100
AcDbLayerTableRecord
  2
EPLAN808
 70
     0
 62
    -7
  6
Continuous
290
     0
370
    35
390
F
347
46
348
0
1001
AcAecLayerStandard
1000

1000
Property placement.P&ID connection splicers / line connectors.Connection point designations
  0
LAYER
  5
1A4
330
2
100
AcDbSymbolTableRecord
100
AcDbLayerTableRecord
  2
EPLAN809
 70
     0
 62
    -7
  6
Continuous
290
     0
370
    35
390
F
347
46
348
0
1001
AcAecLayerStandard
1000

1000
Property placement.Electrical connection splicers / line connectors.Connection point designations
  0
LAYER
  5
1A5
330
2
100
AcDbSymbolTableRecord
100
AcDbLayerTableRecord
  2
EPLAN810
 70
     0
 62
     5
  6
Continuous
370
    50
390
F
347
46
348
0
1001
AcAecLayerStandard
1000

1000
3D graphic.Thermal design.Cold airflow
  0
LAYER
  5
1A6
330
2
100
AcDbSymbolTableRecord
100
AcDbLayerTableRecord
  2
EPLAN811
 70
     0
 62
     1
  6
Continuous
370
    50
390
F
347
46
348
0
1001
AcAecLayerStandard
1000

1000
3D graphic.Thermal design.Warm airflow
  0
LAYER
  5
1A7
330
2
100
AcDbSymbolTableRecord
100
AcDbLayerTableRecord
  2
EPLAN812
 70
     0
 62
   131
  6
Continuous
370
    50
390
F
347
46
348
0
1001
AcAecLayerStandard
1000

1000
3D graphic.Thermal design.Power dissipation density very low
  0
LAYER
  5
1A8
330
2
100
AcDbSymbolTableRecord
100
AcDbLayerTableRecord
  2
EPLAN813
 70
     0
 62
    40
  6
Continuous
370
    50
390
F
347
46
348
0
1001
AcAecLayerStandard
1000

1000
3D graphic.Thermal design.Power dissipation density low
  0
LAYER
  5
1A9
330
2
100
AcDbSymbolTableRecord
100
AcDbLayerTableRecord
  2
EPLAN814
 70
     0
 62
    30
  6
Continuous
370
    50
390
F
347
46
348
0
1001
AcAecLayerStandard
1000

1000
3D graphic.Thermal design.Power dissipation density medium
  0
LAYER
  5
1AA
330
2
100
AcDbSymbolTableRecord
100
AcDbLayerTableRecord
  2
EPLAN815
 70
     0
 62
    20
  6
Continuous
370
    50
390
F
347
46
348
0
1001
AcAecLayerStandard
1000

1000
3D graphic.Thermal design.Power dissipation density high
  0
LAYER
  5
1AB
330
2
100
AcDbSymbolTableRecord
100
AcDbLayerTableRecord
  2
EPLAN816
 70
     0
 62
    10
  6
Continuous
370
    50
390
F
347
46
348
0
1001
AcAecLayerStandard
1000

1000
3D graphic.Thermal design.Power dissipation density very high
  0
LAYER
  5
1AC
330
2
100
AcDbSymbolTableRecord
100
AcDbLayerTableRecord
  2
EPLAN817
 70
     0
 62
   150
  6
Continuous
370
    50
390
F
347
46
348
0
1001
AcAecLayerStandard
1000

1000
3D graphic.Thermal design.Optimally air-conditioned area
  0
LAYER
  5
1AD
330
2
100
AcDbSymbolTableRecord
100
AcDbLayerTableRecord
  2
EPLAN818
 70
     0
 62
     6
  6
Continuous
370
    50
390
F
347
46
348
0
1001
AcAecLayerStandard
1000

1000
3D graphic.Thermal design.Airflow-specific reserved area
  0
LAYER
  5
1AE
330
2
100
AcDbSymbolTableRecord
100
AcDbLayerTableRecord
  2
EPLAN819
 70
     0
 62
     7
  6
Continuous
370
   200
390
F
347
46
348
0
1001
AcAecLayerStandard
1000

1000
Symbol graphic.Connection symbols.Autoconnecting.P&ID.EN1861.Piping, general
  0
LAYER
  5
1AF
330
2
100
AcDbSymbolTableRecord
100
AcDbLayerTableRecord
  2
EPLAN820
 70
     0
 62
     7
  6
Continuous
370
   100
390
F
347
46
348
0
1001
AcAecLayerStandard
1000

1000
Symbol graphic.Connection symbols.Autoconnecting.P&ID.EN1861.Refrigerant main circuit 
  0
LAYER
  5
1B0
330
2
100
AcDbSymbolTableRecord
100
AcDbLayerTableRecord
  2
EPLAN821
 70
     0
 62
     7
  6
Continuous
370
    50
390
F
347
46
348
0
1001
AcAecLayerStandard
1000

1000
Symbol graphic.Connection symbols.Autoconnecting.P&ID.EN1861.Refrigerant secondary circuit 
  0
LAYER
  5
1B1
330
2
100
AcDbSymbolTableRecord
100
AcDbLayerTableRecord
  2
EPLAN822
 70
     0
 62
     7
  6
EPL_DASHDOT
370
   100
390
F
347
46
348
0
1001
AcAecLayerStandard
1000

1000
Symbol graphic.Connection symbols.Autoconnecting.P&ID.EN1861.Solutions
  0
LAYER
  5
1B2
330
2
100
AcDbSymbolTableRecord
100
AcDbLayerTableRecord
  2
EPLAN823
 70
     0
 62
     7
  6
EPL_DASH2
370
    50
390
F
347
46
348
0
1001
AcAecLayerStandard
1000

1000
Symbol graphic.Connection symbols.Autoconnecting.P&ID.EN1861.Cooling water
  0
LAYER
  5
1B3
330
2
100
AcDbSymbolTableRecord
100
AcDbLayerTableRecord
  2
EPLAN824
 70
     0
 62
     7
  6
EPL_DASHDOT
370
    25
390
F
347
46
348
0
1001
AcAecLayerStandard
1000

1000
Symbol graphic.Connection symbols.Autoconnecting.P&ID.EN1861.Other substances
  0
LAYER
  5
1B4
330
2
100
AcDbSymbolTableRecord
100
AcDbLayerTableRecord
  2
EPLAN825
 70
     0
 62
     7
  6
Continuous
370
   100
390
F
347
46
348
0
1001
AcAecLayerStandard
1000

1000
Symbol graphic.Connection symbols.Autoconnecting.P&ID.EN1861.Cooling or heating substance
  0
LAYER
  5
1B5
330
2
100
AcDbSymbolTableRecord
100
AcDbLayerTableRecord
  2
EPLAN826
 70
     0
 62
    -7
  6
Continuous
290
     0
370
    35
390
F
347
46
348
0
1001
AcAecLayerStandard
1000

1000
Property placement.Connection point designations.P&ID
  0
LAYER
  5
1B6
330
2
100
AcDbSymbolTableRecord
100
AcDbLayerTableRecord
  2
EPLAN827
 70
     0
 62
    -5
  6
Continuous
290
     0
370
    35
390
F
347
46
348
0
1001
AcAecLayerStandard
1000

1000
Property placement.Connection point descriptions.P&ID
  0
LAYER
  5
1B7
330
2
100
AcDbSymbolTableRecord
100
AcDbLayerTableRecord
  2
EPLAN828
 70
     0
 62
     7
  6
Continuous
370
   200
390
F
347
46
348
0
1001
AcAecLayerStandard
1000

1000
Symbol graphic.Connection symbols.Autoconnecting.P&ID.EN1861.Piping thermally insulated
  0
LAYER
  5
1B8
330
2
100
AcDbSymbolTableRecord
100
AcDbLayerTableRecord
  2
EPLAN829
 70
     0
 62
     7
  6
Continuous
370
   158
390
F
347
46
348
0
1001
AcAecLayerStandard
1000

1000
Symbol graphic.Connection symbols.Autoconnecting.P&ID.EN1861.Piping, heated or cooled
  0
LAYER
  5
1B9
330
2
100
AcDbSymbolTableRecord
100
AcDbLayerTableRecord
  2
EPLAN830
 70
     0
 62
     7
  6
Continuous
370
   200
390
F
347
46
348
0
1001
AcAecLayerStandard
1000

1000
Symbol graphic.Connection symbols.Autoconnecting.P&ID.EN1861.Piping, heated or cooled and thermally insulated
  0
LAYER
  5
1BA
330
2
100
AcDbSymbolTableRecord
100
AcDbLayerTableRecord
  2
EPLAN831
 70
     0
 62
     7
  6
Continuous
370
   100
390
F
347
46
348
0
1001
AcAecLayerStandard
1000

1000
Symbol graphic.Connection symbols.Autoconnecting.P&ID.EN1861.Action line, general
  0
LAYER
  5
1BB
330
2
100
AcDbSymbolTableRecord
100
AcDbLayerTableRecord
  2
EPLAN832
 70
     0
 62
    73
  6
Continuous
370
    35
390
F
347
46
348
0
1001
AcAecLayerStandard
1000

1000
Property placement.Cross-references.P&ID
  0
LAYER
  5
1BC
330
2
100
AcDbSymbolTableRecord
100
AcDbLayerTableRecord
  2
AM_0
 70
     0
 62
     7
  6
Continuous
370
    50
390
F
347
46
348
0
1001
AcAecLayerStandard
1000

1000
DXF / DWG import
  0
LAYER
  5
1BD
330
2
100
AcDbSymbolTableRecord
100
AcDbLayerTableRecord
  2
AM_7
 70
     0
 62
     7
  6
Continuous
370
    25
390
F
347
46
348
0
1001
AcAecLayerStandard
1000

1000
DXF / DWG import
  0
LAYER
  5
1BE
330
2
100
AcDbSymbolTableRecord
100
AcDbLayerTableRecord
  2
AM_6
 70
     0
 62
    -2
  6
Continuous
370
    35
390
F
347
46
348
0
1001
AcAecLayerStandard
1000

1000
DXF / DWG import
  0
LAYER
  5
1BF
330
2
100
AcDbSymbolTableRecord
100
AcDbLayerTableRecord
  2
AM_9
 70
     0
 62
     6
  6
Continuous
370
    25
390
F
347
46
348
0
1001
AcAecLayerStandard
1000

1000
DXF / DWG import
  0
LAYER
  5
1C0
330
2
100
AcDbSymbolTableRecord
100
AcDbLayerTableRecord
  2
AM_4
 70
     0
 62
     3
  6
Continuous
370
    25
390
F
347
46
348
0
1001
AcAecLayerStandard
1000

1000
DXF / DWG import
  0
LAYER
  5
1C1
330
2
100
AcDbSymbolTableRecord
100
AcDbLayerTableRecord
  2
0_1
 70
     0
 62
     7
  6
Continuous
370
    25
390
F
347
46
348
0
1001
AcAecLayerStandard
1000

1000
DXF / DWG import
  0
LAYER
  5
1C2
330
2
100
AcDbSymbolTableRecord
100
AcDbLayerTableRecord
  2
AM_9_1
 70
     0
 62
    -6
  6
Continuous
370
    25
390
F
347
46
348
0
1001
AcAecLayerStandard
1000

1000
DXF / DWG import
  0
LAYER
  5
1C3
330
2
100
AcDbSymbolTableRecord
100
AcDbLayerTableRecord
  2
AM_4_1
 70
     0
 62
    -3
  6
Continuous
370
    25
390
F
347
46
348
0
1001
AcAecLayerStandard
1000

1000
DXF / DWG import
  0
LAYER
  5
1C4
330
2
100
AcDbSymbolTableRecord
100
AcDbLayerTableRecord
  2
AM_7_1
 70
     0
 62
    -7
  6
Continuous
370
    25
390
F
347
46
348
0
1001
AcAecLayerStandard
1000

1000
DXF / DWG import
  0
LAYER
  5
1C5
330
2
100
AcDbSymbolTableRecord
100
AcDbLayerTableRecord
  2
AM_5_1
 70
     0
 62
    -3
  6
Continuous
370
    25
390
F
347
46
348
0
1001
AcAecLayerStandard
1000

1000
DXF / DWG import
  0
LAYER
  5
1C6
330
2
100
AcDbSymbolTableRecord
100
AcDbLayerTableRecord
  2
AM_5
 70
     0
 62
     3
  6
Continuous
370
    25
390
F
347
46
348
0
1001
AcAecLayerStandard
1000

1000
DXF / DWG import
  0
LAYER
  5
1C7
330
2
100
AcDbSymbolTableRecord
100
AcDbLayerTableRecord
  2
MAIN-2
 70
     0
 62
     7
  6
Continuous
370
    25
390
F
347
46
348
0
1001
AcAecLayerStandard
1000

1000
DXF / DWG import
  0
LAYER
  5
1C8
330
2
100
AcDbSymbolTableRecord
100
AcDbLayerTableRecord
  2
MAIN-1
 70
     0
 62
     7
  6
Continuous
370
    25
390
F
347
46
348
0
1001
AcAecLayerStandard
1000

1000
DXF / DWG import
  0
LAYER
  5
1C9
330
2
100
AcDbSymbolTableRecord
100
AcDbLayerTableRecord
  2
DEFAULT_1
 70
     0
 62
     7
  6
Continuous
370
    25
390
F
347
46
348
0
1001
AcAecLayerStandard
1000

1000
DXF / DWG import
  0
LAYER
  5
1CA
330
2
100
AcDbSymbolTableRecord
100
AcDbLayerTableRecord
  2
MAT-DATE-STAMP
 70
     0
 62
     7
  6
Continuous
370
    25
390
F
347
46
348
0
1001
AcAecLayerStandard
1000

1000
DXF / DWG import
  0
LAYER
  5
1CB
330
2
100
AcDbSymbolTableRecord
100
AcDbLayerTableRecord
  2
Z_OM_OUTLINE
 70
     0
 62
     7
  6
Continuous
370
    25
390
F
347
46
348
0
1001
AcAecLayerStandard
1000

1000
DXF / DWG import
  0
LAYER
  5
1CC
330
2
100
AcDbSymbolTableRecord
100
AcDbLayerTableRecord
  2
Z_OM_DIM
 70
     0
 62
     4
  6
Continuous
370
    25
390
F
347
46
348
0
1001
AcAecLayerStandard
1000

1000
DXF / DWG import
  0
LAYER
  5
1CD
330
2
100
AcDbSymbolTableRecord
100
AcDbLayerTableRecord
  2
Z_OM_NOTE
 70
     0
 62
     4
  6
Continuous
370
    25
390
F
347
46
348
0
1001
AcAecLayerStandard
1000

1000
DXF / DWG import
  0
LAYER
  5
1CE
330
2
100
AcDbSymbolTableRecord
100
AcDbLayerTableRecord
  2
Z_OM_CENTER
 70
     0
 62
     2
  6
Continuous
370
    25
390
F
347
46
348
0
1001
AcAecLayerStandard
1000

1000
DXF / DWG import
  0
ENDTAB
  0
TABLE
  2
STYLE
  5
3
330
0
100
AcDbSymbolTable
 70
     2
  0
STYLE
  5
11
330
3
100
AcDbSymbolTableRecord
100
AcDbTextStyleTableRecord
  2
Standard
 70
     0
 40
0.0
 41
1.0
 50
0.0
 71
     0
 42
2.5
  3
txt
  4

  0
STYLE
  5
1D2
330
3
100
AcDbSymbolTableRecord
100
AcDbTextStyleTableRecord
  2
Tahoma
 70
     0
 40
0.0
 41
1.0
 50
0.0
 71
     0
 42
2.5
  3

  4

1001
ACAD
1000
Tahoma
1071
      256
  0
ENDTAB
  0
TABLE
  2
VIEW
  5
6
330
0
100
AcDbSymbolTable
 70
     0
  0
ENDTAB
  0
TABLE
  2
UCS
  5
7
330
0
100
AcDbSymbolTable
 70
     0
  0
ENDTAB
  0
TABLE
  2
APPID
  5
9
330
0
100
AcDbSymbolTable
 70
     2
  0
APPID
  5
12
330
9
100
AcDbSymbolTableRecord
100
AcDbRegAppTableRecord
  2
ACAD
 70
     0
  0
APPID
  5
60
330
9
100
AcDbSymbolTableRecord
100
AcDbRegAppTableRecord
  2
AcAecLayerStandard
 70
     0
  0
ENDTAB
  0
TABLE
  2
DIMSTYLE
  5
A
330
0
100
AcDbSymbolTable
 70
     1
100
AcDbDimStyleTable
  0
DIMSTYLE
105
27
330
A
100
AcDbSymbolTableRecord
100
AcDbDimStyleTableRecord
  2
ISO-25
 70
     0
 41
2.5
 42
0.625
 43
3.75
 44
1.25
 73
     0
 74
     0
 77
     1
 78
     8
140
2.5
141
2.5
143
0.03937007874016
147
0.625
171
     3
172
     1
178
     0
271
     2
272
     2
274
     3
278
    44
283
     0
284
     8
340
11
  0
ENDTAB
  0
TABLE
  2
BLOCK_RECORD
  5
1
330
0
100
AcDbSymbolTable
 70
     5
  0
BLOCK_RECORD
  5
1F
330
1
100
AcDbSymbolTableRecord
100
AcDbBlockTableRecord
  2
*Model_Space
340
22
 70
     0
280
     1
281
     0
  0
BLOCK_RECORD
  5
1B
330
1
100
AcDbSymbolTableRecord
100
AcDbBlockTableRecord
  2
*Paper_Space
340
1E
 70
     0
280
     1
281
     0
  0
BLOCK_RECORD
  5
23
330
1
100
AcDbSymbolTableRecord
100
AcDbBlockTableRecord
  2
*Paper_Space0
340
26
 70
     0
280
     1
281
     0
  0
BLOCK_RECORD
  5
1CF
330
1
100
AcDbSymbolTableRecord
100
AcDbBlockTableRecord
  2
EPLFRAME
340
0
102
{BLKREFS
331
226
102
}
 70
     0
280
     1
281
     0
  0
BLOCK_RECORD
  5
253
330
1
100
AcDbSymbolTableRecord
100
AcDbBlockTableRecord
  2
EPLFORMHEADER
340
0
102
{BLKREFS
331
264
102
}
 70
     0
280
     1
281
     0
  0
BLOCK_RECORD
  5
265
330
1
100
AcDbSymbolTableRecord
100
AcDbBlockTableRecord
  2
EPLFORMDATA
340
0
102
{BLKREFS
331
275
331
27C
102
}
 70
     0
280
     1
281
     0
  0
BLOCK_RECORD
  5
283
330
1
100
AcDbSymbolTableRecord
100
AcDbBlockTableRecord
  2
EPLFORMFOOTER
340
0
102
{BLKREFS
331
288
102
}
 70
     0
280
     1
281
     0
  0
ENDTAB
  0
ENDSEC
  0
SECTION
  2
BLOCKS
  0
BLOCK
  5
20
330
1F
100
AcDbEntity
  8
0
100
AcDbBlockBegin
  2
*Model_Space
 70
     0
 10
0.0
 20
0.0
 30
0.0
  3
*Model_Space
  1

  0
ENDBLK
  5
21
330
1F
100
AcDbEntity
  8
0
100
AcDbBlockEnd
  0
BLOCK
  5
1C
330
1B
100
AcDbEntity
 67
     1
  8
0
100
AcDbBlockBegin
  2
*Paper_Space
 70
     0
 10
0.0
 20
0.0
 30
0.0
  3
*Paper_Space
  1

  0
ENDBLK
  5
1D
330
1B
100
AcDbEntity
 67
     1
  8
0
100
AcDbBlockEnd
  0
BLOCK
  5
24
330
23
100
AcDbEntity
  8
0
100
AcDbBlockBegin
  2
*Paper_Space0
 70
     0
 10
0.0
 20
0.0
 30
0.0
  3
*Paper_Space0
  1

  0
ENDBLK
  5
25
330
23
100
AcDbEntity
  8
0
100
AcDbBlockEnd
  0
BLOCK
  5
1D0
330
1CF
100
AcDbEntity
  8
0
100
AcDbBlockBegin
  2
EPLFRAME
 70
     2
 10
0.0
 20
0.0
 30
0.0
  3
EPLFRAME
  1

  0
ATTDEF
  5
1D3
330
1CF
100
AcDbEntity
  8
EPLAN452
 62
     7
100
AcDbText
 10
21.0
 20
13.0
 30
0.0
 40
1.6254
  1
4_11074[1]
  7
Tahoma
100
AcDbAttributeDefinition
  3
Revision date (change tracking)[1]
  2
4_11074[1]
 70
     0
280
     0
 71
     1
 72
     0
 11
0.0
 21
0.0
 31
0.0
  0
ATTDEF
  5
1D4
330
1CF
100
AcDbEntity
  8
EPLAN452
 62
     7
100
AcDbText
 10
1.0
 20
5.0
 30
0.0
 40
1.6254
  1
4_11071[3]
  7
Tahoma
100
AcDbAttributeDefinition
  3
Revision index (change tracking)[3]
  2
4_11071[3]
 70
     0
280
     0
 71
     1
 72
     0
 11
0.0
 21
0.0
 31
0.0
  0
LINE
  5
1D5
330
1CF
100
AcDbEntity
  8
EPLAN201
  6
Continuous
 48
4.0
370
    25
100
AcDbLine
 10
400.0
 20
4.0
 30
0.0
 11
420.0
 21
4.0
 31
0.0
  0
ATTDEF
  5
1D6
330
1CF
100
AcDbEntity
  8
EPLAN452
 62
     7
100
AcDbText
 10
1.0
 20
13.0
 30
0.0
 40
1.6254
  1
4_11071[1]
  7
Tahoma
100
AcDbAttributeDefinition
  3
Revision index (change tracking)[1]
  2
4_11071[1]
 70
     0
280
     0
 71
     1
 72
     0
 11
0.0
 21
0.0
 31
0.0
  0
TEXT
  5
1D7
330
1CF
100
AcDbEntity
  8
EPLAN201
 62
     7
100
AcDbText
 10
401.0
 20
5.0
 30
0.0
 40
1.6254
  1
Page
  7
Tahoma
100
AcDbText
  0
LINE
  5
1D8
330
1CF
100
AcDbEntity
  8
EPLAN201
  6
Continuous
 48
4.0
370
    25
100
AcDbLine
 10
336.0
 20
297.0
 30
0.0
 11
336.0
 21
292.0
 31
0.0
  0
TEXT
  5
1D9
330
1CF
100
AcDbEntity
  8
EPLAN201
 62
     7
100
AcDbText
 10
401.0
 20
1.0
 30
0.0
 40
1.6254
  1
Page
  7
Tahoma
100
AcDbText
  0
ATTDEF
  5
1DA
330
1CF
100
AcDbEntity
  8
EPLAN452
 62
     7
100
AcDbText
 10
132.4552722
 20
1.0
 30
0.0
 40
1.6254
  1
4_11085
  7
Tahoma
 72
     2
 11
141.0
 21
1.0
 31
0.0
100
AcDbAttributeDefinition
  3
Replacement of
  2
4_11085
 70
     0
280
     0
 71
     1
 72
     0
 11
141.0
 21
1.0
 31
0.0
  0
LINE
  5
1DB
330
1CF
100
AcDbEntity
  8
EPLAN201
  6
Continuous
 48
4.0
370
    25
100
AcDbLine
 10
40.0
 20
0.0
 30
0.0
 11
40.0
 21
16.0
 31
0.0
  0
ATTDEF
  5
1DC
330
1CF
100
AcDbEntity
  8
EPLAN451
 62
     7
100
AcDbText
 10
101.0
 20
5.0
 30
0.0
 40
2.2575
  1
14_10011
  7
Tahoma
100
AcDbAttributeDefinition
  3
Project description
  2
14_10011
 70
     0
280
     0
 71
     1
 72
     0
 11
0.0
 21
0.0
 31
0.0
  0
TEXT
  5
1DD
330
1CF
100
AcDbEntity
  8
EPLAN201
 62
     7
100
AcDbText
 10
61.0
 20
9.0
 30
0.0
 40
1.6254
  1
Ed.
  7
Tahoma
100
AcDbText
  0
LINE
  5
1DE
330
1CF
100
AcDbEntity
  8
EPLAN201
  6
Continuous
 48
4.0
370
    25
100
AcDbLine
 10
168.0
 20
297.0
 30
0.0
 11
168.0
 21
292.0
 31
0.0
  0
ATTDEF
  5
1DF
330
1CF
100
AcDbEntity
  8
EPLAN452
 62
     7
100
AcDbText
 10
41.0
 20
13.0
 30
0.0
 40
1.6254
  1
4_11070[1]
  7
Tahoma
100
AcDbAttributeDefinition
  3
Revision created by (change tracking)[1]
  2
4_11070[1]
 70
     0
280
     0
 71
     1
 72
     0
 11
0.0
 21
0.0
 31
0.0
  0
ATTDEF
  5
1E0
330
1CF
100
AcDbEntity
  8
EPLAN452
 62
     7
100
AcDbText
 10
1.0
 20
17.0
 30
0.0
 40
2.2575
  1
4_11041
  7
Tahoma
100
AcDbAttributeDefinition
  3
Previous page
  2
4_11041
 70
     0
280
     0
 71
     1
 72
     0
 11
0.0
 21
0.0
 31
0.0
  0
TEXT
  5
1E1
330
1CF
100
AcDbEntity
  8
EPLAN201
 62
     7
100
AcDbText
 10
61.0
 20
1.0
 30
0.0
 40
1.6254
  1
Original
  7
Tahoma
100
AcDbText
  0
LINE
  5
1E2
330
1CF
100
AcDbEntity
  8
EPLAN201
  6
Continuous
 48
4.0
370
    25
100
AcDbLine
 10
84.0
 20
297.0
 30
0.0
 11
84.0
 21
292.0
 31
0.0
  0
ATTDEF
  5
1E3
330
1CF
100
AcDbEntity
  8
EPLAN451
 62
     7
100
AcDbText
 10
332.0
 20
5.0
 30
0.0
 40
1.6254
  1
14_10013
  7
Tahoma
100
AcDbAttributeDefinition
  3
Job number
  2
14_10013
 70
     0
280
     0
 71
     1
 72
     0
 11
0.0
 21
0.0
 31
0.0
  0
ATTDEF
  5
1E4
330
1CF
100
AcDbEntity
  8
EPLAN451
 62
     7
100
AcDbText
 10
101.0
 20
12.0
 30
0.0
 40
2.2575
  1
14_10014
  7
Tahoma
100
AcDbAttributeDefinition
  3
Commission
  2
14_10014
 70
     0
280
     0
 71
     1
 72
     0
 11
0.0
 21
0.0
 31
0.0
  0
ATTDEF
  5
1E5
330
1CF
100
AcDbEntity
  8
EPLAN452
 62
     7
100
AcDbText
 10
21.0
 20
5.0
 30
0.0
 40
1.6254
  1
4_11074[3]
  7
Tahoma
100
AcDbAttributeDefinition
  3
Revision date (change tracking)[3]
  2
4_11074[3]
 70
     0
280
     0
 71
     1
 72
     0
 11
0.0
 21
0.0
 31
0.0
  0
LINE
  5
1E6
330
1CF
100
AcDbEntity
  8
EPLAN201
  6
Continuous
 48
4.0
370
    25
100
AcDbLine
 10
300.0
 20
8.0
 30
0.0
 11
420.0
 21
8.0
 31
0.0
  0
LINE
  5
1E7
330
1CF
100
AcDbEntity
  8
EPLAN201
  6
Continuous
 48
4.0
370
    35
100
AcDbLine
 10
184.0
 20
0.0
 30
0.0
 11
184.0
 21
16.0
 31
0.0
  0
ATTDEF
  5
1E8
330
1CF
100
AcDbEntity
  8
EPLAN452
 62
     7
100
AcDbText
 10
73.0
 20
9.0
 30
0.0
 40
1.6254
  1
4_11022
  7
Tahoma
100
AcDbAttributeDefinition
  3
Last editor: Sign-in name
  2
4_11022
 70
     0
280
     0
 71
     1
 72
     0
 11
0.0
 21
0.0
 31
0.0
  0
ATTDEF
  5
1E9
330
1CF
100
AcDbEntity
  8
EPLAN451
 62
     7
100
AcDbText
 10
73.0
 20
1.0
 30
0.0
 40
1.6254
  1
14_10151
  7
Tahoma
100
AcDbAttributeDefinition
  3
Revision: Original project name (complete)
  2
14_10151
 70
     0
280
     0
 71
     1
 72
     0
 11
0.0
 21
0.0
 31
0.0
  0
TEXT
  5
1EA
330
1CF
100
AcDbEntity
  8
EPLAN201
 62
     7
100
AcDbText
 10
371.0
 20
9.0
 30
0.0
 40
1.806
  1
+
  7
Tahoma
100
AcDbText
  0
LINE
  5
1EB
330
1CF
100
AcDbEntity
  8
EPLAN201
  6
Continuous
 48
4.0
370
    25
100
AcDbLine
 10
20.0
 20
0.0
 30
0.0
 11
20.0
 21
16.0
 31
0.0
  0
LINE
  5
1EC
330
1CF
100
AcDbEntity
  8
EPLAN201
  6
Continuous
 48
4.0
370
    25
100
AcDbLine
 10
210.0
 20
297.0
 30
0.0
 11
210.0
 21
292.0
 31
0.0
  0
TEXT
  5
1ED
330
1CF
100
AcDbEntity
  8
EPLAN201
 62
     7
100
AcDbText
 10
21.0
 20
1.0
 30
0.0
 40
1.6254
  1
Date
  7
Tahoma
100
AcDbText
  0
ATTDEF
  5
1EE
330
1CF
100
AcDbEntity
  8
EPLAN452
 62
     7
100
AcDbText
 10
73.0
 20
5.0
 30
0.0
 40
1.6254
  1
4_11080
  7
Tahoma
100
AcDbAttributeDefinition
  3
Approved by
  2
4_11080
 70
     0
280
     0
 71
     1
 72
     0
 11
0.0
 21
0.0
 31
0.0
  0
ATTDEF
  5
1EF
330
1CF
100
AcDbEntity
  8
EPLAN452
 62
     7
100
AcDbText
 10
41.0
 20
9.0
 30
0.0
 40
1.6254
  1
4_11070[2]
  7
Tahoma
100
AcDbAttributeDefinition
  3
Revision created by (change tracking)[2]
  2
4_11070[2]
 70
     0
280
     0
 71
     1
 72
     0
 11
0.0
 21
0.0
 31
0.0
  0
LINE
  5
1F0
330
1CF
100
AcDbEntity
  8
EPLAN201
  6
Continuous
 48
4.0
370
    25
100
AcDbLine
 10
300.0
 20
0.0
 30
0.0
 11
300.0
 21
16.0
 31
0.0
  0
ATTDEF
  5
1F1
330
1CF
100
AcDbEntity
  8
EPLAN452
 62
     7
100
AcDbText
 10
1.0
 20
9.0
 30
0.0
 40
1.6254
  1
4_11071[2]
  7
Tahoma
100
AcDbAttributeDefinition
  3
Revision index (change tracking)[2]
  2
4_11071[2]
 70
     0
280
     0
 71
     1
 72
     0
 11
0.0
 21
0.0
 31
0.0
  0
LINE
  5
1F2
330
1CF
100
AcDbEntity
  8
EPLAN201
  6
Continuous
 48
4.0
370
    25
100
AcDbLine
 10
142.0
 20
0.0
 30
0.0
 11
142.0
 21
4.0
 31
0.0
  0
LINE
  5
1F3
330
1CF
100
AcDbEntity
  8
EPLAN201
  6
Continuous
 48
4.0
370
    25
100
AcDbLine
 10
0.0
 20
12.0
 30
0.0
 11
100.0
 21
12.0
 31
0.0
  0
TEXT
  5
1F4
330
1CF
100
AcDbEntity
  8
EPLAN201
 62
     7
100
AcDbText
 10
61.0
 20
13.0
 30
0.0
 40
1.6254
  1
Date
  7
Tahoma
100
AcDbText
  0
TEXT
  5
1F5
330
1CF
100
AcDbEntity
  8
EPLAN201
 62
     7
100
AcDbText
 10
143.0
 20
1.0
 30
0.0
 40
1.6254
  1
Replaced by
  7
Tahoma
100
AcDbText
  0
LINE
  5
1F6
330
1CF
100
AcDbEntity
  8
EPLAN201
  6
Continuous
 48
4.0
370
    35
100
AcDbLine
 10
0.0
 20
292.0
 30
0.0
 11
420.0
 21
292.0
 31
0.0
  0
ATTDEF
  5
1F7
330
1CF
100
AcDbEntity
  8
EPLAN452
 62
     7
100
AcDbText
 10
374.0
 20
13.0
 30
0.0
 40
1.6254
  1
4_20132_1001
  7
Tahoma
100
AcDbAttributeDefinition
  3
Function designation_Complete structure identifier
  2
4_20132_1001
 70
     0
280
     0
 71
     1
 72
     0
 11
0.0
 21
0.0
 31
0.0
  0
ATTDEF
  5
1F8
330
1CF
100
AcDbEntity
  8
EPLAN452
 62
     7
100
AcDbText
 10
374.0
 20
9.0
 30
0.0
 40
1.6254
  1
4_20134_1001
  7
Tahoma
100
AcDbAttributeDefinition
  3
Location designation_Complete structure identifier
  2
4_20134_1001
 70
     0
280
     0
 71
     1
 72
     0
 11
0.0
 21
0.0
 31
0.0
  0
LINE
  5
1F9
330
1CF
100
AcDbEntity
  8
EPLAN201
  6
Continuous
 48
4.0
370
    25
100
AcDbLine
 10
331.0
 20
0.0
 30
0.0
 11
331.0
 21
8.0
 31
0.0
  0
ATTDEF
  5
1FA
330
1CF
100
AcDbEntity
  8
EPLAN452
 62
     7
100
AcDbText
 10
41.0
 20
5.0
 30
0.0
 40
1.6254
  1
4_11070[3]
  7
Tahoma
100
AcDbAttributeDefinition
  3
Revision created by (change tracking)[3]
  2
4_11070[3]
 70
     0
280
     0
 71
     1
 72
     0
 11
0.0
 21
0.0
 31
0.0
  0
LINE
  5
1FB
330
1CF
100
AcDbEntity
  8
EPLAN201
  6
Continuous
 48
4.0
370
    25
100
AcDbLine
 10
378.0
 20
297.0
 30
0.0
 11
378.0
 21
292.0
 31
0.0
  0
ATTDEF
  5
1FC
330
1CF
100
AcDbEntity
  8
EPLAN452
 62
     7
100
AcDbText
 10
231.0
 20
12.0
 30
0.0
 40
2.2575
  1
4_11011
  7
Tahoma
100
AcDbAttributeDefinition
  3
Page description
  2
4_11011
 70
     0
280
     0
 71
     1
 72
     0
 11
0.0
 21
0.0
 31
0.0
  0
ATTDEF
  5
1FD
330
1CF
100
AcDbEntity
  8
EPLAN453
 62
     7
100
AcDbText
 10
58.931082
 20
293.3847503276699
 30
0.0
 40
1.3545
  1
53_19005
  7
Tahoma
 72
     1
 11
63.0
 21
293.0
 31
0.0
100
AcDbAttributeDefinition
  3
Column number
  2
53_19005
 70
     0
 74
     1
280
     0
 71
     1
 72
     0
 11
63.0
 21
293.0
 31
0.0
  0
ATTDEF
  5
1FE
330
1CF
100
AcDbEntity
  8
EPLAN452
 62
     7
100
AcDbText
 10
301.0
 20
12.0
 30
0.0
 40
2.2575
  1
4_11030
  7
Tahoma
100
AcDbAttributeDefinition
  3
Drawing number
  2
4_11030
 70
     0
280
     0
 71
     1
 72
     0
 11
0.0
 21
0.0
 31
0.0
  0
TEXT
  5
1FF
330
1CF
100
AcDbEntity
  8
EPLAN201
 62
     7
100
AcDbText
 10
1.0
 20
1.0
 30
0.0
 40
1.6254
  1
Modification
  7
Tahoma
100
AcDbText
  0
ATTDEF
  5
200
330
1CF
100
AcDbEntity
  8
EPLAN453
 62
     7
100
AcDbText
 10
16.931082
 20
293.3847503276699
 30
0.0
 40
1.3545
  1
53_19005
  7
Tahoma
 72
     1
 11
21.0
 21
293.0
 31
0.0
100
AcDbAttributeDefinition
  3
Column number
  2
53_19005_1
 70
     0
 74
     1
280
     0
 71
     1
 72
     0
 11
21.0
 21
293.0
 31
0.0
  0
ATTDEF
  5
201
330
1CF
100
AcDbEntity
  8
EPLAN453
 62
     7
100
AcDbText
 10
310.931082
 20
293.3847503276699
 30
0.0
 40
1.3545
  1
53_19005
  7
Tahoma
 72
     1
 11
315.0
 21
293.0
 31
0.0
100
AcDbAttributeDefinition
  3
Column number
  2
53_19005_2
 70
     0
 74
     1
280
     0
 71
     1
 72
     0
 11
315.0
 21
293.0
 31
0.0
  0
LINE
  5
202
330
1CF
100
AcDbEntity
  8
EPLAN201
  6
Continuous
 48
4.0
370
    25
100
AcDbLine
 10
126.0
 20
297.0
 30
0.0
 11
126.0
 21
292.0
 31
0.0
  0
ATTDEF
  5
203
330
1CF
100
AcDbEntity
  8
EPLAN453
 62
     7
100
AcDbText
 10
268.931082
 20
293.3847503276699
 30
0.0
 40
1.3545
  1
53_19005
  7
Tahoma
 72
     1
 11
273.0
 21
293.0
 31
0.0
100
AcDbAttributeDefinition
  3
Column number
  2
53_19005_3
 70
     0
 74
     1
280
     0
 71
     1
 72
     0
 11
273.0
 21
293.0
 31
0.0
  0
TEXT
  5
204
330
1CF
100
AcDbEntity
  8
EPLAN201
 62
     7
100
AcDbText
 10
61.0
 20
5.0
 30
0.0
 40
1.6254
  1
Appr.
  7
Tahoma
100
AcDbText
  0
TEXT
  5
205
330
1CF
100
AcDbEntity
  8
EPLAN201
 62
     7
100
AcDbText
 10
101.0
 20
1.0
 30
0.0
 40
1.6254
  1
Replacement of
  7
Tahoma
100
AcDbText
  0
ATTDEF
  5
206
330
1CF
100
AcDbEntity
  8
EPLAN453
 62
     7
100
AcDbText
 10
352.931082
 20
293.3847503276699
 30
0.0
 40
1.3545
  1
53_19005
  7
Tahoma
 72
     1
 11
357.0
 21
293.0
 31
0.0
100
AcDbAttributeDefinition
  3
Column number
  2
53_19005_4
 70
     0
 74
     1
280
     0
 71
     1
 72
     0
 11
357.0
 21
293.0
 31
0.0
  0
LINE
  5
207
330
1CF
100
AcDbEntity
  8
EPLAN201
  6
Continuous
 48
4.0
370
    25
100
AcDbLine
 10
420.0
 20
12.0
 30
0.0
 11
370.0
 21
12.0
 31
0.0
  0
ATTDEF
  5
208
330
1CF
100
AcDbEntity
  8
EPLAN453
 62
     7
100
AcDbText
 10
394.931082
 20
293.3847503276699
 30
0.0
 40
1.3545
  1
53_19005
  7
Tahoma
 72
     1
 11
399.0
 21
293.0
 31
0.0
100
AcDbAttributeDefinition
  3
Column number
  2
53_19005_5
 70
     0
 74
     1
280
     0
 71
     1
 72
     0
 11
399.0
 21
293.0
 31
0.0
  0
ATTDEF
  5
209
330
1CF
100
AcDbEntity
  8
EPLAN453
 62
     7
100
AcDbText
 10
142.931082
 20
293.3847503276699
 30
0.0
 40
1.3545
  1
53_19005
  7
Tahoma
 72
     1
 11
147.0
 21
293.0
 31
0.0
100
AcDbAttributeDefinition
  3
Column number
  2
53_19005_6
 70
     0
 74
     1
280
     0
 71
     1
 72
     0
 11
147.0
 21
293.0
 31
0.0
  0
LINE
  5
20A
330
1CF
100
AcDbEntity
  8
EPLAN201
  6
Continuous
 48
4.0
370
    35
100
AcDbLine
 10
0.0
 20
16.0
 30
0.0
 11
420.0
 21
16.0
 31
0.0
  0
LINE
  5
20B
330
1CF
100
AcDbEntity
  8
EPLAN201
  6
Continuous
 48
4.0
370
    25
100
AcDbLine
 10
72.0
 20
0.0
 30
0.0
 11
72.0
 21
16.0
 31
0.0
  0
LWPOLYLINE
  5
20C
330
1CF
100
AcDbEntity
  8
EPLAN201
  6
Continuous
 48
4.0
370
    35
100
AcDbPolyline
 90
        4
 70
     1
 43
0.0
 10
0.0
 20
0.0
 10
420.0
 20
0.0
 10
420.0
 20
297.0
 10
0.0
 20
297.0
  0
LINE
  5
20D
330
1CF
100
AcDbEntity
  8
EPLAN201
  6
Continuous
 48
4.0
370
    25
100
AcDbLine
 10
230.0
 20
0.0
 30
0.0
 11
230.0
 21
16.0
 31
0.0
  0
ATTDEF
  5
20E
330
1CF
100
AcDbEntity
  8
EPLAN452
 62
     7
100
AcDbText
 10
21.0
 20
9.0
 30
0.0
 40
1.6254
  1
4_11074[2]
  7
Tahoma
100
AcDbAttributeDefinition
  3
Revision date (change tracking)[2]
  2
4_11074[2]
 70
     0
280
     0
 71
     1
 72
     0
 11
0.0
 21
0.0
 31
0.0
  0
ATTDEF
  5
20F
330
1CF
100
AcDbEntity
  8
EPLAN451
 62
     7
100
AcDbText
 10
415.0
 20
1.0
 30
0.0
 40
1.6254
  1
14_10300
  7
Tahoma
100
AcDbAttributeDefinition
  3
Total no. of pages
  2
14_10300
 70
     0
280
     0
 71
     1
 72
     0
 11
0.0
 21
0.0
 31
0.0
  0
LINE
  5
210
330
1CF
100
AcDbEntity
  8
EPLAN201
  6
Continuous
 48
4.0
370
    25
100
AcDbLine
 10
294.0
 20
297.0
 30
0.0
 11
294.0
 21
292.0
 31
0.0
  0
LINE
  5
211
330
1CF
100
AcDbEntity
  8
EPLAN201
  6
Continuous
 48
4.0
370
    25
100
AcDbLine
 10
100.0
 20
0.0
 30
0.0
 11
100.0
 21
16.0
 31
0.0
  0
ATTDEF
  5
212
330
1CF
100
AcDbEntity
  8
EPLAN452
 62
     7
100
AcDbText
 10
407.1323225
 20
17.0
 30
0.0
 40
2.2575
  1
4_11040
  7
Tahoma
 72
     2
 11
419.0
 21
17.0
 31
0.0
100
AcDbAttributeDefinition
  3
Next page
  2
4_11040
 70
     0
280
     0
 71
     1
 72
     0
 11
419.0
 21
17.0
 31
0.0
  0
LINE
  5
213
330
1CF
100
AcDbEntity
  8
EPLAN201
  6
Continuous
 48
4.0
370
    35
100
AcDbLine
 10
60.0
 20
0.0
 30
0.0
 11
60.0
 21
16.0
 31
0.0
  0
LINE
  5
214
330
1CF
100
AcDbEntity
  8
EPLAN201
  6
Continuous
 48
4.0
370
    25
100
AcDbLine
 10
42.0
 20
297.0
 30
0.0
 11
42.0
 21
292.0
 31
0.0
  0
LINE
  5
215
330
1CF
100
AcDbEntity
  8
EPLAN201
  6
Continuous
 48
4.0
370
    25
100
AcDbLine
 10
0.0
 20
4.0
 30
0.0
 11
184.0
 21
4.0
 31
0.0
  0
LINE
  5
216
330
1CF
100
AcDbEntity
  8
EPLAN201
  6
Continuous
 48
4.0
370
    25
100
AcDbLine
 10
370.0
 20
16.0
 30
0.0
 11
370.0
 21
8.0
 31
0.0
  0
ATTDEF
  5
217
330
1CF
100
AcDbEntity
  8
EPLAN453
 62
     7
100
AcDbText
 10
184.931082
 20
293.3847503276699
 30
0.0
 40
1.3545
  1
53_19005
  7
Tahoma
 72
     1
 11
189.0
 21
293.0
 31
0.0
100
AcDbAttributeDefinition
  3
Column number
  2
53_19005_7
 70
     0
 74
     1
280
     0
 71
     1
 72
     0
 11
189.0
 21
293.0
 31
0.0
  0
LINE
  5
218
330
1CF
100
AcDbEntity
  8
EPLAN201
  6
Continuous
 48
4.0
370
    25
100
AcDbLine
 10
400.0
 20
0.0
 30
0.0
 11
400.0
 21
8.0
 31
0.0
  0
LINE
  5
219
330
1CF
100
AcDbEntity
  8
EPLAN201
  6
Continuous
 48
4.0
370
    25
100
AcDbLine
 10
0.0
 20
8.0
 30
0.0
 11
100.0
 21
8.0
 31
0.0
  0
ATTDEF
  5
21A
330
1CF
100
AcDbEntity
  8
EPLAN452
 62
     7
100
AcDbText
 10
73.0
 20
13.0
 30
0.0
 40
1.6254
  1
4_11024
  7
Tahoma
100
AcDbAttributeDefinition
  3
Modification date (automatic)
  2
4_11024
 70
     0
280
     0
 71
     1
 72
     0
 11
0.0
 21
0.0
 31
0.0
  0
LINE
  5
21B
330
1CF
100
AcDbEntity
  8
EPLAN201
  6
Continuous
 48
4.0
370
    25
100
AcDbLine
 10
252.0
 20
297.0
 30
0.0
 11
252.0
 21
292.0
 31
0.0
  0
ATTDEF
  5
21C
330
1CF
100
AcDbEntity
  8
EPLAN451
 62
     7
100
AcDbText
 10
185.0
 20
12.0
 30
0.0
 40
2.2575
  1
14_10015
  7
Tahoma
100
AcDbAttributeDefinition
  3
Company name
  2
14_10015
 70
     0
280
     0
 71
     1
 72
     0
 11
0.0
 21
0.0
 31
0.0
  0
ATTDEF
  5
21D
330
1CF
100
AcDbEntity
  8
EPLAN452
 62
     7
100
AcDbText
 10
174.4552722
 20
1.0
 30
0.0
 40
1.6254
  1
4_11086
  7
Tahoma
 72
     2
 11
183.0
 21
1.0
 31
0.0
100
AcDbAttributeDefinition
  3
Replaced by
  2
4_11086
 70
     0
280
     0
 71
     1
 72
     0
 11
183.0
 21
1.0
 31
0.0
  0
ATTDEF
  5
21E
330
1CF
100
AcDbEntity
  8
EPLAN452
 62
     7
100
AcDbText
 10
410.4552722
 20
5.0
 30
0.0
 40
1.6254
  1
4_11000
  7
Tahoma
 72
     2
 11
419.0
 21
5.0
 31
0.0
100
AcDbAttributeDefinition
  3
Page name
  2
4_11000
 70
     0
280
     0
 71
     1
 72
     0
 11
419.0
 21
5.0
 31
0.0
  0
ATTDEF
  5
21F
330
1CF
100
AcDbEntity
  8
EPLAN453
 62
     7
100
AcDbText
 10
100.931082
 20
293.3847503276699
 30
0.0
 40
1.3545
  1
53_19005
  7
Tahoma
 72
     1
 11
105.0
 21
293.0
 31
0.0
100
AcDbAttributeDefinition
  3
Column number
  2
53_19005_8
 70
     0
 74
     1
280
     0
 71
     1
 72
     0
 11
105.0
 21
293.0
 31
0.0
  0
TEXT
  5
220
330
1CF
100
AcDbEntity
  8
EPLAN201
 62
     7
100
AcDbText
 10
371.0
 20
13.0
 30
0.0
 40
1.806
  1
=
  7
Tahoma
100
AcDbText
  0
TEXT
  5
221
330
1CF
100
AcDbEntity
  8
EPLAN201
 62
     7
100
AcDbText
 10
41.0
 20
1.0
 30
0.0
 40
1.6254
  1
Name
  7
Tahoma
100
AcDbText
  0
ATTDEF
  5
222
330
1CF
100
AcDbEntity
  8
EPLAN453
 62
     7
100
AcDbText
 10
226.931082
 20
293.3847503276699
 30
0.0
 40
1.3545
  1
53_19005
  7
Tahoma
 72
     1
 11
231.0
 21
293.0
 31
0.0
100
AcDbAttributeDefinition
  3
Column number
  2
53_19005_9
 70
     0
 74
     1
280
     0
 71
     1
 72
     0
 11
231.0
 21
293.0
 31
0.0
  0
ATTDEF
  5
223
330
1CF
100
AcDbEntity
  8
EPLAN452
 62
     7
100
AcDbText
 10
301.0
 20
5.0
 30
0.0
 40
1.6254
  1
4_11059
  7
Tahoma
100
AcDbAttributeDefinition
  3
Special remarks of creator
  2
4_11059
 70
     0
280
     0
 71
     1
 72
     0
 11
0.0
 21
0.0
 31
0.0
  0
ATTDEF
  5
224
330
1CF
100
AcDbEntity
  8
EPLAN451
 62
     7
100
AcDbText
 10
404.4552722
 20
1.00000000000001
 30
0.0
 40
1.6254
  1
4_25020
  7
Tahoma
 72
     2
 11
413.0
 21
1.00000000000001
 31
0.0
100
AcDbAttributeDefinition
  3
Counter page number
  2
4_25020
 70
     0
280
     0
 71
     1
 72
     0
 11
413.0
 21
1.00000000000001
 31
0.0
  0
TEXT
  5
225
330
1CF
100
AcDbEntity
  8
EPLAN201
 62
     7
100
AcDbText
 10
413.582517620395
 20
0.997427128807018
 30
0.0
 40
1.6254
  1
/
  7
Tahoma
 72
     1
 11
413.996994620395
 21
0.997427128807018
 31
0.0
100
AcDbText
  0
ENDBLK
  5
1D1
330
1CF
100
AcDbEntity
  8
0
100
AcDbBlockEnd
  0
BLOCK
  5
254
330
253
100
AcDbEntity
  8
0
100
AcDbBlockBegin
  2
EPLFORMHEADER
 70
     0
 10
0.0
 20
0.0
 30
0.0
  3
EPLFORMHEADER
  1

  0
LINE
  5
257
102
{ACAD_REACTORS
330
256
102
}
330
253
100
AcDbEntity
  8
EPLAN200
  6
Continuous
 48
4.0
370
    25
100
AcDbLine
 10
56.5
 20
0.0
 30
0.0
 11
56.5
 21
-5.0
 31
0.0
  0
LINE
  5
258
102
{ACAD_REACTORS
330
256
102
}
330
253
100
AcDbEntity
  8
EPLAN200
  6
Continuous
 48
4.0
370
    35
100
AcDbLine
 10
0.0
 20
0.0
 30
0.0
 11
0.0
 21
-5.0
 31
0.0
  0
TEXT
  5
259
102
{ACAD_REACTORS
330
256
102
}
330
253
100
AcDbEntity
  8
EPLAN200
 62
     7
100
AcDbText
 10
59.0
 20
-3.47524
 30
0.0
 40
1.6254
  1
Part number
  7
Tahoma
 11
59.0
 21
-2.66254
 31
0.0
100
AcDbText
 73
     2
  0
TEXT
  5
25A
102
{ACAD_REACTORS
330
256
102
}
330
253
100
AcDbEntity
  8
EPLAN200
 62
     7
100
AcDbText
 10
30.5
 20
-3.47524
 30
0.0
 40
1.6254
  1
Manufacturer
  7
Tahoma
 11
30.5
 21
-2.66254
 31
0.0
100
AcDbText
 73
     2
  0
LINE
  5
25B
102
{ACAD_REACTORS
330
256
102
}
330
253
100
AcDbEntity
  8
EPLAN200
  6
Continuous
 48
4.0
370
    25
100
AcDbLine
 10
28.0
 20
0.0
 30
0.0
 11
28.0
 21
-5.0
 31
0.0
  0
LINE
  5
25C
102
{ACAD_REACTORS
330
256
102
}
330
253
100
AcDbEntity
  8
EPLAN200
  6
Continuous
 48
4.0
370
    35
100
AcDbLine
 10
220.0
 20
0.0
 30
0.0
 11
220.0
 21
-5.0
 31
0.0
  0
LINE
  5
25D
102
{ACAD_REACTORS
330
256
102
}
330
253
100
AcDbEntity
  8
EPLAN200
  6
Continuous
 48
4.0
370
    35
100
AcDbLine
 10
0.0
 20
0.0
 30
0.0
 11
220.0
 21
0.0
 31
0.0
  0
TEXT
  5
25E
102
{ACAD_REACTORS
330
256
102
}
330
253
100
AcDbEntity
  8
EPLAN200
 62
     7
100
AcDbText
 10
7.539034999999999
 20
-3.47524
 30
0.0
 40
1.6254
  1
Item number
  7
Tahoma
 72
     1
 11
14.0
 21
-2.66254
 31
0.0
100
AcDbText
 73
     2
  0
LINE
  5
25F
102
{ACAD_REACTORS
330
256
102
}
330
253
100
AcDbEntity
  8
EPLAN200
  6
Continuous
 48
4.0
370
    25
100
AcDbLine
 10
0.0
 20
-5.0
 30
0.0
 11
220.0
 21
-5.0
 31
0.0
  0
LINE
  5
260
102
{ACAD_REACTORS
330
256
102
}
330
253
100
AcDbEntity
  8
EPLAN200
  6
Continuous
 48
4.0
370
    25
100
AcDbLine
 10
88.0
 20
0.0
 30
0.0
 11
88.0
 21
-5.0
 31
0.0
  0
TEXT
  5
261
102
{ACAD_REACTORS
330
256
102
}
330
253
100
AcDbEntity
  8
EPLAN200
 62
     7
100
AcDbText
 10
212.0
 20
-3.47524
 30
0.0
 40
1.6254
  1
Qty
  7
Tahoma
 11
212.0
 21
-2.66254
 31
0.0
100
AcDbText
 73
     2
  0
LINE
  5
262
102
{ACAD_REACTORS
330
256
102
}
330
253
100
AcDbEntity
  8
EPLAN200
  6
Continuous
 48
4.0
370
    25
100
AcDbLine
 10
208.0
 20
0.0
 30
0.0
 11
208.0
 21
-5.0
 31
0.0
  0
TEXT
  5
263
102
{ACAD_REACTORS
330
256
102
}
330
253
100
AcDbEntity
  8
EPLAN200
 62
     7
100
AcDbText
 10
92.0
 20
-3.47524
 30
0.0
 40
1.6254
  1
Description
  7
Tahoma
 11
92.0
 21
-2.66254
 31
0.0
100
AcDbText
 73
     2
  0
ENDBLK
  5
255
330
253
100
AcDbEntity
  8
0
100
AcDbBlockEnd
  0
BLOCK
  5
266
330
265
100
AcDbEntity
  8
0
100
AcDbBlockBegin
  2
EPLFORMDATA
 70
     2
 10
0.0
 20
0.0
 30
0.0
  3
EPLFORMDATA
  1

  0
LINE
  5
269
102
{ACAD_REACTORS
330
268
102
}
330
265
100
AcDbEntity
  8
EPLAN200
  6
Continuous
 48
4.0
370
    13
100
AcDbLine
 10
0.0
 20
-4.0
 30
0.0
 11
220.0
 21
-4.0
 31
0.0
  0
LINE
  5
26A
102
{ACAD_REACTORS
330
268
102
}
330
265
100
AcDbEntity
  8
EPLAN200
  6
Continuous
 48
4.0
370
    25
100
AcDbLine
 10
56.5
 20
0.0
 30
0.0
 11
56.5
 21
-4.0
 31
0.0
  0
LINE
  5
26B
102
{ACAD_REACTORS
330
268
102
}
330
265
100
AcDbEntity
  8
EPLAN200
  6
Continuous
 48
4.0
370
    25
100
AcDbLine
 10
28.0
 20
0.0
 30
0.0
 11
28.0
 21
-4.0
 31
0.0
  0
LINE
  5
26C
102
{ACAD_REACTORS
330
268
102
}
330
265
100
AcDbEntity
  8
EPLAN200
  6
Continuous
 48
4.0
370
    35
100
AcDbLine
 10
0.0
 20
0.0
 30
0.0
 11
0.0
 21
-4.0
 31
0.0
  0
LINE
  5
26D
102
{ACAD_REACTORS
330
268
102
}
330
265
100
AcDbEntity
  8
EPLAN200
  6
Continuous
 48
4.0
370
    35
100
AcDbLine
 10
220.0
 20
0.0
 30
0.0
 11
220.0
 21
-4.0
 31
0.0
  0
LINE
  5
26E
102
{ACAD_REACTORS
330
268
102
}
330
265
100
AcDbEntity
  8
EPLAN200
  6
Continuous
 48
4.0
370
    25
100
AcDbLine
 10
88.0
 20
0.0
 30
0.0
 11
88.0
 21
-4.0
 31
0.0
  0
LINE
  5
26F
102
{ACAD_REACTORS
330
268
102
}
330
265
100
AcDbEntity
  8
EPLAN200
  6
Continuous
 48
4.0
370
    25
100
AcDbLine
 10
208.0
 20
0.0
 30
0.0
 11
208.0
 21
-4.0
 31
0.0
  0
ATTDEF
  5
270
330
265
100
AcDbEntity
  8
EPLAN450
 62
     7
100
AcDbText
 10
30.5
 20
-2.97524
 30
0.0
 40
1.6254
  1
0_22222
  7
Tahoma
 11
30.5
 21
-2.16254
 31
0.0
100
AcDbAttributeDefinition
  3
Manufacturer name
  2
0_22222
 70
     0
 74
     2
280
     0
 71
     1
 72
     0
 11
30.5
 21
-2.16254
 31
0.0
  0
ATTDEF
  5
271
330
265
100
AcDbEntity
  8
EPLAN450
 62
     7
100
AcDbText
 10
59.0
 20
-2.97524
 30
0.0
 40
1.6254
  1
0_22003
  7
Tahoma
 11
59.0
 21
-2.16254
 31
0.0
100
AcDbAttributeDefinition
  3
Order number
  2
0_22003
 70
     0
 74
     2
280
     0
 71
     1
 72
     0
 11
59.0
 21
-2.16254
 31
0.0
  0
ATTDEF
  5
272
330
265
100
AcDbEntity
  8
EPLAN450
 62
     7
100
AcDbText
 10
8.4552722
 20
-2.97524
 30
0.0
 40
1.6254
  1
0_20450
  7
Tahoma
 72
     2
 11
17.0
 21
-2.16254
 31
0.0
100
AcDbAttributeDefinition
  3
Legend item
  2
0_20450
 70
     0
 74
     2
280
     0
 71
     1
 72
     0
 11
17.0
 21
-2.16254
 31
0.0
  0
ATTDEF
  5
273
330
265
100
AcDbEntity
  8
EPLAN450
 62
     7
100
AcDbText
 10
211.5
 20
-2.97524
 30
0.0
 40
1.6254
  1
0_20102[1]
  7
Tahoma
 11
211.5
 21
-2.16254
 31
0.0
100
AcDbAttributeDefinition
  3
Number of units / quantity[1]
  2
0_20102[1]
 70
     0
 74
     2
280
     0
 71
     1
 72
     0
 11
211.5
 21
-2.16254
 31
0.0
  0
ATTDEF
  5
274
330
265
100
AcDbEntity
  8
EPLAN450
 62
     7
100
AcDbText
 10
92.0
 20
-2.97524
 30
0.0
 40
1.6254
  1
0_22004
  7
Tahoma
 11
92.0
 21
-2.16254
 31
0.0
100
AcDbAttributeDefinition
  3
Part: Designation 1
  2
0_22004
 70
     0
 74
     2
280
     0
 71
     1
 72
     0
 11
92.0
 21
-2.16254
 31
0.0
  0
ENDBLK
  5
267
330
265
100
AcDbEntity
  8
0
100
AcDbBlockEnd
  0
BLOCK
  5
284
330
283
100
AcDbEntity
  8
0
100
AcDbBlockBegin
  2
EPLFORMFOOTER
 70
     0
 10
0.0
 20
0.0
 30
0.0
  3
EPLFORMFOOTER
  1

  0
LINE
  5
287
102
{ACAD_REACTORS
330
286
102
}
330
283
100
AcDbEntity
  8
EPLAN200
  6
Continuous
 48
4.0
370
    35
100
AcDbLine
 10
0.0
 20
0.0
 30
0.0
 11
220.0
 21
0.0
 31
0.0
  0
ENDBLK
  5
285
330
283
100
AcDbEntity
  8
0
100
AcDbBlockEnd
  0
ENDSEC
  0
SECTION
  2
ENTITIES
  0
INSERT
  5
226
330
1F
100
AcDbEntity
  8
0
100
AcDbBlockReference
 66
     1
  2
EPLFRAME
 10
0.0
 20
0.0
 30
0.0
  0
ATTRIB
  5
227
330
226
100
AcDbEntity
  8
EPLAN452
 62
     7
100
AcDbText
 10
21.0
 20
13.0
 30
0.0
 40
1.6254
  1

  7
Tahoma
100
AcDbAttribute
  2
4_11074[1]
 70
     0
280
     0
 71
     1
 72
     0
 11
0.0
 21
0.0
 31
0.0
  0
ATTRIB
  5
228
330
226
100
AcDbEntity
  8
EPLAN452
 62
     7
100
AcDbText
 10
1.0
 20
5.0
 30
0.0
 40
1.6254
  1

  7
Tahoma
100
AcDbAttribute
  2
4_11071[3]
 70
     0
280
     0
 71
     1
 72
     0
 11
0.0
 21
0.0
 31
0.0
  0
ATTRIB
  5
229
330
226
100
AcDbEntity
  8
EPLAN452
 62
     7
100
AcDbText
 10
1.0
 20
13.0
 30
0.0
 40
1.6254
  1

  7
Tahoma
100
AcDbAttribute
  2
4_11071[1]
 70
     0
280
     0
 71
     1
 72
     0
 11
0.0
 21
0.0
 31
0.0
  0
ATTRIB
  5
22A
330
226
100
AcDbEntity
  8
EPLAN452
 62
     7
100
AcDbText
 10
141.0
 20
1.0
 30
0.0
 40
1.6254
  1

  7
Tahoma
 72
     2
 11
141.0
 21
1.0
 31
0.0
100
AcDbAttribute
  2
4_11085
 70
     0
280
     0
 71
     1
 72
     0
 11
141.0
 21
1.0
 31
0.0
  0
ATTRIB
  5
22B
330
226
100
AcDbEntity
  8
EPLAN451
 62
     7
100
AcDbText
 10
101.0
 20
5.0
 30
0.0
 40
2.2575
  1
SPRINT 18K Panel Layout
  7
Tahoma
100
AcDbAttribute
  2
14_10011
 70
     0
280
     0
 71
     1
 72
     0
 11
0.0
 21
0.0
 31
0.0
  0
ATTRIB
  5
22C
330
226
100
AcDbEntity
  8
EPLAN452
 62
     7
100
AcDbText
 10
41.0
 20
13.0
 30
0.0
 40
1.6254
  1

  7
Tahoma
100
AcDbAttribute
  2
4_11070[1]
 70
     0
280
     0
 71
     1
 72
     0
 11
0.0
 21
0.0
 31
0.0
  0
ATTRIB
  5
22D
330
226
100
AcDbEntity
  8
EPLAN452
 62
     7
100
AcDbText
 10
1.0
 20
17.0
 30
0.0
 40
2.2575
  1
30
  7
Tahoma
100
AcDbAttribute
  2
4_11041
 70
     0
280
     0
 71
     1
 72
     0
 11
0.0
 21
0.0
 31
0.0
  0
ATTRIB
  5
22E
330
226
100
AcDbEntity
  8
EPLAN451
 62
     7
100
AcDbText
 10
332.0
 20
5.0
 30
0.0
 40
1.6254
  1
Ingredion_001
  7
Tahoma
100
AcDbAttribute
  2
14_10013
 70
     0
280
     0
 71
     1
 72
     0
 11
0.0
 21
0.0
 31
0.0
  0
ATTRIB
  5
22F
330
226
100
AcDbEntity
  8
EPLAN451
 62
     7
100
AcDbText
 10
101.0
 20
12.0
 30
0.0
 40
2.2575
  1
THUM
  7
Tahoma
100
AcDbAttribute
  2
14_10014
 70
     0
280
     0
 71
     1
 72
     0
 11
0.0
 21
0.0
 31
0.0
  0
ATTRIB
  5
230
330
226
100
AcDbEntity
  8
EPLAN452
 62
     7
100
AcDbText
 10
21.0
 20
5.0
 30
0.0
 40
1.6254
  1

  7
Tahoma
100
AcDbAttribute
  2
4_11074[3]
 70
     0
280
     0
 71
     1
 72
     0
 11
0.0
 21
0.0
 31
0.0
  0
ATTRIB
  5
231
330
226
100
AcDbEntity
  8
EPLAN452
 62
     7
100
AcDbText
 10
73.0
 20
9.0
 30
0.0
 40
1.6254
  1
X9212
  7
Tahoma
100
AcDbAttribute
  2
4_11022
 70
     0
280
     0
 71
     1
 72
     0
 11
0.0
 21
0.0
 31
0.0
  0
ATTRIB
  5
232
330
226
100
AcDbEntity
  8
EPLAN451
 62
     7
100
AcDbText
 10
73.0
 20
1.0
 30
0.0
 40
1.6254
  1

  7
Tahoma
100
AcDbAttribute
  2
14_10151
 70
     0
280
     0
 71
     1
 72
     0
 11
0.0
 21
0.0
 31
0.0
  0
ATTRIB
  5
233
330
226
100
AcDbEntity
  8
EPLAN452
 62
     7
100
AcDbText
 10
73.0
 20
5.0
 30
0.0
 40
1.6254
  1

  7
Tahoma
100
AcDbAttribute
  2
4_11080
 70
     0
280
     0
 71
     1
 72
     0
 11
0.0
 21
0.0
 31
0.0
  0
ATTRIB
  5
234
330
226
100
AcDbEntity
  8
EPLAN452
 62
     7
100
AcDbText
 10
41.0
 20
9.0
 30
0.0
 40
1.6254
  1

  7
Tahoma
100
AcDbAttribute
  2
4_11070[2]
 70
     0
280
     0
 71
     1
 72
     0
 11
0.0
 21
0.0
 31
0.0
  0
ATTRIB
  5
235
330
226
100
AcDbEntity
  8
EPLAN452
 62
     7
100
AcDbText
 10
1.0
 20
9.0
 30
0.0
 40
1.6254
  1

  7
Tahoma
100
AcDbAttribute
  2
4_11071[2]
 70
     0
280
     0
 71
     1
 72
     0
 11
0.0
 21
0.0
 31
0.0
  0
ATTRIB
  5
236
330
226
100
AcDbEntity
  8
EPLAN452
 62
     7
100
AcDbText
 10
374.0
 20
13.0
 30
0.0
 40
1.6254
  1

  7
Tahoma
100
AcDbAttribute
  2
4_20132_1001
 70
     0
280
     0
 71
     1
 72
     0
 11
0.0
 21
0.0
 31
0.0
  0
ATTRIB
  5
237
330
226
100
AcDbEntity
  8
EPLAN452
 62
     7
100
AcDbText
 10
374.0
 20
9.0
 30
0.0
 40
1.6254
  1

  7
Tahoma
100
AcDbAttribute
  2
4_20134_1001
 70
     0
280
     0
 71
     1
 72
     0
 11
0.0
 21
0.0
 31
0.0
  0
ATTRIB
  5
238
330
226
100
AcDbEntity
  8
EPLAN452
 62
     7
100
AcDbText
 10
41.0
 20
5.0
 30
0.0
 40
1.6254
  1

  7
Tahoma
100
AcDbAttribute
  2
4_11070[3]
 70
     0
280
     0
 71
     1
 72
     0
 11
0.0
 21
0.0
 31
0.0
  0
ATTRIB
  5
239
330
226
100
AcDbEntity
  8
EPLAN452
 62
     7
100
AcDbText
 10
231.0
 20
12.0
 30
0.0
 40
2.2575
  1
Panel legend
  7
Tahoma
100
AcDbAttribute
  2
4_11011
 70
     0
280
     0
 71
     1
 72
     0
 11
0.0
 21
0.0
 31
0.0
  0
ATTRIB
  5
23A
330
226
100
AcDbEntity
  8
EPLAN453
 62
     7
100
AcDbText
 10
62.49138525
 20
293.3847503276699
 30
0.0
 40
1.3545
  1
1
  7
Tahoma
 72
     1
 11
63.0
 21
293.0
 31
0.0
100
AcDbAttribute
  2
53_19005
 70
     0
 74
     1
280
     0
 71
     1
 72
     0
 11
63.0
 21
293.0
 31
0.0
  0
ATTRIB
  5
23B
330
226
100
AcDbEntity
  8
EPLAN452
 62
     7
100
AcDbText
 10
301.0
 20
12.0
 30
0.0
 40
2.2575
  1

  7
Tahoma
100
AcDbAttribute
  2
4_11030
 70
     0
280
     0
 71
     1
 72
     0
 11
0.0
 21
0.0
 31
0.0
  0
ATTRIB
  5
23C
330
226
100
AcDbEntity
  8
EPLAN453
 62
     7
100
AcDbText
 10
20.49138525
 20
293.3847503276699
 30
0.0
 40
1.3545
  1
0
  7
Tahoma
 72
     1
 11
21.0
 21
293.0
 31
0.0
100
AcDbAttribute
  2
53_19005_1
 70
     0
 74
     1
280
     0
 71
     1
 72
     0
 11
21.0
 21
293.0
 31
0.0
  0
ATTRIB
  5
23D
330
226
100
AcDbEntity
  8
EPLAN453
 62
     7
100
AcDbText
 10
314.49138525
 20
293.3847503276699
 30
0.0
 40
1.3545
  1
7
  7
Tahoma
 72
     1
 11
315.0
 21
293.0
 31
0.0
100
AcDbAttribute
  2
53_19005_2
 70
     0
 74
     1
280
     0
 71
     1
 72
     0
 11
315.0
 21
293.0
 31
0.0
  0
ATTRIB
  5
23E
330
226
100
AcDbEntity
  8
EPLAN453
 62
     7
100
AcDbText
 10
272.49138525
 20
293.3847503276699
 30
0.0
 40
1.3545
  1
6
  7
Tahoma
 72
     1
 11
273.0
 21
293.0
 31
0.0
100
AcDbAttribute
  2
53_19005_3
 70
     0
 74
     1
280
     0
 71
     1
 72
     0
 11
273.0
 21
293.0
 31
0.0
  0
ATTRIB
  5
23F
330
226
100
AcDbEntity
  8
EPLAN453
 62
     7
100
AcDbText
 10
356.49138525
 20
293.3847503276699
 30
0.0
 40
1.3545
  1
8
  7
Tahoma
 72
     1
 11
357.0
 21
293.0
 31
0.0
100
AcDbAttribute
  2
53_19005_4
 70
     0
 74
     1
280
     0
 71
     1
 72
     0
 11
357.0
 21
293.0
 31
0.0
  0
ATTRIB
  5
240
330
226
100
AcDbEntity
  8
EPLAN453
 62
     7
100
AcDbText
 10
398.49138525
 20
293.3847503276699
 30
0.0
 40
1.3545
  1
9
  7
Tahoma
 72
     1
 11
399.0
 21
293.0
 31
0.0
100
AcDbAttribute
  2
53_19005_5
 70
     0
 74
     1
280
     0
 71
     1
 72
     0
 11
399.0
 21
293.0
 31
0.0
  0
ATTRIB
  5
241
330
226
100
AcDbEntity
  8
EPLAN453
 62
     7
100
AcDbText
 10
146.49138525
 20
293.3847503276699
 30
0.0
 40
1.3545
  1
3
  7
Tahoma
 72
     1
 11
147.0
 21
293.0
 31
0.0
100
AcDbAttribute
  2
53_19005_6
 70
     0
 74
     1
280
     0
 71
     1
 72
     0
 11
147.0
 21
293.0
 31
0.0
  0
ATTRIB
  5
242
330
226
100
AcDbEntity
  8
EPLAN452
 62
     7
100
AcDbText
 10
21.0
 20
9.0
 30
0.0
 40
1.6254
  1

  7
Tahoma
100
AcDbAttribute
  2
4_11074[2]
 70
     0
280
     0
 71
     1
 72
     0
 11
0.0
 21
0.0
 31
0.0
  0
ATTRIB
  5
243
330
226
100
AcDbEntity
  8
EPLAN451
 62
     7
100
AcDbText
 10
415.0
 20
1.0
 30
0.0
 40
1.6254
  1
40
  7
Tahoma
100
AcDbAttribute
  2
14_10300
 70
     0
280
     0
 71
     1
 72
     0
 11
0.0
 21
0.0
 31
0.0
  0
ATTRIB
  5
244
330
226
100
AcDbEntity
  8
EPLAN452
 62
     7
100
AcDbText
 10
415.609235
 20
17.0
 30
0.0
 40
2.2575
  1
32
  7
Tahoma
 72
     2
 11
419.0
 21
17.0
 31
0.0
100
AcDbAttribute
  2
4_11040
 70
     0
280
     0
 71
     1
 72
     0
 11
419.0
 21
17.0
 31
0.0
  0
ATTRIB
  5
245
330
226
100
AcDbEntity
  8
EPLAN453
 62
     7
100
AcDbText
 10
188.49138525
 20
293.3847503276699
 30
0.0
 40
1.3545
  1
4
  7
Tahoma
 72
     1
 11
189.0
 21
293.0
 31
0.0
100
AcDbAttribute
  2
53_19005_7
 70
     0
 74
     1
280
     0
 71
     1
 72
     0
 11
189.0
 21
293.0
 31
0.0
  0
ATTRIB
  5
246
330
226
100
AcDbEntity
  8
EPLAN452
 62
     7
100
AcDbText
 10
73.0
 20
13.0
 30
0.0
 40
1.6254
  1
09/20/26
  7
Tahoma
100
AcDbAttribute
  2
4_11024
 70
     0
280
     0
 71
     1
 72
     0
 11
0.0
 21
0.0
 31
0.0
  0
ATTRIB
  5
247
330
226
100
AcDbEntity
  8
EPLAN451
 62
     7
100
AcDbText
 10
185.0
 20
12.0
 30
0.0
 40
2.2575
  1
Ecomax
  7
Tahoma
100
AcDbAttribute
  2
14_10015
 70
     0
280
     0
 71
     1
 72
     0
 11
0.0
 21
0.0
 31
0.0
  0
ATTRIB
  5
248
330
226
100
AcDbEntity
  8
EPLAN452
 62
     7
100
AcDbText
 10
183.0
 20
1.0
 30
0.0
 40
1.6254
  1

  7
Tahoma
 72
     2
 11
183.0
 21
1.0
 31
0.0
100
AcDbAttribute
  2
4_11086
 70
     0
280
     0
 71
     1
 72
     0
 11
183.0
 21
1.0
 31
0.0
  0
ATTRIB
  5
249
330
226
100
AcDbEntity
  8
EPLAN452
 62
     7
100
AcDbText
 10
416.5586492
 20
5.0
 30
0.0
 40
1.6254
  1
31
  7
Tahoma
 72
     2
 11
419.0
 21
5.0
 31
0.0
100
AcDbAttribute
  2
4_11000
 70
     0
280
     0
 71
     1
 72
     0
 11
419.0
 21
5.0
 31
0.0
  0
ATTRIB
  5
24A
330
226
100
AcDbEntity
  8
EPLAN453
 62
     7
100
AcDbText
 10
104.49138525
 20
293.3847503276699
 30
0.0
 40
1.3545
  1
2
  7
Tahoma
 72
     1
 11
105.0
 21
293.0
 31
0.0
100
AcDbAttribute
  2
53_19005_8
 70
     0
 74
     1
280
     0
 71
     1
 72
     0
 11
105.0
 21
293.0
 31
0.0
  0
ATTRIB
  5
24B
330
226
100
AcDbEntity
  8
EPLAN453
 62
     7
100
AcDbText
 10
230.49138525
 20
293.3847503276699
 30
0.0
 40
1.3545
  1
5
  7
Tahoma
 72
     1
 11
231.0
 21
293.0
 31
0.0
100
AcDbAttribute
  2
53_19005_9
 70
     0
 74
     1
280
     0
 71
     1
 72
     0
 11
231.0
 21
293.0
 31
0.0
  0
ATTRIB
  5
24C
330
226
100
AcDbEntity
  8
EPLAN452
 62
     7
100
AcDbText
 10
301.0
 20
5.0
 30
0.0
 40
1.6254
  1

  7
Tahoma
100
AcDbAttribute
  2
4_11059
 70
     0
280
     0
 71
     1
 72
     0
 11
0.0
 21
0.0
 31
0.0
  0
ATTRIB
  5
24D
330
226
100
AcDbEntity
  8
EPLAN451
 62
     7
100
AcDbText
 10
410.5586492
 20
1.00000000000001
 30
0.0
 40
1.6254
  1
31
  7
Tahoma
 72
     2
 11
413.0
 21
1.00000000000001
 31
0.0
100
AcDbAttribute
  2
4_25020
 70
     0
280
     0
 71
     1
 72
     0
 11
413.0
 21
1.00000000000001
 31
0.0
  0
SEQEND
  5
24E
330
226
100
AcDbEntity
  8
0
  0
TEXT
  5
251
102
{ACAD_REACTORS
330
250
102
}
330
1F
100
AcDbEntity
  8
EPLAN200
 62
     7
100
AcDbText
 10
12.0
 20
276.0
 30
0.0
 40
5.418
  1
Enclosure legend
  7
Tahoma
100
AcDbText
  0
TEXT
  5
252
102
{ACAD_REACTORS
330
250
102
}
330
1F
100
AcDbEntity
  8
EPLAN452
 62
     7
100
AcDbText
 10
152.2090775
 20
276.0
 30
0.0
 40
2.2575
  1
F18_005
  7
Tahoma
 72
     2
 11
164.0
 21
276.0
 31
0.0
100
AcDbText
  0
INSERT
  5
264
330
1F
100
AcDbEntity
  8
0
100
AcDbBlockReference
  2
EPLFORMHEADER
 10
12.0
 20
272.0
 30
0.0
  0
INSERT
  5
275
330
1F
100
AcDbEntity
  8
0
100
AcDbBlockReference
 66
     1
  2
EPLFORMDATA
 10
12.0
 20
267.0
 30
0.0
  0
ATTRIB
  5
276
330
275
100
AcDbEntity
  8
EPLAN450
 62
     7
100
AcDbText
 10
42.5
 20
264.02476
 30
0.0
 40
1.6254
  1
Phoenix Contact
  7
Tahoma
 11
42.5
 21
264.83746
 31
0.0
100
AcDbAttribute
  2
0_22222
 70
     0
 74
     2
280
     0
 71
     1
 72
     0
 11
42.5
 21
264.83746
 31
0.0
  0
ATTRIB
  5
277
330
275
100
AcDbEntity
  8
EPLAN450
 62
     7
100
AcDbText
 10
71.0
 20
264.02476
 30
0.0
 40
1.6254
  1
3210567
  7
Tahoma
 11
71.0
 21
264.83746
 31
0.0
100
AcDbAttribute
  2
0_22003
 70
     0
 74
     2
280
     0
 71
     1
 72
     0
 11
71.0
 21
264.83746
 31
0.0
  0
ATTRIB
  5
278
330
275
100
AcDbEntity
  8
EPLAN450
 62
     7
100
AcDbText
 10
26.5586492
 20
264.02476
 30
0.0
 40
1.6254
  1
21
  7
Tahoma
 72
     2
 11
29.0
 21
264.83746
 31
0.0
100
AcDbAttribute
  2
0_20450
 70
     0
 74
     2
280
     0
 71
     1
 72
     0
 11
29.0
 21
264.83746
 31
0.0
  0
ATTRIB
  5
279
330
275
100
AcDbEntity
  8
EPLAN450
 62
     7
100
AcDbText
 10
223.5
 20
264.02476
 30
0.0
 40
1.6254
  1
90
  7
Tahoma
 11
223.5
 21
264.83746
 31
0.0
100
AcDbAttribute
  2
0_20102[1]
 70
     0
 74
     2
280
     0
 71
     1
 72
     0
 11
223.5
 21
264.83746
 31
0.0
  0
ATTRIB
  5
27A
330
275
100
AcDbEntity
  8
EPLAN450
 62
     7
100
AcDbText
 10
104.0
 20
264.02476
 30
0.0
 40
1.6254
  1
Double-level terminal block
  7
Tahoma
 11
104.0
 21
264.83746
 31
0.0
100
AcDbAttribute
  2
0_22004
 70
     0
 74
     2
280
     0
 71
     1
 72
     0
 11
104.0
 21
264.83746
 31
0.0
  0
SEQEND
  5
27B
330
275
100
AcDbEntity
  8
0
  0
INSERT
  5
27C
330
1F
100
AcDbEntity
  8
0
100
AcDbBlockReference
 66
     1
  2
EPLFORMDATA
 10
12.0
 20
263.0
 30
0.0
  0
ATTRIB
  5
27D
330
27C
100
AcDbEntity
  8
EPLAN450
 62
     7
100
AcDbText
 10
42.5
 20
260.02476
 30
0.0
 40
1.6254
  1
Rittal
  7
Tahoma
 11
42.5
 21
260.83746
 31
0.0
100
AcDbAttribute
  2
0_22222
 70
     0
 74
     2
280
     0
 71
     1
 72
     0
 11
42.5
 21
260.83746
 31
0.0
  0
ATTRIB
  5
27E
330
27C
100
AcDbEntity
  8
EPLAN450
 62
     7
100
AcDbText
 10
71.0
 20
260.02476
 30
0.0
 40
1.6254
  1
9686539
  7
Tahoma
 11
71.0
 21
260.83746
 31
0.0
100
AcDbAttribute
  2
0_22003
 70
     0
 74
     2
280
     0
 71
     1
 72
     0
 11
71.0
 21
260.83746
 31
0.0
  0
ATTRIB
  5
27F
330
27C
100
AcDbEntity
  8
EPLAN450
 62
     7
100
AcDbText
 10
26.5586492
 20
260.02476
 30
0.0
 40
1.6254
  1
22
  7
Tahoma
 72
     2
 11
29.0
 21
260.83746
 31
0.0
100
AcDbAttribute
  2
0_20450
 70
     0
 74
     2
280
     0
 71
     1
 72
     0
 11
29.0
 21
260.83746
 31
0.0
  0
ATTRIB
  5
280
330
27C
100
AcDbEntity
  8
EPLAN450
 62
     7
100
AcDbText
 10
223.5
 20
260.02476
 30
0.0
 40
1.6254
  1
1
  7
Tahoma
 11
223.5
 21
260.83746
 31
0.0
100
AcDbAttribute
  2
0_20102[1]
 70
     0
 74
     2
280
     0
 71
     1
 72
     0
 11
223.5
 21
260.83746
 31
0.0
  0
ATTRIB
  5
281
330
27C
100
AcDbEntity
  8
EPLAN450
 62
     7
100
AcDbText
 10
104.0
 20
260.02476
 30
0.0
 40
1.6254
  1
PE/PEN baying bracket E-Cu
  7
Tahoma
 11
104.0
 21
260.83746
 31
0.0
100
AcDbAttribute
  2
0_22004
 70
     0
 74
     2
280
     0
 71
     1
 72
     0
 11
104.0
 21
260.83746
 31
0.0
  0
SEQEND
  5
282
330
27C
100
AcDbEntity
  8
0
  0
INSERT
  5
288
330
1F
100
AcDbEntity
  8
0
100
AcDbBlockReference
  2
EPLFORMFOOTER
 10
12.0
 20
259.0
 30
0.0
  0
ENDSEC
  0
SECTION
  2
OBJECTS
  0
DICTIONARY
  5
C
330
0
100
AcDbDictionary
281
     1
  3
ACAD_DETAILVIEWSTYLE
350
290
  3
ACAD_GROUP
350
D
  3
ACAD_IMAGE_VARS
350
5E
  3
ACAD_LAYOUT
350
1A
  3
ACAD_MATERIAL
350
43
  3
ACAD_MLEADERSTYLE
350
5B
  3
ACAD_MLINESTYLE
350
17
  3
ACAD_PLOTSETTINGS
350
19
  3
ACAD_PLOTSTYLENAME
350
E
  3
ACAD_SCALELIST
350
47
  3
ACAD_SECTIONVIEWSTYLE
350
291
  3
ACAD_TABLESTYLE
350
59
  3
ACAD_VISUALSTYLE
350
2A
  3
ACDB_RECOMPOSE_DATA
350
28D
  3
AcDbVariableDictionary
350
289
  0
SUN
  5
5D
330
29
100
AcDbSun
 90
        1
290
     0
 63
     7
421
 16777215
 40
1.0
291
     1
 91
  2455826
 92
 54000000
292
     0
 70
     2
 71
   256
280
     1
  0
DICTIONARY
  5
290
102
{ACAD_REACTORS
330
C
102
}
330
C
100
AcDbDictionary
281
     1
  0
DICTIONARY
  5
D
102
{ACAD_REACTORS
330
C
102
}
330
C
100
AcDbDictionary
281
     1
  3
EPLGROUP
350
24F
  3
EPLGROUP_1
350
250
  3
EPLGROUP_2
350
256
  3
EPLGROUP_3
350
268
  3
EPLGROUP_5
350
286
  0
RASTERVARIABLES
  5
5E
102
{ACAD_REACTORS
330
C
102
}
330
C
100
AcDbRasterVariables
 90
        0
 70
     0
 71
     1
 72
     1
  0
DICTIONARY
  5
1A
102
{ACAD_REACTORS
330
C
102
}
330
C
100
AcDbDictionary
281
     1
  3
Layout1
350
1E
  3
Layout2
350
26
  3
Model
350
22
  0
DICTIONARY
  5
43
102
{ACAD_REACTORS
330
C
102
}
330
C
100
AcDbDictionary
281
     1
  3
ByBlock
350
45
  3
ByLayer
350
44
  3
Global
350
46
  0
DICTIONARY
  5
5B
102
{ACAD_REACTORS
330
C
102
}
330
C
100
AcDbDictionary
281
     1
  3
Standard
350
5C
  0
DICTIONARY
  5
17
102
{ACAD_REACTORS
330
C
102
}
330
C
100
AcDbDictionary
281
     1
  3
Standard
350
18
  0
DICTIONARY
  5
19
102
{ACAD_REACTORS
330
C
102
}
330
C
100
AcDbDictionary
281
     1
  0
ACDBDICTIONARYWDFLT
  5
E
102
{ACAD_REACTORS
330
C
102
}
330
C
100
AcDbDictionary
281
     1
  3
Normal
350
F
100
AcDbDictionaryWithDefault
340
F
  0
DICTIONARY
  5
47
102
{ACAD_REACTORS
330
C
102
}
330
C
100
AcDbDictionary
281
     1
  3
A0
350
48
  3
A1
350
49
  3
A2
350
4A
  3
A3
350
4B
  3
A4
350
4C
  3
A5
350
4D
  3
A6
350
4E
  3
A7
350
4F
  3
A8
350
50
  3
A9
350
51
  3
B0
350
52
  3
B1
350
53
  3
B2
350
54
  3
B3
350
55
  3
B4
350
56
  3
B5
350
57
  3
B6
350
58
  0
DICTIONARY
  5
291
102
{ACAD_REACTORS
330
C
102
}
330
C
100
AcDbDictionary
281
     1
  0
DICTIONARY
  5
59
102
{ACAD_REACTORS
330
C
102
}
330
C
100
AcDbDictionary
281
     1
  3
Standard
350
5A
  0
DICTIONARY
  5
2A
102
{ACAD_REACTORS
330
C
102
}
330
C
100
AcDbDictionary
281
     1
  3
2dWireframe
350
2F
  3
Basic
350
32
  3
Brighten
350
36
  3
ColorChange
350
3A
  3
Conceptual
350
34
  3
Dim
350
35
  3
EdgeColorOff
350
3D
  3
Facepattern
350
39
  3
Flat
350
2B
  3
FlatWithEdges
350
2C
  3
Gouraud
350
2D
  3
GouraudWithEdges
350
2E
  3
Hidden
350
31
  3
JitterOff
350
3B
  3
Linepattern
350
38
  3
OverhangOff
350
3C
  3
Realistic
350
33
  3
Shaded
350
42
  3
Shaded with edges
350
41
  3
Shades of Gray
350
3E
  3
Sketchy
350
3F
  3
Thicken
350
37
  3
Wireframe
350
30
  3
X-Ray
350
40
  0
XRECORD
  5
28D
102
{ACAD_REACTORS
330
C
102
}
330
C
100
AcDbXrecord
280
     1
 90
        1
330
5A
  0
DICTIONARY
  5
289
102
{ACAD_REACTORS
330
C
102
}
330
C
100
AcDbDictionary
281
     1
  3
CANNOSCALE
350
28A
  3
CENTEREXE
350
292
  3
CENTERLTYPEFILE
350
293
  3
CMLEADERSTYLE
350
28F
  3
CTABLESTYLE
350
28E
  0
GROUP
  5
24F
102
{ACAD_REACTORS
330
D
102
}
330
D
100
AcDbGroup
300

 70
     0
 71
     1
  0
GROUP
  5
250
102
{ACAD_REACTORS
330
D
102
}
330
D
100
AcDbGroup
300

 70
     0
 71
     1
340
251
340
252
  0
GROUP
  5
256
102
{ACAD_REACTORS
330
D
102
}
330
D
100
AcDbGroup
300

 70
     0
 71
     1
340
257
340
258
340
259
340
25A
340
25B
340
25C
340
25D
340
25E
340
25F
340
260
340
261
340
262
340
263
  0
GROUP
  5
268
102
{ACAD_REACTORS
330
D
102
}
330
D
100
AcDbGroup
300

 70
     0
 71
     1
340
269
340
26A
340
26B
340
26C
340
26D
340
26E
340
26F
  0
GROUP
  5
286
102
{ACAD_REACTORS
330
D
102
}
330
D
100
AcDbGroup
300

 70
     0
 71
     1
340
287
  0
LAYOUT
  5
1E
102
{ACAD_REACTORS
330
1A
102
}
330
1A
100
AcDbPlotSettings
  1

  2
none_device
  4

  6

 40
0.0
 41
0.0
 42
0.0
 43
0.0
 44
0.0
 45
0.0
 46
0.0
 47
0.0
 48
0.0
 49
0.0
140
0.0
141
0.0
142
1.0
143
1.0
 70
   688
 72
     1
 73
     0
 74
     5
  7

 75
    16
 76
     0
 77
     2
 78
   300
147
1.0
148
0.0
149
0.0
100
AcDbLayout
  1
Layout1
 70
     1
 71
     1
 10
-0.175
 20
-0.175
 11
420.175
 21
297.175
 12
0.0
 22
0.0
 32
0.0
 14
-0.175
 24
-0.175
 34
0.0
 15
420.175
 25
297.175
 35
0.0
146
0.0
 13
0.0
 23
0.0
 33
0.0
 16
1.0
 26
0.0
 36
0.0
 17
0.0
 27
1.0
 37
0.0
 76
     0
330
1B
  0
LAYOUT
  5
26
102
{ACAD_REACTORS
330
1A
102
}
330
1A
100
AcDbPlotSettings
  1

  2
none_device
  4

  6

 40
0.0
 41
0.0
 42
0.0
 43
0.0
 44
0.0
 45
0.0
 46
0.0
 47
0.0
 48
0.0
 49
0.0
140
0.0
141
0.0
142
1.0
143
1.0
 70
   688
 72
     1
 73
     0
 74
     5
  7

 75
    16
 76
     0
 77
     2
 78
   300
147
1.0
148
0.0
149
0.0
100
AcDbLayout
  1
Layout2
 70
     1
 71
     2
 10
0.0
 20
0.0
 11
0.0
 21
0.0
 12
0.0
 22
0.0
 32
0.0
 14
0.0
 24
0.0
 34
0.0
 15
0.0
 25
0.0
 35
0.0
146
0.0
 13
0.0
 23
0.0
 33
0.0
 16
1.0
 26
0.0
 36
0.0
 17
0.0
 27
1.0
 37
0.0
 76
     0
330
23
  0
LAYOUT
  5
22
102
{ACAD_REACTORS
330
1A
102
}
330
1A
100
AcDbPlotSettings
  1

  2
none_device
  4
Letter_(8.50_x_11.00_Inches)
  6

 40
6.35
 41
6.35
 42
6.35000508
 43
6.35000508
 44
215.9
 45
279.4
 46
0.0
 47
0.0
 48
0.0
 49
0.0
140
0.0
141
0.0
142
1.0
143
1.0
 70
  1712
 72
     1
 73
     0
 74
     0
  7

 75
     0
 76
     0
 77
     2
 78
   300
147
1.0
148
0.0
149
0.0
100
AcDbLayout
  1
Model
 70
     1
 71
     0
 10
-0.175
 20
-0.175
 11
420.175
 21
297.175
 12
0.0
 22
0.0
 32
0.0
 14
-0.175
 24
-0.175
 34
0.0
 15
420.175
 25
297.175
 35
0.0
146
0.0
 13
0.0
 23
0.0
 33
0.0
 16
1.0
 26
0.0
 36
0.0
 17
0.0
 27
1.0
 37
0.0
 76
     0
330
1F
331
29
  0
MATERIAL
  5
45
102
{ACAD_REACTORS
330
43
102
}
330
43
100
AcDbMaterial
  1
ByBlock
 72
     1
 94
      127
  0
MATERIAL
  5
44
102
{ACAD_REACTORS
330
43
102
}
330
43
100
AcDbMaterial
  1
ByLayer
 72
     1
 94
      127
  0
MATERIAL
  5
46
102
{ACAD_REACTORS
330
43
102
}
330
43
100
AcDbMaterial
  1
Global
 72
     1
 94
      127
  0
MLEADERSTYLE
  5
5C
102
{ACAD_REACTORS
330
5B
102
}
330
5B
100
AcDbMLeaderStyle
179
     2
170
     2
171
     1
172
     0
 90
        2
 40
0.0
 41
0.0
173
     1
 91
-1056964608
340
14
 92
       -2
290
     1
 42
2.0
291
     1
 43
8.0
  3
Standard
341
0
 44
4.0
300

342
11
174
     1
178
     6
175
     1
176
     0
 93
-1056964608
 45
4.0
292
     0
297
     0
 46
4.0
343
0
 94
-1056964608
 47
1.0
 49
1.0
140
1.0
293
     1
141
0.0
294
     1
177
     0
142
1.0
295
     0
296
     0
143
3.75
271
     0
272
     9
273
     9
298
     0
  0
MLINESTYLE
  5
18
102
{ACAD_REACTORS
330
17
102
}
330
17
100
AcDbMlineStyle
  2
Standard
 70
     0
  3

 62
   256
 51
90.0
 52
90.0
 71
     2
 49
0.5
 62
   256
  6
BYLAYER
 49
-0.5
 62
   256
  6
BYLAYER
  0
ACDBPLACEHOLDER
  5
F
102
{ACAD_REACTORS
330
E
102
}
330
E
  0
SCALE
  5
48
102
{ACAD_REACTORS
330
47
102
}
330
47
100
AcDbScale
 70
     0
300
1:1
140
1.0
141
1.0
290
     1
  0
SCALE
  5
49
102
{ACAD_REACTORS
330
47
102
}
330
47
100
AcDbScale
 70
     0
300
1:2
140
1.0
141
2.0
290
     0
  0
SCALE
  5
4A
102
{ACAD_REACTORS
330
47
102
}
330
47
100
AcDbScale
 70
     0
300
1:4
140
1.0
141
4.0
290
     0
  0
SCALE
  5
4B
102
{ACAD_REACTORS
330
47
102
}
330
47
100
AcDbScale
 70
     0
300
1:5
140
1.0
141
5.0
290
     0
  0
SCALE
  5
4C
102
{ACAD_REACTORS
330
47
102
}
330
47
100
AcDbScale
 70
     0
300
1:8
140
1.0
141
8.0
290
     0
  0
SCALE
  5
4D
102
{ACAD_REACTORS
330
47
102
}
330
47
100
AcDbScale
 70
     0
300
1:10
140
1.0
141
10.0
290
     0
  0
SCALE
  5
4E
102
{ACAD_REACTORS
330
47
102
}
330
47
100
AcDbScale
 70
     0
300
1:16
140
1.0
141
16.0
290
     0
  0
SCALE
  5
4F
102
{ACAD_REACTORS
330
47
102
}
330
47
100
AcDbScale
 70
     0
300
1:20
140
1.0
141
20.0
290
     0
  0
SCALE
  5
50
102
{ACAD_REACTORS
330
47
102
}
330
47
100
AcDbScale
 70
     0
300
1:30
140
1.0
141
30.0
290
     0
  0
SCALE
  5
51
102
{ACAD_REACTORS
330
47
102
}
330
47
100
AcDbScale
 70
     0
300
1:40
140
1.0
141
40.0
290
     0
  0
SCALE
  5
52
102
{ACAD_REACTORS
330
47
102
}
330
47
100
AcDbScale
 70
     0
300
1:50
140
1.0
141
50.0
290
     0
  0
SCALE
  5
53
102
{ACAD_REACTORS
330
47
102
}
330
47
100
AcDbScale
 70
     0
300
1:100
140
1.0
141
100.0
290
     0
  0
SCALE
  5
54
102
{ACAD_REACTORS
330
47
102
}
330
47
100
AcDbScale
 70
     0
300
2:1
140
2.0
141
1.0
290
     0
  0
SCALE
  5
55
102
{ACAD_REACTORS
330
47
102
}
330
47
100
AcDbScale
 70
     0
300
4:1
140
4.0
141
1.0
290
     0
  0
SCALE
  5
56
102
{ACAD_REACTORS
330
47
102
}
330
47
100
AcDbScale
 70
     0
300
8:1
140
8.0
141
1.0
290
     0
  0
SCALE
  5
57
102
{ACAD_REACTORS
330
47
102
}
330
47
100
AcDbScale
 70
     0
300
10:1
140
10.0
141
1.0
290
     0
  0
SCALE
  5
58
102
{ACAD_REACTORS
330
47
102
}
330
47
100
AcDbScale
 70
     0
300
100:1
140
100.0
141
1.0
290
     0
  0
TABLESTYLE
  5
5A
102
{ACAD_REACTORS
330
59
102
}
102
{ACAD_XDICTIONARY
360
28B
102
}
330
59
100
AcDbTableStyle
  3
Standard
 70
     0
 71
     0
 40
0.06
 41
0.06
280
     0
281
     0
  7
Standard
140
4.5
170
     2
 62
     0
 63
   257
283
     0
 90
        4
 91
        0
  1

274
    -2
284
     1
 64
     0
275
    -2
285
     1
 65
     0
276
    -2
286
     1
 66
     0
277
    -2
287
     1
 67
     0
278
    -2
288
     1
 68
     0
279
    -2
289
     1
 69
     0
  7
Standard
140
6.0
170
     5
 62
     0
 63
   257
283
     0
 90
        4
 91
        0
  1

274
    -2
284
     1
 64
     0
275
    -2
285
     1
 65
     0
276
    -2
286
     1
 66
     0
277
    -2
287
     1
 67
     0
278
    -2
288
     1
 68
     0
279
    -2
289
     1
 69
     0
  7
Standard
140
4.5
170
     5
 62
     0
 63
   257
283
     0
 90
        4
 91
        0
  1

274
    -2
284
     1
 64
     0
275
    -2
285
     1
 65
     0
276
    -2
286
     1
 66
     0
277
    -2
287
     1
 67
     0
278
    -2
288
     1
 68
     0
279
    -2
289
     1
 69
     0
  0
VISUALSTYLE
  5
2F
102
{ACAD_REACTORS
330
2A
102
}
330
2A
100
AcDbVisualStyle
  2
2dWireframe
 70
     4
177
     3
291
     0
 70
    58
 90
        0
176
     1
 90
        2
176
     1
 90
        0
176
     1
 90
        0
176
     1
 40
0.6
176
     1
 40
30.0
176
     1
 62
     7
420
 16777215
176
     1
 90
        1
176
     1
 90
        4
176
     1
 62
     7
176
     1
 62
   257
176
     1
 90
        1
176
     1
 90
        1
176
     1
 40
1.0
176
     1
 90
        0
176
     1
 62
   257
176
     1
 40
1.0
176
     1
 90
        1
176
     1
 90
        6
176
     1
 90
        2
176
     1
 62
     7
176
     1
 90
        5
176
     1
 90
        0
176
     1
 90
        0
176
     1
290
     0
176
     1
 90
        1
176
     1
 40
0.0
176
     1
 90
        0
176
     1
290
     1
176
     1
290
     1
176
     1
290
     0
176
     1
290
     0
176
     1
290
     0
176
     1
290
     0
176
     1
290
     0
176
     1
290
     0
176
     1
290
     0
176
     1
 90
       50
176
     1
 40
0.0
176
     1
 40
1.0
176
     1
 90
        0
176
     1
 62
    18
420
        0
176
     1
 90
       50
176
     1
 90
        3
176
     1
 62
     5
420
      255
176
     1
290
     0
176
     1
 90
       50
176
     1
 90
       50
176
     1
 90
       50
176
     1
290
     0
176
     1
 90
       50
176
     1
 62
   256
176
     0
 40
1.0
176
     0
 90
        2
176
     1
  1
strokes_ogs.tif
176
     1
290
     0
176
     1
 40
1.0
176
     1
 40
1.0
176
     1
  0
VISUALSTYLE
  5
32
102
{ACAD_REACTORS
330
2A
102
}
330
2A
100
AcDbVisualStyle
  2
Basic
 70
     7
177
     3
291
     1
 70
    58
 90
        1
176
     1
 90
        0
176
     1
 90
        1
176
     1
 90
        0
176
     1
 40
0.6
176
     1
 40
30.0
176
     1
 62
     7
420
 16777215
176
     1
 90
        0
176
     1
 90
        4
176
     1
 62
     7
176
     1
 62
   257
176
     1
 90
        1
176
     1
 90
        1
176
     1
 40
1.0
176
     1
 90
        8
176
     1
 62
     7
176
     1
 40
1.0
176
     1
 90
        1
176
     1
 90
        6
176
     1
 90
        2
176
     1
 62
     7
176
     1
 90
        5
176
     1
 90
        0
176
     1
 90
        0
176
     1
290
     0
176
     1
 90
        1
176
     1
 40
0.0
176
     1
 90
        0
176
     1
290
     0
176
     1
290
     1
176
     1
290
     1
176
     1
290
     0
176
     1
290
     0
176
     1
290
     0
176
     1
290
     0
176
     1
290
     0
176
     1
290
     0
176
     1
 90
       50
176
     1
 40
0.0
176
     1
 40
1.0
176
     1
 90
        0
176
     1
 62
    18
420
        0
176
     1
 90
       50
176
     1
 90
        3
176
     1
 62
     5
420
      255
176
     1
290
     0
176
     1
 90
       50
176
     1
 90
       50
176
     1
 90
       50
176
     1
290
     0
176
     1
 90
       50
176
     1
 62
   256
176
     0
 40
1.0
176
     0
 90
        2
176
     1
  1
strokes_ogs.tif
176
     1
290
     0
176
     1
 40
1.0
176
     1
 40
1.0
176
     1
  0
VISUALSTYLE
  5
36
102
{ACAD_REACTORS
330
2A
102
}
330
2A
100
AcDbVisualStyle
  2
Brighten
 70
    12
177
     3
291
     1
 70
    58
 90
        2
176
     1
 90
        2
176
     1
 90
        0
176
     1
 90
        0
176
     1
 40
0.6
176
     1
 40
30.0
176
     1
 62
     7
420
 16777215
176
     1
 90
        1
176
     1
 90
        4
176
     1
 62
     7
176
     1
 62
   257
176
     1
 90
        1
176
     1
 90
        1
176
     1
 40
1.0
176
     1
 90
        8
176
     1
 62
     7
176
     1
 40
1.0
176
     1
 90
        1
176
     1
 90
        6
176
     1
 90
        2
176
     1
 62
     7
176
     1
 90
        5
176
     1
 90
        0
176
     1
 90
        0
176
     1
290
     0
176
     1
 90
        1
176
     1
 40
50.0
176
     1
 90
        0
176
     1
290
     0
176
     1
290
     1
176
     1
290
     1
176
     1
290
     0
176
     1
290
     0
176
     1
290
     0
176
     1
290
     0
176
     1
290
     0
176
     1
290
     0
176
     1
 90
       50
176
     1
 40
0.0
176
     1
 40
1.0
176
     1
 90
        0
176
     1
 62
    18
420
        0
176
     1
 90
       50
176
     1
 90
        3
176
     1
 62
     5
420
      255
176
     1
290
     0
176
     1
 90
       50
176
     1
 90
       50
176
     1
 90
       50
176
     1
290
     0
176
     1
 90
       50
176
     1
 62
   256
176
     0
 40
1.0
176
     0
 90
        2
176
     1
  1
strokes_ogs.tif
176
     1
290
     0
176
     1
 40
1.0
176
     1
 40
1.0
176
     1
  0
VISUALSTYLE
  5
3A
102
{ACAD_REACTORS
330
2A
102
}
330
2A
100
AcDbVisualStyle
  2
ColorChange
 70
    16
177
     3
291
     1
 70
    58
 90
        2
176
     1
 90
        2
176
     1
 90
        3
176
     1
 90
        0
176
     1
 40
0.6
176
     1
 40
30.0
176
     1
 62
     8
420
  8421504
176
     1
 90
        1
176
     1
 90
        4
176
     1
 62
     7
176
     1
 62
   257
176
     1
 90
        1
176
     1
 90
        1
176
     1
 40
1.0
176
     1
 90
        8
176
     1
 62
     8
420
  8421504
176
     1
 40
1.0
176
     1
 90
        1
176
     1
 90
        6
176
     1
 90
        2
176
     1
 62
     7
176
     1
 90
        5
176
     1
 90
        0
176
     1
 90
        0
176
     1
290
     0
176
     1
 90
        1
176
     1
 40
0.0
176
     1
 90
        0
176
     1
290
     0
176
     1
290
     1
176
     1
290
     1
176
     1
290
     0
176
     1
290
     0
176
     1
290
     0
176
     1
290
     0
176
     1
290
     0
176
     1
290
     0
176
     1
 90
       50
176
     1
 40
0.0
176
     1
 40
1.0
176
     1
 90
        0
176
     1
 62
    18
420
        0
176
     1
 90
       50
176
     1
 90
        3
176
     1
 62
     5
420
      255
176
     1
290
     0
176
     1
 90
       50
176
     1
 90
       50
176
     1
 90
       50
176
     1
290
     0
176
     1
 90
       50
176
     1
 62
   256
176
     0
 40
1.0
176
     0
 90
        2
176
     1
  1
strokes_ogs.tif
176
     1
290
     0
176
     1
 40
1.0
176
     1
 40
1.0
176
     1
  0
VISUALSTYLE
  5
34
102
{ACAD_REACTORS
330
2A
102
}
330
2A
100
AcDbVisualStyle
  2
Conceptual
 70
     9
177
     3
291
     0
 70
    58
 90
        3
176
     1
 90
        2
176
     1
 90
        0
176
     1
 90
        0
176
     1
 40
0.6
176
     1
 40
30.0
176
     1
 62
     7
420
 16777215
176
     1
 90
        2
176
     1
 90
        2
176
     1
 62
     7
176
     1
 62
   257
176
     1
 90
        1
176
     1
 90
        1
176
     1
 40
179.0
176
     1
 90
        8
176
     1
 62
     7
176
     1
 40
1.0
176
     1
 90
        1
176
     1
 90
        6
176
     1
 90
        2
176
     1
 62
     7
176
     1
 90
        3
176
     1
 90
        0
176
     1
 90
        0
176
     1
290
     0
176
     1
 90
        1
176
     1
 40
0.0
176
     1
 90
        0
176
     1
290
     0
176
     1
290
     1
176
     1
290
     1
176
     1
290
     0
176
     1
290
     0
176
     1
290
     0
176
     1
290
     0
176
     1
290
     0
176
     1
290
     0
176
     1
 90
       50
176
     1
 40
0.0
176
     1
 40
1.0
176
     1
 90
        0
176
     1
 62
    18
420
        0
176
     1
 90
       50
176
     1
 90
        3
176
     1
 62
     5
420
      255
176
     1
290
     0
176
     1
 90
       50
176
     1
 90
       50
176
     1
 90
       50
176
     1
290
     0
176
     1
 90
       50
176
     1
 62
   256
176
     0
 40
1.0
176
     0
 90
        2
176
     1
  1
strokes_ogs.tif
176
     1
290
     0
176
     1
 40
1.0
176
     1
 40
1.0
176
     1
  0
VISUALSTYLE
  5
35
102
{ACAD_REACTORS
330
2A
102
}
330
2A
100
AcDbVisualStyle
  2
Dim
 70
    11
177
     3
291
     1
 70
    58
 90
        2
176
     1
 90
        2
176
     1
 90
        0
176
     1
 90
        0
176
     1
 40
0.6
176
     1
 40
30.0
176
     1
 62
     7
420
 16777215
176
     1
 90
        1
176
     1
 90
        4
176
     1
 62
     7
176
     1
 62
   257
176
     1
 90
        1
176
     1
 90
        1
176
     1
 40
1.0
176
     1
 90
        8
176
     1
 62
     7
176
     1
 40
1.0
176
     1
 90
        1
176
     1
 90
        6
176
     1
 90
        2
176
     1
 62
     7
176
     1
 90
        5
176
     1
 90
        0
176
     1
 90
        0
176
     1
290
     0
176
     1
 90
        1
176
     1
 40
-50.0
176
     1
 90
        0
176
     1
290
     0
176
     1
290
     1
176
     1
290
     1
176
     1
290
     0
176
     1
290
     0
176
     1
290
     0
176
     1
290
     0
176
     1
290
     0
176
     1
290
     0
176
     1
 90
       50
176
     1
 40
0.0
176
     1
 40
1.0
176
     1
 90
        0
176
     1
 62
    18
420
        0
176
     1
 90
       50
176
     1
 90
        3
176
     1
 62
     5
420
      255
176
     1
290
     0
176
     1
 90
       50
176
     1
 90
       50
176
     1
 90
       50
176
     1
290
     0
176
     1
 90
       50
176
     1
 62
   256
176
     0
 40
1.0
176
     0
 90
        2
176
     1
  1
strokes_ogs.tif
176
     1
290
     0
176
     1
 40
1.0
176
     1
 40
1.0
176
     1
  0
VISUALSTYLE
  5
3D
102
{ACAD_REACTORS
330
2A
102
}
330
2A
100
AcDbVisualStyle
  2
EdgeColorOff
 70
    22
177
     3
291
     1
 70
    58
 90
        2
176
     0
 90
        2
176
     0
 90
        0
176
     0
 90
        0
176
     0
 40
0.6
176
     0
 40
30.0
176
     0
 62
     7
420
 16777215
176
     0
 90
        1
176
     0
 90
        4
176
     0
 62
     7
176
     0
 62
   257
176
     0
 90
        1
176
     0
 90
        1
176
     0
 40
1.0
176
     0
 90
        8
176
     2
 62
     7
176
     0
 40
1.0
176
     0
 90
        1
176
     0
 90
        6
176
     0
 90
        2
176
     0
 62
     7
176
     0
 90
        5
176
     0
 90
        0
176
     0
 90
        0
176
     0
290
     0
176
     0
 90
        1
176
     0
 40
0.0
176
     0
 90
        0
176
     0
290
     0
176
     0
290
     1
176
     0
290
     1
176
     0
290
     0
176
     0
290
     0
176
     0
290
     0
176
     0
290
     0
176
     0
290
     0
176
     0
290
     0
176
     0
 90
       50
176
     0
 40
0.0
176
     0
 40
1.0
176
     0
 90
        0
176
     0
 62
    18
420
        0
176
     0
 90
       50
176
     0
 90
        3
176
     0
 62
     5
420
      255
176
     0
290
     0
176
     0
 90
       50
176
     0
 90
       50
176
     0
 90
       50
176
     0
290
     0
176
     0
 90
       50
176
     0
 62
   256
176
     0
 40
1.0
176
     0
 90
        2
176
     0
  1
strokes_ogs.tif
176
     0
290
     0
176
     0
 40
1.0
176
     0
 40
1.0
176
     0
  0
VISUALSTYLE
  5
39
102
{ACAD_REACTORS
330
2A
102
}
330
2A
100
AcDbVisualStyle
  2
Facepattern
 70
    15
177
     3
291
     1
 70
    58
 90
        2
176
     1
 90
        2
176
     1
 90
        0
176
     1
 90
        0
176
     1
 40
0.6
176
     1
 40
30.0
176
     1
 62
     7
420
 16777215
176
     1
 90
        1
176
     1
 90
        4
176
     1
 62
     7
176
     1
 62
   257
176
     1
 90
        1
176
     1
 90
        1
176
     1
 40
1.0
176
     1
 90
        8
176
     1
 62
     7
176
     1
 40
1.0
176
     1
 90
        1
176
     1
 90
        6
176
     1
 90
        2
176
     1
 62
     7
176
     1
 90
        5
176
     1
 90
        0
176
     1
 90
        0
176
     1
290
     0
176
     1
 90
        1
176
     1
 40
0.0
176
     1
 90
        0
176
     1
290
     0
176
     1
290
     1
176
     1
290
     1
176
     1
290
     0
176
     1
290
     0
176
     1
290
     0
176
     1
290
     0
176
     1
290
     0
176
     1
290
     0
176
     1
 90
       50
176
     1
 40
0.0
176
     1
 40
1.0
176
     1
 90
        0
176
     1
 62
    18
420
        0
176
     1
 90
       50
176
     1
 90
        3
176
     1
 62
     5
420
      255
176
     1
290
     0
176
     1
 90
       50
176
     1
 90
       50
176
     1
 90
       50
176
     1
290
     0
176
     1
 90
       50
176
     1
 62
   256
176
     0
 40
1.0
176
     0
 90
        2
176
     1
  1
strokes_ogs.tif
176
     1
290
     0
176
     1
 40
1.0
176
     1
 40
1.0
176
     1
  0
VISUALSTYLE
  5
2B
102
{ACAD_REACTORS
330
2A
102
}
330
2A
100
AcDbVisualStyle
  2
Flat
 70
     0
177
     3
291
     1
 70
    58
 90
        2
176
     1
 90
        1
176
     1
 90
        1
176
     1
 90
        2
176
     1
 40
0.6
176
     1
 40
30.0
176
     1
 62
     7
420
 16777215
176
     1
 90
        0
176
     1
 90
        0
176
     1
 62
     7
176
     1
 62
   257
176
     1
 90
        1
176
     1
 90
        1
176
     1
 40
1.0
176
     1
 90
        8
176
     1
 62
     7
176
     1
 40
1.0
176
     1
 90
        1
176
     1
 90
        6
176
     1
 90
        2
176
     1
 62
     7
176
     1
 90
        5
176
     1
 90
        0
176
     1
 90
        0
176
     1
290
     0
176
     1
 90
       13
176
     1
 40
0.0
176
     1
 90
        0
176
     1
290
     0
176
     1
290
     1
176
     1
290
     1
176
     1
290
     0
176
     1
290
     0
176
     1
290
     0
176
     1
290
     0
176
     1
290
     0
176
     1
290
     0
176
     1
 90
       50
176
     1
 40
0.0
176
     1
 40
1.0
176
     1
 90
        0
176
     1
 62
    18
420
        0
176
     1
 90
       50
176
     1
 90
        3
176
     1
 62
     5
420
      255
176
     1
290
     0
176
     1
 90
       50
176
     1
 90
       50
176
     1
 90
       50
176
     1
290
     0
176
     1
 90
       50
176
     1
 62
   256
176
     0
 40
1.0
176
     0
 90
        2
176
     1
  1
strokes_ogs.tif
176
     1
290
     0
176
     1
 40
1.0
176
     1
 40
1.0
176
     1
  0
VISUALSTYLE
  5
2C
102
{ACAD_REACTORS
330
2A
102
}
330
2A
100
AcDbVisualStyle
  2
FlatWithEdges
 70
     1
177
     3
291
     1
 70
    58
 90
        2
176
     1
 90
        1
176
     1
 90
        1
176
     1
 90
        2
176
     1
 40
0.6
176
     1
 40
30.0
176
     1
 62
     7
420
 16777215
176
     1
 90
        1
176
     1
 90
        0
176
     1
 62
     7
176
     1
 62
   257
176
     1
 90
        1
176
     1
 90
        1
176
     1
 40
1.0
176
     1
 90
        0
176
     1
 62
   257
176
     1
 40
1.0
176
     1
 90
        1
176
     1
 90
        6
176
     1
 90
        2
176
     1
 62
     7
176
     1
 90
        5
176
     1
 90
        0
176
     1
 90
        0
176
     1
290
     0
176
     1
 90
       13
176
     1
 40
0.0
176
     1
 90
        0
176
     1
290
     0
176
     1
290
     1
176
     1
290
     1
176
     1
290
     0
176
     1
290
     0
176
     1
290
     0
176
     1
290
     0
176
     1
290
     0
176
     1
290
     0
176
     1
 90
       50
176
     1
 40
0.0
176
     1
 40
1.0
176
     1
 90
        0
176
     1
 62
    18
420
        0
176
     1
 90
       50
176
     1
 90
        3
176
     1
 62
     5
420
      255
176
     1
290
     0
176
     1
 90
       50
176
     1
 90
       50
176
     1
 90
       50
176
     1
290
     0
176
     1
 90
       50
176
     1
 62
   256
176
     0
 40
1.0
176
     0
 90
        2
176
     1
  1
strokes_ogs.tif
176
     1
290
     0
176
     1
 40
1.0
176
     1
 40
1.0
176
     1
  0
VISUALSTYLE
  5
2D
102
{ACAD_REACTORS
330
2A
102
}
330
2A
100
AcDbVisualStyle
  2
Gouraud
 70
     2
177
     3
291
     1
 70
    58
 90
        2
176
     1
 90
        2
176
     1
 90
        1
176
     1
 90
        2
176
     1
 40
0.6
176
     1
 40
30.0
176
     1
 62
     7
420
 16777215
176
     1
 90
        0
176
     1
 90
        0
176
     1
 62
     7
176
     1
 62
   257
176
     1
 90
        1
176
     1
 90
        1
176
     1
 40
1.0
176
     1
 90
        0
176
     1
 62
     7
176
     1
 40
1.0
176
     1
 90
        1
176
     1
 90
        6
176
     1
 90
        2
176
     1
 62
     7
176
     1
 90
        5
176
     1
 90
        0
176
     1
 90
        0
176
     1
290
     0
176
     1
 90
       13
176
     1
 40
0.0
176
     1
 90
        0
176
     1
290
     0
176
     1
290
     1
176
     1
290
     1
176
     1
290
     0
176
     1
290
     0
176
     1
290
     0
176
     1
290
     0
176
     1
290
     0
176
     1
290
     0
176
     1
 90
       50
176
     1
 40
0.0
176
     1
 40
1.0
176
     1
 90
        0
176
     1
 62
    18
420
        0
176
     1
 90
       50
176
     1
 90
        3
176
     1
 62
     5
420
      255
176
     1
290
     0
176
     1
 90
       50
176
     1
 90
       50
176
     1
 90
       50
176
     1
290
     0
176
     1
 90
       50
176
     1
 62
   256
176
     0
 40
1.0
176
     0
 90
        2
176
     1
  1
strokes_ogs.tif
176
     1
290
     0
176
     1
 40
1.0
176
     1
 40
1.0
176
     1
  0
VISUALSTYLE
  5
2E
102
{ACAD_REACTORS
330
2A
102
}
330
2A
100
AcDbVisualStyle
  2
GouraudWithEdges
 70
     3
177
     3
291
     1
 70
    58
 90
        2
176
     1
 90
        2
176
     1
 90
        1
176
     1
 90
        2
176
     1
 40
0.6
176
     1
 40
30.0
176
     1
 62
     7
420
 16777215
176
     1
 90
        1
176
     1
 90
        0
176
     1
 62
     7
176
     1
 62
   257
176
     1
 90
        1
176
     1
 90
        1
176
     1
 40
1.0
176
     1
 90
        0
176
     1
 62
   257
176
     1
 40
1.0
176
     1
 90
        1
176
     1
 90
        6
176
     1
 90
        2
176
     1
 62
     7
176
     1
 90
        5
176
     1
 90
        0
176
     1
 90
        0
176
     1
290
     0
176
     1
 90
       13
176
     1
 40
0.0
176
     1
 90
        0
176
     1
290
     0
176
     1
290
     1
176
     1
290
     1
176
     1
290
     0
176
     1
290
     0
176
     1
290
     0
176
     1
290
     0
176
     1
290
     0
176
     1
290
     0
176
     1
 90
       50
176
     1
 40
0.0
176
     1
 40
1.0
176
     1
 90
        0
176
     1
 62
    18
420
        0
176
     1
 90
       50
176
     1
 90
        3
176
     1
 62
     5
420
      255
176
     1
290
     0
176
     1
 90
       50
176
     1
 90
       50
176
     1
 90
       50
176
     1
290
     0
176
     1
 90
       50
176
     1
 62
   256
176
     0
 40
1.0
176
     0
 90
        2
176
     1
  1
strokes_ogs.tif
176
     1
290
     0
176
     1
 40
1.0
176
     1
 40
1.0
176
     1
  0
VISUALSTYLE
  5
31
102
{ACAD_REACTORS
330
2A
102
}
330
2A
100
AcDbVisualStyle
  2
Hidden
 70
     6
177
     3
291
     0
 70
    58
 90
        1
176
     1
 90
        2
176
     1
 90
        2
176
     1
 90
        0
176
     1
 40
0.6
176
     1
 40
30.0
176
     1
 62
     7
420
 16777215
176
     1
 90
        2
176
     1
 90
        2
176
     1
 62
     7
176
     1
 62
   257
176
     1
 90
        2
176
     1
 90
        1
176
     1
 40
40.0
176
     1
 90
        0
176
     1
 62
   257
176
     1
 40
1.0
176
     1
 90
        1
176
     1
 90
        6
176
     1
 90
        2
176
     1
 62
     7
176
     1
 90
        3
176
     1
 90
        0
176
     1
 90
        0
176
     1
290
     0
176
     1
 90
        1
176
     1
 40
0.0
176
     1
 90
        0
176
     1
290
     0
176
     1
290
     1
176
     1
290
     1
176
     1
290
     0
176
     1
290
     0
176
     1
290
     0
176
     1
290
     0
176
     1
290
     0
176
     1
290
     0
176
     1
 90
       50
176
     1
 40
0.0
176
     1
 40
1.0
176
     1
 90
        0
176
     1
 62
    18
420
        0
176
     1
 90
       50
176
     1
 90
        3
176
     1
 62
     5
420
      255
176
     1
290
     0
176
     1
 90
       50
176
     1
 90
       50
176
     1
 90
       50
176
     1
290
     0
176
     1
 90
       50
176
     1
 62
   256
176
     0
 40
1.0
176
     0
 90
        2
176
     1
  1
strokes_ogs.tif
176
     1
290
     0
176
     1
 40
1.0
176
     1
 40
1.0
176
     1
  0
VISUALSTYLE
  5
3B
102
{ACAD_REACTORS
330
2A
102
}
330
2A
100
AcDbVisualStyle
  2
JitterOff
 70
    20
177
     3
291
     1
 70
    58
 90
        2
176
     0
 90
        2
176
     0
 90
        0
176
     0
 90
        0
176
     0
 40
0.6
176
     0
 40
30.0
176
     0
 62
     7
420
 16777215
176
     0
 90
        1
176
     0
 90
        4
176
     0
 62
     7
176
     0
 62
   257
176
     0
 90
        1
176
     0
 90
        1
176
     0
 40
1.0
176
     0
 90
       10
176
     2
 62
     7
176
     0
 40
1.0
176
     0
 90
        1
176
     0
 90
        6
176
     0
 90
        2
176
     0
 62
     7
176
     0
 90
        5
176
     0
 90
        0
176
     0
 90
        0
176
     0
290
     0
176
     0
 90
        1
176
     0
 40
0.0
176
     0
 90
        0
176
     0
290
     0
176
     0
290
     1
176
     0
290
     1
176
     0
290
     0
176
     0
290
     0
176
     0
290
     0
176
     0
290
     0
176
     0
290
     0
176
     0
290
     0
176
     0
 90
       50
176
     0
 40
0.0
176
     0
 40
1.0
176
     0
 90
        0
176
     0
 62
    18
420
        0
176
     0
 90
       50
176
     0
 90
        3
176
     0
 62
     5
420
      255
176
     0
290
     0
176
     0
 90
       50
176
     0
 90
       50
176
     0
 90
       50
176
     0
290
     0
176
     0
 90
       50
176
     0
 62
   256
176
     0
 40
1.0
176
     0
 90
        2
176
     0
  1
strokes_ogs.tif
176
     0
290
     0
176
     0
 40
1.0
176
     0
 40
1.0
176
     0
  0
VISUALSTYLE
  5
38
102
{ACAD_REACTORS
330
2A
102
}
330
2A
100
AcDbVisualStyle
  2
Linepattern
 70
    14
177
     3
291
     1
 70
    58
 90
        2
176
     1
 90
        2
176
     1
 90
        0
176
     1
 90
        0
176
     1
 40
0.6
176
     1
 40
30.0
176
     1
 62
     7
420
 16777215
176
     1
 90
        1
176
     1
 90
        4
176
     1
 62
     7
176
     1
 62
   257
176
     1
 90
        7
176
     1
 90
        7
176
     1
 40
1.0
176
     1
 90
        8
176
     1
 62
     7
176
     1
 40
1.0
176
     1
 90
        1
176
     1
 90
        6
176
     1
 90
        2
176
     1
 62
     7
176
     1
 90
        5
176
     1
 90
        0
176
     1
 90
        0
176
     1
290
     0
176
     1
 90
        1
176
     1
 40
0.0
176
     1
 90
        0
176
     1
290
     0
176
     1
290
     1
176
     1
290
     1
176
     1
290
     0
176
     1
290
     0
176
     1
290
     0
176
     1
290
     0
176
     1
290
     0
176
     1
290
     0
176
     1
 90
       50
176
     1
 40
0.0
176
     1
 40
1.0
176
     1
 90
        0
176
     1
 62
    18
420
        0
176
     1
 90
       50
176
     1
 90
        3
176
     1
 62
     5
420
      255
176
     1
290
     0
176
     1
 90
       50
176
     1
 90
       50
176
     1
 90
       50
176
     1
290
     0
176
     1
 90
       50
176
     1
 62
   256
176
     0
 40
1.0
176
     0
 90
        2
176
     1
  1
strokes_ogs.tif
176
     1
290
     0
176
     1
 40
1.0
176
     1
 40
1.0
176
     1
  0
VISUALSTYLE
  5
3C
102
{ACAD_REACTORS
330
2A
102
}
330
2A
100
AcDbVisualStyle
  2
OverhangOff
 70
    21
177
     3
291
     1
 70
    58
 90
        2
176
     0
 90
        2
176
     0
 90
        0
176
     0
 90
        0
176
     0
 40
0.6
176
     0
 40
30.0
176
     0
 62
     7
420
 16777215
176
     0
 90
        1
176
     0
 90
        4
176
     0
 62
     7
176
     0
 62
   257
176
     0
 90
        1
176
     0
 90
        1
176
     0
 40
1.0
176
     0
 90
        9
176
     2
 62
     7
176
     0
 40
1.0
176
     0
 90
        1
176
     0
 90
        6
176
     0
 90
        2
176
     0
 62
     7
176
     0
 90
        5
176
     0
 90
        0
176
     0
 90
        0
176
     0
290
     0
176
     0
 90
        1
176
     0
 40
0.0
176
     0
 90
        0
176
     0
290
     0
176
     0
290
     1
176
     0
290
     1
176
     0
290
     0
176
     0
290
     0
176
     0
290
     0
176
     0
290
     0
176
     0
290
     0
176
     0
290
     0
176
     0
 90
       50
176
     0
 40
0.0
176
     0
 40
1.0
176
     0
 90
        0
176
     0
 62
    18
420
        0
176
     0
 90
       50
176
     0
 90
        3
176
     0
 62
     5
420
      255
176
     0
290
     0
176
     0
 90
       50
176
     0
 90
       50
176
     0
 90
       50
176
     0
290
     0
176
     0
 90
       50
176
     0
 62
   256
176
     0
 40
1.0
176
     0
 90
        2
176
     0
  1
strokes_ogs.tif
176
     0
290
     0
176
     0
 40
1.0
176
     0
 40
1.0
176
     0
  0
VISUALSTYLE
  5
33
102
{ACAD_REACTORS
330
2A
102
}
330
2A
100
AcDbVisualStyle
  2
Realistic
 70
     8
177
     3
291
     0
 70
    58
 90
        2
176
     1
 90
        3
176
     1
 90
        0
176
     1
 90
        2
176
     1
 40
0.6
176
     1
 40
30.0
176
     1
 62
     7
420
 16777215
176
     1
 90
        0
176
     1
 90
        0
176
     1
 62
     7
176
     1
 62
   257
176
     1
 90
        1
176
     1
 90
        1
176
     1
 40
1.0
176
     1
 90
        8
176
     1
 62
   257
176
     1
 40
1.0
176
     1
 90
        1
176
     1
 90
        6
176
     1
 90
        2
176
     1
 62
     7
176
     1
 90
        3
176
     1
 90
        0
176
     1
 90
        0
176
     1
290
     0
176
     1
 90
       13
176
     1
 40
0.0
176
     1
 90
        0
176
     1
290
     0
176
     1
290
     1
176
     1
290
     1
176
     1
290
     0
176
     1
290
     0
176
     1
290
     0
176
     1
290
     0
176
     1
290
     0
176
     1
290
     0
176
     1
 90
       50
176
     1
 40
0.0
176
     1
 40
1.0
176
     1
 90
        0
176
     1
 62
    18
420
        0
176
     1
 90
       50
176
     1
 90
        3
176
     1
 62
     5
420
      255
176
     1
290
     0
176
     1
 90
       50
176
     1
 90
       50
176
     1
 90
       50
176
     1
290
     0
176
     1
 90
       50
176
     1
 62
   256
176
     0
 40
1.0
176
     0
 90
        2
176
     1
  1
strokes_ogs.tif
176
     1
290
     0
176
     1
 40
1.0
176
     1
 40
1.0
176
     1
  0
VISUALSTYLE
  5
42
102
{ACAD_REACTORS
330
2A
102
}
330
2A
100
AcDbVisualStyle
  2
Shaded
 70
    27
177
     3
291
     0
 70
    58
 90
        2
176
     1
 90
        2
176
     1
 90
        1
176
     1
 90
        2
176
     1
 40
0.6
176
     1
 40
30.0
176
     1
 62
     7
420
 16777215
176
     1
 90
        0
176
     1
 90
        4
176
     1
 62
     7
176
     1
 62
   257
176
     1
 90
        1
176
     1
 90
        1
176
     1
 40
1.0
176
     1
 90
        8
176
     1
 62
   257
176
     1
 40
1.0
176
     1
 90
        1
176
     1
 90
        6
176
     1
 90
        2
176
     1
 62
     8
420
  7895160
176
     1
 90
        3
176
     1
 90
        0
176
     1
 90
        0
176
     1
290
     0
176
     1
 90
        5
176
     1
 40
0.0
176
     1
 90
        0
176
     1
290
     0
176
     1
290
     1
176
     1
290
     1
176
     1
290
     0
176
     1
290
     0
176
     1
290
     0
176
     1
290
     0
176
     1
290
     0
176
     1
290
     0
176
     1
 90
       50
176
     1
 40
0.0
176
     1
 40
1.0
176
     1
 90
        0
176
     1
 62
    18
420
        0
176
     1
 90
       50
176
     1
 90
        3
176
     1
 62
     5
420
      255
176
     1
290
     0
176
     1
 90
       50
176
     1
 90
       50
176
     1
 90
       50
176
     1
290
     0
176
     1
 90
       50
176
     1
 62
   256
176
     0
 40
1.0
176
     0
 90
        2
176
     1
  1
strokes_ogs.tif
176
     1
290
     0
176
     1
 40
1.0
176
     1
 40
1.0
176
     1
  0
VISUALSTYLE
  5
41
102
{ACAD_REACTORS
330
2A
102
}
330
2A
100
AcDbVisualStyle
  2
Shaded with edges
 70
    26
177
     3
291
     0
 70
    58
 90
        2
176
     1
 90
        2
176
     1
 90
        1
176
     1
 90
        2
176
     1
 40
0.6
176
     1
 40
30.0
176
     1
 62
     7
420
 16777215
176
     1
 90
        1
176
     1
 90
       10
176
     1
 62
     7
176
     1
 62
   257
176
     1
 90
        2
176
     1
 90
        1
176
     1
 40
1.0
176
     1
 90
        8
176
     1
 62
   257
176
     1
 40
1.0
176
     1
 90
        1
176
     1
 90
        6
176
     1
 90
        2
176
     1
 62
     7
176
     1
 90
        3
176
     1
 90
        0
176
     1
 90
        0
176
     1
290
     0
176
     1
 90
        5
176
     1
 40
0.0
176
     1
 90
        0
176
     1
290
     0
176
     1
290
     1
176
     1
290
     1
176
     1
290
     0
176
     1
290
     0
176
     1
290
     0
176
     1
290
     0
176
     1
290
     0
176
     1
290
     0
176
     1
 90
       50
176
     1
 40
0.0
176
     1
 40
1.0
176
     1
 90
        0
176
     1
 62
    18
420
        0
176
     1
 90
       50
176
     1
 90
        3
176
     1
 62
     5
420
      255
176
     1
290
     0
176
     1
 90
       50
176
     1
 90
       50
176
     1
 90
       50
176
     1
290
     0
176
     1
 90
       50
176
     1
 62
   256
176
     0
 40
1.0
176
     0
 90
        2
176
     1
  1
strokes_ogs.tif
176
     1
290
     0
176
     1
 40
1.0
176
     1
 40
1.0
176
     1
  0
VISUALSTYLE
  5
3E
102
{ACAD_REACTORS
330
2A
102
}
330
2A
100
AcDbVisualStyle
  2
Shades of Gray
 70
    23
177
     3
291
     0
 70
    58
 90
        2
176
     1
 90
        2
176
     1
 90
        3
176
     1
 90
        0
176
     1
 40
0.6
176
     1
 40
30.0
176
     1
 62
     7
420
 16777215
176
     1
 90
        2
176
     1
 90
        2
176
     1
 62
     7
176
     1
 62
     7
176
     1
 90
        1
176
     1
 90
        1
176
     1
 40
40.0
176
     1
 90
        8
176
     1
 62
     7
176
     1
 40
1.0
176
     1
 90
        1
176
     1
 90
        6
176
     1
 90
        2
176
     1
 62
     7
176
     1
 90
        3
176
     1
 90
        0
176
     1
 90
        0
176
     1
290
     0
176
     1
 90
        1
176
     1
 40
0.0
176
     1
 90
        0
176
     1
290
     0
176
     1
290
     1
176
     1
290
     1
176
     1
290
     0
176
     1
290
     0
176
     1
290
     0
176
     1
290
     0
176
     1
290
     0
176
     1
290
     0
176
     1
 90
       50
176
     1
 40
0.0
176
     1
 40
1.0
176
     1
 90
        0
176
     1
 62
    18
420
        0
176
     1
 90
       50
176
     1
 90
        3
176
     1
 62
     5
420
      255
176
     1
290
     0
176
     1
 90
       50
176
     1
 90
       50
176
     1
 90
       50
176
     1
290
     0
176
     1
 90
       50
176
     1
 62
   256
176
     0
 40
1.0
176
     0
 90
        2
176
     1
  1
strokes_ogs.tif
176
     1
290
     0
176
     1
 40
1.0
176
     1
 40
1.0
176
     1
  0
VISUALSTYLE
  5
3F
102
{ACAD_REACTORS
330
2A
102
}
330
2A
100
AcDbVisualStyle
  2
Sketchy
 70
    24
177
     3
291
     0
 70
    58
 90
        1
176
     1
 90
        2
176
     1
 90
        2
176
     1
 90
        0
176
     1
 40
0.6
176
     1
 40
30.0
176
     1
 62
     7
420
 16777215
176
     1
 90
        2
176
     1
 90
        2
176
     1
 62
     7
176
     1
 62
     7
176
     1
 90
        1
176
     1
 90
        1
176
     1
 40
40.0
176
     1
 90
       11
176
     1
 62
     7
176
     1
 40
1.0
176
     1
 90
        1
176
     1
 90
        6
176
     1
 90
        2
176
     1
 62
     7
176
     1
 90
        6
176
     1
 90
        0
176
     1
 90
        0
176
     1
290
     0
176
     1
 90
        1
176
     1
 40
0.0
176
     1
 90
        0
176
     1
290
     0
176
     1
290
     1
176
     1
290
     1
176
     1
290
     0
176
     1
290
     0
176
     1
290
     0
176
     1
290
     0
176
     1
290
     0
176
     1
290
     0
176
     1
 90
       50
176
     1
 40
0.0
176
     1
 40
1.0
176
     1
 90
        0
176
     1
 62
    18
420
        0
176
     1
 90
       50
176
     1
 90
        3
176
     1
 62
     5
420
      255
176
     1
290
     0
176
     1
 90
       50
176
     1
 90
       50
176
     1
 90
       50
176
     1
290
     0
176
     1
 90
       50
176
     1
 62
   256
176
     0
 40
1.0
176
     0
 90
        2
176
     1
  1
strokes_ogs.tif
176
     1
290
     0
176
     1
 40
1.0
176
     1
 40
1.0
176
     1
  0
VISUALSTYLE
  5
37
102
{ACAD_REACTORS
330
2A
102
}
330
2A
100
AcDbVisualStyle
  2
Thicken
 70
    13
177
     3
291
     1
 70
    58
 90
        2
176
     1
 90
        2
176
     1
 90
        0
176
     1
 90
        0
176
     1
 40
0.6
176
     1
 40
30.0
176
     1
 62
     7
420
 16777215
176
     1
 90
        1
176
     1
 90
        4
176
     1
 62
     7
176
     1
 62
   257
176
     1
 90
        1
176
     1
 90
        1
176
     1
 40
1.0
176
     1
 90
       12
176
     1
 62
     7
176
     1
 40
1.0
176
     1
 90
        1
176
     1
 90
        6
176
     1
 90
        2
176
     1
 62
     7
176
     1
 90
        5
176
     1
 90
        0
176
     1
 90
        0
176
     1
290
     0
176
     1
 90
        1
176
     1
 40
0.0
176
     1
 90
        0
176
     1
290
     0
176
     1
290
     1
176
     1
290
     1
176
     1
290
     0
176
     1
290
     0
176
     1
290
     0
176
     1
290
     0
176
     1
290
     0
176
     1
290
     0
176
     1
 90
       50
176
     1
 40
0.0
176
     1
 40
1.0
176
     1
 90
        0
176
     1
 62
    18
420
        0
176
     1
 90
       50
176
     1
 90
        3
176
     1
 62
     5
420
      255
176
     1
290
     0
176
     1
 90
       50
176
     1
 90
       50
176
     1
 90
       50
176
     1
290
     0
176
     1
 90
       50
176
     1
 62
   256
176
     0
 40
1.0
176
     0
 90
        2
176
     1
  1
strokes_ogs.tif
176
     1
290
     0
176
     1
 40
1.0
176
     1
 40
1.0
176
     1
  0
VISUALSTYLE
  5
30
102
{ACAD_REACTORS
330
2A
102
}
330
2A
100
AcDbVisualStyle
  2
Wireframe
 70
     5
177
     3
291
     0
 70
    58
 90
        0
176
     1
 90
        2
176
     1
 90
        0
176
     1
 90
        0
176
     1
 40
0.6
176
     1
 40
30.0
176
     1
 62
     7
420
 16777215
176
     1
 90
        1
176
     1
 90
        4
176
     1
 62
     7
176
     1
 62
   257
176
     1
 90
        1
176
     1
 90
        1
176
     1
 40
1.0
176
     1
 90
        0
176
     1
 62
   257
176
     1
 40
1.0
176
     1
 90
        1
176
     1
 90
        6
176
     1
 90
        2
176
     1
 62
     7
176
     1
 90
        3
176
     1
 90
        0
176
     1
 90
        0
176
     1
290
     0
176
     1
 90
        1
176
     1
 40
0.0
176
     1
 90
        0
176
     1
290
     0
176
     1
290
     1
176
     1
290
     1
176
     1
290
     0
176
     1
290
     0
176
     1
290
     0
176
     1
290
     0
176
     1
290
     0
176
     1
290
     0
176
     1
 90
       50
176
     1
 40
0.0
176
     1
 40
1.0
176
     1
 90
        0
176
     1
 62
    18
420
        0
176
     1
 90
       50
176
     1
 90
        3
176
     1
 62
     5
420
      255
176
     1
290
     0
176
     1
 90
       50
176
     1
 90
       50
176
     1
 90
       50
176
     1
290
     0
176
     1
 90
       50
176
     1
 62
   256
176
     0
 40
1.0
176
     0
 90
        2
176
     1
  1
strokes_ogs.tif
176
     1
290
     0
176
     1
 40
1.0
176
     1
 40
1.0
176
     1
  0
VISUALSTYLE
  5
40
102
{ACAD_REACTORS
330
2A
102
}
330
2A
100
AcDbVisualStyle
  2
X-Ray
 70
    25
177
     3
291
     0
 70
    58
 90
        2
176
     1
 90
        2
176
     1
 90
        1
176
     1
 90
        1
176
     1
 40
0.5
176
     1
 40
30.0
176
     1
 62
     7
420
 16777215
176
     1
 90
        1
176
     1
 90
        0
176
     1
 62
     7
176
     1
 62
   257
176
     1
 90
        1
176
     1
 90
        1
176
     1
 40
1.0
176
     1
 90
        8
176
     1
 62
     7
176
     1
 40
1.0
176
     1
 90
        1
176
     1
 90
        6
176
     1
 90
        2
176
     1
 62
     7
176
     1
 90
        3
176
     1
 90
        0
176
     1
 90
        0
176
     1
290
     0
176
     1
 90
       13
176
     1
 40
0.0
176
     1
 90
        0
176
     1
290
     0
176
     1
290
     1
176
     1
290
     1
176
     1
290
     0
176
     1
290
     0
176
     1
290
     0
176
     1
290
     0
176
     1
290
     0
176
     1
290
     0
176
     1
 90
       50
176
     1
 40
0.0
176
     1
 40
1.0
176
     1
 90
        0
176
     1
 62
    18
420
        0
176
     1
 90
       50
176
     1
 90
        3
176
     1
 62
     5
420
      255
176
     1
290
     0
176
     1
 90
       50
176
     1
 90
       50
176
     1
 90
       50
176
     1
290
     0
176
     1
 90
       50
176
     1
 62
   256
176
     0
 40
1.0
176
     0
 90
        2
176
     1
  1
strokes_ogs.tif
176
     1
290
     0
176
     1
 40
1.0
176
     1
 40
1.0
176
     1
  0
DICTIONARYVAR
  5
28A
102
{ACAD_REACTORS
330
289
102
}
330
289
100
DictionaryVariables
280
     0
  1
1:1
  0
DICTIONARYVAR
  5
292
102
{ACAD_REACTORS
330
289
102
}
330
289
100
DictionaryVariables
280
     0
  1
3.500000
  0
DICTIONARYVAR
  5
293
102
{ACAD_REACTORS
330
289
102
}
330
289
100
DictionaryVariables
280
     0
  1
acadiso.lin
  0
DICTIONARYVAR
  5
28F
102
{ACAD_REACTORS
330
289
102
}
330
289
100
DictionaryVariables
280
     0
  1
Standard
  0
DICTIONARYVAR
  5
28E
102
{ACAD_REACTORS
330
289
102
}
330
289
100
DictionaryVariables
280
     0
  1
Standard
  0
DICTIONARY
  5
28B
330
5A
100
AcDbDictionary
280
     1
281
     1
  3
ACAD_ROUNDTRIP_2008_TABLESTYLE_CELLSTYLEMAP
360
28C
  0
CELLSTYLEMAP
  5
28C
102
{ACAD_REACTORS
330
28B
102
}
330
28B
100
AcDbCellStyleMap
 90
        3
300
CELLSTYLE
  1
TABLEFORMAT_BEGIN
 90
        5
170
     1
 91
        0
 92
    32768
 62
   257
 93
        1
300
CONTENTFORMAT
  1
CONTENTFORMAT_BEGIN
 90
        0
 91
        0
 92
        4
 93
        0
300

 40
0.0
140
1.0
 94
        5
 62
     0
340
11
144
6.0
309
CONTENTFORMAT_END
171
     1
301
MARGIN
  1
CELLMARGIN_BEGIN
 40
1.5
 40
1.5
 40
1.5
 40
1.5
 40
1.5
 40
1.5
309
CELLMARGIN_END
 94
        6
 95
        1
302
GRIDFORMAT
  1
GRIDFORMAT_BEGIN
 90
        0
 91
        1
 62
     0
 92
       -2
340
14
 93
        0
 40
0.045
309
GRIDFORMAT_END
 95
        2
302
GRIDFORMAT
  1
GRIDFORMAT_BEGIN
 90
        0
 91
        1
 62
     0
 92
       -2
340
14
 93
        0
 40
0.045
309
GRIDFORMAT_END
 95
        4
302
GRIDFORMAT
  1
GRIDFORMAT_BEGIN
 90
        0
 91
        1
 62
     0
 92
       -2
340
14
 93
        0
 40
0.045
309
GRIDFORMAT_END
 95
        8
302
GRIDFORMAT
  1
GRIDFORMAT_BEGIN
 90
        0
 91
        1
 62
     0
 92
       -2
340
14
 93
        0
 40
0.045
309
GRIDFORMAT_END
 95
       16
302
GRIDFORMAT
  1
GRIDFORMAT_BEGIN
 90
        0
 91
        1
 62
     0
 92
       -2
340
14
 93
        0
 40
0.045
309
GRIDFORMAT_END
 95
       32
302
GRIDFORMAT
  1
GRIDFORMAT_BEGIN
 90
        0
 91
        1
 62
     0
 92
       -2
340
14
 93
        0
 40
0.045
309
GRIDFORMAT_END
309
TABLEFORMAT_END
  1
CELLSTYLE_BEGIN
 90
        1
 91
        1
300
_TITLE
309
CELLSTYLE_END
300
CELLSTYLE
  1
TABLEFORMAT_BEGIN
 90
        5
170
     1
 91
        0
 92
        0
 62
   257
 93
        1
300
CONTENTFORMAT
  1
CONTENTFORMAT_BEGIN
 90
        0
 91
        0
 92
        4
 93
        0
300

 40
0.0
140
1.0
 94
        5
 62
     0
340
11
144
4.5
309
CONTENTFORMAT_END
171
     1
301
MARGIN
  1
CELLMARGIN_BEGIN
 40
1.5
 40
1.5
 40
1.5
 40
1.5
 40
1.5
 40
1.5
309
CELLMARGIN_END
 94
        6
 95
        1
302
GRIDFORMAT
  1
GRIDFORMAT_BEGIN
 90
        0
 91
        1
 62
     0
 92
       -2
340
14
 93
        0
 40
0.045
309
GRIDFORMAT_END
 95
        2
302
GRIDFORMAT
  1
GRIDFORMAT_BEGIN
 90
        0
 91
        1
 62
     0
 92
       -2
340
14
 93
        0
 40
0.045
309
GRIDFORMAT_END
 95
        4
302
GRIDFORMAT
  1
GRIDFORMAT_BEGIN
 90
        0
 91
        1
 62
     0
 92
       -2
340
14
 93
        0
 40
0.045
309
GRIDFORMAT_END
 95
        8
302
GRIDFORMAT
  1
GRIDFORMAT_BEGIN
 90
        0
 91
        1
 62
     0
 92
       -2
340
14
 93
        0
 40
0.045
309
GRIDFORMAT_END
 95
       16
302
GRIDFORMAT
  1
GRIDFORMAT_BEGIN
 90
        0
 91
        1
 62
     0
 92
       -2
340
14
 93
        0
 40
0.045
309
GRIDFORMAT_END
 95
       32
302
GRIDFORMAT
  1
GRIDFORMAT_BEGIN
 90
        0
 91
        1
 62
     0
 92
       -2
340
14
 93
        0
 40
0.045
309
GRIDFORMAT_END
309
TABLEFORMAT_END
  1
CELLSTYLE_BEGIN
 90
        2
 91
        1
300
_HEADER
309
CELLSTYLE_END
300
CELLSTYLE
  1
TABLEFORMAT_BEGIN
 90
        5
170
     1
 91
        0
 92
        0
 62
   257
 93
        1
300
CONTENTFORMAT
  1
CONTENTFORMAT_BEGIN
 90
        0
 91
        0
 92
        4
 93
        0
300

 40
0.0
140
1.0
 94
        2
 62
     0
340
11
144
4.5
309
CONTENTFORMAT_END
171
     1
301
MARGIN
  1
CELLMARGIN_BEGIN
 40
1.5
 40
1.5
 40
1.5
 40
1.5
 40
1.5
 40
1.5
309
CELLMARGIN_END
 94
        6
 95
        1
302
GRIDFORMAT
  1
GRIDFORMAT_BEGIN
 90
        0
 91
        1
 62
     0
 92
       -2
340
14
 93
        0
 40
0.045
309
GRIDFORMAT_END
 95
        2
302
GRIDFORMAT
  1
GRIDFORMAT_BEGIN
 90
        0
 91
        1
 62
     0
 92
       -2
340
14
 93
        0
 40
0.045
309
GRIDFORMAT_END
 95
        4
302
GRIDFORMAT
  1
GRIDFORMAT_BEGIN
 90
        0
 91
        1
 62
     0
 92
       -2
340
14
 93
        0
 40
0.045
309
GRIDFORMAT_END
 95
        8
302
GRIDFORMAT
  1
GRIDFORMAT_BEGIN
 90
        0
 91
        1
 62
     0
 92
       -2
340
14
 93
        0
 40
0.045
309
GRIDFORMAT_END
 95
       16
302
GRIDFORMAT
  1
GRIDFORMAT_BEGIN
 90
        0
 91
        1
 62
     0
 92
       -2
340
14
 93
        0
 40
0.045
309
GRIDFORMAT_END
 95
       32
302
GRIDFORMAT
  1
GRIDFORMAT_BEGIN
 90
        0
 91
        1
 62
     0
 92
       -2
340
14
 93
        0
 40
0.045
309
GRIDFORMAT_END
309
TABLEFORMAT_END
  1
CELLSTYLE_BEGIN
 90
        3
 91
        2
300
_DATA
309
CELLSTYLE_END
  0
ENDSEC
  0
EOF
