  0
SECTION
  2
HEADER
  9
$ACADVER
  1
AC1024
  9
$ACADMAINTVER
 70
6
  9
$DWGCODEPAGE
  3
ANSI_1252
  9
$LASTSAVEDBY
  1
ezdxf
  9
$INSBASE
 10
0.0
 20
0.0
 30
0.0
  9
$EXTMIN
 10
1e+20
 20
1e+20
 30
1e+20
  9
$EXTMAX
 10
-1e+20
 20
-1e+20
 30
-1e+20
  9
$LIMMIN
 10
0.0
 20
0.0
  9
$LIMMAX
 10
420.0
 20
297.0
  9
$ORTHOMODE
 70
0
  9
$REGENMODE
 70
1
  9
$FILLMODE
 70
1
  9
$QTEXTMODE
 70
0
  9
$MIRRTEXT
 70
1
  9
$LTSCALE
 40
1.0
  9
$ATTMODE
 70
1
  9
$TEXTSIZE
 40
2.5
  9
$TRACEWID
 40
1.0
  9
$TEXTSTYLE
  7
Standard
  9
$CLAYER
  8
0
  9
$CELTYPE
  6
ByLayer
  9
$CECOLOR
 62
256
  9
$CELTSCALE
 40
1.0
  9
$DISPSILH
 70
0
  9
$DIMSCALE
 40
1.0
  9
$DIMASZ
 40
2.5
  9
$DIMEXO
 40
0.625
  9
$DIMDLI
 40
3.75
  9
$DIMRND
 40
0.0
  9
$DIMDLE
 40
0.0
  9
$DIMEXE
 40
1.25
  9
$DIMTP
 40
0.0
  9
$DIMTM
 40
0.0
  9
$DIMTXT
 40
2.5
  9
$DIMCEN
 40
2.5
  9
$DIMTSZ
 40
0.0
  9
$DIMTOL
 70
0
  9
$DIMLIM
 70
0
  9
$DIMTIH
 70
0
  9
$DIMTOH
 70
0
  9
$DIMSE1
 70
0
  9
$DIMSE2
 70
0
  9
$DIMTAD
 70
1
  9
$DIMZIN
 70
8
  9
$DIMBLK
  1

  9
$DIMASO
 70
1
  9
$DIMSHO
 70
1
  9
$DIMPOST
  1

  9
$DIMAPOST
  1

  9
$DIMALT
 70
0
  9
$DIMALTD
 70
3
  9
$DIMALTF
 40
0.03937007874
  9
$DIMLFAC
 40
1.0
  9
$DIMTOFL
 70
1
  9
$DIMTVP
 40
0.0
  9
$DIMTIX
 70
0
  9
$DIMSOXD
 70
0
  9
$DIMSAH
 70
0
  9
$DIMBLK1
  1

  9
$DIMBLK2
  1

  9
$DIMSTYLE
  2
ISO-25
  9
$DIMCLRD
 70
0
  9
$DIMCLRE
 70
0
  9
$DIMCLRT
 70
0
  9
$DIMTFAC
 40
1.0
  9
$DIMGAP
 40
0.625
  9
$DIMJUST
 70
0
  9
$DIMSD1
 70
0
  9
$DIMSD2
 70
0
  9
$DIMTOLJ
 70
0
  9
$DIMTZIN
 70
8
  9
$DIMALTZ
 70
0
  9
$DIMALTTZ
 70
0
  9
$DIMUPT
 70
0
  9
$DIMDEC
 70
2
  9
$DIMTDEC
 70
2
  9
$DIMALTU
 70
2
  9
$DIMALTTD
 70
3
  9
$DIMTXSTY
  7
Standard
  9
$DIMAUNIT
 70
0
  9
$DIMADEC
 70
0
  9
$DIMALTRND
 40
0.0
  9
$DIMAZIN
 70
0
  9
$DIMDSEP
 70
44
  9
$DIMATFIT
 70
3
  9
$DIMFRAC
 70
0
  9
$DIMLDRBLK
  1

  9
$DIMLUNIT
 70
2
  9
$DIMLWD
 70
-2
  9
$DIMLWE
 70
-2
  9
$DIMTMOVE
 70
0
  9
$DIMFXL
 40
1.0
  9
$DIMFXLON
 70
0
  9
$DIMJOGANG
 40
0.785398163397
  9
$DIMTFILL
 70
0
  9
$DIMTFILLCLR
 70
0
  9
$DIMARCSYM
 70
0
  9
$DIMLTYPE
  6

  9
$DIMLTEX1
  6

  9
$DIMLTEX2
  6

  9
$DIMTXTDIRECTION
 70
0
  9
$LUNITS
 70
2
  9
$LUPREC
 70
4
  9
$SKETCHINC
 40
1.0
  9
$FILLETRAD
 40
10.0
  9
$AUNITS
 70
0
  9
$AUPREC
 70
2
  9
$MENU
  1
.
  9
$ELEVATION
 40
0.0
  9
$PELEVATION
 40
0.0
  9
$THICKNESS
 40
0.0
  9
$LIMCHECK
 70
0
  9
$CHAMFERA
 40
0.0
  9
$CHAMFERB
 40
0.0
  9
$CHAMFERC
 40
0.0
  9
$CHAMFERD
 40
0.0
  9
$SKPOLY
 70
0
  9
$TDCREATE
 40
2461317.7275925926
  9
$TDUCREATE
 40
2458532.153996898
  9
$TDUPDATE
 40
2461317.7276041666
  9
$TDUUPDATE
 40
2458532.1544311
  9
$TDINDWG
 40
0.0
  9
$TDUSRTIMER
 40
0.0
  9
$USRTIMER
 70
1
  9
$ANGBASE
 50
0.0
  9
$ANGDIR
 70
0
  9
$PDMODE
 70
0
  9
$PDSIZE
 40
0.0
  9
$PLINEWID
 40
0.0
  9
$SPLFRAME
 70
0
  9
$SPLINETYPE
 70
6
  9
$SPLINESEGS
 70
8
  9
$HANDSEED
  5
3F4
  9
$SURFTAB1
 70
6
  9
$SURFTAB2
 70
6
  9
$SURFTYPE
 70
6
  9
$SURFU
 70
6
  9
$SURFV
 70
6
  9
$UCSBASE
  2

  9
$UCSNAME
  2

  9
$UCSORG
 10
0.0
 20
0.0
 30
0.0
  9
$UCSXDIR
 10
1.0
 20
0.0
 30
0.0
  9
$UCSYDIR
 10
0.0
 20
1.0
 30
0.0
  9
$UCSORTHOREF
  2

  9
$UCSORTHOVIEW
 70
0
  9
$UCSORGTOP
 10
0.0
 20
0.0
 30
0.0
  9
$UCSORGBOTTOM
 10
0.0
 20
0.0
 30
0.0
  9
$UCSORGLEFT
 10
0.0
 20
0.0
 30
0.0
  9
$UCSORGRIGHT
 10
0.0
 20
0.0
 30
0.0
  9
$UCSORGFRONT
 10
0.0
 20
0.0
 30
0.0
  9
$UCSORGBACK
 10
0.0
 20
0.0
 30
0.0
  9
$PUCSBASE
  2

  9
$PUCSNAME
  2

  9
$PUCSORG
 10
0.0
 20
0.0
 30
0.0
  9
$PUCSXDIR
 10
1.0
 20
0.0
 30
0.0
  9
$PUCSYDIR
 10
0.0
 20
1.0
 30
0.0
  9
$PUCSORTHOREF
  2

  9
$PUCSORTHOVIEW
 70
0
  9
$PUCSORGTOP
 10
0.0
 20
0.0
 30
0.0
  9
$PUCSORGBOTTOM
 10
0.0
 20
0.0
 30
0.0
  9
$PUCSORGLEFT
 10
0.0
 20
0.0
 30
0.0
  9
$PUCSORGRIGHT
 10
0.0
 20
0.0
 30
0.0
  9
$PUCSORGFRONT
 10
0.0
 20
0.0
 30
0.0
  9
$PUCSORGBACK
 10
0.0
 20
0.0
 30
0.0
  9
$USERI1
 70
0
  9
$USERI2
 70
0
  9
$USERI3
 70
0
  9
$USERI4
 70
0
  9
$USERI5
 70
0
  9
$USERR1
 40
0.0
  9
$USERR2
 40
0.0
  9
$USERR3
 40
0.0
  9
$USERR4
 40
0.0
  9
$USERR5
 40
0.0
  9
$WORLDVIEW
 70
1
  9
$SHADEDGE
 70
3
  9
$SHADEDIF
 70
70
  9
$TILEMODE
 70
1
  9
$MAXACTVP
 70
64
  9
$PINSBASE
 10
0.0
 20
0.0
 30
0.0
  9
$PLIMCHECK
 70
0
  9
$PEXTMIN
 10
1e+20
 20
1e+20
 30
1e+20
  9
$PEXTMAX
 10
-1e+20
 20
-1e+20
 30
-1e+20
  9
$PLIMMIN
 10
0.0
 20
0.0
  9
$PLIMMAX
 10
420.0
 20
297.0
  9
$UNITMODE
 70
0
  9
$VISRETAIN
 70
1
  9
$PLINEGEN
 70
0
  9
$PSLTSCALE
 70
1
  9
$TREEDEPTH
 70
3020
  9
$CMLSTYLE
  2
Standard
  9
$CMLJUST
 70
0
  9
$CMLSCALE
 40
20.0
  9
$PROXYGRAPHICS
 70
1
  9
$MEASUREMENT
 70
1
  9
$CELWEIGHT
370
-1
  9
$ENDCAPS
280
0
  9
$JOINSTYLE
280
0
  9
$LWDISPLAY
290
0
  9
$INSUNITS
 70
6
  9
$HYPERLINKBASE
  1

  9
$STYLESHEET
  1

  9
$XEDIT
290
1
  9
$CEPSNTYPE
380
0
  9
$PSTYLEMODE
290
1
  9
$FINGERPRINTGUID
  2
{2E0B3F26-F070-433A-9D70-3D131A64E08A}
  9
$VERSIONGUID
  2
{20131931-47FF-432E-88E8-CB4C8433019E}
  9
$EXTNAMES
290
1
  9
$PSVPSCALE
 40
0.0
  9
$OLESTARTUP
290
0
  9
$SORTENTS
280
127
  9
$INDEXCTL
280
0
  9
$HIDETEXT
280
1
  9
$XCLIPFRAME
280
2
  9
$HALOGAP
280
0
  9
$OBSCOLOR
 70
257
  9
$OBSLTYPE
280
0
  9
$INTERSECTIONDISPLAY
280
0
  9
$INTERSECTIONCOLOR
 70
257
  9
$DIMASSOC
280
2
  9
$PROJECTNAME
  1

  9
$CAMERADISPLAY
290
0
  9
$LENSLENGTH
 40
50.0
  9
$CAMERAHEIGHT
 40
0.0
  9
$STEPSPERSEC
 40
24.0
  9
$STEPSIZE
 40
100.0
  9
$3DDWFPREC
 40
2.0
  9
$PSOLWIDTH
 40
0.005
  9
$PSOLHEIGHT
 40
0.08
  9
$LOFTANG1
 40
1.570796326795
  9
$LOFTANG2
 40
1.570796326795
  9
$LOFTMAG1
 40
0.0
  9
$LOFTMAG2
 40
0.0
  9
$LOFTPARAM
 70
7
  9
$LOFTNORMALS
280
1
  9
$LATITUDE
 40
37.795
  9
$LONGITUDE
 40
-122.394
  9
$NORTHDIRECTION
 40
0.0
  9
$TIMEZONE
 70
-8000
  9
$LIGHTGLYPHDISPLAY
280
1
  9
$TILEMODELIGHTSYNCH
280
1
  9
$CMATERIAL
347
20
  9
$SOLIDHIST
280
0
  9
$SHOWHIST
280
1
  9
$DWFFRAME
280
2
  9
$DGNFRAME
280
2
  9
$REALWORLDSCALE
290
1
  9
$INTERFERECOLOR
 62
256
  9
$CSHADOW
280
0
  9
$SHADOWPLANELOCATION
 40
0.0
  0
ENDSEC
  0
SECTION
  2
CLASSES
  0
CLASS
  1
ACDBDICTIONARYWDFLT
  2
AcDbDictionaryWithDefault
  3
ObjectDBX Classes
 90
0
 91
0
280
0
281
0
  0
CLASS
  1
SUN
  2
AcDbSun
  3
SCENEOE
 90
1153
 91
0
280
0
281
0
  0
CLASS
  1
VISUALSTYLE
  2
AcDbVisualStyle
  3
ObjectDBX Classes
 90
4095
 91
0
280
0
281
0
  0
CLASS
  1
MATERIAL
  2
AcDbMaterial
  3
ObjectDBX Classes
 90
1153
 91
0
280
0
281
0
  0
CLASS
  1
SCALE
  2
AcDbScale
  3
ObjectDBX Classes
 90
1153
 91
0
280
0
281
0
  0
CLASS
  1
TABLESTYLE
  2
AcDbTableStyle
  3
ObjectDBX Classes
 90
4095
 91
0
280
0
281
0
  0
CLASS
  1
MLEADERSTYLE
  2
AcDbMLeaderStyle
  3
ACDB_MLEADERSTYLE_CLASS
 90
4095
 91
0
280
0
281
0
  0
CLASS
  1
DICTIONARYVAR
  2
AcDbDictionaryVar
  3
ObjectDBX Classes
 90
0
 91
0
280
0
281
0
  0
CLASS
  1
CELLSTYLEMAP
  2
AcDbCellStyleMap
  3
ObjectDBX Classes
 90
1152
 91
0
280
0
281
0
  0
CLASS
  1
MENTALRAYRENDERSETTINGS
  2
AcDbMentalRayRenderSettings
  3
SCENEOE
 90
1024
 91
0
280
0
281
0
  0
CLASS
  1
ACDBDETAILVIEWSTYLE
  2
AcDbDetailViewStyle
  3
ObjectDBX Classes
 90
1025
 91
0
280
0
281
0
  0
CLASS
  1
ACDBSECTIONVIEWSTYLE
  2
AcDbSectionViewStyle
  3
ObjectDBX Classes
 90
1025
 91
0
280
0
281
0
  0
CLASS
  1
RASTERVARIABLES
  2
AcDbRasterVariables
  3
ISM
 90
0
 91
0
280
0
281
0
  0
CLASS
  1
LAYOUT
  2
AcDbLayout
  3
ObjectDBX Classes
 90
0
 91
0
280
0
281
0
  0
CLASS
  1
ACDBPLACEHOLDER
  2
AcDbPlaceHolder
  3
ObjectDBX Classes
 90
0
 91
0
280
0
281
0
  0
ENDSEC
  0
SECTION
  2
TABLES
  0
TABLE
  2
VPORT
  5
8
330
0
100
AcDbSymbolTable
 70
1
  0
VPORT
  5
23
330
8
100
AcDbSymbolTableRecord
100
AcDbViewportTableRecord
  2
*Active
 70
0
 10
0.0
 20
0.0
 11
1.0
 21
1.0
 12
0.0
 22
0.0
 13
0.0
 23
0.0
 14
0.5
 24
0.5
 15
0.5
 25
0.5
 16
0.0
 26
0.0
 36
1.0
 17
0.0
 27
0.0
 37
0.0
 40
1000.0
 41
1.34
 42
50.0
 43
0.0
 44
0.0
 50
0.0
 51
0.0
 71
0
 72
1000
 73
1
 74
3
 75
0
 76
0
 77
0
 78
0
281
0
 65
0
146
0.0
  0
ENDTAB
  0
TABLE
  2
LTYPE
  5
2
330
0
100
AcDbSymbolTable
 70
3
  0
LTYPE
  5
24
330
2
100
AcDbSymbolTableRecord
100
AcDbLinetypeTableRecord
  2
ByBlock
 70
0
  3

 72
65
 73
0
 40
0.0
  0
LTYPE
  5
25
330
2
100
AcDbSymbolTableRecord
100
AcDbLinetypeTableRecord
  2
ByLayer
 70
0
  3

 72
65
 73
0
 40
0.0
  0
LTYPE
  5
26
330
2
100
AcDbSymbolTableRecord
100
AcDbLinetypeTableRecord
  2
Continuous
 70
0
  3

 72
65
 73
0
 40
0.0
  0
ENDTAB
  0
TABLE
  2
LAYER
  5
1
330
0
100
AcDbSymbolTable
 70
6
  0
LAYER
  5
27
330
1
100
AcDbSymbolTableRecord
100
AcDbLayerTableRecord
  2
0
 70
0
 62
7
  6
Continuous
370
-3
390
13
347
21
  0
LAYER
  5
28
330
1
100
AcDbSymbolTableRecord
100
AcDbLayerTableRecord
  2
Defpoints
 70
0
 62
7
  6
Continuous
290
0
370
-3
390
13
347
21
  0
LAYER
  5
2F
330
1
100
AcDbSymbolTableRecord
100
AcDbLayerTableRecord
  2
OUTLINE
 70
0
 62
7
  6
Continuous
370
-3
390
13
347
21
  0
LAYER
  5
30
330
1
100
AcDbSymbolTableRecord
100
AcDbLayerTableRecord
  2
SCHEMATICS
 70
0
 62
7
  6
Continuous
370
-3
390
13
347
21
  0
LAYER
  5
31
330
1
100
AcDbSymbolTableRecord
100
AcDbLayerTableRecord
  2
TEXT
 70
0
 62
7
  6
Continuous
370
-3
390
13
347
21
  0
LAYER
  5
32
330
1
100
AcDbSymbolTableRecord
100
AcDbLayerTableRecord
  2
BORDER
 70
0
 62
2
  6
Continuous
370
-3
390
13
347
21
  0
ENDTAB
  0
TABLE
  2
STYLE
  5
5
330
0
100
AcDbSymbolTable
 70
1
  0
STYLE
  5
29
330
5
100
AcDbSymbolTableRecord
100
AcDbTextStyleTableRecord
  2
Standard
 70
0
 40
0.0
 41
1.0
 50
0.0
 71
0
 42
2.5
  3
txt
  4

  0
ENDTAB
  0
TABLE
  2
VIEW
  5
7
330
0
100
AcDbSymbolTable
 70
0
  0
ENDTAB
  0
TABLE
  2
UCS
  5
6
330
0
100
AcDbSymbolTable
 70
0
  0
ENDTAB
  0
TABLE
  2
APPID
  5
3
330
0
100
AcDbSymbolTable
 70
3
  0
APPID
  5
2A
330
3
100
AcDbSymbolTableRecord
100
AcDbRegAppTableRecord
  2
ACAD
 70
0
  0
APPID
  5
3F1
330
3
100
AcDbSymbolTableRecord
100
AcDbRegAppTableRecord
  2
HATCHBACKGROUNDCOLOR
 70
0
  0
APPID
  5
3F2
330
3
100
AcDbSymbolTableRecord
100
AcDbRegAppTableRecord
  2
EZDXF
 70
0
  0
ENDTAB
  0
TABLE
  2
DIMSTYLE
  5
4
330
0
100
AcDbSymbolTable
 70
1
100
AcDbDimStyleTable
  0
DIMSTYLE
105
2B
330
4
100
AcDbSymbolTableRecord
100
AcDbDimStyleTableRecord
  2
Standard
 70
0
 40
1.0
 41
2.5
 42
0.625
 43
3.75
 44
1.25
 45
0.0
 46
0.0
 47
0.0
 48
0.0
 49
2.5
140
2.5
141
2.5
142
0.0
143
0.03937007874
144
1.0
145
0.0
146
1.0
147
0.625
148
0.0
 69
0
 70
0
 71
0
 72
0
 73
0
 74
0
 75
0
 76
0
 77
1
 78
8
 79
3
170
0
171
3
172
1
173
0
174
0
175
0
176
0
177
0
178
0
179
2
271
2
272
2
273
2
274
3
275
0
276
0
277
2
278
44
279
0
280
0
281
0
282
0
283
0
284
8
285
0
286
0
288
0
289
3
290
0
371
-2
372
-2
  0
ENDTAB
  0
TABLE
  2
BLOCK_RECORD
  5
9
330
0
100
AcDbSymbolTable
 70
2
  0
BLOCK_RECORD
  5
17
330
9
100
AcDbSymbolTableRecord
100
AcDbBlockTableRecord
  2
*Model_Space
340
1A
 70
0
280
1
281
0
  0
BLOCK_RECORD
  5
1B
330
9
100
AcDbSymbolTableRecord
100
AcDbBlockTableRecord
  2
*Paper_Space
340
1E
 70
0
280
1
281
0
  0
ENDTAB
  0
ENDSEC
  0
SECTION
  2
BLOCKS
  0
BLOCK
  5
18
330
17
100
AcDbEntity
  8
0
100
AcDbBlockBegin
  2
*Model_Space
 70
0
 10
0.0
 20
0.0
 30
0.0
  3
*Model_Space
  1

  0
ENDBLK
  5
19
330
17
100
AcDbEntity
  8
0
100
AcDbBlockEnd
  0
BLOCK
  5
1C
330
1B
100
AcDbEntity
  8
0
100
AcDbBlockBegin
  2
*Paper_Space
 70
0
 10
0.0
 20
0.0
 30
0.0
  3
*Paper_Space
  1

  0
ENDBLK
  5
1D
330
1B
100
AcDbEntity
  8
0
100
AcDbBlockEnd
  0
ENDSEC
  0
SECTION
  2
ENTITIES
  0
LWPOLYLINE
  5
33
330
17
100
AcDbEntity
  8
BORDER
 62
2
100
AcDbPolyline
 90
5
 70
0
 10
0.0
 20
0.0
 10
595.280029296875
 20
0.0
 10
595.280029296875
 20
841.8900146484375
 10
0.0
 20
841.8900146484375
 10
0.0
 20
0.0
  0
LWPOLYLINE
  5
34
330
17
100
AcDbEntity
  8
SCHEMATICS
 62
7
100
AcDbPolyline
 90
5
 70
0
 10
56.689998626708984
 20
626.7100219726562
 10
566.9299926757812
 20
626.7100219726562
 10
566.9299926757812
 20
813.550048828125
 10
56.689998626708984
 20
813.550048828125
 10
56.689998626708984
 20
626.7100219726562
  0
LWPOLYLINE
  5
35
330
17
100
AcDbEntity
  8
SCHEMATICS
 62
7
100
AcDbPolyline
 90
9
 70
0
 10
75.77365112304688
 20
551.5241088867188
 10
75.58318763971329
 20
551.5062947273254
 10
75.39208221435547
 20
551.4907722473145
 10
75.20034021139145
 20
551.4775671958923
 10
75.00796699523926
 20
551.4667053222656
 10
74.81496793031693
 20
551.4582123756409
 10
74.62134838104248
 20
551.4521141052246
 10
74.42711371183395
 20
551.4484362602234
 10
74.23226928710938
 20
551.4472045898438
  0
LWPOLYLINE
  5
36
330
17
100
AcDbEntity
  8
SCHEMATICS
 62
7
100
AcDbPolyline
 90
9
 70
0
 10
74.23226928710938
 20
551.4472045898438
 10
71.12545947730541
 20
551.760348200798
 10
68.23175609111786
 20
552.6584615707397
 10
65.61315275728703
 20
554.0795685052872
 10
63.33164310455322
 20
555.9616928100586
 10
61.44922076165676
 20
558.2428582906723
 10
60.02787935733795
 20
560.8610887527466
 10
59.129612520337105
 20
563.7544080018997
 10
58.81641387939453
 20
566.86083984375
  0
LWPOLYLINE
  5
37
330
17
100
AcDbEntity
  8
SCHEMATICS
 62
7
100
AcDbPolyline
 90
9
 70
0
 10
58.81641387939453
 20
566.86083984375
 10
59.129612520337105
 20
569.9673702120781
 10
60.02787935733795
 20
572.8607783317566
 10
61.44922076165676
 20
575.4790869355202
 10
63.33164310455322
 20
577.7603187561035
 10
65.61315275728703
 20
579.6424965262413
 10
68.23175609111786
 20
581.0636429786682
 10
71.12545947730541
 20
581.9617808461189
 10
74.23226928710938
 20
582.2749328613281
  0
LWPOLYLINE
  5
38
330
17
100
AcDbEntity
  8
SCHEMATICS
 62
7
100
AcDbPolyline
 90
9
 70
0
 10
74.23226928710938
 20
582.2749328613281
 10
74.42711371183395
 20
582.2736899256706
 10
74.62134838104248
 20
582.2699847221375
 10
74.81496793031693
 20
582.2638526558876
 10
75.00796699523926
 20
582.2553291320801
 10
75.20034021139145
 20
582.2444495558739
 10
75.39208221435547
 20
582.231249332428
 10
75.58318763971329
 20
582.2157638669014
 10
75.77365112304688
 20
582.1980285644531
  0
LINE
  5
39
330
17
100
AcDbEntity
  8
SCHEMATICS
 62
7
100
AcDbLine
 10
75.77365112304688
 20
582.1980285644531
 30
0.0
 11
75.77365112304688
 21
577.5282592773438
 31
0.0
  0
LWPOLYLINE
  5
3A
330
17
100
AcDbEntity
  8
SCHEMATICS
 62
7
100
AcDbPolyline
 90
9
 70
0
 10
75.77365112304688
 20
577.5282592773438
 10
75.58405493199825
 20
577.5543025135994
 10
75.39375054836273
 20
577.577944278717
 10
75.20265991985798
 20
577.5988544821739
 10
75.01070499420166
 20
577.6167030334473
 10
74.81780771911144
 20
577.6311598420143
 10
74.62389004230499
 20
577.6418948173523
 10
74.42887391149998
 20
577.6485778689384
 10
74.23268127441406
 20
577.65087890625
  0
LWPOLYLINE
  5
3B
330
17
100
AcDbEntity
  8
SCHEMATICS
 62
7
100
AcDbPolyline
 90
9
 70
0
 10
74.23268127441406
 20
577.65087890625
 10
72.05770939588547
 20
577.4316734075546
 10
70.03197383880615
 20
576.8029775619507
 10
68.19885951280594
 20
575.8081723451614
 10
66.60175132751465
 20
574.4906387329102
 10
65.2840341925621
 20
572.8937577009201
 10
64.28909301757812
 20
571.0609102249146
 10
63.660312712192535
 20
569.0354772806168
 10
63.441078186035156
 20
566.86083984375
  0
LWPOLYLINE
  5
3C
330
17
100
AcDbEntity
  8
SCHEMATICS
 62
7
100
AcDbPolyline
 90
9
 70
0
 10
63.441078186035156
 20
566.86083984375
 10
63.660312712192535
 20
564.6863885521889
 10
64.28909301757812
 20
562.6610856056213
 10
65.2840341925621
 20
560.8283216357231
 10
66.60175132751465
 20
559.2314872741699
 10
68.19885951280594
 20
557.9139731526375
 10
70.03197383880615
 20
556.9191699028015
 10
72.05770939588547
 20
556.2904681563377
 10
74.23268127441406
 20
556.0712585449219
  0
LWPOLYLINE
  5
3D
330
17
100
AcDbEntity
  8
SCHEMATICS
 62
7
100
AcDbPolyline
 90
9
 70
0
 10
74.23268127441406
 20
556.0712585449219
 10
74.42887391149998
 20
556.0735585689545
 10
74.62389004230499
 20
556.0802402496338
 10
74.81780771911144
 20
556.0909759998322
 10
75.01070499420166
 20
556.1054382324219
 10
75.20265991985798
 20
556.1232993602753
 10
75.39375054836273
 20
556.1442317962646
 10
75.58405493199825
 20
556.1679079532623
 10
75.77365112304688
 20
556.1940002441406
  0
LINE
  5
3E
330
17
100
AcDbEntity
  8
SCHEMATICS
 62
7
100
AcDbLine
 10
75.77365112304688
 20
556.1940002441406
 30
0.0
 11
75.77365112304688
 21
551.5241088867188
 31
0.0
  0
LWPOLYLINE
  5
3F
330
17
100
AcDbEntity
  8
SCHEMATICS
 62
7
100
AcDbPolyline
 90
9
 70
0
 10
101.98262023925781
 20
551.5241088867188
 10
101.79197460412979
 20
551.5062947273254
 10
101.60064840316772
 20
551.4907722473145
 10
101.4086634516716
 20
551.4775671958923
 10
101.2160415649414
 20
551.4667053222656
 10
101.02280455827713
 20
551.4582123756409
 10
100.82897424697876
 20
551.4521141052246
 10
100.63457244634628
 20
551.4484362602234
 10
100.43962097167969
 20
551.4472045898438
  0
LWPOLYLINE
  5
40
330
17
100
AcDbEntity
  8
SCHEMATICS
 62
7
100
AcDbPolyline
 90
9
 70
0
 10
100.43962097167969
 20
551.4472045898438
 10
97.33273673057556
 20
551.760348200798
 10
94.438955783844
 20
552.6584615707397
 10
91.82027578353882
 20
554.0795685052872
 10
89.53869438171387
 20
555.9616928100586
 10
87.65620923042297
 20
558.2428582906723
 10
86.23481798171997
 20
560.8610887527466
 10
85.33651828765869
 20
563.7544080018997
 10
85.02330780029297
 20
566.86083984375
  0
LWPOLYLINE
  5
41
330
17
100
AcDbEntity
  8
SCHEMATICS
 62
7
100
AcDbPolyline
 90
9
 70
0
 10
85.02330780029297
 20
566.86083984375
 10
85.33651828765869
 20
569.9673702120781
 10
86.23481798171997
 20
572.8607783317566
 10
87.65620923042297
 20
575.4790869355202
 10
89.53869438171387
 20
577.7603187561035
 10
91.82027578353882
 20
579.6424965262413
 10
94.438955783844
 20
581.0636429786682
 10
97.33273673057556
 20
581.9617808461189
 10
100.43962097167969
 20
582.2749328613281
  0
LWPOLYLINE
  5
42
330
17
100
AcDbEntity
  8
SCHEMATICS
 62
7
100
AcDbPolyline
 90
9
 70
0
 10
100.43962097167969
 20
582.2749328613281
 10
100.63457244634628
 20
582.2736899256706
 10
100.82897424697876
 20
582.2699847221375
 10
101.02280455827713
 20
582.2638526558876
 10
101.2160415649414
 20
582.2553291320801
 10
101.4086634516716
 20
582.2444495558739
 10
101.60064840316772
 20
582.231249332428
 10
101.79197460412979
 20
582.2157638669014
 10
101.98262023925781
 20
582.1980285644531
  0
LINE
  5
43
330
17
100
AcDbEntity
  8
SCHEMATICS
 62
7
100
AcDbLine
 10
101.98262023925781
 20
582.1980285644531
 30
0.0
 11
101.98262023925781
 21
577.5281372070312
 31
0.0
  0
LWPOLYLINE
  5
44
330
17
100
AcDbEntity
  8
SCHEMATICS
 62
7
100
AcDbPolyline
 90
9
 70
0
 10
101.98262023925781
 20
577.5281372070312
 10
101.79297628998756
 20
577.5542207360268
 10
101.60261654853821
 20
577.577892780304
 10
101.41145750880241
 20
577.5988246798515
 10
101.21941566467285
 20
577.6166877746582
 10
101.02640751004219
 20
577.6311534047127
 10
100.8323495388031
 20
577.6418929100037
 10
100.63715824484825
 20
577.6485776305199
 10
100.44075012207031
 20
577.65087890625
  0
LWPOLYLINE
  5
45
330
17
100
AcDbEntity
  8
SCHEMATICS
 62
7
100
AcDbPolyline
 90
9
 70
0
 10
100.44075012207031
 20
577.65087890625
 10
98.54795019328594
 20
577.4853986501694
 10
96.76340520381927
 20
577.0078229904175
 10
95.11521138250828
 20
576.2464495897293
 10
93.63146495819092
 20
575.2295761108398
 10
92.34026215970516
 20
573.9855002164841
 10
91.26969921588898
 20
572.542519569397
 10
90.44787235558033
 20
570.9289318323135
 10
89.90287780761719
 20
569.1730346679688
  0
LINE
  5
46
330
17
100
AcDbEntity
  8
SCHEMATICS
 62
7
100
AcDbLine
 10
89.90287780761719
 20
569.1730346679688
 30
0.0
 11
98.89775085449219
 21
569.1730346679688
 31
0.0
  0
LINE
  5
47
330
17
100
AcDbEntity
  8
SCHEMATICS
 62
7
100
AcDbLine
 10
98.89775085449219
 20
569.1730346679688
 30
0.0
 11
98.89775085449219
 21
564.5486755371094
 31
0.0
  0
LINE
  5
48
330
17
100
AcDbEntity
  8
SCHEMATICS
 62
7
100
AcDbLine
 10
98.89775085449219
 20
564.5486755371094
 30
0.0
 11
89.90287780761719
 21
564.5486755371094
 31
0.0
  0
LWPOLYLINE
  5
49
330
17
100
AcDbEntity
  8
SCHEMATICS
 62
7
100
AcDbPolyline
 90
9
 70
0
 10
89.90287780761719
 20
564.5486755371094
 10
90.44787235558033
 20
562.792963206768
 10
91.26969921588898
 20
561.1795020103455
 10
92.34026215970516
 20
559.7365999817848
 10
93.63146495819092
 20
558.4925651550293
 10
95.11521138250828
 20
557.4757055640221
 10
96.76340520381927
 20
556.7143292427063
 10
98.54795019328594
 20
556.2367442250252
 10
100.44075012207031
 20
556.0712585449219
  0
LWPOLYLINE
  5
4A
330
17
100
AcDbEntity
  8
SCHEMATICS
 62
7
100
AcDbPolyline
 90
9
 70
0
 10
100.44075012207031
 20
556.0712585449219
 10
100.63715824484825
 20
556.0735585689545
 10
100.8323495388031
 20
556.0802402496338
 10
101.02640751004219
 20
556.0909759998322
 10
101.21941566467285
 20
556.1054382324219
 10
101.41145750880241
 20
556.1232993602753
 10
101.60261654853821
 20
556.1442317962646
 10
101.79297628998756
 20
556.1679079532623
 10
101.98262023925781
 20
556.1940002441406
  0
LINE
  5
4B
330
17
100
AcDbEntity
  8
SCHEMATICS
 62
7
100
AcDbLine
 10
101.98262023925781
 20
556.1940002441406
 30
0.0
 11
101.98262023925781
 21
551.5241088867188
 31
0.0
  0
LINE
  5
4C
330
17
100
AcDbEntity
  8
SCHEMATICS
 62
7
100
AcDbLine
 10
142.35829162597656
 20
582.2796020507812
 30
0.0
 11
124.73004150390625
 21
582.2796020507812
 31
0.0
  0
LINE
  5
4D
330
17
100
AcDbEntity
  8
SCHEMATICS
 62
7
100
AcDbLine
 10
124.73004150390625
 20
582.2796020507812
 30
0.0
 11
115.91583251953125
 21
566.9003601074219
 31
0.0
  0
LINE
  5
4E
330
17
100
AcDbEntity
  8
SCHEMATICS
 62
7
100
AcDbLine
 10
115.91583251953125
 20
566.9003601074219
 30
0.0
 11
124.73004150390625
 21
551.521240234375
 31
0.0
  0
LINE
  5
4F
330
17
100
AcDbEntity
  8
SCHEMATICS
 62
7
100
AcDbLine
 10
124.73004150390625
 20
551.521240234375
 30
0.0
 11
142.35829162597656
 21
551.521240234375
 31
0.0
  0
LINE
  5
50
330
17
100
AcDbEntity
  8
SCHEMATICS
 62
7
100
AcDbLine
 10
142.35829162597656
 20
551.521240234375
 30
0.0
 11
151.17251586914062
 21
566.9003601074219
 31
0.0
  0
LINE
  5
51
330
17
100
AcDbEntity
  8
SCHEMATICS
 62
7
100
AcDbLine
 10
151.17251586914062
 20
566.9003601074219
 30
0.0
 11
142.35829162597656
 21
582.2796020507812
 31
0.0
  0
LINE
  5
52
330
17
100
AcDbEntity
  8
SCHEMATICS
 62
7
100
AcDbLine
 10
141.3006134033203
 20
580.4342041015625
 30
0.0
 11
125.78776550292969
 21
580.4342041015625
 31
0.0
  0
LINE
  5
53
330
17
100
AcDbEntity
  8
SCHEMATICS
 62
7
100
AcDbLine
 10
125.78776550292969
 20
580.4342041015625
 30
0.0
 11
118.0312271118164
 21
566.9003601074219
 31
0.0
  0
LINE
  5
54
330
17
100
AcDbEntity
  8
SCHEMATICS
 62
7
100
AcDbLine
 10
118.0312271118164
 20
566.9003601074219
 30
0.0
 11
125.78776550292969
 21
553.3668212890625
 31
0.0
  0
LINE
  5
55
330
17
100
AcDbEntity
  8
SCHEMATICS
 62
7
100
AcDbLine
 10
125.78776550292969
 20
553.3668212890625
 30
0.0
 11
141.3006134033203
 21
553.3668212890625
 31
0.0
  0
LINE
  5
56
330
17
100
AcDbEntity
  8
SCHEMATICS
 62
7
100
AcDbLine
 10
141.3006134033203
 20
553.3668212890625
 30
0.0
 11
149.0569610595703
 21
566.9003601074219
 31
0.0
  0
LINE
  5
57
330
17
100
AcDbEntity
  8
SCHEMATICS
 62
7
100
AcDbLine
 10
149.0569610595703
 20
566.9003601074219
 30
0.0
 11
141.3006134033203
 21
580.4342041015625
 31
0.0
  0
LWPOLYLINE
  5
58
330
17
100
AcDbEntity
  8
SCHEMATICS
 62
7
100
AcDbPolyline
 90
9
 70
0
 10
130.49923706054688
 20
573.411376953125
 10
130.273941218853
 20
573.6176979541779
 10
130.029700756073
 20
573.801721572876
 10
129.7681103348732
 20
573.9618413448334
 10
129.49076461791992
 20
574.0964508056641
 10
129.1992582678795
 20
574.203943490982
 10
128.8951859474182
 20
574.2827129364014
 10
128.58014231920242
 20
574.331152677536
 10
128.25572204589844
 20
574.34765625
  0
LWPOLYLINE
  5
59
330
17
100
AcDbEntity
  8
SCHEMATICS
 62
7
100
AcDbPolyline
 90
9
 70
0
 10
128.25572204589844
 20
574.34765625
 10
127.61619129776955
 20
574.2827119231224
 10
127.02051949501038
 20
574.0964484214783
 10
126.48147055506706
 20
573.8017199635506
 10
126.01180839538574
 20
573.4113807678223
 10
125.62429693341255
 20
572.9382850527763
 10
125.33170008659363
 20
572.3952870368958
 10
125.1467817723751
 20
571.7952409386635
 10
125.08230590820312
 20
571.1510009765625
  0
LWPOLYLINE
  5
5A
330
17
100
AcDbEntity
  8
SCHEMATICS
 62
7
100
AcDbPolyline
 90
9
 70
0
 10
125.08230590820312
 20
571.1510009765625
 10
125.1467817723751
 20
570.5068669915199
 10
125.33170008659363
 20
569.9069104194641
 10
125.62429693341255
 20
569.3639861941338
 10
126.01180839538574
 20
568.8909492492676
 10
126.48147055506706
 20
568.5006545186043
 10
127.02051949501038
 20
568.2059569358826
 10
127.61619129776955
 20
568.0197114348412
 10
128.25572204589844
 20
567.9547729492188
  0
LINE
  5
5B
330
17
100
AcDbEntity
  8
SCHEMATICS
 62
7
100
AcDbLine
 10
128.25572204589844
 20
567.9547729492188
 30
0.0
 11
130.37083435058594
 21
567.9547729492188
 31
0.0
  0
LINE
  5
5C
330
17
100
AcDbEntity
  8
SCHEMATICS
 62
7
100
AcDbLine
 10
130.37083435058594
 20
567.9547729492188
 30
0.0
 11
130.37083435058594
 21
567.5083923339844
 31
0.0
  0
LINE
  5
5D
330
17
100
AcDbEntity
  8
SCHEMATICS
 62
7
100
AcDbLine
 10
130.37083435058594
 20
567.5083923339844
 30
0.0
 11
130.37083435058594
 21
566.2698059082031
 31
0.0
  0
LINE
  5
5E
330
17
100
AcDbEntity
  8
SCHEMATICS
 62
7
100
AcDbLine
 10
130.37083435058594
 20
566.2698059082031
 30
0.0
 11
130.37083435058594
 21
565.8237609863281
 31
0.0
  0
LINE
  5
5F
330
17
100
AcDbEntity
  8
SCHEMATICS
 62
7
100
AcDbLine
 10
130.37083435058594
 20
565.8237609863281
 30
0.0
 11
128.25572204589844
 21
565.8237609863281
 31
0.0
  0
LWPOLYLINE
  5
60
330
17
100
AcDbEntity
  8
SCHEMATICS
 62
7
100
AcDbPolyline
 90
9
 70
0
 10
128.25572204589844
 20
565.8237609863281
 10
127.61619129776955
 20
565.7588106393814
 10
127.02051949501038
 20
565.5725336074829
 10
126.48147055506706
 20
565.2777909040451
 10
126.01180839538574
 20
564.8874435424805
 10
125.62429693341255
 20
564.4143525362015
 10
125.33170008659363
 20
563.8713788986206
 10
125.1467817723751
 20
563.2713836431503
 10
125.08230590820312
 20
562.6272277832031
  0
LWPOLYLINE
  5
61
330
17
100
AcDbEntity
  8
SCHEMATICS
 62
7
100
AcDbPolyline
 90
9
 70
0
 10
125.08230590820312
 20
562.6272277832031
 10
125.1467817723751
 20
561.982942700386
 10
125.33170008659363
 20
561.3828725814819
 10
125.62429693341255
 20
560.8398669958115
 10
126.01180839538574
 20
560.3667755126953
 10
126.48147055506706
 20
559.9764477014542
 10
127.02051949501038
 20
559.6817331314087
 10
127.61619129776955
 20
559.4954813718796
 10
128.25572204589844
 20
559.4305419921875
  0
LWPOLYLINE
  5
62
330
17
100
AcDbEntity
  8
SCHEMATICS
 62
7
100
AcDbPolyline
 90
9
 70
0
 10
128.25572204589844
 20
559.4305419921875
 10
128.58014231920242
 20
559.4470469355583
 10
128.8951859474182
 20
559.4954905509949
 10
129.1992582678795
 20
559.5742660164833
 10
129.49076461791992
 20
559.6817665100098
 10
129.7681103348732
 20
559.8163852095604
 10
130.029700756073
 20
559.9765152931213
 10
130.273941218853
 20
560.1605499386787
 10
130.49923706054688
 20
560.3668823242188
  0
LINE
  5
63
330
17
100
AcDbEntity
  8
SCHEMATICS
 62
7
100
AcDbLine
 10
130.49923706054688
 20
560.3668823242188
 30
0.0
 11
131.9952850341797
 21
558.8599548339844
 31
0.0
  0
LWPOLYLINE
  5
64
330
17
100
AcDbEntity
  8
SCHEMATICS
 62
7
100
AcDbPolyline
 90
9
 70
0
 10
131.9952850341797
 20
558.8599548339844
 10
131.6196410357952
 20
558.5161525011063
 10
131.21246695518494
 20
558.2094812393188
 10
130.77641335129738
 20
557.9426254034042
 10
130.31413078308105
 20
557.7182693481445
 10
129.82826980948448
 20
557.5390974283218
 10
129.32148098945618
 20
557.4077939987183
 10
128.79641488194466
 20
557.3270434141159
 10
128.25572204589844
 20
557.2995300292969
  0
LWPOLYLINE
  5
65
330
17
100
AcDbEntity
  8
SCHEMATICS
 62
7
100
AcDbPolyline
 90
9
 70
0
 10
128.25572204589844
 20
557.2995300292969
 10
127.18984574079514
 20
557.4077721238136
 10
126.19710969924927
 20
557.7182145118713
 10
125.29877382516861
 20
558.2094313502312
 10
124.51609802246094
 20
558.8599967956543
 10
123.87034219503403
 20
559.6484850049019
 10
123.38276624679565
 20
560.5534701347351
 10
123.0746300816536
 20
561.5535263419151
 10
122.96719360351562
 20
562.6272277832031
  0
LWPOLYLINE
  5
66
330
17
100
AcDbEntity
  8
SCHEMATICS
 62
7
100
AcDbPolyline
 90
9
 70
0
 10
122.96719360351562
 20
562.6272277832031
 10
123.0056808590889
 20
563.2716343998909
 10
123.1181230545044
 20
563.8928742408752
 10
123.29999083280563
 20
564.4865774512291
 10
123.54675483703613
 20
565.0483741760254
 10
123.85388571023941
 20
565.5738945603371
 10
124.21685409545898
 20
566.0587687492371
 10
124.63113063573837
 20
566.4986268877983
 10
125.0921859741211
 20
566.8890991210938
  0
LWPOLYLINE
  5
67
330
17
100
AcDbEntity
  8
SCHEMATICS
 62
7
100
AcDbPolyline
 90
9
 70
0
 10
125.0921859741211
 20
566.8890991210938
 10
124.63113063573837
 20
567.2796152234077
 10
124.21685409545898
 20
567.719494342804
 10
123.85388571023941
 20
568.2043723464012
 10
123.54675483703613
 20
568.7298851013184
 10
123.29999083280563
 20
569.2916684746742
 10
123.1181230545044
 20
569.8853583335876
 10
123.0056808590889
 20
570.5065905451775
 10
122.96719360351562
 20
571.1510009765625
  0
LWPOLYLINE
  5
68
330
17
100
AcDbEntity
  8
SCHEMATICS
 62
7
100
AcDbPolyline
 90
9
 70
0
 10
122.96719360351562
 20
571.1510009765625
 10
123.0746300816536
 20
572.2246857881546
 10
123.38276624679565
 20
573.2247171401978
 10
123.87034219503403
 20
574.1296724081039
 10
124.51609802246094
 20
574.9181289672852
 10
125.29877382516861
 20
575.5686641931534
 10
126.19710969924927
 20
576.0598554611206
 10
127.18984574079514
 20
576.3702801465988
 10
128.25572204589844
 20
576.478515625
  0
LWPOLYLINE
  5
69
330
17
100
AcDbEntity
  8
SCHEMATICS
 62
7
100
AcDbPolyline
 90
9
 70
0
 10
128.25572204589844
 20
576.478515625
 10
128.79641488194466
 20
576.4510226249695
 10
129.32148098945618
 20
576.3703231811523
 10
129.82826980948448
 20
576.2390866279602
 10
130.31413078308105
 20
576.0599822998047
 10
130.77641335129738
 20
575.8356795310974
 10
131.21246695518494
 20
575.56884765625
 10
131.6196410357952
 20
575.2621560096741
 10
131.9952850341797
 20
574.9182739257812
  0
LINE
  5
6A
330
17
100
AcDbEntity
  8
SCHEMATICS
 62
7
100
AcDbLine
 10
131.9952850341797
 20
574.9182739257812
 30
0.0
 11
130.49923706054688
 21
573.411376953125
 31
0.0
  0
LWPOLYLINE
  5
6B
330
17
100
AcDbEntity
  8
SCHEMATICS
 62
7
100
AcDbPolyline
 90
9
 70
0
 10
135.5338592529297
 20
560.6670837402344
 10
135.52454489469528
 20
560.6469268202782
 10
135.51455354690552
 20
560.6271758079529
 10
135.50403362512589
 20
560.6077302098274
 10
135.49313354492188
 20
560.5884895324707
 10
135.48200172185898
 20
560.5693532824516
 10
135.47078657150269
 20
560.5502209663391
 10
135.4596365094185
 20
560.5309920907021
 10
135.44869995117188
 20
560.5115661621094
  0
LWPOLYLINE
  5
6C
330
17
100
AcDbEntity
  8
SCHEMATICS
 62
7
100
AcDbPolyline
 90
9
 70
0
 10
135.44869995117188
 20
560.5115661621094
 10
135.30050882697105
 20
560.2814756035805
 10
135.1224935054779
 20
560.072817325592
 10
134.91735246777534
 20
559.8884412646294
 10
134.6877841949463
 20
559.7311973571777
 10
134.43648716807365
 20
559.6039355397224
 10
134.16615986824036
 20
559.5095057487488
 10
133.8795007765293
 20
559.450757920742
 10
133.57920837402344
 20
559.4305419921875
  0
LINE
  5
6D
330
17
100
AcDbEntity
  8
SCHEMATICS
 62
7
100
AcDbLine
 10
133.57920837402344
 20
559.4305419921875
 30
0.0
 11
133.57920837402344
 21
557.2995300292969
 31
0.0
  0
LWPOLYLINE
  5
6E
330
17
100
AcDbEntity
  8
SCHEMATICS
 62
7
100
AcDbPolyline
 90
9
 70
0
 10
133.57920837402344
 20
557.2995300292969
 10
134.22797924280167
 20
557.346251308918
 10
134.8456425666809
 20
557.4817891120911
 10
135.42490023374557
 20
557.6992043852806
 10
135.95845413208008
 20
557.9915580749512
 10
136.43900614976883
 20
558.3519111275673
 10
136.85925817489624
 20
558.7733244895935
 10
137.21191209554672
 20
559.2488591074944
 10
137.4896697998047
 20
559.7715759277344
  0
LINE
  5
6F
330
17
100
AcDbEntity
  8
SCHEMATICS
 62
7
100
AcDbLine
 10
137.4896697998047
 20
559.7715759277344
 30
0.0
 11
137.63809204101562
 21
560.0971984863281
 31
0.0
  0
LINE
  5
70
330
17
100
AcDbEntity
  8
SCHEMATICS
 62
7
100
AcDbLine
 10
137.63809204101562
 20
560.0971984863281
 30
0.0
 11
137.73094177246094
 21
559.892578125
 31
0.0
  0
LWPOLYLINE
  5
71
330
17
100
AcDbEntity
  8
SCHEMATICS
 62
7
100
AcDbPolyline
 90
9
 70
0
 10
137.73094177246094
 20
559.892578125
 10
137.74834701418877
 20
559.8495117425919
 10
137.7662627696991
 20
559.806694984436
 10
137.78468599915504
 20
559.7641314268112
 10
137.80361366271973
 20
559.7218246459961
 10
137.82304272055626
 20
559.6797782182693
 10
137.84297013282776
 20
559.6379957199097
 10
137.86339285969734
 20
559.5964807271957
 10
137.88430786132812
 20
559.5552368164062
  0
LWPOLYLINE
  5
72
330
17
100
AcDbEntity
  8
SCHEMATICS
 62
7
100
AcDbPolyline
 90
9
 70
0
 10
137.88430786132812
 20
559.5552368164062
 10
138.17580899596214
 20
559.0753913521767
 10
138.5322301387787
 20
558.6401238441467
 10
138.94739630818367
 20
558.2554141879082
 10
139.415132522583
 20
557.9272422790527
 10
139.9292638003826
 20
557.6615880131721
 10
140.4836151599884
 20
557.4644312858582
 10
141.0720116198063
 20
557.3417519927025
 10
141.6882781982422
 20
557.2995300292969
  0
LINE
  5
73
330
17
100
AcDbEntity
  8
SCHEMATICS
 62
7
100
AcDbLine
 10
141.6882781982422
 20
557.2995300292969
 30
0.0
 11
141.6882781982422
 21
559.4305419921875
 31
0.0
  0
LWPOLYLINE
  5
74
330
17
100
AcDbEntity
  8
SCHEMATICS
 62
7
100
AcDbPolyline
 90
9
 70
0
 10
141.6882781982422
 20
559.4305419921875
 10
141.3881071805954
 20
559.4507585167885
 10
141.10149669647217
 20
559.5095105171204
 10
140.83116972446442
 20
559.6039516329765
 10
140.57984924316406
 20
559.7312355041504
 10
140.35025823116302
 20
559.8885157704353
 10
140.14511966705322
 20
560.0729460716248
 10
139.96715652942657
 20
560.281680047512
 10
139.819091796875
 20
560.5118713378906
  0
LWPOLYLINE
  5
75
330
17
100
AcDbEntity
  8
SCHEMATICS
 62
7
100
AcDbPolyline
 90
9
 70
0
 10
139.819091796875
 20
560.5118713378906
 10
139.81256893277168
 20
560.5242218971252
 10
139.80140137672424
 20
560.5459079742432
 10
139.78694686293602
 20
560.5744118690491
 10
139.77056312561035
 20
560.6072158813477
 10
139.75360789895058
 20
560.6418023109436
 10
139.73743891716003
 20
560.6756534576416
 10
139.72341391444206
 20
560.7062516212463
 10
139.712890625
 20
560.7310791015625
  0
LINE
  5
76
330
17
100
AcDbEntity
  8
SCHEMATICS
 62
7
100
AcDbLine
 10
139.712890625
 20
560.7310791015625
 30
0.0
 11
138.78941345214844
 21
562.62939453125
 31
0.0
  0
LINE
  5
77
330
17
100
AcDbEntity
  8
SCHEMATICS
 62
7
100
AcDbLine
 10
138.78941345214844
 20
562.62939453125
 30
0.0
 11
139.71824645996094
 21
564.5392761230469
 31
0.0
  0
LWPOLYLINE
  5
78
330
17
100
AcDbEntity
  8
SCHEMATICS
 62
7
100
AcDbPolyline
 90
9
 70
0
 10
139.71824645996094
 20
564.5392761230469
 10
139.72728979587555
 20
564.5599504709244
 10
139.73985290527344
 20
564.5866365432739
 10
139.75468480587006
 20
564.6170033216476
 10
139.77053451538086
 20
564.6487197875977
 10
139.7861510515213
 20
564.6794549226761
 10
139.80028343200684
 20
564.7068777084351
 10
139.81168067455292
 20
564.7286571264267
 10
139.819091796875
 20
564.7424621582031
  0
LWPOLYLINE
  5
79
330
17
100
AcDbEntity
  8
SCHEMATICS
 62
7
100
AcDbPolyline
 90
9
 70
0
 10
139.819091796875
 20
564.7424621582031
 10
139.96715652942657
 20
564.972511947155
 10
140.14511966705322
 20
565.1811766624451
 10
140.35025823116302
 20
565.3655934929848
 10
140.57984924316406
 20
565.5228996276855
 10
140.83116972446442
 20
565.6502322554588
 10
141.10149669647217
 20
565.7447285652161
 10
141.3881071805954
 20
565.8035257458687
 10
141.6882781982422
 20
565.8237609863281
  0
LINE
  5
7A
330
17
100
AcDbEntity
  8
SCHEMATICS
 62
7
100
AcDbLine
 10
141.6882781982422
 20
565.8237609863281
 30
0.0
 11
141.6882781982422
 21
567.9547729492188
 31
0.0
  0
LWPOLYLINE
  5
7B
330
17
100
AcDbEntity
  8
SCHEMATICS
 62
7
100
AcDbPolyline
 90
9
 70
0
 10
141.6882781982422
 20
567.9547729492188
 10
141.06641733646393
 20
567.9117704629898
 10
140.4729928970337
 20
567.7868604660034
 10
139.91435420513153
 20
567.5861891508102
 10
139.3968505859375
 20
567.3159027099609
 10
138.92683136463165
 20
566.9821473360062
 10
138.51064586639404
 20
566.5910692214966
 10
138.15464341640472
 20
566.1488145589828
 10
137.86517333984375
 20
565.6615295410156
  0
LWPOLYLINE
  5
7C
330
17
100
AcDbEntity
  8
SCHEMATICS
 62
7
100
AcDbPolyline
 90
9
 70
0
 10
137.86517333984375
 20
565.6615295410156
 10
137.84277892112732
 20
565.6147373318672
 10
137.8110990524292
 20
565.5462288856506
 10
137.77391600608826
 20
565.4646205306053
 10
137.73501205444336
 20
565.3785285949707
 10
137.69816946983337
 20
565.2965694069862
 10
137.66717052459717
 20
565.2273592948914
 10
137.6457974910736
 20
565.1795145869255
 10
137.63783264160156
 20
565.1616516113281
  0
LINE
  5
7D
330
17
100
AcDbEntity
  8
SCHEMATICS
 62
7
100
AcDbLine
 10
137.63783264160156
 20
565.1616516113281
 30
0.0
 11
137.47677612304688
 21
565.5160827636719
 31
0.0
  0
LWPOLYLINE
  5
7E
330
17
100
AcDbEntity
  8
SCHEMATICS
 62
7
100
AcDbPolyline
 90
9
 70
0
 10
137.47677612304688
 20
565.5160827636719
 10
137.19657400250435
 20
566.0323720574379
 10
136.84292244911194
 20
566.5017838478088
 10
136.4229756295681
 20
566.9175493121147
 10
135.9438877105713
 20
567.2728996276855
 10
135.41281285881996
 20
567.5610659718513
 10
134.83690524101257
 20
567.7752795219421
 10
134.22331902384758
 20
567.9087714552879
 10
133.57920837402344
 20
567.9547729492188
  0
LINE
  5
7F
330
17
100
AcDbEntity
  8
SCHEMATICS
 62
7
100
AcDbLine
 10
133.57920837402344
 20
567.9547729492188
 30
0.0
 11
133.57920837402344
 21
565.8237609863281
 31
0.0
  0
LWPOLYLINE
  5
80
330
17
100
AcDbEntity
  8
SCHEMATICS
 62
7
100
AcDbPolyline
 90
9
 70
0
 10
133.57920837402344
 20
565.8237609863281
 10
133.87951892614365
 20
565.8035257458687
 10
134.1662220954895
 20
565.7447285652161
 10
134.4366038441658
 20
565.6502322554588
 10
134.68795013427734
 20
565.5228996276855
 10
134.91754692792892
 20
565.3655934929848
 10
135.12268018722534
 20
565.1811766624451
 10
135.3006358742714
 20
564.972511947155
 10
135.44869995117188
 20
564.7424621582031
  0
LWPOLYLINE
  5
81
330
17
100
AcDbEntity
  8
SCHEMATICS
 62
7
100
AcDbPolyline
 90
9
 70
0
 10
135.44869995117188
 20
564.7424621582031
 10
135.45861408114433
 20
564.7250727415085
 10
135.46895003318787
 20
564.7079172134399
 10
135.47950592637062
 20
564.6908832788467
 10
135.49007987976074
 20
564.6738586425781
 10
135.50047001242638
 20
564.6567310094833
 10
135.51047444343567
 20
564.6393880844116
 10
135.51989129185677
 20
564.6217175722122
 10
135.5285186767578
 20
564.6036071777344
  0
LINE
  5
82
330
17
100
AcDbEntity
  8
SCHEMATICS
 62
7
100
AcDbLine
 10
135.5285186767578
 20
564.6036071777344
 30
0.0
 11
136.48654174804688
 21
562.62939453125
 31
0.0
  0
LINE
  5
83
330
17
100
AcDbEntity
  8
SCHEMATICS
 62
7
100
AcDbLine
 10
136.48654174804688
 20
562.62939453125
 30
0.0
 11
135.5338592529297
 21
560.6670837402344
 31
0.0
  0
LINE
  5
84
330
17
100
AcDbEntity
  8
SCHEMATICS
 62
7
100
AcDbLine
 10
231.66029357910156
 20
551.5326538085938
 30
0.0
 11
200.99998474121094
 21
551.5326538085938
 31
0.0
  0
LINE
  5
85
330
17
100
AcDbEntity
  8
SCHEMATICS
 62
7
100
AcDbLine
 10
200.99998474121094
 20
551.5326538085938
 30
0.0
 11
200.99998474121094
 21
582.2796020507812
 31
0.0
  0
LINE
  5
86
330
17
100
AcDbEntity
  8
SCHEMATICS
 62
7
100
AcDbLine
 10
200.99998474121094
 20
582.2796020507812
 30
0.0
 11
231.66029357910156
 21
582.2796020507812
 31
0.0
  0
LINE
  5
87
330
17
100
AcDbEntity
  8
SCHEMATICS
 62
7
100
AcDbLine
 10
231.66029357910156
 20
582.2796020507812
 30
0.0
 11
231.66029357910156
 21
551.5326538085938
 31
0.0
  0
LINE
  5
88
330
17
100
AcDbEntity
  8
SCHEMATICS
 62
7
100
AcDbLine
 10
214.31590270996094
 20
558.1316223144531
 30
0.0
 11
214.44686889648438
 21
558.8460693359375
 31
0.0
  0
LINE
  5
89
330
17
100
AcDbEntity
  8
SCHEMATICS
 62
7
100
AcDbLine
 10
214.44686889648438
 20
558.8460693359375
 30
0.0
 11
231.6591796875
 21
558.8460693359375
 31
0.0
  0
LINE
  5
8A
330
17
100
AcDbEntity
  8
SCHEMATICS
 62
7
100
AcDbLine
 10
231.6591796875
 20
558.8460693359375
 30
0.0
 11
231.6591796875
 21
558.1316223144531
 31
0.0
  0
LINE
  5
8B
330
17
100
AcDbEntity
  8
SCHEMATICS
 62
7
100
AcDbLine
 10
231.6591796875
 20
558.1316223144531
 30
0.0
 11
214.31590270996094
 21
558.1316223144531
 31
0.0
  0
LINE
  5
8C
330
17
100
AcDbEntity
  8
SCHEMATICS
 62
7
100
AcDbLine
 10
214.70767211914062
 20
559.7914428710938
 30
0.0
 11
214.87109375
 21
560.5059814453125
 31
0.0
  0
LINE
  5
8D
330
17
100
AcDbEntity
  8
SCHEMATICS
 62
7
100
AcDbLine
 10
214.87109375
 20
560.5059814453125
 30
0.0
 11
231.6591796875
 21
560.5059814453125
 31
0.0
  0
LINE
  5
8E
330
17
100
AcDbEntity
  8
SCHEMATICS
 62
7
100
AcDbLine
 10
231.6591796875
 20
560.5059814453125
 30
0.0
 11
231.6591796875
 21
559.7914428710938
 31
0.0
  0
LINE
  5
8F
330
17
100
AcDbEntity
  8
SCHEMATICS
 62
7
100
AcDbLine
 10
231.6591796875
 20
559.7914428710938
 30
0.0
 11
214.70767211914062
 21
559.7914428710938
 31
0.0
  0
LINE
  5
90
330
17
100
AcDbEntity
  8
SCHEMATICS
 62
7
100
AcDbLine
 10
213.8916778564453
 20
556.4237670898438
 30
0.0
 11
214.02264404296875
 21
557.1121520996094
 31
0.0
  0
LINE
  5
91
330
17
100
AcDbEntity
  8
SCHEMATICS
 62
7
100
AcDbLine
 10
214.02264404296875
 20
557.1121520996094
 30
0.0
 11
231.6591796875
 21
557.1121520996094
 31
0.0
  0
LINE
  5
92
330
17
100
AcDbEntity
  8
SCHEMATICS
 62
7
100
AcDbLine
 10
231.6591796875
 20
557.1121520996094
 30
0.0
 11
231.6591796875
 21
556.4237670898438
 31
0.0
  0
LINE
  5
93
330
17
100
AcDbEntity
  8
SCHEMATICS
 62
7
100
AcDbLine
 10
231.6591796875
 20
556.4237670898438
 30
0.0
 11
213.8916778564453
 21
556.4237670898438
 31
0.0
  0
LWPOLYLINE
  5
94
330
17
100
AcDbEntity
  8
SCHEMATICS
 62
7
100
AcDbPolyline
 90
9
 70
0
 10
191.17013549804688
 20
556.5560302734375
 10
191.52179411053658
 20
556.5930781364441
 10
191.84933876991272
 20
556.6993312835693
 10
192.14575013518333
 20
556.8674540519714
 10
192.40400886535645
 20
557.0901107788086
 10
192.61709561944008
 20
557.359965801239
 10
192.77799105644226
 20
557.6696834564209
 10
192.87967583537102
 20
558.0119280815125
 10
192.91513061523438
 20
558.3793640136719
  0
LWPOLYLINE
  5
95
330
17
100
AcDbEntity
  8
SCHEMATICS
 62
7
100
AcDbPolyline
 90
9
 70
0
 10
192.91513061523438
 20
558.3793640136719
 10
192.87967583537102
 20
558.7467530965805
 10
192.77799105644226
 20
559.0889501571655
 10
192.61709561944008
 20
559.3986216783524
 10
192.40400886535645
 20
559.6684341430664
 10
192.14575013518333
 20
559.8910540342331
 10
191.84933876991272
 20
560.0591478347778
 10
191.52179411053658
 20
560.165382027626
 10
191.17013549804688
 20
560.2024230957031
  0
LWPOLYLINE
  5
96
330
17
100
AcDbEntity
  8
SCHEMATICS
 62
7
100
AcDbPolyline
 90
9
 70
0
 10
191.17013549804688
 20
560.2024230957031
 10
190.81841644644737
 20
560.165382027626
 10
190.4908263683319
 20
560.0591478347778
 10
190.19438245892525
 20
559.8910540342331
 10
189.93610191345215
 20
559.6684341430664
 10
189.72300192713737
 20
559.3986216783524
 10
189.5620996952057
 20
559.0889501571655
 10
189.46041241288185
 20
558.7467530965805
 10
189.42495727539062
 20
558.3793640136719
  0
LWPOLYLINE
  5
97
330
17
100
AcDbEntity
  8
SCHEMATICS
 62
7
100
AcDbPolyline
 90
9
 70
0
 10
189.42495727539062
 20
558.3793640136719
 10
189.46041241288185
 20
558.0119280815125
 10
189.5620996952057
 20
557.6696834564209
 10
189.72300192713737
 20
557.359965801239
 10
189.93610191345215
 20
557.0901107788086
 10
190.19438245892525
 20
556.8674540519714
 10
190.4908263683319
 20
556.6993312835693
 10
190.81841644644737
 20
556.5930781364441
 10
191.17013549804688
 20
556.5560302734375
  0
LINE
  5
98
330
17
100
AcDbEntity
  8
SCHEMATICS
 62
7
100
AcDbLine
 10
195.73007202148438
 20
551.5332336425781
 30
0.0
 11
195.73007202148438
 21
582.2650146484375
 31
0.0
  0
LINE
  5
99
330
17
100
AcDbEntity
  8
SCHEMATICS
 62
7
100
AcDbLine
 10
195.73007202148438
 20
582.2650146484375
 30
0.0
 11
165.08535766601562
 21
582.2650146484375
 31
0.0
  0
LINE
  5
9A
330
17
100
AcDbEntity
  8
SCHEMATICS
 62
7
100
AcDbLine
 10
165.08535766601562
 20
582.2650146484375
 30
0.0
 11
165.08535766601562
 21
551.5332336425781
 31
0.0
  0
LINE
  5
9B
330
17
100
AcDbEntity
  8
SCHEMATICS
 62
7
100
AcDbLine
 10
165.08535766601562
 20
551.5332336425781
 30
0.0
 11
195.73007202148438
 21
551.5332336425781
 31
0.0
  0
LINE
  5
9C
330
17
100
AcDbEntity
  8
SCHEMATICS
 62
7
100
AcDbLine
 10
170.92381286621094
 20
563.1712341308594
 30
0.0
 11
170.92381286621094
 21
575.6196899414062
 31
0.0
  0
LINE
  5
9D
330
17
100
AcDbEntity
  8
SCHEMATICS
 62
7
100
AcDbLine
 10
170.92381286621094
 20
575.6196899414062
 30
0.0
 11
168.40472412109375
 21
575.6196899414062
 31
0.0
  0
LINE
  5
9E
330
17
100
AcDbEntity
  8
SCHEMATICS
 62
7
100
AcDbLine
 10
168.40472412109375
 20
575.6196899414062
 30
0.0
 11
168.40472412109375
 21
563.1712341308594
 31
0.0
  0
LINE
  5
9F
330
17
100
AcDbEntity
  8
SCHEMATICS
 62
7
100
AcDbLine
 10
168.40472412109375
 20
563.1712341308594
 30
0.0
 11
170.92381286621094
 21
563.1712341308594
 31
0.0
  0
LINE
  5
A0
330
17
100
AcDbEntity
  8
SCHEMATICS
 62
7
100
AcDbLine
 10
181.83026123046875
 20
575.9112854003906
 30
0.0
 11
177.29566955566406
 21
575.9112854003906
 31
0.0
  0
LWPOLYLINE
  5
A1
330
17
100
AcDbEntity
  8
SCHEMATICS
 62
7
100
AcDbPolyline
 90
9
 70
0
 10
177.29566955566406
 20
575.9112854003906
 10
177.25121894478798
 20
575.9112854003906
 10
177.1289780139923
 20
575.9112854003906
 10
176.94561311602592
 20
575.9112854003906
 10
176.7177906036377
 20
575.9112854003906
 10
176.4621768295765
 20
575.9112854003906
 10
176.1954381465912
 20
575.9112854003906
 10
175.93424090743065
 20
575.9112854003906
 10
175.69525146484375
 20
575.9112854003906
  0
LWPOLYLINE
  5
A2
330
17
100
AcDbEntity
  8
SCHEMATICS
 62
7
100
AcDbPolyline
 90
9
 70
0
 10
175.69525146484375
 20
575.9112854003906
 10
175.46207585930824
 20
575.8808979988098
 10
175.21603512763977
 20
575.7927722930908
 10
174.97067710757256
 20
575.6514630317688
 10
174.73954963684082
 20
575.4615249633789
 10
174.5362005531788
 20
575.2275128364563
 10
174.37417769432068
 20
574.9539813995361
 10
174.26702889800072
 20
574.6454854011536
 10
174.22830200195312
 20
574.3065795898438
  0
LWPOLYLINE
  5
A3
330
17
100
AcDbEntity
  8
SCHEMATICS
 62
7
100
AcDbPolyline
 90
9
 70
0
 10
174.22830200195312
 20
574.3065795898438
 10
174.22830200195312
 20
573.6751880049706
 10
174.22830200195312
 20
572.589047908783
 10
174.22830200195312
 20
571.2027772068977
 10
174.22830200195312
 20
569.6709938049316
 10
174.22830200195312
 20
568.1483156085014
 10
174.22830200195312
 20
566.7893605232239
 10
174.22830200195312
 20
565.7487464547157
 10
174.22830200195312
 20
565.1810913085938
  0
LWPOLYLINE
  5
A4
330
17
100
AcDbEntity
  8
SCHEMATICS
 62
7
100
AcDbPolyline
 90
9
 70
0
 10
174.22830200195312
 20
565.1810913085938
 10
174.25953087210655
 20
564.8814790844917
 10
174.3517129421234
 20
564.5554585456848
 10
174.50259140133858
 20
564.2234820723534
 10
174.7099094390869
 20
563.9060020446777
 10
174.9714102447033
 20
563.6234708428383
 10
175.28483700752258
 20
563.3963408470154
 10
175.64793291687965
 20
563.2450644373894
 10
176.05844116210938
 20
563.1900939941406
  0
LWPOLYLINE
  5
A5
330
17
100
AcDbEntity
  8
SCHEMATICS
 62
7
100
AcDbPolyline
 90
9
 70
0
 10
176.05844116210938
 20
563.1900939941406
 10
176.6434037387371
 20
563.1900939941406
 10
177.46642470359802
 20
563.1900939941406
 10
178.43009033799171
 20
563.1900939941406
 10
179.43698692321777
 20
563.1900939941406
 10
180.3897007405758
 20
563.1900939941406
 10
181.19081807136536
 20
563.1900939941406
 10
181.74292519688606
 20
563.1900939941406
 10
181.9486083984375
 20
563.1900939941406
  0
LINE
  5
A6
330
17
100
AcDbEntity
  8
SCHEMATICS
 62
7
100
AcDbLine
 10
181.9486083984375
 20
563.1900939941406
 30
0.0
 11
181.9486083984375
 21
564.2409973144531
 31
0.0
  0
LWPOLYLINE
  5
A7
330
17
100
AcDbEntity
  8
SCHEMATICS
 62
7
100
AcDbPolyline
 90
9
 70
0
 10
181.9486083984375
 20
564.2409973144531
 10
181.79944694042206
 20
564.2409973144531
 10
181.39988803863525
 20
564.2409973144531
 10
180.82181990146637
 20
564.2409973144531
 10
180.1371307373047
 20
564.2409973144531
 10
179.4177087545395
 20
564.2409973144531
 10
178.73544216156006
 20
564.2409973144531
 10
178.16221916675568
 20
564.2409973144531
 10
177.76992797851562
 20
564.2409973144531
  0
LWPOLYLINE
  5
A8
330
17
100
AcDbEntity
  8
SCHEMATICS
 62
7
100
AcDbPolyline
 90
9
 70
0
 10
177.76992797851562
 20
564.2409973144531
 10
177.51022112369537
 20
564.2572075724602
 10
177.28644371032715
 20
564.3038115501404
 10
177.09819447994232
 20
564.3777690529823
 10
176.94507217407227
 20
564.4760398864746
 10
176.82667553424835
 20
564.5955838561058
 10
176.74260330200195
 20
564.7333607673645
 10
176.69245421886444
 20
564.8863304257393
 10
176.6758270263672
 20
565.0514526367188
  0
LWPOLYLINE
  5
A9
330
17
100
AcDbEntity
  8
SCHEMATICS
 62
7
100
AcDbPolyline
 90
9
 70
0
 10
176.6758270263672
 20
565.0514526367188
 10
176.6758270263672
 20
565.3133721351624
 10
176.6758270263672
 20
565.7245769500732
 10
176.6758270263672
 20
566.2337918281555
 10
176.6758270263672
 20
566.7897415161133
 10
176.6758270263672
 20
567.3411507606506
 10
176.6758270263672
 20
567.8367443084717
 10
176.6758270263672
 20
568.2252469062805
 10
176.6758270263672
 20
568.4553833007812
  0
LWPOLYLINE
  5
AA
330
17
100
AcDbEntity
  8
SCHEMATICS
 62
7
100
AcDbPolyline
 90
9
 70
0
 10
176.6758270263672
 20
568.4553833007812
 10
176.67022001743317
 20
568.5981627702713
 10
176.6592264175415
 20
568.7527017593384
 10
176.6515873670578
 20
568.9095081090927
 10
176.65604400634766
 20
569.0590896606445
 10
176.68133747577667
 20
569.1919542551041
 10
176.73620891571045
 20
569.2986097335815
 10
176.8293994665146
 20
569.3695639371872
 10
176.9696502685547
 20
569.3953247070312
  0
LWPOLYLINE
  5
AB
330
17
100
AcDbEntity
  8
SCHEMATICS
 62
7
100
AcDbPolyline
 90
9
 70
0
 10
176.9696502685547
 20
569.3953247070312
 10
177.25522929430008
 20
569.3953247070312
 10
177.73146295547485
 20
569.3953247070312
 10
178.3278517127037
 20
569.3953247070312
 10
178.97389602661133
 20
569.3953247070312
 10
179.59909635782242
 20
569.3953247070312
 10
180.13295316696167
 20
569.3953247070312
 10
180.50496691465378
 20
569.3953247070312
 10
180.64463806152344
 20
569.3953247070312
  0
LINE
  5
AC
330
17
100
AcDbEntity
  8
SCHEMATICS
 62
7
100
AcDbLine
 10
180.64463806152344
 20
569.3953247070312
 30
0.0
 11
180.64463806152344
 21
570.33544921875
 31
0.0
  0
LWPOLYLINE
  5
AD
330
17
100
AcDbEntity
  8
SCHEMATICS
 62
7
100
AcDbPolyline
 90
9
 70
0
 10
180.64463806152344
 20
570.33544921875
 10
180.51000121235847
 20
570.33544921875
 10
180.1510088443756
 20
570.33544921875
 10
179.63503822684288
 20
570.33544921875
 10
179.02946662902832
 20
570.33544921875
 10
178.40167132019997
 20
570.33544921875
 10
177.81902956962585
 20
570.33544921875
 10
177.34891864657402
 20
570.33544921875
 10
177.0587158203125
 20
570.33544921875
  0
LWPOLYLINE
  5
AE
330
17
100
AcDbEntity
  8
SCHEMATICS
 62
7
100
AcDbPolyline
 90
9
 70
0
 10
177.0587158203125
 20
570.33544921875
 10
176.90613895654678
 20
570.3506442904472
 10
176.79886960983276
 20
570.3931918144226
 10
176.72921341657639
 20
570.4585352540016
 10
176.6894760131836
 20
570.5421180725098
 10
176.67196303606033
 20
570.6393837332726
 10
176.66898012161255
 20
570.7457756996155
 10
176.67283290624619
 20
570.856737434864
 10
176.6758270263672
 20
570.9677124023438
  0
LWPOLYLINE
  5
AF
330
17
100
AcDbEntity
  8
SCHEMATICS
 62
7
100
AcDbPolyline
 90
9
 70
0
 10
176.6758270263672
 20
570.9677124023438
 10
176.6758270263672
 20
571.1614557504654
 10
176.6758270263672
 20
571.4934816360474
 10
176.6758270263672
 20
571.9182003736496
 10
176.6758270263672
 20
572.390022277832
 10
176.6758270263672
 20
572.8633576631546
 10
176.6758270263672
 20
573.2926168441772
 10
176.6758270263672
 20
573.6322101354599
 10
176.6758270263672
 20
573.8365478515625
  0
LWPOLYLINE
  5
B0
330
17
100
AcDbEntity
  8
SCHEMATICS
 62
7
100
AcDbPolyline
 90
9
 70
0
 10
176.6758270263672
 20
573.8365478515625
 10
176.67661571502686
 20
573.9675384759903
 10
176.68399906158447
 20
574.1112756729126
 10
176.70550298690796
 20
574.2584475278854
 10
176.74865341186523
 20
574.3997421264648
 10
176.82097625732422
 20
574.5258475542068
 10
176.92999744415283
 20
574.6274518966675
 10
177.083242893219
 20
574.6952432394028
 10
177.28823852539062
 20
574.7199096679688
  0
LWPOLYLINE
  5
B1
330
17
100
AcDbEntity
  8
SCHEMATICS
 62
7
100
AcDbPolyline
 90
9
 70
0
 10
177.28823852539062
 20
574.7199096679688
 10
177.66212844848633
 20
574.7199096679688
 10
178.26054573059082
 20
574.7199096679688
 10
178.99892139434814
 20
574.7199096679688
 10
179.79268646240234
 20
574.7199096679688
 10
180.55727195739746
 20
574.7199096679688
 10
181.20810890197754
 20
574.7199096679688
 10
181.66062831878662
 20
574.7199096679688
 10
181.83026123046875
 20
574.7199096679688
  0
LINE
  5
B2
330
17
100
AcDbEntity
  8
SCHEMATICS
 62
7
100
AcDbLine
 10
181.83026123046875
 20
574.7199096679688
 30
0.0
 11
181.83026123046875
 21
575.9112854003906
 31
0.0
  0
LWPOLYLINE
  5
B3
330
17
100
AcDbEntity
  8
SCHEMATICS
 62
7
100
AcDbPolyline
 90
9
 70
0
 10
192.64768981933594
 20
573.8365478515625
 10
192.5830963253975
 20
573.9368441104889
 10
192.38653421401978
 20
574.2012615203857
 10
192.05383104085922
 20
574.5750930309296
 10
191.58081436157227
 20
575.0036315917969
 10
190.96331173181534
 20
575.4321701526642
 10
190.19715070724487
 20
575.806001663208
 10
189.2781588435173
 20
576.0704190731049
 10
188.20216369628906
 20
576.1707153320312
  0
LWPOLYLINE
  5
B4
330
17
100
AcDbEntity
  8
SCHEMATICS
 62
7
100
AcDbPolyline
 90
9
 70
0
 10
188.20216369628906
 20
576.1707153320312
 10
187.22930333018303
 20
576.0604838728905
 10
186.2317636013031
 20
575.7325739860535
 10
185.2571317255497
 20
575.1911624073982
 10
184.35299491882324
 20
574.4404258728027
 10
183.56694039702415
 20
573.484541118145
 10
182.94655537605286
 20
572.327684879303
 10
182.53942707180977
 20
570.9740338921547
 10
182.3931427001953
 20
569.4277648925781
  0
LWPOLYLINE
  5
B5
330
17
100
AcDbEntity
  8
SCHEMATICS
 62
7
100
AcDbPolyline
 90
9
 70
0
 10
182.3931427001953
 20
569.4277648925781
 10
182.55800652503967
 20
567.779558122158
 10
183.01184368133545
 20
566.3992056846619
 10
183.69352269172668
 20
565.2718842625618
 10
184.54191207885742
 20
564.3827705383301
 10
185.4958803653717
 20
563.7170411944389
 10
186.49429607391357
 20
563.2598729133606
 10
187.47602772712708
 20
562.9964423775673
 10
188.37994384765625
 20
562.9119262695312
  0
LWPOLYLINE
  5
B6
330
17
100
AcDbEntity
  8
SCHEMATICS
 62
7
100
AcDbPolyline
 90
9
 70
0
 10
188.37994384765625
 20
562.9119262695312
 10
189.56823420524597
 20
563.0498306751251
 10
190.56200504302979
 20
563.4133968353271
 10
191.3723771572113
 20
563.927404165268
 10
192.01047134399414
 20
564.5166320800781
 10
192.4874083995819
 20
565.1058599948883
 10
192.81430912017822
 20
565.6198673248291
 10
193.0022943019867
 20
565.9834334850311
 10
193.06248474121094
 20
566.121337890625
  0
LINE
  5
B7
330
17
100
AcDbEntity
  8
SCHEMATICS
 62
7
100
AcDbLine
 10
193.06248474121094
 20
566.121337890625
 30
0.0
 11
192.46986389160156
 21
566.67236328125
 31
0.0
  0
LWPOLYLINE
  5
B8
330
17
100
AcDbEntity
  8
SCHEMATICS
 62
7
100
AcDbPolyline
 90
9
 70
0
 10
192.46986389160156
 20
566.67236328125
 10
192.39745235443115
 20
566.5504751205444
 10
192.18646717071533
 20
566.229133605957
 10
191.84628248214722
 20
565.7748231887817
 10
191.38627243041992
 20
565.2540283203125
 10
190.81581115722656
 20
564.7332334518433
 10
190.14427280426025
 20
564.278923034668
 10
189.3810315132141
 20
563.9575815200806
 10
188.53546142578125
 20
563.835693359375
  0
LWPOLYLINE
  5
B9
330
17
100
AcDbEntity
  8
SCHEMATICS
 62
7
100
AcDbPolyline
 90
9
 70
0
 10
188.53546142578125
 20
563.835693359375
 10
187.95647123456
 20
563.9057831168175
 10
187.33355736732483
 20
564.1259303092957
 10
186.7040520608425
 20
564.5109518170357
 10
186.10528755187988
 20
565.0756645202637
 10
185.57459607720375
 20
565.8348852992058
 10
185.14930987358093
 20
566.8034310340881
 10
184.86676117777824
 20
567.9961186051369
 10
184.7642822265625
 20
569.4277648925781
  0
LWPOLYLINE
  5
BA
330
17
100
AcDbEntity
  8
SCHEMATICS
 62
7
100
AcDbPolyline
 90
9
 70
0
 10
184.7642822265625
 20
569.4277648925781
 10
184.85214072465897
 20
570.9973636269569
 10
185.0991826057434
 20
572.2714104652405
 10
185.4806074500084
 20
573.2764961123466
 10
185.97161483764648
 20
574.0392112731934
 10
186.54740434885025
 20
574.5861466526985
 10
187.18317556381226
 20
574.94389295578
 10
187.85412806272507
 20
575.1390408873558
 10
188.53546142578125
 20
575.1981811523438
  0
LWPOLYLINE
  5
BB
330
17
100
AcDbEntity
  8
SCHEMATICS
 62
7
100
AcDbPolyline
 90
9
 70
0
 10
188.53546142578125
 20
575.1981811523438
 10
189.32359346747398
 20
575.111820101738
 10
190.018483877182
 20
574.8841409683228
 10
190.61648252606392
 20
574.5622497797012
 10
191.11393928527832
 20
574.1932525634766
 10
191.5072040259838
 20
573.8242553472519
 10
191.792626619339
 20
573.5023641586304
 10
191.96655693650246
 20
573.2746850252151
 10
192.0253448486328
 20
573.1883239746094
  0
LINE
  5
BC
330
17
100
AcDbEntity
  8
SCHEMATICS
 62
7
100
AcDbLine
 10
192.0253448486328
 20
573.1883239746094
 30
0.0
 11
192.64768981933594
 21
573.8365478515625
 31
0.0
  0
LINE
  5
BD
330
17
100
AcDbEntity
  8
SCHEMATICS
 62
7
100
AcDbLine
 10
188.81222534179688
 20
559.6053466796875
 30
0.0
 11
168.40472412109375
 21
559.6053466796875
 31
0.0
  0
LINE
  5
BE
330
17
100
AcDbEntity
  8
SCHEMATICS
 62
7
100
AcDbLine
 10
168.40472412109375
 20
559.6053466796875
 30
0.0
 11
168.40472412109375
 21
560.1403198242188
 31
0.0
  0
LINE
  5
BF
330
17
100
AcDbEntity
  8
SCHEMATICS
 62
7
100
AcDbLine
 10
168.40472412109375
 20
560.1403198242188
 30
0.0
 11
189.48312377929688
 21
560.1403198242188
 31
0.0
  0
LWPOLYLINE
  5
C0
330
17
100
AcDbEntity
  8
SCHEMATICS
 62
7
100
AcDbPolyline
 90
9
 70
0
 10
189.48312377929688
 20
560.1403198242188
 10
189.4814294576645
 20
560.1418823599815
 10
189.4741382598877
 20
560.1437220573425
 10
189.45793783664703
 20
560.1415670514107
 10
189.42951583862305
 20
560.1311454772949
 10
189.38555991649628
 20
560.1081854701042
 10
189.32275772094727
 20
560.0684151649475
 10
189.23779690265656
 20
560.0075626969337
 10
189.1273651123047
 20
559.9213562011719
  0
LWPOLYLINE
  5
C1
330
17
100
AcDbEntity
  8
SCHEMATICS
 62
7
100
AcDbPolyline
 90
9
 70
0
 10
189.1273651123047
 20
559.9213562011719
 10
189.04464450478554
 20
559.8519206643105
 10
188.97647309303284
 20
559.7899041175842
 10
188.92176601290703
 20
559.735873401165
 10
188.87943840026855
 20
559.6903953552246
 10
188.84840539097786
 20
559.6540368199348
 10
188.82758212089539
 20
559.6273646354675
 10
188.81588372588158
 20
559.6109456419945
 10
188.81222534179688
 20
559.6053466796875
  0
LINE
  5
C2
330
17
100
AcDbEntity
  8
SCHEMATICS
 62
7
100
AcDbLine
 10
188.5940704345703
 20
558.1278381347656
 30
0.0
 11
188.5940704345703
 21
558.7273864746094
 31
0.0
  0
LINE
  5
C3
330
17
100
AcDbEntity
  8
SCHEMATICS
 62
7
100
AcDbLine
 10
188.5940704345703
 20
558.7273864746094
 30
0.0
 11
168.40472412109375
 21
558.7273864746094
 31
0.0
  0
LINE
  5
C4
330
17
100
AcDbEntity
  8
SCHEMATICS
 62
7
100
AcDbLine
 10
168.40472412109375
 20
558.7273864746094
 30
0.0
 11
168.40472412109375
 21
558.1278381347656
 31
0.0
  0
LINE
  5
C5
330
17
100
AcDbEntity
  8
SCHEMATICS
 62
7
100
AcDbLine
 10
168.40472412109375
 20
558.1278381347656
 30
0.0
 11
188.5940704345703
 21
558.1278381347656
 31
0.0
  0
LINE
  5
C6
330
17
100
AcDbEntity
  8
SCHEMATICS
 62
7
100
AcDbLine
 10
189.46678161621094
 20
556.6363830566406
 30
0.0
 11
168.40472412109375
 21
556.6444396972656
 31
0.0
  0
LINE
  5
C7
330
17
100
AcDbEntity
  8
SCHEMATICS
 62
7
100
AcDbLine
 10
168.40472412109375
 20
556.6444396972656
 30
0.0
 11
168.40472412109375
 21
557.1713562011719
 31
0.0
  0
LINE
  5
C8
330
17
100
AcDbEntity
  8
SCHEMATICS
 62
7
100
AcDbLine
 10
168.40472412109375
 20
557.1713562011719
 30
0.0
 11
188.80421447753906
 21
557.1631774902344
 31
0.0
  0
LWPOLYLINE
  5
C9
330
17
100
AcDbEntity
  8
SCHEMATICS
 62
7
100
AcDbPolyline
 90
9
 70
0
 10
188.80421447753906
 20
557.1631774902344
 10
188.80899849534035
 20
557.1588331460953
 10
188.82277989387512
 20
557.1461839675903
 10
188.84470269083977
 20
557.1258057355881
 10
188.87391090393066
 20
557.098274230957
 10
188.9095485508442
 20
557.0641652345657
 10
188.95075964927673
 20
557.0240545272827
 10
188.99668821692467
 20
556.9785178899765
 10
189.04647827148438
 20
556.9281311035156
  0
LWPOLYLINE
  5
CA
330
17
100
AcDbEntity
  8
SCHEMATICS
 62
7
100
AcDbPolyline
 90
9
 70
0
 10
189.04647827148438
 20
556.9281311035156
 10
189.14123532176018
 20
556.8372901082039
 10
189.22484850883484
 20
556.7674851417542
 10
189.29685845971107
 20
556.7159656882286
 10
189.3568058013916
 20
556.6799812316895
 10
189.40423116087914
 20
556.6567812561989
 10
189.4386751651764
 20
556.6436152458191
 10
189.4596784412861
 20
556.6377326846123
 10
189.46678161621094
 20
556.6363830566406
  0
LWPOLYLINE
  5
CB
330
17
100
AcDbEntity
  8
SCHEMATICS
 62
7
100
AcDbPolyline
 90
9
 70
0
 10
191.042724609375
 20
556.5674438476562
 10
191.39279982447624
 20
556.6044578552246
 10
191.71888518333435
 20
556.7106170654297
 10
192.0139881670475
 20
556.8785972595215
 10
192.27111625671387
 20
557.10107421875
 10
192.48327693343163
 20
557.3707237243652
 10
192.64347767829895
 20
557.6802215576172
 10
192.74472597241402
 20
558.0222434997559
 10
192.780029296875
 20
558.3894653320312
  0
LWPOLYLINE
  5
CC
330
17
100
AcDbEntity
  8
SCHEMATICS
 62
7
100
AcDbPolyline
 90
9
 70
0
 10
192.780029296875
 20
558.3894653320312
 10
192.74472597241402
 20
558.7567703723907
 10
192.64347767829895
 20
559.0988597869873
 10
192.48327693343163
 20
559.4084107875824
 10
192.27111625671387
 20
559.6781005859375
 10
192.0139881670475
 20
559.9006063938141
 10
191.71888518333435
 20
560.0686054229736
 10
191.39279982447624
 20
560.1747748851776
 10
191.042724609375
 20
560.2117919921875
  0
LWPOLYLINE
  5
CD
330
17
100
AcDbEntity
  8
SCHEMATICS
 62
7
100
AcDbPolyline
 90
9
 70
0
 10
191.042724609375
 20
560.2117919921875
 10
190.69262659549713
 20
560.1747748851776
 10
190.3665475845337
 20
560.0686054229736
 10
190.07147204875946
 20
559.9006063938141
 10
189.81438446044922
 20
559.6781005859375
 10
189.60226929187775
 20
559.4084107875824
 10
189.44211101531982
 20
559.0988597869873
 10
189.34089410305023
 20
558.7567703723907
 10
189.30560302734375
 20
558.3894653320312
  0
LWPOLYLINE
  5
CE
330
17
100
AcDbEntity
  8
SCHEMATICS
 62
7
100
AcDbPolyline
 90
9
 70
0
 10
189.30560302734375
 20
558.3894653320312
 10
189.34089410305023
 20
558.0222434997559
 10
189.44211101531982
 20
557.6802215576172
 10
189.60226929187775
 20
557.3707237243652
 10
189.81438446044922
 20
557.10107421875
 10
190.07147204875946
 20
556.8785972595215
 10
190.3665475845337
 20
556.7106170654297
 10
190.69262659549713
 20
556.6044578552246
 10
191.042724609375
 20
556.5674438476562
  0
LWPOLYLINE
  5
CF
330
17
100
AcDbEntity
  8
SCHEMATICS
 62
7
100
AcDbPolyline
 90
9
 70
0
 10
191.0022430419922
 20
555.8681945800781
 10
191.50668546557426
 20
555.9194104671478
 10
191.97652506828308
 20
556.0663032531738
 10
192.40169659256935
 20
556.2987406253815
 10
192.7721347808838
 20
556.6065902709961
 10
193.0777743756771
 20
556.979719877243
 10
193.30855011940002
 20
557.4079971313477
 10
193.45439675450325
 20
557.8812897205353
 10
193.5052490234375
 20
558.3894653320312
  0
LWPOLYLINE
  5
D0
330
17
100
AcDbEntity
  8
SCHEMATICS
 62
7
100
AcDbPolyline
 90
9
 70
0
 10
193.5052490234375
 20
558.3894653320312
 10
193.45439675450325
 20
558.8976891040802
 10
193.30855011940002
 20
559.3710327148438
 10
193.0777743756771
 20
559.7993609905243
 10
192.7721347808838
 20
560.1725387573242
 10
192.40169659256935
 20
560.4804308414459
 10
191.97652506828308
 20
560.7129020690918
 10
191.50668546557426
 20
560.8598172664642
 10
191.0022430419922
 20
560.9110412597656
  0
LWPOLYLINE
  5
D1
330
17
100
AcDbEntity
  8
SCHEMATICS
 62
7
100
AcDbPolyline
 90
9
 70
0
 10
191.0022430419922
 20
560.9110412597656
 10
190.49788427352905
 20
560.8598172664642
 10
190.02810382843018
 20
560.7129020690918
 10
189.60297107696533
 20
560.4804308414459
 10
189.2325553894043
 20
560.1725387573242
 10
188.92692613601685
 20
559.7993609905243
 10
188.69615268707275
 20
559.3710327148438
 10
188.5503044128418
 20
558.8976891040802
 10
188.49945068359375
 20
558.3894653320312
  0
LWPOLYLINE
  5
D2
330
17
100
AcDbEntity
  8
SCHEMATICS
 62
7
100
AcDbPolyline
 90
9
 70
0
 10
188.49945068359375
 20
558.3894653320312
 10
188.5503044128418
 20
557.8812897205353
 10
188.69615268707275
 20
557.4079971313477
 10
188.92692613601685
 20
556.979719877243
 10
189.2325553894043
 20
556.6065902709961
 10
189.60297107696533
 20
556.2987406253815
 10
190.02810382843018
 20
556.0663032531738
 10
190.49788427352905
 20
555.9194104671478
 10
191.0022430419922
 20
555.8681945800781
  0
LWPOLYLINE
  5
D3
330
17
100
AcDbEntity
  8
SCHEMATICS
 62
7
100
AcDbPolyline
 90
9
 70
0
 10
191.05088806152344
 20
556.5674438476562
 10
191.40091356635094
 20
556.6044578552246
 10
191.7269628047943
 20
556.7106170654297
 10
192.02204111218452
 20
556.8785972595215
 10
192.27915382385254
 20
557.10107421875
 10
192.49130627512932
 20
557.3707237243652
 10
192.65150380134583
 20
557.6802215576172
 10
192.75275173783302
 20
558.0222434997559
 10
192.78805541992188
 20
558.3894653320312
  0
LWPOLYLINE
  5
D4
330
17
100
AcDbEntity
  8
SCHEMATICS
 62
7
100
AcDbPolyline
 90
9
 70
0
 10
192.78805541992188
 20
558.3894653320312
 10
192.75275173783302
 20
558.7567703723907
 10
192.65150380134583
 20
559.0988597869873
 10
192.49130627512932
 20
559.4084107875824
 10
192.27915382385254
 20
559.6781005859375
 10
192.02204111218452
 20
559.9006063938141
 10
191.7269628047943
 20
560.0686054229736
 10
191.40091356635094
 20
560.1747748851776
 10
191.05088806152344
 20
560.2117919921875
  0
LWPOLYLINE
  5
D5
330
17
100
AcDbEntity
  8
SCHEMATICS
 62
7
100
AcDbPolyline
 90
9
 70
0
 10
191.05088806152344
 20
560.2117919921875
 10
190.70077472925186
 20
560.1747748851776
 10
190.37467432022095
 20
560.0686054229736
 10
190.07957381010056
 20
559.9006063938141
 10
189.82246017456055
 20
559.6781005859375
 10
189.61032038927078
 20
559.4084107875824
 10
189.45014142990112
 20
559.0988597869873
 10
189.34891027212143
 20
558.7567703723907
 10
189.31361389160156
 20
558.3894653320312
  0
LWPOLYLINE
  5
D6
330
17
100
AcDbEntity
  8
SCHEMATICS
 62
7
100
AcDbPolyline
 90
9
 70
0
 10
189.31361389160156
 20
558.3894653320312
 10
189.34891027212143
 20
558.0222434997559
 10
189.45014142990112
 20
557.6802215576172
 10
189.61032038927078
 20
557.3707237243652
 10
189.82246017456055
 20
557.10107421875
 10
190.07957381010056
 20
556.8785972595215
 10
190.37467432022095
 20
556.7106170654297
 10
190.70077472925186
 20
556.6044578552246
 10
191.05088806152344
 20
556.5674438476562
  0
LINE
  5
D7
330
17
100
AcDbEntity
  8
SCHEMATICS
 62
7
100
AcDbLine
 10
198.0142059326172
 20
553.3910827636719
 30
0.0
 11
198.34548950195312
 21
553.3910827636719
 31
0.0
  0
LWPOLYLINE
  5
D8
330
17
100
AcDbEntity
  8
SCHEMATICS
 62
7
100
AcDbPolyline
 90
9
 70
0
 10
198.34548950195312
 20
553.3910827636719
 10
198.44913566112518
 20
553.3923224210739
 10
198.54782009124756
 20
553.3983449935913
 10
198.63881266117096
 20
553.412605881691
 10
198.7193832397461
 20
553.4385604858398
 10
198.78680169582367
 20
553.4796642065048
 10
198.8383378982544
 20
553.5393724441528
 10
198.87126171588898
 20
553.6211405992508
 10
198.88284301757812
 20
553.7284240722656
  0
LWPOLYLINE
  5
D9
330
17
100
AcDbEntity
  8
SCHEMATICS
 62
7
100
AcDbPolyline
 90
9
 70
0
 10
198.88284301757812
 20
553.7284240722656
 10
198.8723916709423
 20
553.8198298215866
 10
198.84300589561462
 20
553.8919401168823
 10
198.79763808846474
 20
553.9469457864761
 10
198.7392406463623
 20
553.9870376586914
 10
198.670765966177
 20
554.0144065618515
 10
198.59516644477844
 20
554.0312433242798
 10
198.51539447903633
 20
554.0397387742996
 10
198.4344024658203
 20
554.0420837402344
  0
LINE
  5
DA
330
17
100
AcDbEntity
  8
SCHEMATICS
 62
7
100
AcDbLine
 10
198.4344024658203
 20
554.0420837402344
 30
0.0
 11
198.0142059326172
 21
554.0420837402344
 31
0.0
  0
LINE
  5
DB
330
17
100
AcDbEntity
  8
SCHEMATICS
 62
7
100
AcDbLine
 10
198.0142059326172
 20
554.0420837402344
 30
0.0
 11
198.0142059326172
 21
553.3910827636719
 31
0.0
  0
LINE
  5
DC
330
17
100
AcDbEntity
  8
SCHEMATICS
 62
7
100
AcDbLine
 10
197.69691467285156
 20
554.2997436523438
 30
0.0
 11
198.48585510253906
 21
554.2997436523438
 31
0.0
  0
LWPOLYLINE
  5
DD
330
17
100
AcDbEntity
  8
SCHEMATICS
 62
7
100
AcDbPolyline
 90
9
 70
0
 10
198.48585510253906
 20
554.2997436523438
 10
198.65597680211067
 20
554.2907234430313
 10
198.8023521900177
 20
554.2635908126831
 10
198.92530903220177
 20
554.2182377576828
 10
199.0251750946045
 20
554.1545562744141
 10
199.1022781431675
 20
554.0724383592606
 10
199.1569459438324
 20
553.971776008606
 10
199.18950626254082
 20
553.8524612188339
 10
199.20028686523438
 20
553.7143859863281
  0
LWPOLYLINE
  5
DE
330
17
100
AcDbEntity
  8
SCHEMATICS
 62
7
100
AcDbPolyline
 90
9
 70
0
 10
199.20028686523438
 20
553.7143859863281
 10
199.1896549463272
 20
553.5855267047882
 10
199.1590394973755
 20
553.4757804870605
 10
199.11036098003387
 20
553.3840472698212
 10
199.04553985595703
 20
553.3092269897461
 10
198.96649658679962
 20
553.2502195835114
 10
198.8751516342163
 20
553.205924987793
 10
198.77342545986176
 20
553.175243139267
 10
198.66323852539062
 20
553.1570739746094
  0
LINE
  5
DF
330
17
100
AcDbEntity
  8
SCHEMATICS
 62
7
100
AcDbLine
 10
198.66323852539062
 20
553.1570739746094
 30
0.0
 11
199.24691772460938
 21
552.2535095214844
 31
0.0
  0
LINE
  5
E0
330
17
100
AcDbEntity
  8
SCHEMATICS
 62
7
100
AcDbLine
 10
199.24691772460938
 20
552.2535095214844
 30
0.0
 11
198.90615844726562
 21
552.2535095214844
 31
0.0
  0
LINE
  5
E1
330
17
100
AcDbEntity
  8
SCHEMATICS
 62
7
100
AcDbLine
 10
198.90615844726562
 20
552.2535095214844
 30
0.0
 11
198.35060119628906
 21
553.1336975097656
 31
0.0
  0
LINE
  5
E2
330
17
100
AcDbEntity
  8
SCHEMATICS
 62
7
100
AcDbLine
 10
198.35060119628906
 20
553.1336975097656
 30
0.0
 11
198.0142059326172
 21
553.1336975097656
 31
0.0
  0
LINE
  5
E3
330
17
100
AcDbEntity
  8
SCHEMATICS
 62
7
100
AcDbLine
 10
198.0142059326172
 20
553.1336975097656
 30
0.0
 11
198.0142059326172
 21
552.2535095214844
 31
0.0
  0
LINE
  5
E4
330
17
100
AcDbEntity
  8
SCHEMATICS
 62
7
100
AcDbLine
 10
198.0142059326172
 20
552.2535095214844
 30
0.0
 11
197.69691467285156
 21
552.2535095214844
 31
0.0
  0
LINE
  5
E5
330
17
100
AcDbEntity
  8
SCHEMATICS
 62
7
100
AcDbLine
 10
197.69691467285156
 20
552.2535095214844
 30
0.0
 11
197.69691467285156
 21
554.2997436523438
 31
0.0
  0
LWPOLYLINE
  5
E6
330
17
100
AcDbEntity
  8
SCHEMATICS
 62
7
100
AcDbPolyline
 90
9
 70
0
 10
198.3782958984375
 20
551.7803955078125
 10
198.67180752754211
 20
551.8098397254944
 10
198.94308757781982
 20
551.8947677612305
 10
199.1869261264801
 20
552.0300726890564
 10
199.39811325073242
 20
552.2106475830078
 10
199.57143902778625
 20
552.4313855171204
 10
199.70169353485107
 20
552.6871795654297
 10
199.78366684913635
 20
552.9729228019714
 10
199.81214904785156
 20
553.2835083007812
  0
LWPOLYLINE
  5
E7
330
17
100
AcDbEntity
  8
SCHEMATICS
 62
7
100
AcDbPolyline
 90
9
 70
0
 10
199.81214904785156
 20
553.2835083007812
 10
199.78366684913635
 20
553.5879189372063
 10
199.70169353485107
 20
553.8690218925476
 10
199.57143902778625
 20
554.1214910149574
 10
199.39811325073242
 20
554.3400001525879
 10
199.1869261264801
 20
554.5192231535912
 10
198.94308757781982
 20
554.6538338661194
 10
198.67180752754211
 20
554.7385061383247
 10
198.3782958984375
 20
554.7679138183594
  0
LWPOLYLINE
  5
E8
330
17
100
AcDbEntity
  8
SCHEMATICS
 62
7
100
AcDbPolyline
 90
9
 70
0
 10
198.3782958984375
 20
554.7679138183594
 10
198.08174937963486
 20
554.7385061383247
 10
197.80820226669312
 20
554.6538338661194
 10
197.5627525448799
 20
554.5192231535912
 10
197.3504981994629
 20
554.3400001525879
 10
197.1765372157097
 20
554.1214910149574
 10
197.04596757888794
 20
553.8690218925476
 10
196.9638872742653
 20
553.5879189372063
 10
196.93539428710938
 20
553.2835083007812
  0
LWPOLYLINE
  5
E9
330
17
100
AcDbEntity
  8
SCHEMATICS
 62
7
100
AcDbPolyline
 90
9
 70
0
 10
196.93539428710938
 20
553.2835083007812
 10
196.9638872742653
 20
552.9729228019714
 10
197.04596757888794
 20
552.6871795654297
 10
197.1765372157097
 20
552.4313855171204
 10
197.3504981994629
 20
552.2106475830078
 10
197.5627525448799
 20
552.0300726890564
 10
197.80820226669312
 20
551.8947677612305
 10
198.08174937963486
 20
551.8098397254944
 10
198.3782958984375
 20
551.7803955078125
  0
LWPOLYLINE
  5
EA
330
17
100
AcDbEntity
  8
SCHEMATICS
 62
7
100
AcDbPolyline
 90
9
 70
0
 10
198.3782958984375
 20
555.0256042480469
 10
198.72712141275406
 20
554.9912672638893
 10
199.05390882492065
 20
554.8923230171204
 10
199.35111540555954
 20
554.7348715662956
 10
199.61119842529297
 20
554.5250129699707
 10
199.8266151547432
 20
554.2688472867012
 10
199.98982286453247
 20
553.9724745750427
 10
200.09327882528305
 20
553.6419948935509
 10
200.1294403076172
 20
553.2835083007812
  0
LWPOLYLINE
  5
EB
330
17
100
AcDbEntity
  8
SCHEMATICS
 62
7
100
AcDbPolyline
 90
9
 70
0
 10
200.1294403076172
 20
553.2835083007812
 10
200.09327882528305
 20
552.9187657833099
 10
199.98982286453247
 20
552.5836219787598
 10
199.8266151547432
 20
552.2839434146881
 10
199.61119842529297
 20
552.0255966186523
 10
199.35111540555954
 20
551.8144481182098
 10
199.05390882492065
 20
551.656364440918
 10
198.72712141275406
 20
551.5572121143341
 10
198.3782958984375
 20
551.5228576660156
  0
LWPOLYLINE
  5
EC
330
17
100
AcDbEntity
  8
SCHEMATICS
 62
7
100
AcDbPolyline
 90
9
 70
0
 10
198.3782958984375
 20
551.5228576660156
 10
198.02786150574684
 20
551.5572121143341
 10
197.69946217536926
 20
551.656364440918
 10
197.40070769190788
 20
551.8144481182098
 10
197.13920783996582
 20
552.0255966186523
 10
196.9225724041462
 20
552.2839434146881
 10
196.75841116905212
 20
552.5836219787598
 10
196.65433391928673
 20
552.9187657833099
 10
196.61795043945312
 20
553.2835083007812
  0
LWPOLYLINE
  5
ED
330
17
100
AcDbEntity
  8
SCHEMATICS
 62
7
100
AcDbPolyline
 90
9
 70
0
 10
196.61795043945312
 20
553.2835083007812
 10
196.65433391928673
 20
553.6419948935509
 10
196.75841116905212
 20
553.9724745750427
 10
196.9225724041462
 20
554.2688472867012
 10
197.13920783996582
 20
554.5250129699707
 10
197.40070769190788
 20
554.7348715662956
 10
197.69946217536926
 20
554.8923230171204
 10
198.02786150574684
 20
554.9912672638893
 10
198.3782958984375
 20
555.0256042480469
  0
LINE
  5
EE
330
17
100
AcDbEntity
  8
SCHEMATICS
 62
7
100
AcDbLine
 10
233.37399291992188
 20
553.3353881835938
 30
0.0
 11
232.69493103027344
 21
553.3353881835938
 31
0.0
  0
LINE
  5
EF
330
17
100
AcDbEntity
  8
SCHEMATICS
 62
7
100
AcDbLine
 10
232.69493103027344
 20
553.3353881835938
 30
0.0
 11
232.69493103027344
 21
553.5642700195312
 31
0.0
  0
LINE
  5
F0
330
17
100
AcDbEntity
  8
SCHEMATICS
 62
7
100
AcDbLine
 10
232.69493103027344
 20
553.5642700195312
 30
0.0
 11
234.3239288330078
 21
553.5642700195312
 31
0.0
  0
LINE
  5
F1
330
17
100
AcDbEntity
  8
SCHEMATICS
 62
7
100
AcDbLine
 10
234.3239288330078
 20
553.5642700195312
 30
0.0
 11
234.3239288330078
 21
553.3353881835938
 31
0.0
  0
LINE
  5
F2
330
17
100
AcDbEntity
  8
SCHEMATICS
 62
7
100
AcDbLine
 10
234.3239288330078
 20
553.3353881835938
 30
0.0
 11
233.64523315429688
 21
553.3353881835938
 31
0.0
  0
LINE
  5
F3
330
17
100
AcDbEntity
  8
SCHEMATICS
 62
7
100
AcDbLine
 10
233.64523315429688
 20
553.3353881835938
 30
0.0
 11
233.64523315429688
 21
551.521240234375
 31
0.0
  0
LINE
  5
F4
330
17
100
AcDbEntity
  8
SCHEMATICS
 62
7
100
AcDbLine
 10
233.64523315429688
 20
551.521240234375
 30
0.0
 11
233.37399291992188
 21
551.521240234375
 31
0.0
  0
LINE
  5
F5
330
17
100
AcDbEntity
  8
SCHEMATICS
 62
7
100
AcDbLine
 10
233.37399291992188
 20
551.521240234375
 30
0.0
 11
233.37399291992188
 21
553.3353881835938
 31
0.0
  0
LINE
  5
F6
330
17
100
AcDbEntity
  8
SCHEMATICS
 62
7
100
AcDbLine
 10
234.78396606445312
 20
553.5642700195312
 30
0.0
 11
235.15484619140625
 21
553.5642700195312
 31
0.0
  0
LINE
  5
F7
330
17
100
AcDbEntity
  8
SCHEMATICS
 62
7
100
AcDbLine
 10
235.15484619140625
 20
553.5642700195312
 30
0.0
 11
235.79660034179688
 21
551.8474731445312
 31
0.0
  0
LINE
  5
F8
330
17
100
AcDbEntity
  8
SCHEMATICS
 62
7
100
AcDbLine
 10
235.79660034179688
 20
551.8474731445312
 30
0.0
 11
236.4413299560547
 21
553.5642700195312
 31
0.0
  0
LINE
  5
F9
330
17
100
AcDbEntity
  8
SCHEMATICS
 62
7
100
AcDbLine
 10
236.4413299560547
 20
553.5642700195312
 30
0.0
 11
236.81256103515625
 21
553.5642700195312
 31
0.0
  0
LINE
  5
FA
330
17
100
AcDbEntity
  8
SCHEMATICS
 62
7
100
AcDbLine
 10
236.81256103515625
 20
553.5642700195312
 30
0.0
 11
236.81256103515625
 21
551.521240234375
 31
0.0
  0
LINE
  5
FB
330
17
100
AcDbEntity
  8
SCHEMATICS
 62
7
100
AcDbLine
 10
236.81256103515625
 20
551.521240234375
 30
0.0
 11
236.55587768554688
 21
551.521240234375
 31
0.0
  0
LINE
  5
FC
330
17
100
AcDbEntity
  8
SCHEMATICS
 62
7
100
AcDbLine
 10
236.55587768554688
 20
551.521240234375
 30
0.0
 11
236.55587768554688
 21
553.2207946777344
 31
0.0
  0
LINE
  5
FD
330
17
100
AcDbEntity
  8
SCHEMATICS
 62
7
100
AcDbLine
 10
236.55587768554688
 20
553.2207946777344
 30
0.0
 11
236.54989624023438
 21
553.2207946777344
 31
0.0
  0
LINE
  5
FE
330
17
100
AcDbEntity
  8
SCHEMATICS
 62
7
100
AcDbLine
 10
236.54989624023438
 20
553.2207946777344
 30
0.0
 11
235.91375732421875
 21
551.521240234375
 31
0.0
  0
LINE
  5
FF
330
17
100
AcDbEntity
  8
SCHEMATICS
 62
7
100
AcDbLine
 10
235.91375732421875
 20
551.521240234375
 30
0.0
 11
235.6824188232422
 21
551.521240234375
 31
0.0
  0
LINE
  5
100
330
17
100
AcDbEntity
  8
SCHEMATICS
 62
7
100
AcDbLine
 10
235.6824188232422
 20
551.521240234375
 30
0.0
 11
235.0462646484375
 21
553.2207946777344
 31
0.0
  0
LINE
  5
101
330
17
100
AcDbEntity
  8
SCHEMATICS
 62
7
100
AcDbLine
 10
235.0462646484375
 20
553.2207946777344
 30
0.0
 11
235.04067993164062
 21
553.2207946777344
 31
0.0
  0
LINE
  5
102
330
17
100
AcDbEntity
  8
SCHEMATICS
 62
7
100
AcDbLine
 10
235.04067993164062
 20
553.2207946777344
 30
0.0
 11
235.04067993164062
 21
551.521240234375
 31
0.0
  0
LINE
  5
103
330
17
100
AcDbEntity
  8
SCHEMATICS
 62
7
100
AcDbLine
 10
235.04067993164062
 20
551.521240234375
 30
0.0
 11
234.78396606445312
 21
551.521240234375
 31
0.0
  0
LINE
  5
104
330
17
100
AcDbEntity
  8
SCHEMATICS
 62
7
100
AcDbLine
 10
234.78396606445312
 20
551.521240234375
 30
0.0
 11
234.78396606445312
 21
553.5642700195312
 31
0.0
  0
LWPOLYLINE
  5
105
330
17
100
AcDbEntity
  8
SCHEMATICS
 62
7
100
AcDbPolyline
 90
5
 70
0
 10
205.36761474609375
 20
566.0700378417969
 10
207.21188354492188
 20
575.9935607910156
 10
205.58065795898438
 20
575.9935607910156
 10
203.7367401123047
 20
566.0700378417969
 10
205.36761474609375
 20
566.0700378417969
  0
LINE
  5
106
330
17
100
AcDbEntity
  8
SCHEMATICS
 62
7
100
AcDbLine
 10
211.1407470703125
 20
566.0700378417969
 30
0.0
 11
206.7466278076172
 21
566.0700378417969
 31
0.0
  0
LINE
  5
107
330
17
100
AcDbEntity
  8
SCHEMATICS
 62
7
100
AcDbLine
 10
206.7466278076172
 20
566.0700378417969
 30
0.0
 11
208.5905303955078
 21
575.9935607910156
 31
0.0
  0
LINE
  5
108
330
17
100
AcDbEntity
  8
SCHEMATICS
 62
7
100
AcDbLine
 10
208.5905303955078
 20
575.9935607910156
 30
0.0
 11
212.81227111816406
 21
575.9935607910156
 31
0.0
  0
LINE
  5
109
330
17
100
AcDbEntity
  8
SCHEMATICS
 62
7
100
AcDbLine
 10
212.81227111816406
 20
575.9935607910156
 30
0.0
 11
212.49400329589844
 21
574.2804260253906
 31
0.0
  0
LINE
  5
10A
330
17
100
AcDbEntity
  8
SCHEMATICS
 62
7
100
AcDbLine
 10
212.49400329589844
 20
574.2804260253906
 30
0.0
 11
209.90350341796875
 21
574.2804260253906
 31
0.0
  0
LINE
  5
10B
330
17
100
AcDbEntity
  8
SCHEMATICS
 62
7
100
AcDbLine
 10
209.90350341796875
 20
574.2804260253906
 30
0.0
 11
209.41360473632812
 21
571.6421203613281
 31
0.0
  0
LINE
  5
10C
330
17
100
AcDbEntity
  8
SCHEMATICS
 62
7
100
AcDbLine
 10
209.41360473632812
 20
571.6421203613281
 30
0.0
 11
212.11903381347656
 21
571.6421203613281
 31
0.0
  0
LINE
  5
10D
330
17
100
AcDbEntity
  8
SCHEMATICS
 62
7
100
AcDbLine
 10
212.11903381347656
 20
571.6421203613281
 30
0.0
 11
211.91419982910156
 21
570.5396118164062
 31
0.0
  0
LINE
  5
10E
330
17
100
AcDbEntity
  8
SCHEMATICS
 62
7
100
AcDbLine
 10
211.91419982910156
 20
570.5396118164062
 30
0.0
 11
209.20840454101562
 21
570.5396118164062
 31
0.0
  0
LINE
  5
10F
330
17
100
AcDbEntity
  8
SCHEMATICS
 62
7
100
AcDbLine
 10
209.20840454101562
 20
570.5396118164062
 30
0.0
 11
208.6961212158203
 21
567.7830200195312
 31
0.0
  0
LINE
  5
110
330
17
100
AcDbEntity
  8
SCHEMATICS
 62
7
100
AcDbLine
 10
208.6961212158203
 20
567.7830200195312
 30
0.0
 11
211.45938110351562
 21
567.7830200195312
 31
0.0
  0
LINE
  5
111
330
17
100
AcDbEntity
  8
SCHEMATICS
 62
7
100
AcDbLine
 10
211.45938110351562
 20
567.7830200195312
 30
0.0
 11
211.1407470703125
 21
566.0700378417969
 31
0.0
  0
LINE
  5
112
330
17
100
AcDbEntity
  8
SCHEMATICS
 62
7
100
AcDbLine
 10
219.30177307128906
 20
575.3636169433594
 30
0.0
 11
218.581298828125
 21
572.7250061035156
 31
0.0
  0
LINE
  5
113
330
17
100
AcDbEntity
  8
SCHEMATICS
 62
7
100
AcDbLine
 10
218.581298828125
 20
572.7250061035156
 30
0.0
 11
218.13990783691406
 21
572.7250061035156
 31
0.0
  0
LINE
  5
114
330
17
100
AcDbEntity
  8
SCHEMATICS
 62
7
100
AcDbLine
 10
218.13990783691406
 20
572.7250061035156
 30
0.0
 11
218.3264617919922
 21
573.7292785644531
 31
0.0
  0
LWPOLYLINE
  5
115
330
17
100
AcDbEntity
  8
SCHEMATICS
 62
7
100
AcDbPolyline
 90
9
 70
0
 10
218.3264617919922
 20
573.7292785644531
 10
218.28600907325745
 20
573.7798139452934
 10
218.24301719665527
 20
573.8290629386902
 10
218.19749903678894
 20
573.8770237565041
 10
218.14946746826172
 20
573.9236946105957
 10
218.09893536567688
 20
573.9690737128258
 10
218.0459156036377
 20
574.0131592750549
 10
217.99042105674744
 20
574.0559495091438
 10
217.93246459960938
 20
574.0974426269531
  0
LWPOLYLINE
  5
116
330
17
100
AcDbEntity
  8
SCHEMATICS
 62
7
100
AcDbPolyline
 90
9
 70
0
 10
217.93246459960938
 20
574.0974426269531
 10
217.86878317594528
 20
574.1357270479202
 10
217.79638814926147
 20
574.1689138412476
 10
217.71527487039566
 20
574.1970008611679
 10
217.62543869018555
 20
574.2199859619141
 10
217.52687495946884
 20
574.2378669977188
 10
217.41957902908325
 20
574.2506418228149
 10
217.30354624986649
 20
574.2583082914352
 10
217.17877197265625
 20
574.2608642578125
  0
LWPOLYLINE
  5
117
330
17
100
AcDbEntity
  8
SCHEMATICS
 62
7
100
AcDbPolyline
 90
9
 70
0
 10
217.17877197265625
 20
574.2608642578125
 10
216.97365668416023
 20
574.2473394870758
 10
216.77104496955872
 20
574.2067680358887
 10
216.57092413306236
 20
574.1391541957855
 10
216.37328147888184
 20
574.0445022583008
 10
216.1781043112278
 20
573.9228165149689
 10
215.9853799343109
 20
573.7741012573242
 10
215.79509565234184
 20
573.5983607769012
 10
215.60723876953125
 20
573.3955993652344
  0
LWPOLYLINE
  5
118
330
17
100
AcDbEntity
  8
SCHEMATICS
 62
7
100
AcDbPolyline
 90
9
 70
0
 10
215.60723876953125
 20
573.3955993652344
 10
215.4280414879322
 20
573.169973552227
 10
215.26374459266663
 20
572.9260039329529
 10
215.11434826254845
 20
572.6636915802956
 10
214.9798526763916
 20
572.3830375671387
 10
214.86025801301003
 20
572.0840429663658
 10
214.75556445121765
 20
571.7667088508606
 10
214.66577216982841
 20
571.4310362935066
 10
214.59088134765625
 20
571.0770263671875
  0
LWPOLYLINE
  5
119
330
17
100
AcDbEntity
  8
SCHEMATICS
 62
7
100
AcDbPolyline
 90
9
 70
0
 10
214.59088134765625
 20
571.0770263671875
 10
214.53024622797966
 20
570.71194678545
 10
214.48769545555115
 20
570.3659520149231
 10
214.46322885155678
 20
570.0390409827232
 10
214.45684623718262
 20
569.7312126159668
 10
214.46854743361473
 20
569.4424658417702
 10
214.49833226203918
 20
569.1727995872498
 10
214.54620054364204
 20
568.9222127795219
 10
214.61215209960938
 20
568.6907043457031
  0
LWPOLYLINE
  5
11A
330
17
100
AcDbEntity
  8
SCHEMATICS
 62
7
100
AcDbPolyline
 90
9
 70
0
 10
214.61215209960938
 20
568.6907043457031
 10
214.6977452635765
 20
568.4825876951218
 10
214.8048071861267
 20
568.3022222518921
 10
214.93332892656326
 20
568.1496073007584
 10
215.08330154418945
 20
568.0247421264648
 10
215.25471609830856
 20
567.9276260137558
 10
215.44756364822388
 20
567.8582582473755
 10
215.66183525323868
 20
567.8166381120682
 10
215.89752197265625
 20
567.8027648925781
  0
LWPOLYLINE
  5
11B
330
17
100
AcDbEntity
  8
SCHEMATICS
 62
7
100
AcDbPolyline
 90
9
 70
0
 10
215.89752197265625
 20
567.8027648925781
 10
216.0048396885395
 20
567.8052312731743
 10
216.11663365364075
 20
567.8126368522644
 10
216.2329040467739
 20
567.8249912858009
 10
216.35365104675293
 20
567.8423042297363
 10
216.47887483239174
 20
567.864585340023
 10
216.60857558250427
 20
567.8918442726135
 10
216.74275347590446
 20
567.9240906834602
 10
216.88140869140625
 20
567.9613342285156
  0
LWPOLYLINE
  5
11C
330
17
100
AcDbEntity
  8
SCHEMATICS
 62
7
100
AcDbPolyline
 90
9
 70
0
 10
216.88140869140625
 20
567.9613342285156
 10
217.02001163363457
 20
568.0024529695511
 10
217.15429854393005
 20
568.0465478897095
 10
217.2842563688755
 20
568.0936197042465
 10
217.4098720550537
 20
568.143669128418
 10
217.53113254904747
 20
568.1966968774796
 10
217.64802479743958
 20
568.252703666687
 10
217.76053574681282
 20
568.3116902112961
 10
217.86865234375
 20
568.3736572265625
  0
LINE
  5
11D
330
17
100
AcDbEntity
  8
SCHEMATICS
 62
7
100
AcDbLine
 10
217.86865234375
 20
568.3736572265625
 30
0.0
 11
217.5321044921875
 21
566.5623168945312
 31
0.0
  0
LWPOLYLINE
  5
11E
330
17
100
AcDbEntity
  8
SCHEMATICS
 62
7
100
AcDbPolyline
 90
9
 70
0
 10
217.5321044921875
 20
566.5623168945312
 10
217.4242160320282
 20
566.489673614502
 10
217.3107042312622
 20
566.4211673736572
 10
217.19157767295837
 20
566.3568124771118
 10
217.06684494018555
 20
566.2966232299805
 10
216.93651461601257
 20
566.2406139373779
 10
216.8005952835083
 20
566.188798904419
 10
216.65909552574158
 20
566.1411924362183
 10
216.51202392578125
 20
566.0978088378906
  0
LWPOLYLINE
  5
11F
330
17
100
AcDbEntity
  8
SCHEMATICS
 62
7
100
AcDbPolyline
 90
9
 70
0
 10
216.51202392578125
 20
566.0978088378906
 10
216.36434656381607
 20
566.0590444803238
 10
216.22102403640747
 20
566.0254278182983
 10
216.08207386732101
 20
565.9969652891159
 10
215.94751358032227
 20
565.9736633300781
 10
215.8173606991768
 20
565.9555283784866
 10
215.69163274765015
 20
565.9425668716431
 10
215.5703472495079
 20
565.9347852468491
 10
215.45352172851562
 20
565.9321899414062
  0
LWPOLYLINE
  5
120
330
17
100
AcDbEntity
  8
SCHEMATICS
 62
7
100
AcDbPolyline
 90
9
 70
0
 10
215.45352172851562
 20
565.9321899414062
 10
215.04235765337944
 20
565.9532915353775
 10
214.6637647151947
 20
566.0165967941284
 10
214.3177470266819
 20
566.1221064329147
 10
214.00430870056152
 20
566.2698211669922
 10
213.72345384955406
 20
566.4597417116165
 10
213.47518658638
 20
566.6918687820435
 10
213.25951102375984
 20
566.9662030935287
 10
213.07643127441406
 20
567.2827453613281
  0
LWPOLYLINE
  5
121
330
17
100
AcDbEntity
  8
SCHEMATICS
 62
7
100
AcDbPolyline
 90
9
 70
0
 10
213.07643127441406
 20
567.2827453613281
 10
212.92707374691963
 20
567.6362279057503
 10
212.81227898597717
 20
568.0214467048645
 10
212.73205146193504
 20
568.4383949637413
 10
212.6863956451416
 20
568.8870658874512
 10
212.6753160059452
 20
569.3674526810646
 10
212.6988170146942
 20
569.8795485496521
 10
212.75690314173698
 20
570.4233466982841
 10
212.84957885742188
 20
570.9988403320312
  0
LWPOLYLINE
  5
122
330
17
100
AcDbEntity
  8
SCHEMATICS
 62
7
100
AcDbPolyline
 90
9
 70
0
 10
212.84957885742188
 20
570.9988403320312
 10
212.96002796292305
 20
571.5128471255302
 10
213.09688019752502
 20
572.0079836845398
 10
213.2601314485073
 20
572.4842482209206
 10
213.4497776031494
 20
572.9416389465332
 10
213.66581454873085
 20
573.3801540732384
 10
213.90823817253113
 20
573.7997918128967
 10
214.17704436182976
 20
574.2005503773689
 10
214.47222900390625
 20
574.5824279785156
  0
LWPOLYLINE
  5
123
330
17
100
AcDbEntity
  8
SCHEMATICS
 62
7
100
AcDbPolyline
 90
9
 70
0
 10
214.47222900390625
 20
574.5824279785156
 10
214.78842642903328
 20
574.9315797686577
 10
215.1199734210968
 20
575.2341837882996
 10
215.46686586737633
 20
575.4902382493019
 10
215.82909965515137
 20
575.6997413635254
 10
216.20667067170143
 20
575.8626913428307
 10
216.59957480430603
 20
575.9790863990784
 10
217.00780794024467
 20
576.0489247441292
 10
217.43136596679688
 20
576.0722045898438
  0
LWPOLYLINE
  5
124
330
17
100
AcDbEntity
  8
SCHEMATICS
 62
7
100
AcDbPolyline
 90
9
 70
0
 10
217.43136596679688
 20
576.0722045898438
 10
217.5489697754383
 20
576.0695126056671
 10
217.6686851978302
 20
576.0614376068115
 10
217.79052528738976
 20
576.0479810237885
 10
217.91450309753418
 20
576.0291442871094
 10
218.04063168168068
 20
576.0049288272858
 10
218.16892409324646
 20
575.9753360748291
 10
218.29939338564873
 20
575.9403674602509
 10
218.4320526123047
 20
575.9000244140625
  0
LWPOLYLINE
  5
125
330
17
100
AcDbEntity
  8
SCHEMATICS
 62
7
100
AcDbPolyline
 90
9
 70
0
 10
218.4320526123047
 20
575.9000244140625
 10
218.56268551945686
 20
575.8538605570793
 10
218.68705582618713
 20
575.8017439842224
 10
218.80516371130943
 20
575.7436671853065
 10
218.9170093536377
 20
575.6796226501465
 10
219.02259293198586
 20
575.609602868557
 10
219.12191462516785
 20
575.5336003303528
 10
219.2149746119976
 20
575.4516075253487
 10
219.30177307128906
 20
575.3636169433594
  0
LINE
  5
126
330
17
100
AcDbEntity
  8
SCHEMATICS
 62
7
100
AcDbLine
 10
222.9410858154297
 20
566.0700378417969
 30
0.0
 11
218.54696655273438
 21
566.0700378417969
 31
0.0
  0
LINE
  5
127
330
17
100
AcDbEntity
  8
SCHEMATICS
 62
7
100
AcDbLine
 10
218.54696655273438
 20
566.0700378417969
 30
0.0
 11
220.39125061035156
 21
575.9935607910156
 31
0.0
  0
LINE
  5
128
330
17
100
AcDbEntity
  8
SCHEMATICS
 62
7
100
AcDbLine
 10
220.39125061035156
 20
575.9935607910156
 30
0.0
 11
224.6129913330078
 21
575.9935607910156
 31
0.0
  0
LINE
  5
129
330
17
100
AcDbEntity
  8
SCHEMATICS
 62
7
100
AcDbLine
 10
224.6129913330078
 20
575.9935607910156
 30
0.0
 11
224.2943572998047
 21
574.2804260253906
 31
0.0
  0
LINE
  5
12A
330
17
100
AcDbEntity
  8
SCHEMATICS
 62
7
100
AcDbLine
 10
224.2943572998047
 20
574.2804260253906
 30
0.0
 11
221.7042236328125
 21
574.2804260253906
 31
0.0
  0
LINE
  5
12B
330
17
100
AcDbEntity
  8
SCHEMATICS
 62
7
100
AcDbLine
 10
221.7042236328125
 20
574.2804260253906
 30
0.0
 11
221.21395874023438
 21
571.6421203613281
 31
0.0
  0
LINE
  5
12C
330
17
100
AcDbEntity
  8
SCHEMATICS
 62
7
100
AcDbLine
 10
221.21395874023438
 20
571.6421203613281
 30
0.0
 11
223.91900634765625
 21
571.6421203613281
 31
0.0
  0
LINE
  5
12D
330
17
100
AcDbEntity
  8
SCHEMATICS
 62
7
100
AcDbLine
 10
223.91900634765625
 20
571.6421203613281
 30
0.0
 11
223.7145538330078
 21
570.5396118164062
 31
0.0
  0
LINE
  5
12E
330
17
100
AcDbEntity
  8
SCHEMATICS
 62
7
100
AcDbLine
 10
223.7145538330078
 20
570.5396118164062
 30
0.0
 11
221.00875854492188
 21
570.5396118164062
 31
0.0
  0
LINE
  5
12F
330
17
100
AcDbEntity
  8
SCHEMATICS
 62
7
100
AcDbLine
 10
221.00875854492188
 20
570.5396118164062
 30
0.0
 11
220.49684143066406
 21
567.7830200195312
 31
0.0
  0
LINE
  5
130
330
17
100
AcDbEntity
  8
SCHEMATICS
 62
7
100
AcDbLine
 10
220.49684143066406
 20
567.7830200195312
 30
0.0
 11
223.2597198486328
 21
567.7830200195312
 31
0.0
  0
LINE
  5
131
330
17
100
AcDbEntity
  8
SCHEMATICS
 62
7
100
AcDbLine
 10
223.2597198486328
 20
567.7830200195312
 30
0.0
 11
222.9410858154297
 21
566.0700378417969
 31
0.0
  0
LINE
  5
132
330
17
100
AcDbEntity
  8
SCHEMATICS
 62
7
100
AcDbLine
 10
229.0914306640625
 20
566.0700378417969
 30
0.0
 11
227.480712890625
 21
566.0700378417969
 31
0.0
  0
LINE
  5
133
330
17
100
AcDbEntity
  8
SCHEMATICS
 62
7
100
AcDbLine
 10
227.480712890625
 20
566.0700378417969
 30
0.0
 11
226.6580047607422
 21
568.1134948730469
 31
0.0
  0
LINE
  5
134
330
17
100
AcDbEntity
  8
SCHEMATICS
 62
7
100
AcDbLine
 10
226.6580047607422
 20
568.1134948730469
 30
0.0
 11
225.03834533691406
 21
566.0700378417969
 31
0.0
  0
LINE
  5
135
330
17
100
AcDbEntity
  8
SCHEMATICS
 62
7
100
AcDbLine
 10
225.03834533691406
 20
566.0700378417969
 30
0.0
 11
223.43060302734375
 21
566.0700378417969
 31
0.0
  0
LINE
  5
136
330
17
100
AcDbEntity
  8
SCHEMATICS
 62
7
100
AcDbLine
 10
223.43060302734375
 20
566.0700378417969
 30
0.0
 11
226.09872436523438
 21
569.5018615722656
 31
0.0
  0
LINE
  5
137
330
17
100
AcDbEntity
  8
SCHEMATICS
 62
7
100
AcDbLine
 10
226.09872436523438
 20
569.5018615722656
 30
0.0
 11
224.91969299316406
 21
572.4297485351562
 31
0.0
  0
LINE
  5
138
330
17
100
AcDbEntity
  8
SCHEMATICS
 62
7
100
AcDbLine
 10
224.91969299316406
 20
572.4297485351562
 30
0.0
 11
226.18118286132812
 21
573.2962036132812
 31
0.0
  0
LINE
  5
139
330
17
100
AcDbEntity
  8
SCHEMATICS
 62
7
100
AcDbLine
 10
226.18118286132812
 20
573.2962036132812
 30
0.0
 11
227.15237426757812
 21
570.8857421875
 31
0.0
  0
LINE
  5
13A
330
17
100
AcDbEntity
  8
SCHEMATICS
 62
7
100
AcDbLine
 10
227.15237426757812
 20
570.8857421875
 30
0.0
 11
229.02651977539062
 21
573.2962036132812
 31
0.0
  0
LINE
  5
13B
330
17
100
AcDbEntity
  8
SCHEMATICS
 62
7
100
AcDbLine
 10
229.02651977539062
 20
573.2962036132812
 30
0.0
 11
229.96636962890625
 21
572.4297485351562
 31
0.0
  0
LINE
  5
13C
330
17
100
AcDbEntity
  8
SCHEMATICS
 62
7
100
AcDbLine
 10
229.96636962890625
 20
572.4297485351562
 30
0.0
 11
227.7075653076172
 21
569.5071411132812
 31
0.0
  0
LINE
  5
13D
330
17
100
AcDbEntity
  8
SCHEMATICS
 62
7
100
AcDbLine
 10
227.7075653076172
 20
569.5071411132812
 30
0.0
 11
229.0914306640625
 21
566.0700378417969
 31
0.0
  0
LINE
  5
13E
330
17
100
AcDbEntity
  8
SCHEMATICS
 62
7
100
AcDbLine
 10
205.44708251953125
 20
566.0700378417969
 30
0.0
 11
203.8158416748047
 21
566.0700378417969
 31
0.0
  0
LINE
  5
13F
330
17
100
AcDbEntity
  8
SCHEMATICS
 62
7
100
AcDbLine
 10
203.8158416748047
 20
566.0700378417969
 30
0.0
 11
205.66012573242188
 21
575.9935607910156
 31
0.0
  0
LINE
  5
140
330
17
100
AcDbEntity
  8
SCHEMATICS
 62
7
100
AcDbLine
 10
205.66012573242188
 20
575.9935607910156
 30
0.0
 11
207.29098510742188
 21
575.9935607910156
 31
0.0
  0
LINE
  5
141
330
17
100
AcDbEntity
  8
SCHEMATICS
 62
7
100
AcDbLine
 10
207.29098510742188
 20
575.9935607910156
 30
0.0
 11
205.44708251953125
 21
566.0700378417969
 31
0.0
  0
LWPOLYLINE
  5
142
330
17
100
AcDbEntity
  8
SCHEMATICS
 62
7
100
AcDbPolyline
 90
5
 70
0
 10
205.44708251953125
 20
566.0700378417969
 10
207.29098510742188
 20
575.9935607910156
 10
205.66012573242188
 20
575.9935607910156
 10
203.8158416748047
 20
566.0700378417969
 10
205.44708251953125
 20
566.0700378417969
  0
LINE
  5
143
330
17
100
AcDbEntity
  8
SCHEMATICS
 62
7
100
AcDbLine
 10
211.22021484375
 20
566.0700378417969
 30
0.0
 11
206.8260955810547
 21
566.0700378417969
 31
0.0
  0
LINE
  5
144
330
17
100
AcDbEntity
  8
SCHEMATICS
 62
7
100
AcDbLine
 10
206.8260955810547
 20
566.0700378417969
 30
0.0
 11
208.6699981689453
 21
575.9935607910156
 31
0.0
  0
LINE
  5
145
330
17
100
AcDbEntity
  8
SCHEMATICS
 62
7
100
AcDbLine
 10
208.6699981689453
 20
575.9935607910156
 30
0.0
 11
212.89173889160156
 21
575.9935607910156
 31
0.0
  0
LINE
  5
146
330
17
100
AcDbEntity
  8
SCHEMATICS
 62
7
100
AcDbLine
 10
212.89173889160156
 20
575.9935607910156
 30
0.0
 11
212.57310485839844
 21
574.2804260253906
 31
0.0
  0
LINE
  5
147
330
17
100
AcDbEntity
  8
SCHEMATICS
 62
7
100
AcDbLine
 10
212.57310485839844
 20
574.2804260253906
 30
0.0
 11
209.98297119140625
 21
574.2804260253906
 31
0.0
  0
LINE
  5
148
330
17
100
AcDbEntity
  8
SCHEMATICS
 62
7
100
AcDbLine
 10
209.98297119140625
 20
574.2804260253906
 30
0.0
 11
209.49234008789062
 21
571.6421203613281
 31
0.0
  0
LINE
  5
149
330
17
100
AcDbEntity
  8
SCHEMATICS
 62
7
100
AcDbLine
 10
209.49234008789062
 20
571.6421203613281
 30
0.0
 11
212.19813537597656
 21
571.6421203613281
 31
0.0
  0
LINE
  5
14A
330
17
100
AcDbEntity
  8
SCHEMATICS
 62
7
100
AcDbLine
 10
212.19813537597656
 20
571.6421203613281
 30
0.0
 11
211.99366760253906
 21
570.5396118164062
 31
0.0
  0
LINE
  5
14B
330
17
100
AcDbEntity
  8
SCHEMATICS
 62
7
100
AcDbLine
 10
211.99366760253906
 20
570.5396118164062
 30
0.0
 11
209.28787231445312
 21
570.5396118164062
 31
0.0
  0
LINE
  5
14C
330
17
100
AcDbEntity
  8
SCHEMATICS
 62
7
100
AcDbLine
 10
209.28787231445312
 20
570.5396118164062
 30
0.0
 11
208.77560424804688
 21
567.7830200195312
 31
0.0
  0
LINE
  5
14D
330
17
100
AcDbEntity
  8
SCHEMATICS
 62
7
100
AcDbLine
 10
208.77560424804688
 20
567.7830200195312
 30
0.0
 11
211.53848266601562
 21
567.7830200195312
 31
0.0
  0
LINE
  5
14E
330
17
100
AcDbEntity
  8
SCHEMATICS
 62
7
100
AcDbLine
 10
211.53848266601562
 20
567.7830200195312
 30
0.0
 11
211.22021484375
 21
566.0700378417969
 31
0.0
  0
LINE
  5
14F
330
17
100
AcDbEntity
  8
SCHEMATICS
 62
7
100
AcDbLine
 10
219.38125610351562
 20
575.3636169433594
 30
0.0
 11
218.6607666015625
 21
572.7250061035156
 31
0.0
  0
LINE
  5
150
330
17
100
AcDbEntity
  8
SCHEMATICS
 62
7
100
AcDbLine
 10
218.6607666015625
 20
572.7250061035156
 30
0.0
 11
218.21939086914062
 21
572.7250061035156
 31
0.0
  0
LINE
  5
151
330
17
100
AcDbEntity
  8
SCHEMATICS
 62
7
100
AcDbLine
 10
218.21939086914062
 20
572.7250061035156
 30
0.0
 11
218.40594482421875
 21
573.7292785644531
 31
0.0
  0
LWPOLYLINE
  5
152
330
17
100
AcDbEntity
  8
SCHEMATICS
 62
7
100
AcDbPolyline
 90
9
 70
0
 10
218.40594482421875
 20
573.7292785644531
 10
218.36547496914864
 20
573.7798139452934
 10
218.32243466377258
 20
573.8290629386902
 10
218.27684125304222
 20
573.8770237565041
 10
218.22871208190918
 20
573.9236946105957
 10
218.1780644953251
 20
573.9690737128258
 10
218.12491583824158
 20
574.0131592750549
 10
218.06928345561028
 20
574.0559495091438
 10
218.0111846923828
 20
574.0974426269531
  0
LWPOLYLINE
  5
153
330
17
100
AcDbEntity
  8
SCHEMATICS
 62
7
100
AcDbPolyline
 90
9
 70
0
 10
218.0111846923828
 20
574.0974426269531
 10
217.94762992858887
 20
574.1357270479202
 10
217.87533473968506
 20
574.1689138412476
 10
217.7943034172058
 20
574.1970008611679
 10
217.70454025268555
 20
574.2199859619141
 10
217.6060495376587
 20
574.2378669977188
 10
217.49883556365967
 20
574.2506418228149
 10
217.3829026222229
 20
574.2583082914352
 10
217.2582550048828
 20
574.2608642578125
  0
LWPOLYLINE
  5
154
330
17
100
AcDbEntity
  8
SCHEMATICS
 62
7
100
AcDbPolyline
 90
9
 70
0
 10
217.2582550048828
 20
574.2608642578125
 10
217.0531189441681
 20
574.2473394870758
 10
216.85046195983887
 20
574.2067680358887
 10
216.65027976036072
 20
574.1391541957855
 10
216.45256805419922
 20
574.0445022583008
 10
216.25732254981995
 20
573.9228165149689
 10
216.06453895568848
 20
573.7741012573242
 10
215.87421298027039
 20
573.5983607769012
 10
215.68634033203125
 20
573.3955993652344
  0
LWPOLYLINE
  5
155
330
17
100
AcDbEntity
  8
SCHEMATICS
 62
7
100
AcDbPolyline
 90
9
 70
0
 10
215.68634033203125
 20
573.3955993652344
 10
215.50726321339607
 20
573.169973552227
 10
215.34305214881897
 20
572.9260039329529
 10
215.19370731711388
 20
572.6636915802956
 10
215.05922889709473
 20
572.3830375671387
 10
214.93961706757545
 20
572.0840429663658
 10
214.83487200737
 20
571.7667088508606
 10
214.74499389529228
 20
571.4310362935066
 10
214.66998291015625
 20
571.0770263671875
  0
LWPOLYLINE
  5
156
330
17
100
AcDbEntity
  8
SCHEMATICS
 62
7
100
AcDbPolyline
 90
9
 70
0
 10
214.66998291015625
 20
571.0770263671875
 10
214.60945802927017
 20
570.71194678545
 10
214.56696367263794
 20
570.3659520149231
 10
214.54251736402512
 20
570.0390409827232
 10
214.53613662719727
 20
569.7312126159668
 10
214.54783898591995
 20
569.4424658417702
 10
214.57764196395874
 20
569.1727995872498
 10
214.6255630850792
 20
568.9222127795219
 10
214.69161987304688
 20
568.6907043457031
  0
LWPOLYLINE
  5
157
330
17
100
AcDbEntity
  8
SCHEMATICS
 62
7
100
AcDbPolyline
 90
9
 70
0
 10
214.69161987304688
 20
568.6907043457031
 10
214.7771071791649
 20
568.4825876951218
 10
214.88411474227905
 20
568.3022222518921
 10
215.01261645555496
 20
568.1496073007584
 10
215.1625862121582
 20
568.0247421264648
 10
215.33399790525436
 20
567.9276260137558
 10
215.52682542800903
 20
567.8582582473755
 10
215.7410426735878
 20
567.8166381120682
 10
215.97662353515625
 20
567.8027648925781
  0
LWPOLYLINE
  5
158
330
17
100
AcDbEntity
  8
SCHEMATICS
 62
7
100
AcDbPolyline
 90
9
 70
0
 10
215.97662353515625
 20
567.8027648925781
 10
216.0840621292591
 20
567.8052312731743
 10
216.195946931839
 20
567.8126368522644
 10
216.31228241324425
 20
567.8249912858009
 10
216.43307304382324
 20
567.8423042297363
 10
216.55832329392433
 20
567.864585340023
 10
216.68803763389587
 20
567.8918442726135
 10
216.82222053408623
 20
567.9240906834602
 10
216.96087646484375
 20
567.9613342285156
  0
LWPOLYLINE
  5
159
330
17
100
AcDbEntity
  8
SCHEMATICS
 62
7
100
AcDbPolyline
 90
9
 70
0
 10
216.96087646484375
 20
567.9613342285156
 10
217.09935927391052
 20
568.0024529695511
 10
217.2335605621338
 20
568.0465478897095
 10
217.36346745491028
 20
568.0936197042465
 10
217.48906707763672
 20
568.143669128418
 10
217.61034655570984
 20
568.1966968774796
 10
217.72729301452637
 20
568.252703666687
 10
217.83989357948303
 20
568.3116902112961
 10
217.94813537597656
 20
568.3736572265625
  0
LINE
  5
15A
330
17
100
AcDbEntity
  8
SCHEMATICS
 62
7
100
AcDbLine
 10
217.94813537597656
 20
568.3736572265625
 30
0.0
 11
217.6112060546875
 21
566.5623168945312
 31
0.0
  0
LWPOLYLINE
  5
15B
330
17
100
AcDbEntity
  8
SCHEMATICS
 62
7
100
AcDbPolyline
 90
9
 70
0
 10
217.6112060546875
 20
566.5623168945312
 10
217.50333335995674
 20
566.489673614502
 10
217.38986325263977
 20
566.4211673736572
 10
217.27079591155052
 20
566.3568124771118
 10
217.14613151550293
 20
566.2966232299805
 10
217.01587024331093
 20
566.2406139373779
 10
216.88001227378845
 20
566.188798904419
 10
216.73855778574944
 20
566.1411924362183
 10
216.5915069580078
 20
566.0978088378906
  0
LWPOLYLINE
  5
15C
330
17
100
AcDbEntity
  8
SCHEMATICS
 62
7
100
AcDbPolyline
 90
9
 70
0
 10
216.5915069580078
 20
566.0978088378906
 10
216.44382455945015
 20
566.0590444803238
 10
216.3004982471466
 20
566.0254278182983
 10
216.1615453660488
 20
565.9969652891159
 10
216.0269832611084
 20
565.9736633300781
 10
215.896829277277
 20
565.9555283784866
 10
215.77110075950623
 20
565.9425668716431
 10
215.64981505274773
 20
565.9347852468491
 10
215.53298950195312
 20
565.9321899414062
  0
LWPOLYLINE
  5
15D
330
17
100
AcDbEntity
  8
SCHEMATICS
 62
7
100
AcDbPolyline
 90
9
 70
0
 10
215.53298950195312
 20
565.9321899414062
 10
215.12170526385307
 20
565.9532915353775
 10
214.74302649497986
 20
566.0165967941284
 10
214.39695730805397
 20
566.1221064329147
 10
214.0835018157959
 20
566.2698211669922
 10
213.80266413092613
 20
566.4597417116165
 10
213.55444836616516
 20
566.6918687820435
 10
213.33885863423347
 20
566.9662030935287
 10
213.15589904785156
 20
567.2827453613281
  0
LWPOLYLINE
  5
15E
330
17
100
AcDbEntity
  8
SCHEMATICS
 62
7
100
AcDbPolyline
 90
9
 70
0
 10
213.15589904785156
 20
567.2827453613281
 10
213.00641626119614
 20
567.6362279057503
 10
212.8915286064148
 20
568.0214467048645
 10
212.81123572587967
 20
568.4383949637413
 10
212.7655372619629
 20
568.8870658874512
 10
212.7544328570366
 20
569.3674526810646
 10
212.7779221534729
 20
569.8795485496521
 10
212.83600479364395
 20
570.4233466982841
 10
212.92868041992188
 20
570.9988403320312
  0
LWPOLYLINE
  5
15F
330
17
100
AcDbEntity
  8
SCHEMATICS
 62
7
100
AcDbPolyline
 90
9
 70
0
 10
212.92868041992188
 20
570.9988403320312
 10
213.03912588953972
 20
571.5128471255302
 10
213.17598128318787
 20
572.0079836845398
 10
213.33924642205238
 20
572.4842482209206
 10
213.52892112731934
 20
572.9416389465332
 10
213.7450052201748
 20
573.3801540732384
 10
213.9874985218048
 20
573.7997918128967
 10
214.25640085339546
 20
574.2005503773689
 10
214.5517120361328
 20
574.5824279785156
  0
LWPOLYLINE
  5
160
330
17
100
AcDbEntity
  8
SCHEMATICS
 62
7
100
AcDbPolyline
 90
9
 70
0
 10
214.5517120361328
 20
574.5824279785156
 10
214.8677993118763
 20
574.9315797686577
 10
215.19929337501526
 20
575.2341837882996
 10
215.54617723822594
 20
575.4902382493019
 10
215.90843391418457
 20
575.6997413635254
 10
216.2860464155674
 20
575.8626913428307
 10
216.67899775505066
 20
575.9790863990784
 10
217.0872709453106
 20
576.0489247441292
 10
217.51084899902344
 20
576.0722045898438
  0
LWPOLYLINE
  5
161
330
17
100
AcDbEntity
  8
SCHEMATICS
 62
7
100
AcDbPolyline
 90
9
 70
0
 10
217.51084899902344
 20
576.0722045898438
 10
217.62845143675804
 20
576.0695126056671
 10
217.74816012382507
 20
576.0614376068115
 10
217.86998417973518
 20
576.0479810237885
 10
217.99393272399902
 20
576.0291442871094
 10
218.12001487612724
 20
576.0049288272858
 10
218.2482397556305
 20
575.9753360748291
 10
218.37861648201942
 20
575.9403674602509
 10
218.5111541748047
 20
575.9000244140625
  0
LWPOLYLINE
  5
162
330
17
100
AcDbEntity
  8
SCHEMATICS
 62
7
100
AcDbPolyline
 90
9
 70
0
 10
218.5111541748047
 20
575.9000244140625
 10
218.64167830348015
 20
575.8538605570793
 10
218.76600241661072
 20
575.8017439842224
 10
218.8841177523136
 20
575.7436671853065
 10
218.99601554870605
 20
575.6796226501465
 10
219.10168704390526
 20
575.609602868557
 10
219.20112347602844
 20
575.5336003303528
 10
219.29431608319283
 20
575.4516075253487
 10
219.38125610351562
 20
575.3636169433594
  0
LINE
  5
163
330
17
100
AcDbEntity
  8
SCHEMATICS
 62
7
100
AcDbLine
 10
223.02056884765625
 20
566.0700378417969
 30
0.0
 11
218.62643432617188
 21
566.0700378417969
 31
0.0
  0
LINE
  5
164
330
17
100
AcDbEntity
  8
SCHEMATICS
 62
7
100
AcDbLine
 10
218.62643432617188
 20
566.0700378417969
 30
0.0
 11
220.47073364257812
 21
575.9935607910156
 31
0.0
  0
LINE
  5
165
330
17
100
AcDbEntity
  8
SCHEMATICS
 62
7
100
AcDbLine
 10
220.47073364257812
 20
575.9935607910156
 30
0.0
 11
224.6920928955078
 21
575.9935607910156
 31
0.0
  0
LINE
  5
166
330
17
100
AcDbEntity
  8
SCHEMATICS
 62
7
100
AcDbLine
 10
224.6920928955078
 20
575.9935607910156
 30
0.0
 11
224.3738250732422
 21
574.2804260253906
 31
0.0
  0
LINE
  5
167
330
17
100
AcDbEntity
  8
SCHEMATICS
 62
7
100
AcDbLine
 10
224.3738250732422
 20
574.2804260253906
 30
0.0
 11
221.7833251953125
 21
574.2804260253906
 31
0.0
  0
LINE
  5
168
330
17
100
AcDbEntity
  8
SCHEMATICS
 62
7
100
AcDbLine
 10
221.7833251953125
 20
574.2804260253906
 30
0.0
 11
221.29269409179688
 21
571.6421203613281
 31
0.0
  0
LINE
  5
169
330
17
100
AcDbEntity
  8
SCHEMATICS
 62
7
100
AcDbLine
 10
221.29269409179688
 20
571.6421203613281
 30
0.0
 11
223.9984893798828
 21
571.6421203613281
 31
0.0
  0
LINE
  5
16A
330
17
100
AcDbEntity
  8
SCHEMATICS
 62
7
100
AcDbLine
 10
223.9984893798828
 20
571.6421203613281
 30
0.0
 11
223.7940216064453
 21
570.5396118164062
 31
0.0
  0
LINE
  5
16B
330
17
100
AcDbEntity
  8
SCHEMATICS
 62
7
100
AcDbLine
 10
223.7940216064453
 20
570.5396118164062
 30
0.0
 11
221.08822631835938
 21
570.5396118164062
 31
0.0
  0
LINE
  5
16C
330
17
100
AcDbEntity
  8
SCHEMATICS
 62
7
100
AcDbLine
 10
221.08822631835938
 20
570.5396118164062
 30
0.0
 11
220.57594299316406
 21
567.7830200195312
 31
0.0
  0
LINE
  5
16D
330
17
100
AcDbEntity
  8
SCHEMATICS
 62
7
100
AcDbLine
 10
220.57594299316406
 20
567.7830200195312
 30
0.0
 11
223.33920288085938
 21
567.7830200195312
 31
0.0
  0
LINE
  5
16E
330
17
100
AcDbEntity
  8
SCHEMATICS
 62
7
100
AcDbLine
 10
223.33920288085938
 20
567.7830200195312
 30
0.0
 11
223.02056884765625
 21
566.0700378417969
 31
0.0
  0
LINE
  5
16F
330
17
100
AcDbEntity
  8
SCHEMATICS
 62
7
100
AcDbLine
 10
229.1708984375
 20
566.0700378417969
 30
0.0
 11
227.559814453125
 21
566.0700378417969
 31
0.0
  0
LINE
  5
170
330
17
100
AcDbEntity
  8
SCHEMATICS
 62
7
100
AcDbLine
 10
227.559814453125
 20
566.0700378417969
 30
0.0
 11
226.73748779296875
 21
568.1134948730469
 31
0.0
  0
LINE
  5
171
330
17
100
AcDbEntity
  8
SCHEMATICS
 62
7
100
AcDbLine
 10
226.73748779296875
 20
568.1134948730469
 30
0.0
 11
225.117431640625
 21
566.0700378417969
 31
0.0
  0
LINE
  5
172
330
17
100
AcDbEntity
  8
SCHEMATICS
 62
7
100
AcDbLine
 10
225.117431640625
 20
566.0700378417969
 30
0.0
 11
223.51007080078125
 21
566.0700378417969
 31
0.0
  0
LINE
  5
173
330
17
100
AcDbEntity
  8
SCHEMATICS
 62
7
100
AcDbLine
 10
223.51007080078125
 20
566.0700378417969
 30
0.0
 11
226.17819213867188
 21
569.5018615722656
 31
0.0
  0
LINE
  5
174
330
17
100
AcDbEntity
  8
SCHEMATICS
 62
7
100
AcDbLine
 10
226.17819213867188
 20
569.5018615722656
 30
0.0
 11
224.99879455566406
 21
572.4297485351562
 31
0.0
  0
LINE
  5
175
330
17
100
AcDbEntity
  8
SCHEMATICS
 62
7
100
AcDbLine
 10
224.99879455566406
 20
572.4297485351562
 30
0.0
 11
226.26065063476562
 21
573.2962036132812
 31
0.0
  0
LINE
  5
176
330
17
100
AcDbEntity
  8
SCHEMATICS
 62
7
100
AcDbLine
 10
226.26065063476562
 20
573.2962036132812
 30
0.0
 11
227.23110961914062
 21
570.8857421875
 31
0.0
  0
LINE
  5
177
330
17
100
AcDbEntity
  8
SCHEMATICS
 62
7
100
AcDbLine
 10
227.23110961914062
 20
570.8857421875
 30
0.0
 11
229.10562133789062
 21
573.2962036132812
 31
0.0
  0
LINE
  5
178
330
17
100
AcDbEntity
  8
SCHEMATICS
 62
7
100
AcDbLine
 10
229.10562133789062
 20
573.2962036132812
 30
0.0
 11
230.04547119140625
 21
572.4297485351562
 31
0.0
  0
LINE
  5
179
330
17
100
AcDbEntity
  8
SCHEMATICS
 62
7
100
AcDbLine
 10
230.04547119140625
 20
572.4297485351562
 30
0.0
 11
227.78704833984375
 21
569.5071411132812
 31
0.0
  0
LINE
  5
17A
330
17
100
AcDbEntity
  8
SCHEMATICS
 62
7
100
AcDbLine
 10
227.78704833984375
 20
569.5071411132812
 30
0.0
 11
229.1708984375
 21
566.0700378417969
 31
0.0
  0
LWPOLYLINE
  5
17B
330
17
100
AcDbEntity
  8
SCHEMATICS
 62
7
100
AcDbPolyline
 90
9
 70
0
 10
274.9928894042969
 20
579.8776245117188
 10
274.0621591806412
 20
580.4037070274353
 10
273.04790782928467
 20
580.8743114471436
 10
271.96889293193817
 20
581.2849173545837
 10
270.8438720703125
 20
581.6310043334961
 10
269.69160282611847
 20
581.9080519676208
 10
268.5308427810669
 20
582.1115398406982
 10
267.3803495168686
 20
582.2369475364685
 10
266.2588806152344
 20
582.2797546386719
  0
LWPOLYLINE
  5
17C
330
17
100
AcDbEntity
  8
SCHEMATICS
 62
7
100
AcDbPolyline
 90
9
 70
0
 10
266.2588806152344
 20
582.2797546386719
 10
264.12558710575104
 20
582.1017579436302
 10
262.1205825805664
 20
581.5819773674011
 10
260.2775834798813
 20
580.7417271733284
 10
258.6303062438965
 20
579.6023216247559
 10
257.2124673128128
 20
578.1850749850273
 10
256.05778312683105
 20
576.5113015174866
 10
255.19997012615204
 20
574.6023154854774
 10
254.67274475097656
 20
572.4794311523438
  0
LWPOLYLINE
  5
17D
330
17
100
AcDbEntity
  8
SCHEMATICS
 62
7
100
AcDbPolyline
 90
9
 70
0
 10
254.67274475097656
 20
572.4794311523438
 10
254.5136343240738
 20
570.5566082596779
 10
254.6868381500244
 20
568.9946866035461
 10
255.1663774251938
 20
567.7405487895012
 10
255.92627334594727
 20
566.7410774230957
 10
256.9405471086502
 20
565.9431551098824
 10
258.18321990966797
 20
565.2936644554138
 10
259.6283129453659
 20
564.7394880652428
 10
261.2498474121094
 20
564.2275085449219
  0
LWPOLYLINE
  5
17E
330
17
100
AcDbEntity
  8
SCHEMATICS
 62
7
100
AcDbPolyline
 90
9
 70
0
 10
261.2498474121094
 20
564.2275085449219
 10
261.8827414512634
 20
564.0381128191948
 10
262.5856132507324
 20
563.8102316856384
 10
263.3057026863098
 20
563.5306540131569
 10
263.99024963378906
 20
563.1861686706543
 10
264.5864939689636
 20
562.7635645270348
 10
265.04167556762695
 20
562.2496304512024
 10
265.3030343055725
 20
561.6311553120613
 10
265.31781005859375
 20
560.8949279785156
  0
LWPOLYLINE
  5
17F
330
17
100
AcDbEntity
  8
SCHEMATICS
 62
7
100
AcDbPolyline
 90
9
 70
0
 10
265.31781005859375
 20
560.8949279785156
 10
265.12021881341934
 20
560.1792671084404
 10
264.7854733467102
 20
559.5692534446716
 10
264.3365909457207
 20
559.0617352128029
 10
263.7965888977051
 20
558.6535606384277
 10
263.18848448991776
 20
558.3415779471397
 10
262.53529500961304
 20
558.1226353645325
 10
261.86003774404526
 20
557.9935811161995
 10
261.18572998046875
 20
557.9512634277344
  0
LWPOLYLINE
  5
180
330
17
100
AcDbEntity
  8
SCHEMATICS
 62
7
100
AcDbPolyline
 90
9
 70
0
 10
261.18572998046875
 20
557.9512634277344
 10
260.2411696910858
 20
558.0127936005592
 10
259.3474540710449
 20
558.1892113685608
 10
258.5026390552521
 20
558.4682576060295
 10
257.7047805786133
 20
558.8376731872559
 10
256.95193457603455
 20
559.2851989865303
 10
256.2421569824219
 20
559.7985758781433
 10
255.57350373268127
 20
560.3655447363853
 10
254.94403076171875
 20
560.9738464355469
  0
LINE
  5
181
330
17
100
AcDbEntity
  8
SCHEMATICS
 62
7
100
AcDbLine
 10
254.94403076171875
 20
560.9738464355469
 30
0.0
 11
250.7344207763672
 21
554.8520812988281
 31
0.0
  0
LWPOLYLINE
  5
182
330
17
100
AcDbEntity
  8
SCHEMATICS
 62
7
100
AcDbPolyline
 90
9
 70
0
 10
250.7344207763672
 20
554.8520812988281
 10
251.75982841849327
 20
554.1085424423218
 10
252.850177526474
 20
553.4493923187256
 10
253.9998495876789
 20
552.8791770935059
 10
255.20322608947754
 20
552.4024429321289
 10
256.4546885192394
 20
552.023736000061
 10
257.7486183643341
 20
551.7476024627686
 10
259.0793971121311
 20
551.5785884857178
 10
260.44140625
 20
551.521240234375
  0
LWPOLYLINE
  5
183
330
17
100
AcDbEntity
  8
SCHEMATICS
 62
7
100
AcDbPolyline
 90
9
 70
0
 10
260.44140625
 20
551.521240234375
 10
261.55193024873734
 20
551.5599498748779
 10
262.6754307746887
 20
551.6785163879395
 10
263.8020848631859
 20
551.8805961608887
 10
264.92206954956055
 20
552.1698455810547
 10
266.02556186914444
 20
552.5499210357666
 10
267.1027388572693
 20
553.0244789123535
 10
268.1437775492668
 20
553.5971755981445
 10
269.13885498046875
 20
554.2716674804688
  0
LWPOLYLINE
  5
184
330
17
100
AcDbEntity
  8
SCHEMATICS
 62
7
100
AcDbPolyline
 90
9
 70
0
 10
269.13885498046875
 20
554.2716674804688
 10
270.05762898921967
 20
555.0578265190125
 10
270.84808254241943
 20
555.925630569458
 10
271.51906979084015
 20
556.8623595237732
 10
272.0794448852539
 20
557.8552932739258
 10
272.5380619764328
 20
558.8917117118835
 10
272.9037752151489
 20
559.9588947296143
 10
273.1854387521744
 20
561.0441222190857
 10
273.39190673828125
 20
562.1346740722656
  0
LWPOLYLINE
  5
185
330
17
100
AcDbEntity
  8
SCHEMATICS
 62
7
100
AcDbPolyline
 90
9
 70
0
 10
273.39190673828125
 20
562.1346740722656
 10
273.50987726449966
 20
563.7853654623032
 10
273.32431650161743
 20
565.2067766189575
 10
272.864375770092
 20
566.4202615022659
 10
272.15920639038086
 20
567.4471740722656
 10
271.23795968294144
 20
568.3088682889938
 10
270.1297869682312
 20
569.0266981124878
 10
268.8638395667076
 20
569.6220175027847
 10
267.4692687988281
 20
570.1161804199219
  0
LINE
  5
186
330
17
100
AcDbEntity
  8
SCHEMATICS
 62
7
100
AcDbLine
 10
267.4692687988281
 20
570.1161804199219
 30
0.0
 11
265.6298828125
 21
570.6965942382812
 31
0.0
  0
LWPOLYLINE
  5
187
330
17
100
AcDbEntity
  8
SCHEMATICS
 62
7
100
AcDbPolyline
 90
9
 70
0
 10
265.6298828125
 20
570.6965942382812
 10
265.1355642080307
 20
570.8690164685249
 10
264.61001110076904
 20
571.0726914405823
 10
264.08730041980743
 20
571.3171624541283
 10
263.6015090942383
 20
571.6119728088379
 10
263.186714053154
 20
571.9666658043861
 10
262.876992225647
 20
572.390784740448
 10
262.70642054080963
 20
572.8938729166985
 10
262.7090759277344
 20
573.4854736328125
  0
LWPOLYLINE
  5
188
330
17
100
AcDbEntity
  8
SCHEMATICS
 62
7
100
AcDbPolyline
 90
9
 70
0
 10
262.7090759277344
 20
573.4854736328125
 10
262.88176703453064
 20
574.0576350092888
 10
263.18908500671387
 20
574.5535140037537
 10
263.6038715839386
 20
574.9731088280678
 10
264.0989685058594
 20
575.3164176940918
 10
264.64721751213074
 20
575.5834388136864
 10
265.2214603424072
 20
575.7741703987122
 10
265.7945387363434
 20
575.8886106610298
 10
266.33929443359375
 20
575.9267578125
  0
LWPOLYLINE
  5
189
330
17
100
AcDbEntity
  8
SCHEMATICS
 62
7
100
AcDbPolyline
 90
9
 70
0
 10
266.33929443359375
 20
575.9267578125
 10
267.02428245544434
 20
575.8911625146866
 10
267.687744140625
 20
575.7874269485474
 10
268.32677268981934
 20
575.6201266050339
 10
268.93846130371094
 20
575.3938369750977
 10
269.5199031829834
 20
575.1131335496902
 10
270.0681915283203
 20
574.7825918197632
 10
270.5804195404053
 20
574.406787276268
 10
271.0536804199219
 20
573.9902954101562
  0
LINE
  5
18A
330
17
100
AcDbEntity
  8
SCHEMATICS
 62
7
100
AcDbLine
 10
271.0536804199219
 20
573.9902954101562
 30
0.0
 11
274.9928894042969
 21
579.8776245117188
 31
0.0
  0
LINE
  5
18B
330
17
100
AcDbEntity
  8
SCHEMATICS
 62
7
100
AcDbLine
 10
287.60693359375
 20
581.6433715820312
 30
0.0
 11
280.03790283203125
 21
581.6433715820312
 31
0.0
  0
LINE
  5
18C
330
17
100
AcDbEntity
  8
SCHEMATICS
 62
7
100
AcDbLine
 10
280.03790283203125
 20
581.6433715820312
 30
0.0
 11
275.428955078125
 21
551.521240234375
 31
0.0
  0
LINE
  5
18D
330
17
100
AcDbEntity
  8
SCHEMATICS
 62
7
100
AcDbLine
 10
275.428955078125
 20
551.521240234375
 30
0.0
 11
282.99835205078125
 21
551.521240234375
 31
0.0
  0
LINE
  5
18E
330
17
100
AcDbEntity
  8
SCHEMATICS
 62
7
100
AcDbLine
 10
282.99835205078125
 20
551.521240234375
 30
0.0
 11
287.60693359375
 21
581.6433715820312
 31
0.0
  0
LINE
  5
18F
330
17
100
AcDbEntity
  8
SCHEMATICS
 62
7
100
AcDbLine
 10
300.1156005859375
 20
581.6433715820312
 30
0.0
 11
292.54730224609375
 21
581.6433715820312
 31
0.0
  0
LINE
  5
190
330
17
100
AcDbEntity
  8
SCHEMATICS
 62
7
100
AcDbLine
 10
292.54730224609375
 20
581.6433715820312
 30
0.0
 11
287.9396057128906
 21
551.521240234375
 31
0.0
  0
LINE
  5
191
330
17
100
AcDbEntity
  8
SCHEMATICS
 62
7
100
AcDbLine
 10
287.9396057128906
 20
551.521240234375
 30
0.0
 11
304.582275390625
 21
551.521240234375
 31
0.0
  0
LINE
  5
192
330
17
100
AcDbEntity
  8
SCHEMATICS
 62
7
100
AcDbLine
 10
304.582275390625
 20
551.521240234375
 30
0.0
 11
305.5967712402344
 21
558.1536865234375
 31
0.0
  0
LINE
  5
193
330
17
100
AcDbEntity
  8
SCHEMATICS
 62
7
100
AcDbLine
 10
305.5967712402344
 20
558.1536865234375
 30
0.0
 11
296.5212707519531
 21
558.1536865234375
 31
0.0
  0
LINE
  5
194
330
17
100
AcDbEntity
  8
SCHEMATICS
 62
7
100
AcDbLine
 10
296.5212707519531
 20
558.1536865234375
 30
0.0
 11
300.1156005859375
 21
581.6433715820312
 31
0.0
  0
LINE
  5
195
330
17
100
AcDbEntity
  8
SCHEMATICS
 62
7
100
AcDbLine
 10
311.59075927734375
 20
559.9048461914062
 30
0.0
 11
317.0089111328125
 21
560.5828857421875
 31
0.0
  0
LWPOLYLINE
  5
196
330
17
100
AcDbEntity
  8
SCHEMATICS
 62
7
100
AcDbPolyline
 90
9
 70
0
 10
317.0089111328125
 20
560.5828857421875
 10
317.1012513637543
 20
560.0049360990524
 10
317.21047019958496
 20
559.4732027053833
 10
317.3365890979767
 20
558.9876934289932
 10
317.47962951660156
 20
558.5484161376953
 10
317.6396129131317
 20
558.1553786993027
 10
317.81656074523926
 20
557.8085889816284
 10
318.0104944705963
 20
557.5080548524857
 10
318.221435546875
 20
557.2537841796875
  0
LWPOLYLINE
  5
197
330
17
100
AcDbEntity
  8
SCHEMATICS
 62
7
100
AcDbPolyline
 90
9
 70
0
 10
318.221435546875
 20
557.2537841796875
 10
318.4494567513466
 20
557.0371628403664
 10
318.6957459449768
 20
556.8494324684143
 10
318.96028059720993
 20
556.6905905604362
 10
319.24303817749023
 20
556.5606346130371
 10
319.543996155262
 20
556.4595621228218
 10
319.8631319999695
 20
556.3873705863953
 10
320.200423181057
 20
556.3440575003624
 10
320.55584716796875
 20
556.3296203613281
  0
LWPOLYLINE
  5
198
330
17
100
AcDbEntity
  8
SCHEMATICS
 62
7
100
AcDbPolyline
 90
9
 70
0
 10
320.55584716796875
 20
556.3296203613281
 10
321.0283207297325
 20
556.3507940173149
 10
321.480140209198
 20
556.4143233299255
 10
321.9113138318062
 20
556.5202208161354
 10
322.32184982299805
 20
556.6684989929199
 10
322.71175640821457
 20
556.8591703772545
 10
323.08104181289673
 20
557.0922474861145
 10
323.4297142624855
 20
557.3677428364754
 10
323.7577819824219
 20
557.6856689453125
  0
LWPOLYLINE
  5
199
330
17
100
AcDbEntity
  8
SCHEMATICS
 62
7
100
AcDbPolyline
 90
9
 70
0
 10
323.7577819824219
 20
557.6856689453125
 10
324.05567449331284
 20
558.0365084409714
 10
324.3138213157654
 20
558.4111051559448
 10
324.5322306752205
 20
558.809464097023
 10
324.71091079711914
 20
559.2315902709961
 10
324.8498699069023
 20
559.6774886846542
 10
324.949116230011
 20
560.1471643447876
 10
325.00865799188614
 20
560.6406222581863
 10
325.02850341796875
 20
561.1578674316406
  0
LWPOLYLINE
  5
19A
330
17
100
AcDbEntity
  8
SCHEMATICS
 62
7
100
AcDbPolyline
 90
9
 70
0
 10
325.02850341796875
 20
561.1578674316406
 10
325.0125053524971
 20
561.6080675125122
 10
324.9645085334778
 20
562.0342121124268
 10
324.88450902700424
 20
562.4362983703613
 10
324.7725028991699
 20
562.814323425293
 10
324.62848621606827
 20
563.1682844161987
 10
324.4524550437927
 20
563.4981784820557
 10
324.24440544843674
 20
563.8040027618408
 10
324.00433349609375
 20
564.0857543945312
  0
LWPOLYLINE
  5
19B
330
17
100
AcDbEntity
  8
SCHEMATICS
 62
7
100
AcDbPolyline
 90
9
 70
0
 10
324.00433349609375
 20
564.0857543945312
 10
323.7370181083679
 20
564.3386746644974
 10
323.4475440979004
 20
564.5578699111938
 10
323.13592004776
 20
564.7433408498764
 10
322.8021545410156
 20
564.8950881958008
 10
322.4462561607361
 20
565.0131126642227
 10
322.06823348999023
 20
565.097414970398
 10
321.6680951118469
 20
565.1479958295822
 10
321.245849609375
 20
565.1648559570312
  0
LWPOLYLINE
  5
19C
330
17
100
AcDbEntity
  8
SCHEMATICS
 62
7
100
AcDbPolyline
 90
9
 70
0
 10
321.245849609375
 20
565.1648559570312
 10
321.1367338895798
 20
565.1635553240776
 10
321.0264501571655
 20
565.1596579551697
 10
320.91498625278473
 20
565.153170645237
 10
320.80233001708984
 20
565.144100189209
 10
320.68846929073334
 20
565.1324533820152
 10
320.5733919143677
 20
565.1182370185852
 10
320.4570857286453
 20
565.1014578938484
 10
320.33953857421875
 20
565.0821228027344
  0
LINE
  5
19D
330
17
100
AcDbEntity
  8
SCHEMATICS
 62
7
100
AcDbLine
 10
320.33953857421875
 20
565.0821228027344
 30
0.0
 11
321.32452392578125
 21
569.9929504394531
 31
0.0
  0
LWPOLYLINE
  5
19E
330
17
100
AcDbEntity
  8
SCHEMATICS
 62
7
100
AcDbPolyline
 90
9
 70
0
 10
321.32452392578125
 20
569.9929504394531
 10
321.3980744481087
 20
569.9832252264023
 10
321.4710259437561
 20
569.9748640060425
 10
321.543374478817
 20
569.9678460359573
 10
321.61511611938477
 20
569.9621505737305
 10
321.6862469315529
 20
569.9577568769455
 10
321.7567629814148
 20
569.954644203186
 10
321.82666033506393
 20
569.9527918100357
 10
321.89593505859375
 20
569.9521789550781
  0
LWPOLYLINE
  5
19F
330
17
100
AcDbEntity
  8
SCHEMATICS
 62
7
100
AcDbPolyline
 90
9
 70
0
 10
321.89593505859375
 20
569.9521789550781
 10
322.4454582929611
 20
569.9709537029266
 10
322.9611291885376
 20
570.0272808074951
 10
323.4429441690445
 20
570.121164560318
 10
323.8908996582031
 20
570.2526092529297
 10
324.3049920797348
 20
570.4216191768646
 10
324.68521785736084
 20
570.6281986236572
 10
325.03157341480255
 20
570.8723518848419
 10
325.34405517578125
 20
571.1540832519531
  0
LWPOLYLINE
  5
1A0
330
17
100
AcDbEntity
  8
SCHEMATICS
 62
7
100
AcDbPolyline
 90
9
 70
0
 10
325.34405517578125
 20
571.1540832519531
 10
325.6210986971855
 20
571.4679073095322
 10
325.8611903190613
 20
571.808346748352
 10
326.0643339753151
 20
572.1754180192947
 10
326.2305335998535
 20
572.5691375732422
 10
326.3597931265831
 20
572.9895218610764
 10
326.4521164894104
 20
573.4365873336792
 10
326.507507622242
 20
573.9103504419327
 10
326.5259704589844
 20
574.4108276367188
  0
LWPOLYLINE
  5
1A1
330
17
100
AcDbEntity
  8
SCHEMATICS
 62
7
100
AcDbPolyline
 90
9
 70
0
 10
326.5259704589844
 20
574.4108276367188
 10
326.5135207772255
 20
574.7658336758614
 10
326.47616624832153
 20
575.1015725135803
 10
326.4138986468315
 20
575.4180545210838
 10
326.32670974731445
 20
575.7152900695801
 10
326.2145913243294
 20
575.9932895302773
 10
326.0775351524353
 20
576.2520632743835
 10
325.91553300619125
 20
576.4916216731071
 10
325.72857666015625
 20
576.7119750976562
  0
LWPOLYLINE
  5
1A2
330
17
100
AcDbEntity
  8
SCHEMATICS
 62
7
100
AcDbPolyline
 90
9
 70
0
 10
325.72857666015625
 20
576.7119750976562
 10
325.5210279226303
 20
576.9093440771103
 10
325.29784297943115
 20
577.0803995132446
 10
325.0590125322342
 20
577.2251406908035
 10
324.80452728271484
 20
577.3435668945312
 10
324.5343779325485
 20
577.4356774091721
 10
324.24855518341064
 20
577.5014715194702
 10
323.9470497369766
 20
577.54094851017
 10
323.6298522949219
 20
577.5541076660156
  0
LWPOLYLINE
  5
1A3
330
17
100
AcDbEntity
  8
SCHEMATICS
 62
7
100
AcDbPolyline
 90
9
 70
0
 10
323.6298522949219
 20
577.5541076660156
 10
323.32841634750366
 20
577.5395010709763
 10
323.0350112915039
 20
577.4956827163696
 10
322.74962854385376
 20
577.422654747963
 10
322.4722595214844
 20
577.3204193115234
 10
322.2028956413269
 20
577.1889785528183
 10
321.9415283203125
 20
577.0283346176147
 10
321.6881489753723
 20
576.83848965168
 10
321.4427490234375
 20
576.6194458007812
  0
LWPOLYLINE
  5
1A4
330
17
100
AcDbEntity
  8
SCHEMATICS
 62
7
100
AcDbPolyline
 90
9
 70
0
 10
321.4427490234375
 20
576.6194458007812
 10
321.2075021266937
 20
576.3648861050606
 10
320.9845676422119
 20
576.0689663887024
 10
320.7739498615265
 20
575.7316769957542
 10
320.5756530761719
 20
575.3530082702637
 10
320.3896815776825
 20
574.9329505562782
 10
320.2160396575928
 20
574.4714941978455
 10
320.05473160743713
 20
573.9686295390129
 10
319.90576171875
 20
573.4243469238281
  0
LINE
  5
1A5
330
17
100
AcDbEntity
  8
SCHEMATICS
 62
7
100
AcDbLine
 10
319.90576171875
 20
573.4243469238281
 30
0.0
 11
314.74310302734375
 21
574.4929504394531
 31
0.0
  0
LWPOLYLINE
  5
1A6
330
17
100
AcDbEntity
  8
SCHEMATICS
 62
7
100
AcDbPolyline
 90
9
 70
0
 10
314.74310302734375
 20
574.4929504394531
 10
315.00139832496643
 20
575.3010015487671
 10
315.28369331359863
 20
576.0608901977539
 10
315.5900008678436
 20
576.7726221084595
 10
315.9203338623047
 20
577.4362030029297
 10
316.2747051715851
 20
578.0516386032104
 10
316.6531276702881
 20
578.6189346313477
 10
317.05561423301697
 20
579.1380968093872
 10
317.482177734375
 20
579.609130859375
  0
LWPOLYLINE
  5
1A7
330
17
100
AcDbEntity
  8
SCHEMATICS
 62
7
100
AcDbPolyline
 90
9
 70
0
 10
317.482177734375
 20
579.609130859375
 10
318.1661927700043
 20
580.2350875139236
 10
318.88839530944824
 20
580.7775716781616
 10
319.64879536628723
 20
581.2365869283676
 10
320.44740295410156
 20
581.6121368408203
 10
321.28422808647156
 20
581.9042249917984
 10
322.15928077697754
 20
582.1128549575806
 10
323.07257103919983
 20
582.2380303144455
 10
324.02410888671875
 20
582.2797546386719
  0
LWPOLYLINE
  5
1A8
330
17
100
AcDbEntity
  8
SCHEMATICS
 62
7
100
AcDbPolyline
 90
9
 70
0
 10
324.02410888671875
 20
582.2797546386719
 10
324.9891269207001
 20
582.2436371445656
 10
325.8944797515869
 20
582.1352849006653
 10
326.740154504776
 20
581.9546982645988
 10
327.52613830566406
 20
581.7018775939941
 10
328.2524182796478
 20
581.376823246479
 10
328.918981552124
 20
580.9795355796814
 10
329.5258152484894
 20
580.5100149512291
 10
330.0729064941406
 20
579.96826171875
  0
LWPOLYLINE
  5
1A9
330
17
100
AcDbEntity
  8
SCHEMATICS
 62
7
100
AcDbPolyline
 90
9
 70
0
 10
330.0729064941406
 20
579.96826171875
 10
330.5579020380974
 20
579.3762275576591
 10
330.97819089889526
 20
578.7555384635925
 10
331.3337855935097
 20
578.1062212586403
 10
331.624698638916
 20
577.4283027648926
 10
331.8509425520897
 20
576.7218098044395
 10
332.0125298500061
 20
575.9867691993713
 10
332.10947304964066
 20
575.2232077717781
 10
332.14178466796875
 20
574.43115234375
  0
LWPOLYLINE
  5
1AA
330
17
100
AcDbEntity
  8
SCHEMATICS
 62
7
100
AcDbPolyline
 90
9
 70
0
 10
332.14178466796875
 20
574.43115234375
 10
332.1211559176445
 20
573.8526620268822
 10
332.0592722892761
 20
573.2882876396179
 10
331.9561377167702
 20
572.7380288243294
 10
331.8117561340332
 20
572.2018852233887
 10
331.62613147497177
 20
571.6798564791679
 10
331.39926767349243
 20
571.1719422340393
 10
331.13116866350174
 20
570.6781421303749
 10
330.82183837890625
 20
570.1984558105469
  0
LWPOLYLINE
  5
1AB
330
17
100
AcDbEntity
  8
SCHEMATICS
 62
7
100
AcDbPolyline
 90
9
 70
0
 10
330.82183837890625
 20
570.1984558105469
 10
330.4763869047165
 20
569.7415171265602
 10
330.1001844406128
 20
569.3160557746887
 10
329.6932131052017
 20
568.9220778346062
 10
329.25545501708984
 20
568.5595893859863
 10
328.7868922948837
 20
568.228596508503
 10
328.28750705718994
 20
567.9291052818298
 10
327.75728142261505
 20
567.6611217856407
 10
327.1961975097656
 20
567.4246520996094
  0
LWPOLYLINE
  5
1AC
330
17
100
AcDbEntity
  8
SCHEMATICS
 62
7
100
AcDbPolyline
 90
9
 70
0
 10
327.1961975097656
 20
567.4246520996094
 10
327.63927578926086
 20
567.1636442542076
 10
328.05213165283203
 20
566.8840022087097
 10
328.43479228019714
 20
566.5857284665108
 10
328.7872848510742
 20
566.2688255310059
 10
329.1096365451813
 20
565.9332959055901
 10
329.4018745422363
 20
565.5791420936584
 10
329.6640260219574
 20
565.2063665986061
 10
329.8961181640625
 20
564.8149719238281
  0
LWPOLYLINE
  5
1AD
330
17
100
AcDbEntity
  8
SCHEMATICS
 62
7
100
AcDbPolyline
 90
9
 70
0
 10
329.8961181640625
 20
564.8149719238281
 10
330.0991134047508
 20
564.4122453927994
 10
330.27507162094116
 20
564.0049562454224
 10
330.4239838719368
 20
563.5931195020676
 10
330.545841217041
 20
563.1767501831055
 10
330.6406347155571
 20
562.7558633089066
 10
330.70835542678833
 20
562.3304738998413
 10
330.748994410038
 20
561.9005969762802
 10
330.7625427246094
 20
561.4662475585938
  0
LWPOLYLINE
  5
1AE
330
17
100
AcDbEntity
  8
SCHEMATICS
 62
7
100
AcDbPolyline
 90
9
 70
0
 10
330.7625427246094
 20
561.4662475585938
 10
330.7271390557289
 20
560.6424099206924
 10
330.6209282875061
 20
559.835244178772
 10
330.4439107775688
 20
559.0447653532028
 10
330.1960868835449
 20
558.2709884643555
 10
329.8774569630623
 20
557.5139285326004
 10
329.4880213737488
 20
556.7736005783081
 10
329.02778047323227
 20
556.0500196218491
 10
328.4967346191406
 20
555.3432006835938
  0
LWPOLYLINE
  5
1AF
330
17
100
AcDbEntity
  8
SCHEMATICS
 62
7
100
AcDbPolyline
 90
9
 70
0
 10
328.4967346191406
 20
555.3432006835938
 10
327.69528782367706
 20
554.4474549889565
 10
326.83782291412354
 20
553.6711316108704
 10
325.9243406057358
 20
553.0142337679863
 10
324.95484161376953
 20
552.4767646789551
 10
323.92932665348053
 20
552.0587275624275
 10
322.8477964401245
 20
551.7601256370544
 10
321.7102516889572
 20
551.5809621214867
 10
320.5166931152344
 20
551.521240234375
  0
LWPOLYLINE
  5
1B0
330
17
100
AcDbEntity
  8
SCHEMATICS
 62
7
100
AcDbPolyline
 90
9
 70
0
 10
320.5166931152344
 20
551.521240234375
 10
319.620603621006
 20
551.5554524064064
 10
318.7648377418518
 20
551.6580777168274
 10
317.9494044184685
 20
551.8290993571281
 10
317.17431259155273
 20
552.0685005187988
 10
316.4395712018013
 20
552.3762643933296
 10
315.7451891899109
 20
552.7523741722107
 10
315.0911754965782
 20
553.1968130469322
 10
314.4775390625
 20
553.7095642089844
  0
LWPOLYLINE
  5
1B1
330
17
100
AcDbEntity
  8
SCHEMATICS
 62
7
100
AcDbPolyline
 90
9
 70
0
 10
314.4775390625
 20
553.7095642089844
 10
313.9129440188408
 20
554.2851222753525
 10
313.4065890312195
 20
554.9174737930298
 10
312.95846086740494
 20
555.6066294908524
 10
312.568546295166
 20
556.3526000976562
 10
312.2368320822716
 20
557.1553963422775
 10
311.9633049964905
 20
558.0150289535522
 10
311.7479518055916
 20
558.9315086603165
 10
311.59075927734375
 20
559.9048461914062
  0
LINE
  5
1B2
330
17
100
AcDbEntity
  8
SCHEMATICS
 62
7
100
AcDbLine
 10
369.88043212890625
 20
560.6454467773438
 30
0.0
 11
348.33648681640625
 21
571.5549621582031
 31
0.0
  0
LINE
  5
1B3
330
17
100
AcDbEntity
  8
SCHEMATICS
 62
7
100
AcDbLine
 10
348.33648681640625
 20
571.5549621582031
 30
0.0
 11
369.88128662109375
 21
581.1794738769531
 31
0.0
  0
LINE
  5
1B4
330
17
100
AcDbEntity
  8
SCHEMATICS
 62
7
100
AcDbLine
 10
369.88128662109375
 20
581.1794738769531
 30
0.0
 11
391.155517578125
 21
571.5549621582031
 31
0.0
  0
LINE
  5
1B5
330
17
100
AcDbEntity
  8
SCHEMATICS
 62
7
100
AcDbLine
 10
391.155517578125
 20
571.5549621582031
 30
0.0
 11
369.88128662109375
 21
560.6476440429688
 31
0.0
  0
LINE
  5
1B6
330
17
100
AcDbEntity
  8
SCHEMATICS
 62
7
100
AcDbLine
 10
369.88128662109375
 20
560.6476440429688
 30
0.0
 11
369.88043212890625
 21
560.6454467773438
 31
0.0
  0
LINE
  5
1B7
330
17
100
AcDbEntity
  8
SCHEMATICS
 62
7
100
AcDbLine
 10
369.88128662109375
 20
582.2796020507812
 30
0.0
 11
346.06402587890625
 21
571.5549621582031
 31
0.0
  0
LINE
  5
1B8
330
17
100
AcDbEntity
  8
SCHEMATICS
 62
7
100
AcDbLine
 10
346.06402587890625
 20
571.5549621582031
 30
0.0
 11
369.88043212890625
 21
559.4535217285156
 31
0.0
  0
LINE
  5
1B9
330
17
100
AcDbEntity
  8
SCHEMATICS
 62
7
100
AcDbLine
 10
369.88043212890625
 20
559.4535217285156
 30
0.0
 11
393.60968017578125
 21
571.6471862792969
 31
0.0
  0
LINE
  5
1BA
330
17
100
AcDbEntity
  8
SCHEMATICS
 62
7
100
AcDbLine
 10
393.60968017578125
 20
571.6471862792969
 30
0.0
 11
369.88128662109375
 21
582.2796020507812
 31
0.0
  0
LINE
  5
1BB
330
17
100
AcDbEntity
  8
SCHEMATICS
 62
7
100
AcDbLine
 10
364.119384765625
 20
575.82080078125
 30
0.0
 11
367.8219299316406
 21
575.82080078125
 31
0.0
  0
LINE
  5
1BC
330
17
100
AcDbEntity
  8
SCHEMATICS
 62
7
100
AcDbLine
 10
367.8219299316406
 20
575.82080078125
 30
0.0
 11
367.8219299316406
 21
574.6679077148438
 31
0.0
  0
LINE
  5
1BD
330
17
100
AcDbEntity
  8
SCHEMATICS
 62
7
100
AcDbLine
 10
367.8219299316406
 20
574.6679077148438
 30
0.0
 11
365.4807434082031
 21
574.6679077148438
 31
0.0
  0
LINE
  5
1BE
330
17
100
AcDbEntity
  8
SCHEMATICS
 62
7
100
AcDbLine
 10
365.4807434082031
 20
574.6679077148438
 30
0.0
 11
365.4807434082031
 21
571.5660705566406
 31
0.0
  0
LINE
  5
1BF
330
17
100
AcDbEntity
  8
SCHEMATICS
 62
7
100
AcDbLine
 10
365.4807434082031
 20
571.5660705566406
 30
0.0
 11
367.6859436035156
 21
571.5660705566406
 31
0.0
  0
LINE
  5
1C0
330
17
100
AcDbEntity
  8
SCHEMATICS
 62
7
100
AcDbLine
 10
367.6859436035156
 20
571.5660705566406
 30
0.0
 11
367.6859436035156
 21
570.4131774902344
 31
0.0
  0
LINE
  5
1C1
330
17
100
AcDbEntity
  8
SCHEMATICS
 62
7
100
AcDbLine
 10
367.6859436035156
 20
570.4131774902344
 30
0.0
 11
365.4807434082031
 21
570.4131774902344
 31
0.0
  0
LINE
  5
1C2
330
17
100
AcDbEntity
  8
SCHEMATICS
 62
7
100
AcDbLine
 10
365.4807434082031
 20
570.4131774902344
 30
0.0
 11
365.4807434082031
 21
565.9115905761719
 31
0.0
  0
LINE
  5
1C3
330
17
100
AcDbEntity
  8
SCHEMATICS
 62
7
100
AcDbLine
 10
365.4807434082031
 20
565.9115905761719
 30
0.0
 11
364.119384765625
 21
565.9115905761719
 31
0.0
  0
LINE
  5
1C4
330
17
100
AcDbEntity
  8
SCHEMATICS
 62
7
100
AcDbLine
 10
364.119384765625
 20
565.9115905761719
 30
0.0
 11
364.119384765625
 21
575.82080078125
 31
0.0
  0
LINE
  5
1C5
330
17
100
AcDbEntity
  8
SCHEMATICS
 62
7
100
AcDbLine
 10
368.7478332519531
 20
575.82080078125
 30
0.0
 11
370.91229248046875
 21
575.82080078125
 31
0.0
  0
LINE
  5
1C6
330
17
100
AcDbEntity
  8
SCHEMATICS
 62
7
100
AcDbLine
 10
370.91229248046875
 20
575.82080078125
 30
0.0
 11
372.1643371582031
 21
568.272216796875
 31
0.0
  0
LINE
  5
1C7
330
17
100
AcDbEntity
  8
SCHEMATICS
 62
7
100
AcDbLine
 10
372.1643371582031
 20
568.272216796875
 30
0.0
 11
372.1917419433594
 21
568.272216796875
 31
0.0
  0
LINE
  5
1C8
330
17
100
AcDbEntity
  8
SCHEMATICS
 62
7
100
AcDbLine
 10
372.1917419433594
 20
568.272216796875
 30
0.0
 11
373.44451904296875
 21
575.82080078125
 31
0.0
  0
LINE
  5
1C9
330
17
100
AcDbEntity
  8
SCHEMATICS
 62
7
100
AcDbLine
 10
373.44451904296875
 20
575.82080078125
 30
0.0
 11
375.55438232421875
 21
575.82080078125
 31
0.0
  0
LINE
  5
1CA
330
17
100
AcDbEntity
  8
SCHEMATICS
 62
7
100
AcDbLine
 10
375.55438232421875
 20
575.82080078125
 30
0.0
 11
375.55438232421875
 21
565.9115905761719
 31
0.0
  0
LINE
  5
1CB
330
17
100
AcDbEntity
  8
SCHEMATICS
 62
7
100
AcDbLine
 10
375.55438232421875
 20
565.9115905761719
 30
0.0
 11
374.2744445800781
 21
565.9115905761719
 31
0.0
  0
LINE
  5
1CC
330
17
100
AcDbEntity
  8
SCHEMATICS
 62
7
100
AcDbLine
 10
374.2744445800781
 20
565.9115905761719
 30
0.0
 11
374.2744445800781
 21
574.8326110839844
 31
0.0
  0
LINE
  5
1CD
330
17
100
AcDbEntity
  8
SCHEMATICS
 62
7
100
AcDbLine
 10
374.2744445800781
 20
574.8326110839844
 30
0.0
 11
374.2473449707031
 21
574.8326110839844
 31
0.0
  0
LINE
  5
1CE
330
17
100
AcDbEntity
  8
SCHEMATICS
 62
7
100
AcDbLine
 10
374.2473449707031
 20
574.8326110839844
 30
0.0
 11
372.85888671875
 21
565.9115905761719
 31
0.0
  0
LINE
  5
1CF
330
17
100
AcDbEntity
  8
SCHEMATICS
 62
7
100
AcDbLine
 10
372.85888671875
 20
565.9115905761719
 30
0.0
 11
371.4979553222656
 21
565.9115905761719
 31
0.0
  0
LINE
  5
1D0
330
17
100
AcDbEntity
  8
SCHEMATICS
 62
7
100
AcDbLine
 10
371.4979553222656
 20
565.9115905761719
 30
0.0
 11
369.9730529785156
 21
574.8326110839844
 31
0.0
  0
LINE
  5
1D1
330
17
100
AcDbEntity
  8
SCHEMATICS
 62
7
100
AcDbLine
 10
369.9730529785156
 20
574.8326110839844
 30
0.0
 11
369.9458312988281
 21
574.8326110839844
 31
0.0
  0
LINE
  5
1D2
330
17
100
AcDbEntity
  8
SCHEMATICS
 62
7
100
AcDbLine
 10
369.9458312988281
 20
574.8326110839844
 30
0.0
 11
369.9458312988281
 21
565.9115905761719
 31
0.0
  0
LINE
  5
1D3
330
17
100
AcDbEntity
  8
SCHEMATICS
 62
7
100
AcDbLine
 10
369.9458312988281
 20
565.9115905761719
 30
0.0
 11
368.7478332519531
 21
565.9115905761719
 31
0.0
  0
LINE
  5
1D4
330
17
100
AcDbEntity
  8
SCHEMATICS
 62
7
100
AcDbLine
 10
368.7478332519531
 20
565.9115905761719
 30
0.0
 11
368.7478332519531
 21
575.82080078125
 31
0.0
  0
LINE
  5
1D5
330
17
100
AcDbEntity
  8
SCHEMATICS
 62
7
100
AcDbLine
 10
356.9429016113281
 20
554.0442504882812
 30
0.0
 11
358.10247802734375
 21
554.0442504882812
 31
0.0
  0
LINE
  5
1D6
330
17
100
AcDbEntity
  8
SCHEMATICS
 62
7
100
AcDbLine
 10
358.10247802734375
 20
554.0442504882812
 30
0.0
 11
357.53668212890625
 21
557.2474975585938
 31
0.0
  0
LINE
  5
1D7
330
17
100
AcDbEntity
  8
SCHEMATICS
 62
7
100
AcDbLine
 10
357.53668212890625
 20
557.2474975585938
 30
0.0
 11
357.5176696777344
 21
557.2474975585938
 31
0.0
  0
LINE
  5
1D8
330
17
100
AcDbEntity
  8
SCHEMATICS
 62
7
100
AcDbLine
 10
357.5176696777344
 20
557.2474975585938
 30
0.0
 11
356.9429016113281
 21
554.0442504882812
 31
0.0
  0
LINE
  5
1D9
330
17
100
AcDbEntity
  8
SCHEMATICS
 62
7
100
AcDbLine
 10
357.04290771484375
 20
558.2236938476562
 30
0.0
 11
358.10247802734375
 21
558.2236938476562
 31
0.0
  0
LINE
  5
1DA
330
17
100
AcDbEntity
  8
SCHEMATICS
 62
7
100
AcDbLine
 10
358.10247802734375
 20
558.2236938476562
 30
0.0
 11
359.4445495605469
 21
551.5763549804688
 31
0.0
  0
LINE
  5
1DB
330
17
100
AcDbEntity
  8
SCHEMATICS
 62
7
100
AcDbLine
 10
359.4445495605469
 20
551.5763549804688
 30
0.0
 11
358.5318603515625
 21
551.5763549804688
 31
0.0
  0
LINE
  5
1DC
330
17
100
AcDbEntity
  8
SCHEMATICS
 62
7
100
AcDbLine
 10
358.5318603515625
 20
551.5763549804688
 30
0.0
 11
358.23016357421875
 21
553.2702026367188
 31
0.0
  0
LINE
  5
1DD
330
17
100
AcDbEntity
  8
SCHEMATICS
 62
7
100
AcDbLine
 10
358.23016357421875
 20
553.2702026367188
 30
0.0
 11
356.8058776855469
 21
553.2702026367188
 31
0.0
  0
LINE
  5
1DE
330
17
100
AcDbEntity
  8
SCHEMATICS
 62
7
100
AcDbLine
 10
356.8058776855469
 20
553.2702026367188
 30
0.0
 11
356.5042419433594
 21
551.5763549804688
 31
0.0
  0
LINE
  5
1DF
330
17
100
AcDbEntity
  8
SCHEMATICS
 62
7
100
AcDbLine
 10
356.5042419433594
 20
551.5763549804688
 30
0.0
 11
355.5914001464844
 21
551.5763549804688
 31
0.0
  0
LINE
  5
1E0
330
17
100
AcDbEntity
  8
SCHEMATICS
 62
7
100
AcDbLine
 10
355.5914001464844
 20
551.5763549804688
 30
0.0
 11
357.04290771484375
 21
558.2236938476562
 31
0.0
  0
LINE
  5
1E1
330
17
100
AcDbEntity
  8
SCHEMATICS
 62
7
100
AcDbLine
 10
360.79620361328125
 20
555.2409973144531
 30
0.0
 11
361.2709655761719
 21
555.2409973144531
 31
0.0
  0
LWPOLYLINE
  5
1E2
330
17
100
AcDbEntity
  8
SCHEMATICS
 62
7
100
AcDbPolyline
 90
9
 70
0
 10
361.2709655761719
 20
555.2409973144531
 10
361.47862100601196
 20
555.2473055720329
 10
361.63988494873047
 20
555.2724890708923
 10
361.76052236557007
 20
555.3259359002113
 10
361.84629821777344
 20
555.4170341491699
 10
361.90297746658325
 20
555.5551719069481
 10
361.9363250732422
 20
555.7497372627258
 10
361.9521059989929
 20
556.0101183056831
 10
361.9560852050781
 20
556.345703125
  0
LWPOLYLINE
  5
1E3
330
17
100
AcDbEntity
  8
SCHEMATICS
 62
7
100
AcDbPolyline
 90
9
 70
0
 10
361.9560852050781
 20
556.345703125
 10
361.9521059989929
 20
556.6812515854836
 10
361.9363250732422
 20
556.9416127204895
 10
361.90297746658325
 20
557.1361710429192
 10
361.84629821777344
 20
557.2743110656738
 10
361.76052236557007
 20
557.3654173016548
 10
361.63988494873047
 20
557.4188742637634
 10
361.47862100601196
 20
557.444066464901
 10
361.2709655761719
 20
557.4503784179688
  0
LINE
  5
1E4
330
17
100
AcDbEntity
  8
SCHEMATICS
 62
7
100
AcDbLine
 10
361.2709655761719
 20
557.4503784179688
 30
0.0
 11
360.79620361328125
 21
557.4503784179688
 31
0.0
  0
LINE
  5
1E5
330
17
100
AcDbEntity
  8
SCHEMATICS
 62
7
100
AcDbLine
 10
360.79620361328125
 20
557.4503784179688
 30
0.0
 11
360.79620361328125
 21
555.2409973144531
 31
0.0
  0
LINE
  5
1E6
330
17
100
AcDbEntity
  8
SCHEMATICS
 62
7
100
AcDbLine
 10
359.8829345703125
 20
558.2236938476562
 30
0.0
 11
361.3896789550781
 21
558.2236938476562
 31
0.0
  0
LWPOLYLINE
  5
1E7
330
17
100
AcDbEntity
  8
SCHEMATICS
 62
7
100
AcDbPolyline
 90
9
 70
0
 10
361.3896789550781
 20
558.2236938476562
 10
361.809763610363
 20
558.2060657143593
 10
362.1446681022644
 20
558.1464867591858
 10
362.40338283777237
 20
558.0349151492119
 10
362.59489822387695
 20
557.8613090515137
 10
362.7282046675682
 20
557.6156266331673
 10
362.8122925758362
 20
557.2878260612488
 10
362.85615235567093
 20
556.8678655028343
 10
362.8687744140625
 20
556.345703125
  0
LWPOLYLINE
  5
1E8
330
17
100
AcDbEntity
  8
SCHEMATICS
 62
7
100
AcDbPolyline
 90
9
 70
0
 10
362.8687744140625
 20
556.345703125
 10
362.85615235567093
 20
555.8234115242958
 10
362.8122925758362
 20
555.4033761024475
 10
362.7282046675682
 20
555.0755435824394
 10
362.59489822387695
 20
554.8298606872559
 10
362.40338283777237
 20
554.6562741398811
 10
362.1446681022644
 20
554.5447306632996
 10
361.809763610363
 20
554.4851769804955
 10
361.3896789550781
 20
554.4675598144531
  0
LINE
  5
1E9
330
17
100
AcDbEntity
  8
SCHEMATICS
 62
7
100
AcDbLine
 10
361.3896789550781
 20
554.4675598144531
 30
0.0
 11
360.79620361328125
 21
554.4675598144531
 31
0.0
  0
LINE
  5
1EA
330
17
100
AcDbEntity
  8
SCHEMATICS
 62
7
100
AcDbLine
 10
360.79620361328125
 20
554.4675598144531
 30
0.0
 11
360.79620361328125
 21
551.5763549804688
 31
0.0
  0
LINE
  5
1EB
330
17
100
AcDbEntity
  8
SCHEMATICS
 62
7
100
AcDbLine
 10
360.79620361328125
 20
551.5763549804688
 30
0.0
 11
359.8829345703125
 21
551.5763549804688
 31
0.0
  0
LINE
  5
1EC
330
17
100
AcDbEntity
  8
SCHEMATICS
 62
7
100
AcDbLine
 10
359.8829345703125
 20
551.5763549804688
 30
0.0
 11
359.8829345703125
 21
558.2236938476562
 31
0.0
  0
LINE
  5
1ED
330
17
100
AcDbEntity
  8
SCHEMATICS
 62
7
100
AcDbLine
 10
364.3486022949219
 20
555.2409973144531
 30
0.0
 11
364.8233642578125
 21
555.2409973144531
 31
0.0
  0
LWPOLYLINE
  5
1EE
330
17
100
AcDbEntity
  8
SCHEMATICS
 62
7
100
AcDbPolyline
 90
9
 70
0
 10
364.8233642578125
 20
555.2409973144531
 10
365.03107756376266
 20
555.2473055720329
 10
365.1923232078552
 20
555.2724890708923
 10
365.3128872513771
 20
555.3259359002113
 10
365.39855575561523
 20
555.4170341491699
 10
365.45511478185654
 20
555.5551719069481
 10
365.48835039138794
 20
555.7497372627258
 10
365.50404864549637
 20
556.0101183056831
 10
365.50799560546875
 20
556.345703125
  0
LWPOLYLINE
  5
1EF
330
17
100
AcDbEntity
  8
SCHEMATICS
 62
7
100
AcDbPolyline
 90
9
 70
0
 10
365.50799560546875
 20
556.345703125
 10
365.50404864549637
 20
556.6812515854836
 10
365.48835039138794
 20
556.9416127204895
 10
365.45511478185654
 20
557.1361710429192
 10
365.39855575561523
 20
557.2743110656738
 10
365.3128872513771
 20
557.3654173016548
 10
365.1923232078552
 20
557.4188742637634
 10
365.03107756376266
 20
557.444066464901
 10
364.8233642578125
 20
557.4503784179688
  0
LINE
  5
1F0
330
17
100
AcDbEntity
  8
SCHEMATICS
 62
7
100
AcDbLine
 10
364.8233642578125
 20
557.4503784179688
 30
0.0
 11
364.3486022949219
 21
557.4503784179688
 31
0.0
  0
LINE
  5
1F1
330
17
100
AcDbEntity
  8
SCHEMATICS
 62
7
100
AcDbLine
 10
364.3486022949219
 20
557.4503784179688
 30
0.0
 11
364.3486022949219
 21
555.2409973144531
 31
0.0
  0
LINE
  5
1F2
330
17
100
AcDbEntity
  8
SCHEMATICS
 62
7
100
AcDbLine
 10
363.4348449707031
 20
558.2236938476562
 30
0.0
 11
364.9419250488281
 21
558.2236938476562
 31
0.0
  0
LWPOLYLINE
  5
1F3
330
17
100
AcDbEntity
  8
SCHEMATICS
 62
7
100
AcDbPolyline
 90
9
 70
0
 10
364.9419250488281
 20
558.2236938476562
 10
365.3621384501457
 20
558.2060657143593
 10
365.69715452194214
 20
558.1464867591858
 10
365.9559636712074
 20
558.0349151492119
 10
366.14755630493164
 20
557.8613090515137
 10
366.2809228301048
 20
557.6156266331673
 10
366.36505365371704
 20
557.2878260612488
 10
366.40893918275833
 20
556.8678655028343
 10
366.42156982421875
 20
556.345703125
  0
LWPOLYLINE
  5
1F4
330
17
100
AcDbEntity
  8
SCHEMATICS
 62
7
100
AcDbPolyline
 90
9
 70
0
 10
366.42156982421875
 20
556.345703125
 10
366.40893918275833
 20
555.8234115242958
 10
366.36505365371704
 20
555.4033761024475
 10
366.2809228301048
 20
555.0755435824394
 10
366.14755630493164
 20
554.8298606872559
 10
365.9559636712074
 20
554.6562741398811
 10
365.69715452194214
 20
554.5447306632996
 10
365.3621384501457
 20
554.4851769804955
 10
364.9419250488281
 20
554.4675598144531
  0
LINE
  5
1F5
330
17
100
AcDbEntity
  8
SCHEMATICS
 62
7
100
AcDbLine
 10
364.9419250488281
 20
554.4675598144531
 30
0.0
 11
364.3486022949219
 21
554.4675598144531
 31
0.0
  0
LINE
  5
1F6
330
17
100
AcDbEntity
  8
SCHEMATICS
 62
7
100
AcDbLine
 10
364.3486022949219
 20
554.4675598144531
 30
0.0
 11
364.3486022949219
 21
551.5763549804688
 31
0.0
  0
LINE
  5
1F7
330
17
100
AcDbEntity
  8
SCHEMATICS
 62
7
100
AcDbLine
 10
364.3486022949219
 20
551.5763549804688
 30
0.0
 11
363.4348449707031
 21
551.5763549804688
 31
0.0
  0
LINE
  5
1F8
330
17
100
AcDbEntity
  8
SCHEMATICS
 62
7
100
AcDbLine
 10
363.4348449707031
 20
551.5763549804688
 30
0.0
 11
363.4348449707031
 21
558.2236938476562
 31
0.0
  0
LINE
  5
1F9
330
17
100
AcDbEntity
  8
SCHEMATICS
 62
7
100
AcDbLine
 10
367.9007873535156
 20
555.2409973144531
 30
0.0
 11
368.1378173828125
 21
555.2409973144531
 31
0.0
  0
LWPOLYLINE
  5
1FA
330
17
100
AcDbEntity
  8
SCHEMATICS
 62
7
100
AcDbPolyline
 90
9
 70
0
 10
368.1378173828125
 20
555.2409973144531
 10
368.3804188966751
 20
555.2488565444946
 10
368.5708532333374
 20
555.2780532836914
 10
368.7152293920517
 20
555.3370161056519
 10
368.8196563720703
 20
555.4341735839844
 10
368.89024317264557
 20
555.5779542922974
 10
368.9330987930298
 20
555.7767868041992
 10
368.9543322324753
 20
556.0390996932983
 10
368.9600524902344
 20
556.3733215332031
  0
LWPOLYLINE
  5
1FB
330
17
100
AcDbEntity
  8
SCHEMATICS
 62
7
100
AcDbPolyline
 90
9
 70
0
 10
368.9600524902344
 20
556.3733215332031
 10
368.95659959316254
 20
556.7023910880089
 10
368.94267177581787
 20
556.9571394920349
 10
368.91291534900665
 20
557.1469505429268
 10
368.86197662353516
 20
557.2812080383301
 10
368.78450191020966
 20
557.3692957758904
 10
368.6751375198364
 20
557.4205975532532
 10
368.52852976322174
 20
557.4444971680641
 10
368.3393249511719
 20
557.4503784179688
  0
LINE
  5
1FC
330
17
100
AcDbEntity
  8
SCHEMATICS
 62
7
100
AcDbLine
 10
368.3393249511719
 20
557.4503784179688
 30
0.0
 11
367.9007873535156
 21
557.4503784179688
 31
0.0
  0
LINE
  5
1FD
330
17
100
AcDbEntity
  8
SCHEMATICS
 62
7
100
AcDbLine
 10
367.9007873535156
 20
557.4503784179688
 30
0.0
 11
367.9007873535156
 21
555.2409973144531
 31
0.0
  0
LINE
  5
1FE
330
17
100
AcDbEntity
  8
SCHEMATICS
 62
7
100
AcDbLine
 10
366.9876708984375
 20
558.2236938476562
 30
0.0
 11
368.4032287597656
 21
558.2236938476562
 31
0.0
  0
LWPOLYLINE
  5
1FF
330
17
100
AcDbEntity
  8
SCHEMATICS
 62
7
100
AcDbPolyline
 90
9
 70
0
 10
368.4032287597656
 20
558.2236938476562
 10
368.8490164279938
 20
558.2054234743118
 10
369.1951217651367
 20
558.1448564529419
 10
369.4539487361908
 20
558.0333589315414
 10
369.63790130615234
 20
557.8622970581055
 10
369.7593834400177
 20
557.623036980629
 10
369.8307991027832
 20
557.3069448471069
 10
369.8645522594452
 20
556.9053868055344
 10
369.873046875
 20
556.4097290039062
  0
LWPOLYLINE
  5
200
330
17
100
AcDbEntity
  8
SCHEMATICS
 62
7
100
AcDbPolyline
 90
9
 70
0
 10
369.873046875
 20
556.4097290039062
 10
369.86648976802826
 20
556.0980917215347
 10
369.8428201675415
 20
555.8297166824341
 10
369.79604065418243
 20
555.6005333662033
 10
369.72015380859375
 20
555.4064712524414
 10
369.60916221141815
 20
555.2434598207474
 10
369.45706844329834
 20
555.1074285507202
 10
369.257875084877
 20
554.9943069219589
 10
369.0055847167969
 20
554.9000244140625
  0
LINE
  5
201
330
17
100
AcDbEntity
  8
SCHEMATICS
 62
7
100
AcDbLine
 10
369.0055847167969
 20
554.9000244140625
 30
0.0
 11
369.0055847167969
 21
554.8816223144531
 31
0.0
  0
LWPOLYLINE
  5
202
330
17
100
AcDbEntity
  8
SCHEMATICS
 62
7
100
AcDbPolyline
 90
9
 70
0
 10
369.0055847167969
 20
554.8816223144531
 10
369.219515144825
 20
554.8452739715576
 10
369.3973412513733
 20
554.7842292785645
 10
369.5413994193077
 20
554.6979446411133
 10
369.65402603149414
 20
554.5858764648438
 10
369.7375574707985
 20
554.4474811553955
 10
369.79433012008667
 20
554.2822151184082
 10
369.8266803622246
 20
554.0895347595215
 10
369.8369445800781
 20
553.868896484375
  0
LINE
  5
203
330
17
100
AcDbEntity
  8
SCHEMATICS
 62
7
100
AcDbLine
 10
369.8369445800781
 20
553.868896484375
 30
0.0
 11
369.8369445800781
 21
552.42333984375
 31
0.0
  0
LWPOLYLINE
  5
204
330
17
100
AcDbEntity
  8
SCHEMATICS
 62
7
100
AcDbPolyline
 90
9
 70
0
 10
369.8369445800781
 20
552.42333984375
 10
369.83705043792725
 20
552.3296707868576
 10
369.8377914428711
 20
552.2290372848511
 10
369.8398027420044
 20
552.1231781244278
 10
369.8437194824219
 20
552.0138320922852
 10
369.85017681121826
 20
551.9027379751205
 10
369.8598098754883
 20
551.7916345596313
 10
369.87325382232666
 20
551.682260632515
 10
369.8911437988281
 20
551.5763549804688
  0
LINE
  5
205
330
17
100
AcDbEntity
  8
SCHEMATICS
 62
7
100
AcDbLine
 10
369.8911437988281
 20
551.5763549804688
 30
0.0
 11
369.03326416015625
 21
551.5763549804688
 31
0.0
  0
LWPOLYLINE
  5
206
330
17
100
AcDbEntity
  8
SCHEMATICS
 62
7
100
AcDbPolyline
 90
9
 70
0
 10
369.03326416015625
 20
551.5763549804688
 10
369.00223022699356
 20
551.6387927532196
 10
368.9774308204651
 20
551.7023677825928
 10
368.9582197070122
 20
551.7682745456696
 10
368.9439506530762
 20
551.8377075195312
 10
368.9339774250984
 20
551.9118611812592
 10
368.92765378952026
 20
551.9919300079346
 10
368.92433351278305
 20
552.0791084766388
 10
368.9233703613281
 20
552.1745910644531
  0
LINE
  5
207
330
17
100
AcDbEntity
  8
SCHEMATICS
 62
7
100
AcDbLine
 10
368.9233703613281
 20
552.1745910644531
 30
0.0
 11
368.9233703613281
 21
553.67578125
 31
0.0
  0
LWPOLYLINE
  5
208
330
17
100
AcDbEntity
  8
SCHEMATICS
 62
7
100
AcDbPolyline
 90
9
 70
0
 10
368.9233703613281
 20
553.67578125
 10
368.91749078035355
 20
553.889623105526
 10
368.8968529701233
 20
554.0637221336365
 10
368.8569583296776
 20
554.2015398144722
 10
368.79330825805664
 20
554.3065376281738
 10
368.7014041543007
 20
554.382177054882
 10
368.57674741744995
 20
554.4319195747375
 10
368.41483944654465
 20
554.459226667881
 10
368.211181640625
 20
554.4675598144531
  0
LINE
  5
209
330
17
100
AcDbEntity
  8
SCHEMATICS
 62
7
100
AcDbLine
 10
368.211181640625
 20
554.4675598144531
 30
0.0
 11
367.9007873535156
 21
554.4675598144531
 31
0.0
  0
LINE
  5
20A
330
17
100
AcDbEntity
  8
SCHEMATICS
 62
7
100
AcDbLine
 10
367.9007873535156
 20
554.4675598144531
 30
0.0
 11
367.9007873535156
 21
551.5763549804688
 31
0.0
  0
LINE
  5
20B
330
17
100
AcDbEntity
  8
SCHEMATICS
 62
7
100
AcDbLine
 10
367.9007873535156
 20
551.5763549804688
 30
0.0
 11
366.9876708984375
 21
551.5763549804688
 31
0.0
  0
LINE
  5
20C
330
17
100
AcDbEntity
  8
SCHEMATICS
 62
7
100
AcDbLine
 10
366.9876708984375
 20
551.5763549804688
 30
0.0
 11
366.9876708984375
 21
558.2236938476562
 31
0.0
  0
LWPOLYLINE
  5
20D
330
17
100
AcDbEntity
  8
SCHEMATICS
 62
7
100
AcDbPolyline
 90
9
 70
0
 10
371.42547607421875
 20
553.1141052246094
 10
371.43718868494034
 20
552.9124460816383
 10
371.47125482559204
 20
552.7363648414612
 10
371.52606695890427
 20
552.5862652659416
 10
371.6000175476074
 20
552.4625511169434
 10
371.6914990544319
 20
552.3656261563301
 10
371.79890394210815
 20
552.2958941459656
 10
371.92062467336655
 20
552.2537588477135
 10
372.0550537109375
 20
552.2396240234375
  0
LWPOLYLINE
  5
20E
330
17
100
AcDbEntity
  8
SCHEMATICS
 62
7
100
AcDbPolyline
 90
9
 70
0
 10
372.0550537109375
 20
552.2396240234375
 10
372.1928240060806
 20
552.2537588477135
 10
372.31703090667725
 20
552.2958941459656
 10
372.4261931180954
 20
552.3656261563301
 10
372.5188293457031
 20
552.4625511169434
 10
372.59345829486847
 20
552.5862652659416
 10
372.6485986709595
 20
552.7363648414612
 10
372.6827691793442
 20
552.9124460816383
 10
372.6944885253906
 20
553.1141052246094
  0
LINE
  5
20F
330
17
100
AcDbEntity
  8
SCHEMATICS
 62
7
100
AcDbLine
 10
372.6944885253906
 20
553.1141052246094
 30
0.0
 11
372.6944885253906
 21
556.6036682128906
 31
0.0
  0
LWPOLYLINE
  5
210
330
17
100
AcDbEntity
  8
SCHEMATICS
 62
7
100
AcDbPolyline
 90
9
 70
0
 10
372.6944885253906
 20
556.6036682128906
 10
372.6842674612999
 20
556.8325095772743
 10
372.6537356376648
 20
557.029064655304
 10
372.60309010744095
 20
557.1938802599907
 10
372.532527923584
 20
557.3275032043457
 10
372.44224613904953
 20
557.4304803013802
 10
372.3324418067932
 20
557.5033583641052
 10
372.20331197977066
 20
557.5466842055321
 10
372.0550537109375
 20
557.5610046386719
  0
LWPOLYLINE
  5
211
330
17
100
AcDbEntity
  8
SCHEMATICS
 62
7
100
AcDbPolyline
 90
9
 70
0
 10
372.0550537109375
 20
557.5610046386719
 10
371.91012793779373
 20
557.5466842055321
 10
371.7834801673889
 20
557.5033583641052
 10
371.6754326224327
 20
557.4304803013802
 10
371.58630752563477
 20
557.3275032043457
 10
371.51642709970474
 20
557.1938802599907
 10
371.4661135673523
 20
557.029064655304
 10
371.4356891512871
 20
556.8325095772743
 10
371.42547607421875
 20
556.6036682128906
  0
LINE
  5
212
330
17
100
AcDbEntity
  8
SCHEMATICS
 62
7
100
AcDbLine
 10
371.42547607421875
 20
556.6036682128906
 30
0.0
 11
371.42547607421875
 21
553.1141052246094
 31
0.0
  0
LWPOLYLINE
  5
213
330
17
100
AcDbEntity
  8
SCHEMATICS
 62
7
100
AcDbPolyline
 90
9
 70
0
 10
370.5123291015625
 20
556.5297241210938
 10
370.5277027487755
 20
556.871953189373
 10
370.5788130760193
 20
557.1954951286316
 10
370.6731441617012
 20
557.4920454621315
 10
370.8181800842285
 20
557.7532997131348
 10
371.0214049220085
 20
557.9709534049034
 10
371.2903027534485
 20
558.1367020606995
 10
371.6323576569557
 20
558.2422412037849
 10
372.0550537109375
 20
558.2792663574219
  0
LWPOLYLINE
  5
214
330
17
100
AcDbEntity
  8
SCHEMATICS
 62
7
100
AcDbPolyline
 90
9
 70
0
 10
372.0550537109375
 20
558.2792663574219
 10
372.46015667915344
 20
558.2507616877556
 10
372.794885635376
 20
558.1668257713318
 10
373.0642831325531
 20
558.0298257470131
 10
373.2733917236328
 20
557.8421287536621
 10
373.4272539615631
 20
557.6061019301414
 10
373.530912399292
 20
557.3241124153137
 10
373.58940958976746
 20
556.9985273480415
 10
373.6077880859375
 20
556.6317138671875
  0
LINE
  5
215
330
17
100
AcDbEntity
  8
SCHEMATICS
 62
7
100
AcDbLine
 10
373.6077880859375
 20
556.6317138671875
 30
0.0
 11
373.6077880859375
 21
553.2702026367188
 31
0.0
  0
LWPOLYLINE
  5
216
330
17
100
AcDbEntity
  8
SCHEMATICS
 62
7
100
AcDbPolyline
 90
9
 70
0
 10
373.6077880859375
 20
553.2702026367188
 10
373.59239864349365
 20
552.928200006485
 10
373.5411605834961
 20
552.6048183441162
 10
373.4464693069458
 20
552.3083732128143
 10
373.30072021484375
 20
552.0471801757812
 10
373.0963087081909
 20
551.8295547962189
 10
372.8256301879883
 20
551.6638126373291
 10
372.4810800552368
 20
551.5582692623138
 10
372.0550537109375
 20
551.521240234375
  0
LWPOLYLINE
  5
217
330
17
100
AcDbEntity
  8
SCHEMATICS
 62
7
100
AcDbPolyline
 90
9
 70
0
 10
372.0550537109375
 20
551.521240234375
 10
371.65329855680466
 20
551.5497578382492
 10
371.32107305526733
 20
551.6337327957153
 10
371.0534573197365
 20
551.7707983255386
 10
370.84553146362305
 20
551.9585876464844
 10
370.692375600338
 20
552.1947339773178
 10
370.58906984329224
 20
552.4768705368042
 10
370.53069430589676
 20
552.8026305437088
 10
370.5123291015625
 20
553.1696472167969
  0
LINE
  5
218
330
17
100
AcDbEntity
  8
SCHEMATICS
 62
7
100
AcDbLine
 10
370.5123291015625
 20
553.1696472167969
 30
0.0
 11
370.5123291015625
 21
556.5297241210938
 31
0.0
  0
LINE
  5
219
330
17
100
AcDbEntity
  8
SCHEMATICS
 62
7
100
AcDbLine
 10
373.7725830078125
 20
558.2236938476562
 30
0.0
 11
374.6860046386719
 21
558.2236938476562
 31
0.0
  0
LINE
  5
21A
330
17
100
AcDbEntity
  8
SCHEMATICS
 62
7
100
AcDbLine
 10
374.6860046386719
 20
558.2236938476562
 30
0.0
 11
375.635986328125
 21
552.9388427734375
 31
0.0
  0
LINE
  5
21B
330
17
100
AcDbEntity
  8
SCHEMATICS
 62
7
100
AcDbLine
 10
375.635986328125
 20
552.9388427734375
 30
0.0
 11
375.65423583984375
 21
552.9388427734375
 31
0.0
  0
LINE
  5
21C
330
17
100
AcDbEntity
  8
SCHEMATICS
 62
7
100
AcDbLine
 10
375.65423583984375
 20
552.9388427734375
 30
0.0
 11
376.6039123535156
 21
558.2236938476562
 31
0.0
  0
LINE
  5
21D
330
17
100
AcDbEntity
  8
SCHEMATICS
 62
7
100
AcDbLine
 10
376.6039123535156
 20
558.2236938476562
 30
0.0
 11
377.51702880859375
 21
558.2236938476562
 31
0.0
  0
LINE
  5
21E
330
17
100
AcDbEntity
  8
SCHEMATICS
 62
7
100
AcDbLine
 10
377.51702880859375
 20
558.2236938476562
 30
0.0
 11
376.1746826171875
 21
551.5763549804688
 31
0.0
  0
LINE
  5
21F
330
17
100
AcDbEntity
  8
SCHEMATICS
 62
7
100
AcDbLine
 10
376.1746826171875
 20
551.5763549804688
 30
0.0
 11
375.1151123046875
 21
551.5763549804688
 31
0.0
  0
LINE
  5
220
330
17
100
AcDbEntity
  8
SCHEMATICS
 62
7
100
AcDbLine
 10
375.1151123046875
 20
551.5763549804688
 30
0.0
 11
373.7725830078125
 21
558.2236938476562
 31
0.0
  0
LINE
  5
221
330
17
100
AcDbEntity
  8
SCHEMATICS
 62
7
100
AcDbLine
 10
377.92803955078125
 20
558.2236938476562
 30
0.0
 11
380.412109375
 21
558.2236938476562
 31
0.0
  0
LINE
  5
222
330
17
100
AcDbEntity
  8
SCHEMATICS
 62
7
100
AcDbLine
 10
380.412109375
 20
558.2236938476562
 30
0.0
 11
380.412109375
 21
557.4503784179688
 31
0.0
  0
LINE
  5
223
330
17
100
AcDbEntity
  8
SCHEMATICS
 62
7
100
AcDbLine
 10
380.412109375
 20
557.4503784179688
 30
0.0
 11
378.84100341796875
 21
557.4503784179688
 31
0.0
  0
LINE
  5
224
330
17
100
AcDbEntity
  8
SCHEMATICS
 62
7
100
AcDbLine
 10
378.84100341796875
 20
557.4503784179688
 30
0.0
 11
378.84100341796875
 21
555.3697814941406
 31
0.0
  0
LINE
  5
225
330
17
100
AcDbEntity
  8
SCHEMATICS
 62
7
100
AcDbLine
 10
378.84100341796875
 20
555.3697814941406
 30
0.0
 11
380.32080078125
 21
555.3697814941406
 31
0.0
  0
LINE
  5
226
330
17
100
AcDbEntity
  8
SCHEMATICS
 62
7
100
AcDbLine
 10
380.32080078125
 20
555.3697814941406
 30
0.0
 11
380.32080078125
 21
554.5961608886719
 31
0.0
  0
LINE
  5
227
330
17
100
AcDbEntity
  8
SCHEMATICS
 62
7
100
AcDbLine
 10
380.32080078125
 20
554.5961608886719
 30
0.0
 11
378.84100341796875
 21
554.5961608886719
 31
0.0
  0
LINE
  5
228
330
17
100
AcDbEntity
  8
SCHEMATICS
 62
7
100
AcDbLine
 10
378.84100341796875
 20
554.5961608886719
 30
0.0
 11
378.84100341796875
 21
552.3501281738281
 31
0.0
  0
LINE
  5
229
330
17
100
AcDbEntity
  8
SCHEMATICS
 62
7
100
AcDbLine
 10
378.84100341796875
 20
552.3501281738281
 30
0.0
 11
380.412109375
 21
552.3501281738281
 31
0.0
  0
LINE
  5
22A
330
17
100
AcDbEntity
  8
SCHEMATICS
 62
7
100
AcDbLine
 10
380.412109375
 20
552.3501281738281
 30
0.0
 11
380.412109375
 21
551.5763549804688
 31
0.0
  0
LINE
  5
22B
330
17
100
AcDbEntity
  8
SCHEMATICS
 62
7
100
AcDbLine
 10
380.412109375
 20
551.5763549804688
 30
0.0
 11
377.92803955078125
 21
551.5763549804688
 31
0.0
  0
LINE
  5
22C
330
17
100
AcDbEntity
  8
SCHEMATICS
 62
7
100
AcDbLine
 10
377.92803955078125
 20
551.5763549804688
 30
0.0
 11
377.92803955078125
 21
558.2236938476562
 31
0.0
  0
LINE
  5
22D
330
17
100
AcDbEntity
  8
SCHEMATICS
 62
7
100
AcDbLine
 10
381.71783447265625
 20
552.3501281738281
 30
0.0
 11
382.1561279296875
 21
552.3501281738281
 31
0.0
  0
LWPOLYLINE
  5
22E
330
17
100
AcDbEntity
  8
SCHEMATICS
 62
7
100
AcDbPolyline
 90
9
 70
0
 10
382.1561279296875
 20
552.3501281738281
 10
382.38467371463776
 20
552.3677694797516
 10
382.5667600631714
 20
552.4240074157715
 10
382.7073143720627
 20
552.5238130092621
 10
382.81126403808594
 20
552.6721572875977
 10
382.88353645801544
 20
552.8740112781525
 10
382.9290590286255
 20
553.1343460083008
 10
382.95275914669037
 20
553.4581325054169
 10
382.9595642089844
 20
553.850341796875
  0
LINE
  5
22F
330
17
100
AcDbEntity
  8
SCHEMATICS
 62
7
100
AcDbLine
 10
382.9595642089844
 20
553.850341796875
 30
0.0
 11
382.9595642089844
 21
556.1340637207031
 31
0.0
  0
LWPOLYLINE
  5
230
330
17
100
AcDbEntity
  8
SCHEMATICS
 62
7
100
AcDbPolyline
 90
9
 70
0
 10
382.9595642089844
 20
556.1340637207031
 10
382.9537271261215
 20
556.4733788371086
 10
382.9317216873169
 20
556.755214214325
 10
382.8868066072464
 20
556.9833417534828
 10
382.81224060058594
 20
557.1615333557129
 10
382.7012823820114
 20
557.2935609221458
 10
382.54719066619873
 20
557.3831963539124
 10
382.3432241678238
 20
557.4342115521431
 10
382.0826416015625
 20
557.4503784179688
  0
LINE
  5
231
330
17
100
AcDbEntity
  8
SCHEMATICS
 62
7
100
AcDbLine
 10
382.0826416015625
 20
557.4503784179688
 30
0.0
 11
381.71783447265625
 21
557.4503784179688
 31
0.0
  0
LINE
  5
232
330
17
100
AcDbEntity
  8
SCHEMATICS
 62
7
100
AcDbLine
 10
381.71783447265625
 20
557.4503784179688
 30
0.0
 11
381.71783447265625
 21
552.3501281738281
 31
0.0
  0
LINE
  5
233
330
17
100
AcDbEntity
  8
SCHEMATICS
 62
7
100
AcDbLine
 10
380.80438232421875
 20
558.2236938476562
 30
0.0
 11
382.2748718261719
 21
558.2236938476562
 31
0.0
  0
LWPOLYLINE
  5
234
330
17
100
AcDbEntity
  8
SCHEMATICS
 62
7
100
AcDbPolyline
 90
9
 70
0
 10
382.2748718261719
 20
558.2236938476562
 10
382.7681049108505
 20
558.1985654234886
 10
383.14834690093994
 20
558.1158385276794
 10
383.43015396595
 20
557.9645007252693
 10
383.6280822753906
 20
557.7335395812988
 10
383.75668799877167
 20
557.4119426608086
 10
383.830527305603
 20
556.9886975288391
 10
383.8641563653946
 20
556.4527917504311
 10
383.87213134765625
 20
555.793212890625
  0
LINE
  5
235
330
17
100
AcDbEntity
  8
SCHEMATICS
 62
7
100
AcDbLine
 10
383.87213134765625
 20
555.793212890625
 30
0.0
 11
383.87213134765625
 21
553.8137817382812
 31
0.0
  0
LWPOLYLINE
  5
236
330
17
100
AcDbEntity
  8
SCHEMATICS
 62
7
100
AcDbPolyline
 90
9
 70
0
 10
383.87213134765625
 20
553.8137817382812
 10
383.8563961982727
 20
553.2285890579224
 10
383.8026123046875
 20
552.7455749511719
 10
383.7009119987488
 20
552.3572950363159
 10
383.5414276123047
 20
552.0563049316406
 10
383.31429147720337
 20
551.8351602554321
 10
383.00963592529297
 20
551.6864166259766
 10
382.61759328842163
 20
551.6026296615601
 10
382.1282958984375
 20
551.5763549804688
  0
LINE
  5
237
330
17
100
AcDbEntity
  8
SCHEMATICS
 62
7
100
AcDbLine
 10
382.1282958984375
 20
551.5763549804688
 30
0.0
 11
380.80438232421875
 21
551.5763549804688
 31
0.0
  0
LINE
  5
238
330
17
100
AcDbEntity
  8
SCHEMATICS
 62
7
100
AcDbLine
 10
380.80438232421875
 20
551.5763549804688
 30
0.0
 11
380.80438232421875
 21
558.2236938476562
 31
0.0
  0
LWPOLYLINE
  5
239
330
17
100
AcDbEntity
  8
SCHEMATICS
 62
7
100
AcDbPolyline
 90
5
 70
0
 10
56.689998626708984
 20
523.5
 10
566.9299926757812
 20
523.5
 10
566.9299926757812
 20
541.3499755859375
 10
56.689998626708984
 20
541.3499755859375
 10
56.689998626708984
 20
523.5
  0
LWPOLYLINE
  5
23A
330
17
100
AcDbEntity
  8
SCHEMATICS
 62
7
100
AcDbPolyline
 90
5
 70
0
 10
56.689998626708984
 20
449.6000061035156
 10
566.9299926757812
 20
449.6000061035156
 10
566.9299926757812
 20
467.45001220703125
 10
56.689998626708984
 20
467.45001220703125
 10
56.689998626708984
 20
449.6000061035156
  0
LINE
  5
23B
330
17
100
AcDbEntity
  8
SCHEMATICS
 62
7
100
AcDbLine
 10
56.69038772583008
 20
442.59716796875
 30
0.0
 11
167.18893432617188
 21
442.59716796875
 31
0.0
  0
LINE
  5
23C
330
17
100
AcDbEntity
  8
SCHEMATICS
 62
7
100
AcDbLine
 10
167.18893432617188
 20
442.59716796875
 30
0.0
 11
167.18893432617188
 21
255.5999755859375
 31
0.0
  0
LINE
  5
23D
330
17
100
AcDbEntity
  8
SCHEMATICS
 62
7
100
AcDbLine
 10
167.18893432617188
 20
255.5999755859375
 30
0.0
 11
56.69038772583008
 21
255.5999755859375
 31
0.0
  0
LINE
  5
23E
330
17
100
AcDbEntity
  8
SCHEMATICS
 62
7
100
AcDbLine
 10
56.69038772583008
 20
255.5999755859375
 30
0.0
 11
56.69038772583008
 21
442.59716796875
 31
0.0
  0
LWPOLYLINE
  5
23F
330
17
100
AcDbEntity
  8
SCHEMATICS
 62
7
100
AcDbPolyline
 90
9
 70
0
 10
73.32611083984375
 20
265.75921630859375
 10
73.39860938489437
 20
265.6338840723038
 10
73.48529279232025
 20
265.5187349319458
 10
73.58413465321064
 20
265.4157809019089
 10
73.69310855865479
 20
265.32703399658203
 10
73.81018809974194
 20
265.2545062303543
 10
73.93334686756134
 20
265.20020961761475
 10
74.06055845320225
 20
265.1661561727524
 10
74.1897964477539
 20
265.15435791015625
  0
LINE
  5
240
330
17
100
AcDbEntity
  8
SCHEMATICS
 62
7
100
AcDbLine
 10
74.1897964477539
 20
265.15435791015625
 30
0.0
 11
74.27685546875
 21
265.15435791015625
 31
0.0
  0
LWPOLYLINE
  5
241
330
17
100
AcDbEntity
  8
SCHEMATICS
 62
7
100
AcDbPolyline
 90
9
 70
0
 10
73.32611083984375
 20
265.75921630859375
 10
73.39860938489437
 20
265.6338840723038
 10
73.48529279232025
 20
265.5187349319458
 10
73.58413465321064
 20
265.4157809019089
 10
73.69310855865479
 20
265.32703399658203
 10
73.81018809974194
 20
265.2545062303543
 10
73.93334686756134
 20
265.20020961761475
 10
74.06055845320225
 20
265.1661561727524
 10
74.1897964477539
 20
265.15435791015625
  0
LINE
  5
242
330
17
100
AcDbEntity
  8
SCHEMATICS
 62
7
100
AcDbLine
 10
74.1897964477539
 20
265.15435791015625
 30
0.0
 11
74.27685546875
 21
265.15435791015625
 31
0.0
  0
LINE
  5
243
330
17
100
AcDbEntity
  8
SCHEMATICS
 62
7
100
AcDbLine
 10
70.47637939453125
 20
265.15435791015625
 30
0.0
 11
70.56224060058594
 21
265.15435791015625
 31
0.0
  0
LWPOLYLINE
  5
244
330
17
100
AcDbEntity
  8
SCHEMATICS
 62
7
100
AcDbPolyline
 90
9
 70
0
 10
70.56224060058594
 20
265.15435791015625
 10
70.69159296154976
 20
265.1661561727524
 10
70.81886267662048
 20
265.20020961761475
 10
70.94204220175743
 20
265.2545062303543
 10
71.05912399291992
 20
265.32703399658203
 10
71.16810050606728
 20
265.4157809019089
 10
71.26696419715881
 20
265.5187349319458
 10
71.35370752215385
 20
265.6338840723038
 10
71.42632293701172
 20
265.75921630859375
  0
LINE
  5
245
330
17
100
AcDbEntity
  8
SCHEMATICS
 62
7
100
AcDbLine
 10
70.47637939453125
 20
265.15435791015625
 30
0.0
 11
70.56224060058594
 21
265.15435791015625
 31
0.0
  0
LWPOLYLINE
  5
246
330
17
100
AcDbEntity
  8
SCHEMATICS
 62
7
100
AcDbPolyline
 90
9
 70
0
 10
70.56224060058594
 20
265.15435791015625
 10
70.69159296154976
 20
265.1661561727524
 10
70.81886267662048
 20
265.20020961761475
 10
70.94204220175743
 20
265.2545062303543
 10
71.05912399291992
 20
265.32703399658203
 10
71.16810050606728
 20
265.4157809019089
 10
71.26696419715881
 20
265.5187349319458
 10
71.35370752215385
 20
265.6338840723038
 10
71.42632293701172
 20
265.75921630859375
  0
LWPOLYLINE
  5
247
330
17
100
AcDbEntity
  8
SCHEMATICS
 62
7
100
AcDbPolyline
 90
9
 70
0
 10
68.92122650146484
 20
271.28656005859375
 10
68.82411786913872
 20
271.34365487098694
 10
68.72695469856262
 20
271.3865604400635
 10
68.62974897027016
 20
271.4173038005829
 10
68.53251266479492
 20
271.4379119873047
 10
68.43525776267052
 20
271.4504120349884
 10
68.33799624443054
 20
271.45683097839355
 10
68.2407400906086
 20
271.45919585227966
 10
68.14350128173828
 20
271.45953369140625
  0
LWPOLYLINE
  5
248
330
17
100
AcDbEntity
  8
SCHEMATICS
 62
7
100
AcDbPolyline
 90
9
 70
0
 10
68.14350128173828
 20
271.45953369140625
 10
67.82885472476482
 20
271.42817199230194
 10
67.53643500804901
 20
271.3381299972534
 10
67.27232207357883
 20
271.1954723596573
 10
67.04259586334229
 20
271.00626373291016
 10
66.85333631932735
 20
270.77656877040863
 10
66.71062338352203
 20
270.5124521255493
 10
66.62053699791431
 20
270.2199784517288
 10
66.58915710449219
 20
269.90521240234375
  0
LWPOLYLINE
  5
249
330
17
100
AcDbEntity
  8
SCHEMATICS
 62
7
100
AcDbPolyline
 90
9
 70
0
 10
66.58915710449219
 20
269.90521240234375
 10
66.6129692941904
 20
269.61865985393524
 10
66.68237268924713
 20
269.3463201522827
 10
66.79431752860546
 20
269.094246506691
 10
66.9457540512085
 20
268.86849212646484
 10
67.13363249599934
 20
268.6751102209091
 10
67.35490310192108
 20
268.5201539993286
 10
67.60651610791683
 20
268.40967667102814
 10
67.88542175292969
 20
268.3497314453125
  0
LWPOLYLINE
  5
24A
330
17
100
AcDbEntity
  8
SCHEMATICS
 62
7
100
AcDbPolyline
 90
9
 70
0
 10
68.92122650146484
 20
271.28656005859375
 10
68.82411786913872
 20
271.34365487098694
 10
68.72695469856262
 20
271.3865604400635
 10
68.62974897027016
 20
271.4173038005829
 10
68.53251266479492
 20
271.4379119873047
 10
68.43525776267052
 20
271.4504120349884
 10
68.33799624443054
 20
271.45683097839355
 10
68.2407400906086
 20
271.45919585227966
 10
68.14350128173828
 20
271.45953369140625
  0
LWPOLYLINE
  5
24B
330
17
100
AcDbEntity
  8
SCHEMATICS
 62
7
100
AcDbPolyline
 90
9
 70
0
 10
68.14350128173828
 20
271.45953369140625
 10
67.82885472476482
 20
271.42817199230194
 10
67.53643500804901
 20
271.3381299972534
 10
67.27232207357883
 20
271.1954723596573
 10
67.04259586334229
 20
271.00626373291016
 10
66.85333631932735
 20
270.77656877040863
 10
66.71062338352203
 20
270.5124521255493
 10
66.62053699791431
 20
270.2199784517288
 10
66.58915710449219
 20
269.90521240234375
  0
LWPOLYLINE
  5
24C
330
17
100
AcDbEntity
  8
SCHEMATICS
 62
7
100
AcDbPolyline
 90
9
 70
0
 10
66.58915710449219
 20
269.90521240234375
 10
66.6129692941904
 20
269.61865985393524
 10
66.68237268924713
 20
269.3463201522827
 10
66.79431752860546
 20
269.094246506691
 10
66.9457540512085
 20
268.86849212646484
 10
67.13363249599934
 20
268.6751102209091
 10
67.35490310192108
 20
268.5201539993286
 10
67.60651610791683
 20
268.40967667102814
 10
67.88542175292969
 20
268.3497314453125
  0
LWPOLYLINE
  5
24D
330
17
100
AcDbEntity
  8
SCHEMATICS
 62
7
100
AcDbPolyline
 90
9
 70
0
 10
67.88542175292969
 20
268.3497314453125
 10
67.60651610791683
 20
268.26556384563446
 10
67.35490310192108
 20
268.1439275741577
 10
67.13363249599934
 20
267.9878317117691
 10
66.9457540512085
 20
267.80028533935547
 10
66.79431752860546
 20
267.58429753780365
 10
66.68237268924713
 20
267.3428773880005
 10
66.6129692941904
 20
267.0790339708328
 10
66.58915710449219
 20
266.7957763671875
  0
LWPOLYLINE
  5
24E
330
17
100
AcDbEntity
  8
SCHEMATICS
 62
7
100
AcDbPolyline
 90
9
 70
0
 10
66.58915710449219
 20
266.7957763671875
 10
66.62053699791431
 20
266.47728538513184
 10
66.71062338352203
 20
266.17495346069336
 10
66.85333631932735
 20
265.89688873291016
 10
67.04259586334229
 20
265.6511993408203
 10
67.27232207357883
 20
265.4459934234619
 10
67.53643500804901
 20
265.28937911987305
 10
67.82885472476482
 20
265.1894645690918
 10
68.14350128173828
 20
265.15435791015625
  0
LWPOLYLINE
  5
24F
330
17
100
AcDbEntity
  8
SCHEMATICS
 62
7
100
AcDbPolyline
 90
9
 70
0
 10
68.14350128173828
 20
265.15435791015625
 10
68.2407400906086
 20
265.1584358215332
 10
68.33799624443054
 20
265.17065048217773
 10
68.43525776267052
 20
265.19097328186035
 10
68.53251266479492
 20
265.21937561035156
 10
68.62974897027016
 20
265.2558288574219
 10
68.72695469856262
 20
265.3003044128418
 10
68.82411786913872
 20
265.35277366638184
 10
68.92122650146484
 20
265.4132080078125
  0
LWPOLYLINE
  5
250
330
17
100
AcDbEntity
  8
SCHEMATICS
 62
7
100
AcDbPolyline
 90
9
 70
0
 10
67.88542175292969
 20
268.3497314453125
 10
67.60651610791683
 20
268.26556384563446
 10
67.35490310192108
 20
268.1439275741577
 10
67.13363249599934
 20
267.9878317117691
 10
66.9457540512085
 20
267.80028533935547
 10
66.79431752860546
 20
267.58429753780365
 10
66.68237268924713
 20
267.3428773880005
 10
66.6129692941904
 20
267.0790339708328
 10
66.58915710449219
 20
266.7957763671875
  0
LWPOLYLINE
  5
251
330
17
100
AcDbEntity
  8
SCHEMATICS
 62
7
100
AcDbPolyline
 90
9
 70
0
 10
66.58915710449219
 20
266.7957763671875
 10
66.62053699791431
 20
266.47728538513184
 10
66.71062338352203
 20
266.17495346069336
 10
66.85333631932735
 20
265.89688873291016
 10
67.04259586334229
 20
265.6511993408203
 10
67.27232207357883
 20
265.4459934234619
 10
67.53643500804901
 20
265.28937911987305
 10
67.82885472476482
 20
265.1894645690918
 10
68.14350128173828
 20
265.15435791015625
  0
LWPOLYLINE
  5
252
330
17
100
AcDbEntity
  8
SCHEMATICS
 62
7
100
AcDbPolyline
 90
9
 70
0
 10
68.14350128173828
 20
265.15435791015625
 10
68.2407400906086
 20
265.1584358215332
 10
68.33799624443054
 20
265.17065048217773
 10
68.43525776267052
 20
265.19097328186035
 10
68.53251266479492
 20
265.21937561035156
 10
68.62974897027016
 20
265.2558288574219
 10
68.72695469856262
 20
265.3003044128418
 10
68.82411786913872
 20
265.35277366638184
 10
68.92122650146484
 20
265.4132080078125
  0
LINE
  5
253
330
17
100
AcDbEntity
  8
SCHEMATICS
 62
7
100
AcDbLine
 10
74.27685546875
 20
268.867431640625
 30
0.0
 11
74.1897964477539
 21
268.867431640625
 31
0.0
  0
LWPOLYLINE
  5
254
330
17
100
AcDbEntity
  8
SCHEMATICS
 62
7
100
AcDbPolyline
 90
9
 70
0
 10
74.1897964477539
 20
268.867431640625
 10
74.06055845320225
 20
268.8556817770004
 10
73.93334686756134
 20
268.8217496871948
 10
73.81018809974194
 20
268.76761162281036
 10
73.69310855865479
 20
268.6952438354492
 10
73.58413465321064
 20
268.60662257671356
 10
73.48529279232025
 20
268.50372409820557
 10
73.39860938489437
 20
268.3885246515274
 10
73.32611083984375
 20
268.26300048828125
  0
LINE
  5
255
330
17
100
AcDbEntity
  8
SCHEMATICS
 62
7
100
AcDbLine
 10
74.27685546875
 20
268.867431640625
 30
0.0
 11
74.1897964477539
 21
268.867431640625
 31
0.0
  0
LWPOLYLINE
  5
256
330
17
100
AcDbEntity
  8
SCHEMATICS
 62
7
100
AcDbPolyline
 90
9
 70
0
 10
74.1897964477539
 20
268.867431640625
 10
74.06055845320225
 20
268.8556817770004
 10
73.93334686756134
 20
268.8217496871948
 10
73.81018809974194
 20
268.76761162281036
 10
73.69310855865479
 20
268.6952438354492
 10
73.58413465321064
 20
268.60662257671356
 10
73.48529279232025
 20
268.50372409820557
 10
73.39860938489437
 20
268.3885246515274
 10
73.32611083984375
 20
268.26300048828125
  0
LWPOLYLINE
  5
257
330
17
100
AcDbEntity
  8
SCHEMATICS
 62
7
100
AcDbPolyline
 90
9
 70
0
 10
71.42632293701172
 20
268.26300048828125
 10
71.35370752215385
 20
268.3885246515274
 10
71.26696419715881
 20
268.50372409820557
 10
71.16810050606728
 20
268.60662257671356
 10
71.05912399291992
 20
268.6952438354492
 10
70.94204220175743
 20
268.76761162281036
 10
70.81886267662048
 20
268.8217496871948
 10
70.69159296154976
 20
268.8556817770004
 10
70.56224060058594
 20
268.867431640625
  0
LINE
  5
258
330
17
100
AcDbEntity
  8
SCHEMATICS
 62
7
100
AcDbLine
 10
70.56224060058594
 20
268.867431640625
 30
0.0
 11
70.47637939453125
 21
268.867431640625
 31
0.0
  0
LWPOLYLINE
  5
259
330
17
100
AcDbEntity
  8
SCHEMATICS
 62
7
100
AcDbPolyline
 90
9
 70
0
 10
71.42632293701172
 20
268.26300048828125
 10
71.35370752215385
 20
268.3885246515274
 10
71.26696419715881
 20
268.50372409820557
 10
71.16810050606728
 20
268.60662257671356
 10
71.05912399291992
 20
268.6952438354492
 10
70.94204220175743
 20
268.76761162281036
 10
70.81886267662048
 20
268.8217496871948
 10
70.69159296154976
 20
268.8556817770004
 10
70.56224060058594
 20
268.867431640625
  0
LINE
  5
25A
330
17
100
AcDbEntity
  8
SCHEMATICS
 62
7
100
AcDbLine
 10
70.56224060058594
 20
268.867431640625
 30
0.0
 11
70.47637939453125
 21
268.867431640625
 31
0.0
  0
LINE
  5
25B
330
17
100
AcDbEntity
  8
SCHEMATICS
 62
7
100
AcDbLine
 10
71.42632293701172
 20
268.26300048828125
 30
0.0
 11
72.37626647949219
 21
267.0546875
 31
0.0
  0
LINE
  5
25C
330
17
100
AcDbEntity
  8
SCHEMATICS
 62
7
100
AcDbLine
 10
71.42632293701172
 20
265.75921630859375
 30
0.0
 11
72.37626647949219
 21
266.967529296875
 31
0.0
  0
LINE
  5
25D
330
17
100
AcDbEntity
  8
SCHEMATICS
 62
7
100
AcDbLine
 10
73.32611083984375
 20
265.75921630859375
 30
0.0
 11
72.37626647949219
 21
266.967529296875
 31
0.0
  0
LINE
  5
25E
330
17
100
AcDbEntity
  8
SCHEMATICS
 62
7
100
AcDbLine
 10
73.32611083984375
 20
268.26300048828125
 30
0.0
 11
72.37626647949219
 21
267.0546875
 31
0.0
  0
LINE
  5
25F
330
17
100
AcDbEntity
  8
SCHEMATICS
 62
7
100
AcDbLine
 10
67.88542175292969
 20
268.3497314453125
 30
0.0
 11
68.2297592163086
 21
268.3497314453125
 31
0.0
  0
LINE
  5
260
330
17
100
AcDbEntity
  8
SCHEMATICS
 62
7
100
AcDbLine
 10
62.356807708740234
 20
268.3497314453125
 30
0.0
 11
66.41580200195312
 21
275.4334716796875
 31
0.0
  0
LINE
  5
261
330
17
100
AcDbEntity
  8
SCHEMATICS
 62
7
100
AcDbLine
 10
66.41580200195312
 20
275.4334716796875
 30
0.0
 11
74.62118530273438
 21
275.4334716796875
 31
0.0
  0
LINE
  5
262
330
17
100
AcDbEntity
  8
SCHEMATICS
 62
7
100
AcDbLine
 10
74.62118530273438
 20
275.4334716796875
 30
0.0
 11
78.6817398071289
 21
268.3497314453125
 31
0.0
  0
LINE
  5
263
330
17
100
AcDbEntity
  8
SCHEMATICS
 62
7
100
AcDbLine
 10
66.41580200195312
 20
261.26715087890625
 30
0.0
 11
62.356807708740234
 21
268.3497314453125
 31
0.0
  0
LINE
  5
264
330
17
100
AcDbEntity
  8
SCHEMATICS
 62
7
100
AcDbLine
 10
78.6817398071289
 20
268.3497314453125
 30
0.0
 11
74.62118530273438
 21
261.26715087890625
 31
0.0
  0
LINE
  5
265
330
17
100
AcDbEntity
  8
SCHEMATICS
 62
7
100
AcDbLine
 10
74.62118530273438
 20
261.26715087890625
 30
0.0
 11
66.41580200195312
 21
261.26715087890625
 31
0.0
  0
LINE
  5
266
330
17
100
AcDbEntity
  8
SCHEMATICS
 62
7
100
AcDbLine
 10
199.77029418945312
 20
400.0986022949219
 30
0.0
 11
199.7772979736328
 21
274.017333984375
 31
0.0
  0
LINE
  5
267
330
17
100
AcDbEntity
  8
SCHEMATICS
 62
7
100
AcDbLine
 10
199.7772979736328
 20
274.017333984375
 30
0.0
 11
199.77029418945312
 21
274.017333984375
 31
0.0
  0
LINE
  5
268
330
17
100
AcDbEntity
  8
SCHEMATICS
 62
7
100
AcDbLine
 10
199.77029418945312
 20
274.017333984375
 30
0.0
 11
229.52001953125
 21
274.017333984375
 31
0.0
  0
LINE
  5
269
330
17
100
AcDbEntity
  8
SCHEMATICS
 62
7
100
AcDbLine
 10
229.52001953125
 20
274.017333984375
 30
0.0
 11
235.186279296875
 21
280.72113037109375
 31
0.0
  0
LINE
  5
26A
330
17
100
AcDbEntity
  8
SCHEMATICS
 62
7
100
AcDbLine
 10
235.186279296875
 20
280.72113037109375
 30
0.0
 11
263.5186767578125
 21
280.72113037109375
 31
0.0
  0
LINE
  5
26B
330
17
100
AcDbEntity
  8
SCHEMATICS
 62
7
100
AcDbLine
 10
263.5186767578125
 20
280.72113037109375
 30
0.0
 11
269.1859436035156
 21
274.017333984375
 31
0.0
  0
LINE
  5
26C
330
17
100
AcDbEntity
  8
SCHEMATICS
 62
7
100
AcDbLine
 10
269.1859436035156
 20
274.017333984375
 30
0.0
 11
298.9426574707031
 21
274.07122802734375
 31
0.0
  0
LINE
  5
26D
330
17
100
AcDbEntity
  8
SCHEMATICS
 62
7
100
AcDbLine
 10
298.9426574707031
 20
274.07122802734375
 30
0.0
 11
298.9346923828125
 21
274.017333984375
 31
0.0
  0
LINE
  5
26E
330
17
100
AcDbEntity
  8
SCHEMATICS
 62
7
100
AcDbLine
 10
298.9346923828125
 20
274.017333984375
 30
0.0
 11
298.9346923828125
 21
402.364501953125
 31
0.0
  0
LINE
  5
26F
330
17
100
AcDbEntity
  8
SCHEMATICS
 62
7
100
AcDbLine
 10
298.9346923828125
 20
402.364501953125
 30
0.0
 11
298.70880126953125
 21
406.3305969238281
 31
0.0
  0
LWPOLYLINE
  5
270
330
17
100
AcDbEntity
  8
SCHEMATICS
 62
7
100
AcDbPolyline
 90
9
 70
0
 10
298.70880126953125
 20
406.3305969238281
 10
298.6517004966736
 20
407.1867465376854
 10
298.5839424133301
 20
408.02509450912476
 10
298.50789308547974
 20
408.8592274785042
 10
298.42591857910156
 20
409.70273208618164
 10
298.34038496017456
 20
410.5691949725151
 10
298.25365829467773
 20
411.47220277786255
 10
298.1681046485901
 20
412.42534214258194
 10
298.0860900878906
 20
413.44219970703125
  0
LWPOLYLINE
  5
271
330
17
100
AcDbEntity
  8
SCHEMATICS
 62
7
100
AcDbPolyline
 90
9
 70
0
 10
298.0860900878906
 20
413.44219970703125
 10
297.5874084830284
 20
416.8450708389282
 10
296.52084493637085
 20
420.00533294677734
 10
294.94474107027054
 20
422.8630018234253
 10
292.9174385070801
 20
425.35809326171875
 10
290.49727886915207
 20
427.4306230545044
 10
287.7426037788391
 20
429.0206069946289
 10
284.7117548584938
 20
430.06806087493896
 10
281.46307373046875
 20
430.51300048828125
  0
LWPOLYLINE
  5
272
330
17
100
AcDbEntity
  8
SCHEMATICS
 62
7
100
AcDbPolyline
 90
9
 70
0
 10
281.46307373046875
 20
430.51300048828125
 10
272.051883071661
 20
430.8412857055664
 10
263.83344054222107
 20
431.0757751464844
 10
256.4104135334492
 20
431.21646881103516
 10
249.3854694366455
 20
431.26336669921875
 10
242.36127564311028
 20
431.21646881103516
 10
234.94049954414368
 20
431.0757751464844
 10
226.7258085310459
 20
430.8412857055664
 10
217.3198699951172
 20
430.51300048828125
  0
LWPOLYLINE
  5
273
330
17
100
AcDbEntity
  8
SCHEMATICS
 62
7
100
AcDbPolyline
 90
9
 70
0
 10
217.3198699951172
 20
430.51300048828125
 10
214.0675564110279
 20
430.06685960292816
 10
211.02776551246643
 20
429.01623821258545
 10
208.2606562077999
 20
427.42177498340607
 10
205.8263874053955
 20
425.34410858154297
 10
203.78511801362038
 20
422.8438776731491
 10
202.19700694084167
 20
419.98172092437744
 10
201.12221309542656
 20
416.8182770013809
 10
200.6208953857422
 20
413.4141845703125
  0
LWPOLYLINE
  5
274
330
17
100
AcDbEntity
  8
SCHEMATICS
 62
7
100
AcDbPolyline
 90
9
 70
0
 10
200.6208953857422
 20
413.4141845703125
 10
200.50824734568596
 20
412.3520076870918
 10
200.40677428245544
 20
411.382372379303
 10
200.31584373116493
 20
410.4842547774315
 10
200.2348232269287
 20
409.6366310119629
 10
200.16308030486107
 20
408.8184772133827
 10
200.0999825000763
 20
408.0087695121765
 10
200.04489734768867
 20
407.1864840388298
 10
199.9971923828125
 20
406.3305969238281
  0
LWPOLYLINE
  5
275
330
17
100
AcDbEntity
  8
SCHEMATICS
 62
7
100
AcDbPolyline
 90
9
 70
0
 10
199.9971923828125
 20
406.3305969238281
 10
199.9630090892315
 20
405.6161301136017
 10
199.93025469779968
 20
404.7906913757324
 10
199.89904633164406
 20
403.9005477428436
 10
199.8695011138916
 20
402.9919662475586
 10
199.8417361676693
 20
402.1112139225006
 10
199.81586861610413
 20
401.30455780029297
 10
199.79201558232307
 20
400.61826491355896
 10
199.77029418945312
 20
400.0986022949219
  0
LINE
  5
276
330
17
100
AcDbEntity
  8
SCHEMATICS
 62
7
100
AcDbLine
 10
314.8060607910156
 20
378.56292724609375
 30
0.0
 11
314.8060607910156
 21
376.2970275878906
 31
0.0
  0
LINE
  5
277
330
17
100
AcDbEntity
  8
SCHEMATICS
 62
7
100
AcDbLine
 10
314.8060607910156
 20
376.2970275878906
 30
0.0
 11
319.9066162109375
 21
376.2970275878906
 31
0.0
  0
LINE
  5
278
330
17
100
AcDbEntity
  8
SCHEMATICS
 62
7
100
AcDbLine
 10
319.9066162109375
 20
376.2970275878906
 30
0.0
 11
319.9066162109375
 21
378.56292724609375
 31
0.0
  0
LINE
  5
279
330
17
100
AcDbEntity
  8
SCHEMATICS
 62
7
100
AcDbLine
 10
319.9066162109375
 20
378.56292724609375
 30
0.0
 11
314.8060607910156
 21
378.56292724609375
 31
0.0
  0
LWPOLYLINE
  5
27A
330
17
100
AcDbEntity
  8
SCHEMATICS
 62
7
100
AcDbPolyline
 90
9
 70
0
 10
302.6249084472656
 20
380.6868896484375
 10
303.19640600681305
 20
380.62046271562576
 10
303.7292490005493
 20
380.43002939224243
 10
304.2118653059006
 20
380.1288608908653
 10
304.63268280029297
 20
379.73022842407227
 10
304.98012936115265
 20
379.24740320444107
 10
305.24263286590576
 20
378.69365644454956
 10
305.40862119197845
 20
378.08225935697556
 10
305.4665222167969
 20
377.4264831542969
  0
LWPOLYLINE
  5
27B
330
17
100
AcDbEntity
  8
SCHEMATICS
 62
7
100
AcDbPolyline
 90
9
 70
0
 10
305.4665222167969
 20
377.4264831542969
 10
305.40862119197845
 20
376.7714381814003
 10
305.24263286590576
 20
376.16075372695923
 10
304.98012936115265
 20
375.6076766848564
 10
304.63268280029297
 20
375.1254539489746
 10
304.2118653059006
 20
374.72733241319656
 10
303.7292490005493
 20
374.42655897140503
 10
303.19640600681305
 20
374.23638051748276
 10
302.6249084472656
 20
374.1700439453125
  0
LINE
  5
27C
330
17
100
AcDbEntity
  8
SCHEMATICS
 62
7
100
AcDbLine
 10
317.3568420410156
 20
377.4264831542969
 30
0.0
 11
305.4585266113281
 21
377.4264831542969
 31
0.0
  0
LINE
  5
27D
330
17
100
AcDbEntity
  8
SCHEMATICS
 62
7
100
AcDbLine
 10
314.8060607910156
 20
367.23736572265625
 30
0.0
 11
314.8060607910156
 21
364.970458984375
 31
0.0
  0
LINE
  5
27E
330
17
100
AcDbEntity
  8
SCHEMATICS
 62
7
100
AcDbLine
 10
314.8060607910156
 20
364.970458984375
 30
0.0
 11
319.9066162109375
 21
364.970458984375
 31
0.0
  0
LINE
  5
27F
330
17
100
AcDbEntity
  8
SCHEMATICS
 62
7
100
AcDbLine
 10
319.9066162109375
 20
364.970458984375
 30
0.0
 11
319.9066162109375
 21
367.23736572265625
 31
0.0
  0
LINE
  5
280
330
17
100
AcDbEntity
  8
SCHEMATICS
 62
7
100
AcDbLine
 10
319.9066162109375
 20
367.23736572265625
 30
0.0
 11
314.8060607910156
 21
367.23736572265625
 31
0.0
  0
LWPOLYLINE
  5
281
330
17
100
AcDbEntity
  8
SCHEMATICS
 62
7
100
AcDbPolyline
 90
9
 70
0
 10
302.6249084472656
 20
369.3613586425781
 10
303.19640600681305
 20
369.29493165016174
 10
303.7292490005493
 20
369.1044979095459
 10
304.2118653059006
 20
368.80332827568054
 10
304.63268280029297
 20
368.4046936035156
 10
304.98012936115265
 20
367.9218647480011
 10
305.24263286590576
 20
367.3681125640869
 10
305.40862119197845
 20
366.756707906723
 10
305.4665222167969
 20
366.1009216308594
  0
LWPOLYLINE
  5
282
330
17
100
AcDbEntity
  8
SCHEMATICS
 62
7
100
AcDbPolyline
 90
9
 70
0
 10
305.4665222167969
 20
366.1009216308594
 10
305.40862119197845
 20
365.4458766579628
 10
305.24263286590576
 20
364.83519220352173
 10
304.98012936115265
 20
364.2821151614189
 10
304.63268280029297
 20
363.7998924255371
 10
304.2118653059006
 20
363.40177088975906
 10
303.7292490005493
 20
363.10099744796753
 10
303.19640600681305
 20
362.91081899404526
 10
302.6249084472656
 20
362.844482421875
  0
LINE
  5
283
330
17
100
AcDbEntity
  8
SCHEMATICS
 62
7
100
AcDbLine
 10
317.3568420410156
 20
366.1009216308594
 30
0.0
 11
305.4585266113281
 21
366.1009216308594
 31
0.0
  0
LINE
  5
284
330
17
100
AcDbEntity
  8
SCHEMATICS
 62
7
100
AcDbLine
 10
183.9119110107422
 20
378.5609130859375
 30
0.0
 11
183.9119110107422
 21
376.29400634765625
 31
0.0
  0
LINE
  5
285
330
17
100
AcDbEntity
  8
SCHEMATICS
 62
7
100
AcDbLine
 10
183.9119110107422
 20
376.29400634765625
 30
0.0
 11
178.8133544921875
 21
376.29400634765625
 31
0.0
  0
LINE
  5
286
330
17
100
AcDbEntity
  8
SCHEMATICS
 62
7
100
AcDbLine
 10
178.8133544921875
 20
376.29400634765625
 30
0.0
 11
178.8133544921875
 21
378.5609130859375
 31
0.0
  0
LINE
  5
287
330
17
100
AcDbEntity
  8
SCHEMATICS
 62
7
100
AcDbLine
 10
178.8133544921875
 20
378.5609130859375
 30
0.0
 11
183.9119110107422
 21
378.5609130859375
 31
0.0
  0
LWPOLYLINE
  5
288
330
17
100
AcDbEntity
  8
SCHEMATICS
 62
7
100
AcDbPolyline
 90
9
 70
0
 10
196.0980682373047
 20
380.6849060058594
 10
195.52623760700226
 20
380.61848098039627
 10
194.99314308166504
 20
380.42806100845337
 10
194.51034533977509
 20
380.1269287467003
 10
194.08940505981445
 20
379.72836685180664
 10
193.7418829202652
 20
379.24565798044205
 10
193.47933959960938
 20
378.6920847892761
 10
193.31333577632904
 20
378.0809299349785
 10
193.25543212890625
 20
377.42547607421875
  0
LWPOLYLINE
  5
289
330
17
100
AcDbEntity
  8
SCHEMATICS
 62
7
100
AcDbPolyline
 90
9
 70
0
 10
193.25543212890625
 20
377.42547607421875
 10
193.31333577632904
 20
376.77043986320496
 10
193.47933959960938
 20
376.1597595214844
 10
193.7418829202652
 20
375.60668301582336
 10
194.08940505981445
 20
375.1244583129883
 10
194.51034533977509
 20
374.7263333797455
 10
194.99314308166504
 20
374.4255561828613
 10
195.52623760700226
 20
374.2353746891022
 10
196.0980682373047
 20
374.1690368652344
  0
LINE
  5
28A
330
17
100
AcDbEntity
  8
SCHEMATICS
 62
7
100
AcDbLine
 10
181.36212158203125
 20
377.42547607421875
 30
0.0
 11
193.26441955566406
 21
377.42547607421875
 31
0.0
  0
LINE
  5
28B
330
17
100
AcDbEntity
  8
SCHEMATICS
 62
7
100
AcDbLine
 10
183.9119110107422
 20
367.2303771972656
 30
0.0
 11
183.9119110107422
 21
364.9634704589844
 31
0.0
  0
LINE
  5
28C
330
17
100
AcDbEntity
  8
SCHEMATICS
 62
7
100
AcDbLine
 10
183.9119110107422
 20
364.9634704589844
 30
0.0
 11
178.8133544921875
 21
364.9634704589844
 31
0.0
  0
LINE
  5
28D
330
17
100
AcDbEntity
  8
SCHEMATICS
 62
7
100
AcDbLine
 10
178.8133544921875
 20
364.9634704589844
 30
0.0
 11
178.8133544921875
 21
367.2303771972656
 31
0.0
  0
LINE
  5
28E
330
17
100
AcDbEntity
  8
SCHEMATICS
 62
7
100
AcDbLine
 10
178.8133544921875
 20
367.2303771972656
 30
0.0
 11
183.9119110107422
 21
367.2303771972656
 31
0.0
  0
LWPOLYLINE
  5
28F
330
17
100
AcDbEntity
  8
SCHEMATICS
 62
7
100
AcDbPolyline
 90
9
 70
0
 10
196.0980682373047
 20
369.3543395996094
 10
195.52623760700226
 20
369.28791266679764
 10
194.99314308166504
 20
369.0974793434143
 10
194.51034533977509
 20
368.7963108420372
 10
194.08940505981445
 20
368.39767837524414
 10
193.7418829202652
 20
367.91485315561295
 10
193.47933959960938
 20
367.36110639572144
 10
193.31333577632904
 20
366.74970930814743
 10
193.25543212890625
 20
366.09393310546875
  0
LWPOLYLINE
  5
290
330
17
100
AcDbEntity
  8
SCHEMATICS
 62
7
100
AcDbPolyline
 90
9
 70
0
 10
193.25543212890625
 20
366.09393310546875
 10
193.31333577632904
 20
365.4388881325722
 10
193.47933959960938
 20
364.8282036781311
 10
193.7418829202652
 20
364.2751266360283
 10
194.08940505981445
 20
363.7929039001465
 10
194.51034533977509
 20
363.39478236436844
 10
194.99314308166504
 20
363.0940089225769
 10
195.52623760700226
 20
362.90383046865463
 10
196.0980682373047
 20
362.8374938964844
  0
LINE
  5
291
330
17
100
AcDbEntity
  8
SCHEMATICS
 62
7
100
AcDbLine
 10
181.36212158203125
 20
366.09393310546875
 30
0.0
 11
193.26441955566406
 21
366.09393310546875
 31
0.0
  0
LINE
  5
292
330
17
100
AcDbEntity
  8
SCHEMATICS
 62
7
100
AcDbLine
 10
317.349853515625
 20
436.930908203125
 30
0.0
 11
317.349853515625
 21
432.9328308105469
 31
0.0
  0
LINE
  5
293
330
17
100
AcDbEntity
  8
SCHEMATICS
 62
7
100
AcDbLine
 10
317.349853515625
 20
429.03369140625
 30
0.0
 11
317.349853515625
 21
267.21429443359375
 31
0.0
  0
LINE
  5
294
330
17
100
AcDbEntity
  8
SCHEMATICS
 62
7
100
AcDbLine
 10
317.349853515625
 20
265.2652587890625
 30
0.0
 11
317.349853515625
 21
261.26715087890625
 31
0.0
  0
LINE
  5
295
330
17
100
AcDbEntity
  8
SCHEMATICS
 62
7
100
AcDbLine
 10
317.349853515625
 20
261.26715087890625
 30
0.0
 11
313.3517761230469
 21
261.26715087890625
 31
0.0
  0
LINE
  5
296
330
17
100
AcDbEntity
  8
SCHEMATICS
 62
7
100
AcDbLine
 10
309.2227478027344
 20
261.26715087890625
 30
0.0
 11
187.4152374267578
 21
261.26715087890625
 31
0.0
  0
LINE
  5
297
330
17
100
AcDbEntity
  8
SCHEMATICS
 62
7
100
AcDbLine
 10
185.35122680664062
 20
261.26715087890625
 30
0.0
 11
181.35313415527344
 21
261.26715087890625
 31
0.0
  0
LINE
  5
298
330
17
100
AcDbEntity
  8
SCHEMATICS
 62
7
100
AcDbLine
 10
181.35313415527344
 20
261.26715087890625
 30
0.0
 11
181.35313415527344
 21
265.2652587890625
 31
0.0
  0
LINE
  5
299
330
17
100
AcDbEntity
  8
SCHEMATICS
 62
7
100
AcDbLine
 10
181.35313415527344
 20
269.16455078125
 30
0.0
 11
181.35313415527344
 21
430.9837646484375
 31
0.0
  0
LINE
  5
29A
330
17
100
AcDbEntity
  8
SCHEMATICS
 62
7
100
AcDbLine
 10
181.35313415527344
 20
432.9328308105469
 30
0.0
 11
181.35313415527344
 21
436.930908203125
 31
0.0
  0
LINE
  5
29B
330
17
100
AcDbEntity
  8
SCHEMATICS
 62
7
100
AcDbLine
 10
181.35313415527344
 20
436.930908203125
 30
0.0
 11
185.35122680664062
 21
436.930908203125
 31
0.0
  0
LINE
  5
29C
330
17
100
AcDbEntity
  8
SCHEMATICS
 62
7
100
AcDbLine
 10
189.48023986816406
 20
436.930908203125
 30
0.0
 11
311.2877502441406
 21
436.930908203125
 31
0.0
  0
LINE
  5
29D
330
17
100
AcDbEntity
  8
SCHEMATICS
 62
7
100
AcDbLine
 10
313.3517761230469
 20
436.930908203125
 30
0.0
 11
317.349853515625
 21
436.930908203125
 31
0.0
  0
LINE
  5
29E
330
17
100
AcDbEntity
  8
SCHEMATICS
 62
7
100
AcDbLine
 10
301.58441162109375
 20
378.5639343261719
 30
0.0
 11
301.58441162109375
 21
376.29803466796875
 31
0.0
  0
LINE
  5
29F
330
17
100
AcDbEntity
  8
SCHEMATICS
 62
7
100
AcDbLine
 10
301.58441162109375
 20
376.29803466796875
 30
0.0
 11
296.48486328125
 21
376.29803466796875
 31
0.0
  0
LINE
  5
2A0
330
17
100
AcDbEntity
  8
SCHEMATICS
 62
7
100
AcDbLine
 10
296.48486328125
 20
376.29803466796875
 30
0.0
 11
296.48486328125
 21
378.5639343261719
 31
0.0
  0
LINE
  5
2A1
330
17
100
AcDbEntity
  8
SCHEMATICS
 62
7
100
AcDbLine
 10
296.48486328125
 20
378.5639343261719
 30
0.0
 11
301.58441162109375
 21
378.5639343261719
 31
0.0
  0
LINE
  5
2A2
330
17
100
AcDbEntity
  8
SCHEMATICS
 62
7
100
AcDbLine
 10
297.51934814453125
 20
377.43048095703125
 30
0.0
 11
257.8533935546875
 21
377.43048095703125
 31
0.0
  0
LINE
  5
2A3
330
17
100
AcDbEntity
  8
SCHEMATICS
 62
7
100
AcDbLine
 10
301.58441162109375
 20
367.2333679199219
 30
0.0
 11
301.58441162109375
 21
364.96746826171875
 31
0.0
  0
LINE
  5
2A4
330
17
100
AcDbEntity
  8
SCHEMATICS
 62
7
100
AcDbLine
 10
301.58441162109375
 20
364.96746826171875
 30
0.0
 11
296.48486328125
 21
364.96746826171875
 31
0.0
  0
LINE
  5
2A5
330
17
100
AcDbEntity
  8
SCHEMATICS
 62
7
100
AcDbLine
 10
296.48486328125
 20
364.96746826171875
 30
0.0
 11
296.48486328125
 21
367.2333679199219
 31
0.0
  0
LINE
  5
2A6
330
17
100
AcDbEntity
  8
SCHEMATICS
 62
7
100
AcDbLine
 10
296.48486328125
 20
367.2333679199219
 30
0.0
 11
301.58441162109375
 21
367.2333679199219
 31
0.0
  0
LINE
  5
2A7
330
17
100
AcDbEntity
  8
SCHEMATICS
 62
7
100
AcDbLine
 10
257.8533935546875
 20
366.09991455078125
 30
0.0
 11
297.5183410644531
 21
366.09991455078125
 31
0.0
  0
LINE
  5
2A8
330
17
100
AcDbEntity
  8
SCHEMATICS
 62
7
100
AcDbLine
 10
301.7193298339844
 20
378.56292724609375
 30
0.0
 11
301.7193298339844
 21
376.2970275878906
 31
0.0
  0
LINE
  5
2A9
330
17
100
AcDbEntity
  8
SCHEMATICS
 62
7
100
AcDbLine
 10
301.7193298339844
 20
376.2970275878906
 30
0.0
 11
296.62078857421875
 21
376.2970275878906
 31
0.0
  0
LINE
  5
2AA
330
17
100
AcDbEntity
  8
SCHEMATICS
 62
7
100
AcDbLine
 10
296.62078857421875
 20
376.2970275878906
 30
0.0
 11
296.62078857421875
 21
378.56292724609375
 31
0.0
  0
LINE
  5
2AB
330
17
100
AcDbEntity
  8
SCHEMATICS
 62
7
100
AcDbLine
 10
296.62078857421875
 20
378.56292724609375
 30
0.0
 11
301.7193298339844
 21
378.56292724609375
 31
0.0
  0
LINE
  5
2AC
330
17
100
AcDbEntity
  8
SCHEMATICS
 62
7
100
AcDbLine
 10
301.4934387207031
 20
367.2383728027344
 30
0.0
 11
301.4934387207031
 21
364.97247314453125
 31
0.0
  0
LINE
  5
2AD
330
17
100
AcDbEntity
  8
SCHEMATICS
 62
7
100
AcDbLine
 10
301.4934387207031
 20
364.97247314453125
 30
0.0
 11
296.3938903808594
 21
364.97247314453125
 31
0.0
  0
LINE
  5
2AE
330
17
100
AcDbEntity
  8
SCHEMATICS
 62
7
100
AcDbLine
 10
296.3938903808594
 20
364.97247314453125
 30
0.0
 11
296.3938903808594
 21
367.2383728027344
 31
0.0
  0
LINE
  5
2AF
330
17
100
AcDbEntity
  8
SCHEMATICS
 62
7
100
AcDbLine
 10
296.3938903808594
 20
367.2383728027344
 30
0.0
 11
301.4934387207031
 21
367.2383728027344
 31
0.0
  0
LINE
  5
2B0
330
17
100
AcDbEntity
  8
SCHEMATICS
 62
7
100
AcDbLine
 10
201.1876220703125
 20
377.4294738769531
 30
0.0
 11
240.85357666015625
 21
377.4294738769531
 31
0.0
  0
LINE
  5
2B1
330
17
100
AcDbEntity
  8
SCHEMATICS
 62
7
100
AcDbLine
 10
201.1876220703125
 20
366.0989074707031
 30
0.0
 11
240.85357666015625
 21
366.0989074707031
 31
0.0
  0
LINE
  5
2B2
330
17
100
AcDbEntity
  8
SCHEMATICS
 62
7
100
AcDbLine
 10
202.31907653808594
 20
378.5589294433594
 30
0.0
 11
202.31907653808594
 21
376.29302978515625
 31
0.0
  0
LINE
  5
2B3
330
17
100
AcDbEntity
  8
SCHEMATICS
 62
7
100
AcDbLine
 10
202.31907653808594
 20
376.29302978515625
 30
0.0
 11
197.22152709960938
 21
376.29302978515625
 31
0.0
  0
LINE
  5
2B4
330
17
100
AcDbEntity
  8
SCHEMATICS
 62
7
100
AcDbLine
 10
197.22152709960938
 20
376.29302978515625
 30
0.0
 11
197.22152709960938
 21
378.5589294433594
 31
0.0
  0
LINE
  5
2B5
330
17
100
AcDbEntity
  8
SCHEMATICS
 62
7
100
AcDbLine
 10
197.22152709960938
 20
378.5589294433594
 30
0.0
 11
202.31907653808594
 21
378.5589294433594
 31
0.0
  0
LINE
  5
2B6
330
17
100
AcDbEntity
  8
SCHEMATICS
 62
7
100
AcDbLine
 10
202.31907653808594
 20
367.2283630371094
 30
0.0
 11
202.31907653808594
 21
364.9614562988281
 31
0.0
  0
LINE
  5
2B7
330
17
100
AcDbEntity
  8
SCHEMATICS
 62
7
100
AcDbLine
 10
202.31907653808594
 20
364.9614562988281
 30
0.0
 11
197.22152709960938
 21
364.9614562988281
 31
0.0
  0
LINE
  5
2B8
330
17
100
AcDbEntity
  8
SCHEMATICS
 62
7
100
AcDbLine
 10
197.22152709960938
 20
364.9614562988281
 30
0.0
 11
197.22152709960938
 21
367.2283630371094
 31
0.0
  0
LINE
  5
2B9
330
17
100
AcDbEntity
  8
SCHEMATICS
 62
7
100
AcDbLine
 10
197.22152709960938
 20
367.2283630371094
 30
0.0
 11
202.31907653808594
 21
367.2283630371094
 31
0.0
  0
LINE
  5
2BA
330
17
100
AcDbEntity
  8
SCHEMATICS
 62
7
100
AcDbLine
 10
257.8533935546875
 20
380.2651062011719
 30
0.0
 11
257.8533935546875
 21
363.2642822265625
 31
0.0
  0
LINE
  5
2BB
330
17
100
AcDbEntity
  8
SCHEMATICS
 62
7
100
AcDbLine
 10
246.09805297851562
 20
366.15789794921875
 30
0.0
 11
254.2351531982422
 21
374.2969970703125
 31
0.0
  0
LINE
  5
2BC
330
17
100
AcDbEntity
  8
SCHEMATICS
 62
7
100
AcDbLine
 10
240.85357666015625
 20
363.2642822265625
 30
0.0
 11
240.85357666015625
 21
380.2651062011719
 31
0.0
  0
LINE
  5
2BD
330
17
100
AcDbEntity
  8
SCHEMATICS
 62
7
100
AcDbLine
 10
257.8533935546875
 20
363.2642822265625
 30
0.0
 11
240.85357666015625
 21
363.2642822265625
 31
0.0
  0
LINE
  5
2BE
330
17
100
AcDbEntity
  8
SCHEMATICS
 62
7
100
AcDbLine
 10
240.85357666015625
 20
363.2642822265625
 30
0.0
 11
257.8533935546875
 21
380.2651062011719
 31
0.0
  0
LINE
  5
2BF
330
17
100
AcDbEntity
  8
SCHEMATICS
 62
7
100
AcDbLine
 10
240.85357666015625
 20
380.2651062011719
 30
0.0
 11
257.8533935546875
 21
380.2651062011719
 31
0.0
  0
LINE
  5
2C0
330
17
100
AcDbEntity
  8
SCHEMATICS
 62
7
100
AcDbLine
 10
338.80853271484375
 20
367.42327880859375
 30
0.0
 11
334.27569580078125
 21
366.09393310546875
 31
0.0
  0
LINE
  5
2C1
330
17
100
AcDbEntity
  8
SCHEMATICS
 62
7
100
AcDbLine
 10
334.27569580078125
 20
366.09393310546875
 30
0.0
 11
338.80853271484375
 21
364.8735046386719
 31
0.0
  0
LINE
  5
2C2
330
17
100
AcDbEntity
  8
SCHEMATICS
 62
7
100
AcDbLine
 10
338.80853271484375
 20
364.8735046386719
 30
0.0
 11
338.80853271484375
 21
367.42327880859375
 31
0.0
  0
LINE
  5
2C3
330
17
100
AcDbEntity
  8
SCHEMATICS
 62
7
100
AcDbLine
 10
336.60357666015625
 20
366.2088623046875
 30
0.0
 11
354.7558898925781
 21
366.2088623046875
 31
0.0
  0
LINE
  5
2C4
330
17
100
AcDbEntity
  8
SCHEMATICS
 62
7
100
AcDbLine
 10
338.80853271484375
 20
378.53094482421875
 30
0.0
 11
334.27569580078125
 21
377.20159912109375
 31
0.0
  0
LINE
  5
2C5
330
17
100
AcDbEntity
  8
SCHEMATICS
 62
7
100
AcDbLine
 10
334.27569580078125
 20
377.20159912109375
 30
0.0
 11
338.80853271484375
 21
375.9811706542969
 31
0.0
  0
LINE
  5
2C6
330
17
100
AcDbEntity
  8
SCHEMATICS
 62
7
100
AcDbLine
 10
338.80853271484375
 20
375.9811706542969
 30
0.0
 11
338.80853271484375
 21
378.53094482421875
 31
0.0
  0
LINE
  5
2C7
330
17
100
AcDbEntity
  8
SCHEMATICS
 62
7
100
AcDbLine
 10
350.2760314941406
 20
377.3165283203125
 30
0.0
 11
354.9557800292969
 21
377.3165283203125
 31
0.0
  0
LINE
  5
2C8
330
17
100
AcDbEntity
  8
SCHEMATICS
 62
7
100
AcDbLine
 10
350.2760314941406
 20
377.3165283203125
 30
0.0
 11
343.87408447265625
 21
379.9562683105469
 31
0.0
  0
LINE
  5
2C9
330
17
100
AcDbEntity
  8
SCHEMATICS
 62
7
100
AcDbLine
 10
336.60357666015625
 20
377.3165283203125
 30
0.0
 11
343.6802062988281
 21
377.3165283203125
 31
0.0
  0
LINE
  5
2CA
330
17
100
AcDbEntity
  8
SCHEMATICS
 62
7
100
AcDbLine
 10
354.9557800292969
 20
365.9579772949219
 30
0.0
 11
354.9557800292969
 21
377.28753662109375
 31
0.0
  0
LWPOLYLINE
  5
2CB
330
17
100
AcDbEntity
  8
SCHEMATICS
 62
7
100
AcDbPolyline
 90
9
 70
0
 10
352.4049987792969
 20
371.61724853515625
 10
352.4568393230438
 20
371.1036857366562
 10
352.60551261901855
 20
370.62530422210693
 10
352.8407461643219
 20
370.1923657655716
 10
353.1522674560547
 20
369.8151321411133
 10
353.52980399131775
 20
369.5038651227951
 10
353.9630832672119
 20
369.2688264846802
 10
354.441832780838
 20
369.1202780008316
 10
354.9557800292969
 20
369.0684814453125
  0
LWPOLYLINE
  5
2CC
330
17
100
AcDbEntity
  8
SCHEMATICS
 62
7
100
AcDbPolyline
 90
9
 70
0
 10
354.9557800292969
 20
369.0684814453125
 10
355.4693948626518
 20
369.1202780008316
 10
355.94789457321167
 20
369.2688264846802
 10
356.3809948563576
 20
369.5038651227951
 10
356.7584114074707
 20
369.8151321411133
 10
357.0698599219322
 20
370.1923657655716
 10
357.3050560951233
 20
370.62530422210693
 10
357.4537156224251
 20
371.1036857366562
 10
357.50555419921875
 20
371.61724853515625
  0
LWPOLYLINE
  5
2CD
330
17
100
AcDbEntity
  8
SCHEMATICS
 62
7
100
AcDbPolyline
 90
9
 70
0
 10
357.50555419921875
 20
371.61724853515625
 10
357.4537156224251
 20
372.1311538219452
 10
357.3050560951233
 20
372.6097927093506
 10
357.0698599219322
 20
373.04291558265686
 10
356.7584114074707
 20
373.42027282714844
 10
356.3809948563576
 20
373.73161482810974
 10
355.94789457321167
 20
373.9666919708252
 10
355.4693948626518
 20
374.1152546405792
 10
354.9557800292969
 20
374.16705322265625
  0
LWPOLYLINE
  5
2CE
330
17
100
AcDbEntity
  8
SCHEMATICS
 62
7
100
AcDbPolyline
 90
9
 70
0
 10
354.9557800292969
 20
374.16705322265625
 10
354.441832780838
 20
374.1152546405792
 10
353.9630832672119
 20
373.9666919708252
 10
353.52980399131775
 20
373.73161482810974
 10
353.1522674560547
 20
373.42027282714844
 10
352.8407461643219
 20
373.04291558265686
 10
352.60551261901855
 20
372.6097927093506
 10
352.4568393230438
 20
372.1311538219452
 10
352.4049987792969
 20
371.61724853515625
  0
LWPOLYLINE
  5
2CF
330
17
100
AcDbEntity
  8
SCHEMATICS
 62
7
100
AcDbPolyline
 90
5
 70
0
 10
133.01275634765625
 20
377.87225341796875
 10
133.01275634765625
 20
365.69012451171875
 10
128.76278686523438
 20
365.69012451171875
 10
128.76278686523438
 20
377.87225341796875
 10
133.01275634765625
 20
377.87225341796875
  0
LINE
  5
2D0
330
17
100
AcDbEntity
  8
SCHEMATICS
 62
7
100
AcDbLine
 10
133.01275634765625
 20
374.1650390625
 30
0.0
 11
128.76278686523438
 21
369.0375061035156
 31
0.0
  0
LINE
  5
2D1
330
17
100
AcDbEntity
  8
SCHEMATICS
 62
7
100
AcDbLine
 10
121.09266662597656
 20
371.7362060546875
 30
0.0
 11
121.04969787597656
 21
371.7362060546875
 31
0.0
  0
LINE
  5
2D2
330
17
100
AcDbEntity
  8
SCHEMATICS
 62
7
100
AcDbLine
 10
120.91305541992188
 20
371.55731201171875
 30
0.0
 11
118.88862609863281
 21
375.0646057128906
 31
0.0
  0
LINE
  5
2D3
330
17
100
AcDbEntity
  8
SCHEMATICS
 62
7
100
AcDbLine
 10
118.88862609863281
 20
375.0646057128906
 30
0.0
 11
122.93748474121094
 21
375.0646057128906
 31
0.0
  0
LINE
  5
2D4
330
17
100
AcDbEntity
  8
SCHEMATICS
 62
7
100
AcDbLine
 10
122.93748474121094
 20
375.0646057128906
 30
0.0
 11
118.88862609863281
 21
368.0479736328125
 31
0.0
  0
LINE
  5
2D5
330
17
100
AcDbEntity
  8
SCHEMATICS
 62
7
100
AcDbLine
 10
118.88862609863281
 20
368.0479736328125
 30
0.0
 11
122.93748474121094
 21
368.0479736328125
 31
0.0
  0
LINE
  5
2D6
330
17
100
AcDbEntity
  8
SCHEMATICS
 62
7
100
AcDbLine
 10
122.93748474121094
 20
368.0479736328125
 30
0.0
 11
120.91305541992188
 21
371.55731201171875
 31
0.0
  0
LINE
  5
2D7
330
17
100
AcDbEntity
  8
SCHEMATICS
 62
7
100
AcDbLine
 10
120.95793151855469
 20
371.51031494140625
 30
0.0
 11
120.95793151855469
 21
371.60125732421875
 31
0.0
  0
LINE
  5
2D8
330
17
100
AcDbEntity
  8
SCHEMATICS
 62
7
100
AcDbLine
 10
120.95793151855469
 20
371.55731201171875
 30
0.0
 11
128.75498962402344
 21
371.55731201171875
 31
0.0
  0
LINE
  5
2D9
330
17
100
AcDbEntity
  8
SCHEMATICS
 62
7
100
AcDbLine
 10
131.03709411621094
 20
377.97320556640625
 30
0.0
 11
131.03709411621094
 21
384.6889953613281
 31
0.0
  0
LINE
  5
2DA
330
17
100
AcDbEntity
  8
SCHEMATICS
 62
7
100
AcDbLine
 10
131.03709411621094
 20
384.6889953613281
 30
0.0
 11
138.85523986816406
 21
384.6889953613281
 31
0.0
  0
LINE
  5
2DB
330
17
100
AcDbEntity
  8
SCHEMATICS
 62
7
100
AcDbLine
 10
138.85523986816406
 20
384.6889953613281
 30
0.0
 11
138.8595428466797
 21
377.4314880371094
 31
0.0
  0
LINE
  5
2DC
330
17
100
AcDbEntity
  8
SCHEMATICS
 62
7
100
AcDbLine
 10
138.8595428466797
 20
377.4314880371094
 30
0.0
 11
145.80580139160156
 21
377.4314880371094
 31
0.0
  0
LINE
  5
2DD
330
17
100
AcDbEntity
  8
SCHEMATICS
 62
7
100
AcDbLine
 10
144.1772918701172
 20
376.1571044921875
 30
0.0
 11
148.71031188964844
 21
377.4864501953125
 31
0.0
  0
LINE
  5
2DE
330
17
100
AcDbEntity
  8
SCHEMATICS
 62
7
100
AcDbLine
 10
148.71031188964844
 20
377.4864501953125
 30
0.0
 11
144.1772918701172
 21
378.70684814453125
 31
0.0
  0
LINE
  5
2DF
330
17
100
AcDbEntity
  8
SCHEMATICS
 62
7
100
AcDbLine
 10
144.1772918701172
 20
378.70684814453125
 30
0.0
 11
144.1772918701172
 21
376.1571044921875
 31
0.0
  0
LINE
  5
2E0
330
17
100
AcDbEntity
  8
SCHEMATICS
 62
7
100
AcDbLine
 10
145.80580139160156
 20
366.0989074707031
 30
0.0
 11
138.8595428466797
 21
366.0989074707031
 31
0.0
  0
LINE
  5
2E1
330
17
100
AcDbEntity
  8
SCHEMATICS
 62
7
100
AcDbLine
 10
138.8595428466797
 20
366.0989074707031
 30
0.0
 11
138.85523986816406
 21
358.8424072265625
 31
0.0
  0
LINE
  5
2E2
330
17
100
AcDbEntity
  8
SCHEMATICS
 62
7
100
AcDbLine
 10
138.85523986816406
 20
358.8424072265625
 30
0.0
 11
131.03709411621094
 21
358.8424072265625
 31
0.0
  0
LINE
  5
2E3
330
17
100
AcDbEntity
  8
SCHEMATICS
 62
7
100
AcDbLine
 10
131.03709411621094
 20
358.8424072265625
 30
0.0
 11
131.03709411621094
 21
365.5601806640625
 31
0.0
  0
LINE
  5
2E4
330
17
100
AcDbEntity
  8
SCHEMATICS
 62
7
100
AcDbLine
 10
144.1772918701172
 20
364.82354736328125
 30
0.0
 11
148.71031188964844
 21
366.15289306640625
 31
0.0
  0
LINE
  5
2E5
330
17
100
AcDbEntity
  8
SCHEMATICS
 62
7
100
AcDbLine
 10
148.71031188964844
 20
366.15289306640625
 30
0.0
 11
144.1772918701172
 21
367.373291015625
 31
0.0
  0
LINE
  5
2E6
330
17
100
AcDbEntity
  8
SCHEMATICS
 62
7
100
AcDbLine
 10
144.1772918701172
 20
367.373291015625
 30
0.0
 11
144.1772918701172
 21
364.82354736328125
 31
0.0
  0
LWPOLYLINE
  5
2E7
330
17
100
AcDbEntity
  8
SCHEMATICS
 62
7
100
AcDbPolyline
 90
5
 70
0
 10
56.689998626708984
 20
225.69000244140625
 10
226.77000427246094
 20
225.69000244140625
 10
226.77000427246094
 20
243.5400390625
 10
56.689998626708984
 20
243.5400390625
 10
56.689998626708984
 20
225.69000244140625
  0
LWPOLYLINE
  5
2E8
330
17
100
AcDbEntity
  8
SCHEMATICS
 62
7
100
AcDbPolyline
 90
5
 70
0
 10
226.77000427246094
 20
225.69000244140625
 10
255.12001037597656
 20
225.69000244140625
 10
255.12001037597656
 20
243.5400390625
 10
226.77000427246094
 20
243.5400390625
 10
226.77000427246094
 20
225.69000244140625
  0
LWPOLYLINE
  5
2E9
330
17
100
AcDbEntity
  8
SCHEMATICS
 62
7
100
AcDbPolyline
 90
5
 70
0
 10
255.1199951171875
 20
225.69000244140625
 10
566.9299926757812
 20
225.69000244140625
 10
566.9299926757812
 20
243.5400390625
 10
255.1199951171875
 20
243.5400390625
 10
255.1199951171875
 20
225.69000244140625
  0
LWPOLYLINE
  5
2EA
330
17
100
AcDbEntity
  8
SCHEMATICS
 62
7
100
AcDbPolyline
 90
5
 70
0
 10
56.689998626708984
 20
203.42999267578125
 10
566.9299926757812
 20
203.42999267578125
 10
566.9299926757812
 20
216.67999267578125
 10
56.689998626708984
 20
216.67999267578125
 10
56.689998626708984
 20
203.42999267578125
  0
LWPOLYLINE
  5
2EB
330
17
100
AcDbEntity
  8
SCHEMATICS
 62
7
100
AcDbPolyline
 90
5
 70
0
 10
56.689998626708984
 20
190.17999267578125
 10
226.77000427246094
 20
190.17999267578125
 10
226.77000427246094
 20
203.42999267578125
 10
56.689998626708984
 20
203.42999267578125
 10
56.689998626708984
 20
190.17999267578125
  0
LWPOLYLINE
  5
2EC
330
17
100
AcDbEntity
  8
SCHEMATICS
 62
7
100
AcDbPolyline
 90
5
 70
0
 10
226.77000427246094
 20
190.17999267578125
 10
255.12001037597656
 20
190.17999267578125
 10
255.12001037597656
 20
203.42999267578125
 10
226.77000427246094
 20
203.42999267578125
 10
226.77000427246094
 20
190.17999267578125
  0
LWPOLYLINE
  5
2ED
330
17
100
AcDbEntity
  8
SCHEMATICS
 62
7
100
AcDbPolyline
 90
5
 70
0
 10
255.1199951171875
 20
190.17999267578125
 10
566.9299926757812
 20
190.17999267578125
 10
566.9299926757812
 20
203.42999267578125
 10
255.1199951171875
 20
203.42999267578125
 10
255.1199951171875
 20
190.17999267578125
  0
LWPOLYLINE
  5
2EE
330
17
100
AcDbEntity
  8
SCHEMATICS
 62
7
100
AcDbPolyline
 90
5
 70
0
 10
56.689998626708984
 20
176.92999267578125
 10
566.9299926757812
 20
176.92999267578125
 10
566.9299926757812
 20
190.17999267578125
 10
56.689998626708984
 20
190.17999267578125
 10
56.689998626708984
 20
176.92999267578125
  0
LWPOLYLINE
  5
2EF
330
17
100
AcDbEntity
  8
SCHEMATICS
 62
7
100
AcDbPolyline
 90
5
 70
0
 10
56.689998626708984
 20
163.66998291015625
 10
226.77000427246094
 20
163.66998291015625
 10
226.77000427246094
 20
176.91998291015625
 10
56.689998626708984
 20
176.91998291015625
 10
56.689998626708984
 20
163.66998291015625
  0
LWPOLYLINE
  5
2F0
330
17
100
AcDbEntity
  8
SCHEMATICS
 62
7
100
AcDbPolyline
 90
5
 70
0
 10
226.77000427246094
 20
163.66998291015625
 10
255.12001037597656
 20
163.66998291015625
 10
255.12001037597656
 20
176.91998291015625
 10
226.77000427246094
 20
176.91998291015625
 10
226.77000427246094
 20
163.66998291015625
  0
LWPOLYLINE
  5
2F1
330
17
100
AcDbEntity
  8
SCHEMATICS
 62
7
100
AcDbPolyline
 90
5
 70
0
 10
255.1199951171875
 20
163.66998291015625
 10
566.9299926757812
 20
163.66998291015625
 10
566.9299926757812
 20
176.91998291015625
 10
255.1199951171875
 20
176.91998291015625
 10
255.1199951171875
 20
163.66998291015625
  0
LWPOLYLINE
  5
2F2
330
17
100
AcDbEntity
  8
SCHEMATICS
 62
7
100
AcDbPolyline
 90
5
 70
0
 10
56.689998626708984
 20
150.41998291015625
 10
566.9299926757812
 20
150.41998291015625
 10
566.9299926757812
 20
163.66998291015625
 10
56.689998626708984
 20
163.66998291015625
 10
56.689998626708984
 20
150.41998291015625
  0
LWPOLYLINE
  5
2F3
330
17
100
AcDbEntity
  8
SCHEMATICS
 62
7
100
AcDbPolyline
 90
5
 70
0
 10
56.689998626708984
 20
137.16998291015625
 10
226.77000427246094
 20
137.16998291015625
 10
226.77000427246094
 20
150.41998291015625
 10
56.689998626708984
 20
150.41998291015625
 10
56.689998626708984
 20
137.16998291015625
  0
LWPOLYLINE
  5
2F4
330
17
100
AcDbEntity
  8
SCHEMATICS
 62
7
100
AcDbPolyline
 90
5
 70
0
 10
226.77000427246094
 20
137.16998291015625
 10
255.12001037597656
 20
137.16998291015625
 10
255.12001037597656
 20
150.41998291015625
 10
226.77000427246094
 20
150.41998291015625
 10
226.77000427246094
 20
137.16998291015625
  0
LWPOLYLINE
  5
2F5
330
17
100
AcDbEntity
  8
SCHEMATICS
 62
7
100
AcDbPolyline
 90
5
 70
0
 10
255.1199951171875
 20
137.16998291015625
 10
566.9299926757812
 20
137.16998291015625
 10
566.9299926757812
 20
150.41998291015625
 10
255.1199951171875
 20
150.41998291015625
 10
255.1199951171875
 20
137.16998291015625
  0
LINE
  5
2F6
330
17
100
AcDbEntity
  8
SCHEMATICS
 62
7
100
AcDbLine
 10
56.689998626708984
 20
123.91998291015625
 30
0.0
 11
56.689998626708984
 21
137.16998291015625
 31
0.0
  0
LINE
  5
2F7
330
17
100
AcDbEntity
  8
SCHEMATICS
 62
7
100
AcDbLine
 10
226.77000427246094
 20
123.91998291015625
 30
0.0
 11
56.689998626708984
 21
123.91998291015625
 31
0.0
  0
LINE
  5
2F8
330
17
100
AcDbEntity
  8
SCHEMATICS
 62
7
100
AcDbLine
 10
226.77000427246094
 20
123.91998291015625
 30
0.0
 11
226.77000427246094
 21
137.16998291015625
 31
0.0
  0
LINE
  5
2F9
330
17
100
AcDbEntity
  8
SCHEMATICS
 62
7
100
AcDbLine
 10
255.1199951171875
 20
123.91998291015625
 30
0.0
 11
226.77000427246094
 21
123.91998291015625
 31
0.0
  0
LINE
  5
2FA
330
17
100
AcDbEntity
  8
SCHEMATICS
 62
7
100
AcDbLine
 10
255.1199951171875
 20
123.91998291015625
 30
0.0
 11
255.1199951171875
 21
137.16998291015625
 31
0.0
  0
LINE
  5
2FB
330
17
100
AcDbEntity
  8
SCHEMATICS
 62
7
100
AcDbLine
 10
566.9299926757812
 20
137.16998291015625
 30
0.0
 11
566.9299926757812
 21
123.91998291015625
 31
0.0
  0
LINE
  5
2FC
330
17
100
AcDbEntity
  8
SCHEMATICS
 62
7
100
AcDbLine
 10
566.9299926757812
 20
123.91998291015625
 30
0.0
 11
255.1199951171875
 21
123.91998291015625
 31
0.0
  0
LWPOLYLINE
  5
2FD
330
17
100
AcDbEntity
  8
SCHEMATICS
 62
7
100
AcDbPolyline
 90
5
 70
0
 10
56.689998626708984
 20
110.66998291015625
 10
226.77000427246094
 20
110.66998291015625
 10
226.77000427246094
 20
123.91998291015625
 10
56.689998626708984
 20
123.91998291015625
 10
56.689998626708984
 20
110.66998291015625
  0
LWPOLYLINE
  5
2FE
330
17
100
AcDbEntity
  8
SCHEMATICS
 62
7
100
AcDbPolyline
 90
5
 70
0
 10
226.77000427246094
 20
110.66998291015625
 10
255.12001037597656
 20
110.66998291015625
 10
255.12001037597656
 20
123.91998291015625
 10
226.77000427246094
 20
123.91998291015625
 10
226.77000427246094
 20
110.66998291015625
  0
LWPOLYLINE
  5
2FF
330
17
100
AcDbEntity
  8
SCHEMATICS
 62
7
100
AcDbPolyline
 90
5
 70
0
 10
255.1199951171875
 20
110.66998291015625
 10
566.9299926757812
 20
110.66998291015625
 10
566.9299926757812
 20
123.91998291015625
 10
255.1199951171875
 20
123.91998291015625
 10
255.1199951171875
 20
110.66998291015625
  0
LWPOLYLINE
  5
300
330
17
100
AcDbEntity
  8
SCHEMATICS
 62
7
100
AcDbPolyline
 90
5
 70
0
 10
56.689998626708984
 20
97.4100341796875
 10
566.9299926757812
 20
97.4100341796875
 10
566.9299926757812
 20
110.6600341796875
 10
56.689998626708984
 20
110.6600341796875
 10
56.689998626708984
 20
97.4100341796875
  0
LWPOLYLINE
  5
301
330
17
100
AcDbEntity
  8
SCHEMATICS
 62
7
100
AcDbPolyline
 90
5
 70
0
 10
56.689998626708984
 20
84.1600341796875
 10
226.77000427246094
 20
84.1600341796875
 10
226.77000427246094
 20
97.4100341796875
 10
56.689998626708984
 20
97.4100341796875
 10
56.689998626708984
 20
84.1600341796875
  0
LWPOLYLINE
  5
302
330
17
100
AcDbEntity
  8
SCHEMATICS
 62
7
100
AcDbPolyline
 90
5
 70
0
 10
226.77000427246094
 20
84.1600341796875
 10
255.12001037597656
 20
84.1600341796875
 10
255.12001037597656
 20
97.4100341796875
 10
226.77000427246094
 20
97.4100341796875
 10
226.77000427246094
 20
84.1600341796875
  0
LWPOLYLINE
  5
303
330
17
100
AcDbEntity
  8
SCHEMATICS
 62
7
100
AcDbPolyline
 90
5
 70
0
 10
255.1199951171875
 20
84.1600341796875
 10
566.9299926757812
 20
84.1600341796875
 10
566.9299926757812
 20
97.4100341796875
 10
255.1199951171875
 20
97.4100341796875
 10
255.1199951171875
 20
84.1600341796875
  0
LINE
  5
304
330
17
100
AcDbEntity
  8
SCHEMATICS
 62
7
100
AcDbLine
 10
56.689998626708984
 20
70.9100341796875
 30
0.0
 11
56.689998626708984
 21
84.1600341796875
 31
0.0
  0
LINE
  5
305
330
17
100
AcDbEntity
  8
SCHEMATICS
 62
7
100
AcDbLine
 10
226.77000427246094
 20
70.9100341796875
 30
0.0
 11
56.689998626708984
 21
70.9100341796875
 31
0.0
  0
LINE
  5
306
330
17
100
AcDbEntity
  8
SCHEMATICS
 62
7
100
AcDbLine
 10
226.77000427246094
 20
70.9100341796875
 30
0.0
 11
226.77000427246094
 21
84.1600341796875
 31
0.0
  0
LINE
  5
307
330
17
100
AcDbEntity
  8
SCHEMATICS
 62
7
100
AcDbLine
 10
255.1199951171875
 20
70.9100341796875
 30
0.0
 11
226.77000427246094
 21
70.9100341796875
 31
0.0
  0
LINE
  5
308
330
17
100
AcDbEntity
  8
SCHEMATICS
 62
7
100
AcDbLine
 10
255.1199951171875
 20
70.9100341796875
 30
0.0
 11
255.1199951171875
 21
84.1600341796875
 31
0.0
  0
LINE
  5
309
330
17
100
AcDbEntity
  8
SCHEMATICS
 62
7
100
AcDbLine
 10
566.9299926757812
 20
84.1600341796875
 30
0.0
 11
566.9299926757812
 21
70.9100341796875
 31
0.0
  0
LINE
  5
30A
330
17
100
AcDbEntity
  8
SCHEMATICS
 62
7
100
AcDbLine
 10
566.9299926757812
 20
70.9100341796875
 30
0.0
 11
255.1199951171875
 21
70.9100341796875
 31
0.0
  0
LINE
  5
30B
330
17
100
AcDbEntity
  8
SCHEMATICS
 62
7
100
AcDbLine
 10
56.689998626708984
 20
37.19549560546875
 30
0.0
 11
406.6698303222656
 21
37.19549560546875
 31
0.0
  0
LWPOLYLINE
  5
30C
330
17
100
AcDbEntity
  8
SCHEMATICS
 62
7
100
AcDbPolyline
 90
9
 70
0
 10
524.0565185546875
 20
31.110595703125
 10
524.2281799316406
 20
31.51333224773407
 10
524.5549545288086
 20
31.782904624938965
 10
524.9859962463379
 20
31.924198746681213
 10
525.470458984375
 20
31.942100524902344
 10
525.9574966430664
 20
31.841495871543884
 10
526.3962631225586
 20
31.627270698547363
 10
526.735912322998
 20
31.30431091785431
 10
526.9255981445312
 20
30.87750244140625
  0
LWPOLYLINE
  5
30D
330
17
100
AcDbEntity
  8
SCHEMATICS
 62
7
100
AcDbPolyline
 90
9
 70
0
 10
526.9255981445312
 20
30.87750244140625
 10
526.9309260845184
 20
30.80124282836914
 10
526.9352512359619
 20
30.740924835205078
 10
526.9386637210846
 20
30.69476890563965
 10
526.9412536621094
 20
30.660995483398438
 10
526.9431111812592
 20
30.63782501220703
 10
526.9443264007568
 20
30.623477935791016
 10
526.9449894428253
 20
30.616174697875977
 10
526.9451904296875
 20
30.6141357421875
  0
LINE
  5
30E
330
17
100
AcDbEntity
  8
SCHEMATICS
 62
7
100
AcDbLine
 10
526.9451904296875
 20
30.6141357421875
 30
0.0
 11
528.708984375
 21
30.6134033203125
 31
0.0
  0
LINE
  5
30F
330
17
100
AcDbEntity
  8
SCHEMATICS
 62
7
100
AcDbLine
 10
528.708984375
 20
30.6134033203125
 30
0.0
 11
528.6962280273438
 21
30.82275390625
 31
0.0
  0
LWPOLYLINE
  5
310
330
17
100
AcDbEntity
  8
SCHEMATICS
 62
7
100
AcDbPolyline
 90
9
 70
0
 10
528.6962280273438
 20
30.82275390625
 10
528.6021234989166
 20
31.390471577644348
 10
528.3876056671143
 20
31.902817726135254
 10
528.066202878952
 20
32.35329854488373
 10
527.6514434814453
 20
32.73542022705078
 10
527.1568558216095
 20
33.042688965797424
 10
526.59596824646
 20
33.26861095428467
 10
525.9823091030121
 20
33.40669238567352
 10
525.3294067382812
 20
33.450439453125
  0
LWPOLYLINE
  5
311
330
17
100
AcDbEntity
  8
SCHEMATICS
 62
7
100
AcDbPolyline
 90
9
 70
0
 10
525.3294067382812
 20
33.450439453125
 10
524.7381410598755
 20
33.40235674381256
 10
524.1765899658203
 20
33.26033878326416
 10
523.6606779098511
 20
33.02773082256317
 10
523.2063293457031
 20
32.70787811279297
 10
522.8294687271118
 20
32.304125905036926
 10
522.5460205078125
 20
31.819819450378418
 10
522.3719091415405
 20
31.258303999900818
 10
522.3230590820312
 20
30.6229248046875
  0
LWPOLYLINE
  5
312
330
17
100
AcDbEntity
  8
SCHEMATICS
 62
7
100
AcDbPolyline
 90
9
 70
0
 10
522.3230590820312
 20
30.6229248046875
 10
522.3611755371094
 20
30.267005920410156
 10
522.4548301696777
 20
29.939983367919922
 10
522.5983867645264
 20
29.642446517944336
 10
522.7862091064453
 20
29.374984741210938
 10
523.0126609802246
 20
29.138187408447266
 10
523.2721061706543
 20
28.93264389038086
 10
523.5589084625244
 20
28.758943557739258
 10
523.867431640625
 20
28.61767578125
  0
LWPOLYLINE
  5
313
330
17
100
AcDbEntity
  8
SCHEMATICS
 62
7
100
AcDbPolyline
 90
9
 70
0
 10
523.867431640625
 20
28.61767578125
 10
524.6196002960205
 20
28.346359968185425
 10
525.2687492370605
 20
28.156827926635742
 10
525.8168525695801
 20
28.015060663223267
 10
526.2658843994141
 20
27.887039184570312
 10
526.6178188323975
 20
27.738744497299194
 10
526.8746299743652
 20
27.536157608032227
 10
527.0382919311523
 20
27.245259523391724
 10
527.1107788085938
 20
26.83203125
  0
LWPOLYLINE
  5
314
330
17
100
AcDbEntity
  8
SCHEMATICS
 62
7
100
AcDbPolyline
 90
9
 70
0
 10
527.1107788085938
 20
26.83203125
 10
527.0805794000626
 20
26.540675282478333
 10
526.9669961929321
 20
26.30520725250244
 10
526.7884234189987
 20
26.121124625205994
 10
526.5632553100586
 20
25.983924865722656
 10
526.309886097908
 20
25.889105439186096
 10
526.0467100143433
 20
25.83216381072998
 10
525.7921212911606
 20
25.808597445487976
 10
525.5645141601562
 20
25.81390380859375
  0
LWPOLYLINE
  5
315
330
17
100
AcDbEntity
  8
SCHEMATICS
 62
7
100
AcDbPolyline
 90
9
 70
0
 10
525.5645141601562
 20
25.81390380859375
 10
525.2884863615036
 20
25.846108555793762
 10
525.0239362716675
 20
25.896401405334473
 10
524.7750917673111
 20
25.968908667564392
 10
524.5461807250977
 20
26.06775665283203
 10
524.3414310216904
 20
26.1970716714859
 10
524.1650705337524
 20
26.36098003387451
 10
524.0213271379471
 20
26.563608050346375
 10
523.9144287109375
 20
26.80908203125
  0
LWPOLYLINE
  5
316
330
17
100
AcDbEntity
  8
SCHEMATICS
 62
7
100
AcDbPolyline
 90
9
 70
0
 10
523.9144287109375
 20
26.80908203125
 10
523.8961619138718
 20
26.866910815238953
 10
523.8809270858765
 20
26.920573234558105
 10
523.8685404062271
 20
26.9716078042984
 10
523.8588180541992
 20
27.02155303955078
 10
523.8515762090683
 20
27.07194745540619
 10
523.8466310501099
 20
27.124329566955566
 10
523.8437987565994
 20
27.180237889289856
 10
523.8428955078125
 20
27.2412109375
  0
LINE
  5
317
330
17
100
AcDbEntity
  8
SCHEMATICS
 62
7
100
AcDbLine
 10
523.8428955078125
 20
27.2412109375
 30
0.0
 11
523.8428955078125
 21
27.36181640625
 31
0.0
  0
LINE
  5
318
330
17
100
AcDbEntity
  8
SCHEMATICS
 62
7
100
AcDbLine
 10
523.8428955078125
 20
27.36181640625
 30
0.0
 11
522.0604858398438
 21
27.36181640625
 31
0.0
  0
LINE
  5
319
330
17
100
AcDbEntity
  8
SCHEMATICS
 62
7
100
AcDbLine
 10
522.0604858398438
 20
27.36181640625
 30
0.0
 11
522.0604858398438
 21
27.10150146484375
 31
0.0
  0
LWPOLYLINE
  5
31A
330
17
100
AcDbEntity
  8
SCHEMATICS
 62
7
100
AcDbPolyline
 90
9
 70
0
 10
522.0604858398438
 20
27.10150146484375
 10
522.1381323337555
 20
26.432580947875977
 10
522.3579273223877
 20
25.845840454101562
 10
522.7001540660858
 20
25.344083786010742
 10
523.1450958251953
 20
24.93011474609375
 10
523.6730358600616
 20
24.60673713684082
 10
524.2642574310303
 20
24.376754760742188
 10
524.8990437984467
 20
24.242971420288086
 10
525.5576782226562
 20
24.20819091796875
  0
LWPOLYLINE
  5
31B
330
17
100
AcDbEntity
  8
SCHEMATICS
 62
7
100
AcDbPolyline
 90
9
 70
0
 10
525.5576782226562
 20
24.20819091796875
 10
526.1911962032318
 20
24.265292763710022
 10
526.8030376434326
 20
24.405613899230957
 10
527.3727161884308
 20
24.630056262016296
 10
527.8797454833984
 20
24.93952178955078
 10
528.3036391735077
 20
25.334912419319153
 10
528.6239109039307
 20
25.817130088806152
 10
528.8200743198395
 20
26.38707673549652
 10
528.8716430664062
 20
27.045654296875
  0
LWPOLYLINE
  5
31C
330
17
100
AcDbEntity
  8
SCHEMATICS
 62
7
100
AcDbPolyline
 90
9
 70
0
 10
528.8716430664062
 20
27.045654296875
 10
528.612407207489
 20
28.173970580101013
 10
528.0170211791992
 20
28.925097465515137
 10
527.2046093940735
 20
29.399029850959778
 10
526.2942962646484
 20
29.695762634277344
 10
525.4052062034607
 20
29.91529071331024
 10
524.6564636230469
 20
30.15760898590088
 10
524.1671929359436
 20
30.522712349891663
 10
524.0565185546875
 20
31.110595703125
  0
LINE
  5
31D
330
17
100
AcDbEntity
  8
SCHEMATICS
 62
7
100
AcDbLine
 10
519.2796020507812
 20
29.77667236328125
 30
0.0
 11
516.0410766601562
 21
29.77667236328125
 31
0.0
  0
LINE
  5
31E
330
17
100
AcDbEntity
  8
SCHEMATICS
 62
7
100
AcDbLine
 10
516.0410766601562
 20
29.77667236328125
 30
0.0
 11
516.0410766601562
 21
33.25250244140625
 31
0.0
  0
LINE
  5
31F
330
17
100
AcDbEntity
  8
SCHEMATICS
 62
7
100
AcDbLine
 10
516.0410766601562
 20
33.25250244140625
 30
0.0
 11
514.2596435546875
 21
33.25250244140625
 31
0.0
  0
LINE
  5
320
330
17
100
AcDbEntity
  8
SCHEMATICS
 62
7
100
AcDbLine
 10
514.2596435546875
 20
33.25250244140625
 30
0.0
 11
514.2596435546875
 21
24.43133544921875
 31
0.0
  0
LINE
  5
321
330
17
100
AcDbEntity
  8
SCHEMATICS
 62
7
100
AcDbLine
 10
514.2596435546875
 20
24.43133544921875
 30
0.0
 11
516.0410766601562
 21
24.43133544921875
 31
0.0
  0
LINE
  5
322
330
17
100
AcDbEntity
  8
SCHEMATICS
 62
7
100
AcDbLine
 10
516.0410766601562
 20
24.43133544921875
 30
0.0
 11
516.0410766601562
 21
28.203857421875
 31
0.0
  0
LINE
  5
323
330
17
100
AcDbEntity
  8
SCHEMATICS
 62
7
100
AcDbLine
 10
516.0410766601562
 20
28.203857421875
 30
0.0
 11
519.2796020507812
 21
28.203857421875
 31
0.0
  0
LINE
  5
324
330
17
100
AcDbEntity
  8
SCHEMATICS
 62
7
100
AcDbLine
 10
519.2796020507812
 20
28.203857421875
 30
0.0
 11
519.2796020507812
 21
24.43133544921875
 31
0.0
  0
LINE
  5
325
330
17
100
AcDbEntity
  8
SCHEMATICS
 62
7
100
AcDbLine
 10
519.2796020507812
 20
24.43133544921875
 30
0.0
 11
521.0482788085938
 21
24.43133544921875
 31
0.0
  0
LINE
  5
326
330
17
100
AcDbEntity
  8
SCHEMATICS
 62
7
100
AcDbLine
 10
521.0482788085938
 20
24.43133544921875
 30
0.0
 11
521.0482788085938
 21
33.25250244140625
 31
0.0
  0
LINE
  5
327
330
17
100
AcDbEntity
  8
SCHEMATICS
 62
7
100
AcDbLine
 10
521.0482788085938
 20
33.25250244140625
 30
0.0
 11
519.2796020507812
 21
33.25250244140625
 31
0.0
  0
LINE
  5
328
330
17
100
AcDbEntity
  8
SCHEMATICS
 62
7
100
AcDbLine
 10
519.2796020507812
 20
33.25250244140625
 30
0.0
 11
519.2796020507812
 21
29.77667236328125
 31
0.0
  0
LINE
  5
329
330
17
100
AcDbEntity
  8
SCHEMATICS
 62
7
100
AcDbLine
 10
513.073974609375
 20
27.8341064453125
 30
0.0
 11
511.34161376953125
 21
27.8341064453125
 31
0.0
  0
LINE
  5
32A
330
17
100
AcDbEntity
  8
SCHEMATICS
 62
7
100
AcDbLine
 10
511.34161376953125
 20
27.8341064453125
 30
0.0
 11
511.34161376953125
 21
27.56085205078125
 31
0.0
  0
LWPOLYLINE
  5
32B
330
17
100
AcDbEntity
  8
SCHEMATICS
 62
7
100
AcDbPolyline
 90
9
 70
0
 10
511.34161376953125
 20
27.56085205078125
 10
511.3037340641022
 20
27.20690166950226
 10
511.1958522796631
 20
26.875508308410645
 10
511.0266044139862
 20
26.575055480003357
 10
510.80462646484375
 20
26.313926696777344
 10
510.53855443000793
 20
26.100505471229553
 10
510.237024307251
 20
25.943175315856934
 10
509.9086720943451
 20
25.850319743156433
 10
509.5621337890625
 20
25.830322265625
  0
LWPOLYLINE
  5
32C
330
17
100
AcDbEntity
  8
SCHEMATICS
 62
7
100
AcDbPolyline
 90
9
 70
0
 10
509.5621337890625
 20
25.830322265625
 10
509.0928023457527
 20
25.894997119903564
 10
508.69863748550415
 20
26.020729064941406
 10
508.3713955283165
 20
26.20244550704956
 10
508.10283279418945
 20
26.435073852539062
 10
507.8847056031227
 20
26.713541507720947
 10
507.70877027511597
 20
27.03277587890625
 10
507.5667831301689
 20
27.387704372406006
 10
507.45050048828125
 20
27.77325439453125
  0
LWPOLYLINE
  5
32D
330
17
100
AcDbEntity
  8
SCHEMATICS
 62
7
100
AcDbPolyline
 90
9
 70
0
 10
507.45050048828125
 20
27.77325439453125
 10
507.4141141176224
 20
27.923146963119507
 10
507.3878221511841
 20
28.068998336791992
 10
507.3702348470688
 20
28.21326756477356
 10
507.3599624633789
 20
28.358413696289062
 10
507.35561525821686
 20
28.506895780563354
 10
507.35580348968506
 20
28.66117286682129
 10
507.3591374158859
 20
28.82370400428772
 10
507.3642272949219
 20
28.9969482421875
  0
LWPOLYLINE
  5
32E
330
17
100
AcDbEntity
  8
SCHEMATICS
 62
7
100
AcDbPolyline
 90
9
 70
0
 10
507.3642272949219
 20
28.9969482421875
 10
507.3736327290535
 20
29.18614137172699
 10
507.39075326919556
 20
29.371806144714355
 10
507.4143947958946
 20
29.55167305469513
 10
507.44336318969727
 20
29.723472595214844
 10
507.47646433115005
 20
29.88493525981903
 10
507.51250410079956
 20
30.033791542053223
 10
507.55028837919235
 20
30.16777193546295
 10
507.588623046875
 20
30.28460693359375
  0
LWPOLYLINE
  5
32F
330
17
100
AcDbEntity
  8
SCHEMATICS
 62
7
100
AcDbPolyline
 90
9
 70
0
 10
507.588623046875
 20
30.28460693359375
 10
507.72687143087387
 20
30.61489701271057
 10
507.9023241996765
 20
30.916154861450195
 10
508.11323577165604
 20
31.183106184005737
 10
508.35786056518555
 20
31.410476684570312
 10
508.63445299863815
 20
31.592992067337036
 10
508.94126749038696
 20
31.725378036499023
 10
509.2765584588051
 20
31.80236029624939
 10
509.6385803222656
 20
31.81866455078125
  0
LWPOLYLINE
  5
330
330
17
100
AcDbEntity
  8
SCHEMATICS
 62
7
100
AcDbPolyline
 90
9
 70
0
 10
509.6385803222656
 20
31.81866455078125
 10
509.87680077552795
 20
31.796282291412354
 10
510.0969581604004
 20
31.75125503540039
 10
510.3002812862396
 20
31.682841777801514
 10
510.48799896240234
 20
31.590301513671875
 10
510.66133999824524
 20
31.472893238067627
 10
510.821533203125
 20
31.329875946044922
 10
510.9698073863983
 20
31.160508632659912
 10
511.1073913574219
 20
30.96405029296875
  0
LWPOLYLINE
  5
331
330
17
100
AcDbEntity
  8
SCHEMATICS
 62
7
100
AcDbPolyline
 90
9
 70
0
 10
511.1073913574219
 20
30.96405029296875
 10
511.161523938179
 20
30.87361240386963
 10
511.2064619064331
 20
30.78799819946289
 10
511.2434791326523
 20
30.70491886138916
 10
511.2738494873047
 20
30.622085571289062
 10
511.29884684085846
 20
30.537209510803223
 10
511.31974506378174
 20
30.448001861572266
 10
511.33781802654266
 20
30.352173805236816
 10
511.3543395996094
 20
30.2474365234375
  0
LINE
  5
332
330
17
100
AcDbEntity
  8
SCHEMATICS
 62
7
100
AcDbLine
 10
511.3543395996094
 20
30.2474365234375
 30
0.0
 11
513.073974609375
 21
30.2474365234375
 31
0.0
  0
LINE
  5
333
330
17
100
AcDbEntity
  8
SCHEMATICS
 62
7
100
AcDbLine
 10
513.073974609375
 20
30.2474365234375
 30
0.0
 11
513.0358276367188
 21
30.46795654296875
 31
0.0
  0
LWPOLYLINE
  5
334
330
17
100
AcDbEntity
  8
SCHEMATICS
 62
7
100
AcDbPolyline
 90
9
 70
0
 10
513.0358276367188
 20
30.46795654296875
 10
513.0048934817314
 20
30.649540424346924
 10
512.9609999656677
 20
30.858489990234375
 10
512.8958683609962
 20
31.093177318572998
 10
512.8012199401855
 20
31.351974487304688
 10
512.6687759757042
 20
31.633253574371338
 10
512.4902577400208
 20
31.935386657714844
 10
512.2573865056038
 20
32.2567458152771
 10
511.9618835449219
 20
32.595703125
  0
LWPOLYLINE
  5
335
330
17
100
AcDbEntity
  8
SCHEMATICS
 62
7
100
AcDbPolyline
 90
9
 70
0
 10
511.9618835449219
 20
32.595703125
 10
511.7117108106613
 20
32.83224594593048
 10
511.45226192474365
 20
33.02333927154541
 10
511.181516289711
 20
33.17320096492767
 10
510.89745330810547
 20
33.286048889160156
 10
510.5980523824692
 20
33.366100907325745
 10
510.28129291534424
 20
33.417574882507324
 10
509.94515430927277
 20
33.44468867778778
 10
509.5876159667969
 20
33.45166015625
  0
LWPOLYLINE
  5
336
330
17
100
AcDbEntity
  8
SCHEMATICS
 62
7
100
AcDbPolyline
 90
9
 70
0
 10
509.5876159667969
 20
33.45166015625
 10
509.28252321481705
 20
33.44221830368042
 10
509.0023617744446
 20
33.41667175292969
 10
508.7407347559929
 20
33.37355852127075
 10
508.4912452697754
 20
33.31141662597656
 10
508.2474964261055
 20
33.22878408432007
 10
508.00309133529663
 20
33.12419891357422
 10
507.7516331076622
 20
32.99619913101196
 10
507.4867248535156
 20
32.84332275390625
  0
LWPOLYLINE
  5
337
330
17
100
AcDbEntity
  8
SCHEMATICS
 62
7
100
AcDbPolyline
 90
9
 70
0
 10
507.4867248535156
 20
32.84332275390625
 10
506.9954826235771
 20
32.49401271343231
 10
506.5961375236511
 20
32.09853649139404
 10
506.2798128724098
 20
31.660332322120667
 10
506.0376319885254
 20
31.182838439941406
 10
505.86071819067
 20
30.669493079185486
 10
505.74019479751587
 20
30.12373447418213
 10
505.66718512773514
 20
29.54900085926056
 10
505.6328125
 20
28.94873046875
  0
LWPOLYLINE
  5
338
330
17
100
AcDbEntity
  8
SCHEMATICS
 62
7
100
AcDbPolyline
 90
9
 70
0
 10
505.6328125
 20
28.94873046875
 10
505.6692803502083
 20
28.084422826766968
 10
505.8251118659973
 20
27.23802375793457
 10
506.10162776708603
 20
26.438742876052856
 10
506.50014877319336
 20
25.715789794921875
 10
507.02199560403824
 20
25.098374128341675
 10
507.6684889793396
 20
24.615705490112305
 10
508.4409496188164
 20
24.296993494033813
 10
509.3406982421875
 20
24.17144775390625
  0
LWPOLYLINE
  5
339
330
17
100
AcDbEntity
  8
SCHEMATICS
 62
7
100
AcDbPolyline
 90
9
 70
0
 10
509.3406982421875
 20
24.17144775390625
 10
510.005044400692
 20
24.212571501731873
 10
510.63686323165894
 20
24.350783348083496
 10
511.2237403988838
 20
24.582045674324036
 10
511.7532615661621
 20
24.902320861816406
 10
512.2130123972893
 20
25.307571291923523
 10
512.5905785560608
 20
25.7937593460083
 10
512.8735457062721
 20
26.356847405433655
 10
513.0494995117188
 20
26.9927978515625
  0
LWPOLYLINE
  5
33A
330
17
100
AcDbEntity
  8
SCHEMATICS
 62
7
100
AcDbPolyline
 90
9
 70
0
 10
513.0494995117188
 20
26.9927978515625
 10
513.0650951862335
 20
27.086491346359253
 10
513.0773906707764
 20
27.172624588012695
 10
513.0864903926849
 20
27.253759622573853
 10
513.0924987792969
 20
27.33245849609375
 10
513.0955202579498
 20
27.411283254623413
 10
513.0956592559814
 20
27.492795944213867
 10
513.0930202007294
 20
27.579558610916138
 10
513.0877075195312
 20
27.67413330078125
  0
LINE
  5
33B
330
17
100
AcDbEntity
  8
SCHEMATICS
 62
7
100
AcDbLine
 10
513.0877075195312
 20
27.67413330078125
 30
0.0
 11
513.073974609375
 21
27.8341064453125
 31
0.0
  0
LINE
  5
33C
330
17
100
AcDbEntity
  8
SCHEMATICS
 62
7
100
AcDbLine
 10
502.83721923828125
 20
28.16790771484375
 30
0.0
 11
502.83721923828125
 21
27.42535400390625
 31
0.0
  0
LWPOLYLINE
  5
33D
330
17
100
AcDbEntity
  8
SCHEMATICS
 62
7
100
AcDbPolyline
 90
9
 70
0
 10
502.83721923828125
 20
27.42535400390625
 10
502.8299404978752
 20
27.232003808021545
 10
502.807101726532
 20
27.051526069641113
 10
502.7671990990639
 20
26.88301455974579
 10
502.7087287902832
 20
26.725563049316406
 10
502.6301869750023
 20
26.5782653093338
 10
502.53006982803345
 20
26.44021511077881
 10
502.406873524189
 20
26.310506224632263
 10
502.25909423828125
 20
26.188232421875
  0
LWPOLYLINE
  5
33E
330
17
100
AcDbEntity
  8
SCHEMATICS
 62
7
100
AcDbPolyline
 90
9
 70
0
 10
502.25909423828125
 20
26.188232421875
 10
502.126893222332
 20
26.10038661956787
 10
501.9971079826355
 20
26.033924102783203
 10
501.8675566315651
 20
25.98604106903076
 10
501.73605728149414
 20
25.953933715820312
 10
501.600428044796
 20
25.93479824066162
 10
501.458487033844
 20
25.925830841064453
 10
501.3080523610115
 20
25.924227714538574
 10
501.1469421386719
 20
25.92718505859375
  0
LWPOLYLINE
  5
33F
330
17
100
AcDbEntity
  8
SCHEMATICS
 62
7
100
AcDbPolyline
 90
9
 70
0
 10
501.1469421386719
 20
25.92718505859375
 10
501.00340205430984
 20
25.93287193775177
 10
500.8703293800354
 20
25.94170093536377
 10
500.74532264471054
 20
25.955950140953064
 10
500.62598037719727
 20
25.97789764404297
 10
500.5099011063576
 20
26.0098215341568
 10
500.39468336105347
 20
26.05399990081787
 10
500.27792567014694
 20
26.1127108335495
 10
500.1572265625
 20
26.188232421875
  0
LWPOLYLINE
  5
340
330
17
100
AcDbEntity
  8
SCHEMATICS
 62
7
100
AcDbPolyline
 90
9
 70
0
 10
500.1572265625
 20
26.188232421875
 10
500.0005404949188
 20
26.307251811027527
 10
499.8682403564453
 20
26.434447288513184
 10
499.75881123542786
 20
26.57081949710846
 10
499.67073822021484
 20
26.717369079589844
 10
499.60250639915466
 20
26.875096678733826
 10
499.5526008605957
 20
27.045002937316895
 10
499.51950669288635
 20
27.22808849811554
 10
499.501708984375
 20
27.42535400390625
  0
LINE
  5
341
330
17
100
AcDbEntity
  8
SCHEMATICS
 62
7
100
AcDbLine
 10
499.501708984375
 20
27.42535400390625
 30
0.0
 11
499.4634704589844
 21
28.16790771484375
 31
0.0
  0
LINE
  5
342
330
17
100
AcDbEntity
  8
SCHEMATICS
 62
7
100
AcDbLine
 10
499.4634704589844
 20
28.16790771484375
 30
0.0
 11
499.4634704589844
 21
33.25250244140625
 31
0.0
  0
LINE
  5
343
330
17
100
AcDbEntity
  8
SCHEMATICS
 62
7
100
AcDbLine
 10
499.4634704589844
 20
33.25250244140625
 30
0.0
 11
497.68304443359375
 21
33.25250244140625
 31
0.0
  0
LINE
  5
344
330
17
100
AcDbEntity
  8
SCHEMATICS
 62
7
100
AcDbLine
 10
497.68304443359375
 20
33.25250244140625
 30
0.0
 11
497.68304443359375
 21
27.58721923828125
 31
0.0
  0
LWPOLYLINE
  5
345
330
17
100
AcDbEntity
  8
SCHEMATICS
 62
7
100
AcDbPolyline
 90
9
 70
0
 10
497.68304443359375
 20
27.58721923828125
 10
497.68378734588623
 20
27.51250171661377
 10
497.6860466003418
 20
27.44426727294922
 10
497.68986797332764
 20
27.38046169281006
 10
497.69529724121094
 20
27.31903076171875
 10
497.7023801803589
 20
27.257920265197754
 10
497.7111625671387
 20
27.19507598876953
 10
497.7216901779175
 20
27.128443717956543
 10
497.7340087890625
 20
27.05596923828125
  0
LWPOLYLINE
  5
346
330
17
100
AcDbEntity
  8
SCHEMATICS
 62
7
100
AcDbPolyline
 90
9
 70
0
 10
497.7340087890625
 20
27.05596923828125
 10
497.84602695703506
 20
26.557808876037598
 10
498.0084080696106
 20
26.100177764892578
 10
498.2219106554985
 20
25.68557071685791
 10
498.4872932434082
 20
25.316482543945312
 10
498.8053143620491
 20
24.995408058166504
 10
499.1767325401306
 20
24.724842071533203
 10
499.60230630636215
 20
24.50727939605713
 10
500.0827941894531
 20
24.34521484375
  0
LWPOLYLINE
  5
347
330
17
100
AcDbEntity
  8
SCHEMATICS
 62
7
100
AcDbPolyline
 90
9
 70
0
 10
500.0827941894531
 20
24.34521484375
 10
500.2305748462677
 20
24.310678482055664
 10
500.3671474456787
 20
24.28631591796875
 10
500.49646162986755
 20
24.270421981811523
 10
500.6224670410156
 20
24.26129150390625
 10
500.7491133213043
 20
24.257219314575195
 10
500.88035011291504
 20
24.256500244140625
 10
501.0201270580292
 20
24.257429122924805
 10
501.1723937988281
 20
24.25830078125
  0
LWPOLYLINE
  5
348
330
17
100
AcDbEntity
  8
SCHEMATICS
 62
7
100
AcDbPolyline
 90
9
 70
0
 10
501.1723937988281
 20
24.25830078125
 10
501.31607097387314
 20
24.25929045677185
 10
501.44761991500854
 20
24.26202964782715
 10
501.570899784565
 20
24.267478227615356
 10
501.68976974487305
 20
24.276596069335938
 10
501.8080889582634
 20
24.290343046188354
 10
501.92971658706665
 20
24.30967903137207
 10
502.05851179361343
 20
24.335563898086548
 10
502.1983337402344
 20
24.36895751953125
  0
LWPOLYLINE
  5
349
330
17
100
AcDbEntity
  8
SCHEMATICS
 62
7
100
AcDbPolyline
 90
9
 70
0
 10
502.1983337402344
 20
24.36895751953125
 10
502.68774914741516
 20
24.529385924339294
 10
503.13267707824707
 20
24.74307155609131
 10
503.5282266139984
 20
25.008654713630676
 10
503.8695068359375
 20
25.32477569580078
 10
504.15162682533264
 20
25.690074801445007
 10
504.36969566345215
 20
26.10319232940674
 10
504.51882243156433
 20
26.562768578529358
 10
504.5941162109375
 20
27.06744384765625
  0
LINE
  5
34A
330
17
100
AcDbEntity
  8
SCHEMATICS
 62
7
100
AcDbLine
 10
504.5941162109375
 20
27.06744384765625
 30
0.0
 11
504.6294250488281
 21
27.60064697265625
 31
0.0
  0
LINE
  5
34B
330
17
100
AcDbEntity
  8
SCHEMATICS
 62
7
100
AcDbLine
 10
504.6294250488281
 20
27.60064697265625
 30
0.0
 11
504.6294250488281
 21
33.25250244140625
 31
0.0
  0
LINE
  5
34C
330
17
100
AcDbEntity
  8
SCHEMATICS
 62
7
100
AcDbLine
 10
504.6294250488281
 20
33.25250244140625
 30
0.0
 11
502.83721923828125
 21
33.25250244140625
 31
0.0
  0
LINE
  5
34D
330
17
100
AcDbEntity
  8
SCHEMATICS
 62
7
100
AcDbLine
 10
502.83721923828125
 20
33.25250244140625
 30
0.0
 11
502.83721923828125
 21
28.16790771484375
 31
0.0
  0
LINE
  5
34E
330
17
100
AcDbEntity
  8
SCHEMATICS
 62
7
100
AcDbLine
 10
490.82293701171875
 20
24.43365478515625
 30
0.0
 11
492.6141357421875
 21
24.43365478515625
 31
0.0
  0
LINE
  5
34F
330
17
100
AcDbEntity
  8
SCHEMATICS
 62
7
100
AcDbLine
 10
492.6141357421875
 20
24.43365478515625
 30
0.0
 11
492.6141357421875
 21
28.16790771484375
 31
0.0
  0
LINE
  5
350
330
17
100
AcDbEntity
  8
SCHEMATICS
 62
7
100
AcDbLine
 10
492.6141357421875
 20
28.16790771484375
 30
0.0
 11
496.0358581542969
 21
28.16790771484375
 31
0.0
  0
LINE
  5
351
330
17
100
AcDbEntity
  8
SCHEMATICS
 62
7
100
AcDbLine
 10
496.0358581542969
 20
28.16790771484375
 30
0.0
 11
496.0358581542969
 21
29.727294921875
 31
0.0
  0
LINE
  5
352
330
17
100
AcDbEntity
  8
SCHEMATICS
 62
7
100
AcDbLine
 10
496.0358581542969
 20
29.727294921875
 30
0.0
 11
492.6141357421875
 21
29.727294921875
 31
0.0
  0
LINE
  5
353
330
17
100
AcDbEntity
  8
SCHEMATICS
 62
7
100
AcDbLine
 10
492.6141357421875
 20
29.727294921875
 30
0.0
 11
492.6141357421875
 21
31.61962890625
 31
0.0
  0
LINE
  5
354
330
17
100
AcDbEntity
  8
SCHEMATICS
 62
7
100
AcDbLine
 10
492.6141357421875
 20
31.61962890625
 30
0.0
 11
496.5424499511719
 21
31.61962890625
 31
0.0
  0
LINE
  5
355
330
17
100
AcDbEntity
  8
SCHEMATICS
 62
7
100
AcDbLine
 10
496.5424499511719
 20
31.61962890625
 30
0.0
 11
496.5424499511719
 21
33.25250244140625
 31
0.0
  0
LINE
  5
356
330
17
100
AcDbEntity
  8
SCHEMATICS
 62
7
100
AcDbLine
 10
496.5424499511719
 20
33.25250244140625
 30
0.0
 11
490.82293701171875
 21
33.25250244140625
 31
0.0
  0
LINE
  5
357
330
17
100
AcDbEntity
  8
SCHEMATICS
 62
7
100
AcDbLine
 10
490.82293701171875
 20
33.25250244140625
 30
0.0
 11
490.82293701171875
 21
24.43365478515625
 31
0.0
  0
LINE
  5
358
330
17
100
AcDbEntity
  8
SCHEMATICS
 62
7
100
AcDbLine
 10
489.4912414550781
 20
28.1697998046875
 30
0.0
 11
487.4443054199219
 21
28.1697998046875
 31
0.0
  0
LINE
  5
359
330
17
100
AcDbEntity
  8
SCHEMATICS
 62
7
100
AcDbLine
 10
487.4443054199219
 20
28.1697998046875
 30
0.0
 11
487.4443054199219
 21
30.3094482421875
 31
0.0
  0
LINE
  5
35A
330
17
100
AcDbEntity
  8
SCHEMATICS
 62
7
100
AcDbLine
 10
487.4443054199219
 20
30.3094482421875
 30
0.0
 11
485.6579284667969
 21
30.3094482421875
 31
0.0
  0
LINE
  5
35B
330
17
100
AcDbEntity
  8
SCHEMATICS
 62
7
100
AcDbLine
 10
485.6579284667969
 20
30.3094482421875
 30
0.0
 11
485.6579284667969
 21
28.1697998046875
 31
0.0
  0
LINE
  5
35C
330
17
100
AcDbEntity
  8
SCHEMATICS
 62
7
100
AcDbLine
 10
485.6579284667969
 20
28.1697998046875
 30
0.0
 11
483.6119689941406
 21
28.1697998046875
 31
0.0
  0
LINE
  5
35D
330
17
100
AcDbEntity
  8
SCHEMATICS
 62
7
100
AcDbLine
 10
483.6119689941406
 20
28.1697998046875
 30
0.0
 11
483.6119689941406
 21
26.6004638671875
 31
0.0
  0
LINE
  5
35E
330
17
100
AcDbEntity
  8
SCHEMATICS
 62
7
100
AcDbLine
 10
483.6119689941406
 20
26.6004638671875
 30
0.0
 11
485.6579284667969
 21
26.6004638671875
 31
0.0
  0
LINE
  5
35F
330
17
100
AcDbEntity
  8
SCHEMATICS
 62
7
100
AcDbLine
 10
485.6579284667969
 20
26.6004638671875
 30
0.0
 11
485.6579284667969
 21
24.43212890625
 31
0.0
  0
LINE
  5
360
330
17
100
AcDbEntity
  8
SCHEMATICS
 62
7
100
AcDbLine
 10
485.6579284667969
 20
24.43212890625
 30
0.0
 11
487.4443054199219
 21
24.43212890625
 31
0.0
  0
LINE
  5
361
330
17
100
AcDbEntity
  8
SCHEMATICS
 62
7
100
AcDbLine
 10
487.4443054199219
 20
24.43212890625
 30
0.0
 11
487.4443054199219
 21
26.6004638671875
 31
0.0
  0
LINE
  5
362
330
17
100
AcDbEntity
  8
SCHEMATICS
 62
7
100
AcDbLine
 10
487.4443054199219
 20
26.6004638671875
 30
0.0
 11
489.4912414550781
 21
26.6004638671875
 31
0.0
  0
LINE
  5
363
330
17
100
AcDbEntity
  8
SCHEMATICS
 62
7
100
AcDbLine
 10
489.4912414550781
 20
26.6004638671875
 30
0.0
 11
489.4912414550781
 21
28.1697998046875
 31
0.0
  0
LINE
  5
364
330
17
100
AcDbEntity
  8
SCHEMATICS
 62
7
100
AcDbLine
 10
478.7429504394531
 20
26.04888916015625
 30
0.0
 11
478.7429504394531
 21
33.24261474609375
 31
0.0
  0
LINE
  5
365
330
17
100
AcDbEntity
  8
SCHEMATICS
 62
7
100
AcDbLine
 10
478.7429504394531
 20
33.24261474609375
 30
0.0
 11
476.95269775390625
 21
33.24261474609375
 31
0.0
  0
LINE
  5
366
330
17
100
AcDbEntity
  8
SCHEMATICS
 62
7
100
AcDbLine
 10
476.95269775390625
 20
33.24261474609375
 30
0.0
 11
476.95269775390625
 21
24.43365478515625
 31
0.0
  0
LINE
  5
367
330
17
100
AcDbEntity
  8
SCHEMATICS
 62
7
100
AcDbLine
 10
476.95269775390625
 20
24.43365478515625
 30
0.0
 11
482.6673889160156
 21
24.43365478515625
 31
0.0
  0
LINE
  5
368
330
17
100
AcDbEntity
  8
SCHEMATICS
 62
7
100
AcDbLine
 10
482.6673889160156
 20
24.43365478515625
 30
0.0
 11
482.6673889160156
 21
26.04888916015625
 31
0.0
  0
LINE
  5
369
330
17
100
AcDbEntity
  8
SCHEMATICS
 62
7
100
AcDbLine
 10
482.6673889160156
 20
26.04888916015625
 30
0.0
 11
478.7429504394531
 21
26.04888916015625
 31
0.0
  0
LWPOLYLINE
  5
36A
330
17
100
AcDbEntity
  8
SCHEMATICS
 62
7
100
AcDbPolyline
 90
9
 70
0
 10
473.7053527832031
 20
30.33245849609375
 10
473.66750633716583
 20
30.106778144836426
 10
473.60150241851807
 20
29.91043472290039
 10
473.50922429561615
 20
29.74315357208252
 10
473.3925552368164
 20
29.604660034179688
 10
473.25337851047516
 20
29.49467945098877
 10
473.09357738494873
 20
29.41293716430664
 10
472.91503512859344
 20
29.359158515930176
 10
472.7196350097656
 20
29.33306884765625
  0
LINE
  5
36B
330
17
100
AcDbEntity
  8
SCHEMATICS
 62
7
100
AcDbLine
 10
472.7196350097656
 20
29.33306884765625
 30
0.0
 11
472.29827880859375
 21
29.30853271484375
 31
0.0
  0
LINE
  5
36C
330
17
100
AcDbEntity
  8
SCHEMATICS
 62
7
100
AcDbLine
 10
472.29827880859375
 20
29.30853271484375
 30
0.0
 11
470.5981750488281
 21
29.30853271484375
 31
0.0
  0
LINE
  5
36D
330
17
100
AcDbEntity
  8
SCHEMATICS
 62
7
100
AcDbLine
 10
470.5981750488281
 20
29.30853271484375
 30
0.0
 11
470.5981750488281
 21
31.677490234375
 31
0.0
  0
LINE
  5
36E
330
17
100
AcDbEntity
  8
SCHEMATICS
 62
7
100
AcDbLine
 10
470.5981750488281
 20
31.677490234375
 30
0.0
 11
472.5079650878906
 21
31.677490234375
 31
0.0
  0
LINE
  5
36F
330
17
100
AcDbEntity
  8
SCHEMATICS
 62
7
100
AcDbLine
 10
472.5079650878906
 20
31.677490234375
 30
0.0
 11
472.73040771484375
 21
31.677490234375
 31
0.0
  0
LWPOLYLINE
  5
370
330
17
100
AcDbEntity
  8
SCHEMATICS
 62
7
100
AcDbPolyline
 90
9
 70
0
 10
472.73040771484375
 20
31.677490234375
 10
472.91297566890717
 20
31.653475284576416
 10
473.08063411712646
 20
31.61478042602539
 10
473.2321664094925
 20
31.555881023406982
 10
473.3663558959961
 20
31.47125244140625
 10
473.4819859266281
 20
31.355370044708252
 10
473.5778398513794
 20
31.202709197998047
 10
473.6527010202408
 20
31.007745265960693
 10
473.7053527832031
 20
30.76495361328125
  0
LWPOLYLINE
  5
371
330
17
100
AcDbEntity
  8
SCHEMATICS
 62
7
100
AcDbPolyline
 90
9
 70
0
 10
473.7053527832031
 20
30.76495361328125
 10
473.70890760421753
 20
30.716684579849243
 10
473.71144676208496
 20
30.66556739807129
 10
473.7129702568054
 20
30.6121985912323
 10
473.7134780883789
 20
30.557174682617188
 10
473.7129702568054
 20
30.501092195510864
 10
473.71144676208496
 20
30.444547653198242
 10
473.70890760421753
 20
30.388137578964233
 10
473.7053527832031
 20
30.33245849609375
  0
LWPOLYLINE
  5
372
330
17
100
AcDbEntity
  8
SCHEMATICS
 62
7
100
AcDbPolyline
 90
9
 70
0
 10
475.49560546875
 20
25.35650634765625
 10
475.45585918426514
 20
25.611403346061707
 10
475.43127632141113
 20
25.84321117401123
 10
475.4172763824463
 20
26.060374855995178
 10
475.4092788696289
 20
26.271339416503906
 10
475.4027032852173
 20
26.48454988002777
 10
475.3929691314697
 20
26.70845127105713
 10
475.37549591064453
 20
26.951488614082336
 10
475.345703125
 20
27.22210693359375
  0
LWPOLYLINE
  5
373
330
17
100
AcDbEntity
  8
SCHEMATICS
 62
7
100
AcDbPolyline
 90
9
 70
0
 10
475.345703125
 20
27.22210693359375
 10
475.3261321783066
 20
27.337576746940613
 10
475.2844648361206
 20
27.483698844909668
 10
475.2209321260452
 20
27.651111245155334
 10
475.1357650756836
 20
27.83045196533203
 10
475.02919471263885
 20
28.012359023094177
 10
474.90145206451416
 20
28.18747043609619
 10
474.75276815891266
 20
28.346424221992493
 10
474.5833740234375
 20
28.4798583984375
  0
LINE
  5
374
330
17
100
AcDbEntity
  8
SCHEMATICS
 62
7
100
AcDbLine
 10
474.5833740234375
 20
28.4798583984375
 30
0.0
 11
474.33251953125
 21
28.64215087890625
 31
0.0
  0
LINE
  5
375
330
17
100
AcDbEntity
  8
SCHEMATICS
 62
7
100
AcDbLine
 10
474.33251953125
 20
28.64215087890625
 30
0.0
 11
474.6794128417969
 21
28.888671875
 31
0.0
  0
LWPOLYLINE
  5
376
330
17
100
AcDbEntity
  8
SCHEMATICS
 62
7
100
AcDbPolyline
 90
9
 70
0
 10
474.6794128417969
 20
28.888671875
 10
474.8468138575554
 20
29.022480249404907
 10
474.9839606285095
 20
29.163545608520508
 10
475.09550338983536
 20
29.313128232955933
 10
475.186092376709
 20
29.472488403320312
 10
475.2603778243065
 20
29.64288640022278
 10
475.32300996780396
 20
29.82558250427246
 10
475.3786390423775
 20
30.02183699607849
 10
475.4319152832031
 20
30.23291015625
  0
LWPOLYLINE
  5
377
330
17
100
AcDbEntity
  8
SCHEMATICS
 62
7
100
AcDbPolyline
 90
9
 70
0
 10
475.4319152832031
 20
30.23291015625
 10
475.4714340567589
 20
30.409855484962463
 10
475.49950551986694
 20
30.574467658996582
 10
475.5159805417061
 20
30.730778574943542
 10
475.5207099914551
 20
30.88282012939453
 10
475.5135447382927
 20
31.034624218940735
 10
475.4943356513977
 20
31.19022274017334
 10
475.4629335999489
 20
31.353647589683533
 10
475.419189453125
 20
31.5289306640625
  0
LWPOLYLINE
  5
378
330
17
100
AcDbEntity
  8
SCHEMATICS
 62
7
100
AcDbPolyline
 90
9
 70
0
 10
475.419189453125
 20
31.5289306640625
 10
475.3452419042587
 20
31.77685511112213
 10
475.2606134414673
 20
32.00493335723877
 10
475.1616984605789
 20
32.213884234428406
 10
475.0448913574219
 20
32.40442657470703
 10
474.9065865278244
 20
32.57727921009064
 10
474.74317836761475
 20
32.733160972595215
 10
474.55106127262115
 20
32.872790694236755
 10
474.3266296386719
 20
32.99688720703125
  0
LWPOLYLINE
  5
379
330
17
100
AcDbEntity
  8
SCHEMATICS
 62
7
100
AcDbPolyline
 90
9
 70
0
 10
474.3266296386719
 20
32.99688720703125
 10
474.1836093068123
 20
33.0613226890564
 10
474.0491108894348
 20
33.113555908203125
 10
473.9196199774742
 20
33.15469980239868
 10
473.79162216186523
 20
33.18586730957031
 10
473.66160303354263
 20
33.208171367645264
 10
473.52604818344116
 20
33.22272491455078
 10
473.3814432024956
 20
33.23064088821411
 10
473.2242736816406
 20
33.2330322265625
  0
LINE
  5
37A
330
17
100
AcDbEntity
  8
SCHEMATICS
 62
7
100
AcDbLine
 10
473.2242736816406
 20
33.2330322265625
 30
0.0
 11
468.8236083984375
 21
33.2330322265625
 31
0.0
  0
LINE
  5
37B
330
17
100
AcDbEntity
  8
SCHEMATICS
 62
7
100
AcDbLine
 10
468.8236083984375
 20
33.2330322265625
 30
0.0
 11
468.8236083984375
 21
24.43365478515625
 31
0.0
  0
LINE
  5
37C
330
17
100
AcDbEntity
  8
SCHEMATICS
 62
7
100
AcDbLine
 10
468.8236083984375
 20
24.43365478515625
 30
0.0
 11
470.5981750488281
 21
24.43365478515625
 31
0.0
  0
LINE
  5
37D
330
17
100
AcDbEntity
  8
SCHEMATICS
 62
7
100
AcDbLine
 10
470.5981750488281
 20
24.43365478515625
 30
0.0
 11
470.5981750488281
 21
27.8387451171875
 31
0.0
  0
LINE
  5
37E
330
17
100
AcDbEntity
  8
SCHEMATICS
 62
7
100
AcDbLine
 10
470.5981750488281
 20
27.8387451171875
 30
0.0
 11
472.4697570800781
 21
27.8387451171875
 31
0.0
  0
LINE
  5
37F
330
17
100
AcDbEntity
  8
SCHEMATICS
 62
7
100
AcDbLine
 10
472.4697570800781
 20
27.8387451171875
 30
0.0
 11
472.73040771484375
 21
27.8387451171875
 31
0.0
  0
LWPOLYLINE
  5
380
330
17
100
AcDbEntity
  8
SCHEMATICS
 62
7
100
AcDbPolyline
 90
9
 70
0
 10
472.73040771484375
 20
27.8387451171875
 10
472.81584841012955
 20
27.83481788635254
 10
472.8965573310852
 20
27.82318878173828
 10
472.9725806117058
 20
27.804086685180664
 10
473.0439643859863
 20
27.777740478515625
 10
473.1107547879219
 20
27.7443790435791
 10
473.17299795150757
 20
27.70423126220703
 10
473.2307400107384
 20
27.65752601623535
 10
473.2840270996094
 20
27.6044921875
  0
LWPOLYLINE
  5
381
330
17
100
AcDbEntity
  8
SCHEMATICS
 62
7
100
AcDbPolyline
 90
9
 70
0
 10
473.2840270996094
 20
27.6044921875
 10
473.40929436683655
 20
27.45622408390045
 10
473.5088195800781
 20
27.305699348449707
 10
473.5859773159027
 20
27.15076434612274
 10
473.6441421508789
 20
26.98926544189453
 10
473.6866886615753
 20
26.81904900074005
 10
473.71699142456055
 20
26.637961387634277
 10
473.7384250164032
 20
26.443848967552185
 10
473.7543640136719
 20
26.23455810546875
  0
LWPOLYLINE
  5
382
330
17
100
AcDbEntity
  8
SCHEMATICS
 62
7
100
AcDbPolyline
 90
9
 70
0
 10
473.7543640136719
 20
26.23455810546875
 10
473.76558941602707
 20
26.02176547050476
 10
473.7728991508484
 20
25.823945999145508
 10
473.7797275185585
 20
25.636234521865845
 10
473.7895088195801
 20
25.453765869140625
 10
473.8056773543358
 20
25.271674871444702
 10
473.8316674232483
 20
25.08509635925293
 10
473.87091332674026
 20
24.88916516304016
 10
473.9268493652344
 20
24.67901611328125
  0
LINE
  5
383
330
17
100
AcDbEntity
  8
SCHEMATICS
 62
7
100
AcDbLine
 10
473.9268493652344
 20
24.67901611328125
 30
0.0
 11
474.00128173828125
 21
24.43365478515625
 31
0.0
  0
LINE
  5
384
330
17
100
AcDbEntity
  8
SCHEMATICS
 62
7
100
AcDbLine
 10
474.00128173828125
 20
24.43365478515625
 30
0.0
 11
475.69061279296875
 21
24.43365478515625
 31
0.0
  0
LINE
  5
385
330
17
100
AcDbEntity
  8
SCHEMATICS
 62
7
100
AcDbLine
 10
475.69061279296875
 20
24.43365478515625
 30
0.0
 11
475.6063537597656
 21
24.74139404296875
 31
0.0
  0
LINE
  5
386
330
17
100
AcDbEntity
  8
SCHEMATICS
 62
7
100
AcDbLine
 10
475.6063537597656
 20
24.74139404296875
 30
0.0
 11
475.49560546875
 21
25.35650634765625
 31
0.0
  0
LINE
  5
387
330
17
100
AcDbEntity
  8
SCHEMATICS
 62
7
100
AcDbLine
 10
461.565673828125
 20
24.41717529296875
 30
0.0
 11
467.6350402832031
 21
24.41717529296875
 31
0.0
  0
LINE
  5
388
330
17
100
AcDbEntity
  8
SCHEMATICS
 62
7
100
AcDbLine
 10
467.6350402832031
 20
24.41717529296875
 30
0.0
 11
467.6350402832031
 21
26.03778076171875
 31
0.0
  0
LINE
  5
389
330
17
100
AcDbEntity
  8
SCHEMATICS
 62
7
100
AcDbLine
 10
467.6350402832031
 20
26.03778076171875
 30
0.0
 11
463.35882568359375
 21
26.03778076171875
 31
0.0
  0
LINE
  5
38A
330
17
100
AcDbEntity
  8
SCHEMATICS
 62
7
100
AcDbLine
 10
463.35882568359375
 20
26.03778076171875
 30
0.0
 11
463.35882568359375
 21
28.16790771484375
 31
0.0
  0
LINE
  5
38B
330
17
100
AcDbEntity
  8
SCHEMATICS
 62
7
100
AcDbLine
 10
463.35882568359375
 20
28.16790771484375
 30
0.0
 11
467.29010009765625
 21
28.16790771484375
 31
0.0
  0
LINE
  5
38C
330
17
100
AcDbEntity
  8
SCHEMATICS
 62
7
100
AcDbLine
 10
467.29010009765625
 20
28.16790771484375
 30
0.0
 11
467.29010009765625
 21
29.7138671875
 31
0.0
  0
LINE
  5
38D
330
17
100
AcDbEntity
  8
SCHEMATICS
 62
7
100
AcDbLine
 10
467.29010009765625
 20
29.7138671875
 30
0.0
 11
463.35882568359375
 21
29.7138671875
 31
0.0
  0
LINE
  5
38E
330
17
100
AcDbEntity
  8
SCHEMATICS
 62
7
100
AcDbLine
 10
463.35882568359375
 20
29.7138671875
 30
0.0
 11
463.35882568359375
 21
31.61846923828125
 31
0.0
  0
LINE
  5
38F
330
17
100
AcDbEntity
  8
SCHEMATICS
 62
7
100
AcDbLine
 10
463.35882568359375
 20
31.61846923828125
 30
0.0
 11
467.6350402832031
 21
31.61846923828125
 31
0.0
  0
LINE
  5
390
330
17
100
AcDbEntity
  8
SCHEMATICS
 62
7
100
AcDbLine
 10
467.6350402832031
 20
31.61846923828125
 30
0.0
 11
467.6350402832031
 21
33.2398681640625
 31
0.0
  0
LINE
  5
391
330
17
100
AcDbEntity
  8
SCHEMATICS
 62
7
100
AcDbLine
 10
467.6350402832031
 20
33.2398681640625
 30
0.0
 11
461.565673828125
 21
33.2398681640625
 31
0.0
  0
LINE
  5
392
330
17
100
AcDbEntity
  8
SCHEMATICS
 62
7
100
AcDbLine
 10
461.565673828125
 20
33.2398681640625
 30
0.0
 11
461.565673828125
 21
24.41717529296875
 31
0.0
  0
LINE
  5
393
330
17
100
AcDbEntity
  8
SCHEMATICS
 62
7
100
AcDbLine
 10
457.7930908203125
 20
29.15850830078125
 30
0.0
 11
457.48345947265625
 21
29.1343994140625
 31
0.0
  0
LINE
  5
394
330
17
100
AcDbEntity
  8
SCHEMATICS
 62
7
100
AcDbLine
 10
457.48345947265625
 20
29.1343994140625
 30
0.0
 11
455.7784729003906
 21
29.1343994140625
 31
0.0
  0
LINE
  5
395
330
17
100
AcDbEntity
  8
SCHEMATICS
 62
7
100
AcDbLine
 10
455.7784729003906
 20
29.1343994140625
 30
0.0
 11
455.7784729003906
 21
31.69354248046875
 31
0.0
  0
LINE
  5
396
330
17
100
AcDbEntity
  8
SCHEMATICS
 62
7
100
AcDbLine
 10
455.7784729003906
 20
31.69354248046875
 30
0.0
 11
457.5471496582031
 21
31.69354248046875
 31
0.0
  0
LWPOLYLINE
  5
397
330
17
100
AcDbEntity
  8
SCHEMATICS
 62
7
100
AcDbPolyline
 90
9
 70
0
 10
457.5471496582031
 20
31.69354248046875
 10
457.5814346075058
 20
31.692522287368774
 10
457.6134214401245
 20
31.68983268737793
 10
457.6437531709671
 20
31.68603014945984
 10
457.6730728149414
 20
31.681671142578125
 10
457.70202338695526
 20
31.67731213569641
 10
457.7312479019165
 20
31.67350959777832
 10
457.76138937473297
 20
31.670819997787476
 10
457.7930908203125
 20
31.6697998046875
  0
LWPOLYLINE
  5
398
330
17
100
AcDbEntity
  8
SCHEMATICS
 62
7
100
AcDbPolyline
 90
9
 70
0
 10
457.7930908203125
 20
31.6697998046875
 10
458.0090109705925
 20
31.62183403968811
 10
458.1940875053406
 20
31.528493881225586
 10
458.3488021492958
 20
31.396332502365112
 10
458.47363662719727
 20
31.231903076171875
 10
458.569072663784
 20
31.04175877571106
 10
458.63559198379517
 20
30.83245277404785
 10
458.67367631196976
 20
30.610538244247437
 10
458.6838073730469
 20
30.382568359375
  0
LWPOLYLINE
  5
399
330
17
100
AcDbEntity
  8
SCHEMATICS
 62
7
100
AcDbPolyline
 90
9
 70
0
 10
458.6838073730469
 20
30.382568359375
 10
458.665760576725
 20
30.16236972808838
 10
458.6200222969055
 20
29.948665618896484
 10
458.5471107363701
 20
29.747807502746582
 10
458.4475440979004
 20
29.566146850585938
 10
458.3218405842781
 20
29.410035133361816
 10
458.1705183982849
 20
29.285823822021484
 10
457.9940957427025
 20
29.199864387512207
 10
457.7930908203125
 20
29.15850830078125
  0
LWPOLYLINE
  5
39A
330
17
100
AcDbEntity
  8
SCHEMATICS
 62
7
100
AcDbPolyline
 90
9
 70
0
 10
458.4368896484375
 20
33.21575927734375
 10
458.38572800159454
 20
33.22371709346771
 10
458.33477306365967
 20
33.22969722747803
 10
458.283496260643
 20
33.23398220539093
 10
458.2313690185547
 20
33.236854553222656
 10
458.17786276340485
 20
33.23859679698944
 10
458.1224489212036
 20
33.23949146270752
 10
458.0645989179611
 20
33.23982107639313
 10
458.0037841796875
 20
33.2398681640625
  0
LINE
  5
39B
330
17
100
AcDbEntity
  8
SCHEMATICS
 62
7
100
AcDbLine
 10
458.0037841796875
 20
33.2398681640625
 30
0.0
 11
453.9745178222656
 21
33.2398681640625
 31
0.0
  0
LINE
  5
39C
330
17
100
AcDbEntity
  8
SCHEMATICS
 62
7
100
AcDbLine
 10
453.9745178222656
 20
33.2398681640625
 30
0.0
 11
453.9745178222656
 21
24.43365478515625
 31
0.0
  0
LINE
  5
39D
330
17
100
AcDbEntity
  8
SCHEMATICS
 62
7
100
AcDbLine
 10
453.9745178222656
 20
24.43365478515625
 30
0.0
 11
455.7784729003906
 21
24.43365478515625
 31
0.0
  0
LINE
  5
39E
330
17
100
AcDbEntity
  8
SCHEMATICS
 62
7
100
AcDbLine
 10
455.7784729003906
 20
24.43365478515625
 30
0.0
 11
455.7784729003906
 21
27.58721923828125
 31
0.0
  0
LINE
  5
39F
330
17
100
AcDbEntity
  8
SCHEMATICS
 62
7
100
AcDbLine
 10
455.7784729003906
 20
27.58721923828125
 30
0.0
 11
457.8293762207031
 21
27.58721923828125
 31
0.0
  0
LINE
  5
3A0
330
17
100
AcDbEntity
  8
SCHEMATICS
 62
7
100
AcDbLine
 10
457.8293762207031
 20
27.58721923828125
 30
0.0
 11
458.18994140625
 21
27.61212158203125
 31
0.0
  0
LWPOLYLINE
  5
3A1
330
17
100
AcDbEntity
  8
SCHEMATICS
 62
7
100
AcDbPolyline
 90
9
 70
0
 10
458.18994140625
 20
27.61212158203125
 10
458.6889295578003
 20
27.70584237575531
 10
459.1292095184326
 20
27.903494834899902
 10
459.5087471008301
 20
28.189196705818176
 10
459.8255081176758
 20
28.54706573486328
 10
460.07745838165283
 20
28.961219668388367
 10
460.26256370544434
 20
29.415776252746582
 10
460.3787899017334
 20
29.894853234291077
 10
460.4241027832031
 20
30.382568359375
  0
LWPOLYLINE
  5
3A2
330
17
100
AcDbEntity
  8
SCHEMATICS
 62
7
100
AcDbPolyline
 90
9
 70
0
 10
460.4241027832031
 20
30.382568359375
 10
460.4024211168289
 20
30.81882357597351
 10
460.3193368911743
 20
31.263505935668945
 10
460.173162817955
 20
31.700672388076782
 10
459.9622116088867
 20
32.1143798828125
 10
459.6847959756851
 20
32.48868536949158
 10
459.3392286300659
 20
32.80764579772949
 10
458.9238222837448
 20
33.055318117141724
 10
458.4368896484375
 20
33.21575927734375
  0
LINE
  5
3A3
330
17
100
AcDbEntity
  8
SCHEMATICS
 62
7
100
AcDbLine
 10
450.2186584472656
 20
29.1546630859375
 30
0.0
 11
449.90899658203125
 21
29.13018798828125
 31
0.0
  0
LINE
  5
3A4
330
17
100
AcDbEntity
  8
SCHEMATICS
 62
7
100
AcDbLine
 10
449.90899658203125
 20
29.13018798828125
 30
0.0
 11
448.2010498046875
 21
29.13018798828125
 31
0.0
  0
LINE
  5
3A5
330
17
100
AcDbEntity
  8
SCHEMATICS
 62
7
100
AcDbLine
 10
448.2010498046875
 20
29.13018798828125
 30
0.0
 11
448.2010498046875
 21
31.6981201171875
 31
0.0
  0
LINE
  5
3A6
330
17
100
AcDbEntity
  8
SCHEMATICS
 62
7
100
AcDbLine
 10
448.2010498046875
 20
31.6981201171875
 30
0.0
 11
449.9717102050781
 21
31.6981201171875
 31
0.0
  0
LWPOLYLINE
  5
3A7
330
17
100
AcDbEntity
  8
SCHEMATICS
 62
7
100
AcDbPolyline
 90
9
 70
0
 10
449.9717102050781
 20
31.6981201171875
 10
450.0069183707237
 20
31.697068452835083
 10
450.0395083427429
 20
31.69429588317871
 10
450.0701692700386
 20
31.690376043319702
 10
450.0995903015137
 20
31.685882568359375
 10
450.128460586071
 20
31.681389093399048
 10
450.1574692726135
 20
31.67746925354004
 10
450.1873055100441
 20
31.674696683883667
 10
450.2186584472656
 20
31.67364501953125
  0
LWPOLYLINE
  5
3A8
330
17
100
AcDbEntity
  8
SCHEMATICS
 62
7
100
AcDbPolyline
 90
9
 70
0
 10
450.2186584472656
 20
31.67364501953125
 10
450.43553364276886
 20
31.625030159950256
 10
450.6213159561157
 20
31.531140327453613
 10
450.776509642601
 20
31.398496508598328
 10
450.90161895751953
 20
31.233619689941406
 10
450.9971481561661
 20
31.043030858039856
 10
451.06360149383545
 20
30.833250999450684
 10
451.10148322582245
 20
30.610801100730896
 10
451.1112976074219
 20
30.3822021484375
  0
LWPOLYLINE
  5
3A9
330
17
100
AcDbEntity
  8
SCHEMATICS
 62
7
100
AcDbPolyline
 90
9
 70
0
 10
451.1112976074219
 20
30.3822021484375
 10
451.092877805233
 20
30.16144847869873
 10
451.04678297042847
 20
29.947223663330078
 10
450.973542034626
 20
29.74587917327881
 10
450.87368392944336
 20
29.563766479492188
 10
450.74773758649826
 20
29.40723705291748
 10
450.59623193740845
 20
29.282642364501953
 10
450.41969591379166
 20
29.19633388519287
 10
450.2186584472656
 20
29.1546630859375
  0
LWPOLYLINE
  5
3AA
330
17
100
AcDbEntity
  8
SCHEMATICS
 62
7
100
AcDbPolyline
 90
9
 70
0
 10
450.8634033203125
 20
33.22198486328125
 10
450.81204015016556
 20
33.229801654815674
 10
450.7611451148987
 20
33.23567581176758
 10
450.71008771657944
 20
33.23988485336304
 10
450.6582374572754
 20
33.242706298828125
 10
450.6049638390541
 20
33.244417667388916
 10
450.54963636398315
 20
33.245296478271484
 10
450.4916245341301
 20
33.245620250701904
 10
450.4302978515625
 20
33.24566650390625
  0
LINE
  5
3AB
330
17
100
AcDbEntity
  8
SCHEMATICS
 62
7
100
AcDbLine
 10
450.4302978515625
 20
33.24566650390625
 30
0.0
 11
446.3931884765625
 21
33.24566650390625
 31
0.0
  0
LINE
  5
3AC
330
17
100
AcDbEntity
  8
SCHEMATICS
 62
7
100
AcDbLine
 10
446.3931884765625
 20
33.24566650390625
 30
0.0
 11
446.3931884765625
 21
24.4183349609375
 31
0.0
  0
LINE
  5
3AD
330
17
100
AcDbEntity
  8
SCHEMATICS
 62
7
100
AcDbLine
 10
446.3931884765625
 20
24.4183349609375
 30
0.0
 11
448.2010498046875
 21
24.4183349609375
 31
0.0
  0
LINE
  5
3AE
330
17
100
AcDbEntity
  8
SCHEMATICS
 62
7
100
AcDbLine
 10
448.2010498046875
 20
24.4183349609375
 30
0.0
 11
448.2010498046875
 21
27.5819091796875
 31
0.0
  0
LINE
  5
3AF
330
17
100
AcDbEntity
  8
SCHEMATICS
 62
7
100
AcDbLine
 10
448.2010498046875
 20
27.5819091796875
 30
0.0
 11
450.2548828125
 21
27.5819091796875
 31
0.0
  0
LINE
  5
3B0
330
17
100
AcDbEntity
  8
SCHEMATICS
 62
7
100
AcDbLine
 10
450.2548828125
 20
27.5819091796875
 30
0.0
 11
450.616455078125
 21
27.6055908203125
 31
0.0
  0
LWPOLYLINE
  5
3B1
330
17
100
AcDbEntity
  8
SCHEMATICS
 62
7
100
AcDbPolyline
 90
9
 70
0
 10
450.616455078125
 20
27.6055908203125
 10
451.11662501096725
 20
27.69943630695343
 10
451.5581622123718
 20
27.897446632385254
 10
451.93893057107925
 20
28.183715224266052
 10
452.2567939758301
 20
28.542335510253906
 10
452.50961631536484
 20
28.957400918006897
 10
452.6952614784241
 20
29.413004875183105
 10
452.8115933537483
 20
29.893240809440613
 10
452.8564758300781
 20
30.3822021484375
  0
LWPOLYLINE
  5
3B2
330
17
100
AcDbEntity
  8
SCHEMATICS
 62
7
100
AcDbPolyline
 90
9
 70
0
 10
452.8564758300781
 20
30.3822021484375
 10
452.835183262825
 20
30.819932222366333
 10
452.75189304351807
 20
31.265851974487305
 10
452.60505521297455
 20
31.704044103622437
 10
452.3931198120117
 20
32.11859130859375
 10
452.11453688144684
 20
32.49357628822327
 10
451.76775646209717
 20
32.81308174133301
 10
451.35122859477997
 20
33.061190366744995
 10
450.8634033203125
 20
33.22198486328125
  0
LINE
  5
3B3
330
17
100
AcDbEntity
  8
SCHEMATICS
 62
7
100
AcDbLine
 10
439.1851806640625
 20
24.41717529296875
 30
0.0
 11
445.2545471191406
 21
24.41717529296875
 31
0.0
  0
LINE
  5
3B4
330
17
100
AcDbEntity
  8
SCHEMATICS
 62
7
100
AcDbLine
 10
445.2545471191406
 20
24.41717529296875
 30
0.0
 11
445.2545471191406
 21
26.03778076171875
 31
0.0
  0
LINE
  5
3B5
330
17
100
AcDbEntity
  8
SCHEMATICS
 62
7
100
AcDbLine
 10
445.2545471191406
 20
26.03778076171875
 30
0.0
 11
440.9773864746094
 21
26.03778076171875
 31
0.0
  0
LINE
  5
3B6
330
17
100
AcDbEntity
  8
SCHEMATICS
 62
7
100
AcDbLine
 10
440.9773864746094
 20
26.03778076171875
 30
0.0
 11
440.9773864746094
 21
28.16790771484375
 31
0.0
  0
LINE
  5
3B7
330
17
100
AcDbEntity
  8
SCHEMATICS
 62
7
100
AcDbLine
 10
440.9773864746094
 20
28.16790771484375
 30
0.0
 11
444.9096374511719
 21
28.16790771484375
 31
0.0
  0
LINE
  5
3B8
330
17
100
AcDbEntity
  8
SCHEMATICS
 62
7
100
AcDbLine
 10
444.9096374511719
 20
28.16790771484375
 30
0.0
 11
444.9096374511719
 21
29.7138671875
 31
0.0
  0
LINE
  5
3B9
330
17
100
AcDbEntity
  8
SCHEMATICS
 62
7
100
AcDbLine
 10
444.9096374511719
 20
29.7138671875
 30
0.0
 11
440.9773864746094
 21
29.7138671875
 31
0.0
  0
LINE
  5
3BA
330
17
100
AcDbEntity
  8
SCHEMATICS
 62
7
100
AcDbLine
 10
440.9773864746094
 20
29.7138671875
 30
0.0
 11
440.9773864746094
 21
31.61846923828125
 31
0.0
  0
LINE
  5
3BB
330
17
100
AcDbEntity
  8
SCHEMATICS
 62
7
100
AcDbLine
 10
440.9773864746094
 20
31.61846923828125
 30
0.0
 11
445.2545471191406
 21
31.61846923828125
 31
0.0
  0
LINE
  5
3BC
330
17
100
AcDbEntity
  8
SCHEMATICS
 62
7
100
AcDbLine
 10
445.2545471191406
 20
31.61846923828125
 30
0.0
 11
445.2545471191406
 21
33.2398681640625
 31
0.0
  0
LINE
  5
3BD
330
17
100
AcDbEntity
  8
SCHEMATICS
 62
7
100
AcDbLine
 10
445.2545471191406
 20
33.2398681640625
 30
0.0
 11
439.1851806640625
 21
33.2398681640625
 31
0.0
  0
LINE
  5
3BE
330
17
100
AcDbEntity
  8
SCHEMATICS
 62
7
100
AcDbLine
 10
439.1851806640625
 20
33.2398681640625
 30
0.0
 11
439.1851806640625
 21
24.41717529296875
 31
0.0
  0
LINE
  5
3BF
330
17
100
AcDbEntity
  8
SCHEMATICS
 62
7
100
AcDbLine
 10
435.48712158203125
 20
29.15924072265625
 30
0.0
 11
435.177490234375
 21
29.1343994140625
 31
0.0
  0
LINE
  5
3C0
330
17
100
AcDbEntity
  8
SCHEMATICS
 62
7
100
AcDbLine
 10
435.177490234375
 20
29.1343994140625
 30
0.0
 11
433.47344970703125
 21
29.1343994140625
 31
0.0
  0
LINE
  5
3C1
330
17
100
AcDbEntity
  8
SCHEMATICS
 62
7
100
AcDbLine
 10
433.47344970703125
 20
29.1343994140625
 30
0.0
 11
433.47344970703125
 21
31.69354248046875
 31
0.0
  0
LINE
  5
3C2
330
17
100
AcDbEntity
  8
SCHEMATICS
 62
7
100
AcDbLine
 10
433.47344970703125
 20
31.69354248046875
 30
0.0
 11
435.23919677734375
 21
31.69354248046875
 31
0.0
  0
LWPOLYLINE
  5
3C3
330
17
100
AcDbEntity
  8
SCHEMATICS
 62
7
100
AcDbPolyline
 90
9
 70
0
 10
435.23919677734375
 20
31.69354248046875
 10
435.2741277217865
 20
31.692522287368774
 10
435.30660247802734
 20
31.68983268737793
 10
435.337286233902
 20
31.68603014945984
 10
435.3668441772461
 20
31.681671142578125
 10
435.3959414958954
 20
31.67731213569641
 10
435.42524337768555
 20
31.67350959777832
 10
435.45541501045227
 20
31.670819997787476
 10
435.48712158203125
 20
31.6697998046875
  0
LWPOLYLINE
  5
3C4
330
17
100
AcDbEntity
  8
SCHEMATICS
 62
7
100
AcDbPolyline
 90
9
 70
0
 10
435.48712158203125
 20
31.6697998046875
 10
435.7036794424057
 20
31.62183403968811
 10
435.88919734954834
 20
31.528493881225586
 10
436.04414665699005
 20
31.396332502365112
 10
436.1689987182617
 20
31.231903076171875
 10
436.2642248868942
 20
31.04175877571106
 10
436.33029651641846
 20
30.83245277404785
 10
436.3676849603653
 20
30.610538244247437
 10
436.3768615722656
 20
30.382568359375
  0
LWPOLYLINE
  5
3C5
330
17
100
AcDbEntity
  8
SCHEMATICS
 62
7
100
AcDbPolyline
 90
9
 70
0
 10
436.3768615722656
 20
30.382568359375
 10
436.3588392138481
 20
30.162371158599854
 10
436.31320333480835
 20
29.94867706298828
 10
436.2404471039772
 20
29.747846126556396
 10
436.14106369018555
 20
29.566238403320312
 10
436.01554626226425
 20
29.410213947296143
 10
435.8643879890442
 20
29.2861328125
 10
435.68808203935623
 20
29.200355052947998
 10
435.48712158203125
 20
29.15924072265625
  0
LWPOLYLINE
  5
3C6
330
17
100
AcDbEntity
  8
SCHEMATICS
 62
7
100
AcDbPolyline
 90
9
 70
0
 10
436.1299133300781
 20
33.21575927734375
 10
436.07915222644806
 20
33.22371709346771
 10
436.02862071990967
 20
33.22969722747803
 10
435.9777215719223
 20
33.23398220539093
 10
435.9258575439453
 20
33.236854553222656
 10
435.87243139743805
 20
33.23859679698944
 10
435.81684589385986
 20
33.23949146270752
 10
435.7585037946701
 20
33.23982107639313
 10
435.6968078613281
 20
33.2398681640625
  0
LINE
  5
3C7
330
17
100
AcDbEntity
  8
SCHEMATICS
 62
7
100
AcDbLine
 10
435.6968078613281
 20
33.2398681640625
 30
0.0
 11
431.66754150390625
 21
33.2398681640625
 31
0.0
  0
LINE
  5
3C8
330
17
100
AcDbEntity
  8
SCHEMATICS
 62
7
100
AcDbLine
 10
431.66754150390625
 20
33.2398681640625
 30
0.0
 11
431.66754150390625
 21
24.43365478515625
 31
0.0
  0
LINE
  5
3C9
330
17
100
AcDbEntity
  8
SCHEMATICS
 62
7
100
AcDbLine
 10
431.66754150390625
 20
24.43365478515625
 30
0.0
 11
433.47344970703125
 21
24.43365478515625
 31
0.0
  0
LINE
  5
3CA
330
17
100
AcDbEntity
  8
SCHEMATICS
 62
7
100
AcDbLine
 10
433.47344970703125
 20
24.43365478515625
 30
0.0
 11
433.47344970703125
 21
27.5880126953125
 31
0.0
  0
LINE
  5
3CB
330
17
100
AcDbEntity
  8
SCHEMATICS
 62
7
100
AcDbLine
 10
433.47344970703125
 20
27.5880126953125
 30
0.0
 11
435.52337646484375
 21
27.5880126953125
 31
0.0
  0
LINE
  5
3CC
330
17
100
AcDbEntity
  8
SCHEMATICS
 62
7
100
AcDbLine
 10
435.52337646484375
 20
27.5880126953125
 30
0.0
 11
435.88201904296875
 21
27.61328125
 31
0.0
  0
LWPOLYLINE
  5
3CD
330
17
100
AcDbEntity
  8
SCHEMATICS
 62
7
100
AcDbPolyline
 90
9
 70
0
 10
435.88201904296875
 20
27.61328125
 10
436.3816944360733
 20
27.706894636154175
 10
436.8225793838501
 20
27.904481887817383
 10
437.2026518583298
 20
28.190134286880493
 10
437.51988983154297
 20
28.547943115234375
 10
437.7722712755203
 20
28.961999654769897
 10
437.9577741622925
 20
29.41639518737793
 10
438.0743764638901
 20
29.89522099494934
 10
438.12005615234375
 20
30.382568359375
  0
LWPOLYLINE
  5
3CE
330
17
100
AcDbEntity
  8
SCHEMATICS
 62
7
100
AcDbPolyline
 90
9
 70
0
 10
438.12005615234375
 20
30.382568359375
 10
438.09893077611923
 20
30.81882357597351
 10
438.01607275009155
 20
31.263505935668945
 10
437.8698280453682
 20
31.700672388076782
 10
437.65854263305664
 20
32.1143798828125
 10
437.3805624842644
 20
32.48868536949158
 10
437.0342335700989
 20
32.80764579772949
 10
436.61790186166763
 20
33.055318117141724
 10
436.1299133300781
 20
33.21575927734375
  0
LINE
  5
3CF
330
17
100
AcDbEntity
  8
SCHEMATICS
 62
7
100
AcDbLine
 10
417.77972412109375
 20
36.55078125
 30
0.0
 11
429.89788818359375
 21
36.55078125
 31
0.0
  0
LINE
  5
3D0
330
17
100
AcDbEntity
  8
SCHEMATICS
 62
7
100
AcDbLine
 10
429.89788818359375
 20
36.55078125
 30
0.0
 11
429.89788818359375
 21
24.43438720703125
 31
0.0
  0
LINE
  5
3D1
330
17
100
AcDbEntity
  8
SCHEMATICS
 62
7
100
AcDbLine
 10
429.89788818359375
 20
24.43438720703125
 30
0.0
 11
417.77972412109375
 21
24.43438720703125
 31
0.0
  0
LINE
  5
3D2
330
17
100
AcDbEntity
  8
SCHEMATICS
 62
7
100
AcDbLine
 10
417.77972412109375
 20
24.43438720703125
 30
0.0
 11
417.77972412109375
 21
36.55078125
 31
0.0
  0
LWPOLYLINE
  5
3D3
330
17
100
AcDbEntity
  8
SCHEMATICS
 62
7
100
AcDbPolyline
 90
9
 70
0
 10
425.0357360839844
 20
30.78717041015625
 10
424.8041434288025
 20
30.78717041015625
 10
424.31186866760254
 20
30.78717041015625
 10
423.6487765312195
 20
30.78717041015625
 10
422.9047317504883
 20
30.78717041015625
 10
422.1695990562439
 20
30.78717041015625
 10
421.5332431793213
 20
30.78717041015625
 10
421.0855288505554
 20
30.78717041015625
 10
420.91632080078125
 20
30.78717041015625
  0
LINE
  5
3D4
330
17
100
AcDbEntity
  8
SCHEMATICS
 62
7
100
AcDbLine
 10
420.91632080078125
 20
30.78717041015625
 30
0.0
 11
420.91632080078125
 21
25.64508056640625
 31
0.0
  0
LINE
  5
3D5
330
17
100
AcDbEntity
  8
SCHEMATICS
 62
7
100
AcDbLine
 10
420.91632080078125
 20
25.64508056640625
 30
0.0
 11
422.12744140625
 21
25.64508056640625
 31
0.0
  0
LINE
  5
3D6
330
17
100
AcDbEntity
  8
SCHEMATICS
 62
7
100
AcDbLine
 10
422.12744140625
 20
25.64508056640625
 30
0.0
 11
422.12744140625
 21
29.57110595703125
 31
0.0
  0
LINE
  5
3D7
330
17
100
AcDbEntity
  8
SCHEMATICS
 62
7
100
AcDbLine
 10
422.12744140625
 20
29.57110595703125
 30
0.0
 11
425.0357360839844
 21
29.57110595703125
 31
0.0
  0
LWPOLYLINE
  5
3D8
330
17
100
AcDbEntity
  8
SCHEMATICS
 62
7
100
AcDbPolyline
 90
9
 70
0
 10
425.0357360839844
 20
29.57110595703125
 10
425.16191720962524
 20
29.556448698043823
 10
425.2763423919678
 20
29.515565872192383
 10
425.3774495124817
 20
29.45309090614319
 10
425.4636764526367
 20
29.3736572265625
 10
425.5334610939026
 20
29.281898260116577
 10
425.585241317749
 20
29.18244743347168
 10
425.61745500564575
 20
29.079938173294067
 10
425.6285400390625
 20
28.97900390625
  0
LWPOLYLINE
  5
3D9
330
17
100
AcDbEntity
  8
SCHEMATICS
 62
7
100
AcDbPolyline
 90
9
 70
0
 10
425.6285400390625
 20
28.97900390625
 10
425.61098498106
 20
28.813117384910583
 10
425.56305837631226
 20
28.678011894226074
 10
425.49186807870865
 20
28.571017384529114
 10
425.4045219421387
 20
28.489463806152344
 10
425.3081278204918
 20
28.430681109428406
 10
425.20979356765747
 20
28.39199924468994
 10
425.1166270375252
 20
28.370748162269592
 10
425.0357360839844
 20
28.3642578125
  0
LWPOLYLINE
  5
3DA
330
17
100
AcDbEntity
  8
SCHEMATICS
 62
7
100
AcDbPolyline
 90
9
 70
0
 10
425.0357360839844
 20
28.3642578125
 10
424.9567955136299
 20
28.3642578125
 10
424.81819009780884
 20
28.3642578125
 10
424.64155381917953
 20
28.3642578125
 10
424.4485206604004
 20
28.3642578125
 10
424.2607246041298
 20
28.3642578125
 10
424.0997996330261
 20
28.3642578125
 10
423.9873797297478
 20
28.3642578125
 10
423.9450988769531
 20
28.3642578125
  0
LINE
  5
3DB
330
17
100
AcDbEntity
  8
SCHEMATICS
 62
7
100
AcDbLine
 10
423.9450988769531
 20
28.3642578125
 30
0.0
 11
423.9450988769531
 21
29.0899658203125
 31
0.0
  0
LINE
  5
3DC
330
17
100
AcDbEntity
  8
SCHEMATICS
 62
7
100
AcDbLine
 10
423.9450988769531
 20
29.0899658203125
 30
0.0
 11
422.7359619140625
 21
29.0899658203125
 31
0.0
  0
LINE
  5
3DD
330
17
100
AcDbEntity
  8
SCHEMATICS
 62
7
100
AcDbLine
 10
422.7359619140625
 20
29.0899658203125
 30
0.0
 11
422.7359619140625
 21
27.14019775390625
 31
0.0
  0
LINE
  5
3DE
330
17
100
AcDbEntity
  8
SCHEMATICS
 62
7
100
AcDbLine
 10
422.7359619140625
 20
27.14019775390625
 30
0.0
 11
425.0357360839844
 21
27.14019775390625
 31
0.0
  0
LWPOLYLINE
  5
3DF
330
17
100
AcDbEntity
  8
SCHEMATICS
 62
7
100
AcDbPolyline
 90
9
 70
0
 10
425.0357360839844
 20
27.14019775390625
 10
425.43002688884735
 20
27.18074870109558
 10
425.78307247161865
 20
27.29566764831543
 10
426.0913816690445
 20
27.47485375404358
 10
426.3514633178711
 20
27.708206176757812
 10
426.55982625484467
 20
27.985624074935913
 10
426.7129793167114
 20
28.297006607055664
 10
426.8074313402176
 20
28.63225293159485
 10
426.8396911621094
 20
28.98126220703125
  0
LWPOLYLINE
  5
3E0
330
17
100
AcDbEntity
  8
SCHEMATICS
 62
7
100
AcDbPolyline
 90
9
 70
0
 10
426.8396911621094
 20
28.98126220703125
 10
426.8080283999443
 20
29.329864859580994
 10
426.71227979660034
 20
29.661646842956543
 10
426.55679804086685
 20
29.967466473579407
 10
426.3459358215332
 20
30.238182067871094
 10
426.08404582738876
 20
30.464651942253113
 10
425.7754807472229
 20
30.637734413146973
 10
425.424593269825
 20
30.748287796974182
 10
425.0357360839844
 20
30.78717041015625
  0
LINE
  5
3E1
330
17
100
AcDbEntity
  8
SCHEMATICS
 62
7
100
AcDbLine
 10
422.7359619140625
 20
31.26751708984375
 30
0.0
 11
423.9450988769531
 21
31.26751708984375
 31
0.0
  0
LWPOLYLINE
  5
3E2
330
17
100
AcDbEntity
  8
SCHEMATICS
 62
7
100
AcDbPolyline
 90
9
 70
0
 10
423.9450988769531
 20
31.26751708984375
 10
423.9450988769531
 20
31.28258728981018
 10
423.9450988769531
 20
31.325857162475586
 10
423.9450988769531
 20
31.394415616989136
 10
423.9450988769531
 20
31.4853515625
 10
423.9450988769531
 20
31.59575390815735
 10
423.9450988769531
 20
31.72271156311035
 10
423.9450988769531
 20
31.86331343650818
 10
423.9450988769531
 20
32.0146484375
  0
LINE
  5
3E3
330
17
100
AcDbEntity
  8
SCHEMATICS
 62
7
100
AcDbLine
 10
423.9450988769531
 20
32.0146484375
 30
0.0
 11
426.5751037597656
 21
32.0146484375
 31
0.0
  0
LINE
  5
3E4
330
17
100
AcDbEntity
  8
SCHEMATICS
 62
7
100
AcDbLine
 10
426.5751037597656
 20
32.0146484375
 30
0.0
 11
426.5751037597656
 21
33.22576904296875
 31
0.0
  0
LINE
  5
3E5
330
17
100
AcDbEntity
  8
SCHEMATICS
 62
7
100
AcDbLine
 10
426.5751037597656
 20
33.22576904296875
 30
0.0
 11
423.9450988769531
 21
33.22576904296875
 31
0.0
  0
LWPOLYLINE
  5
3E6
330
17
100
AcDbEntity
  8
SCHEMATICS
 62
7
100
AcDbPolyline
 90
9
 70
0
 10
423.9450988769531
 20
33.22576904296875
 10
423.9450988769531
 20
33.310614585876465
 10
423.9450988769531
 20
33.3884391784668
 10
423.9450988769531
 20
33.45853328704834
 10
423.9450988769531
 20
33.52018737792969
 10
423.9450988769531
 20
33.572691917419434
 10
423.9450988769531
 20
33.61533737182617
 10
423.9450988769531
 20
33.647414207458496
 10
423.9450988769531
 20
33.668212890625
  0
LWPOLYLINE
  5
3E7
330
17
100
AcDbEntity
  8
SCHEMATICS
 62
7
100
AcDbPolyline
 90
9
 70
0
 10
423.9450988769531
 20
33.668212890625
 10
423.9550247192383
 20
33.76788020133972
 10
423.98316383361816
 20
33.85725212097168
 10
424.0270586013794
 20
33.93540596961975
 10
424.0842514038086
 20
34.00141906738281
 10
424.1522846221924
 20
34.05436873435974
 10
424.2287006378174
 20
34.093332290649414
 10
424.3110418319702
 20
34.11738705635071
 10
424.3968505859375
 20
34.1256103515625
  0
LWPOLYLINE
  5
3E8
330
17
100
AcDbEntity
  8
SCHEMATICS
 62
7
100
AcDbPolyline
 90
9
 70
0
 10
424.3968505859375
 20
34.1256103515625
 10
424.64240419864655
 20
34.1256103515625
 10
424.96057987213135
 20
34.1256103515625
 10
425.31890285015106
 20
34.1256103515625
 10
425.68489837646484
 20
34.1256103515625
 10
426.02609169483185
 20
34.1256103515625
 10
426.31000804901123
 20
34.1256103515625
 10
426.50417268276215
 20
34.1256103515625
 10
426.57611083984375
 20
34.1256103515625
  0
LINE
  5
3E9
330
17
100
AcDbEntity
  8
SCHEMATICS
 62
7
100
AcDbLine
 10
426.57611083984375
 20
34.1256103515625
 30
0.0
 11
426.57611083984375
 21
35.33673095703125
 31
0.0
  0
LWPOLYLINE
  5
3EA
330
17
100
AcDbEntity
  8
SCHEMATICS
 62
7
100
AcDbPolyline
 90
9
 70
0
 10
426.57611083984375
 20
35.33673095703125
 10
426.4860239624977
 20
35.33673095703125
 10
426.2478623390198
 20
35.33673095703125
 10
425.9097744822502
 20
35.33673095703125
 10
425.5199089050293
 20
35.33673095703125
 10
425.1264141201973
 20
35.33673095703125
 10
424.7774386405945
 20
35.33673095703125
 10
424.5211309790611
 20
35.33673095703125
 10
424.4056396484375
 20
35.33673095703125
  0
LWPOLYLINE
  5
3EB
330
17
100
AcDbEntity
  8
SCHEMATICS
 62
7
100
AcDbPolyline
 90
9
 70
0
 10
424.4056396484375
 20
35.33673095703125
 10
424.04947620630264
 20
35.30006182193756
 10
423.72683000564575
 20
35.19611072540283
 10
423.44200724363327
 20
35.03396213054657
 10
423.19931411743164
 20
34.82270050048828
 10
423.0030568242073
 20
34.57141029834747
 10
422.8575415611267
 20
34.28917598724365
 10
422.7670745253563
 20
33.985082030296326
 10
422.7359619140625
 20
33.668212890625
  0
LINE
  5
3EC
330
17
100
AcDbEntity
  8
SCHEMATICS
 62
7
100
AcDbLine
 10
422.7359619140625
 20
33.668212890625
 30
0.0
 11
422.7359619140625
 21
33.22576904296875
 31
0.0
  0
LINE
  5
3ED
330
17
100
AcDbEntity
  8
SCHEMATICS
 62
7
100
AcDbLine
 10
422.7359619140625
 20
33.22576904296875
 30
0.0
 11
420.91632080078125
 21
33.22576904296875
 31
0.0
  0
LINE
  5
3EE
330
17
100
AcDbEntity
  8
SCHEMATICS
 62
7
100
AcDbLine
 10
420.91632080078125
 20
33.22576904296875
 30
0.0
 11
420.91632080078125
 21
32.0146484375
 31
0.0
  0
LINE
  5
3EF
330
17
100
AcDbEntity
  8
SCHEMATICS
 62
7
100
AcDbLine
 10
420.91632080078125
 20
32.0146484375
 30
0.0
 11
422.7359619140625
 21
32.0146484375
 31
0.0
  0
LINE
  5
3F0
330
17
100
AcDbEntity
  8
SCHEMATICS
 62
7
100
AcDbLine
 10
422.7359619140625
 20
32.0146484375
 30
0.0
 11
422.7359619140625
 21
31.26751708984375
 31
0.0
  0
ENDSEC
  0
SECTION
  2
OBJECTS
  0
DICTIONARY
  5
A
330
0
100
AcDbDictionary
280
0
281
1
  3
ACAD_COLOR
350
B
  3
ACAD_GROUP
350
C
  3
ACAD_LAYOUT
350
D
  3
ACAD_MATERIAL
350
E
  3
ACAD_MLEADERSTYLE
350
F
  3
ACAD_MLINESTYLE
350
10
  3
ACAD_PLOTSETTINGS
350
11
  3
ACAD_PLOTSTYLENAME
350
12
  3
ACAD_SCALELIST
350
14
  3
ACAD_TABLESTYLE
350
15
  3
ACAD_VISUALSTYLE
350
16
  3
EZDXF_META
350
2D
  0
DICTIONARY
  5
B
330
A
100
AcDbDictionary
280
0
281
1
  0
DICTIONARY
  5
C
330
A
100
AcDbDictionary
280
0
281
1
  0
DICTIONARY
  5
D
330
A
100
AcDbDictionary
280
0
281
1
  3
Model
350
1A
  3
Layout1
350
1E
  0
DICTIONARY
  5
E
330
A
100
AcDbDictionary
280
0
281
1
  3
ByBlock
350
1F
  3
ByLayer
350
20
  3
Global
350
21
  0
DICTIONARY
  5
F
330
A
100
AcDbDictionary
280
0
281
1
  3
Standard
350
2C
  0
DICTIONARY
  5
10
330
A
100
AcDbDictionary
280
0
281
1
  3
Standard
350
22
  0
DICTIONARY
  5
11
330
A
100
AcDbDictionary
280
0
281
1
  0
ACDBDICTIONARYWDFLT
  5
12
330
A
100
AcDbDictionary
280
0
281
1
  3
Normal
350
13
100
AcDbDictionaryWithDefault
340
13
  0
ACDBPLACEHOLDER
  5
13
330
12
  0
DICTIONARY
  5
14
330
A
100
AcDbDictionary
280
0
281
1
  0
DICTIONARY
  5
15
330
A
100
AcDbDictionary
280
0
281
1
  0
DICTIONARY
  5
16
330
A
100
AcDbDictionary
280
0
281
1
  0
LAYOUT
  5
1A
330
D
100
AcDbPlotSettings
  1

  2
Adobe PDF
  4
A3
  6

 40
7.5
 41
20.0
 42
7.5
 43
20.0
 44
420.0
 45
297.0
 46
0.0
 47
0.0
 48
0.0
 49
0.0
140
0.0
141
0.0
142
1.0
143
1.0
 70
1024
 72
1
 73
0
 74
5
  7

 75
16
 76
0
 77
2
 78
300
147
1.0
148
0.0
149
0.0
100
AcDbLayout
  1
Model
 70
1
 71
0
 10
0.0
 20
0.0
 11
420.0
 21
297.0
 12
0.0
 22
0.0
 32
0.0
 14
1e+20
 24
1e+20
 34
1e+20
 15
-1e+20
 25
-1e+20
 35
-1e+20
146
0.0
 13
0.0
 23
0.0
 33
0.0
 16
1.0
 26
0.0
 36
0.0
 17
0.0
 27
1.0
 37
0.0
 76
1
330
17
  0
LAYOUT
  5
1E
330
D
100
AcDbPlotSettings
  1

  2
Adobe PDF
  4
A3
  6

 40
7.5
 41
20.0
 42
7.5
 43
20.0
 44
420.0
 45
297.0
 46
0.0
 47
0.0
 48
0.0
 49
0.0
140
0.0
141
0.0
142
1.0
143
1.0
 70
0
 72
1
 73
0
 74
5
  7

 75
16
 76
0
 77
2
 78
300
147
1.0
148
0.0
149
0.0
100
AcDbLayout
  1
Layout1
 70
1
 71
1
 10
0.0
 20
0.0
 11
420.0
 21
297.0
 12
0.0
 22
0.0
 32
0.0
 14
1e+20
 24
1e+20
 34
1e+20
 15
-1e+20
 25
-1e+20
 35
-1e+20
146
0.0
 13
0.0
 23
0.0
 33
0.0
 16
1.0
 26
0.0
 36
0.0
 17
0.0
 27
1.0
 37
0.0
 76
1
330
1B
  0
MATERIAL
  5
1F
102
{ACAD_REACTORS
330
E
102
}
330
E
100
AcDbMaterial
  1
ByBlock
  2

 70
0
 40
1.0
 71
1
 41
1.0
 91
-1023410177
 42
1.0
 72
1
  3

 73
1
 74
1
 75
1
 44
0.5
 73
0
 45
1.0
 46
1.0
 77
1
  4

 78
1
 79
1
170
1
 48
1.0
171
1
  6

172
1
173
1
174
1
140
1.0
141
1.0
175
1
  7

176
1
177
1
178
1
143
1.0
179
1
  8

270
1
271
1
272
1
145
1.0
146
1.0
273
1
  9

274
1
275
1
276
1
 42
1.0
 72
1
  3

 73
1
 74
1
 75
1
 94
63
  0
MATERIAL
  5
20
102
{ACAD_REACTORS
330
E
102
}
330
E
100
AcDbMaterial
  1
ByLayer
  2

 70
0
 40
1.0
 71
1
 41
1.0
 91
-1023410177
 42
1.0
 72
1
  3

 73
1
 74
1
 75
1
 44
0.5
 73
0
 45
1.0
 46
1.0
 77
1
  4

 78
1
 79
1
170
1
 48
1.0
171
1
  6

172
1
173
1
174
1
140
1.0
141
1.0
175
1
  7

176
1
177
1
178
1
143
1.0
179
1
  8

270
1
271
1
272
1
145
1.0
146
1.0
273
1
  9

274
1
275
1
276
1
 42
1.0
 72
1
  3

 73
1
 74
1
 75
1
 94
63
  0
MATERIAL
  5
21
102
{ACAD_REACTORS
330
E
102
}
330
E
100
AcDbMaterial
  1
Global
  2

 70
0
 40
1.0
 71
1
 41
1.0
 91
-1023410177
 42
1.0
 72
1
  3

 73
1
 74
1
 75
1
 44
0.5
 73
0
 45
1.0
 46
1.0
 77
1
  4

 78
1
 79
1
170
1
 48
1.0
171
1
  6

172
1
173
1
174
1
140
1.0
141
1.0
175
1
  7

176
1
177
1
178
1
143
1.0
179
1
  8

270
1
271
1
272
1
145
1.0
146
1.0
273
1
  9

274
1
275
1
276
1
 42
1.0
 72
1
  3

 73
1
 74
1
 75
1
 94
63
  0
MLINESTYLE
  5
22
102
{ACAD_REACTORS
330
10
102
}
330
10
100
AcDbMlineStyle
  2
Standard
 70
0
  3

 62
256
 51
90.0
 52
90.0
 71
2
 49
0.5
 62
256
  6
BYLAYER
 49
-0.5
 62
256
  6
BYLAYER
  0
MLEADERSTYLE
  5
2C
102
{ACAD_REACTORS
330
F
102
}
330
F
100
AcDbMLeaderStyle
179
2
170
2
171
1
172
0
 90
2
 40
0.0
 41
0.0
173
1
 91
-1056964608
 92
-2
290
1
 42
2.0
291
1
 43
8.0
  3
Standard
 44
4.0
300

342
29
174
1
175
1
176
0
178
1
 93
-1056964608
 45
4.0
292
0
297
0
 46
4.0
 94
-1056964608
 47
1.0
 49
1.0
140
1.0
294
1
141
0.0
177
0
142
1.0
295
0
296
0
143
3.75
271
0
272
9
273
9
  0
DICTIONARY
  5
2D
330
A
100
AcDbDictionary
281
1
  3
CREATED_BY_EZDXF
350
2E
  3
WRITTEN_BY_EZDXF
350
3F3
  0
DICTIONARYVAR
  5
2E
330
2D
100
DictionaryVariables
280
0
  1
1.2.0 @ 2026-10-03T10:27:44.935866+00:00
  0
DICTIONARYVAR
  5
3F3
330
2D
100
DictionaryVariables
280
0
  1
1.2.0 @ 2026-10-03T10:27:45.242206+00:00
  0
ENDSEC
  0
EOF
