  0
SECTION
  2
HEADER
  9
$ACADVER
  1
AC1024
  9
$ACADMAINTVER
 70
6
  9
$DWGCODEPAGE
  3
ANSI_1252
  9
$LASTSAVEDBY
  1
ezdxf
  9
$INSBASE
 10
0.0
 20
0.0
 30
0.0
  9
$EXTMIN
 10
1e+20
 20
1e+20
 30
1e+20
  9
$EXTMAX
 10
-1e+20
 20
-1e+20
 30
-1e+20
  9
$LIMMIN
 10
0.0
 20
0.0
  9
$LIMMAX
 10
420.0
 20
297.0
  9
$ORTHOMODE
 70
0
  9
$REGENMODE
 70
1
  9
$FILLMODE
 70
1
  9
$QTEXTMODE
 70
0
  9
$MIRRTEXT
 70
1
  9
$LTSCALE
 40
1.0
  9
$ATTMODE
 70
1
  9
$TEXTSIZE
 40
2.5
  9
$TRACEWID
 40
1.0
  9
$TEXTSTYLE
  7
Standard
  9
$CLAYER
  8
0
  9
$CELTYPE
  6
ByLayer
  9
$CECOLOR
 62
256
  9
$CELTSCALE
 40
1.0
  9
$DISPSILH
 70
0
  9
$DIMSCALE
 40
1.0
  9
$DIMASZ
 40
2.5
  9
$DIMEXO
 40
0.625
  9
$DIMDLI
 40
3.75
  9
$DIMRND
 40
0.0
  9
$DIMDLE
 40
0.0
  9
$DIMEXE
 40
1.25
  9
$DIMTP
 40
0.0
  9
$DIMTM
 40
0.0
  9
$DIMTXT
 40
2.5
  9
$DIMCEN
 40
2.5
  9
$DIMTSZ
 40
0.0
  9
$DIMTOL
 70
0
  9
$DIMLIM
 70
0
  9
$DIMTIH
 70
0
  9
$DIMTOH
 70
0
  9
$DIMSE1
 70
0
  9
$DIMSE2
 70
0
  9
$DIMTAD
 70
1
  9
$DIMZIN
 70
8
  9
$DIMBLK
  1

  9
$DIMASO
 70
1
  9
$DIMSHO
 70
1
  9
$DIMPOST
  1

  9
$DIMAPOST
  1

  9
$DIMALT
 70
0
  9
$DIMALTD
 70
3
  9
$DIMALTF
 40
0.03937007874
  9
$DIMLFAC
 40
1.0
  9
$DIMTOFL
 70
1
  9
$DIMTVP
 40
0.0
  9
$DIMTIX
 70
0
  9
$DIMSOXD
 70
0
  9
$DIMSAH
 70
0
  9
$DIMBLK1
  1

  9
$DIMBLK2
  1

  9
$DIMSTYLE
  2
ISO-25
  9
$DIMCLRD
 70
0
  9
$DIMCLRE
 70
0
  9
$DIMCLRT
 70
0
  9
$DIMTFAC
 40
1.0
  9
$DIMGAP
 40
0.625
  9
$DIMJUST
 70
0
  9
$DIMSD1
 70
0
  9
$DIMSD2
 70
0
  9
$DIMTOLJ
 70
0
  9
$DIMTZIN
 70
8
  9
$DIMALTZ
 70
0
  9
$DIMALTTZ
 70
0
  9
$DIMUPT
 70
0
  9
$DIMDEC
 70
2
  9
$DIMTDEC
 70
2
  9
$DIMALTU
 70
2
  9
$DIMALTTD
 70
3
  9
$DIMTXSTY
  7
Standard
  9
$DIMAUNIT
 70
0
  9
$DIMADEC
 70
0
  9
$DIMALTRND
 40
0.0
  9
$DIMAZIN
 70
0
  9
$DIMDSEP
 70
44
  9
$DIMATFIT
 70
3
  9
$DIMFRAC
 70
0
  9
$DIMLDRBLK
  1

  9
$DIMLUNIT
 70
2
  9
$DIMLWD
 70
-2
  9
$DIMLWE
 70
-2
  9
$DIMTMOVE
 70
0
  9
$DIMFXL
 40
1.0
  9
$DIMFXLON
 70
0
  9
$DIMJOGANG
 40
0.785398163397
  9
$DIMTFILL
 70
0
  9
$DIMTFILLCLR
 70
0
  9
$DIMARCSYM
 70
0
  9
$DIMLTYPE
  6

  9
$DIMLTEX1
  6

  9
$DIMLTEX2
  6

  9
$DIMTXTDIRECTION
 70
0
  9
$LUNITS
 70
2
  9
$LUPREC
 70
4
  9
$SKETCHINC
 40
1.0
  9
$FILLETRAD
 40
10.0
  9
$AUNITS
 70
0
  9
$AUPREC
 70
2
  9
$MENU
  1
.
  9
$ELEVATION
 40
0.0
  9
$PELEVATION
 40
0.0
  9
$THICKNESS
 40
0.0
  9
$LIMCHECK
 70
0
  9
$CHAMFERA
 40
0.0
  9
$CHAMFERB
 40
0.0
  9
$CHAMFERC
 40
0.0
  9
$CHAMFERD
 40
0.0
  9
$SKPOLY
 70
0
  9
$TDCREATE
 40
2461317.7276041666
  9
$TDUCREATE
 40
2458532.153996898
  9
$TDUPDATE
 40
2461317.7276041666
  9
$TDUUPDATE
 40
2458532.1544311
  9
$TDINDWG
 40
0.0
  9
$TDUSRTIMER
 40
0.0
  9
$USRTIMER
 70
1
  9
$ANGBASE
 50
0.0
  9
$ANGDIR
 70
0
  9
$PDMODE
 70
0
  9
$PDSIZE
 40
0.0
  9
$PLINEWID
 40
0.0
  9
$SPLFRAME
 70
0
  9
$SPLINETYPE
 70
6
  9
$SPLINESEGS
 70
8
  9
$HANDSEED
  5
56A
  9
$SURFTAB1
 70
6
  9
$SURFTAB2
 70
6
  9
$SURFTYPE
 70
6
  9
$SURFU
 70
6
  9
$SURFV
 70
6
  9
$UCSBASE
  2

  9
$UCSNAME
  2

  9
$UCSORG
 10
0.0
 20
0.0
 30
0.0
  9
$UCSXDIR
 10
1.0
 20
0.0
 30
0.0
  9
$UCSYDIR
 10
0.0
 20
1.0
 30
0.0
  9
$UCSORTHOREF
  2

  9
$UCSORTHOVIEW
 70
0
  9
$UCSORGTOP
 10
0.0
 20
0.0
 30
0.0
  9
$UCSORGBOTTOM
 10
0.0
 20
0.0
 30
0.0
  9
$UCSORGLEFT
 10
0.0
 20
0.0
 30
0.0
  9
$UCSORGRIGHT
 10
0.0
 20
0.0
 30
0.0
  9
$UCSORGFRONT
 10
0.0
 20
0.0
 30
0.0
  9
$UCSORGBACK
 10
0.0
 20
0.0
 30
0.0
  9
$PUCSBASE
  2

  9
$PUCSNAME
  2

  9
$PUCSORG
 10
0.0
 20
0.0
 30
0.0
  9
$PUCSXDIR
 10
1.0
 20
0.0
 30
0.0
  9
$PUCSYDIR
 10
0.0
 20
1.0
 30
0.0
  9
$PUCSORTHOREF
  2

  9
$PUCSORTHOVIEW
 70
0
  9
$PUCSORGTOP
 10
0.0
 20
0.0
 30
0.0
  9
$PUCSORGBOTTOM
 10
0.0
 20
0.0
 30
0.0
  9
$PUCSORGLEFT
 10
0.0
 20
0.0
 30
0.0
  9
$PUCSORGRIGHT
 10
0.0
 20
0.0
 30
0.0
  9
$PUCSORGFRONT
 10
0.0
 20
0.0
 30
0.0
  9
$PUCSORGBACK
 10
0.0
 20
0.0
 30
0.0
  9
$USERI1
 70
0
  9
$USERI2
 70
0
  9
$USERI3
 70
0
  9
$USERI4
 70
0
  9
$USERI5
 70
0
  9
$USERR1
 40
0.0
  9
$USERR2
 40
0.0
  9
$USERR3
 40
0.0
  9
$USERR4
 40
0.0
  9
$USERR5
 40
0.0
  9
$WORLDVIEW
 70
1
  9
$SHADEDGE
 70
3
  9
$SHADEDIF
 70
70
  9
$TILEMODE
 70
1
  9
$MAXACTVP
 70
64
  9
$PINSBASE
 10
0.0
 20
0.0
 30
0.0
  9
$PLIMCHECK
 70
0
  9
$PEXTMIN
 10
1e+20
 20
1e+20
 30
1e+20
  9
$PEXTMAX
 10
-1e+20
 20
-1e+20
 30
-1e+20
  9
$PLIMMIN
 10
0.0
 20
0.0
  9
$PLIMMAX
 10
420.0
 20
297.0
  9
$UNITMODE
 70
0
  9
$VISRETAIN
 70
1
  9
$PLINEGEN
 70
0
  9
$PSLTSCALE
 70
1
  9
$TREEDEPTH
 70
3020
  9
$CMLSTYLE
  2
Standard
  9
$CMLJUST
 70
0
  9
$CMLSCALE
 40
20.0
  9
$PROXYGRAPHICS
 70
1
  9
$MEASUREMENT
 70
1
  9
$CELWEIGHT
370
-1
  9
$ENDCAPS
280
0
  9
$JOINSTYLE
280
0
  9
$LWDISPLAY
290
0
  9
$INSUNITS
 70
6
  9
$HYPERLINKBASE
  1

  9
$STYLESHEET
  1

  9
$XEDIT
290
1
  9
$CEPSNTYPE
380
0
  9
$PSTYLEMODE
290
1
  9
$FINGERPRINTGUID
  2
{CD9FE2A9-998C-4CA3-A73C-2C2CCBB1CFB4}
  9
$VERSIONGUID
  2
{E8FF9D77-2BB8-46F9-98FD-6E902D002CD6}
  9
$EXTNAMES
290
1
  9
$PSVPSCALE
 40
0.0
  9
$OLESTARTUP
290
0
  9
$SORTENTS
280
127
  9
$INDEXCTL
280
0
  9
$HIDETEXT
280
1
  9
$XCLIPFRAME
280
2
  9
$HALOGAP
280
0
  9
$OBSCOLOR
 70
257
  9
$OBSLTYPE
280
0
  9
$INTERSECTIONDISPLAY
280
0
  9
$INTERSECTIONCOLOR
 70
257
  9
$DIMASSOC
280
2
  9
$PROJECTNAME
  1

  9
$CAMERADISPLAY
290
0
  9
$LENSLENGTH
 40
50.0
  9
$CAMERAHEIGHT
 40
0.0
  9
$STEPSPERSEC
 40
24.0
  9
$STEPSIZE
 40
100.0
  9
$3DDWFPREC
 40
2.0
  9
$PSOLWIDTH
 40
0.005
  9
$PSOLHEIGHT
 40
0.08
  9
$LOFTANG1
 40
1.570796326795
  9
$LOFTANG2
 40
1.570796326795
  9
$LOFTMAG1
 40
0.0
  9
$LOFTMAG2
 40
0.0
  9
$LOFTPARAM
 70
7
  9
$LOFTNORMALS
280
1
  9
$LATITUDE
 40
37.795
  9
$LONGITUDE
 40
-122.394
  9
$NORTHDIRECTION
 40
0.0
  9
$TIMEZONE
 70
-8000
  9
$LIGHTGLYPHDISPLAY
280
1
  9
$TILEMODELIGHTSYNCH
280
1
  9
$CMATERIAL
347
20
  9
$SOLIDHIST
280
0
  9
$SHOWHIST
280
1
  9
$DWFFRAME
280
2
  9
$DGNFRAME
280
2
  9
$REALWORLDSCALE
290
1
  9
$INTERFERECOLOR
 62
256
  9
$CSHADOW
280
0
  9
$SHADOWPLANELOCATION
 40
0.0
  0
ENDSEC
  0
SECTION
  2
CLASSES
  0
CLASS
  1
ACDBDICTIONARYWDFLT
  2
AcDbDictionaryWithDefault
  3
ObjectDBX Classes
 90
0
 91
0
280
0
281
0
  0
CLASS
  1
SUN
  2
AcDbSun
  3
SCENEOE
 90
1153
 91
0
280
0
281
0
  0
CLASS
  1
VISUALSTYLE
  2
AcDbVisualStyle
  3
ObjectDBX Classes
 90
4095
 91
0
280
0
281
0
  0
CLASS
  1
MATERIAL
  2
AcDbMaterial
  3
ObjectDBX Classes
 90
1153
 91
0
280
0
281
0
  0
CLASS
  1
SCALE
  2
AcDbScale
  3
ObjectDBX Classes
 90
1153
 91
0
280
0
281
0
  0
CLASS
  1
TABLESTYLE
  2
AcDbTableStyle
  3
ObjectDBX Classes
 90
4095
 91
0
280
0
281
0
  0
CLASS
  1
MLEADERSTYLE
  2
AcDbMLeaderStyle
  3
ACDB_MLEADERSTYLE_CLASS
 90
4095
 91
0
280
0
281
0
  0
CLASS
  1
DICTIONARYVAR
  2
AcDbDictionaryVar
  3
ObjectDBX Classes
 90
0
 91
0
280
0
281
0
  0
CLASS
  1
CELLSTYLEMAP
  2
AcDbCellStyleMap
  3
ObjectDBX Classes
 90
1152
 91
0
280
0
281
0
  0
CLASS
  1
MENTALRAYRENDERSETTINGS
  2
AcDbMentalRayRenderSettings
  3
SCENEOE
 90
1024
 91
0
280
0
281
0
  0
CLASS
  1
ACDBDETAILVIEWSTYLE
  2
AcDbDetailViewStyle
  3
ObjectDBX Classes
 90
1025
 91
0
280
0
281
0
  0
CLASS
  1
ACDBSECTIONVIEWSTYLE
  2
AcDbSectionViewStyle
  3
ObjectDBX Classes
 90
1025
 91
0
280
0
281
0
  0
CLASS
  1
RASTERVARIABLES
  2
AcDbRasterVariables
  3
ISM
 90
0
 91
0
280
0
281
0
  0
CLASS
  1
LAYOUT
  2
AcDbLayout
  3
ObjectDBX Classes
 90
0
 91
0
280
0
281
0
  0
CLASS
  1
ACDBPLACEHOLDER
  2
AcDbPlaceHolder
  3
ObjectDBX Classes
 90
0
 91
0
280
0
281
0
  0
ENDSEC
  0
SECTION
  2
TABLES
  0
TABLE
  2
VPORT
  5
8
330
0
100
AcDbSymbolTable
 70
1
  0
VPORT
  5
23
330
8
100
AcDbSymbolTableRecord
100
AcDbViewportTableRecord
  2
*Active
 70
0
 10
0.0
 20
0.0
 11
1.0
 21
1.0
 12
0.0
 22
0.0
 13
0.0
 23
0.0
 14
0.5
 24
0.5
 15
0.5
 25
0.5
 16
0.0
 26
0.0
 36
1.0
 17
0.0
 27
0.0
 37
0.0
 40
1000.0
 41
1.34
 42
50.0
 43
0.0
 44
0.0
 50
0.0
 51
0.0
 71
0
 72
1000
 73
1
 74
3
 75
0
 76
0
 77
0
 78
0
281
0
 65
0
146
0.0
  0
ENDTAB
  0
TABLE
  2
LTYPE
  5
2
330
0
100
AcDbSymbolTable
 70
3
  0
LTYPE
  5
24
330
2
100
AcDbSymbolTableRecord
100
AcDbLinetypeTableRecord
  2
ByBlock
 70
0
  3

 72
65
 73
0
 40
0.0
  0
LTYPE
  5
25
330
2
100
AcDbSymbolTableRecord
100
AcDbLinetypeTableRecord
  2
ByLayer
 70
0
  3

 72
65
 73
0
 40
0.0
  0
LTYPE
  5
26
330
2
100
AcDbSymbolTableRecord
100
AcDbLinetypeTableRecord
  2
Continuous
 70
0
  3

 72
65
 73
0
 40
0.0
  0
ENDTAB
  0
TABLE
  2
LAYER
  5
1
330
0
100
AcDbSymbolTable
 70
6
  0
LAYER
  5
27
330
1
100
AcDbSymbolTableRecord
100
AcDbLayerTableRecord
  2
0
 70
0
 62
7
  6
Continuous
370
-3
390
13
347
21
  0
LAYER
  5
28
330
1
100
AcDbSymbolTableRecord
100
AcDbLayerTableRecord
  2
Defpoints
 70
0
 62
7
  6
Continuous
290
0
370
-3
390
13
347
21
  0
LAYER
  5
2F
330
1
100
AcDbSymbolTableRecord
100
AcDbLayerTableRecord
  2
OUTLINE
 70
0
 62
7
  6
Continuous
370
-3
390
13
347
21
  0
LAYER
  5
30
330
1
100
AcDbSymbolTableRecord
100
AcDbLayerTableRecord
  2
SCHEMATICS
 70
0
 62
7
  6
Continuous
370
-3
390
13
347
21
  0
LAYER
  5
31
330
1
100
AcDbSymbolTableRecord
100
AcDbLayerTableRecord
  2
TEXT
 70
0
 62
7
  6
Continuous
370
-3
390
13
347
21
  0
LAYER
  5
32
330
1
100
AcDbSymbolTableRecord
100
AcDbLayerTableRecord
  2
BORDER
 70
0
 62
2
  6
Continuous
370
-3
390
13
347
21
  0
ENDTAB
  0
TABLE
  2
STYLE
  5
5
330
0
100
AcDbSymbolTable
 70
1
  0
STYLE
  5
29
330
5
100
AcDbSymbolTableRecord
100
AcDbTextStyleTableRecord
  2
Standard
 70
0
 40
0.0
 41
1.0
 50
0.0
 71
0
 42
2.5
  3
txt
  4

  0
ENDTAB
  0
TABLE
  2
VIEW
  5
7
330
0
100
AcDbSymbolTable
 70
0
  0
ENDTAB
  0
TABLE
  2
UCS
  5
6
330
0
100
AcDbSymbolTable
 70
0
  0
ENDTAB
  0
TABLE
  2
APPID
  5
3
330
0
100
AcDbSymbolTable
 70
3
  0
APPID
  5
2A
330
3
100
AcDbSymbolTableRecord
100
AcDbRegAppTableRecord
  2
ACAD
 70
0
  0
APPID
  5
567
330
3
100
AcDbSymbolTableRecord
100
AcDbRegAppTableRecord
  2
HATCHBACKGROUNDCOLOR
 70
0
  0
APPID
  5
568
330
3
100
AcDbSymbolTableRecord
100
AcDbRegAppTableRecord
  2
EZDXF
 70
0
  0
ENDTAB
  0
TABLE
  2
DIMSTYLE
  5
4
330
0
100
AcDbSymbolTable
 70
1
100
AcDbDimStyleTable
  0
DIMSTYLE
105
2B
330
4
100
AcDbSymbolTableRecord
100
AcDbDimStyleTableRecord
  2
Standard
 70
0
 40
1.0
 41
2.5
 42
0.625
 43
3.75
 44
1.25
 45
0.0
 46
0.0
 47
0.0
 48
0.0
 49
2.5
140
2.5
141
2.5
142
0.0
143
0.03937007874
144
1.0
145
0.0
146
1.0
147
0.625
148
0.0
 69
0
 70
0
 71
0
 72
0
 73
0
 74
0
 75
0
 76
0
 77
1
 78
8
 79
3
170
0
171
3
172
1
173
0
174
0
175
0
176
0
177
0
178
0
179
2
271
2
272
2
273
2
274
3
275
0
276
0
277
2
278
44
279
0
280
0
281
0
282
0
283
0
284
8
285
0
286
0
288
0
289
3
290
0
371
-2
372
-2
  0
ENDTAB
  0
TABLE
  2
BLOCK_RECORD
  5
9
330
0
100
AcDbSymbolTable
 70
2
  0
BLOCK_RECORD
  5
17
330
9
100
AcDbSymbolTableRecord
100
AcDbBlockTableRecord
  2
*Model_Space
340
1A
 70
0
280
1
281
0
  0
BLOCK_RECORD
  5
1B
330
9
100
AcDbSymbolTableRecord
100
AcDbBlockTableRecord
  2
*Paper_Space
340
1E
 70
0
280
1
281
0
  0
ENDTAB
  0
ENDSEC
  0
SECTION
  2
BLOCKS
  0
BLOCK
  5
18
330
17
100
AcDbEntity
  8
0
100
AcDbBlockBegin
  2
*Model_Space
 70
0
 10
0.0
 20
0.0
 30
0.0
  3
*Model_Space
  1

  0
ENDBLK
  5
19
330
17
100
AcDbEntity
  8
0
100
AcDbBlockEnd
  0
BLOCK
  5
1C
330
1B
100
AcDbEntity
  8
0
100
AcDbBlockBegin
  2
*Paper_Space
 70
0
 10
0.0
 20
0.0
 30
0.0
  3
*Paper_Space
  1

  0
ENDBLK
  5
1D
330
1B
100
AcDbEntity
  8
0
100
AcDbBlockEnd
  0
ENDSEC
  0
SECTION
  2
ENTITIES
  0
LWPOLYLINE
  5
33
330
17
100
AcDbEntity
  8
BORDER
 62
2
100
AcDbPolyline
 90
5
 70
0
 10
0.0
 20
0.0
 10
595.280029296875
 20
0.0
 10
595.280029296875
 20
841.8900146484375
 10
0.0
 20
841.8900146484375
 10
0.0
 20
0.0
  0
LWPOLYLINE
  5
34
330
17
100
AcDbEntity
  8
SCHEMATICS
 62
7
100
AcDbPolyline
 90
5
 70
0
 10
58.689998626708984
 20
775.8499755859375
 10
228.77000427246094
 20
775.8499755859375
 10
228.77000427246094
 20
793.699951171875
 10
58.689998626708984
 20
793.699951171875
 10
58.689998626708984
 20
775.8499755859375
  0
LWPOLYLINE
  5
35
330
17
100
AcDbEntity
  8
SCHEMATICS
 62
7
100
AcDbPolyline
 90
5
 70
0
 10
228.77000427246094
 20
775.8499755859375
 10
257.1199951171875
 20
775.8499755859375
 10
257.1199951171875
 20
793.699951171875
 10
228.77000427246094
 20
793.699951171875
 10
228.77000427246094
 20
775.8499755859375
  0
LWPOLYLINE
  5
36
330
17
100
AcDbEntity
  8
SCHEMATICS
 62
7
100
AcDbPolyline
 90
5
 70
0
 10
257.1199951171875
 20
775.8499755859375
 10
568.9299926757812
 20
775.8499755859375
 10
568.9299926757812
 20
793.699951171875
 10
257.1199951171875
 20
793.699951171875
 10
257.1199951171875
 20
775.8499755859375
  0
LWPOLYLINE
  5
37
330
17
100
AcDbEntity
  8
SCHEMATICS
 62
7
100
AcDbPolyline
 90
5
 70
0
 10
58.689998626708984
 20
753.5900268554688
 10
228.77000427246094
 20
753.5900268554688
 10
228.77000427246094
 20
766.8400268554688
 10
58.689998626708984
 20
766.8400268554688
 10
58.689998626708984
 20
753.5900268554688
  0
LWPOLYLINE
  5
38
330
17
100
AcDbEntity
  8
SCHEMATICS
 62
7
100
AcDbPolyline
 90
5
 70
0
 10
228.77000427246094
 20
753.5900268554688
 10
257.1199951171875
 20
753.5900268554688
 10
257.1199951171875
 20
766.8400268554688
 10
228.77000427246094
 20
766.8400268554688
 10
228.77000427246094
 20
753.5900268554688
  0
LWPOLYLINE
  5
39
330
17
100
AcDbEntity
  8
SCHEMATICS
 62
7
100
AcDbPolyline
 90
5
 70
0
 10
257.1199951171875
 20
753.5900268554688
 10
568.9299926757812
 20
753.5900268554688
 10
568.9299926757812
 20
766.8400268554688
 10
257.1199951171875
 20
766.8400268554688
 10
257.1199951171875
 20
753.5900268554688
  0
LWPOLYLINE
  5
3A
330
17
100
AcDbEntity
  8
SCHEMATICS
 62
7
100
AcDbPolyline
 90
5
 70
0
 10
58.689998626708984
 20
740.3400268554688
 10
568.9299926757812
 20
740.3400268554688
 10
568.9299926757812
 20
753.5900268554688
 10
58.689998626708984
 20
753.5900268554688
 10
58.689998626708984
 20
740.3400268554688
  0
LWPOLYLINE
  5
3B
330
17
100
AcDbEntity
  8
SCHEMATICS
 62
7
100
AcDbPolyline
 90
5
 70
0
 10
58.689998626708984
 20
719.0900268554688
 10
228.77000427246094
 20
719.0900268554688
 10
228.77000427246094
 20
740.3400268554688
 10
58.689998626708984
 20
740.3400268554688
 10
58.689998626708984
 20
719.0900268554688
  0
LWPOLYLINE
  5
3C
330
17
100
AcDbEntity
  8
SCHEMATICS
 62
7
100
AcDbPolyline
 90
5
 70
0
 10
228.77000427246094
 20
719.0900268554688
 10
257.1199951171875
 20
719.0900268554688
 10
257.1199951171875
 20
740.3400268554688
 10
228.77000427246094
 20
740.3400268554688
 10
228.77000427246094
 20
719.0900268554688
  0
LWPOLYLINE
  5
3D
330
17
100
AcDbEntity
  8
SCHEMATICS
 62
7
100
AcDbPolyline
 90
5
 70
0
 10
257.1199951171875
 20
719.0900268554688
 10
568.9299926757812
 20
719.0900268554688
 10
568.9299926757812
 20
740.3400268554688
 10
257.1199951171875
 20
740.3400268554688
 10
257.1199951171875
 20
719.0900268554688
  0
LWPOLYLINE
  5
3E
330
17
100
AcDbEntity
  8
SCHEMATICS
 62
7
100
AcDbPolyline
 90
5
 70
0
 10
58.689998626708984
 20
684.6799926757812
 10
568.9299926757812
 20
684.6799926757812
 10
568.9299926757812
 20
702.5299682617188
 10
58.689998626708984
 20
702.5299682617188
 10
58.689998626708984
 20
684.6799926757812
  0
LWPOLYLINE
  5
3F
330
17
100
AcDbEntity
  8
SCHEMATICS
 62
7
100
AcDbPolyline
 90
9
 70
0
 10
207.41700744628906
 20
658.2070007324219
 10
207.25828394293785
 20
659.4847102165222
 10
206.84866213798523
 20
660.6725463867188
 10
206.2148373425007
 20
661.7457013130188
 10
205.3835048675537
 20
662.6793670654297
 10
204.3813600242138
 20
663.4487357139587
 10
203.23509812355042
 20
664.0289993286133
 10
201.97141447663307
 20
664.3953499794006
 10
200.61700439453125
 20
664.5229797363281
  0
LINE
  5
40
330
17
100
AcDbEntity
  8
SCHEMATICS
 62
7
100
AcDbLine
 10
200.61700439453125
 20
664.5229797363281
 30
0.0
 11
196.71701049804688
 21
664.5229797363281
 31
0.0
  0
LWPOLYLINE
  5
41
330
17
100
AcDbEntity
  8
SCHEMATICS
 62
7
100
AcDbPolyline
 90
9
 70
0
 10
196.71701049804688
 20
664.5229797363281
 10
195.36185863614082
 20
664.3953499794006
 10
194.09748005867004
 20
664.0289993286133
 10
192.95061692595482
 20
663.4487357139587
 10
191.94801139831543
 20
662.6793670654297
 10
191.11640563607216
 20
661.7457013130188
 10
190.4825417995453
 20
660.6725463867188
 10
190.0731620490551
 20
659.4847102165222
 10
189.91500854492188
 20
658.2070007324219
  0
LINE
  5
42
330
17
100
AcDbEntity
  8
SCHEMATICS
 62
7
100
AcDbLine
 10
189.91500854492188
 20
658.2070007324219
 30
0.0
 11
189.83700561523438
 21
654.0639953613281
 31
0.0
  0
LINE
  5
43
330
17
100
AcDbEntity
  8
SCHEMATICS
 62
7
100
AcDbLine
 10
189.83700561523438
 20
654.0639953613281
 30
0.0
 11
207.5050048828125
 21
653.4920043945312
 31
0.0
  0
LINE
  5
44
330
17
100
AcDbEntity
  8
SCHEMATICS
 62
7
100
AcDbLine
 10
207.5050048828125
 20
653.4920043945312
 30
0.0
 11
207.41700744628906
 21
658.2070007324219
 31
0.0
  0
LINE
  5
45
330
17
100
AcDbEntity
  8
SCHEMATICS
 62
7
100
AcDbLine
 10
189.8780059814453
 20
417.1709899902344
 30
0.0
 11
189.91500854492188
 21
412.9530029296875
 31
0.0
  0
LWPOLYLINE
  5
46
330
17
100
AcDbEntity
  8
SCHEMATICS
 62
7
100
AcDbPolyline
 90
9
 70
0
 10
189.91500854492188
 20
412.9530029296875
 10
190.0731620490551
 20
411.6746653318405
 10
190.4825417995453
 20
410.4864263534546
 10
191.11640563607216
 20
409.4130502939224
 10
191.94801139831543
 20
408.4793014526367
 10
192.95061692595482
 20
407.7099441289902
 10
194.09748005867004
 20
407.1297426223755
 10
195.36185863614082
 20
406.76346123218536
 10
196.71701049804688
 20
406.6358642578125
  0
LINE
  5
47
330
17
100
AcDbEntity
  8
SCHEMATICS
 62
7
100
AcDbLine
 10
196.71701049804688
 20
406.6358642578125
 30
0.0
 11
200.61700439453125
 21
406.6358642578125
 31
0.0
  0
LWPOLYLINE
  5
48
330
17
100
AcDbEntity
  8
SCHEMATICS
 62
7
100
AcDbPolyline
 90
9
 70
0
 10
200.61700439453125
 20
406.6358642578125
 10
201.97141447663307
 20
406.76346123218536
 10
203.23509812355042
 20
407.1297426223755
 10
204.3813600242138
 20
407.7099441289902
 10
205.3835048675537
 20
408.4793014526367
 10
206.2148373425007
 20
409.4130502939224
 10
206.84866213798523
 20
410.4864263534546
 10
207.25828394293785
 20
411.6746653318405
 10
207.41700744628906
 20
412.9530029296875
  0
LINE
  5
49
330
17
100
AcDbEntity
  8
SCHEMATICS
 62
7
100
AcDbLine
 10
207.41700744628906
 20
412.9530029296875
 30
0.0
 11
207.46099853515625
 21
417.6690979003906
 31
0.0
  0
LINE
  5
4A
330
17
100
AcDbEntity
  8
SCHEMATICS
 62
7
100
AcDbLine
 10
207.46099853515625
 20
417.6690979003906
 30
0.0
 11
189.8780059814453
 21
417.1709899902344
 31
0.0
  0
LINE
  5
4B
330
17
100
AcDbEntity
  8
SCHEMATICS
 62
7
100
AcDbLine
 10
189.83599853515625
 20
417.2779846191406
 30
0.0
 11
189.8660125732422
 21
415.4158935546875
 31
0.0
  0
LINE
  5
4C
330
17
100
AcDbEntity
  8
SCHEMATICS
 62
7
100
AcDbLine
 10
189.8660125732422
 20
415.4158935546875
 30
0.0
 11
189.87001037597656
 21
415.3908996582031
 31
0.0
  0
LINE
  5
4D
330
17
100
AcDbEntity
  8
SCHEMATICS
 62
7
100
AcDbLine
 10
189.87001037597656
 20
415.3908996582031
 30
0.0
 11
189.32701110839844
 21
415.4049987792969
 31
0.0
  0
LWPOLYLINE
  5
4E
330
17
100
AcDbEntity
  8
SCHEMATICS
 62
7
100
AcDbPolyline
 90
9
 70
0
 10
189.32701110839844
 20
415.4049987792969
 10
188.87669596076012
 20
415.4565645456314
 10
188.45786833763123
 20
415.5923910140991
 10
188.07932928204536
 20
415.8035010099411
 10
187.74987983703613
 20
416.08091735839844
 10
187.47832104563713
 20
416.4156628847122
 10
187.27345395088196
 20
416.79876041412354
 10
187.14407959580421
 20
417.2212327718735
 10
187.0989990234375
 20
417.6741027832031
  0
LINE
  5
4F
330
17
100
AcDbEntity
  8
SCHEMATICS
 62
7
100
AcDbLine
 10
187.0989990234375
 20
417.6741027832031
 30
0.0
 11
187.0989990234375
 21
422.09088134765625
 31
0.0
  0
LWPOLYLINE
  5
50
330
17
100
AcDbEntity
  8
SCHEMATICS
 62
7
100
AcDbPolyline
 90
9
 70
0
 10
187.0989990234375
 20
422.09088134765625
 10
186.89634120464325
 20
422.1783903837204
 10
186.58924674987793
 20
422.35362911224365
 10
186.21840298175812
 20
422.6175352334976
 10
185.8244972229004
 20
422.9710464477539
 10
185.44821679592133
 20
423.4151004552841
 10
185.1302490234375
 20
423.95063495635986
 10
184.9112812280655
 20
424.57858765125275
 10
184.83200073242188
 20
425.2998962402344
  0
LINE
  5
51
330
17
100
AcDbEntity
  8
SCHEMATICS
 62
7
100
AcDbLine
 10
184.83200073242188
 20
425.2998962402344
 30
0.0
 11
184.83200073242188
 21
645.8619995117188
 31
0.0
  0
LWPOLYLINE
  5
52
330
17
100
AcDbEntity
  8
SCHEMATICS
 62
7
100
AcDbPolyline
 90
9
 70
0
 10
184.83200073242188
 20
645.8619995117188
 10
184.83200073242188
 20
645.8626612722874
 10
184.83200073242188
 20
645.8631708621979
 10
184.83200073242188
 20
645.8635635077953
 10
184.83200073242188
 20
645.8638744354248
 10
184.83200073242188
 20
645.8641388714314
 10
184.83200073242188
 20
645.86439204216
 10
184.83200073242188
 20
645.8646691739559
 10
184.83200073242188
 20
645.8650054931641
  0
LWPOLYLINE
  5
53
330
17
100
AcDbEntity
  8
SCHEMATICS
 62
7
100
AcDbPolyline
 90
9
 70
0
 10
184.83200073242188
 20
645.8650054931641
 10
184.83588552474976
 20
646.0436576604843
 10
184.84770393371582
 20
646.2166872024536
 10
184.8677020072937
 20
646.3853121995926
 10
184.89612579345703
 20
646.5507507324219
 10
184.93322134017944
 20
646.7142208814621
 10
184.97923469543457
 20
646.8769407272339
 10
185.03441190719604
 20
647.0401283502579
 10
185.0989990234375
 20
647.2050018310547
  0
LWPOLYLINE
  5
54
330
17
100
AcDbEntity
  8
SCHEMATICS
 62
7
100
AcDbPolyline
 90
9
 70
0
 10
185.0989990234375
 20
647.2050018310547
 10
185.13056901097298
 20
647.3025959432125
 10
185.17081093788147
 20
647.4197013378143
 10
185.21789678931236
 20
647.549299031496
 10
185.26999855041504
 20
647.6843700408936
 10
185.32528820633888
 20
647.8178953826427
 10
185.38193774223328
 20
647.9428560733795
 10
185.4381191432476
 20
648.0522331297398
 10
185.49200439453125
 20
648.1390075683594
  0
LWPOLYLINE
  5
55
330
17
100
AcDbEntity
  8
SCHEMATICS
 62
7
100
AcDbPolyline
 90
9
 70
0
 10
185.49200439453125
 20
648.1390075683594
 10
185.54536151885986
 20
648.2102864980698
 10
185.60179996490479
 20
648.2793159484863
 10
185.66112089157104
 20
648.3460022211075
 10
185.72312545776367
 20
648.4102516174316
 10
185.7876148223877
 20
648.4719704389572
 10
185.85439014434814
 20
648.5310649871826
 10
185.92325258255005
 20
648.5874415636063
 10
185.99400329589844
 20
648.6410064697266
  0
LWPOLYLINE
  5
56
330
17
100
AcDbEntity
  8
SCHEMATICS
 62
7
100
AcDbPolyline
 90
9
 70
0
 10
185.99400329589844
 20
648.6410064697266
 10
186.08648785948753
 20
648.6985821723938
 10
186.2122666835785
 20
648.7628154754639
 10
186.36094477772713
 20
648.829580783844
 10
186.52212715148926
 20
648.8947525024414
 10
186.6854188144207
 20
648.9542050361633
 10
186.84042477607727
 20
649.003812789917
 10
186.97675004601479
 20
649.0394501686096
 10
187.08399963378906
 20
649.0569915771484
  0
LINE
  5
57
330
17
100
AcDbEntity
  8
SCHEMATICS
 62
7
100
AcDbLine
 10
187.08399963378906
 20
649.0569915771484
 30
0.0
 11
187.0989990234375
 21
653.489013671875
 31
0.0
  0
LWPOLYLINE
  5
58
330
17
100
AcDbEntity
  8
SCHEMATICS
 62
7
100
AcDbPolyline
 90
9
 70
0
 10
187.0989990234375
 20
653.489013671875
 10
187.14407959580421
 20
653.9419950246811
 10
187.27345395088196
 20
654.3643083572388
 10
187.47832104563713
 20
654.7471295595169
 10
187.74987983703613
 20
655.0816345214844
 10
188.07932928204536
 20
655.35899913311
 10
188.45786833763123
 20
655.5703992843628
 10
188.87669596076012
 20
655.7070108652115
 10
189.32701110839844
 20
655.760009765625
  0
LINE
  5
59
330
17
100
AcDbEntity
  8
SCHEMATICS
 62
7
100
AcDbLine
 10
189.32701110839844
 20
655.760009765625
 30
0.0
 11
189.87001037597656
 21
655.7689819335938
 31
0.0
  0
LINE
  5
5A
330
17
100
AcDbEntity
  8
SCHEMATICS
 62
7
100
AcDbLine
 10
189.87001037597656
 20
655.7689819335938
 30
0.0
 11
189.83599853515625
 21
653.8860168457031
 31
0.0
  0
LINE
  5
5B
330
17
100
AcDbEntity
  8
SCHEMATICS
 62
7
100
AcDbLine
 10
189.83599853515625
 20
653.8860168457031
 30
0.0
 11
207.50401306152344
 21
653.2799987792969
 31
0.0
  0
LINE
  5
5C
330
17
100
AcDbEntity
  8
SCHEMATICS
 62
7
100
AcDbLine
 10
207.50401306152344
 20
653.2799987792969
 30
0.0
 11
207.4650115966797
 21
655.4960021972656
 31
0.0
  0
LINE
  5
5D
330
17
100
AcDbEntity
  8
SCHEMATICS
 62
7
100
AcDbLine
 10
207.4650115966797
 20
655.4960021972656
 30
0.0
 11
208.7220001220703
 21
655.4530029296875
 31
0.0
  0
LWPOLYLINE
  5
5E
330
17
100
AcDbEntity
  8
SCHEMATICS
 62
7
100
AcDbPolyline
 90
9
 70
0
 10
208.7220001220703
 20
655.4530029296875
 10
209.1666214466095
 20
655.3933238387108
 10
209.57914352416992
 20
655.2523169517517
 10
209.9511878490448
 20
655.0386536717415
 10
210.27437591552734
 20
654.7610054016113
 10
210.54032921791077
 20
654.4280435442924
 10
210.74066925048828
 20
654.0484395027161
 10
210.8670175075531
 20
653.6308646798134
 10
210.91099548339844
 20
653.1839904785156
  0
LINE
  5
5F
330
17
100
AcDbEntity
  8
SCHEMATICS
 62
7
100
AcDbLine
 10
210.91099548339844
 20
653.1839904785156
 30
0.0
 11
210.91099548339844
 21
652.9249877929688
 31
0.0
  0
LINE
  5
60
330
17
100
AcDbEntity
  8
SCHEMATICS
 62
7
100
AcDbLine
 10
210.91099548339844
 20
652.9249877929688
 30
0.0
 11
210.9010009765625
 21
649.0729827880859
 31
0.0
  0
LWPOLYLINE
  5
61
330
17
100
AcDbEntity
  8
SCHEMATICS
 62
7
100
AcDbPolyline
 90
9
 70
0
 10
210.9010009765625
 20
649.0729827880859
 10
210.97965750098228
 20
649.0712922215462
 10
211.0433270931244
 20
649.0662045478821
 10
211.09680250287056
 20
649.0576958060265
 10
211.14487648010254
 20
649.0457420349121
 10
211.19234177470207
 20
649.0303192734718
 10
211.2439911365509
 20
649.0114035606384
 10
211.30461731553078
 20
648.9889709353447
 10
211.37901306152344
 20
648.9629974365234
  0
LWPOLYLINE
  5
62
330
17
100
AcDbEntity
  8
SCHEMATICS
 62
7
100
AcDbPolyline
 90
9
 70
0
 10
211.37901306152344
 20
648.9629974365234
 10
211.4642127752304
 20
648.9348449707031
 10
211.54798126220703
 20
648.9029788970947
 10
211.63020193576813
 20
648.867527961731
 10
211.71075820922852
 20
648.8286209106445
 10
211.78953349590302
 20
648.7863864898682
 10
211.86641120910645
 20
648.7409534454346
 10
211.94127476215363
 20
648.6924505233765
 10
212.01400756835938
 20
648.6410064697266
  0
LWPOLYLINE
  5
63
330
17
100
AcDbEntity
  8
SCHEMATICS
 62
7
100
AcDbPolyline
 90
9
 70
0
 10
212.01400756835938
 20
648.6410064697266
 10
212.0859036743641
 20
648.5874415636063
 10
212.15531659126282
 20
648.5310649871826
 10
212.22219929099083
 20
648.4719704389572
 10
212.2865047454834
 20
648.4102516174316
 10
212.3481859266758
 20
648.3460022211075
 10
212.4071958065033
 20
648.2793159484863
 10
212.46348735690117
 20
648.2102864980698
 10
212.5170135498047
 20
648.1390075683594
  0
LWPOLYLINE
  5
64
330
17
100
AcDbEntity
  8
SCHEMATICS
 62
7
100
AcDbPolyline
 90
9
 70
0
 10
212.5170135498047
 20
648.1390075683594
 10
212.56870365142822
 20
648.064871430397
 10
212.61725521087646
 20
647.9888391494751
 10
212.66262102127075
 20
647.9110745191574
 10
212.70475387573242
 20
647.8317413330078
 10
212.7436065673828
 20
647.7510033845901
 10
212.77913188934326
 20
647.6690244674683
 10
212.8112826347351
 20
647.585968375206
 10
212.8400115966797
 20
647.5019989013672
  0
LWPOLYLINE
  5
65
330
17
100
AcDbEntity
  8
SCHEMATICS
 62
7
100
AcDbPolyline
 90
9
 70
0
 10
212.8400115966797
 20
647.5019989013672
 10
212.85771876573563
 20
647.4435127079487
 10
212.87405443191528
 20
647.384384393692
 10
212.88896030187607
 20
647.3247185647488
 10
212.9023780822754
 20
647.2646198272705
 10
212.91424947977066
 20
647.2041927874088
 10
212.9245162010193
 20
647.1435420513153
 10
212.93311995267868
 20
647.0827722251415
 10
212.94000244140625
 20
647.0219879150391
  0
LWPOLYLINE
  5
66
330
17
100
AcDbEntity
  8
SCHEMATICS
 62
7
100
AcDbPolyline
 90
9
 70
0
 10
212.94000244140625
 20
647.0219879150391
 10
212.9973156452179
 20
646.8852336406708
 10
213.04637908935547
 20
646.7495565414429
 10
213.08738017082214
 20
646.6139724254608
 10
213.1205062866211
 20
646.4774971008301
 10
213.1459448337555
 20
646.3391463756561
 10
213.16388320922852
 20
646.1979360580444
 10
213.17450881004333
 20
646.0528819561005
 10
213.17800903320312
 20
645.9029998779297
  0
LWPOLYLINE
  5
67
330
17
100
AcDbEntity
  8
SCHEMATICS
 62
7
100
AcDbPolyline
 90
9
 70
0
 10
213.17800903320312
 20
645.9029998779297
 10
213.17800903320312
 20
645.8978360295296
 10
213.17800903320312
 20
645.8927998542786
 10
213.17800903320312
 20
645.8878330588341
 10
213.17800903320312
 20
645.8828773498535
 10
213.17800903320312
 20
645.8778744339943
 10
213.17800903320312
 20
645.8727660179138
 10
213.17800903320312
 20
645.8674938082695
 10
213.17800903320312
 20
645.8619995117188
  0
LINE
  5
68
330
17
100
AcDbEntity
  8
SCHEMATICS
 62
7
100
AcDbLine
 10
213.17800903320312
 20
645.8619995117188
 30
0.0
 11
213.17800903320312
 21
425.2998962402344
 31
0.0
  0
LWPOLYLINE
  5
69
330
17
100
AcDbEntity
  8
SCHEMATICS
 62
7
100
AcDbPolyline
 90
9
 70
0
 10
213.17800903320312
 20
425.2998962402344
 10
213.0700109899044
 20
424.7062757611275
 10
212.90671133995056
 20
424.1766095161438
 10
212.6917784512043
 20
423.7067965865135
 10
212.42888069152832
 20
423.2927360534668
 10
212.12168642878532
 20
422.9303269982338
 10
211.773864030838
 20
422.6154685020447
 10
211.3890818655491
 20
422.3440596461296
 10
210.97100830078125
 20
422.11199951171875
  0
LINE
  5
6A
330
17
100
AcDbEntity
  8
SCHEMATICS
 62
7
100
AcDbLine
 10
210.97100830078125
 20
422.11199951171875
 30
0.0
 11
210.91099548339844
 21
417.9779968261719
 31
0.0
  0
LWPOLYLINE
  5
6B
330
17
100
AcDbEntity
  8
SCHEMATICS
 62
7
100
AcDbPolyline
 90
9
 70
0
 10
210.91099548339844
 20
417.9779968261719
 10
210.8670175075531
 20
417.53125512599945
 10
210.74066925048828
 20
417.1139841079712
 10
210.54032921791077
 20
416.7347489595413
 10
210.27437591552734
 20
416.40211486816406
 10
209.9511878490448
 20
416.12464702129364
 10
209.57914352416992
 20
415.9109106063843
 10
209.1666214466095
 20
415.7694708108902
 10
208.7220001220703
 20
415.7088928222656
  0
LINE
  5
6C
330
17
100
AcDbEntity
  8
SCHEMATICS
 62
7
100
AcDbLine
 10
208.7220001220703
 20
415.7088928222656
 30
0.0
 11
207.4650115966797
 21
415.6658935546875
 31
0.0
  0
LINE
  5
6D
330
17
100
AcDbEntity
  8
SCHEMATICS
 62
7
100
AcDbLine
 10
207.4650115966797
 20
415.6658935546875
 30
0.0
 11
207.50401306152344
 21
417.8858947753906
 31
0.0
  0
LINE
  5
6E
330
17
100
AcDbEntity
  8
SCHEMATICS
 62
7
100
AcDbLine
 10
207.50401306152344
 20
417.8858947753906
 30
0.0
 11
189.83599853515625
 21
417.2779846191406
 31
0.0
  0
LINE
  5
6F
330
17
100
AcDbEntity
  8
SCHEMATICS
 62
7
100
AcDbLine
 10
187.3280029296875
 20
422.5447998046875
 30
0.0
 11
187.07701110839844
 21
422.531982421875
 31
0.0
  0
LINE
  5
70
330
17
100
AcDbEntity
  8
SCHEMATICS
 62
7
100
AcDbLine
 10
207.4650115966797
 20
415.6658935546875
 30
0.0
 11
208.7220001220703
 21
415.7088928222656
 31
0.0
  0
LINE
  5
71
330
17
100
AcDbEntity
  8
SCHEMATICS
 62
7
100
AcDbLine
 10
190.08900451660156
 20
419.1908874511719
 30
0.0
 11
208.05300903320312
 21
419.81707763671875
 31
0.0
  0
LINE
  5
72
330
17
100
AcDbEntity
  8
SCHEMATICS
 62
7
100
AcDbLine
 10
190.08900451660156
 20
419.3670959472656
 30
0.0
 11
208.05300903320312
 21
419.9947814941406
 31
0.0
  0
LINE
  5
73
330
17
100
AcDbEntity
  8
SCHEMATICS
 62
7
100
AcDbLine
 10
190.08900451660156
 20
419.5459899902344
 30
0.0
 11
208.05300903320312
 21
420.17608642578125
 31
0.0
  0
LINE
  5
74
330
17
100
AcDbEntity
  8
SCHEMATICS
 62
7
100
AcDbLine
 10
190.08900451660156
 20
419.72998046875
 30
0.0
 11
208.05300903320312
 21
420.35498046875
 31
0.0
  0
LINE
  5
75
330
17
100
AcDbEntity
  8
SCHEMATICS
 62
7
100
AcDbLine
 10
189.9600067138672
 20
419.9721984863281
 30
0.0
 11
208.18699645996094
 21
420.61199951171875
 31
0.0
  0
LINE
  5
76
330
17
100
AcDbEntity
  8
SCHEMATICS
 62
7
100
AcDbLine
 10
208.7200164794922
 20
421.5600891113281
 30
0.0
 11
189.44500732421875
 21
420.8858947753906
 31
0.0
  0
LINE
  5
77
330
17
100
AcDbEntity
  8
SCHEMATICS
 62
7
100
AcDbLine
 10
189.447998046875
 20
417.26519775390625
 30
0.0
 11
208.18800354003906
 21
417.91009521484375
 31
0.0
  0
LINE
  5
78
330
17
100
AcDbEntity
  8
SCHEMATICS
 62
7
100
AcDbLine
 10
187.09300231933594
 20
422.531982421875
 30
0.0
 11
189.59400939941406
 21
422.531982421875
 31
0.0
  0
LINE
  5
79
330
17
100
AcDbEntity
  8
SCHEMATICS
 62
7
100
AcDbLine
 10
208.4180145263672
 20
422.531982421875
 30
0.0
 11
210.6840057373047
 21
422.531982421875
 31
0.0
  0
LINE
  5
7A
330
17
100
AcDbEntity
  8
SCHEMATICS
 62
7
100
AcDbLine
 10
187.3280029296875
 20
422.5447998046875
 30
0.0
 11
189.59400939941406
 21
422.5447998046875
 31
0.0
  0
LINE
  5
7B
330
17
100
AcDbEntity
  8
SCHEMATICS
 62
7
100
AcDbLine
 10
208.4180145263672
 20
422.5447998046875
 30
0.0
 11
210.6840057373047
 21
422.5447998046875
 31
0.0
  0
LINE
  5
7C
330
17
100
AcDbEntity
  8
SCHEMATICS
 62
7
100
AcDbLine
 10
210.6840057373047
 20
422.7698059082031
 30
0.0
 11
208.4180145263672
 21
422.7698059082031
 31
0.0
  0
LINE
  5
7D
330
17
100
AcDbEntity
  8
SCHEMATICS
 62
7
100
AcDbLine
 10
189.59400939941406
 20
422.7698059082031
 30
0.0
 11
187.3280029296875
 21
422.7698059082031
 31
0.0
  0
LINE
  5
7E
330
17
100
AcDbEntity
  8
SCHEMATICS
 62
7
100
AcDbLine
 10
189.87001037597656
 20
415.3908996582031
 30
0.0
 11
189.32701110839844
 21
415.4049987792969
 31
0.0
  0
LINE
  5
7F
330
17
100
AcDbEntity
  8
SCHEMATICS
 62
7
100
AcDbLine
 10
189.85501098632812
 20
416.2381896972656
 30
0.0
 11
189.32701110839844
 21
416.2460021972656
 31
0.0
  0
LINE
  5
80
330
17
100
AcDbEntity
  8
SCHEMATICS
 62
7
100
AcDbLine
 10
189.84600830078125
 20
416.71978759765625
 30
0.0
 11
189.36801147460938
 21
416.73199462890625
 31
0.0
  0
LINE
  5
81
330
17
100
AcDbEntity
  8
SCHEMATICS
 62
7
100
AcDbLine
 10
210.93101501464844
 20
422.531982421875
 30
0.0
 11
210.6840057373047
 21
422.5447998046875
 31
0.0
  0
LINE
  5
82
330
17
100
AcDbEntity
  8
SCHEMATICS
 62
7
100
AcDbLine
 10
207.8489990234375
 20
427.30810546875
 30
0.0
 11
208.4180145263672
 21
427.3158874511719
 31
0.0
  0
LINE
  5
83
330
17
100
AcDbEntity
  8
SCHEMATICS
 62
7
100
AcDbLine
 10
207.8489990234375
 20
427.3529968261719
 30
0.0
 11
193.44900512695312
 21
427.10498046875
 31
0.0
  0
LINE
  5
84
330
17
100
AcDbEntity
  8
SCHEMATICS
 62
7
100
AcDbLine
 10
208.4180145263672
 20
428.39410400390625
 30
0.0
 11
207.8489990234375
 21
428.3858947753906
 31
0.0
  0
LINE
  5
85
330
17
100
AcDbEntity
  8
SCHEMATICS
 62
7
100
AcDbLine
 10
207.8489990234375
 20
426.2070007324219
 30
0.0
 11
193.44900512695312
 21
425.9600830078125
 31
0.0
  0
LINE
  5
86
330
17
100
AcDbEntity
  8
SCHEMATICS
 62
7
100
AcDbLine
 10
208.4180145263672
 20
428.4369812011719
 30
0.0
 11
207.8489990234375
 21
428.4268798828125
 31
0.0
  0
LINE
  5
87
330
17
100
AcDbEntity
  8
SCHEMATICS
 62
7
100
AcDbLine
 10
208.4180145263672
 20
431.4089050292969
 30
0.0
 11
189.59400939941406
 21
431.4089050292969
 31
0.0
  0
LINE
  5
88
330
17
100
AcDbEntity
  8
SCHEMATICS
 62
7
100
AcDbLine
 10
190.16000366210938
 20
428.3061828613281
 30
0.0
 11
189.59400939941406
 21
428.315185546875
 31
0.0
  0
LINE
  5
89
330
17
100
AcDbEntity
  8
SCHEMATICS
 62
7
100
AcDbLine
 10
193.44900512695312
 20
427.1741027832031
 30
0.0
 11
190.16000366210938
 21
427.22998046875
 31
0.0
  0
LINE
  5
8A
330
17
100
AcDbEntity
  8
SCHEMATICS
 62
7
100
AcDbLine
 10
190.16000366210938
 20
427.2959899902344
 30
0.0
 11
189.59800720214844
 21
427.30810546875
 31
0.0
  0
LINE
  5
8B
330
17
100
AcDbEntity
  8
SCHEMATICS
 62
7
100
AcDbLine
 10
190.16000366210938
 20
428.2601013183594
 30
0.0
 11
189.59400939941406
 21
428.2698059082031
 31
0.0
  0
LINE
  5
8C
330
17
100
AcDbEntity
  8
SCHEMATICS
 62
7
100
AcDbLine
 10
189.44500732421875
 20
420.8858947753906
 30
0.0
 11
189.9600067138672
 21
419.9721984863281
 31
0.0
  0
LINE
  5
8D
330
17
100
AcDbEntity
  8
SCHEMATICS
 62
7
100
AcDbLine
 10
208.18699645996094
 20
420.61199951171875
 30
0.0
 11
208.7200164794922
 21
421.5600891113281
 31
0.0
  0
LINE
  5
8E
330
17
100
AcDbEntity
  8
SCHEMATICS
 62
7
100
AcDbLine
 10
213.17800903320312
 20
645.8619995117188
 30
0.0
 11
213.17800903320312
 21
425.2998962402344
 31
0.0
  0
LINE
  5
8F
330
17
100
AcDbEntity
  8
SCHEMATICS
 62
7
100
AcDbLine
 10
212.95201110839844
 20
424.5010986328125
 30
0.0
 11
212.95201110839844
 21
646.8040008544922
 31
0.0
  0
LINE
  5
90
330
17
100
AcDbEntity
  8
SCHEMATICS
 62
7
100
AcDbLine
 10
208.7220001220703
 20
649.0729827880859
 30
0.0
 11
208.7220001220703
 21
649.6039886474609
 31
0.0
  0
LINE
  5
91
330
17
100
AcDbEntity
  8
SCHEMATICS
 62
7
100
AcDbLine
 10
210.91099548339844
 20
418.2381896972656
 30
0.0
 11
210.91099548339844
 21
417.9779968261719
 31
0.0
  0
LINE
  5
92
330
17
100
AcDbEntity
  8
SCHEMATICS
 62
7
100
AcDbLine
 10
210.91099548339844
 20
418.55810546875
 30
0.0
 11
210.91099548339844
 21
420.6170959472656
 31
0.0
  0
LINE
  5
93
330
17
100
AcDbEntity
  8
SCHEMATICS
 62
7
100
AcDbLine
 10
210.91099548339844
 20
420.78900146484375
 30
0.0
 11
210.91099548339844
 21
421.05810546875
 31
0.0
  0
LINE
  5
94
330
17
100
AcDbEntity
  8
SCHEMATICS
 62
7
100
AcDbLine
 10
210.91099548339844
 20
421.2460021972656
 30
0.0
 11
210.91099548339844
 21
421.53509521484375
 31
0.0
  0
LINE
  5
95
330
17
100
AcDbEntity
  8
SCHEMATICS
 62
7
100
AcDbLine
 10
210.91099548339844
 20
422.26318359375
 30
0.0
 11
210.91099548339844
 21
422.531982421875
 31
0.0
  0
LINE
  5
96
330
17
100
AcDbEntity
  8
SCHEMATICS
 62
7
100
AcDbLine
 10
210.91099548339844
 20
421.7381896972656
 30
0.0
 11
210.91099548339844
 21
422.0480041503906
 31
0.0
  0
LINE
  5
97
330
17
100
AcDbEntity
  8
SCHEMATICS
 62
7
100
AcDbLine
 10
210.91099548339844
 20
649.1150054931641
 30
0.0
 11
210.91099548339844
 21
649.4259948730469
 31
0.0
  0
LINE
  5
98
330
17
100
AcDbEntity
  8
SCHEMATICS
 62
7
100
AcDbLine
 10
210.91099548339844
 20
649.6259918212891
 30
0.0
 11
210.91099548339844
 21
649.9179840087891
 31
0.0
  0
LINE
  5
99
330
17
100
AcDbEntity
  8
SCHEMATICS
 62
7
100
AcDbLine
 10
210.91099548339844
 20
650.1029968261719
 30
0.0
 11
210.91099548339844
 21
650.3719940185547
 31
0.0
  0
LINE
  5
9A
330
17
100
AcDbEntity
  8
SCHEMATICS
 62
7
100
AcDbLine
 10
210.91099548339844
 20
652.9249877929688
 30
0.0
 11
210.91099548339844
 21
653.1839904785156
 31
0.0
  0
LINE
  5
9B
330
17
100
AcDbEntity
  8
SCHEMATICS
 62
7
100
AcDbLine
 10
210.91099548339844
 20
650.5479888916016
 30
0.0
 11
210.91099548339844
 21
652.6089935302734
 31
0.0
  0
LINE
  5
9C
330
17
100
AcDbEntity
  8
SCHEMATICS
 62
7
100
AcDbLine
 10
210.65899658203125
 20
422.531982421875
 30
0.0
 11
210.65899658203125
 21
422.27490234375
 31
0.0
  0
LINE
  5
9D
330
17
100
AcDbEntity
  8
SCHEMATICS
 62
7
100
AcDbLine
 10
208.7220001220703
 20
415.7088928222656
 30
0.0
 11
208.7220001220703
 21
415.97100830078125
 31
0.0
  0
LINE
  5
9E
330
17
100
AcDbEntity
  8
SCHEMATICS
 62
7
100
AcDbLine
 10
208.7220001220703
 20
416.2240905761719
 30
0.0
 11
208.7220001220703
 21
418.1011047363281
 31
0.0
  0
LINE
  5
9F
330
17
100
AcDbEntity
  8
SCHEMATICS
 62
7
100
AcDbLine
 10
208.7220001220703
 20
419.2608947753906
 30
0.0
 11
208.7220001220703
 21
419.47100830078125
 31
0.0
  0
LINE
  5
A0
330
17
100
AcDbEntity
  8
SCHEMATICS
 62
7
100
AcDbLine
 10
208.7220001220703
 20
420.319091796875
 30
0.0
 11
208.7220001220703
 21
420.5600891113281
 31
0.0
  0
LINE
  5
A1
330
17
100
AcDbEntity
  8
SCHEMATICS
 62
7
100
AcDbLine
 10
208.7220001220703
 20
419.77099609375
 30
0.0
 11
208.7220001220703
 21
419.99908447265625
 31
0.0
  0
LINE
  5
A2
330
17
100
AcDbEntity
  8
SCHEMATICS
 62
7
100
AcDbLine
 10
208.7220001220703
 20
651.1650085449219
 30
0.0
 11
208.7220001220703
 21
651.3910064697266
 31
0.0
  0
LINE
  5
A3
330
17
100
AcDbEntity
  8
SCHEMATICS
 62
7
100
AcDbLine
 10
208.7220001220703
 20
650.6060028076172
 30
0.0
 11
208.7220001220703
 21
650.8420104980469
 31
0.0
  0
LINE
  5
A4
330
17
100
AcDbEntity
  8
SCHEMATICS
 62
7
100
AcDbLine
 10
208.7220001220703
 20
651.6929779052734
 30
0.0
 11
208.7220001220703
 21
651.9019927978516
 31
0.0
  0
LINE
  5
A5
330
17
100
AcDbEntity
  8
SCHEMATICS
 62
7
100
AcDbLine
 10
208.7220001220703
 20
653.0639953613281
 30
0.0
 11
208.7220001220703
 21
654.9389953613281
 31
0.0
  0
LINE
  5
A6
330
17
100
AcDbEntity
  8
SCHEMATICS
 62
7
100
AcDbLine
 10
208.7220001220703
 20
655.1940002441406
 30
0.0
 11
208.7220001220703
 21
655.4530029296875
 31
0.0
  0
LINE
  5
A7
330
17
100
AcDbEntity
  8
SCHEMATICS
 62
7
100
AcDbLine
 10
208.4180145263672
 20
422.531982421875
 30
0.0
 11
208.4180145263672
 21
431.4089050292969
 31
0.0
  0
LINE
  5
A8
330
17
100
AcDbEntity
  8
SCHEMATICS
 62
7
100
AcDbLine
 10
208.18800354003906
 20
654.0249938964844
 30
0.0
 11
208.18800354003906
 21
653.2539978027344
 31
0.0
  0
LINE
  5
A9
330
17
100
AcDbEntity
  8
SCHEMATICS
 62
7
100
AcDbLine
 10
208.18800354003906
 20
417.91009521484375
 30
0.0
 11
208.18800354003906
 21
417.1369934082031
 31
0.0
  0
LINE
  5
AA
330
17
100
AcDbEntity
  8
SCHEMATICS
 62
7
100
AcDbLine
 10
207.8489990234375
 20
426.2070007324219
 30
0.0
 11
207.8489990234375
 21
428.4268798828125
 31
0.0
  0
LINE
  5
AB
330
17
100
AcDbEntity
  8
SCHEMATICS
 62
7
100
AcDbLine
 10
189.44500732421875
 20
650.2749938964844
 30
0.0
 11
189.447998046875
 21
649.7319946289062
 31
0.0
  0
LINE
  5
AC
330
17
100
AcDbEntity
  8
SCHEMATICS
 62
7
100
AcDbLine
 10
189.447998046875
 20
653.8999938964844
 30
0.0
 11
189.447998046875
 21
650.9049987792969
 31
0.0
  0
LINE
  5
AD
330
17
100
AcDbEntity
  8
SCHEMATICS
 62
7
100
AcDbLine
 10
193.44900512695312
 20
431.4089050292969
 30
0.0
 11
193.44900512695312
 21
425.9600830078125
 31
0.0
  0
LINE
  5
AE
330
17
100
AcDbEntity
  8
SCHEMATICS
 62
7
100
AcDbLine
 10
191.63499450683594
 20
652.7460021972656
 30
0.0
 11
191.63499450683594
 21
652.5319976806641
 31
0.0
  0
LINE
  5
AF
330
17
100
AcDbEntity
  8
SCHEMATICS
 62
7
100
AcDbLine
 10
191.63499450683594
 20
652.2519989013672
 30
0.0
 11
191.63499450683594
 21
652.0239868164062
 31
0.0
  0
LINE
  5
B0
330
17
100
AcDbEntity
  8
SCHEMATICS
 62
7
100
AcDbLine
 10
191.63499450683594
 20
419.1358947753906
 30
0.0
 11
191.63499450683594
 21
418.9119873046875
 31
0.0
  0
LINE
  5
B1
330
17
100
AcDbEntity
  8
SCHEMATICS
 62
7
100
AcDbLine
 10
191.63499450683594
 20
418.62689208984375
 30
0.0
 11
191.63499450683594
 21
418.4151916503906
 31
0.0
  0
LINE
  5
B2
330
17
100
AcDbEntity
  8
SCHEMATICS
 62
7
100
AcDbLine
 10
190.16000366210938
 20
426.0928955078125
 30
0.0
 11
190.16000366210938
 21
428.3061828613281
 31
0.0
  0
LINE
  5
B3
330
17
100
AcDbEntity
  8
SCHEMATICS
 62
7
100
AcDbLine
 10
189.59400939941406
 20
422.531982421875
 30
0.0
 11
189.59400939941406
 21
431.4089050292969
 31
0.0
  0
LINE
  5
B4
330
17
100
AcDbEntity
  8
SCHEMATICS
 62
7
100
AcDbLine
 10
189.36801147460938
 20
654.4320068359375
 30
0.0
 11
189.36801147460938
 21
653.93701171875
 31
0.0
  0
LINE
  5
B5
330
17
100
AcDbEntity
  8
SCHEMATICS
 62
7
100
AcDbLine
 10
189.36801147460938
 20
417.2268981933594
 30
0.0
 11
189.36801147460938
 21
416.73199462890625
 31
0.0
  0
LINE
  5
B6
330
17
100
AcDbEntity
  8
SCHEMATICS
 62
7
100
AcDbLine
 10
189.32701110839844
 20
415.4049987792969
 30
0.0
 11
189.32701110839844
 21
415.9268798828125
 31
0.0
  0
LINE
  5
B7
330
17
100
AcDbEntity
  8
SCHEMATICS
 62
7
100
AcDbLine
 10
189.32701110839844
 20
655.2359924316406
 30
0.0
 11
189.32701110839844
 21
655.760009765625
 31
0.0
  0
LINE
  5
B8
330
17
100
AcDbEntity
  8
SCHEMATICS
 62
7
100
AcDbLine
 10
187.0989990234375
 20
651.6299896240234
 30
0.0
 11
187.0989990234375
 21
649.0559997558594
 31
0.0
  0
LINE
  5
B9
330
17
100
AcDbEntity
  8
SCHEMATICS
 62
7
100
AcDbLine
 10
187.0989990234375
 20
422.531982421875
 30
0.0
 11
187.0989990234375
 21
419.53509521484375
 31
0.0
  0
LINE
  5
BA
330
17
100
AcDbEntity
  8
SCHEMATICS
 62
7
100
AcDbLine
 10
187.0989990234375
 20
651.6660003662109
 30
0.0
 11
187.0989990234375
 21
652.6469879150391
 31
0.0
  0
LINE
  5
BB
330
17
100
AcDbEntity
  8
SCHEMATICS
 62
7
100
AcDbLine
 10
189.447998046875
 20
420.2569885253906
 30
0.0
 11
189.447998046875
 21
417.26519775390625
 31
0.0
  0
LINE
  5
BC
330
17
100
AcDbEntity
  8
SCHEMATICS
 62
7
100
AcDbLine
 10
185.05999755859375
 20
424.5010986328125
 30
0.0
 11
185.05999755859375
 21
646.8040008544922
 31
0.0
  0
LINE
  5
BD
330
17
100
AcDbEntity
  8
SCHEMATICS
 62
7
100
AcDbLine
 10
184.83200073242188
 20
425.2998962402344
 30
0.0
 11
184.83200073242188
 21
645.8619995117188
 31
0.0
  0
LINE
  5
BE
330
17
100
AcDbEntity
  8
SCHEMATICS
 62
7
100
AcDbLine
 10
189.9600067138672
 20
651.1910095214844
 30
0.0
 11
189.44500732421875
 21
650.2749938964844
 31
0.0
  0
LINE
  5
BF
330
17
100
AcDbEntity
  8
SCHEMATICS
 62
7
100
AcDbLine
 10
208.7200164794922
 20
649.6039886474609
 30
0.0
 11
208.18699645996094
 21
650.5509948730469
 31
0.0
  0
LINE
  5
C0
330
17
100
AcDbEntity
  8
SCHEMATICS
 62
7
100
AcDbLine
 10
210.6840057373047
 20
648.3929901123047
 30
0.0
 11
187.3280029296875
 21
648.3929901123047
 31
0.0
  0
LINE
  5
C1
330
17
100
AcDbEntity
  8
SCHEMATICS
 62
7
100
AcDbLine
 10
210.6840057373047
 20
649.0729827880859
 30
0.0
 11
187.3280029296875
 21
649.0729827880859
 31
0.0
  0
LINE
  5
C2
330
17
100
AcDbEntity
  8
SCHEMATICS
 62
7
100
AcDbLine
 10
189.84600830078125
 20
654.4410095214844
 30
0.0
 11
189.36801147460938
 21
654.4320068359375
 31
0.0
  0
LINE
  5
C3
330
17
100
AcDbEntity
  8
SCHEMATICS
 62
7
100
AcDbLine
 10
189.85501098632812
 20
654.9280090332031
 30
0.0
 11
189.32701110839844
 21
654.9189758300781
 31
0.0
  0
LINE
  5
C4
330
17
100
AcDbEntity
  8
SCHEMATICS
 62
7
100
AcDbLine
 10
189.32701110839844
 20
655.760009765625
 30
0.0
 11
189.87001037597656
 21
655.7689819335938
 31
0.0
  0
LINE
  5
C5
330
17
100
AcDbEntity
  8
SCHEMATICS
 62
7
100
AcDbLine
 10
208.18800354003906
 20
653.2539978027344
 30
0.0
 11
189.447998046875
 21
653.8999938964844
 31
0.0
  0
LINE
  5
C6
330
17
100
AcDbEntity
  8
SCHEMATICS
 62
7
100
AcDbLine
 10
189.44500732421875
 20
650.2749938964844
 30
0.0
 11
208.7200164794922
 21
649.6039886474609
 31
0.0
  0
LINE
  5
C7
330
17
100
AcDbEntity
  8
SCHEMATICS
 62
7
100
AcDbLine
 10
208.18699645996094
 20
650.5509948730469
 30
0.0
 11
189.9600067138672
 21
651.1910095214844
 31
0.0
  0
LINE
  5
C8
330
17
100
AcDbEntity
  8
SCHEMATICS
 62
7
100
AcDbLine
 10
208.05300903320312
 20
650.8079986572266
 30
0.0
 11
190.08900451660156
 21
651.4360046386719
 31
0.0
  0
LINE
  5
C9
330
17
100
AcDbEntity
  8
SCHEMATICS
 62
7
100
AcDbLine
 10
208.05300903320312
 20
650.9900054931641
 30
0.0
 11
190.08900451660156
 21
651.6170043945312
 31
0.0
  0
LINE
  5
CA
330
17
100
AcDbEntity
  8
SCHEMATICS
 62
7
100
AcDbLine
 10
208.05300903320312
 20
651.1699829101562
 30
0.0
 11
190.08900451660156
 21
651.7979888916016
 31
0.0
  0
LINE
  5
CB
330
17
100
AcDbEntity
  8
SCHEMATICS
 62
7
100
AcDbLine
 10
208.05300903320312
 20
651.3449859619141
 30
0.0
 11
190.08900451660156
 21
651.9729919433594
 31
0.0
  0
LINE
  5
CC
330
17
100
AcDbEntity
  8
SCHEMATICS
 62
7
100
AcDbLine
 10
207.4650115966797
 20
655.4960021972656
 30
0.0
 11
208.7220001220703
 21
655.4530029296875
 31
0.0
  0
LWPOLYLINE
  5
CD
330
17
100
AcDbEntity
  8
SCHEMATICS
 62
7
100
AcDbPolyline
 90
9
 70
0
 10
184.83200073242188
 20
428.5080871582031
 10
184.835638910532
 20
428.41783732175827
 10
184.8464834690094
 20
428.32818365097046
 10
184.86442944407463
 20
428.23964792490005
 10
184.88937187194824
 20
428.1527519226074
 10
184.92120578885078
 20
428.0680174231529
 10
184.9598262310028
 20
427.9859662055969
 10
185.00512823462486
 20
427.9071200489998
 10
185.0570068359375
 20
427.8320007324219
  0
LWPOLYLINE
  5
CE
330
17
100
AcDbEntity
  8
SCHEMATICS
 62
7
100
AcDbPolyline
 90
9
 70
0
 10
185.0570068359375
 20
432.23309326171875
 10
185.00512823462486
 20
432.1587045788765
 10
184.9598262310028
 20
432.08052682876587
 10
184.92120578885078
 20
431.99902814626694
 10
184.88937187194824
 20
431.91467666625977
 10
184.86442944407463
 20
431.8279405236244
 10
184.8464834690094
 20
431.73928785324097
 10
184.835638910532
 20
431.64918678998947
 10
184.83200073242188
 20
431.55810546875
  0
LWPOLYLINE
  5
CF
330
17
100
AcDbEntity
  8
SCHEMATICS
 62
7
100
AcDbPolyline
 90
9
 70
0
 10
189.32701110839844
 20
655.760009765625
 10
188.87669596076012
 20
655.7070108652115
 10
188.45786833763123
 20
655.5703992843628
 10
188.07932928204536
 20
655.35899913311
 10
187.74987983703613
 20
655.0816345214844
 10
187.47832104563713
 20
654.7471295595169
 10
187.27345395088196
 20
654.3643083572388
 10
187.14407959580421
 20
653.9419950246811
 10
187.0989990234375
 20
653.489013671875
  0
LWPOLYLINE
  5
D0
330
17
100
AcDbEntity
  8
SCHEMATICS
 62
7
100
AcDbPolyline
 90
9
 70
0
 10
187.0989990234375
 20
417.6741027832031
 10
187.14407959580421
 20
417.2212327718735
 10
187.27345395088196
 20
416.79876041412354
 10
187.47832104563713
 20
416.4156628847122
 10
187.74987983703613
 20
416.08091735839844
 10
188.07932928204536
 20
415.8035010099411
 10
188.45786833763123
 20
415.5923910140991
 10
188.87669596076012
 20
415.4565645456314
 10
189.32701110839844
 20
415.4049987792969
  0
LWPOLYLINE
  5
D1
330
17
100
AcDbEntity
  8
SCHEMATICS
 62
7
100
AcDbPolyline
 90
9
 70
0
 10
208.7220001220703
 20
415.7088928222656
 10
209.1666214466095
 20
415.7694708108902
 10
209.57914352416992
 20
415.9109106063843
 10
209.9511878490448
 20
416.12464702129364
 10
210.27437591552734
 20
416.40211486816406
 10
210.54032921791077
 20
416.7347489595413
 10
210.74066925048828
 20
417.1139841079712
 10
210.8670175075531
 20
417.53125512599945
 10
210.91099548339844
 20
417.9779968261719
  0
LWPOLYLINE
  5
D2
330
17
100
AcDbEntity
  8
SCHEMATICS
 62
7
100
AcDbPolyline
 90
9
 70
0
 10
210.91099548339844
 20
653.1839904785156
 10
210.8670175075531
 20
653.6308646798134
 10
210.74066925048828
 20
654.0484395027161
 10
210.54032921791077
 20
654.4280435442924
 10
210.27437591552734
 20
654.7610054016113
 10
209.9511878490448
 20
655.0386536717415
 10
209.57914352416992
 20
655.2523169517517
 10
209.1666214466095
 20
655.3933238387108
 10
208.7220001220703
 20
655.4530029296875
  0
LWPOLYLINE
  5
D3
330
17
100
AcDbEntity
  8
SCHEMATICS
 62
7
100
AcDbPolyline
 90
9
 70
0
 10
213.17800903320312
 20
431.5491027832031
 10
213.17432698607445
 20
431.63999432325363
 10
213.16336703300476
 20
431.7301058769226
 10
213.14525845646858
 20
431.8189464211464
 10
213.12013053894043
 20
431.9060249328613
 10
213.08811256289482
 20
431.99085038900375
 10
213.04933381080627
 20
432.07293176651
 10
213.0039235651493
 20
432.15177804231644
 10
212.95201110839844
 20
432.2268981933594
  0
LWPOLYLINE
  5
D4
330
17
100
AcDbEntity
  8
SCHEMATICS
 62
7
100
AcDbPolyline
 90
9
 70
0
 10
212.95201110839844
 20
427.8389892578125
 10
213.0039235651493
 20
427.9144944548607
 10
213.04933381080627
 20
427.9935984611511
 10
213.08811256289482
 20
428.0758031010628
 10
213.12013053894043
 20
428.1606101989746
 10
213.14525845646858
 20
428.2475215792656
 10
213.16336703300476
 20
428.3360390663147
 10
213.17432698607445
 20
428.4256644845009
 10
213.17800903320312
 20
428.5158996582031
  0
LINE
  5
D5
330
17
100
AcDbEntity
  8
SCHEMATICS
 62
7
100
AcDbLine
 10
207.5050048828125
 20
653.4920043945312
 30
0.0
 11
207.41700744628906
 21
658.2070007324219
 31
0.0
  0
LINE
  5
D6
330
17
100
AcDbEntity
  8
SCHEMATICS
 62
7
100
AcDbLine
 10
206.3710174560547
 20
653.5270080566406
 30
0.0
 11
206.28399658203125
 21
658.2070007324219
 31
0.0
  0
LINE
  5
D7
330
17
100
AcDbEntity
  8
SCHEMATICS
 62
7
100
AcDbLine
 10
200.61700439453125
 20
663.468994140625
 30
0.0
 11
200.61700439453125
 21
664.5229797363281
 31
0.0
  0
LINE
  5
D8
330
17
100
AcDbEntity
  8
SCHEMATICS
 62
7
100
AcDbLine
 10
196.71701049804688
 20
663.468994140625
 30
0.0
 11
196.71701049804688
 21
664.5229797363281
 31
0.0
  0
LINE
  5
D9
330
17
100
AcDbEntity
  8
SCHEMATICS
 62
7
100
AcDbLine
 10
191.04800415039062
 20
658.2070007324219
 30
0.0
 11
190.97100830078125
 21
654.0279846191406
 31
0.0
  0
LINE
  5
DA
330
17
100
AcDbEntity
  8
SCHEMATICS
 62
7
100
AcDbLine
 10
189.91500854492188
 20
658.2070007324219
 30
0.0
 11
189.83700561523438
 21
654.0639953613281
 31
0.0
  0
LINE
  5
DB
330
17
100
AcDbEntity
  8
SCHEMATICS
 62
7
100
AcDbLine
 10
200.61700439453125
 20
663.468994140625
 30
0.0
 11
196.71701049804688
 21
663.468994140625
 31
0.0
  0
LINE
  5
DC
330
17
100
AcDbEntity
  8
SCHEMATICS
 62
7
100
AcDbLine
 10
200.61700439453125
 20
664.5229797363281
 30
0.0
 11
196.71701049804688
 21
664.5229797363281
 31
0.0
  0
LWPOLYLINE
  5
DD
330
17
100
AcDbEntity
  8
SCHEMATICS
 62
7
100
AcDbPolyline
 90
9
 70
0
 10
207.41700744628906
 20
658.2070007324219
 10
207.25828394293785
 20
659.4847102165222
 10
206.84866213798523
 20
660.6725463867188
 10
206.2148373425007
 20
661.7457013130188
 10
205.3835048675537
 20
662.6793670654297
 10
204.3813600242138
 20
663.4487357139587
 10
203.23509812355042
 20
664.0289993286133
 10
201.97141447663307
 20
664.3953499794006
 10
200.61700439453125
 20
664.5229797363281
  0
LWPOLYLINE
  5
DE
330
17
100
AcDbEntity
  8
SCHEMATICS
 62
7
100
AcDbPolyline
 90
9
 70
0
 10
196.71701049804688
 20
664.5229797363281
 10
195.36185863614082
 20
664.3953499794006
 10
194.09748005867004
 20
664.0289993286133
 10
192.95061692595482
 20
663.4487357139587
 10
191.94801139831543
 20
662.6793670654297
 10
191.11640563607216
 20
661.7457013130188
 10
190.4825417995453
 20
660.6725463867188
 10
190.0731620490551
 20
659.4847102165222
 10
189.91500854492188
 20
658.2070007324219
  0
LWPOLYLINE
  5
DF
330
17
100
AcDbEntity
  8
SCHEMATICS
 62
7
100
AcDbPolyline
 90
9
 70
0
 10
196.71701049804688
 20
663.468994140625
 10
196.6143108010292
 20
663.4681010842323
 10
196.51172876358032
 20
663.4654145240784
 10
196.4092876315117
 20
663.4609233736992
 10
196.30701065063477
 20
663.4546165466309
 10
196.20492106676102
 20
663.4464829564095
 10
196.1030421257019
 20
663.436511516571
 10
196.0013970732689
 20
663.4246911406517
 10
195.90000915527344
 20
663.4110107421875
  0
LWPOLYLINE
  5
E0
330
17
100
AcDbEntity
  8
SCHEMATICS
 62
7
100
AcDbPolyline
 90
9
 70
0
 10
195.90000915527344
 20
663.4110107421875
 10
195.7846989929676
 20
663.3942105174065
 10
195.66977524757385
 20
663.3752799034119
 10
195.5552495419979
 20
663.3541484475136
 10
195.4411334991455
 20
663.3307456970215
 10
195.32743874192238
 20
663.3050011992455
 10
195.21417689323425
 20
663.2768445014954
 10
195.10135957598686
 20
663.2462051510811
 10
194.98899841308594
 20
663.2130126953125
  0
LWPOLYLINE
  5
E1
330
17
100
AcDbEntity
  8
SCHEMATICS
 62
7
100
AcDbPolyline
 90
9
 70
0
 10
194.98899841308594
 20
663.2130126953125
 10
194.8685556948185
 20
663.1760201454163
 10
194.7488148212433
 20
663.136323928833
 10
194.6299168765545
 20
663.0939354896545
 10
194.5120029449463
 20
663.0488662719727
 10
194.39521411061287
 20
663.0011277198792
 10
194.2796914577484
 20
662.9507312774658
 10
194.1655760705471
 20
662.8976883888245
 10
194.05300903320312
 20
662.8420104980469
  0
LWPOLYLINE
  5
E2
330
17
100
AcDbEntity
  8
SCHEMATICS
 62
7
100
AcDbPolyline
 90
9
 70
0
 10
194.05300903320312
 20
662.8420104980469
 10
193.93634364008904
 20
662.7817362546921
 10
193.8211314678192
 20
662.7187204360962
 10
193.7074195444584
 20
662.6530338525772
 10
193.5952548980713
 20
662.5847473144531
 10
193.48468455672264
 20
662.5139316320419
 10
193.37575554847717
 20
662.4406576156616
 10
193.2685149013996
 20
662.3649960756302
 10
193.1630096435547
 20
662.2870178222656
  0
LWPOLYLINE
  5
E3
330
17
100
AcDbEntity
  8
SCHEMATICS
 62
7
100
AcDbPolyline
 90
9
 70
0
 10
193.1630096435547
 20
662.2870178222656
 10
193.05829575657845
 20
662.2052615880966
 10
192.95566773414612
 20
662.1212701797485
 10
192.85514864325523
 20
662.0350543260574
 10
192.75676155090332
 20
661.9466247558594
 10
192.6605295240879
 20
661.8559921979904
 10
192.56647562980652
 20
661.7631673812866
 10
192.4746229350567
 20
661.668161034584
 10
192.38499450683594
 20
661.5709838867188
  0
LWPOLYLINE
  5
E4
330
17
100
AcDbEntity
  8
SCHEMATICS
 62
7
100
AcDbPolyline
 90
9
 70
0
 10
192.38499450683594
 20
661.5709838867188
 10
192.3000144958496
 20
661.4735915660858
 10
192.2175521850586
 20
661.374195098877
 10
192.1375961303711
 20
661.2728531360626
 10
192.0601348876953
 20
661.1696243286133
 10
191.98515701293945
 20
661.0645673274994
 10
191.91265106201172
 20
660.9577407836914
 10
191.8426055908203
 20
660.8492033481598
 10
191.77500915527344
 20
660.739013671875
  0
LWPOLYLINE
  5
E5
330
17
100
AcDbEntity
  8
SCHEMATICS
 62
7
100
AcDbPolyline
 90
9
 70
0
 10
191.77500915527344
 20
660.739013671875
 10
191.7136556506157
 20
660.6329044103622
 10
191.65485525131226
 20
660.5254011154175
 10
191.59863191843033
 20
660.4166089296341
 10
191.5450096130371
 20
660.3066329956055
 10
191.4940122961998
 20
660.195578455925
 10
191.4456639289856
 20
660.083550453186
 10
191.3999884724617
 20
659.970654129982
 10
191.3570098876953
 20
659.8569946289062
  0
LWPOLYLINE
  5
E6
330
17
100
AcDbEntity
  8
SCHEMATICS
 62
7
100
AcDbPolyline
 90
9
 70
0
 10
191.3570098876953
 20
659.8569946289062
 10
191.31918787956238
 20
659.750216126442
 10
191.28375625610352
 20
659.6428861618042
 10
191.2507622241974
 20
659.5350168943405
 10
191.22025299072266
 20
659.4266204833984
 10
191.19227576255798
 20
659.3177090883255
 10
191.16687774658203
 20
659.2082948684692
 10
191.14410614967346
 20
659.0983899831772
 10
191.12400817871094
 20
658.9880065917969
  0
LWPOLYLINE
  5
E7
330
17
100
AcDbEntity
  8
SCHEMATICS
 62
7
100
AcDbPolyline
 90
9
 70
0
 10
191.12400817871094
 20
658.9880065917969
 10
191.1076158285141
 20
658.8913196325302
 10
191.0930051803589
 20
658.7941083908081
 10
191.0802699327469
 20
658.6965008974075
 10
191.0695037841797
 20
658.5986251831055
 10
191.06080043315887
 20
658.5006092786789
 10
191.05425357818604
 20
658.4025812149048
 10
191.04995691776276
 20
658.3046690225601
 10
191.04800415039062
 20
658.2070007324219
  0
LWPOLYLINE
  5
E8
330
17
100
AcDbEntity
  8
SCHEMATICS
 62
7
100
AcDbPolyline
 90
9
 70
0
 10
191.04800415039062
 20
658.2070007324219
 10
191.00343096256256
 20
658.2071725130081
 10
190.95898723602295
 20
658.2076253890991
 10
190.91470801830292
 20
658.2082656621933
 10
190.8706283569336
 20
658.2089996337891
 10
190.8267832994461
 20
658.2097336053848
 10
190.78320789337158
 20
658.210373878479
 10
190.73993718624115
 20
658.21082675457
 10
190.69700622558594
 20
658.2109985351562
  0
LWPOLYLINE
  5
E9
330
17
100
AcDbEntity
  8
SCHEMATICS
 62
7
100
AcDbPolyline
 90
9
 70
0
 10
190.69700622558594
 20
658.2109985351562
 10
190.65771222114563
 20
658.2110024690628
 10
190.61852264404297
 20
658.2110300064087
 10
190.5793559551239
 20
658.2111047506332
 10
190.54013061523438
 20
658.2112503051758
 10
190.50076508522034
 20
658.2114902734756
 10
190.46117782592773
 20
658.2118482589722
 10
190.42128729820251
 20
658.2123478651047
 10
190.38101196289062
 20
658.2130126953125
  0
LWPOLYLINE
  5
EA
330
17
100
AcDbEntity
  8
SCHEMATICS
 62
7
100
AcDbPolyline
 90
9
 70
0
 10
190.38101196289062
 20
658.2130126953125
 10
190.3483243882656
 20
658.214487195015
 10
190.3156487941742
 20
658.2158193588257
 10
190.28318455815315
 20
658.2168697118759
 10
190.25113105773926
 20
658.2174987792969
 10
190.21968767046928
 20
658.2175670862198
 10
190.18905377388
 20
658.2169351577759
 10
190.1594287455082
 20
658.2154635190964
 10
190.13101196289062
 20
658.2130126953125
  0
LWPOLYLINE
  5
EB
330
17
100
AcDbEntity
  8
SCHEMATICS
 62
7
100
AcDbPolyline
 90
9
 70
0
 10
190.13101196289062
 20
658.2130126953125
 10
190.11363318562508
 20
658.2105429172516
 10
190.0964434146881
 20
658.2079086303711
 10
190.07897362113
 20
658.2055089473724
 10
190.06075477600098
 20
658.203742980957
 10
190.04131785035133
 20
658.2030098438263
 10
190.02019381523132
 20
658.2037086486816
 10
189.9969136416912
 20
658.2062385082245
 10
189.97100830078125
 20
658.2109985351562
  0
LWPOLYLINE
  5
EC
330
17
100
AcDbEntity
  8
SCHEMATICS
 62
7
100
AcDbPolyline
 90
9
 70
0
 10
189.97100830078125
 20
658.2109985351562
 10
189.960852175951
 20
658.2123087644577
 10
189.9508707523346
 20
658.213755607605
 10
189.9414275586605
 20
658.2150121927261
 10
189.93288612365723
 20
658.2157516479492
 10
189.92560997605324
 20
658.2156471014023
 10
189.91996264457703
 20
658.2143716812134
 10
189.91630765795708
 20
658.2115985155106
 10
189.91500854492188
 20
658.2070007324219
  0
LWPOLYLINE
  5
ED
330
17
100
AcDbEntity
  8
SCHEMATICS
 62
7
100
AcDbPolyline
 90
9
 70
0
 10
206.28399658203125
 20
658.2070007324219
 10
206.32795324921608
 20
658.2071725130081
 10
206.37201523780823
 20
658.2076253890991
 10
206.41610047221184
 20
658.2082656621933
 10
206.46012687683105
 20
658.2089996337891
 10
206.50401237607002
 20
658.2097336053848
 10
206.54767489433289
 20
658.210373878479
 10
206.5910323560238
 20
658.21082675457
 10
206.63400268554688
 20
658.2109985351562
  0
LWPOLYLINE
  5
EE
330
17
100
AcDbEntity
  8
SCHEMATICS
 62
7
100
AcDbPolyline
 90
9
 70
0
 10
206.63400268554688
 20
658.2109985351562
 10
206.67325735092163
 20
658.2110024690628
 10
206.71236038208008
 20
658.2110300064087
 10
206.75144052505493
 20
658.2111047506332
 10
206.7906265258789
 20
658.2112503051758
 10
206.83004713058472
 20
658.2114902734756
 10
206.86983108520508
 20
658.2118482589722
 10
206.9101071357727
 20
658.2123478651047
 10
206.9510040283203
 20
658.2130126953125
  0
LWPOLYLINE
  5
EF
330
17
100
AcDbEntity
  8
SCHEMATICS
 62
7
100
AcDbPolyline
 90
9
 70
0
 10
206.9510040283203
 20
658.2130126953125
 10
206.98344314098358
 20
658.214487195015
 10
207.01608180999756
 20
658.2158193588257
 10
207.04865038394928
 20
658.2168697118759
 10
207.08087921142578
 20
658.2174987792969
 10
207.1124986410141
 20
658.2175670862198
 10
207.14323902130127
 20
658.2169351577759
 10
207.17283070087433
 20
658.2154635190964
 10
207.2010040283203
 20
658.2130126953125
  0
LWPOLYLINE
  5
F0
330
17
100
AcDbEntity
  8
SCHEMATICS
 62
7
100
AcDbPolyline
 90
9
 70
0
 10
207.2010040283203
 20
658.2130126953125
 10
207.21866950392723
 20
658.2105429172516
 10
207.2360064983368
 20
658.2079086303711
 10
207.25353053212166
 20
658.2055089473724
 10
207.2717571258545
 20
658.203742980957
 10
207.29120180010796
 20
658.2030098438263
 10
207.3123800754547
 20
658.2037086486816
 10
207.33580747246742
 20
658.2062385082245
 10
207.36199951171875
 20
658.2109985351562
  0
LWPOLYLINE
  5
F1
330
17
100
AcDbEntity
  8
SCHEMATICS
 62
7
100
AcDbPolyline
 90
9
 70
0
 10
207.36199951171875
 20
658.2109985351562
 10
207.37154349684715
 20
658.2123087644577
 10
207.38114523887634
 20
658.213755607605
 10
207.3903947174549
 20
658.2150121927261
 10
207.39888191223145
 20
658.2157516479492
 10
207.40619680285454
 20
658.2156471014023
 10
207.41192936897278
 20
658.2143716812134
 10
207.41566959023476
 20
658.2115985155106
 10
207.41700744628906
 20
658.2070007324219
  0
LWPOLYLINE
  5
F2
330
17
100
AcDbEntity
  8
SCHEMATICS
 62
7
100
AcDbPolyline
 90
9
 70
0
 10
206.28399658203125
 20
658.2070007324219
 10
206.2814355790615
 20
658.3046690225601
 10
206.27678656578064
 20
658.4025812149048
 10
206.2701201736927
 20
658.5006092786789
 10
206.26150703430176
 20
658.5986251831055
 10
206.25101777911186
 20
658.6965008974075
 10
206.23872303962708
 20
658.7941083908081
 10
206.22469344735146
 20
658.8913196325302
 10
206.20899963378906
 20
658.9880065917969
  0
LWPOLYLINE
  5
F3
330
17
100
AcDbEntity
  8
SCHEMATICS
 62
7
100
AcDbPolyline
 90
9
 70
0
 10
206.20899963378906
 20
658.9880065917969
 10
206.18824383616447
 20
659.0983899831772
 10
206.16499018669128
 20
659.2082948684692
 10
206.13927426934242
 20
659.3177090883255
 10
206.11113166809082
 20
659.4266204833984
 10
206.0805979669094
 20
659.5350168943405
 10
206.04770874977112
 20
659.6428861618042
 10
206.01249960064888
 20
659.750216126442
 10
205.97500610351562
 20
659.8569946289062
  0
LWPOLYLINE
  5
F4
330
17
100
AcDbEntity
  8
SCHEMATICS
 62
7
100
AcDbPolyline
 90
9
 70
0
 10
205.97500610351562
 20
659.8569946289062
 10
205.9320192337036
 20
659.970654129982
 10
205.88631439208984
 20
660.083550453186
 10
205.83789157867432
 20
660.195578455925
 10
205.78675079345703
 20
660.3066329956055
 10
205.732892036438
 20
660.4166089296341
 10
205.6763153076172
 20
660.5254011154175
 10
205.61702060699463
 20
660.6329044103622
 10
205.5550079345703
 20
660.739013671875
  0
LWPOLYLINE
  5
F5
330
17
100
AcDbEntity
  8
SCHEMATICS
 62
7
100
AcDbPolyline
 90
9
 70
0
 10
205.5550079345703
 20
660.739013671875
 10
205.4880247414112
 20
660.8492033481598
 10
205.41833519935608
 20
660.9577407836914
 10
205.34595093131065
 20
661.0645673274994
 10
205.27088356018066
 20
661.1696243286133
 10
205.19314470887184
 20
661.2728531360626
 10
205.11274600028992
 20
661.374195098877
 10
205.02969905734062
 20
661.4735915660858
 10
204.9440155029297
 20
661.5709838867188
  0
LWPOLYLINE
  5
F6
330
17
100
AcDbEntity
  8
SCHEMATICS
 62
7
100
AcDbPolyline
 90
9
 70
0
 10
204.9440155029297
 20
661.5709838867188
 10
204.85537734627724
 20
661.668161034584
 10
204.76425671577454
 20
661.7631673812866
 10
204.67070028185844
 20
661.8559921979904
 10
204.57475471496582
 20
661.9466247558594
 10
204.47646668553352
 20
662.0350543260574
 10
204.3758828639984
 20
662.1212701797485
 10
204.27304992079735
 20
662.2052615880966
 10
204.1680145263672
 20
662.2870178222656
  0
LWPOLYLINE
  5
F7
330
17
100
AcDbEntity
  8
SCHEMATICS
 62
7
100
AcDbPolyline
 90
9
 70
0
 10
204.1680145263672
 20
662.2870178222656
 10
204.0631214082241
 20
662.3649960756302
 10
203.95626044273376
 20
662.4406576156616
 10
203.84752514958382
 20
662.5139316320419
 10
203.7370090484619
 20
662.5847473144531
 10
203.6248056590557
 20
662.6530338525772
 10
203.51100850105286
 20
662.7187204360962
 10
203.395711094141
 20
662.7817362546921
 10
203.2790069580078
 20
662.8420104980469
  0
LWPOLYLINE
  5
F8
330
17
100
AcDbEntity
  8
SCHEMATICS
 62
7
100
AcDbPolyline
 90
9
 70
0
 10
203.2790069580078
 20
662.8420104980469
 10
203.16581836342812
 20
662.8976883888245
 10
203.0513174533844
 20
662.9507312774658
 10
202.93559810519218
 20
663.0011277198792
 10
202.818754196167
 20
663.0488662719727
 10
202.70087960362434
 20
663.0939354896545
 10
202.58206820487976
 20
663.136323928833
 10
202.46241387724876
 20
663.1760201454163
 10
202.34201049804688
 20
663.2130126953125
  0
LWPOLYLINE
  5
F9
330
17
100
AcDbEntity
  8
SCHEMATICS
 62
7
100
AcDbPolyline
 90
9
 70
0
 10
202.34201049804688
 20
663.2130126953125
 10
202.2300230562687
 20
663.2462051510811
 10
202.1175558567047
 20
663.2768445014954
 10
202.00459691882133
 20
663.3050011992455
 10
201.89113426208496
 20
663.3307456970215
 10
201.777155905962
 20
663.3541484475136
 10
201.66264986991882
 20
663.3752799034119
 10
201.54760417342186
 20
663.3942105174065
 10
201.4320068359375
 20
663.4110107421875
  0
LWPOLYLINE
  5
FA
330
17
100
AcDbEntity
  8
SCHEMATICS
 62
7
100
AcDbPolyline
 90
9
 70
0
 10
201.4320068359375
 20
663.4110107421875
 10
201.33062282204628
 20
663.4246911406517
 10
201.2290050983429
 20
663.436511516571
 10
201.1272003352642
 20
663.4464829564095
 10
201.02525520324707
 20
663.4546165466309
 10
200.92321637272835
 20
663.4609233736992
 10
200.8211305141449
 20
663.4654145240784
 10
200.71904429793358
 20
663.4681010842323
 10
200.61700439453125
 20
663.468994140625
  0
LINE
  5
FB
330
17
100
AcDbEntity
  8
SCHEMATICS
 62
7
100
AcDbLine
 10
196.71701049804688
 20
406.6358642578125
 30
0.0
 11
200.61700439453125
 21
406.6358642578125
 31
0.0
  0
LINE
  5
FC
330
17
100
AcDbEntity
  8
SCHEMATICS
 62
7
100
AcDbLine
 10
196.71701049804688
 20
407.690185546875
 30
0.0
 11
200.61700439453125
 21
407.690185546875
 31
0.0
  0
LINE
  5
FD
330
17
100
AcDbEntity
  8
SCHEMATICS
 62
7
100
AcDbLine
 10
207.41700744628906
 20
412.9530029296875
 30
0.0
 11
207.5050048828125
 21
417.6670837402344
 31
0.0
  0
LINE
  5
FE
330
17
100
AcDbEntity
  8
SCHEMATICS
 62
7
100
AcDbLine
 10
206.28399658203125
 20
412.9530029296875
 30
0.0
 11
206.3710174560547
 21
417.6319885253906
 31
0.0
  0
LINE
  5
FF
330
17
100
AcDbEntity
  8
SCHEMATICS
 62
7
100
AcDbLine
 10
200.61700439453125
 20
407.690185546875
 30
0.0
 11
200.61700439453125
 21
406.6358642578125
 31
0.0
  0
LINE
  5
100
330
17
100
AcDbEntity
  8
SCHEMATICS
 62
7
100
AcDbLine
 10
196.71701049804688
 20
407.690185546875
 30
0.0
 11
196.71701049804688
 21
406.6358642578125
 31
0.0
  0
LINE
  5
101
330
17
100
AcDbEntity
  8
SCHEMATICS
 62
7
100
AcDbLine
 10
190.97100830078125
 20
417.1300048828125
 30
0.0
 11
191.04800415039062
 21
412.9530029296875
 31
0.0
  0
LINE
  5
102
330
17
100
AcDbEntity
  8
SCHEMATICS
 62
7
100
AcDbLine
 10
189.83700561523438
 20
417.0940856933594
 30
0.0
 11
189.91500854492188
 21
412.9530029296875
 31
0.0
  0
LWPOLYLINE
  5
103
330
17
100
AcDbEntity
  8
SCHEMATICS
 62
7
100
AcDbPolyline
 90
9
 70
0
 10
189.91500854492188
 20
412.9530029296875
 10
190.0731620490551
 20
411.6746653318405
 10
190.4825417995453
 20
410.4864263534546
 10
191.11640563607216
 20
409.4130502939224
 10
191.94801139831543
 20
408.4793014526367
 10
192.95061692595482
 20
407.7099441289902
 10
194.09748005867004
 20
407.1297426223755
 10
195.36185863614082
 20
406.76346123218536
 10
196.71701049804688
 20
406.6358642578125
  0
LWPOLYLINE
  5
104
330
17
100
AcDbEntity
  8
SCHEMATICS
 62
7
100
AcDbPolyline
 90
9
 70
0
 10
200.61700439453125
 20
406.6358642578125
 10
201.97141447663307
 20
406.76346123218536
 10
203.23509812355042
 20
407.1297426223755
 10
204.3813600242138
 20
407.7099441289902
 10
205.3835048675537
 20
408.4793014526367
 10
206.2148373425007
 20
409.4130502939224
 10
206.84866213798523
 20
410.4864263534546
 10
207.25828394293785
 20
411.6746653318405
 10
207.41700744628906
 20
412.9530029296875
  0
LWPOLYLINE
  5
105
330
17
100
AcDbEntity
  8
SCHEMATICS
 62
7
100
AcDbPolyline
 90
9
 70
0
 10
200.61700439453125
 20
407.690185546875
 10
200.71904429793358
 20
407.6910232305527
 10
200.8211305141449
 20
407.693528175354
 10
200.92321637272835
 20
407.69768822193146
 10
201.02525520324707
 20
407.7034912109375
 10
201.1272003352642
 20
407.7109249830246
 10
201.2290050983429
 20
407.7199773788452
 10
201.33062282204628
 20
407.7306362390518
 10
201.4320068359375
 20
407.7428894042969
  0
LWPOLYLINE
  5
106
330
17
100
AcDbEntity
  8
SCHEMATICS
 62
7
100
AcDbPolyline
 90
9
 70
0
 10
201.4320068359375
 20
407.7428894042969
 10
201.54760417342186
 20
407.76054215431213
 10
201.66264986991882
 20
407.78041076660156
 10
201.777155905962
 20
407.8024709224701
 10
201.89113426208496
 20
407.82669830322266
 10
202.00459691882133
 20
407.8530685901642
 10
202.1175558567047
 20
407.8815574645996
 10
202.2300230562687
 20
407.91214060783386
 10
202.34201049804688
 20
407.9447937011719
  0
LWPOLYLINE
  5
107
330
17
100
AcDbEntity
  8
SCHEMATICS
 62
7
100
AcDbPolyline
 90
9
 70
0
 10
202.34201049804688
 20
407.9447937011719
 10
202.46241387724876
 20
407.9819518327713
 10
202.58206820487976
 20
408.0218629837036
 10
202.70087960362434
 20
408.06450498104095
 10
202.818754196167
 20
408.10985565185547
 10
202.93559810519218
 20
408.1578928232193
 10
203.0513174533844
 20
408.2085943222046
 10
203.16581836342812
 20
408.2619379758835
 10
203.2790069580078
 20
408.3179016113281
  0
LWPOLYLINE
  5
108
330
17
100
AcDbEntity
  8
SCHEMATICS
 62
7
100
AcDbPolyline
 90
9
 70
0
 10
203.2790069580078
 20
408.3179016113281
 10
203.395711094141
 20
408.3778604865074
 10
203.51100850105286
 20
408.44055700302124
 10
203.6248056590557
 20
408.50593358278275
 10
203.7370090484619
 20
408.5739326477051
 10
203.84752514958382
 20
408.6444966197014
 10
203.95626044273376
 20
408.7175679206848
 10
204.0631214082241
 20
408.7930889725685
 10
204.1680145263672
 20
408.8710021972656
  0
LWPOLYLINE
  5
109
330
17
100
AcDbEntity
  8
SCHEMATICS
 62
7
100
AcDbPolyline
 90
9
 70
0
 10
204.1680145263672
 20
408.8710021972656
 10
204.27304992079735
 20
408.95284831523895
 10
204.3758828639984
 20
409.0371370315552
 10
204.47646668553352
 20
409.12376177310944
 10
204.57475471496582
 20
409.2126159667969
 10
204.67070028185844
 20
409.30359303951263
 10
204.76425671577454
 20
409.39658641815186
 10
204.85537734627724
 20
409.4914895296097
 10
204.9440155029297
 20
409.58819580078125
  0
LWPOLYLINE
  5
10A
330
17
100
AcDbEntity
  8
SCHEMATICS
 62
7
100
AcDbPolyline
 90
9
 70
0
 10
204.9440155029297
 20
409.58819580078125
 10
205.02969905734062
 20
409.6852629184723
 10
205.11274600028992
 20
409.784460067749
 10
205.19314470887184
 20
409.88565707206726
 10
205.27088356018066
 20
409.9887237548828
 10
205.34595093131065
 20
410.0935299396515
 10
205.41833519935608
 20
410.1999454498291
 10
205.4880247414112
 20
410.30784010887146
 10
205.5550079345703
 20
410.4170837402344
  0
LWPOLYLINE
  5
10B
330
17
100
AcDbEntity
  8
SCHEMATICS
 62
7
100
AcDbPolyline
 90
9
 70
0
 10
205.5550079345703
 20
410.4170837402344
 10
205.61702060699463
 20
410.52418053150177
 10
205.6763153076172
 20
410.6324453353882
 10
205.732892036438
 20
410.7418359518051
 10
205.78675079345703
 20
410.85231018066406
 10
205.83789157867432
 20
410.9638258218765
 10
205.88631439208984
 20
411.076340675354
 10
205.9320192337036
 20
411.189812541008
 10
205.97500610351562
 20
411.30419921875
  0
LWPOLYLINE
  5
10C
330
17
100
AcDbEntity
  8
SCHEMATICS
 62
7
100
AcDbPolyline
 90
9
 70
0
 10
205.97500610351562
 20
411.30419921875
 10
206.01249960064888
 20
411.4099356532097
 10
206.04770874977112
 20
411.5164313316345
 10
206.0805979669094
 20
411.6236100792885
 10
206.11113166809082
 20
411.73139572143555
 10
206.13927426934242
 20
411.8397120833397
 10
206.16499018669128
 20
411.9484829902649
 10
206.18824383616447
 20
412.0576322674751
 10
206.20899963378906
 20
412.1670837402344
  0
LWPOLYLINE
  5
10D
330
17
100
AcDbEntity
  8
SCHEMATICS
 62
7
100
AcDbPolyline
 90
9
 70
0
 10
206.20899963378906
 20
412.1670837402344
 10
206.22469344735146
 20
412.2646639943123
 10
206.23872303962708
 20
412.36252641677856
 10
206.25101777911186
 20
412.4606241583824
 10
206.26150703430176
 20
412.55891036987305
 10
206.2701201736927
 20
412.65733820199966
 10
206.27678656578064
 20
412.7558608055115
 10
206.2814355790615
 20
412.8544313311577
 10
206.28399658203125
 20
412.9530029296875
  0
LWPOLYLINE
  5
10E
330
17
100
AcDbEntity
  8
SCHEMATICS
 62
7
100
AcDbPolyline
 90
9
 70
0
 10
206.28399658203125
 20
412.9530029296875
 10
206.32795324921608
 20
412.95166635513306
 10
206.37201523780823
 20
412.9505729675293
 10
206.41610047221184
 20
412.9497027397156
 10
206.46012687683105
 20
412.94903564453125
 10
206.50401237607002
 20
412.9485516548157
 10
206.54767489433289
 20
412.9482307434082
 10
206.5910323560238
 20
412.9480528831482
 10
206.63400268554688
 20
412.947998046875
  0
LWPOLYLINE
  5
10F
330
17
100
AcDbEntity
  8
SCHEMATICS
 62
7
100
AcDbPolyline
 90
9
 70
0
 10
206.63400268554688
 20
412.947998046875
 10
206.67325735092163
 20
412.94799411296844
 10
206.71236038208008
 20
412.94796657562256
 10
206.75144052505493
 20
412.947891831398
 10
206.7906265258789
 20
412.94774627685547
 10
206.83004713058472
 20
412.9475063085556
 10
206.86983108520508
 20
412.9471483230591
 10
206.9101071357727
 20
412.9466487169266
 10
206.9510040283203
 20
412.94598388671875
  0
LWPOLYLINE
  5
110
330
17
100
AcDbEntity
  8
SCHEMATICS
 62
7
100
AcDbPolyline
 90
9
 70
0
 10
206.9510040283203
 20
412.94598388671875
 10
206.98344314098358
 20
412.9442014694214
 10
207.01608180999756
 20
412.94273948669434
 10
207.04865038394928
 20
412.9416923522949
 10
207.08087921142578
 20
412.94115447998047
 10
207.1124986410141
 20
412.9412202835083
 10
207.14323902130127
 20
412.94198417663574
 10
207.17283070087433
 20
412.9435405731201
 10
207.2010040283203
 20
412.94598388671875
  0
LWPOLYLINE
  5
111
330
17
100
AcDbEntity
  8
SCHEMATICS
 62
7
100
AcDbPolyline
 90
9
 70
0
 10
207.2010040283203
 20
412.94598388671875
 10
207.21866950392723
 20
412.9474598169327
 10
207.2360064983368
 20
412.9493112564087
 10
207.25353053212166
 20
412.951175570488
 10
207.2717571258545
 20
412.9526901245117
 10
207.29120180010796
 20
412.9534922838211
 10
207.3123800754547
 20
412.9532194137573
 10
207.33580747246742
 20
412.95150887966156
 10
207.36199951171875
 20
412.947998046875
  0
LWPOLYLINE
  5
112
330
17
100
AcDbEntity
  8
SCHEMATICS
 62
7
100
AcDbPolyline
 90
9
 70
0
 10
207.36199951171875
 20
412.947998046875
 10
207.37154349684715
 20
412.945436835289
 10
207.38114523887634
 20
412.9432611465454
 10
207.3903947174549
 20
412.9417334794998
 10
207.39888191223145
 20
412.9411163330078
 10
207.40619680285454
 20
412.941672205925
 10
207.41192936897278
 20
412.94366359710693
 10
207.41566959023476
 20
412.94735300540924
 10
207.41700744628906
 20
412.9530029296875
  0
LWPOLYLINE
  5
113
330
17
100
AcDbEntity
  8
SCHEMATICS
 62
7
100
AcDbPolyline
 90
9
 70
0
 10
191.04800415039062
 20
412.9530029296875
 10
191.00343096256256
 20
412.95166635513306
 10
190.95898723602295
 20
412.9505729675293
 10
190.91470801830292
 20
412.9497027397156
 10
190.8706283569336
 20
412.94903564453125
 10
190.8267832994461
 20
412.9485516548157
 10
190.78320789337158
 20
412.9482307434082
 10
190.73993718624115
 20
412.9480528831482
 10
190.69700622558594
 20
412.947998046875
  0
LWPOLYLINE
  5
114
330
17
100
AcDbEntity
  8
SCHEMATICS
 62
7
100
AcDbPolyline
 90
9
 70
0
 10
190.69700622558594
 20
412.947998046875
 10
190.65771222114563
 20
412.94799411296844
 10
190.61852264404297
 20
412.94796657562256
 10
190.5793559551239
 20
412.947891831398
 10
190.54013061523438
 20
412.94774627685547
 10
190.50076508522034
 20
412.9475063085556
 10
190.46117782592773
 20
412.9471483230591
 10
190.42128729820251
 20
412.9466487169266
 10
190.38101196289062
 20
412.94598388671875
  0
LWPOLYLINE
  5
115
330
17
100
AcDbEntity
  8
SCHEMATICS
 62
7
100
AcDbPolyline
 90
9
 70
0
 10
190.38101196289062
 20
412.94598388671875
 10
190.3483243882656
 20
412.9442014694214
 10
190.3156487941742
 20
412.94273948669434
 10
190.28318455815315
 20
412.9416923522949
 10
190.25113105773926
 20
412.94115447998047
 10
190.21968767046928
 20
412.9412202835083
 10
190.18905377388
 20
412.94198417663574
 10
190.1594287455082
 20
412.9435405731201
 10
190.13101196289062
 20
412.94598388671875
  0
LWPOLYLINE
  5
116
330
17
100
AcDbEntity
  8
SCHEMATICS
 62
7
100
AcDbPolyline
 90
9
 70
0
 10
190.13101196289062
 20
412.94598388671875
 10
190.11363318562508
 20
412.9474598169327
 10
190.0964434146881
 20
412.9493112564087
 10
190.07897362113
 20
412.951175570488
 10
190.06075477600098
 20
412.9526901245117
 10
190.04131785035133
 20
412.9534922838211
 10
190.02019381523132
 20
412.9532194137573
 10
189.9969136416912
 20
412.95150887966156
 10
189.97100830078125
 20
412.947998046875
  0
LWPOLYLINE
  5
117
330
17
100
AcDbEntity
  8
SCHEMATICS
 62
7
100
AcDbPolyline
 90
9
 70
0
 10
189.97100830078125
 20
412.947998046875
 10
189.960852175951
 20
412.945436835289
 10
189.9508707523346
 20
412.9432611465454
 10
189.9414275586605
 20
412.9417334794998
 10
189.93288612365723
 20
412.9411163330078
 10
189.92560997605324
 20
412.941672205925
 10
189.91996264457703
 20
412.94366359710693
 10
189.91630765795708
 20
412.94735300540924
 10
189.91500854492188
 20
412.9530029296875
  0
LWPOLYLINE
  5
118
330
17
100
AcDbEntity
  8
SCHEMATICS
 62
7
100
AcDbPolyline
 90
9
 70
0
 10
191.04800415039062
 20
412.9530029296875
 10
191.04995691776276
 20
412.8544313311577
 10
191.05425357818604
 20
412.7558608055115
 10
191.06080043315887
 20
412.65733820199966
 10
191.0695037841797
 20
412.55891036987305
 10
191.0802699327469
 20
412.4606241583824
 10
191.0930051803589
 20
412.36252641677856
 10
191.1076158285141
 20
412.2646639943123
 10
191.12400817871094
 20
412.1670837402344
  0
LWPOLYLINE
  5
119
330
17
100
AcDbEntity
  8
SCHEMATICS
 62
7
100
AcDbPolyline
 90
9
 70
0
 10
191.12400817871094
 20
412.1670837402344
 10
191.14410614967346
 20
412.0576322674751
 10
191.16687774658203
 20
411.9484829902649
 10
191.19227576255798
 20
411.8397120833397
 10
191.22025299072266
 20
411.73139572143555
 10
191.2507622241974
 20
411.6236100792885
 10
191.28375625610352
 20
411.5164313316345
 10
191.31918787956238
 20
411.4099356532097
 10
191.3570098876953
 20
411.30419921875
  0
LWPOLYLINE
  5
11A
330
17
100
AcDbEntity
  8
SCHEMATICS
 62
7
100
AcDbPolyline
 90
9
 70
0
 10
191.3570098876953
 20
411.30419921875
 10
191.3999884724617
 20
411.189812541008
 10
191.4456639289856
 20
411.076340675354
 10
191.4940122961998
 20
410.9638258218765
 10
191.5450096130371
 20
410.85231018066406
 10
191.59863191843033
 20
410.7418359518051
 10
191.65485525131226
 20
410.6324453353882
 10
191.7136556506157
 20
410.52418053150177
 10
191.77500915527344
 20
410.4170837402344
  0
LWPOLYLINE
  5
11B
330
17
100
AcDbEntity
  8
SCHEMATICS
 62
7
100
AcDbPolyline
 90
9
 70
0
 10
191.77500915527344
 20
410.4170837402344
 10
191.8426055908203
 20
410.30784010887146
 10
191.91265106201172
 20
410.1999454498291
 10
191.98515701293945
 20
410.0935299396515
 10
192.0601348876953
 20
409.9887237548828
 10
192.1375961303711
 20
409.88565707206726
 10
192.2175521850586
 20
409.784460067749
 10
192.3000144958496
 20
409.6852629184723
 10
192.38499450683594
 20
409.58819580078125
  0
LWPOLYLINE
  5
11C
330
17
100
AcDbEntity
  8
SCHEMATICS
 62
7
100
AcDbPolyline
 90
9
 70
0
 10
192.38499450683594
 20
409.58819580078125
 10
192.4746229350567
 20
409.4914895296097
 10
192.56647562980652
 20
409.39658641815186
 10
192.6605295240879
 20
409.30359303951263
 10
192.75676155090332
 20
409.2126159667969
 10
192.85514864325523
 20
409.12376177310944
 10
192.95566773414612
 20
409.0371370315552
 10
193.05829575657845
 20
408.95284831523895
 10
193.1630096435547
 20
408.8710021972656
  0
LWPOLYLINE
  5
11D
330
17
100
AcDbEntity
  8
SCHEMATICS
 62
7
100
AcDbPolyline
 90
9
 70
0
 10
193.1630096435547
 20
408.8710021972656
 10
193.2685149013996
 20
408.7930889725685
 10
193.37575554847717
 20
408.7175679206848
 10
193.48468455672264
 20
408.6444966197014
 10
193.5952548980713
 20
408.5739326477051
 10
193.7074195444584
 20
408.50593358278275
 10
193.8211314678192
 20
408.44055700302124
 10
193.93634364008904
 20
408.3778604865074
 10
194.05300903320312
 20
408.3179016113281
  0
LWPOLYLINE
  5
11E
330
17
100
AcDbEntity
  8
SCHEMATICS
 62
7
100
AcDbPolyline
 90
9
 70
0
 10
194.05300903320312
 20
408.3179016113281
 10
194.1655760705471
 20
408.2619379758835
 10
194.2796914577484
 20
408.2085943222046
 10
194.39521411061287
 20
408.1578928232193
 10
194.5120029449463
 20
408.10985565185547
 10
194.6299168765545
 20
408.06450498104095
 10
194.7488148212433
 20
408.0218629837036
 10
194.8685556948185
 20
407.9819518327713
 10
194.98899841308594
 20
407.9447937011719
  0
LWPOLYLINE
  5
11F
330
17
100
AcDbEntity
  8
SCHEMATICS
 62
7
100
AcDbPolyline
 90
9
 70
0
 10
194.98899841308594
 20
407.9447937011719
 10
195.10135957598686
 20
407.91214060783386
 10
195.21417689323425
 20
407.8815574645996
 10
195.32743874192238
 20
407.8530685901642
 10
195.4411334991455
 20
407.82669830322266
 10
195.5552495419979
 20
407.8024709224701
 10
195.66977524757385
 20
407.78041076660156
 10
195.7846989929676
 20
407.76054215431213
 10
195.90000915527344
 20
407.7428894042969
  0
LWPOLYLINE
  5
120
330
17
100
AcDbEntity
  8
SCHEMATICS
 62
7
100
AcDbPolyline
 90
9
 70
0
 10
195.90000915527344
 20
407.7428894042969
 10
196.0013970732689
 20
407.7306362390518
 10
196.1030421257019
 20
407.7199773788452
 10
196.20492106676102
 20
407.7109249830246
 10
196.30701065063477
 20
407.7034912109375
 10
196.4092876315117
 20
407.69768822193146
 10
196.51172876358032
 20
407.693528175354
 10
196.6143108010292
 20
407.6910232305527
 10
196.71701049804688
 20
407.690185546875
  0
LWPOLYLINE
  5
121
330
17
100
AcDbEntity
  8
SCHEMATICS
 62
7
100
AcDbPolyline
 90
9
 70
0
 10
187.0989990234375
 20
652.6469879150391
 10
187.09922578930855
 20
652.6747328341007
 10
187.09987473487854
 20
652.7024672031403
 10
187.10089883208275
 20
652.7301790416241
 10
187.10225105285645
 20
652.7578563690186
 10
187.1038843691349
 20
652.7854872047901
 10
187.1057517528534
 20
652.8130595684052
 10
187.1078061759472
 20
652.8405614793301
 10
187.11000061035156
 20
652.8679809570312
  0
LWPOLYLINE
  5
122
330
17
100
AcDbEntity
  8
SCHEMATICS
 62
7
100
AcDbPolyline
 90
9
 70
0
 10
187.11000061035156
 20
652.8679809570312
 10
187.11343160271645
 20
652.8959741592407
 10
187.1170036792755
 20
652.9237098693848
 10
187.12076351046562
 20
652.951210975647
 10
187.12475776672363
 20
652.9785003662109
 10
187.1290331184864
 20
653.0056009292603
 10
187.1336362361908
 20
653.0325355529785
 10
187.13861379027367
 20
653.0593271255493
 10
187.14401245117188
 20
653.0859985351562
  0
LWPOLYLINE
  5
123
330
17
100
AcDbEntity
  8
SCHEMATICS
 62
7
100
AcDbPolyline
 90
9
 70
0
 10
187.14401245117188
 20
653.0859985351562
 10
187.154793292284
 20
653.140184044838
 10
187.16689896583557
 20
653.1940069198608
 10
187.18034109473228
 20
653.2474793195724
 10
187.19513130187988
 20
653.3006134033203
 10
187.2112812101841
 20
653.353421330452
 10
187.22880244255066
 20
653.4059152603149
 10
187.2477066218853
 20
653.4581073522568
 10
187.26800537109375
 20
653.510009765625
  0
LWPOLYLINE
  5
124
330
17
100
AcDbEntity
  8
SCHEMATICS
 62
7
100
AcDbPolyline
 90
9
 70
0
 10
187.26800537109375
 20
653.510009765625
 10
187.29018858075142
 20
653.5598076581955
 10
187.3132860660553
 20
653.6093988418579
 10
187.33736810088158
 20
653.6586652994156
 10
187.36250495910645
 20
653.7074890136719
 10
187.3887669146061
 20
653.7557519674301
 10
187.4162242412567
 20
653.8033361434937
 10
187.4449472129345
 20
653.8501235246658
 10
187.47500610351562
 20
653.89599609375
  0
LWPOLYLINE
  5
125
330
17
100
AcDbEntity
  8
SCHEMATICS
 62
7
100
AcDbPolyline
 90
9
 70
0
 10
187.47500610351562
 20
653.89599609375
 10
187.50499120354652
 20
653.9419823288918
 10
187.53638195991516
 20
653.9869618415833
 10
187.56908485293388
 20
654.030957877636
 10
187.60300636291504
 20
654.0739936828613
 10
187.63805297017097
 20
654.1160925030708
 10
187.67413115501404
 20
654.1572775840759
 10
187.71114739775658
 20
654.1975721716881
 10
187.74900817871094
 20
654.2369995117188
  0
LWPOLYLINE
  5
126
330
17
100
AcDbEntity
  8
SCHEMATICS
 62
7
100
AcDbPolyline
 90
9
 70
0
 10
187.74900817871094
 20
654.2369995117188
 10
187.7884722650051
 20
654.2762730717659
 10
187.8288381099701
 20
654.3145871162415
 10
187.87007048726082
 20
654.3519176840782
 10
187.91213417053223
 20
654.388240814209
 10
187.95499393343925
 20
654.4235325455666
 10
187.99861454963684
 20
654.4577689170837
 10
188.04296079277992
 20
654.4909259676933
 10
188.08799743652344
 20
654.5229797363281
  0
LWPOLYLINE
  5
127
330
17
100
AcDbEntity
  8
SCHEMATICS
 62
7
100
AcDbPolyline
 90
9
 70
0
 10
188.08799743652344
 20
654.5229797363281
 10
188.13394936919212
 20
654.5532591938972
 10
188.18034529685974
 20
654.5825276374817
 10
188.22725585103035
 20
654.6107153296471
 10
188.274751663208
 20
654.637752532959
 10
188.32290336489677
 20
654.6635695099831
 10
188.3717815876007
 20
654.6880965232849
 10
188.42145696282387
 20
654.7112638354301
 10
188.4720001220703
 20
654.7330017089844
  0
LWPOLYLINE
  5
128
330
17
100
AcDbEntity
  8
SCHEMATICS
 62
7
100
AcDbPolyline
 90
9
 70
0
 10
188.4720001220703
 20
654.7330017089844
 10
188.52319252490997
 20
654.7542287707329
 10
188.57475757598877
 20
654.7743525505066
 10
188.62669599056244
 20
654.7933025956154
 10
188.67900848388672
 20
654.8110084533691
 10
188.73169577121735
 20
654.8273996710777
 10
188.78475856781006
 20
654.842405796051
 10
188.8381975889206
 20
654.8559563755989
 10
188.8920135498047
 20
654.8679809570312
  0
LWPOLYLINE
  5
129
330
17
100
AcDbEntity
  8
SCHEMATICS
 62
7
100
AcDbPolyline
 90
9
 70
0
 10
188.8920135498047
 20
654.8679809570312
 10
188.94552206993103
 20
654.8792419433594
 10
188.99948978424072
 20
654.8890380859375
 10
189.05381083488464
 20
654.897403717041
 10
189.10837936401367
 20
654.9043731689453
 10
189.1630895137787
 20
654.9099807739258
 10
189.21783542633057
 20
654.9142608642578
 10
189.2725112438202
 20
654.9172477722168
 10
189.32701110839844
 20
654.9189758300781
  0
LWPOLYLINE
  5
12A
330
17
100
AcDbEntity
  8
SCHEMATICS
 62
7
100
AcDbPolyline
 90
9
 70
0
 10
189.32701110839844
 20
416.2460021972656
 10
189.2725112438202
 20
416.2472288608551
 10
189.21783542633057
 20
416.24998474121094
 10
189.1630895137787
 20
416.25422263145447
 10
189.10837936401367
 20
416.25989532470703
 10
189.05381083488464
 20
416.26695561408997
 10
188.99948978424072
 20
416.2753562927246
 10
188.94552206993103
 20
416.2850501537323
 10
188.8920135498047
 20
416.2959899902344
  0
LWPOLYLINE
  5
12B
330
17
100
AcDbEntity
  8
SCHEMATICS
 62
7
100
AcDbPolyline
 90
9
 70
0
 10
188.8920135498047
 20
416.2959899902344
 10
188.8381975889206
 20
416.30762588977814
 10
188.78475856781006
 20
416.3208246231079
 10
188.73169577121735
 20
416.33553540706635
 10
188.67900848388672
 20
416.3517074584961
 10
188.62669599056244
 20
416.3692899942398
 10
188.57475757598877
 20
416.38823223114014
 10
188.52319252490997
 20
416.40848338603973
 10
188.4720001220703
 20
416.42999267578125
  0
LWPOLYLINE
  5
12C
330
17
100
AcDbEntity
  8
SCHEMATICS
 62
7
100
AcDbPolyline
 90
9
 70
0
 10
188.4720001220703
 20
416.42999267578125
 10
188.42145696282387
 20
416.45245337486267
 10
188.3717815876007
 20
416.4761657714844
 10
188.32290336489677
 20
416.50109696388245
 10
188.274751663208
 20
416.52721405029297
 10
188.22725585103035
 20
416.554484128952
 10
188.18034529685974
 20
416.5828742980957
 10
188.13394936919212
 20
416.6123516559601
 10
188.08799743652344
 20
416.64288330078125
  0
LWPOLYLINE
  5
12D
330
17
100
AcDbEntity
  8
SCHEMATICS
 62
7
100
AcDbPolyline
 90
9
 70
0
 10
188.08799743652344
 20
416.64288330078125
 10
188.04296079277992
 20
416.6745009422302
 10
187.99861454963684
 20
416.7069683074951
 10
187.95499393343925
 20
416.7403311729431
 10
187.91213417053223
 20
416.7746353149414
 10
187.87007048726082
 20
416.8099265098572
 10
187.8288381099701
 20
416.8462505340576
 10
187.7884722650051
 20
416.8836531639099
 10
187.74900817871094
 20
416.92218017578125
  0
LWPOLYLINE
  5
12E
330
17
100
AcDbEntity
  8
SCHEMATICS
 62
7
100
AcDbPolyline
 90
9
 70
0
 10
187.74900817871094
 20
416.92218017578125
 10
187.71114739775658
 20
416.9624089002609
 10
187.67413115501404
 20
417.0036611557007
 10
187.63805297017097
 20
417.0458160638809
 10
187.60300636291504
 20
417.08875274658203
 10
187.56908485293388
 20
417.1323503255844
 10
187.53638195991516
 20
417.17648792266846
 10
187.50499120354652
 20
417.22104465961456
 10
187.47500610351562
 20
417.2658996582031
  0
LWPOLYLINE
  5
12F
330
17
100
AcDbEntity
  8
SCHEMATICS
 62
7
100
AcDbPolyline
 90
9
 70
0
 10
187.47500610351562
 20
417.2658996582031
 10
187.4449472129345
 20
417.31240808963776
 10
187.4162242412567
 20
417.3595895767212
 10
187.3887669146061
 20
417.40739047527313
 10
187.36250495910645
 20
417.4557571411133
 10
187.33736810088158
 20
417.50463593006134
 10
187.3132860660553
 20
417.553973197937
 10
187.29018858075142
 20
417.60371530056
 10
187.26800537109375
 20
417.65380859375
  0
LWPOLYLINE
  5
130
330
17
100
AcDbEntity
  8
SCHEMATICS
 62
7
100
AcDbPolyline
 90
9
 70
0
 10
187.26800537109375
 20
417.65380859375
 10
187.2477066218853
 20
417.7054510116577
 10
187.22880244255066
 20
417.7575454711914
 10
187.2112812101841
 20
417.8100633621216
 10
187.19513130187988
 20
417.86297607421875
 10
187.18034109473228
 20
417.9162549972534
 10
187.16689896583557
 20
417.9698715209961
 10
187.154793292284
 20
418.0237970352173
 10
187.14401245117188
 20
418.0780029296875
  0
LWPOLYLINE
  5
131
330
17
100
AcDbEntity
  8
SCHEMATICS
 62
7
100
AcDbPolyline
 90
9
 70
0
 10
187.14401245117188
 20
418.0780029296875
 10
187.13733506202698
 20
418.10847425460815
 10
187.13149166107178
 20
418.1391658782959
 10
187.12637639045715
 20
418.17000913619995
 10
187.12188339233398
 20
418.20093536376953
 10
187.11790680885315
 20
418.23187589645386
 10
187.11434078216553
 20
418.26276206970215
 10
187.111079454422
 20
418.2935252189636
 10
187.10801696777344
 20
418.3240966796875
  0
LWPOLYLINE
  5
132
330
17
100
AcDbEntity
  8
SCHEMATICS
 62
7
100
AcDbPolyline
 90
9
 70
0
 10
184.83200073242188
 20
645.8619995117188
 10
184.83218422532082
 20
645.8952426314354
 10
184.8327190876007
 20
645.9282765388489
 10
184.83358189463615
 20
645.9611709713936
 10
184.83474922180176
 20
645.9939956665039
 10
184.83619764447212
 20
646.0268203616142
 10
184.83790373802185
 20
646.0597147941589
 10
184.83984407782555
 20
646.0927487015724
 10
184.8419952392578
 20
646.1259918212891
  0
LWPOLYLINE
  5
133
330
17
100
AcDbEntity
  8
SCHEMATICS
 62
7
100
AcDbPolyline
 90
9
 70
0
 10
184.8419952392578
 20
646.1259918212891
 10
184.84500595927238
 20
646.1585736870766
 10
184.84808802604675
 20
646.1910729408264
 10
184.85131135582924
 20
646.2235013842583
 10
184.85474586486816
 20
646.2558708190918
 10
184.85846146941185
 20
646.2881930470467
 10
184.86252808570862
 20
646.3204798698425
 10
184.8670156300068
 20
646.3527430891991
 10
184.8719940185547
 20
646.3849945068359
  0
LWPOLYLINE
  5
134
330
17
100
AcDbEntity
  8
SCHEMATICS
 62
7
100
AcDbPolyline
 90
9
 70
0
 10
184.8719940185547
 20
646.3849945068359
 10
184.87734186649323
 20
646.4172439575195
 10
184.882887840271
 20
646.4494934082031
 10
184.88864409923553
 20
646.4817428588867
 10
184.89462280273438
 20
646.5139923095703
 10
184.90083611011505
 20
646.5462417602539
 10
184.9072961807251
 20
646.5784912109375
 10
184.91401517391205
 20
646.6107406616211
 10
184.92100524902344
 20
646.6429901123047
  0
LWPOLYLINE
  5
135
330
17
100
AcDbEntity
  8
SCHEMATICS
 62
7
100
AcDbPolyline
 90
9
 70
0
 10
184.92100524902344
 20
646.6429901123047
 10
184.92897835373878
 20
646.6748204231262
 10
184.93717408180237
 20
646.7065563201904
 10
184.94562765955925
 20
646.7381978034973
 10
184.9543743133545
 20
646.7697448730469
 10
184.96344926953316
 20
646.8011975288391
 10
184.9728877544403
 20
646.832555770874
 10
184.982724994421
 20
646.8638195991516
 10
184.9929962158203
 20
646.8949890136719
  0
LWPOLYLINE
  5
136
330
17
100
AcDbEntity
  8
SCHEMATICS
 62
7
100
AcDbPolyline
 90
9
 70
0
 10
184.9929962158203
 20
646.8949890136719
 10
185.00335228443146
 20
646.9276548326015
 10
185.01414108276367
 20
646.9603669643402
 10
185.02532756328583
 20
646.993078738451
 10
185.0368766784668
 20
647.0257434844971
 10
185.04875338077545
 20
647.0583145320415
 10
185.06092262268066
 20
647.0907452106476
 10
185.0733493566513
 20
647.1229888498783
 10
185.08599853515625
 20
647.1549987792969
  0
LWPOLYLINE
  5
137
330
17
100
AcDbEntity
  8
SCHEMATICS
 62
7
100
AcDbPolyline
 90
9
 70
0
 10
187.0989990234375
 20
422.09088134765625
 10
187.0686257481575
 20
422.1017513871193
 10
187.0382513999939
 20
422.1127419471741
 10
187.00787633657455
 20
422.123936355114
 10
186.97750091552734
 20
422.1354179382324
 10
186.94712549448013
 20
422.1472700238228
 10
186.9167504310608
 20
422.15957593917847
 10
186.8863760828972
 20
422.17241901159286
 10
186.8560028076172
 20
422.1858825683594
  0
LWPOLYLINE
  5
138
330
17
100
AcDbEntity
  8
SCHEMATICS
 62
7
100
AcDbPolyline
 90
9
 70
0
 10
186.8560028076172
 20
422.1858825683594
 10
186.82609581947327
 20
422.19949573278427
 10
186.79637622833252
 20
422.21315717697144
 10
186.76684403419495
 20
422.2269552350044
 10
186.73749923706055
 20
422.2409782409668
 10
186.70834183692932
 20
422.2553145289421
 10
186.67937183380127
 20
422.2700524330139
 10
186.6505892276764
 20
422.2852802872658
 10
186.6219940185547
 20
422.30108642578125
  0
LWPOLYLINE
  5
139
330
17
100
AcDbEntity
  8
SCHEMATICS
 62
7
100
AcDbPolyline
 90
9
 70
0
 10
186.6219940185547
 20
422.30108642578125
 10
186.5932123363018
 20
422.3167454600334
 10
186.56460642814636
 20
422.33244276046753
 10
186.53616467118263
 20
422.34829384088516
 10
186.50787544250488
 20
422.3644142150879
 10
186.47972711920738
 20
422.3809193968773
 10
186.4517080783844
 20
422.39792490005493
 10
186.4238066971302
 20
422.4155462384224
 10
186.39601135253906
 20
422.43389892578125
  0
LWPOLYLINE
  5
13A
330
17
100
AcDbEntity
  8
SCHEMATICS
 62
7
100
AcDbPolyline
 90
9
 70
0
 10
186.39601135253906
 20
422.43389892578125
 10
186.36868053674698
 20
422.4514415860176
 10
186.34145593643188
 20
422.46944665908813
 10
186.31434935331345
 20
422.48782151937485
 10
186.28737258911133
 20
422.50647354125977
 10
186.2605374455452
 20
422.5253100991249
 10
186.23385572433472
 20
422.5442385673523
 10
186.20733922719955
 20
422.56316632032394
 10
186.18099975585938
 20
422.5820007324219
  0
LWPOLYLINE
  5
13B
330
17
100
AcDbEntity
  8
SCHEMATICS
 62
7
100
AcDbPolyline
 90
9
 70
0
 10
186.18099975585938
 20
422.5820007324219
 10
186.12962439656258
 20
422.6233795285225
 10
186.0789988040924
 20
422.6650490760803
 10
186.0291231572628
 20
422.7071456313133
 10
185.9799976348877
 20
422.74980545043945
 10
185.93162241578102
 20
422.79316478967667
 10
185.8839976787567
 20
422.8373599052429
 10
185.8371236026287
 20
422.88252705335617
 10
185.79100036621094
 20
422.9288024902344
  0
LWPOLYLINE
  5
13C
330
17
100
AcDbEntity
  8
SCHEMATICS
 62
7
100
AcDbPolyline
 90
9
 70
0
 10
185.79100036621094
 20
422.9288024902344
 10
185.7593152821064
 20
422.9630386829376
 10
185.72800374031067
 20
422.9974880218506
 10
185.69706591963768
 20
423.03214049339294
 10
185.66650199890137
 20
423.0669860839844
 10
185.63631215691566
 20
423.10201478004456
 10
185.6064965724945
 20
423.13721656799316
 10
185.57705542445183
 20
423.1725814342499
 10
185.54798889160156
 20
423.2080993652344
  0
LWPOLYLINE
  5
13D
330
17
100
AcDbEntity
  8
SCHEMATICS
 62
7
100
AcDbPolyline
 90
9
 70
0
 10
185.18899536132812
 20
423.7830810546875
 10
185.16031104326248
 20
423.84241449832916
 10
185.13277578353882
 20
423.9020833969116
 10
185.1064128279686
 20
423.962122797966
 10
185.08124542236328
 20
424.02256774902344
 10
185.05729681253433
 20
424.08345329761505
 10
185.0345902442932
 20
424.144814491272
 10
185.01314896345139
 20
424.20668637752533
 10
184.9929962158203
 20
424.26910400390625
  0
LWPOLYLINE
  5
13E
330
17
100
AcDbEntity
  8
SCHEMATICS
 62
7
100
AcDbPolyline
 90
9
 70
0
 10
184.9929962158203
 20
424.26910400390625
 10
184.982724994421
 20
424.30079966783524
 10
184.9728877544403
 20
424.3324055671692
 10
184.96344926953316
 20
424.3639721274376
 10
184.9543743133545
 20
424.3955497741699
 10
184.94562765955925
 20
424.42718893289566
 10
184.93717408180237
 20
424.4589400291443
 10
184.92897835373878
 20
424.4908534884453
 10
184.92100524902344
 20
424.5229797363281
  0
LWPOLYLINE
  5
13F
330
17
100
AcDbEntity
  8
SCHEMATICS
 62
7
100
AcDbPolyline
 90
9
 70
0
 10
184.92100524902344
 20
424.5229797363281
 10
184.91401517391205
 20
424.55388528108597
 10
184.9072961807251
 20
424.5851216316223
 10
184.90083611011505
 20
424.616719186306
 10
184.89462280273438
 20
424.64870834350586
 10
184.88864409923553
 20
424.68111950159073
 10
184.882887840271
 20
424.71398305892944
 10
184.87734186649323
 20
424.74732941389084
 10
184.8719940185547
 20
424.78118896484375
  0
LWPOLYLINE
  5
140
330
17
100
AcDbEntity
  8
SCHEMATICS
 62
7
100
AcDbPolyline
 90
9
 70
0
 10
184.8719940185547
 20
424.78118896484375
 10
184.8670156300068
 20
424.8121535181999
 10
184.86252808570862
 20
424.84352254867554
 10
184.85846146941185
 20
424.87525993585587
 10
184.85474586486816
 20
424.9073295593262
 10
184.85131135582924
 20
424.9396952986717
 10
184.84808802604675
 20
424.9723210334778
 10
184.84500595927238
 20
425.0051706433296
 10
184.8419952392578
 20
425.0382080078125
  0
LWPOLYLINE
  5
141
330
17
100
AcDbEntity
  8
SCHEMATICS
 62
7
100
AcDbPolyline
 90
9
 70
0
 10
184.8419952392578
 20
425.0382080078125
 10
184.83984407782555
 20
425.070584833622
 10
184.83790373802185
 20
425.1032452583313
 10
184.83619764447212
 20
425.136095225811
 10
184.83474922180176
 20
425.16904067993164
 10
184.83358189463615
 20
425.20198756456375
 10
184.8327190876007
 20
425.2348418235779
 10
184.83218422532082
 20
425.2675094008446
 10
184.83200073242188
 20
425.2998962402344
  0
LWPOLYLINE
  5
142
330
17
100
AcDbEntity
  8
SCHEMATICS
 62
7
100
AcDbPolyline
 90
9
 70
0
 10
189.36801147460938
 20
654.4320068359375
 10
189.36661836504936
 20
654.453078866005
 10
189.36286902427673
 20
654.4736337661743
 10
189.3574084341526
 20
654.4938124418259
 10
189.3508815765381
 20
654.5137557983398
 10
189.3439334332943
 20
654.5336047410965
 10
189.33720898628235
 20
654.5535001754761
 10
189.33135321736336
 20
654.5735830068588
 10
189.32701110839844
 20
654.593994140625
  0
LWPOLYLINE
  5
143
330
17
100
AcDbEntity
  8
SCHEMATICS
 62
7
100
AcDbPolyline
 90
9
 70
0
 10
189.32701110839844
 20
654.593994140625
 10
189.32442635297775
 20
654.614279448986
 10
189.32321310043335
 20
654.6346144676208
 10
189.32305485010147
 20
654.6549516320229
 10
189.32363510131836
 20
654.6752433776855
 10
189.32463735342026
 20
654.6954421401024
 10
189.3257451057434
 20
654.7155003547668
 10
189.32664185762405
 20
654.7353704571724
 10
189.32701110839844
 20
654.7550048828125
  0
LWPOLYLINE
  5
144
330
17
100
AcDbEntity
  8
SCHEMATICS
 62
7
100
AcDbPolyline
 90
9
 70
0
 10
189.32701110839844
 20
654.7550048828125
 10
189.32815891504288
 20
654.775666475296
 10
189.328697681427
 20
654.7963752746582
 10
189.3287679553032
 20
654.8170840740204
 10
189.32851028442383
 20
654.8377456665039
 10
189.3280652165413
 20
654.8583128452301
 10
189.32757329940796
 20
654.8787384033203
 10
189.32717508077621
 20
654.8989751338959
 10
189.32701110839844
 20
654.9189758300781
  0
LWPOLYLINE
  5
145
330
17
100
AcDbEntity
  8
SCHEMATICS
 62
7
100
AcDbPolyline
 90
9
 70
0
 10
190.16000366210938
 20
426.0928955078125
 10
190.08949846029282
 20
426.09471905231476
 10
190.0189700126648
 20
426.0963888168335
 10
189.94839507341385
 20
426.0979369878769
 10
189.87775039672852
 20
426.0993957519531
 10
189.80701273679733
 20
426.1007972955704
 10
189.73615884780884
 20
426.1021738052368
 10
189.66516548395157
 20
426.10355746746063
 10
189.59400939941406
 20
426.10498046875
  0
LWPOLYLINE
  5
146
330
17
100
AcDbEntity
  8
SCHEMATICS
 62
7
100
AcDbPolyline
 90
9
 70
0
 10
189.36801147460938
 20
653.9429931640625
 10
189.33701080083847
 20
653.9426733255386
 10
189.30621004104614
 20
653.9417448043823
 10
189.27552729845047
 20
653.9402540922165
 10
189.24488067626953
 20
653.9382476806641
 10
189.2141882777214
 20
653.935772061348
 10
189.18336820602417
 20
653.9328737258911
 10
189.1523385643959
 20
653.9295991659164
 10
189.1210174560547
 20
653.9259948730469
  0
LWPOLYLINE
  5
147
330
17
100
AcDbEntity
  8
SCHEMATICS
 62
7
100
AcDbPolyline
 90
9
 70
0
 10
189.1210174560547
 20
653.9259948730469
 10
189.09251400828362
 20
653.9221078753471
 10
189.0639989376068
 20
653.9179244041443
 10
189.03546062111855
 20
653.9134340882301
 10
189.0068874359131
 20
653.9086265563965
 10
188.9782677590847
 20
653.9034914374352
 10
188.94958996772766
 20
653.8980183601379
 10
188.92084243893623
 20
653.8921969532967
 10
188.8920135498047
 20
653.8860168457031
  0
LWPOLYLINE
  5
148
330
17
100
AcDbEntity
  8
SCHEMATICS
 62
7
100
AcDbPolyline
 90
9
 70
0
 10
188.8920135498047
 20
653.8860168457031
 10
188.8381975889206
 20
653.8737350106239
 10
188.78475856781006
 20
653.8601517677307
 10
188.73169577121735
 20
653.8452789187431
 10
188.67900848388672
 20
653.8291282653809
 10
188.62669599056244
 20
653.8117116093636
 10
188.57475757598877
 20
653.7930407524109
 10
188.52319252490997
 20
653.7731274962425
 10
188.4720001220703
 20
653.7519836425781
  0
LWPOLYLINE
  5
149
330
17
100
AcDbEntity
  8
SCHEMATICS
 62
7
100
AcDbPolyline
 90
9
 70
0
 10
188.4720001220703
 20
653.7519836425781
 10
188.42145696282387
 20
653.7293400168419
 10
188.3717815876007
 20
653.7056288719177
 10
188.32290336489677
 20
653.6808155179024
 10
188.274751663208
 20
653.6548652648926
 10
188.22725585103035
 20
653.6277434229851
 10
188.18034529685974
 20
653.5994153022766
 10
188.13394936919212
 20
653.5698462128639
 10
188.08799743652344
 20
653.5390014648438
  0
LWPOLYLINE
  5
14A
330
17
100
AcDbEntity
  8
SCHEMATICS
 62
7
100
AcDbPolyline
 90
9
 70
0
 10
188.08799743652344
 20
653.5390014648438
 10
188.04296079277992
 20
653.5076928734779
 10
187.99861454963684
 20
653.4752831459045
 10
187.95499393343925
 20
653.441795527935
 10
187.91213417053223
 20
653.4072532653809
 10
187.87007048726082
 20
653.3716796040535
 10
187.8288381099701
 20
653.3350977897644
 10
187.7884722650051
 20
653.297531068325
 10
187.74900817871094
 20
653.2590026855469
  0
LWPOLYLINE
  5
14B
330
17
100
AcDbEntity
  8
SCHEMATICS
 62
7
100
AcDbPolyline
 90
9
 70
0
 10
187.74900817871094
 20
653.2590026855469
 10
187.71114739775658
 20
653.2193674445152
 10
187.67413115501404
 20
653.1785502433777
 10
187.63805297017097
 20
653.1366794705391
 10
187.60300636291504
 20
653.0938835144043
 10
187.56908485293388
 20
653.0502907633781
 10
187.53638195991516
 20
653.0060296058655
 10
187.50499120354652
 20
652.9612284302711
 10
187.47500610351562
 20
652.916015625
  0
LWPOLYLINE
  5
14C
330
17
100
AcDbEntity
  8
SCHEMATICS
 62
7
100
AcDbPolyline
 90
9
 70
0
 10
187.47500610351562
 20
652.916015625
 10
187.4449472129345
 20
652.8689466714859
 10
187.4162242412567
 20
652.8214664459229
 10
187.3887669146061
 20
652.7735399007797
 10
187.36250495910645
 20
652.7251319885254
 10
187.33736810088158
 20
652.6762076616287
 10
187.3132860660553
 20
652.6267318725586
 10
187.29018858075142
 20
652.5766695737839
 10
187.26800537109375
 20
652.5259857177734
  0
LWPOLYLINE
  5
14D
330
17
100
AcDbEntity
  8
SCHEMATICS
 62
7
100
AcDbPolyline
 90
9
 70
0
 10
187.26800537109375
 20
652.5259857177734
 10
187.2477066218853
 20
652.4753784537315
 10
187.22880244255066
 20
652.4240756034851
 10
187.2112812101841
 20
652.3721368908882
 10
187.19513130187988
 20
652.3196220397949
 10
187.18034109473228
 20
652.2665907740593
 10
187.16689896583557
 20
652.2131028175354
 10
187.154793292284
 20
652.1592178940773
 10
187.14401245117188
 20
652.1049957275391
  0
LWPOLYLINE
  5
14E
330
17
100
AcDbEntity
  8
SCHEMATICS
 62
7
100
AcDbPolyline
 90
9
 70
0
 10
187.14401245117188
 20
652.1049957275391
 10
187.13861379027367
 20
652.0782425403595
 10
187.1336362361908
 20
652.0512790679932
 10
187.1290331184864
 20
652.0241754055023
 10
187.12475776672363
 20
651.9970016479492
 10
187.12076351046562
 20
651.9698278903961
 10
187.1170036792755
 20
651.9427242279053
 10
187.11343160271645
 20
651.9157607555389
 10
187.11000061035156
 20
651.8890075683594
  0
LWPOLYLINE
  5
14F
330
17
100
AcDbEntity
  8
SCHEMATICS
 62
7
100
AcDbPolyline
 90
9
 70
0
 10
189.1070098876953
 20
655.2229919433594
 10
189.07972040772438
 20
655.2196822762489
 10
189.0525963306427
 20
655.2158207893372
 10
189.02561423182487
 20
655.211513698101
 10
188.9987506866455
 20
655.2068672180176
 10
188.9719822704792
 20
655.2019875645638
 10
188.94528555870056
 20
655.1969809532166
 10
188.9186371266842
 20
655.191953599453
 10
188.8920135498047
 20
655.18701171875
  0
LWPOLYLINE
  5
150
330
17
100
AcDbEntity
  8
SCHEMATICS
 62
7
100
AcDbPolyline
 90
9
 70
0
 10
188.8920135498047
 20
655.18701171875
 10
188.8381975889206
 20
655.1746524572372
 10
188.78475856781006
 20
655.1608991622925
 10
188.73169577121735
 20
655.1458569765091
 10
188.67900848388672
 20
655.1296310424805
 10
188.62669599056244
 20
655.1123265028
 10
188.57475757598877
 20
655.094048500061
 10
188.52319252490997
 20
655.074902176857
 10
188.4720001220703
 20
655.0549926757812
  0
LWPOLYLINE
  5
151
330
17
100
AcDbEntity
  8
SCHEMATICS
 62
7
100
AcDbPolyline
 90
9
 70
0
 10
188.4720001220703
 20
655.0549926757812
 10
188.42145696282387
 20
655.0318939685822
 10
188.3717815876007
 20
655.0076351165771
 10
188.32290336489677
 20
654.9822747707367
 10
188.274751663208
 20
654.9558715820312
 10
188.22725585103035
 20
654.9284842014313
 10
188.18034529685974
 20
654.9001712799072
 10
188.13394936919212
 20
654.8709914684296
 10
188.08799743652344
 20
654.8410034179688
  0
LWPOLYLINE
  5
152
330
17
100
AcDbEntity
  8
SCHEMATICS
 62
7
100
AcDbPolyline
 90
9
 70
0
 10
188.08799743652344
 20
654.8410034179688
 10
188.04296079277992
 20
654.8092752099037
 10
187.99861454963684
 20
654.7763772010803
 10
187.95499393343925
 20
654.7423555254936
 10
187.91213417053223
 20
654.7072563171387
 10
187.87007048726082
 20
654.6711257100105
 10
187.8288381099701
 20
654.6340098381042
 10
187.7884722650051
 20
654.5959548354149
 10
187.74900817871094
 20
654.5570068359375
  0
LWPOLYLINE
  5
153
330
17
100
AcDbEntity
  8
SCHEMATICS
 62
7
100
AcDbPolyline
 90
9
 70
0
 10
187.74900817871094
 20
654.5570068359375
 10
187.71114739775658
 20
654.517290353775
 10
187.67413115501404
 20
654.4768600463867
 10
187.63805297017097
 20
654.4356572628021
 10
187.60300636291504
 20
654.3936233520508
 10
187.56908485293388
 20
654.3506996631622
 10
187.53638195991516
 20
654.306827545166
 10
187.50499120354652
 20
654.2619483470917
 10
187.47500610351562
 20
654.2160034179688
  0
LWPOLYLINE
  5
154
330
17
100
AcDbEntity
  8
SCHEMATICS
 62
7
100
AcDbPolyline
 90
9
 70
0
 10
187.47500610351562
 20
654.2160034179688
 10
187.4449472129345
 20
654.1695046424866
 10
187.4162242412567
 20
654.12229347229
 10
187.3887669146061
 20
654.0744042396545
 10
187.36250495910645
 20
654.0258712768555
 10
187.33736810088158
 20
653.9767289161682
 10
187.3132860660553
 20
653.9270114898682
 10
187.29018858075142
 20
653.8767533302307
 10
187.26800537109375
 20
653.8259887695312
  0
LWPOLYLINE
  5
155
330
17
100
AcDbEntity
  8
SCHEMATICS
 62
7
100
AcDbPolyline
 90
9
 70
0
 10
187.26800537109375
 20
653.8259887695312
 10
187.2477066218853
 20
653.7753021121025
 10
187.22880244255066
 20
653.7238154411316
 10
187.2112812101841
 20
653.6716700196266
 10
187.19513130187988
 20
653.6190071105957
 10
187.18034109473228
 20
653.565967977047
 10
187.16689896583557
 20
653.5126938819885
 10
187.154793292284
 20
653.4593260884285
 10
187.14401245117188
 20
653.406005859375
  0
LWPOLYLINE
  5
156
330
17
100
AcDbEntity
  8
SCHEMATICS
 62
7
100
AcDbPolyline
 90
9
 70
0
 10
187.14401245117188
 20
653.406005859375
 10
187.13861379027367
 20
653.3783444166183
 10
187.1336362361908
 20
653.350848197937
 10
187.1290331184864
 20
653.3234935998917
 10
187.12475776672363
 20
653.296257019043
 10
187.12076351046562
 20
653.2691148519516
 10
187.1170036792755
 20
653.2420434951782
 10
187.11343160271645
 20
653.2150193452835
 10
187.11000061035156
 20
653.1880187988281
  0
LWPOLYLINE
  5
157
330
17
100
AcDbEntity
  8
SCHEMATICS
 62
7
100
AcDbPolyline
 90
9
 70
0
 10
187.11000061035156
 20
653.1880187988281
 10
187.1078061759472
 20
653.1597318649292
 10
187.1057517528534
 20
653.1318225860596
 10
187.1038843691349
 20
653.1041965484619
 10
187.10225105285645
 20
653.0767593383789
 10
187.10089883208275
 20
653.0494165420532
 10
187.09987473487854
 20
653.0220737457275
 10
187.09922578930855
 20
652.9946365356445
 10
187.0989990234375
 20
652.9670104980469
  0
LWPOLYLINE
  5
158
330
17
100
AcDbEntity
  8
SCHEMATICS
 62
7
100
AcDbPolyline
 90
9
 70
0
 10
189.32701110839844
 20
416.2460021972656
 10
189.32717508077621
 20
416.26610308885574
 10
189.32757329940796
 20
416.28605127334595
 10
189.3280652165413
 20
416.30594581365585
 10
189.32851028442383
 20
416.3258857727051
 10
189.3287679553032
 20
416.34597021341324
 10
189.328697681427
 20
416.36629819869995
 10
189.32815891504288
 20
416.38696879148483
 10
189.32701110839844
 20
416.4080810546875
  0
LWPOLYLINE
  5
159
330
17
100
AcDbEntity
  8
SCHEMATICS
 62
7
100
AcDbPolyline
 90
9
 70
0
 10
189.32701110839844
 20
416.4080810546875
 10
189.32664185762405
 20
416.42787712812424
 10
189.3257451057434
 20
416.4481291770935
 10
189.32463735342026
 20
416.4686351418495
 10
189.32363510131836
 20
416.4891929626465
 10
189.32305485010147
 20
416.5096005797386
 10
189.32321310043335
 20
416.5296559333801
 10
189.32442635297775
 20
416.5491569638252
 10
189.32701110839844
 20
416.5679016113281
  0
LWPOLYLINE
  5
15A
330
17
100
AcDbEntity
  8
SCHEMATICS
 62
7
100
AcDbPolyline
 90
9
 70
0
 10
189.32701110839844
 20
416.5679016113281
 10
189.33135321736336
 20
416.58874118328094
 10
189.33720898628235
 20
416.6092138290405
 10
189.3439334332943
 20
416.6294561624527
 10
189.3508815765381
 20
416.6496047973633
 10
189.3574084341526
 20
416.6697963476181
 10
189.36286902427673
 20
416.690167427063
 10
189.36661836504936
 20
416.71085464954376
 10
189.36801147460938
 20
416.73199462890625
  0
LWPOLYLINE
  5
15B
330
17
100
AcDbEntity
  8
SCHEMATICS
 62
7
100
AcDbPolyline
 90
9
 70
0
 10
187.0989990234375
 20
418.1947937011719
 10
187.09922578930855
 20
418.1676405072212
 10
187.09987473487854
 20
418.14010858535767
 10
187.10089883208275
 20
418.1123055815697
 10
187.10225105285645
 20
418.0843391418457
 10
187.1038843691349
 20
418.0563169121742
 10
187.1057517528534
 20
418.0283465385437
 10
187.1078061759472
 20
418.0005356669426
 10
187.11000061035156
 20
417.9729919433594
  0
LWPOLYLINE
  5
15C
330
17
100
AcDbEntity
  8
SCHEMATICS
 62
7
100
AcDbPolyline
 90
9
 70
0
 10
187.11000061035156
 20
417.9729919433594
 10
187.11343160271645
 20
417.94629549980164
 10
187.1170036792755
 20
417.91955757141113
 10
187.12076351046562
 20
417.8928110599518
 10
187.12475776672363
 20
417.8660888671875
 10
187.1290331184864
 20
417.8394238948822
 10
187.1336362361908
 20
417.8128490447998
 10
187.13861379027367
 20
417.7863972187042
 10
187.14401245117188
 20
417.7601013183594
  0
LWPOLYLINE
  5
15D
330
17
100
AcDbEntity
  8
SCHEMATICS
 62
7
100
AcDbPolyline
 90
9
 70
0
 10
187.14401245117188
 20
417.7601013183594
 10
187.154793292284
 20
417.705313205719
 10
187.16689896583557
 20
417.6510887145996
 10
187.18034109473228
 20
417.5973620414734
 10
187.19513130187988
 20
417.5440673828125
 10
187.2112812101841
 20
417.4911389350891
 10
187.22880244255066
 20
417.4385108947754
 10
187.2477066218853
 20
417.3861174583435
 10
187.26800537109375
 20
417.3338928222656
  0
LWPOLYLINE
  5
15E
330
17
100
AcDbEntity
  8
SCHEMATICS
 62
7
100
AcDbPolyline
 90
9
 70
0
 10
187.26800537109375
 20
417.3338928222656
 10
187.29018858075142
 20
417.2841736674309
 10
187.3132860660553
 20
417.2346816062927
 10
187.33736810088158
 20
417.1855006814003
 10
187.36250495910645
 20
417.13671493530273
 10
187.3887669146061
 20
417.08840841054916
 10
187.4162242412567
 20
417.0406651496887
 10
187.4449472129345
 20
416.99356919527054
 10
187.47500610351562
 20
416.94720458984375
  0
LWPOLYLINE
  5
15F
330
17
100
AcDbEntity
  8
SCHEMATICS
 62
7
100
AcDbPolyline
 90
9
 70
0
 10
187.47500610351562
 20
416.94720458984375
 10
187.50499120354652
 20
416.90138977766037
 10
187.53638195991516
 20
416.85634565353394
 10
187.56908485293388
 20
416.8121762871742
 10
187.60300636291504
 20
416.768985748291
 10
187.63805297017097
 20
416.7268781065941
 10
187.67413115501404
 20
416.6859574317932
 10
187.71114739775658
 20
416.6463277935982
 10
187.74900817871094
 20
416.60809326171875
  0
LWPOLYLINE
  5
160
330
17
100
AcDbEntity
  8
SCHEMATICS
 62
7
100
AcDbPolyline
 90
9
 70
0
 10
187.74900817871094
 20
416.60809326171875
 10
187.7884722650051
 20
416.5687623023987
 10
187.8288381099701
 20
416.5304298400879
 10
187.87007048726082
 20
416.4931101799011
 10
187.91213417053223
 20
416.4568176269531
 10
187.95499393343925
 20
416.42156648635864
 10
187.99861454963684
 20
416.3873710632324
 10
188.04296079277992
 20
416.3542456626892
 10
188.08799743652344
 20
416.32220458984375
  0
LWPOLYLINE
  5
161
330
17
100
AcDbEntity
  8
SCHEMATICS
 62
7
100
AcDbPolyline
 90
9
 70
0
 10
188.08799743652344
 20
416.32220458984375
 10
188.13394936919212
 20
416.2920839190483
 10
188.18034529685974
 20
416.26275968551636
 10
188.22725585103035
 20
416.2343273758888
 10
188.274751663208
 20
416.20688247680664
 10
188.32290336489677
 20
416.18052047491074
 10
188.3717815876007
 20
416.15533685684204
 10
188.42145696282387
 20
416.1314271092415
 10
188.4720001220703
 20
416.10888671875
  0
LWPOLYLINE
  5
162
330
17
100
AcDbEntity
  8
SCHEMATICS
 62
7
100
AcDbPolyline
 90
9
 70
0
 10
188.4720001220703
 20
416.10888671875
 10
188.52319252490997
 20
416.08785450458527
 10
188.57475757598877
 20
416.0681104660034
 10
188.62669599056244
 20
416.04965817928314
 10
188.67900848388672
 20
416.0325012207031
 10
188.73169577121735
 20
416.01664316654205
 10
188.78475856781006
 20
416.0020875930786
 10
188.8381975889206
 20
415.9888380765915
 10
188.8920135498047
 20
415.9768981933594
  0
LWPOLYLINE
  5
163
330
17
100
AcDbEntity
  8
SCHEMATICS
 62
7
100
AcDbPolyline
 90
9
 70
0
 10
188.8920135498047
 20
415.9768981933594
 10
188.93952468037605
 20
415.96705478429794
 10
188.98749375343323
 20
415.9583411216736
 10
189.03581508994102
 20
415.95070534944534
 10
189.08438301086426
 20
415.94409561157227
 10
189.13309183716774
 20
415.9384600520134
 10
189.18183588981628
 20
415.9337468147278
 10
189.2305094897747
 20
415.92990404367447
 10
189.2790069580078
 20
415.9268798828125
  0
LWPOLYLINE
  5
164
330
17
100
AcDbEntity
  8
SCHEMATICS
 62
7
100
AcDbPolyline
 90
9
 70
0
 10
187.11000061035156
 20
419.2740783691406
 10
187.11343160271645
 20
419.2469443678856
 10
187.1170036792755
 20
419.2197241783142
 10
187.12076351046562
 20
419.19249469041824
 10
187.12475776672363
 20
419.16533279418945
 10
187.1290331184864
 20
419.1383153796196
 10
187.1336362361908
 20
419.11151933670044
 10
187.13861379027367
 20
419.08502155542374
 10
187.14401245117188
 20
419.05889892578125
  0
LWPOLYLINE
  5
165
330
17
100
AcDbEntity
  8
SCHEMATICS
 62
7
100
AcDbPolyline
 90
9
 70
0
 10
187.14401245117188
 20
419.05889892578125
 10
187.154793292284
 20
419.00416803359985
 10
187.16689896583557
 20
418.9501209259033
 10
187.18034109473228
 20
418.89670038223267
 10
187.19513130187988
 20
418.8438491821289
 10
187.2112812101841
 20
418.79151010513306
 10
187.22880244255066
 20
418.73962593078613
 10
187.2477066218853
 20
418.68813943862915
 10
187.26800537109375
 20
418.6369934082031
  0
LWPOLYLINE
  5
166
330
17
100
AcDbEntity
  8
SCHEMATICS
 62
7
100
AcDbPolyline
 90
9
 70
0
 10
187.26800537109375
 20
418.6369934082031
 10
187.29018858075142
 20
418.586145401001
 10
187.3132860660553
 20
418.53561782836914
 10
187.33736810088158
 20
418.4855537414551
 10
187.36250495910645
 20
418.43609619140625
 10
187.3887669146061
 20
418.3873882293701
 10
187.4162242412567
 20
418.33957290649414
 10
187.4449472129345
 20
418.2927932739258
 10
187.47500610351562
 20
418.2471923828125
  0
LWPOLYLINE
  5
167
330
17
100
AcDbEntity
  8
SCHEMATICS
 62
7
100
AcDbPolyline
 90
9
 70
0
 10
187.47500610351562
 20
418.2471923828125
 10
187.50499120354652
 20
418.2014905810356
 10
187.53638195991516
 20
418.156711101532
 10
187.56908485293388
 20
418.11284643411636
 10
187.60300636291504
 20
418.0698890686035
 10
187.63805297017097
 20
418.0278314948082
 10
187.67413115501404
 20
417.98666620254517
 10
187.71114739775658
 20
417.9463856816292
 10
187.74900817871094
 20
417.906982421875
  0
LWPOLYLINE
  5
168
330
17
100
AcDbEntity
  8
SCHEMATICS
 62
7
100
AcDbPolyline
 90
9
 70
0
 10
187.74900817871094
 20
417.906982421875
 10
187.7884722650051
 20
417.8677899837494
 10
187.8288381099701
 20
417.8296489715576
 10
187.87007048726082
 20
417.7925808429718
 10
187.91213417053223
 20
417.75660705566406
 10
187.95499393343925
 20
417.7217490673065
 10
187.99861454963684
 20
417.6880283355713
 10
188.04296079277992
 20
417.6554663181305
 10
188.08799743652344
 20
417.62408447265625
  0
LWPOLYLINE
  5
169
330
17
100
AcDbEntity
  8
SCHEMATICS
 62
7
100
AcDbPolyline
 90
9
 70
0
 10
188.08799743652344
 20
417.62408447265625
 10
188.13394936919212
 20
417.59280574321747
 10
188.18034529685974
 20
417.562819480896
 10
188.22725585103035
 20
417.5341821908951
 10
188.274751663208
 20
417.50695037841797
 10
188.32290336489677
 20
417.4811805486679
 10
188.3717815876007
 20
417.45692920684814
 10
188.42145696282387
 20
417.4342528581619
 10
188.4720001220703
 20
417.4132080078125
  0
LWPOLYLINE
  5
16A
330
17
100
AcDbEntity
  8
SCHEMATICS
 62
7
100
AcDbPolyline
 90
9
 70
0
 10
188.4720001220703
 20
417.4132080078125
 10
188.52319252490997
 20
417.39229840040207
 10
188.57475757598877
 20
417.3723769187927
 10
188.62669599056244
 20
417.3535218834877
 10
188.67900848388672
 20
417.33581161499023
 10
188.73169577121735
 20
417.31932443380356
 10
188.78475856781006
 20
417.3041386604309
 10
188.8381975889206
 20
417.2903326153755
 10
188.8920135498047
 20
417.2779846191406
  0
LWPOLYLINE
  5
16B
330
17
100
AcDbEntity
  8
SCHEMATICS
 62
7
100
AcDbPolyline
 90
9
 70
0
 10
188.8920135498047
 20
417.2779846191406
 10
188.92084243893623
 20
417.2715071439743
 10
188.94958996772766
 20
417.2654695510864
 10
188.9782677590847
 20
417.2598453760147
 10
189.0068874359131
 20
417.2546081542969
 10
189.03546062111855
 20
417.24973142147064
 10
189.0639989376068
 20
417.24518871307373
 10
189.09251400828362
 20
417.24095356464386
 10
189.1210174560547
 20
417.23699951171875
  0
LWPOLYLINE
  5
16C
330
17
100
AcDbEntity
  8
SCHEMATICS
 62
7
100
AcDbPolyline
 90
9
 70
0
 10
189.1210174560547
 20
417.23699951171875
 10
189.1523385643959
 20
417.23400658369064
 10
189.18336820602417
 20
417.23122358322144
 10
189.2141882777214
 20
417.2287088036537
 10
189.24488067626953
 20
417.2265205383301
 10
189.27552729845047
 20
417.2247170805931
 10
189.30621004104614
 20
417.2233567237854
 10
189.33701080083847
 20
417.22249776124954
 10
189.36801147460938
 20
417.2221984863281
  0
LWPOLYLINE
  5
16D
330
17
100
AcDbEntity
  8
SCHEMATICS
 62
7
100
AcDbPolyline
 90
9
 70
0
 10
189.32701110839844
 20
415.9268798828125
 10
189.39400920271873
 20
415.9253186583519
 10
189.4608075618744
 20
415.92408323287964
 10
189.52748826146126
 20
415.9230588078499
 10
189.5941333770752
 20
415.9221305847168
 10
189.66082498431206
 20
415.92118376493454
 10
189.7276451587677
 20
415.9201035499573
 10
189.79467597603798
 20
415.91877514123917
 10
189.86199951171875
 20
415.9170837402344
  0
LWPOLYLINE
  5
16E
330
17
100
AcDbEntity
  8
SCHEMATICS
 62
7
100
AcDbPolyline
 90
9
 70
0
 10
189.86199951171875
 20
655.2439880371094
 10
189.79467597603798
 20
655.2434792518616
 10
189.7276451587677
 20
655.2427387237549
 10
189.66082498431206
 20
655.2418122291565
 10
189.5941333770752
 20
655.2407455444336
 10
189.52748826146126
 20
655.2395844459534
 10
189.4608075618744
 20
655.238374710083
 10
189.39400920271873
 20
655.2371621131897
 10
189.32701110839844
 20
655.2359924316406
  0
LWPOLYLINE
  5
16F
330
17
100
AcDbEntity
  8
SCHEMATICS
 62
7
100
AcDbPolyline
 90
9
 70
0
 10
184.83200073242188
 20
455.34210205078125
 10
184.8358424603939
 20
455.3248201608658
 10
184.84660983085632
 20
455.31286907196045
 10
184.86316612362862
 20
455.3054255247116
 10
184.88437461853027
 20
455.3016662597656
 10
184.90909859538078
 20
455.30076801776886
 10
184.93620133399963
 20
455.3019075393677
 10
184.9645461142063
 20
455.30426156520844
 10
184.9929962158203
 20
455.3070068359375
  0
LWPOLYLINE
  5
170
330
17
100
AcDbEntity
  8
SCHEMATICS
 62
7
100
AcDbPolyline
 90
9
 70
0
 10
184.9929962158203
 20
455.3070068359375
 10
185.00100088119507
 20
455.3071392774582
 10
185.00922870635986
 20
455.3074884414673
 10
185.01762104034424
 20
455.3079820871353
 10
185.02611923217773
 20
455.3085479736328
 10
185.0346646308899
 20
455.3091138601303
 10
185.04319858551025
 20
455.30960750579834
 10
185.05166244506836
 20
455.30995666980743
 10
185.05999755859375
 20
455.3100891113281
  0
LWPOLYLINE
  5
171
330
17
100
AcDbEntity
  8
SCHEMATICS
 62
7
100
AcDbPolyline
 90
9
 70
0
 10
184.83200073242188
 20
442.0820007324219
 10
184.83453005552292
 20
441.9524416923523
 10
184.84211015701294
 20
441.8227195739746
 10
184.85472923517227
 20
441.6931405067444
 10
184.87237548828125
 20
441.5640106201172
 10
184.8950371146202
 20
441.4356360435486
 10
184.92270231246948
 20
441.30832290649414
 10
184.9553592801094
 20
441.1823773384094
 10
184.9929962158203
 20
441.05810546875
  0
LWPOLYLINE
  5
172
330
17
100
AcDbEntity
  8
SCHEMATICS
 62
7
100
AcDbPolyline
 90
9
 70
0
 10
184.9929962158203
 20
441.05810546875
 10
184.99921450018883
 20
441.03664898872375
 10
185.00582098960876
 20
441.0150966644287
 10
185.0127332508564
 20
440.9935414791107
 10
185.019868850708
 20
440.9720764160156
 10
185.02714535593987
 20
440.9507944583893
 10
185.03448033332825
 20
440.92978858947754
 10
185.04179134964943
 20
440.90915179252625
 10
185.0489959716797
 20
440.88897705078125
  0
LWPOLYLINE
  5
173
330
17
100
AcDbEntity
  8
SCHEMATICS
 62
7
100
AcDbPolyline
 90
9
 70
0
 10
210.6840057373047
 20
649.0729827880859
 10
210.77227541804314
 20
649.0712922215462
 10
210.86066222190857
 20
649.0662045478821
 10
210.94890847802162
 20
649.0576958060265
 10
211.03675651550293
 20
649.0457420349121
 10
211.12394866347313
 20
649.0303192734718
 10
211.21022725105286
 20
649.0114035606384
 10
211.29533460736275
 20
648.9889709353447
 10
211.37901306152344
 20
648.9629974365234
  0
LWPOLYLINE
  5
174
330
17
100
AcDbEntity
  8
SCHEMATICS
 62
7
100
AcDbPolyline
 90
9
 70
0
 10
211.37901306152344
 20
648.9629974365234
 10
211.4642127752304
 20
648.9348449707031
 10
211.54798126220703
 20
648.9029788970947
 10
211.63020193576813
 20
648.867527961731
 10
211.71075820922852
 20
648.8286209106445
 10
211.78953349590302
 20
648.7863864898682
 10
211.86641120910645
 20
648.7409534454346
 10
211.94127476215363
 20
648.6924505233765
 10
212.01400756835938
 20
648.6410064697266
  0
LWPOLYLINE
  5
175
330
17
100
AcDbEntity
  8
SCHEMATICS
 62
7
100
AcDbPolyline
 90
9
 70
0
 10
212.01400756835938
 20
648.6410064697266
 10
212.0859036743641
 20
648.5874415636063
 10
212.15531659126282
 20
648.5310649871826
 10
212.22219929099083
 20
648.4719704389572
 10
212.2865047454834
 20
648.4102516174316
 10
212.3481859266758
 20
648.3460022211075
 10
212.4071958065033
 20
648.2793159484863
 10
212.46348735690117
 20
648.2102864980698
 10
212.5170135498047
 20
648.1390075683594
  0
LWPOLYLINE
  5
176
330
17
100
AcDbEntity
  8
SCHEMATICS
 62
7
100
AcDbPolyline
 90
9
 70
0
 10
212.5170135498047
 20
648.1390075683594
 10
212.56870365142822
 20
648.064871430397
 10
212.61725521087646
 20
647.9888391494751
 10
212.66262102127075
 20
647.9110745191574
 10
212.70475387573242
 20
647.8317413330078
 10
212.7436065673828
 20
647.7510033845901
 10
212.77913188934326
 20
647.6690244674683
 10
212.8112826347351
 20
647.585968375206
 10
212.8400115966797
 20
647.5019989013672
  0
LWPOLYLINE
  5
177
330
17
100
AcDbEntity
  8
SCHEMATICS
 62
7
100
AcDbPolyline
 90
9
 70
0
 10
212.8400115966797
 20
647.5019989013672
 10
212.86578249931335
 20
647.4163062572479
 10
212.88830757141113
 20
647.3296537399292
 10
212.90752816200256
 20
647.2422988414764
 10
212.9233856201172
 20
647.1544990539551
 10
212.93582129478455
 20
647.0665118694305
 10
212.94477653503418
 20
646.9785947799683
 10
212.95019268989563
 20
646.8910052776337
 10
212.95201110839844
 20
646.8040008544922
  0
LWPOLYLINE
  5
178
330
17
100
AcDbEntity
  8
SCHEMATICS
 62
7
100
AcDbPolyline
 90
9
 70
0
 10
185.05999755859375
 20
646.8040008544922
 10
185.06168550252914
 20
646.8910052776337
 10
185.06674909591675
 20
646.9785947799683
 10
185.0751879811287
 20
647.0665118694305
 10
185.0870018005371
 20
647.1544990539551
 10
185.10219019651413
 20
647.2422988414764
 10
185.12075281143188
 20
647.3296537399292
 10
185.1426892876625
 20
647.4163062572479
 10
185.16799926757812
 20
647.5019989013672
  0
LWPOLYLINE
  5
179
330
17
100
AcDbEntity
  8
SCHEMATICS
 62
7
100
AcDbPolyline
 90
9
 70
0
 10
185.16799926757812
 20
647.5019989013672
 10
185.1971783041954
 20
647.585968375206
 10
185.2298731803894
 20
647.6690244674683
 10
185.26594334840775
 20
647.7510033845901
 10
185.30524826049805
 20
647.8317413330078
 10
185.34764736890793
 20
647.9110745191574
 10
185.393000125885
 20
647.9888391494751
 10
185.4411659836769
 20
648.064871430397
 10
185.49200439453125
 20
648.1390075683594
  0
LWPOLYLINE
  5
17A
330
17
100
AcDbEntity
  8
SCHEMATICS
 62
7
100
AcDbPolyline
 90
9
 70
0
 10
185.49200439453125
 20
648.1390075683594
 10
185.54536151885986
 20
648.2102864980698
 10
185.60179996490479
 20
648.2793159484863
 10
185.66112089157104
 20
648.3460022211075
 10
185.72312545776367
 20
648.4102516174316
 10
185.7876148223877
 20
648.4719704389572
 10
185.85439014434814
 20
648.5310649871826
 10
185.92325258255005
 20
648.5874415636063
 10
185.99400329589844
 20
648.6410064697266
  0
LWPOLYLINE
  5
17B
330
17
100
AcDbEntity
  8
SCHEMATICS
 62
7
100
AcDbPolyline
 90
9
 70
0
 10
185.99400329589844
 20
648.6410064697266
 10
186.06743282079697
 20
648.6924505233765
 10
186.14289045333862
 20
648.7409534454346
 10
186.22024708986282
 20
648.7863864898682
 10
186.29937362670898
 20
648.8286209106445
 10
186.38014096021652
 20
648.867527961731
 10
186.46241998672485
 20
648.9029788970947
 10
186.5460816025734
 20
648.9348449707031
 10
186.63099670410156
 20
648.9629974365234
  0
LWPOLYLINE
  5
17C
330
17
100
AcDbEntity
  8
SCHEMATICS
 62
7
100
AcDbPolyline
 90
9
 70
0
 10
186.63099670410156
 20
648.9629974365234
 10
186.7155421078205
 20
648.9895448386669
 10
186.80108189582825
 20
649.0122468471527
 10
186.887487500906
 20
649.0311976969242
 10
186.97463035583496
 20
649.0464916229248
 10
187.06238189339638
 20
649.0582228600979
 10
187.15061354637146
 20
649.0664856433868
 10
187.23919674754143
 20
649.0713742077351
 10
187.3280029296875
 20
649.0729827880859
  0
LWPOLYLINE
  5
17D
330
17
100
AcDbEntity
  8
SCHEMATICS
 62
7
100
AcDbPolyline
 90
9
 70
0
 10
212.95201110839844
 20
424.5010986328125
 10
212.95024898648262
 20
424.42109990119934
 10
212.9450409412384
 20
424.3409252166748
 10
212.93650445342064
 20
424.2608048915863
 10
212.92475700378418
 20
424.18096923828125
 10
212.90991607308388
 20
424.10164856910706
 10
212.89209914207458
 20
424.02307319641113
 10
212.87142369151115
 20
423.9454734325409
 10
212.84800720214844
 20
423.86907958984375
  0
LWPOLYLINE
  5
17E
330
17
100
AcDbEntity
  8
SCHEMATICS
 62
7
100
AcDbPolyline
 90
9
 70
0
 10
212.84800720214844
 20
423.86907958984375
 10
212.82092136144638
 20
423.7928498983383
 10
212.79068231582642
 20
423.7180299758911
 10
212.75732547044754
 20
423.6447106599808
 10
212.72088623046875
 20
423.57298278808594
 10
212.68140000104904
 20
423.50293719768524
 10
212.6389021873474
 20
423.4346647262573
 10
212.59342819452286
 20
423.3682562112808
 10
212.54501342773438
 20
423.3038024902344
  0
LWPOLYLINE
  5
17F
330
17
100
AcDbEntity
  8
SCHEMATICS
 62
7
100
AcDbPolyline
 90
9
 70
0
 10
212.54501342773438
 20
423.3038024902344
 10
212.49445471167564
 20
423.2410418391228
 10
212.4411313533783
 20
423.1803050041199
 10
212.38518407940865
 20
423.12174755334854
 10
212.326753616333
 20
423.06552505493164
 10
212.2659806907177
 20
423.01179307699203
 10
212.20300602912903
 20
422.9607071876526
 10
212.13797035813332
 20
422.91242295503616
 10
212.07101440429688
 20
422.8670959472656
  0
LWPOLYLINE
  5
180
330
17
100
AcDbEntity
  8
SCHEMATICS
 62
7
100
AcDbPolyline
 90
9
 70
0
 10
212.07101440429688
 20
422.8670959472656
 10
211.99771681427956
 20
422.8217331767082
 10
211.92265057563782
 20
422.77944135665894
 10
211.84592100977898
 20
422.74029022455215
 10
211.76763343811035
 20
422.70434951782227
 10
211.68789318203926
 20
422.67168897390366
 10
211.60680556297302
 20
422.6423783302307
 10
211.52447590231895
 20
422.6164873242378
 10
211.44100952148438
 20
422.5940856933594
  0
LWPOLYLINE
  5
181
330
17
100
AcDbEntity
  8
SCHEMATICS
 62
7
100
AcDbPolyline
 90
9
 70
0
 10
211.44100952148438
 20
422.5940856933594
 10
211.37877476215363
 20
422.57961493730545
 10
211.31589698791504
 20
422.56703996658325
 10
211.252481341362
 20
422.55637115240097
 10
211.1886329650879
 20
422.5476188659668
 10
211.1244570016861
 20
422.5407934784889
 10
211.06005859375
 20
422.53590536117554
 10
210.995542883873
 20
422.53296488523483
 10
210.93101501464844
 20
422.531982421875
  0
LWPOLYLINE
  5
182
330
17
100
AcDbEntity
  8
SCHEMATICS
 62
7
100
AcDbPolyline
 90
9
 70
0
 10
187.07701110839844
 20
422.531982421875
 10
187.0134678184986
 20
422.53296488523483
 10
186.9496786594391
 20
422.53590536117554
 10
186.8857725560665
 20
422.5407934784889
 10
186.82187843322754
 20
422.5476188659668
 10
186.7581252157688
 20
422.55637115240097
 10
186.694641828537
 20
422.56703996658325
 10
186.6315571963787
 20
422.57961493730545
 10
186.56900024414062
 20
422.5940856933594
  0
LWPOLYLINE
  5
183
330
17
100
AcDbEntity
  8
SCHEMATICS
 62
7
100
AcDbPolyline
 90
9
 70
0
 10
186.56900024414062
 20
422.5940856933594
 10
186.48549255728722
 20
422.6164873242378
 10
186.403062582016
 20
422.6423783302307
 10
186.32185104489326
 20
422.67168897390366
 10
186.24199867248535
 20
422.70434951782227
 10
186.16364619135857
 20
422.74029022455215
 10
186.08693432807922
 20
422.77944135665894
 10
186.01200380921364
 20
422.8217331767082
 10
185.93899536132812
 20
422.8670959472656
  0
LWPOLYLINE
  5
184
330
17
100
AcDbEntity
  8
SCHEMATICS
 62
7
100
AcDbPolyline
 90
9
 70
0
 10
185.93899536132812
 20
422.8670959472656
 10
185.87260502576828
 20
422.91242295503616
 10
185.80780935287476
 20
422.9607071876526
 10
185.74479538202286
 20
423.01179307699203
 10
185.6837501525879
 20
423.06552505493164
 10
185.62486070394516
 20
423.12174755334854
 10
185.56831407546997
 20
423.1803050041199
 10
185.51429730653763
 20
423.2410418391228
 10
185.46299743652344
 20
423.3038024902344
  0
LWPOLYLINE
  5
185
330
17
100
AcDbEntity
  8
SCHEMATICS
 62
7
100
AcDbPolyline
 90
9
 70
0
 10
185.46299743652344
 20
423.3038024902344
 10
185.41606238484383
 20
423.3682562112808
 10
185.37140202522278
 20
423.4346647262573
 10
185.329226821661
 20
423.50293719768524
 10
185.28974723815918
 20
423.57298278808594
 10
185.25317373871803
 20
423.6447106599808
 10
185.21971678733826
 20
423.7180299758911
 10
185.18958684802055
 20
423.7928498983383
 10
185.16299438476562
 20
423.86907958984375
  0
LWPOLYLINE
  5
186
330
17
100
AcDbEntity
  8
SCHEMATICS
 62
7
100
AcDbPolyline
 90
9
 70
0
 10
185.16299438476562
 20
423.86907958984375
 10
185.13876250386238
 20
423.9454734325409
 10
185.11779808998108
 20
424.02307319641113
 10
185.10008987784386
 20
424.10164856910706
 10
185.08562660217285
 20
424.18096923828125
 10
185.0743969976902
 20
424.2608048915863
 10
185.06638979911804
 20
424.3409252166748
 10
185.0615937411785
 20
424.42109990119934
 10
185.05999755859375
 20
424.5010986328125
  0
LWPOLYLINE
  5
187
330
17
100
AcDbEntity
  8
SCHEMATICS
 62
7
100
AcDbPolyline
 90
9
 70
0
 10
185.05999755859375
 20
646.1279907226562
 10
185.06173399090767
 20
646.2168425917625
 10
185.06695103645325
 20
646.3055281639099
 10
185.07566031813622
 20
646.3938840031624
 10
185.0878734588623
 20
646.481746673584
 10
185.10360208153725
 20
646.5689527392387
 10
185.12285780906677
 20
646.6553387641907
 10
185.1456522643566
 20
646.7407413125038
 10
185.1719970703125
 20
646.8249969482422
  0
LWPOLYLINE
  5
188
330
17
100
AcDbEntity
  8
SCHEMATICS
 62
7
100
AcDbPolyline
 90
9
 70
0
 10
185.1719970703125
 20
646.8249969482422
 10
185.20043042302132
 20
646.9104833900928
 10
185.23240303993225
 20
646.9943993091583
 10
185.26779779791832
 20
647.0766747891903
 10
185.30649757385254
 20
647.1572399139404
 10
185.34838524460793
 20
647.2360247671604
 10
185.3933436870575
 20
647.3129594326019
 10
185.44125577807426
 20
647.3879739940166
 10
185.49200439453125
 20
647.4609985351562
  0
LWPOLYLINE
  5
189
330
17
100
AcDbEntity
  8
SCHEMATICS
 62
7
100
AcDbPolyline
 90
9
 70
0
 10
185.49200439453125
 20
647.4609985351562
 10
185.54536151885986
 20
647.5319474935532
 10
185.60179996490479
 20
647.600715637207
 10
185.66112089157104
 20
647.6671863794327
 10
185.72312545776367
 20
647.7312431335449
 10
185.7876148223877
 20
647.7927693128586
 10
185.85439014434814
 20
647.8516483306885
 10
185.92325258255005
 20
647.9077636003494
 10
185.99400329589844
 20
647.9609985351562
  0
LWPOLYLINE
  5
18A
330
17
100
AcDbEntity
  8
SCHEMATICS
 62
7
100
AcDbPolyline
 90
9
 70
0
 10
185.99400329589844
 20
647.9609985351562
 10
186.067263007164
 20
648.0119925439358
 10
186.1422815322876
 20
648.059951543808
 10
186.2190352678299
 20
648.1048403084278
 10
186.29750061035156
 20
648.1466236114502
 10
186.37765395641327
 20
648.1852662265301
 10
186.45947170257568
 20
648.2207329273224
 10
186.54293024539948
 20
648.2529884874821
 10
186.6280059814453
 20
648.2819976806641
  0
LWPOLYLINE
  5
18B
330
17
100
AcDbEntity
  8
SCHEMATICS
 62
7
100
AcDbPolyline
 90
9
 70
0
 10
186.6280059814453
 20
648.2819976806641
 10
186.712675511837
 20
648.3080144524574
 10
186.7985520362854
 20
648.3305611610413
 10
186.88543635606766
 20
648.3496381640434
 10
186.97312927246094
 20
648.3652458190918
 10
187.0614315867424
 20
648.3773844838142
 10
187.1501441001892
 20
648.3860545158386
 10
187.23906761407852
 20
648.3912562727928
 10
187.3280029296875
 20
648.3929901123047
  0
LWPOLYLINE
  5
18C
330
17
100
AcDbEntity
  8
SCHEMATICS
 62
7
100
AcDbPolyline
 90
9
 70
0
 10
212.95201110839844
 20
425.035888671875
 10
212.95019072294235
 20
424.9470988512039
 10
212.94476079940796
 20
424.85840129852295
 10
212.93576818704605
 20
424.76991975307465
 10
212.92325973510742
 20
424.68177795410156
 10
212.90728229284286
 20
424.59409964084625
 10
212.88788270950317
 20
424.50700855255127
 10
212.86510783433914
 20
424.42062842845917
 10
212.83900451660156
 20
424.3350830078125
  0
LWPOLYLINE
  5
18D
330
17
100
AcDbEntity
  8
SCHEMATICS
 62
7
100
AcDbPolyline
 90
9
 70
0
 10
212.83900451660156
 20
424.3350830078125
 10
212.80974492430687
 20
424.2508206963539
 10
212.77743887901306
 20
424.1677861213684
 10
212.74203971028328
 20
424.08613699674606
 10
212.70350074768066
 20
424.00603103637695
 10
212.66177532076836
 20
423.92762595415115
 10
212.6168167591095
 20
423.85107946395874
 10
212.56857839226723
 20
423.7765492796898
 10
212.5170135498047
 20
423.7041931152344
  0
LWPOLYLINE
  5
18E
330
17
100
AcDbEntity
  8
SCHEMATICS
 62
7
100
AcDbPolyline
 90
9
 70
0
 10
212.5170135498047
 20
423.7041931152344
 10
212.46348735690117
 20
423.63289761543274
 10
212.4071958065033
 20
423.5640068054199
 10
212.3481859266758
 20
423.49755358695984
 10
212.2865047454834
 20
423.4335708618164
 10
212.22219929099083
 20
423.37209153175354
 10
212.15531659126282
 20
423.31314849853516
 10
212.0859036743641
 20
423.25677466392517
 10
212.01400756835938
 20
423.2030029296875
  0
LWPOLYLINE
  5
18F
330
17
100
AcDbEntity
  8
SCHEMATICS
 62
7
100
AcDbPolyline
 90
9
 70
0
 10
212.01400756835938
 20
423.2030029296875
 10
211.94193977117538
 20
423.15203112363815
 10
211.86761140823364
 20
423.1040072441101
 10
211.79119807481766
 20
423.0589924454689
 10
211.71287536621094
 20
423.0170478820801
 10
211.632818877697
 20
422.9782347083092
 10
211.55120420455933
 20
422.94261407852173
 10
211.46820694208145
 20
422.9102471470833
 10
211.38400268554688
 20
422.8811950683594
  0
LWPOLYLINE
  5
190
330
17
100
AcDbEntity
  8
SCHEMATICS
 62
7
100
AcDbPolyline
 90
9
 70
0
 10
211.38400268554688
 20
422.8811950683594
 10
211.2989620268345
 20
422.85542410612106
 10
211.21275067329407
 20
422.83295583724976
 10
211.12560269236565
 20
422.81383138895035
 10
211.03775215148926
 20
422.79809188842773
 10
210.94943311810493
 20
422.7857784628868
 10
210.8608796596527
 20
422.77693223953247
 10
210.77232584357262
 20
422.7715943455696
 10
210.6840057373047
 20
422.7698059082031
  0
LWPOLYLINE
  5
191
330
17
100
AcDbEntity
  8
SCHEMATICS
 62
7
100
AcDbPolyline
 90
9
 70
0
 10
212.95201110839844
 20
646.1279907226562
 10
212.95153999328613
 20
646.1722832322121
 10
212.9501190185547
 20
646.2166476249695
 10
212.9477367401123
 20
646.2610599398613
 10
212.9443817138672
 20
646.3054962158203
 10
212.94004249572754
 20
646.3499324917793
 10
212.93470764160156
 20
646.3943448066711
 10
212.92836570739746
 20
646.4387091994286
 10
212.92100524902344
 20
646.4830017089844
  0
LWPOLYLINE
  5
192
330
17
100
AcDbEntity
  8
SCHEMATICS
 62
7
100
AcDbPolyline
 90
9
 70
0
 10
212.92100524902344
 20
646.4830017089844
 10
212.9144902229309
 20
646.5261591672897
 10
212.9069309234619
 20
646.5693416595459
 10
212.89831590652466
 20
646.6124783754349
 10
212.88863372802734
 20
646.6554985046387
 10
212.87787294387817
 20
646.6983312368393
 10
212.86602210998535
 20
646.7409057617188
 10
212.85306978225708
 20
646.783151268959
 10
212.83900451660156
 20
646.8249969482422
  0
LWPOLYLINE
  5
193
330
17
100
AcDbEntity
  8
SCHEMATICS
 62
7
100
AcDbPolyline
 90
9
 70
0
 10
212.83900451660156
 20
646.8249969482422
 10
212.80974492430687
 20
646.9104833900928
 10
212.77743887901306
 20
646.9943993091583
 10
212.74203971028328
 20
647.0766747891903
 10
212.70350074768066
 20
647.1572399139404
 10
212.66177532076836
 20
647.2360247671604
 10
212.6168167591095
 20
647.3129594326019
 10
212.56857839226723
 20
647.3879739940166
 10
212.5170135498047
 20
647.4609985351562
  0
LWPOLYLINE
  5
194
330
17
100
AcDbEntity
  8
SCHEMATICS
 62
7
100
AcDbPolyline
 90
9
 70
0
 10
212.5170135498047
 20
647.4609985351562
 10
212.46348735690117
 20
647.5319474935532
 10
212.4071958065033
 20
647.600715637207
 10
212.3481859266758
 20
647.6671863794327
 10
212.2865047454834
 20
647.7312431335449
 10
212.22219929099083
 20
647.7927693128586
 10
212.15531659126282
 20
647.8516483306885
 10
212.0859036743641
 20
647.9077636003494
 10
212.01400756835938
 20
647.9609985351562
  0
LWPOLYLINE
  5
195
330
17
100
AcDbEntity
  8
SCHEMATICS
 62
7
100
AcDbPolyline
 90
9
 70
0
 10
212.01400756835938
 20
647.9609985351562
 10
211.94193977117538
 20
648.0119925439358
 10
211.86761140823364
 20
648.059951543808
 10
211.79119807481766
 20
648.1048403084278
 10
211.71287536621094
 20
648.1466236114502
 10
211.632818877697
 20
648.1852662265301
 10
211.55120420455933
 20
648.2207329273224
 10
211.46820694208145
 20
648.2529884874821
 10
211.38400268554688
 20
648.2819976806641
  0
LWPOLYLINE
  5
196
330
17
100
AcDbEntity
  8
SCHEMATICS
 62
7
100
AcDbPolyline
 90
9
 70
0
 10
211.38400268554688
 20
648.2819976806641
 10
211.2989620268345
 20
648.3080144524574
 10
211.21275067329407
 20
648.3305611610413
 10
211.12560269236565
 20
648.3496381640434
 10
211.03775215148926
 20
648.3652458190918
 10
210.94943311810493
 20
648.3773844838142
 10
210.8608796596527
 20
648.3860545158386
 10
210.77232584357262
 20
648.3912562727928
 10
210.6840057373047
 20
648.3929901123047
  0
LWPOLYLINE
  5
197
330
17
100
AcDbEntity
  8
SCHEMATICS
 62
7
100
AcDbPolyline
 90
9
 70
0
 10
185.05999755859375
 20
425.035888671875
 10
185.06173399090767
 20
424.9470988512039
 10
185.06695103645325
 20
424.85840129852295
 10
185.07566031813622
 20
424.76991975307465
 10
185.0878734588623
 20
424.68177795410156
 10
185.10360208153725
 20
424.59409964084625
 10
185.12285780906677
 20
424.50700855255127
 10
185.1456522643566
 20
424.42062842845917
 10
185.1719970703125
 20
424.3350830078125
  0
LWPOLYLINE
  5
198
330
17
100
AcDbEntity
  8
SCHEMATICS
 62
7
100
AcDbPolyline
 90
9
 70
0
 10
185.1719970703125
 20
424.3350830078125
 10
185.20043042302132
 20
424.2508206963539
 10
185.23240303993225
 20
424.1677861213684
 10
185.26779779791832
 20
424.08613699674606
 10
185.30649757385254
 20
424.00603103637695
 10
185.34838524460793
 20
423.92762595415115
 10
185.3933436870575
 20
423.85107946395874
 10
185.44125577807426
 20
423.7765492796898
 10
185.49200439453125
 20
423.7041931152344
  0
LWPOLYLINE
  5
199
330
17
100
AcDbEntity
  8
SCHEMATICS
 62
7
100
AcDbPolyline
 90
9
 70
0
 10
185.49200439453125
 20
423.7041931152344
 10
185.54536151885986
 20
423.63289761543274
 10
185.60179996490479
 20
423.5640068054199
 10
185.66112089157104
 20
423.49755358695984
 10
185.72312545776367
 20
423.4335708618164
 10
185.7876148223877
 20
423.37209153175354
 10
185.85439014434814
 20
423.31314849853516
 10
185.92325258255005
 20
423.25677466392517
 10
185.99400329589844
 20
423.2030029296875
  0
LWPOLYLINE
  5
19A
330
17
100
AcDbEntity
  8
SCHEMATICS
 62
7
100
AcDbPolyline
 90
9
 70
0
 10
185.99400329589844
 20
423.2030029296875
 10
186.067263007164
 20
423.15203112363815
 10
186.1422815322876
 20
423.1040072441101
 10
186.2190352678299
 20
423.0589924454689
 10
186.29750061035156
 20
423.0170478820801
 10
186.37765395641327
 20
422.9782347083092
 10
186.45947170257568
 20
422.94261407852173
 10
186.54293024539948
 20
422.9102471470833
 10
186.6280059814453
 20
422.8811950683594
  0
LWPOLYLINE
  5
19B
330
17
100
AcDbEntity
  8
SCHEMATICS
 62
7
100
AcDbPolyline
 90
9
 70
0
 10
186.6280059814453
 20
422.8811950683594
 10
186.712675511837
 20
422.85542410612106
 10
186.7985520362854
 20
422.83295583724976
 10
186.88543635606766
 20
422.81383138895035
 10
186.97312927246094
 20
422.79809188842773
 10
187.0614315867424
 20
422.7857784628868
 10
187.1501441001892
 20
422.77693223953247
 10
187.23906761407852
 20
422.7715943455696
 10
187.3280029296875
 20
422.7698059082031
  0
LWPOLYLINE
  5
19C
330
17
100
AcDbEntity
  8
SCHEMATICS
 62
7
100
AcDbPolyline
 90
9
 70
0
 10
191.63499450683594
 20
653.4490051269531
 10
192.347118973732
 20
653.4225046038628
 10
193.059232711792
 20
653.3962168693542
 10
193.7713235616684
 20
653.3700714707375
 10
194.48337936401367
 20
653.3439979553223
 10
195.19538795948029
 20
653.3179258704185
 10
195.9073371887207
 20
653.2917847633362
 10
196.6192148923874
 20
653.265504181385
 10
197.3310089111328
 20
653.239013671875
  0
LWPOLYLINE
  5
19D
330
17
100
AcDbEntity
  8
SCHEMATICS
 62
7
100
AcDbPolyline
 90
9
 70
0
 10
197.3310089111328
 20
653.239013671875
 10
198.0428042113781
 20
653.2125150561333
 10
198.75469374656677
 20
653.1862406730652
 10
199.4666773378849
 20
653.1601315140724
 10
200.17875480651855
 20
653.1341285705566
 10
200.8909259736538
 20
653.1081728339195
 10
201.60319066047668
 20
653.0822052955627
 10
202.3155486881733
 20
653.056166946888
 10
203.0279998779297
 20
653.0299987792969
  0
LWPOLYLINE
  5
19E
330
17
100
AcDbEntity
  8
SCHEMATICS
 62
7
100
AcDbPolyline
 90
9
 70
0
 10
203.0279998779297
 20
653.0299987792969
 10
203.73913344740868
 20
653.0034688711166
 10
204.4505136013031
 20
652.9771013259888
 10
205.1621051132679
 20
652.9508725404739
 10
205.873872756958
 20
652.9247589111328
 10
206.58578130602837
 20
652.8987368345261
 10
207.2977955341339
 20
652.8727827072144
 10
208.00988021492958
 20
652.8468729257584
 10
208.7220001220703
 20
652.8209838867188
  0
LWPOLYLINE
  5
19F
330
17
100
AcDbEntity
  8
SCHEMATICS
 62
7
100
AcDbPolyline
 90
9
 70
0
 10
191.63499450683594
 20
653.0069885253906
 10
192.347118973732
 20
652.9813554286957
 10
193.059232711792
 20
652.9554748535156
 10
193.7713235616684
 20
652.9293825626373
 10
194.48337936401367
 20
652.9031143188477
 10
195.19538795948029
 20
652.8767058849335
 10
195.9073371887207
 20
652.8501930236816
 10
196.6192148923874
 20
652.823611497879
 10
197.3310089111328
 20
652.7969970703125
  0
LWPOLYLINE
  5
1A0
330
17
100
AcDbEntity
  8
SCHEMATICS
 62
7
100
AcDbPolyline
 90
9
 70
0
 10
197.3310089111328
 20
652.7969970703125
 10
198.0428042113781
 20
652.7710793614388
 10
198.75469374656677
 20
652.7450919151306
 10
199.4666773378849
 20
652.7190579771996
 10
200.17875480651855
 20
652.693000793457
 10
200.8909259736538
 20
652.6669436097145
 10
201.60319066047668
 20
652.6409096717834
 10
202.3155486881733
 20
652.6149222254753
 10
203.0279998779297
 20
652.5890045166016
  0
LWPOLYLINE
  5
1A1
330
17
100
AcDbEntity
  8
SCHEMATICS
 62
7
100
AcDbPolyline
 90
9
 70
0
 10
203.0279998779297
 20
652.5890045166016
 10
203.73913344740868
 20
652.5624606907368
 10
204.4505136013031
 20
652.5360586643219
 10
205.1621051132679
 20
652.5097514092922
 10
205.873872756958
 20
652.483491897583
 10
206.58578130602837
 20
652.4572331011295
 10
207.2977955341339
 20
652.4309279918671
 10
208.00988021492958
 20
652.4045295417309
 10
208.7220001220703
 20
652.3779907226562
  0
LWPOLYLINE
  5
1A2
330
17
100
AcDbEntity
  8
SCHEMATICS
 62
7
100
AcDbPolyline
 90
9
 70
0
 10
191.63499450683594
 20
652.5319976806641
 10
192.347118973732
 20
652.5060793161392
 10
193.059232711792
 20
652.4800901412964
 10
193.7713235616684
 20
652.4540537595749
 10
194.48337936401367
 20
652.4279937744141
 10
195.19538795948029
 20
652.4019337892532
 10
195.9073371887207
 20
652.3758974075317
 10
196.6192148923874
 20
652.3499082326889
 10
197.3310089111328
 20
652.3239898681641
  0
LWPOLYLINE
  5
1A3
330
17
100
AcDbEntity
  8
SCHEMATICS
 62
7
100
AcDbPolyline
 90
9
 70
0
 10
197.3310089111328
 20
652.3239898681641
 10
198.0428042113781
 20
652.2971256673336
 10
198.75469374656677
 20
652.2704951763153
 10
199.4666773378849
 20
652.2440517246723
 10
200.17875480651855
 20
652.2177486419678
 10
200.8909259736538
 20
652.1915392577648
 10
201.60319066047668
 20
652.1653769016266
 10
202.3155486881733
 20
652.1392149031162
 10
203.0279998779297
 20
652.1130065917969
  0
LWPOLYLINE
  5
1A4
330
17
100
AcDbEntity
  8
SCHEMATICS
 62
7
100
AcDbPolyline
 90
9
 70
0
 10
203.0279998779297
 20
652.1130065917969
 10
203.73913344740868
 20
652.0869546830654
 10
204.4505136013031
 20
652.0606229305267
 10
205.1621051132679
 20
652.0341048538685
 10
205.873872756958
 20
652.0074939727783
 10
206.58578130602837
 20
651.9808838069439
 10
207.2977955341339
 20
651.9543678760529
 10
208.00988021492958
 20
651.9280396997929
 10
208.7220001220703
 20
651.9019927978516
  0
LWPOLYLINE
  5
1A5
330
17
100
AcDbEntity
  8
SCHEMATICS
 62
7
100
AcDbPolyline
 90
9
 70
0
 10
191.63499450683594
 20
652.0239868164062
 10
192.347118973732
 20
651.9979836940765
 10
193.059232711792
 20
651.9717445373535
 10
193.7713235616684
 20
651.9453165531158
 10
194.48337936401367
 20
651.9187469482422
 10
195.19538795948029
 20
651.8920829296112
 10
195.9073371887207
 20
651.8653717041016
 10
196.6192148923874
 20
651.8386604785919
 10
197.3310089111328
 20
651.8119964599609
  0
LWPOLYLINE
  5
1A6
330
17
100
AcDbEntity
  8
SCHEMATICS
 62
7
100
AcDbPolyline
 90
9
 70
0
 10
197.3310089111328
 20
651.8119964599609
 10
198.0428042113781
 20
651.7863609194756
 10
198.75469374656677
 20
651.760491847992
 10
199.4666773378849
 20
651.7344360947609
 10
200.17875480651855
 20
651.7082405090332
 10
200.8909259736538
 20
651.6819519400597
 10
201.60319066047668
 20
651.6556172370911
 10
202.3155486881733
 20
651.6292832493782
 10
203.0279998779297
 20
651.6029968261719
  0
LWPOLYLINE
  5
1A7
330
17
100
AcDbEntity
  8
SCHEMATICS
 62
7
100
AcDbPolyline
 90
9
 70
0
 10
203.0279998779297
 20
651.6029968261719
 10
203.65612795948982
 20
651.5797048807144
 10
204.2842676639557
 20
651.556342124939
 10
204.91243061423302
 20
651.5329321622849
 10
205.54062843322754
 20
651.5094985961914
 10
206.168872743845
 20
651.486065030098
 10
206.7971751689911
 20
651.4626550674438
 10
207.42554733157158
 20
651.4392923116684
 10
208.0540008544922
 20
651.4160003662109
  0
LWPOLYLINE
  5
1A8
330
17
100
AcDbEntity
  8
SCHEMATICS
 62
7
100
AcDbPolyline
 90
9
 70
0
 10
208.0540008544922
 20
651.4160003662109
 10
208.1381998360157
 20
651.4125869870186
 10
208.2220814228058
 20
651.4091382026672
 10
208.30570444464684
 20
651.4057130217552
 10
208.38912773132324
 20
651.4023704528809
 10
208.4724101126194
 20
651.3991695046425
 10
208.5556104183197
 20
651.3961691856384
 10
208.63878747820854
 20
651.393428504467
 10
208.7220001220703
 20
651.3910064697266
  0
LWPOLYLINE
  5
1A9
330
17
100
AcDbEntity
  8
SCHEMATICS
 62
7
100
AcDbPolyline
 90
9
 70
0
 10
208.35000610351562
 20
650.8569946289062
 10
208.39650410413742
 20
650.8554483056068
 10
208.44300317764282
 20
650.853807926178
 10
208.48950296640396
 20
650.8520738482475
 10
208.53600311279297
 20
650.8502464294434
 10
208.58250325918198
 20
650.8483260273933
 10
208.62900304794312
 20
650.8463129997253
 10
208.67550212144852
 20
650.8442077040672
 10
208.7220001220703
 20
650.8420104980469
  0
LWPOLYLINE
  5
1AA
330
17
100
AcDbEntity
  8
SCHEMATICS
 62
7
100
AcDbPolyline
 90
9
 70
0
 10
208.7220001220703
 20
420.319091796875
 10
208.67550212144852
 20
420.3177789449692
 10
208.62900304794312
 20
420.3162851333618
 10
208.58250325918198
 20
420.31467258930206
 10
208.53600311279297
 20
420.31300354003906
 10
208.48950296640396
 20
420.31134021282196
 10
208.44300317764282
 20
420.3097448348999
 10
208.39650410413742
 20
420.30827963352203
 10
208.35000610351562
 20
420.3070068359375
  0
LWPOLYLINE
  5
1AB
330
17
100
AcDbEntity
  8
SCHEMATICS
 62
7
100
AcDbPolyline
 90
9
 70
0
 10
208.7220001220703
 20
419.77099609375
 10
208.63878747820854
 20
419.7687118649483
 10
208.5556104183197
 20
419.7662205696106
 10
208.4724101126194
 20
419.763541162014
 10
208.38912773132324
 20
419.76069259643555
 10
208.30570444464684
 20
419.75769382715225
 10
208.2220814228058
 20
419.75456380844116
 10
208.1381998360157
 20
419.7513214945793
 10
208.0540008544922
 20
419.74798583984375
  0
LWPOLYLINE
  5
1AC
330
17
100
AcDbEntity
  8
SCHEMATICS
 62
7
100
AcDbPolyline
 90
9
 70
0
 10
208.0540008544922
 20
419.74798583984375
 10
207.42554733157158
 20
419.72498059272766
 10
206.7971751689911
 20
419.7017650604248
 10
206.168872743845
 20
419.67840933799744
 10
205.54062843322754
 20
419.6549835205078
 10
204.91243061423302
 20
419.6315577030182
 10
204.2842676639557
 20
419.6082019805908
 10
203.65612795948982
 20
419.58498644828796
 10
203.0279998779297
 20
419.5619812011719
  0
LWPOLYLINE
  5
1AD
330
17
100
AcDbEntity
  8
SCHEMATICS
 62
7
100
AcDbPolyline
 90
9
 70
0
 10
203.0279998779297
 20
419.5619812011719
 10
202.3155486881733
 20
419.5357178449631
 10
201.60319066047668
 20
419.50934505462646
 10
200.8909259736538
 20
419.4828678369522
 10
200.17875480651855
 20
419.45629119873047
 10
199.4666773378849
 20
419.4296201467514
 10
198.75469374656677
 20
419.4028596878052
 10
198.0428042113781
 20
419.37601482868195
 10
197.3310089111328
 20
419.3490905761719
  0
LWPOLYLINE
  5
1AE
330
17
100
AcDbEntity
  8
SCHEMATICS
 62
7
100
AcDbPolyline
 90
9
 70
0
 10
197.3310089111328
 20
419.3490905761719
 10
196.6192148923874
 20
419.323351085186
 10
195.9073371887207
 20
419.29713201522827
 10
195.19538795948029
 20
419.27054315805435
 10
194.48337936401367
 20
419.2436943054199
 10
193.7713235616684
 20
419.21669524908066
 10
193.059232711792
 20
419.18965578079224
 10
192.347118973732
 20
419.16268569231033
 10
191.63499450683594
 20
419.1358947753906
  0
LWPOLYLINE
  5
1AF
330
17
100
AcDbEntity
  8
SCHEMATICS
 62
7
100
AcDbPolyline
 90
9
 70
0
 10
208.7220001220703
 20
419.2608947753906
 10
208.00988021492958
 20
419.23522728681564
 10
207.2977955341339
 20
419.2092719078064
 10
206.58578130602837
 20
419.1831069588661
 10
205.873872756958
 20
419.15681076049805
 10
205.1621051132679
 20
419.1304616332054
 10
204.4505136013031
 20
419.10413789749146
 10
203.73913344740868
 20
419.0779178738594
 10
203.0279998779297
 20
419.0518798828125
  0
LWPOLYLINE
  5
1B0
330
17
100
AcDbEntity
  8
SCHEMATICS
 62
7
100
AcDbPolyline
 90
9
 70
0
 10
203.0279998779297
 20
419.0518798828125
 10
202.3155486881733
 20
419.02535849809647
 10
201.60319066047668
 20
418.9988160133362
 10
200.8909259736538
 20
418.9722713828087
 10
200.17875480651855
 20
418.945743560791
 10
199.4666773378849
 20
418.9192515015602
 10
198.75469374656677
 20
418.8928141593933
 10
198.0428042113781
 20
418.86645048856735
 10
197.3310089111328
 20
418.8401794433594
  0
LWPOLYLINE
  5
1B1
330
17
100
AcDbEntity
  8
SCHEMATICS
 62
7
100
AcDbPolyline
 90
9
 70
0
 10
197.3310089111328
 20
418.8401794433594
 10
196.6192148923874
 20
418.81325191259384
 10
195.9073371887207
 20
418.7866187095642
 10
195.19538795948029
 20
418.76017075777054
 10
194.48337936401367
 20
418.7337989807129
 10
193.7713235616684
 20
418.7073943018913
 10
193.059232711792
 20
418.6808476448059
 10
192.347118973732
 20
418.6540499329567
 10
191.63499450683594
 20
418.62689208984375
  0
LWPOLYLINE
  5
1B2
330
17
100
AcDbEntity
  8
SCHEMATICS
 62
7
100
AcDbPolyline
 90
9
 70
0
 10
208.7220001220703
 20
418.785888671875
 10
208.00988021492958
 20
418.75914692878723
 10
207.2977955341339
 20
418.73277282714844
 10
206.58578130602837
 20
418.7066562175751
 10
205.873872756958
 20
418.6806869506836
 10
205.1621051132679
 20
418.65475487709045
 10
204.4505136013031
 20
418.6287498474121
 10
203.73913344740868
 20
418.602561712265
 10
203.0279998779297
 20
418.5760803222656
  0
LWPOLYLINE
  5
1B3
330
17
100
AcDbEntity
  8
SCHEMATICS
 62
7
100
AcDbPolyline
 90
9
 70
0
 10
203.0279998779297
 20
418.5760803222656
 10
202.3155486881733
 20
418.5497409105301
 10
201.60319066047668
 20
418.52320766448975
 10
200.8909259736538
 20
418.49658715724945
 10
200.17875480651855
 20
418.46998596191406
 10
199.4666773378849
 20
418.44351065158844
 10
198.75469374656677
 20
418.41726779937744
 10
198.0428042113781
 20
418.3913639783859
 10
197.3310089111328
 20
418.36590576171875
  0
LWPOLYLINE
  5
1B4
330
17
100
AcDbEntity
  8
SCHEMATICS
 62
7
100
AcDbPolyline
 90
9
 70
0
 10
197.3310089111328
 20
418.36590576171875
 10
196.6192148923874
 20
418.3395609855652
 10
195.9073371887207
 20
418.3130359649658
 10
195.19538795948029
 20
418.2864394187927
 10
194.48337936401367
 20
418.25988006591797
 10
193.7713235616684
 20
418.2334666252136
 10
193.059232711792
 20
418.20730781555176
 10
192.347118973732
 20
418.18151235580444
 10
191.63499450683594
 20
418.15618896484375
  0
LWPOLYLINE
  5
1B5
330
17
100
AcDbEntity
  8
SCHEMATICS
 62
7
100
AcDbPolyline
 90
9
 70
0
 10
208.7220001220703
 20
418.34210205078125
 10
208.00988021492958
 20
418.31627094745636
 10
207.2977955341339
 20
418.2905435562134
 10
206.58578130602837
 20
418.2648061513901
 10
205.873872756958
 20
418.2389450073242
 10
205.1621051132679
 20
418.2128463983536
 10
204.4505136013031
 20
418.1863965988159
 10
203.73913344740868
 20
418.159481883049
 10
203.0279998779297
 20
418.1319885253906
  0
LWPOLYLINE
  5
1B6
330
17
100
AcDbEntity
  8
SCHEMATICS
 62
7
100
AcDbPolyline
 90
9
 70
0
 10
203.0279998779297
 20
418.1319885253906
 10
202.3155486881733
 20
418.10577142238617
 10
201.60319066047668
 20
418.0795965194702
 10
200.8909259736538
 20
418.0534201860428
 10
200.17875480651855
 20
418.0271987915039
 10
199.4666773378849
 20
418.0008887052536
 10
198.75469374656677
 20
417.9744462966919
 10
198.0428042113781
 20
417.9478279352188
 10
197.3310089111328
 20
417.9209899902344
  0
LWPOLYLINE
  5
1B7
330
17
100
AcDbEntity
  8
SCHEMATICS
 62
7
100
AcDbPolyline
 90
9
 70
0
 10
197.3310089111328
 20
417.9209899902344
 10
196.6192148923874
 20
417.89571821689606
 10
195.9073371887207
 20
417.87029552459717
 10
195.19538795948029
 20
417.84471118450165
 10
194.48337936401367
 20
417.81895446777344
 10
193.7713235616684
 20
417.7930146455765
 10
193.059232711792
 20
417.7668809890747
 10
192.347118973732
 20
417.74054276943207
 10
191.63499450683594
 20
417.7139892578125
  0
LWPOLYLINE
  5
1B8
330
17
100
AcDbEntity
  8
SCHEMATICS
 62
7
100
AcDbPolyline
 90
9
 70
0
 10
210.91099548339844
 20
421.53509521484375
 10
210.91058391332626
 20
421.4961144924164
 10
210.90938806533813
 20
421.45712089538574
 10
210.90746623277664
 20
421.41813588142395
 10
210.90487670898438
 20
421.3791809082031
 10
210.90167778730392
 20
421.3402774333954
 10
210.89792776107788
 20
421.30144691467285
 10
210.89368492364883
 20
421.26271080970764
 10
210.88900756835938
 20
421.2240905761719
  0
LWPOLYLINE
  5
1B9
330
17
100
AcDbEntity
  8
SCHEMATICS
 62
7
100
AcDbPolyline
 90
9
 70
0
 10
210.88900756835938
 20
421.2240905761719
 10
210.882968634367
 20
421.1849149465561
 10
210.8761327266693
 20
421.14566135406494
 10
210.86854687333107
 20
421.10639202594757
 10
210.860258102417
 20
421.0671691894531
 10
210.8513134419918
 20
421.02805507183075
 10
210.84175992012024
 20
420.9891119003296
 10
210.83164456486702
 20
420.9504019021988
 10
210.82101440429688
 20
420.9119873046875
  0
LWPOLYLINE
  5
1BA
330
17
100
AcDbEntity
  8
SCHEMATICS
 62
7
100
AcDbPolyline
 90
9
 70
0
 10
210.82101440429688
 20
420.9119873046875
 10
210.81038305163383
 20
420.8744074702263
 10
210.7987916469574
 20
420.83671712875366
 10
210.78631010651588
 20
420.79898315668106
 10
210.77300834655762
 20
420.7612724304199
 10
210.75895628333092
 20
420.7236518263817
 10
210.7442238330841
 20
420.6861882209778
 10
210.7288809120655
 20
420.64894849061966
 10
210.71299743652344
 20
420.61199951171875
  0
LWPOLYLINE
  5
1BB
330
17
100
AcDbEntity
  8
SCHEMATICS
 62
7
100
AcDbPolyline
 90
9
 70
0
 10
210.71299743652344
 20
420.61199951171875
 10
210.69753858447075
 20
420.57599180936813
 10
210.68118834495544
 20
420.5405230522156
 10
210.66399374604225
 20
420.50552278757095
 10
210.6460018157959
 20
420.47092056274414
 10
210.6272595822811
 20
420.436645925045
 10
210.60781407356262
 20
420.40262842178345
 10
210.58771231770515
 20
420.3687976002693
 10
210.56700134277344
 20
420.3350830078125
  0
LWPOLYLINE
  5
1BC
330
17
100
AcDbEntity
  8
SCHEMATICS
 62
7
100
AcDbPolyline
 90
9
 70
0
 10
210.56700134277344
 20
420.3350830078125
 10
210.54567903280258
 20
420.30147725343704
 10
210.52373552322388
 20
420.26836252212524
 10
210.50120621919632
 20
420.2357034087181
 10
210.4781265258789
 20
420.20346450805664
 10
210.45453184843063
 20
420.17161041498184
 10
210.4304575920105
 20
420.1401057243347
 10
210.4059391617775
 20
420.10891503095627
 10
210.38101196289062
 20
420.0780029296875
  0
LWPOLYLINE
  5
1BD
330
17
100
AcDbEntity
  8
SCHEMATICS
 62
7
100
AcDbPolyline
 90
9
 70
0
 10
210.38101196289062
 20
420.0780029296875
 10
210.35485658049583
 20
420.04705983400345
 10
210.3281753063202
 20
420.01667070388794
 10
210.3010030090809
 20
419.9868716597557
 10
210.27337455749512
 20
419.9576988220215
 10
210.24532482028008
 20
419.9291883111
 10
210.21688866615295
 20
419.901376247406
 10
210.18810096383095
 20
419.8742987513542
 10
210.15899658203125
 20
419.8479919433594
  0
LWPOLYLINE
  5
1BE
330
17
100
AcDbEntity
  8
SCHEMATICS
 62
7
100
AcDbPolyline
 90
9
 70
0
 10
210.15899658203125
 20
419.8479919433594
 10
210.12980312108994
 20
419.82067853212357
 10
210.09997415542603
 20
419.79415369033813
 10
210.06953364610672
 20
419.76838773489
 10
210.03850555419922
 20
419.743350982666
 10
210.00691384077072
 20
419.71901375055313
 10
209.97478246688843
 20
419.69534635543823
 10
209.94213539361954
 20
419.6723191142082
 10
209.90899658203125
 20
419.64990234375
  0
LWPOLYLINE
  5
1BF
330
17
100
AcDbEntity
  8
SCHEMATICS
 62
7
100
AcDbPolyline
 90
9
 70
0
 10
209.90899658203125
 20
419.64990234375
 10
209.8764331638813
 20
419.62841790914536
 10
209.84329628944397
 20
419.60734510421753
 10
209.80966767668724
 20
419.58672934770584
 10
209.7756290435791
 20
419.5666160583496
 10
209.74126210808754
 20
419.54705065488815
 10
209.70664858818054
 20
419.5280785560608
 10
209.6718702018261
 20
419.50974518060684
 10
209.6370086669922
 20
419.4920959472656
  0
LWPOLYLINE
  5
1C0
330
17
100
AcDbEntity
  8
SCHEMATICS
 62
7
100
AcDbPolyline
 90
9
 70
0
 10
209.6370086669922
 20
419.4920959472656
 10
209.6012410223484
 20
419.47556245326996
 10
209.565181016922
 20
419.45959758758545
 10
209.52881667017937
 20
419.4441519975662
 10
209.4921360015869
 20
419.4291763305664
 10
209.45512703061104
 20
419.4146212339401
 10
209.41777777671814
 20
419.4004373550415
 10
209.38007625937462
 20
419.38657534122467
 10
209.34201049804688
 20
419.37298583984375
  0
LWPOLYLINE
  5
1C1
330
17
100
AcDbEntity
  8
SCHEMATICS
 62
7
100
AcDbPolyline
 90
9
 70
0
 10
209.34201049804688
 20
419.37298583984375
 10
209.3040871322155
 20
419.360574901104
 10
209.26605772972107
 20
419.3488802909851
 10
209.22791066765785
 20
419.3379631638527
 10
209.18963432312012
 20
419.32788467407227
 10
209.15121707320213
 20
419.31870597600937
 10
209.11264729499817
 20
419.31048822402954
 10
209.0739133656025
 20
419.3032925724983
 10
209.03500366210938
 20
419.29718017578125
  0
LWPOLYLINE
  5
1C2
330
17
100
AcDbEntity
  8
SCHEMATICS
 62
7
100
AcDbPolyline
 90
9
 70
0
 10
209.03500366210938
 20
419.29718017578125
 10
208.99571612477303
 20
419.2899996638298
 10
208.95656895637512
 20
419.2836527824402
 10
208.91751512885094
 20
419.2781005501747
 10
208.87850761413574
 20
419.2733039855957
 10
208.8394993841648
 20
419.2692241072655
 10
208.8004434108734
 20
419.26582193374634
 10
208.76129266619682
 20
419.2630584836006
 10
208.7220001220703
 20
419.2608947753906
  0
LWPOLYLINE
  5
1C3
330
17
100
AcDbEntity
  8
SCHEMATICS
 62
7
100
AcDbPolyline
 90
9
 70
0
 10
189.28900146484375
 20
416.0570068359375
 10
189.35988369584084
 20
416.05380469560623
 10
189.4307882785797
 20
416.0509133338928
 10
189.50173899531364
 20
416.04827731847763
 10
189.5727596282959
 20
416.045841217041
 10
189.64387395977974
 20
416.04354959726334
 10
189.71510577201843
 20
416.04134702682495
 10
189.78647884726524
 20
416.0391780734062
 10
189.85801696777344
 20
416.0369873046875
  0
LWPOLYLINE
  5
1C4
330
17
100
AcDbEntity
  8
SCHEMATICS
 62
7
100
AcDbPolyline
 90
9
 70
0
 10
187.10501098632812
 20
652.9939880371094
 10
187.10663691163063
 20
653.0138663649559
 10
187.10848832130432
 20
653.0337443351746
 10
187.11050602793694
 20
653.0536215901375
 10
187.1126308441162
 20
653.0734977722168
 10
187.1148035824299
 20
653.0933725237846
 10
187.1169650554657
 20
653.1132454872131
 10
187.1190560758114
 20
653.1331163048744
 10
187.1210174560547
 20
653.1529846191406
  0
LWPOLYLINE
  5
1C5
330
17
100
AcDbEntity
  8
SCHEMATICS
 62
7
100
AcDbPolyline
 90
9
 70
0
 10
187.1210174560547
 20
653.1529846191406
 10
187.124064296484
 20
653.1724814772606
 10
187.12721610069275
 20
653.1919550895691
 10
187.13048484921455
 20
653.2113822102547
 10
187.133882522583
 20
653.2307395935059
 10
187.1374211013317
 20
653.2500039935112
 10
187.14111256599426
 20
653.2691521644592
 10
187.14496889710426
 20
653.2881608605385
 10
187.1490020751953
 20
653.3070068359375
  0
LWPOLYLINE
  5
1C6
330
17
100
AcDbEntity
  8
SCHEMATICS
 62
7
100
AcDbPolyline
 90
9
 70
0
 10
187.1890106201172
 20
653.4640197753906
 10
187.1998834311962
 20
653.5018798112869
 10
187.2114942073822
 20
653.53968334198
 10
187.22383132576942
 20
653.5773710012436
 10
187.23688316345215
 20
653.6148834228516
 10
187.25063809752464
 20
653.6521612405777
 10
187.26508450508118
 20
653.6891450881958
 10
187.28021076321602
 20
653.7257755994797
 10
187.29600524902344
 20
653.7619934082031
  0
LWPOLYLINE
  5
1C7
330
17
100
AcDbEntity
  8
SCHEMATICS
 62
7
100
AcDbPolyline
 90
9
 70
0
 10
187.29600524902344
 20
653.7619934082031
 10
187.30393183231354
 20
653.779947757721
 10
187.3119878768921
 20
653.7978076934814
 10
187.32020843029022
 20
653.8155732154846
 10
187.32862854003906
 20
653.8332443237305
 10
187.33728325366974
 20
653.850821018219
 10
187.34620761871338
 20
653.8683032989502
 10
187.3554366827011
 20
653.8856911659241
 10
187.36500549316406
 20
653.9029846191406
  0
LWPOLYLINE
  5
1C8
330
17
100
AcDbEntity
  8
SCHEMATICS
 62
7
100
AcDbPolyline
 90
9
 70
0
 10
187.36500549316406
 20
653.9029846191406
 10
187.37381279468536
 20
653.9202409982681
 10
187.38297271728516
 20
653.9374952316284
 10
187.3924616575241
 20
653.9547480344772
 10
187.4022560119629
 20
653.9720001220703
 10
187.41233217716217
 20
653.9892522096634
 10
187.42266654968262
 20
654.0065050125122
 10
187.4332355260849
 20
654.0237592458725
 10
187.4440155029297
 20
654.041015625
  0
LWPOLYLINE
  5
1C9
330
17
100
AcDbEntity
  8
SCHEMATICS
 62
7
100
AcDbPolyline
 90
9
 70
0
 10
187.4440155029297
 20
654.041015625
 10
187.46496412158012
 20
654.073912024498
 10
187.48655772209167
 20
654.1065988540649
 10
187.5087846815586
 20
654.1390525102615
 10
187.5316333770752
 20
654.1712493896484
 10
187.5550921857357
 20
654.2031658887863
 10
187.5791494846344
 20
654.2347784042358
 10
187.60379365086555
 20
654.2660633325577
 10
187.62901306152344
 20
654.2969970703125
  0
LWPOLYLINE
  5
1CA
330
17
100
AcDbEntity
  8
SCHEMATICS
 62
7
100
AcDbPolyline
 90
9
 70
0
 10
187.62901306152344
 20
654.2969970703125
 10
187.6551176905632
 20
654.3265275359154
 10
187.68169260025024
 20
654.3558459281921
 10
187.7087374329567
 20
654.3849290013313
 10
187.7362518310547
 20
654.4137535095215
 10
187.76423543691635
 20
654.4422962069511
 10
187.79268789291382
 20
654.4705338478088
 10
187.82160884141922
 20
654.4984431862831
 10
187.8509979248047
 20
654.5260009765625
  0
LWPOLYLINE
  5
1CB
330
17
100
AcDbEntity
  8
SCHEMATICS
 62
7
100
AcDbPolyline
 90
9
 70
0
 10
187.8509979248047
 20
654.5260009765625
 10
187.88081535696983
 20
654.5517673492432
 10
187.91101813316345
 20
654.5772533416748
 10
187.94161823391914
 20
654.6023645401001
 10
187.9726276397705
 20
654.6270065307617
 10
188.00405833125114
 20
654.6510848999023
 10
188.03592228889465
 20
654.6745052337646
 10
188.06823149323463
 20
654.6971731185913
 10
188.1009979248047
 20
654.718994140625
  0
LWPOLYLINE
  5
1CC
330
17
100
AcDbEntity
  8
SCHEMATICS
 62
7
100
AcDbPolyline
 90
9
 70
0
 10
188.1009979248047
 20
654.718994140625
 10
188.13410156965256
 20
654.7419916987419
 10
188.16742658615112
 20
654.7638144493103
 10
188.20100837945938
 20
654.7846036553383
 10
188.23488235473633
 20
654.804500579834
 10
188.26908391714096
 20
654.8236464858055
 10
188.30364847183228
 20
654.842182636261
 10
188.33861142396927
 20
654.8602502942085
 10
188.37400817871094
 20
654.8779907226562
  0
LWPOLYLINE
  5
1CD
330
17
100
AcDbEntity
  8
SCHEMATICS
 62
7
100
AcDbPolyline
 90
9
 70
0
 10
188.37400817871094
 20
654.8779907226562
 10
188.40948668122292
 20
654.8943469524384
 10
188.44541096687317
 20
654.9103870391846
 10
188.4817576110363
 20
654.926075220108
 10
188.5185031890869
 20
654.9413757324219
 10
188.5556242763996
 20
654.9562528133392
 10
188.593097448349
 20
654.9706707000732
 10
188.63089928030968
 20
654.984593629837
 10
188.66900634765625
 20
654.9979858398438
  0
LWPOLYLINE
  5
1CE
330
17
100
AcDbEntity
  8
SCHEMATICS
 62
7
100
AcDbPolyline
 90
9
 70
0
 10
188.66900634765625
 20
654.9979858398438
 10
188.6871461868286
 20
655.0036111474037
 10
188.7055549621582
 20
655.009211063385
 10
188.72422122955322
 20
655.0147630572319
 10
188.74313354492188
 20
655.0202445983887
 10
188.76228046417236
 20
655.0256331562996
 10
188.7816505432129
 20
655.0309062004089
 10
188.80123233795166
 20
655.036041200161
 10
188.82101440429688
 20
655.041015625
  0
LWPOLYLINE
  5
1CF
330
17
100
AcDbEntity
  8
SCHEMATICS
 62
7
100
AcDbPolyline
 90
9
 70
0
 10
188.82101440429688
 20
655.041015625
 10
188.8400937616825
 20
655.0460787415504
 10
188.85912823677063
 20
655.0508160591125
 10
188.8781644999981
 20
655.0552737116814
 10
188.89724922180176
 20
655.059497833252
 10
188.91642907261848
 20
655.0635345578194
 10
188.93575072288513
 20
655.0674300193787
 10
188.95526084303856
 20
655.0712303519249
 10
188.97500610351562
 20
655.0749816894531
  0
LWPOLYLINE
  5
1D0
330
17
100
AcDbEntity
  8
SCHEMATICS
 62
7
100
AcDbPolyline
 90
9
 70
0
 10
188.97500610351562
 20
655.0749816894531
 10
189.01462602615356
 20
655.0816499590874
 10
189.05402278900146
 20
655.0874266624451
 10
189.09325504302979
 20
655.092358648777
 10
189.13238143920898
 20
655.096492767334
 10
189.17146062850952
 20
655.0998758673668
 10
189.21055126190186
 20
655.1025547981262
 10
189.24971199035645
 20
655.1045764088631
 10
189.28900146484375
 20
655.1059875488281
  0
LWPOLYLINE
  5
1D1
330
17
100
AcDbEntity
  8
SCHEMATICS
 62
7
100
AcDbPolyline
 90
9
 70
0
 10
210.91099548339844
 20
652.4049987792969
 10
210.91090765595436
 20
652.4196605980396
 10
210.91066765785217
 20
652.4343826770782
 10
210.91031071543694
 20
652.4491294324398
 10
210.9098720550537
 20
652.4638652801514
 10
210.90938690304756
 20
652.47855463624
 10
210.90889048576355
 20
652.4931619167328
 10
210.90841802954674
 20
652.5076515376568
 10
210.9080047607422
 20
652.5219879150391
  0
LWPOLYLINE
  5
1D2
330
17
100
AcDbEntity
  8
SCHEMATICS
 62
7
100
AcDbPolyline
 90
9
 70
0
 10
210.9080047607422
 20
652.5219879150391
 10
210.90688452124596
 20
652.5370337069035
 10
210.90577483177185
 20
652.5521490573883
 10
210.90468767285347
 20
652.5673105418682
 10
210.9036350250244
 20
652.5824947357178
 10
210.90262886881828
 20
652.5976782143116
 10
210.90168118476868
 20
652.6128375530243
 10
210.9008039534092
 20
652.6279493272305
 10
210.90000915527344
 20
652.6429901123047
  0
LWPOLYLINE
  5
1D3
330
17
100
AcDbEntity
  8
SCHEMATICS
 62
7
100
AcDbPolyline
 90
9
 70
0
 10
210.90501403808594
 20
422.4389953613281
 10
210.90375047922134
 20
422.41860270500183
 10
210.9022297859192
 20
422.39867782592773
 10
210.90047520399094
 20
422.37909626960754
 10
210.89850997924805
 20
422.35973358154297
 10
210.89635735750198
 20
422.3404653072357
 10
210.8940405845642
 20
422.3211669921875
 10
210.89158290624619
 20
422.3017141819
 10
210.88900756835938
 20
422.281982421875
  0
LWPOLYLINE
  5
1D4
330
17
100
AcDbEntity
  8
SCHEMATICS
 62
7
100
AcDbPolyline
 90
9
 70
0
 10
210.88900756835938
 20
422.281982421875
 10
210.882968634367
 20
422.2419204711914
 10
210.8761327266693
 20
422.20205879211426
 10
210.86854687333107
 20
422.1624116897583
 10
210.860258102417
 20
422.1229934692383
 10
210.8513134419918
 20
422.08381843566895
 10
210.84175992012024
 20
422.04490089416504
 10
210.83164456486702
 20
422.0062551498413
 10
210.82101440429688
 20
421.9678955078125
  0
LWPOLYLINE
  5
1D5
330
17
100
AcDbEntity
  8
SCHEMATICS
 62
7
100
AcDbPolyline
 90
9
 70
0
 10
210.82101440429688
 20
421.9678955078125
 10
210.81038305163383
 20
421.93045169115067
 10
210.7987916469574
 20
421.89312982559204
 10
210.78631010651588
 20
421.85593742132187
 10
210.77300834655762
 20
421.8188819885254
 10
210.75895628333092
 20
421.78197103738785
 10
210.7442238330841
 20
421.7452120780945
 10
210.7288809120655
 20
421.70861262083054
 10
210.71299743652344
 20
421.67218017578125
  0
LWPOLYLINE
  5
1D6
330
17
100
AcDbEntity
  8
SCHEMATICS
 62
7
100
AcDbPolyline
 90
9
 70
0
 10
210.71299743652344
 20
421.67218017578125
 10
210.69753858447075
 20
421.63567340373993
 10
210.68118834495544
 20
421.5996923446655
 10
210.66399374604225
 20
421.5642019510269
 10
210.6460018157959
 20
421.52916717529297
 10
210.6272595822811
 20
421.49455296993256
 10
210.60781407356262
 20
421.46032428741455
 10
210.58771231770515
 20
421.4264460802078
 10
210.56700134277344
 20
421.39288330078125
  0
LWPOLYLINE
  5
1D7
330
17
100
AcDbEntity
  8
SCHEMATICS
 62
7
100
AcDbPolyline
 90
9
 70
0
 10
210.56700134277344
 20
421.39288330078125
 10
210.54567903280258
 20
421.3589632511139
 10
210.52373552322388
 20
421.3254737854004
 10
210.50120621919632
 20
421.29244208335876
 10
210.4781265258789
 20
421.25989532470703
 10
210.45453184843063
 20
421.2278606891632
 10
210.4304575920105
 20
421.1963653564453
 10
210.4059391617775
 20
421.16543650627136
 10
210.38101196289062
 20
421.1351013183594
  0
LWPOLYLINE
  5
1D8
330
17
100
AcDbEntity
  8
SCHEMATICS
 62
7
100
AcDbPolyline
 90
9
 70
0
 10
210.38101196289062
 20
421.1351013183594
 10
210.35485658049583
 20
421.1042329668999
 10
210.3281753063202
 20
421.0740065574646
 10
210.3010030090809
 20
421.0443659424782
 10
210.27337455749512
 20
421.01525497436523
 10
210.24532482028008
 20
420.9866175055504
 10
210.21688866615295
 20
420.95839738845825
 10
210.18810096383095
 20
420.93053847551346
 10
210.15899658203125
 20
420.9029846191406
  0
LWPOLYLINE
  5
1D9
330
17
100
AcDbEntity
  8
SCHEMATICS
 62
7
100
AcDbPolyline
 90
9
 70
0
 10
210.15899658203125
 20
420.9029846191406
 10
210.12980312108994
 20
420.8770459294319
 10
210.09997415542603
 20
420.8516125679016
 10
210.06953364610672
 20
420.8266376852989
 10
210.03850555419922
 20
420.80207443237305
 10
210.00691384077072
 20
420.7778759598732
 10
209.97478246688843
 20
420.7539954185486
 10
209.94213539361954
 20
420.7303859591484
 10
209.90899658203125
 20
420.7070007324219
  0
LWPOLYLINE
  5
1DA
330
17
100
AcDbEntity
  8
SCHEMATICS
 62
7
100
AcDbPolyline
 90
9
 70
0
 10
209.90899658203125
 20
420.7070007324219
 10
209.87642922997475
 20
420.6857952475548
 10
209.84326481819153
 20
420.66500425338745
 10
209.80956146121025
 20
420.644630253315
 10
209.77537727355957
 20
420.6246757507324
 10
209.74077036976814
 20
420.6051432490349
 10
209.70579886436462
 20
420.58603525161743
 10
209.67052087187767
 20
420.56735426187515
 10
209.63499450683594
 20
420.5491027832031
  0
LWPOLYLINE
  5
1DB
330
17
100
AcDbEntity
  8
SCHEMATICS
 62
7
100
AcDbPolyline
 90
9
 70
0
 10
209.63499450683594
 20
420.5491027832031
 10
209.59989169239998
 20
420.531745493412
 10
209.56433129310608
 20
420.51509523391724
 10
209.52832493185997
 20
420.4991723895073
 10
209.49188423156738
 20
420.4839973449707
 10
209.45502081513405
 20
420.469590485096
 10
209.4177463054657
 20
420.45597219467163
 10
209.38007232546806
 20
420.4431628584862
 10
209.34201049804688
 20
420.4311828613281
  0
LWPOLYLINE
  5
1DC
330
17
100
AcDbEntity
  8
SCHEMATICS
 62
7
100
AcDbPolyline
 90
9
 70
0
 10
209.34201049804688
 20
420.4311828613281
 10
209.3040871322155
 20
420.419025182724
 10
209.26605772972107
 20
420.40746116638184
 10
209.22791066765785
 20
420.39650082588196
 10
209.18963432312012
 20
420.3861541748047
 10
209.15121707320213
 20
420.37643122673035
 10
209.11264729499817
 20
420.36734199523926
 10
209.0739133656025
 20
420.35889649391174
 10
209.03500366210938
 20
420.3511047363281
  0
LWPOLYLINE
  5
1DD
330
17
100
AcDbEntity
  8
SCHEMATICS
 62
7
100
AcDbPolyline
 90
9
 70
0
 10
209.03500366210938
 20
420.3511047363281
 10
208.99571612477303
 20
420.3454158306122
 10
208.95656895637512
 20
420.3403263092041
 10
208.91751512885094
 20
420.3357775211334
 10
208.87850761413574
 20
420.3317108154297
 10
208.8394993841648
 20
420.32806754112244
 10
208.8004434108734
 20
420.3247890472412
 10
208.76129266619682
 20
420.32181668281555
 10
208.7220001220703
 20
420.319091796875
  0
LWPOLYLINE
  5
1DE
330
17
100
AcDbEntity
  8
SCHEMATICS
 62
7
100
AcDbPolyline
 90
9
 70
0
 10
208.18800354003906
 20
650.5910034179688
 10
208.2104600071907
 20
650.5541972219944
 10
208.23284673690796
 20
650.5172874927521
 10
208.2551869750023
 20
650.4802622497082
 10
208.27750396728516
 20
650.4431095123291
 10
208.29982095956802
 20
650.4058173000813
 10
208.32216119766235
 20
650.368373632431
 10
208.3445479273796
 20
650.3307665288448
 10
208.36700439453125
 20
650.2929840087891
  0
LWPOLYLINE
  5
1DF
330
17
100
AcDbEntity
  8
SCHEMATICS
 62
7
100
AcDbPolyline
 90
9
 70
0
 10
208.36700439453125
 20
650.2929840087891
 10
208.3891328573227
 20
650.2552446424961
 10
208.4112720489502
 20
650.2177250385284
 10
208.4334341287613
 20
650.1803674399853
 10
208.45563125610352
 20
650.1431140899658
 10
208.4778755903244
 20
650.1059072315693
 10
208.50017929077148
 20
650.0686891078949
 10
208.5225545167923
 20
650.0314019620419
 10
208.54501342773438
 20
649.9939880371094
  0
LWPOLYLINE
  5
1E0
330
17
100
AcDbEntity
  8
SCHEMATICS
 62
7
100
AcDbPolyline
 90
9
 70
0
 10
208.54501342773438
 20
649.9939880371094
 10
208.56201431155205
 20
649.9653606414795
 10
208.57921385765076
 20
649.9365358352661
 10
208.59653034806252
 20
649.9075951576233
 10
208.61388206481934
 20
649.8786201477051
 10
208.63118728995323
 20
649.8496923446655
 10
208.64836430549622
 20
649.8208932876587
 10
208.6653313934803
 20
649.7923045158386
 10
208.6820068359375
 20
649.7640075683594
  0
LWPOLYLINE
  5
1E1
330
17
100
AcDbEntity
  8
SCHEMATICS
 62
7
100
AcDbPolyline
 90
9
 70
0
 10
189.48699951171875
 20
650.4369964599609
 10
189.51372095942497
 20
650.48179641366
 10
189.54061675071716
 20
650.5268890857697
 10
189.5676752626896
 20
650.5721924006939
 10
189.59488487243652
 20
650.6176242828369
 10
189.62223395705223
 20
650.6631026566029
 10
189.64971089363098
 20
650.7085454463959
 10
189.67730405926704
 20
650.7538705766201
 10
189.7050018310547
 20
650.7989959716797
  0
LWPOLYLINE
  5
1E2
330
17
100
AcDbEntity
  8
SCHEMATICS
 62
7
100
AcDbPolyline
 90
9
 70
0
 10
189.7050018310547
 20
650.7989959716797
 10
189.73654887080193
 20
650.8527108132839
 10
189.76819014549255
 20
650.9065778255463
 10
189.79992547631264
 20
650.9605617821217
 10
189.83175468444824
 20
651.014627456665
 10
189.86367759108543
 20
651.0687396228313
 10
189.89569401741028
 20
651.1228630542755
 10
189.92780378460884
 20
651.1769625246525
 10
189.9600067138672
 20
651.2310028076172
  0
LWPOLYLINE
  5
1E3
330
17
100
AcDbEntity
  8
SCHEMATICS
 62
7
100
AcDbPolyline
 90
9
 70
0
 10
208.2790069580078
 20
650.6259918212891
 10
208.28955540060997
 20
650.6066261231899
 10
208.30020880699158
 20
650.5875070095062
 10
208.31097915768623
 20
650.5685992538929
 10
208.32187843322754
 20
650.5498676300049
 10
208.3329186141491
 20
650.5312769114971
 10
208.3441116809845
 20
650.5127918720245
 10
208.35546961426735
 20
650.4943772852421
 10
208.36700439453125
 20
650.4759979248047
  0
LWPOLYLINE
  5
1E4
330
17
100
AcDbEntity
  8
SCHEMATICS
 62
7
100
AcDbPolyline
 90
9
 70
0
 10
208.36700439453125
 20
650.4759979248047
 10
208.3891328573227
 20
650.4375880360603
 10
208.4112720489502
 20
650.3995547294617
 10
208.4334341287613
 20
650.3618039488792
 10
208.45563125610352
 20
650.3242416381836
 10
208.4778755903244
 20
650.2867737412453
 10
208.50017929077148
 20
650.2493062019348
 10
208.5225545167923
 20
650.2117449641228
 10
208.54501342773438
 20
650.1739959716797
  0
LWPOLYLINE
  5
1E5
330
17
100
AcDbEntity
  8
SCHEMATICS
 62
7
100
AcDbPolyline
 90
9
 70
0
 10
208.54501342773438
 20
650.1739959716797
 10
208.56229907274246
 20
650.1456933319569
 10
208.57963228225708
 20
650.1170990467072
 10
208.59696620702744
 20
650.0882948338985
 10
208.61425399780273
 20
650.059362411499
 10
208.63144880533218
 20
650.0303834974766
 10
208.648503780365
 20
650.0014398097992
 10
208.66537207365036
 20
649.9726130664349
 10
208.6820068359375
 20
649.9439849853516
  0
LWPOLYLINE
  5
1E6
330
17
100
AcDbEntity
  8
SCHEMATICS
 62
7
100
AcDbPolyline
 90
9
 70
0
 10
189.48699951171875
 20
650.6170043945312
 10
189.51372095942497
 20
650.6627115011215
 10
189.54061675071716
 20
650.7083606719971
 10
189.5676752626896
 20
650.753986954689
 10
189.59488487243652
 20
650.7996253967285
 10
189.62223395705223
 20
650.8453110456467
 10
189.64971089363098
 20
650.8910789489746
 10
189.67730405926704
 20
650.9369641542435
 10
189.7050018310547
 20
650.9830017089844
  0
LWPOLYLINE
  5
1E7
330
17
100
AcDbEntity
  8
SCHEMATICS
 62
7
100
AcDbPolyline
 90
9
 70
0
 10
189.7050018310547
 20
650.9830017089844
 10
189.72683528065681
 20
651.0188430249691
 10
189.7487976551056
 20
651.0550725460052
 10
189.7708304822445
 20
651.0916078388691
 10
189.792875289917
 20
651.1283664703369
 10
189.81487360596657
 20
651.165266007185
 10
189.8367669582367
 20
651.2022240161896
 10
189.85849687457085
 20
651.239158064127
 10
189.8800048828125
 20
651.2759857177734
  0
LWPOLYLINE
  5
1E8
330
17
100
AcDbEntity
  8
SCHEMATICS
 62
7
100
AcDbPolyline
 90
9
 70
0
 10
208.34800720214844
 20
650.6869964599609
 10
208.35029923915863
 20
650.6826249957085
 10
208.35266208648682
 20
650.6784777641296
 10
208.35507214069366
 20
650.6744957566261
 10
208.35750579833984
 20
650.6706199645996
 10
208.35993945598602
 20
650.6667913794518
 10
208.36234951019287
 20
650.6629509925842
 10
208.36471235752106
 20
650.6590397953987
 10
208.36700439453125
 20
650.6549987792969
  0
LWPOLYLINE
  5
1E9
330
17
100
AcDbEntity
  8
SCHEMATICS
 62
7
100
AcDbPolyline
 90
9
 70
0
 10
208.36700439453125
 20
650.6549987792969
 10
208.3891328573227
 20
650.6171297729015
 10
208.4112720489502
 20
650.5792949199677
 10
208.4334341287613
 20
650.5415298044682
 10
208.45563125610352
 20
650.503870010376
 10
208.4778755903244
 20
650.466351121664
 10
208.50017929077148
 20
650.4290087223053
 10
208.5225545167923
 20
650.3918783962727
 10
208.54501342773438
 20
650.3549957275391
  0
LWPOLYLINE
  5
1EA
330
17
100
AcDbEntity
  8
SCHEMATICS
 62
7
100
AcDbPolyline
 90
9
 70
0
 10
208.54501342773438
 20
650.3549957275391
 10
208.5623029768467
 20
650.3251294195652
 10
208.57966351509094
 20
650.2955086231232
 10
208.59707161784172
 20
650.2660984694958
 10
208.61450386047363
 20
650.2368640899658
 10
208.63193681836128
 20
650.2077706158161
 10
208.64934706687927
 20
650.1787831783295
 10
208.6667111814022
 20
650.1498669087887
 10
208.6840057373047
 20
650.1209869384766
  0
LWPOLYLINE
  5
1EB
330
17
100
AcDbEntity
  8
SCHEMATICS
 62
7
100
AcDbPolyline
 90
9
 70
0
 10
189.48699951171875
 20
650.7939910888672
 10
189.51343181729317
 20
650.8395043611526
 10
189.5401918888092
 20
650.8852500915527
 10
189.56723269820213
 20
650.9311817884445
 10
189.59450721740723
 20
650.9772529602051
 10
189.62196841835976
 20
651.0234171152115
 10
189.649569272995
 20
651.0696277618408
 10
189.67726275324821
 20
651.1158384084702
 10
189.7050018310547
 20
651.1620025634766
  0
LWPOLYLINE
  5
1EC
330
17
100
AcDbEntity
  8
SCHEMATICS
 62
7
100
AcDbPolyline
 90
9
 70
0
 10
189.7050018310547
 20
651.1620025634766
 10
189.7170016169548
 20
651.181637018919
 10
189.72900247573853
 20
651.2015159130096
 10
189.74100404977798
 20
651.2216047346592
 10
189.7530059814453
 20
651.2418689727783
 10
189.76500791311264
 20
651.2622741162777
 10
189.7770094871521
 20
651.282785654068
 10
189.78901034593582
 20
651.3033690750599
 10
189.80101013183594
 20
651.3239898681641
  0
LWPOLYLINE
  5
1ED
330
17
100
AcDbEntity
  8
SCHEMATICS
 62
7
100
AcDbPolyline
 90
9
 70
0
 10
189.447998046875
 20
650.9049987792969
 10
189.4798794388771
 20
650.9592799246311
 10
189.51178407669067
 20
651.0133974552155
 10
189.54373520612717
 20
651.0673751533031
 10
189.57575607299805
 20
651.1212368011475
 10
189.60786992311478
 20
651.1750061810017
 10
189.64010000228882
 20
651.228707075119
 10
189.67246955633163
 20
651.2823632657528
 10
189.7050018310547
 20
651.3359985351562
  0
LWPOLYLINE
  5
1EE
330
17
100
AcDbEntity
  8
SCHEMATICS
 62
7
100
AcDbPolyline
 90
9
 70
0
 10
189.7050018310547
 20
651.3359985351562
 10
189.71704813838005
 20
651.357369095087
 10
189.7291886806488
 20
651.3787291049957
 10
189.741423279047
 20
651.4000665843487
 10
189.75375175476074
 20
651.4213695526123
 10
189.76617392897606
 20
651.442626029253
 10
189.77868962287903
 20
651.4638240337372
 10
189.79129865765572
 20
651.4849515855312
 10
189.8040008544922
 20
651.5059967041016
  0
LWPOLYLINE
  5
1EF
330
17
100
AcDbEntity
  8
SCHEMATICS
 62
7
100
AcDbPolyline
 90
9
 70
0
 10
208.3450164794922
 20
650.8660125732422
 10
208.34706526994705
 20
650.8617127537727
 10
208.34943056106567
 20
650.8571457862854
 10
208.35205405950546
 20
650.8524164557457
 10
208.35487747192383
 20
650.8476295471191
 10
208.35784250497818
 20
650.8428898453712
 10
208.36089086532593
 20
650.8383021354675
 10
208.36396425962448
 20
650.8339712023735
 10
208.36700439453125
 20
650.8300018310547
  0
LWPOLYLINE
  5
1F0
330
17
100
AcDbEntity
  8
SCHEMATICS
 62
7
100
AcDbPolyline
 90
9
 70
0
 10
208.36700439453125
 20
650.8300018310547
 10
208.3891328573227
 20
650.7925034761429
 10
208.4112720489502
 20
650.7550287246704
 10
208.4334341287613
 20
650.7176011800766
 10
208.45563125610352
 20
650.6802444458008
 10
208.4778755903244
 20
650.6429821252823
 10
208.50017929077148
 20
650.6058378219604
 10
208.5225545167923
 20
650.5688351392746
 10
208.54501342773438
 20
650.5319976806641
  0
LWPOLYLINE
  5
1F1
330
17
100
AcDbEntity
  8
SCHEMATICS
 62
7
100
AcDbPolyline
 90
9
 70
0
 10
208.54501342773438
 20
650.5319976806641
 10
208.5648841559887
 20
650.4985720515251
 10
208.58474326133728
 20
650.4650673866272
 10
208.6045791208744
 20
650.4314947724342
 10
208.62438011169434
 20
650.3978652954102
 10
208.64413461089134
 20
650.3641900420189
 10
208.6638309955597
 20
650.3304800987244
 10
208.68345764279366
 20
650.2967465519905
 10
208.7030029296875
 20
650.2630004882812
  0
LWPOLYLINE
  5
1F2
330
17
100
AcDbEntity
  8
SCHEMATICS
 62
7
100
AcDbPolyline
 90
9
 70
0
 10
208.6820068359375
 20
421.4018859863281
 10
208.6653313934803
 20
421.37270361185074
 10
208.64836430549622
 20
421.3435101509094
 10
208.63118728995323
 20
421.31432312726974
 10
208.61388206481934
 20
421.28516006469727
 10
208.59653034806252
 20
421.25603848695755
 10
208.57921385765076
 20
421.22697591781616
 10
208.56201431155205
 20
421.19798988103867
 10
208.54501342773438
 20
421.1690979003906
  0
LWPOLYLINE
  5
1F3
330
17
100
AcDbEntity
  8
SCHEMATICS
 62
7
100
AcDbPolyline
 90
9
 70
0
 10
208.54501342773438
 20
421.1690979003906
 10
208.5225545167923
 20
421.1318008899689
 10
208.50017929077148
 20
421.0944194793701
 10
208.4778755903244
 20
421.057000875473
 10
208.45563125610352
 20
421.01959228515625
 10
208.4334341287613
 20
420.98224091529846
 10
208.4112720489502
 20
420.9449939727783
 10
208.3891328573227
 20
420.9078986644745
 10
208.36700439453125
 20
420.8710021972656
  0
LWPOLYLINE
  5
1F4
330
17
100
AcDbEntity
  8
SCHEMATICS
 62
7
100
AcDbPolyline
 90
9
 70
0
 10
208.36700439453125
 20
420.8710021972656
 10
208.3445479273796
 20
420.83316057920456
 10
208.32216119766235
 20
420.79551458358765
 10
208.29982095956802
 20
420.758036673069
 10
208.27750396728516
 20
420.72069931030273
 10
208.2551869750023
 20
420.68347495794296
 10
208.23284673690796
 20
420.6463360786438
 10
208.2104600071907
 20
420.60925513505936
 10
208.18800354003906
 20
420.57220458984375
  0
LWPOLYLINE
  5
1F5
330
17
100
AcDbEntity
  8
SCHEMATICS
 62
7
100
AcDbPolyline
 90
9
 70
0
 10
189.9600067138672
 20
419.93310546875
 10
189.92780378460884
 20
419.98735934495926
 10
189.89569401741028
 20
420.0414719581604
 10
189.86367759108543
 20
420.09547942876816
 10
189.83175468444824
 20
420.14941787719727
 10
189.79992547631264
 20
420.20332342386246
 10
189.76819014549255
 20
420.25723218917847
 10
189.73654887080193
 20
420.31118029356
 10
189.7050018310547
 20
420.3652038574219
  0
LWPOLYLINE
  5
1F6
330
17
100
AcDbEntity
  8
SCHEMATICS
 62
7
100
AcDbPolyline
 90
9
 70
0
 10
189.7050018310547
 20
420.3652038574219
 10
189.67730405926704
 20
420.4098198413849
 10
189.64971089363098
 20
420.4546432495117
 10
189.62223395705223
 20
420.4996554851532
 10
189.59488487243652
 20
420.54483795166016
 10
189.5676752626896
 20
420.5901720523834
 10
189.54061675071716
 20
420.6356391906738
 10
189.51372095942497
 20
420.6812207698822
 10
189.48699951171875
 20
420.7268981933594
  0
LWPOLYLINE
  5
1F7
330
17
100
AcDbEntity
  8
SCHEMATICS
 62
7
100
AcDbPolyline
 90
9
 70
0
 10
208.6820068359375
 20
421.21710205078125
 10
208.66537207365036
 20
421.1891438961029
 10
208.648503780365
 20
421.16094970703125
 10
208.63144880533218
 20
421.13254380226135
 10
208.61425399780273
 20
421.1039505004883
 10
208.59696620702744
 20
421.0751941204071
 10
208.57963228225708
 20
421.0462989807129
 10
208.56229907274246
 20
421.0172894001007
 10
208.54501342773438
 20
420.9881896972656
  0
LWPOLYLINE
  5
1F8
330
17
100
AcDbEntity
  8
SCHEMATICS
 62
7
100
AcDbPolyline
 90
9
 70
0
 10
208.54501342773438
 20
420.9881896972656
 10
208.5225545167923
 20
420.9507212638855
 10
208.50017929077148
 20
420.9133014678955
 10
208.4778755903244
 20
420.87590169906616
 10
208.45563125610352
 20
420.83849334716797
 10
208.4334341287613
 20
420.80104780197144
 10
208.4112720489502
 20
420.76353645324707
 10
208.3891328573227
 20
420.7259306907654
 10
208.36700439453125
 20
420.6882019042969
  0
LWPOLYLINE
  5
1F9
330
17
100
AcDbEntity
  8
SCHEMATICS
 62
7
100
AcDbPolyline
 90
9
 70
0
 10
208.36700439453125
 20
420.6882019042969
 10
208.35546961426735
 20
420.6695293188095
 10
208.3441116809845
 20
420.6509847640991
 10
208.3329186141491
 20
420.63250744342804
 10
208.32187843322754
 20
420.6140365600586
 10
208.31097915768623
 20
420.5955113172531
 10
208.30020880699158
 20
420.5768709182739
 10
208.28955540060997
 20
420.55805456638336
 10
208.2790069580078
 20
420.53900146484375
  0
LWPOLYLINE
  5
1FA
330
17
100
AcDbEntity
  8
SCHEMATICS
 62
7
100
AcDbPolyline
 90
9
 70
0
 10
189.8800048828125
 20
419.8858947753906
 10
189.85849687457085
 20
419.92269814014435
 10
189.8367669582367
 20
419.9596109390259
 10
189.81487360596657
 20
419.99662816524506
 10
189.792875289917
 20
420.0337448120117
 10
189.7708304822445
 20
420.0709558725357
 10
189.7487976551056
 20
420.10825634002686
 10
189.72683528065681
 20
420.145641207695
 10
189.7050018310547
 20
420.18310546875
  0
LWPOLYLINE
  5
1FB
330
17
100
AcDbEntity
  8
SCHEMATICS
 62
7
100
AcDbPolyline
 90
9
 70
0
 10
189.7050018310547
 20
420.18310546875
 10
189.67730405926704
 20
420.2284985780716
 10
189.64971089363098
 20
420.27386379241943
 10
189.62223395705223
 20
420.3192104101181
 10
189.59488487243652
 20
420.3645477294922
 10
189.5676752626896
 20
420.4098850488663
 10
189.54061675071716
 20
420.45523166656494
 10
189.51372095942497
 20
420.5005968809128
 10
189.48699951171875
 20
420.5459899902344
  0
LWPOLYLINE
  5
1FC
330
17
100
AcDbEntity
  8
SCHEMATICS
 62
7
100
AcDbPolyline
 90
9
 70
0
 10
208.6840057373047
 20
421.0420837402344
 10
208.6667111814022
 20
421.0131406188011
 10
208.64934706687927
 20
420.98401975631714
 10
208.63193681836128
 20
420.95476657152176
 10
208.61450386047363
 20
420.9254264831543
 10
208.59707161784172
 20
420.89604490995407
 10
208.57966351509094
 20
420.8666672706604
 10
208.5623029768467
 20
420.8373389840126
 10
208.54501342773438
 20
420.80810546875
  0
LWPOLYLINE
  5
1FD
330
17
100
AcDbEntity
  8
SCHEMATICS
 62
7
100
AcDbPolyline
 90
9
 70
0
 10
208.54501342773438
 20
420.80810546875
 10
208.5225545167923
 20
420.7703719139099
 10
208.50017929077148
 20
420.7329330444336
 10
208.4778755903244
 20
420.6956887245178
 10
208.45563125610352
 20
420.6585388183594
 10
208.4334341287613
 20
420.62138319015503
 10
208.4112720489502
 20
420.58412170410156
 10
208.3891328573227
 20
420.54665422439575
 10
208.36700439453125
 20
420.5088806152344
  0
LWPOLYLINE
  5
1FE
330
17
100
AcDbEntity
  8
SCHEMATICS
 62
7
100
AcDbPolyline
 90
9
 70
0
 10
208.36700439453125
 20
420.5088806152344
 10
208.36471235752106
 20
420.50474762916565
 10
208.36234951019287
 20
420.5005531311035
 10
208.35993945598602
 20
420.4963471889496
 10
208.35750579833984
 20
420.49217987060547
 10
208.35507214069366
 20
420.4881012439728
 10
208.35266208648682
 20
420.4841613769531
 10
208.35029923915863
 20
420.4804103374481
 10
208.34800720214844
 20
420.4768981933594
  0
LWPOLYLINE
  5
1FF
330
17
100
AcDbEntity
  8
SCHEMATICS
 62
7
100
AcDbPolyline
 90
9
 70
0
 10
189.80101013183594
 20
419.8401794433594
 10
189.78901034593582
 20
419.8604773879051
 10
189.7770094871521
 20
419.88088369369507
 10
189.76500791311264
 20
419.9013321995735
 10
189.7530059814453
 20
419.92175674438477
 10
189.74100404977798
 20
419.9420911669731
 10
189.72900247573853
 20
419.96226930618286
 10
189.7170016169548
 20
419.9822250008583
 10
189.7050018310547
 20
420.00189208984375
  0
LWPOLYLINE
  5
200
330
17
100
AcDbEntity
  8
SCHEMATICS
 62
7
100
AcDbPolyline
 90
9
 70
0
 10
189.7050018310547
 20
420.00189208984375
 10
189.67726275324821
 20
420.0482824444771
 10
189.649569272995
 20
420.0943570137024
 10
189.62196841835976
 20
420.1402034163475
 10
189.59450721740723
 20
420.18590927124023
 10
189.56723269820213
 20
420.2315621972084
 10
189.5401918888092
 20
420.27724981307983
 10
189.51343181729317
 20
420.32305973768234
 10
189.48699951171875
 20
420.36907958984375
  0
LWPOLYLINE
  5
201
330
17
100
AcDbEntity
  8
SCHEMATICS
 62
7
100
AcDbPolyline
 90
9
 70
0
 10
208.7030029296875
 20
420.89599609375
 10
208.68345764279366
 20
420.8642290234566
 10
208.6638309955597
 20
420.8319745063782
 10
208.64413461089134
 20
420.79928582906723
 10
208.62438011169434
 20
420.7662162780762
 10
208.6045791208744
 20
420.7328191399574
 10
208.58474326133728
 20
420.6991477012634
 10
208.5648841559887
 20
420.6652552485466
 10
208.54501342773438
 20
420.6311950683594
  0
LWPOLYLINE
  5
202
330
17
100
AcDbEntity
  8
SCHEMATICS
 62
7
100
AcDbPolyline
 90
9
 70
0
 10
208.54501342773438
 20
420.6311950683594
 10
208.5225545167923
 20
420.5945877432823
 10
208.50017929077148
 20
420.5577483177185
 10
208.4778755903244
 20
420.52069932222366
 10
208.45563125610352
 20
420.4834632873535
 10
208.4334341287613
 20
420.4460627436638
 10
208.4112720489502
 20
420.4085202217102
 10
208.3891328573227
 20
420.3708582520485
 10
208.36700439453125
 20
420.3330993652344
  0
LWPOLYLINE
  5
203
330
17
100
AcDbEntity
  8
SCHEMATICS
 62
7
100
AcDbPolyline
 90
9
 70
0
 10
208.36700439453125
 20
420.3330993652344
 10
208.36396425962448
 20
420.32895278930664
 10
208.36089086532593
 20
420.32466888427734
 10
208.35784250497818
 20
420.3202247619629
 10
208.35487747192383
 20
420.3155975341797
 10
208.35205405950546
 20
420.31076431274414
 10
208.34943056106567
 20
420.30570220947266
 10
208.34706526994705
 20
420.30038833618164
 10
208.3450164794922
 20
420.2947998046875
  0
LWPOLYLINE
  5
204
330
17
100
AcDbEntity
  8
SCHEMATICS
 62
7
100
AcDbPolyline
 90
9
 70
0
 10
189.8040008544922
 20
419.6589050292969
 10
189.79129865765572
 20
419.68019354343414
 10
189.77868962287903
 20
419.70136547088623
 10
189.76617392897606
 20
419.72247874736786
 10
189.75375175476074
 20
419.74359130859375
 10
189.741423279047
 20
419.7647610902786
 10
189.7291886806488
 20
419.7860460281372
 10
189.71704813838005
 20
419.8075040578842
 10
189.7050018310547
 20
419.8291931152344
  0
LWPOLYLINE
  5
205
330
17
100
AcDbEntity
  8
SCHEMATICS
 62
7
100
AcDbPolyline
 90
9
 70
0
 10
189.7050018310547
 20
419.8291931152344
 10
189.67246955633163
 20
419.8823934197426
 10
189.64010000228882
 20
419.9356427192688
 10
189.60786992311478
 20
419.98895567655563
 10
189.57575607299805
 20
420.0423469543457
 10
189.54373520612717
 20
420.0958312153816
 10
189.51178407669067
 20
420.149423122406
 10
189.4798794388771
 20
420.20313733816147
 10
189.447998046875
 20
420.2569885253906
  0
LWPOLYLINE
  5
206
330
17
100
AcDbEntity
  8
SCHEMATICS
 62
7
100
AcDbPolyline
 90
9
 70
0
 10
210.90000915527344
 20
418.52099609375
 10
210.9008039534092
 20
418.53627943992615
 10
210.90168118476868
 20
418.55139541625977
 10
210.90262886881828
 20
418.5663511753082
 10
210.9036350250244
 20
418.5811538696289
 10
210.90468767285347
 20
418.5958106517792
 10
210.90577483177185
 20
418.6103286743164
 10
210.90688452124596
 20
418.624715089798
 10
210.9080047607422
 20
418.63897705078125
  0
LWPOLYLINE
  5
207
330
17
100
AcDbEntity
  8
SCHEMATICS
 62
7
100
AcDbPolyline
 90
9
 70
0
 10
210.9080047607422
 20
418.63897705078125
 10
210.90841802954674
 20
418.65422409772873
 10
210.90889048576355
 20
418.6692519187927
 10
210.90938690304756
 20
418.6841331124306
 10
210.9098720550537
 20
418.6989402770996
 10
210.91031071543694
 20
418.7137460112572
 10
210.91066765785217
 20
418.7286229133606
 10
210.91090765595436
 20
418.7436435818672
 10
210.91099548339844
 20
418.7588806152344
  0
LWPOLYLINE
  5
208
330
17
100
AcDbEntity
  8
SCHEMATICS
 62
7
100
AcDbPolyline
 90
9
 70
0
 10
213.17800903320312
 20
425.2998962402344
 10
213.17749723792076
 20
425.2415605187416
 10
213.1759774684906
 20
425.1833882331848
 10
213.17347314953804
 20
425.1253654360771
 10
213.17000770568848
 20
425.06747817993164
 10
213.1656045615673
 20
425.0097125172615
 10
213.16028714179993
 20
424.95205450057983
 10
213.15407887101173
 20
424.89449018239975
 10
213.14700317382812
 20
424.8370056152344
  0
LWPOLYLINE
  5
209
330
17
100
AcDbEntity
  8
SCHEMATICS
 62
7
100
AcDbPolyline
 90
9
 70
0
 10
213.14700317382812
 20
424.8370056152344
 10
213.13832673430443
 20
424.7792521715164
 10
213.12878394126892
 20
424.7214822769165
 10
213.11835101246834
 20
424.66379392147064
 10
213.1070041656494
 20
424.60628509521484
 10
213.09471961855888
 20
424.5490537881851
 10
213.08147358894348
 20
424.4921979904175
 10
213.06724229454994
 20
424.43581569194794
 10
213.052001953125
 20
424.3800048828125
  0
LWPOLYLINE
  5
20A
330
17
100
AcDbEntity
  8
SCHEMATICS
 62
7
100
AcDbPolyline
 90
9
 70
0
 10
213.052001953125
 20
424.3800048828125
 10
213.0437027812004
 20
424.35227477550507
 10
213.03527307510376
 20
424.324481010437
 10
213.0266781449318
 20
424.2966686487198
 10
213.01788330078125
 20
424.26888275146484
 10
213.00885385274887
 20
424.24116837978363
 10
212.9995551109314
 20
424.2135705947876
 10
212.98995238542557
 20
424.1861344575882
 10
212.98001098632812
 20
424.1589050292969
  0
LWPOLYLINE
  5
20B
330
17
100
AcDbEntity
  8
SCHEMATICS
 62
7
100
AcDbPolyline
 90
9
 70
0
 10
212.98001098632812
 20
424.1589050292969
 10
212.97053170204163
 20
424.1309679746628
 10
212.96081924438477
 20
424.10337924957275
 10
212.95082640647888
 20
424.076083779335
 10
212.9405059814453
 20
424.0490264892578
 10
212.9298107624054
 20
424.02215230464935
 10
212.91869354248047
 20
423.99540615081787
 10
212.90710711479187
 20
423.9687329530716
 10
212.89500427246094
 20
423.94207763671875
  0
LWPOLYLINE
  5
20C
330
17
100
AcDbEntity
  8
SCHEMATICS
 62
7
100
AcDbPolyline
 90
9
 70
0
 10
212.89500427246094
 20
423.94207763671875
 10
212.8799459040165
 20
423.908001601696
 10
212.86471104621887
 20
423.8740153312683
 10
212.8492176234722
 20
423.84013706445694
 10
212.83338356018066
 20
423.8063850402832
 10
212.81712678074837
 20
423.7727774977684
 10
212.80036520957947
 20
423.73933267593384
 10
212.7830167710781
 20
423.7060688138008
 10
212.76499938964844
 20
423.6730041503906
  0
LWPOLYLINE
  5
20D
330
17
100
AcDbEntity
  8
SCHEMATICS
 62
7
100
AcDbPolyline
 90
9
 70
0
 10
212.46600341796875
 20
423.2151794433594
 10
212.45962515473366
 20
423.2065503001213
 10
212.45322346687317
 20
423.197970867157
 10
212.4467749297619
 20
423.1894136071205
 10
212.4402561187744
 20
423.180850982666
 10
212.43364360928535
 20
423.1722554564476
 10
212.4269139766693
 20
423.1635994911194
 10
212.4200437963009
 20
423.1548555493355
 10
212.4130096435547
 20
423.14599609375
  0
LWPOLYLINE
  5
20E
330
17
100
AcDbEntity
  8
SCHEMATICS
 62
7
100
AcDbPolyline
 90
9
 70
0
 10
212.4130096435547
 20
423.14599609375
 10
212.37588021159172
 20
423.10162311792374
 10
212.33798956871033
 20
423.05784273147583
 10
212.29932609200478
 20
423.014663875103
 10
212.25987815856934
 20
422.97209548950195
 10
212.21963414549828
 20
422.9301465153694
 10
212.17858242988586
 20
422.8888258934021
 10
212.13671138882637
 20
422.8481425642967
 10
212.09400939941406
 20
422.80810546875
  0
LWPOLYLINE
  5
20F
330
17
100
AcDbEntity
  8
SCHEMATICS
 62
7
100
AcDbPolyline
 90
9
 70
0
 10
212.09400939941406
 20
422.80810546875
 10
212.05134305357933
 20
422.7685279250145
 10
212.00806784629822
 20
422.73001432418823
 10
211.96413710713387
 20
422.69248992204666
 10
211.9195041656494
 20
422.65587997436523
 10
211.874122351408
 20
422.6201097369194
 10
211.82794499397278
 20
422.5851044654846
 10
211.78092542290688
 20
422.55078941583633
 10
211.73301696777344
 20
422.51708984375
  0
LWPOLYLINE
  5
210
330
17
100
AcDbEntity
  8
SCHEMATICS
 62
7
100
AcDbPolyline
 90
9
 70
0
 10
211.73301696777344
 20
422.51708984375
 10
211.68511402606964
 20
422.48304599523544
 10
211.63669681549072
 20
422.4500403404236
 10
211.5878118276596
 20
422.41804391145706
 10
211.53850555419922
 20
422.3870277404785
 10
211.48882448673248
 20
422.3569628596306
 10
211.43881511688232
 20
422.3278203010559
 10
211.38852393627167
 20
422.2995710968971
 10
211.33799743652344
 20
422.2721862792969
  0
LWPOLYLINE
  5
211
330
17
100
AcDbEntity
  8
SCHEMATICS
 62
7
100
AcDbPolyline
 90
9
 70
0
 10
211.33799743652344
 20
422.2721862792969
 10
211.2925781607628
 20
422.24983727931976
 10
211.24705266952515
 20
422.22798252105713
 10
211.20140916109085
 20
422.2067071199417
 10
211.15563583374023
 20
422.18609619140625
 10
211.10972088575363
 20
422.1662348508835
 10
211.06365251541138
 20
422.14720821380615
 10
211.0174189209938
 20
422.129101395607
 10
210.97100830078125
 20
422.11199951171875
  0
LWPOLYLINE
  5
212
330
17
100
AcDbEntity
  8
SCHEMATICS
 62
7
100
AcDbPolyline
 90
9
 70
0
 10
212.98001098632812
 20
647.0059967041016
 10
212.98995238542557
 20
646.9780013561249
 10
212.9995551109314
 20
646.950216293335
 10
213.00885385274887
 20
646.9225714206696
 10
213.01788330078125
 20
646.8949966430664
 10
213.0266781449318
 20
646.8674218654633
 10
213.03527307510376
 20
646.8397769927979
 10
213.0437027812004
 20
646.8119919300079
 10
213.052001953125
 20
646.7839965820312
  0
LWPOLYLINE
  5
213
330
17
100
AcDbEntity
  8
SCHEMATICS
 62
7
100
AcDbPolyline
 90
9
 70
0
 10
213.052001953125
 20
646.7839965820312
 10
213.05969655513763
 20
646.7552535831928
 10
213.06706428527832
 20
646.7267324924469
 10
213.07415163516998
 20
646.698374837637
 10
213.08100509643555
 20
646.6701221466064
 10
213.08767116069794
 20
646.6419159471989
 10
213.09419631958008
 20
646.6136977672577
 10
213.1006270647049
 20
646.5854091346264
 10
213.1070098876953
 20
646.5569915771484
  0
LWPOLYLINE
  5
214
330
17
100
AcDbEntity
  8
SCHEMATICS
 62
7
100
AcDbPolyline
 90
9
 70
0
 10
213.1070098876953
 20
646.5569915771484
 10
213.11249721050262
 20
646.5284892320633
 10
213.1177520751953
 20
646.4999504089355
 10
213.1228209733963
 20
646.4713400602341
 10
213.12775039672852
 20
646.4426231384277
 10
213.13258683681488
 20
646.4137645959854
 10
213.13737678527832
 20
646.384729385376
 10
213.14216673374176
 20
646.3554824590683
 10
213.14700317382812
 20
646.3259887695312
  0
LWPOLYLINE
  5
215
330
17
100
AcDbEntity
  8
SCHEMATICS
 62
7
100
AcDbPolyline
 90
9
 70
0
 10
213.14700317382812
 20
646.3259887695312
 10
213.15407887101173
 20
646.2685627639294
 10
213.16028714179993
 20
646.2110192775726
 10
213.1656045615673
 20
646.1533352434635
 10
213.17000770568848
 20
646.0954875946045
 10
213.17347314953804
 20
646.037453263998
 10
213.1759774684906
 20
645.9792091846466
 10
213.17749723792076
 20
645.9207322895527
 10
213.17800903320312
 20
645.8619995117188
  0
LWPOLYLINE
  5
216
330
17
100
AcDbEntity
  8
SCHEMATICS
 62
7
100
AcDbPolyline
 90
9
 70
0
 10
193.44900512695312
 20
426.08587646484375
 10
193.0522516965866
 20
426.0841602087021
 10
192.65547466278076
 20
426.08197689056396
 10
192.25865042209625
 20
426.07941448688507
 10
191.86175537109375
 20
426.0765609741211
 10
191.46476590633392
 20
426.0735043287277
 10
191.06765842437744
 20
426.07033252716064
 10
190.67040932178497
 20
426.06713354587555
 10
190.2729949951172
 20
426.0639953613281
  0
LWPOLYLINE
  5
217
330
17
100
AcDbEntity
  8
SCHEMATICS
 62
7
100
AcDbPolyline
 90
9
 70
0
 10
190.2729949951172
 20
426.0639953613281
 10
190.25948691368103
 20
426.0639953613281
 10
190.2459201812744
 20
426.0639953613281
 10
190.23223614692688
 20
426.0639953613281
 10
190.21837615966797
 20
426.0639953613281
 10
190.20428156852722
 20
426.0639953613281
 10
190.18989372253418
 20
426.0639953613281
 10
190.17515397071838
 20
426.0639953613281
 10
190.16000366210938
 20
426.0639953613281
  0
LWPOLYLINE
  5
218
330
17
100
AcDbEntity
  8
SCHEMATICS
 62
7
100
AcDbPolyline
 90
9
 70
0
 10
190.16000366210938
 20
426.0639953613281
 10
190.08949846029282
 20
426.0626207590103
 10
190.0189700126648
 20
426.06142711639404
 10
189.94839507341385
 20
426.06041514873505
 10
189.87775039672852
 20
426.05958557128906
 10
189.80701273679733
 20
426.05893909931183
 10
189.73615884780884
 20
426.0584764480591
 10
189.66516548395157
 20
426.05819833278656
 10
189.59400939941406
 20
426.05810546875
  0
LWPOLYLINE
  5
219
330
17
100
AcDbEntity
  8
SCHEMATICS
 62
7
100
AcDbPolyline
 90
9
 70
0
 10
210.71299743652344
 20
422.24798583984375
 10
210.69663861393929
 20
422.2122269272804
 10
210.67978501319885
 20
422.17697763442993
 10
210.66241392493248
 20
422.1421667933464
 10
210.6445026397705
 20
422.107723236084
 10
210.62602844834328
 20
422.0735757946968
 10
210.60696864128113
 20
422.039653301239
 10
210.5873005092144
 20
422.00588458776474
 10
210.56700134277344
 20
421.9721984863281
  0
LWPOLYLINE
  5
21A
330
17
100
AcDbEntity
  8
SCHEMATICS
 62
7
100
AcDbPolyline
 90
9
 70
0
 10
210.56700134277344
 20
421.9721984863281
 10
210.54567903280258
 20
421.9385690689087
 10
210.52373552322388
 20
421.90534591674805
 10
210.50120621919632
 20
421.872540473938
 10
210.4781265258789
 20
421.8401641845703
 10
210.45453184843063
 20
421.8082284927368
 10
210.4304575920105
 20
421.7767448425293
 10
210.4059391617775
 20
421.74572467803955
 10
210.38101196289062
 20
421.7151794433594
  0
LWPOLYLINE
  5
21B
330
17
100
AcDbEntity
  8
SCHEMATICS
 62
7
100
AcDbPolyline
 90
9
 70
0
 10
210.38101196289062
 20
421.7151794433594
 10
210.35485658049583
 20
421.68489849567413
 10
210.3281753063202
 20
421.6550245285034
 10
210.3010030090809
 20
421.6255496740341
 10
210.27337455749512
 20
421.5964660644531
 10
210.24532482028008
 20
421.5677658319473
 10
210.21688866615295
 20
421.5394411087036
 10
210.18810096383095
 20
421.5114840269089
 10
210.15899658203125
 20
421.48388671875
  0
LWPOLYLINE
  5
21C
330
17
100
AcDbEntity
  8
SCHEMATICS
 62
7
100
AcDbPolyline
 90
9
 70
0
 10
210.15899658203125
 20
421.48388671875
 10
210.12980312108994
 20
421.45828688144684
 10
210.09997415542603
 20
421.4330167770386
 10
210.06953364610672
 20
421.40808856487274
 10
210.03850555419922
 20
421.3835144042969
 10
210.00691384077072
 20
421.3593064546585
 10
209.97478246688843
 20
421.3354768753052
 10
209.94213539361954
 20
421.3120378255844
 10
209.90899658203125
 20
421.28900146484375
  0
LWPOLYLINE
  5
21D
330
17
100
AcDbEntity
  8
SCHEMATICS
 62
7
100
AcDbPolyline
 90
9
 70
0
 10
209.90899658203125
 20
421.28900146484375
 10
209.87642922997475
 20
421.26808309555054
 10
209.84326481819153
 20
421.24729919433594
 10
209.80956146121025
 20
421.2267098426819
 10
209.77537727355957
 20
421.2063751220703
 10
209.74077036976814
 20
421.18635511398315
 10
209.70579886436462
 20
421.16670989990234
 10
209.67052087187767
 20
421.1474995613098
 10
209.63499450683594
 20
421.1287841796875
  0
LWPOLYLINE
  5
21E
330
17
100
AcDbEntity
  8
SCHEMATICS
 62
7
100
AcDbPolyline
 90
9
 70
0
 10
209.63499450683594
 20
421.1287841796875
 10
209.59989169239998
 20
421.1124529838562
 10
209.56433129310608
 20
421.0963306427002
 10
209.52832493185997
 20
421.08056020736694
 10
209.49188423156738
 20
421.0652847290039
 10
209.45502081513405
 20
421.05064725875854
 10
209.4177463054657
 20
421.0367908477783
 10
209.38007232546806
 20
421.0238585472107
 10
209.34201049804688
 20
421.0119934082031
  0
LWPOLYLINE
  5
21F
330
17
100
AcDbEntity
  8
SCHEMATICS
 62
7
100
AcDbPolyline
 90
9
 70
0
 10
209.34201049804688
 20
421.0119934082031
 10
209.3040871322155
 20
420.9998868703842
 10
209.26605772972107
 20
420.98845767974854
 10
209.22791066765785
 20
420.97768795490265
 10
209.18963432312012
 20
420.9675598144531
 10
209.15121707320213
 20
420.95805537700653
 10
209.11264729499817
 20
420.94915676116943
 10
209.0739133656025
 20
420.9408460855484
 10
209.03500366210938
 20
420.93310546875
  0
LWPOLYLINE
  5
220
330
17
100
AcDbEntity
  8
SCHEMATICS
 62
7
100
AcDbPolyline
 90
9
 70
0
 10
209.03500366210938
 20
420.93310546875
 10
208.99571612477303
 20
420.9268673658371
 10
208.95656895637512
 20
420.9211206436157
 10
208.91751512885094
 20
420.91595327854156
 10
208.87850761413574
 20
420.9114532470703
 10
208.8394993841648
 20
420.90770852565765
 10
208.8004434108734
 20
420.9048070907593
 10
208.76129266619682
 20
420.9028369188309
 10
208.7220001220703
 20
420.9018859863281
  0
LWPOLYLINE
  5
221
330
17
100
AcDbEntity
  8
SCHEMATICS
 62
7
100
AcDbPolyline
 90
9
 70
0
 10
210.91099548339844
 20
422.0480041503906
 10
210.91058391332626
 20
422.00953072309494
 10
210.90938806533813
 20
421.9706950187683
 10
210.90746623277664
 20
421.9316011071205
 10
210.90487670898438
 20
421.8923530578613
 10
210.90167778730392
 20
421.85305494070053
 10
210.89792776107788
 20
421.8138108253479
 10
210.89368492364883
 20
421.7747247815132
 10
210.88900756835938
 20
421.73590087890625
  0
LWPOLYLINE
  5
222
330
17
100
AcDbEntity
  8
SCHEMATICS
 62
7
100
AcDbPolyline
 90
9
 70
0
 10
210.88900756835938
 20
421.73590087890625
 10
210.882968634367
 20
421.6959322690964
 10
210.8761327266693
 20
421.65633487701416
 10
210.86854687333107
 20
421.61706507205963
 10
210.860258102417
 20
421.5780792236328
 10
210.8513134419918
 20
421.5393337011337
 10
210.84175992012024
 20
421.5007848739624
 10
210.83164456486702
 20
421.46238911151886
 10
210.82101440429688
 20
421.4241027832031
  0
LWPOLYLINE
  5
223
330
17
100
AcDbEntity
  8
SCHEMATICS
 62
7
100
AcDbPolyline
 90
9
 70
0
 10
210.82101440429688
 20
421.4241027832031
 10
210.81038305163383
 20
421.38593477010727
 10
210.7987916469574
 20
421.3478980064392
 10
210.78631010651588
 20
421.3100579380989
 10
210.77300834655762
 20
421.2724800109863
 10
210.75895628333092
 20
421.23522967100143
 10
210.7442238330841
 20
421.1983723640442
 10
210.7288809120655
 20
421.16197353601456
 10
210.71299743652344
 20
421.1260986328125
  0
LWPOLYLINE
  5
224
330
17
100
AcDbEntity
  8
SCHEMATICS
 62
7
100
AcDbPolyline
 90
9
 70
0
 10
210.71299743652344
 20
421.1260986328125
 10
210.69753858447075
 20
421.0905041694641
 10
210.68118834495544
 20
421.05496406555176
 10
210.66399374604225
 20
421.0195698738098
 10
210.6460018157959
 20
420.98441314697266
 10
210.6272595822811
 20
420.94958543777466
 10
210.60781407356262
 20
420.9151782989502
 10
210.58771231770515
 20
420.88128328323364
 10
210.56700134277344
 20
420.8479919433594
  0
LWPOLYLINE
  5
225
330
17
100
AcDbEntity
  8
SCHEMATICS
 62
7
100
AcDbPolyline
 90
9
 70
0
 10
210.56700134277344
 20
420.8479919433594
 10
210.54567903280258
 20
420.8141006231308
 10
210.52373552322388
 20
420.7806806564331
 10
210.50120621919632
 20
420.7477341890335
 10
210.4781265258789
 20
420.7152633666992
 10
210.45453184843063
 20
420.68327033519745
 10
210.4304575920105
 20
420.6517572402954
 10
210.4059391617775
 20
420.6207262277603
 10
210.38101196289062
 20
420.5901794433594
  0
LWPOLYLINE
  5
226
330
17
100
AcDbEntity
  8
SCHEMATICS
 62
7
100
AcDbPolyline
 90
9
 70
0
 10
210.38101196289062
 20
420.5901794433594
 10
210.35485658049583
 20
420.55866688489914
 10
210.3281753063202
 20
420.52796506881714
 10
210.3010030090809
 20
420.4980064034462
 10
210.27337455749512
 20
420.46872329711914
 10
210.24532482028008
 20
420.4400481581688
 10
210.21688866615295
 20
420.411913394928
 10
210.18810096383095
 20
420.3842514157295
 10
210.15899658203125
 20
420.35699462890625
  0
LWPOLYLINE
  5
227
330
17
100
AcDbEntity
  8
SCHEMATICS
 62
7
100
AcDbPolyline
 90
9
 70
0
 10
210.15899658203125
 20
420.35699462890625
 10
210.12980312108994
 20
420.3312908411026
 10
210.09997415542603
 20
420.30583667755127
 10
210.06953364610672
 20
420.2807329893112
 10
210.03850555419922
 20
420.2560806274414
 10
210.00691384077072
 20
420.2319804430008
 10
209.97478246688843
 20
420.20853328704834
 10
209.94213539361954
 20
420.185840010643
 10
209.90899658203125
 20
420.16400146484375
  0
LWPOLYLINE
  5
228
330
17
100
AcDbEntity
  8
SCHEMATICS
 62
7
100
AcDbPolyline
 90
9
 70
0
 10
209.90899658203125
 20
420.16400146484375
 10
209.87642922997475
 20
420.1411780118942
 10
209.84326481819153
 20
420.119252204895
 10
209.80956146121025
 20
420.09817469120026
 10
209.77537727355957
 20
420.07789611816406
 10
209.74077036976814
 20
420.05836713314056
 10
209.70579886436462
 20
420.0395383834839
 10
209.67052087187767
 20
420.02136051654816
 10
209.63499450683594
 20
420.0037841796875
  0
LWPOLYLINE
  5
229
330
17
100
AcDbEntity
  8
SCHEMATICS
 62
7
100
AcDbPolyline
 90
9
 70
0
 10
209.63499450683594
 20
420.0037841796875
 10
209.59989169239998
 20
419.9865604043007
 10
209.56433129310608
 20
419.9699692726135
 10
209.52832493185997
 20
419.9539996981621
 10
209.49188423156738
 20
419.9386405944824
 10
209.45502081513405
 20
419.9238808751106
 10
209.4177463054657
 20
419.90970945358276
 10
209.38007232546806
 20
419.8961152434349
 10
209.34201049804688
 20
419.8830871582031
  0
LWPOLYLINE
  5
22A
330
17
100
AcDbEntity
  8
SCHEMATICS
 62
7
100
AcDbPolyline
 90
9
 70
0
 10
209.34201049804688
 20
419.8830871582031
 10
209.3040871322155
 20
419.8717734217644
 10
209.26605772972107
 20
419.8611617088318
 10
209.22791066765785
 20
419.85115867853165
 10
209.18963432312012
 20
419.84167098999023
 10
209.15121707320213
 20
419.83260530233383
 10
209.11264729499817
 20
419.8238682746887
 10
209.0739133656025
 20
419.8153665661812
 10
209.03500366210938
 20
419.8070068359375
  0
LWPOLYLINE
  5
22B
330
17
100
AcDbEntity
  8
SCHEMATICS
 62
7
100
AcDbPolyline
 90
9
 70
0
 10
209.03500366210938
 20
419.8070068359375
 10
208.99571612477303
 20
419.80053156614304
 10
208.95656895637512
 20
419.7946124076843
 10
208.91751512885094
 20
419.7892532944679
 10
208.87850761413574
 20
419.7844581604004
 10
208.8394993841648
 20
419.7802309393883
 10
208.8004434108734
 20
419.77657556533813
 10
208.76129266619682
 20
419.7734959721565
 10
208.7220001220703
 20
419.77099609375
  0
LWPOLYLINE
  5
22C
330
17
100
AcDbEntity
  8
SCHEMATICS
 62
7
100
AcDbPolyline
 90
9
 70
0
 10
210.91099548339844
 20
421.05810546875
 10
210.91058391332626
 20
421.0187020301819
 10
210.90938806533813
 20
420.979341506958
 10
210.90746623277664
 20
420.94005823135376
 10
210.90487670898438
 20
420.90088653564453
 10
210.90167778730392
 20
420.8618607521057
 10
210.89792776107788
 20
420.8230152130127
 10
210.89368492364883
 20
420.78438425064087
 10
210.88900756835938
 20
420.7460021972656
  0
LWPOLYLINE
  5
22D
330
17
100
AcDbEntity
  8
SCHEMATICS
 62
7
100
AcDbPolyline
 90
9
 70
0
 10
210.88900756835938
 20
420.7460021972656
 10
210.882968634367
 20
420.7065987586975
 10
210.8761327266693
 20
420.66723823547363
 10
210.86854687333107
 20
420.6279549598694
 10
210.860258102417
 20
420.58878326416016
 10
210.8513134419918
 20
420.54975748062134
 10
210.84175992012024
 20
420.5109119415283
 10
210.83164456486702
 20
420.4722809791565
 10
210.82101440429688
 20
420.43389892578125
  0
LWPOLYLINE
  5
22E
330
17
100
AcDbEntity
  8
SCHEMATICS
 62
7
100
AcDbPolyline
 90
9
 70
0
 10
210.82101440429688
 20
420.43389892578125
 10
210.81038305163383
 20
420.3961386680603
 10
210.7987916469574
 20
420.3584671020508
 10
210.78631010651588
 20
420.32089853286743
 10
210.77300834655762
 20
420.283447265625
 10
210.75895628333092
 20
420.24612760543823
 10
210.7442238330841
 20
420.2089538574219
 10
210.7288809120655
 20
420.1719403266907
 10
210.71299743652344
 20
420.1351013183594
  0
LWPOLYLINE
  5
22F
330
17
100
AcDbEntity
  8
SCHEMATICS
 62
7
100
AcDbPolyline
 90
9
 70
0
 10
210.71299743652344
 20
420.1351013183594
 10
210.69753858447075
 20
420.0989823937416
 10
210.68118834495544
 20
420.06328439712524
 10
210.66399374604225
 20
420.02799052000046
 10
210.6460018157959
 20
419.9930839538574
 10
210.6272595822811
 20
419.9585478901863
 10
210.60781407356262
 20
419.9243655204773
 10
210.58771231770515
 20
419.89052003622055
 10
210.56700134277344
 20
419.85699462890625
  0
LWPOLYLINE
  5
230
330
17
100
AcDbEntity
  8
SCHEMATICS
 62
7
100
AcDbPolyline
 90
9
 70
0
 10
210.56700134277344
 20
419.85699462890625
 10
210.54567903280258
 20
419.8229204416275
 10
210.52373552322388
 20
419.78948497772217
 10
210.50120621919632
 20
419.7565973997116
 10
210.4781265258789
 20
419.7241668701172
 10
210.45453184843063
 20
419.69210255146027
 10
210.4304575920105
 20
419.6603136062622
 10
210.4059391617775
 20
419.6287091970444
 10
210.38101196289062
 20
419.5971984863281
  0
LWPOLYLINE
  5
231
330
17
100
AcDbEntity
  8
SCHEMATICS
 62
7
100
AcDbPolyline
 90
9
 70
0
 10
210.38101196289062
 20
419.5971984863281
 10
210.35486245155334
 20
419.5675696134567
 10
210.32822227478027
 20
419.5381917953491
 10
210.30116152763367
 20
419.50909864902496
 10
210.27375030517578
 20
419.4803237915039
 10
210.24605870246887
 20
419.4519008398056
 10
210.2181568145752
 20
419.4238634109497
 10
210.190114736557
 20
419.3962451219559
 10
210.16200256347656
 20
419.36907958984375
  0
LWPOLYLINE
  5
232
330
17
100
AcDbEntity
  8
SCHEMATICS
 62
7
100
AcDbPolyline
 90
9
 70
0
 10
210.16200256347656
 20
419.36907958984375
 10
210.131816893816
 20
419.343056678772
 10
210.10124230384827
 20
419.3174514770508
 10
210.07026752829552
 20
419.2922353744507
 10
210.03888130187988
 20
419.2673797607422
 10
210.0070723593235
 20
419.2428560256958
 10
209.9748294353485
 20
419.21863555908203
 10
209.94214126467705
 20
419.1946897506714
 10
209.90899658203125
 20
419.1709899902344
  0
LWPOLYLINE
  5
233
330
17
100
AcDbEntity
  8
SCHEMATICS
 62
7
100
AcDbPolyline
 90
9
 70
0
 10
209.90899658203125
 20
419.1709899902344
 10
209.8764331638813
 20
419.14980763196945
 10
209.84329628944397
 20
419.12906408309937
 10
209.80966767668724
 20
419.10883194208145
 10
209.7756290435791
 20
419.08918380737305
 10
209.74126210808754
 20
419.0701922774315
 10
209.70664858818054
 20
419.0519299507141
 10
209.6718702018261
 20
419.03446942567825
 10
209.6370086669922
 20
419.01788330078125
  0
LWPOLYLINE
  5
234
330
17
100
AcDbEntity
  8
SCHEMATICS
 62
7
100
AcDbPolyline
 90
9
 70
0
 10
209.6370086669922
 20
419.01788330078125
 10
209.6012410223484
 20
418.9996080994606
 10
209.565181016922
 20
418.98226594924927
 10
209.52881667017937
 20
418.9658457636833
 10
209.4921360015869
 20
418.9503364562988
 10
209.45512703061104
 20
418.93572694063187
 10
209.41777777671814
 20
418.9220061302185
 10
209.38007625937462
 20
418.9091629385948
 10
209.34201049804688
 20
418.8971862792969
  0
LWPOLYLINE
  5
235
330
17
100
AcDbEntity
  8
SCHEMATICS
 62
7
100
AcDbPolyline
 90
9
 70
0
 10
209.34201049804688
 20
418.8971862792969
 10
209.3040871322155
 20
418.8850301504135
 10
209.26605772972107
 20
418.8734769821167
 10
209.22791066765785
 20
418.86254608631134
 10
209.18963432312012
 20
418.85225677490234
 10
209.15121707320213
 20
418.8426283597946
 10
209.11264729499817
 20
418.83368015289307
 10
209.0739133656025
 20
418.8254314661026
 10
209.03500366210938
 20
418.8179016113281
  0
LWPOLYLINE
  5
236
330
17
100
AcDbEntity
  8
SCHEMATICS
 62
7
100
AcDbPolyline
 90
9
 70
0
 10
209.03500366210938
 20
418.8179016113281
 10
208.99571612477303
 20
418.8112564086914
 10
208.95656895637512
 20
418.80540657043457
 10
208.91751512885094
 20
418.800332069397
 10
208.87850761413574
 20
418.79601287841797
 10
208.8394993841648
 20
418.7924289703369
 10
208.8004434108734
 20
418.78956031799316
 10
208.76129266619682
 20
418.7873868942261
 10
208.7220001220703
 20
418.785888671875
  0
LWPOLYLINE
  5
237
330
17
100
AcDbEntity
  8
SCHEMATICS
 62
7
100
AcDbPolyline
 90
9
 70
0
 10
210.91099548339844
 20
420.6170959472656
 10
210.91058391332626
 20
420.5776050686836
 10
210.90938806533813
 20
420.53800439834595
 10
210.90746623277664
 20
420.49836152791977
 10
210.90487670898438
 20
420.45874404907227
 10
210.90167778730392
 20
420.4192195534706
 10
210.89792776107788
 20
420.379855632782
 10
210.89368492364883
 20
420.34071987867355
 10
210.88900756835938
 20
420.3018798828125
  0
LWPOLYLINE
  5
238
330
17
100
AcDbEntity
  8
SCHEMATICS
 62
7
100
AcDbPolyline
 90
9
 70
0
 10
210.88900756835938
 20
420.3018798828125
 10
210.882968634367
 20
420.26287776231766
 10
210.8761327266693
 20
420.2238259315491
 10
210.86854687333107
 20
420.18478912115097
 10
210.860258102417
 20
420.1458320617676
 10
210.8513134419918
 20
420.1070194840431
 10
210.84175992012024
 20
420.0684161186218
 10
210.83164456486702
 20
420.0300866961479
 10
210.82101440429688
 20
419.9920959472656
  0
LWPOLYLINE
  5
239
330
17
100
AcDbEntity
  8
SCHEMATICS
 62
7
100
AcDbPolyline
 90
9
 70
0
 10
210.82101440429688
 20
419.9920959472656
 10
210.81038305163383
 20
419.9539256095886
 10
210.7987916469574
 20
419.91587257385254
 10
210.78631010651588
 20
419.87798833847046
 10
210.77300834655762
 20
419.84032440185547
 10
210.75895628333092
 20
419.80293226242065
 10
210.7442238330841
 20
419.7658634185791
 10
210.7288809120655
 20
419.7291693687439
 10
210.71299743652344
 20
419.6929016113281
  0
LWPOLYLINE
  5
23A
330
17
100
AcDbEntity
  8
SCHEMATICS
 62
7
100
AcDbPolyline
 90
9
 70
0
 10
210.71299743652344
 20
419.6929016113281
 10
210.69753858447075
 20
419.6564004421234
 10
210.68118834495544
 20
419.6204643249512
 10
210.66399374604225
 20
419.5850660800934
 10
210.6460018157959
 20
419.55017852783203
 10
210.6272595822811
 20
419.5157744884491
 10
210.60781407356262
 20
419.48182678222656
 10
210.58771231770515
 20
419.4483082294464
 10
210.56700134277344
 20
419.4151916503906
  0
LWPOLYLINE
  5
23B
330
17
100
AcDbEntity
  8
SCHEMATICS
 62
7
100
AcDbPolyline
 90
9
 70
0
 10
210.56700134277344
 20
419.4151916503906
 10
210.54567903280258
 20
419.3812732696533
 10
210.52373552322388
 20
419.3478355407715
 10
210.50120621919632
 20
419.3148727416992
 10
210.4781265258789
 20
419.2823791503906
 10
210.45453184843063
 20
419.2503490447998
 10
210.4304575920105
 20
419.21877670288086
 10
210.4059391617775
 20
419.1876564025879
 10
210.38101196289062
 20
419.156982421875
  0
LWPOLYLINE
  5
23C
330
17
100
AcDbEntity
  8
SCHEMATICS
 62
7
100
AcDbPolyline
 90
9
 70
0
 10
210.38101196289062
 20
419.156982421875
 10
210.35486245155334
 20
419.1262128353119
 10
210.32822227478027
 20
419.09604835510254
 10
210.30116152763367
 20
419.066458940506
 10
210.27375030517578
 20
419.03741455078125
 10
210.24605870246887
 20
419.0088851451874
 10
210.2181568145752
 20
418.9808406829834
 10
210.190114736557
 20
418.95325112342834
 10
210.16200256347656
 20
418.92608642578125
  0
LWPOLYLINE
  5
23D
330
17
100
AcDbEntity
  8
SCHEMATICS
 62
7
100
AcDbPolyline
 90
9
 70
0
 10
210.16200256347656
 20
418.92608642578125
 10
210.131816893816
 20
418.90032386779785
 10
210.10124230384827
 20
418.87488174438477
 10
210.07026752829552
 20
418.8498001098633
 10
210.03888130187988
 20
418.8251190185547
 10
210.0070723593235
 20
418.8008785247803
 10
209.9748294353485
 20
418.7771186828613
 10
209.94214126467705
 20
418.75387954711914
 10
209.90899658203125
 20
418.731201171875
  0
LWPOLYLINE
  5
23E
330
17
100
AcDbEntity
  8
SCHEMATICS
 62
7
100
AcDbPolyline
 90
9
 70
0
 10
209.90899658203125
 20
418.731201171875
 10
209.8764331638813
 20
418.70958453416824
 10
209.84329628944397
 20
418.688410282135
 10
209.80966767668724
 20
418.66772025823593
 10
209.7756290435791
 20
418.64755630493164
 10
209.74126210808754
 20
418.62796026468277
 10
209.70664858818054
 20
418.60897397994995
 10
209.6718702018261
 20
418.5906392931938
 10
209.6370086669922
 20
418.572998046875
  0
LWPOLYLINE
  5
23F
330
17
100
AcDbEntity
  8
SCHEMATICS
 62
7
100
AcDbPolyline
 90
9
 70
0
 10
209.6370086669922
 20
418.572998046875
 10
209.6012410223484
 20
418.55599719285965
 10
209.565181016922
 20
418.5395760536194
 10
209.52881667017937
 20
418.52373069524765
 10
209.4921360015869
 20
418.5084571838379
 10
209.45512703061104
 20
418.49375158548355
 10
209.41777777671814
 20
418.4796099662781
 10
209.38007625937462
 20
418.4660283923149
 10
209.34201049804688
 20
418.4530029296875
  0
LWPOLYLINE
  5
240
330
17
100
AcDbEntity
  8
SCHEMATICS
 62
7
100
AcDbPolyline
 90
9
 70
0
 10
209.34201049804688
 20
418.4530029296875
 10
209.30437189340591
 20
418.44090008735657
 10
209.2664761543274
 20
418.429479598999
 10
209.22834652662277
 20
418.41872000694275
 10
209.19000625610352
 20
418.4085998535156
 10
209.15147858858109
 20
418.39909768104553
 10
209.11278676986694
 20
418.39019203186035
 10
209.07395404577255
 20
418.38186144828796
 10
209.03500366210938
 20
418.37408447265625
  0
LWPOLYLINE
  5
241
330
17
100
AcDbEntity
  8
SCHEMATICS
 62
7
100
AcDbPolyline
 90
9
 70
0
 10
209.03500366210938
 20
418.37408447265625
 10
208.99571612477303
 20
418.3683280348778
 10
208.95656895637512
 20
418.3630576133728
 10
208.91751512885094
 20
418.3582814335823
 10
208.87850761413574
 20
418.35400772094727
 10
208.8394993841648
 20
418.35024470090866
 10
208.8004434108734
 20
418.34700059890747
 10
208.76129266619682
 20
418.3442836403847
 10
208.7220001220703
 20
418.34210205078125
  0
LWPOLYLINE
  5
242
330
17
100
AcDbEntity
  8
SCHEMATICS
 62
7
100
AcDbPolyline
 90
9
 70
0
 10
208.7220001220703
 20
650.2630004882812
 10
208.76129266619682
 20
650.2614571452141
 10
208.8004434108734
 20
650.2591052055359
 10
208.8394993841648
 20
650.2559800744057
 10
208.87850761413574
 20
650.2521171569824
 10
208.91751512885094
 20
650.2475518584251
 10
208.95656895637512
 20
650.2423195838928
 10
208.99571612477303
 20
650.2364557385445
 10
209.03500366210938
 20
650.2299957275391
  0
LWPOLYLINE
  5
243
330
17
100
AcDbEntity
  8
SCHEMATICS
 62
7
100
AcDbPolyline
 90
9
 70
0
 10
209.03500366210938
 20
650.2299957275391
 10
209.0739133656025
 20
650.2225434780121
 10
209.11264729499817
 20
650.2144346237183
 10
209.15121707320213
 20
650.2056691646576
 10
209.18963432312012
 20
650.1962471008301
 10
209.22791066765785
 20
650.1861684322357
 10
209.26605772972107
 20
650.1754331588745
 10
209.3040871322155
 20
650.1640412807465
 10
209.34201049804688
 20
650.1519927978516
  0
LWPOLYLINE
  5
244
330
17
100
AcDbEntity
  8
SCHEMATICS
 62
7
100
AcDbPolyline
 90
9
 70
0
 10
209.34201049804688
 20
650.1519927978516
 10
209.38007232546806
 20
650.1393316686153
 10
209.4177463054657
 20
650.1260859966278
 10
209.45502081513405
 20
650.1122319996357
 10
209.49188423156738
 20
650.0977458953857
 10
209.52832493185997
 20
650.0826039016247
 10
209.56433129310608
 20
650.0667822360992
 10
209.59989169239998
 20
650.0502571165562
 10
209.63499450683594
 20
650.0330047607422
  0
LWPOLYLINE
  5
245
330
17
100
AcDbEntity
  8
SCHEMATICS
 62
7
100
AcDbPolyline
 90
9
 70
0
 10
209.63499450683594
 20
650.0330047607422
 10
209.67052087187767
 20
650.0154290497303
 10
209.70579886436462
 20
649.9972212314606
 10
209.74077036976814
 20
649.9784043729305
 10
209.77537727355957
 20
649.9590015411377
 10
209.80956146121025
 20
649.9390358030796
 10
209.84326481819153
 20
649.9185302257538
 10
209.87642922997475
 20
649.8975078761578
 10
209.90899658203125
 20
649.8759918212891
  0
LWPOLYLINE
  5
246
330
17
100
AcDbEntity
  8
SCHEMATICS
 62
7
100
AcDbPolyline
 90
9
 70
0
 10
209.90899658203125
 20
649.8759918212891
 10
209.94213539361954
 20
649.8526847362518
 10
209.97478246688843
 20
649.8291873931885
 10
210.00691384077072
 20
649.8054068088531
 10
210.03850555419922
 20
649.78125
 10
210.06953364610672
 20
649.7566239833832
 10
210.09997415542603
 20
649.7314357757568
 10
210.12980312108994
 20
649.7055923938751
 10
210.15899658203125
 20
649.6790008544922
  0
LWPOLYLINE
  5
247
330
17
100
AcDbEntity
  8
SCHEMATICS
 62
7
100
AcDbPolyline
 90
9
 70
0
 10
210.15899658203125
 20
649.6790008544922
 10
210.18810096383095
 20
649.6520556807518
 10
210.21688866615295
 20
649.6245007514954
 10
210.24532482028008
 20
649.5963829159737
 10
210.27337455749512
 20
649.5677490234375
 10
210.3010030090809
 20
649.5386459231377
 10
210.3281753063202
 20
649.509120464325
 10
210.35485658049583
 20
649.4792194962502
 10
210.38101196289062
 20
649.4489898681641
  0
LWPOLYLINE
  5
248
330
17
100
AcDbEntity
  8
SCHEMATICS
 62
7
100
AcDbPolyline
 90
9
 70
0
 10
210.38101196289062
 20
649.4489898681641
 10
210.4059391617775
 20
649.4182550013065
 10
210.4304575920105
 20
649.3868772983551
 10
210.45453184843063
 20
649.3549620807171
 10
210.4781265258789
 20
649.3226146697998
 10
210.50120621919632
 20
649.2899403870106
 10
210.52373552322388
 20
649.2570445537567
 10
210.54567903280258
 20
649.2240324914455
 10
210.56700134277344
 20
649.1910095214844
  0
LWPOLYLINE
  5
249
330
17
100
AcDbEntity
  8
SCHEMATICS
 62
7
100
AcDbPolyline
 90
9
 70
0
 10
210.56700134277344
 20
649.1910095214844
 10
210.57529321312904
 20
649.1764595806599
 10
210.5836431980133
 20
649.1620171070099
 10
210.59201642870903
 20
649.1475993096828
 10
210.60037803649902
 20
649.1331233978271
 10
210.6086931526661
 20
649.1185065805912
 10
210.61692690849304
 20
649.1036660671234
 10
210.62504443526268
 20
649.0885190665722
 10
210.6330108642578
 20
649.0729827880859
  0
LWPOLYLINE
  5
24A
330
17
100
AcDbEntity
  8
SCHEMATICS
 62
7
100
AcDbPolyline
 90
9
 70
0
 10
208.7220001220703
 20
650.8420104980469
 10
208.76129266619682
 20
650.8405510783195
 10
208.8004434108734
 20
650.8384118080139
 10
208.8394993841648
 20
650.8355694413185
 10
208.87850761413574
 20
650.8320007324219
 10
208.91751512885094
 20
650.8276824355125
 10
208.95656895637512
 20
650.822591304779
 10
208.99571612477303
 20
650.8167040944099
 10
209.03500366210938
 20
650.8099975585938
  0
LWPOLYLINE
  5
24B
330
17
100
AcDbEntity
  8
SCHEMATICS
 62
7
100
AcDbPolyline
 90
9
 70
0
 10
209.03500366210938
 20
650.8099975585938
 10
209.0739133656025
 20
650.8031561374664
 10
209.11264729499817
 20
650.7954149246216
 10
209.15121707320213
 20
650.7868082523346
 10
209.18963432312012
 20
650.7773704528809
 10
209.22791066765785
 20
650.7671358585358
 10
209.26605772972107
 20
650.7561388015747
 10
209.3040871322155
 20
650.7444136142731
 10
209.34201049804688
 20
650.7319946289062
  0
LWPOLYLINE
  5
24C
330
17
100
AcDbEntity
  8
SCHEMATICS
 62
7
100
AcDbPolyline
 90
9
 70
0
 10
209.34201049804688
 20
650.7319946289062
 10
209.38007232546806
 20
650.7191282808781
 10
209.4177463054657
 20
650.7059595584869
 10
209.45502081513405
 20
650.6923706233501
 10
209.49188423156738
 20
650.678243637085
 10
209.52832493185997
 20
650.6634607613087
 10
209.56433129310608
 20
650.6479041576385
 10
209.59989169239998
 20
650.6314559876919
 10
209.63499450683594
 20
650.6139984130859
  0
LWPOLYLINE
  5
24D
330
17
100
AcDbEntity
  8
SCHEMATICS
 62
7
100
AcDbPolyline
 90
9
 70
0
 10
209.63499450683594
 20
650.6139984130859
 10
209.67052087187767
 20
650.5963737666607
 10
209.70579886436462
 20
650.5780379772186
 10
209.74077036976814
 20
650.5590251982212
 10
209.77537727355957
 20
650.5393695831299
 10
209.80956146121025
 20
650.5191052854061
 10
209.84326481819153
 20
650.4982664585114
 10
209.87642922997475
 20
650.4768872559071
 10
209.90899658203125
 20
650.4550018310547
  0
LWPOLYLINE
  5
24E
330
17
100
AcDbEntity
  8
SCHEMATICS
 62
7
100
AcDbPolyline
 90
9
 70
0
 10
209.90899658203125
 20
650.4550018310547
 10
209.94213539361954
 20
650.4325485229492
 10
209.97478246688843
 20
650.4094772338867
 10
210.00691384077072
 20
650.3858222961426
 10
210.03850555419922
 20
650.3616180419922
 10
210.06953364610672
 20
650.3368988037109
 10
210.09997415542603
 20
650.3116989135742
 10
210.12980312108994
 20
650.2860527038574
 10
210.15899658203125
 20
650.2599945068359
  0
LWPOLYLINE
  5
24F
330
17
100
AcDbEntity
  8
SCHEMATICS
 62
7
100
AcDbPolyline
 90
9
 70
0
 10
210.15899658203125
 20
650.2599945068359
 10
210.18810096383095
 20
650.2326419353485
 10
210.21688866615295
 20
650.2046556472778
 10
210.24532482028008
 20
650.1761529445648
 10
210.27337455749512
 20
650.1472511291504
 10
210.3010030090809
 20
650.1180675029755
 10
210.3281753063202
 20
650.088719367981
 10
210.35485658049583
 20
650.0593240261078
 10
210.38101196289062
 20
650.0299987792969
  0
LWPOLYLINE
  5
250
330
17
100
AcDbEntity
  8
SCHEMATICS
 62
7
100
AcDbPolyline
 90
9
 70
0
 10
210.38101196289062
 20
650.0299987792969
 10
210.4059391617775
 20
649.9990547299385
 10
210.4304575920105
 20
649.9677262306213
 10
210.45453184843063
 20
649.93600076437
 10
210.4781265258789
 20
649.903865814209
 10
210.50120621919632
 20
649.871308863163
 10
210.52373552322388
 20
649.8383173942566
 10
210.54567903280258
 20
649.8048788905144
 10
210.56700134277344
 20
649.7709808349609
  0
LWPOLYLINE
  5
251
330
17
100
AcDbEntity
  8
SCHEMATICS
 62
7
100
AcDbPolyline
 90
9
 70
0
 10
210.56700134277344
 20
649.7709808349609
 10
210.58771231770515
 20
649.7373811304569
 10
210.60781407356262
 20
649.7033474445343
 10
210.6272595822811
 20
649.6689150035381
 10
210.6460018157959
 20
649.6341190338135
 10
210.66399374604225
 20
649.5989947617054
 10
210.68118834495544
 20
649.563577413559
 10
210.69753858447075
 20
649.5279022157192
 10
210.71299743652344
 20
649.4920043945312
  0
LWPOLYLINE
  5
252
330
17
100
AcDbEntity
  8
SCHEMATICS
 62
7
100
AcDbPolyline
 90
9
 70
0
 10
210.71299743652344
 20
649.4920043945312
 10
210.7288809120655
 20
649.455813407898
 10
210.7442238330841
 20
649.4192733764648
 10
210.75895628333092
 20
649.3824071884155
 10
210.77300834655762
 20
649.3452377319336
 10
210.78631010651588
 20
649.3077878952026
 10
210.7987916469574
 20
649.2700805664062
 10
210.81038305163383
 20
649.232138633728
 10
210.82101440429688
 20
649.1939849853516
  0
LWPOLYLINE
  5
253
330
17
100
AcDbEntity
  8
SCHEMATICS
 62
7
100
AcDbPolyline
 90
9
 70
0
 10
210.82101440429688
 20
649.1939849853516
 10
210.82640996575356
 20
649.1776885092258
 10
210.83139729499817
 20
649.1611111164093
 10
210.83603450655937
 20
649.1443466842175
 10
210.84037971496582
 20
649.1274890899658
 10
210.84449103474617
 20
649.1106322109699
 10
210.84842658042908
 20
649.0938699245453
 10
210.8522444665432
 20
649.0772961080074
 10
210.8560028076172
 20
649.0610046386719
  0
LWPOLYLINE
  5
254
330
17
100
AcDbEntity
  8
SCHEMATICS
 62
7
100
AcDbPolyline
 90
9
 70
0
 10
208.7220001220703
 20
651.3910064697266
 10
208.76129266619682
 20
651.3891803026199
 10
208.8004434108734
 20
651.3867082595825
 10
208.8394993841648
 20
651.3836024999619
 10
208.87850761413574
 20
651.3798751831055
 10
208.91751512885094
 20
651.3755384683609
 10
208.95656895637512
 20
651.3706045150757
 10
208.99571612477303
 20
651.3650854825974
 10
209.03500366210938
 20
651.3589935302734
  0
LWPOLYLINE
  5
255
330
17
100
AcDbEntity
  8
SCHEMATICS
 62
7
100
AcDbPolyline
 90
9
 70
0
 10
209.03500366210938
 20
651.3589935302734
 10
209.0739133656025
 20
651.3503075838089
 10
209.11264729499817
 20
651.3414335250854
 10
209.15121707320213
 20
651.3322776556015
 10
209.18963432312012
 20
651.3227462768555
 10
209.22791066765785
 20
651.3127456903458
 10
209.26605772972107
 20
651.3021821975708
 10
209.3040871322155
 20
651.290962100029
 10
209.34201049804688
 20
651.2789916992188
  0
LWPOLYLINE
  5
256
330
17
100
AcDbEntity
  8
SCHEMATICS
 62
7
100
AcDbPolyline
 90
9
 70
0
 10
209.34201049804688
 20
651.2789916992188
 10
209.38007232546806
 20
651.2662466168404
 10
209.4177463054657
 20
651.252788066864
 10
209.45502081513405
 20
651.238650739193
 10
209.49188423156738
 20
651.2238693237305
 10
209.52832493185997
 20
651.2084785103798
 10
209.56433129310608
 20
651.1925129890442
 10
209.59989169239998
 20
651.1760074496269
 10
209.63499450683594
 20
651.1589965820312
  0
LWPOLYLINE
  5
257
330
17
100
AcDbEntity
  8
SCHEMATICS
 62
7
100
AcDbPolyline
 90
9
 70
0
 10
209.63499450683594
 20
651.1589965820312
 10
209.67052087187767
 20
651.141134172678
 10
209.70579886436462
 20
651.1227791309357
 10
209.74077036976814
 20
651.1039080321789
 10
209.77537727355957
 20
651.0844974517822
 10
209.80956146121025
 20
651.0645239651203
 10
209.84326481819153
 20
651.0439641475677
 10
209.87642922997475
 20
651.0227945744991
 10
209.90899658203125
 20
651.0009918212891
  0
LWPOLYLINE
  5
258
330
17
100
AcDbEntity
  8
SCHEMATICS
 62
7
100
AcDbPolyline
 90
9
 70
0
 10
209.90899658203125
 20
651.0009918212891
 10
209.94213539361954
 20
650.9785512089729
 10
209.97478246688843
 20
650.9555115699768
 10
210.00691384077072
 20
650.931931912899
 10
210.03850555419922
 20
650.9078712463379
 10
210.06953364610672
 20
650.8833885788918
 10
210.09997415542603
 20
650.8585429191589
 10
210.12980312108994
 20
650.8333932757378
 10
210.15899658203125
 20
650.8079986572266
  0
LWPOLYLINE
  5
259
330
17
100
AcDbEntity
  8
SCHEMATICS
 62
7
100
AcDbPolyline
 90
9
 70
0
 10
210.15899658203125
 20
650.8079986572266
 10
210.18810096383095
 20
650.7803897857666
 10
210.21688866615295
 20
650.752311706543
 10
210.24532482028008
 20
650.7237644195557
 10
210.27337455749512
 20
650.6947479248047
 10
210.3010030090809
 20
650.66526222229
 10
210.3281753063202
 20
650.6353073120117
 10
210.35485658049583
 20
650.6048831939697
 10
210.38101196289062
 20
650.5739898681641
  0
LWPOLYLINE
  5
25A
330
17
100
AcDbEntity
  8
SCHEMATICS
 62
7
100
AcDbPolyline
 90
9
 70
0
 10
210.38101196289062
 20
650.5739898681641
 10
210.4059391617775
 20
650.5436674356461
 10
210.4304575920105
 20
650.5127248764038
 10
210.45453184843063
 20
650.4811972379684
 10
210.4781265258789
 20
650.4491195678711
 10
210.50120621919632
 20
650.4165269136429
 10
210.52373552322388
 20
650.3834543228149
 10
210.54567903280258
 20
650.3499368429184
 10
210.56700134277344
 20
650.3160095214844
  0
LWPOLYLINE
  5
25B
330
17
100
AcDbEntity
  8
SCHEMATICS
 62
7
100
AcDbPolyline
 90
9
 70
0
 10
210.56700134277344
 20
650.3160095214844
 10
210.58771231770515
 20
650.2827708721161
 10
210.60781407356262
 20
650.2490644454956
 10
210.6272595822811
 20
650.2148902416229
 10
210.6460018157959
 20
650.180248260498
 10
210.66399374604225
 20
650.145138502121
 10
210.68118834495544
 20
650.1095609664917
 10
210.69753858447075
 20
650.0735156536102
 10
210.71299743652344
 20
650.0370025634766
  0
LWPOLYLINE
  5
25C
330
17
100
AcDbEntity
  8
SCHEMATICS
 62
7
100
AcDbPolyline
 90
9
 70
0
 10
210.71299743652344
 20
650.0370025634766
 10
210.7288809120655
 20
650.0011451244354
 10
210.7442238330841
 20
649.9648313522339
 10
210.75895628333092
 20
649.9280726909637
 10
210.77300834655762
 20
649.8908805847168
 10
210.78631010651588
 20
649.8532664775848
 10
210.7987916469574
 20
649.8152418136597
 10
210.81038305163383
 20
649.7768180370331
 10
210.82101440429688
 20
649.7380065917969
  0
LWPOLYLINE
  5
25D
330
17
100
AcDbEntity
  8
SCHEMATICS
 62
7
100
AcDbPolyline
 90
9
 70
0
 10
210.82101440429688
 20
649.7380065917969
 10
210.83164456486702
 20
649.7006532251835
 10
210.84175992012024
 20
649.6628658771515
 10
210.8513134419918
 20
649.624679774046
 10
210.860258102417
 20
649.5861301422119
 10
210.86854687333107
 20
649.5472522079945
 10
210.8761327266693
 20
649.5080811977386
 10
210.882968634367
 20
649.4686523377895
 10
210.88900756835938
 20
649.4290008544922
  0
LWPOLYLINE
  5
25E
330
17
100
AcDbEntity
  8
SCHEMATICS
 62
7
100
AcDbPolyline
 90
9
 70
0
 10
210.88900756835938
 20
649.4290008544922
 10
210.89368492364883
 20
649.3899542093277
 10
210.89792776107788
 20
649.3508253097534
 10
210.90167778730392
 20
649.3116263151169
 10
210.90487670898438
 20
649.2723693847656
 10
210.90746623277664
 20
649.2330666780472
 10
210.90938806533813
 20
649.1937303543091
 10
210.91058391332626
 20
649.1543725728989
 10
210.91099548339844
 20
649.1150054931641
  0
LWPOLYLINE
  5
25F
330
17
100
AcDbEntity
  8
SCHEMATICS
 62
7
100
AcDbPolyline
 90
9
 70
0
 10
208.7220001220703
 20
651.9019927978516
 10
208.76129266619682
 20
651.8998748362064
 10
208.8004434108734
 20
651.8972427845001
 10
208.8394993841648
 20
651.8940488994122
 10
208.87850761413574
 20
651.8902454376221
 10
208.91751512885094
 20
651.8857846558094
 10
208.95656895637512
 20
651.8806188106537
 10
208.99571612477303
 20
651.8747001588345
 10
209.03500366210938
 20
651.8679809570312
  0
LWPOLYLINE
  5
260
330
17
100
AcDbEntity
  8
SCHEMATICS
 62
7
100
AcDbPolyline
 90
9
 70
0
 10
209.03500366210938
 20
651.8679809570312
 10
209.0739133656025
 20
651.8605720102787
 10
209.11264729499817
 20
651.8525774478912
 10
209.15121707320213
 20
651.8439738452435
 10
209.18963432312012
 20
651.83473777771
 10
209.22791066765785
 20
651.8248458206654
 10
209.26605772972107
 20
651.8142745494843
 10
209.3040871322155
 20
651.8030005395412
 10
209.34201049804688
 20
651.7910003662109
  0
LWPOLYLINE
  5
261
330
17
100
AcDbEntity
  8
SCHEMATICS
 62
7
100
AcDbPolyline
 90
9
 70
0
 10
209.34201049804688
 20
651.7910003662109
 10
209.38007625937462
 20
651.7775973975658
 10
209.41777777671814
 20
651.7636563777924
 10
209.45512703061104
 20
651.7492000162601
 10
209.4921360015869
 20
651.7342510223389
 10
209.52881667017937
 20
651.7188321053982
 10
209.565181016922
 20
651.7029659748077
 10
209.6012410223484
 20
651.6866753399372
 10
209.6370086669922
 20
651.6699829101562
  0
LWPOLYLINE
  5
262
330
17
100
AcDbEntity
  8
SCHEMATICS
 62
7
100
AcDbPolyline
 90
9
 70
0
 10
209.6370086669922
 20
651.6699829101562
 10
209.6718702018261
 20
651.6529875099659
 10
209.70664858818054
 20
651.6350653171539
 10
209.74126210808754
 20
651.6163223683834
 10
209.7756290435791
 20
651.5968647003174
 10
209.80966767668724
 20
651.5767983496189
 10
209.84329628944397
 20
651.556229352951
 10
209.8764331638813
 20
651.5352637469769
 10
209.90899658203125
 20
651.5140075683594
  0
LWPOLYLINE
  5
263
330
17
100
AcDbEntity
  8
SCHEMATICS
 62
7
100
AcDbPolyline
 90
9
 70
0
 10
209.90899658203125
 20
651.5140075683594
 10
209.94213539361954
 20
651.4909370541573
 10
209.97478246688843
 20
651.4674820899963
 10
210.00691384077072
 20
651.4436301589012
 10
210.03850555419922
 20
651.4193687438965
 10
210.06953364610672
 20
651.3946853280067
 10
210.09997415542603
 20
651.3695673942566
 10
210.12980312108994
 20
651.3440024256706
 10
210.15899658203125
 20
651.3179779052734
  0
LWPOLYLINE
  5
264
330
17
100
AcDbEntity
  8
SCHEMATICS
 62
7
100
AcDbPolyline
 90
9
 70
0
 10
210.15899658203125
 20
651.3179779052734
 10
210.18810096383095
 20
651.2907054126263
 10
210.21688866615295
 20
651.262904882431
 10
210.24532482028008
 20
651.2346118986607
 10
210.27337455749512
 20
651.2058620452881
 10
210.3010030090809
 20
651.1766909062862
 10
210.3281753063202
 20
651.147134065628
 10
210.35485658049583
 20
651.1172271072865
 10
210.38101196289062
 20
651.0870056152344
  0
LWPOLYLINE
  5
265
330
17
100
AcDbEntity
  8
SCHEMATICS
 62
7
100
AcDbPolyline
 90
9
 70
0
 10
210.38101196289062
 20
651.0870056152344
 10
210.4059391617775
 20
651.0557368397713
 10
210.4304575920105
 20
651.0241866111755
 10
210.45453184843063
 20
650.992355287075
 10
210.4781265258789
 20
650.9602432250977
 10
210.50120621919632
 20
650.9278507828712
 10
210.52373552322388
 20
650.8951783180237
 10
210.54567903280258
 20
650.8622261881828
 10
210.56700134277344
 20
650.8289947509766
  0
LWPOLYLINE
  5
266
330
17
100
AcDbEntity
  8
SCHEMATICS
 62
7
100
AcDbPolyline
 90
9
 70
0
 10
210.56700134277344
 20
650.8289947509766
 10
210.58771231770515
 20
650.7951026558876
 10
210.60781407356262
 20
650.7609162330627
 10
210.6272595822811
 20
650.726424396038
 10
210.6460018157959
 20
650.6916160583496
 10
210.66399374604225
 20
650.6564801335335
 10
210.68118834495544
 20
650.6210055351257
 10
210.69753858447075
 20
650.5851811766624
 10
210.71299743652344
 20
650.5489959716797
  0
LWPOLYLINE
  5
267
330
17
100
AcDbEntity
  8
SCHEMATICS
 62
7
100
AcDbPolyline
 90
9
 70
0
 10
210.71299743652344
 20
650.5489959716797
 10
210.7288809120655
 20
650.5128139257431
 10
210.7442238330841
 20
650.4763050079346
 10
210.75895628333092
 20
650.439515709877
 10
210.77300834655762
 20
650.4024925231934
 10
210.78631010651588
 20
650.3652819395065
 10
210.7987916469574
 20
650.3279304504395
 10
210.81038305163383
 20
650.290484547615
 10
210.82101440429688
 20
650.2529907226562
  0
LWPOLYLINE
  5
268
330
17
100
AcDbEntity
  8
SCHEMATICS
 62
7
100
AcDbPolyline
 90
9
 70
0
 10
210.82101440429688
 20
650.2529907226562
 10
210.83164456486702
 20
650.2142358124256
 10
210.84175992012024
 20
650.1752579212189
 10
210.8513134419918
 20
650.1361158788204
 10
210.860258102417
 20
650.0968685150146
 10
210.86854687333107
 20
650.057574659586
 10
210.8761327266693
 20
650.0182931423187
 10
210.882968634367
 20
649.9790827929974
 10
210.88900756835938
 20
649.9400024414062
  0
LWPOLYLINE
  5
269
330
17
100
AcDbEntity
  8
SCHEMATICS
 62
7
100
AcDbPolyline
 90
9
 70
0
 10
210.88900756835938
 20
649.9400024414062
 10
210.89368492364883
 20
649.9009970724583
 10
210.89792776107788
 20
649.8619682788849
 10
210.90167778730392
 20
649.8228926360607
 10
210.90487670898438
 20
649.7837467193604
 10
210.90746623277664
 20
649.7445071041584
 10
210.90938806533813
 20
649.7051503658295
 10
210.91058391332626
 20
649.6656530797482
 10
210.91099548339844
 20
649.6259918212891
  0
LWPOLYLINE
  5
26A
330
17
100
AcDbEntity
  8
SCHEMATICS
 62
7
100
AcDbPolyline
 90
9
 70
0
 10
208.7220001220703
 20
652.3779907226562
 10
208.76129266619682
 20
652.3765286505222
 10
208.8004434108734
 20
652.3743650913239
 10
208.8394993841648
 20
652.3714523017406
 10
208.87850761413574
 20
652.3677425384521
 10
208.91751512885094
 20
652.3631880581379
 10
208.95656895637512
 20
652.3577411174774
 10
208.99571612477303
 20
652.3513539731503
 10
209.03500366210938
 20
652.3439788818359
  0
LWPOLYLINE
  5
26B
330
17
100
AcDbEntity
  8
SCHEMATICS
 62
7
100
AcDbPolyline
 90
9
 70
0
 10
209.03500366210938
 20
652.3439788818359
 10
209.0739133656025
 20
652.3365762531757
 10
209.11264729499817
 20
652.3285973072052
 10
209.15121707320213
 20
652.3200307786465
 10
209.18963432312012
 20
652.3108654022217
 10
209.22791066765785
 20
652.301089912653
 10
209.26605772972107
 20
652.2906930446625
 10
209.3040871322155
 20
652.2796635329723
 10
209.34201049804688
 20
652.2679901123047
  0
LWPOLYLINE
  5
26C
330
17
100
AcDbEntity
  8
SCHEMATICS
 62
7
100
AcDbPolyline
 90
9
 70
0
 10
209.34201049804688
 20
652.2679901123047
 10
209.38007625937462
 20
652.2549596428871
 10
209.41777777671814
 20
652.2413659095764
 10
209.45512703061104
 20
652.2272092700005
 10
209.4921360015869
 20
652.2124900817871
 10
209.52881667017937
 20
652.1972087025642
 10
209.565181016922
 20
652.1813654899597
 10
209.6012410223484
 20
652.1649608016014
 10
209.6370086669922
 20
652.1479949951172
  0
LWPOLYLINE
  5
26D
330
17
100
AcDbEntity
  8
SCHEMATICS
 62
7
100
AcDbPolyline
 90
9
 70
0
 10
209.6370086669922
 20
652.1479949951172
 10
209.6718702018261
 20
652.1307846009731
 10
209.70664858818054
 20
652.1128709316254
 10
209.74126210808754
 20
652.094207316637
 10
209.7756290435791
 20
652.0747470855713
 10
209.80966767668724
 20
652.0544435679913
 10
209.84329628944397
 20
652.0332500934601
 10
209.8764331638813
 20
652.0111199915409
 10
209.90899658203125
 20
651.9880065917969
  0
LWPOLYLINE
  5
26E
330
17
100
AcDbEntity
  8
SCHEMATICS
 62
7
100
AcDbPolyline
 90
9
 70
0
 10
209.90899658203125
 20
651.9880065917969
 10
209.94214126467705
 20
651.9664608836174
 10
209.9748294353485
 20
651.9439206123352
 10
210.0070723593235
 20
651.9205141663551
 10
210.03888130187988
 20
651.896369934082
 10
210.07026752829552
 20
651.8716163039207
 10
210.10124230384827
 20
651.8463816642761
 10
210.131816893816
 20
651.820794403553
 10
210.16200256347656
 20
651.7949829101562
  0
LWPOLYLINE
  5
26F
330
17
100
AcDbEntity
  8
SCHEMATICS
 62
7
100
AcDbPolyline
 90
9
 70
0
 10
210.16200256347656
 20
651.7949829101562
 10
210.190114736557
 20
651.7674173414707
 10
210.2181568145752
 20
651.7394535541534
 10
210.24605870246887
 20
651.711068123579
 10
210.27375030517578
 20
651.6822376251221
 10
210.30116152763367
 20
651.6529386341572
 10
210.32822227478027
 20
651.623147726059
 10
210.35486245155334
 20
651.592841476202
 10
210.38101196289062
 20
651.5619964599609
  0
LWPOLYLINE
  5
270
330
17
100
AcDbEntity
  8
SCHEMATICS
 62
7
100
AcDbPolyline
 90
9
 70
0
 10
210.38101196289062
 20
651.5619964599609
 10
210.4059391617775
 20
651.531925112009
 10
210.4304575920105
 20
651.5010435581207
 10
210.45453184843063
 20
651.4694814383984
 10
210.4781265258789
 20
651.4373683929443
 10
210.50120621919632
 20
651.404834061861
 10
210.52373552322388
 20
651.3720080852509
 10
210.54567903280258
 20
651.3390201032162
 10
210.56700134277344
 20
651.3059997558594
  0
LWPOLYLINE
  5
271
330
17
100
AcDbEntity
  8
SCHEMATICS
 62
7
100
AcDbPolyline
 90
9
 70
0
 10
210.56700134277344
 20
651.3059997558594
 10
210.58771231770515
 20
651.2720689177513
 10
210.60781407356262
 20
651.2377972602844
 10
210.6272595822811
 20
651.2032201886177
 10
210.6460018157959
 20
651.1683731079102
 10
210.66399374604225
 20
651.1332914233208
 10
210.68118834495544
 20
651.0980105400085
 10
210.69753858447075
 20
651.0625658631325
 10
210.71299743652344
 20
651.0269927978516
  0
LWPOLYLINE
  5
272
330
17
100
AcDbEntity
  8
SCHEMATICS
 62
7
100
AcDbPolyline
 90
9
 70
0
 10
210.71299743652344
 20
651.0269927978516
 10
210.7288809120655
 20
650.9910572767258
 10
210.7442238330841
 20
650.954571723938
 10
210.75895628333092
 20
650.9176412820816
 10
210.77300834655762
 20
650.88037109375
 10
210.78631010651588
 20
650.8428663015366
 10
210.7987916469574
 20
650.8052320480347
 10
210.81038305163383
 20
650.7675734758377
 10
210.82101440429688
 20
650.7299957275391
  0
LWPOLYLINE
  5
273
330
17
100
AcDbEntity
  8
SCHEMATICS
 62
7
100
AcDbPolyline
 90
9
 70
0
 10
210.82101440429688
 20
650.7299957275391
 10
210.83164456486702
 20
650.6912814974785
 10
210.84175992012024
 20
650.6524024009705
 10
210.8513134419918
 20
650.6133823990822
 10
210.860258102417
 20
650.5742454528809
 10
210.86854687333107
 20
650.5350155234337
 10
210.8761327266693
 20
650.4957165718079
 10
210.882968634367
 20
650.4563725590706
 10
210.88900756835938
 20
650.4170074462891
  0
LWPOLYLINE
  5
274
330
17
100
AcDbEntity
  8
SCHEMATICS
 62
7
100
AcDbPolyline
 90
9
 70
0
 10
210.88900756835938
 20
650.4170074462891
 10
210.89368492364883
 20
650.3784939944744
 10
210.89792776107788
 20
650.3395354747772
 10
210.90167778730392
 20
650.3002490103245
 10
210.90487670898438
 20
650.2607517242432
 10
210.90746623277664
 20
650.2211607396603
 10
210.90938806533813
 20
650.1815931797028
 10
210.91058391332626
 20
650.1421661674976
 10
210.91099548339844
 20
650.1029968261719
  0
LWPOLYLINE
  5
275
330
17
100
AcDbEntity
  8
SCHEMATICS
 62
7
100
AcDbPolyline
 90
9
 70
0
 10
208.7220001220703
 20
652.8209838867188
 10
208.76129266619682
 20
652.819733440876
 10
208.8004434108734
 20
652.8175091743469
 10
208.8394993841648
 20
652.8143700957298
 10
208.87850761413574
 20
652.810375213623
 10
208.91751512885094
 20
652.8055835366249
 10
208.95656895637512
 20
652.8000540733337
 10
208.99571612477303
 20
652.7938458323479
 10
209.03500366210938
 20
652.7870178222656
  0
LWPOLYLINE
  5
276
330
17
100
AcDbEntity
  8
SCHEMATICS
 62
7
100
AcDbPolyline
 90
9
 70
0
 10
209.03500366210938
 20
652.7870178222656
 10
209.07395404577255
 20
652.779591858387
 10
209.11278676986694
 20
652.7715725898743
 10
209.15147858858109
 20
652.7629246115685
 10
209.19000625610352
 20
652.7536125183105
 10
209.22834652662277
 20
652.7436009049416
 10
209.2664761543274
 20
652.7328543663025
 10
209.30437189340591
 20
652.7213374972343
 10
209.34201049804688
 20
652.7090148925781
  0
LWPOLYLINE
  5
277
330
17
100
AcDbEntity
  8
SCHEMATICS
 62
7
100
AcDbPolyline
 90
9
 70
0
 10
209.34201049804688
 20
652.7090148925781
 10
209.38007625937462
 20
652.6963506639004
 10
209.41777777671814
 20
652.6831147670746
 10
209.45512703061104
 20
652.6692948639393
 10
209.4921360015869
 20
652.654878616333
 10
209.52881667017937
 20
652.6398536860943
 10
209.565181016922
 20
652.6242077350616
 10
209.6012410223484
 20
652.6079284250736
 10
209.6370086669922
 20
652.5910034179688
  0
LWPOLYLINE
  5
278
330
17
100
AcDbEntity
  8
SCHEMATICS
 62
7
100
AcDbPolyline
 90
9
 70
0
 10
209.6370086669922
 20
652.5910034179688
 10
209.6718702018261
 20
652.5733846127987
 10
209.70664858818054
 20
652.555089712143
 10
209.74126210808754
 20
652.5361879169941
 10
209.7756290435791
 20
652.5167484283447
 10
209.80966767668724
 20
652.4968404471874
 10
209.84329628944397
 20
652.4765331745148
 10
209.8764331638813
 20
652.4558958113194
 10
209.90899658203125
 20
652.4349975585938
  0
LWPOLYLINE
  5
279
330
17
100
AcDbEntity
  8
SCHEMATICS
 62
7
100
AcDbPolyline
 90
9
 70
0
 10
209.90899658203125
 20
652.4349975585938
 10
209.94214126467705
 20
652.4116410315037
 10
209.9748294353485
 20
652.3880407810211
 10
210.0070723593235
 20
652.3641376197338
 10
210.03888130187988
 20
652.3398723602295
 10
210.07026752829552
 20
652.3151858150959
 10
210.10124230384827
 20
652.2900187969208
 10
210.131816893816
 20
652.2643121182919
 10
210.16200256347656
 20
652.2380065917969
  0
LWPOLYLINE
  5
27A
330
17
100
AcDbEntity
  8
SCHEMATICS
 62
7
100
AcDbPolyline
 90
9
 70
0
 10
210.16200256347656
 20
652.2380065917969
 10
210.190114736557
 20
652.2101551294327
 10
210.2181568145752
 20
652.1820812225342
 10
210.24605870246887
 20
652.1537498235703
 10
210.27375030517578
 20
652.1251258850098
 10
210.30116152763367
 20
652.0961743593216
 10
210.32822227478027
 20
652.0668601989746
 10
210.35486245155334
 20
652.0371483564377
 10
210.38101196289062
 20
652.0070037841797
  0
LWPOLYLINE
  5
27B
330
17
100
AcDbEntity
  8
SCHEMATICS
 62
7
100
AcDbPolyline
 90
9
 70
0
 10
210.38101196289062
 20
652.0070037841797
 10
210.4059391617775
 20
651.975820183754
 10
210.4304575920105
 20
651.9444856643677
 10
210.45453184843063
 20
651.9129408597946
 10
210.4781265258789
 20
651.8811264038086
 10
210.50120621919632
 20
651.8489829301834
 10
210.52373552322388
 20
651.8164510726929
 10
210.54567903280258
 20
651.7834714651108
 10
210.56700134277344
 20
651.7499847412109
  0
LWPOLYLINE
  5
27C
330
17
100
AcDbEntity
  8
SCHEMATICS
 62
7
100
AcDbPolyline
 90
9
 70
0
 10
210.56700134277344
 20
651.7499847412109
 10
210.58771231770515
 20
651.7161403000355
 10
210.60781407356262
 20
651.682070016861
 10
210.6272595822811
 20
651.6477397382259
 10
210.6460018157959
 20
651.613115310669
 10
210.66399374604225
 20
651.5781625807285
 10
210.68118834495544
 20
651.5428473949432
 10
210.69753858447075
 20
651.5071355998516
 10
210.71299743652344
 20
651.4709930419922
  0
LWPOLYLINE
  5
27D
330
17
100
AcDbEntity
  8
SCHEMATICS
 62
7
100
AcDbPolyline
 90
9
 70
0
 10
210.71299743652344
 20
651.4709930419922
 10
210.7288809120655
 20
651.434189915657
 10
210.7442238330841
 20
651.3972702026367
 10
210.75895628333092
 20
651.3602102994919
 10
210.77300834655762
 20
651.3229866027832
 10
210.78631010651588
 20
651.2855755090714
 10
210.7987916469574
 20
651.247953414917
 10
210.81038305163383
 20
651.2100967168808
 10
210.82101440429688
 20
651.1719818115234
  0
LWPOLYLINE
  5
27E
330
17
100
AcDbEntity
  8
SCHEMATICS
 62
7
100
AcDbPolyline
 90
9
 70
0
 10
210.82101440429688
 20
651.1719818115234
 10
210.83164456486702
 20
651.1334380507469
 10
210.84175992012024
 20
651.0949997901917
 10
210.8513134419918
 20
651.0565851330757
 10
210.860258102417
 20
651.0181121826172
 10
210.86854687333107
 20
650.9794990420341
 10
210.8761327266693
 20
650.9406638145447
 10
210.882968634367
 20
650.9015246033669
 10
210.88900756835938
 20
650.8619995117188
  0
LWPOLYLINE
  5
27F
330
17
100
AcDbEntity
  8
SCHEMATICS
 62
7
100
AcDbPolyline
 90
9
 70
0
 10
210.88900756835938
 20
650.8619995117188
 10
210.89368492364883
 20
650.8229534626007
 10
210.89792776107788
 20
650.7838258743286
 10
210.90167778730392
 20
650.7446281909943
 10
210.90487670898438
 20
650.7053718566895
 10
210.90746623277664
 20
650.666068315506
 10
210.90938806533813
 20
650.6267290115356
 10
210.91058391332626
 20
650.5873653888702
 10
210.91099548339844
 20
650.5479888916016
  0
LWPOLYLINE
  5
280
330
17
100
AcDbEntity
  8
SCHEMATICS
 62
7
100
AcDbPolyline
 90
9
 70
0
 10
210.91099548339844
 20
418.4947814941406
 10
210.91058391332626
 20
418.4555432200432
 10
210.90938806533813
 20
418.4162859916687
 10
210.90746623277664
 20
418.3770394921303
 10
210.90487670898438
 20
418.337833404541
 10
210.90167778730392
 20
418.298697412014
 10
210.89792776107788
 20
418.25966119766235
 10
210.89368492364883
 20
418.22075444459915
 10
210.88900756835938
 20
418.1820068359375
  0
LWPOLYLINE
  5
281
330
17
100
AcDbEntity
  8
SCHEMATICS
 62
7
100
AcDbPolyline
 90
9
 70
0
 10
210.88900756835938
 20
418.1820068359375
 10
210.882968634367
 20
418.1417106986046
 10
210.8761327266693
 20
418.10176038742065
 10
210.86854687333107
 20
418.0621641278267
 10
210.860258102417
 20
418.0229301452637
 10
210.8513134419918
 20
417.9840666651726
 10
210.84175992012024
 20
417.9455819129944
 10
210.83164456486702
 20
417.9074841141701
 10
210.82101440429688
 20
417.8697814941406
  0
LWPOLYLINE
  5
282
330
17
100
AcDbEntity
  8
SCHEMATICS
 62
7
100
AcDbPolyline
 90
9
 70
0
 10
210.82101440429688
 20
417.8697814941406
 10
210.8103850185871
 20
417.83162820339203
 10
210.79880738258362
 20
417.7936201095581
 10
210.78636321425438
 20
417.75579941272736
 10
210.77313423156738
 20
417.7182083129883
 10
210.75920215249062
 20
417.6808890104294
 10
210.74464869499207
 20
417.64388370513916
 10
210.72955557703972
 20
417.6072345972061
 10
210.71400451660156
 20
417.57098388671875
  0
LWPOLYLINE
  5
283
330
17
100
AcDbEntity
  8
SCHEMATICS
 62
7
100
AcDbPolyline
 90
9
 70
0
 10
210.71400451660156
 20
417.57098388671875
 10
210.69821324944496
 20
417.535446703434
 10
210.6816132068634
 20
417.5000214576721
 10
210.66423961520195
 20
417.4647485613823
 10
210.64612770080566
 20
417.4296684265137
 10
210.6273126900196
 20
417.3948214650154
 10
210.60782980918884
 20
417.36024808883667
 10
210.58771428465843
 20
417.3259887099266
 10
210.56700134277344
 20
417.2920837402344
  0
LWPOLYLINE
  5
284
330
17
100
AcDbEntity
  8
SCHEMATICS
 62
7
100
AcDbPolyline
 90
9
 70
0
 10
210.56700134277344
 20
417.2920837402344
 10
210.54567903280258
 20
417.25920659303665
 10
210.52373552322388
 20
417.22652292251587
 10
210.50120621919632
 20
417.1940774321556
 10
210.4781265258789
 20
417.16191482543945
 10
210.45453184843063
 20
417.130079805851
 10
210.4304575920105
 20
417.0986170768738
 10
210.4059391617775
 20
417.0675713419914
 10
210.38101196289062
 20
417.0369873046875
  0
LWPOLYLINE
  5
285
330
17
100
AcDbEntity
  8
SCHEMATICS
 62
7
100
AcDbPolyline
 90
9
 70
0
 10
210.38101196289062
 20
417.0369873046875
 10
210.35486245155334
 20
417.00684624910355
 10
210.32822227478027
 20
416.977041721344
 10
210.30116152763367
 20
416.94758981466293
 10
210.27375030517578
 20
416.91850662231445
 10
210.24605870246887
 20
416.88980823755264
 10
210.2181568145752
 20
416.8615107536316
 10
210.190114736557
 20
416.8336302638054
 10
210.16200256347656
 20
416.8061828613281
  0
LWPOLYLINE
  5
286
330
17
100
AcDbEntity
  8
SCHEMATICS
 62
7
100
AcDbPolyline
 90
9
 70
0
 10
210.16200256347656
 20
416.8061828613281
 10
210.131816893816
 20
416.77949953079224
 10
210.10124230384827
 20
416.7536201477051
 10
210.07026752829552
 20
416.728467464447
 10
210.03888130187988
 20
416.70396423339844
 10
210.0070723593235
 20
416.6800332069397
 10
209.9748294353485
 20
416.6565971374512
 10
209.94214126467705
 20
416.63357877731323
 10
209.90899658203125
 20
416.61090087890625
  0
LWPOLYLINE
  5
287
330
17
100
AcDbEntity
  8
SCHEMATICS
 62
7
100
AcDbPolyline
 90
9
 70
0
 10
209.90899658203125
 20
416.61090087890625
 10
209.87655645608902
 20
416.5887941122055
 10
209.84371900558472
 20
416.5673704147339
 10
209.81046026945114
 20
416.5466834306717
 10
209.7767562866211
 20
416.5267868041992
 10
209.74258309602737
 20
416.50773417949677
 10
209.70791673660278
 20
416.48957920074463
 10
209.67273324728012
 20
416.4723755121231
 10
209.6370086669922
 20
416.4561767578125
  0
LWPOLYLINE
  5
288
330
17
100
AcDbEntity
  8
SCHEMATICS
 62
7
100
AcDbPolyline
 90
9
 70
0
 10
209.6370086669922
 20
416.4561767578125
 10
209.6012410223484
 20
416.43850433826447
 10
209.565181016922
 20
416.4215307235718
 10
209.52881667017937
 20
416.40521371364594
 10
209.4921360015869
 20
416.38951110839844
 10
209.45512703061104
 20
416.3743807077408
 10
209.41777777671814
 20
416.3597803115845
 10
209.38007625937462
 20
416.345667719841
 10
209.34201049804688
 20
416.3320007324219
  0
LWPOLYLINE
  5
289
330
17
100
AcDbEntity
  8
SCHEMATICS
 62
7
100
AcDbPolyline
 90
9
 70
0
 10
209.34201049804688
 20
416.3320007324219
 10
209.30437189340591
 20
416.3202969431877
 10
209.2664761543274
 20
416.3092722892761
 10
209.22834652662277
 20
416.2989392876625
 10
209.19000625610352
 20
416.28931045532227
 10
209.15147858858109
 20
416.2803983092308
 10
209.11278676986694
 20
416.2722153663635
 10
209.07395404577255
 20
416.26477414369583
 10
209.03500366210938
 20
416.2580871582031
  0
LWPOLYLINE
  5
28A
330
17
100
AcDbEntity
  8
SCHEMATICS
 62
7
100
AcDbPolyline
 90
9
 70
0
 10
209.03500366210938
 20
416.2580871582031
 10
208.99571612477303
 20
416.25125658512115
 10
208.95656895637512
 20
416.2451105117798
 10
208.91751512885094
 20
416.2396754026413
 10
208.87850761413574
 20
416.23497772216797
 10
208.8394993841648
 20
416.2310439348221
 10
208.8004434108734
 20
416.2279005050659
 10
208.76129266619682
 20
416.22557389736176
 10
208.7220001220703
 20
416.2240905761719
  0
LWPOLYLINE
  5
28B
330
17
100
AcDbEntity
  8
SCHEMATICS
 62
7
100
AcDbPolyline
 90
9
 70
0
 10
208.7220001220703
 20
416.2240905761719
 10
208.5657152235508
 20
416.2184905409813
 10
208.4095814228058
 20
416.2130560874939
 10
208.2535638511181
 20
416.2077382206917
 10
208.0976276397705
 20
416.20248794555664
 10
207.94173792004585
 20
416.19725626707077
 10
207.78585982322693
 20
416.19199419021606
 10
207.62995848059654
 20
416.1866527199745
 10
207.4739990234375
 20
416.1811828613281
  0
LWPOLYLINE
  5
28C
330
17
100
AcDbEntity
  8
SCHEMATICS
 62
7
100
AcDbPolyline
 90
9
 70
0
 10
210.91099548339844
 20
418.322998046875
 10
210.91058391332626
 20
418.2836071252823
 10
210.90938806533813
 20
418.24427700042725
 10
210.90746623277664
 20
418.2050312757492
 10
210.90487670898438
 20
418.1658935546875
 10
210.90167778730392
 20
418.12688744068146
 10
210.89792776107788
 20
418.0880365371704
 10
210.89368492364883
 20
418.0493644475937
 10
210.88900756835938
 20
418.0108947753906
  0
LWPOLYLINE
  5
28D
330
17
100
AcDbEntity
  8
SCHEMATICS
 62
7
100
AcDbPolyline
 90
9
 70
0
 10
210.88900756835938
 20
418.0108947753906
 10
210.882968634367
 20
417.9718477129936
 10
210.8761327266693
 20
417.93269300460815
 10
210.86854687333107
 20
417.89350897073746
 10
210.860258102417
 20
417.85437393188477
 10
210.8513134419918
 20
417.8153662085533
 10
210.84175992012024
 20
417.77656412124634
 10
210.83164456486702
 20
417.73804599046707
 10
210.82101440429688
 20
417.69989013671875
  0
LWPOLYLINE
  5
28E
330
17
100
AcDbEntity
  8
SCHEMATICS
 62
7
100
AcDbPolyline
 90
9
 70
0
 10
210.82101440429688
 20
417.69989013671875
 10
210.8103850185871
 20
417.661120057106
 10
210.79880738258362
 20
417.62273693084717
 10
210.78636321425438
 20
417.58476436138153
 10
210.77313423156738
 20
417.54722595214844
 10
210.75920215249062
 20
417.5101453065872
 10
210.74464869499207
 20
417.4735460281372
 10
210.72955557703972
 20
417.43745172023773
 10
210.71400451660156
 20
417.4018859863281
  0
LWPOLYLINE
  5
28F
330
17
100
AcDbEntity
  8
SCHEMATICS
 62
7
100
AcDbPolyline
 90
9
 70
0
 10
210.71400451660156
 20
417.4018859863281
 10
210.69821324944496
 20
417.3654236793518
 10
210.6816132068634
 20
417.32931327819824
 10
210.66423961520195
 20
417.2935719490051
 10
210.64612770080566
 20
417.25821685791016
 10
210.6273126900196
 20
417.223265171051
 10
210.60782980918884
 20
417.18873405456543
 10
210.58771428465843
 20
417.15464067459106
 10
210.56700134277344
 20
417.1210021972656
  0
LWPOLYLINE
  5
290
330
17
100
AcDbEntity
  8
SCHEMATICS
 62
7
100
AcDbPolyline
 90
9
 70
0
 10
210.56700134277344
 20
417.1210021972656
 10
210.54567903280258
 20
417.0883677601814
 10
210.52373552322388
 20
417.05582094192505
 10
210.50120621919632
 20
417.02341216802597
 10
210.4781265258789
 20
416.9911918640137
 10
210.45453184843063
 20
416.95921045541763
 10
210.4304575920105
 20
416.92751836776733
 10
210.4059391617775
 20
416.89616602659225
 10
210.38101196289062
 20
416.8652038574219
  0
LWPOLYLINE
  5
291
330
17
100
AcDbEntity
  8
SCHEMATICS
 62
7
100
AcDbPolyline
 90
9
 70
0
 10
210.38101196289062
 20
416.8652038574219
 10
210.35486245155334
 20
416.8352334499359
 10
210.32822227478027
 20
416.8054618835449
 10
210.30116152763367
 20
416.77597641944885
 10
210.27375030517578
 20
416.74686431884766
 10
210.24605870246887
 20
416.7182128429413
 10
210.2181568145752
 20
416.6901092529297
 10
210.190114736557
 20
416.6626408100128
 10
210.16200256347656
 20
416.6358947753906
  0
LWPOLYLINE
  5
292
330
17
100
AcDbEntity
  8
SCHEMATICS
 62
7
100
AcDbPolyline
 90
9
 70
0
 10
210.16200256347656
 20
416.6358947753906
 10
210.131816893816
 20
416.60955250263214
 10
210.10124230384827
 20
416.5835943222046
 10
210.07026752829552
 20
416.55807530879974
 10
210.03888130187988
 20
416.5330505371094
 10
210.0070723593235
 20
416.50857508182526
 10
209.9748294353485
 20
416.48470401763916
 10
209.94214126467705
 20
416.46149241924286
 10
209.90899658203125
 20
416.4389953613281
  0
LWPOLYLINE
  5
293
330
17
100
AcDbEntity
  8
SCHEMATICS
 62
7
100
AcDbPolyline
 90
9
 70
0
 10
209.90899658203125
 20
416.4389953613281
 10
209.87655645608902
 20
416.4168490767479
 10
209.84371900558472
 20
416.39553213119507
 10
209.81046026945114
 20
416.37498980760574
 10
209.7767562866211
 20
416.355167388916
 10
209.74258309602737
 20
416.336010158062
 10
209.70791673660278
 20
416.31746339797974
 10
209.67273324728012
 20
416.2994723916054
 10
209.6370086669922
 20
416.281982421875
  0
LWPOLYLINE
  5
294
330
17
100
AcDbEntity
  8
SCHEMATICS
 62
7
100
AcDbPolyline
 90
9
 70
0
 10
209.6370086669922
 20
416.281982421875
 10
209.6012410223484
 20
416.26565140485764
 10
209.565181016922
 20
416.24957036972046
 10
209.52881667017937
 20
416.2338405251503
 10
209.4921360015869
 20
416.218563079834
 10
209.45512703061104
 20
416.20383924245834
 10
209.41777777671814
 20
416.1897702217102
 10
209.38007625937462
 20
416.1764572262764
 10
209.34201049804688
 20
416.16400146484375
  0
LWPOLYLINE
  5
295
330
17
100
AcDbEntity
  8
SCHEMATICS
 62
7
100
AcDbPolyline
 90
9
 70
0
 10
209.34201049804688
 20
416.16400146484375
 10
209.30437189340591
 20
416.15215557813644
 10
209.2664761543274
 20
416.1406970024109
 10
209.22834652662277
 20
416.12972980737686
 10
209.19000625610352
 20
416.11935806274414
 10
209.15147858858109
 20
416.1096858382225
 10
209.11278676986694
 20
416.10081720352173
 10
209.07395404577255
 20
416.0928562283516
 10
209.03500366210938
 20
416.0859069824219
  0
LWPOLYLINE
  5
296
330
17
100
AcDbEntity
  8
SCHEMATICS
 62
7
100
AcDbPolyline
 90
9
 70
0
 10
209.03500366210938
 20
416.0859069824219
 10
208.99571612477303
 20
416.07948410511017
 10
208.95656895637512
 20
416.0737028121948
 10
208.91751512885094
 20
416.06853806972504
 10
208.87850761413574
 20
416.06396484375
 10
208.8394993841648
 20
416.0599581003189
 10
208.8004434108734
 20
416.05649280548096
 10
208.76129266619682
 20
416.05354392528534
 10
208.7220001220703
 20
416.05108642578125
  0
LWPOLYLINE
  5
297
330
17
100
AcDbEntity
  8
SCHEMATICS
 62
7
100
AcDbPolyline
 90
9
 70
0
 10
208.7220001220703
 20
416.05108642578125
 10
208.56558671593666
 20
416.0467194914818
 10
208.40911412239075
 20
416.0418486595154
 10
208.25261756777763
 20
416.0365622639656
 10
208.09613227844238
 20
416.030948638916
 10
207.93969348073006
 20
416.02509611845016
 10
207.78333640098572
 20
416.0190930366516
 10
207.62709626555443
 20
416.0130277276039
 10
207.47100830078125
 20
416.0069885253906
  0
LWPOLYLINE
  5
298
330
17
100
AcDbEntity
  8
SCHEMATICS
 62
7
100
AcDbPolyline
 90
9
 70
0
 10
207.4739990234375
 20
654.9840087890625
 10
207.62995848059654
 20
654.9784609675407
 10
207.78585982322693
 20
654.9730315208435
 10
207.94173792004585
 20
654.9676499962807
 10
208.0976276397705
 20
654.9622459411621
 10
208.2535638511181
 20
654.9567489027977
 10
208.4095814228058
 20
654.9510884284973
 10
208.5657152235508
 20
654.9451940655708
 10
208.7220001220703
 20
654.9389953613281
  0
LWPOLYLINE
  5
299
330
17
100
AcDbEntity
  8
SCHEMATICS
 62
7
100
AcDbPolyline
 90
9
 70
0
 10
208.7220001220703
 20
654.9389953613281
 10
208.76129266619682
 20
654.9367987513542
 10
208.8004434108734
 20
654.9339938163757
 10
208.8394993841648
 20
654.9306274056435
 10
208.87850761413574
 20
654.9267463684082
 10
208.91751512885094
 20
654.9223975539207
 10
208.95656895637512
 20
654.9176278114319
 10
208.99571612477303
 20
654.9124839901924
 10
209.03500366210938
 20
654.9070129394531
  0
LWPOLYLINE
  5
29A
330
17
100
AcDbEntity
  8
SCHEMATICS
 62
7
100
AcDbPolyline
 90
9
 70
0
 10
209.03500366210938
 20
654.9070129394531
 10
209.07395404577255
 20
654.899227142334
 10
209.11278676986694
 20
654.8908920288086
 10
209.15147858858109
 20
654.8820190429688
 10
209.19000625610352
 20
654.8726196289062
 10
209.22834652662277
 20
654.8627052307129
 10
209.2664761543274
 20
654.8522872924805
 10
209.30437189340591
 20
654.8413772583008
 10
209.34201049804688
 20
654.8299865722656
  0
LWPOLYLINE
  5
29B
330
17
100
AcDbEntity
  8
SCHEMATICS
 62
7
100
AcDbPolyline
 90
9
 70
0
 10
209.34201049804688
 20
654.8299865722656
 10
209.38007625937462
 20
654.8169160485268
 10
209.41777777671814
 20
654.8032250404358
 10
209.45512703061104
 20
654.788948237896
 10
209.4921360015869
 20
654.7741203308105
 10
209.52881667017937
 20
654.7587760090828
 10
209.565181016922
 20
654.742949962616
 10
209.6012410223484
 20
654.7266768813133
 10
209.6370086669922
 20
654.7099914550781
  0
LWPOLYLINE
  5
29C
330
17
100
AcDbEntity
  8
SCHEMATICS
 62
7
100
AcDbPolyline
 90
9
 70
0
 10
209.6370086669922
 20
654.7099914550781
 10
209.67273324728012
 20
654.6924162507057
 10
209.70791673660278
 20
654.6741833686829
 10
209.74258309602737
 20
654.6552931666374
 10
209.7767562866211
 20
654.6357460021973
 10
209.81046026945114
 20
654.6155422329903
 10
209.84371900558472
 20
654.5946822166443
 10
209.87655645608902
 20
654.5731663107872
 10
209.90899658203125
 20
654.5509948730469
  0
LWPOLYLINE
  5
29D
330
17
100
AcDbEntity
  8
SCHEMATICS
 62
7
100
AcDbPolyline
 90
9
 70
0
 10
209.90899658203125
 20
654.5509948730469
 10
209.94214126467705
 20
654.529200553894
 10
209.9748294353485
 20
654.5065879821777
 10
210.0070723593235
 20
654.4831800460815
 10
210.03888130187988
 20
654.4589996337891
 10
210.07026752829552
 20
654.4340696334839
 10
210.10124230384827
 20
654.4084129333496
 10
210.131816893816
 20
654.3820524215698
 10
210.16200256347656
 20
654.3550109863281
  0
LWPOLYLINE
  5
29E
330
17
100
AcDbEntity
  8
SCHEMATICS
 62
7
100
AcDbPolyline
 90
9
 70
0
 10
210.16200256347656
 20
654.3550109863281
 10
210.190114736557
 20
654.3285158872604
 10
210.2181568145752
 20
654.3015050888062
 10
210.24605870246887
 20
654.2739320993423
 10
210.27375030517578
 20
654.2457504272461
 10
210.30116152763367
 20
654.2169135808945
 10
210.32822227478027
 20
654.1873750686646
 10
210.35486245155334
 20
654.1570883989334
 10
210.38101196289062
 20
654.1260070800781
  0
LWPOLYLINE
  5
29F
330
17
100
AcDbEntity
  8
SCHEMATICS
 62
7
100
AcDbPolyline
 90
9
 70
0
 10
210.38101196289062
 20
654.1260070800781
 10
210.4059391617775
 20
654.0959752202034
 10
210.4304575920105
 20
654.0652070045471
 10
210.45453184843063
 20
654.0338072180748
 10
210.4781265258789
 20
654.001880645752
 10
210.50120621919632
 20
653.9695320725441
 10
210.52373552322388
 20
653.9368662834167
 10
210.54567903280258
 20
653.9039880633354
 10
210.56700134277344
 20
653.8710021972656
  0
LWPOLYLINE
  5
2A0
330
17
100
AcDbEntity
  8
SCHEMATICS
 62
7
100
AcDbPolyline
 90
9
 70
0
 10
210.56700134277344
 20
653.8710021972656
 10
210.58771428465843
 20
653.8373198509216
 10
210.60782980918884
 20
653.8030853271484
 10
210.6273126900196
 20
653.7684044837952
 10
210.64612770080566
 20
653.7333831787109
 10
210.66423961520195
 20
653.6981272697449
 10
210.6816132068634
 20
653.6627426147461
 10
210.69821324944496
 20
653.6273350715637
 10
210.71400451660156
 20
653.5920104980469
  0
LWPOLYLINE
  5
2A1
330
17
100
AcDbEntity
  8
SCHEMATICS
 62
7
100
AcDbPolyline
 90
9
 70
0
 10
210.71400451660156
 20
653.5920104980469
 10
210.72955557703972
 20
653.5557432174683
 10
210.74464869499207
 20
653.5190181732178
 10
210.75920215249062
 20
653.4819412231445
 10
210.77313423156738
 20
653.4446182250977
 10
210.78636321425438
 20
653.4071550369263
 10
210.79880738258362
 20
653.3696575164795
 10
210.8103850185871
 20
653.3322315216064
 10
210.82101440429688
 20
653.2949829101562
  0
LWPOLYLINE
  5
2A2
330
17
100
AcDbEntity
  8
SCHEMATICS
 62
7
100
AcDbPolyline
 90
9
 70
0
 10
210.82101440429688
 20
653.2949829101562
 10
210.83164456486702
 20
653.2562373876572
 10
210.84175992012024
 20
653.2172651290894
 10
210.8513134419918
 20
653.178125500679
 10
210.860258102417
 20
653.1388778686523
 10
210.86854687333107
 20
653.0995815992355
 10
210.8761327266693
 20
653.0602960586548
 10
210.882968634367
 20
653.0210806131363
 10
210.88900756835938
 20
652.9819946289062
  0
LWPOLYLINE
  5
2A3
330
17
100
AcDbEntity
  8
SCHEMATICS
 62
7
100
AcDbPolyline
 90
9
 70
0
 10
210.88900756835938
 20
652.9819946289062
 10
210.89368492364883
 20
652.9436521232128
 10
210.89792776107788
 20
652.905109167099
 10
210.90167778730392
 20
652.8663541376591
 10
210.90487670898438
 20
652.8273754119873
 10
210.90746623277664
 20
652.788161367178
 10
210.90938806533813
 20
652.7487003803253
 10
210.91058391332626
 20
652.7089808285236
 10
210.91099548339844
 20
652.6689910888672
  0
LWPOLYLINE
  5
2A4
330
17
100
AcDbEntity
  8
SCHEMATICS
 62
7
100
AcDbPolyline
 90
9
 70
0
 10
207.47100830078125
 20
655.1520080566406
 10
207.62709626555443
 20
655.147042453289
 10
207.78333640098572
 20
655.14191198349
 10
207.93969348073006
 20
655.1366406083107
 10
208.09613227844238
 20
655.1312522888184
 10
208.25261756777763
 20
655.1257709860802
 10
208.40911412239075
 20
655.1202206611633
 10
208.56558671593666
 20
655.114625275135
 10
208.7220001220703
 20
655.1090087890625
  0
LWPOLYLINE
  5
2A5
330
17
100
AcDbEntity
  8
SCHEMATICS
 62
7
100
AcDbPolyline
 90
9
 70
0
 10
208.7220001220703
 20
655.1090087890625
 10
208.76129266619682
 20
655.1075463294983
 10
208.8004434108734
 20
655.1054172515869
 10
208.8394993841648
 20
655.1026101112366
 10
208.87850761413574
 20
655.0991134643555
 10
208.91751512885094
 20
655.0949158668518
 10
208.95656895637512
 20
655.0900058746338
 10
208.99571612477303
 20
655.0843720436096
 10
209.03500366210938
 20
655.0780029296875
  0
LWPOLYLINE
  5
2A6
330
17
100
AcDbEntity
  8
SCHEMATICS
 62
7
100
AcDbPolyline
 90
9
 70
0
 10
209.03500366210938
 20
655.0780029296875
 10
209.07395404577255
 20
655.069972217083
 10
209.11278676986694
 20
655.0615649223328
 10
209.15147858858109
 20
655.0526877045631
 10
209.19000625610352
 20
655.0432472229004
 10
209.22834652662277
 20
655.0331501364708
 10
209.2664761543274
 20
655.0223031044006
 10
209.30437189340591
 20
655.0106127858162
 10
209.34201049804688
 20
654.9979858398438
  0
LWPOLYLINE
  5
2A7
330
17
100
AcDbEntity
  8
SCHEMATICS
 62
7
100
AcDbPolyline
 90
9
 70
0
 10
209.34201049804688
 20
654.9979858398438
 10
209.38007625937462
 20
654.9854156374931
 10
209.41777777671814
 20
654.972400188446
 10
209.45512703061104
 20
654.9588690400124
 10
209.4921360015869
 20
654.944751739502
 10
209.52881667017937
 20
654.9299778342247
 10
209.565181016922
 20
654.9144768714905
 10
209.6012410223484
 20
654.8981783986092
 10
209.6370086669922
 20
654.8810119628906
  0
LWPOLYLINE
  5
2A8
330
17
100
AcDbEntity
  8
SCHEMATICS
 62
7
100
AcDbPolyline
 90
9
 70
0
 10
209.6370086669922
 20
654.8810119628906
 10
209.67273324728012
 20
654.863149523735
 10
209.70791673660278
 20
654.8447942733765
 10
209.74258309602737
 20
654.8259226083755
 10
209.7767562866211
 20
654.806510925293
 10
209.81046026945114
 20
654.7865356206894
 10
209.84371900558472
 20
654.7659730911255
 10
209.87655645608902
 20
654.7447997331619
 10
209.90899658203125
 20
654.7229919433594
  0
LWPOLYLINE
  5
2A9
330
17
100
AcDbEntity
  8
SCHEMATICS
 62
7
100
AcDbPolyline
 90
9
 70
0
 10
209.90899658203125
 20
654.7229919433594
 10
209.94214126467705
 20
654.7005513310432
 10
209.9748294353485
 20
654.6775116920471
 10
210.0070723593235
 20
654.6539320349693
 10
210.03888130187988
 20
654.6298713684082
 10
210.07026752829552
 20
654.6053887009621
 10
210.10124230384827
 20
654.5805430412292
 10
210.131816893816
 20
654.5553933978081
 10
210.16200256347656
 20
654.5299987792969
  0
LWPOLYLINE
  5
2AA
330
17
100
AcDbEntity
  8
SCHEMATICS
 62
7
100
AcDbPolyline
 90
9
 70
0
 10
210.16200256347656
 20
654.5299987792969
 10
210.190114736557
 20
654.5026042461395
 10
210.2181568145752
 20
654.474515914917
 10
210.24605870246887
 20
654.445886850357
 10
210.27375030517578
 20
654.4168701171875
 10
210.30116152763367
 20
654.3876187801361
 10
210.32822227478027
 20
654.3582859039307
 10
210.35486245155334
 20
654.329024553299
 10
210.38101196289062
 20
654.2999877929688
  0
LWPOLYLINE
  5
2AB
330
17
100
AcDbEntity
  8
SCHEMATICS
 62
7
100
AcDbPolyline
 90
9
 70
0
 10
210.38101196289062
 20
654.2999877929688
 10
210.4059391617775
 20
654.2684386372566
 10
210.4304575920105
 20
654.2367482185364
 10
210.45453184843063
 20
654.2048696875572
 10
210.4781265258789
 20
654.1727561950684
 10
210.50120621919632
 20
654.140360891819
 10
210.52373552322388
 20
654.1076369285583
 10
210.54567903280258
 20
654.0745374560356
 10
210.56700134277344
 20
654.041015625
  0
LWPOLYLINE
  5
2AC
330
17
100
AcDbEntity
  8
SCHEMATICS
 62
7
100
AcDbPolyline
 90
9
 70
0
 10
210.56700134277344
 20
654.041015625
 10
210.58771428465843
 20
654.0071579813957
 10
210.60782980918884
 20
653.973081111908
 10
210.6273126900196
 20
653.938748896122
 10
210.64612770080566
 20
653.904125213623
 10
210.66423961520195
 20
653.8691739439964
 10
210.6816132068634
 20
653.8338589668274
 10
210.69821324944496
 20
653.7981441617012
 10
210.71400451660156
 20
653.7619934082031
  0
LWPOLYLINE
  5
2AD
330
17
100
AcDbEntity
  8
SCHEMATICS
 62
7
100
AcDbPolyline
 90
9
 70
0
 10
210.71400451660156
 20
653.7619934082031
 10
210.72955557703972
 20
653.7258582115173
 10
210.74464869499207
 20
653.6894283294678
 10
210.75920215249062
 20
653.6526923179626
 10
210.77313423156738
 20
653.6156387329102
 10
210.78636321425438
 20
653.5782561302185
 10
210.79880738258362
 20
653.5405330657959
 10
210.8103850185871
 20
653.5024580955505
 10
210.82101440429688
 20
653.4640197753906
  0
LWPOLYLINE
  5
2AE
330
17
100
AcDbEntity
  8
SCHEMATICS
 62
7
100
AcDbPolyline
 90
9
 70
0
 10
210.82101440429688
 20
653.4640197753906
 10
210.83164456486702
 20
653.4260054826736
 10
210.84175992012024
 20
653.3877458572388
 10
210.8513134419918
 20
653.3492759466171
 10
210.860258102417
 20
653.3106307983398
 10
210.86854687333107
 20
653.271845459938
 10
210.8761327266693
 20
653.2329549789429
 10
210.882968634367
 20
653.1939944028854
 10
210.88900756835938
 20
653.1549987792969
  0
LWPOLYLINE
  5
2AF
330
17
100
AcDbEntity
  8
SCHEMATICS
 62
7
100
AcDbPolyline
 90
9
 70
0
 10
210.88900756835938
 20
653.1549987792969
 10
210.89368492364883
 20
653.1152886152267
 10
210.89792776107788
 20
653.0756635665894
 10
210.90167778730392
 20
653.0361114740372
 10
210.90487670898438
 20
652.9966201782227
 10
210.90746623277664
 20
652.9571775197983
 10
210.90938806533813
 20
652.9177713394165
 10
210.91058391332626
 20
652.8783894777298
 10
210.91099548339844
 20
652.8390197753906
  0
LWPOLYLINE
  5
2B0
330
17
100
AcDbEntity
  8
SCHEMATICS
 62
7
100
AcDbPolyline
 90
9
 70
0
 10
187.0989990234375
 20
651.6299896240234
 10
187.09941774606705
 20
651.6709551215172
 10
187.1006579399109
 20
651.7120718955994
 10
187.10269564390182
 20
651.7533052563667
 10
187.10550689697266
 20
651.794620513916
 10
187.10906773805618
 20
651.835982978344
 10
187.1133542060852
 20
651.8773579597473
 10
187.11834233999252
 20
651.9187107682228
 10
187.12400817871094
 20
651.9600067138672
  0
LWPOLYLINE
  5
2B1
330
17
100
AcDbEntity
  8
SCHEMATICS
 62
7
100
AcDbPolyline
 90
9
 70
0
 10
187.1529998779297
 20
652.1209869384766
 10
187.1581739783287
 20
652.1416070759296
 10
187.16325330734253
 20
652.162180185318
 10
187.16833192110062
 20
652.1826592385769
 10
187.17350387573242
 20
652.2029972076416
 10
187.1788632273674
 20
652.2231470644474
 10
187.184504032135
 20
652.2430617809296
 10
187.1905203461647
 20
652.2626943290234
 10
187.19700622558594
 20
652.2819976806641
  0
LWPOLYLINE
  5
2B2
330
17
100
AcDbEntity
  8
SCHEMATICS
 62
7
100
AcDbPolyline
 90
9
 70
0
 10
187.19700622558594
 20
652.2819976806641
 10
187.20839056372643
 20
652.3216084837914
 10
187.22078394889832
 20
652.3609385490417
 10
187.23416259884834
 20
652.3999875187874
 10
187.24850273132324
 20
652.4387550354004
 10
187.26378056406975
 20
652.4772407412529
 10
187.2799723148346
 20
652.515444278717
 10
187.29705420136452
 20
652.553365290165
 10
187.31500244140625
 20
652.5910034179688
  0
LWPOLYLINE
  5
2B3
330
17
100
AcDbEntity
  8
SCHEMATICS
 62
7
100
AcDbPolyline
 90
9
 70
0
 10
187.31500244140625
 20
652.5910034179688
 10
187.3320489525795
 20
652.6289730668068
 10
187.35014009475708
 20
652.6664052009583
 10
187.36919325590134
 20
652.7033230662346
 10
187.3891258239746
 20
652.7397499084473
 10
187.40985518693924
 20
652.7757089734077
 10
187.43129873275757
 20
652.8112235069275
 10
187.45337384939194
 20
652.846316754818
 10
187.4759979248047
 20
652.8810119628906
  0
LWPOLYLINE
  5
2B4
330
17
100
AcDbEntity
  8
SCHEMATICS
 62
7
100
AcDbPolyline
 90
9
 70
0
 10
187.4759979248047
 20
652.8810119628906
 10
187.4988666176796
 20
652.9152693152428
 10
187.52245092391968
 20
652.9490485191345
 10
187.54671543836594
 20
652.9823377728462
 10
187.57162475585938
 20
653.0151252746582
 10
187.597143471241
 20
653.0473992228508
 10
187.6232361793518
 20
653.0791478157043
 10
187.6498674750328
 20
653.1103592514992
 10
187.677001953125
 20
653.1410217285156
  0
LWPOLYLINE
  5
2B5
330
17
100
AcDbEntity
  8
SCHEMATICS
 62
7
100
AcDbPolyline
 90
9
 70
0
 10
187.677001953125
 20
653.1410217285156
 10
187.70531776547432
 20
653.1719462871552
 10
187.734032869339
 20
653.2024631500244
 10
187.76317033171654
 20
653.2325365543365
 10
187.7927532196045
 20
653.2621307373047
 10
187.82280460000038
 20
653.291209936142
 10
187.85334753990173
 20
653.3197383880615
 10
187.88440510630608
 20
653.3476803302765
 10
187.91600036621094
 20
653.375
  0
LWPOLYLINE
  5
2B6
330
17
100
AcDbEntity
  8
SCHEMATICS
 62
7
100
AcDbPolyline
 90
9
 70
0
 10
187.91600036621094
 20
653.375
 10
187.94773676991463
 20
653.4007231593132
 10
187.97995400428772
 20
653.4260954856873
 10
188.01266369223595
 20
653.451046526432
 10
188.04587745666504
 20
653.4755058288574
 10
188.07960692048073
 20
653.4994029402733
 10
188.11386370658875
 20
653.5226674079895
 10
188.14865943789482
 20
653.545228779316
 10
188.1840057373047
 20
653.5670166015625
  0
LWPOLYLINE
  5
2B7
330
17
100
AcDbEntity
  8
SCHEMATICS
 62
7
100
AcDbPolyline
 90
9
 70
0
 10
188.1840057373047
 20
653.5670166015625
 10
188.21977338194847
 20
653.5884721279144
 10
188.25583338737488
 20
653.6093196868896
 10
188.2921977341175
 20
653.6295120716095
 10
188.32887840270996
 20
653.6490020751953
 10
188.36588737368584
 20
653.6677424907684
 10
188.40323662757874
 20
653.6856861114502
 10
188.44093814492226
 20
653.7027857303619
 10
188.47900390625
 20
653.718994140625
  0
LWPOLYLINE
  5
2B8
330
17
100
AcDbEntity
  8
SCHEMATICS
 62
7
100
AcDbPolyline
 90
9
 70
0
 10
188.47900390625
 20
653.718994140625
 10
188.5173527598381
 20
653.7347892522812
 10
188.5559115409851
 20
653.7499170303345
 10
188.5947042107582
 20
653.7643653154373
 10
188.6337547302246
 20
653.7781219482422
 10
188.6730870604515
 20
653.7911747694016
 10
188.7127251625061
 20
653.8035116195679
 10
188.7526929974556
 20
653.8151203393936
 10
188.7930145263672
 20
653.8259887695312
  0
LWPOLYLINE
  5
2B9
330
17
100
AcDbEntity
  8
SCHEMATICS
 62
7
100
AcDbPolyline
 90
9
 70
0
 10
188.7930145263672
 20
653.8259887695312
 10
188.83224162459373
 20
653.8363700509071
 10
188.87191557884216
 20
653.8458104133606
 10
188.9120126068592
 20
653.8544046282768
 10
188.9525089263916
 20
653.862247467041
 10
188.99338075518608
 20
653.8694337010384
 10
189.03460431098938
 20
653.876058101654
 10
189.07615581154823
 20
653.8822154402733
 10
189.11801147460938
 20
653.8880004882812
  0
LWPOLYLINE
  5
2BA
330
17
100
AcDbEntity
  8
SCHEMATICS
 62
7
100
AcDbPolyline
 90
9
 70
0
 10
189.11801147460938
 20
653.8880004882812
 10
189.1486030817032
 20
653.890854716301
 10
189.17957019805908
 20
653.8934049606323
 10
189.21081912517548
 20
653.895627617836
 10
189.24225616455078
 20
653.8974990844727
 10
189.2737876176834
 20
653.898995757103
 10
189.30531978607178
 20
653.9000940322876
 10
189.3367589712143
 20
653.9007703065872
 10
189.36801147460938
 20
653.9010009765625
  0
LWPOLYLINE
  5
2BB
330
17
100
AcDbEntity
  8
SCHEMATICS
 62
7
100
AcDbPolyline
 90
9
 70
0
 10
189.447998046875
 20
417.26519775390625
 10
189.40605127811432
 20
417.2637573480606
 10
189.3642339706421
 20
417.2632303237915
 10
189.32258117198944
 20
417.26357448101044
 10
189.2811279296875
 20
417.2647476196289
 10
189.2399092912674
 20
417.2667075395584
 10
189.19896030426025
 20
417.26941204071045
 10
189.1583160161972
 20
417.2728189229965
 10
189.11801147460938
 20
417.2768859863281
  0
LWPOLYLINE
  5
2BC
330
17
100
AcDbEntity
  8
SCHEMATICS
 62
7
100
AcDbPolyline
 90
9
 70
0
 10
189.11801147460938
 20
417.2768859863281
 10
189.07615581154823
 20
417.28214049339294
 10
189.03460431098938
 20
417.28797149658203
 10
188.99338075518608
 20
417.29444909095764
 10
188.9525089263916
 20
417.30164337158203
 10
188.9120126068592
 20
417.30962443351746
 10
188.87191557884216
 20
417.3184623718262
 10
188.83224162459373
 20
417.32822728157043
 10
188.7930145263672
 20
417.3389892578125
  0
LWPOLYLINE
  5
2BD
330
17
100
AcDbEntity
  8
SCHEMATICS
 62
7
100
AcDbPolyline
 90
9
 70
0
 10
188.7930145263672
 20
417.3389892578125
 10
188.7526929974556
 20
417.3489516377449
 10
188.7127251625061
 20
417.36003160476685
 10
188.6730870604515
 20
417.37213653326035
 10
188.6337547302246
 20
417.3851737976074
 10
188.5947042107582
 20
417.3990507721901
 10
188.5559115409851
 20
417.4136748313904
 10
188.5173527598381
 20
417.4289533495903
 10
188.47900390625
 20
417.4447937011719
  0
LWPOLYLINE
  5
2BE
330
17
100
AcDbEntity
  8
SCHEMATICS
 62
7
100
AcDbPolyline
 90
9
 70
0
 10
188.47900390625
 20
417.4447937011719
 10
188.44093814492226
 20
417.4610707163811
 10
188.40323662757874
 20
417.4782099723816
 10
188.36588737368584
 20
417.49615532159805
 10
188.32887840270996
 20
417.5148506164551
 10
188.2921977341175
 20
417.5342397093773
 10
188.25583338737488
 20
417.5542664527893
 10
188.21977338194847
 20
417.57487469911575
 10
188.1840057373047
 20
417.59600830078125
  0
LWPOLYLINE
  5
2BF
330
17
100
AcDbEntity
  8
SCHEMATICS
 62
7
100
AcDbPolyline
 90
9
 70
0
 10
188.1840057373047
 20
417.59600830078125
 10
188.14865943789482
 20
417.6179493069649
 10
188.11386370658875
 20
417.64045572280884
 10
188.07960692048073
 20
417.6635779738426
 10
188.04587745666504
 20
417.6873664855957
 10
188.01266369223595
 20
417.71187168359756
 10
187.97995400428772
 20
417.7371439933777
 10
187.94773676991463
 20
417.76323384046555
 10
187.91600036621094
 20
417.7901916503906
  0
LWPOLYLINE
  5
2C0
330
17
100
AcDbEntity
  8
SCHEMATICS
 62
7
100
AcDbPolyline
 90
9
 70
0
 10
187.91600036621094
 20
417.7901916503906
 10
187.88440510630608
 20
417.8168830871582
 10
187.85334753990173
 20
417.8439750671387
 10
187.82280460000038
 20
417.8715419769287
 10
187.7927532196045
 20
417.899658203125
 10
187.76317033171654
 20
417.9283981323242
 10
187.734032869339
 20
417.95783615112305
 10
187.70531776547432
 20
417.98804664611816
 10
187.677001953125
 20
418.01910400390625
  0
LWPOLYLINE
  5
2C1
330
17
100
AcDbEntity
  8
SCHEMATICS
 62
7
100
AcDbPolyline
 90
9
 70
0
 10
187.677001953125
 20
418.01910400390625
 10
187.6498674750328
 20
418.0502613186836
 10
187.6232361793518
 20
418.0821785926819
 10
187.597143471241
 20
418.11477464437485
 10
187.57162475585938
 20
418.1479682922363
 10
187.54671543836594
 20
418.18167835474014
 10
187.52245092391968
 20
418.2158236503601
 10
187.4988666176796
 20
418.25032299757004
 10
187.4759979248047
 20
418.28509521484375
  0
LWPOLYLINE
  5
2C2
330
17
100
AcDbEntity
  8
SCHEMATICS
 62
7
100
AcDbPolyline
 90
9
 70
0
 10
187.4759979248047
 20
418.28509521484375
 10
187.45337384939194
 20
418.3188813328743
 10
187.43129873275757
 20
418.3534474372864
 10
187.40985518693924
 20
418.3887180685997
 10
187.3891258239746
 20
418.424617767334
 10
187.36919325590134
 20
418.46107107400894
 10
187.35014009475708
 20
418.4980025291443
 10
187.3320489525795
 20
418.53533667325974
 10
187.31500244140625
 20
418.572998046875
  0
LWPOLYLINE
  5
2C3
330
17
100
AcDbEntity
  8
SCHEMATICS
 62
7
100
AcDbPolyline
 90
9
 70
0
 10
187.31500244140625
 20
418.572998046875
 10
187.29705420136452
 20
418.60963386297226
 10
187.2799723148346
 20
418.64687871932983
 10
187.26378056406975
 20
418.6846407055855
 10
187.24850273132324
 20
418.72282791137695
 10
187.23416259884834
 20
418.761348426342
 10
187.22078394889832
 20
418.8001103401184
 10
187.20839056372643
 20
418.8390217423439
 10
187.19700622558594
 20
418.87799072265625
  0
LWPOLYLINE
  5
2C4
330
17
100
AcDbEntity
  8
SCHEMATICS
 62
7
100
AcDbPolyline
 90
9
 70
0
 10
187.19700622558594
 20
418.87799072265625
 10
187.1905203461647
 20
418.8986527323723
 10
187.184504032135
 20
418.9192843437195
 10
187.1788632273674
 20
418.93985801935196
 10
187.17350387573242
 20
418.9603462219238
 10
187.16833192110062
 20
418.9807214140892
 10
187.16325330734253
 20
419.0009560585022
 10
187.1581739783287
 20
419.0210226178169
 10
187.1529998779297
 20
419.0408935546875
  0
LWPOLYLINE
  5
2C5
330
17
100
AcDbEntity
  8
SCHEMATICS
 62
7
100
AcDbPolyline
 90
9
 70
0
 10
187.1529998779297
 20
419.0408935546875
 10
187.14888712763786
 20
419.06061148643494
 10
187.1448199748993
 20
419.0806941986084
 10
187.1408454477787
 20
419.10103726387024
 10
187.13701057434082
 20
419.1215362548828
 10
187.13336238265038
 20
419.1420867443085
 10
187.1299479007721
 20
419.16258430480957
 10
187.1268141567707
 20
419.18292450904846
 10
187.12400817871094
 20
419.2030029296875
  0
LWPOLYLINE
  5
2C6
330
17
100
AcDbEntity
  8
SCHEMATICS
 62
7
100
AcDbPolyline
 90
9
 70
0
 10
187.12400817871094
 20
419.2030029296875
 10
187.11899775266647
 20
419.2391634583473
 10
187.11450338363647
 20
419.27554178237915
 10
187.11057192087173
 20
419.3120953440666
 10
187.10725021362305
 20
419.34878158569336
 10
187.1045851111412
 20
419.385557949543
 10
187.102623462677
 20
419.42238187789917
 10
187.10141211748123
 20
419.4592108130455
 10
187.1009979248047
 20
419.4960021972656
  0
LWPOLYLINE
  5
2C7
330
17
100
AcDbEntity
  8
SCHEMATICS
 62
7
100
AcDbPolyline
 90
9
 70
0
 10
189.85801696777344
 20
655.125
 10
189.78647884726524
 20
655.1227448582649
 10
189.71510577201843
 20
655.1204800605774
 10
189.64387395977974
 20
655.118193089962
 10
189.5727596282959
 20
655.1158714294434
 10
189.50173899531364
 20
655.113502562046
 10
189.4307882785797
 20
655.1110739707947
 10
189.35988369584084
 20
655.1085731387138
 10
189.28900146484375
 20
655.1059875488281
  0
LWPOLYLINE
  5
2C8
330
17
100
AcDbEntity
  8
SCHEMATICS
 62
7
100
AcDbPolyline
 90
9
 70
0
 10
189.28900146484375
 20
416.0570068359375
 10
189.24971199035645
 20
416.0583995580673
 10
189.21055126190186
 20
416.0603265762329
 10
189.17146062850952
 20
416.0628787279129
 10
189.13238143920898
 20
416.06614685058594
 10
189.09325504302979
 20
416.07022178173065
 10
189.05402278900146
 20
416.0751943588257
 10
189.01462602615356
 20
416.08115541934967
 10
188.97500610351562
 20
416.08819580078125
  0
LWPOLYLINE
  5
2C9
330
17
100
AcDbEntity
  8
SCHEMATICS
 62
7
100
AcDbPolyline
 90
9
 70
0
 10
188.82101440429688
 20
416.12298583984375
 10
188.80123233795166
 20
416.1280063390732
 10
188.7816505432129
 20
416.13332080841064
 10
188.76228046417236
 20
416.13883125782013
 10
188.74313354492188
 20
416.1444396972656
 10
188.72422122955322
 20
416.1500481367111
 10
188.7055549621582
 20
416.1555585861206
 10
188.6871461868286
 20
416.16087305545807
 10
188.66900634765625
 20
416.1658935546875
  0
LWPOLYLINE
  5
2CA
330
17
100
AcDbEntity
  8
SCHEMATICS
 62
7
100
AcDbPolyline
 90
9
 70
0
 10
188.66900634765625
 20
416.1658935546875
 10
188.63089928030968
 20
416.1792266368866
 10
188.593097448349
 20
416.19287872314453
 10
188.5556242763996
 20
416.20691418647766
 10
188.5185031890869
 20
416.22139739990234
 10
188.4817576110363
 20
416.23639273643494
 10
188.44541096687317
 20
416.2519645690918
 10
188.40948668122292
 20
416.2681772708893
 10
188.37400817871094
 20
416.28509521484375
  0
LWPOLYLINE
  5
2CB
330
17
100
AcDbEntity
  8
SCHEMATICS
 62
7
100
AcDbPolyline
 90
9
 70
0
 10
188.37400817871094
 20
416.28509521484375
 10
188.33861142396927
 20
416.30284690856934
 10
188.30364847183228
 20
416.3209934234619
 10
188.26908391714096
 20
416.3396406173706
 10
188.23488235473633
 20
416.35889434814453
 10
188.20100837945938
 20
416.3788604736328
 10
188.16742658615112
 20
416.39964485168457
 10
188.13410156965256
 20
416.4213533401489
 10
188.1009979248047
 20
416.444091796875
  0
LWPOLYLINE
  5
2CC
330
17
100
AcDbEntity
  8
SCHEMATICS
 62
7
100
AcDbPolyline
 90
9
 70
0
 10
188.1009979248047
 20
416.444091796875
 10
188.06823149323463
 20
416.46605908870697
 10
188.03592228889465
 20
416.4886178970337
 10
188.00405833125114
 20
416.5117789506912
 10
187.9726276397705
 20
416.5355529785156
 10
187.94161823391914
 20
416.55995070934296
 10
187.91101813316345
 20
416.5849828720093
 10
187.88081535696983
 20
416.61066019535065
 10
187.8509979248047
 20
416.6369934082031
  0
LWPOLYLINE
  5
2CD
330
17
100
AcDbEntity
  8
SCHEMATICS
 62
7
100
AcDbPolyline
 90
9
 70
0
 10
187.8509979248047
 20
416.6369934082031
 10
187.82160884141922
 20
416.66393250226974
 10
187.79268789291382
 20
416.6914134025574
 10
187.76423543691635
 20
416.7194257378578
 10
187.7362518310547
 20
416.7479591369629
 10
187.7087374329567
 20
416.7770032286644
 10
187.68169260025024
 20
416.80654764175415
 10
187.6551176905632
 20
416.83658200502396
 10
187.62901306152344
 20
416.8670959472656
  0
LWPOLYLINE
  5
2CE
330
17
100
AcDbEntity
  8
SCHEMATICS
 62
7
100
AcDbPolyline
 90
9
 70
0
 10
187.62901306152344
 20
416.8670959472656
 10
187.60379365086555
 20
416.89743745326996
 10
187.5791494846344
 20
416.92834758758545
 10
187.5550921857357
 20
416.9597769975662
 10
187.5316333770752
 20
416.9916763305664
 10
187.5087846815586
 20
417.0239962339401
 10
187.48655772209167
 20
417.0566873550415
 10
187.46496412158012
 20
417.08970034122467
 10
187.4440155029297
 20
417.12298583984375
  0
LWPOLYLINE
  5
2CF
330
17
100
AcDbEntity
  8
SCHEMATICS
 62
7
100
AcDbPolyline
 90
9
 70
0
 10
187.4440155029297
 20
417.12298583984375
 10
187.4332355260849
 20
417.13952070474625
 10
187.42266654968262
 20
417.1560959815979
 10
187.41233217716217
 20
417.1727778315544
 10
187.4022560119629
 20
417.1896324157715
 10
187.3924616575241
 20
417.2067258954048
 10
187.38297271728516
 20
417.2241244316101
 10
187.37381279468536
 20
417.24189418554306
 10
187.36500549316406
 20
417.2601013183594
  0
LWPOLYLINE
  5
2D0
330
17
100
AcDbEntity
  8
SCHEMATICS
 62
7
100
AcDbPolyline
 90
9
 70
0
 10
187.36500549316406
 20
417.2601013183594
 10
187.3554366827011
 20
417.2769807577133
 10
187.34620761871338
 20
417.2944345474243
 10
187.33728325366974
 20
417.3122960329056
 10
187.32862854003906
 20
417.3303985595703
 10
187.32020843029022
 20
417.3485754728317
 10
187.3119878768921
 20
417.366660118103
 10
187.30393183231354
 20
417.3844858407974
 10
187.29600524902344
 20
417.4018859863281
  0
LWPOLYLINE
  5
2D1
330
17
100
AcDbEntity
  8
SCHEMATICS
 62
7
100
AcDbPolyline
 90
9
 70
0
 10
187.29600524902344
 20
417.4018859863281
 10
187.28021076321602
 20
417.43814766407013
 10
187.26508450508118
 20
417.47481632232666
 10
187.25063809752464
 20
417.5118297338486
 10
187.23688316345215
 20
417.5491256713867
 10
187.22383132576942
 20
417.58664190769196
 10
187.2114942073822
 20
417.62431621551514
 10
187.1998834311962
 20
417.6620863676071
 10
187.1890106201172
 20
417.69989013671875
  0
LWPOLYLINE
  5
2D2
330
17
100
AcDbEntity
  8
SCHEMATICS
 62
7
100
AcDbPolyline
 90
9
 70
0
 10
187.1890106201172
 20
417.69989013671875
 10
187.17776024341583
 20
417.7385936975479
 10
187.1672716140747
 20
417.77739810943604
 10
187.15755689144135
 20
417.8163183927536
 10
187.14862823486328
 20
417.8553695678711
 10
187.14049780368805
 20
417.894566655159
 10
187.13317775726318
 20
417.9339246749878
 10
187.12668025493622
 20
417.97345864772797
 10
187.1210174560547
 20
418.01318359375
  0
LWPOLYLINE
  5
2D3
330
17
100
AcDbEntity
  8
SCHEMATICS
 62
7
100
AcDbPolyline
 90
9
 70
0
 10
187.1210174560547
 20
418.01318359375
 10
187.1190560758114
 20
418.031709253788
 10
187.1169650554657
 20
418.0506329536438
 10
187.1148035824299
 20
418.06987208127975
 10
187.1126308441162
 20
418.0893440246582
 10
187.11050602793694
 20
418.1089661717415
 10
187.10848832130432
 20
418.12865591049194
 10
187.10663691163063
 20
418.1483306288719
 10
187.10501098632812
 20
418.16790771484375
  0
LWPOLYLINE
  5
2D4
330
17
100
AcDbEntity
  8
SCHEMATICS
 62
7
100
AcDbPolyline
 90
9
 70
0
 10
210.88900756835938
 20
653.2409973144531
 10
210.882968634367
 20
653.2802771925926
 10
210.8761327266693
 20
653.3193964958191
 10
210.86854687333107
 20
653.3583777546883
 10
210.860258102417
 20
653.3972434997559
 10
210.8513134419918
 20
653.4360162615776
 10
210.84175992012024
 20
653.4747185707092
 10
210.83164456486702
 20
653.5133729577065
 10
210.82101440429688
 20
653.552001953125
  0
LWPOLYLINE
  5
2D5
330
17
100
AcDbEntity
  8
SCHEMATICS
 62
7
100
AcDbPolyline
 90
9
 70
0
 10
210.82101440429688
 20
653.552001953125
 10
210.81038305163383
 20
653.5892059803009
 10
210.7987916469574
 20
653.6265144348145
 10
210.78631010651588
 20
653.6638457775116
 10
210.77300834655762
 20
653.7011184692383
 10
210.75895628333092
 20
653.7382509708405
 10
210.7442238330841
 20
653.7751617431641
 10
210.7288809120655
 20
653.811769247055
 10
210.71299743652344
 20
653.8479919433594
  0
LWPOLYLINE
  5
2D6
330
17
100
AcDbEntity
  8
SCHEMATICS
 62
7
100
AcDbPolyline
 90
9
 70
0
 10
210.71299743652344
 20
653.8479919433594
 10
210.69753858447075
 20
653.8838528394699
 10
210.68118834495544
 20
653.9194211959839
 10
210.66399374604225
 20
653.9546848535538
 10
210.6460018157959
 20
653.989631652832
 10
210.6272595822811
 20
654.0242494344711
 10
210.60781407356262
 20
654.0585260391235
 10
210.58771231770515
 20
654.0924493074417
 10
210.56700134277344
 20
654.1260070800781
  0
LWPOLYLINE
  5
2D7
330
17
100
AcDbEntity
  8
SCHEMATICS
 62
7
100
AcDbPolyline
 90
9
 70
0
 10
210.56700134277344
 20
654.1260070800781
 10
210.54567903280258
 20
654.1595683097839
 10
210.52373552322388
 20
654.1927547454834
 10
210.50120621919632
 20
654.2255663871765
 10
210.4781265258789
 20
654.2580032348633
 10
210.45453184843063
 20
654.2900652885437
 10
210.4304575920105
 20
654.3217525482178
 10
210.4059391617775
 20
654.3530650138855
 10
210.38101196289062
 20
654.3840026855469
  0
LWPOLYLINE
  5
2D8
330
17
100
AcDbEntity
  8
SCHEMATICS
 62
7
100
AcDbPolyline
 90
9
 70
0
 10
210.38101196289062
 20
654.3840026855469
 10
210.35486245155334
 20
654.4135744571686
 10
210.32822227478027
 20
654.4429931640625
 10
210.30116152763367
 20
654.4722001552582
 10
210.27375030517578
 20
654.5011367797852
 10
210.24605870246887
 20
654.529744386673
 10
210.2181568145752
 20
654.5579643249512
 10
210.190114736557
 20
654.5857379436493
 10
210.16200256347656
 20
654.6130065917969
  0
LWPOLYLINE
  5
2D9
330
17
100
AcDbEntity
  8
SCHEMATICS
 62
7
100
AcDbPolyline
 90
9
 70
0
 10
210.16200256347656
 20
654.6130065917969
 10
210.13182079792023
 20
654.6393038630486
 10
210.10127353668213
 20
654.6649813652039
 10
210.0703729391098
 20
654.6900745034218
 10
210.03913116455078
 20
654.7146186828613
 10
210.0075603723526
 20
654.7386493086815
 10
209.9756727218628
 20
654.7622017860413
 10
209.9434803724289
 20
654.7853115200996
 10
209.91099548339844
 20
654.8080139160156
  0
LWPOLYLINE
  5
2DA
330
17
100
AcDbEntity
  8
SCHEMATICS
 62
7
100
AcDbPolyline
 90
9
 70
0
 10
209.91099548339844
 20
654.8080139160156
 10
209.87789556384087
 20
654.8295192718506
 10
209.844562292099
 20
654.8505325317383
 10
209.81094828248024
 20
654.8710308074951
 10
209.777006149292
 20
654.8909912109375
 10
209.74268850684166
 20
654.9103908538818
 10
209.70794796943665
 20
654.9292068481445
 10
209.67273715138435
 20
654.947416305542
 10
209.6370086669922
 20
654.9649963378906
  0
LWPOLYLINE
  5
2DB
330
17
100
AcDbEntity
  8
SCHEMATICS
 62
7
100
AcDbPolyline
 90
9
 70
0
 10
209.6370086669922
 20
654.9649963378906
 10
209.6012410223484
 20
654.982249379158
 10
209.565181016922
 20
654.998776435852
 10
209.52881667017937
 20
655.014601111412
 10
209.4921360015869
 20
655.0297470092773
 10
209.45512703061104
 20
655.0442377328873
 10
209.41777777671814
 20
655.0580968856812
 10
209.38007625937462
 20
655.0713480710983
 10
209.34201049804688
 20
655.0840148925781
  0
LWPOLYLINE
  5
2DC
330
17
100
AcDbEntity
  8
SCHEMATICS
 62
7
100
AcDbPolyline
 90
9
 70
0
 10
209.34201049804688
 20
655.0840148925781
 10
209.30437189340591
 20
655.0963315963745
 10
209.2664761543274
 20
655.1078071594238
 10
209.22834652662277
 20
655.1184415817261
 10
209.19000625610352
 20
655.1282348632812
 10
209.15147858858109
 20
655.1371870040894
 10
209.11278676986694
 20
655.1452980041504
 10
209.07395404577255
 20
655.1525678634644
 10
209.03500366210938
 20
655.1589965820312
  0
LWPOLYLINE
  5
2DD
330
17
100
AcDbEntity
  8
SCHEMATICS
 62
7
100
AcDbPolyline
 90
9
 70
0
 10
209.03500366210938
 20
655.1589965820312
 10
209.01488640904427
 20
655.162726521492
 10
208.99500393867493
 20
655.1663770675659
 10
208.97530922293663
 20
655.1698659658432
 10
208.95575523376465
 20
655.1731109619141
 10
208.93629494309425
 20
655.1760298013687
 10
208.91688132286072
 20
655.1785402297974
 10
208.8974673449993
 20
655.1805599927902
 10
208.8780059814453
 20
655.1820068359375
  0
LWPOLYLINE
  5
2DE
330
17
100
AcDbEntity
  8
SCHEMATICS
 62
7
100
AcDbPolyline
 90
9
 70
0
 10
210.90899658203125
 20
652.8390197753906
 10
210.9083041548729
 20
652.8707904815674
 10
210.9070019721985
 20
652.9023895263672
 10
210.90513688325882
 20
652.9338283538818
 10
210.9027557373047
 20
652.9651184082031
 10
210.89990538358688
 20
652.9962711334229
 10
210.8966326713562
 20
653.0272979736328
 10
210.89298444986343
 20
653.0582103729248
 10
210.88900756835938
 20
653.0890197753906
  0
LWPOLYLINE
  5
2DF
330
17
100
AcDbEntity
  8
SCHEMATICS
 62
7
100
AcDbPolyline
 90
9
 70
0
 10
210.88900756835938
 20
653.0890197753906
 10
210.882968634367
 20
653.128379702568
 10
210.8761327266693
 20
653.1676931381226
 10
210.86854687333107
 20
653.2069135904312
 10
210.860258102417
 20
653.2459945678711
 10
210.8513134419918
 20
653.2848895788193
 10
210.84175992012024
 20
653.3235521316528
 10
210.83164456486702
 20
653.3619357347488
 10
210.82101440429688
 20
653.3999938964844
  0
LWPOLYLINE
  5
2E0
330
17
100
AcDbEntity
  8
SCHEMATICS
 62
7
100
AcDbPolyline
 90
9
 70
0
 10
210.82101440429688
 20
653.3999938964844
 10
210.81038305163383
 20
653.4383909702301
 10
210.7987916469574
 20
653.4763660430908
 10
210.78631010651588
 20
653.5139663219452
 10
210.77300834655762
 20
653.5512390136719
 10
210.75895628333092
 20
653.5882313251495
 10
210.7442238330841
 20
653.6249904632568
 10
210.7288809120655
 20
653.6615636348724
 10
210.71299743652344
 20
653.697998046875
  0
LWPOLYLINE
  5
2E1
330
17
100
AcDbEntity
  8
SCHEMATICS
 62
7
100
AcDbPolyline
 90
9
 70
0
 10
210.71299743652344
 20
653.697998046875
 10
210.69753858447075
 20
653.7341793179512
 10
210.68118834495544
 20
653.7699761390686
 10
210.66399374604225
 20
653.8053759932518
 10
210.6460018157959
 20
653.8403663635254
 10
210.6272595822811
 20
653.874934732914
 10
210.60781407356262
 20
653.9090685844421
 10
210.58771231770515
 20
653.9427554011345
 10
210.56700134277344
 20
653.9759826660156
  0
LWPOLYLINE
  5
2E2
330
17
100
AcDbEntity
  8
SCHEMATICS
 62
7
100
AcDbPolyline
 90
9
 70
0
 10
210.56700134277344
 20
653.9759826660156
 10
210.54567903280258
 20
654.0101557374
 10
210.52373552322388
 20
654.0436596870422
 10
210.50120621919632
 20
654.0764834284782
 10
210.4781265258789
 20
654.1086158752441
 10
210.45453184843063
 20
654.140045940876
 10
210.4304575920105
 20
654.1707625389099
 10
210.4059391617775
 20
654.2007545828819
 10
210.38101196289062
 20
654.2300109863281
  0
LWPOLYLINE
  5
2E3
330
17
100
AcDbEntity
  8
SCHEMATICS
 62
7
100
AcDbPolyline
 90
9
 70
0
 10
210.38101196289062
 20
654.2300109863281
 10
210.35486245155334
 20
654.2614246606827
 10
210.32822227478027
 20
654.2919607162476
 10
210.30116152763367
 20
654.3216770887375
 10
210.27375030517578
 20
654.3506317138672
 10
210.24605870246887
 20
654.3788825273514
 10
210.2181568145752
 20
654.4064874649048
 10
210.190114736557
 20
654.4335044622421
 10
210.16200256347656
 20
654.4599914550781
  0
LWPOLYLINE
  5
2E4
330
17
100
AcDbEntity
  8
SCHEMATICS
 62
7
100
AcDbPolyline
 90
9
 70
0
 10
210.16200256347656
 20
654.4599914550781
 10
210.13182079792023
 20
654.4869948625565
 10
210.10127353668213
 20
654.5132722854614
 10
210.0703729391098
 20
654.5388473272324
 10
210.03913116455078
 20
654.5637435913086
 10
210.0075603723526
 20
654.5879846811295
 10
209.9756727218628
 20
654.6115942001343
 10
209.9434803724289
 20
654.6345957517624
 10
209.91099548339844
 20
654.6570129394531
  0
LWPOLYLINE
  5
2E5
330
17
100
AcDbEntity
  8
SCHEMATICS
 62
7
100
AcDbPolyline
 90
9
 70
0
 10
209.91099548339844
 20
654.6570129394531
 10
209.87789556384087
 20
654.6791398525238
 10
209.844562292099
 20
654.7005386352539
 10
209.81094828248024
 20
654.7212336063385
 10
209.777006149292
 20
654.7412490844727
 10
209.74268850684166
 20
654.7606093883514
 10
209.70794796943665
 20
654.7793388366699
 10
209.67273715138435
 20
654.7974617481232
 10
209.6370086669922
 20
654.8150024414062
  0
LWPOLYLINE
  5
2E6
330
17
100
AcDbEntity
  8
SCHEMATICS
 62
7
100
AcDbPolyline
 90
9
 70
0
 10
209.6370086669922
 20
654.8150024414062
 10
209.6012410223484
 20
654.8319624066353
 10
209.565181016922
 20
654.8483262062073
 10
209.52881667017937
 20
654.8640584349632
 10
209.4921360015869
 20
654.8791236877441
 10
209.45512703061104
 20
654.893486559391
 10
209.41777777671814
 20
654.9071116447449
 10
209.38007625937462
 20
654.9199635386467
 10
209.34201049804688
 20
654.9320068359375
  0
LWPOLYLINE
  5
2E7
330
17
100
AcDbEntity
  8
SCHEMATICS
 62
7
100
AcDbPolyline
 90
9
 70
0
 10
209.34201049804688
 20
654.9320068359375
 10
209.30437189340591
 20
654.944095492363
 10
209.2664761543274
 20
654.9556112289429
 10
209.22834652662277
 20
654.9665418863297
 10
209.19000625610352
 20
654.9768753051758
 10
209.15147858858109
 20
654.9865993261337
 10
209.11278676986694
 20
654.995701789856
 10
209.07395404577255
 20
655.0041705369949
 10
209.03500366210938
 20
655.0119934082031
  0
LWPOLYLINE
  5
2E8
330
17
100
AcDbEntity
  8
SCHEMATICS
 62
7
100
AcDbPolyline
 90
9
 70
0
 10
209.03500366210938
 20
655.0119934082031
 10
208.99571612477303
 20
655.0177490711212
 10
208.95656895637512
 20
655.0229911804199
 10
208.91751512885094
 20
655.0276725292206
 10
208.87850761413574
 20
655.0317459106445
 10
208.8394993841648
 20
655.0351641178131
 10
208.8004434108734
 20
655.0378799438477
 10
208.76129266619682
 20
655.0398461818695
 10
208.7220001220703
 20
655.041015625
  0
LWPOLYLINE
  5
2E9
330
17
100
AcDbEntity
  8
SCHEMATICS
 62
7
100
AcDbPolyline
 90
9
 70
0
 10
210.91099548339844
 20
650.7969818115234
 10
210.91058391332626
 20
650.8366848528385
 10
210.90938806533813
 20
650.8762571811676
 10
210.90746623277664
 20
650.9156639277935
 10
210.90487670898438
 20
650.954870223999
 10
210.90167778730392
 20
650.993841201067
 10
210.89792776107788
 20
651.0325419902802
 10
210.89368492364883
 20
651.0709377229214
 10
210.88900756835938
 20
651.1089935302734
  0
LWPOLYLINE
  5
2EA
330
17
100
AcDbEntity
  8
SCHEMATICS
 62
7
100
AcDbPolyline
 90
9
 70
0
 10
210.88900756835938
 20
651.1089935302734
 10
210.882968634367
 20
651.14894130826
 10
210.8761327266693
 20
651.1885588169098
 10
210.86854687333107
 20
651.2278934419155
 10
210.860258102417
 20
651.2669925689697
 10
210.8513134419918
 20
651.305903583765
 10
210.84175992012024
 20
651.344673871994
 10
210.83164456486702
 20
651.3833508193493
 10
210.82101440429688
 20
651.4219818115234
  0
LWPOLYLINE
  5
2EB
330
17
100
AcDbEntity
  8
SCHEMATICS
 62
7
100
AcDbPolyline
 90
9
 70
0
 10
210.82101440429688
 20
651.4219818115234
 10
210.81038305163383
 20
651.4595169425011
 10
210.7987916469574
 20
651.4970631599426
 10
210.78631010651588
 20
651.5345385670662
 10
210.77300834655762
 20
651.5718612670898
 10
210.75895628333092
 20
651.6089493632317
 10
210.7442238330841
 20
651.6457209587097
 10
210.7288809120655
 20
651.6820941567421
 10
210.71299743652344
 20
651.7179870605469
  0
LWPOLYLINE
  5
2EC
330
17
100
AcDbEntity
  8
SCHEMATICS
 62
7
100
AcDbPolyline
 90
9
 70
0
 10
210.71299743652344
 20
651.7179870605469
 10
210.69753858447075
 20
651.7539375722408
 10
210.68118834495544
 20
651.7897326946259
 10
210.66399374604225
 20
651.8253143131733
 10
210.6460018157959
 20
651.8606243133545
 10
210.6272595822811
 20
651.8956045806408
 10
210.60781407356262
 20
651.9301970005035
 10
210.58771231770515
 20
651.9643434584141
 10
210.56700134277344
 20
651.9979858398438
  0
LWPOLYLINE
  5
2ED
330
17
100
AcDbEntity
  8
SCHEMATICS
 62
7
100
AcDbPolyline
 90
9
 70
0
 10
210.56700134277344
 20
651.9979858398438
 10
210.54567903280258
 20
652.0305662453175
 10
210.52373552322388
 20
652.0630266666412
 10
210.50120621919632
 20
652.0953443944454
 10
210.4781265258789
 20
652.1274967193604
 10
210.45453184843063
 20
652.1594609320164
 10
210.4304575920105
 20
652.1912143230438
 10
210.4059391617775
 20
652.222734183073
 10
210.38101196289062
 20
652.2539978027344
  0
LWPOLYLINE
  5
2EE
330
17
100
AcDbEntity
  8
SCHEMATICS
 62
7
100
AcDbPolyline
 90
9
 70
0
 10
210.38101196289062
 20
652.2539978027344
 10
210.35486245155334
 20
652.2841860949993
 10
210.32822227478027
 20
652.3139865398407
 10
210.30116152763367
 20
652.3433875143528
 10
210.27375030517578
 20
652.3723773956299
 10
210.24605870246887
 20
652.4009445607662
 10
210.2181568145752
 20
652.4290773868561
 10
210.190114736557
 20
652.4567642509937
 10
210.16200256347656
 20
652.4839935302734
  0
LWPOLYLINE
  5
2EF
330
17
100
AcDbEntity
  8
SCHEMATICS
 62
7
100
AcDbPolyline
 90
9
 70
0
 10
210.16200256347656
 20
652.4839935302734
 10
210.131816893816
 20
652.5099677741528
 10
210.10124230384827
 20
652.5354011058807
 10
210.07026752829552
 20
652.5603176653385
 10
210.03888130187988
 20
652.5847415924072
 10
210.0070723593235
 20
652.608697026968
 10
209.9748294353485
 20
652.632208108902
 10
209.94214126467705
 20
652.6552989780903
 10
209.90899658203125
 20
652.6779937744141
  0
LWPOLYLINE
  5
2F0
330
17
100
AcDbEntity
  8
SCHEMATICS
 62
7
100
AcDbPolyline
 90
9
 70
0
 10
209.90899658203125
 20
652.6779937744141
 10
209.87655645608902
 20
652.6995035111904
 10
209.84371900558472
 20
652.7205102443695
 10
209.81046026945114
 20
652.7409787476063
 10
209.7767562866211
 20
652.7608737945557
 10
209.74258309602737
 20
652.7801601588726
 10
209.70791673660278
 20
652.798802614212
 10
209.67273324728012
 20
652.8167659342289
 10
209.6370086669922
 20
652.8340148925781
  0
LWPOLYLINE
  5
2F1
330
17
100
AcDbEntity
  8
SCHEMATICS
 62
7
100
AcDbPolyline
 90
9
 70
0
 10
209.6370086669922
 20
652.8340148925781
 10
209.6012410223484
 20
652.851349234581
 10
209.565181016922
 20
652.8680734634399
 10
209.52881667017937
 20
652.884141087532
 10
209.4921360015869
 20
652.8995056152344
 10
209.45512703061104
 20
652.914120554924
 10
209.41777777671814
 20
652.927939414978
 10
209.38007625937462
 20
652.9409157037735
 10
209.34201049804688
 20
652.9530029296875
  0
LWPOLYLINE
  5
2F2
330
17
100
AcDbEntity
  8
SCHEMATICS
 62
7
100
AcDbPolyline
 90
9
 70
0
 10
209.34201049804688
 20
652.9530029296875
 10
209.30437189340591
 20
652.9650043845177
 10
209.2664761543274
 20
652.9762816429138
 10
209.22834652662277
 20
652.9868572354317
 10
209.19000625610352
 20
652.996753692627
 10
209.15147858858109
 20
653.0059935450554
 10
209.11278676986694
 20
653.0145993232727
 10
209.07395404577255
 20
653.0225935578346
 10
209.03500366210938
 20
653.0299987792969
  0
LWPOLYLINE
  5
2F3
330
17
100
AcDbEntity
  8
SCHEMATICS
 62
7
100
AcDbPolyline
 90
9
 70
0
 10
209.03500366210938
 20
653.0299987792969
 10
208.99571612477303
 20
653.0366228222847
 10
208.95656895637512
 20
653.0423359870911
 10
208.91751512885094
 20
653.0472545027733
 10
208.87850761413574
 20
653.0514945983887
 10
208.8394993841648
 20
653.0551725029945
 10
208.8004434108734
 20
653.0584044456482
 10
208.76129266619682
 20
653.061306655407
 10
208.7220001220703
 20
653.0639953613281
  0
LWPOLYLINE
  5
2F4
330
17
100
AcDbEntity
  8
SCHEMATICS
 62
7
100
AcDbPolyline
 90
9
 70
0
 10
213.17800903320312
 20
442.0820007324219
 10
213.17749723792076
 20
442.0241230726242
 10
213.1759774684906
 20
441.96608448028564
 10
213.17347314953804
 20
441.90800154209137
 10
213.17000770568848
 20
441.84999084472656
 10
213.1656045615673
 20
441.7921689748764
 10
213.16028714179993
 20
441.7346525192261
 10
213.15407887101173
 20
441.67755806446075
 10
213.14700317382812
 20
441.6210021972656
  0
LWPOLYLINE
  5
2F5
330
17
100
AcDbEntity
  8
SCHEMATICS
 62
7
100
AcDbPolyline
 90
9
 70
0
 10
213.14700317382812
 20
441.6210021972656
 10
213.13832673430443
 20
441.5630661249161
 10
213.12878394126892
 20
441.5055742263794
 10
213.11835101246834
 20
441.448490023613
 10
213.1070041656494
 20
441.3917770385742
 10
213.09471961855888
 20
441.3353987932205
 10
213.08147358894348
 20
441.2793188095093
 10
213.06724229454994
 20
441.2235006093979
 10
213.052001953125
 20
441.16790771484375
  0
LWPOLYLINE
  5
2F6
330
17
100
AcDbEntity
  8
SCHEMATICS
 62
7
100
AcDbPolyline
 90
9
 70
0
 10
213.052001953125
 20
441.16790771484375
 10
213.04097890853882
 20
441.1303765773773
 10
213.02964115142822
 20
441.0928211212158
 10
213.01795291900635
 20
441.05529141426086
 10
213.00587844848633
 20
441.01783752441406
 10
212.9933819770813
 20
440.980509519577
 10
212.9804277420044
 20
440.94335746765137
 10
212.96697998046875
 20
440.9064314365387
 10
212.9530029296875
 20
440.8697814941406
  0
LWPOLYLINE
  5
2F7
330
17
100
AcDbEntity
  8
SCHEMATICS
 62
7
100
AcDbPolyline
 90
9
 70
0
 10
208.677001953125
 20
649.0729827880859
 10
207.47804376482964
 20
649.1144845485687
 10
206.27894377708435
 20
649.15576171875
 10
205.07974901795387
 20
649.1968729496002
 10
203.88050651550293
 20
649.2378768920898
 10
202.68126329779625
 20
649.2788321971893
 10
201.48206639289856
 20
649.3197975158691
 10
200.2829628288746
 20
649.3608314990997
 10
199.08399963378906
 20
649.4019927978516
  0
LWPOLYLINE
  5
2F8
330
17
100
AcDbEntity
  8
SCHEMATICS
 62
7
100
AcDbPolyline
 90
9
 70
0
 10
199.08399963378906
 20
649.4019927978516
 10
197.8788873553276
 20
649.4431241154671
 10
196.67401933670044
 20
649.4840769767761
 10
195.4693608880043
 20
649.5249575972557
 10
194.26487731933594
 20
649.5658721923828
 10
193.06053394079208
 20
649.6069269776344
 10
191.85629606246948
 20
649.6482281684875
 10
190.65212899446487
 20
649.6898819804192
 10
189.447998046875
 20
649.7319946289062
  0
LWPOLYLINE
  5
2F9
330
17
100
AcDbEntity
  8
SCHEMATICS
 62
7
100
AcDbPolyline
 90
9
 70
0
 10
189.447998046875
 20
649.7319946289062
 10
189.4061332643032
 20
649.7319653630257
 10
189.36451506614685
 20
649.7317605018616
 10
189.32310822606087
 20
649.7312044501305
 10
189.2818775177002
 20
649.7301216125488
 10
189.24078771471977
 20
649.7283363938332
 10
189.19980359077454
 20
649.7256731987
 10
189.15888991951942
 20
649.7219564318657
 10
189.11801147460938
 20
649.7170104980469
  0
LWPOLYLINE
  5
2FA
330
17
100
AcDbEntity
  8
SCHEMATICS
 62
7
100
AcDbPolyline
 90
9
 70
0
 10
189.11801147460938
 20
649.7170104980469
 10
189.07627910375595
 20
649.7120071947575
 10
189.03502702713013
 20
649.7060663700104
 10
188.99417334794998
 20
649.6992819011211
 10
188.9536361694336
 20
649.6917476654053
 10
188.91333359479904
 20
649.6835575401783
 10
188.8731837272644
 20
649.6748054027557
 10
188.83310467004776
 20
649.6655851304531
 10
188.7930145263672
 20
649.6559906005859
  0
LWPOLYLINE
  5
2FB
330
17
100
AcDbEntity
  8
SCHEMATICS
 62
7
100
AcDbPolyline
 90
9
 70
0
 10
188.7930145263672
 20
649.6559906005859
 10
188.7526929974556
 20
649.6445445120335
 10
188.7127251625061
 20
649.6326658725739
 10
188.6730870604515
 20
649.6202954947948
 10
188.6337547302246
 20
649.6073741912842
 10
188.5947042107582
 20
649.5938427746296
 10
188.5559115409851
 20
649.5796420574188
 10
188.5173527598381
 20
649.5647128522396
 10
188.47900390625
 20
649.5489959716797
  0
LWPOLYLINE
  5
2FC
330
17
100
AcDbEntity
  8
SCHEMATICS
 62
7
100
AcDbPolyline
 90
9
 70
0
 10
188.47900390625
 20
649.5489959716797
 10
188.44127443432808
 20
649.5322498977184
 10
188.40384984016418
 20
649.5149772167206
 10
188.36675319075584
 20
649.4971190989017
 10
188.3300075531006
 20
649.4786167144775
 10
188.29363599419594
 20
649.4594112336636
 10
188.25766158103943
 20
649.4394438266754
 10
188.2221073806286
 20
649.4186556637287
 10
188.18699645996094
 20
649.3969879150391
  0
LWPOLYLINE
  5
2FD
330
17
100
AcDbEntity
  8
SCHEMATICS
 62
7
100
AcDbPolyline
 90
9
 70
0
 10
188.18699645996094
 20
649.3969879150391
 10
188.15161195397377
 20
649.3749984502792
 10
188.1167061328888
 20
649.3524789810181
 10
188.08229133486748
 20
649.3293715715408
 10
188.0483798980713
 20
649.3056182861328
 10
188.0149841606617
 20
649.2811611890793
 10
187.98211646080017
 20
649.2559423446655
 10
187.94978913664818
 20
649.2299038171768
 10
187.9180145263672
 20
649.2029876708984
  0
LWPOLYLINE
  5
2FE
330
17
100
AcDbEntity
  8
SCHEMATICS
 62
7
100
AcDbPolyline
 90
9
 70
0
 10
187.9180145263672
 20
649.2029876708984
 10
187.89964184165
 20
649.188177138567
 10
187.8813054561615
 20
649.1729776859283
 10
187.86304023861885
 20
649.1573780477047
 10
187.84488105773926
 20
649.1413669586182
 10
187.8268627822399
 20
649.1249331533909
 10
187.809020280838
 20
649.108065366745
 10
187.79138842225075
 20
649.0907523334026
 10
187.7740020751953
 20
649.0729827880859
  0
LWPOLYLINE
  5
2FF
330
17
100
AcDbEntity
  8
SCHEMATICS
 62
7
100
AcDbPolyline
 90
9
 70
0
 10
208.4180145263672
 20
423.701904296875
 10
207.7361072897911
 20
423.6772040128708
 10
207.05460023880005
 20
423.6526174545288
 10
206.3734229207039
 20
423.6281553506851
 10
205.6925048828125
 20
423.6038284301758
 10
205.01177567243576
 20
423.57964742183685
 10
204.33116483688354
 20
423.5556230545044
 10
203.65060192346573
 20
423.53176605701447
 10
202.9700164794922
 20
423.5080871582031
  0
LWPOLYLINE
  5
300
330
17
100
AcDbEntity
  8
SCHEMATICS
 62
7
100
AcDbPolyline
 90
9
 70
0
 10
202.9700164794922
 20
423.5080871582031
 10
201.98300871253014
 20
423.4726268053055
 10
200.99599146842957
 20
423.4373846054077
 10
200.008952409029
 20
423.4023298025131
 10
199.021879196167
 20
423.367431640625
 10
198.03475949168205
 20
423.33265936374664
 10
197.04758095741272
 20
423.29798221588135
 10
196.06033125519753
 20
423.2633694410324
 10
195.072998046875
 20
423.2287902832031
  0
LWPOLYLINE
  5
301
330
17
100
AcDbEntity
  8
SCHEMATICS
 62
7
100
AcDbPolyline
 90
9
 70
0
 10
195.072998046875
 20
423.2287902832031
 10
194.38878285884857
 20
423.20412892103195
 10
193.70419216156006
 20
423.17936277389526
 10
193.01931965351105
 20
423.15453869104385
 10
192.33425903320312
 20
423.1297035217285
 10
191.64910399913788
 20
423.10490411520004
 10
190.9639482498169
 20
423.08018732070923
 10
190.27888548374176
 20
423.05559998750687
 10
189.59400939941406
 20
423.03118896484375
  0
LWPOLYLINE
  5
302
330
17
100
AcDbEntity
  8
SCHEMATICS
 62
7
100
AcDbPolyline
 90
9
 70
0
 10
210.90501403808594
 20
650.5319976806641
 10
210.90375047922134
 20
650.5509225428104
 10
210.9022297859192
 20
650.5701401233673
 10
210.90047520399094
 20
650.5895683467388
 10
210.89850997924805
 20
650.6091251373291
 10
210.89635735750198
 20
650.6287284195423
 10
210.8940405845642
 20
650.6482961177826
 10
210.89158290624619
 20
650.6677461564541
 10
210.88900756835938
 20
650.6869964599609
  0
LWPOLYLINE
  5
303
330
17
100
AcDbEntity
  8
SCHEMATICS
 62
7
100
AcDbPolyline
 90
9
 70
0
 10
210.88900756835938
 20
650.6869964599609
 10
210.882968634367
 20
650.7266526818275
 10
210.8761327266693
 20
650.7661461830139
 10
210.86854687333107
 20
650.8055002093315
 10
210.860258102417
 20
650.8447380065918
 10
210.8513134419918
 20
650.8838828206062
 10
210.84175992012024
 20
650.9229578971863
 10
210.83164456486702
 20
650.9619864821434
 10
210.82101440429688
 20
651.0009918212891
  0
LWPOLYLINE
  5
304
330
17
100
AcDbEntity
  8
SCHEMATICS
 62
7
100
AcDbPolyline
 90
9
 70
0
 10
210.82101440429688
 20
651.0009918212891
 10
210.81038305163383
 20
651.0384836792946
 10
210.7987916469574
 20
651.075915813446
 10
210.78631010651588
 20
651.1132299304008
 10
210.77300834655762
 20
651.1503677368164
 10
210.75895628333092
 20
651.1872709393501
 10
210.7442238330841
 20
651.2238812446594
 10
210.7288809120655
 20
651.2601403594017
 10
210.71299743652344
 20
651.2959899902344
  0
LWPOLYLINE
  5
305
330
17
100
AcDbEntity
  8
SCHEMATICS
 62
7
100
AcDbPolyline
 90
9
 70
0
 10
210.71299743652344
 20
651.2959899902344
 10
210.69753858447075
 20
651.3321802020073
 10
210.68118834495544
 20
651.3680081367493
 10
210.66399374604225
 20
651.4034848809242
 10
210.6460018157959
 20
651.4386215209961
 10
210.6272595822811
 20
651.4734291434288
 10
210.60781407356262
 20
651.5079188346863
 10
210.58771231770515
 20
651.5421016812325
 10
210.56700134277344
 20
651.5759887695312
  0
LWPOLYLINE
  5
306
330
17
100
AcDbEntity
  8
SCHEMATICS
 62
7
100
AcDbPolyline
 90
9
 70
0
 10
210.56700134277344
 20
651.5759887695312
 10
210.54567903280258
 20
651.6094724237919
 10
210.52373552322388
 20
651.642462015152
 10
210.50120621919632
 20
651.6750285327435
 10
210.4781265258789
 20
651.7072429656982
 10
210.45453184843063
 20
651.7391763031483
 10
210.4304575920105
 20
651.7708995342255
 10
210.4059391617775
 20
651.8024836480618
 10
210.38101196289062
 20
651.8339996337891
  0
LWPOLYLINE
  5
307
330
17
100
AcDbEntity
  8
SCHEMATICS
 62
7
100
AcDbPolyline
 90
9
 70
0
 10
210.38101196289062
 20
651.8339996337891
 10
210.35486245155334
 20
651.8631531000137
 10
210.32822227478027
 20
651.8920955657959
 10
210.30116152763367
 20
651.9208034276962
 10
210.27375030517578
 20
651.9492530822754
 10
210.24605870246887
 20
651.977420926094
 10
210.2181568145752
 20
652.0052833557129
 10
210.190114736557
 20
652.0328167676926
 10
210.16200256347656
 20
652.0599975585938
  0
LWPOLYLINE
  5
308
330
17
100
AcDbEntity
  8
SCHEMATICS
 62
7
100
AcDbPolyline
 90
9
 70
0
 10
210.16200256347656
 20
652.0599975585938
 10
210.131816893816
 20
652.0863424539566
 10
210.10124230384827
 20
652.112135887146
 10
210.07026752829552
 20
652.1373900175095
 10
210.03888130187988
 20
652.1621170043945
 10
210.0070723593235
 20
652.1863290071487
 10
209.9748294353485
 20
652.2100381851196
 10
209.94214126467705
 20
652.2332566976547
 10
209.90899658203125
 20
652.2559967041016
  0
LWPOLYLINE
  5
309
330
17
100
AcDbEntity
  8
SCHEMATICS
 62
7
100
AcDbPolyline
 90
9
 70
0
 10
209.90899658203125
 20
652.2559967041016
 10
209.87655645608902
 20
652.2780027091503
 10
209.84371900558472
 20
652.2990815639496
 10
209.81046026945114
 20
652.3193389475346
 10
209.7767562866211
 20
652.3388805389404
 10
209.74258309602737
 20
652.3578120172024
 10
209.70791673660278
 20
652.3762390613556
 10
209.67273324728012
 20
652.3942673504353
 10
209.6370086669922
 20
652.4120025634766
  0
LWPOLYLINE
  5
30A
330
17
100
AcDbEntity
  8
SCHEMATICS
 62
7
100
AcDbPolyline
 90
9
 70
0
 10
209.6370086669922
 20
652.4120025634766
 10
209.6012410223484
 20
652.4295460283756
 10
209.565181016922
 20
652.4462206363678
 10
209.52881667017937
 20
652.462097376585
 10
209.4921360015869
 20
652.4772472381592
 10
209.45512703061104
 20
652.4917412102222
 10
209.41777777671814
 20
652.5056502819061
 10
209.38007625937462
 20
652.5190454423428
 10
209.34201049804688
 20
652.5319976806641
  0
LWPOLYLINE
  5
30B
330
17
100
AcDbEntity
  8
SCHEMATICS
 62
7
100
AcDbPolyline
 90
9
 70
0
 10
209.34201049804688
 20
652.5319976806641
 10
209.30437189340591
 20
652.5439622104168
 10
209.2664761543274
 20
652.555141210556
 10
209.22834652662277
 20
652.5655931532383
 10
209.19000625610352
 20
652.5753765106201
 10
209.15147858858109
 20
652.584549754858
 10
209.11278676986694
 20
652.5931713581085
 10
209.07395404577255
 20
652.6012997925282
 10
209.03500366210938
 20
652.6089935302734
  0
LWPOLYLINE
  5
30C
330
17
100
AcDbEntity
  8
SCHEMATICS
 62
7
100
AcDbPolyline
 90
9
 70
0
 10
209.03500366210938
 20
652.6089935302734
 10
208.99571612477303
 20
652.6147943735123
 10
208.95656895637512
 20
652.6201639175415
 10
208.91751512885094
 20
652.625042796135
 10
208.87850761413574
 20
652.6293716430664
 10
208.8394993841648
 20
652.6330910921097
 10
208.8004434108734
 20
652.6361417770386
 10
208.76129266619682
 20
652.6384643316269
 10
208.7220001220703
 20
652.6399993896484
  0
LWPOLYLINE
  5
30D
330
17
100
AcDbEntity
  8
SCHEMATICS
 62
7
100
AcDbPolyline
 90
9
 70
0
 10
187.3260040283203
 20
422.531982421875
 10
187.32783561944962
 20
422.5275572538376
 10
187.32958459854126
 20
422.52336597442627
 10
187.3312627673149
 20
422.5193363428116
 10
187.33288192749023
 20
422.51539611816406
 10
187.3344538807869
 20
422.51147305965424
 10
187.33599042892456
 20
422.50749492645264
 10
187.3375033736229
 20
422.5033894777298
 10
187.33900451660156
 20
422.49908447265625
  0
LWPOLYLINE
  5
30E
330
17
100
AcDbEntity
  8
SCHEMATICS
 62
7
100
AcDbPolyline
 90
9
 70
0
 10
187.33900451660156
 20
422.49908447265625
 10
187.36314198374748
 20
422.44919925928116
 10
187.3882863521576
 20
422.3999466896057
 10
187.41441455483437
 20
422.351315677166
 10
187.44150352478027
 20
422.30329513549805
 10
187.4695301949978
 20
422.25587397813797
 10
187.49847149848938
 20
422.2090411186218
 10
187.52830436825752
 20
422.1627854704857
 10
187.5590057373047
 20
422.1170959472656
  0
LWPOLYLINE
  5
30F
330
17
100
AcDbEntity
  8
SCHEMATICS
 62
7
100
AcDbPolyline
 90
9
 70
0
 10
187.5590057373047
 20
422.1170959472656
 10
187.5890527367592
 20
422.07432413101196
 10
187.61995553970337
 20
422.0323848724365
 10
187.6517259478569
 20
421.991238117218
 10
187.68437576293945
 20
421.95084381103516
 10
187.71791678667068
 20
421.91116189956665
 10
187.75236082077026
 20
421.8721523284912
 10
187.78771966695786
 20
421.83377504348755
 10
187.82400512695312
 20
421.7959899902344
  0
LWPOLYLINE
  5
310
330
17
100
AcDbEntity
  8
SCHEMATICS
 62
7
100
AcDbPolyline
 90
9
 70
0
 10
187.82400512695312
 20
421.7959899902344
 10
187.85788515210152
 20
421.76170963048935
 10
187.8927252292633
 20
421.7277636528015
 10
187.92845544219017
 20
421.69422322511673
 10
187.9650058746338
 20
421.66115951538086
 10
188.00230661034584
 20
421.62864369153976
 10
188.040287733078
 20
421.5967469215393
 10
188.07887932658195
 20
421.56554037332535
 10
188.11801147460938
 20
421.53509521484375
  0
LWPOLYLINE
  5
311
330
17
100
AcDbEntity
  8
SCHEMATICS
 62
7
100
AcDbPolyline
 90
9
 70
0
 10
188.11801147460938
 20
421.53509521484375
 10
188.15578785538673
 20
421.5073273181915
 10
188.1941158771515
 20
421.4802646636963
 10
188.23298355937004
 20
421.45388007164
 10
188.2723789215088
 20
421.4281463623047
 10
188.31228998303413
 20
421.4030363559723
 10
188.35270476341248
 20
421.3785228729248
 10
188.39361128211021
 20
421.3545787334442
 10
188.43499755859375
 20
421.3311767578125
  0
LWPOLYLINE
  5
312
330
17
100
AcDbEntity
  8
SCHEMATICS
 62
7
100
AcDbPolyline
 90
9
 70
0
 10
188.43499755859375
 20
421.3311767578125
 10
188.47497537732124
 20
421.30978643894196
 10
188.51537537574768
 20
421.28925228118896
 10
188.55615052580833
 20
421.26955783367157
 10
188.59725379943848
 20
421.2506866455078
 10
188.63863816857338
 20
421.23262226581573
 10
188.68025660514832
 20
421.2153482437134
 10
188.72206208109856
 20
421.1988481283188
 10
188.76400756835938
 20
421.18310546875
  0
LWPOLYLINE
  5
313
330
17
100
AcDbEntity
  8
SCHEMATICS
 62
7
100
AcDbPolyline
 90
9
 70
0
 10
188.76400756835938
 20
421.18310546875
 10
188.8066749870777
 20
421.16775220632553
 10
188.84922528266907
 20
421.15333127975464
 10
188.89172872900963
 20
421.13981944322586
 10
188.9342555999756
 20
421.12719345092773
 10
188.97687616944313
 20
421.1154300570488
 10
189.01966071128845
 20
421.1045060157776
 10
189.06267949938774
 20
421.09439808130264
 10
189.1060028076172
 20
421.0850830078125
  0
LWPOLYLINE
  5
314
330
17
100
AcDbEntity
  8
SCHEMATICS
 62
7
100
AcDbPolyline
 90
9
 70
0
 10
189.1060028076172
 20
421.0850830078125
 10
189.14785286784172
 20
421.076759159565
 10
189.19010043144226
 20
421.06913805007935
 10
189.23267522454262
 20
421.06225579977036
 10
189.2755069732666
 20
421.05614852905273
 10
189.31852540373802
 20
421.0508523583412
 10
189.3616602420807
 20
421.04640340805054
 10
189.4048412144184
 20
421.04283779859543
 10
189.447998046875
 20
421.0401916503906
  0
LWPOLYLINE
  5
315
330
17
100
AcDbEntity
  8
SCHEMATICS
 62
7
100
AcDbPolyline
 90
9
 70
0
 10
208.7220001220703
 20
421.7268981933594
 10
208.7647030055523
 20
421.73189491033554
 10
208.8073127269745
 20
421.73783826828003
 10
208.84982910752296
 20
421.7447536587715
 10
208.8922519683838
 20
421.7526664733887
 10
208.93458113074303
 20
421.7616021037102
 10
208.97681641578674
 20
421.7715859413147
 10
209.018957644701
 20
421.7826433777809
 10
209.06100463867188
 20
421.7947998046875
  0
LWPOLYLINE
  5
316
330
17
100
AcDbEntity
  8
SCHEMATICS
 62
7
100
AcDbPolyline
 90
9
 70
0
 10
209.06100463867188
 20
421.7947998046875
 10
209.1036977469921
 20
421.80756336450577
 10
209.1462390422821
 20
421.8209481239319
 10
209.18856969475746
 20
421.8349487185478
 10
209.2306308746338
 20
421.84955978393555
 10
209.2723637521267
 20
421.86477595567703
 10
209.31370949745178
 20
421.88059186935425
 10
209.35460928082466
 20
421.89700216054916
 10
209.39500427246094
 20
421.91400146484375
  0
LWPOLYLINE
  5
317
330
17
100
AcDbEntity
  8
SCHEMATICS
 62
7
100
AcDbPolyline
 90
9
 70
0
 10
209.39500427246094
 20
421.91400146484375
 10
209.43587017059326
 20
421.93243050575256
 10
209.47666454315186
 20
421.9517192840576
 10
209.51731729507446
 20
421.9718749523163
 10
209.55775833129883
 20
421.99290466308594
 10
209.5979175567627
 20
422.01481556892395
 10
209.6377248764038
 20
422.0376148223877
 10
209.6771101951599
 20
422.06130957603455
 10
209.71600341796875
 20
422.0859069824219
  0
LWPOLYLINE
  5
318
330
17
100
AcDbEntity
  8
SCHEMATICS
 62
7
100
AcDbPolyline
 90
9
 70
0
 10
209.71600341796875
 20
422.0859069824219
 10
209.7558046579361
 20
422.11209708452225
 10
209.7949857711792
 20
422.1388669013977
 10
209.8335818052292
 20
422.16624397039413
 10
209.8716278076172
 20
422.1942558288574
 10
209.90915882587433
 20
422.22293001413345
 10
209.94620990753174
 20
422.2522940635681
 10
209.98281610012054
 20
422.2823755145073
 10
210.01901245117188
 20
422.3132019042969
  0
LWPOLYLINE
  5
319
330
17
100
AcDbEntity
  8
SCHEMATICS
 62
7
100
AcDbPolyline
 90
9
 70
0
 10
210.01901245117188
 20
422.3132019042969
 10
210.04807111620903
 20
422.3382335305214
 10
210.07675623893738
 20
422.3640522956848
 10
210.10506764054298
 20
422.3905240893364
 10
210.1330051422119
 20
422.4175148010254
 10
210.16056856513023
 20
422.44489032030106
 10
210.187757730484
 20
422.47251653671265
 10
210.2145724594593
 20
422.5002593398094
 10
210.2410125732422
 20
422.5279846191406
  0
LWPOLYLINE
  5
31A
330
17
100
AcDbEntity
  8
SCHEMATICS
 62
7
100
AcDbPolyline
 90
9
 70
0
 10
210.90501403808594
 20
650.0749969482422
 10
210.90375047922134
 20
650.0951161682606
 10
210.9022297859192
 20
650.1150124073029
 10
210.90047520399094
 20
650.1347444951534
 10
210.89850997924805
 20
650.1543712615967
 10
210.89635735750198
 20
650.173951536417
 10
210.8940405845642
 20
650.1935441493988
 10
210.89158290624619
 20
650.2132079303265
 10
210.88900756835938
 20
650.2330017089844
  0
LWPOLYLINE
  5
31B
330
17
100
AcDbEntity
  8
SCHEMATICS
 62
7
100
AcDbPolyline
 90
9
 70
0
 10
210.88900756835938
 20
650.2330017089844
 10
210.882968634367
 20
650.2722387909889
 10
210.8761327266693
 20
650.3112187385559
 10
210.86854687333107
 20
650.3499647974968
 10
210.860258102417
 20
650.388500213623
 10
210.8513134419918
 20
650.4268482327461
 10
210.84175992012024
 20
650.4650321006775
 10
210.83164456486702
 20
650.5030750632286
 10
210.82101440429688
 20
650.5410003662109
  0
LWPOLYLINE
  5
31C
330
17
100
AcDbEntity
  8
SCHEMATICS
 62
7
100
AcDbPolyline
 90
9
 70
0
 10
210.82101440429688
 20
650.5410003662109
 10
210.81038305163383
 20
650.5791489779949
 10
210.7987916469574
 20
650.6170871257782
 10
210.78631010651588
 20
650.6547917425632
 10
210.77300834655762
 20
650.6922397613525
 10
210.75895628333092
 20
650.7294081151485
 10
210.7442238330841
 20
650.7662737369537
 10
210.7288809120655
 20
650.8028135597706
 10
210.71299743652344
 20
650.8390045166016
  0
LWPOLYLINE
  5
31D
330
17
100
AcDbEntity
  8
SCHEMATICS
 62
7
100
AcDbPolyline
 90
9
 70
0
 10
210.71299743652344
 20
650.8390045166016
 10
210.69753858447075
 20
650.8749862909317
 10
210.68118834495544
 20
650.9108743667603
 10
210.66399374604225
 20
650.9465750455856
 10
210.6460018157959
 20
650.9819946289062
 10
210.6272595822811
 20
651.0170394182205
 10
210.60781407356262
 20
651.0516157150269
 10
210.58771231770515
 20
651.0856298208237
 10
210.56700134277344
 20
651.1189880371094
  0
LWPOLYLINE
  5
31E
330
17
100
AcDbEntity
  8
SCHEMATICS
 62
7
100
AcDbPolyline
 90
9
 70
0
 10
210.56700134277344
 20
651.1189880371094
 10
210.54567903280258
 20
651.1523038744926
 10
210.52373552322388
 20
651.1854434013367
 10
210.50120621919632
 20
651.2183247208595
 10
210.4781265258789
 20
651.2508659362793
 10
210.45453184843063
 20
651.282985150814
 10
210.4304575920105
 20
651.3146004676819
 10
210.4059391617775
 20
651.3456299901009
 10
210.38101196289062
 20
651.3759918212891
  0
LWPOLYLINE
  5
31F
330
17
100
AcDbEntity
  8
SCHEMATICS
 62
7
100
AcDbPolyline
 90
9
 70
0
 10
210.38101196289062
 20
651.3759918212891
 10
210.35486245155334
 20
651.406178176403
 10
210.32822227478027
 20
651.4359650611877
 10
210.30116152763367
 20
651.4653292298317
 10
210.27375030517578
 20
651.4942474365234
 10
210.24605870246887
 20
651.5226964354515
 10
210.2181568145752
 20
651.5506529808044
 10
210.190114736557
 20
651.5780938267708
 10
210.16200256347656
 20
651.6049957275391
  0
LWPOLYLINE
  5
320
330
17
100
AcDbEntity
  8
SCHEMATICS
 62
7
100
AcDbPolyline
 90
9
 70
0
 10
210.16200256347656
 20
651.6049957275391
 10
210.131816893816
 20
651.6311295628548
 10
210.10124230384827
 20
651.6569590568542
 10
210.07026752829552
 20
651.6823672652245
 10
210.03888130187988
 20
651.7072372436523
 10
210.0070723593235
 20
651.7314520478249
 10
209.9748294353485
 20
651.754894733429
 10
209.94214126467705
 20
651.7774483561516
 10
209.90899658203125
 20
651.7989959716797
  0
LWPOLYLINE
  5
321
330
17
100
AcDbEntity
  8
SCHEMATICS
 62
7
100
AcDbPolyline
 90
9
 70
0
 10
209.90899658203125
 20
651.7989959716797
 10
209.87655645608902
 20
651.8205056786537
 10
209.84371900558472
 20
651.8415122032166
 10
209.81046026945114
 20
651.8619801402092
 10
209.7767562866211
 20
651.8818740844727
 10
209.74258309602737
 20
651.9011586308479
 10
209.70791673660278
 20
651.919798374176
 10
209.67273324728012
 20
651.9377579092979
 10
209.6370086669922
 20
651.9550018310547
  0
LWPOLYLINE
  5
322
330
17
100
AcDbEntity
  8
SCHEMATICS
 62
7
100
AcDbPolyline
 90
9
 70
0
 10
209.6370086669922
 20
651.9550018310547
 10
209.6012410223484
 20
651.9723774790764
 10
209.565181016922
 20
651.9892020225525
 10
209.52881667017937
 20
652.0053935647011
 10
209.4921360015869
 20
652.0208702087402
 10
209.45512703061104
 20
652.035550057888
 10
209.41777777671814
 20
652.0493512153625
 10
209.38007625937462
 20
652.0621917843819
 10
209.34201049804688
 20
652.0739898681641
  0
LWPOLYLINE
  5
323
330
17
100
AcDbEntity
  8
SCHEMATICS
 62
7
100
AcDbPolyline
 90
9
 70
0
 10
209.34201049804688
 20
652.0739898681641
 10
209.30437189340591
 20
652.0859485566616
 10
209.2664761543274
 20
652.0970866680145
 10
209.22834652662277
 20
652.1074276268482
 10
209.19000625610352
 20
652.1169948577881
 10
209.15147858858109
 20
652.1258117854595
 10
209.11278676986694
 20
652.1339018344879
 10
209.07395404577255
 20
652.1412884294987
 10
209.03500366210938
 20
652.1479949951172
  0
LWPOLYLINE
  5
324
330
17
100
AcDbEntity
  8
SCHEMATICS
 62
7
100
AcDbPolyline
 90
9
 70
0
 10
209.03500366210938
 20
652.1479949951172
 10
208.99571612477303
 20
652.1556067168713
 10
208.95656895637512
 20
652.1620366573334
 10
208.91751512885094
 20
652.1674133837223
 10
208.87850761413574
 20
652.1718654632568
 10
208.8394993841648
 20
652.1755214631557
 10
208.8004434108734
 20
652.1785099506378
 10
208.76129266619682
 20
652.1809594929218
 10
208.7220001220703
 20
652.1829986572266
  0
LWPOLYLINE
  5
325
330
17
100
AcDbEntity
  8
SCHEMATICS
 62
7
100
AcDbPolyline
 90
9
 70
0
 10
208.4969940185547
 20
420.5491027832031
 10
208.52483814954758
 20
420.5508290529251
 10
208.55283212661743
 20
420.5522527694702
 10
208.580941259861
 20
420.5534747838974
 10
208.609130859375
 20
420.5545959472656
 10
208.6373662352562
 20
420.55571711063385
 10
208.66561269760132
 20
420.55693912506104
 10
208.6938355565071
 20
420.55836284160614
 10
208.7220001220703
 20
420.5600891113281
  0
LWPOLYLINE
  5
326
330
17
100
AcDbEntity
  8
SCHEMATICS
 62
7
100
AcDbPolyline
 90
9
 70
0
 10
210.90501403808594
 20
649.5839996337891
 10
210.90375047922134
 20
649.6038269102573
 10
210.9022297859192
 20
649.6235363483429
 10
210.90047520399094
 20
649.6431045234203
 10
210.89850997924805
 20
649.6625080108643
 10
210.89635735750198
 20
649.6817233860493
 10
210.8940405845642
 20
649.70072722435
 10
210.89158290624619
 20
649.719496101141
 10
210.88900756835938
 20
649.7380065917969
  0
LWPOLYLINE
  5
327
330
17
100
AcDbEntity
  8
SCHEMATICS
 62
7
100
AcDbPolyline
 90
9
 70
0
 10
210.88900756835938
 20
649.7380065917969
 10
210.882968634367
 20
649.7770946025848
 10
210.8761327266693
 20
649.8163328170776
 10
210.86854687333107
 20
649.8556869029999
 10
210.860258102417
 20
649.8951225280762
 10
210.8513134419918
 20
649.9346053600311
 10
210.84175992012024
 20
649.9741010665894
 10
210.83164456486702
 20
650.0135753154755
 10
210.82101440429688
 20
650.0529937744141
  0
LWPOLYLINE
  5
328
330
17
100
AcDbEntity
  8
SCHEMATICS
 62
7
100
AcDbPolyline
 90
9
 70
0
 10
210.82101440429688
 20
650.0529937744141
 10
210.81038305163383
 20
650.0901984274387
 10
210.7987916469574
 20
650.1275084018707
 10
210.78631010651588
 20
650.1648416221142
 10
210.77300834655762
 20
650.2021160125732
 10
210.75895628333092
 20
650.239249497652
 10
210.7442238330841
 20
650.2761600017548
 10
210.7288809120655
 20
650.3127654492855
 10
210.71299743652344
 20
650.3489837646484
  0
LWPOLYLINE
  5
329
330
17
100
AcDbEntity
  8
SCHEMATICS
 62
7
100
AcDbPolyline
 90
9
 70
0
 10
210.71299743652344
 20
650.3489837646484
 10
210.69753858447075
 20
650.3845961987972
 10
210.68118834495544
 20
650.4201276302338
 10
210.66399374604225
 20
650.4554956257343
 10
210.6460018157959
 20
650.4906177520752
 10
210.6272595822811
 20
650.5254115760326
 10
210.60781407356262
 20
650.5597946643829
 10
210.58771231770515
 20
650.5936845839024
 10
210.56700134277344
 20
650.6269989013672
  0
LWPOLYLINE
  5
32A
330
17
100
AcDbEntity
  8
SCHEMATICS
 62
7
100
AcDbPolyline
 90
9
 70
0
 10
210.56700134277344
 20
650.6269989013672
 10
210.54567903280258
 20
650.6606038808823
 10
210.52373552322388
 20
650.6938791275024
 10
210.50120621919632
 20
650.7267781496048
 10
210.4781265258789
 20
650.7592544555664
 10
210.45453184843063
 20
650.7912615537643
 10
210.4304575920105
 20
650.8227529525757
 10
210.4059391617775
 20
650.8536821603775
 10
210.38101196289062
 20
650.8840026855469
  0
LWPOLYLINE
  5
32B
330
17
100
AcDbEntity
  8
SCHEMATICS
 62
7
100
AcDbPolyline
 90
9
 70
0
 10
210.38101196289062
 20
650.8840026855469
 10
210.35485658049583
 20
650.9142310321331
 10
210.3281753063202
 20
650.9441287517548
 10
210.3010030090809
 20
650.9736498892307
 10
210.27337455749512
 20
651.0027484893799
 10
210.24532482028008
 20
651.0313785970211
 10
210.21688866615295
 20
651.0594942569733
 10
210.18810096383095
 20
651.0870495140553
 10
210.15899658203125
 20
651.1139984130859
  0
LWPOLYLINE
  5
32C
330
17
100
AcDbEntity
  8
SCHEMATICS
 62
7
100
AcDbPolyline
 90
9
 70
0
 10
210.15899658203125
 20
651.1139984130859
 10
210.12980312108994
 20
651.140259385109
 10
210.09997415542603
 20
651.1658401489258
 10
210.06953364610672
 20
651.1908115148544
 10
210.03850555419922
 20
651.2152442932129
 10
210.00691384077072
 20
651.2392092943192
 10
209.97478246688843
 20
651.2627773284912
 10
209.94213539361954
 20
651.2860192060471
 10
209.90899658203125
 20
651.3090057373047
  0
LWPOLYLINE
  5
32D
330
17
100
AcDbEntity
  8
SCHEMATICS
 62
7
100
AcDbPolyline
 90
9
 70
0
 10
209.90899658203125
 20
651.3090057373047
 10
209.87655645608902
 20
651.3302294313908
 10
209.84371900558472
 20
651.3510992527008
 10
209.81046026945114
 20
651.3715460002422
 10
209.7767562866211
 20
651.3915004730225
 10
209.74258309602737
 20
651.4108934700489
 10
209.70791673660278
 20
651.429655790329
 10
209.67273324728012
 20
651.4477182328701
 10
209.6370086669922
 20
651.4650115966797
  0
LWPOLYLINE
  5
32E
330
17
100
AcDbEntity
  8
SCHEMATICS
 62
7
100
AcDbPolyline
 90
9
 70
0
 10
209.6370086669922
 20
651.4650115966797
 10
209.6012410223484
 20
651.4823026657104
 10
209.565181016922
 20
651.4989128112793
 10
209.52881667017937
 20
651.5148191452026
 10
209.4921360015869
 20
651.5299987792969
 10
209.45512703061104
 20
651.5444288253784
 10
209.41777777671814
 20
651.5580863952637
 10
209.38007625937462
 20
651.570948600769
 10
209.34201049804688
 20
651.5829925537109
  0
LWPOLYLINE
  5
32F
330
17
100
AcDbEntity
  8
SCHEMATICS
 62
7
100
AcDbPolyline
 90
9
 70
0
 10
209.34201049804688
 20
651.5829925537109
 10
209.30437189340591
 20
651.5952423512936
 10
209.2664761543274
 20
651.6065299510956
 10
209.22834652662277
 20
651.616925984621
 10
209.19000625610352
 20
651.626501083374
 10
209.15147858858109
 20
651.6353258788586
 10
209.11278676986694
 20
651.6434710025787
 10
209.07395404577255
 20
651.6510070860386
 10
209.03500366210938
 20
651.6580047607422
  0
LWPOLYLINE
  5
330
330
17
100
AcDbEntity
  8
SCHEMATICS
 62
7
100
AcDbPolyline
 90
9
 70
0
 10
209.03500366210938
 20
651.6580047607422
 10
208.99571612477303
 20
651.6644686162472
 10
208.95656895637512
 20
651.6703593730927
 10
208.91751512885094
 20
651.6756646931171
 10
208.87850761413574
 20
651.6803722381592
 10
208.8394993841648
 20
651.6844696700573
 10
208.8004434108734
 20
651.68794465065
 10
208.76129266619682
 20
651.6907848417759
 10
208.7220001220703
 20
651.6929779052734
  0
LWPOLYLINE
  5
331
330
17
100
AcDbEntity
  8
SCHEMATICS
 62
7
100
AcDbPolyline
 90
9
 70
0
 10
210.88900756835938
 20
649.2150115966797
 10
210.882968634367
 20
649.254042327404
 10
210.8761327266693
 20
649.2931227684021
 10
210.86854687333107
 20
649.3322053551674
 10
210.860258102417
 20
649.3712425231934
 10
210.8513134419918
 20
649.4101867079735
 10
210.84175992012024
 20
649.4489903450012
 10
210.83164456486702
 20
649.48760586977
 10
210.82101440429688
 20
649.5259857177734
  0
LWPOLYLINE
  5
332
330
17
100
AcDbEntity
  8
SCHEMATICS
 62
7
100
AcDbPolyline
 90
9
 70
0
 10
210.82101440429688
 20
649.5259857177734
 10
210.81038305163383
 20
649.5635640919209
 10
210.7987916469574
 20
649.6012241840363
 10
210.78631010651588
 20
649.6388603150845
 10
210.77300834655762
 20
649.6763668060303
 10
210.75895628333092
 20
649.7136379778385
 10
210.7442238330841
 20
649.750568151474
 10
210.7288809120655
 20
649.7870516479015
 10
210.71299743652344
 20
649.8229827880859
  0
LWPOLYLINE
  5
333
330
17
100
AcDbEntity
  8
SCHEMATICS
 62
7
100
AcDbPolyline
 90
9
 70
0
 10
210.71299743652344
 20
649.8229827880859
 10
210.69753858447075
 20
649.8590871393681
 10
210.68118834495544
 20
649.8946888446808
 10
210.66399374604225
 20
649.9298460185528
 10
210.6460018157959
 20
649.9646167755127
 10
210.6272595822811
 20
649.9990592300892
 10
210.60781407356262
 20
650.0332314968109
 10
210.58771231770515
 20
650.0671916902065
 10
210.56700134277344
 20
650.1009979248047
  0
LWPOLYLINE
  5
334
330
17
100
AcDbEntity
  8
SCHEMATICS
 62
7
100
AcDbPolyline
 90
9
 70
0
 10
210.56700134277344
 20
650.1009979248047
 10
210.54567903280258
 20
650.1347643733025
 10
210.52373552322388
 20
650.1678738594055
 10
210.50120621919632
 20
650.2004204392433
 10
210.4781265258789
 20
650.2324981689453
 10
210.45453184843063
 20
650.264201104641
 10
210.4304575920105
 20
650.2956233024597
 10
210.4059391617775
 20
650.326858818531
 10
210.38101196289062
 20
650.3580017089844
  0
LWPOLYLINE
  5
335
330
17
100
AcDbEntity
  8
SCHEMATICS
 62
7
100
AcDbPolyline
 90
9
 70
0
 10
210.38101196289062
 20
650.3580017089844
 10
210.35485658049583
 20
650.3884728252888
 10
210.3281753063202
 20
650.4183933734894
 10
210.3010030090809
 20
650.4477749764919
 10
210.27337455749512
 20
650.4766292572021
 10
210.24532482028008
 20
650.5049678385258
 10
210.21688866615295
 20
650.5328023433685
 10
210.18810096383095
 20
650.5601443946362
 10
210.15899658203125
 20
650.5870056152344
  0
LWPOLYLINE
  5
336
330
17
100
AcDbEntity
  8
SCHEMATICS
 62
7
100
AcDbPolyline
 90
9
 70
0
 10
210.15899658203125
 20
650.5870056152344
 10
210.12980312108994
 20
650.613961160183
 10
210.09997415542603
 20
650.6400952339172
 10
210.06953364610672
 20
650.6654317975044
 10
210.03850555419922
 20
650.6899948120117
 10
210.00691384077072
 20
650.7138082385063
 10
209.97478246688843
 20
650.7368960380554
 10
209.94213539361954
 20
650.7592821717262
 10
209.90899658203125
 20
650.7809906005859
  0
LWPOLYLINE
  5
337
330
17
100
AcDbEntity
  8
SCHEMATICS
 62
7
100
AcDbPolyline
 90
9
 70
0
 10
209.90899658203125
 20
650.7809906005859
 10
209.87655645608902
 20
650.8028003275394
 10
209.84371900558472
 20
650.8239872455597
 10
209.81046026945114
 20
650.8445865809917
 10
209.7767562866211
 20
650.8646335601807
 10
209.74258309602737
 20
650.8841634094715
 10
209.70791673660278
 20
650.9032113552094
 10
209.67273324728012
 20
650.9218126237392
 10
209.6370086669922
 20
650.9400024414062
  0
LWPOLYLINE
  5
338
330
17
100
AcDbEntity
  8
SCHEMATICS
 62
7
100
AcDbPolyline
 90
9
 70
0
 10
209.6370086669922
 20
650.9400024414062
 10
209.6012410223484
 20
650.9565969705582
 10
209.565181016922
 20
650.9726400375366
 10
209.52881667017937
 20
650.9881438016891
 10
209.4921360015869
 20
651.0031204223633
 10
209.45512703061104
 20
651.0175820589066
 10
209.41777777671814
 20
651.0315408706665
 10
209.38007625937462
 20
651.0450090169907
 10
209.34201049804688
 20
651.0579986572266
  0
LWPOLYLINE
  5
339
330
17
100
AcDbEntity
  8
SCHEMATICS
 62
7
100
AcDbPolyline
 90
9
 70
0
 10
209.34201049804688
 20
651.0579986572266
 10
209.30437189340591
 20
651.0694305896759
 10
209.2664761543274
 20
651.0804405212402
 10
209.22834652662277
 20
651.0909812450409
 10
209.19000625610352
 20
651.1010055541992
 10
209.15147858858109
 20
651.1104662418365
 10
209.11278676986694
 20
651.1193161010742
 10
209.07395404577255
 20
651.1275079250336
 10
209.03500366210938
 20
651.1349945068359
  0
LWPOLYLINE
  5
33A
330
17
100
AcDbEntity
  8
SCHEMATICS
 62
7
100
AcDbPolyline
 90
9
 70
0
 10
209.03500366210938
 20
651.1349945068359
 10
208.99571612477303
 20
651.1411232352257
 10
208.95656895637512
 20
651.1467137336731
 10
208.91751512885094
 20
651.1516955494881
 10
208.87850761413574
 20
651.1559982299805
 10
208.8394993841648
 20
651.1595513224602
 10
208.8004434108734
 20
651.1622843742371
 10
208.76129266619682
 20
651.164126932621
 10
208.7220001220703
 20
651.1650085449219
  0
LWPOLYLINE
  5
33B
330
17
100
AcDbEntity
  8
SCHEMATICS
 62
7
100
AcDbPolyline
 90
9
 70
0
 10
208.7220001220703
 20
653.0639953613281
 10
208.00988021492958
 20
653.0873349308968
 10
207.2977955341339
 20
653.1108136177063
 10
206.58578130602837
 20
653.134384572506
 10
205.873872756958
 20
653.1580009460449
 10
205.1621051132679
 20
653.1816158890724
 10
204.4505136013031
 20
653.2051825523376
 10
203.73913344740868
 20
653.2286540865898
 10
203.0279998779297
 20
653.2519836425781
  0
LWPOLYLINE
  5
33C
330
17
100
AcDbEntity
  8
SCHEMATICS
 62
7
100
AcDbPolyline
 90
9
 70
0
 10
203.0279998779297
 20
653.2519836425781
 10
202.3155486881733
 20
653.2752839326859
 10
201.60319066047668
 20
653.2986764907837
 10
200.8909259736538
 20
653.3221620321274
 10
200.17875480651855
 20
653.3457412719727
 10
199.4666773378849
 20
653.3694149255753
 10
198.75469374656677
 20
653.3931837081909
 10
198.0428042113781
 20
653.4170483350754
 10
197.3310089111328
 20
653.4410095214844
  0
LWPOLYLINE
  5
33D
330
17
100
AcDbEntity
  8
SCHEMATICS
 62
7
100
AcDbPolyline
 90
9
 70
0
 10
197.3310089111328
 20
653.4410095214844
 10
196.6192148923874
 20
653.4646334052086
 10
195.9073371887207
 20
653.4882712364197
 10
195.19538795948029
 20
653.5119341015816
 10
194.48337936401367
 20
653.5356330871582
 10
193.7713235616684
 20
653.5593792796135
 10
193.059232711792
 20
653.5831837654114
 10
192.347118973732
 20
653.6070576310158
 10
191.63499450683594
 20
653.6310119628906
  0
LWPOLYLINE
  5
33E
330
17
100
AcDbEntity
  8
SCHEMATICS
 62
7
100
AcDbPolyline
 90
9
 70
0
 10
208.19000244140625
 20
419.97998046875
 10
208.25638011097908
 20
419.9816362261772
 10
208.32276940345764
 20
419.98363065719604
 10
208.38918194174767
 20
419.98589903116226
 10
208.45562934875488
 20
419.98837661743164
 10
208.52212324738503
 20
419.99099868535995
 10
208.58867526054382
 20
419.993700504303
 10
208.655297011137
 20
419.9964173436165
 10
208.7220001220703
 20
419.99908447265625
  0
LWPOLYLINE
  5
33F
330
17
100
AcDbEntity
  8
SCHEMATICS
 62
7
100
AcDbPolyline
 90
9
 70
0
 10
210.71299743652344
 20
649.2630004882812
 10
210.69749727845192
 20
649.2993520200253
 10
210.68104672431946
 20
649.3349874019623
 10
210.66372820734978
 20
649.3700359165668
 10
210.6456241607666
 20
649.4046268463135
 10
210.62681701779366
 20
649.4388894736767
 10
210.60738921165466
 20
649.472953081131
 10
210.58742317557335
 20
649.5069469511509
 10
210.56700134277344
 20
649.5410003662109
  0
LWPOLYLINE
  5
340
330
17
100
AcDbEntity
  8
SCHEMATICS
 62
7
100
AcDbPolyline
 90
9
 70
0
 10
210.56700134277344
 20
649.5410003662109
 10
210.54567903280258
 20
649.5748474299908
 10
210.52373552322388
 20
649.6081435680389
 10
210.50120621919632
 20
649.6409000456333
 10
210.4781265258789
 20
649.6731281280518
 10
210.45453184843063
 20
649.7048390805721
 10
210.4304575920105
 20
649.7360441684723
 10
210.4059391617775
 20
649.7667546570301
 10
210.38101196289062
 20
649.7969818115234
  0
LWPOLYLINE
  5
341
330
17
100
AcDbEntity
  8
SCHEMATICS
 62
7
100
AcDbPolyline
 90
9
 70
0
 10
210.38101196289062
 20
649.7969818115234
 10
210.35485658049583
 20
649.827457934618
 10
210.3281753063202
 20
649.8573820590973
 10
210.3010030090809
 20
649.886765807867
 10
210.27337455749512
 20
649.915620803833
 10
210.24532482028008
 20
649.9439586699009
 10
210.21688866615295
 20
649.9717910289764
 10
210.18810096383095
 20
649.9991295039654
 10
210.15899658203125
 20
650.0259857177734
  0
LWPOLYLINE
  5
342
330
17
100
AcDbEntity
  8
SCHEMATICS
 62
7
100
AcDbPolyline
 90
9
 70
0
 10
210.15899658203125
 20
650.0259857177734
 10
210.12980312108994
 20
650.0529838502407
 10
210.09997415542603
 20
650.0792214870453
 10
210.06953364610672
 20
650.1046862900257
 10
210.03850555419922
 20
650.1293659210205
 10
210.00691384077072
 20
650.1532480418682
 10
209.97478246688843
 20
650.1763203144073
 10
209.94213539361954
 20
650.1985704004765
 10
209.90899658203125
 20
650.2199859619141
  0
LWPOLYLINE
  5
343
330
17
100
AcDbEntity
  8
SCHEMATICS
 62
7
100
AcDbPolyline
 90
9
 70
0
 10
209.90899658203125
 20
650.2199859619141
 10
209.87655645608902
 20
650.2429880797863
 10
209.84371900558472
 20
650.264839887619
 10
209.81046026945114
 20
650.2857057154179
 10
209.7767562866211
 20
650.3057498931885
 10
209.74258309602737
 20
650.3251367509365
 10
209.70791673660278
 20
650.3440306186676
 10
209.67273324728012
 20
650.3625958263874
 10
209.6370086669922
 20
650.3809967041016
  0
LWPOLYLINE
  5
344
330
17
100
AcDbEntity
  8
SCHEMATICS
 62
7
100
AcDbPolyline
 90
9
 70
0
 10
209.6370086669922
 20
650.3809967041016
 10
209.6012410223484
 20
650.3969753086567
 10
209.565181016922
 20
650.4126379489899
 10
209.52881667017937
 20
650.4279490411282
 10
209.4921360015869
 20
650.4428730010986
 10
209.45512703061104
 20
650.4573742449284
 10
209.41777777671814
 20
650.4714171886444
 10
209.38007625937462
 20
650.4849662482738
 10
209.34201049804688
 20
650.4979858398438
  0
LWPOLYLINE
  5
345
330
17
100
AcDbEntity
  8
SCHEMATICS
 62
7
100
AcDbPolyline
 90
9
 70
0
 10
209.34201049804688
 20
650.4979858398438
 10
209.30437189340591
 20
650.5091310739517
 10
209.2664761543274
 20
650.5199937820435
 10
209.22834652662277
 20
650.5304802656174
 10
209.19000625610352
 20
650.5404968261719
 10
209.15147858858109
 20
650.5499497652054
 10
209.11278676986694
 20
650.5587453842163
 10
209.07395404577255
 20
650.5667899847031
 10
209.03500366210938
 20
650.5739898681641
  0
LWPOLYLINE
  5
346
330
17
100
AcDbEntity
  8
SCHEMATICS
 62
7
100
AcDbPolyline
 90
9
 70
0
 10
209.03500366210938
 20
650.5739898681641
 10
208.99571612477303
 20
650.5801675617695
 10
208.95656895637512
 20
650.5858862400055
 10
208.91751512885094
 20
650.591064542532
 10
208.87850761413574
 20
650.5956211090088
 10
208.8394993841648
 20
650.5994745790958
 10
208.8004434108734
 20
650.602543592453
 10
208.76129266619682
 20
650.6047467887402
 10
208.7220001220703
 20
650.6060028076172
  0
LWPOLYLINE
  5
347
330
17
100
AcDbEntity
  8
SCHEMATICS
 62
7
100
AcDbPolyline
 90
9
 70
0
 10
191.63499450683594
 20
418.9119873046875
 10
192.347118973732
 20
418.9354566335678
 10
193.059232711792
 20
418.9587278366089
 10
193.7713235616684
 20
418.981854557991
 10
194.48337936401367
 20
419.00489044189453
 10
195.19538795948029
 20
419.0278891324997
 10
195.9073371887207
 20
419.0509042739868
 10
196.6192148923874
 20
419.0739895105362
 10
197.3310089111328
 20
419.0971984863281
  0
LWPOLYLINE
  5
348
330
17
100
AcDbEntity
  8
SCHEMATICS
 62
7
100
AcDbPolyline
 90
9
 70
0
 10
197.3310089111328
 20
419.0971984863281
 10
198.0428042113781
 20
419.1203601360321
 10
198.75469374656677
 20
419.1435775756836
 10
199.4666773378849
 20
419.16686940193176
 10
200.17875480651855
 20
419.1902542114258
 10
200.8909259736538
 20
419.2137506008148
 10
201.60319066047668
 20
419.23737716674805
 10
202.3155486881733
 20
419.26115250587463
 10
203.0279998779297
 20
419.28509521484375
  0
LWPOLYLINE
  5
349
330
17
100
AcDbEntity
  8
SCHEMATICS
 62
7
100
AcDbPolyline
 90
9
 70
0
 10
203.0279998779297
 20
419.28509521484375
 10
203.73913344740868
 20
419.3077235221863
 10
204.4505136013031
 20
419.33076095581055
 10
205.1621051132679
 20
419.35409021377563
 10
205.873872756958
 20
419.3775939941406
 10
206.58578130602837
 20
419.4011549949646
 10
207.2977955341339
 20
419.42465591430664
 10
208.00988021492958
 20
419.44797945022583
 10
208.7220001220703
 20
419.47100830078125
  0
LWPOLYLINE
  5
34A
330
17
100
AcDbEntity
  8
SCHEMATICS
 62
7
100
AcDbPolyline
 90
9
 70
0
 10
208.7220001220703
 20
652.6399993896484
 10
208.00988021492958
 20
652.6636243760586
 10
207.2977955341339
 20
652.6872384548187
 10
206.58578130602837
 20
652.7108292877674
 10
205.873872756958
 20
652.7343845367432
 10
205.1621051132679
 20
652.7578918635845
 10
204.4505136013031
 20
652.78133893013
 10
203.73913344740868
 20
652.8047133982182
 10
203.0279998779297
 20
652.8280029296875
  0
LWPOLYLINE
  5
34B
330
17
100
AcDbEntity
  8
SCHEMATICS
 62
7
100
AcDbPolyline
 90
9
 70
0
 10
203.0279998779297
 20
652.8280029296875
 10
202.3155486881733
 20
652.8513845205307
 10
201.60319066047668
 20
652.8749742507935
 10
200.8909259736538
 20
652.8987027406693
 10
200.17875480651855
 20
652.9225006103516
 10
199.4666773378849
 20
652.9462984800339
 10
198.75469374656677
 20
652.9700269699097
 10
198.0428042113781
 20
652.9936167001724
 10
197.3310089111328
 20
653.0169982910156
  0
LWPOLYLINE
  5
34C
330
17
100
AcDbEntity
  8
SCHEMATICS
 62
7
100
AcDbPolyline
 90
9
 70
0
 10
197.3310089111328
 20
653.0169982910156
 10
196.6192148923874
 20
653.0405368804932
 10
195.9073371887207
 20
653.0639495849609
 10
195.19538795948029
 20
653.0872936248779
 10
194.48337936401367
 20
653.1106262207031
 10
193.7713235616684
 20
653.1340045928955
 10
193.059232711792
 20
653.1574859619141
 10
192.347118973732
 20
653.1811275482178
 10
191.63499450683594
 20
653.2049865722656
  0
LWPOLYLINE
  5
34D
330
17
100
AcDbEntity
  8
SCHEMATICS
 62
7
100
AcDbPolyline
 90
9
 70
0
 10
191.63499450683594
 20
418.4151916503906
 10
192.347118973732
 20
418.43931955099106
 10
193.059232711792
 20
418.4631667137146
 10
193.7713235616684
 20
418.4868157505989
 10
194.48337936401367
 20
418.51034927368164
 10
195.19538795948029
 20
418.53384989500046
 10
195.9073371887207
 20
418.557400226593
 10
196.6192148923874
 20
418.581082880497
 10
197.3310089111328
 20
418.60498046875
  0
LWPOLYLINE
  5
34E
330
17
100
AcDbEntity
  8
SCHEMATICS
 62
7
100
AcDbPolyline
 90
9
 70
0
 10
197.3310089111328
 20
418.60498046875
 10
198.0428042113781
 20
418.6291370987892
 10
198.75469374656677
 20
418.65303087234497
 10
199.4666773378849
 20
418.6767193675041
 10
200.17875480651855
 20
418.7002601623535
 10
200.8909259736538
 20
418.72371083498
 10
201.60319066047668
 20
418.74712896347046
 10
202.3155486881733
 20
418.7705721259117
 10
203.0279998779297
 20
418.7940979003906
  0
LWPOLYLINE
  5
34F
330
17
100
AcDbEntity
  8
SCHEMATICS
 62
7
100
AcDbPolyline
 90
9
 70
0
 10
203.0279998779297
 20
418.7940979003906
 10
203.73913344740868
 20
418.81767731904984
 10
204.4505136013031
 20
418.84123277664185
 10
205.1621051132679
 20
418.8647488951683
 10
205.873872756958
 20
418.88821029663086
 10
206.58578130602837
 20
418.91160160303116
 10
207.2977955341339
 20
418.93490743637085
 10
208.00988021492958
 20
418.9581124186516
 10
208.7220001220703
 20
418.981201171875
  0
LWPOLYLINE
  5
350
330
17
100
AcDbEntity
  8
SCHEMATICS
 62
7
100
AcDbPolyline
 90
9
 70
0
 10
208.322998046875
 20
420.3139953613281
 10
208.339499771595
 20
420.34296840429306
 10
208.3560004234314
 20
420.3721442222595
 10
208.37250036001205
 20
420.40142518281937
 10
208.38899993896484
 20
420.43071365356445
 10
208.40549951791763
 20
420.45991200208664
 10
208.4219994544983
 20
420.4889225959778
 10
208.4385001063347
 20
420.51764780282974
 10
208.4550018310547
 20
420.5459899902344
  0
LWPOLYLINE
  5
351
330
17
100
AcDbEntity
  8
SCHEMATICS
 62
7
100
AcDbPolyline
 90
9
 70
0
 10
208.4550018310547
 20
420.5459899902344
 10
208.48800787329674
 20
420.60501009225845
 10
208.5210244655609
 20
420.66427659988403
 10
208.5540635883808
 20
420.7237383723259
 10
208.58713722229004
 20
420.7833442687988
 10
208.6202573478222
 20
420.8430431485176
 10
208.65343594551086
 20
420.902783870697
 10
208.68668499588966
 20
420.96251529455185
 10
208.7200164794922
 20
421.0221862792969
  0
LWPOLYLINE
  5
352
330
17
100
AcDbEntity
  8
SCHEMATICS
 62
7
100
AcDbPolyline
 90
9
 70
0
 10
208.7220001220703
 20
420.5600891113281
 10
208.76129266619682
 20
420.56064480543137
 10
208.8004434108734
 20
420.5622630119324
 10
208.8394993841648
 20
420.5648704171181
 10
208.87850761413574
 20
420.5683937072754
 10
208.91751512885094
 20
420.57275956869125
 10
208.95656895637512
 20
420.5778946876526
 10
208.99571612477303
 20
420.5837257504463
 10
209.03500366210938
 20
420.5901794433594
  0
LWPOLYLINE
  5
353
330
17
100
AcDbEntity
  8
SCHEMATICS
 62
7
100
AcDbPolyline
 90
9
 70
0
 10
209.03500366210938
 20
420.5901794433594
 10
209.07395404577255
 20
420.59699761867523
 10
209.11278676986694
 20
420.60477352142334
 10
209.15147858858109
 20
420.61340630054474
 10
209.19000625610352
 20
420.62279510498047
 10
209.22834652662277
 20
420.63283908367157
 10
209.2664761543274
 20
420.6434373855591
 10
209.30437189340591
 20
420.65448915958405
 10
209.34201049804688
 20
420.6658935546875
  0
LWPOLYLINE
  5
354
330
17
100
AcDbEntity
  8
SCHEMATICS
 62
7
100
AcDbPolyline
 90
9
 70
0
 10
209.34201049804688
 20
420.6658935546875
 10
209.38007625937462
 20
420.67909413576126
 10
209.41777777671814
 20
420.6923966407776
 10
209.45512703061104
 20
420.70593732595444
 10
209.4921360015869
 20
420.71985244750977
 10
209.52881667017937
 20
420.73427826166153
 10
209.565181016922
 20
420.7493510246277
 10
209.6012410223484
 20
420.7652069926262
 10
209.6370086669922
 20
420.781982421875
  0
LWPOLYLINE
  5
355
330
17
100
AcDbEntity
  8
SCHEMATICS
 62
7
100
AcDbPolyline
 90
9
 70
0
 10
209.6370086669922
 20
420.781982421875
 10
209.67273324728012
 20
420.80072140693665
 10
209.70791673660278
 20
420.81950759887695
 10
209.74258309602737
 20
420.8384654521942
 10
209.7767562866211
 20
420.8577194213867
 10
209.81046026945114
 20
420.87739396095276
 10
209.84371900558472
 20
420.8976135253906
 10
209.87655645608902
 20
420.9185025691986
 10
209.90899658203125
 20
420.940185546875
  0
LWPOLYLINE
  5
356
330
17
100
AcDbEntity
  8
SCHEMATICS
 62
7
100
AcDbPolyline
 90
9
 70
0
 10
209.90899658203125
 20
420.940185546875
 10
209.94213539361954
 20
420.96286177635193
 10
209.97478246688843
 20
420.9861030578613
 10
210.00691384077072
 20
421.0098822116852
 10
210.03850555419922
 20
421.03417205810547
 10
210.06953364610672
 20
421.0589454174042
 10
210.09997415542603
 20
421.0841751098633
 10
210.12980312108994
 20
421.10983395576477
 10
210.15899658203125
 20
421.1358947753906
  0
LWPOLYLINE
  5
357
330
17
100
AcDbEntity
  8
SCHEMATICS
 62
7
100
AcDbPolyline
 90
9
 70
0
 10
210.15899658203125
 20
421.1358947753906
 10
210.18810096383095
 20
421.16282856464386
 10
210.21688866615295
 20
421.1902894973755
 10
210.24532482028008
 20
421.21826112270355
 10
210.27337455749512
 20
421.2467269897461
 10
210.3010030090809
 20
421.27567064762115
 10
210.3281753063202
 20
421.3050756454468
 10
210.35485658049583
 20
421.334925532341
 10
210.38101196289062
 20
421.3652038574219
  0
LWPOLYLINE
  5
358
330
17
100
AcDbEntity
  8
SCHEMATICS
 62
7
100
AcDbPolyline
 90
9
 70
0
 10
210.38101196289062
 20
421.3652038574219
 10
210.4059391617775
 20
421.39631497859955
 10
210.4304575920105
 20
421.4275827407837
 10
210.45453184843063
 20
421.45905220508575
 10
210.4781265258789
 20
421.4907684326172
 10
210.50120621919632
 20
421.52277648448944
 10
210.52373552322388
 20
421.55512142181396
 10
210.54567903280258
 20
421.5878483057022
 10
210.56700134277344
 20
421.6210021972656
  0
LWPOLYLINE
  5
359
330
17
100
AcDbEntity
  8
SCHEMATICS
 62
7
100
AcDbPolyline
 90
9
 70
0
 10
210.56700134277344
 20
421.6210021972656
 10
210.58742317557335
 20
421.65467166900635
 10
210.60738921165466
 20
421.68883323669434
 10
210.62681701779366
 20
421.72343254089355
 10
210.6456241607666
 20
421.75841522216797
 10
210.66372820734978
 20
421.79372692108154
 10
210.68104672431946
 20
421.82931327819824
 10
210.69749727845192
 20
421.86511993408203
 10
210.71299743652344
 20
421.9010925292969
  0
LWPOLYLINE
  5
35A
330
17
100
AcDbEntity
  8
SCHEMATICS
 62
7
100
AcDbPolyline
 90
9
 70
0
 10
210.71299743652344
 20
421.9010925292969
 10
210.7288809120655
 20
421.93691861629486
 10
210.7442238330841
 20
421.97319889068604
 10
210.75895628333092
 20
422.00990974903107
 10
210.77300834655762
 20
422.0470275878906
 10
210.78631010651588
 20
422.0845288038254
 10
210.7987916469574
 20
422.122389793396
 10
210.81038305163383
 20
422.16058695316315
 10
210.82101440429688
 20
422.1990966796875
  0
LWPOLYLINE
  5
35B
330
17
100
AcDbEntity
  8
SCHEMATICS
 62
7
100
AcDbPolyline
 90
9
 70
0
 10
210.82101440429688
 20
422.1990966796875
 10
210.83164456486702
 20
422.2373842597008
 10
210.84175992012024
 20
422.2757830619812
 10
210.8513134419918
 20
422.31433564424515
 10
210.860258102417
 20
422.353084564209
 10
210.86854687333107
 20
422.3920723795891
 10
210.8761327266693
 20
422.4313416481018
 10
210.882968634367
 20
422.47093492746353
 10
210.88900756835938
 20
422.5108947753906
  0
LWPOLYLINE
  5
35C
330
17
100
AcDbEntity
  8
SCHEMATICS
 62
7
100
AcDbPolyline
 90
9
 70
0
 10
210.88900756835938
 20
422.5108947753906
 10
210.88905215263367
 20
422.5132891535759
 10
210.889178276062
 20
422.5158076286316
 10
210.8893744945526
 20
422.5184226632118
 10
210.88962936401367
 20
422.5211067199707
 10
210.8899314403534
 20
422.52383226156235
 10
210.89026927947998
 20
422.52657175064087
 10
210.89063143730164
 20
422.5292976498604
 10
210.89100646972656
 20
422.531982421875
  0
LWPOLYLINE
  5
35D
330
17
100
AcDbEntity
  8
SCHEMATICS
 62
7
100
AcDbPolyline
 90
9
 70
0
 10
208.7220001220703
 20
419.99908447265625
 10
208.76129266619682
 20
419.9998547434807
 10
208.8004434108734
 20
420.0015444755554
 10
208.8394993841648
 20
420.0041146874428
 10
208.87850761413574
 20
420.0075263977051
 10
208.91751512885094
 20
420.01174062490463
 10
208.95656895637512
 20
420.01671838760376
 10
208.99571612477303
 20
420.0224207043648
 10
209.03500366210938
 20
420.02880859375
  0
LWPOLYLINE
  5
35E
330
17
100
AcDbEntity
  8
SCHEMATICS
 62
7
100
AcDbPolyline
 90
9
 70
0
 10
209.03500366210938
 20
420.02880859375
 10
209.07395404577255
 20
420.0360895395279
 10
209.11278676986694
 20
420.04411792755127
 10
209.15147858858109
 20
420.05284011363983
 10
209.19000625610352
 20
420.0622024536133
 10
209.22834652662277
 20
420.0721513032913
 10
209.2664761543274
 20
420.08263301849365
 10
209.30437189340591
 20
420.09359395504
 10
209.34201049804688
 20
420.10498046875
  0
LWPOLYLINE
  5
35F
330
17
100
AcDbEntity
  8
SCHEMATICS
 62
7
100
AcDbPolyline
 90
9
 70
0
 10
209.34201049804688
 20
420.10498046875
 10
209.38007625937462
 20
420.1183183789253
 10
209.41777777671814
 20
420.13196420669556
 10
209.45512703061104
 20
420.1459855437279
 10
209.4921360015869
 20
420.16044998168945
 10
209.52881667017937
 20
420.17542511224747
 10
209.565181016922
 20
420.1909785270691
 10
209.6012410223484
 20
420.2071778178215
 10
209.6370086669922
 20
420.2240905761719
  0
LWPOLYLINE
  5
360
330
17
100
AcDbEntity
  8
SCHEMATICS
 62
7
100
AcDbPolyline
 90
9
 70
0
 10
209.6370086669922
 20
420.2240905761719
 10
209.67273324728012
 20
420.2413469552994
 10
209.70791673660278
 20
420.25934505462646
 10
209.74258309602737
 20
420.2780684232712
 10
209.7767562866211
 20
420.29750061035156
 10
209.81046026945114
 20
420.31762516498566
 10
209.84371900558472
 20
420.3384256362915
 10
209.87655645608902
 20
420.35988557338715
 10
209.90899658203125
 20
420.3819885253906
  0
LWPOLYLINE
  5
361
330
17
100
AcDbEntity
  8
SCHEMATICS
 62
7
100
AcDbPolyline
 90
9
 70
0
 10
209.90899658203125
 20
420.3819885253906
 10
209.94213539361954
 20
420.40489959716797
 10
209.97478246688843
 20
420.42799949645996
 10
210.00691384077072
 20
420.45136547088623
 10
210.03850555419922
 20
420.4750747680664
 10
210.06953364610672
 20
420.4992046356201
 10
210.09997415542603
 20
420.523832321167
 10
210.12980312108994
 20
420.54903507232666
 10
210.15899658203125
 20
420.57489013671875
  0
LWPOLYLINE
  5
362
330
17
100
AcDbEntity
  8
SCHEMATICS
 62
7
100
AcDbPolyline
 90
9
 70
0
 10
210.15899658203125
 20
420.57489013671875
 10
210.18810096383095
 20
420.6021423339844
 10
210.21688866615295
 20
420.629732131958
 10
210.24532482028008
 20
420.6577425003052
 10
210.27337455749512
 20
420.6862564086914
 10
210.3010030090809
 20
420.7153568267822
 10
210.3281753063202
 20
420.74512672424316
 10
210.35485658049583
 20
420.77564907073975
 10
210.38101196289062
 20
420.8070068359375
  0
LWPOLYLINE
  5
363
330
17
100
AcDbEntity
  8
SCHEMATICS
 62
7
100
AcDbPolyline
 90
9
 70
0
 10
210.38101196289062
 20
420.8070068359375
 10
210.4059391617775
 20
420.8369297385216
 10
210.4304575920105
 20
420.86750173568726
 10
210.45453184843063
 20
420.8986766934395
 10
210.4781265258789
 20
420.9304084777832
 10
210.50120621919632
 20
420.96265095472336
 10
210.52373552322388
 20
420.9953579902649
 10
210.54567903280258
 20
421.02848345041275
 10
210.56700134277344
 20
421.0619812011719
  0
LWPOLYLINE
  5
364
330
17
100
AcDbEntity
  8
SCHEMATICS
 62
7
100
AcDbPolyline
 90
9
 70
0
 10
210.56700134277344
 20
421.0619812011719
 10
210.58771231770515
 20
421.094682097435
 10
210.60781407356262
 20
421.1281976699829
 10
210.6272595822811
 20
421.1623955965042
 10
210.6460018157959
 20
421.1971435546875
 10
210.66399374604225
 20
421.2323092222214
 10
210.68118834495544
 20
421.26776027679443
 10
210.69753858447075
 20
421.3033643960953
 10
210.71299743652344
 20
421.3389892578125
  0
LWPOLYLINE
  5
365
330
17
100
AcDbEntity
  8
SCHEMATICS
 62
7
100
AcDbPolyline
 90
9
 70
0
 10
210.71299743652344
 20
421.3389892578125
 10
210.7288809120655
 20
421.3748664855957
 10
210.7442238330841
 20
421.41128158569336
 10
210.75895628333092
 20
421.4481830596924
 10
210.77300834655762
 20
421.4855194091797
 10
210.78631010651588
 20
421.5232391357422
 10
210.7987916469574
 20
421.5612907409668
 10
210.81038305163383
 20
421.59962272644043
 10
210.82101440429688
 20
421.63818359375
  0
LWPOLYLINE
  5
366
330
17
100
AcDbEntity
  8
SCHEMATICS
 62
7
100
AcDbPolyline
 90
9
 70
0
 10
210.82101440429688
 20
421.63818359375
 10
210.83164456486702
 20
421.67630809545517
 10
210.84175992012024
 20
421.71499013900757
 10
210.8513134419918
 20
421.75409203767776
 10
210.860258102417
 20
421.7934761047363
 10
210.86854687333107
 20
421.8330046534538
 10
210.8761327266693
 20
421.87253999710083
 10
210.882968634367
 20
421.9119444489479
 10
210.88900756835938
 20
421.9510803222656
  0
LWPOLYLINE
  5
367
330
17
100
AcDbEntity
  8
SCHEMATICS
 62
7
100
AcDbPolyline
 90
9
 70
0
 10
210.88900756835938
 20
421.9510803222656
 10
210.89368492364883
 20
421.9895187020302
 10
210.89792776107788
 20
422.02833795547485
 10
210.90167778730392
 20
422.06742972135544
 10
210.90487670898438
 20
422.10668563842773
 10
210.90746623277664
 20
422.14599734544754
 10
210.90938806533813
 20
422.18525648117065
 10
210.91058391332626
 20
422.2243546843529
 10
210.91099548339844
 20
422.26318359375
  0
LWPOLYLINE
  5
368
330
17
100
AcDbEntity
  8
SCHEMATICS
 62
7
100
AcDbPolyline
 90
9
 70
0
 10
189.44500732421875
 20
420.34478759765625
 10
189.47697007656097
 20
420.2872203588486
 10
189.50907230377197
 20
420.22992420196533
 10
189.54126751422882
 20
420.1728698015213
 10
189.5735092163086
 20
420.11602783203125
 10
189.60575091838837
 20
420.05936896800995
 10
189.63794612884521
 20
420.00286388397217
 10
189.6700483560562
 20
419.9464832544327
 10
189.70201110839844
 20
419.89019775390625
  0
LWPOLYLINE
  5
369
330
17
100
AcDbEntity
  8
SCHEMATICS
 62
7
100
AcDbPolyline
 90
9
 70
0
 10
189.70201110839844
 20
419.89019775390625
 10
189.71787813305855
 20
419.86287182569504
 10
189.73332333564758
 20
419.83572721481323
 10
189.748487085104
 20
419.80875355005264
 10
189.7635097503662
 20
419.7819404602051
 10
189.7785317003727
 20
419.75527757406235
 10
189.7936933040619
 20
419.72875452041626
 10
189.80913493037224
 20
419.7023609280586
 10
189.8249969482422
 20
419.67608642578125
  0
LWPOLYLINE
  5
36A
330
17
100
AcDbEntity
  8
SCHEMATICS
 62
7
100
AcDbPolyline
 90
9
 70
0
 10
191.63499450683594
 20
417.9580993652344
 10
192.347118973732
 20
417.9816041588783
 10
193.059232711792
 20
418.00497484207153
 10
193.7713235616684
 20
418.0282546877861
 10
194.48337936401367
 20
418.05148696899414
 10
195.19538795948029
 20
418.07471495866776
 10
195.9073371887207
 20
418.09798192977905
 10
196.6192148923874
 20
418.12133115530014
 10
197.3310089111328
 20
418.1448059082031
  0
LWPOLYLINE
  5
36B
330
17
100
AcDbEntity
  8
SCHEMATICS
 62
7
100
AcDbPolyline
 90
9
 70
0
 10
197.3310089111328
 20
418.1448059082031
 10
198.0428042113781
 20
418.16813242435455
 10
198.75469374656677
 20
418.19149684906006
 10
199.4666773378849
 20
418.21494567394257
 10
200.17875480651855
 20
418.238525390625
 10
200.8909259736538
 20
418.2622824907303
 10
201.60319066047668
 20
418.28626346588135
 10
202.3155486881733
 20
418.3105148077011
 10
203.0279998779297
 20
418.3350830078125
  0
LWPOLYLINE
  5
36C
330
17
100
AcDbEntity
  8
SCHEMATICS
 62
7
100
AcDbPolyline
 90
9
 70
0
 10
203.0279998779297
 20
418.3350830078125
 10
203.73913344740868
 20
418.35863518714905
 10
204.4505136013031
 20
418.3821315765381
 10
205.1621051132679
 20
418.4055907726288
 10
205.873872756958
 20
418.4290313720703
 10
206.58578130602837
 20
418.45247197151184
 10
207.2977955341339
 20
418.47593116760254
 10
208.00988021492958
 20
418.4994275569916
 10
208.7220001220703
 20
418.5229797363281
  0
LWPOLYLINE
  5
36D
330
17
100
AcDbEntity
  8
SCHEMATICS
 62
7
100
AcDbPolyline
 90
9
 70
0
 10
208.7220001220703
 20
419.47100830078125
 10
208.76129266619682
 20
419.47360545396805
 10
208.8004434108734
 20
419.4762673377991
 10
208.8394993841648
 20
419.4791616797447
 10
208.87850761413574
 20
419.4824562072754
 10
208.91751512885094
 20
419.4863186478615
 10
208.95656895637512
 20
419.4909167289734
 10
208.99571612477303
 20
419.4964181780815
 10
209.03500366210938
 20
419.50299072265625
  0
LWPOLYLINE
  5
36E
330
17
100
AcDbEntity
  8
SCHEMATICS
 62
7
100
AcDbPolyline
 90
9
 70
0
 10
209.03500366210938
 20
419.50299072265625
 10
209.07395404577255
 20
419.5100765824318
 10
209.11278676986694
 20
419.5178551673889
 10
209.15147858858109
 20
419.5263640284538
 10
209.19000625610352
 20
419.53564071655273
 10
209.22834652662277
 20
419.54572278261185
 10
209.2664761543274
 20
419.5566477775574
 10
209.30437189340591
 20
419.5684532523155
 10
209.34201049804688
 20
419.5811767578125
  0
LWPOLYLINE
  5
36F
330
17
100
AcDbEntity
  8
SCHEMATICS
 62
7
100
AcDbPolyline
 90
9
 70
0
 10
209.34201049804688
 20
419.5811767578125
 10
209.38007625937462
 20
419.59261506795883
 10
209.41777777671814
 20
419.6051802635193
 10
209.45512703061104
 20
419.61879473924637
 10
209.4921360015869
 20
419.6333808898926
 10
209.52881667017937
 20
419.6488611102104
 10
209.565181016922
 20
419.6651577949524
 10
209.6012410223484
 20
419.682193338871
 10
209.6370086669922
 20
419.69989013671875
  0
LWPOLYLINE
  5
370
330
17
100
AcDbEntity
  8
SCHEMATICS
 62
7
100
AcDbPolyline
 90
9
 70
0
 10
209.6370086669922
 20
419.69989013671875
 10
209.67273324728012
 20
419.71715104579926
 10
209.70791673660278
 20
419.73520374298096
 10
209.74258309602737
 20
419.75395596027374
 10
209.7767562866211
 20
419.7733154296875
 10
209.81046026945114
 20
419.7931898832321
 10
209.84371900558472
 20
419.8134870529175
 10
209.87655645608902
 20
419.8341146707535
 10
209.90899658203125
 20
419.85498046875
  0
LWPOLYLINE
  5
371
330
17
100
AcDbEntity
  8
SCHEMATICS
 62
7
100
AcDbPolyline
 90
9
 70
0
 10
209.90899658203125
 20
419.85498046875
 10
209.94213539361954
 20
419.87743359804153
 10
209.97478246688843
 20
419.9005036354065
 10
210.00691384077072
 20
419.9241551756859
 10
210.03850555419922
 20
419.9483528137207
 10
210.06953364610672
 20
419.97306114435196
 10
210.09997415542603
 20
419.99824476242065
 10
210.12980312108994
 20
420.0238682627678
 10
210.15899658203125
 20
420.0498962402344
  0
LWPOLYLINE
  5
372
330
17
100
AcDbEntity
  8
SCHEMATICS
 62
7
100
AcDbPolyline
 90
9
 70
0
 10
210.15899658203125
 20
420.0498962402344
 10
210.18810096383095
 20
420.07717937231064
 10
210.21688866615295
 20
420.1048369407654
 10
210.24532482028008
 20
420.1329143643379
 10
210.27337455749512
 20
420.1614570617676
 10
210.3010030090809
 20
420.19051045179367
 10
210.3281753063202
 20
420.2201199531555
 10
210.35485658049583
 20
420.25033098459244
 10
210.38101196289062
 20
420.28118896484375
  0
LWPOLYLINE
  5
373
330
17
100
AcDbEntity
  8
SCHEMATICS
 62
7
100
AcDbPolyline
 90
9
 70
0
 10
210.38101196289062
 20
420.28118896484375
 10
210.4059391617775
 20
420.31083595752716
 10
210.4304575920105
 20
420.34140491485596
 10
210.45453184843063
 20
420.3727477788925
 10
210.4781265258789
 20
420.4047164916992
 10
210.50120621919632
 20
420.43716299533844
 10
210.52373552322388
 20
420.46993923187256
 10
210.54567903280258
 20
420.50289714336395
 10
210.56700134277344
 20
420.535888671875
  0
LWPOLYLINE
  5
374
330
17
100
AcDbEntity
  8
SCHEMATICS
 62
7
100
AcDbPolyline
 90
9
 70
0
 10
210.56700134277344
 20
420.535888671875
 10
210.58771231770515
 20
420.5691322684288
 10
210.60781407356262
 20
420.6027216911316
 10
210.6272595822811
 20
420.63666516542435
 10
210.6460018157959
 20
420.67097091674805
 10
210.66399374604225
 20
420.70564717054367
 10
210.68118834495544
 20
420.7407021522522
 10
210.69753858447075
 20
420.7761440873146
 10
210.71299743652344
 20
420.8119812011719
  0
LWPOLYLINE
  5
375
330
17
100
AcDbEntity
  8
SCHEMATICS
 62
7
100
AcDbPolyline
 90
9
 70
0
 10
210.71299743652344
 20
420.8119812011719
 10
210.7288809120655
 20
420.8493581414223
 10
210.7442238330841
 20
420.88656663894653
 10
210.75895628333092
 20
420.92373007535934
 10
210.77300834655762
 20
420.9609718322754
 10
210.78631010651588
 20
420.99841529130936
 10
210.7987916469574
 20
421.0361838340759
 10
210.81038305163383
 20
421.0744008421898
 10
210.82101440429688
 20
421.1131896972656
  0
LWPOLYLINE
  5
376
330
17
100
AcDbEntity
  8
SCHEMATICS
 62
7
100
AcDbPolyline
 90
9
 70
0
 10
210.82101440429688
 20
421.1131896972656
 10
210.83164456486702
 20
421.15109395980835
 10
210.84175992012024
 20
421.18919563293457
 10
210.8513134419918
 20
421.2274775505066
 10
210.860258102417
 20
421.2659225463867
 10
210.86854687333107
 20
421.30451345443726
 10
210.8761327266693
 20
421.3432331085205
 10
210.882968634367
 20
421.3820643424988
 10
210.88900756835938
 20
421.4209899902344
  0
LWPOLYLINE
  5
377
330
17
100
AcDbEntity
  8
SCHEMATICS
 62
7
100
AcDbPolyline
 90
9
 70
0
 10
210.88900756835938
 20
421.4209899902344
 10
210.89158290624619
 20
421.4416996240616
 10
210.8940405845642
 20
421.4619836807251
 10
210.89635735750198
 20
421.48197162151337
 10
210.89850997924805
 20
421.50179290771484
 10
210.90047520399094
 20
421.521577000618
 10
210.9022297859192
 20
421.54145336151123
 10
210.90375047922134
 20
421.56155145168304
 10
210.90501403808594
 20
421.5820007324219
  0
LWPOLYLINE
  5
378
330
17
100
AcDbEntity
  8
SCHEMATICS
 62
7
100
AcDbPolyline
 90
9
 70
0
 10
208.7220001220703
 20
418.981201171875
 10
208.76129266619682
 20
418.9823594093323
 10
208.8004434108734
 20
418.98437309265137
 10
208.8394993841648
 20
418.9871792793274
 10
208.87850761413574
 20
418.99071502685547
 10
208.91751512885094
 20
418.9949173927307
 10
208.95656895637512
 20
418.99972343444824
 10
208.99571612477303
 20
419.0050702095032
 10
209.03500366210938
 20
419.0108947753906
  0
LWPOLYLINE
  5
379
330
17
100
AcDbEntity
  8
SCHEMATICS
 62
7
100
AcDbPolyline
 90
9
 70
0
 10
209.03500366210938
 20
419.0108947753906
 10
209.07395404577255
 20
419.0188126564026
 10
209.11278676986694
 20
419.02733421325684
 10
209.15147858858109
 20
419.0364422798157
 10
209.19000625610352
 20
419.0461196899414
 10
209.22834652662277
 20
419.05634927749634
 10
209.2664761543274
 20
419.0671138763428
 10
209.30437189340591
 20
419.078396320343
 10
209.34201049804688
 20
419.0901794433594
  0
LWPOLYLINE
  5
37A
330
17
100
AcDbEntity
  8
SCHEMATICS
 62
7
100
AcDbPolyline
 90
9
 70
0
 10
209.34201049804688
 20
419.0901794433594
 10
209.38007625937462
 20
419.10220235586166
 10
209.41777777671814
 20
419.11510610580444
 10
209.45512703061104
 20
419.1288188099861
 10
209.4921360015869
 20
419.1432685852051
 10
209.52881667017937
 20
419.15838354825974
 10
209.565181016922
 20
419.1740918159485
 10
209.6012410223484
 20
419.19032150506973
 10
209.6370086669922
 20
419.2070007324219
  0
LWPOLYLINE
  5
37B
330
17
100
AcDbEntity
  8
SCHEMATICS
 62
7
100
AcDbPolyline
 90
9
 70
0
 10
209.6370086669922
 20
419.2070007324219
 10
209.67273324728012
 20
419.2246621251106
 10
209.70791673660278
 20
419.2431035041809
 10
209.74258309602737
 20
419.26224941015244
 10
209.7767562866211
 20
419.2820243835449
 10
209.81046026945114
 20
419.3023529648781
 10
209.84371900558472
 20
419.32315969467163
 10
209.87655645608902
 20
419.3443691134453
 10
209.90899658203125
 20
419.36590576171875
  0
LWPOLYLINE
  5
37C
330
17
100
AcDbEntity
  8
SCHEMATICS
 62
7
100
AcDbPolyline
 90
9
 70
0
 10
209.90899658203125
 20
419.36590576171875
 10
209.94214126467705
 20
419.387774348259
 10
209.9748294353485
 20
419.4104890823364
 10
210.0070723593235
 20
419.43394911289215
 10
210.03888130187988
 20
419.4580535888672
 10
210.07026752829552
 20
419.4827016592026
 10
210.10124230384827
 20
419.50779247283936
 10
210.131816893816
 20
419.53322517871857
 10
210.16200256347656
 20
419.55889892578125
  0
LWPOLYLINE
  5
37D
330
17
100
AcDbEntity
  8
SCHEMATICS
 62
7
100
AcDbPolyline
 90
9
 70
0
 10
210.16200256347656
 20
419.55889892578125
 10
210.190114736557
 20
419.58583801984787
 10
210.2181568145752
 20
419.6133189201355
 10
210.24605870246887
 20
419.64133125543594
 10
210.27375030517578
 20
419.669864654541
 10
210.30116152763367
 20
419.6989087462425
 10
210.32822227478027
 20
419.7284531593323
 10
210.35486245155334
 20
419.7584875226021
 10
210.38101196289062
 20
419.78900146484375
  0
LWPOLYLINE
  5
37E
330
17
100
AcDbEntity
  8
SCHEMATICS
 62
7
100
AcDbPolyline
 90
9
 70
0
 10
210.38101196289062
 20
419.78900146484375
 10
210.4059391617775
 20
419.81937915086746
 10
210.4304575920105
 20
419.85037660598755
 10
210.45453184843063
 20
419.88187831640244
 10
210.4781265258789
 20
419.91376876831055
 10
210.50120621919632
 20
419.9459324479103
 10
210.52373552322388
 20
419.97825384140015
 10
210.54567903280258
 20
420.0106174349785
 10
210.56700134277344
 20
420.04290771484375
  0
LWPOLYLINE
  5
37F
330
17
100
AcDbEntity
  8
SCHEMATICS
 62
7
100
AcDbPolyline
 90
9
 70
0
 10
210.56700134277344
 20
420.04290771484375
 10
210.58771231770515
 20
420.0774368047714
 10
210.60781407356262
 20
420.111927986145
 10
210.6272595822811
 20
420.1464549303055
 10
210.6460018157959
 20
420.18109130859375
 10
210.66399374604225
 20
420.21591079235077
 10
210.68118834495544
 20
420.2509870529175
 10
210.69753858447075
 20
420.2863937616348
 10
210.71299743652344
 20
420.32220458984375
  0
LWPOLYLINE
  5
380
330
17
100
AcDbEntity
  8
SCHEMATICS
 62
7
100
AcDbPolyline
 90
9
 70
0
 10
210.71299743652344
 20
420.32220458984375
 10
210.7288809120655
 20
420.3591460585594
 10
210.7442238330841
 20
420.39597272872925
 10
210.75895628333092
 20
420.43282157182693
 10
210.77300834655762
 20
420.4698295593262
 10
210.78631010651588
 20
420.50713366270065
 10
210.7987916469574
 20
420.5448708534241
 10
210.81038305163383
 20
420.5831781029701
 10
210.82101440429688
 20
420.6221923828125
  0
LWPOLYLINE
  5
381
330
17
100
AcDbEntity
  8
SCHEMATICS
 62
7
100
AcDbPolyline
 90
9
 70
0
 10
210.82101440429688
 20
420.6221923828125
 10
210.83164456486702
 20
420.65982234477997
 10
210.84175992012024
 20
420.697714805603
 10
210.8513134419918
 20
420.73588049411774
 10
210.860258102417
 20
420.77433013916016
 10
210.86854687333107
 20
420.81307446956635
 10
210.8761327266693
 20
420.85212421417236
 10
210.882968634367
 20
420.89149010181427
 10
210.88900756835938
 20
420.9311828613281
  0
LWPOLYLINE
  5
382
330
17
100
AcDbEntity
  8
SCHEMATICS
 62
7
100
AcDbPolyline
 90
9
 70
0
 10
210.88900756835938
 20
420.9311828613281
 10
210.89368492364883
 20
420.9702336192131
 10
210.89792776107788
 20
421.0094313621521
 10
210.90167778730392
 20
421.0487456917763
 10
210.90487670898438
 20
421.0881462097168
 10
210.90746623277664
 20
421.1276025176048
 10
210.90938806533813
 20
421.16708421707153
 10
210.91058391332626
 20
421.2065609097481
 10
210.91099548339844
 20
421.2460021972656
  0
LWPOLYLINE
  5
383
330
17
100
AcDbEntity
  8
SCHEMATICS
 62
7
100
AcDbPolyline
 90
9
 70
0
 10
208.7220001220703
 20
418.5229797363281
 10
208.76129266619682
 20
418.5251912474632
 10
208.8004434108734
 20
418.5280604362488
 10
208.8394993841648
 20
418.5315697789192
 10
208.87850761413574
 20
418.535701751709
 10
208.91751512885094
 20
418.5404388308525
 10
208.95656895637512
 20
418.54576349258423
 10
208.99571612477303
 20
418.5516582131386
 10
209.03500366210938
 20
418.55810546875
  0
LWPOLYLINE
  5
384
330
17
100
AcDbEntity
  8
SCHEMATICS
 62
7
100
AcDbPolyline
 90
9
 70
0
 10
209.03500366210938
 20
418.55810546875
 10
209.07395404577255
 20
418.5650915503502
 10
209.11278676986694
 20
418.5726065635681
 10
209.15147858858109
 20
418.5807073712349
 10
209.19000625610352
 20
418.58945083618164
 10
209.22834652662277
 20
418.59889382123947
 10
209.2664761543274
 20
418.6090931892395
 10
209.30437189340591
 20
418.62010580301285
 10
209.34201049804688
 20
418.6319885253906
  0
LWPOLYLINE
  5
385
330
17
100
AcDbEntity
  8
SCHEMATICS
 62
7
100
AcDbPolyline
 90
9
 70
0
 10
209.34201049804688
 20
418.6319885253906
 10
209.38007625937462
 20
418.6442800164223
 10
209.41777777671814
 20
418.65718698501587
 10
209.45512703061104
 20
418.67077273130417
 10
209.4921360015869
 20
418.6851005554199
 10
209.52881667017937
 20
418.7002337574959
 10
209.565181016922
 20
418.7162356376648
 10
209.6012410223484
 20
418.7331694960594
 10
209.6370086669922
 20
418.7510986328125
  0
LWPOLYLINE
  5
386
330
17
100
AcDbEntity
  8
SCHEMATICS
 62
7
100
AcDbPolyline
 90
9
 70
0
 10
209.6370086669922
 20
418.7510986328125
 10
209.67273324728012
 20
418.7677677869797
 10
209.70791673660278
 20
418.78545475006104
 10
209.74258309602737
 20
418.8040529489517
 10
209.7767562866211
 20
418.8234558105469
 10
209.81046026945114
 20
418.84355676174164
 10
209.84371900558472
 20
418.86424922943115
 10
209.87655645608902
 20
418.88542664051056
 10
209.90899658203125
 20
418.906982421875
  0
LWPOLYLINE
  5
387
330
17
100
AcDbEntity
  8
SCHEMATICS
 62
7
100
AcDbPolyline
 90
9
 70
0
 10
209.90899658203125
 20
418.906982421875
 10
209.94214126467705
 20
418.93010491132736
 10
209.9748294353485
 20
418.95372915267944
 10
210.0070723593235
 20
418.9777675271034
 10
210.03888130187988
 20
419.0021324157715
 10
210.07026752829552
 20
419.0267361998558
 10
210.10124230384827
 20
419.05149126052856
 10
210.131816893816
 20
419.07630997896194
 10
210.16200256347656
 20
419.1011047363281
  0
LWPOLYLINE
  5
388
330
17
100
AcDbEntity
  8
SCHEMATICS
 62
7
100
AcDbPolyline
 90
9
 70
0
 10
210.16200256347656
 20
419.1011047363281
 10
210.190114736557
 20
419.12768828868866
 10
210.2181568145752
 20
419.15499210357666
 10
210.24605870246887
 20
419.18296682834625
 10
210.27375030517578
 20
419.21156311035156
 10
210.30116152763367
 20
419.2407315969467
 10
210.32822227478027
 20
419.27042293548584
 10
210.35486245155334
 20
419.30058777332306
 10
210.38101196289062
 20
419.3311767578125
  0
LWPOLYLINE
  5
389
330
17
100
AcDbEntity
  8
SCHEMATICS
 62
7
100
AcDbPolyline
 90
9
 70
0
 10
210.38101196289062
 20
419.3311767578125
 10
210.4059391617775
 20
419.36264353990555
 10
210.4304575920105
 20
419.39410638809204
 10
210.45453184843063
 20
419.4256758093834
 10
210.4781265258789
 20
419.457462310791
 10
210.50120621919632
 20
419.4895763993263
 10
210.52373552322388
 20
419.52212858200073
 10
210.54567903280258
 20
419.55522936582565
 10
210.56700134277344
 20
419.5889892578125
  0
LWPOLYLINE
  5
38A
330
17
100
AcDbEntity
  8
SCHEMATICS
 62
7
100
AcDbPolyline
 90
9
 70
0
 10
210.56700134277344
 20
419.5889892578125
 10
210.58771231770515
 20
419.62200397253036
 10
210.60781407356262
 20
419.65567350387573
 10
210.6272595822811
 20
419.6899202466011
 10
210.6460018157959
 20
419.724666595459
 10
210.66399374604225
 20
419.7598349452019
 10
210.68118834495544
 20
419.7953476905823
 10
210.69753858447075
 20
419.8311272263527
 10
210.71299743652344
 20
419.8670959472656
  0
LWPOLYLINE
  5
38B
330
17
100
AcDbEntity
  8
SCHEMATICS
 62
7
100
AcDbPolyline
 90
9
 70
0
 10
210.71299743652344
 20
419.8670959472656
 10
210.7288809120655
 20
419.9024515748024
 10
210.7442238330841
 20
419.9386715888977
 10
210.75895628333092
 20
419.97559612989426
 10
210.77300834655762
 20
420.01306533813477
 10
210.78631010651588
 20
420.05091935396194
 10
210.7987916469574
 20
420.0889983177185
 10
210.81038305163383
 20
420.12714236974716
 10
210.82101440429688
 20
420.1651916503906
  0
LWPOLYLINE
  5
38C
330
17
100
AcDbEntity
  8
SCHEMATICS
 62
7
100
AcDbPolyline
 90
9
 70
0
 10
210.82101440429688
 20
420.1651916503906
 10
210.83164456486702
 20
420.20349782705307
 10
210.84175992012024
 20
420.2419924736023
 10
210.8513134419918
 20
420.28067523241043
 10
210.860258102417
 20
420.3195457458496
 10
210.86854687333107
 20
420.35860365629196
 10
210.8761327266693
 20
420.3978486061096
 10
210.882968634367
 20
420.4372802376747
 10
210.88900756835938
 20
420.4768981933594
  0
LWPOLYLINE
  5
38D
330
17
100
AcDbEntity
  8
SCHEMATICS
 62
7
100
AcDbPolyline
 90
9
 70
0
 10
210.88900756835938
 20
420.4768981933594
 10
210.89368492364883
 20
420.51536786556244
 10
210.89792776107788
 20
420.55403995513916
 10
210.90167778730392
 20
420.5928908586502
 10
210.90487670898438
 20
420.63189697265625
 10
210.90746623277664
 20
420.67103469371796
 10
210.90938806533813
 20
420.710280418396
 10
210.91058391332626
 20
420.74961054325104
 10
210.91099548339844
 20
420.78900146484375
  0
LWPOLYLINE
  5
38E
330
17
100
AcDbEntity
  8
SCHEMATICS
 62
7
100
AcDbPolyline
 90
9
 70
0
 10
208.7220001220703
 20
418.1011047363281
 10
208.76129266619682
 20
418.101999938488
 10
208.8004434108734
 20
418.10400342941284
 10
208.8394993841648
 20
418.1069846749306
 10
208.87850761413574
 20
418.11081314086914
 10
208.91751512885094
 20
418.1153582930565
 10
208.95656895637512
 20
418.12048959732056
 10
208.99571612477303
 20
418.1260765194893
 10
209.03500366210938
 20
418.1319885253906
  0
LWPOLYLINE
  5
38F
330
17
100
AcDbEntity
  8
SCHEMATICS
 62
7
100
AcDbPolyline
 90
9
 70
0
 10
209.03500366210938
 20
418.1319885253906
 10
209.07395404577255
 20
418.1395563483238
 10
209.11278676986694
 20
418.1478590965271
 10
209.15147858858109
 20
418.1567876935005
 10
209.19000625610352
 20
418.16623306274414
 10
209.22834652662277
 20
418.176086127758
 10
209.2664761543274
 20
418.18623781204224
 10
209.30437189340591
 20
418.19657903909683
 10
209.34201049804688
 20
418.2070007324219
  0
LWPOLYLINE
  5
390
330
17
100
AcDbEntity
  8
SCHEMATICS
 62
7
100
AcDbPolyline
 90
9
 70
0
 10
209.34201049804688
 20
418.2070007324219
 10
209.38007625937462
 20
418.2207441329956
 10
209.41777777671814
 20
418.235013961792
 10
209.45512703061104
 20
418.2497444152832
 10
209.4921360015869
 20
418.2648696899414
 10
209.52881667017937
 20
418.28032398223877
 10
209.565181016922
 20
418.29604148864746
 10
209.6012410223484
 20
418.31195640563965
 10
209.6370086669922
 20
418.3280029296875
  0
LWPOLYLINE
  5
391
330
17
100
AcDbEntity
  8
SCHEMATICS
 62
7
100
AcDbPolyline
 90
9
 70
0
 10
209.6370086669922
 20
418.3280029296875
 10
209.67273324728012
 20
418.34569454193115
 10
209.70791673660278
 20
418.3641586303711
 10
209.74258309602737
 20
418.38332080841064
 10
209.7767562866211
 20
418.4031066894531
 10
209.81046026945114
 20
418.42344188690186
 10
209.84371900558472
 20
418.44425201416016
 10
209.87655645608902
 20
418.46546268463135
 10
209.90899658203125
 20
418.48699951171875
  0
LWPOLYLINE
  5
392
330
17
100
AcDbEntity
  8
SCHEMATICS
 62
7
100
AcDbPolyline
 90
9
 70
0
 10
209.90899658203125
 20
418.48699951171875
 10
209.94214126467705
 20
418.50793182849884
 10
209.9748294353485
 20
418.5301752090454
 10
210.0070723593235
 20
418.55353009700775
 10
210.03888130187988
 20
418.57779693603516
 10
210.07026752829552
 20
418.6027761697769
 10
210.10124230384827
 20
418.6282682418823
 10
210.131816893816
 20
418.65407359600067
 10
210.16200256347656
 20
418.67999267578125
  0
LWPOLYLINE
  5
393
330
17
100
AcDbEntity
  8
SCHEMATICS
 62
7
100
AcDbPolyline
 90
9
 70
0
 10
210.16200256347656
 20
418.67999267578125
 10
210.190114736557
 20
418.70692801475525
 10
210.2181568145752
 20
418.7343997955322
 10
210.24605870246887
 20
418.7624008655548
 10
210.27375030517578
 20
418.7909240722656
 10
210.30116152763367
 20
418.8199622631073
 10
210.32822227478027
 20
418.84950828552246
 10
210.35486245155334
 20
418.87955498695374
 10
210.38101196289062
 20
418.91009521484375
  0
LWPOLYLINE
  5
394
330
17
100
AcDbEntity
  8
SCHEMATICS
 62
7
100
AcDbPolyline
 90
9
 70
0
 10
210.38101196289062
 20
418.91009521484375
 10
210.4059391617775
 20
418.94048023223877
 10
210.4304575920105
 20
418.9714889526367
 10
210.45453184843063
 20
419.0030241012573
 10
210.4781265258789
 20
419.0349884033203
 10
210.50120621919632
 20
419.0672845840454
 10
210.52373552322388
 20
419.09981536865234
 10
210.54567903280258
 20
419.13248348236084
 10
210.56700134277344
 20
419.1651916503906
  0
LWPOLYLINE
  5
395
330
17
100
AcDbEntity
  8
SCHEMATICS
 62
7
100
AcDbPolyline
 90
9
 70
0
 10
210.56700134277344
 20
419.1651916503906
 10
210.58771231770515
 20
419.1994047164917
 10
210.60781407356262
 20
419.2337837219238
 10
210.6272595822811
 20
419.2683172225952
 10
210.6460018157959
 20
419.30299377441406
 10
210.66399374604225
 20
419.3378019332886
 10
210.68118834495544
 20
419.37273025512695
 10
210.69753858447075
 20
419.4077672958374
 10
210.71299743652344
 20
419.4429016113281
  0
LWPOLYLINE
  5
396
330
17
100
AcDbEntity
  8
SCHEMATICS
 62
7
100
AcDbPolyline
 90
9
 70
0
 10
210.71299743652344
 20
419.4429016113281
 10
210.7288809120655
 20
419.4794300198555
 10
210.7442238330841
 20
419.51609468460083
 10
210.75895628333092
 20
419.55296605825424
 10
210.77300834655762
 20
419.59011459350586
 10
210.78631010651588
 20
419.6276107430458
 10
210.7987916469574
 20
419.6655249595642
 10
210.81038305163383
 20
419.7039276957512
 10
210.82101440429688
 20
419.7428894042969
  0
LWPOLYLINE
  5
397
330
17
100
AcDbEntity
  8
SCHEMATICS
 62
7
100
AcDbPolyline
 90
9
 70
0
 10
210.82101440429688
 20
419.7428894042969
 10
210.83164456486702
 20
419.78107887506485
 10
210.84175992012024
 20
419.81926584243774
 10
210.8513134419918
 20
419.8575136065483
 10
210.860258102417
 20
419.8958854675293
 10
210.86854687333107
 20
419.93444472551346
 10
210.8761327266693
 20
419.97325468063354
 10
210.882968634367
 20
420.0123786330223
 10
210.88900756835938
 20
420.0518798828125
  0
LWPOLYLINE
  5
398
330
17
100
AcDbEntity
  8
SCHEMATICS
 62
7
100
AcDbPolyline
 90
9
 70
0
 10
210.88900756835938
 20
420.0518798828125
 10
210.89368492364883
 20
420.0910128355026
 10
210.89792776107788
 20
420.1301736831665
 10
210.90167778730392
 20
420.16935312747955
 10
210.90487670898438
 20
420.2085418701172
 10
210.90746623277664
 20
420.2477306127548
 10
210.90938806533813
 20
420.28691005706787
 10
210.91058391332626
 20
420.32607090473175
 10
210.91099548339844
 20
420.3652038574219
  0
LWPOLYLINE
  5
399
330
17
100
AcDbEntity
  8
SCHEMATICS
 62
7
100
AcDbPolyline
 90
9
 70
0
 10
208.7220001220703
 20
652.1829986572266
 10
208.00988021492958
 20
652.2066186070442
 10
207.2977955341339
 20
652.2302289009094
 10
206.58578130602837
 20
652.2538170218468
 10
205.873872756958
 20
652.2773704528809
 10
205.1621051132679
 20
652.3008766770363
 10
204.4505136013031
 20
652.3243231773376
 10
203.73913344740868
 20
652.3476974368095
 10
203.0279998779297
 20
652.3709869384766
  0
LWPOLYLINE
  5
39A
330
17
100
AcDbEntity
  8
SCHEMATICS
 62
7
100
AcDbPolyline
 90
9
 70
0
 10
203.0279998779297
 20
652.3709869384766
 10
202.3155486881733
 20
652.3948591649532
 10
201.60319066047668
 20
652.4185073375702
 10
200.8909259736538
 20
652.4419906437397
 10
200.17875480651855
 20
652.465368270874
 10
199.4666773378849
 20
652.4886994063854
 10
198.75469374656677
 20
652.5120432376862
 10
198.0428042113781
 20
652.5354589521885
 10
197.3310089111328
 20
652.5590057373047
  0
LWPOLYLINE
  5
39B
330
17
100
AcDbEntity
  8
SCHEMATICS
 62
7
100
AcDbPolyline
 90
9
 70
0
 10
197.3310089111328
 20
652.5590057373047
 10
196.6192148923874
 20
652.582292675972
 10
195.9073371887207
 20
652.6056518554688
 10
195.19538795948029
 20
652.6290596723557
 10
194.48337936401367
 20
652.6524925231934
 10
193.7713235616684
 20
652.6759268045425
 10
193.059232711792
 20
652.6993389129639
 10
192.347118973732
 20
652.722705245018
 10
191.63499450683594
 20
652.7460021972656
  0
LWPOLYLINE
  5
39C
330
17
100
AcDbEntity
  8
SCHEMATICS
 62
7
100
AcDbPolyline
 90
9
 70
0
 10
191.63499450683594
 20
417.5330810546875
 10
192.347118973732
 20
417.55612617731094
 10
193.059232711792
 20
417.579466342926
 10
193.7713235616684
 20
417.60303896665573
 10
194.48337936401367
 20
417.62678146362305
 10
195.19538795948029
 20
417.65063124895096
 10
195.9073371887207
 20
417.67452573776245
 10
196.6192148923874
 20
417.6984023451805
 10
197.3310089111328
 20
417.7221984863281
  0
LWPOLYLINE
  5
39D
330
17
100
AcDbEntity
  8
SCHEMATICS
 62
7
100
AcDbPolyline
 90
9
 70
0
 10
197.3310089111328
 20
417.7221984863281
 10
198.0428042113781
 20
417.7459169626236
 10
198.75469374656677
 20
417.7698450088501
 10
199.4666773378849
 20
417.79390037059784
 10
200.17875480651855
 20
417.81800079345703
 10
200.8909259736538
 20
417.8420640230179
 10
201.60319066047668
 20
417.8660078048706
 10
202.3155486881733
 20
417.8897498846054
 10
203.0279998779297
 20
417.9132080078125
  0
LWPOLYLINE
  5
39E
330
17
100
AcDbEntity
  8
SCHEMATICS
 62
7
100
AcDbPolyline
 90
9
 70
0
 10
203.0279998779297
 20
417.9132080078125
 10
203.73913344740868
 20
417.9359478354454
 10
204.4505136013031
 20
417.95922231674194
 10
205.1621051132679
 20
417.9828708767891
 10
205.873872756958
 20
418.0067329406738
 10
206.58578130602837
 20
418.0306479334831
 10
207.2977955341339
 20
418.05445528030396
 10
208.00988021492958
 20
418.0779944062233
 10
208.7220001220703
 20
418.1011047363281
  0
LINE
  5
39F
330
17
100
AcDbEntity
  8
SCHEMATICS
 62
7
100
AcDbLine
 10
190.08900451660156
 20
651.4360046386719
 30
0.0
 11
190.08900451660156
 21
651.4360046386719
 31
0.0
  0
LWPOLYLINE
  5
3A0
330
17
100
AcDbEntity
  8
SCHEMATICS
 62
7
100
AcDbPolyline
 90
9
 70
0
 10
190.08900451660156
 20
651.4360046386719
 10
190.08977580070496
 20
651.4356073737144
 10
190.0899133682251
 20
651.4345173835754
 10
190.0895345211029
 20
651.4328873753548
 10
190.0887565612793
 20
651.4308700561523
 10
190.0876967906952
 20
651.4286181330681
 10
190.0864725112915
 20
651.4262843132019
 10
190.08520102500916
 20
651.4240213036537
 10
190.08399963378906
 20
651.4219818115234
  0
LWPOLYLINE
  5
3A1
330
17
100
AcDbEntity
  8
SCHEMATICS
 62
7
100
AcDbPolyline
 90
9
 70
0
 10
190.08399963378906
 20
651.4219818115234
 10
190.08142736554146
 20
651.415725171566
 10
190.07895970344543
 20
651.4103465080261
 10
190.07660827040672
 20
651.4056938290596
 10
190.07438468933105
 20
651.4016151428223
 10
190.07230058312416
 20
651.3979584574699
 10
190.07036757469177
 20
651.3945717811584
 10
190.06859728693962
 20
651.3913031220436
 10
190.06700134277344
 20
651.3880004882812
  0
LWPOLYLINE
  5
3A2
330
17
100
AcDbEntity
  8
SCHEMATICS
 62
7
100
AcDbPolyline
 90
9
 70
0
 10
190.06700134277344
 20
651.3880004882812
 10
190.0636277794838
 20
651.382234364748
 10
190.06024026870728
 20
651.3762123584747
 10
190.05682772397995
 20
651.369957536459
 10
190.0533790588379
 20
651.3634929656982
 10
190.04988318681717
 20
651.3568417131901
 10
190.04632902145386
 20
651.350026845932
 10
190.04270547628403
 20
651.3430714309216
 10
190.03900146484375
 20
651.3359985351562
  0
LWPOLYLINE
  5
3A3
330
17
100
AcDbEntity
  8
SCHEMATICS
 62
7
100
AcDbPolyline
 90
9
 70
0
 10
190.03900146484375
 20
651.3359985351562
 10
190.03450328111649
 20
651.3272121548653
 10
190.03000402450562
 20
651.3187766075134
 10
190.025504052639
 20
651.3105749487877
 10
190.02100372314453
 20
651.302490234375
 10
190.01650339365005
 20
651.2944055199623
 10
190.01200342178345
 20
651.2862038612366
 10
190.00750416517258
 20
651.2777683138847
 10
190.0030059814453
 20
651.2689819335938
  0
LWPOLYLINE
  5
3A4
330
17
100
AcDbEntity
  8
SCHEMATICS
 62
7
100
AcDbPolyline
 90
9
 70
0
 10
190.0030059814453
 20
651.2689819335938
 10
189.99791771173477
 20
651.2591915726662
 10
189.99248933792114
 20
651.2493443489075
 10
189.986849963665
 20
651.2394749522209
 10
189.98112869262695
 20
651.2296180725098
 10
189.97545462846756
 20
651.2198083996773
 10
189.9699568748474
 20
651.2100806236267
 10
189.9647645354271
 20
651.2004694342613
 10
189.9600067138672
 20
651.1910095214844
  0
LINE
  5
3A5
330
17
100
AcDbEntity
  8
SCHEMATICS
 62
7
100
AcDbLine
 10
208.05300903320312
 20
420.35699462890625
 30
0.0
 11
208.05300903320312
 21
420.35699462890625
 31
0.0
  0
LWPOLYLINE
  5
3A6
330
17
100
AcDbEntity
  8
SCHEMATICS
 62
7
100
AcDbPolyline
 90
9
 70
0
 10
208.05300903320312
 20
420.35699462890625
 10
208.0524855852127
 20
420.3567804098129
 10
208.05238342285156
 20
420.35751819610596
 10
208.05265605449677
 20
420.35901272296906
 10
208.0532569885254
 20
420.36106872558594
 10
208.0541397333145
 20
420.3634909391403
 10
208.0552577972412
 20
420.3660840988159
 10
208.05656468868256
 20
420.36865293979645
 10
208.05801391601562
 20
420.3710021972656
  0
LWPOLYLINE
  5
3A7
330
17
100
AcDbEntity
  8
SCHEMATICS
 62
7
100
AcDbPolyline
 90
9
 70
0
 10
208.05801391601562
 20
420.3710021972656
 10
208.0607939362526
 20
420.3760929107666
 10
208.06319952011108
 20
420.3808288574219
 10
208.0653240084648
 20
420.38526725769043
 10
208.0672607421875
 20
420.38946533203125
 10
208.06910306215286
 20
420.3934803009033
 10
208.07094430923462
 20
420.3973693847656
 10
208.0728778243065
 20
420.40118980407715
 10
208.0749969482422
 20
420.4049987792969
  0
LWPOLYLINE
  5
3A8
330
17
100
AcDbEntity
  8
SCHEMATICS
 62
7
100
AcDbPolyline
 90
9
 70
0
 10
208.0749969482422
 20
420.4049987792969
 10
208.07775884866714
 20
420.41124618053436
 10
208.08074140548706
 20
420.4178876876831
 10
208.08388632535934
 20
420.4247623682022
 10
208.0871353149414
 20
420.4317092895508
 10
208.09043008089066
 20
420.4385675191879
 10
208.0937123298645
 20
420.44517612457275
 10
208.09692376852036
 20
420.45137417316437
 10
208.10000610351562
 20
420.4570007324219
  0
LWPOLYLINE
  5
3A9
330
17
100
AcDbEntity
  8
SCHEMATICS
 62
7
100
AcDbPolyline
 90
9
 70
0
 10
208.10000610351562
 20
420.4570007324219
 10
208.10554108023643
 20
420.4665960073471
 10
208.11091208457947
 20
420.47583866119385
 10
208.11614254117012
 20
420.48476803302765
 10
208.1212558746338
 20
420.49342346191406
 10
208.12627550959587
 20
420.50184428691864
 10
208.13122487068176
 20
420.51006984710693
 10
208.13612738251686
 20
420.5181394815445
 10
208.14100646972656
 20
420.5260925292969
  0
LWPOLYLINE
  5
3AA
330
17
100
AcDbEntity
  8
SCHEMATICS
 62
7
100
AcDbPolyline
 90
9
 70
0
 10
208.14100646972656
 20
420.5260925292969
 10
208.1469223201275
 20
420.53685092926025
 10
208.1526963710785
 20
420.54748916625977
 10
208.1583756506443
 20
420.5580644607544
 10
208.16400718688965
 20
420.5686340332031
 10
208.16963800787926
 20
420.57925510406494
 10
208.17531514167786
 20
420.5899848937988
 10
208.18108561635017
 20
420.60088062286377
 10
208.18699645996094
 20
420.61199951171875
  0
LWPOLYLINE
  5
3AB
330
17
100
AcDbEntity
  8
SCHEMATICS
 62
7
100
AcDbPolyline
 90
9
 70
0
 10
208.18800354003906
 20
417.1369934082031
 10
208.10128816962242
 20
417.1346278190613
 10
208.01438307762146
 20
417.1319389343262
 10
207.92728880047798
 20
417.12901544570923
 10
207.8400058746338
 20
417.1259460449219
 10
207.75253483653069
 20
417.12281942367554
 10
207.66487622261047
 20
417.11972427368164
 10
207.57703056931496
 20
417.1167492866516
 10
207.48899841308594
 20
417.1139831542969
  0
LWPOLYLINE
  5
3AC
330
17
100
AcDbEntity
  8
SCHEMATICS
 62
7
100
AcDbPolyline
 90
9
 70
0
 10
207.47100830078125
 20
416.0780029296875
 10
207.62795493006706
 20
416.0828885436058
 10
207.78459811210632
 20
416.0878825187683
 10
207.94100776314735
 20
416.09297877550125
 10
208.09725379943848
 20
416.09817123413086
 10
208.253406137228
 20
416.10345381498337
 10
208.40953469276428
 20
416.108820438385
 10
208.5657093822956
 20
416.114265024662
 10
208.7220001220703
 20
416.1197814941406
  0
LWPOLYLINE
  5
3AD
330
17
100
AcDbEntity
  8
SCHEMATICS
 62
7
100
AcDbPolyline
 90
9
 70
0
 10
208.7220001220703
 20
416.1197814941406
 10
208.76129266619682
 20
416.1223209500313
 10
208.8004434108734
 20
416.12523126602173
 10
208.8394993841648
 20
416.12855714559555
 10
208.87850761413574
 20
416.1323432922363
 10
208.91751512885094
 20
416.13663440942764
 10
208.95656895637512
 20
416.1414752006531
 10
208.99571612477303
 20
416.1469103693962
 10
209.03500366210938
 20
416.1529846191406
  0
LWPOLYLINE
  5
3AE
330
17
100
AcDbEntity
  8
SCHEMATICS
 62
7
100
AcDbPolyline
 90
9
 70
0
 10
209.03500366210938
 20
416.1529846191406
 10
209.07395404577255
 20
416.1601507663727
 10
209.11278676986694
 20
416.1681137084961
 10
209.15147858858109
 20
416.1768262386322
 10
209.19000625610352
 20
416.18624114990234
 10
209.22834652662277
 20
416.19631123542786
 10
209.2664761543274
 20
416.2069892883301
 10
209.30437189340591
 20
416.21822810173035
 10
209.34201049804688
 20
416.22998046875
  0
LWPOLYLINE
  5
3AF
330
17
100
AcDbEntity
  8
SCHEMATICS
 62
7
100
AcDbPolyline
 90
9
 70
0
 10
209.34201049804688
 20
416.22998046875
 10
209.38007625937462
 20
416.24200689792633
 10
209.41777777671814
 20
416.2548952102661
 10
209.45512703061104
 20
416.26863753795624
 10
209.4921360015869
 20
416.2832260131836
 10
209.52881667017937
 20
416.29865276813507
 10
209.565181016922
 20
416.31490993499756
 10
209.6012410223484
 20
416.33198964595795
 10
209.6370086669922
 20
416.3498840332031
  0
LWPOLYLINE
  5
3B0
330
17
100
AcDbEntity
  8
SCHEMATICS
 62
7
100
AcDbPolyline
 90
9
 70
0
 10
209.6370086669922
 20
416.3498840332031
 10
209.67273715138435
 20
416.3668284416199
 10
209.70794796943665
 20
416.38450813293457
 10
209.74268850684166
 20
416.4029402732849
 10
209.777006149292
 20
416.4221420288086
 10
209.81094828248024
 20
416.4421305656433
 10
209.844562292099
 20
416.46292304992676
 10
209.87789556384087
 20
416.48453664779663
 10
209.91099548339844
 20
416.5069885253906
  0
LWPOLYLINE
  5
3B1
330
17
100
AcDbEntity
  8
SCHEMATICS
 62
7
100
AcDbPolyline
 90
9
 70
0
 10
209.91099548339844
 20
416.5069885253906
 10
209.9434803724289
 20
416.52936857938766
 10
209.9756727218628
 20
416.55230474472046
 10
210.0075603723526
 20
416.5757523179054
 10
210.03913116455078
 20
416.599666595459
 10
210.0703729391098
 20
416.62400287389755
 10
210.10127353668213
 20
416.64871644973755
 10
210.13182079792023
 20
416.6737626194954
 10
210.16200256347656
 20
416.6990966796875
  0
LWPOLYLINE
  5
3B2
330
17
100
AcDbEntity
  8
SCHEMATICS
 62
7
100
AcDbPolyline
 90
9
 70
0
 10
210.16200256347656
 20
416.6990966796875
 10
210.190114736557
 20
416.72668290138245
 10
210.2181568145752
 20
416.7546195983887
 10
210.24605870246887
 20
416.7828996181488
 10
210.27375030517578
 20
416.81151580810547
 10
210.30116152763367
 20
416.8404610157013
 10
210.32822227478027
 20
416.8697280883789
 10
210.35486245155334
 20
416.89930987358093
 10
210.38101196289062
 20
416.92919921875
  0
LWPOLYLINE
  5
3B3
330
17
100
AcDbEntity
  8
SCHEMATICS
 62
7
100
AcDbPolyline
 90
9
 70
0
 10
210.38101196289062
 20
416.92919921875
 10
210.4059391617775
 20
416.9607059955597
 10
210.4304575920105
 20
416.99228286743164
 10
210.45453184843063
 20
417.02399706840515
 10
210.4781265258789
 20
417.05591583251953
 10
210.50120621919632
 20
417.0881063938141
 10
210.52373552322388
 20
417.1206359863281
 10
210.54567903280258
 20
417.15357184410095
 10
210.56700134277344
 20
417.1869812011719
  0
LWPOLYLINE
  5
3B4
330
17
100
AcDbEntity
  8
SCHEMATICS
 62
7
100
AcDbPolyline
 90
9
 70
0
 10
210.56700134277344
 20
417.1869812011719
 10
210.58771231770515
 20
417.2208384871483
 10
210.60781407356262
 20
417.25499296188354
 10
210.6272595822811
 20
417.2894614338875
 10
210.6460018157959
 20
417.3242607116699
 10
210.66399374604225
 20
417.3594076037407
 10
210.68118834495544
 20
417.3949189186096
 10
210.69753858447075
 20
417.43081146478653
 10
210.71299743652344
 20
417.46710205078125
  0
LWPOLYLINE
  5
3B5
330
17
100
AcDbEntity
  8
SCHEMATICS
 62
7
100
AcDbPolyline
 90
9
 70
0
 10
210.71299743652344
 20
417.46710205078125
 10
210.7288809120655
 20
417.50264900922775
 10
210.7442238330841
 20
417.5388693809509
 10
210.75895628333092
 20
417.57563549280167
 10
210.77300834655762
 20
417.61281967163086
 10
210.78631010651588
 20
417.6502942442894
 10
210.7987916469574
 20
417.6879315376282
 10
210.81038305163383
 20
417.7256038784981
 10
210.82101440429688
 20
417.76318359375
  0
LWPOLYLINE
  5
3B6
330
17
100
AcDbEntity
  8
SCHEMATICS
 62
7
100
AcDbPolyline
 90
9
 70
0
 10
210.82101440429688
 20
417.76318359375
 10
210.83164456486702
 20
417.8012053370476
 10
210.84175992012024
 20
417.8396201133728
 10
210.8513134419918
 20
417.87835174798965
 10
210.860258102417
 20
417.9173240661621
 10
210.86854687333107
 20
417.95646089315414
 10
210.8761327266693
 20
417.99568605422974
 10
210.882968634367
 20
418.03492337465286
 10
210.88900756835938
 20
418.0740966796875
  0
LWPOLYLINE
  5
3B7
330
17
100
AcDbEntity
  8
SCHEMATICS
 62
7
100
AcDbPolyline
 90
9
 70
0
 10
210.88900756835938
 20
418.0740966796875
 10
210.89368492364883
 20
418.11353796720505
 10
210.89792776107788
 20
418.1529974937439
 10
210.90167778730392
 20
418.19241911172867
 10
210.90487670898438
 20
418.231746673584
 10
210.90746623277664
 20
418.27092403173447
 10
210.90938806533813
 20
418.30989503860474
 10
210.91058391332626
 20
418.3486035466194
 10
210.91099548339844
 20
418.3869934082031
  0
LWPOLYLINE
  5
3B8
330
17
100
AcDbEntity
  8
SCHEMATICS
 62
7
100
AcDbPolyline
 90
9
 70
0
 10
208.7220001220703
 20
651.6929779052734
 10
208.00988021492958
 20
651.7159494459629
 10
207.2977955341339
 20
651.7390835285187
 10
206.58578130602837
 20
651.7623567283154
 10
205.873872756958
 20
651.7857456207275
 10
205.1621051132679
 20
651.8092267811298
 10
204.4505136013031
 20
651.8327767848969
 10
203.73913344740868
 20
651.8563722074032
 10
203.0279998779297
 20
651.8799896240234
  0
LWPOLYLINE
  5
3B9
330
17
100
AcDbEntity
  8
SCHEMATICS
 62
7
100
AcDbPolyline
 90
9
 70
0
 10
203.0279998779297
 20
651.8799896240234
 10
202.3155486881733
 20
651.9023007452488
 10
201.60319066047668
 20
651.9249374866486
 10
200.8909259736538
 20
651.9478535354137
 10
200.17875480651855
 20
651.9710025787354
 10
199.4666773378849
 20
651.9943383038044
 10
198.75469374656677
 20
652.0178143978119
 10
198.0428042113781
 20
652.0413845479488
 10
197.3310089111328
 20
652.0650024414062
  0
LWPOLYLINE
  5
3BA
330
17
100
AcDbEntity
  8
SCHEMATICS
 62
7
100
AcDbPolyline
 90
9
 70
0
 10
197.3310089111328
 20
652.0650024414062
 10
196.6192148923874
 20
652.0882943868637
 10
195.9073371887207
 20
652.1116571426392
 10
195.19538795948029
 20
652.1350671052933
 10
194.48337936401367
 20
652.1585006713867
 10
193.7713235616684
 20
652.1819342374802
 10
193.059232711792
 20
652.2053442001343
 10
192.347118973732
 20
652.2287069559097
 10
191.63499450683594
 20
652.2519989013672
  0
LWPOLYLINE
  5
3BB
330
17
100
AcDbEntity
  8
SCHEMATICS
 62
7
100
AcDbPolyline
 90
9
 70
0
 10
208.18699645996094
 20
650.5509948730469
 10
208.18108561635017
 20
650.5617820322514
 10
208.17531514167786
 20
650.5724041461945
 10
208.16963800787926
 20
650.5828849971294
 10
208.16400718688965
 20
650.5932483673096
 10
208.1583756506443
 20
650.6035180389881
 10
208.1526963710785
 20
650.6137177944183
 10
208.1469223201275
 20
650.6238714158535
 10
208.14100646972656
 20
650.6340026855469
  0
LWPOLYLINE
  5
3BC
330
17
100
AcDbEntity
  8
SCHEMATICS
 62
7
100
AcDbPolyline
 90
9
 70
0
 10
208.14100646972656
 20
650.6340026855469
 10
208.13612738251686
 20
650.6435747742653
 10
208.13122487068176
 20
650.6528296470642
 10
208.12627550959587
 20
650.661826312542
 10
208.1212558746338
 20
650.6706237792969
 10
208.11614254117012
 20
650.6792810559273
 10
208.11091208457947
 20
650.6878571510315
 10
208.10554108023643
 20
650.6964110732079
 10
208.10000610351562
 20
650.7050018310547
  0
LWPOLYLINE
  5
3BD
330
17
100
AcDbEntity
  8
SCHEMATICS
 62
7
100
AcDbPolyline
 90
9
 70
0
 10
208.10000610351562
 20
650.7050018310547
 10
208.09692376852036
 20
650.7121129631996
 10
208.0937123298645
 20
650.7191786766052
 10
208.09043008089066
 20
650.7261521220207
 10
208.0871353149414
 20
650.7329864501953
 10
208.08388632535934
 20
650.7396348118782
 10
208.08074140548706
 20
650.7460503578186
 10
208.07775884866714
 20
650.7521862387657
 10
208.0749969482422
 20
650.7579956054688
  0
LWPOLYLINE
  5
3BE
330
17
100
AcDbEntity
  8
SCHEMATICS
 62
7
100
AcDbPolyline
 90
9
 70
0
 10
208.0749969482422
 20
650.7579956054688
 10
208.0728778243065
 20
650.761630654335
 10
208.07094430923462
 20
650.7651491165161
 10
208.06910306215286
 20
650.7687147855759
 10
208.0672607421875
 20
650.7724914550781
 10
208.0653240084648
 20
650.7766429185867
 10
208.06319952011108
 20
650.7813329696655
 10
208.0607939362526
 20
650.7867254018784
 10
208.05801391601562
 20
650.7929840087891
  0
LWPOLYLINE
  5
3BF
330
17
100
AcDbEntity
  8
SCHEMATICS
 62
7
100
AcDbPolyline
 90
9
 70
0
 10
208.05801391601562
 20
650.7929840087891
 10
208.05656468868256
 20
650.7953552603722
 10
208.0552577972412
 20
650.7978663444519
 10
208.0541397333145
 20
650.8003767132759
 10
208.0532569885254
 20
650.8027458190918
 10
208.05265605449677
 20
650.8048331141472
 10
208.05238342285156
 20
650.8064980506897
 10
208.0524855852127
 20
650.807600080967
 10
208.05300903320312
 20
650.8079986572266
  0
LWPOLYLINE
  5
3C0
330
17
100
AcDbEntity
  8
SCHEMATICS
 62
7
100
AcDbPolyline
 90
9
 70
0
 10
207.46900939941406
 20
415.9268798828125
 10
207.62575715780258
 20
415.93210804462433
 10
207.78249311447144
 20
415.9373197555542
 10
207.93920546770096
 20
415.942564368248
 10
208.09588241577148
 20
415.94789123535156
 10
208.25251215696335
 20
415.9533497095108
 10
208.40908288955688
 20
415.9589891433716
 10
208.56558281183243
 20
415.9648588895798
 10
208.7220001220703
 20
415.97100830078125
  0
LWPOLYLINE
  5
3C1
330
17
100
AcDbEntity
  8
SCHEMATICS
 62
7
100
AcDbPolyline
 90
9
 70
0
 10
208.8780059814453
 20
415.97998046875
 10
208.8974673449993
 20
415.98222213983536
 10
208.91688132286072
 20
415.9845414161682
 10
208.93629494309425
 20
415.9869901537895
 10
208.95575523376465
 20
415.98962020874023
 10
208.97530922293663
 20
415.9924834370613
 10
208.99500393867493
 20
415.9956316947937
 10
209.01488640904427
 20
415.99911683797836
 10
209.03500366210938
 20
416.00299072265625
  0
LWPOLYLINE
  5
3C2
330
17
100
AcDbEntity
  8
SCHEMATICS
 62
7
100
AcDbPolyline
 90
9
 70
0
 10
209.03500366210938
 20
416.00299072265625
 10
209.07395404577255
 20
416.0103671550751
 10
209.11278676986694
 20
416.0181713104248
 10
209.15147858858109
 20
416.02651047706604
 10
209.19000625610352
 20
416.0354919433594
 10
209.22834652662277
 20
416.0452229976654
 10
209.2664761543274
 20
416.0558109283447
 10
209.30437189340591
 20
416.06736302375793
 10
209.34201049804688
 20
416.0799865722656
  0
LWPOLYLINE
  5
3C3
330
17
100
AcDbEntity
  8
SCHEMATICS
 62
7
100
AcDbPolyline
 90
9
 70
0
 10
209.34201049804688
 20
416.0799865722656
 10
209.38007625937462
 20
416.0924023389816
 10
209.41777777671814
 20
416.10560131073
 10
209.45512703061104
 20
416.11952555179596
 10
209.4921360015869
 20
416.13411712646484
 10
209.52881667017937
 20
416.1493180990219
 10
209.565181016922
 20
416.16507053375244
 10
209.6012410223484
 20
416.1813164949417
 10
209.6370086669922
 20
416.197998046875
  0
LWPOLYLINE
  5
3C4
330
17
100
AcDbEntity
  8
SCHEMATICS
 62
7
100
AcDbPolyline
 90
9
 70
0
 10
209.6370086669922
 20
416.197998046875
 10
209.67273715138435
 20
416.2161086797714
 10
209.70794796943665
 20
416.2345018386841
 10
209.74268850684166
 20
416.2532740831375
 10
209.777006149292
 20
416.27252197265625
 10
209.81094828248024
 20
416.29234206676483
 10
209.844562292099
 20
416.3128309249878
 10
209.87789556384087
 20
416.33408510684967
 10
209.91099548339844
 20
416.356201171875
  0
LWPOLYLINE
  5
3C5
330
17
100
AcDbEntity
  8
SCHEMATICS
 62
7
100
AcDbPolyline
 90
9
 70
0
 10
209.91099548339844
 20
416.356201171875
 10
209.9434803724289
 20
416.3782048821449
 10
209.9756727218628
 20
416.400869846344
 10
210.0075603723526
 20
416.42420214414597
 10
210.03913116455078
 20
416.4482078552246
 10
210.0703729391098
 20
416.4728930592537
 10
210.10127353668213
 20
416.498263835907
 10
210.13182079792023
 20
416.52432626485825
 10
210.16200256347656
 20
416.55108642578125
  0
LWPOLYLINE
  5
3C6
330
17
100
AcDbEntity
  8
SCHEMATICS
 62
7
100
AcDbPolyline
 90
9
 70
0
 10
210.16200256347656
 20
416.55108642578125
 10
210.190114736557
 20
416.57820451259613
 10
210.2181568145752
 20
416.605673789978
 10
210.24605870246887
 20
416.63355362415314
 10
210.27375030517578
 20
416.66190338134766
 10
210.30116152763367
 20
416.6907824277878
 10
210.32822227478027
 20
416.7202501296997
 10
210.35486245155334
 20
416.75036585330963
 10
210.38101196289062
 20
416.78118896484375
  0
LWPOLYLINE
  5
3C7
330
17
100
AcDbEntity
  8
SCHEMATICS
 62
7
100
AcDbPolyline
 90
9
 70
0
 10
210.38101196289062
 20
416.78118896484375
 10
210.4059391617775
 20
416.8108055591583
 10
210.4304575920105
 20
416.84131050109863
 10
210.45453184843063
 20
416.8725965023041
 10
210.4781265258789
 20
416.90455627441406
 10
210.50120621919632
 20
416.937082529068
 10
210.52373552322388
 20
416.9700679779053
 10
210.54567903280258
 20
417.0034053325653
 10
210.56700134277344
 20
417.0369873046875
  0
LWPOLYLINE
  5
3C8
330
17
100
AcDbEntity
  8
SCHEMATICS
 62
7
100
AcDbPolyline
 90
9
 70
0
 10
210.56700134277344
 20
417.0369873046875
 10
210.58771231770515
 20
417.0699207186699
 10
210.60781407356262
 20
417.10337591171265
 10
210.6272595822811
 20
417.137319624424
 10
210.6460018157959
 20
417.1717185974121
 10
210.66399374604225
 20
417.20653957128525
 10
210.68118834495544
 20
417.2417492866516
 10
210.69753858447075
 20
417.2773144841194
 10
210.71299743652344
 20
417.3132019042969
  0
LWPOLYLINE
  5
3C9
330
17
100
AcDbEntity
  8
SCHEMATICS
 62
7
100
AcDbPolyline
 90
9
 70
0
 10
210.71299743652344
 20
417.3132019042969
 10
210.7288809120655
 20
417.3505764603615
 10
210.7442238330841
 20
417.3877682685852
 10
210.75895628333092
 20
417.424886405468
 10
210.77300834655762
 20
417.46203994750977
 10
210.78631010651588
 20
417.4993379712105
 10
210.7987916469574
 20
417.53688955307007
 10
210.81038305163383
 20
417.57480376958847
 10
210.82101440429688
 20
417.6131896972656
  0
LWPOLYLINE
  5
3CA
330
17
100
AcDbEntity
  8
SCHEMATICS
 62
7
100
AcDbPolyline
 90
9
 70
0
 10
210.82101440429688
 20
417.6131896972656
 10
210.83164456486702
 20
417.65112775564194
 10
210.84175992012024
 20
417.689311504364
 10
210.8513134419918
 20
417.7276948094368
 10
210.860258102417
 20
417.76623153686523
 10
210.86854687333107
 20
417.80487555265427
 10
210.8761327266693
 20
417.84358072280884
 10
210.882968634367
 20
417.8823009133339
 10
210.88900756835938
 20
417.9209899902344
  0
LWPOLYLINE
  5
3CB
330
17
100
AcDbEntity
  8
SCHEMATICS
 62
7
100
AcDbPolyline
 90
9
 70
0
 10
208.7220001220703
 20
421.7268981933594
 10
207.91907927393913
 20
421.69784104824066
 10
207.1160523891449
 20
421.6690034866333
 10
206.31290784478188
 20
421.64033901691437
 10
205.50963401794434
 20
421.61180114746094
 10
204.70621928572655
 20
421.5833433866501
 10
203.90265202522278
 20
421.5549192428589
 10
203.0989206135273
 20
421.5264822244644
 10
202.29501342773438
 20
421.49798583984375
  0
LWPOLYLINE
  5
3CC
330
17
100
AcDbEntity
  8
SCHEMATICS
 62
7
100
AcDbPolyline
 90
9
 70
0
 10
202.29501342773438
 20
421.49798583984375
 10
201.4924212694168
 20
421.4691451191902
 10
200.68965244293213
 20
421.4403519630432
 10
199.88671910762787
 20
421.4115795493126
 10
199.08363342285156
 20
421.3828010559082
 10
198.28040754795074
 20
421.3539896607399
 10
197.47705364227295
 20
421.32511854171753
 10
196.6735838651657
 20
421.29616087675095
 10
195.87001037597656
 20
421.26708984375
  0
LWPOLYLINE
  5
3CD
330
17
100
AcDbEntity
  8
SCHEMATICS
 62
7
100
AcDbPolyline
 90
9
 70
0
 10
195.87001037597656
 20
421.26708984375
 10
195.0677088201046
 20
421.238616168499
 10
194.26511454582214
 20
421.21030378341675
 10
193.46230962872505
 20
421.18208795785904
 10
192.65937614440918
 20
421.15390396118164
 10
191.85639616847038
 20
421.1256870627403
 10
191.05345177650452
 20
421.09737253189087
 10
190.25062504410744
 20
421.06889563798904
 10
189.447998046875
 20
421.0401916503906
  0
LWPOLYLINE
  5
3CE
330
17
100
AcDbEntity
  8
SCHEMATICS
 62
7
100
AcDbPolyline
 90
9
 70
0
 10
208.7200164794922
 20
649.7870025634766
 10
208.68668499588966
 20
649.8459601700306
 10
208.65343594551086
 20
649.9050724506378
 10
208.6202573478222
 20
649.9643038213253
 10
208.58713722229004
 20
650.0236186981201
 10
208.5540635883808
 20
650.0829814970493
 10
208.5210244655609
 20
650.14235663414
 10
208.48800787329674
 20
650.2017085254192
 10
208.4550018310547
 20
650.2610015869141
  0
LWPOLYLINE
  5
3CF
330
17
100
AcDbEntity
  8
SCHEMATICS
 62
7
100
AcDbPolyline
 90
9
 70
0
 10
208.4550018310547
 20
650.2610015869141
 10
208.42880082130432
 20
650.3061328232288
 10
208.40271854400635
 20
650.3514988422394
 10
208.37677788734436
 20
650.397052615881
 10
208.35100173950195
 20
650.4427471160889
 10
208.32541298866272
 20
650.4885353147984
 10
208.30003452301025
 20
650.5343701839447
 10
208.27488923072815
 20
650.5802046954632
 10
208.25
 20
650.6259918212891
  0
LWPOLYLINE
  5
3D0
330
17
100
AcDbEntity
  8
SCHEMATICS
 62
7
100
AcDbPolyline
 90
9
 70
0
 10
189.8979949951172
 20
651.2660064697266
 10
189.8738249540329
 20
651.2224617302418
 10
189.84937381744385
 20
651.1788599491119
 10
189.82473528385162
 20
651.1352356374264
 10
189.8000030517578
 20
651.0916233062744
 10
189.775270819664
 20
651.0480574667454
 10
189.75063228607178
 20
651.0045726299286
 10
189.72618114948273
 20
650.9612033069134
 10
189.70201110839844
 20
650.9179840087891
  0
LWPOLYLINE
  5
3D1
330
17
100
AcDbEntity
  8
SCHEMATICS
 62
7
100
AcDbPolyline
 90
9
 70
0
 10
189.70201110839844
 20
650.9179840087891
 10
189.6700483560562
 20
650.8603293299675
 10
189.63794612884521
 20
650.8028244972229
 10
189.60575091838837
 20
650.745434820652
 10
189.5735092163086
 20
650.6881256103516
 10
189.54126751422882
 20
650.6308621764183
 10
189.50907230377197
 20
650.573609828949
 10
189.47697007656097
 20
650.5163338780403
 10
189.44500732421875
 20
650.4589996337891
  0
LWPOLYLINE
  5
3D2
330
17
100
AcDbEntity
  8
SCHEMATICS
 62
7
100
AcDbPolyline
 90
9
 70
0
 10
208.7220001220703
 20
655.041015625
 10
208.5657093822956
 20
655.046878695488
 10
208.40953469276428
 20
655.0525064468384
 10
208.253406137228
 20
655.0579468011856
 10
208.09725379943848
 20
655.0632476806641
 10
207.94100776314735
 20
655.0684570074081
 10
207.78459811210632
 20
655.0736227035522
 10
207.62795493006706
 20
655.0787926912308
 10
207.47100830078125
 20
655.0840148925781
  0
LWPOLYLINE
  5
3D3
330
17
100
AcDbEntity
  8
SCHEMATICS
 62
7
100
AcDbPolyline
 90
9
 70
0
 10
208.7200164794922
 20
649.9679870605469
 10
208.68668499588966
 20
650.0269051194191
 10
208.65343594551086
 20
650.0858950614929
 10
208.6202573478222
 20
650.1449329257011
 10
208.58713722229004
 20
650.2039947509766
 10
208.5540635883808
 20
650.263056576252
 10
208.5210244655609
 20
650.3220944404602
 10
208.48800787329674
 20
650.381084382534
 10
208.4550018310547
 20
650.4400024414062
  0
LWPOLYLINE
  5
3D4
330
17
100
AcDbEntity
  8
SCHEMATICS
 62
7
100
AcDbPolyline
 90
9
 70
0
 10
208.4550018310547
 20
650.4400024414062
 10
208.43858405947685
 20
650.4684645533562
 10
208.42229628562927
 20
650.4968791007996
 10
208.40607967972755
 20
650.5252929329872
 10
208.3898754119873
 20
650.5537528991699
 10
208.37362465262413
 20
650.5823058485985
 10
208.35726857185364
 20
650.6109986305237
 10
208.34074833989143
 20
650.6398780941963
 10
208.32400512695312
 20
650.6689910888672
  0
LWPOLYLINE
  5
3D5
330
17
100
AcDbEntity
  8
SCHEMATICS
 62
7
100
AcDbPolyline
 90
9
 70
0
 10
189.822998046875
 20
651.3090057373047
 10
189.8073427081108
 20
651.2821319401264
 10
189.79186296463013
 20
651.2554686069489
 10
189.7765470147133
 20
651.2289458215237
 10
189.76138305664062
 20
651.2024936676025
 10
189.74635928869247
 20
651.1760422289371
 10
189.73146390914917
 20
651.1495215892792
 10
189.71668511629105
 20
651.1228618323803
 10
189.70201110839844
 20
651.0959930419922
  0
LWPOLYLINE
  5
3D6
330
17
100
AcDbEntity
  8
SCHEMATICS
 62
7
100
AcDbPolyline
 90
9
 70
0
 10
189.70201110839844
 20
651.0959930419922
 10
189.6700483560562
 20
651.0393224954605
 10
189.63794612884521
 20
650.982569694519
 10
189.60575091838837
 20
650.9257467985153
 10
189.5735092163086
 20
650.8688659667969
 10
189.54126751422882
 20
650.8119393587112
 10
189.50907230377197
 20
650.754979133606
 10
189.47697007656097
 20
650.6979974508286
 10
189.44500732421875
 20
650.6410064697266
  0
LWPOLYLINE
  5
3D7
330
17
100
AcDbEntity
  8
SCHEMATICS
 62
7
100
AcDbPolyline
 90
9
 70
0
 10
208.7220001220703
 20
655.1940002441406
 10
208.56558281183243
 20
655.1990039348602
 10
208.40908288955688
 20
655.2042179107666
 10
208.25251215696335
 20
655.2095720767975
 10
208.09588241577148
 20
655.2149963378906
 10
207.93920546770096
 20
655.2204205989838
 10
207.78249311447144
 20
655.2257747650146
 10
207.62575715780258
 20
655.230988740921
 10
207.46900939941406
 20
655.2359924316406
  0
LWPOLYLINE
  5
3D8
330
17
100
AcDbEntity
  8
SCHEMATICS
 62
7
100
AcDbPolyline
 90
9
 70
0
 10
208.7200164794922
 20
650.1429901123047
 10
208.68668499588966
 20
650.2028196752071
 10
208.65343594551086
 20
650.2623679637909
 10
208.6202573478222
 20
650.3217284977436
 10
208.58713722229004
 20
650.3809947967529
 10
208.5540635883808
 20
650.4402603805065
 10
208.5210244655609
 20
650.499618768692
 10
208.48800787329674
 20
650.5591634809971
 10
208.4550018310547
 20
650.6189880371094
  0
LWPOLYLINE
  5
3D9
330
17
100
AcDbEntity
  8
SCHEMATICS
 62
7
100
AcDbPolyline
 90
9
 70
0
 10
208.4550018310547
 20
650.6189880371094
 10
208.4385001063347
 20
650.647290199995
 10
208.4219994544983
 20
650.6759097576141
 10
208.40549951791763
 20
650.7047878801823
 10
208.38899993896484
 20
650.733865737915
 10
208.37250036001205
 20
650.7630845010281
 10
208.3560004234314
 20
650.7923853397369
 10
208.339499771595
 20
650.8217094242573
 10
208.322998046875
 20
650.8509979248047
  0
LWPOLYLINE
  5
3DA
330
17
100
AcDbEntity
  8
SCHEMATICS
 62
7
100
AcDbPolyline
 90
9
 70
0
 10
189.8249969482422
 20
651.4889984130859
 10
189.80913493037224
 20
651.4622828066349
 10
189.7936933040619
 20
651.435427904129
 10
189.7785317003727
 20
651.4084803760052
 10
189.7635097503662
 20
651.3814868927002
 10
189.748487085104
 20
651.354494124651
 10
189.73332333564758
 20
651.3275487422943
 10
189.71787813305855
 20
651.3006974160671
 10
189.70201110839844
 20
651.2739868164062
  0
LWPOLYLINE
  5
3DB
330
17
100
AcDbEntity
  8
SCHEMATICS
 62
7
100
AcDbPolyline
 90
9
 70
0
 10
189.70201110839844
 20
651.2739868164062
 10
189.6700483560562
 20
651.216328561306
 10
189.63794612884521
 20
651.1588587760925
 10
189.60575091838837
 20
651.101577103138
 10
189.5735092163086
 20
651.0444831848145
 10
189.54126751422882
 20
650.9875766634941
 10
189.50907230377197
 20
650.9308571815491
 10
189.47697007656097
 20
650.8743243813515
 10
189.44500732421875
 20
650.8179779052734
  0
LWPOLYLINE
  5
3DC
330
17
100
AcDbEntity
  8
SCHEMATICS
 62
7
100
AcDbPolyline
 90
9
 70
0
 10
189.9600067138672
 20
419.9721984863281
 10
189.9647645354271
 20
419.9624191522598
 10
189.9699568748474
 20
419.9527177810669
 10
189.97545462846756
 20
419.9430578947067
 10
189.98112869262695
 20
419.9334030151367
 10
189.986849963665
 20
419.92371666431427
 10
189.99248933792114
 20
419.9139623641968
 10
189.99791771173477
 20
419.90410363674164
 10
190.0030059814453
 20
419.89410400390625
  0
LWPOLYLINE
  5
3DD
330
17
100
AcDbEntity
  8
SCHEMATICS
 62
7
100
AcDbPolyline
 90
9
 70
0
 10
190.0030059814453
 20
419.89410400390625
 10
190.00750416517258
 20
419.8854531645775
 10
190.01200342178345
 20
419.87685918807983
 10
190.01650339365005
 20
419.86837035417557
 10
190.02100372314453
 20
419.86003494262695
 10
190.025504052639
 20
419.85190123319626
 10
190.03000402450562
 20
419.84401750564575
 10
190.03450328111649
 20
419.8364320397377
 10
190.03900146484375
 20
419.8291931152344
  0
LWPOLYLINE
  5
3DE
330
17
100
AcDbEntity
  8
SCHEMATICS
 62
7
100
AcDbPolyline
 90
9
 70
0
 10
190.03900146484375
 20
419.8291931152344
 10
190.04270547628403
 20
419.82161033153534
 10
190.04632902145386
 20
419.81411838531494
 10
190.04988318681717
 20
419.8067709207535
 10
190.0533790588379
 20
419.79962158203125
 10
190.05682772397995
 20
419.79272401332855
 10
190.06024026870728
 20
419.7861318588257
 10
190.0636277794838
 20
419.77989876270294
 10
190.06700134277344
 20
419.7740783691406
  0
LWPOLYLINE
  5
3DF
330
17
100
AcDbEntity
  8
SCHEMATICS
 62
7
100
AcDbPolyline
 90
9
 70
0
 10
190.06700134277344
 20
419.7740783691406
 10
190.06859728693962
 20
419.77076679468155
 10
190.07036757469177
 20
419.7674412727356
 10
190.07230058312416
 20
419.764024913311
 10
190.07438468933105
 20
419.760440826416
 10
190.07660827040672
 20
419.75661212205887
 10
190.07895970344543
 20
419.7524619102478
 10
190.08142736554146
 20
419.74791330099106
 10
190.08399963378906
 20
419.7428894042969
  0
LWPOLYLINE
  5
3E0
330
17
100
AcDbEntity
  8
SCHEMATICS
 62
7
100
AcDbPolyline
 90
9
 70
0
 10
190.08399963378906
 20
419.7428894042969
 10
190.08520102500916
 20
419.7403282523155
 10
190.0864725112915
 20
419.7379240989685
 10
190.0876967906952
 20
419.73573380708694
 10
190.0887565612793
 20
419.73381423950195
 10
190.0895345211029
 20
419.73222225904465
 10
190.0899133682251
 20
419.73101472854614
 10
190.08977580070496
 20
419.73024851083755
 10
190.08900451660156
 20
419.72998046875
  0
LWPOLYLINE
  5
3E1
330
17
100
AcDbEntity
  8
SCHEMATICS
 62
7
100
AcDbPolyline
 90
9
 70
0
 10
208.7220001220703
 20
651.1650085449219
 10
208.655297011137
 20
651.1675002872944
 10
208.58867526054382
 20
651.1698076725006
 10
208.52212324738503
 20
651.1720238626003
 10
208.45562934875488
 20
651.1742420196533
 10
208.38918194174767
 20
651.1765553057194
 10
208.32276940345764
 20
651.1790568828583
 10
208.25638011097908
 20
651.1818399131298
 10
208.19000244140625
 20
651.1849975585938
  0
LWPOLYLINE
  5
3E2
330
17
100
AcDbEntity
  8
SCHEMATICS
 62
7
100
AcDbPolyline
 90
9
 70
0
 10
208.25
 20
420.53900146484375
 10
208.27488923072815
 20
420.583867251873
 10
208.30003452301025
 20
420.6290946006775
 10
208.32541298866272
 20
420.6745930314064
 10
208.35100173950195
 20
420.720272064209
 10
208.37677788734436
 20
420.76604121923447
 10
208.40271854400635
 20
420.8118100166321
 10
208.42880082130432
 20
420.85748797655106
 10
208.4550018310547
 20
420.9029846191406
  0
LWPOLYLINE
  5
3E3
330
17
100
AcDbEntity
  8
SCHEMATICS
 62
7
100
AcDbPolyline
 90
9
 70
0
 10
208.4550018310547
 20
420.9029846191406
 10
208.48800787329674
 20
420.96244180202484
 10
208.5210244655609
 20
421.02162647247314
 10
208.5540635883808
 20
421.0806294679642
 10
208.58713722229004
 20
421.13954162597656
 10
208.6202573478222
 20
421.19845378398895
 10
208.65343594551086
 20
421.25745677948
 10
208.68668499588966
 20
421.3166414499283
 10
208.7200164794922
 20
421.3760986328125
  0
LWPOLYLINE
  5
3E4
330
17
100
AcDbEntity
  8
SCHEMATICS
 62
7
100
AcDbPolyline
 90
9
 70
0
 10
189.44500732421875
 20
420.7030029296875
 10
189.47697007656097
 20
420.6454134583473
 10
189.50907230377197
 20
420.58804178237915
 10
189.54126751422882
 20
420.5308453440666
 10
189.5735092163086
 20
420.47378158569336
 10
189.60575091838837
 20
420.416807949543
 10
189.63794612884521
 20
420.35988187789917
 10
189.6700483560562
 20
420.3029608130455
 10
189.70201110839844
 20
420.2460021972656
  0
LWPOLYLINE
  5
3E5
330
17
100
AcDbEntity
  8
SCHEMATICS
 62
7
100
AcDbPolyline
 90
9
 70
0
 10
189.70201110839844
 20
420.2460021972656
 10
189.72618114948273
 20
420.2019236087799
 10
189.75063228607178
 20
420.1581497192383
 10
189.775270819664
 20
420.1146104335785
 10
189.8000030517578
 20
420.0712356567383
 10
189.82473528385162
 20
420.0279552936554
 10
189.84937381744385
 20
419.9846992492676
 10
189.8738249540329
 20
419.9413974285126
 10
189.8979949951172
 20
419.8979797363281
  0
LWPOLYLINE
  5
3E6
330
17
100
AcDbEntity
  8
SCHEMATICS
 62
7
100
AcDbPolyline
 90
9
 70
0
 10
208.7220001220703
 20
650.6060028076172
 10
208.6938355565071
 20
650.6064632534981
 10
208.66561269760132
 20
650.6070771217346
 10
208.6373662352562
 20
650.6078090071678
 10
208.609130859375
 20
650.6086235046387
 10
208.580941259861
 20
650.6094852089882
 10
208.55283212661743
 20
650.6103587150574
 10
208.52483814954758
 20
650.6112086176872
 10
208.4969940185547
 20
650.6119995117188
  0
LWPOLYLINE
  5
3E7
330
17
100
AcDbEntity
  8
SCHEMATICS
 62
7
100
AcDbPolyline
 90
9
 70
0
 10
208.32400512695312
 20
420.4928894042969
 10
208.34074833989143
 20
420.52141785621643
 10
208.35726857185364
 20
420.5498847961426
 10
208.37362465262413
 20
420.57834029197693
 10
208.3898754119873
 20
420.6068344116211
 10
208.40607967972755
 20
420.6354172229767
 10
208.42229628562927
 20
420.6641387939453
 10
208.43858405947685
 20
420.6930491924286
 10
208.4550018310547
 20
420.7221984863281
  0
LWPOLYLINE
  5
3E8
330
17
100
AcDbEntity
  8
SCHEMATICS
 62
7
100
AcDbPolyline
 90
9
 70
0
 10
208.4550018310547
 20
420.7221984863281
 10
208.48800787329674
 20
420.7810463309288
 10
208.5210244655609
 20
420.8401312828064
 10
208.5540635883808
 20
420.89942437410355
 10
208.58713722229004
 20
420.9588966369629
 10
208.6202573478222
 20
421.01851910352707
 10
208.65343594551086
 20
421.0782628059387
 10
208.68668499588966
 20
421.1380987763405
 10
208.7200164794922
 20
421.197998046875
  0
LWPOLYLINE
  5
3E9
330
17
100
AcDbEntity
  8
SCHEMATICS
 62
7
100
AcDbPolyline
 90
9
 70
0
 10
189.44500732421875
 20
420.5229797363281
 10
189.47697007656097
 20
420.466073513031
 10
189.50907230377197
 20
420.4093074798584
 10
189.54126751422882
 20
420.3526358604431
 10
189.5735092163086
 20
420.29601287841797
 10
189.60575091838837
 20
420.23939275741577
 10
189.63794612884521
 20
420.18272972106934
 10
189.6700483560562
 20
420.1259779930115
 10
189.70201110839844
 20
420.069091796875
  0
LWPOLYLINE
  5
3EA
330
17
100
AcDbEntity
  8
SCHEMATICS
 62
7
100
AcDbPolyline
 90
9
 70
0
 10
189.70201110839844
 20
420.069091796875
 10
189.71668511629105
 20
420.04177463054657
 10
189.73146390914917
 20
420.01463413238525
 10
189.74635928869247
 20
419.98766100406647
 10
189.76138305664062
 20
419.9608459472656
 10
189.7765470147133
 20
419.93417966365814
 10
189.79186296463013
 20
419.90765285491943
 10
189.8073427081108
 20
419.8812562227249
 10
189.822998046875
 20
419.85498046875
  0
LWPOLYLINE
  5
3EB
330
17
100
AcDbEntity
  8
SCHEMATICS
 62
7
100
AcDbPolyline
 90
9
 70
0
 10
207.48899841308594
 20
654.0489807128906
 10
207.57703056931496
 20
654.0460324287415
 10
207.66487622261047
 20
654.0431385040283
 10
207.75253483653069
 20
654.0402646064758
 10
207.8400058746338
 20
654.0373764038086
 10
207.92728880047798
 20
654.0344395637512
 10
208.01438307762146
 20
654.0314197540283
 10
208.10128816962242
 20
654.0282826423645
 10
208.18800354003906
 20
654.0249938964844
  0
LWPOLYLINE
  5
3EC
330
17
100
AcDbEntity
  8
SCHEMATICS
 62
7
100
AcDbPolyline
 90
5
 70
0
 10
190.5019989013672
 20
555.9879760742188
 10
207.50900268554688
 20
555.9879760742188
 10
207.50900268554688
 20
621.7520904541016
 10
190.5019989013672
 20
621.7520904541016
 10
190.5019989013672
 20
555.9879760742188
  0
LINE
  5
3ED
330
17
100
AcDbEntity
  8
SCHEMATICS
 62
7
100
AcDbLine
 10
190.5019989013672
 20
555.9879760742188
 30
0.0
 11
190.5019989013672
 21
621.7519989013672
 31
0.0
  0
LINE
  5
3EE
330
17
100
AcDbEntity
  8
SCHEMATICS
 62
7
100
AcDbLine
 10
190.5019989013672
 20
621.7519989013672
 30
0.0
 11
207.50900268554688
 21
621.7519989013672
 31
0.0
  0
LINE
  5
3EF
330
17
100
AcDbEntity
  8
SCHEMATICS
 62
7
100
AcDbLine
 10
207.50900268554688
 20
621.7519989013672
 30
0.0
 11
207.50900268554688
 21
555.9879760742188
 31
0.0
  0
LWPOLYLINE
  5
3F0
330
17
100
AcDbEntity
  8
SCHEMATICS
 62
7
100
AcDbPolyline
 90
5
 70
0
 10
190.5019989013672
 20
449.40618896484375
 10
207.50900268554688
 20
449.40618896484375
 10
207.50900268554688
 20
555.9882202148438
 10
190.5019989013672
 20
555.9882202148438
 10
190.5019989013672
 20
449.40618896484375
  0
LINE
  5
3F1
330
17
100
AcDbEntity
  8
SCHEMATICS
 62
7
100
AcDbLine
 10
207.50900268554688
 20
555.9879760742188
 30
0.0
 11
207.50900268554688
 21
449.40618896484375
 31
0.0
  0
LINE
  5
3F2
330
17
100
AcDbEntity
  8
SCHEMATICS
 62
7
100
AcDbLine
 10
207.50900268554688
 20
449.40618896484375
 30
0.0
 11
190.5019989013672
 21
449.40618896484375
 31
0.0
  0
LINE
  5
3F3
330
17
100
AcDbEntity
  8
SCHEMATICS
 62
7
100
AcDbLine
 10
190.5019989013672
 20
449.40618896484375
 30
0.0
 11
190.5019989013672
 21
555.9879760742188
 31
0.0
  0
LWPOLYLINE
  5
3F4
330
17
100
AcDbEntity
  8
SCHEMATICS
 62
7
100
AcDbPolyline
 90
5
 70
0
 10
193.39700317382812
 20
452.3061828613281
 10
204.61180114746094
 20
452.3061828613281
 10
204.61180114746094
 20
463.51708984375
 10
193.39700317382812
 20
463.51708984375
 10
193.39700317382812
 20
452.3061828613281
  0
LINE
  5
3F5
330
17
100
AcDbEntity
  8
SCHEMATICS
 62
7
100
AcDbLine
 10
193.33599853515625
 20
452.3061828613281
 30
0.0
 11
193.33599853515625
 21
463.51708984375
 31
0.0
  0
LINE
  5
3F6
330
17
100
AcDbEntity
  8
SCHEMATICS
 62
7
100
AcDbLine
 10
193.33599853515625
 20
463.51708984375
 30
0.0
 11
193.46099853515625
 21
463.51708984375
 31
0.0
  0
LINE
  5
3F7
330
17
100
AcDbEntity
  8
SCHEMATICS
 62
7
100
AcDbLine
 10
193.46099853515625
 20
463.51708984375
 30
0.0
 11
193.46099853515625
 21
452.3061828613281
 31
0.0
  0
LINE
  5
3F8
330
17
100
AcDbEntity
  8
SCHEMATICS
 62
7
100
AcDbLine
 10
193.39700317382812
 20
452.2420959472656
 30
0.0
 11
193.33599853515625
 21
452.2420959472656
 31
0.0
  0
LINE
  5
3F9
330
17
100
AcDbEntity
  8
SCHEMATICS
 62
7
100
AcDbLine
 10
193.33599853515625
 20
452.2420959472656
 30
0.0
 11
193.33599853515625
 21
452.3061828613281
 31
0.0
  0
LINE
  5
3FA
330
17
100
AcDbEntity
  8
SCHEMATICS
 62
7
100
AcDbLine
 10
193.33599853515625
 20
452.3061828613281
 30
0.0
 11
193.39700317382812
 21
452.3061828613281
 31
0.0
  0
LINE
  5
3FB
330
17
100
AcDbEntity
  8
SCHEMATICS
 62
7
100
AcDbLine
 10
193.39700317382812
 20
452.3061828613281
 30
0.0
 11
193.39700317382812
 21
452.2420959472656
 31
0.0
  0
LINE
  5
3FC
330
17
100
AcDbEntity
  8
SCHEMATICS
 62
7
100
AcDbLine
 10
204.61199951171875
 20
452.2420959472656
 30
0.0
 11
193.39700317382812
 21
452.2420959472656
 31
0.0
  0
LINE
  5
3FD
330
17
100
AcDbEntity
  8
SCHEMATICS
 62
7
100
AcDbLine
 10
193.39700317382812
 20
452.2420959472656
 30
0.0
 11
193.39700317382812
 21
452.36907958984375
 31
0.0
  0
LINE
  5
3FE
330
17
100
AcDbEntity
  8
SCHEMATICS
 62
7
100
AcDbLine
 10
193.39700317382812
 20
452.36907958984375
 30
0.0
 11
204.61199951171875
 21
452.36907958984375
 31
0.0
  0
LINE
  5
3FF
330
17
100
AcDbEntity
  8
SCHEMATICS
 62
7
100
AcDbLine
 10
204.61199951171875
 20
452.36907958984375
 30
0.0
 11
204.61199951171875
 21
452.2420959472656
 31
0.0
  0
LINE
  5
400
330
17
100
AcDbEntity
  8
SCHEMATICS
 62
7
100
AcDbLine
 10
204.6739959716797
 20
452.3061828613281
 30
0.0
 11
204.6739959716797
 21
452.2420959472656
 31
0.0
  0
LINE
  5
401
330
17
100
AcDbEntity
  8
SCHEMATICS
 62
7
100
AcDbLine
 10
204.6739959716797
 20
452.2420959472656
 30
0.0
 11
204.61199951171875
 21
452.2420959472656
 31
0.0
  0
LINE
  5
402
330
17
100
AcDbEntity
  8
SCHEMATICS
 62
7
100
AcDbLine
 10
204.61199951171875
 20
452.2420959472656
 30
0.0
 11
204.61199951171875
 21
452.3061828613281
 31
0.0
  0
LINE
  5
403
330
17
100
AcDbEntity
  8
SCHEMATICS
 62
7
100
AcDbLine
 10
204.61199951171875
 20
452.3061828613281
 30
0.0
 11
204.6739959716797
 21
452.3061828613281
 31
0.0
  0
LINE
  5
404
330
17
100
AcDbEntity
  8
SCHEMATICS
 62
7
100
AcDbLine
 10
204.6739959716797
 20
463.51708984375
 30
0.0
 11
204.6739959716797
 21
452.3061828613281
 31
0.0
  0
LINE
  5
405
330
17
100
AcDbEntity
  8
SCHEMATICS
 62
7
100
AcDbLine
 10
204.6739959716797
 20
452.3061828613281
 30
0.0
 11
204.54800415039062
 21
452.3061828613281
 31
0.0
  0
LINE
  5
406
330
17
100
AcDbEntity
  8
SCHEMATICS
 62
7
100
AcDbLine
 10
204.54800415039062
 20
452.3061828613281
 30
0.0
 11
204.54800415039062
 21
463.51708984375
 31
0.0
  0
LINE
  5
407
330
17
100
AcDbEntity
  8
SCHEMATICS
 62
7
100
AcDbLine
 10
204.54800415039062
 20
463.51708984375
 30
0.0
 11
204.6739959716797
 21
463.51708984375
 31
0.0
  0
LINE
  5
408
330
17
100
AcDbEntity
  8
SCHEMATICS
 62
7
100
AcDbLine
 10
204.61199951171875
 20
463.5820007324219
 30
0.0
 11
204.6739959716797
 21
463.5820007324219
 31
0.0
  0
LINE
  5
409
330
17
100
AcDbEntity
  8
SCHEMATICS
 62
7
100
AcDbLine
 10
204.6739959716797
 20
463.5820007324219
 30
0.0
 11
204.6739959716797
 21
463.51708984375
 31
0.0
  0
LINE
  5
40A
330
17
100
AcDbEntity
  8
SCHEMATICS
 62
7
100
AcDbLine
 10
204.6739959716797
 20
463.51708984375
 30
0.0
 11
204.61199951171875
 21
463.51708984375
 31
0.0
  0
LINE
  5
40B
330
17
100
AcDbEntity
  8
SCHEMATICS
 62
7
100
AcDbLine
 10
204.61199951171875
 20
463.51708984375
 30
0.0
 11
204.61199951171875
 21
463.5820007324219
 31
0.0
  0
LINE
  5
40C
330
17
100
AcDbEntity
  8
SCHEMATICS
 62
7
100
AcDbLine
 10
193.39700317382812
 20
463.5820007324219
 30
0.0
 11
204.61199951171875
 21
463.5820007324219
 31
0.0
  0
LINE
  5
40D
330
17
100
AcDbEntity
  8
SCHEMATICS
 62
7
100
AcDbLine
 10
204.61199951171875
 20
463.5820007324219
 30
0.0
 11
204.61199951171875
 21
463.4549865722656
 31
0.0
  0
LINE
  5
40E
330
17
100
AcDbEntity
  8
SCHEMATICS
 62
7
100
AcDbLine
 10
204.61199951171875
 20
463.4549865722656
 30
0.0
 11
193.39700317382812
 21
463.4549865722656
 31
0.0
  0
LINE
  5
40F
330
17
100
AcDbEntity
  8
SCHEMATICS
 62
7
100
AcDbLine
 10
193.39700317382812
 20
463.4549865722656
 30
0.0
 11
193.39700317382812
 21
463.5820007324219
 31
0.0
  0
LINE
  5
410
330
17
100
AcDbEntity
  8
SCHEMATICS
 62
7
100
AcDbLine
 10
196.1790008544922
 20
461.0221862792969
 30
0.0
 11
198.12001037597656
 21
461.0221862792969
 31
0.0
  0
LINE
  5
411
330
17
100
AcDbEntity
  8
SCHEMATICS
 62
7
100
AcDbLine
 10
198.12001037597656
 20
461.0221862792969
 30
0.0
 11
198.12001037597656
 21
461.82489013671875
 31
0.0
  0
LINE
  5
412
330
17
100
AcDbEntity
  8
SCHEMATICS
 62
7
100
AcDbLine
 10
198.12001037597656
 20
461.82489013671875
 30
0.0
 11
198.16200256347656
 21
462.0799865722656
 31
0.0
  0
LINE
  5
413
330
17
100
AcDbEntity
  8
SCHEMATICS
 62
7
100
AcDbLine
 10
198.16200256347656
 20
462.0799865722656
 30
0.0
 11
198.2880096435547
 21
462.3320007324219
 31
0.0
  0
LINE
  5
414
330
17
100
AcDbEntity
  8
SCHEMATICS
 62
7
100
AcDbLine
 10
198.2880096435547
 20
462.3320007324219
 30
0.0
 11
198.41500854492188
 21
462.54290771484375
 31
0.0
  0
LINE
  5
415
330
17
100
AcDbEntity
  8
SCHEMATICS
 62
7
100
AcDbLine
 10
198.41500854492188
 20
462.54290771484375
 30
0.0
 11
199.0469970703125
 21
462.8819885253906
 31
0.0
  0
LINE
  5
416
330
17
100
AcDbEntity
  8
SCHEMATICS
 62
7
100
AcDbLine
 10
199.0469970703125
 20
462.8819885253906
 30
0.0
 11
199.38499450683594
 21
462.9678955078125
 31
0.0
  0
LINE
  5
417
330
17
100
AcDbEntity
  8
SCHEMATICS
 62
7
100
AcDbLine
 10
199.38499450683594
 20
462.9678955078125
 30
0.0
 11
199.76300048828125
 21
463.0108947753906
 31
0.0
  0
LINE
  5
418
330
17
100
AcDbEntity
  8
SCHEMATICS
 62
7
100
AcDbLine
 10
199.76300048828125
 20
463.0108947753906
 30
0.0
 11
201.61900329589844
 21
463.0108947753906
 31
0.0
  0
LINE
  5
419
330
17
100
AcDbEntity
  8
SCHEMATICS
 62
7
100
AcDbLine
 10
201.61900329589844
 20
463.0108947753906
 30
0.0
 11
201.61900329589844
 21
461.910888671875
 31
0.0
  0
LINE
  5
41A
330
17
100
AcDbEntity
  8
SCHEMATICS
 62
7
100
AcDbLine
 10
201.61900329589844
 20
461.910888671875
 30
0.0
 11
200.26800537109375
 21
461.910888671875
 31
0.0
  0
LINE
  5
41B
330
17
100
AcDbEntity
  8
SCHEMATICS
 62
7
100
AcDbLine
 10
200.26800537109375
 20
461.910888671875
 30
0.0
 11
199.97300720214844
 21
461.82489013671875
 31
0.0
  0
LINE
  5
41C
330
17
100
AcDbEntity
  8
SCHEMATICS
 62
7
100
AcDbLine
 10
199.97300720214844
 20
461.82489013671875
 30
0.0
 11
199.76300048828125
 21
461.69989013671875
 31
0.0
  0
LINE
  5
41D
330
17
100
AcDbEntity
  8
SCHEMATICS
 62
7
100
AcDbLine
 10
199.76300048828125
 20
461.69989013671875
 30
0.0
 11
199.67800903320312
 21
461.57220458984375
 31
0.0
  0
LINE
  5
41E
330
17
100
AcDbEntity
  8
SCHEMATICS
 62
7
100
AcDbLine
 10
199.67800903320312
 20
461.57220458984375
 30
0.0
 11
199.6370086669922
 21
461.4018859863281
 31
0.0
  0
LINE
  5
41F
330
17
100
AcDbEntity
  8
SCHEMATICS
 62
7
100
AcDbLine
 10
199.6370086669922
 20
461.4018859863281
 30
0.0
 11
199.6370086669922
 21
461.0221862792969
 31
0.0
  0
LINE
  5
420
330
17
100
AcDbEntity
  8
SCHEMATICS
 62
7
100
AcDbLine
 10
199.6370086669922
 20
461.0221862792969
 30
0.0
 11
201.61900329589844
 21
461.0221862792969
 31
0.0
  0
LINE
  5
421
330
17
100
AcDbEntity
  8
SCHEMATICS
 62
7
100
AcDbLine
 10
201.61900329589844
 20
461.0221862792969
 30
0.0
 11
201.61900329589844
 21
459.8787841796875
 31
0.0
  0
LINE
  5
422
330
17
100
AcDbEntity
  8
SCHEMATICS
 62
7
100
AcDbLine
 10
201.61900329589844
 20
459.8787841796875
 30
0.0
 11
199.6370086669922
 21
459.8787841796875
 31
0.0
  0
LINE
  5
423
330
17
100
AcDbEntity
  8
SCHEMATICS
 62
7
100
AcDbLine
 10
199.6370086669922
 20
459.8787841796875
 30
0.0
 11
199.6370086669922
 21
459.201904296875
 31
0.0
  0
LINE
  5
424
330
17
100
AcDbEntity
  8
SCHEMATICS
 62
7
100
AcDbLine
 10
199.6370086669922
 20
459.201904296875
 30
0.0
 11
198.12001037597656
 21
459.201904296875
 31
0.0
  0
LINE
  5
425
330
17
100
AcDbEntity
  8
SCHEMATICS
 62
7
100
AcDbLine
 10
198.12001037597656
 20
459.201904296875
 30
0.0
 11
198.12001037597656
 21
459.8787841796875
 31
0.0
  0
LINE
  5
426
330
17
100
AcDbEntity
  8
SCHEMATICS
 62
7
100
AcDbLine
 10
198.12001037597656
 20
459.8787841796875
 30
0.0
 11
196.1790008544922
 21
459.8787841796875
 31
0.0
  0
LINE
  5
427
330
17
100
AcDbEntity
  8
SCHEMATICS
 62
7
100
AcDbLine
 10
199.6370086669922
 20
456.5381774902344
 30
0.0
 11
199.6370086669922
 21
457.59478759765625
 31
0.0
  0
LINE
  5
428
330
17
100
AcDbEntity
  8
SCHEMATICS
 62
7
100
AcDbLine
 10
199.6370086669922
 20
457.59478759765625
 30
0.0
 11
198.12001037597656
 21
457.59478759765625
 31
0.0
  0
LINE
  5
429
330
17
100
AcDbEntity
  8
SCHEMATICS
 62
7
100
AcDbLine
 10
198.12001037597656
 20
457.59478759765625
 30
0.0
 11
198.12001037597656
 21
455.3108825683594
 31
0.0
  0
LINE
  5
42A
330
17
100
AcDbEntity
  8
SCHEMATICS
 62
7
100
AcDbLine
 10
198.12001037597656
 20
455.3108825683594
 30
0.0
 11
200.4810028076172
 21
455.3108825683594
 31
0.0
  0
LINE
  5
42B
330
17
100
AcDbEntity
  8
SCHEMATICS
 62
7
100
AcDbLine
 10
200.4810028076172
 20
455.3108825683594
 30
0.0
 11
200.90200805664062
 21
455.3511047363281
 31
0.0
  0
LINE
  5
42C
330
17
100
AcDbEntity
  8
SCHEMATICS
 62
7
100
AcDbLine
 10
200.90200805664062
 20
455.3511047363281
 30
0.0
 11
201.23899841308594
 21
455.47998046875
 31
0.0
  0
LINE
  5
42D
330
17
100
AcDbEntity
  8
SCHEMATICS
 62
7
100
AcDbLine
 10
201.23899841308594
 20
455.47998046875
 30
0.0
 11
201.61900329589844
 21
455.6479797363281
 31
0.0
  0
LINE
  5
42E
330
17
100
AcDbEntity
  8
SCHEMATICS
 62
7
100
AcDbLine
 10
201.61900329589844
 20
455.6479797363281
 30
0.0
 11
201.9130096435547
 21
455.85888671875
 31
0.0
  0
LINE
  5
42F
330
17
100
AcDbEntity
  8
SCHEMATICS
 62
7
100
AcDbLine
 10
201.9130096435547
 20
455.85888671875
 30
0.0
 11
202.3350067138672
 21
456.451904296875
 31
0.0
  0
LINE
  5
430
330
17
100
AcDbEntity
  8
SCHEMATICS
 62
7
100
AcDbLine
 10
202.3350067138672
 20
456.451904296875
 30
0.0
 11
202.46099853515625
 21
456.7901916503906
 31
0.0
  0
LINE
  5
431
330
17
100
AcDbEntity
  8
SCHEMATICS
 62
7
100
AcDbLine
 10
202.46099853515625
 20
456.7901916503906
 30
0.0
 11
202.5030059814453
 21
457.2139892578125
 31
0.0
  0
LINE
  5
432
330
17
100
AcDbEntity
  8
SCHEMATICS
 62
7
100
AcDbLine
 10
202.5030059814453
 20
457.2139892578125
 30
0.0
 11
202.46099853515625
 21
457.55108642578125
 31
0.0
  0
LINE
  5
433
330
17
100
AcDbEntity
  8
SCHEMATICS
 62
7
100
AcDbLine
 10
202.46099853515625
 20
457.55108642578125
 30
0.0
 11
202.41900634765625
 21
457.7221984863281
 31
0.0
  0
LINE
  5
434
330
17
100
AcDbEntity
  8
SCHEMATICS
 62
7
100
AcDbLine
 10
202.41900634765625
 20
457.7221984863281
 30
0.0
 11
202.3769989013672
 21
457.89019775390625
 31
0.0
  0
LINE
  5
435
330
17
100
AcDbEntity
  8
SCHEMATICS
 62
7
100
AcDbLine
 10
202.3769989013672
 20
457.89019775390625
 30
0.0
 11
202.20899963378906
 21
458.2279968261719
 31
0.0
  0
LINE
  5
436
330
17
100
AcDbEntity
  8
SCHEMATICS
 62
7
100
AcDbLine
 10
202.20899963378906
 20
458.2279968261719
 30
0.0
 11
201.9560089111328
 21
458.48309326171875
 31
0.0
  0
LINE
  5
437
330
17
100
AcDbEntity
  8
SCHEMATICS
 62
7
100
AcDbLine
 10
201.9560089111328
 20
458.48309326171875
 30
0.0
 11
201.70201110839844
 21
458.694091796875
 31
0.0
  0
LINE
  5
438
330
17
100
AcDbEntity
  8
SCHEMATICS
 62
7
100
AcDbLine
 10
201.70201110839844
 20
458.694091796875
 30
0.0
 11
201.4080047607422
 21
458.8639831542969
 31
0.0
  0
LINE
  5
439
330
17
100
AcDbEntity
  8
SCHEMATICS
 62
7
100
AcDbLine
 10
201.4080047607422
 20
458.8639831542969
 30
0.0
 11
200.69100952148438
 21
459.0330810546875
 31
0.0
  0
LINE
  5
43A
330
17
100
AcDbEntity
  8
SCHEMATICS
 62
7
100
AcDbLine
 10
200.69100952148438
 20
459.0330810546875
 30
0.0
 11
196.1790008544922
 21
459.0330810546875
 31
0.0
  0
LINE
  5
43B
330
17
100
AcDbEntity
  8
SCHEMATICS
 62
7
100
AcDbLine
 10
196.1790008544922
 20
459.0330810546875
 30
0.0
 11
196.1790008544922
 21
452.85498046875
 31
0.0
  0
LINE
  5
43C
330
17
100
AcDbEntity
  8
SCHEMATICS
 62
7
100
AcDbLine
 10
196.1790008544922
 20
452.85498046875
 30
0.0
 11
197.82400512695312
 21
452.85498046875
 31
0.0
  0
LINE
  5
43D
330
17
100
AcDbEntity
  8
SCHEMATICS
 62
7
100
AcDbLine
 10
197.82400512695312
 20
452.85498046875
 30
0.0
 11
197.82400512695312
 21
457.93310546875
 31
0.0
  0
LINE
  5
43E
330
17
100
AcDbEntity
  8
SCHEMATICS
 62
7
100
AcDbLine
 10
197.82400512695312
 20
457.93310546875
 30
0.0
 11
200.31100463867188
 21
457.93310546875
 31
0.0
  0
LINE
  5
43F
330
17
100
AcDbEntity
  8
SCHEMATICS
 62
7
100
AcDbLine
 10
200.31100463867188
 20
457.93310546875
 30
0.0
 11
200.6060028076172
 21
457.89019775390625
 31
0.0
  0
LINE
  5
440
330
17
100
AcDbEntity
  8
SCHEMATICS
 62
7
100
AcDbLine
 10
200.6060028076172
 20
457.89019775390625
 30
0.0
 11
200.8190155029297
 21
457.7221984863281
 31
0.0
  0
LINE
  5
441
330
17
100
AcDbEntity
  8
SCHEMATICS
 62
7
100
AcDbLine
 10
200.8190155029297
 20
457.7221984863281
 30
0.0
 11
200.98699951171875
 21
457.4678955078125
 31
0.0
  0
LINE
  5
442
330
17
100
AcDbEntity
  8
SCHEMATICS
 62
7
100
AcDbLine
 10
200.98699951171875
 20
457.4678955078125
 30
0.0
 11
201.0290069580078
 21
457.2139892578125
 31
0.0
  0
LINE
  5
443
330
17
100
AcDbEntity
  8
SCHEMATICS
 62
7
100
AcDbLine
 10
201.0290069580078
 20
457.2139892578125
 30
0.0
 11
200.98699951171875
 21
456.9170837402344
 31
0.0
  0
LINE
  5
444
330
17
100
AcDbEntity
  8
SCHEMATICS
 62
7
100
AcDbLine
 10
200.98699951171875
 20
456.9170837402344
 30
0.0
 11
200.8190155029297
 21
456.74798583984375
 31
0.0
  0
LINE
  5
445
330
17
100
AcDbEntity
  8
SCHEMATICS
 62
7
100
AcDbLine
 10
200.8190155029297
 20
456.74798583984375
 30
0.0
 11
200.56500244140625
 21
456.6221923828125
 31
0.0
  0
LINE
  5
446
330
17
100
AcDbEntity
  8
SCHEMATICS
 62
7
100
AcDbLine
 10
200.56500244140625
 20
456.6221923828125
 30
0.0
 11
200.31100463867188
 21
456.5381774902344
 31
0.0
  0
LINE
  5
447
330
17
100
AcDbEntity
  8
SCHEMATICS
 62
7
100
AcDbLine
 10
196.16600036621094
 20
461.0221862792969
 30
0.0
 11
198.10400390625
 21
461.0221862792969
 31
0.0
  0
LINE
  5
448
330
17
100
AcDbEntity
  8
SCHEMATICS
 62
7
100
AcDbLine
 10
198.10400390625
 20
461.0221862792969
 30
0.0
 11
198.10400390625
 21
461.82489013671875
 31
0.0
  0
LINE
  5
449
330
17
100
AcDbEntity
  8
SCHEMATICS
 62
7
100
AcDbLine
 10
198.10400390625
 20
461.82489013671875
 30
0.0
 11
198.14700317382812
 21
462.0799865722656
 31
0.0
  0
LINE
  5
44A
330
17
100
AcDbEntity
  8
SCHEMATICS
 62
7
100
AcDbLine
 10
198.14700317382812
 20
462.0799865722656
 30
0.0
 11
198.2740020751953
 21
462.3338928222656
 31
0.0
  0
LINE
  5
44B
330
17
100
AcDbEntity
  8
SCHEMATICS
 62
7
100
AcDbLine
 10
198.2740020751953
 20
462.3338928222656
 30
0.0
 11
198.4010009765625
 21
462.5447998046875
 31
0.0
  0
LINE
  5
44C
330
17
100
AcDbEntity
  8
SCHEMATICS
 62
7
100
AcDbLine
 10
198.4010009765625
 20
462.5447998046875
 30
0.0
 11
199.0330047607422
 21
462.8819885253906
 31
0.0
  0
LINE
  5
44D
330
17
100
AcDbEntity
  8
SCHEMATICS
 62
7
100
AcDbLine
 10
199.0330047607422
 20
462.8819885253906
 30
0.0
 11
199.37001037597656
 21
462.9678955078125
 31
0.0
  0
LINE
  5
44E
330
17
100
AcDbEntity
  8
SCHEMATICS
 62
7
100
AcDbLine
 10
199.37001037597656
 20
462.9678955078125
 30
0.0
 11
199.74900817871094
 21
463.0108947753906
 31
0.0
  0
LINE
  5
44F
330
17
100
AcDbEntity
  8
SCHEMATICS
 62
7
100
AcDbLine
 10
199.74900817871094
 20
463.0108947753906
 30
0.0
 11
201.60400390625
 21
463.0108947753906
 31
0.0
  0
LINE
  5
450
330
17
100
AcDbEntity
  8
SCHEMATICS
 62
7
100
AcDbLine
 10
201.60400390625
 20
463.0108947753906
 30
0.0
 11
201.60400390625
 21
461.910888671875
 31
0.0
  0
LINE
  5
451
330
17
100
AcDbEntity
  8
SCHEMATICS
 62
7
100
AcDbLine
 10
201.60400390625
 20
461.910888671875
 30
0.0
 11
200.2530059814453
 21
461.910888671875
 31
0.0
  0
LINE
  5
452
330
17
100
AcDbEntity
  8
SCHEMATICS
 62
7
100
AcDbLine
 10
200.2530059814453
 20
461.910888671875
 30
0.0
 11
199.9600067138672
 21
461.82489013671875
 31
0.0
  0
LINE
  5
453
330
17
100
AcDbEntity
  8
SCHEMATICS
 62
7
100
AcDbLine
 10
199.9600067138672
 20
461.82489013671875
 30
0.0
 11
199.74900817871094
 21
461.69989013671875
 31
0.0
  0
LINE
  5
454
330
17
100
AcDbEntity
  8
SCHEMATICS
 62
7
100
AcDbLine
 10
199.74900817871094
 20
461.69989013671875
 30
0.0
 11
199.66500854492188
 21
461.57220458984375
 31
0.0
  0
LINE
  5
455
330
17
100
AcDbEntity
  8
SCHEMATICS
 62
7
100
AcDbLine
 10
199.66500854492188
 20
461.57220458984375
 30
0.0
 11
199.6230010986328
 21
461.4029846191406
 31
0.0
  0
LINE
  5
456
330
17
100
AcDbEntity
  8
SCHEMATICS
 62
7
100
AcDbLine
 10
199.6230010986328
 20
461.4029846191406
 30
0.0
 11
199.6230010986328
 21
461.0221862792969
 31
0.0
  0
LINE
  5
457
330
17
100
AcDbEntity
  8
SCHEMATICS
 62
7
100
AcDbLine
 10
199.6230010986328
 20
461.0221862792969
 30
0.0
 11
201.60400390625
 21
461.0221862792969
 31
0.0
  0
LINE
  5
458
330
17
100
AcDbEntity
  8
SCHEMATICS
 62
7
100
AcDbLine
 10
201.60400390625
 20
461.0221862792969
 30
0.0
 11
201.60400390625
 21
459.8787841796875
 31
0.0
  0
LINE
  5
459
330
17
100
AcDbEntity
  8
SCHEMATICS
 62
7
100
AcDbLine
 10
201.60400390625
 20
459.8787841796875
 30
0.0
 11
199.6230010986328
 21
459.8787841796875
 31
0.0
  0
LINE
  5
45A
330
17
100
AcDbEntity
  8
SCHEMATICS
 62
7
100
AcDbLine
 10
199.6230010986328
 20
459.8787841796875
 30
0.0
 11
199.6230010986328
 21
459.2030029296875
 31
0.0
  0
LINE
  5
45B
330
17
100
AcDbEntity
  8
SCHEMATICS
 62
7
100
AcDbLine
 10
199.6230010986328
 20
459.2030029296875
 30
0.0
 11
198.10400390625
 21
459.2030029296875
 31
0.0
  0
LINE
  5
45C
330
17
100
AcDbEntity
  8
SCHEMATICS
 62
7
100
AcDbLine
 10
198.10400390625
 20
459.2030029296875
 30
0.0
 11
198.10400390625
 21
459.8787841796875
 31
0.0
  0
LINE
  5
45D
330
17
100
AcDbEntity
  8
SCHEMATICS
 62
7
100
AcDbLine
 10
198.10400390625
 20
459.8787841796875
 30
0.0
 11
196.16600036621094
 21
459.8787841796875
 31
0.0
  0
LWPOLYLINE
  5
45E
330
17
100
AcDbEntity
  8
SCHEMATICS
 62
7
100
AcDbPolyline
 90
9
 70
0
 10
195.38101196289062
 20
596.9860076904297
 10
195.43867975473404
 20
597.5574309825897
 10
195.60404253005981
 20
598.0896224975586
 10
195.86563938856125
 20
598.571191072464
 10
196.21200942993164
 20
598.9907455444336
 10
196.6316917538643
 20
599.3368947505951
 10
197.1132254600525
 20
599.5982475280762
 10
197.64514964818954
 20
599.7634127140045
 10
198.21600341796875
 20
599.8209991455078
  0
LWPOLYLINE
  5
45F
330
17
100
AcDbEntity
  8
SCHEMATICS
 62
7
100
AcDbPolyline
 90
9
 70
0
 10
198.21600341796875
 20
599.8209991455078
 10
198.78743612766266
 20
599.7634127140045
 10
199.31963348388672
 20
599.5982475280762
 10
199.80120503902435
 20
599.3368947505951
 10
200.22076034545898
 20
598.9907455444336
 10
200.56690895557404
 20
598.571191072464
 10
200.82826042175293
 20
598.0896224975586
 10
200.9934242963791
 20
597.5574309825897
 10
201.05101013183594
 20
596.9860076904297
  0
LWPOLYLINE
  5
460
330
17
100
AcDbEntity
  8
SCHEMATICS
 62
7
100
AcDbPolyline
 90
9
 70
0
 10
201.05101013183594
 20
596.9860076904297
 10
200.9934242963791
 20
596.4149067401886
 10
200.82826042175293
 20
595.8829574584961
 10
200.56690895557404
 20
595.4015624523163
 10
200.22076034545898
 20
594.9821243286133
 10
199.80120503902435
 20
594.6360456943512
 10
199.31963348388672
 20
594.3747291564941
 10
198.78743612766266
 20
594.2095773220062
 10
198.21600341796875
 20
594.1519927978516
  0
LWPOLYLINE
  5
461
330
17
100
AcDbEntity
  8
SCHEMATICS
 62
7
100
AcDbPolyline
 90
9
 70
0
 10
198.21600341796875
 20
594.1519927978516
 10
197.64514964818954
 20
594.2095773220062
 10
197.1132254600525
 20
594.3747291564941
 10
196.6316917538643
 20
594.6360456943512
 10
196.21200942993164
 20
594.9821243286133
 10
195.86563938856125
 20
595.4015624523163
 10
195.60404253005981
 20
595.8829574584961
 10
195.43867975473404
 20
596.4149067401886
 10
195.38101196289062
 20
596.9860076904297
  0
LWPOLYLINE
  5
462
330
17
100
AcDbEntity
  8
SCHEMATICS
 62
7
100
AcDbPolyline
 90
5
 70
0
 10
188.37600708007812
 20
535.0220031738281
 10
188.37600708007812
 20
449.406982421875
 10
209.63499450683594
 20
449.406982421875
 10
209.63499450683594
 20
535.0220031738281
 10
188.37600708007812
 20
535.0220031738281
  0
LINE
  5
463
330
17
100
AcDbEntity
  8
SCHEMATICS
 62
7
100
AcDbLine
 10
211.40501403808594
 20
510.6369934082031
 30
0.0
 11
207.92100524902344
 21
511.3559875488281
 31
0.0
  0
LWPOLYLINE
  5
464
330
17
100
AcDbEntity
  8
SCHEMATICS
 62
7
100
AcDbPolyline
 90
9
 70
0
 10
207.92100524902344
 20
511.3559875488281
 10
207.7889537513256
 20
511.3695544600487
 10
207.66542220115662
 20
511.40845823287964
 10
207.55321136116982
 20
511.470003426075
 10
207.45512199401855
 20
511.5514945983887
 10
207.3739548623562
 20
511.6502363085747
 10
207.31251072883606
 20
511.76353311538696
 10
207.27359035611153
 20
511.8886895775795
 10
207.25999450683594
 20
512.0230102539062
  0
LINE
  5
465
330
17
100
AcDbEntity
  8
SCHEMATICS
 62
7
100
AcDbLine
 10
207.25999450683594
 20
512.0230102539062
 30
0.0
 11
207.25999450683594
 21
513.4450073242188
 31
0.0
  0
LWPOLYLINE
  5
466
330
17
100
AcDbEntity
  8
SCHEMATICS
 62
7
100
AcDbPolyline
 90
9
 70
0
 10
207.25999450683594
 20
513.4450073242188
 10
207.27359035611153
 20
513.5795637965202
 10
207.31251072883606
 20
513.7047343254089
 10
207.3739548623562
 20
513.8178821206093
 10
207.45512199401855
 20
513.9163703918457
 10
207.55321136116982
 20
513.9975623488426
 10
207.66542220115662
 20
514.0588212013245
 10
207.7889537513256
 20
514.0975101590157
 10
207.92100524902344
 20
514.1109924316406
  0
LINE
  5
467
330
17
100
AcDbEntity
  8
SCHEMATICS
 62
7
100
AcDbLine
 10
207.92100524902344
 20
514.1109924316406
 30
0.0
 11
211.40501403808594
 21
514.7879943847656
 31
0.0
  0
LINE
  5
468
330
17
100
AcDbEntity
  8
SCHEMATICS
 62
7
100
AcDbLine
 10
211.40501403808594
 20
514.7879943847656
 30
0.0
 11
211.40501403808594
 21
510.6369934082031
 31
0.0
  0
LINE
  5
469
330
17
100
AcDbEntity
  8
SCHEMATICS
 62
7
100
AcDbLine
 10
186.60800170898438
 20
510.6369934082031
 30
0.0
 11
190.08799743652344
 21
511.3559875488281
 31
0.0
  0
LWPOLYLINE
  5
46A
330
17
100
AcDbEntity
  8
SCHEMATICS
 62
7
100
AcDbPolyline
 90
9
 70
0
 10
190.08799743652344
 20
511.3559875488281
 10
190.22123935818672
 20
511.3695544600487
 10
190.34542202949524
 20
511.40845823287964
 10
190.45786198973656
 20
511.470003426075
 10
190.55587577819824
 20
511.5514945983887
 10
190.63677993416786
 20
511.6502363085747
 10
190.69789099693298
 20
511.76353311538696
 10
190.73652550578117
 20
511.8886895775795
 10
190.75
 20
512.0230102539062
  0
LINE
  5
46B
330
17
100
AcDbEntity
  8
SCHEMATICS
 62
7
100
AcDbLine
 10
190.75
 20
512.0230102539062
 30
0.0
 11
190.75
 21
513.4450073242188
 31
0.0
  0
LWPOLYLINE
  5
46C
330
17
100
AcDbEntity
  8
SCHEMATICS
 62
7
100
AcDbPolyline
 90
9
 70
0
 10
190.75
 20
513.4450073242188
 10
190.73652550578117
 20
513.5795637965202
 10
190.69789099693298
 20
513.7047343254089
 10
190.63677993416786
 20
513.8178821206093
 10
190.55587577819824
 20
513.9163703918457
 10
190.45786198973656
 20
513.9975623488426
 10
190.34542202949524
 20
514.0588212013245
 10
190.22123935818672
 20
514.0975101590157
 10
190.08799743652344
 20
514.1109924316406
  0
LINE
  5
46D
330
17
100
AcDbEntity
  8
SCHEMATICS
 62
7
100
AcDbLine
 10
190.08799743652344
 20
514.1109924316406
 30
0.0
 11
186.60800170898438
 21
514.7879943847656
 31
0.0
  0
LINE
  5
46E
330
17
100
AcDbEntity
  8
SCHEMATICS
 62
7
100
AcDbLine
 10
186.60800170898438
 20
514.7879943847656
 30
0.0
 11
186.60800170898438
 21
510.6369934082031
 31
0.0
  0
LINE
  5
46F
330
17
100
AcDbEntity
  8
SCHEMATICS
 62
7
100
AcDbLine
 10
211.40501403808594
 20
471.60809326171875
 30
0.0
 11
207.92100524902344
 21
472.326904296875
 31
0.0
  0
LWPOLYLINE
  5
470
330
17
100
AcDbEntity
  8
SCHEMATICS
 62
7
100
AcDbPolyline
 90
9
 70
0
 10
207.92100524902344
 20
472.326904296875
 10
207.7889537513256
 20
472.34039640426636
 10
207.66542220115662
 20
472.3791198730469
 10
207.55321136116982
 20
472.4404454231262
 10
207.45512199401855
 20
472.52174377441406
 10
207.3739548623562
 20
472.62038564682007
 10
207.31251072883606
 20
472.7337417602539
 10
207.27359035611153
 20
472.85918283462524
 10
207.25999450683594
 20
472.99407958984375
  0
LINE
  5
471
330
17
100
AcDbEntity
  8
SCHEMATICS
 62
7
100
AcDbLine
 10
207.25999450683594
 20
472.99407958984375
 30
0.0
 11
207.25999450683594
 21
474.4151916503906
 31
0.0
  0
LWPOLYLINE
  5
472
330
17
100
AcDbEntity
  8
SCHEMATICS
 62
7
100
AcDbPolyline
 90
9
 70
0
 10
207.25999450683594
 20
474.4151916503906
 10
207.27359035611153
 20
474.55004638433456
 10
207.31251072883606
 20
474.67543363571167
 10
207.3739548623562
 20
474.78872948884964
 10
207.45512199401855
 20
474.8873100280762
 10
207.55321136116982
 20
474.96855133771896
 10
207.66542220115662
 20
475.0298295021057
 10
207.7889537513256
 20
475.0685206055641
 10
207.92100524902344
 20
475.0820007324219
  0
LINE
  5
473
330
17
100
AcDbEntity
  8
SCHEMATICS
 62
7
100
AcDbLine
 10
207.92100524902344
 20
475.0820007324219
 30
0.0
 11
211.40501403808594
 21
475.7569885253906
 31
0.0
  0
LINE
  5
474
330
17
100
AcDbEntity
  8
SCHEMATICS
 62
7
100
AcDbLine
 10
211.40501403808594
 20
475.7569885253906
 30
0.0
 11
211.40501403808594
 21
471.60809326171875
 31
0.0
  0
LINE
  5
475
330
17
100
AcDbEntity
  8
SCHEMATICS
 62
7
100
AcDbLine
 10
186.60800170898438
 20
471.60809326171875
 30
0.0
 11
190.08799743652344
 21
472.326904296875
 31
0.0
  0
LWPOLYLINE
  5
476
330
17
100
AcDbEntity
  8
SCHEMATICS
 62
7
100
AcDbPolyline
 90
9
 70
0
 10
190.08799743652344
 20
472.326904296875
 10
190.22123935818672
 20
472.34039640426636
 10
190.34542202949524
 20
472.3791198730469
 10
190.45786198973656
 20
472.4404454231262
 10
190.55587577819824
 20
472.52174377441406
 10
190.63677993416786
 20
472.62038564682007
 10
190.69789099693298
 20
472.7337417602539
 10
190.73652550578117
 20
472.85918283462524
 10
190.75
 20
472.99407958984375
  0
LINE
  5
477
330
17
100
AcDbEntity
  8
SCHEMATICS
 62
7
100
AcDbLine
 10
190.75
 20
472.99407958984375
 30
0.0
 11
190.75
 21
474.4151916503906
 31
0.0
  0
LWPOLYLINE
  5
478
330
17
100
AcDbEntity
  8
SCHEMATICS
 62
7
100
AcDbPolyline
 90
9
 70
0
 10
190.75
 20
474.4151916503906
 10
190.73652550578117
 20
474.55004638433456
 10
190.69789099693298
 20
474.67543363571167
 10
190.63677993416786
 20
474.78872948884964
 10
190.55587577819824
 20
474.8873100280762
 10
190.45786198973656
 20
474.96855133771896
 10
190.34542202949524
 20
475.0298295021057
 10
190.22123935818672
 20
475.0685206055641
 10
190.08799743652344
 20
475.0820007324219
  0
LINE
  5
479
330
17
100
AcDbEntity
  8
SCHEMATICS
 62
7
100
AcDbLine
 10
190.08799743652344
 20
475.0820007324219
 30
0.0
 11
186.60800170898438
 21
475.7569885253906
 31
0.0
  0
LINE
  5
47A
330
17
100
AcDbEntity
  8
SCHEMATICS
 62
7
100
AcDbLine
 10
186.60800170898438
 20
475.7569885253906
 30
0.0
 11
186.60800170898438
 21
471.60809326171875
 31
0.0
  0
LINE
  5
47B
330
17
100
AcDbEntity
  8
SCHEMATICS
 62
7
100
AcDbLine
 10
333.6510314941406
 20
581.1289978027344
 30
0.0
 11
267.6189880371094
 21
581.1289978027344
 31
0.0
  0
LINE
  5
47C
330
17
100
AcDbEntity
  8
SCHEMATICS
 62
7
100
AcDbLine
 10
267.6189880371094
 20
581.1289978027344
 30
0.0
 11
199.19000244140625
 21
596.9860076904297
 31
0.0
  0
LINE
  5
47D
330
17
100
AcDbEntity
  8
SCHEMATICS
 62
7
100
AcDbLine
 10
333.6510314941406
 20
472.0050048828125
 30
0.0
 11
267.6189880371094
 21
472.0050048828125
 31
0.0
  0
LINE
  5
47E
330
17
100
AcDbEntity
  8
SCHEMATICS
 62
7
100
AcDbLine
 10
267.6189880371094
 20
472.0050048828125
 30
0.0
 11
209.49301147460938
 21
502.7389831542969
 31
0.0
  0
LWPOLYLINE
  5
47F
330
17
100
AcDbEntity
  8
SCHEMATICS
 62
7
100
AcDbPolyline
 90
5
 70
0
 10
58.689998626708984
 20
371.79998779296875
 10
568.9299926757812
 20
371.79998779296875
 10
568.9299926757812
 20
389.6499938964844
 10
58.689998626708984
 20
389.6499938964844
 10
58.689998626708984
 20
371.79998779296875
  0
LWPOLYLINE
  5
480
330
17
100
AcDbEntity
  8
SCHEMATICS
 62
7
100
AcDbPolyline
 90
5
 70
0
 10
58.689998626708984
 20
321.9000244140625
 10
568.9299926757812
 20
321.9000244140625
 10
568.9299926757812
 20
339.75
 10
58.689998626708984
 20
339.75
 10
58.689998626708984
 20
321.9000244140625
  0
LINE
  5
481
330
17
100
AcDbEntity
  8
SCHEMATICS
 62
7
100
AcDbLine
 10
56.689998626708984
 20
37.19549560546875
 30
0.0
 11
406.6698303222656
 21
37.19549560546875
 31
0.0
  0
LWPOLYLINE
  5
482
330
17
100
AcDbEntity
  8
SCHEMATICS
 62
7
100
AcDbPolyline
 90
9
 70
0
 10
524.0565185546875
 20
31.110595703125
 10
524.2281799316406
 20
31.51333224773407
 10
524.5549545288086
 20
31.782904624938965
 10
524.9859962463379
 20
31.924198746681213
 10
525.470458984375
 20
31.942100524902344
 10
525.9574966430664
 20
31.841495871543884
 10
526.3962631225586
 20
31.627270698547363
 10
526.735912322998
 20
31.30431091785431
 10
526.9255981445312
 20
30.87750244140625
  0
LWPOLYLINE
  5
483
330
17
100
AcDbEntity
  8
SCHEMATICS
 62
7
100
AcDbPolyline
 90
9
 70
0
 10
526.9255981445312
 20
30.87750244140625
 10
526.9309260845184
 20
30.80124282836914
 10
526.9352512359619
 20
30.740924835205078
 10
526.9386637210846
 20
30.69476890563965
 10
526.9412536621094
 20
30.660995483398438
 10
526.9431111812592
 20
30.63782501220703
 10
526.9443264007568
 20
30.623477935791016
 10
526.9449894428253
 20
30.616174697875977
 10
526.9451904296875
 20
30.6141357421875
  0
LINE
  5
484
330
17
100
AcDbEntity
  8
SCHEMATICS
 62
7
100
AcDbLine
 10
526.9451904296875
 20
30.6141357421875
 30
0.0
 11
528.708984375
 21
30.6134033203125
 31
0.0
  0
LINE
  5
485
330
17
100
AcDbEntity
  8
SCHEMATICS
 62
7
100
AcDbLine
 10
528.708984375
 20
30.6134033203125
 30
0.0
 11
528.6962280273438
 21
30.82275390625
 31
0.0
  0
LWPOLYLINE
  5
486
330
17
100
AcDbEntity
  8
SCHEMATICS
 62
7
100
AcDbPolyline
 90
9
 70
0
 10
528.6962280273438
 20
30.82275390625
 10
528.6021234989166
 20
31.390471577644348
 10
528.3876056671143
 20
31.902817726135254
 10
528.066202878952
 20
32.35329854488373
 10
527.6514434814453
 20
32.73542022705078
 10
527.1568558216095
 20
33.042688965797424
 10
526.59596824646
 20
33.26861095428467
 10
525.9823091030121
 20
33.40669238567352
 10
525.3294067382812
 20
33.450439453125
  0
LWPOLYLINE
  5
487
330
17
100
AcDbEntity
  8
SCHEMATICS
 62
7
100
AcDbPolyline
 90
9
 70
0
 10
525.3294067382812
 20
33.450439453125
 10
524.7381410598755
 20
33.40235674381256
 10
524.1765899658203
 20
33.26033878326416
 10
523.6606779098511
 20
33.02773082256317
 10
523.2063293457031
 20
32.70787811279297
 10
522.8294687271118
 20
32.304125905036926
 10
522.5460205078125
 20
31.819819450378418
 10
522.3719091415405
 20
31.258303999900818
 10
522.3230590820312
 20
30.6229248046875
  0
LWPOLYLINE
  5
488
330
17
100
AcDbEntity
  8
SCHEMATICS
 62
7
100
AcDbPolyline
 90
9
 70
0
 10
522.3230590820312
 20
30.6229248046875
 10
522.3611755371094
 20
30.267005920410156
 10
522.4548301696777
 20
29.939983367919922
 10
522.5983867645264
 20
29.642446517944336
 10
522.7862091064453
 20
29.374984741210938
 10
523.0126609802246
 20
29.138187408447266
 10
523.2721061706543
 20
28.93264389038086
 10
523.5589084625244
 20
28.758943557739258
 10
523.867431640625
 20
28.61767578125
  0
LWPOLYLINE
  5
489
330
17
100
AcDbEntity
  8
SCHEMATICS
 62
7
100
AcDbPolyline
 90
9
 70
0
 10
523.867431640625
 20
28.61767578125
 10
524.6196002960205
 20
28.346359968185425
 10
525.2687492370605
 20
28.156827926635742
 10
525.8168525695801
 20
28.015060663223267
 10
526.2658843994141
 20
27.887039184570312
 10
526.6178188323975
 20
27.738744497299194
 10
526.8746299743652
 20
27.536157608032227
 10
527.0382919311523
 20
27.245259523391724
 10
527.1107788085938
 20
26.83203125
  0
LWPOLYLINE
  5
48A
330
17
100
AcDbEntity
  8
SCHEMATICS
 62
7
100
AcDbPolyline
 90
9
 70
0
 10
527.1107788085938
 20
26.83203125
 10
527.0805794000626
 20
26.540675282478333
 10
526.9669961929321
 20
26.30520725250244
 10
526.7884234189987
 20
26.121124625205994
 10
526.5632553100586
 20
25.983924865722656
 10
526.309886097908
 20
25.889105439186096
 10
526.0467100143433
 20
25.83216381072998
 10
525.7921212911606
 20
25.808597445487976
 10
525.5645141601562
 20
25.81390380859375
  0
LWPOLYLINE
  5
48B
330
17
100
AcDbEntity
  8
SCHEMATICS
 62
7
100
AcDbPolyline
 90
9
 70
0
 10
525.5645141601562
 20
25.81390380859375
 10
525.2884863615036
 20
25.846108555793762
 10
525.0239362716675
 20
25.896401405334473
 10
524.7750917673111
 20
25.968908667564392
 10
524.5461807250977
 20
26.06775665283203
 10
524.3414310216904
 20
26.1970716714859
 10
524.1650705337524
 20
26.36098003387451
 10
524.0213271379471
 20
26.563608050346375
 10
523.9144287109375
 20
26.80908203125
  0
LWPOLYLINE
  5
48C
330
17
100
AcDbEntity
  8
SCHEMATICS
 62
7
100
AcDbPolyline
 90
9
 70
0
 10
523.9144287109375
 20
26.80908203125
 10
523.8961619138718
 20
26.866910815238953
 10
523.8809270858765
 20
26.920573234558105
 10
523.8685404062271
 20
26.9716078042984
 10
523.8588180541992
 20
27.02155303955078
 10
523.8515762090683
 20
27.07194745540619
 10
523.8466310501099
 20
27.124329566955566
 10
523.8437987565994
 20
27.180237889289856
 10
523.8428955078125
 20
27.2412109375
  0
LINE
  5
48D
330
17
100
AcDbEntity
  8
SCHEMATICS
 62
7
100
AcDbLine
 10
523.8428955078125
 20
27.2412109375
 30
0.0
 11
523.8428955078125
 21
27.36181640625
 31
0.0
  0
LINE
  5
48E
330
17
100
AcDbEntity
  8
SCHEMATICS
 62
7
100
AcDbLine
 10
523.8428955078125
 20
27.36181640625
 30
0.0
 11
522.0604858398438
 21
27.36181640625
 31
0.0
  0
LINE
  5
48F
330
17
100
AcDbEntity
  8
SCHEMATICS
 62
7
100
AcDbLine
 10
522.0604858398438
 20
27.36181640625
 30
0.0
 11
522.0604858398438
 21
27.10150146484375
 31
0.0
  0
LWPOLYLINE
  5
490
330
17
100
AcDbEntity
  8
SCHEMATICS
 62
7
100
AcDbPolyline
 90
9
 70
0
 10
522.0604858398438
 20
27.10150146484375
 10
522.1381323337555
 20
26.432580947875977
 10
522.3579273223877
 20
25.845840454101562
 10
522.7001540660858
 20
25.344083786010742
 10
523.1450958251953
 20
24.93011474609375
 10
523.6730358600616
 20
24.60673713684082
 10
524.2642574310303
 20
24.376754760742188
 10
524.8990437984467
 20
24.242971420288086
 10
525.5576782226562
 20
24.20819091796875
  0
LWPOLYLINE
  5
491
330
17
100
AcDbEntity
  8
SCHEMATICS
 62
7
100
AcDbPolyline
 90
9
 70
0
 10
525.5576782226562
 20
24.20819091796875
 10
526.1911962032318
 20
24.265292763710022
 10
526.8030376434326
 20
24.405613899230957
 10
527.3727161884308
 20
24.630056262016296
 10
527.8797454833984
 20
24.93952178955078
 10
528.3036391735077
 20
25.334912419319153
 10
528.6239109039307
 20
25.817130088806152
 10
528.8200743198395
 20
26.38707673549652
 10
528.8716430664062
 20
27.045654296875
  0
LWPOLYLINE
  5
492
330
17
100
AcDbEntity
  8
SCHEMATICS
 62
7
100
AcDbPolyline
 90
9
 70
0
 10
528.8716430664062
 20
27.045654296875
 10
528.612407207489
 20
28.173970580101013
 10
528.0170211791992
 20
28.925097465515137
 10
527.2046093940735
 20
29.399029850959778
 10
526.2942962646484
 20
29.695762634277344
 10
525.4052062034607
 20
29.91529071331024
 10
524.6564636230469
 20
30.15760898590088
 10
524.1671929359436
 20
30.522712349891663
 10
524.0565185546875
 20
31.110595703125
  0
LINE
  5
493
330
17
100
AcDbEntity
  8
SCHEMATICS
 62
7
100
AcDbLine
 10
519.2796020507812
 20
29.77667236328125
 30
0.0
 11
516.0410766601562
 21
29.77667236328125
 31
0.0
  0
LINE
  5
494
330
17
100
AcDbEntity
  8
SCHEMATICS
 62
7
100
AcDbLine
 10
516.0410766601562
 20
29.77667236328125
 30
0.0
 11
516.0410766601562
 21
33.25250244140625
 31
0.0
  0
LINE
  5
495
330
17
100
AcDbEntity
  8
SCHEMATICS
 62
7
100
AcDbLine
 10
516.0410766601562
 20
33.25250244140625
 30
0.0
 11
514.2596435546875
 21
33.25250244140625
 31
0.0
  0
LINE
  5
496
330
17
100
AcDbEntity
  8
SCHEMATICS
 62
7
100
AcDbLine
 10
514.2596435546875
 20
33.25250244140625
 30
0.0
 11
514.2596435546875
 21
24.43133544921875
 31
0.0
  0
LINE
  5
497
330
17
100
AcDbEntity
  8
SCHEMATICS
 62
7
100
AcDbLine
 10
514.2596435546875
 20
24.43133544921875
 30
0.0
 11
516.0410766601562
 21
24.43133544921875
 31
0.0
  0
LINE
  5
498
330
17
100
AcDbEntity
  8
SCHEMATICS
 62
7
100
AcDbLine
 10
516.0410766601562
 20
24.43133544921875
 30
0.0
 11
516.0410766601562
 21
28.203857421875
 31
0.0
  0
LINE
  5
499
330
17
100
AcDbEntity
  8
SCHEMATICS
 62
7
100
AcDbLine
 10
516.0410766601562
 20
28.203857421875
 30
0.0
 11
519.2796020507812
 21
28.203857421875
 31
0.0
  0
LINE
  5
49A
330
17
100
AcDbEntity
  8
SCHEMATICS
 62
7
100
AcDbLine
 10
519.2796020507812
 20
28.203857421875
 30
0.0
 11
519.2796020507812
 21
24.43133544921875
 31
0.0
  0
LINE
  5
49B
330
17
100
AcDbEntity
  8
SCHEMATICS
 62
7
100
AcDbLine
 10
519.2796020507812
 20
24.43133544921875
 30
0.0
 11
521.0482788085938
 21
24.43133544921875
 31
0.0
  0
LINE
  5
49C
330
17
100
AcDbEntity
  8
SCHEMATICS
 62
7
100
AcDbLine
 10
521.0482788085938
 20
24.43133544921875
 30
0.0
 11
521.0482788085938
 21
33.25250244140625
 31
0.0
  0
LINE
  5
49D
330
17
100
AcDbEntity
  8
SCHEMATICS
 62
7
100
AcDbLine
 10
521.0482788085938
 20
33.25250244140625
 30
0.0
 11
519.2796020507812
 21
33.25250244140625
 31
0.0
  0
LINE
  5
49E
330
17
100
AcDbEntity
  8
SCHEMATICS
 62
7
100
AcDbLine
 10
519.2796020507812
 20
33.25250244140625
 30
0.0
 11
519.2796020507812
 21
29.77667236328125
 31
0.0
  0
LINE
  5
49F
330
17
100
AcDbEntity
  8
SCHEMATICS
 62
7
100
AcDbLine
 10
513.073974609375
 20
27.8341064453125
 30
0.0
 11
511.34161376953125
 21
27.8341064453125
 31
0.0
  0
LINE
  5
4A0
330
17
100
AcDbEntity
  8
SCHEMATICS
 62
7
100
AcDbLine
 10
511.34161376953125
 20
27.8341064453125
 30
0.0
 11
511.34161376953125
 21
27.56085205078125
 31
0.0
  0
LWPOLYLINE
  5
4A1
330
17
100
AcDbEntity
  8
SCHEMATICS
 62
7
100
AcDbPolyline
 90
9
 70
0
 10
511.34161376953125
 20
27.56085205078125
 10
511.3037340641022
 20
27.20690166950226
 10
511.1958522796631
 20
26.875508308410645
 10
511.0266044139862
 20
26.575055480003357
 10
510.80462646484375
 20
26.313926696777344
 10
510.53855443000793
 20
26.100505471229553
 10
510.237024307251
 20
25.943175315856934
 10
509.9086720943451
 20
25.850319743156433
 10
509.5621337890625
 20
25.830322265625
  0
LWPOLYLINE
  5
4A2
330
17
100
AcDbEntity
  8
SCHEMATICS
 62
7
100
AcDbPolyline
 90
9
 70
0
 10
509.5621337890625
 20
25.830322265625
 10
509.0928023457527
 20
25.894997119903564
 10
508.69863748550415
 20
26.020729064941406
 10
508.3713955283165
 20
26.20244550704956
 10
508.10283279418945
 20
26.435073852539062
 10
507.8847056031227
 20
26.713541507720947
 10
507.70877027511597
 20
27.03277587890625
 10
507.5667831301689
 20
27.387704372406006
 10
507.45050048828125
 20
27.77325439453125
  0
LWPOLYLINE
  5
4A3
330
17
100
AcDbEntity
  8
SCHEMATICS
 62
7
100
AcDbPolyline
 90
9
 70
0
 10
507.45050048828125
 20
27.77325439453125
 10
507.4141141176224
 20
27.923146963119507
 10
507.3878221511841
 20
28.068998336791992
 10
507.3702348470688
 20
28.21326756477356
 10
507.3599624633789
 20
28.358413696289062
 10
507.35561525821686
 20
28.506895780563354
 10
507.35580348968506
 20
28.66117286682129
 10
507.3591374158859
 20
28.82370400428772
 10
507.3642272949219
 20
28.9969482421875
  0
LWPOLYLINE
  5
4A4
330
17
100
AcDbEntity
  8
SCHEMATICS
 62
7
100
AcDbPolyline
 90
9
 70
0
 10
507.3642272949219
 20
28.9969482421875
 10
507.3736327290535
 20
29.18614137172699
 10
507.39075326919556
 20
29.371806144714355
 10
507.4143947958946
 20
29.55167305469513
 10
507.44336318969727
 20
29.723472595214844
 10
507.47646433115005
 20
29.88493525981903
 10
507.51250410079956
 20
30.033791542053223
 10
507.55028837919235
 20
30.16777193546295
 10
507.588623046875
 20
30.28460693359375
  0
LWPOLYLINE
  5
4A5
330
17
100
AcDbEntity
  8
SCHEMATICS
 62
7
100
AcDbPolyline
 90
9
 70
0
 10
507.588623046875
 20
30.28460693359375
 10
507.72687143087387
 20
30.61489701271057
 10
507.9023241996765
 20
30.916154861450195
 10
508.11323577165604
 20
31.183106184005737
 10
508.35786056518555
 20
31.410476684570312
 10
508.63445299863815
 20
31.592992067337036
 10
508.94126749038696
 20
31.725378036499023
 10
509.2765584588051
 20
31.80236029624939
 10
509.6385803222656
 20
31.81866455078125
  0
LWPOLYLINE
  5
4A6
330
17
100
AcDbEntity
  8
SCHEMATICS
 62
7
100
AcDbPolyline
 90
9
 70
0
 10
509.6385803222656
 20
31.81866455078125
 10
509.87680077552795
 20
31.796282291412354
 10
510.0969581604004
 20
31.75125503540039
 10
510.3002812862396
 20
31.682841777801514
 10
510.48799896240234
 20
31.590301513671875
 10
510.66133999824524
 20
31.472893238067627
 10
510.821533203125
 20
31.329875946044922
 10
510.9698073863983
 20
31.160508632659912
 10
511.1073913574219
 20
30.96405029296875
  0
LWPOLYLINE
  5
4A7
330
17
100
AcDbEntity
  8
SCHEMATICS
 62
7
100
AcDbPolyline
 90
9
 70
0
 10
511.1073913574219
 20
30.96405029296875
 10
511.161523938179
 20
30.87361240386963
 10
511.2064619064331
 20
30.78799819946289
 10
511.2434791326523
 20
30.70491886138916
 10
511.2738494873047
 20
30.622085571289062
 10
511.29884684085846
 20
30.537209510803223
 10
511.31974506378174
 20
30.448001861572266
 10
511.33781802654266
 20
30.352173805236816
 10
511.3543395996094
 20
30.2474365234375
  0
LINE
  5
4A8
330
17
100
AcDbEntity
  8
SCHEMATICS
 62
7
100
AcDbLine
 10
511.3543395996094
 20
30.2474365234375
 30
0.0
 11
513.073974609375
 21
30.2474365234375
 31
0.0
  0
LINE
  5
4A9
330
17
100
AcDbEntity
  8
SCHEMATICS
 62
7
100
AcDbLine
 10
513.073974609375
 20
30.2474365234375
 30
0.0
 11
513.0358276367188
 21
30.46795654296875
 31
0.0
  0
LWPOLYLINE
  5
4AA
330
17
100
AcDbEntity
  8
SCHEMATICS
 62
7
100
AcDbPolyline
 90
9
 70
0
 10
513.0358276367188
 20
30.46795654296875
 10
513.0048934817314
 20
30.649540424346924
 10
512.9609999656677
 20
30.858489990234375
 10
512.8958683609962
 20
31.093177318572998
 10
512.8012199401855
 20
31.351974487304688
 10
512.6687759757042
 20
31.633253574371338
 10
512.4902577400208
 20
31.935386657714844
 10
512.2573865056038
 20
32.2567458152771
 10
511.9618835449219
 20
32.595703125
  0
LWPOLYLINE
  5
4AB
330
17
100
AcDbEntity
  8
SCHEMATICS
 62
7
100
AcDbPolyline
 90
9
 70
0
 10
511.9618835449219
 20
32.595703125
 10
511.7117108106613
 20
32.83224594593048
 10
511.45226192474365
 20
33.02333927154541
 10
511.181516289711
 20
33.17320096492767
 10
510.89745330810547
 20
33.286048889160156
 10
510.5980523824692
 20
33.366100907325745
 10
510.28129291534424
 20
33.417574882507324
 10
509.94515430927277
 20
33.44468867778778
 10
509.5876159667969
 20
33.45166015625
  0
LWPOLYLINE
  5
4AC
330
17
100
AcDbEntity
  8
SCHEMATICS
 62
7
100
AcDbPolyline
 90
9
 70
0
 10
509.5876159667969
 20
33.45166015625
 10
509.28252321481705
 20
33.44221830368042
 10
509.0023617744446
 20
33.41667175292969
 10
508.7407347559929
 20
33.37355852127075
 10
508.4912452697754
 20
33.31141662597656
 10
508.2474964261055
 20
33.22878408432007
 10
508.00309133529663
 20
33.12419891357422
 10
507.7516331076622
 20
32.99619913101196
 10
507.4867248535156
 20
32.84332275390625
  0
LWPOLYLINE
  5
4AD
330
17
100
AcDbEntity
  8
SCHEMATICS
 62
7
100
AcDbPolyline
 90
9
 70
0
 10
507.4867248535156
 20
32.84332275390625
 10
506.9954826235771
 20
32.49401271343231
 10
506.5961375236511
 20
32.09853649139404
 10
506.2798128724098
 20
31.660332322120667
 10
506.0376319885254
 20
31.182838439941406
 10
505.86071819067
 20
30.669493079185486
 10
505.74019479751587
 20
30.12373447418213
 10
505.66718512773514
 20
29.54900085926056
 10
505.6328125
 20
28.94873046875
  0
LWPOLYLINE
  5
4AE
330
17
100
AcDbEntity
  8
SCHEMATICS
 62
7
100
AcDbPolyline
 90
9
 70
0
 10
505.6328125
 20
28.94873046875
 10
505.6692803502083
 20
28.084422826766968
 10
505.8251118659973
 20
27.23802375793457
 10
506.10162776708603
 20
26.438742876052856
 10
506.50014877319336
 20
25.715789794921875
 10
507.02199560403824
 20
25.098374128341675
 10
507.6684889793396
 20
24.615705490112305
 10
508.4409496188164
 20
24.296993494033813
 10
509.3406982421875
 20
24.17144775390625
  0
LWPOLYLINE
  5
4AF
330
17
100
AcDbEntity
  8
SCHEMATICS
 62
7
100
AcDbPolyline
 90
9
 70
0
 10
509.3406982421875
 20
24.17144775390625
 10
510.005044400692
 20
24.212571501731873
 10
510.63686323165894
 20
24.350783348083496
 10
511.2237403988838
 20
24.582045674324036
 10
511.7532615661621
 20
24.902320861816406
 10
512.2130123972893
 20
25.307571291923523
 10
512.5905785560608
 20
25.7937593460083
 10
512.8735457062721
 20
26.356847405433655
 10
513.0494995117188
 20
26.9927978515625
  0
LWPOLYLINE
  5
4B0
330
17
100
AcDbEntity
  8
SCHEMATICS
 62
7
100
AcDbPolyline
 90
9
 70
0
 10
513.0494995117188
 20
26.9927978515625
 10
513.0650951862335
 20
27.086491346359253
 10
513.0773906707764
 20
27.172624588012695
 10
513.0864903926849
 20
27.253759622573853
 10
513.0924987792969
 20
27.33245849609375
 10
513.0955202579498
 20
27.411283254623413
 10
513.0956592559814
 20
27.492795944213867
 10
513.0930202007294
 20
27.579558610916138
 10
513.0877075195312
 20
27.67413330078125
  0
LINE
  5
4B1
330
17
100
AcDbEntity
  8
SCHEMATICS
 62
7
100
AcDbLine
 10
513.0877075195312
 20
27.67413330078125
 30
0.0
 11
513.073974609375
 21
27.8341064453125
 31
0.0
  0
LINE
  5
4B2
330
17
100
AcDbEntity
  8
SCHEMATICS
 62
7
100
AcDbLine
 10
502.83721923828125
 20
28.16790771484375
 30
0.0
 11
502.83721923828125
 21
27.42535400390625
 31
0.0
  0
LWPOLYLINE
  5
4B3
330
17
100
AcDbEntity
  8
SCHEMATICS
 62
7
100
AcDbPolyline
 90
9
 70
0
 10
502.83721923828125
 20
27.42535400390625
 10
502.8299404978752
 20
27.232003808021545
 10
502.807101726532
 20
27.051526069641113
 10
502.7671990990639
 20
26.88301455974579
 10
502.7087287902832
 20
26.725563049316406
 10
502.6301869750023
 20
26.5782653093338
 10
502.53006982803345
 20
26.44021511077881
 10
502.406873524189
 20
26.310506224632263
 10
502.25909423828125
 20
26.188232421875
  0
LWPOLYLINE
  5
4B4
330
17
100
AcDbEntity
  8
SCHEMATICS
 62
7
100
AcDbPolyline
 90
9
 70
0
 10
502.25909423828125
 20
26.188232421875
 10
502.126893222332
 20
26.10038661956787
 10
501.9971079826355
 20
26.033924102783203
 10
501.8675566315651
 20
25.98604106903076
 10
501.73605728149414
 20
25.953933715820312
 10
501.600428044796
 20
25.93479824066162
 10
501.458487033844
 20
25.925830841064453
 10
501.3080523610115
 20
25.924227714538574
 10
501.1469421386719
 20
25.92718505859375
  0
LWPOLYLINE
  5
4B5
330
17
100
AcDbEntity
  8
SCHEMATICS
 62
7
100
AcDbPolyline
 90
9
 70
0
 10
501.1469421386719
 20
25.92718505859375
 10
501.00340205430984
 20
25.93287193775177
 10
500.8703293800354
 20
25.94170093536377
 10
500.74532264471054
 20
25.955950140953064
 10
500.62598037719727
 20
25.97789764404297
 10
500.5099011063576
 20
26.0098215341568
 10
500.39468336105347
 20
26.05399990081787
 10
500.27792567014694
 20
26.1127108335495
 10
500.1572265625
 20
26.188232421875
  0
LWPOLYLINE
  5
4B6
330
17
100
AcDbEntity
  8
SCHEMATICS
 62
7
100
AcDbPolyline
 90
9
 70
0
 10
500.1572265625
 20
26.188232421875
 10
500.0005404949188
 20
26.307251811027527
 10
499.8682403564453
 20
26.434447288513184
 10
499.75881123542786
 20
26.57081949710846
 10
499.67073822021484
 20
26.717369079589844
 10
499.60250639915466
 20
26.875096678733826
 10
499.5526008605957
 20
27.045002937316895
 10
499.51950669288635
 20
27.22808849811554
 10
499.501708984375
 20
27.42535400390625
  0
LINE
  5
4B7
330
17
100
AcDbEntity
  8
SCHEMATICS
 62
7
100
AcDbLine
 10
499.501708984375
 20
27.42535400390625
 30
0.0
 11
499.4634704589844
 21
28.16790771484375
 31
0.0
  0
LINE
  5
4B8
330
17
100
AcDbEntity
  8
SCHEMATICS
 62
7
100
AcDbLine
 10
499.4634704589844
 20
28.16790771484375
 30
0.0
 11
499.4634704589844
 21
33.25250244140625
 31
0.0
  0
LINE
  5
4B9
330
17
100
AcDbEntity
  8
SCHEMATICS
 62
7
100
AcDbLine
 10
499.4634704589844
 20
33.25250244140625
 30
0.0
 11
497.68304443359375
 21
33.25250244140625
 31
0.0
  0
LINE
  5
4BA
330
17
100
AcDbEntity
  8
SCHEMATICS
 62
7
100
AcDbLine
 10
497.68304443359375
 20
33.25250244140625
 30
0.0
 11
497.68304443359375
 21
27.58721923828125
 31
0.0
  0
LWPOLYLINE
  5
4BB
330
17
100
AcDbEntity
  8
SCHEMATICS
 62
7
100
AcDbPolyline
 90
9
 70
0
 10
497.68304443359375
 20
27.58721923828125
 10
497.68378734588623
 20
27.51250171661377
 10
497.6860466003418
 20
27.44426727294922
 10
497.68986797332764
 20
27.38046169281006
 10
497.69529724121094
 20
27.31903076171875
 10
497.7023801803589
 20
27.257920265197754
 10
497.7111625671387
 20
27.19507598876953
 10
497.7216901779175
 20
27.128443717956543
 10
497.7340087890625
 20
27.05596923828125
  0
LWPOLYLINE
  5
4BC
330
17
100
AcDbEntity
  8
SCHEMATICS
 62
7
100
AcDbPolyline
 90
9
 70
0
 10
497.7340087890625
 20
27.05596923828125
 10
497.84602695703506
 20
26.557808876037598
 10
498.0084080696106
 20
26.100177764892578
 10
498.2219106554985
 20
25.68557071685791
 10
498.4872932434082
 20
25.316482543945312
 10
498.8053143620491
 20
24.995408058166504
 10
499.1767325401306
 20
24.724842071533203
 10
499.60230630636215
 20
24.50727939605713
 10
500.0827941894531
 20
24.34521484375
  0
LWPOLYLINE
  5
4BD
330
17
100
AcDbEntity
  8
SCHEMATICS
 62
7
100
AcDbPolyline
 90
9
 70
0
 10
500.0827941894531
 20
24.34521484375
 10
500.2305748462677
 20
24.310678482055664
 10
500.3671474456787
 20
24.28631591796875
 10
500.49646162986755
 20
24.270421981811523
 10
500.6224670410156
 20
24.26129150390625
 10
500.7491133213043
 20
24.257219314575195
 10
500.88035011291504
 20
24.256500244140625
 10
501.0201270580292
 20
24.257429122924805
 10
501.1723937988281
 20
24.25830078125
  0
LWPOLYLINE
  5
4BE
330
17
100
AcDbEntity
  8
SCHEMATICS
 62
7
100
AcDbPolyline
 90
9
 70
0
 10
501.1723937988281
 20
24.25830078125
 10
501.31607097387314
 20
24.25929045677185
 10
501.44761991500854
 20
24.26202964782715
 10
501.570899784565
 20
24.267478227615356
 10
501.68976974487305
 20
24.276596069335938
 10
501.8080889582634
 20
24.290343046188354
 10
501.92971658706665
 20
24.30967903137207
 10
502.05851179361343
 20
24.335563898086548
 10
502.1983337402344
 20
24.36895751953125
  0
LWPOLYLINE
  5
4BF
330
17
100
AcDbEntity
  8
SCHEMATICS
 62
7
100
AcDbPolyline
 90
9
 70
0
 10
502.1983337402344
 20
24.36895751953125
 10
502.68774914741516
 20
24.529385924339294
 10
503.13267707824707
 20
24.74307155609131
 10
503.5282266139984
 20
25.008654713630676
 10
503.8695068359375
 20
25.32477569580078
 10
504.15162682533264
 20
25.690074801445007
 10
504.36969566345215
 20
26.10319232940674
 10
504.51882243156433
 20
26.562768578529358
 10
504.5941162109375
 20
27.06744384765625
  0
LINE
  5
4C0
330
17
100
AcDbEntity
  8
SCHEMATICS
 62
7
100
AcDbLine
 10
504.5941162109375
 20
27.06744384765625
 30
0.0
 11
504.6294250488281
 21
27.60064697265625
 31
0.0
  0
LINE
  5
4C1
330
17
100
AcDbEntity
  8
SCHEMATICS
 62
7
100
AcDbLine
 10
504.6294250488281
 20
27.60064697265625
 30
0.0
 11
504.6294250488281
 21
33.25250244140625
 31
0.0
  0
LINE
  5
4C2
330
17
100
AcDbEntity
  8
SCHEMATICS
 62
7
100
AcDbLine
 10
504.6294250488281
 20
33.25250244140625
 30
0.0
 11
502.83721923828125
 21
33.25250244140625
 31
0.0
  0
LINE
  5
4C3
330
17
100
AcDbEntity
  8
SCHEMATICS
 62
7
100
AcDbLine
 10
502.83721923828125
 20
33.25250244140625
 30
0.0
 11
502.83721923828125
 21
28.16790771484375
 31
0.0
  0
LINE
  5
4C4
330
17
100
AcDbEntity
  8
SCHEMATICS
 62
7
100
AcDbLine
 10
490.82293701171875
 20
24.43365478515625
 30
0.0
 11
492.6141357421875
 21
24.43365478515625
 31
0.0
  0
LINE
  5
4C5
330
17
100
AcDbEntity
  8
SCHEMATICS
 62
7
100
AcDbLine
 10
492.6141357421875
 20
24.43365478515625
 30
0.0
 11
492.6141357421875
 21
28.16790771484375
 31
0.0
  0
LINE
  5
4C6
330
17
100
AcDbEntity
  8
SCHEMATICS
 62
7
100
AcDbLine
 10
492.6141357421875
 20
28.16790771484375
 30
0.0
 11
496.0358581542969
 21
28.16790771484375
 31
0.0
  0
LINE
  5
4C7
330
17
100
AcDbEntity
  8
SCHEMATICS
 62
7
100
AcDbLine
 10
496.0358581542969
 20
28.16790771484375
 30
0.0
 11
496.0358581542969
 21
29.727294921875
 31
0.0
  0
LINE
  5
4C8
330
17
100
AcDbEntity
  8
SCHEMATICS
 62
7
100
AcDbLine
 10
496.0358581542969
 20
29.727294921875
 30
0.0
 11
492.6141357421875
 21
29.727294921875
 31
0.0
  0
LINE
  5
4C9
330
17
100
AcDbEntity
  8
SCHEMATICS
 62
7
100
AcDbLine
 10
492.6141357421875
 20
29.727294921875
 30
0.0
 11
492.6141357421875
 21
31.61962890625
 31
0.0
  0
LINE
  5
4CA
330
17
100
AcDbEntity
  8
SCHEMATICS
 62
7
100
AcDbLine
 10
492.6141357421875
 20
31.61962890625
 30
0.0
 11
496.5424499511719
 21
31.61962890625
 31
0.0
  0
LINE
  5
4CB
330
17
100
AcDbEntity
  8
SCHEMATICS
 62
7
100
AcDbLine
 10
496.5424499511719
 20
31.61962890625
 30
0.0
 11
496.5424499511719
 21
33.25250244140625
 31
0.0
  0
LINE
  5
4CC
330
17
100
AcDbEntity
  8
SCHEMATICS
 62
7
100
AcDbLine
 10
496.5424499511719
 20
33.25250244140625
 30
0.0
 11
490.82293701171875
 21
33.25250244140625
 31
0.0
  0
LINE
  5
4CD
330
17
100
AcDbEntity
  8
SCHEMATICS
 62
7
100
AcDbLine
 10
490.82293701171875
 20
33.25250244140625
 30
0.0
 11
490.82293701171875
 21
24.43365478515625
 31
0.0
  0
LINE
  5
4CE
330
17
100
AcDbEntity
  8
SCHEMATICS
 62
7
100
AcDbLine
 10
489.4912414550781
 20
28.1697998046875
 30
0.0
 11
487.4443054199219
 21
28.1697998046875
 31
0.0
  0
LINE
  5
4CF
330
17
100
AcDbEntity
  8
SCHEMATICS
 62
7
100
AcDbLine
 10
487.4443054199219
 20
28.1697998046875
 30
0.0
 11
487.4443054199219
 21
30.3094482421875
 31
0.0
  0
LINE
  5
4D0
330
17
100
AcDbEntity
  8
SCHEMATICS
 62
7
100
AcDbLine
 10
487.4443054199219
 20
30.3094482421875
 30
0.0
 11
485.6579284667969
 21
30.3094482421875
 31
0.0
  0
LINE
  5
4D1
330
17
100
AcDbEntity
  8
SCHEMATICS
 62
7
100
AcDbLine
 10
485.6579284667969
 20
30.3094482421875
 30
0.0
 11
485.6579284667969
 21
28.1697998046875
 31
0.0
  0
LINE
  5
4D2
330
17
100
AcDbEntity
  8
SCHEMATICS
 62
7
100
AcDbLine
 10
485.6579284667969
 20
28.1697998046875
 30
0.0
 11
483.6119689941406
 21
28.1697998046875
 31
0.0
  0
LINE
  5
4D3
330
17
100
AcDbEntity
  8
SCHEMATICS
 62
7
100
AcDbLine
 10
483.6119689941406
 20
28.1697998046875
 30
0.0
 11
483.6119689941406
 21
26.6004638671875
 31
0.0
  0
LINE
  5
4D4
330
17
100
AcDbEntity
  8
SCHEMATICS
 62
7
100
AcDbLine
 10
483.6119689941406
 20
26.6004638671875
 30
0.0
 11
485.6579284667969
 21
26.6004638671875
 31
0.0
  0
LINE
  5
4D5
330
17
100
AcDbEntity
  8
SCHEMATICS
 62
7
100
AcDbLine
 10
485.6579284667969
 20
26.6004638671875
 30
0.0
 11
485.6579284667969
 21
24.43212890625
 31
0.0
  0
LINE
  5
4D6
330
17
100
AcDbEntity
  8
SCHEMATICS
 62
7
100
AcDbLine
 10
485.6579284667969
 20
24.43212890625
 30
0.0
 11
487.4443054199219
 21
24.43212890625
 31
0.0
  0
LINE
  5
4D7
330
17
100
AcDbEntity
  8
SCHEMATICS
 62
7
100
AcDbLine
 10
487.4443054199219
 20
24.43212890625
 30
0.0
 11
487.4443054199219
 21
26.6004638671875
 31
0.0
  0
LINE
  5
4D8
330
17
100
AcDbEntity
  8
SCHEMATICS
 62
7
100
AcDbLine
 10
487.4443054199219
 20
26.6004638671875
 30
0.0
 11
489.4912414550781
 21
26.6004638671875
 31
0.0
  0
LINE
  5
4D9
330
17
100
AcDbEntity
  8
SCHEMATICS
 62
7
100
AcDbLine
 10
489.4912414550781
 20
26.6004638671875
 30
0.0
 11
489.4912414550781
 21
28.1697998046875
 31
0.0
  0
LINE
  5
4DA
330
17
100
AcDbEntity
  8
SCHEMATICS
 62
7
100
AcDbLine
 10
478.7429504394531
 20
26.04888916015625
 30
0.0
 11
478.7429504394531
 21
33.24261474609375
 31
0.0
  0
LINE
  5
4DB
330
17
100
AcDbEntity
  8
SCHEMATICS
 62
7
100
AcDbLine
 10
478.7429504394531
 20
33.24261474609375
 30
0.0
 11
476.95269775390625
 21
33.24261474609375
 31
0.0
  0
LINE
  5
4DC
330
17
100
AcDbEntity
  8
SCHEMATICS
 62
7
100
AcDbLine
 10
476.95269775390625
 20
33.24261474609375
 30
0.0
 11
476.95269775390625
 21
24.43365478515625
 31
0.0
  0
LINE
  5
4DD
330
17
100
AcDbEntity
  8
SCHEMATICS
 62
7
100
AcDbLine
 10
476.95269775390625
 20
24.43365478515625
 30
0.0
 11
482.6673889160156
 21
24.43365478515625
 31
0.0
  0
LINE
  5
4DE
330
17
100
AcDbEntity
  8
SCHEMATICS
 62
7
100
AcDbLine
 10
482.6673889160156
 20
24.43365478515625
 30
0.0
 11
482.6673889160156
 21
26.04888916015625
 31
0.0
  0
LINE
  5
4DF
330
17
100
AcDbEntity
  8
SCHEMATICS
 62
7
100
AcDbLine
 10
482.6673889160156
 20
26.04888916015625
 30
0.0
 11
478.7429504394531
 21
26.04888916015625
 31
0.0
  0
LWPOLYLINE
  5
4E0
330
17
100
AcDbEntity
  8
SCHEMATICS
 62
7
100
AcDbPolyline
 90
9
 70
0
 10
473.7053527832031
 20
30.33245849609375
 10
473.66750633716583
 20
30.106778144836426
 10
473.60150241851807
 20
29.91043472290039
 10
473.50922429561615
 20
29.74315357208252
 10
473.3925552368164
 20
29.604660034179688
 10
473.25337851047516
 20
29.49467945098877
 10
473.09357738494873
 20
29.41293716430664
 10
472.91503512859344
 20
29.359158515930176
 10
472.7196350097656
 20
29.33306884765625
  0
LINE
  5
4E1
330
17
100
AcDbEntity
  8
SCHEMATICS
 62
7
100
AcDbLine
 10
472.7196350097656
 20
29.33306884765625
 30
0.0
 11
472.29827880859375
 21
29.30853271484375
 31
0.0
  0
LINE
  5
4E2
330
17
100
AcDbEntity
  8
SCHEMATICS
 62
7
100
AcDbLine
 10
472.29827880859375
 20
29.30853271484375
 30
0.0
 11
470.5981750488281
 21
29.30853271484375
 31
0.0
  0
LINE
  5
4E3
330
17
100
AcDbEntity
  8
SCHEMATICS
 62
7
100
AcDbLine
 10
470.5981750488281
 20
29.30853271484375
 30
0.0
 11
470.5981750488281
 21
31.677490234375
 31
0.0
  0
LINE
  5
4E4
330
17
100
AcDbEntity
  8
SCHEMATICS
 62
7
100
AcDbLine
 10
470.5981750488281
 20
31.677490234375
 30
0.0
 11
472.5079650878906
 21
31.677490234375
 31
0.0
  0
LINE
  5
4E5
330
17
100
AcDbEntity
  8
SCHEMATICS
 62
7
100
AcDbLine
 10
472.5079650878906
 20
31.677490234375
 30
0.0
 11
472.73040771484375
 21
31.677490234375
 31
0.0
  0
LWPOLYLINE
  5
4E6
330
17
100
AcDbEntity
  8
SCHEMATICS
 62
7
100
AcDbPolyline
 90
9
 70
0
 10
472.73040771484375
 20
31.677490234375
 10
472.91297566890717
 20
31.653475284576416
 10
473.08063411712646
 20
31.61478042602539
 10
473.2321664094925
 20
31.555881023406982
 10
473.3663558959961
 20
31.47125244140625
 10
473.4819859266281
 20
31.355370044708252
 10
473.5778398513794
 20
31.202709197998047
 10
473.6527010202408
 20
31.007745265960693
 10
473.7053527832031
 20
30.76495361328125
  0
LWPOLYLINE
  5
4E7
330
17
100
AcDbEntity
  8
SCHEMATICS
 62
7
100
AcDbPolyline
 90
9
 70
0
 10
473.7053527832031
 20
30.76495361328125
 10
473.70890760421753
 20
30.716684579849243
 10
473.71144676208496
 20
30.66556739807129
 10
473.7129702568054
 20
30.6121985912323
 10
473.7134780883789
 20
30.557174682617188
 10
473.7129702568054
 20
30.501092195510864
 10
473.71144676208496
 20
30.444547653198242
 10
473.70890760421753
 20
30.388137578964233
 10
473.7053527832031
 20
30.33245849609375
  0
LWPOLYLINE
  5
4E8
330
17
100
AcDbEntity
  8
SCHEMATICS
 62
7
100
AcDbPolyline
 90
9
 70
0
 10
475.49560546875
 20
25.35650634765625
 10
475.45585918426514
 20
25.611403346061707
 10
475.43127632141113
 20
25.84321117401123
 10
475.4172763824463
 20
26.060374855995178
 10
475.4092788696289
 20
26.271339416503906
 10
475.4027032852173
 20
26.48454988002777
 10
475.3929691314697
 20
26.70845127105713
 10
475.37549591064453
 20
26.951488614082336
 10
475.345703125
 20
27.22210693359375
  0
LWPOLYLINE
  5
4E9
330
17
100
AcDbEntity
  8
SCHEMATICS
 62
7
100
AcDbPolyline
 90
9
 70
0
 10
475.345703125
 20
27.22210693359375
 10
475.3261321783066
 20
27.337576746940613
 10
475.2844648361206
 20
27.483698844909668
 10
475.2209321260452
 20
27.651111245155334
 10
475.1357650756836
 20
27.83045196533203
 10
475.02919471263885
 20
28.012359023094177
 10
474.90145206451416
 20
28.18747043609619
 10
474.75276815891266
 20
28.346424221992493
 10
474.5833740234375
 20
28.4798583984375
  0
LINE
  5
4EA
330
17
100
AcDbEntity
  8
SCHEMATICS
 62
7
100
AcDbLine
 10
474.5833740234375
 20
28.4798583984375
 30
0.0
 11
474.33251953125
 21
28.64215087890625
 31
0.0
  0
LINE
  5
4EB
330
17
100
AcDbEntity
  8
SCHEMATICS
 62
7
100
AcDbLine
 10
474.33251953125
 20
28.64215087890625
 30
0.0
 11
474.6794128417969
 21
28.888671875
 31
0.0
  0
LWPOLYLINE
  5
4EC
330
17
100
AcDbEntity
  8
SCHEMATICS
 62
7
100
AcDbPolyline
 90
9
 70
0
 10
474.6794128417969
 20
28.888671875
 10
474.8468138575554
 20
29.022480249404907
 10
474.9839606285095
 20
29.163545608520508
 10
475.09550338983536
 20
29.313128232955933
 10
475.186092376709
 20
29.472488403320312
 10
475.2603778243065
 20
29.64288640022278
 10
475.32300996780396
 20
29.82558250427246
 10
475.3786390423775
 20
30.02183699607849
 10
475.4319152832031
 20
30.23291015625
  0
LWPOLYLINE
  5
4ED
330
17
100
AcDbEntity
  8
SCHEMATICS
 62
7
100
AcDbPolyline
 90
9
 70
0
 10
475.4319152832031
 20
30.23291015625
 10
475.4714340567589
 20
30.409855484962463
 10
475.49950551986694
 20
30.574467658996582
 10
475.5159805417061
 20
30.730778574943542
 10
475.5207099914551
 20
30.88282012939453
 10
475.5135447382927
 20
31.034624218940735
 10
475.4943356513977
 20
31.19022274017334
 10
475.4629335999489
 20
31.353647589683533
 10
475.419189453125
 20
31.5289306640625
  0
LWPOLYLINE
  5
4EE
330
17
100
AcDbEntity
  8
SCHEMATICS
 62
7
100
AcDbPolyline
 90
9
 70
0
 10
475.419189453125
 20
31.5289306640625
 10
475.3452419042587
 20
31.77685511112213
 10
475.2606134414673
 20
32.00493335723877
 10
475.1616984605789
 20
32.213884234428406
 10
475.0448913574219
 20
32.40442657470703
 10
474.9065865278244
 20
32.57727921009064
 10
474.74317836761475
 20
32.733160972595215
 10
474.55106127262115
 20
32.872790694236755
 10
474.3266296386719
 20
32.99688720703125
  0
LWPOLYLINE
  5
4EF
330
17
100
AcDbEntity
  8
SCHEMATICS
 62
7
100
AcDbPolyline
 90
9
 70
0
 10
474.3266296386719
 20
32.99688720703125
 10
474.1836093068123
 20
33.0613226890564
 10
474.0491108894348
 20
33.113555908203125
 10
473.9196199774742
 20
33.15469980239868
 10
473.79162216186523
 20
33.18586730957031
 10
473.66160303354263
 20
33.208171367645264
 10
473.52604818344116
 20
33.22272491455078
 10
473.3814432024956
 20
33.23064088821411
 10
473.2242736816406
 20
33.2330322265625
  0
LINE
  5
4F0
330
17
100
AcDbEntity
  8
SCHEMATICS
 62
7
100
AcDbLine
 10
473.2242736816406
 20
33.2330322265625
 30
0.0
 11
468.8236083984375
 21
33.2330322265625
 31
0.0
  0
LINE
  5
4F1
330
17
100
AcDbEntity
  8
SCHEMATICS
 62
7
100
AcDbLine
 10
468.8236083984375
 20
33.2330322265625
 30
0.0
 11
468.8236083984375
 21
24.43365478515625
 31
0.0
  0
LINE
  5
4F2
330
17
100
AcDbEntity
  8
SCHEMATICS
 62
7
100
AcDbLine
 10
468.8236083984375
 20
24.43365478515625
 30
0.0
 11
470.5981750488281
 21
24.43365478515625
 31
0.0
  0
LINE
  5
4F3
330
17
100
AcDbEntity
  8
SCHEMATICS
 62
7
100
AcDbLine
 10
470.5981750488281
 20
24.43365478515625
 30
0.0
 11
470.5981750488281
 21
27.8387451171875
 31
0.0
  0
LINE
  5
4F4
330
17
100
AcDbEntity
  8
SCHEMATICS
 62
7
100
AcDbLine
 10
470.5981750488281
 20
27.8387451171875
 30
0.0
 11
472.4697570800781
 21
27.8387451171875
 31
0.0
  0
LINE
  5
4F5
330
17
100
AcDbEntity
  8
SCHEMATICS
 62
7
100
AcDbLine
 10
472.4697570800781
 20
27.8387451171875
 30
0.0
 11
472.73040771484375
 21
27.8387451171875
 31
0.0
  0
LWPOLYLINE
  5
4F6
330
17
100
AcDbEntity
  8
SCHEMATICS
 62
7
100
AcDbPolyline
 90
9
 70
0
 10
472.73040771484375
 20
27.8387451171875
 10
472.81584841012955
 20
27.83481788635254
 10
472.8965573310852
 20
27.82318878173828
 10
472.9725806117058
 20
27.804086685180664
 10
473.0439643859863
 20
27.777740478515625
 10
473.1107547879219
 20
27.7443790435791
 10
473.17299795150757
 20
27.70423126220703
 10
473.2307400107384
 20
27.65752601623535
 10
473.2840270996094
 20
27.6044921875
  0
LWPOLYLINE
  5
4F7
330
17
100
AcDbEntity
  8
SCHEMATICS
 62
7
100
AcDbPolyline
 90
9
 70
0
 10
473.2840270996094
 20
27.6044921875
 10
473.40929436683655
 20
27.45622408390045
 10
473.5088195800781
 20
27.305699348449707
 10
473.5859773159027
 20
27.15076434612274
 10
473.6441421508789
 20
26.98926544189453
 10
473.6866886615753
 20
26.81904900074005
 10
473.71699142456055
 20
26.637961387634277
 10
473.7384250164032
 20
26.443848967552185
 10
473.7543640136719
 20
26.23455810546875
  0
LWPOLYLINE
  5
4F8
330
17
100
AcDbEntity
  8
SCHEMATICS
 62
7
100
AcDbPolyline
 90
9
 70
0
 10
473.7543640136719
 20
26.23455810546875
 10
473.76558941602707
 20
26.02176547050476
 10
473.7728991508484
 20
25.823945999145508
 10
473.7797275185585
 20
25.636234521865845
 10
473.7895088195801
 20
25.453765869140625
 10
473.8056773543358
 20
25.271674871444702
 10
473.8316674232483
 20
25.08509635925293
 10
473.87091332674026
 20
24.88916516304016
 10
473.9268493652344
 20
24.67901611328125
  0
LINE
  5
4F9
330
17
100
AcDbEntity
  8
SCHEMATICS
 62
7
100
AcDbLine
 10
473.9268493652344
 20
24.67901611328125
 30
0.0
 11
474.00128173828125
 21
24.43365478515625
 31
0.0
  0
LINE
  5
4FA
330
17
100
AcDbEntity
  8
SCHEMATICS
 62
7
100
AcDbLine
 10
474.00128173828125
 20
24.43365478515625
 30
0.0
 11
475.69061279296875
 21
24.43365478515625
 31
0.0
  0
LINE
  5
4FB
330
17
100
AcDbEntity
  8
SCHEMATICS
 62
7
100
AcDbLine
 10
475.69061279296875
 20
24.43365478515625
 30
0.0
 11
475.6063537597656
 21
24.74139404296875
 31
0.0
  0
LINE
  5
4FC
330
17
100
AcDbEntity
  8
SCHEMATICS
 62
7
100
AcDbLine
 10
475.6063537597656
 20
24.74139404296875
 30
0.0
 11
475.49560546875
 21
25.35650634765625
 31
0.0
  0
LINE
  5
4FD
330
17
100
AcDbEntity
  8
SCHEMATICS
 62
7
100
AcDbLine
 10
461.565673828125
 20
24.41717529296875
 30
0.0
 11
467.6350402832031
 21
24.41717529296875
 31
0.0
  0
LINE
  5
4FE
330
17
100
AcDbEntity
  8
SCHEMATICS
 62
7
100
AcDbLine
 10
467.6350402832031
 20
24.41717529296875
 30
0.0
 11
467.6350402832031
 21
26.03778076171875
 31
0.0
  0
LINE
  5
4FF
330
17
100
AcDbEntity
  8
SCHEMATICS
 62
7
100
AcDbLine
 10
467.6350402832031
 20
26.03778076171875
 30
0.0
 11
463.35882568359375
 21
26.03778076171875
 31
0.0
  0
LINE
  5
500
330
17
100
AcDbEntity
  8
SCHEMATICS
 62
7
100
AcDbLine
 10
463.35882568359375
 20
26.03778076171875
 30
0.0
 11
463.35882568359375
 21
28.16790771484375
 31
0.0
  0
LINE
  5
501
330
17
100
AcDbEntity
  8
SCHEMATICS
 62
7
100
AcDbLine
 10
463.35882568359375
 20
28.16790771484375
 30
0.0
 11
467.29010009765625
 21
28.16790771484375
 31
0.0
  0
LINE
  5
502
330
17
100
AcDbEntity
  8
SCHEMATICS
 62
7
100
AcDbLine
 10
467.29010009765625
 20
28.16790771484375
 30
0.0
 11
467.29010009765625
 21
29.7138671875
 31
0.0
  0
LINE
  5
503
330
17
100
AcDbEntity
  8
SCHEMATICS
 62
7
100
AcDbLine
 10
467.29010009765625
 20
29.7138671875
 30
0.0
 11
463.35882568359375
 21
29.7138671875
 31
0.0
  0
LINE
  5
504
330
17
100
AcDbEntity
  8
SCHEMATICS
 62
7
100
AcDbLine
 10
463.35882568359375
 20
29.7138671875
 30
0.0
 11
463.35882568359375
 21
31.61846923828125
 31
0.0
  0
LINE
  5
505
330
17
100
AcDbEntity
  8
SCHEMATICS
 62
7
100
AcDbLine
 10
463.35882568359375
 20
31.61846923828125
 30
0.0
 11
467.6350402832031
 21
31.61846923828125
 31
0.0
  0
LINE
  5
506
330
17
100
AcDbEntity
  8
SCHEMATICS
 62
7
100
AcDbLine
 10
467.6350402832031
 20
31.61846923828125
 30
0.0
 11
467.6350402832031
 21
33.2398681640625
 31
0.0
  0
LINE
  5
507
330
17
100
AcDbEntity
  8
SCHEMATICS
 62
7
100
AcDbLine
 10
467.6350402832031
 20
33.2398681640625
 30
0.0
 11
461.565673828125
 21
33.2398681640625
 31
0.0
  0
LINE
  5
508
330
17
100
AcDbEntity
  8
SCHEMATICS
 62
7
100
AcDbLine
 10
461.565673828125
 20
33.2398681640625
 30
0.0
 11
461.565673828125
 21
24.41717529296875
 31
0.0
  0
LINE
  5
509
330
17
100
AcDbEntity
  8
SCHEMATICS
 62
7
100
AcDbLine
 10
457.7930908203125
 20
29.15850830078125
 30
0.0
 11
457.48345947265625
 21
29.1343994140625
 31
0.0
  0
LINE
  5
50A
330
17
100
AcDbEntity
  8
SCHEMATICS
 62
7
100
AcDbLine
 10
457.48345947265625
 20
29.1343994140625
 30
0.0
 11
455.7784729003906
 21
29.1343994140625
 31
0.0
  0
LINE
  5
50B
330
17
100
AcDbEntity
  8
SCHEMATICS
 62
7
100
AcDbLine
 10
455.7784729003906
 20
29.1343994140625
 30
0.0
 11
455.7784729003906
 21
31.69354248046875
 31
0.0
  0
LINE
  5
50C
330
17
100
AcDbEntity
  8
SCHEMATICS
 62
7
100
AcDbLine
 10
455.7784729003906
 20
31.69354248046875
 30
0.0
 11
457.5471496582031
 21
31.69354248046875
 31
0.0
  0
LWPOLYLINE
  5
50D
330
17
100
AcDbEntity
  8
SCHEMATICS
 62
7
100
AcDbPolyline
 90
9
 70
0
 10
457.5471496582031
 20
31.69354248046875
 10
457.5814346075058
 20
31.692522287368774
 10
457.6134214401245
 20
31.68983268737793
 10
457.6437531709671
 20
31.68603014945984
 10
457.6730728149414
 20
31.681671142578125
 10
457.70202338695526
 20
31.67731213569641
 10
457.7312479019165
 20
31.67350959777832
 10
457.76138937473297
 20
31.670819997787476
 10
457.7930908203125
 20
31.6697998046875
  0
LWPOLYLINE
  5
50E
330
17
100
AcDbEntity
  8
SCHEMATICS
 62
7
100
AcDbPolyline
 90
9
 70
0
 10
457.7930908203125
 20
31.6697998046875
 10
458.0090109705925
 20
31.62183403968811
 10
458.1940875053406
 20
31.528493881225586
 10
458.3488021492958
 20
31.396332502365112
 10
458.47363662719727
 20
31.231903076171875
 10
458.569072663784
 20
31.04175877571106
 10
458.63559198379517
 20
30.83245277404785
 10
458.67367631196976
 20
30.610538244247437
 10
458.6838073730469
 20
30.382568359375
  0
LWPOLYLINE
  5
50F
330
17
100
AcDbEntity
  8
SCHEMATICS
 62
7
100
AcDbPolyline
 90
9
 70
0
 10
458.6838073730469
 20
30.382568359375
 10
458.665760576725
 20
30.16236972808838
 10
458.6200222969055
 20
29.948665618896484
 10
458.5471107363701
 20
29.747807502746582
 10
458.4475440979004
 20
29.566146850585938
 10
458.3218405842781
 20
29.410035133361816
 10
458.1705183982849
 20
29.285823822021484
 10
457.9940957427025
 20
29.199864387512207
 10
457.7930908203125
 20
29.15850830078125
  0
LWPOLYLINE
  5
510
330
17
100
AcDbEntity
  8
SCHEMATICS
 62
7
100
AcDbPolyline
 90
9
 70
0
 10
458.4368896484375
 20
33.21575927734375
 10
458.38572800159454
 20
33.22371709346771
 10
458.33477306365967
 20
33.22969722747803
 10
458.283496260643
 20
33.23398220539093
 10
458.2313690185547
 20
33.236854553222656
 10
458.17786276340485
 20
33.23859679698944
 10
458.1224489212036
 20
33.23949146270752
 10
458.0645989179611
 20
33.23982107639313
 10
458.0037841796875
 20
33.2398681640625
  0
LINE
  5
511
330
17
100
AcDbEntity
  8
SCHEMATICS
 62
7
100
AcDbLine
 10
458.0037841796875
 20
33.2398681640625
 30
0.0
 11
453.9745178222656
 21
33.2398681640625
 31
0.0
  0
LINE
  5
512
330
17
100
AcDbEntity
  8
SCHEMATICS
 62
7
100
AcDbLine
 10
453.9745178222656
 20
33.2398681640625
 30
0.0
 11
453.9745178222656
 21
24.43365478515625
 31
0.0
  0
LINE
  5
513
330
17
100
AcDbEntity
  8
SCHEMATICS
 62
7
100
AcDbLine
 10
453.9745178222656
 20
24.43365478515625
 30
0.0
 11
455.7784729003906
 21
24.43365478515625
 31
0.0
  0
LINE
  5
514
330
17
100
AcDbEntity
  8
SCHEMATICS
 62
7
100
AcDbLine
 10
455.7784729003906
 20
24.43365478515625
 30
0.0
 11
455.7784729003906
 21
27.58721923828125
 31
0.0
  0
LINE
  5
515
330
17
100
AcDbEntity
  8
SCHEMATICS
 62
7
100
AcDbLine
 10
455.7784729003906
 20
27.58721923828125
 30
0.0
 11
457.8293762207031
 21
27.58721923828125
 31
0.0
  0
LINE
  5
516
330
17
100
AcDbEntity
  8
SCHEMATICS
 62
7
100
AcDbLine
 10
457.8293762207031
 20
27.58721923828125
 30
0.0
 11
458.18994140625
 21
27.61212158203125
 31
0.0
  0
LWPOLYLINE
  5
517
330
17
100
AcDbEntity
  8
SCHEMATICS
 62
7
100
AcDbPolyline
 90
9
 70
0
 10
458.18994140625
 20
27.61212158203125
 10
458.6889295578003
 20
27.70584237575531
 10
459.1292095184326
 20
27.903494834899902
 10
459.5087471008301
 20
28.189196705818176
 10
459.8255081176758
 20
28.54706573486328
 10
460.07745838165283
 20
28.961219668388367
 10
460.26256370544434
 20
29.415776252746582
 10
460.3787899017334
 20
29.894853234291077
 10
460.4241027832031
 20
30.382568359375
  0
LWPOLYLINE
  5
518
330
17
100
AcDbEntity
  8
SCHEMATICS
 62
7
100
AcDbPolyline
 90
9
 70
0
 10
460.4241027832031
 20
30.382568359375
 10
460.4024211168289
 20
30.81882357597351
 10
460.3193368911743
 20
31.263505935668945
 10
460.173162817955
 20
31.700672388076782
 10
459.9622116088867
 20
32.1143798828125
 10
459.6847959756851
 20
32.48868536949158
 10
459.3392286300659
 20
32.80764579772949
 10
458.9238222837448
 20
33.055318117141724
 10
458.4368896484375
 20
33.21575927734375
  0
LINE
  5
519
330
17
100
AcDbEntity
  8
SCHEMATICS
 62
7
100
AcDbLine
 10
450.2186584472656
 20
29.1546630859375
 30
0.0
 11
449.90899658203125
 21
29.13018798828125
 31
0.0
  0
LINE
  5
51A
330
17
100
AcDbEntity
  8
SCHEMATICS
 62
7
100
AcDbLine
 10
449.90899658203125
 20
29.13018798828125
 30
0.0
 11
448.2010498046875
 21
29.13018798828125
 31
0.0
  0
LINE
  5
51B
330
17
100
AcDbEntity
  8
SCHEMATICS
 62
7
100
AcDbLine
 10
448.2010498046875
 20
29.13018798828125
 30
0.0
 11
448.2010498046875
 21
31.6981201171875
 31
0.0
  0
LINE
  5
51C
330
17
100
AcDbEntity
  8
SCHEMATICS
 62
7
100
AcDbLine
 10
448.2010498046875
 20
31.6981201171875
 30
0.0
 11
449.9717102050781
 21
31.6981201171875
 31
0.0
  0
LWPOLYLINE
  5
51D
330
17
100
AcDbEntity
  8
SCHEMATICS
 62
7
100
AcDbPolyline
 90
9
 70
0
 10
449.9717102050781
 20
31.6981201171875
 10
450.0069183707237
 20
31.697068452835083
 10
450.0395083427429
 20
31.69429588317871
 10
450.0701692700386
 20
31.690376043319702
 10
450.0995903015137
 20
31.685882568359375
 10
450.128460586071
 20
31.681389093399048
 10
450.1574692726135
 20
31.67746925354004
 10
450.1873055100441
 20
31.674696683883667
 10
450.2186584472656
 20
31.67364501953125
  0
LWPOLYLINE
  5
51E
330
17
100
AcDbEntity
  8
SCHEMATICS
 62
7
100
AcDbPolyline
 90
9
 70
0
 10
450.2186584472656
 20
31.67364501953125
 10
450.43553364276886
 20
31.625030159950256
 10
450.6213159561157
 20
31.531140327453613
 10
450.776509642601
 20
31.398496508598328
 10
450.90161895751953
 20
31.233619689941406
 10
450.9971481561661
 20
31.043030858039856
 10
451.06360149383545
 20
30.833250999450684
 10
451.10148322582245
 20
30.610801100730896
 10
451.1112976074219
 20
30.3822021484375
  0
LWPOLYLINE
  5
51F
330
17
100
AcDbEntity
  8
SCHEMATICS
 62
7
100
AcDbPolyline
 90
9
 70
0
 10
451.1112976074219
 20
30.3822021484375
 10
451.092877805233
 20
30.16144847869873
 10
451.04678297042847
 20
29.947223663330078
 10
450.973542034626
 20
29.74587917327881
 10
450.87368392944336
 20
29.563766479492188
 10
450.74773758649826
 20
29.40723705291748
 10
450.59623193740845
 20
29.282642364501953
 10
450.41969591379166
 20
29.19633388519287
 10
450.2186584472656
 20
29.1546630859375
  0
LWPOLYLINE
  5
520
330
17
100
AcDbEntity
  8
SCHEMATICS
 62
7
100
AcDbPolyline
 90
9
 70
0
 10
450.8634033203125
 20
33.22198486328125
 10
450.81204015016556
 20
33.229801654815674
 10
450.7611451148987
 20
33.23567581176758
 10
450.71008771657944
 20
33.23988485336304
 10
450.6582374572754
 20
33.242706298828125
 10
450.6049638390541
 20
33.244417667388916
 10
450.54963636398315
 20
33.245296478271484
 10
450.4916245341301
 20
33.245620250701904
 10
450.4302978515625
 20
33.24566650390625
  0
LINE
  5
521
330
17
100
AcDbEntity
  8
SCHEMATICS
 62
7
100
AcDbLine
 10
450.4302978515625
 20
33.24566650390625
 30
0.0
 11
446.3931884765625
 21
33.24566650390625
 31
0.0
  0
LINE
  5
522
330
17
100
AcDbEntity
  8
SCHEMATICS
 62
7
100
AcDbLine
 10
446.3931884765625
 20
33.24566650390625
 30
0.0
 11
446.3931884765625
 21
24.4183349609375
 31
0.0
  0
LINE
  5
523
330
17
100
AcDbEntity
  8
SCHEMATICS
 62
7
100
AcDbLine
 10
446.3931884765625
 20
24.4183349609375
 30
0.0
 11
448.2010498046875
 21
24.4183349609375
 31
0.0
  0
LINE
  5
524
330
17
100
AcDbEntity
  8
SCHEMATICS
 62
7
100
AcDbLine
 10
448.2010498046875
 20
24.4183349609375
 30
0.0
 11
448.2010498046875
 21
27.5819091796875
 31
0.0
  0
LINE
  5
525
330
17
100
AcDbEntity
  8
SCHEMATICS
 62
7
100
AcDbLine
 10
448.2010498046875
 20
27.5819091796875
 30
0.0
 11
450.2548828125
 21
27.5819091796875
 31
0.0
  0
LINE
  5
526
330
17
100
AcDbEntity
  8
SCHEMATICS
 62
7
100
AcDbLine
 10
450.2548828125
 20
27.5819091796875
 30
0.0
 11
450.616455078125
 21
27.6055908203125
 31
0.0
  0
LWPOLYLINE
  5
527
330
17
100
AcDbEntity
  8
SCHEMATICS
 62
7
100
AcDbPolyline
 90
9
 70
0
 10
450.616455078125
 20
27.6055908203125
 10
451.11662501096725
 20
27.69943630695343
 10
451.5581622123718
 20
27.897446632385254
 10
451.93893057107925
 20
28.183715224266052
 10
452.2567939758301
 20
28.542335510253906
 10
452.50961631536484
 20
28.957400918006897
 10
452.6952614784241
 20
29.413004875183105
 10
452.8115933537483
 20
29.893240809440613
 10
452.8564758300781
 20
30.3822021484375
  0
LWPOLYLINE
  5
528
330
17
100
AcDbEntity
  8
SCHEMATICS
 62
7
100
AcDbPolyline
 90
9
 70
0
 10
452.8564758300781
 20
30.3822021484375
 10
452.835183262825
 20
30.819932222366333
 10
452.75189304351807
 20
31.265851974487305
 10
452.60505521297455
 20
31.704044103622437
 10
452.3931198120117
 20
32.11859130859375
 10
452.11453688144684
 20
32.49357628822327
 10
451.76775646209717
 20
32.81308174133301
 10
451.35122859477997
 20
33.061190366744995
 10
450.8634033203125
 20
33.22198486328125
  0
LINE
  5
529
330
17
100
AcDbEntity
  8
SCHEMATICS
 62
7
100
AcDbLine
 10
439.1851806640625
 20
24.41717529296875
 30
0.0
 11
445.2545471191406
 21
24.41717529296875
 31
0.0
  0
LINE
  5
52A
330
17
100
AcDbEntity
  8
SCHEMATICS
 62
7
100
AcDbLine
 10
445.2545471191406
 20
24.41717529296875
 30
0.0
 11
445.2545471191406
 21
26.03778076171875
 31
0.0
  0
LINE
  5
52B
330
17
100
AcDbEntity
  8
SCHEMATICS
 62
7
100
AcDbLine
 10
445.2545471191406
 20
26.03778076171875
 30
0.0
 11
440.9773864746094
 21
26.03778076171875
 31
0.0
  0
LINE
  5
52C
330
17
100
AcDbEntity
  8
SCHEMATICS
 62
7
100
AcDbLine
 10
440.9773864746094
 20
26.03778076171875
 30
0.0
 11
440.9773864746094
 21
28.16790771484375
 31
0.0
  0
LINE
  5
52D
330
17
100
AcDbEntity
  8
SCHEMATICS
 62
7
100
AcDbLine
 10
440.9773864746094
 20
28.16790771484375
 30
0.0
 11
444.9096374511719
 21
28.16790771484375
 31
0.0
  0
LINE
  5
52E
330
17
100
AcDbEntity
  8
SCHEMATICS
 62
7
100
AcDbLine
 10
444.9096374511719
 20
28.16790771484375
 30
0.0
 11
444.9096374511719
 21
29.7138671875
 31
0.0
  0
LINE
  5
52F
330
17
100
AcDbEntity
  8
SCHEMATICS
 62
7
100
AcDbLine
 10
444.9096374511719
 20
29.7138671875
 30
0.0
 11
440.9773864746094
 21
29.7138671875
 31
0.0
  0
LINE
  5
530
330
17
100
AcDbEntity
  8
SCHEMATICS
 62
7
100
AcDbLine
 10
440.9773864746094
 20
29.7138671875
 30
0.0
 11
440.9773864746094
 21
31.61846923828125
 31
0.0
  0
LINE
  5
531
330
17
100
AcDbEntity
  8
SCHEMATICS
 62
7
100
AcDbLine
 10
440.9773864746094
 20
31.61846923828125
 30
0.0
 11
445.2545471191406
 21
31.61846923828125
 31
0.0
  0
LINE
  5
532
330
17
100
AcDbEntity
  8
SCHEMATICS
 62
7
100
AcDbLine
 10
445.2545471191406
 20
31.61846923828125
 30
0.0
 11
445.2545471191406
 21
33.2398681640625
 31
0.0
  0
LINE
  5
533
330
17
100
AcDbEntity
  8
SCHEMATICS
 62
7
100
AcDbLine
 10
445.2545471191406
 20
33.2398681640625
 30
0.0
 11
439.1851806640625
 21
33.2398681640625
 31
0.0
  0
LINE
  5
534
330
17
100
AcDbEntity
  8
SCHEMATICS
 62
7
100
AcDbLine
 10
439.1851806640625
 20
33.2398681640625
 30
0.0
 11
439.1851806640625
 21
24.41717529296875
 31
0.0
  0
LINE
  5
535
330
17
100
AcDbEntity
  8
SCHEMATICS
 62
7
100
AcDbLine
 10
435.48712158203125
 20
29.15924072265625
 30
0.0
 11
435.177490234375
 21
29.1343994140625
 31
0.0
  0
LINE
  5
536
330
17
100
AcDbEntity
  8
SCHEMATICS
 62
7
100
AcDbLine
 10
435.177490234375
 20
29.1343994140625
 30
0.0
 11
433.47344970703125
 21
29.1343994140625
 31
0.0
  0
LINE
  5
537
330
17
100
AcDbEntity
  8
SCHEMATICS
 62
7
100
AcDbLine
 10
433.47344970703125
 20
29.1343994140625
 30
0.0
 11
433.47344970703125
 21
31.69354248046875
 31
0.0
  0
LINE
  5
538
330
17
100
AcDbEntity
  8
SCHEMATICS
 62
7
100
AcDbLine
 10
433.47344970703125
 20
31.69354248046875
 30
0.0
 11
435.23919677734375
 21
31.69354248046875
 31
0.0
  0
LWPOLYLINE
  5
539
330
17
100
AcDbEntity
  8
SCHEMATICS
 62
7
100
AcDbPolyline
 90
9
 70
0
 10
435.23919677734375
 20
31.69354248046875
 10
435.2741277217865
 20
31.692522287368774
 10
435.30660247802734
 20
31.68983268737793
 10
435.337286233902
 20
31.68603014945984
 10
435.3668441772461
 20
31.681671142578125
 10
435.3959414958954
 20
31.67731213569641
 10
435.42524337768555
 20
31.67350959777832
 10
435.45541501045227
 20
31.670819997787476
 10
435.48712158203125
 20
31.6697998046875
  0
LWPOLYLINE
  5
53A
330
17
100
AcDbEntity
  8
SCHEMATICS
 62
7
100
AcDbPolyline
 90
9
 70
0
 10
435.48712158203125
 20
31.6697998046875
 10
435.7036794424057
 20
31.62183403968811
 10
435.88919734954834
 20
31.528493881225586
 10
436.04414665699005
 20
31.396332502365112
 10
436.1689987182617
 20
31.231903076171875
 10
436.2642248868942
 20
31.04175877571106
 10
436.33029651641846
 20
30.83245277404785
 10
436.3676849603653
 20
30.610538244247437
 10
436.3768615722656
 20
30.382568359375
  0
LWPOLYLINE
  5
53B
330
17
100
AcDbEntity
  8
SCHEMATICS
 62
7
100
AcDbPolyline
 90
9
 70
0
 10
436.3768615722656
 20
30.382568359375
 10
436.3588392138481
 20
30.162371158599854
 10
436.31320333480835
 20
29.94867706298828
 10
436.2404471039772
 20
29.747846126556396
 10
436.14106369018555
 20
29.566238403320312
 10
436.01554626226425
 20
29.410213947296143
 10
435.8643879890442
 20
29.2861328125
 10
435.68808203935623
 20
29.200355052947998
 10
435.48712158203125
 20
29.15924072265625
  0
LWPOLYLINE
  5
53C
330
17
100
AcDbEntity
  8
SCHEMATICS
 62
7
100
AcDbPolyline
 90
9
 70
0
 10
436.1299133300781
 20
33.21575927734375
 10
436.07915222644806
 20
33.22371709346771
 10
436.02862071990967
 20
33.22969722747803
 10
435.9777215719223
 20
33.23398220539093
 10
435.9258575439453
 20
33.236854553222656
 10
435.87243139743805
 20
33.23859679698944
 10
435.81684589385986
 20
33.23949146270752
 10
435.7585037946701
 20
33.23982107639313
 10
435.6968078613281
 20
33.2398681640625
  0
LINE
  5
53D
330
17
100
AcDbEntity
  8
SCHEMATICS
 62
7
100
AcDbLine
 10
435.6968078613281
 20
33.2398681640625
 30
0.0
 11
431.66754150390625
 21
33.2398681640625
 31
0.0
  0
LINE
  5
53E
330
17
100
AcDbEntity
  8
SCHEMATICS
 62
7
100
AcDbLine
 10
431.66754150390625
 20
33.2398681640625
 30
0.0
 11
431.66754150390625
 21
24.43365478515625
 31
0.0
  0
LINE
  5
53F
330
17
100
AcDbEntity
  8
SCHEMATICS
 62
7
100
AcDbLine
 10
431.66754150390625
 20
24.43365478515625
 30
0.0
 11
433.47344970703125
 21
24.43365478515625
 31
0.0
  0
LINE
  5
540
330
17
100
AcDbEntity
  8
SCHEMATICS
 62
7
100
AcDbLine
 10
433.47344970703125
 20
24.43365478515625
 30
0.0
 11
433.47344970703125
 21
27.5880126953125
 31
0.0
  0
LINE
  5
541
330
17
100
AcDbEntity
  8
SCHEMATICS
 62
7
100
AcDbLine
 10
433.47344970703125
 20
27.5880126953125
 30
0.0
 11
435.52337646484375
 21
27.5880126953125
 31
0.0
  0
LINE
  5
542
330
17
100
AcDbEntity
  8
SCHEMATICS
 62
7
100
AcDbLine
 10
435.52337646484375
 20
27.5880126953125
 30
0.0
 11
435.88201904296875
 21
27.61328125
 31
0.0
  0
LWPOLYLINE
  5
543
330
17
100
AcDbEntity
  8
SCHEMATICS
 62
7
100
AcDbPolyline
 90
9
 70
0
 10
435.88201904296875
 20
27.61328125
 10
436.3816944360733
 20
27.706894636154175
 10
436.8225793838501
 20
27.904481887817383
 10
437.2026518583298
 20
28.190134286880493
 10
437.51988983154297
 20
28.547943115234375
 10
437.7722712755203
 20
28.961999654769897
 10
437.9577741622925
 20
29.41639518737793
 10
438.0743764638901
 20
29.89522099494934
 10
438.12005615234375
 20
30.382568359375
  0
LWPOLYLINE
  5
544
330
17
100
AcDbEntity
  8
SCHEMATICS
 62
7
100
AcDbPolyline
 90
9
 70
0
 10
438.12005615234375
 20
30.382568359375
 10
438.09893077611923
 20
30.81882357597351
 10
438.01607275009155
 20
31.263505935668945
 10
437.8698280453682
 20
31.700672388076782
 10
437.65854263305664
 20
32.1143798828125
 10
437.3805624842644
 20
32.48868536949158
 10
437.0342335700989
 20
32.80764579772949
 10
436.61790186166763
 20
33.055318117141724
 10
436.1299133300781
 20
33.21575927734375
  0
LINE
  5
545
330
17
100
AcDbEntity
  8
SCHEMATICS
 62
7
100
AcDbLine
 10
417.77972412109375
 20
36.55078125
 30
0.0
 11
429.89788818359375
 21
36.55078125
 31
0.0
  0
LINE
  5
546
330
17
100
AcDbEntity
  8
SCHEMATICS
 62
7
100
AcDbLine
 10
429.89788818359375
 20
36.55078125
 30
0.0
 11
429.89788818359375
 21
24.43438720703125
 31
0.0
  0
LINE
  5
547
330
17
100
AcDbEntity
  8
SCHEMATICS
 62
7
100
AcDbLine
 10
429.89788818359375
 20
24.43438720703125
 30
0.0
 11
417.77972412109375
 21
24.43438720703125
 31
0.0
  0
LINE
  5
548
330
17
100
AcDbEntity
  8
SCHEMATICS
 62
7
100
AcDbLine
 10
417.77972412109375
 20
24.43438720703125
 30
0.0
 11
417.77972412109375
 21
36.55078125
 31
0.0
  0
LWPOLYLINE
  5
549
330
17
100
AcDbEntity
  8
SCHEMATICS
 62
7
100
AcDbPolyline
 90
9
 70
0
 10
425.0357360839844
 20
30.78717041015625
 10
424.8041434288025
 20
30.78717041015625
 10
424.31186866760254
 20
30.78717041015625
 10
423.6487765312195
 20
30.78717041015625
 10
422.9047317504883
 20
30.78717041015625
 10
422.1695990562439
 20
30.78717041015625
 10
421.5332431793213
 20
30.78717041015625
 10
421.0855288505554
 20
30.78717041015625
 10
420.91632080078125
 20
30.78717041015625
  0
LINE
  5
54A
330
17
100
AcDbEntity
  8
SCHEMATICS
 62
7
100
AcDbLine
 10
420.91632080078125
 20
30.78717041015625
 30
0.0
 11
420.91632080078125
 21
25.64508056640625
 31
0.0
  0
LINE
  5
54B
330
17
100
AcDbEntity
  8
SCHEMATICS
 62
7
100
AcDbLine
 10
420.91632080078125
 20
25.64508056640625
 30
0.0
 11
422.12744140625
 21
25.64508056640625
 31
0.0
  0
LINE
  5
54C
330
17
100
AcDbEntity
  8
SCHEMATICS
 62
7
100
AcDbLine
 10
422.12744140625
 20
25.64508056640625
 30
0.0
 11
422.12744140625
 21
29.57110595703125
 31
0.0
  0
LINE
  5
54D
330
17
100
AcDbEntity
  8
SCHEMATICS
 62
7
100
AcDbLine
 10
422.12744140625
 20
29.57110595703125
 30
0.0
 11
425.0357360839844
 21
29.57110595703125
 31
0.0
  0
LWPOLYLINE
  5
54E
330
17
100
AcDbEntity
  8
SCHEMATICS
 62
7
100
AcDbPolyline
 90
9
 70
0
 10
425.0357360839844
 20
29.57110595703125
 10
425.16191720962524
 20
29.556448698043823
 10
425.2763423919678
 20
29.515565872192383
 10
425.3774495124817
 20
29.45309090614319
 10
425.4636764526367
 20
29.3736572265625
 10
425.5334610939026
 20
29.281898260116577
 10
425.585241317749
 20
29.18244743347168
 10
425.61745500564575
 20
29.079938173294067
 10
425.6285400390625
 20
28.97900390625
  0
LWPOLYLINE
  5
54F
330
17
100
AcDbEntity
  8
SCHEMATICS
 62
7
100
AcDbPolyline
 90
9
 70
0
 10
425.6285400390625
 20
28.97900390625
 10
425.61098498106
 20
28.813117384910583
 10
425.56305837631226
 20
28.678011894226074
 10
425.49186807870865
 20
28.571017384529114
 10
425.4045219421387
 20
28.489463806152344
 10
425.3081278204918
 20
28.430681109428406
 10
425.20979356765747
 20
28.39199924468994
 10
425.1166270375252
 20
28.370748162269592
 10
425.0357360839844
 20
28.3642578125
  0
LWPOLYLINE
  5
550
330
17
100
AcDbEntity
  8
SCHEMATICS
 62
7
100
AcDbPolyline
 90
9
 70
0
 10
425.0357360839844
 20
28.3642578125
 10
424.9567955136299
 20
28.3642578125
 10
424.81819009780884
 20
28.3642578125
 10
424.64155381917953
 20
28.3642578125
 10
424.4485206604004
 20
28.3642578125
 10
424.2607246041298
 20
28.3642578125
 10
424.0997996330261
 20
28.3642578125
 10
423.9873797297478
 20
28.3642578125
 10
423.9450988769531
 20
28.3642578125
  0
LINE
  5
551
330
17
100
AcDbEntity
  8
SCHEMATICS
 62
7
100
AcDbLine
 10
423.9450988769531
 20
28.3642578125
 30
0.0
 11
423.9450988769531
 21
29.0899658203125
 31
0.0
  0
LINE
  5
552
330
17
100
AcDbEntity
  8
SCHEMATICS
 62
7
100
AcDbLine
 10
423.9450988769531
 20
29.0899658203125
 30
0.0
 11
422.7359619140625
 21
29.0899658203125
 31
0.0
  0
LINE
  5
553
330
17
100
AcDbEntity
  8
SCHEMATICS
 62
7
100
AcDbLine
 10
422.7359619140625
 20
29.0899658203125
 30
0.0
 11
422.7359619140625
 21
27.14019775390625
 31
0.0
  0
LINE
  5
554
330
17
100
AcDbEntity
  8
SCHEMATICS
 62
7
100
AcDbLine
 10
422.7359619140625
 20
27.14019775390625
 30
0.0
 11
425.0357360839844
 21
27.14019775390625
 31
0.0
  0
LWPOLYLINE
  5
555
330
17
100
AcDbEntity
  8
SCHEMATICS
 62
7
100
AcDbPolyline
 90
9
 70
0
 10
425.0357360839844
 20
27.14019775390625
 10
425.43002688884735
 20
27.18074870109558
 10
425.78307247161865
 20
27.29566764831543
 10
426.0913816690445
 20
27.47485375404358
 10
426.3514633178711
 20
27.708206176757812
 10
426.55982625484467
 20
27.985624074935913
 10
426.7129793167114
 20
28.297006607055664
 10
426.8074313402176
 20
28.63225293159485
 10
426.8396911621094
 20
28.98126220703125
  0
LWPOLYLINE
  5
556
330
17
100
AcDbEntity
  8
SCHEMATICS
 62
7
100
AcDbPolyline
 90
9
 70
0
 10
426.8396911621094
 20
28.98126220703125
 10
426.8080283999443
 20
29.329864859580994
 10
426.71227979660034
 20
29.661646842956543
 10
426.55679804086685
 20
29.967466473579407
 10
426.3459358215332
 20
30.238182067871094
 10
426.08404582738876
 20
30.464651942253113
 10
425.7754807472229
 20
30.637734413146973
 10
425.424593269825
 20
30.748287796974182
 10
425.0357360839844
 20
30.78717041015625
  0
LINE
  5
557
330
17
100
AcDbEntity
  8
SCHEMATICS
 62
7
100
AcDbLine
 10
422.7359619140625
 20
31.26751708984375
 30
0.0
 11
423.9450988769531
 21
31.26751708984375
 31
0.0
  0
LWPOLYLINE
  5
558
330
17
100
AcDbEntity
  8
SCHEMATICS
 62
7
100
AcDbPolyline
 90
9
 70
0
 10
423.9450988769531
 20
31.26751708984375
 10
423.9450988769531
 20
31.28258728981018
 10
423.9450988769531
 20
31.325857162475586
 10
423.9450988769531
 20
31.394415616989136
 10
423.9450988769531
 20
31.4853515625
 10
423.9450988769531
 20
31.59575390815735
 10
423.9450988769531
 20
31.72271156311035
 10
423.9450988769531
 20
31.86331343650818
 10
423.9450988769531
 20
32.0146484375
  0
LINE
  5
559
330
17
100
AcDbEntity
  8
SCHEMATICS
 62
7
100
AcDbLine
 10
423.9450988769531
 20
32.0146484375
 30
0.0
 11
426.5751037597656
 21
32.0146484375
 31
0.0
  0
LINE
  5
55A
330
17
100
AcDbEntity
  8
SCHEMATICS
 62
7
100
AcDbLine
 10
426.5751037597656
 20
32.0146484375
 30
0.0
 11
426.5751037597656
 21
33.22576904296875
 31
0.0
  0
LINE
  5
55B
330
17
100
AcDbEntity
  8
SCHEMATICS
 62
7
100
AcDbLine
 10
426.5751037597656
 20
33.22576904296875
 30
0.0
 11
423.9450988769531
 21
33.22576904296875
 31
0.0
  0
LWPOLYLINE
  5
55C
330
17
100
AcDbEntity
  8
SCHEMATICS
 62
7
100
AcDbPolyline
 90
9
 70
0
 10
423.9450988769531
 20
33.22576904296875
 10
423.9450988769531
 20
33.310614585876465
 10
423.9450988769531
 20
33.3884391784668
 10
423.9450988769531
 20
33.45853328704834
 10
423.9450988769531
 20
33.52018737792969
 10
423.9450988769531
 20
33.572691917419434
 10
423.9450988769531
 20
33.61533737182617
 10
423.9450988769531
 20
33.647414207458496
 10
423.9450988769531
 20
33.668212890625
  0
LWPOLYLINE
  5
55D
330
17
100
AcDbEntity
  8
SCHEMATICS
 62
7
100
AcDbPolyline
 90
9
 70
0
 10
423.9450988769531
 20
33.668212890625
 10
423.9550247192383
 20
33.76788020133972
 10
423.98316383361816
 20
33.85725212097168
 10
424.0270586013794
 20
33.93540596961975
 10
424.0842514038086
 20
34.00141906738281
 10
424.1522846221924
 20
34.05436873435974
 10
424.2287006378174
 20
34.093332290649414
 10
424.3110418319702
 20
34.11738705635071
 10
424.3968505859375
 20
34.1256103515625
  0
LWPOLYLINE
  5
55E
330
17
100
AcDbEntity
  8
SCHEMATICS
 62
7
100
AcDbPolyline
 90
9
 70
0
 10
424.3968505859375
 20
34.1256103515625
 10
424.64240419864655
 20
34.1256103515625
 10
424.96057987213135
 20
34.1256103515625
 10
425.31890285015106
 20
34.1256103515625
 10
425.68489837646484
 20
34.1256103515625
 10
426.02609169483185
 20
34.1256103515625
 10
426.31000804901123
 20
34.1256103515625
 10
426.50417268276215
 20
34.1256103515625
 10
426.57611083984375
 20
34.1256103515625
  0
LINE
  5
55F
330
17
100
AcDbEntity
  8
SCHEMATICS
 62
7
100
AcDbLine
 10
426.57611083984375
 20
34.1256103515625
 30
0.0
 11
426.57611083984375
 21
35.33673095703125
 31
0.0
  0
LWPOLYLINE
  5
560
330
17
100
AcDbEntity
  8
SCHEMATICS
 62
7
100
AcDbPolyline
 90
9
 70
0
 10
426.57611083984375
 20
35.33673095703125
 10
426.4860239624977
 20
35.33673095703125
 10
426.2478623390198
 20
35.33673095703125
 10
425.9097744822502
 20
35.33673095703125
 10
425.5199089050293
 20
35.33673095703125
 10
425.1264141201973
 20
35.33673095703125
 10
424.7774386405945
 20
35.33673095703125
 10
424.5211309790611
 20
35.33673095703125
 10
424.4056396484375
 20
35.33673095703125
  0
LWPOLYLINE
  5
561
330
17
100
AcDbEntity
  8
SCHEMATICS
 62
7
100
AcDbPolyline
 90
9
 70
0
 10
424.4056396484375
 20
35.33673095703125
 10
424.04947620630264
 20
35.30006182193756
 10
423.72683000564575
 20
35.19611072540283
 10
423.44200724363327
 20
35.03396213054657
 10
423.19931411743164
 20
34.82270050048828
 10
423.0030568242073
 20
34.57141029834747
 10
422.8575415611267
 20
34.28917598724365
 10
422.7670745253563
 20
33.985082030296326
 10
422.7359619140625
 20
33.668212890625
  0
LINE
  5
562
330
17
100
AcDbEntity
  8
SCHEMATICS
 62
7
100
AcDbLine
 10
422.7359619140625
 20
33.668212890625
 30
0.0
 11
422.7359619140625
 21
33.22576904296875
 31
0.0
  0
LINE
  5
563
330
17
100
AcDbEntity
  8
SCHEMATICS
 62
7
100
AcDbLine
 10
422.7359619140625
 20
33.22576904296875
 30
0.0
 11
420.91632080078125
 21
33.22576904296875
 31
0.0
  0
LINE
  5
564
330
17
100
AcDbEntity
  8
SCHEMATICS
 62
7
100
AcDbLine
 10
420.91632080078125
 20
33.22576904296875
 30
0.0
 11
420.91632080078125
 21
32.0146484375
 31
0.0
  0
LINE
  5
565
330
17
100
AcDbEntity
  8
SCHEMATICS
 62
7
100
AcDbLine
 10
420.91632080078125
 20
32.0146484375
 30
0.0
 11
422.7359619140625
 21
32.0146484375
 31
0.0
  0
LINE
  5
566
330
17
100
AcDbEntity
  8
SCHEMATICS
 62
7
100
AcDbLine
 10
422.7359619140625
 20
32.0146484375
 30
0.0
 11
422.7359619140625
 21
31.26751708984375
 31
0.0
  0
ENDSEC
  0
SECTION
  2
OBJECTS
  0
DICTIONARY
  5
A
330
0
100
AcDbDictionary
280
0
281
1
  3
ACAD_COLOR
350
B
  3
ACAD_GROUP
350
C
  3
ACAD_LAYOUT
350
D
  3
ACAD_MATERIAL
350
E
  3
ACAD_MLEADERSTYLE
350
F
  3
ACAD_MLINESTYLE
350
10
  3
ACAD_PLOTSETTINGS
350
11
  3
ACAD_PLOTSTYLENAME
350
12
  3
ACAD_SCALELIST
350
14
  3
ACAD_TABLESTYLE
350
15
  3
ACAD_VISUALSTYLE
350
16
  3
EZDXF_META
350
2D
  0
DICTIONARY
  5
B
330
A
100
AcDbDictionary
280
0
281
1
  0
DICTIONARY
  5
C
330
A
100
AcDbDictionary
280
0
281
1
  0
DICTIONARY
  5
D
330
A
100
AcDbDictionary
280
0
281
1
  3
Model
350
1A
  3
Layout1
350
1E
  0
DICTIONARY
  5
E
330
A
100
AcDbDictionary
280
0
281
1
  3
ByBlock
350
1F
  3
ByLayer
350
20
  3
Global
350
21
  0
DICTIONARY
  5
F
330
A
100
AcDbDictionary
280
0
281
1
  3
Standard
350
2C
  0
DICTIONARY
  5
10
330
A
100
AcDbDictionary
280
0
281
1
  3
Standard
350
22
  0
DICTIONARY
  5
11
330
A
100
AcDbDictionary
280
0
281
1
  0
ACDBDICTIONARYWDFLT
  5
12
330
A
100
AcDbDictionary
280
0
281
1
  3
Normal
350
13
100
AcDbDictionaryWithDefault
340
13
  0
ACDBPLACEHOLDER
  5
13
330
12
  0
DICTIONARY
  5
14
330
A
100
AcDbDictionary
280
0
281
1
  0
DICTIONARY
  5
15
330
A
100
AcDbDictionary
280
0
281
1
  0
DICTIONARY
  5
16
330
A
100
AcDbDictionary
280
0
281
1
  0
LAYOUT
  5
1A
330
D
100
AcDbPlotSettings
  1

  2
Adobe PDF
  4
A3
  6

 40
7.5
 41
20.0
 42
7.5
 43
20.0
 44
420.0
 45
297.0
 46
0.0
 47
0.0
 48
0.0
 49
0.0
140
0.0
141
0.0
142
1.0
143
1.0
 70
1024
 72
1
 73
0
 74
5
  7

 75
16
 76
0
 77
2
 78
300
147
1.0
148
0.0
149
0.0
100
AcDbLayout
  1
Model
 70
1
 71
0
 10
0.0
 20
0.0
 11
420.0
 21
297.0
 12
0.0
 22
0.0
 32
0.0
 14
1e+20
 24
1e+20
 34
1e+20
 15
-1e+20
 25
-1e+20
 35
-1e+20
146
0.0
 13
0.0
 23
0.0
 33
0.0
 16
1.0
 26
0.0
 36
0.0
 17
0.0
 27
1.0
 37
0.0
 76
1
330
17
  0
LAYOUT
  5
1E
330
D
100
AcDbPlotSettings
  1

  2
Adobe PDF
  4
A3
  6

 40
7.5
 41
20.0
 42
7.5
 43
20.0
 44
420.0
 45
297.0
 46
0.0
 47
0.0
 48
0.0
 49
0.0
140
0.0
141
0.0
142
1.0
143
1.0
 70
0
 72
1
 73
0
 74
5
  7

 75
16
 76
0
 77
2
 78
300
147
1.0
148
0.0
149
0.0
100
AcDbLayout
  1
Layout1
 70
1
 71
1
 10
0.0
 20
0.0
 11
420.0
 21
297.0
 12
0.0
 22
0.0
 32
0.0
 14
1e+20
 24
1e+20
 34
1e+20
 15
-1e+20
 25
-1e+20
 35
-1e+20
146
0.0
 13
0.0
 23
0.0
 33
0.0
 16
1.0
 26
0.0
 36
0.0
 17
0.0
 27
1.0
 37
0.0
 76
1
330
1B
  0
MATERIAL
  5
1F
102
{ACAD_REACTORS
330
E
102
}
330
E
100
AcDbMaterial
  1
ByBlock
  2

 70
0
 40
1.0
 71
1
 41
1.0
 91
-1023410177
 42
1.0
 72
1
  3

 73
1
 74
1
 75
1
 44
0.5
 73
0
 45
1.0
 46
1.0
 77
1
  4

 78
1
 79
1
170
1
 48
1.0
171
1
  6

172
1
173
1
174
1
140
1.0
141
1.0
175
1
  7

176
1
177
1
178
1
143
1.0
179
1
  8

270
1
271
1
272
1
145
1.0
146
1.0
273
1
  9

274
1
275
1
276
1
 42
1.0
 72
1
  3

 73
1
 74
1
 75
1
 94
63
  0
MATERIAL
  5
20
102
{ACAD_REACTORS
330
E
102
}
330
E
100
AcDbMaterial
  1
ByLayer
  2

 70
0
 40
1.0
 71
1
 41
1.0
 91
-1023410177
 42
1.0
 72
1
  3

 73
1
 74
1
 75
1
 44
0.5
 73
0
 45
1.0
 46
1.0
 77
1
  4

 78
1
 79
1
170
1
 48
1.0
171
1
  6

172
1
173
1
174
1
140
1.0
141
1.0
175
1
  7

176
1
177
1
178
1
143
1.0
179
1
  8

270
1
271
1
272
1
145
1.0
146
1.0
273
1
  9

274
1
275
1
276
1
 42
1.0
 72
1
  3

 73
1
 74
1
 75
1
 94
63
  0
MATERIAL
  5
21
102
{ACAD_REACTORS
330
E
102
}
330
E
100
AcDbMaterial
  1
Global
  2

 70
0
 40
1.0
 71
1
 41
1.0
 91
-1023410177
 42
1.0
 72
1
  3

 73
1
 74
1
 75
1
 44
0.5
 73
0
 45
1.0
 46
1.0
 77
1
  4

 78
1
 79
1
170
1
 48
1.0
171
1
  6

172
1
173
1
174
1
140
1.0
141
1.0
175
1
  7

176
1
177
1
178
1
143
1.0
179
1
  8

270
1
271
1
272
1
145
1.0
146
1.0
273
1
  9

274
1
275
1
276
1
 42
1.0
 72
1
  3

 73
1
 74
1
 75
1
 94
63
  0
MLINESTYLE
  5
22
102
{ACAD_REACTORS
330
10
102
}
330
10
100
AcDbMlineStyle
  2
Standard
 70
0
  3

 62
256
 51
90.0
 52
90.0
 71
2
 49
0.5
 62
256
  6
BYLAYER
 49
-0.5
 62
256
  6
BYLAYER
  0
MLEADERSTYLE
  5
2C
102
{ACAD_REACTORS
330
F
102
}
330
F
100
AcDbMLeaderStyle
179
2
170
2
171
1
172
0
 90
2
 40
0.0
 41
0.0
173
1
 91
-1056964608
 92
-2
290
1
 42
2.0
291
1
 43
8.0
  3
Standard
 44
4.0
300

342
29
174
1
175
1
176
0
178
1
 93
-1056964608
 45
4.0
292
0
297
0
 46
4.0
 94
-1056964608
 47
1.0
 49
1.0
140
1.0
294
1
141
0.0
177
0
142
1.0
295
0
296
0
143
3.75
271
0
272
9
273
9
  0
DICTIONARY
  5
2D
330
A
100
AcDbDictionary
281
1
  3
CREATED_BY_EZDXF
350
2E
  3
WRITTEN_BY_EZDXF
350
569
  0
DICTIONARYVAR
  5
2E
330
2D
100
DictionaryVariables
280
0
  1
1.2.0 @ 2026-10-03T10:27:45.687271+00:00
  0
DICTIONARYVAR
  5
569
330
2D
100
DictionaryVariables
280
0
  1
1.2.0 @ 2026-10-03T10:27:45.758313+00:00
  0
ENDSEC
  0
EOF
