  0
SECTION
  2
HEADER
  9
$ACADVER
  1
AC1024
  9
$ACADMAINTVER
 70
6
  9
$DWGCODEPAGE
  3
ANSI_1252
  9
$LASTSAVEDBY
  1
ezdxf
  9
$INSBASE
 10
0.0
 20
0.0
 30
0.0
  9
$EXTMIN
 10
1e+20
 20
1e+20
 30
1e+20
  9
$EXTMAX
 10
-1e+20
 20
-1e+20
 30
-1e+20
  9
$LIMMIN
 10
0.0
 20
0.0
  9
$LIMMAX
 10
420.0
 20
297.0
  9
$ORTHOMODE
 70
0
  9
$REGENMODE
 70
1
  9
$FILLMODE
 70
1
  9
$QTEXTMODE
 70
0
  9
$MIRRTEXT
 70
1
  9
$LTSCALE
 40
1.0
  9
$ATTMODE
 70
1
  9
$TEXTSIZE
 40
2.5
  9
$TRACEWID
 40
1.0
  9
$TEXTSTYLE
  7
Standard
  9
$CLAYER
  8
0
  9
$CELTYPE
  6
ByLayer
  9
$CECOLOR
 62
256
  9
$CELTSCALE
 40
1.0
  9
$DISPSILH
 70
0
  9
$DIMSCALE
 40
1.0
  9
$DIMASZ
 40
2.5
  9
$DIMEXO
 40
0.625
  9
$DIMDLI
 40
3.75
  9
$DIMRND
 40
0.0
  9
$DIMDLE
 40
0.0
  9
$DIMEXE
 40
1.25
  9
$DIMTP
 40
0.0
  9
$DIMTM
 40
0.0
  9
$DIMTXT
 40
2.5
  9
$DIMCEN
 40
2.5
  9
$DIMTSZ
 40
0.0
  9
$DIMTOL
 70
0
  9
$DIMLIM
 70
0
  9
$DIMTIH
 70
0
  9
$DIMTOH
 70
0
  9
$DIMSE1
 70
0
  9
$DIMSE2
 70
0
  9
$DIMTAD
 70
1
  9
$DIMZIN
 70
8
  9
$DIMBLK
  1

  9
$DIMASO
 70
1
  9
$DIMSHO
 70
1
  9
$DIMPOST
  1

  9
$DIMAPOST
  1

  9
$DIMALT
 70
0
  9
$DIMALTD
 70
3
  9
$DIMALTF
 40
0.03937007874
  9
$DIMLFAC
 40
1.0
  9
$DIMTOFL
 70
1
  9
$DIMTVP
 40
0.0
  9
$DIMTIX
 70
0
  9
$DIMSOXD
 70
0
  9
$DIMSAH
 70
0
  9
$DIMBLK1
  1

  9
$DIMBLK2
  1

  9
$DIMSTYLE
  2
ISO-25
  9
$DIMCLRD
 70
0
  9
$DIMCLRE
 70
0
  9
$DIMCLRT
 70
0
  9
$DIMTFAC
 40
1.0
  9
$DIMGAP
 40
0.625
  9
$DIMJUST
 70
0
  9
$DIMSD1
 70
0
  9
$DIMSD2
 70
0
  9
$DIMTOLJ
 70
0
  9
$DIMTZIN
 70
8
  9
$DIMALTZ
 70
0
  9
$DIMALTTZ
 70
0
  9
$DIMUPT
 70
0
  9
$DIMDEC
 70
2
  9
$DIMTDEC
 70
2
  9
$DIMALTU
 70
2
  9
$DIMALTTD
 70
3
  9
$DIMTXSTY
  7
Standard
  9
$DIMAUNIT
 70
0
  9
$DIMADEC
 70
0
  9
$DIMALTRND
 40
0.0
  9
$DIMAZIN
 70
0
  9
$DIMDSEP
 70
44
  9
$DIMATFIT
 70
3
  9
$DIMFRAC
 70
0
  9
$DIMLDRBLK
  1

  9
$DIMLUNIT
 70
2
  9
$DIMLWD
 70
-2
  9
$DIMLWE
 70
-2
  9
$DIMTMOVE
 70
0
  9
$DIMFXL
 40
1.0
  9
$DIMFXLON
 70
0
  9
$DIMJOGANG
 40
0.785398163397
  9
$DIMTFILL
 70
0
  9
$DIMTFILLCLR
 70
0
  9
$DIMARCSYM
 70
0
  9
$DIMLTYPE
  6

  9
$DIMLTEX1
  6

  9
$DIMLTEX2
  6

  9
$DIMTXTDIRECTION
 70
0
  9
$LUNITS
 70
2
  9
$LUPREC
 70
4
  9
$SKETCHINC
 40
1.0
  9
$FILLETRAD
 40
10.0
  9
$AUNITS
 70
0
  9
$AUPREC
 70
2
  9
$MENU
  1
.
  9
$ELEVATION
 40
0.0
  9
$PELEVATION
 40
0.0
  9
$THICKNESS
 40
0.0
  9
$LIMCHECK
 70
0
  9
$CHAMFERA
 40
0.0
  9
$CHAMFERB
 40
0.0
  9
$CHAMFERC
 40
0.0
  9
$CHAMFERD
 40
0.0
  9
$SKPOLY
 70
0
  9
$TDCREATE
 40
2461317.7276157406
  9
$TDUCREATE
 40
2458532.153996898
  9
$TDUPDATE
 40
2461317.7276157406
  9
$TDUUPDATE
 40
2458532.1544311
  9
$TDINDWG
 40
0.0
  9
$TDUSRTIMER
 40
0.0
  9
$USRTIMER
 70
1
  9
$ANGBASE
 50
0.0
  9
$ANGDIR
 70
0
  9
$PDMODE
 70
0
  9
$PDSIZE
 40
0.0
  9
$PLINEWID
 40
0.0
  9
$SPLFRAME
 70
0
  9
$SPLINETYPE
 70
6
  9
$SPLINESEGS
 70
8
  9
$HANDSEED
  5
635
  9
$SURFTAB1
 70
6
  9
$SURFTAB2
 70
6
  9
$SURFTYPE
 70
6
  9
$SURFU
 70
6
  9
$SURFV
 70
6
  9
$UCSBASE
  2

  9
$UCSNAME
  2

  9
$UCSORG
 10
0.0
 20
0.0
 30
0.0
  9
$UCSXDIR
 10
1.0
 20
0.0
 30
0.0
  9
$UCSYDIR
 10
0.0
 20
1.0
 30
0.0
  9
$UCSORTHOREF
  2

  9
$UCSORTHOVIEW
 70
0
  9
$UCSORGTOP
 10
0.0
 20
0.0
 30
0.0
  9
$UCSORGBOTTOM
 10
0.0
 20
0.0
 30
0.0
  9
$UCSORGLEFT
 10
0.0
 20
0.0
 30
0.0
  9
$UCSORGRIGHT
 10
0.0
 20
0.0
 30
0.0
  9
$UCSORGFRONT
 10
0.0
 20
0.0
 30
0.0
  9
$UCSORGBACK
 10
0.0
 20
0.0
 30
0.0
  9
$PUCSBASE
  2

  9
$PUCSNAME
  2

  9
$PUCSORG
 10
0.0
 20
0.0
 30
0.0
  9
$PUCSXDIR
 10
1.0
 20
0.0
 30
0.0
  9
$PUCSYDIR
 10
0.0
 20
1.0
 30
0.0
  9
$PUCSORTHOREF
  2

  9
$PUCSORTHOVIEW
 70
0
  9
$PUCSORGTOP
 10
0.0
 20
0.0
 30
0.0
  9
$PUCSORGBOTTOM
 10
0.0
 20
0.0
 30
0.0
  9
$PUCSORGLEFT
 10
0.0
 20
0.0
 30
0.0
  9
$PUCSORGRIGHT
 10
0.0
 20
0.0
 30
0.0
  9
$PUCSORGFRONT
 10
0.0
 20
0.0
 30
0.0
  9
$PUCSORGBACK
 10
0.0
 20
0.0
 30
0.0
  9
$USERI1
 70
0
  9
$USERI2
 70
0
  9
$USERI3
 70
0
  9
$USERI4
 70
0
  9
$USERI5
 70
0
  9
$USERR1
 40
0.0
  9
$USERR2
 40
0.0
  9
$USERR3
 40
0.0
  9
$USERR4
 40
0.0
  9
$USERR5
 40
0.0
  9
$WORLDVIEW
 70
1
  9
$SHADEDGE
 70
3
  9
$SHADEDIF
 70
70
  9
$TILEMODE
 70
1
  9
$MAXACTVP
 70
64
  9
$PINSBASE
 10
0.0
 20
0.0
 30
0.0
  9
$PLIMCHECK
 70
0
  9
$PEXTMIN
 10
1e+20
 20
1e+20
 30
1e+20
  9
$PEXTMAX
 10
-1e+20
 20
-1e+20
 30
-1e+20
  9
$PLIMMIN
 10
0.0
 20
0.0
  9
$PLIMMAX
 10
420.0
 20
297.0
  9
$UNITMODE
 70
0
  9
$VISRETAIN
 70
1
  9
$PLINEGEN
 70
0
  9
$PSLTSCALE
 70
1
  9
$TREEDEPTH
 70
3020
  9
$CMLSTYLE
  2
Standard
  9
$CMLJUST
 70
0
  9
$CMLSCALE
 40
20.0
  9
$PROXYGRAPHICS
 70
1
  9
$MEASUREMENT
 70
1
  9
$CELWEIGHT
370
-1
  9
$ENDCAPS
280
0
  9
$JOINSTYLE
280
0
  9
$LWDISPLAY
290
0
  9
$INSUNITS
 70
6
  9
$HYPERLINKBASE
  1

  9
$STYLESHEET
  1

  9
$XEDIT
290
1
  9
$CEPSNTYPE
380
0
  9
$PSTYLEMODE
290
1
  9
$FINGERPRINTGUID
  2
{5AB63766-D6EC-49C2-AF4C-963A12DD60E6}
  9
$VERSIONGUID
  2
{4D670A0B-F241-40E6-8456-FF993102DD8D}
  9
$EXTNAMES
290
1
  9
$PSVPSCALE
 40
0.0
  9
$OLESTARTUP
290
0
  9
$SORTENTS
280
127
  9
$INDEXCTL
280
0
  9
$HIDETEXT
280
1
  9
$XCLIPFRAME
280
2
  9
$HALOGAP
280
0
  9
$OBSCOLOR
 70
257
  9
$OBSLTYPE
280
0
  9
$INTERSECTIONDISPLAY
280
0
  9
$INTERSECTIONCOLOR
 70
257
  9
$DIMASSOC
280
2
  9
$PROJECTNAME
  1

  9
$CAMERADISPLAY
290
0
  9
$LENSLENGTH
 40
50.0
  9
$CAMERAHEIGHT
 40
0.0
  9
$STEPSPERSEC
 40
24.0
  9
$STEPSIZE
 40
100.0
  9
$3DDWFPREC
 40
2.0
  9
$PSOLWIDTH
 40
0.005
  9
$PSOLHEIGHT
 40
0.08
  9
$LOFTANG1
 40
1.570796326795
  9
$LOFTANG2
 40
1.570796326795
  9
$LOFTMAG1
 40
0.0
  9
$LOFTMAG2
 40
0.0
  9
$LOFTPARAM
 70
7
  9
$LOFTNORMALS
280
1
  9
$LATITUDE
 40
37.795
  9
$LONGITUDE
 40
-122.394
  9
$NORTHDIRECTION
 40
0.0
  9
$TIMEZONE
 70
-8000
  9
$LIGHTGLYPHDISPLAY
280
1
  9
$TILEMODELIGHTSYNCH
280
1
  9
$CMATERIAL
347
20
  9
$SOLIDHIST
280
0
  9
$SHOWHIST
280
1
  9
$DWFFRAME
280
2
  9
$DGNFRAME
280
2
  9
$REALWORLDSCALE
290
1
  9
$INTERFERECOLOR
 62
256
  9
$CSHADOW
280
0
  9
$SHADOWPLANELOCATION
 40
0.0
  0
ENDSEC
  0
SECTION
  2
CLASSES
  0
CLASS
  1
ACDBDICTIONARYWDFLT
  2
AcDbDictionaryWithDefault
  3
ObjectDBX Classes
 90
0
 91
0
280
0
281
0
  0
CLASS
  1
SUN
  2
AcDbSun
  3
SCENEOE
 90
1153
 91
0
280
0
281
0
  0
CLASS
  1
VISUALSTYLE
  2
AcDbVisualStyle
  3
ObjectDBX Classes
 90
4095
 91
0
280
0
281
0
  0
CLASS
  1
MATERIAL
  2
AcDbMaterial
  3
ObjectDBX Classes
 90
1153
 91
0
280
0
281
0
  0
CLASS
  1
SCALE
  2
AcDbScale
  3
ObjectDBX Classes
 90
1153
 91
0
280
0
281
0
  0
CLASS
  1
TABLESTYLE
  2
AcDbTableStyle
  3
ObjectDBX Classes
 90
4095
 91
0
280
0
281
0
  0
CLASS
  1
MLEADERSTYLE
  2
AcDbMLeaderStyle
  3
ACDB_MLEADERSTYLE_CLASS
 90
4095
 91
0
280
0
281
0
  0
CLASS
  1
DICTIONARYVAR
  2
AcDbDictionaryVar
  3
ObjectDBX Classes
 90
0
 91
0
280
0
281
0
  0
CLASS
  1
CELLSTYLEMAP
  2
AcDbCellStyleMap
  3
ObjectDBX Classes
 90
1152
 91
0
280
0
281
0
  0
CLASS
  1
MENTALRAYRENDERSETTINGS
  2
AcDbMentalRayRenderSettings
  3
SCENEOE
 90
1024
 91
0
280
0
281
0
  0
CLASS
  1
ACDBDETAILVIEWSTYLE
  2
AcDbDetailViewStyle
  3
ObjectDBX Classes
 90
1025
 91
0
280
0
281
0
  0
CLASS
  1
ACDBSECTIONVIEWSTYLE
  2
AcDbSectionViewStyle
  3
ObjectDBX Classes
 90
1025
 91
0
280
0
281
0
  0
CLASS
  1
RASTERVARIABLES
  2
AcDbRasterVariables
  3
ISM
 90
0
 91
0
280
0
281
0
  0
CLASS
  1
LAYOUT
  2
AcDbLayout
  3
ObjectDBX Classes
 90
0
 91
0
280
0
281
0
  0
CLASS
  1
ACDBPLACEHOLDER
  2
AcDbPlaceHolder
  3
ObjectDBX Classes
 90
0
 91
0
280
0
281
0
  0
ENDSEC
  0
SECTION
  2
TABLES
  0
TABLE
  2
VPORT
  5
8
330
0
100
AcDbSymbolTable
 70
1
  0
VPORT
  5
23
330
8
100
AcDbSymbolTableRecord
100
AcDbViewportTableRecord
  2
*Active
 70
0
 10
0.0
 20
0.0
 11
1.0
 21
1.0
 12
0.0
 22
0.0
 13
0.0
 23
0.0
 14
0.5
 24
0.5
 15
0.5
 25
0.5
 16
0.0
 26
0.0
 36
1.0
 17
0.0
 27
0.0
 37
0.0
 40
1000.0
 41
1.34
 42
50.0
 43
0.0
 44
0.0
 50
0.0
 51
0.0
 71
0
 72
1000
 73
1
 74
3
 75
0
 76
0
 77
0
 78
0
281
0
 65
0
146
0.0
  0
ENDTAB
  0
TABLE
  2
LTYPE
  5
2
330
0
100
AcDbSymbolTable
 70
3
  0
LTYPE
  5
24
330
2
100
AcDbSymbolTableRecord
100
AcDbLinetypeTableRecord
  2
ByBlock
 70
0
  3

 72
65
 73
0
 40
0.0
  0
LTYPE
  5
25
330
2
100
AcDbSymbolTableRecord
100
AcDbLinetypeTableRecord
  2
ByLayer
 70
0
  3

 72
65
 73
0
 40
0.0
  0
LTYPE
  5
26
330
2
100
AcDbSymbolTableRecord
100
AcDbLinetypeTableRecord
  2
Continuous
 70
0
  3

 72
65
 73
0
 40
0.0
  0
ENDTAB
  0
TABLE
  2
LAYER
  5
1
330
0
100
AcDbSymbolTable
 70
6
  0
LAYER
  5
27
330
1
100
AcDbSymbolTableRecord
100
AcDbLayerTableRecord
  2
0
 70
0
 62
7
  6
Continuous
370
-3
390
13
347
21
  0
LAYER
  5
28
330
1
100
AcDbSymbolTableRecord
100
AcDbLayerTableRecord
  2
Defpoints
 70
0
 62
7
  6
Continuous
290
0
370
-3
390
13
347
21
  0
LAYER
  5
2F
330
1
100
AcDbSymbolTableRecord
100
AcDbLayerTableRecord
  2
OUTLINE
 70
0
 62
7
  6
Continuous
370
-3
390
13
347
21
  0
LAYER
  5
30
330
1
100
AcDbSymbolTableRecord
100
AcDbLayerTableRecord
  2
SCHEMATICS
 70
0
 62
7
  6
Continuous
370
-3
390
13
347
21
  0
LAYER
  5
31
330
1
100
AcDbSymbolTableRecord
100
AcDbLayerTableRecord
  2
TEXT
 70
0
 62
7
  6
Continuous
370
-3
390
13
347
21
  0
LAYER
  5
32
330
1
100
AcDbSymbolTableRecord
100
AcDbLayerTableRecord
  2
BORDER
 70
0
 62
2
  6
Continuous
370
-3
390
13
347
21
  0
ENDTAB
  0
TABLE
  2
STYLE
  5
5
330
0
100
AcDbSymbolTable
 70
1
  0
STYLE
  5
29
330
5
100
AcDbSymbolTableRecord
100
AcDbTextStyleTableRecord
  2
Standard
 70
0
 40
0.0
 41
1.0
 50
0.0
 71
0
 42
2.5
  3
txt
  4

  0
ENDTAB
  0
TABLE
  2
VIEW
  5
7
330
0
100
AcDbSymbolTable
 70
0
  0
ENDTAB
  0
TABLE
  2
UCS
  5
6
330
0
100
AcDbSymbolTable
 70
0
  0
ENDTAB
  0
TABLE
  2
APPID
  5
3
330
0
100
AcDbSymbolTable
 70
3
  0
APPID
  5
2A
330
3
100
AcDbSymbolTableRecord
100
AcDbRegAppTableRecord
  2
ACAD
 70
0
  0
APPID
  5
632
330
3
100
AcDbSymbolTableRecord
100
AcDbRegAppTableRecord
  2
HATCHBACKGROUNDCOLOR
 70
0
  0
APPID
  5
633
330
3
100
AcDbSymbolTableRecord
100
AcDbRegAppTableRecord
  2
EZDXF
 70
0
  0
ENDTAB
  0
TABLE
  2
DIMSTYLE
  5
4
330
0
100
AcDbSymbolTable
 70
1
100
AcDbDimStyleTable
  0
DIMSTYLE
105
2B
330
4
100
AcDbSymbolTableRecord
100
AcDbDimStyleTableRecord
  2
Standard
 70
0
 40
1.0
 41
2.5
 42
0.625
 43
3.75
 44
1.25
 45
0.0
 46
0.0
 47
0.0
 48
0.0
 49
2.5
140
2.5
141
2.5
142
0.0
143
0.03937007874
144
1.0
145
0.0
146
1.0
147
0.625
148
0.0
 69
0
 70
0
 71
0
 72
0
 73
0
 74
0
 75
0
 76
0
 77
1
 78
8
 79
3
170
0
171
3
172
1
173
0
174
0
175
0
176
0
177
0
178
0
179
2
271
2
272
2
273
2
274
3
275
0
276
0
277
2
278
44
279
0
280
0
281
0
282
0
283
0
284
8
285
0
286
0
288
0
289
3
290
0
371
-2
372
-2
  0
ENDTAB
  0
TABLE
  2
BLOCK_RECORD
  5
9
330
0
100
AcDbSymbolTable
 70
2
  0
BLOCK_RECORD
  5
17
330
9
100
AcDbSymbolTableRecord
100
AcDbBlockTableRecord
  2
*Model_Space
340
1A
 70
0
280
1
281
0
  0
BLOCK_RECORD
  5
1B
330
9
100
AcDbSymbolTableRecord
100
AcDbBlockTableRecord
  2
*Paper_Space
340
1E
 70
0
280
1
281
0
  0
ENDTAB
  0
ENDSEC
  0
SECTION
  2
BLOCKS
  0
BLOCK
  5
18
330
17
100
AcDbEntity
  8
0
100
AcDbBlockBegin
  2
*Model_Space
 70
0
 10
0.0
 20
0.0
 30
0.0
  3
*Model_Space
  1

  0
ENDBLK
  5
19
330
17
100
AcDbEntity
  8
0
100
AcDbBlockEnd
  0
BLOCK
  5
1C
330
1B
100
AcDbEntity
  8
0
100
AcDbBlockBegin
  2
*Paper_Space
 70
0
 10
0.0
 20
0.0
 30
0.0
  3
*Paper_Space
  1

  0
ENDBLK
  5
1D
330
1B
100
AcDbEntity
  8
0
100
AcDbBlockEnd
  0
ENDSEC
  0
SECTION
  2
ENTITIES
  0
LWPOLYLINE
  5
33
330
17
100
AcDbEntity
  8
BORDER
 62
2
100
AcDbPolyline
 90
5
 70
0
 10
0.0
 20
0.0
 10
595.280029296875
 20
0.0
 10
595.280029296875
 20
841.8900146484375
 10
0.0
 20
841.8900146484375
 10
0.0
 20
0.0
  0
LWPOLYLINE
  5
34
330
17
100
AcDbEntity
  8
SCHEMATICS
 62
7
100
AcDbPolyline
 90
5
 70
0
 10
56.689998626708984
 20
626.7100219726562
 10
566.9299926757812
 20
626.7100219726562
 10
566.9299926757812
 20
813.550048828125
 10
56.689998626708984
 20
813.550048828125
 10
56.689998626708984
 20
626.7100219726562
  0
LWPOLYLINE
  5
35
330
17
100
AcDbEntity
  8
SCHEMATICS
 62
7
100
AcDbPolyline
 90
9
 70
0
 10
75.77365112304688
 20
551.5241088867188
 10
75.58318763971329
 20
551.5062947273254
 10
75.39208221435547
 20
551.4907722473145
 10
75.20034021139145
 20
551.4775671958923
 10
75.00796699523926
 20
551.4667053222656
 10
74.81496793031693
 20
551.4582123756409
 10
74.62134838104248
 20
551.4521141052246
 10
74.42711371183395
 20
551.4484362602234
 10
74.23226928710938
 20
551.4472045898438
  0
LWPOLYLINE
  5
36
330
17
100
AcDbEntity
  8
SCHEMATICS
 62
7
100
AcDbPolyline
 90
9
 70
0
 10
74.23226928710938
 20
551.4472045898438
 10
71.12545947730541
 20
551.760348200798
 10
68.23175609111786
 20
552.6584615707397
 10
65.61315275728703
 20
554.0795685052872
 10
63.33164310455322
 20
555.9616928100586
 10
61.44922076165676
 20
558.2428582906723
 10
60.02787935733795
 20
560.8610887527466
 10
59.129612520337105
 20
563.7544080018997
 10
58.81641387939453
 20
566.86083984375
  0
LWPOLYLINE
  5
37
330
17
100
AcDbEntity
  8
SCHEMATICS
 62
7
100
AcDbPolyline
 90
9
 70
0
 10
58.81641387939453
 20
566.86083984375
 10
59.129612520337105
 20
569.9673702120781
 10
60.02787935733795
 20
572.8607783317566
 10
61.44922076165676
 20
575.4790869355202
 10
63.33164310455322
 20
577.7603187561035
 10
65.61315275728703
 20
579.6424965262413
 10
68.23175609111786
 20
581.0636429786682
 10
71.12545947730541
 20
581.9617808461189
 10
74.23226928710938
 20
582.2749328613281
  0
LWPOLYLINE
  5
38
330
17
100
AcDbEntity
  8
SCHEMATICS
 62
7
100
AcDbPolyline
 90
9
 70
0
 10
74.23226928710938
 20
582.2749328613281
 10
74.42711371183395
 20
582.2736899256706
 10
74.62134838104248
 20
582.2699847221375
 10
74.81496793031693
 20
582.2638526558876
 10
75.00796699523926
 20
582.2553291320801
 10
75.20034021139145
 20
582.2444495558739
 10
75.39208221435547
 20
582.231249332428
 10
75.58318763971329
 20
582.2157638669014
 10
75.77365112304688
 20
582.1980285644531
  0
LINE
  5
39
330
17
100
AcDbEntity
  8
SCHEMATICS
 62
7
100
AcDbLine
 10
75.77365112304688
 20
582.1980285644531
 30
0.0
 11
75.77365112304688
 21
577.5282592773438
 31
0.0
  0
LWPOLYLINE
  5
3A
330
17
100
AcDbEntity
  8
SCHEMATICS
 62
7
100
AcDbPolyline
 90
9
 70
0
 10
75.77365112304688
 20
577.5282592773438
 10
75.58405493199825
 20
577.5543025135994
 10
75.39375054836273
 20
577.577944278717
 10
75.20265991985798
 20
577.5988544821739
 10
75.01070499420166
 20
577.6167030334473
 10
74.81780771911144
 20
577.6311598420143
 10
74.62389004230499
 20
577.6418948173523
 10
74.42887391149998
 20
577.6485778689384
 10
74.23268127441406
 20
577.65087890625
  0
LWPOLYLINE
  5
3B
330
17
100
AcDbEntity
  8
SCHEMATICS
 62
7
100
AcDbPolyline
 90
9
 70
0
 10
74.23268127441406
 20
577.65087890625
 10
72.05770939588547
 20
577.4316734075546
 10
70.03197383880615
 20
576.8029775619507
 10
68.19885951280594
 20
575.8081723451614
 10
66.60175132751465
 20
574.4906387329102
 10
65.2840341925621
 20
572.8937577009201
 10
64.28909301757812
 20
571.0609102249146
 10
63.660312712192535
 20
569.0354772806168
 10
63.441078186035156
 20
566.86083984375
  0
LWPOLYLINE
  5
3C
330
17
100
AcDbEntity
  8
SCHEMATICS
 62
7
100
AcDbPolyline
 90
9
 70
0
 10
63.441078186035156
 20
566.86083984375
 10
63.660312712192535
 20
564.6863885521889
 10
64.28909301757812
 20
562.6610856056213
 10
65.2840341925621
 20
560.8283216357231
 10
66.60175132751465
 20
559.2314872741699
 10
68.19885951280594
 20
557.9139731526375
 10
70.03197383880615
 20
556.9191699028015
 10
72.05770939588547
 20
556.2904681563377
 10
74.23268127441406
 20
556.0712585449219
  0
LWPOLYLINE
  5
3D
330
17
100
AcDbEntity
  8
SCHEMATICS
 62
7
100
AcDbPolyline
 90
9
 70
0
 10
74.23268127441406
 20
556.0712585449219
 10
74.42887391149998
 20
556.0735585689545
 10
74.62389004230499
 20
556.0802402496338
 10
74.81780771911144
 20
556.0909759998322
 10
75.01070499420166
 20
556.1054382324219
 10
75.20265991985798
 20
556.1232993602753
 10
75.39375054836273
 20
556.1442317962646
 10
75.58405493199825
 20
556.1679079532623
 10
75.77365112304688
 20
556.1940002441406
  0
LINE
  5
3E
330
17
100
AcDbEntity
  8
SCHEMATICS
 62
7
100
AcDbLine
 10
75.77365112304688
 20
556.1940002441406
 30
0.0
 11
75.77365112304688
 21
551.5241088867188
 31
0.0
  0
LWPOLYLINE
  5
3F
330
17
100
AcDbEntity
  8
SCHEMATICS
 62
7
100
AcDbPolyline
 90
9
 70
0
 10
101.98262023925781
 20
551.5241088867188
 10
101.79197460412979
 20
551.5062947273254
 10
101.60064840316772
 20
551.4907722473145
 10
101.4086634516716
 20
551.4775671958923
 10
101.2160415649414
 20
551.4667053222656
 10
101.02280455827713
 20
551.4582123756409
 10
100.82897424697876
 20
551.4521141052246
 10
100.63457244634628
 20
551.4484362602234
 10
100.43962097167969
 20
551.4472045898438
  0
LWPOLYLINE
  5
40
330
17
100
AcDbEntity
  8
SCHEMATICS
 62
7
100
AcDbPolyline
 90
9
 70
0
 10
100.43962097167969
 20
551.4472045898438
 10
97.33273673057556
 20
551.760348200798
 10
94.438955783844
 20
552.6584615707397
 10
91.82027578353882
 20
554.0795685052872
 10
89.53869438171387
 20
555.9616928100586
 10
87.65620923042297
 20
558.2428582906723
 10
86.23481798171997
 20
560.8610887527466
 10
85.33651828765869
 20
563.7544080018997
 10
85.02330780029297
 20
566.86083984375
  0
LWPOLYLINE
  5
41
330
17
100
AcDbEntity
  8
SCHEMATICS
 62
7
100
AcDbPolyline
 90
9
 70
0
 10
85.02330780029297
 20
566.86083984375
 10
85.33651828765869
 20
569.9673702120781
 10
86.23481798171997
 20
572.8607783317566
 10
87.65620923042297
 20
575.4790869355202
 10
89.53869438171387
 20
577.7603187561035
 10
91.82027578353882
 20
579.6424965262413
 10
94.438955783844
 20
581.0636429786682
 10
97.33273673057556
 20
581.9617808461189
 10
100.43962097167969
 20
582.2749328613281
  0
LWPOLYLINE
  5
42
330
17
100
AcDbEntity
  8
SCHEMATICS
 62
7
100
AcDbPolyline
 90
9
 70
0
 10
100.43962097167969
 20
582.2749328613281
 10
100.63457244634628
 20
582.2736899256706
 10
100.82897424697876
 20
582.2699847221375
 10
101.02280455827713
 20
582.2638526558876
 10
101.2160415649414
 20
582.2553291320801
 10
101.4086634516716
 20
582.2444495558739
 10
101.60064840316772
 20
582.231249332428
 10
101.79197460412979
 20
582.2157638669014
 10
101.98262023925781
 20
582.1980285644531
  0
LINE
  5
43
330
17
100
AcDbEntity
  8
SCHEMATICS
 62
7
100
AcDbLine
 10
101.98262023925781
 20
582.1980285644531
 30
0.0
 11
101.98262023925781
 21
577.5281372070312
 31
0.0
  0
LWPOLYLINE
  5
44
330
17
100
AcDbEntity
  8
SCHEMATICS
 62
7
100
AcDbPolyline
 90
9
 70
0
 10
101.98262023925781
 20
577.5281372070312
 10
101.79297628998756
 20
577.5542207360268
 10
101.60261654853821
 20
577.577892780304
 10
101.41145750880241
 20
577.5988246798515
 10
101.21941566467285
 20
577.6166877746582
 10
101.02640751004219
 20
577.6311534047127
 10
100.8323495388031
 20
577.6418929100037
 10
100.63715824484825
 20
577.6485776305199
 10
100.44075012207031
 20
577.65087890625
  0
LWPOLYLINE
  5
45
330
17
100
AcDbEntity
  8
SCHEMATICS
 62
7
100
AcDbPolyline
 90
9
 70
0
 10
100.44075012207031
 20
577.65087890625
 10
98.54795019328594
 20
577.4853986501694
 10
96.76340520381927
 20
577.0078229904175
 10
95.11521138250828
 20
576.2464495897293
 10
93.63146495819092
 20
575.2295761108398
 10
92.34026215970516
 20
573.9855002164841
 10
91.26969921588898
 20
572.542519569397
 10
90.44787235558033
 20
570.9289318323135
 10
89.90287780761719
 20
569.1730346679688
  0
LINE
  5
46
330
17
100
AcDbEntity
  8
SCHEMATICS
 62
7
100
AcDbLine
 10
89.90287780761719
 20
569.1730346679688
 30
0.0
 11
98.89775085449219
 21
569.1730346679688
 31
0.0
  0
LINE
  5
47
330
17
100
AcDbEntity
  8
SCHEMATICS
 62
7
100
AcDbLine
 10
98.89775085449219
 20
569.1730346679688
 30
0.0
 11
98.89775085449219
 21
564.5486755371094
 31
0.0
  0
LINE
  5
48
330
17
100
AcDbEntity
  8
SCHEMATICS
 62
7
100
AcDbLine
 10
98.89775085449219
 20
564.5486755371094
 30
0.0
 11
89.90287780761719
 21
564.5486755371094
 31
0.0
  0
LWPOLYLINE
  5
49
330
17
100
AcDbEntity
  8
SCHEMATICS
 62
7
100
AcDbPolyline
 90
9
 70
0
 10
89.90287780761719
 20
564.5486755371094
 10
90.44787235558033
 20
562.792963206768
 10
91.26969921588898
 20
561.1795020103455
 10
92.34026215970516
 20
559.7365999817848
 10
93.63146495819092
 20
558.4925651550293
 10
95.11521138250828
 20
557.4757055640221
 10
96.76340520381927
 20
556.7143292427063
 10
98.54795019328594
 20
556.2367442250252
 10
100.44075012207031
 20
556.0712585449219
  0
LWPOLYLINE
  5
4A
330
17
100
AcDbEntity
  8
SCHEMATICS
 62
7
100
AcDbPolyline
 90
9
 70
0
 10
100.44075012207031
 20
556.0712585449219
 10
100.63715824484825
 20
556.0735585689545
 10
100.8323495388031
 20
556.0802402496338
 10
101.02640751004219
 20
556.0909759998322
 10
101.21941566467285
 20
556.1054382324219
 10
101.41145750880241
 20
556.1232993602753
 10
101.60261654853821
 20
556.1442317962646
 10
101.79297628998756
 20
556.1679079532623
 10
101.98262023925781
 20
556.1940002441406
  0
LINE
  5
4B
330
17
100
AcDbEntity
  8
SCHEMATICS
 62
7
100
AcDbLine
 10
101.98262023925781
 20
556.1940002441406
 30
0.0
 11
101.98262023925781
 21
551.5241088867188
 31
0.0
  0
LINE
  5
4C
330
17
100
AcDbEntity
  8
SCHEMATICS
 62
7
100
AcDbLine
 10
142.35829162597656
 20
582.2796020507812
 30
0.0
 11
124.73004150390625
 21
582.2796020507812
 31
0.0
  0
LINE
  5
4D
330
17
100
AcDbEntity
  8
SCHEMATICS
 62
7
100
AcDbLine
 10
124.73004150390625
 20
582.2796020507812
 30
0.0
 11
115.91583251953125
 21
566.9003601074219
 31
0.0
  0
LINE
  5
4E
330
17
100
AcDbEntity
  8
SCHEMATICS
 62
7
100
AcDbLine
 10
115.91583251953125
 20
566.9003601074219
 30
0.0
 11
124.73004150390625
 21
551.521240234375
 31
0.0
  0
LINE
  5
4F
330
17
100
AcDbEntity
  8
SCHEMATICS
 62
7
100
AcDbLine
 10
124.73004150390625
 20
551.521240234375
 30
0.0
 11
142.35829162597656
 21
551.521240234375
 31
0.0
  0
LINE
  5
50
330
17
100
AcDbEntity
  8
SCHEMATICS
 62
7
100
AcDbLine
 10
142.35829162597656
 20
551.521240234375
 30
0.0
 11
151.17251586914062
 21
566.9003601074219
 31
0.0
  0
LINE
  5
51
330
17
100
AcDbEntity
  8
SCHEMATICS
 62
7
100
AcDbLine
 10
151.17251586914062
 20
566.9003601074219
 30
0.0
 11
142.35829162597656
 21
582.2796020507812
 31
0.0
  0
LINE
  5
52
330
17
100
AcDbEntity
  8
SCHEMATICS
 62
7
100
AcDbLine
 10
141.3006134033203
 20
580.4342041015625
 30
0.0
 11
125.78776550292969
 21
580.4342041015625
 31
0.0
  0
LINE
  5
53
330
17
100
AcDbEntity
  8
SCHEMATICS
 62
7
100
AcDbLine
 10
125.78776550292969
 20
580.4342041015625
 30
0.0
 11
118.0312271118164
 21
566.9003601074219
 31
0.0
  0
LINE
  5
54
330
17
100
AcDbEntity
  8
SCHEMATICS
 62
7
100
AcDbLine
 10
118.0312271118164
 20
566.9003601074219
 30
0.0
 11
125.78776550292969
 21
553.3668212890625
 31
0.0
  0
LINE
  5
55
330
17
100
AcDbEntity
  8
SCHEMATICS
 62
7
100
AcDbLine
 10
125.78776550292969
 20
553.3668212890625
 30
0.0
 11
141.3006134033203
 21
553.3668212890625
 31
0.0
  0
LINE
  5
56
330
17
100
AcDbEntity
  8
SCHEMATICS
 62
7
100
AcDbLine
 10
141.3006134033203
 20
553.3668212890625
 30
0.0
 11
149.0569610595703
 21
566.9003601074219
 31
0.0
  0
LINE
  5
57
330
17
100
AcDbEntity
  8
SCHEMATICS
 62
7
100
AcDbLine
 10
149.0569610595703
 20
566.9003601074219
 30
0.0
 11
141.3006134033203
 21
580.4342041015625
 31
0.0
  0
LWPOLYLINE
  5
58
330
17
100
AcDbEntity
  8
SCHEMATICS
 62
7
100
AcDbPolyline
 90
9
 70
0
 10
130.49923706054688
 20
573.411376953125
 10
130.273941218853
 20
573.6176979541779
 10
130.029700756073
 20
573.801721572876
 10
129.7681103348732
 20
573.9618413448334
 10
129.49076461791992
 20
574.0964508056641
 10
129.1992582678795
 20
574.203943490982
 10
128.8951859474182
 20
574.2827129364014
 10
128.58014231920242
 20
574.331152677536
 10
128.25572204589844
 20
574.34765625
  0
LWPOLYLINE
  5
59
330
17
100
AcDbEntity
  8
SCHEMATICS
 62
7
100
AcDbPolyline
 90
9
 70
0
 10
128.25572204589844
 20
574.34765625
 10
127.61619129776955
 20
574.2827119231224
 10
127.02051949501038
 20
574.0964484214783
 10
126.48147055506706
 20
573.8017199635506
 10
126.01180839538574
 20
573.4113807678223
 10
125.62429693341255
 20
572.9382850527763
 10
125.33170008659363
 20
572.3952870368958
 10
125.1467817723751
 20
571.7952409386635
 10
125.08230590820312
 20
571.1510009765625
  0
LWPOLYLINE
  5
5A
330
17
100
AcDbEntity
  8
SCHEMATICS
 62
7
100
AcDbPolyline
 90
9
 70
0
 10
125.08230590820312
 20
571.1510009765625
 10
125.1467817723751
 20
570.5068669915199
 10
125.33170008659363
 20
569.9069104194641
 10
125.62429693341255
 20
569.3639861941338
 10
126.01180839538574
 20
568.8909492492676
 10
126.48147055506706
 20
568.5006545186043
 10
127.02051949501038
 20
568.2059569358826
 10
127.61619129776955
 20
568.0197114348412
 10
128.25572204589844
 20
567.9547729492188
  0
LINE
  5
5B
330
17
100
AcDbEntity
  8
SCHEMATICS
 62
7
100
AcDbLine
 10
128.25572204589844
 20
567.9547729492188
 30
0.0
 11
130.37083435058594
 21
567.9547729492188
 31
0.0
  0
LINE
  5
5C
330
17
100
AcDbEntity
  8
SCHEMATICS
 62
7
100
AcDbLine
 10
130.37083435058594
 20
567.9547729492188
 30
0.0
 11
130.37083435058594
 21
567.5083923339844
 31
0.0
  0
LINE
  5
5D
330
17
100
AcDbEntity
  8
SCHEMATICS
 62
7
100
AcDbLine
 10
130.37083435058594
 20
567.5083923339844
 30
0.0
 11
130.37083435058594
 21
566.2698059082031
 31
0.0
  0
LINE
  5
5E
330
17
100
AcDbEntity
  8
SCHEMATICS
 62
7
100
AcDbLine
 10
130.37083435058594
 20
566.2698059082031
 30
0.0
 11
130.37083435058594
 21
565.8237609863281
 31
0.0
  0
LINE
  5
5F
330
17
100
AcDbEntity
  8
SCHEMATICS
 62
7
100
AcDbLine
 10
130.37083435058594
 20
565.8237609863281
 30
0.0
 11
128.25572204589844
 21
565.8237609863281
 31
0.0
  0
LWPOLYLINE
  5
60
330
17
100
AcDbEntity
  8
SCHEMATICS
 62
7
100
AcDbPolyline
 90
9
 70
0
 10
128.25572204589844
 20
565.8237609863281
 10
127.61619129776955
 20
565.7588106393814
 10
127.02051949501038
 20
565.5725336074829
 10
126.48147055506706
 20
565.2777909040451
 10
126.01180839538574
 20
564.8874435424805
 10
125.62429693341255
 20
564.4143525362015
 10
125.33170008659363
 20
563.8713788986206
 10
125.1467817723751
 20
563.2713836431503
 10
125.08230590820312
 20
562.6272277832031
  0
LWPOLYLINE
  5
61
330
17
100
AcDbEntity
  8
SCHEMATICS
 62
7
100
AcDbPolyline
 90
9
 70
0
 10
125.08230590820312
 20
562.6272277832031
 10
125.1467817723751
 20
561.982942700386
 10
125.33170008659363
 20
561.3828725814819
 10
125.62429693341255
 20
560.8398669958115
 10
126.01180839538574
 20
560.3667755126953
 10
126.48147055506706
 20
559.9764477014542
 10
127.02051949501038
 20
559.6817331314087
 10
127.61619129776955
 20
559.4954813718796
 10
128.25572204589844
 20
559.4305419921875
  0
LWPOLYLINE
  5
62
330
17
100
AcDbEntity
  8
SCHEMATICS
 62
7
100
AcDbPolyline
 90
9
 70
0
 10
128.25572204589844
 20
559.4305419921875
 10
128.58014231920242
 20
559.4470469355583
 10
128.8951859474182
 20
559.4954905509949
 10
129.1992582678795
 20
559.5742660164833
 10
129.49076461791992
 20
559.6817665100098
 10
129.7681103348732
 20
559.8163852095604
 10
130.029700756073
 20
559.9765152931213
 10
130.273941218853
 20
560.1605499386787
 10
130.49923706054688
 20
560.3668823242188
  0
LINE
  5
63
330
17
100
AcDbEntity
  8
SCHEMATICS
 62
7
100
AcDbLine
 10
130.49923706054688
 20
560.3668823242188
 30
0.0
 11
131.9952850341797
 21
558.8599548339844
 31
0.0
  0
LWPOLYLINE
  5
64
330
17
100
AcDbEntity
  8
SCHEMATICS
 62
7
100
AcDbPolyline
 90
9
 70
0
 10
131.9952850341797
 20
558.8599548339844
 10
131.6196410357952
 20
558.5161525011063
 10
131.21246695518494
 20
558.2094812393188
 10
130.77641335129738
 20
557.9426254034042
 10
130.31413078308105
 20
557.7182693481445
 10
129.82826980948448
 20
557.5390974283218
 10
129.32148098945618
 20
557.4077939987183
 10
128.79641488194466
 20
557.3270434141159
 10
128.25572204589844
 20
557.2995300292969
  0
LWPOLYLINE
  5
65
330
17
100
AcDbEntity
  8
SCHEMATICS
 62
7
100
AcDbPolyline
 90
9
 70
0
 10
128.25572204589844
 20
557.2995300292969
 10
127.18984574079514
 20
557.4077721238136
 10
126.19710969924927
 20
557.7182145118713
 10
125.29877382516861
 20
558.2094313502312
 10
124.51609802246094
 20
558.8599967956543
 10
123.87034219503403
 20
559.6484850049019
 10
123.38276624679565
 20
560.5534701347351
 10
123.0746300816536
 20
561.5535263419151
 10
122.96719360351562
 20
562.6272277832031
  0
LWPOLYLINE
  5
66
330
17
100
AcDbEntity
  8
SCHEMATICS
 62
7
100
AcDbPolyline
 90
9
 70
0
 10
122.96719360351562
 20
562.6272277832031
 10
123.0056808590889
 20
563.2716343998909
 10
123.1181230545044
 20
563.8928742408752
 10
123.29999083280563
 20
564.4865774512291
 10
123.54675483703613
 20
565.0483741760254
 10
123.85388571023941
 20
565.5738945603371
 10
124.21685409545898
 20
566.0587687492371
 10
124.63113063573837
 20
566.4986268877983
 10
125.0921859741211
 20
566.8890991210938
  0
LWPOLYLINE
  5
67
330
17
100
AcDbEntity
  8
SCHEMATICS
 62
7
100
AcDbPolyline
 90
9
 70
0
 10
125.0921859741211
 20
566.8890991210938
 10
124.63113063573837
 20
567.2796152234077
 10
124.21685409545898
 20
567.719494342804
 10
123.85388571023941
 20
568.2043723464012
 10
123.54675483703613
 20
568.7298851013184
 10
123.29999083280563
 20
569.2916684746742
 10
123.1181230545044
 20
569.8853583335876
 10
123.0056808590889
 20
570.5065905451775
 10
122.96719360351562
 20
571.1510009765625
  0
LWPOLYLINE
  5
68
330
17
100
AcDbEntity
  8
SCHEMATICS
 62
7
100
AcDbPolyline
 90
9
 70
0
 10
122.96719360351562
 20
571.1510009765625
 10
123.0746300816536
 20
572.2246857881546
 10
123.38276624679565
 20
573.2247171401978
 10
123.87034219503403
 20
574.1296724081039
 10
124.51609802246094
 20
574.9181289672852
 10
125.29877382516861
 20
575.5686641931534
 10
126.19710969924927
 20
576.0598554611206
 10
127.18984574079514
 20
576.3702801465988
 10
128.25572204589844
 20
576.478515625
  0
LWPOLYLINE
  5
69
330
17
100
AcDbEntity
  8
SCHEMATICS
 62
7
100
AcDbPolyline
 90
9
 70
0
 10
128.25572204589844
 20
576.478515625
 10
128.79641488194466
 20
576.4510226249695
 10
129.32148098945618
 20
576.3703231811523
 10
129.82826980948448
 20
576.2390866279602
 10
130.31413078308105
 20
576.0599822998047
 10
130.77641335129738
 20
575.8356795310974
 10
131.21246695518494
 20
575.56884765625
 10
131.6196410357952
 20
575.2621560096741
 10
131.9952850341797
 20
574.9182739257812
  0
LINE
  5
6A
330
17
100
AcDbEntity
  8
SCHEMATICS
 62
7
100
AcDbLine
 10
131.9952850341797
 20
574.9182739257812
 30
0.0
 11
130.49923706054688
 21
573.411376953125
 31
0.0
  0
LWPOLYLINE
  5
6B
330
17
100
AcDbEntity
  8
SCHEMATICS
 62
7
100
AcDbPolyline
 90
9
 70
0
 10
135.5338592529297
 20
560.6670837402344
 10
135.52454489469528
 20
560.6469268202782
 10
135.51455354690552
 20
560.6271758079529
 10
135.50403362512589
 20
560.6077302098274
 10
135.49313354492188
 20
560.5884895324707
 10
135.48200172185898
 20
560.5693532824516
 10
135.47078657150269
 20
560.5502209663391
 10
135.4596365094185
 20
560.5309920907021
 10
135.44869995117188
 20
560.5115661621094
  0
LWPOLYLINE
  5
6C
330
17
100
AcDbEntity
  8
SCHEMATICS
 62
7
100
AcDbPolyline
 90
9
 70
0
 10
135.44869995117188
 20
560.5115661621094
 10
135.30050882697105
 20
560.2814756035805
 10
135.1224935054779
 20
560.072817325592
 10
134.91735246777534
 20
559.8884412646294
 10
134.6877841949463
 20
559.7311973571777
 10
134.43648716807365
 20
559.6039355397224
 10
134.16615986824036
 20
559.5095057487488
 10
133.8795007765293
 20
559.450757920742
 10
133.57920837402344
 20
559.4305419921875
  0
LINE
  5
6D
330
17
100
AcDbEntity
  8
SCHEMATICS
 62
7
100
AcDbLine
 10
133.57920837402344
 20
559.4305419921875
 30
0.0
 11
133.57920837402344
 21
557.2995300292969
 31
0.0
  0
LWPOLYLINE
  5
6E
330
17
100
AcDbEntity
  8
SCHEMATICS
 62
7
100
AcDbPolyline
 90
9
 70
0
 10
133.57920837402344
 20
557.2995300292969
 10
134.22797924280167
 20
557.346251308918
 10
134.8456425666809
 20
557.4817891120911
 10
135.42490023374557
 20
557.6992043852806
 10
135.95845413208008
 20
557.9915580749512
 10
136.43900614976883
 20
558.3519111275673
 10
136.85925817489624
 20
558.7733244895935
 10
137.21191209554672
 20
559.2488591074944
 10
137.4896697998047
 20
559.7715759277344
  0
LINE
  5
6F
330
17
100
AcDbEntity
  8
SCHEMATICS
 62
7
100
AcDbLine
 10
137.4896697998047
 20
559.7715759277344
 30
0.0
 11
137.63809204101562
 21
560.0971984863281
 31
0.0
  0
LINE
  5
70
330
17
100
AcDbEntity
  8
SCHEMATICS
 62
7
100
AcDbLine
 10
137.63809204101562
 20
560.0971984863281
 30
0.0
 11
137.73094177246094
 21
559.892578125
 31
0.0
  0
LWPOLYLINE
  5
71
330
17
100
AcDbEntity
  8
SCHEMATICS
 62
7
100
AcDbPolyline
 90
9
 70
0
 10
137.73094177246094
 20
559.892578125
 10
137.74834701418877
 20
559.8495117425919
 10
137.7662627696991
 20
559.806694984436
 10
137.78468599915504
 20
559.7641314268112
 10
137.80361366271973
 20
559.7218246459961
 10
137.82304272055626
 20
559.6797782182693
 10
137.84297013282776
 20
559.6379957199097
 10
137.86339285969734
 20
559.5964807271957
 10
137.88430786132812
 20
559.5552368164062
  0
LWPOLYLINE
  5
72
330
17
100
AcDbEntity
  8
SCHEMATICS
 62
7
100
AcDbPolyline
 90
9
 70
0
 10
137.88430786132812
 20
559.5552368164062
 10
138.17580899596214
 20
559.0753913521767
 10
138.5322301387787
 20
558.6401238441467
 10
138.94739630818367
 20
558.2554141879082
 10
139.415132522583
 20
557.9272422790527
 10
139.9292638003826
 20
557.6615880131721
 10
140.4836151599884
 20
557.4644312858582
 10
141.0720116198063
 20
557.3417519927025
 10
141.6882781982422
 20
557.2995300292969
  0
LINE
  5
73
330
17
100
AcDbEntity
  8
SCHEMATICS
 62
7
100
AcDbLine
 10
141.6882781982422
 20
557.2995300292969
 30
0.0
 11
141.6882781982422
 21
559.4305419921875
 31
0.0
  0
LWPOLYLINE
  5
74
330
17
100
AcDbEntity
  8
SCHEMATICS
 62
7
100
AcDbPolyline
 90
9
 70
0
 10
141.6882781982422
 20
559.4305419921875
 10
141.3881071805954
 20
559.4507585167885
 10
141.10149669647217
 20
559.5095105171204
 10
140.83116972446442
 20
559.6039516329765
 10
140.57984924316406
 20
559.7312355041504
 10
140.35025823116302
 20
559.8885157704353
 10
140.14511966705322
 20
560.0729460716248
 10
139.96715652942657
 20
560.281680047512
 10
139.819091796875
 20
560.5118713378906
  0
LWPOLYLINE
  5
75
330
17
100
AcDbEntity
  8
SCHEMATICS
 62
7
100
AcDbPolyline
 90
9
 70
0
 10
139.819091796875
 20
560.5118713378906
 10
139.81256893277168
 20
560.5242218971252
 10
139.80140137672424
 20
560.5459079742432
 10
139.78694686293602
 20
560.5744118690491
 10
139.77056312561035
 20
560.6072158813477
 10
139.75360789895058
 20
560.6418023109436
 10
139.73743891716003
 20
560.6756534576416
 10
139.72341391444206
 20
560.7062516212463
 10
139.712890625
 20
560.7310791015625
  0
LINE
  5
76
330
17
100
AcDbEntity
  8
SCHEMATICS
 62
7
100
AcDbLine
 10
139.712890625
 20
560.7310791015625
 30
0.0
 11
138.78941345214844
 21
562.62939453125
 31
0.0
  0
LINE
  5
77
330
17
100
AcDbEntity
  8
SCHEMATICS
 62
7
100
AcDbLine
 10
138.78941345214844
 20
562.62939453125
 30
0.0
 11
139.71824645996094
 21
564.5392761230469
 31
0.0
  0
LWPOLYLINE
  5
78
330
17
100
AcDbEntity
  8
SCHEMATICS
 62
7
100
AcDbPolyline
 90
9
 70
0
 10
139.71824645996094
 20
564.5392761230469
 10
139.72728979587555
 20
564.5599504709244
 10
139.73985290527344
 20
564.5866365432739
 10
139.75468480587006
 20
564.6170033216476
 10
139.77053451538086
 20
564.6487197875977
 10
139.7861510515213
 20
564.6794549226761
 10
139.80028343200684
 20
564.7068777084351
 10
139.81168067455292
 20
564.7286571264267
 10
139.819091796875
 20
564.7424621582031
  0
LWPOLYLINE
  5
79
330
17
100
AcDbEntity
  8
SCHEMATICS
 62
7
100
AcDbPolyline
 90
9
 70
0
 10
139.819091796875
 20
564.7424621582031
 10
139.96715652942657
 20
564.972511947155
 10
140.14511966705322
 20
565.1811766624451
 10
140.35025823116302
 20
565.3655934929848
 10
140.57984924316406
 20
565.5228996276855
 10
140.83116972446442
 20
565.6502322554588
 10
141.10149669647217
 20
565.7447285652161
 10
141.3881071805954
 20
565.8035257458687
 10
141.6882781982422
 20
565.8237609863281
  0
LINE
  5
7A
330
17
100
AcDbEntity
  8
SCHEMATICS
 62
7
100
AcDbLine
 10
141.6882781982422
 20
565.8237609863281
 30
0.0
 11
141.6882781982422
 21
567.9547729492188
 31
0.0
  0
LWPOLYLINE
  5
7B
330
17
100
AcDbEntity
  8
SCHEMATICS
 62
7
100
AcDbPolyline
 90
9
 70
0
 10
141.6882781982422
 20
567.9547729492188
 10
141.06641733646393
 20
567.9117704629898
 10
140.4729928970337
 20
567.7868604660034
 10
139.91435420513153
 20
567.5861891508102
 10
139.3968505859375
 20
567.3159027099609
 10
138.92683136463165
 20
566.9821473360062
 10
138.51064586639404
 20
566.5910692214966
 10
138.15464341640472
 20
566.1488145589828
 10
137.86517333984375
 20
565.6615295410156
  0
LWPOLYLINE
  5
7C
330
17
100
AcDbEntity
  8
SCHEMATICS
 62
7
100
AcDbPolyline
 90
9
 70
0
 10
137.86517333984375
 20
565.6615295410156
 10
137.84277892112732
 20
565.6147373318672
 10
137.8110990524292
 20
565.5462288856506
 10
137.77391600608826
 20
565.4646205306053
 10
137.73501205444336
 20
565.3785285949707
 10
137.69816946983337
 20
565.2965694069862
 10
137.66717052459717
 20
565.2273592948914
 10
137.6457974910736
 20
565.1795145869255
 10
137.63783264160156
 20
565.1616516113281
  0
LINE
  5
7D
330
17
100
AcDbEntity
  8
SCHEMATICS
 62
7
100
AcDbLine
 10
137.63783264160156
 20
565.1616516113281
 30
0.0
 11
137.47677612304688
 21
565.5160827636719
 31
0.0
  0
LWPOLYLINE
  5
7E
330
17
100
AcDbEntity
  8
SCHEMATICS
 62
7
100
AcDbPolyline
 90
9
 70
0
 10
137.47677612304688
 20
565.5160827636719
 10
137.19657400250435
 20
566.0323720574379
 10
136.84292244911194
 20
566.5017838478088
 10
136.4229756295681
 20
566.9175493121147
 10
135.9438877105713
 20
567.2728996276855
 10
135.41281285881996
 20
567.5610659718513
 10
134.83690524101257
 20
567.7752795219421
 10
134.22331902384758
 20
567.9087714552879
 10
133.57920837402344
 20
567.9547729492188
  0
LINE
  5
7F
330
17
100
AcDbEntity
  8
SCHEMATICS
 62
7
100
AcDbLine
 10
133.57920837402344
 20
567.9547729492188
 30
0.0
 11
133.57920837402344
 21
565.8237609863281
 31
0.0
  0
LWPOLYLINE
  5
80
330
17
100
AcDbEntity
  8
SCHEMATICS
 62
7
100
AcDbPolyline
 90
9
 70
0
 10
133.57920837402344
 20
565.8237609863281
 10
133.87951892614365
 20
565.8035257458687
 10
134.1662220954895
 20
565.7447285652161
 10
134.4366038441658
 20
565.6502322554588
 10
134.68795013427734
 20
565.5228996276855
 10
134.91754692792892
 20
565.3655934929848
 10
135.12268018722534
 20
565.1811766624451
 10
135.3006358742714
 20
564.972511947155
 10
135.44869995117188
 20
564.7424621582031
  0
LWPOLYLINE
  5
81
330
17
100
AcDbEntity
  8
SCHEMATICS
 62
7
100
AcDbPolyline
 90
9
 70
0
 10
135.44869995117188
 20
564.7424621582031
 10
135.45861408114433
 20
564.7250727415085
 10
135.46895003318787
 20
564.7079172134399
 10
135.47950592637062
 20
564.6908832788467
 10
135.49007987976074
 20
564.6738586425781
 10
135.50047001242638
 20
564.6567310094833
 10
135.51047444343567
 20
564.6393880844116
 10
135.51989129185677
 20
564.6217175722122
 10
135.5285186767578
 20
564.6036071777344
  0
LINE
  5
82
330
17
100
AcDbEntity
  8
SCHEMATICS
 62
7
100
AcDbLine
 10
135.5285186767578
 20
564.6036071777344
 30
0.0
 11
136.48654174804688
 21
562.62939453125
 31
0.0
  0
LINE
  5
83
330
17
100
AcDbEntity
  8
SCHEMATICS
 62
7
100
AcDbLine
 10
136.48654174804688
 20
562.62939453125
 30
0.0
 11
135.5338592529297
 21
560.6670837402344
 31
0.0
  0
LINE
  5
84
330
17
100
AcDbEntity
  8
SCHEMATICS
 62
7
100
AcDbLine
 10
231.66029357910156
 20
551.5326538085938
 30
0.0
 11
200.99998474121094
 21
551.5326538085938
 31
0.0
  0
LINE
  5
85
330
17
100
AcDbEntity
  8
SCHEMATICS
 62
7
100
AcDbLine
 10
200.99998474121094
 20
551.5326538085938
 30
0.0
 11
200.99998474121094
 21
582.2796020507812
 31
0.0
  0
LINE
  5
86
330
17
100
AcDbEntity
  8
SCHEMATICS
 62
7
100
AcDbLine
 10
200.99998474121094
 20
582.2796020507812
 30
0.0
 11
231.66029357910156
 21
582.2796020507812
 31
0.0
  0
LINE
  5
87
330
17
100
AcDbEntity
  8
SCHEMATICS
 62
7
100
AcDbLine
 10
231.66029357910156
 20
582.2796020507812
 30
0.0
 11
231.66029357910156
 21
551.5326538085938
 31
0.0
  0
LINE
  5
88
330
17
100
AcDbEntity
  8
SCHEMATICS
 62
7
100
AcDbLine
 10
214.31590270996094
 20
558.1316223144531
 30
0.0
 11
214.44686889648438
 21
558.8460693359375
 31
0.0
  0
LINE
  5
89
330
17
100
AcDbEntity
  8
SCHEMATICS
 62
7
100
AcDbLine
 10
214.44686889648438
 20
558.8460693359375
 30
0.0
 11
231.6591796875
 21
558.8460693359375
 31
0.0
  0
LINE
  5
8A
330
17
100
AcDbEntity
  8
SCHEMATICS
 62
7
100
AcDbLine
 10
231.6591796875
 20
558.8460693359375
 30
0.0
 11
231.6591796875
 21
558.1316223144531
 31
0.0
  0
LINE
  5
8B
330
17
100
AcDbEntity
  8
SCHEMATICS
 62
7
100
AcDbLine
 10
231.6591796875
 20
558.1316223144531
 30
0.0
 11
214.31590270996094
 21
558.1316223144531
 31
0.0
  0
LINE
  5
8C
330
17
100
AcDbEntity
  8
SCHEMATICS
 62
7
100
AcDbLine
 10
214.70767211914062
 20
559.7914428710938
 30
0.0
 11
214.87109375
 21
560.5059814453125
 31
0.0
  0
LINE
  5
8D
330
17
100
AcDbEntity
  8
SCHEMATICS
 62
7
100
AcDbLine
 10
214.87109375
 20
560.5059814453125
 30
0.0
 11
231.6591796875
 21
560.5059814453125
 31
0.0
  0
LINE
  5
8E
330
17
100
AcDbEntity
  8
SCHEMATICS
 62
7
100
AcDbLine
 10
231.6591796875
 20
560.5059814453125
 30
0.0
 11
231.6591796875
 21
559.7914428710938
 31
0.0
  0
LINE
  5
8F
330
17
100
AcDbEntity
  8
SCHEMATICS
 62
7
100
AcDbLine
 10
231.6591796875
 20
559.7914428710938
 30
0.0
 11
214.70767211914062
 21
559.7914428710938
 31
0.0
  0
LINE
  5
90
330
17
100
AcDbEntity
  8
SCHEMATICS
 62
7
100
AcDbLine
 10
213.8916778564453
 20
556.4237670898438
 30
0.0
 11
214.02264404296875
 21
557.1121520996094
 31
0.0
  0
LINE
  5
91
330
17
100
AcDbEntity
  8
SCHEMATICS
 62
7
100
AcDbLine
 10
214.02264404296875
 20
557.1121520996094
 30
0.0
 11
231.6591796875
 21
557.1121520996094
 31
0.0
  0
LINE
  5
92
330
17
100
AcDbEntity
  8
SCHEMATICS
 62
7
100
AcDbLine
 10
231.6591796875
 20
557.1121520996094
 30
0.0
 11
231.6591796875
 21
556.4237670898438
 31
0.0
  0
LINE
  5
93
330
17
100
AcDbEntity
  8
SCHEMATICS
 62
7
100
AcDbLine
 10
231.6591796875
 20
556.4237670898438
 30
0.0
 11
213.8916778564453
 21
556.4237670898438
 31
0.0
  0
LWPOLYLINE
  5
94
330
17
100
AcDbEntity
  8
SCHEMATICS
 62
7
100
AcDbPolyline
 90
9
 70
0
 10
191.17013549804688
 20
556.5560302734375
 10
191.52179411053658
 20
556.5930781364441
 10
191.84933876991272
 20
556.6993312835693
 10
192.14575013518333
 20
556.8674540519714
 10
192.40400886535645
 20
557.0901107788086
 10
192.61709561944008
 20
557.359965801239
 10
192.77799105644226
 20
557.6696834564209
 10
192.87967583537102
 20
558.0119280815125
 10
192.91513061523438
 20
558.3793640136719
  0
LWPOLYLINE
  5
95
330
17
100
AcDbEntity
  8
SCHEMATICS
 62
7
100
AcDbPolyline
 90
9
 70
0
 10
192.91513061523438
 20
558.3793640136719
 10
192.87967583537102
 20
558.7467530965805
 10
192.77799105644226
 20
559.0889501571655
 10
192.61709561944008
 20
559.3986216783524
 10
192.40400886535645
 20
559.6684341430664
 10
192.14575013518333
 20
559.8910540342331
 10
191.84933876991272
 20
560.0591478347778
 10
191.52179411053658
 20
560.165382027626
 10
191.17013549804688
 20
560.2024230957031
  0
LWPOLYLINE
  5
96
330
17
100
AcDbEntity
  8
SCHEMATICS
 62
7
100
AcDbPolyline
 90
9
 70
0
 10
191.17013549804688
 20
560.2024230957031
 10
190.81841644644737
 20
560.165382027626
 10
190.4908263683319
 20
560.0591478347778
 10
190.19438245892525
 20
559.8910540342331
 10
189.93610191345215
 20
559.6684341430664
 10
189.72300192713737
 20
559.3986216783524
 10
189.5620996952057
 20
559.0889501571655
 10
189.46041241288185
 20
558.7467530965805
 10
189.42495727539062
 20
558.3793640136719
  0
LWPOLYLINE
  5
97
330
17
100
AcDbEntity
  8
SCHEMATICS
 62
7
100
AcDbPolyline
 90
9
 70
0
 10
189.42495727539062
 20
558.3793640136719
 10
189.46041241288185
 20
558.0119280815125
 10
189.5620996952057
 20
557.6696834564209
 10
189.72300192713737
 20
557.359965801239
 10
189.93610191345215
 20
557.0901107788086
 10
190.19438245892525
 20
556.8674540519714
 10
190.4908263683319
 20
556.6993312835693
 10
190.81841644644737
 20
556.5930781364441
 10
191.17013549804688
 20
556.5560302734375
  0
LINE
  5
98
330
17
100
AcDbEntity
  8
SCHEMATICS
 62
7
100
AcDbLine
 10
195.73007202148438
 20
551.5332336425781
 30
0.0
 11
195.73007202148438
 21
582.2650146484375
 31
0.0
  0
LINE
  5
99
330
17
100
AcDbEntity
  8
SCHEMATICS
 62
7
100
AcDbLine
 10
195.73007202148438
 20
582.2650146484375
 30
0.0
 11
165.08535766601562
 21
582.2650146484375
 31
0.0
  0
LINE
  5
9A
330
17
100
AcDbEntity
  8
SCHEMATICS
 62
7
100
AcDbLine
 10
165.08535766601562
 20
582.2650146484375
 30
0.0
 11
165.08535766601562
 21
551.5332336425781
 31
0.0
  0
LINE
  5
9B
330
17
100
AcDbEntity
  8
SCHEMATICS
 62
7
100
AcDbLine
 10
165.08535766601562
 20
551.5332336425781
 30
0.0
 11
195.73007202148438
 21
551.5332336425781
 31
0.0
  0
LINE
  5
9C
330
17
100
AcDbEntity
  8
SCHEMATICS
 62
7
100
AcDbLine
 10
170.92381286621094
 20
563.1712341308594
 30
0.0
 11
170.92381286621094
 21
575.6196899414062
 31
0.0
  0
LINE
  5
9D
330
17
100
AcDbEntity
  8
SCHEMATICS
 62
7
100
AcDbLine
 10
170.92381286621094
 20
575.6196899414062
 30
0.0
 11
168.40472412109375
 21
575.6196899414062
 31
0.0
  0
LINE
  5
9E
330
17
100
AcDbEntity
  8
SCHEMATICS
 62
7
100
AcDbLine
 10
168.40472412109375
 20
575.6196899414062
 30
0.0
 11
168.40472412109375
 21
563.1712341308594
 31
0.0
  0
LINE
  5
9F
330
17
100
AcDbEntity
  8
SCHEMATICS
 62
7
100
AcDbLine
 10
168.40472412109375
 20
563.1712341308594
 30
0.0
 11
170.92381286621094
 21
563.1712341308594
 31
0.0
  0
LINE
  5
A0
330
17
100
AcDbEntity
  8
SCHEMATICS
 62
7
100
AcDbLine
 10
181.83026123046875
 20
575.9112854003906
 30
0.0
 11
177.29566955566406
 21
575.9112854003906
 31
0.0
  0
LWPOLYLINE
  5
A1
330
17
100
AcDbEntity
  8
SCHEMATICS
 62
7
100
AcDbPolyline
 90
9
 70
0
 10
177.29566955566406
 20
575.9112854003906
 10
177.25121894478798
 20
575.9112854003906
 10
177.1289780139923
 20
575.9112854003906
 10
176.94561311602592
 20
575.9112854003906
 10
176.7177906036377
 20
575.9112854003906
 10
176.4621768295765
 20
575.9112854003906
 10
176.1954381465912
 20
575.9112854003906
 10
175.93424090743065
 20
575.9112854003906
 10
175.69525146484375
 20
575.9112854003906
  0
LWPOLYLINE
  5
A2
330
17
100
AcDbEntity
  8
SCHEMATICS
 62
7
100
AcDbPolyline
 90
9
 70
0
 10
175.69525146484375
 20
575.9112854003906
 10
175.46207585930824
 20
575.8808979988098
 10
175.21603512763977
 20
575.7927722930908
 10
174.97067710757256
 20
575.6514630317688
 10
174.73954963684082
 20
575.4615249633789
 10
174.5362005531788
 20
575.2275128364563
 10
174.37417769432068
 20
574.9539813995361
 10
174.26702889800072
 20
574.6454854011536
 10
174.22830200195312
 20
574.3065795898438
  0
LWPOLYLINE
  5
A3
330
17
100
AcDbEntity
  8
SCHEMATICS
 62
7
100
AcDbPolyline
 90
9
 70
0
 10
174.22830200195312
 20
574.3065795898438
 10
174.22830200195312
 20
573.6751880049706
 10
174.22830200195312
 20
572.589047908783
 10
174.22830200195312
 20
571.2027772068977
 10
174.22830200195312
 20
569.6709938049316
 10
174.22830200195312
 20
568.1483156085014
 10
174.22830200195312
 20
566.7893605232239
 10
174.22830200195312
 20
565.7487464547157
 10
174.22830200195312
 20
565.1810913085938
  0
LWPOLYLINE
  5
A4
330
17
100
AcDbEntity
  8
SCHEMATICS
 62
7
100
AcDbPolyline
 90
9
 70
0
 10
174.22830200195312
 20
565.1810913085938
 10
174.25953087210655
 20
564.8814790844917
 10
174.3517129421234
 20
564.5554585456848
 10
174.50259140133858
 20
564.2234820723534
 10
174.7099094390869
 20
563.9060020446777
 10
174.9714102447033
 20
563.6234708428383
 10
175.28483700752258
 20
563.3963408470154
 10
175.64793291687965
 20
563.2450644373894
 10
176.05844116210938
 20
563.1900939941406
  0
LWPOLYLINE
  5
A5
330
17
100
AcDbEntity
  8
SCHEMATICS
 62
7
100
AcDbPolyline
 90
9
 70
0
 10
176.05844116210938
 20
563.1900939941406
 10
176.6434037387371
 20
563.1900939941406
 10
177.46642470359802
 20
563.1900939941406
 10
178.43009033799171
 20
563.1900939941406
 10
179.43698692321777
 20
563.1900939941406
 10
180.3897007405758
 20
563.1900939941406
 10
181.19081807136536
 20
563.1900939941406
 10
181.74292519688606
 20
563.1900939941406
 10
181.9486083984375
 20
563.1900939941406
  0
LINE
  5
A6
330
17
100
AcDbEntity
  8
SCHEMATICS
 62
7
100
AcDbLine
 10
181.9486083984375
 20
563.1900939941406
 30
0.0
 11
181.9486083984375
 21
564.2409973144531
 31
0.0
  0
LWPOLYLINE
  5
A7
330
17
100
AcDbEntity
  8
SCHEMATICS
 62
7
100
AcDbPolyline
 90
9
 70
0
 10
181.9486083984375
 20
564.2409973144531
 10
181.79944694042206
 20
564.2409973144531
 10
181.39988803863525
 20
564.2409973144531
 10
180.82181990146637
 20
564.2409973144531
 10
180.1371307373047
 20
564.2409973144531
 10
179.4177087545395
 20
564.2409973144531
 10
178.73544216156006
 20
564.2409973144531
 10
178.16221916675568
 20
564.2409973144531
 10
177.76992797851562
 20
564.2409973144531
  0
LWPOLYLINE
  5
A8
330
17
100
AcDbEntity
  8
SCHEMATICS
 62
7
100
AcDbPolyline
 90
9
 70
0
 10
177.76992797851562
 20
564.2409973144531
 10
177.51022112369537
 20
564.2572075724602
 10
177.28644371032715
 20
564.3038115501404
 10
177.09819447994232
 20
564.3777690529823
 10
176.94507217407227
 20
564.4760398864746
 10
176.82667553424835
 20
564.5955838561058
 10
176.74260330200195
 20
564.7333607673645
 10
176.69245421886444
 20
564.8863304257393
 10
176.6758270263672
 20
565.0514526367188
  0
LWPOLYLINE
  5
A9
330
17
100
AcDbEntity
  8
SCHEMATICS
 62
7
100
AcDbPolyline
 90
9
 70
0
 10
176.6758270263672
 20
565.0514526367188
 10
176.6758270263672
 20
565.3133721351624
 10
176.6758270263672
 20
565.7245769500732
 10
176.6758270263672
 20
566.2337918281555
 10
176.6758270263672
 20
566.7897415161133
 10
176.6758270263672
 20
567.3411507606506
 10
176.6758270263672
 20
567.8367443084717
 10
176.6758270263672
 20
568.2252469062805
 10
176.6758270263672
 20
568.4553833007812
  0
LWPOLYLINE
  5
AA
330
17
100
AcDbEntity
  8
SCHEMATICS
 62
7
100
AcDbPolyline
 90
9
 70
0
 10
176.6758270263672
 20
568.4553833007812
 10
176.67022001743317
 20
568.5981627702713
 10
176.6592264175415
 20
568.7527017593384
 10
176.6515873670578
 20
568.9095081090927
 10
176.65604400634766
 20
569.0590896606445
 10
176.68133747577667
 20
569.1919542551041
 10
176.73620891571045
 20
569.2986097335815
 10
176.8293994665146
 20
569.3695639371872
 10
176.9696502685547
 20
569.3953247070312
  0
LWPOLYLINE
  5
AB
330
17
100
AcDbEntity
  8
SCHEMATICS
 62
7
100
AcDbPolyline
 90
9
 70
0
 10
176.9696502685547
 20
569.3953247070312
 10
177.25522929430008
 20
569.3953247070312
 10
177.73146295547485
 20
569.3953247070312
 10
178.3278517127037
 20
569.3953247070312
 10
178.97389602661133
 20
569.3953247070312
 10
179.59909635782242
 20
569.3953247070312
 10
180.13295316696167
 20
569.3953247070312
 10
180.50496691465378
 20
569.3953247070312
 10
180.64463806152344
 20
569.3953247070312
  0
LINE
  5
AC
330
17
100
AcDbEntity
  8
SCHEMATICS
 62
7
100
AcDbLine
 10
180.64463806152344
 20
569.3953247070312
 30
0.0
 11
180.64463806152344
 21
570.33544921875
 31
0.0
  0
LWPOLYLINE
  5
AD
330
17
100
AcDbEntity
  8
SCHEMATICS
 62
7
100
AcDbPolyline
 90
9
 70
0
 10
180.64463806152344
 20
570.33544921875
 10
180.51000121235847
 20
570.33544921875
 10
180.1510088443756
 20
570.33544921875
 10
179.63503822684288
 20
570.33544921875
 10
179.02946662902832
 20
570.33544921875
 10
178.40167132019997
 20
570.33544921875
 10
177.81902956962585
 20
570.33544921875
 10
177.34891864657402
 20
570.33544921875
 10
177.0587158203125
 20
570.33544921875
  0
LWPOLYLINE
  5
AE
330
17
100
AcDbEntity
  8
SCHEMATICS
 62
7
100
AcDbPolyline
 90
9
 70
0
 10
177.0587158203125
 20
570.33544921875
 10
176.90613895654678
 20
570.3506442904472
 10
176.79886960983276
 20
570.3931918144226
 10
176.72921341657639
 20
570.4585352540016
 10
176.6894760131836
 20
570.5421180725098
 10
176.67196303606033
 20
570.6393837332726
 10
176.66898012161255
 20
570.7457756996155
 10
176.67283290624619
 20
570.856737434864
 10
176.6758270263672
 20
570.9677124023438
  0
LWPOLYLINE
  5
AF
330
17
100
AcDbEntity
  8
SCHEMATICS
 62
7
100
AcDbPolyline
 90
9
 70
0
 10
176.6758270263672
 20
570.9677124023438
 10
176.6758270263672
 20
571.1614557504654
 10
176.6758270263672
 20
571.4934816360474
 10
176.6758270263672
 20
571.9182003736496
 10
176.6758270263672
 20
572.390022277832
 10
176.6758270263672
 20
572.8633576631546
 10
176.6758270263672
 20
573.2926168441772
 10
176.6758270263672
 20
573.6322101354599
 10
176.6758270263672
 20
573.8365478515625
  0
LWPOLYLINE
  5
B0
330
17
100
AcDbEntity
  8
SCHEMATICS
 62
7
100
AcDbPolyline
 90
9
 70
0
 10
176.6758270263672
 20
573.8365478515625
 10
176.67661571502686
 20
573.9675384759903
 10
176.68399906158447
 20
574.1112756729126
 10
176.70550298690796
 20
574.2584475278854
 10
176.74865341186523
 20
574.3997421264648
 10
176.82097625732422
 20
574.5258475542068
 10
176.92999744415283
 20
574.6274518966675
 10
177.083242893219
 20
574.6952432394028
 10
177.28823852539062
 20
574.7199096679688
  0
LWPOLYLINE
  5
B1
330
17
100
AcDbEntity
  8
SCHEMATICS
 62
7
100
AcDbPolyline
 90
9
 70
0
 10
177.28823852539062
 20
574.7199096679688
 10
177.66212844848633
 20
574.7199096679688
 10
178.26054573059082
 20
574.7199096679688
 10
178.99892139434814
 20
574.7199096679688
 10
179.79268646240234
 20
574.7199096679688
 10
180.55727195739746
 20
574.7199096679688
 10
181.20810890197754
 20
574.7199096679688
 10
181.66062831878662
 20
574.7199096679688
 10
181.83026123046875
 20
574.7199096679688
  0
LINE
  5
B2
330
17
100
AcDbEntity
  8
SCHEMATICS
 62
7
100
AcDbLine
 10
181.83026123046875
 20
574.7199096679688
 30
0.0
 11
181.83026123046875
 21
575.9112854003906
 31
0.0
  0
LWPOLYLINE
  5
B3
330
17
100
AcDbEntity
  8
SCHEMATICS
 62
7
100
AcDbPolyline
 90
9
 70
0
 10
192.64768981933594
 20
573.8365478515625
 10
192.5830963253975
 20
573.9368441104889
 10
192.38653421401978
 20
574.2012615203857
 10
192.05383104085922
 20
574.5750930309296
 10
191.58081436157227
 20
575.0036315917969
 10
190.96331173181534
 20
575.4321701526642
 10
190.19715070724487
 20
575.806001663208
 10
189.2781588435173
 20
576.0704190731049
 10
188.20216369628906
 20
576.1707153320312
  0
LWPOLYLINE
  5
B4
330
17
100
AcDbEntity
  8
SCHEMATICS
 62
7
100
AcDbPolyline
 90
9
 70
0
 10
188.20216369628906
 20
576.1707153320312
 10
187.22930333018303
 20
576.0604838728905
 10
186.2317636013031
 20
575.7325739860535
 10
185.2571317255497
 20
575.1911624073982
 10
184.35299491882324
 20
574.4404258728027
 10
183.56694039702415
 20
573.484541118145
 10
182.94655537605286
 20
572.327684879303
 10
182.53942707180977
 20
570.9740338921547
 10
182.3931427001953
 20
569.4277648925781
  0
LWPOLYLINE
  5
B5
330
17
100
AcDbEntity
  8
SCHEMATICS
 62
7
100
AcDbPolyline
 90
9
 70
0
 10
182.3931427001953
 20
569.4277648925781
 10
182.55800652503967
 20
567.779558122158
 10
183.01184368133545
 20
566.3992056846619
 10
183.69352269172668
 20
565.2718842625618
 10
184.54191207885742
 20
564.3827705383301
 10
185.4958803653717
 20
563.7170411944389
 10
186.49429607391357
 20
563.2598729133606
 10
187.47602772712708
 20
562.9964423775673
 10
188.37994384765625
 20
562.9119262695312
  0
LWPOLYLINE
  5
B6
330
17
100
AcDbEntity
  8
SCHEMATICS
 62
7
100
AcDbPolyline
 90
9
 70
0
 10
188.37994384765625
 20
562.9119262695312
 10
189.56823420524597
 20
563.0498306751251
 10
190.56200504302979
 20
563.4133968353271
 10
191.3723771572113
 20
563.927404165268
 10
192.01047134399414
 20
564.5166320800781
 10
192.4874083995819
 20
565.1058599948883
 10
192.81430912017822
 20
565.6198673248291
 10
193.0022943019867
 20
565.9834334850311
 10
193.06248474121094
 20
566.121337890625
  0
LINE
  5
B7
330
17
100
AcDbEntity
  8
SCHEMATICS
 62
7
100
AcDbLine
 10
193.06248474121094
 20
566.121337890625
 30
0.0
 11
192.46986389160156
 21
566.67236328125
 31
0.0
  0
LWPOLYLINE
  5
B8
330
17
100
AcDbEntity
  8
SCHEMATICS
 62
7
100
AcDbPolyline
 90
9
 70
0
 10
192.46986389160156
 20
566.67236328125
 10
192.39745235443115
 20
566.5504751205444
 10
192.18646717071533
 20
566.229133605957
 10
191.84628248214722
 20
565.7748231887817
 10
191.38627243041992
 20
565.2540283203125
 10
190.81581115722656
 20
564.7332334518433
 10
190.14427280426025
 20
564.278923034668
 10
189.3810315132141
 20
563.9575815200806
 10
188.53546142578125
 20
563.835693359375
  0
LWPOLYLINE
  5
B9
330
17
100
AcDbEntity
  8
SCHEMATICS
 62
7
100
AcDbPolyline
 90
9
 70
0
 10
188.53546142578125
 20
563.835693359375
 10
187.95647123456
 20
563.9057831168175
 10
187.33355736732483
 20
564.1259303092957
 10
186.7040520608425
 20
564.5109518170357
 10
186.10528755187988
 20
565.0756645202637
 10
185.57459607720375
 20
565.8348852992058
 10
185.14930987358093
 20
566.8034310340881
 10
184.86676117777824
 20
567.9961186051369
 10
184.7642822265625
 20
569.4277648925781
  0
LWPOLYLINE
  5
BA
330
17
100
AcDbEntity
  8
SCHEMATICS
 62
7
100
AcDbPolyline
 90
9
 70
0
 10
184.7642822265625
 20
569.4277648925781
 10
184.85214072465897
 20
570.9973636269569
 10
185.0991826057434
 20
572.2714104652405
 10
185.4806074500084
 20
573.2764961123466
 10
185.97161483764648
 20
574.0392112731934
 10
186.54740434885025
 20
574.5861466526985
 10
187.18317556381226
 20
574.94389295578
 10
187.85412806272507
 20
575.1390408873558
 10
188.53546142578125
 20
575.1981811523438
  0
LWPOLYLINE
  5
BB
330
17
100
AcDbEntity
  8
SCHEMATICS
 62
7
100
AcDbPolyline
 90
9
 70
0
 10
188.53546142578125
 20
575.1981811523438
 10
189.32359346747398
 20
575.111820101738
 10
190.018483877182
 20
574.8841409683228
 10
190.61648252606392
 20
574.5622497797012
 10
191.11393928527832
 20
574.1932525634766
 10
191.5072040259838
 20
573.8242553472519
 10
191.792626619339
 20
573.5023641586304
 10
191.96655693650246
 20
573.2746850252151
 10
192.0253448486328
 20
573.1883239746094
  0
LINE
  5
BC
330
17
100
AcDbEntity
  8
SCHEMATICS
 62
7
100
AcDbLine
 10
192.0253448486328
 20
573.1883239746094
 30
0.0
 11
192.64768981933594
 21
573.8365478515625
 31
0.0
  0
LINE
  5
BD
330
17
100
AcDbEntity
  8
SCHEMATICS
 62
7
100
AcDbLine
 10
188.81222534179688
 20
559.6053466796875
 30
0.0
 11
168.40472412109375
 21
559.6053466796875
 31
0.0
  0
LINE
  5
BE
330
17
100
AcDbEntity
  8
SCHEMATICS
 62
7
100
AcDbLine
 10
168.40472412109375
 20
559.6053466796875
 30
0.0
 11
168.40472412109375
 21
560.1403198242188
 31
0.0
  0
LINE
  5
BF
330
17
100
AcDbEntity
  8
SCHEMATICS
 62
7
100
AcDbLine
 10
168.40472412109375
 20
560.1403198242188
 30
0.0
 11
189.48312377929688
 21
560.1403198242188
 31
0.0
  0
LWPOLYLINE
  5
C0
330
17
100
AcDbEntity
  8
SCHEMATICS
 62
7
100
AcDbPolyline
 90
9
 70
0
 10
189.48312377929688
 20
560.1403198242188
 10
189.4814294576645
 20
560.1418823599815
 10
189.4741382598877
 20
560.1437220573425
 10
189.45793783664703
 20
560.1415670514107
 10
189.42951583862305
 20
560.1311454772949
 10
189.38555991649628
 20
560.1081854701042
 10
189.32275772094727
 20
560.0684151649475
 10
189.23779690265656
 20
560.0075626969337
 10
189.1273651123047
 20
559.9213562011719
  0
LWPOLYLINE
  5
C1
330
17
100
AcDbEntity
  8
SCHEMATICS
 62
7
100
AcDbPolyline
 90
9
 70
0
 10
189.1273651123047
 20
559.9213562011719
 10
189.04464450478554
 20
559.8519206643105
 10
188.97647309303284
 20
559.7899041175842
 10
188.92176601290703
 20
559.735873401165
 10
188.87943840026855
 20
559.6903953552246
 10
188.84840539097786
 20
559.6540368199348
 10
188.82758212089539
 20
559.6273646354675
 10
188.81588372588158
 20
559.6109456419945
 10
188.81222534179688
 20
559.6053466796875
  0
LINE
  5
C2
330
17
100
AcDbEntity
  8
SCHEMATICS
 62
7
100
AcDbLine
 10
188.5940704345703
 20
558.1278381347656
 30
0.0
 11
188.5940704345703
 21
558.7273864746094
 31
0.0
  0
LINE
  5
C3
330
17
100
AcDbEntity
  8
SCHEMATICS
 62
7
100
AcDbLine
 10
188.5940704345703
 20
558.7273864746094
 30
0.0
 11
168.40472412109375
 21
558.7273864746094
 31
0.0
  0
LINE
  5
C4
330
17
100
AcDbEntity
  8
SCHEMATICS
 62
7
100
AcDbLine
 10
168.40472412109375
 20
558.7273864746094
 30
0.0
 11
168.40472412109375
 21
558.1278381347656
 31
0.0
  0
LINE
  5
C5
330
17
100
AcDbEntity
  8
SCHEMATICS
 62
7
100
AcDbLine
 10
168.40472412109375
 20
558.1278381347656
 30
0.0
 11
188.5940704345703
 21
558.1278381347656
 31
0.0
  0
LINE
  5
C6
330
17
100
AcDbEntity
  8
SCHEMATICS
 62
7
100
AcDbLine
 10
189.46678161621094
 20
556.6363830566406
 30
0.0
 11
168.40472412109375
 21
556.6444396972656
 31
0.0
  0
LINE
  5
C7
330
17
100
AcDbEntity
  8
SCHEMATICS
 62
7
100
AcDbLine
 10
168.40472412109375
 20
556.6444396972656
 30
0.0
 11
168.40472412109375
 21
557.1713562011719
 31
0.0
  0
LINE
  5
C8
330
17
100
AcDbEntity
  8
SCHEMATICS
 62
7
100
AcDbLine
 10
168.40472412109375
 20
557.1713562011719
 30
0.0
 11
188.80421447753906
 21
557.1631774902344
 31
0.0
  0
LWPOLYLINE
  5
C9
330
17
100
AcDbEntity
  8
SCHEMATICS
 62
7
100
AcDbPolyline
 90
9
 70
0
 10
188.80421447753906
 20
557.1631774902344
 10
188.80899849534035
 20
557.1588331460953
 10
188.82277989387512
 20
557.1461839675903
 10
188.84470269083977
 20
557.1258057355881
 10
188.87391090393066
 20
557.098274230957
 10
188.9095485508442
 20
557.0641652345657
 10
188.95075964927673
 20
557.0240545272827
 10
188.99668821692467
 20
556.9785178899765
 10
189.04647827148438
 20
556.9281311035156
  0
LWPOLYLINE
  5
CA
330
17
100
AcDbEntity
  8
SCHEMATICS
 62
7
100
AcDbPolyline
 90
9
 70
0
 10
189.04647827148438
 20
556.9281311035156
 10
189.14123532176018
 20
556.8372901082039
 10
189.22484850883484
 20
556.7674851417542
 10
189.29685845971107
 20
556.7159656882286
 10
189.3568058013916
 20
556.6799812316895
 10
189.40423116087914
 20
556.6567812561989
 10
189.4386751651764
 20
556.6436152458191
 10
189.4596784412861
 20
556.6377326846123
 10
189.46678161621094
 20
556.6363830566406
  0
LWPOLYLINE
  5
CB
330
17
100
AcDbEntity
  8
SCHEMATICS
 62
7
100
AcDbPolyline
 90
9
 70
0
 10
191.042724609375
 20
556.5674438476562
 10
191.39279982447624
 20
556.6044578552246
 10
191.71888518333435
 20
556.7106170654297
 10
192.0139881670475
 20
556.8785972595215
 10
192.27111625671387
 20
557.10107421875
 10
192.48327693343163
 20
557.3707237243652
 10
192.64347767829895
 20
557.6802215576172
 10
192.74472597241402
 20
558.0222434997559
 10
192.780029296875
 20
558.3894653320312
  0
LWPOLYLINE
  5
CC
330
17
100
AcDbEntity
  8
SCHEMATICS
 62
7
100
AcDbPolyline
 90
9
 70
0
 10
192.780029296875
 20
558.3894653320312
 10
192.74472597241402
 20
558.7567703723907
 10
192.64347767829895
 20
559.0988597869873
 10
192.48327693343163
 20
559.4084107875824
 10
192.27111625671387
 20
559.6781005859375
 10
192.0139881670475
 20
559.9006063938141
 10
191.71888518333435
 20
560.0686054229736
 10
191.39279982447624
 20
560.1747748851776
 10
191.042724609375
 20
560.2117919921875
  0
LWPOLYLINE
  5
CD
330
17
100
AcDbEntity
  8
SCHEMATICS
 62
7
100
AcDbPolyline
 90
9
 70
0
 10
191.042724609375
 20
560.2117919921875
 10
190.69262659549713
 20
560.1747748851776
 10
190.3665475845337
 20
560.0686054229736
 10
190.07147204875946
 20
559.9006063938141
 10
189.81438446044922
 20
559.6781005859375
 10
189.60226929187775
 20
559.4084107875824
 10
189.44211101531982
 20
559.0988597869873
 10
189.34089410305023
 20
558.7567703723907
 10
189.30560302734375
 20
558.3894653320312
  0
LWPOLYLINE
  5
CE
330
17
100
AcDbEntity
  8
SCHEMATICS
 62
7
100
AcDbPolyline
 90
9
 70
0
 10
189.30560302734375
 20
558.3894653320312
 10
189.34089410305023
 20
558.0222434997559
 10
189.44211101531982
 20
557.6802215576172
 10
189.60226929187775
 20
557.3707237243652
 10
189.81438446044922
 20
557.10107421875
 10
190.07147204875946
 20
556.8785972595215
 10
190.3665475845337
 20
556.7106170654297
 10
190.69262659549713
 20
556.6044578552246
 10
191.042724609375
 20
556.5674438476562
  0
LWPOLYLINE
  5
CF
330
17
100
AcDbEntity
  8
SCHEMATICS
 62
7
100
AcDbPolyline
 90
9
 70
0
 10
191.0022430419922
 20
555.8681945800781
 10
191.50668546557426
 20
555.9194104671478
 10
191.97652506828308
 20
556.0663032531738
 10
192.40169659256935
 20
556.2987406253815
 10
192.7721347808838
 20
556.6065902709961
 10
193.0777743756771
 20
556.979719877243
 10
193.30855011940002
 20
557.4079971313477
 10
193.45439675450325
 20
557.8812897205353
 10
193.5052490234375
 20
558.3894653320312
  0
LWPOLYLINE
  5
D0
330
17
100
AcDbEntity
  8
SCHEMATICS
 62
7
100
AcDbPolyline
 90
9
 70
0
 10
193.5052490234375
 20
558.3894653320312
 10
193.45439675450325
 20
558.8976891040802
 10
193.30855011940002
 20
559.3710327148438
 10
193.0777743756771
 20
559.7993609905243
 10
192.7721347808838
 20
560.1725387573242
 10
192.40169659256935
 20
560.4804308414459
 10
191.97652506828308
 20
560.7129020690918
 10
191.50668546557426
 20
560.8598172664642
 10
191.0022430419922
 20
560.9110412597656
  0
LWPOLYLINE
  5
D1
330
17
100
AcDbEntity
  8
SCHEMATICS
 62
7
100
AcDbPolyline
 90
9
 70
0
 10
191.0022430419922
 20
560.9110412597656
 10
190.49788427352905
 20
560.8598172664642
 10
190.02810382843018
 20
560.7129020690918
 10
189.60297107696533
 20
560.4804308414459
 10
189.2325553894043
 20
560.1725387573242
 10
188.92692613601685
 20
559.7993609905243
 10
188.69615268707275
 20
559.3710327148438
 10
188.5503044128418
 20
558.8976891040802
 10
188.49945068359375
 20
558.3894653320312
  0
LWPOLYLINE
  5
D2
330
17
100
AcDbEntity
  8
SCHEMATICS
 62
7
100
AcDbPolyline
 90
9
 70
0
 10
188.49945068359375
 20
558.3894653320312
 10
188.5503044128418
 20
557.8812897205353
 10
188.69615268707275
 20
557.4079971313477
 10
188.92692613601685
 20
556.979719877243
 10
189.2325553894043
 20
556.6065902709961
 10
189.60297107696533
 20
556.2987406253815
 10
190.02810382843018
 20
556.0663032531738
 10
190.49788427352905
 20
555.9194104671478
 10
191.0022430419922
 20
555.8681945800781
  0
LWPOLYLINE
  5
D3
330
17
100
AcDbEntity
  8
SCHEMATICS
 62
7
100
AcDbPolyline
 90
9
 70
0
 10
191.05088806152344
 20
556.5674438476562
 10
191.40091356635094
 20
556.6044578552246
 10
191.7269628047943
 20
556.7106170654297
 10
192.02204111218452
 20
556.8785972595215
 10
192.27915382385254
 20
557.10107421875
 10
192.49130627512932
 20
557.3707237243652
 10
192.65150380134583
 20
557.6802215576172
 10
192.75275173783302
 20
558.0222434997559
 10
192.78805541992188
 20
558.3894653320312
  0
LWPOLYLINE
  5
D4
330
17
100
AcDbEntity
  8
SCHEMATICS
 62
7
100
AcDbPolyline
 90
9
 70
0
 10
192.78805541992188
 20
558.3894653320312
 10
192.75275173783302
 20
558.7567703723907
 10
192.65150380134583
 20
559.0988597869873
 10
192.49130627512932
 20
559.4084107875824
 10
192.27915382385254
 20
559.6781005859375
 10
192.02204111218452
 20
559.9006063938141
 10
191.7269628047943
 20
560.0686054229736
 10
191.40091356635094
 20
560.1747748851776
 10
191.05088806152344
 20
560.2117919921875
  0
LWPOLYLINE
  5
D5
330
17
100
AcDbEntity
  8
SCHEMATICS
 62
7
100
AcDbPolyline
 90
9
 70
0
 10
191.05088806152344
 20
560.2117919921875
 10
190.70077472925186
 20
560.1747748851776
 10
190.37467432022095
 20
560.0686054229736
 10
190.07957381010056
 20
559.9006063938141
 10
189.82246017456055
 20
559.6781005859375
 10
189.61032038927078
 20
559.4084107875824
 10
189.45014142990112
 20
559.0988597869873
 10
189.34891027212143
 20
558.7567703723907
 10
189.31361389160156
 20
558.3894653320312
  0
LWPOLYLINE
  5
D6
330
17
100
AcDbEntity
  8
SCHEMATICS
 62
7
100
AcDbPolyline
 90
9
 70
0
 10
189.31361389160156
 20
558.3894653320312
 10
189.34891027212143
 20
558.0222434997559
 10
189.45014142990112
 20
557.6802215576172
 10
189.61032038927078
 20
557.3707237243652
 10
189.82246017456055
 20
557.10107421875
 10
190.07957381010056
 20
556.8785972595215
 10
190.37467432022095
 20
556.7106170654297
 10
190.70077472925186
 20
556.6044578552246
 10
191.05088806152344
 20
556.5674438476562
  0
LINE
  5
D7
330
17
100
AcDbEntity
  8
SCHEMATICS
 62
7
100
AcDbLine
 10
198.0142059326172
 20
553.3910827636719
 30
0.0
 11
198.34548950195312
 21
553.3910827636719
 31
0.0
  0
LWPOLYLINE
  5
D8
330
17
100
AcDbEntity
  8
SCHEMATICS
 62
7
100
AcDbPolyline
 90
9
 70
0
 10
198.34548950195312
 20
553.3910827636719
 10
198.44913566112518
 20
553.3923224210739
 10
198.54782009124756
 20
553.3983449935913
 10
198.63881266117096
 20
553.412605881691
 10
198.7193832397461
 20
553.4385604858398
 10
198.78680169582367
 20
553.4796642065048
 10
198.8383378982544
 20
553.5393724441528
 10
198.87126171588898
 20
553.6211405992508
 10
198.88284301757812
 20
553.7284240722656
  0
LWPOLYLINE
  5
D9
330
17
100
AcDbEntity
  8
SCHEMATICS
 62
7
100
AcDbPolyline
 90
9
 70
0
 10
198.88284301757812
 20
553.7284240722656
 10
198.8723916709423
 20
553.8198298215866
 10
198.84300589561462
 20
553.8919401168823
 10
198.79763808846474
 20
553.9469457864761
 10
198.7392406463623
 20
553.9870376586914
 10
198.670765966177
 20
554.0144065618515
 10
198.59516644477844
 20
554.0312433242798
 10
198.51539447903633
 20
554.0397387742996
 10
198.4344024658203
 20
554.0420837402344
  0
LINE
  5
DA
330
17
100
AcDbEntity
  8
SCHEMATICS
 62
7
100
AcDbLine
 10
198.4344024658203
 20
554.0420837402344
 30
0.0
 11
198.0142059326172
 21
554.0420837402344
 31
0.0
  0
LINE
  5
DB
330
17
100
AcDbEntity
  8
SCHEMATICS
 62
7
100
AcDbLine
 10
198.0142059326172
 20
554.0420837402344
 30
0.0
 11
198.0142059326172
 21
553.3910827636719
 31
0.0
  0
LINE
  5
DC
330
17
100
AcDbEntity
  8
SCHEMATICS
 62
7
100
AcDbLine
 10
197.69691467285156
 20
554.2997436523438
 30
0.0
 11
198.48585510253906
 21
554.2997436523438
 31
0.0
  0
LWPOLYLINE
  5
DD
330
17
100
AcDbEntity
  8
SCHEMATICS
 62
7
100
AcDbPolyline
 90
9
 70
0
 10
198.48585510253906
 20
554.2997436523438
 10
198.65597680211067
 20
554.2907234430313
 10
198.8023521900177
 20
554.2635908126831
 10
198.92530903220177
 20
554.2182377576828
 10
199.0251750946045
 20
554.1545562744141
 10
199.1022781431675
 20
554.0724383592606
 10
199.1569459438324
 20
553.971776008606
 10
199.18950626254082
 20
553.8524612188339
 10
199.20028686523438
 20
553.7143859863281
  0
LWPOLYLINE
  5
DE
330
17
100
AcDbEntity
  8
SCHEMATICS
 62
7
100
AcDbPolyline
 90
9
 70
0
 10
199.20028686523438
 20
553.7143859863281
 10
199.1896549463272
 20
553.5855267047882
 10
199.1590394973755
 20
553.4757804870605
 10
199.11036098003387
 20
553.3840472698212
 10
199.04553985595703
 20
553.3092269897461
 10
198.96649658679962
 20
553.2502195835114
 10
198.8751516342163
 20
553.205924987793
 10
198.77342545986176
 20
553.175243139267
 10
198.66323852539062
 20
553.1570739746094
  0
LINE
  5
DF
330
17
100
AcDbEntity
  8
SCHEMATICS
 62
7
100
AcDbLine
 10
198.66323852539062
 20
553.1570739746094
 30
0.0
 11
199.24691772460938
 21
552.2535095214844
 31
0.0
  0
LINE
  5
E0
330
17
100
AcDbEntity
  8
SCHEMATICS
 62
7
100
AcDbLine
 10
199.24691772460938
 20
552.2535095214844
 30
0.0
 11
198.90615844726562
 21
552.2535095214844
 31
0.0
  0
LINE
  5
E1
330
17
100
AcDbEntity
  8
SCHEMATICS
 62
7
100
AcDbLine
 10
198.90615844726562
 20
552.2535095214844
 30
0.0
 11
198.35060119628906
 21
553.1336975097656
 31
0.0
  0
LINE
  5
E2
330
17
100
AcDbEntity
  8
SCHEMATICS
 62
7
100
AcDbLine
 10
198.35060119628906
 20
553.1336975097656
 30
0.0
 11
198.0142059326172
 21
553.1336975097656
 31
0.0
  0
LINE
  5
E3
330
17
100
AcDbEntity
  8
SCHEMATICS
 62
7
100
AcDbLine
 10
198.0142059326172
 20
553.1336975097656
 30
0.0
 11
198.0142059326172
 21
552.2535095214844
 31
0.0
  0
LINE
  5
E4
330
17
100
AcDbEntity
  8
SCHEMATICS
 62
7
100
AcDbLine
 10
198.0142059326172
 20
552.2535095214844
 30
0.0
 11
197.69691467285156
 21
552.2535095214844
 31
0.0
  0
LINE
  5
E5
330
17
100
AcDbEntity
  8
SCHEMATICS
 62
7
100
AcDbLine
 10
197.69691467285156
 20
552.2535095214844
 30
0.0
 11
197.69691467285156
 21
554.2997436523438
 31
0.0
  0
LWPOLYLINE
  5
E6
330
17
100
AcDbEntity
  8
SCHEMATICS
 62
7
100
AcDbPolyline
 90
9
 70
0
 10
198.3782958984375
 20
551.7803955078125
 10
198.67180752754211
 20
551.8098397254944
 10
198.94308757781982
 20
551.8947677612305
 10
199.1869261264801
 20
552.0300726890564
 10
199.39811325073242
 20
552.2106475830078
 10
199.57143902778625
 20
552.4313855171204
 10
199.70169353485107
 20
552.6871795654297
 10
199.78366684913635
 20
552.9729228019714
 10
199.81214904785156
 20
553.2835083007812
  0
LWPOLYLINE
  5
E7
330
17
100
AcDbEntity
  8
SCHEMATICS
 62
7
100
AcDbPolyline
 90
9
 70
0
 10
199.81214904785156
 20
553.2835083007812
 10
199.78366684913635
 20
553.5879189372063
 10
199.70169353485107
 20
553.8690218925476
 10
199.57143902778625
 20
554.1214910149574
 10
199.39811325073242
 20
554.3400001525879
 10
199.1869261264801
 20
554.5192231535912
 10
198.94308757781982
 20
554.6538338661194
 10
198.67180752754211
 20
554.7385061383247
 10
198.3782958984375
 20
554.7679138183594
  0
LWPOLYLINE
  5
E8
330
17
100
AcDbEntity
  8
SCHEMATICS
 62
7
100
AcDbPolyline
 90
9
 70
0
 10
198.3782958984375
 20
554.7679138183594
 10
198.08174937963486
 20
554.7385061383247
 10
197.80820226669312
 20
554.6538338661194
 10
197.5627525448799
 20
554.5192231535912
 10
197.3504981994629
 20
554.3400001525879
 10
197.1765372157097
 20
554.1214910149574
 10
197.04596757888794
 20
553.8690218925476
 10
196.9638872742653
 20
553.5879189372063
 10
196.93539428710938
 20
553.2835083007812
  0
LWPOLYLINE
  5
E9
330
17
100
AcDbEntity
  8
SCHEMATICS
 62
7
100
AcDbPolyline
 90
9
 70
0
 10
196.93539428710938
 20
553.2835083007812
 10
196.9638872742653
 20
552.9729228019714
 10
197.04596757888794
 20
552.6871795654297
 10
197.1765372157097
 20
552.4313855171204
 10
197.3504981994629
 20
552.2106475830078
 10
197.5627525448799
 20
552.0300726890564
 10
197.80820226669312
 20
551.8947677612305
 10
198.08174937963486
 20
551.8098397254944
 10
198.3782958984375
 20
551.7803955078125
  0
LWPOLYLINE
  5
EA
330
17
100
AcDbEntity
  8
SCHEMATICS
 62
7
100
AcDbPolyline
 90
9
 70
0
 10
198.3782958984375
 20
555.0256042480469
 10
198.72712141275406
 20
554.9912672638893
 10
199.05390882492065
 20
554.8923230171204
 10
199.35111540555954
 20
554.7348715662956
 10
199.61119842529297
 20
554.5250129699707
 10
199.8266151547432
 20
554.2688472867012
 10
199.98982286453247
 20
553.9724745750427
 10
200.09327882528305
 20
553.6419948935509
 10
200.1294403076172
 20
553.2835083007812
  0
LWPOLYLINE
  5
EB
330
17
100
AcDbEntity
  8
SCHEMATICS
 62
7
100
AcDbPolyline
 90
9
 70
0
 10
200.1294403076172
 20
553.2835083007812
 10
200.09327882528305
 20
552.9187657833099
 10
199.98982286453247
 20
552.5836219787598
 10
199.8266151547432
 20
552.2839434146881
 10
199.61119842529297
 20
552.0255966186523
 10
199.35111540555954
 20
551.8144481182098
 10
199.05390882492065
 20
551.656364440918
 10
198.72712141275406
 20
551.5572121143341
 10
198.3782958984375
 20
551.5228576660156
  0
LWPOLYLINE
  5
EC
330
17
100
AcDbEntity
  8
SCHEMATICS
 62
7
100
AcDbPolyline
 90
9
 70
0
 10
198.3782958984375
 20
551.5228576660156
 10
198.02786150574684
 20
551.5572121143341
 10
197.69946217536926
 20
551.656364440918
 10
197.40070769190788
 20
551.8144481182098
 10
197.13920783996582
 20
552.0255966186523
 10
196.9225724041462
 20
552.2839434146881
 10
196.75841116905212
 20
552.5836219787598
 10
196.65433391928673
 20
552.9187657833099
 10
196.61795043945312
 20
553.2835083007812
  0
LWPOLYLINE
  5
ED
330
17
100
AcDbEntity
  8
SCHEMATICS
 62
7
100
AcDbPolyline
 90
9
 70
0
 10
196.61795043945312
 20
553.2835083007812
 10
196.65433391928673
 20
553.6419948935509
 10
196.75841116905212
 20
553.9724745750427
 10
196.9225724041462
 20
554.2688472867012
 10
197.13920783996582
 20
554.5250129699707
 10
197.40070769190788
 20
554.7348715662956
 10
197.69946217536926
 20
554.8923230171204
 10
198.02786150574684
 20
554.9912672638893
 10
198.3782958984375
 20
555.0256042480469
  0
LINE
  5
EE
330
17
100
AcDbEntity
  8
SCHEMATICS
 62
7
100
AcDbLine
 10
233.37399291992188
 20
553.3353881835938
 30
0.0
 11
232.69493103027344
 21
553.3353881835938
 31
0.0
  0
LINE
  5
EF
330
17
100
AcDbEntity
  8
SCHEMATICS
 62
7
100
AcDbLine
 10
232.69493103027344
 20
553.3353881835938
 30
0.0
 11
232.69493103027344
 21
553.5642700195312
 31
0.0
  0
LINE
  5
F0
330
17
100
AcDbEntity
  8
SCHEMATICS
 62
7
100
AcDbLine
 10
232.69493103027344
 20
553.5642700195312
 30
0.0
 11
234.3239288330078
 21
553.5642700195312
 31
0.0
  0
LINE
  5
F1
330
17
100
AcDbEntity
  8
SCHEMATICS
 62
7
100
AcDbLine
 10
234.3239288330078
 20
553.5642700195312
 30
0.0
 11
234.3239288330078
 21
553.3353881835938
 31
0.0
  0
LINE
  5
F2
330
17
100
AcDbEntity
  8
SCHEMATICS
 62
7
100
AcDbLine
 10
234.3239288330078
 20
553.3353881835938
 30
0.0
 11
233.64523315429688
 21
553.3353881835938
 31
0.0
  0
LINE
  5
F3
330
17
100
AcDbEntity
  8
SCHEMATICS
 62
7
100
AcDbLine
 10
233.64523315429688
 20
553.3353881835938
 30
0.0
 11
233.64523315429688
 21
551.521240234375
 31
0.0
  0
LINE
  5
F4
330
17
100
AcDbEntity
  8
SCHEMATICS
 62
7
100
AcDbLine
 10
233.64523315429688
 20
551.521240234375
 30
0.0
 11
233.37399291992188
 21
551.521240234375
 31
0.0
  0
LINE
  5
F5
330
17
100
AcDbEntity
  8
SCHEMATICS
 62
7
100
AcDbLine
 10
233.37399291992188
 20
551.521240234375
 30
0.0
 11
233.37399291992188
 21
553.3353881835938
 31
0.0
  0
LINE
  5
F6
330
17
100
AcDbEntity
  8
SCHEMATICS
 62
7
100
AcDbLine
 10
234.78396606445312
 20
553.5642700195312
 30
0.0
 11
235.15484619140625
 21
553.5642700195312
 31
0.0
  0
LINE
  5
F7
330
17
100
AcDbEntity
  8
SCHEMATICS
 62
7
100
AcDbLine
 10
235.15484619140625
 20
553.5642700195312
 30
0.0
 11
235.79660034179688
 21
551.8474731445312
 31
0.0
  0
LINE
  5
F8
330
17
100
AcDbEntity
  8
SCHEMATICS
 62
7
100
AcDbLine
 10
235.79660034179688
 20
551.8474731445312
 30
0.0
 11
236.4413299560547
 21
553.5642700195312
 31
0.0
  0
LINE
  5
F9
330
17
100
AcDbEntity
  8
SCHEMATICS
 62
7
100
AcDbLine
 10
236.4413299560547
 20
553.5642700195312
 30
0.0
 11
236.81256103515625
 21
553.5642700195312
 31
0.0
  0
LINE
  5
FA
330
17
100
AcDbEntity
  8
SCHEMATICS
 62
7
100
AcDbLine
 10
236.81256103515625
 20
553.5642700195312
 30
0.0
 11
236.81256103515625
 21
551.521240234375
 31
0.0
  0
LINE
  5
FB
330
17
100
AcDbEntity
  8
SCHEMATICS
 62
7
100
AcDbLine
 10
236.81256103515625
 20
551.521240234375
 30
0.0
 11
236.55587768554688
 21
551.521240234375
 31
0.0
  0
LINE
  5
FC
330
17
100
AcDbEntity
  8
SCHEMATICS
 62
7
100
AcDbLine
 10
236.55587768554688
 20
551.521240234375
 30
0.0
 11
236.55587768554688
 21
553.2207946777344
 31
0.0
  0
LINE
  5
FD
330
17
100
AcDbEntity
  8
SCHEMATICS
 62
7
100
AcDbLine
 10
236.55587768554688
 20
553.2207946777344
 30
0.0
 11
236.54989624023438
 21
553.2207946777344
 31
0.0
  0
LINE
  5
FE
330
17
100
AcDbEntity
  8
SCHEMATICS
 62
7
100
AcDbLine
 10
236.54989624023438
 20
553.2207946777344
 30
0.0
 11
235.91375732421875
 21
551.521240234375
 31
0.0
  0
LINE
  5
FF
330
17
100
AcDbEntity
  8
SCHEMATICS
 62
7
100
AcDbLine
 10
235.91375732421875
 20
551.521240234375
 30
0.0
 11
235.6824188232422
 21
551.521240234375
 31
0.0
  0
LINE
  5
100
330
17
100
AcDbEntity
  8
SCHEMATICS
 62
7
100
AcDbLine
 10
235.6824188232422
 20
551.521240234375
 30
0.0
 11
235.0462646484375
 21
553.2207946777344
 31
0.0
  0
LINE
  5
101
330
17
100
AcDbEntity
  8
SCHEMATICS
 62
7
100
AcDbLine
 10
235.0462646484375
 20
553.2207946777344
 30
0.0
 11
235.04067993164062
 21
553.2207946777344
 31
0.0
  0
LINE
  5
102
330
17
100
AcDbEntity
  8
SCHEMATICS
 62
7
100
AcDbLine
 10
235.04067993164062
 20
553.2207946777344
 30
0.0
 11
235.04067993164062
 21
551.521240234375
 31
0.0
  0
LINE
  5
103
330
17
100
AcDbEntity
  8
SCHEMATICS
 62
7
100
AcDbLine
 10
235.04067993164062
 20
551.521240234375
 30
0.0
 11
234.78396606445312
 21
551.521240234375
 31
0.0
  0
LINE
  5
104
330
17
100
AcDbEntity
  8
SCHEMATICS
 62
7
100
AcDbLine
 10
234.78396606445312
 20
551.521240234375
 30
0.0
 11
234.78396606445312
 21
553.5642700195312
 31
0.0
  0
LWPOLYLINE
  5
105
330
17
100
AcDbEntity
  8
SCHEMATICS
 62
7
100
AcDbPolyline
 90
5
 70
0
 10
205.36761474609375
 20
566.0700378417969
 10
207.21188354492188
 20
575.9935607910156
 10
205.58065795898438
 20
575.9935607910156
 10
203.7367401123047
 20
566.0700378417969
 10
205.36761474609375
 20
566.0700378417969
  0
LINE
  5
106
330
17
100
AcDbEntity
  8
SCHEMATICS
 62
7
100
AcDbLine
 10
211.1407470703125
 20
566.0700378417969
 30
0.0
 11
206.7466278076172
 21
566.0700378417969
 31
0.0
  0
LINE
  5
107
330
17
100
AcDbEntity
  8
SCHEMATICS
 62
7
100
AcDbLine
 10
206.7466278076172
 20
566.0700378417969
 30
0.0
 11
208.5905303955078
 21
575.9935607910156
 31
0.0
  0
LINE
  5
108
330
17
100
AcDbEntity
  8
SCHEMATICS
 62
7
100
AcDbLine
 10
208.5905303955078
 20
575.9935607910156
 30
0.0
 11
212.81227111816406
 21
575.9935607910156
 31
0.0
  0
LINE
  5
109
330
17
100
AcDbEntity
  8
SCHEMATICS
 62
7
100
AcDbLine
 10
212.81227111816406
 20
575.9935607910156
 30
0.0
 11
212.49400329589844
 21
574.2804260253906
 31
0.0
  0
LINE
  5
10A
330
17
100
AcDbEntity
  8
SCHEMATICS
 62
7
100
AcDbLine
 10
212.49400329589844
 20
574.2804260253906
 30
0.0
 11
209.90350341796875
 21
574.2804260253906
 31
0.0
  0
LINE
  5
10B
330
17
100
AcDbEntity
  8
SCHEMATICS
 62
7
100
AcDbLine
 10
209.90350341796875
 20
574.2804260253906
 30
0.0
 11
209.41360473632812
 21
571.6421203613281
 31
0.0
  0
LINE
  5
10C
330
17
100
AcDbEntity
  8
SCHEMATICS
 62
7
100
AcDbLine
 10
209.41360473632812
 20
571.6421203613281
 30
0.0
 11
212.11903381347656
 21
571.6421203613281
 31
0.0
  0
LINE
  5
10D
330
17
100
AcDbEntity
  8
SCHEMATICS
 62
7
100
AcDbLine
 10
212.11903381347656
 20
571.6421203613281
 30
0.0
 11
211.91419982910156
 21
570.5396118164062
 31
0.0
  0
LINE
  5
10E
330
17
100
AcDbEntity
  8
SCHEMATICS
 62
7
100
AcDbLine
 10
211.91419982910156
 20
570.5396118164062
 30
0.0
 11
209.20840454101562
 21
570.5396118164062
 31
0.0
  0
LINE
  5
10F
330
17
100
AcDbEntity
  8
SCHEMATICS
 62
7
100
AcDbLine
 10
209.20840454101562
 20
570.5396118164062
 30
0.0
 11
208.6961212158203
 21
567.7830200195312
 31
0.0
  0
LINE
  5
110
330
17
100
AcDbEntity
  8
SCHEMATICS
 62
7
100
AcDbLine
 10
208.6961212158203
 20
567.7830200195312
 30
0.0
 11
211.45938110351562
 21
567.7830200195312
 31
0.0
  0
LINE
  5
111
330
17
100
AcDbEntity
  8
SCHEMATICS
 62
7
100
AcDbLine
 10
211.45938110351562
 20
567.7830200195312
 30
0.0
 11
211.1407470703125
 21
566.0700378417969
 31
0.0
  0
LINE
  5
112
330
17
100
AcDbEntity
  8
SCHEMATICS
 62
7
100
AcDbLine
 10
219.30177307128906
 20
575.3636169433594
 30
0.0
 11
218.581298828125
 21
572.7250061035156
 31
0.0
  0
LINE
  5
113
330
17
100
AcDbEntity
  8
SCHEMATICS
 62
7
100
AcDbLine
 10
218.581298828125
 20
572.7250061035156
 30
0.0
 11
218.13990783691406
 21
572.7250061035156
 31
0.0
  0
LINE
  5
114
330
17
100
AcDbEntity
  8
SCHEMATICS
 62
7
100
AcDbLine
 10
218.13990783691406
 20
572.7250061035156
 30
0.0
 11
218.3264617919922
 21
573.7292785644531
 31
0.0
  0
LWPOLYLINE
  5
115
330
17
100
AcDbEntity
  8
SCHEMATICS
 62
7
100
AcDbPolyline
 90
9
 70
0
 10
218.3264617919922
 20
573.7292785644531
 10
218.28600907325745
 20
573.7798139452934
 10
218.24301719665527
 20
573.8290629386902
 10
218.19749903678894
 20
573.8770237565041
 10
218.14946746826172
 20
573.9236946105957
 10
218.09893536567688
 20
573.9690737128258
 10
218.0459156036377
 20
574.0131592750549
 10
217.99042105674744
 20
574.0559495091438
 10
217.93246459960938
 20
574.0974426269531
  0
LWPOLYLINE
  5
116
330
17
100
AcDbEntity
  8
SCHEMATICS
 62
7
100
AcDbPolyline
 90
9
 70
0
 10
217.93246459960938
 20
574.0974426269531
 10
217.86878317594528
 20
574.1357270479202
 10
217.79638814926147
 20
574.1689138412476
 10
217.71527487039566
 20
574.1970008611679
 10
217.62543869018555
 20
574.2199859619141
 10
217.52687495946884
 20
574.2378669977188
 10
217.41957902908325
 20
574.2506418228149
 10
217.30354624986649
 20
574.2583082914352
 10
217.17877197265625
 20
574.2608642578125
  0
LWPOLYLINE
  5
117
330
17
100
AcDbEntity
  8
SCHEMATICS
 62
7
100
AcDbPolyline
 90
9
 70
0
 10
217.17877197265625
 20
574.2608642578125
 10
216.97365668416023
 20
574.2473394870758
 10
216.77104496955872
 20
574.2067680358887
 10
216.57092413306236
 20
574.1391541957855
 10
216.37328147888184
 20
574.0445022583008
 10
216.1781043112278
 20
573.9228165149689
 10
215.9853799343109
 20
573.7741012573242
 10
215.79509565234184
 20
573.5983607769012
 10
215.60723876953125
 20
573.3955993652344
  0
LWPOLYLINE
  5
118
330
17
100
AcDbEntity
  8
SCHEMATICS
 62
7
100
AcDbPolyline
 90
9
 70
0
 10
215.60723876953125
 20
573.3955993652344
 10
215.4280414879322
 20
573.169973552227
 10
215.26374459266663
 20
572.9260039329529
 10
215.11434826254845
 20
572.6636915802956
 10
214.9798526763916
 20
572.3830375671387
 10
214.86025801301003
 20
572.0840429663658
 10
214.75556445121765
 20
571.7667088508606
 10
214.66577216982841
 20
571.4310362935066
 10
214.59088134765625
 20
571.0770263671875
  0
LWPOLYLINE
  5
119
330
17
100
AcDbEntity
  8
SCHEMATICS
 62
7
100
AcDbPolyline
 90
9
 70
0
 10
214.59088134765625
 20
571.0770263671875
 10
214.53024622797966
 20
570.71194678545
 10
214.48769545555115
 20
570.3659520149231
 10
214.46322885155678
 20
570.0390409827232
 10
214.45684623718262
 20
569.7312126159668
 10
214.46854743361473
 20
569.4424658417702
 10
214.49833226203918
 20
569.1727995872498
 10
214.54620054364204
 20
568.9222127795219
 10
214.61215209960938
 20
568.6907043457031
  0
LWPOLYLINE
  5
11A
330
17
100
AcDbEntity
  8
SCHEMATICS
 62
7
100
AcDbPolyline
 90
9
 70
0
 10
214.61215209960938
 20
568.6907043457031
 10
214.6977452635765
 20
568.4825876951218
 10
214.8048071861267
 20
568.3022222518921
 10
214.93332892656326
 20
568.1496073007584
 10
215.08330154418945
 20
568.0247421264648
 10
215.25471609830856
 20
567.9276260137558
 10
215.44756364822388
 20
567.8582582473755
 10
215.66183525323868
 20
567.8166381120682
 10
215.89752197265625
 20
567.8027648925781
  0
LWPOLYLINE
  5
11B
330
17
100
AcDbEntity
  8
SCHEMATICS
 62
7
100
AcDbPolyline
 90
9
 70
0
 10
215.89752197265625
 20
567.8027648925781
 10
216.0048396885395
 20
567.8052312731743
 10
216.11663365364075
 20
567.8126368522644
 10
216.2329040467739
 20
567.8249912858009
 10
216.35365104675293
 20
567.8423042297363
 10
216.47887483239174
 20
567.864585340023
 10
216.60857558250427
 20
567.8918442726135
 10
216.74275347590446
 20
567.9240906834602
 10
216.88140869140625
 20
567.9613342285156
  0
LWPOLYLINE
  5
11C
330
17
100
AcDbEntity
  8
SCHEMATICS
 62
7
100
AcDbPolyline
 90
9
 70
0
 10
216.88140869140625
 20
567.9613342285156
 10
217.02001163363457
 20
568.0024529695511
 10
217.15429854393005
 20
568.0465478897095
 10
217.2842563688755
 20
568.0936197042465
 10
217.4098720550537
 20
568.143669128418
 10
217.53113254904747
 20
568.1966968774796
 10
217.64802479743958
 20
568.252703666687
 10
217.76053574681282
 20
568.3116902112961
 10
217.86865234375
 20
568.3736572265625
  0
LINE
  5
11D
330
17
100
AcDbEntity
  8
SCHEMATICS
 62
7
100
AcDbLine
 10
217.86865234375
 20
568.3736572265625
 30
0.0
 11
217.5321044921875
 21
566.5623168945312
 31
0.0
  0
LWPOLYLINE
  5
11E
330
17
100
AcDbEntity
  8
SCHEMATICS
 62
7
100
AcDbPolyline
 90
9
 70
0
 10
217.5321044921875
 20
566.5623168945312
 10
217.4242160320282
 20
566.489673614502
 10
217.3107042312622
 20
566.4211673736572
 10
217.19157767295837
 20
566.3568124771118
 10
217.06684494018555
 20
566.2966232299805
 10
216.93651461601257
 20
566.2406139373779
 10
216.8005952835083
 20
566.188798904419
 10
216.65909552574158
 20
566.1411924362183
 10
216.51202392578125
 20
566.0978088378906
  0
LWPOLYLINE
  5
11F
330
17
100
AcDbEntity
  8
SCHEMATICS
 62
7
100
AcDbPolyline
 90
9
 70
0
 10
216.51202392578125
 20
566.0978088378906
 10
216.36434656381607
 20
566.0590444803238
 10
216.22102403640747
 20
566.0254278182983
 10
216.08207386732101
 20
565.9969652891159
 10
215.94751358032227
 20
565.9736633300781
 10
215.8173606991768
 20
565.9555283784866
 10
215.69163274765015
 20
565.9425668716431
 10
215.5703472495079
 20
565.9347852468491
 10
215.45352172851562
 20
565.9321899414062
  0
LWPOLYLINE
  5
120
330
17
100
AcDbEntity
  8
SCHEMATICS
 62
7
100
AcDbPolyline
 90
9
 70
0
 10
215.45352172851562
 20
565.9321899414062
 10
215.04235765337944
 20
565.9532915353775
 10
214.6637647151947
 20
566.0165967941284
 10
214.3177470266819
 20
566.1221064329147
 10
214.00430870056152
 20
566.2698211669922
 10
213.72345384955406
 20
566.4597417116165
 10
213.47518658638
 20
566.6918687820435
 10
213.25951102375984
 20
566.9662030935287
 10
213.07643127441406
 20
567.2827453613281
  0
LWPOLYLINE
  5
121
330
17
100
AcDbEntity
  8
SCHEMATICS
 62
7
100
AcDbPolyline
 90
9
 70
0
 10
213.07643127441406
 20
567.2827453613281
 10
212.92707374691963
 20
567.6362279057503
 10
212.81227898597717
 20
568.0214467048645
 10
212.73205146193504
 20
568.4383949637413
 10
212.6863956451416
 20
568.8870658874512
 10
212.6753160059452
 20
569.3674526810646
 10
212.6988170146942
 20
569.8795485496521
 10
212.75690314173698
 20
570.4233466982841
 10
212.84957885742188
 20
570.9988403320312
  0
LWPOLYLINE
  5
122
330
17
100
AcDbEntity
  8
SCHEMATICS
 62
7
100
AcDbPolyline
 90
9
 70
0
 10
212.84957885742188
 20
570.9988403320312
 10
212.96002796292305
 20
571.5128471255302
 10
213.09688019752502
 20
572.0079836845398
 10
213.2601314485073
 20
572.4842482209206
 10
213.4497776031494
 20
572.9416389465332
 10
213.66581454873085
 20
573.3801540732384
 10
213.90823817253113
 20
573.7997918128967
 10
214.17704436182976
 20
574.2005503773689
 10
214.47222900390625
 20
574.5824279785156
  0
LWPOLYLINE
  5
123
330
17
100
AcDbEntity
  8
SCHEMATICS
 62
7
100
AcDbPolyline
 90
9
 70
0
 10
214.47222900390625
 20
574.5824279785156
 10
214.78842642903328
 20
574.9315797686577
 10
215.1199734210968
 20
575.2341837882996
 10
215.46686586737633
 20
575.4902382493019
 10
215.82909965515137
 20
575.6997413635254
 10
216.20667067170143
 20
575.8626913428307
 10
216.59957480430603
 20
575.9790863990784
 10
217.00780794024467
 20
576.0489247441292
 10
217.43136596679688
 20
576.0722045898438
  0
LWPOLYLINE
  5
124
330
17
100
AcDbEntity
  8
SCHEMATICS
 62
7
100
AcDbPolyline
 90
9
 70
0
 10
217.43136596679688
 20
576.0722045898438
 10
217.5489697754383
 20
576.0695126056671
 10
217.6686851978302
 20
576.0614376068115
 10
217.79052528738976
 20
576.0479810237885
 10
217.91450309753418
 20
576.0291442871094
 10
218.04063168168068
 20
576.0049288272858
 10
218.16892409324646
 20
575.9753360748291
 10
218.29939338564873
 20
575.9403674602509
 10
218.4320526123047
 20
575.9000244140625
  0
LWPOLYLINE
  5
125
330
17
100
AcDbEntity
  8
SCHEMATICS
 62
7
100
AcDbPolyline
 90
9
 70
0
 10
218.4320526123047
 20
575.9000244140625
 10
218.56268551945686
 20
575.8538605570793
 10
218.68705582618713
 20
575.8017439842224
 10
218.80516371130943
 20
575.7436671853065
 10
218.9170093536377
 20
575.6796226501465
 10
219.02259293198586
 20
575.609602868557
 10
219.12191462516785
 20
575.5336003303528
 10
219.2149746119976
 20
575.4516075253487
 10
219.30177307128906
 20
575.3636169433594
  0
LINE
  5
126
330
17
100
AcDbEntity
  8
SCHEMATICS
 62
7
100
AcDbLine
 10
222.9410858154297
 20
566.0700378417969
 30
0.0
 11
218.54696655273438
 21
566.0700378417969
 31
0.0
  0
LINE
  5
127
330
17
100
AcDbEntity
  8
SCHEMATICS
 62
7
100
AcDbLine
 10
218.54696655273438
 20
566.0700378417969
 30
0.0
 11
220.39125061035156
 21
575.9935607910156
 31
0.0
  0
LINE
  5
128
330
17
100
AcDbEntity
  8
SCHEMATICS
 62
7
100
AcDbLine
 10
220.39125061035156
 20
575.9935607910156
 30
0.0
 11
224.6129913330078
 21
575.9935607910156
 31
0.0
  0
LINE
  5
129
330
17
100
AcDbEntity
  8
SCHEMATICS
 62
7
100
AcDbLine
 10
224.6129913330078
 20
575.9935607910156
 30
0.0
 11
224.2943572998047
 21
574.2804260253906
 31
0.0
  0
LINE
  5
12A
330
17
100
AcDbEntity
  8
SCHEMATICS
 62
7
100
AcDbLine
 10
224.2943572998047
 20
574.2804260253906
 30
0.0
 11
221.7042236328125
 21
574.2804260253906
 31
0.0
  0
LINE
  5
12B
330
17
100
AcDbEntity
  8
SCHEMATICS
 62
7
100
AcDbLine
 10
221.7042236328125
 20
574.2804260253906
 30
0.0
 11
221.21395874023438
 21
571.6421203613281
 31
0.0
  0
LINE
  5
12C
330
17
100
AcDbEntity
  8
SCHEMATICS
 62
7
100
AcDbLine
 10
221.21395874023438
 20
571.6421203613281
 30
0.0
 11
223.91900634765625
 21
571.6421203613281
 31
0.0
  0
LINE
  5
12D
330
17
100
AcDbEntity
  8
SCHEMATICS
 62
7
100
AcDbLine
 10
223.91900634765625
 20
571.6421203613281
 30
0.0
 11
223.7145538330078
 21
570.5396118164062
 31
0.0
  0
LINE
  5
12E
330
17
100
AcDbEntity
  8
SCHEMATICS
 62
7
100
AcDbLine
 10
223.7145538330078
 20
570.5396118164062
 30
0.0
 11
221.00875854492188
 21
570.5396118164062
 31
0.0
  0
LINE
  5
12F
330
17
100
AcDbEntity
  8
SCHEMATICS
 62
7
100
AcDbLine
 10
221.00875854492188
 20
570.5396118164062
 30
0.0
 11
220.49684143066406
 21
567.7830200195312
 31
0.0
  0
LINE
  5
130
330
17
100
AcDbEntity
  8
SCHEMATICS
 62
7
100
AcDbLine
 10
220.49684143066406
 20
567.7830200195312
 30
0.0
 11
223.2597198486328
 21
567.7830200195312
 31
0.0
  0
LINE
  5
131
330
17
100
AcDbEntity
  8
SCHEMATICS
 62
7
100
AcDbLine
 10
223.2597198486328
 20
567.7830200195312
 30
0.0
 11
222.9410858154297
 21
566.0700378417969
 31
0.0
  0
LINE
  5
132
330
17
100
AcDbEntity
  8
SCHEMATICS
 62
7
100
AcDbLine
 10
229.0914306640625
 20
566.0700378417969
 30
0.0
 11
227.480712890625
 21
566.0700378417969
 31
0.0
  0
LINE
  5
133
330
17
100
AcDbEntity
  8
SCHEMATICS
 62
7
100
AcDbLine
 10
227.480712890625
 20
566.0700378417969
 30
0.0
 11
226.6580047607422
 21
568.1134948730469
 31
0.0
  0
LINE
  5
134
330
17
100
AcDbEntity
  8
SCHEMATICS
 62
7
100
AcDbLine
 10
226.6580047607422
 20
568.1134948730469
 30
0.0
 11
225.03834533691406
 21
566.0700378417969
 31
0.0
  0
LINE
  5
135
330
17
100
AcDbEntity
  8
SCHEMATICS
 62
7
100
AcDbLine
 10
225.03834533691406
 20
566.0700378417969
 30
0.0
 11
223.43060302734375
 21
566.0700378417969
 31
0.0
  0
LINE
  5
136
330
17
100
AcDbEntity
  8
SCHEMATICS
 62
7
100
AcDbLine
 10
223.43060302734375
 20
566.0700378417969
 30
0.0
 11
226.09872436523438
 21
569.5018615722656
 31
0.0
  0
LINE
  5
137
330
17
100
AcDbEntity
  8
SCHEMATICS
 62
7
100
AcDbLine
 10
226.09872436523438
 20
569.5018615722656
 30
0.0
 11
224.91969299316406
 21
572.4297485351562
 31
0.0
  0
LINE
  5
138
330
17
100
AcDbEntity
  8
SCHEMATICS
 62
7
100
AcDbLine
 10
224.91969299316406
 20
572.4297485351562
 30
0.0
 11
226.18118286132812
 21
573.2962036132812
 31
0.0
  0
LINE
  5
139
330
17
100
AcDbEntity
  8
SCHEMATICS
 62
7
100
AcDbLine
 10
226.18118286132812
 20
573.2962036132812
 30
0.0
 11
227.15237426757812
 21
570.8857421875
 31
0.0
  0
LINE
  5
13A
330
17
100
AcDbEntity
  8
SCHEMATICS
 62
7
100
AcDbLine
 10
227.15237426757812
 20
570.8857421875
 30
0.0
 11
229.02651977539062
 21
573.2962036132812
 31
0.0
  0
LINE
  5
13B
330
17
100
AcDbEntity
  8
SCHEMATICS
 62
7
100
AcDbLine
 10
229.02651977539062
 20
573.2962036132812
 30
0.0
 11
229.96636962890625
 21
572.4297485351562
 31
0.0
  0
LINE
  5
13C
330
17
100
AcDbEntity
  8
SCHEMATICS
 62
7
100
AcDbLine
 10
229.96636962890625
 20
572.4297485351562
 30
0.0
 11
227.7075653076172
 21
569.5071411132812
 31
0.0
  0
LINE
  5
13D
330
17
100
AcDbEntity
  8
SCHEMATICS
 62
7
100
AcDbLine
 10
227.7075653076172
 20
569.5071411132812
 30
0.0
 11
229.0914306640625
 21
566.0700378417969
 31
0.0
  0
LINE
  5
13E
330
17
100
AcDbEntity
  8
SCHEMATICS
 62
7
100
AcDbLine
 10
205.44708251953125
 20
566.0700378417969
 30
0.0
 11
203.8158416748047
 21
566.0700378417969
 31
0.0
  0
LINE
  5
13F
330
17
100
AcDbEntity
  8
SCHEMATICS
 62
7
100
AcDbLine
 10
203.8158416748047
 20
566.0700378417969
 30
0.0
 11
205.66012573242188
 21
575.9935607910156
 31
0.0
  0
LINE
  5
140
330
17
100
AcDbEntity
  8
SCHEMATICS
 62
7
100
AcDbLine
 10
205.66012573242188
 20
575.9935607910156
 30
0.0
 11
207.29098510742188
 21
575.9935607910156
 31
0.0
  0
LINE
  5
141
330
17
100
AcDbEntity
  8
SCHEMATICS
 62
7
100
AcDbLine
 10
207.29098510742188
 20
575.9935607910156
 30
0.0
 11
205.44708251953125
 21
566.0700378417969
 31
0.0
  0
LWPOLYLINE
  5
142
330
17
100
AcDbEntity
  8
SCHEMATICS
 62
7
100
AcDbPolyline
 90
5
 70
0
 10
205.44708251953125
 20
566.0700378417969
 10
207.29098510742188
 20
575.9935607910156
 10
205.66012573242188
 20
575.9935607910156
 10
203.8158416748047
 20
566.0700378417969
 10
205.44708251953125
 20
566.0700378417969
  0
LINE
  5
143
330
17
100
AcDbEntity
  8
SCHEMATICS
 62
7
100
AcDbLine
 10
211.22021484375
 20
566.0700378417969
 30
0.0
 11
206.8260955810547
 21
566.0700378417969
 31
0.0
  0
LINE
  5
144
330
17
100
AcDbEntity
  8
SCHEMATICS
 62
7
100
AcDbLine
 10
206.8260955810547
 20
566.0700378417969
 30
0.0
 11
208.6699981689453
 21
575.9935607910156
 31
0.0
  0
LINE
  5
145
330
17
100
AcDbEntity
  8
SCHEMATICS
 62
7
100
AcDbLine
 10
208.6699981689453
 20
575.9935607910156
 30
0.0
 11
212.89173889160156
 21
575.9935607910156
 31
0.0
  0
LINE
  5
146
330
17
100
AcDbEntity
  8
SCHEMATICS
 62
7
100
AcDbLine
 10
212.89173889160156
 20
575.9935607910156
 30
0.0
 11
212.57310485839844
 21
574.2804260253906
 31
0.0
  0
LINE
  5
147
330
17
100
AcDbEntity
  8
SCHEMATICS
 62
7
100
AcDbLine
 10
212.57310485839844
 20
574.2804260253906
 30
0.0
 11
209.98297119140625
 21
574.2804260253906
 31
0.0
  0
LINE
  5
148
330
17
100
AcDbEntity
  8
SCHEMATICS
 62
7
100
AcDbLine
 10
209.98297119140625
 20
574.2804260253906
 30
0.0
 11
209.49234008789062
 21
571.6421203613281
 31
0.0
  0
LINE
  5
149
330
17
100
AcDbEntity
  8
SCHEMATICS
 62
7
100
AcDbLine
 10
209.49234008789062
 20
571.6421203613281
 30
0.0
 11
212.19813537597656
 21
571.6421203613281
 31
0.0
  0
LINE
  5
14A
330
17
100
AcDbEntity
  8
SCHEMATICS
 62
7
100
AcDbLine
 10
212.19813537597656
 20
571.6421203613281
 30
0.0
 11
211.99366760253906
 21
570.5396118164062
 31
0.0
  0
LINE
  5
14B
330
17
100
AcDbEntity
  8
SCHEMATICS
 62
7
100
AcDbLine
 10
211.99366760253906
 20
570.5396118164062
 30
0.0
 11
209.28787231445312
 21
570.5396118164062
 31
0.0
  0
LINE
  5
14C
330
17
100
AcDbEntity
  8
SCHEMATICS
 62
7
100
AcDbLine
 10
209.28787231445312
 20
570.5396118164062
 30
0.0
 11
208.77560424804688
 21
567.7830200195312
 31
0.0
  0
LINE
  5
14D
330
17
100
AcDbEntity
  8
SCHEMATICS
 62
7
100
AcDbLine
 10
208.77560424804688
 20
567.7830200195312
 30
0.0
 11
211.53848266601562
 21
567.7830200195312
 31
0.0
  0
LINE
  5
14E
330
17
100
AcDbEntity
  8
SCHEMATICS
 62
7
100
AcDbLine
 10
211.53848266601562
 20
567.7830200195312
 30
0.0
 11
211.22021484375
 21
566.0700378417969
 31
0.0
  0
LINE
  5
14F
330
17
100
AcDbEntity
  8
SCHEMATICS
 62
7
100
AcDbLine
 10
219.38125610351562
 20
575.3636169433594
 30
0.0
 11
218.6607666015625
 21
572.7250061035156
 31
0.0
  0
LINE
  5
150
330
17
100
AcDbEntity
  8
SCHEMATICS
 62
7
100
AcDbLine
 10
218.6607666015625
 20
572.7250061035156
 30
0.0
 11
218.21939086914062
 21
572.7250061035156
 31
0.0
  0
LINE
  5
151
330
17
100
AcDbEntity
  8
SCHEMATICS
 62
7
100
AcDbLine
 10
218.21939086914062
 20
572.7250061035156
 30
0.0
 11
218.40594482421875
 21
573.7292785644531
 31
0.0
  0
LWPOLYLINE
  5
152
330
17
100
AcDbEntity
  8
SCHEMATICS
 62
7
100
AcDbPolyline
 90
9
 70
0
 10
218.40594482421875
 20
573.7292785644531
 10
218.36547496914864
 20
573.7798139452934
 10
218.32243466377258
 20
573.8290629386902
 10
218.27684125304222
 20
573.8770237565041
 10
218.22871208190918
 20
573.9236946105957
 10
218.1780644953251
 20
573.9690737128258
 10
218.12491583824158
 20
574.0131592750549
 10
218.06928345561028
 20
574.0559495091438
 10
218.0111846923828
 20
574.0974426269531
  0
LWPOLYLINE
  5
153
330
17
100
AcDbEntity
  8
SCHEMATICS
 62
7
100
AcDbPolyline
 90
9
 70
0
 10
218.0111846923828
 20
574.0974426269531
 10
217.94762992858887
 20
574.1357270479202
 10
217.87533473968506
 20
574.1689138412476
 10
217.7943034172058
 20
574.1970008611679
 10
217.70454025268555
 20
574.2199859619141
 10
217.6060495376587
 20
574.2378669977188
 10
217.49883556365967
 20
574.2506418228149
 10
217.3829026222229
 20
574.2583082914352
 10
217.2582550048828
 20
574.2608642578125
  0
LWPOLYLINE
  5
154
330
17
100
AcDbEntity
  8
SCHEMATICS
 62
7
100
AcDbPolyline
 90
9
 70
0
 10
217.2582550048828
 20
574.2608642578125
 10
217.0531189441681
 20
574.2473394870758
 10
216.85046195983887
 20
574.2067680358887
 10
216.65027976036072
 20
574.1391541957855
 10
216.45256805419922
 20
574.0445022583008
 10
216.25732254981995
 20
573.9228165149689
 10
216.06453895568848
 20
573.7741012573242
 10
215.87421298027039
 20
573.5983607769012
 10
215.68634033203125
 20
573.3955993652344
  0
LWPOLYLINE
  5
155
330
17
100
AcDbEntity
  8
SCHEMATICS
 62
7
100
AcDbPolyline
 90
9
 70
0
 10
215.68634033203125
 20
573.3955993652344
 10
215.50726321339607
 20
573.169973552227
 10
215.34305214881897
 20
572.9260039329529
 10
215.19370731711388
 20
572.6636915802956
 10
215.05922889709473
 20
572.3830375671387
 10
214.93961706757545
 20
572.0840429663658
 10
214.83487200737
 20
571.7667088508606
 10
214.74499389529228
 20
571.4310362935066
 10
214.66998291015625
 20
571.0770263671875
  0
LWPOLYLINE
  5
156
330
17
100
AcDbEntity
  8
SCHEMATICS
 62
7
100
AcDbPolyline
 90
9
 70
0
 10
214.66998291015625
 20
571.0770263671875
 10
214.60945802927017
 20
570.71194678545
 10
214.56696367263794
 20
570.3659520149231
 10
214.54251736402512
 20
570.0390409827232
 10
214.53613662719727
 20
569.7312126159668
 10
214.54783898591995
 20
569.4424658417702
 10
214.57764196395874
 20
569.1727995872498
 10
214.6255630850792
 20
568.9222127795219
 10
214.69161987304688
 20
568.6907043457031
  0
LWPOLYLINE
  5
157
330
17
100
AcDbEntity
  8
SCHEMATICS
 62
7
100
AcDbPolyline
 90
9
 70
0
 10
214.69161987304688
 20
568.6907043457031
 10
214.7771071791649
 20
568.4825876951218
 10
214.88411474227905
 20
568.3022222518921
 10
215.01261645555496
 20
568.1496073007584
 10
215.1625862121582
 20
568.0247421264648
 10
215.33399790525436
 20
567.9276260137558
 10
215.52682542800903
 20
567.8582582473755
 10
215.7410426735878
 20
567.8166381120682
 10
215.97662353515625
 20
567.8027648925781
  0
LWPOLYLINE
  5
158
330
17
100
AcDbEntity
  8
SCHEMATICS
 62
7
100
AcDbPolyline
 90
9
 70
0
 10
215.97662353515625
 20
567.8027648925781
 10
216.0840621292591
 20
567.8052312731743
 10
216.195946931839
 20
567.8126368522644
 10
216.31228241324425
 20
567.8249912858009
 10
216.43307304382324
 20
567.8423042297363
 10
216.55832329392433
 20
567.864585340023
 10
216.68803763389587
 20
567.8918442726135
 10
216.82222053408623
 20
567.9240906834602
 10
216.96087646484375
 20
567.9613342285156
  0
LWPOLYLINE
  5
159
330
17
100
AcDbEntity
  8
SCHEMATICS
 62
7
100
AcDbPolyline
 90
9
 70
0
 10
216.96087646484375
 20
567.9613342285156
 10
217.09935927391052
 20
568.0024529695511
 10
217.2335605621338
 20
568.0465478897095
 10
217.36346745491028
 20
568.0936197042465
 10
217.48906707763672
 20
568.143669128418
 10
217.61034655570984
 20
568.1966968774796
 10
217.72729301452637
 20
568.252703666687
 10
217.83989357948303
 20
568.3116902112961
 10
217.94813537597656
 20
568.3736572265625
  0
LINE
  5
15A
330
17
100
AcDbEntity
  8
SCHEMATICS
 62
7
100
AcDbLine
 10
217.94813537597656
 20
568.3736572265625
 30
0.0
 11
217.6112060546875
 21
566.5623168945312
 31
0.0
  0
LWPOLYLINE
  5
15B
330
17
100
AcDbEntity
  8
SCHEMATICS
 62
7
100
AcDbPolyline
 90
9
 70
0
 10
217.6112060546875
 20
566.5623168945312
 10
217.50333335995674
 20
566.489673614502
 10
217.38986325263977
 20
566.4211673736572
 10
217.27079591155052
 20
566.3568124771118
 10
217.14613151550293
 20
566.2966232299805
 10
217.01587024331093
 20
566.2406139373779
 10
216.88001227378845
 20
566.188798904419
 10
216.73855778574944
 20
566.1411924362183
 10
216.5915069580078
 20
566.0978088378906
  0
LWPOLYLINE
  5
15C
330
17
100
AcDbEntity
  8
SCHEMATICS
 62
7
100
AcDbPolyline
 90
9
 70
0
 10
216.5915069580078
 20
566.0978088378906
 10
216.44382455945015
 20
566.0590444803238
 10
216.3004982471466
 20
566.0254278182983
 10
216.1615453660488
 20
565.9969652891159
 10
216.0269832611084
 20
565.9736633300781
 10
215.896829277277
 20
565.9555283784866
 10
215.77110075950623
 20
565.9425668716431
 10
215.64981505274773
 20
565.9347852468491
 10
215.53298950195312
 20
565.9321899414062
  0
LWPOLYLINE
  5
15D
330
17
100
AcDbEntity
  8
SCHEMATICS
 62
7
100
AcDbPolyline
 90
9
 70
0
 10
215.53298950195312
 20
565.9321899414062
 10
215.12170526385307
 20
565.9532915353775
 10
214.74302649497986
 20
566.0165967941284
 10
214.39695730805397
 20
566.1221064329147
 10
214.0835018157959
 20
566.2698211669922
 10
213.80266413092613
 20
566.4597417116165
 10
213.55444836616516
 20
566.6918687820435
 10
213.33885863423347
 20
566.9662030935287
 10
213.15589904785156
 20
567.2827453613281
  0
LWPOLYLINE
  5
15E
330
17
100
AcDbEntity
  8
SCHEMATICS
 62
7
100
AcDbPolyline
 90
9
 70
0
 10
213.15589904785156
 20
567.2827453613281
 10
213.00641626119614
 20
567.6362279057503
 10
212.8915286064148
 20
568.0214467048645
 10
212.81123572587967
 20
568.4383949637413
 10
212.7655372619629
 20
568.8870658874512
 10
212.7544328570366
 20
569.3674526810646
 10
212.7779221534729
 20
569.8795485496521
 10
212.83600479364395
 20
570.4233466982841
 10
212.92868041992188
 20
570.9988403320312
  0
LWPOLYLINE
  5
15F
330
17
100
AcDbEntity
  8
SCHEMATICS
 62
7
100
AcDbPolyline
 90
9
 70
0
 10
212.92868041992188
 20
570.9988403320312
 10
213.03912588953972
 20
571.5128471255302
 10
213.17598128318787
 20
572.0079836845398
 10
213.33924642205238
 20
572.4842482209206
 10
213.52892112731934
 20
572.9416389465332
 10
213.7450052201748
 20
573.3801540732384
 10
213.9874985218048
 20
573.7997918128967
 10
214.25640085339546
 20
574.2005503773689
 10
214.5517120361328
 20
574.5824279785156
  0
LWPOLYLINE
  5
160
330
17
100
AcDbEntity
  8
SCHEMATICS
 62
7
100
AcDbPolyline
 90
9
 70
0
 10
214.5517120361328
 20
574.5824279785156
 10
214.8677993118763
 20
574.9315797686577
 10
215.19929337501526
 20
575.2341837882996
 10
215.54617723822594
 20
575.4902382493019
 10
215.90843391418457
 20
575.6997413635254
 10
216.2860464155674
 20
575.8626913428307
 10
216.67899775505066
 20
575.9790863990784
 10
217.0872709453106
 20
576.0489247441292
 10
217.51084899902344
 20
576.0722045898438
  0
LWPOLYLINE
  5
161
330
17
100
AcDbEntity
  8
SCHEMATICS
 62
7
100
AcDbPolyline
 90
9
 70
0
 10
217.51084899902344
 20
576.0722045898438
 10
217.62845143675804
 20
576.0695126056671
 10
217.74816012382507
 20
576.0614376068115
 10
217.86998417973518
 20
576.0479810237885
 10
217.99393272399902
 20
576.0291442871094
 10
218.12001487612724
 20
576.0049288272858
 10
218.2482397556305
 20
575.9753360748291
 10
218.37861648201942
 20
575.9403674602509
 10
218.5111541748047
 20
575.9000244140625
  0
LWPOLYLINE
  5
162
330
17
100
AcDbEntity
  8
SCHEMATICS
 62
7
100
AcDbPolyline
 90
9
 70
0
 10
218.5111541748047
 20
575.9000244140625
 10
218.64167830348015
 20
575.8538605570793
 10
218.76600241661072
 20
575.8017439842224
 10
218.8841177523136
 20
575.7436671853065
 10
218.99601554870605
 20
575.6796226501465
 10
219.10168704390526
 20
575.609602868557
 10
219.20112347602844
 20
575.5336003303528
 10
219.29431608319283
 20
575.4516075253487
 10
219.38125610351562
 20
575.3636169433594
  0
LINE
  5
163
330
17
100
AcDbEntity
  8
SCHEMATICS
 62
7
100
AcDbLine
 10
223.02056884765625
 20
566.0700378417969
 30
0.0
 11
218.62643432617188
 21
566.0700378417969
 31
0.0
  0
LINE
  5
164
330
17
100
AcDbEntity
  8
SCHEMATICS
 62
7
100
AcDbLine
 10
218.62643432617188
 20
566.0700378417969
 30
0.0
 11
220.47073364257812
 21
575.9935607910156
 31
0.0
  0
LINE
  5
165
330
17
100
AcDbEntity
  8
SCHEMATICS
 62
7
100
AcDbLine
 10
220.47073364257812
 20
575.9935607910156
 30
0.0
 11
224.6920928955078
 21
575.9935607910156
 31
0.0
  0
LINE
  5
166
330
17
100
AcDbEntity
  8
SCHEMATICS
 62
7
100
AcDbLine
 10
224.6920928955078
 20
575.9935607910156
 30
0.0
 11
224.3738250732422
 21
574.2804260253906
 31
0.0
  0
LINE
  5
167
330
17
100
AcDbEntity
  8
SCHEMATICS
 62
7
100
AcDbLine
 10
224.3738250732422
 20
574.2804260253906
 30
0.0
 11
221.7833251953125
 21
574.2804260253906
 31
0.0
  0
LINE
  5
168
330
17
100
AcDbEntity
  8
SCHEMATICS
 62
7
100
AcDbLine
 10
221.7833251953125
 20
574.2804260253906
 30
0.0
 11
221.29269409179688
 21
571.6421203613281
 31
0.0
  0
LINE
  5
169
330
17
100
AcDbEntity
  8
SCHEMATICS
 62
7
100
AcDbLine
 10
221.29269409179688
 20
571.6421203613281
 30
0.0
 11
223.9984893798828
 21
571.6421203613281
 31
0.0
  0
LINE
  5
16A
330
17
100
AcDbEntity
  8
SCHEMATICS
 62
7
100
AcDbLine
 10
223.9984893798828
 20
571.6421203613281
 30
0.0
 11
223.7940216064453
 21
570.5396118164062
 31
0.0
  0
LINE
  5
16B
330
17
100
AcDbEntity
  8
SCHEMATICS
 62
7
100
AcDbLine
 10
223.7940216064453
 20
570.5396118164062
 30
0.0
 11
221.08822631835938
 21
570.5396118164062
 31
0.0
  0
LINE
  5
16C
330
17
100
AcDbEntity
  8
SCHEMATICS
 62
7
100
AcDbLine
 10
221.08822631835938
 20
570.5396118164062
 30
0.0
 11
220.57594299316406
 21
567.7830200195312
 31
0.0
  0
LINE
  5
16D
330
17
100
AcDbEntity
  8
SCHEMATICS
 62
7
100
AcDbLine
 10
220.57594299316406
 20
567.7830200195312
 30
0.0
 11
223.33920288085938
 21
567.7830200195312
 31
0.0
  0
LINE
  5
16E
330
17
100
AcDbEntity
  8
SCHEMATICS
 62
7
100
AcDbLine
 10
223.33920288085938
 20
567.7830200195312
 30
0.0
 11
223.02056884765625
 21
566.0700378417969
 31
0.0
  0
LINE
  5
16F
330
17
100
AcDbEntity
  8
SCHEMATICS
 62
7
100
AcDbLine
 10
229.1708984375
 20
566.0700378417969
 30
0.0
 11
227.559814453125
 21
566.0700378417969
 31
0.0
  0
LINE
  5
170
330
17
100
AcDbEntity
  8
SCHEMATICS
 62
7
100
AcDbLine
 10
227.559814453125
 20
566.0700378417969
 30
0.0
 11
226.73748779296875
 21
568.1134948730469
 31
0.0
  0
LINE
  5
171
330
17
100
AcDbEntity
  8
SCHEMATICS
 62
7
100
AcDbLine
 10
226.73748779296875
 20
568.1134948730469
 30
0.0
 11
225.117431640625
 21
566.0700378417969
 31
0.0
  0
LINE
  5
172
330
17
100
AcDbEntity
  8
SCHEMATICS
 62
7
100
AcDbLine
 10
225.117431640625
 20
566.0700378417969
 30
0.0
 11
223.51007080078125
 21
566.0700378417969
 31
0.0
  0
LINE
  5
173
330
17
100
AcDbEntity
  8
SCHEMATICS
 62
7
100
AcDbLine
 10
223.51007080078125
 20
566.0700378417969
 30
0.0
 11
226.17819213867188
 21
569.5018615722656
 31
0.0
  0
LINE
  5
174
330
17
100
AcDbEntity
  8
SCHEMATICS
 62
7
100
AcDbLine
 10
226.17819213867188
 20
569.5018615722656
 30
0.0
 11
224.99879455566406
 21
572.4297485351562
 31
0.0
  0
LINE
  5
175
330
17
100
AcDbEntity
  8
SCHEMATICS
 62
7
100
AcDbLine
 10
224.99879455566406
 20
572.4297485351562
 30
0.0
 11
226.26065063476562
 21
573.2962036132812
 31
0.0
  0
LINE
  5
176
330
17
100
AcDbEntity
  8
SCHEMATICS
 62
7
100
AcDbLine
 10
226.26065063476562
 20
573.2962036132812
 30
0.0
 11
227.23110961914062
 21
570.8857421875
 31
0.0
  0
LINE
  5
177
330
17
100
AcDbEntity
  8
SCHEMATICS
 62
7
100
AcDbLine
 10
227.23110961914062
 20
570.8857421875
 30
0.0
 11
229.10562133789062
 21
573.2962036132812
 31
0.0
  0
LINE
  5
178
330
17
100
AcDbEntity
  8
SCHEMATICS
 62
7
100
AcDbLine
 10
229.10562133789062
 20
573.2962036132812
 30
0.0
 11
230.04547119140625
 21
572.4297485351562
 31
0.0
  0
LINE
  5
179
330
17
100
AcDbEntity
  8
SCHEMATICS
 62
7
100
AcDbLine
 10
230.04547119140625
 20
572.4297485351562
 30
0.0
 11
227.78704833984375
 21
569.5071411132812
 31
0.0
  0
LINE
  5
17A
330
17
100
AcDbEntity
  8
SCHEMATICS
 62
7
100
AcDbLine
 10
227.78704833984375
 20
569.5071411132812
 30
0.0
 11
229.1708984375
 21
566.0700378417969
 31
0.0
  0
LWPOLYLINE
  5
17B
330
17
100
AcDbEntity
  8
SCHEMATICS
 62
7
100
AcDbPolyline
 90
9
 70
0
 10
274.9928894042969
 20
579.8776245117188
 10
274.0621591806412
 20
580.4037070274353
 10
273.04790782928467
 20
580.8743114471436
 10
271.96889293193817
 20
581.2849173545837
 10
270.8438720703125
 20
581.6310043334961
 10
269.69160282611847
 20
581.9080519676208
 10
268.5308427810669
 20
582.1115398406982
 10
267.3803495168686
 20
582.2369475364685
 10
266.2588806152344
 20
582.2797546386719
  0
LWPOLYLINE
  5
17C
330
17
100
AcDbEntity
  8
SCHEMATICS
 62
7
100
AcDbPolyline
 90
9
 70
0
 10
266.2588806152344
 20
582.2797546386719
 10
264.12558710575104
 20
582.1017579436302
 10
262.1205825805664
 20
581.5819773674011
 10
260.2775834798813
 20
580.7417271733284
 10
258.6303062438965
 20
579.6023216247559
 10
257.2124673128128
 20
578.1850749850273
 10
256.05778312683105
 20
576.5113015174866
 10
255.19997012615204
 20
574.6023154854774
 10
254.67274475097656
 20
572.4794311523438
  0
LWPOLYLINE
  5
17D
330
17
100
AcDbEntity
  8
SCHEMATICS
 62
7
100
AcDbPolyline
 90
9
 70
0
 10
254.67274475097656
 20
572.4794311523438
 10
254.5136343240738
 20
570.5566082596779
 10
254.6868381500244
 20
568.9946866035461
 10
255.1663774251938
 20
567.7405487895012
 10
255.92627334594727
 20
566.7410774230957
 10
256.9405471086502
 20
565.9431551098824
 10
258.18321990966797
 20
565.2936644554138
 10
259.6283129453659
 20
564.7394880652428
 10
261.2498474121094
 20
564.2275085449219
  0
LWPOLYLINE
  5
17E
330
17
100
AcDbEntity
  8
SCHEMATICS
 62
7
100
AcDbPolyline
 90
9
 70
0
 10
261.2498474121094
 20
564.2275085449219
 10
261.8827414512634
 20
564.0381128191948
 10
262.5856132507324
 20
563.8102316856384
 10
263.3057026863098
 20
563.5306540131569
 10
263.99024963378906
 20
563.1861686706543
 10
264.5864939689636
 20
562.7635645270348
 10
265.04167556762695
 20
562.2496304512024
 10
265.3030343055725
 20
561.6311553120613
 10
265.31781005859375
 20
560.8949279785156
  0
LWPOLYLINE
  5
17F
330
17
100
AcDbEntity
  8
SCHEMATICS
 62
7
100
AcDbPolyline
 90
9
 70
0
 10
265.31781005859375
 20
560.8949279785156
 10
265.12021881341934
 20
560.1792671084404
 10
264.7854733467102
 20
559.5692534446716
 10
264.3365909457207
 20
559.0617352128029
 10
263.7965888977051
 20
558.6535606384277
 10
263.18848448991776
 20
558.3415779471397
 10
262.53529500961304
 20
558.1226353645325
 10
261.86003774404526
 20
557.9935811161995
 10
261.18572998046875
 20
557.9512634277344
  0
LWPOLYLINE
  5
180
330
17
100
AcDbEntity
  8
SCHEMATICS
 62
7
100
AcDbPolyline
 90
9
 70
0
 10
261.18572998046875
 20
557.9512634277344
 10
260.2411696910858
 20
558.0127936005592
 10
259.3474540710449
 20
558.1892113685608
 10
258.5026390552521
 20
558.4682576060295
 10
257.7047805786133
 20
558.8376731872559
 10
256.95193457603455
 20
559.2851989865303
 10
256.2421569824219
 20
559.7985758781433
 10
255.57350373268127
 20
560.3655447363853
 10
254.94403076171875
 20
560.9738464355469
  0
LINE
  5
181
330
17
100
AcDbEntity
  8
SCHEMATICS
 62
7
100
AcDbLine
 10
254.94403076171875
 20
560.9738464355469
 30
0.0
 11
250.7344207763672
 21
554.8520812988281
 31
0.0
  0
LWPOLYLINE
  5
182
330
17
100
AcDbEntity
  8
SCHEMATICS
 62
7
100
AcDbPolyline
 90
9
 70
0
 10
250.7344207763672
 20
554.8520812988281
 10
251.75982841849327
 20
554.1085424423218
 10
252.850177526474
 20
553.4493923187256
 10
253.9998495876789
 20
552.8791770935059
 10
255.20322608947754
 20
552.4024429321289
 10
256.4546885192394
 20
552.023736000061
 10
257.7486183643341
 20
551.7476024627686
 10
259.0793971121311
 20
551.5785884857178
 10
260.44140625
 20
551.521240234375
  0
LWPOLYLINE
  5
183
330
17
100
AcDbEntity
  8
SCHEMATICS
 62
7
100
AcDbPolyline
 90
9
 70
0
 10
260.44140625
 20
551.521240234375
 10
261.55193024873734
 20
551.5599498748779
 10
262.6754307746887
 20
551.6785163879395
 10
263.8020848631859
 20
551.8805961608887
 10
264.92206954956055
 20
552.1698455810547
 10
266.02556186914444
 20
552.5499210357666
 10
267.1027388572693
 20
553.0244789123535
 10
268.1437775492668
 20
553.5971755981445
 10
269.13885498046875
 20
554.2716674804688
  0
LWPOLYLINE
  5
184
330
17
100
AcDbEntity
  8
SCHEMATICS
 62
7
100
AcDbPolyline
 90
9
 70
0
 10
269.13885498046875
 20
554.2716674804688
 10
270.05762898921967
 20
555.0578265190125
 10
270.84808254241943
 20
555.925630569458
 10
271.51906979084015
 20
556.8623595237732
 10
272.0794448852539
 20
557.8552932739258
 10
272.5380619764328
 20
558.8917117118835
 10
272.9037752151489
 20
559.9588947296143
 10
273.1854387521744
 20
561.0441222190857
 10
273.39190673828125
 20
562.1346740722656
  0
LWPOLYLINE
  5
185
330
17
100
AcDbEntity
  8
SCHEMATICS
 62
7
100
AcDbPolyline
 90
9
 70
0
 10
273.39190673828125
 20
562.1346740722656
 10
273.50987726449966
 20
563.7853654623032
 10
273.32431650161743
 20
565.2067766189575
 10
272.864375770092
 20
566.4202615022659
 10
272.15920639038086
 20
567.4471740722656
 10
271.23795968294144
 20
568.3088682889938
 10
270.1297869682312
 20
569.0266981124878
 10
268.8638395667076
 20
569.6220175027847
 10
267.4692687988281
 20
570.1161804199219
  0
LINE
  5
186
330
17
100
AcDbEntity
  8
SCHEMATICS
 62
7
100
AcDbLine
 10
267.4692687988281
 20
570.1161804199219
 30
0.0
 11
265.6298828125
 21
570.6965942382812
 31
0.0
  0
LWPOLYLINE
  5
187
330
17
100
AcDbEntity
  8
SCHEMATICS
 62
7
100
AcDbPolyline
 90
9
 70
0
 10
265.6298828125
 20
570.6965942382812
 10
265.1355642080307
 20
570.8690164685249
 10
264.61001110076904
 20
571.0726914405823
 10
264.08730041980743
 20
571.3171624541283
 10
263.6015090942383
 20
571.6119728088379
 10
263.186714053154
 20
571.9666658043861
 10
262.876992225647
 20
572.390784740448
 10
262.70642054080963
 20
572.8938729166985
 10
262.7090759277344
 20
573.4854736328125
  0
LWPOLYLINE
  5
188
330
17
100
AcDbEntity
  8
SCHEMATICS
 62
7
100
AcDbPolyline
 90
9
 70
0
 10
262.7090759277344
 20
573.4854736328125
 10
262.88176703453064
 20
574.0576350092888
 10
263.18908500671387
 20
574.5535140037537
 10
263.6038715839386
 20
574.9731088280678
 10
264.0989685058594
 20
575.3164176940918
 10
264.64721751213074
 20
575.5834388136864
 10
265.2214603424072
 20
575.7741703987122
 10
265.7945387363434
 20
575.8886106610298
 10
266.33929443359375
 20
575.9267578125
  0
LWPOLYLINE
  5
189
330
17
100
AcDbEntity
  8
SCHEMATICS
 62
7
100
AcDbPolyline
 90
9
 70
0
 10
266.33929443359375
 20
575.9267578125
 10
267.02428245544434
 20
575.8911625146866
 10
267.687744140625
 20
575.7874269485474
 10
268.32677268981934
 20
575.6201266050339
 10
268.93846130371094
 20
575.3938369750977
 10
269.5199031829834
 20
575.1131335496902
 10
270.0681915283203
 20
574.7825918197632
 10
270.5804195404053
 20
574.406787276268
 10
271.0536804199219
 20
573.9902954101562
  0
LINE
  5
18A
330
17
100
AcDbEntity
  8
SCHEMATICS
 62
7
100
AcDbLine
 10
271.0536804199219
 20
573.9902954101562
 30
0.0
 11
274.9928894042969
 21
579.8776245117188
 31
0.0
  0
LINE
  5
18B
330
17
100
AcDbEntity
  8
SCHEMATICS
 62
7
100
AcDbLine
 10
287.60693359375
 20
581.6433715820312
 30
0.0
 11
280.03790283203125
 21
581.6433715820312
 31
0.0
  0
LINE
  5
18C
330
17
100
AcDbEntity
  8
SCHEMATICS
 62
7
100
AcDbLine
 10
280.03790283203125
 20
581.6433715820312
 30
0.0
 11
275.428955078125
 21
551.521240234375
 31
0.0
  0
LINE
  5
18D
330
17
100
AcDbEntity
  8
SCHEMATICS
 62
7
100
AcDbLine
 10
275.428955078125
 20
551.521240234375
 30
0.0
 11
282.99835205078125
 21
551.521240234375
 31
0.0
  0
LINE
  5
18E
330
17
100
AcDbEntity
  8
SCHEMATICS
 62
7
100
AcDbLine
 10
282.99835205078125
 20
551.521240234375
 30
0.0
 11
287.60693359375
 21
581.6433715820312
 31
0.0
  0
LINE
  5
18F
330
17
100
AcDbEntity
  8
SCHEMATICS
 62
7
100
AcDbLine
 10
300.1156005859375
 20
581.6433715820312
 30
0.0
 11
292.54730224609375
 21
581.6433715820312
 31
0.0
  0
LINE
  5
190
330
17
100
AcDbEntity
  8
SCHEMATICS
 62
7
100
AcDbLine
 10
292.54730224609375
 20
581.6433715820312
 30
0.0
 11
287.9396057128906
 21
551.521240234375
 31
0.0
  0
LINE
  5
191
330
17
100
AcDbEntity
  8
SCHEMATICS
 62
7
100
AcDbLine
 10
287.9396057128906
 20
551.521240234375
 30
0.0
 11
304.582275390625
 21
551.521240234375
 31
0.0
  0
LINE
  5
192
330
17
100
AcDbEntity
  8
SCHEMATICS
 62
7
100
AcDbLine
 10
304.582275390625
 20
551.521240234375
 30
0.0
 11
305.5967712402344
 21
558.1536865234375
 31
0.0
  0
LINE
  5
193
330
17
100
AcDbEntity
  8
SCHEMATICS
 62
7
100
AcDbLine
 10
305.5967712402344
 20
558.1536865234375
 30
0.0
 11
296.5212707519531
 21
558.1536865234375
 31
0.0
  0
LINE
  5
194
330
17
100
AcDbEntity
  8
SCHEMATICS
 62
7
100
AcDbLine
 10
296.5212707519531
 20
558.1536865234375
 30
0.0
 11
300.1156005859375
 21
581.6433715820312
 31
0.0
  0
LINE
  5
195
330
17
100
AcDbEntity
  8
SCHEMATICS
 62
7
100
AcDbLine
 10
319.5574035644531
 20
572.6051635742188
 30
0.0
 11
313.9251708984375
 21
573.4828491210938
 31
0.0
  0
LWPOLYLINE
  5
196
330
17
100
AcDbEntity
  8
SCHEMATICS
 62
7
100
AcDbPolyline
 90
9
 70
0
 10
313.9251708984375
 20
573.4828491210938
 10
314.124110519886
 20
574.5172425508499
 10
314.3796715736389
 20
575.4893064498901
 10
314.69186156988144
 20
576.3990443944931
 10
315.0606880187988
 20
577.2464599609375
 10
315.4861584305763
 20
578.031556725502
 10
315.96828031539917
 20
578.7543382644653
 10
316.5070611834526
 20
579.4148081541061
 10
317.1025085449219
 20
580.0129699707031
  0
LWPOLYLINE
  5
197
330
17
100
AcDbEntity
  8
SCHEMATICS
 62
7
100
AcDbPolyline
 90
9
 70
0
 10
317.1025085449219
 20
580.0129699707031
 10
317.7457445859909
 20
580.5443206429482
 10
318.4281358718872
 20
581.0047955513
 10
319.1496788263321
 20
581.3944036364555
 10
319.9103698730469
 20
581.7131538391113
 10
320.71020543575287
 20
581.9610550999641
 10
321.5491819381714
 20
582.1381163597107
 10
322.42729580402374
 20
582.2443465590477
 10
323.34454345703125
 20
582.2797546386719
  0
LWPOLYLINE
  5
198
330
17
100
AcDbEntity
  8
SCHEMATICS
 62
7
100
AcDbPolyline
 90
9
 70
0
 10
323.34454345703125
 20
582.2797546386719
 10
324.3441125154495
 20
582.2435237765312
 10
325.2885217666626
 20
582.1348242759705
 10
326.177783370018
 20
581.9536457657814
 10
327.0119094848633
 20
581.6999778747559
 10
327.79091227054596
 20
581.3738102316856
 10
328.5148038864136
 20
580.9751324653625
 10
329.18359649181366
 20
580.5039342045784
 10
329.79730224609375
 20
579.960205078125
  0
LWPOLYLINE
  5
199
330
17
100
AcDbEntity
  8
SCHEMATICS
 62
7
100
AcDbPolyline
 90
9
 70
0
 10
329.79730224609375
 20
579.960205078125
 10
330.3469305038452
 20
579.3608687520027
 10
330.8232192993164
 20
578.7223153114319
 10
331.226185798645
 20
578.0445579886436
 10
331.55584716796875
 20
577.3276100158691
 10
331.8122205734253
 20
576.5714846253395
 10
331.99532318115234
 20
575.7761950492859
 10
332.1051721572876
 20
574.9417545199394
 10
332.14178466796875
 20
574.0681762695312
  0
LWPOLYLINE
  5
19A
330
17
100
AcDbEntity
  8
SCHEMATICS
 62
7
100
AcDbPolyline
 90
9
 70
0
 10
332.14178466796875
 20
574.0681762695312
 10
332.1305094361305
 20
573.6134971380234
 10
332.0966897010803
 20
573.1585054397583
 10
332.04033440351486
 20
572.7031947374344
 10
331.96145248413086
 20
572.24755859375
 10
331.86005288362503
 20
571.7915905714035
 10
331.7361445426941
 20
571.3352842330933
 10
331.58973640203476
 20
570.8786331415176
 10
331.42083740234375
 20
570.421630859375
  0
LWPOLYLINE
  5
19B
330
17
100
AcDbEntity
  8
SCHEMATICS
 62
7
100
AcDbPolyline
 90
9
 70
0
 10
331.42083740234375
 20
570.421630859375
 10
331.2260060310364
 20
569.9617011547089
 10
331.0023727416992
 20
569.4962482452393
 10
330.7499461174011
 20
569.0252707004547
 10
330.46873474121094
 20
568.5487670898438
 10
330.1587471961975
 20
568.0667359828949
 10
329.8199920654297
 20
567.5791759490967
 10
329.4524779319763
 20
567.0860855579376
 10
329.05621337890625
 20
566.5874633789062
  0
LWPOLYLINE
  5
19C
330
17
100
AcDbEntity
  8
SCHEMATICS
 62
7
100
AcDbPolyline
 90
9
 70
0
 10
329.05621337890625
 20
566.5874633789062
 10
328.73703211545944
 20
566.213575899601
 10
328.3708453178406
 20
565.8028931617737
 10
327.9576798081398
 20
565.3553869128227
 10
327.49756240844727
 20
564.8710289001465
 10
326.9905199408531
 20
564.3497908711433
 10
326.4365792274475
 20
563.7916445732117
 10
325.8357670903206
 20
563.1965617537498
 10
325.1881103515625
 20
562.5645141601562
  0
LWPOLYLINE
  5
19D
330
17
100
AcDbEntity
  8
SCHEMATICS
 62
7
100
AcDbPolyline
 90
9
 70
0
 10
325.1881103515625
 20
562.5645141601562
 10
324.5450096130371
 20
561.9399881362915
 10
323.9586372375488
 20
561.3670520782471
 10
323.42897605895996
 20
560.845703125
 10
322.9560089111328
 20
560.3759384155273
 10
322.5397186279297
 20
559.9577550888062
 10
322.1800880432129
 20
559.5911502838135
 10
321.8770999908447
 20
559.2761211395264
 10
321.6307373046875
 20
559.0126647949219
  0
LWPOLYLINE
  5
19E
330
17
100
AcDbEntity
  8
SCHEMATICS
 62
7
100
AcDbPolyline
 90
9
 70
0
 10
321.6307373046875
 20
559.0126647949219
 10
321.41394686698914
 20
558.773029088974
 10
321.1993808746338
 20
558.5298500061035
 10
320.9870264530182
 20
558.283123254776
 10
320.77687072753906
 20
558.032844543457
 10
320.56890082359314
 20
557.7790095806122
 10
320.36310386657715
 20
557.521614074707
 10
320.1594669818878
 20
557.2606537342072
 10
319.9579772949219
 20
556.9961242675781
  0
LINE
  5
19F
330
17
100
AcDbEntity
  8
SCHEMATICS
 62
7
100
AcDbLine
 10
319.9579772949219
 20
556.9961242675781
 30
0.0
 11
330.13818359375
 21
556.9961242675781
 31
0.0
  0
LINE
  5
1A0
330
17
100
AcDbEntity
  8
SCHEMATICS
 62
7
100
AcDbLine
 10
330.13818359375
 20
556.9961242675781
 30
0.0
 11
329.05621337890625
 21
551.521240234375
 31
0.0
  0
LINE
  5
1A1
330
17
100
AcDbEntity
  8
SCHEMATICS
 62
7
100
AcDbLine
 10
329.05621337890625
 20
551.521240234375
 30
0.0
 11
311.20062255859375
 21
551.521240234375
 31
0.0
  0
LWPOLYLINE
  5
1A2
330
17
100
AcDbEntity
  8
SCHEMATICS
 62
7
100
AcDbPolyline
 90
9
 70
0
 10
311.20062255859375
 20
551.521240234375
 10
311.2817252278328
 20
552.0820174217224
 10
311.3851456642151
 20
552.6359195709229
 10
311.5108570456505
 20
553.1829524040222
 10
311.6588325500488
 20
553.7231216430664
 10
311.82904535532
 20
554.2564330101013
 10
312.0214686393738
 20
554.7828922271729
 10
312.2360755801201
 20
555.3025050163269
 10
312.47283935546875
 20
555.8152770996094
  0
LWPOLYLINE
  5
1A3
330
17
100
AcDbEntity
  8
SCHEMATICS
 62
7
100
AcDbPolyline
 90
9
 70
0
 10
312.47283935546875
 20
555.8152770996094
 10
312.7285856604576
 20
556.3202748298645
 10
312.9996066093445
 20
556.8164463043213
 10
313.28593331575394
 20
557.3037915229797
 10
313.58759689331055
 20
557.7823104858398
 10
313.9046284556389
 20
558.2520031929016
 10
314.2370591163635
 20
558.712869644165
 10
314.58491998910904
 20
559.1649098396301
 10
314.9482421875
 20
559.6081237792969
  0
LWPOLYLINE
  5
1A4
330
17
100
AcDbEntity
  8
SCHEMATICS
 62
7
100
AcDbPolyline
 90
9
 70
0
 10
314.9482421875
 20
559.6081237792969
 10
315.35726737976074
 20
560.0805588364601
 10
315.84335708618164
 20
560.620222568512
 10
316.4065055847168
 20
561.2271239161491
 10
317.0467071533203
 20
561.9012718200684
 10
317.7639560699463
 20
562.6426752209663
 10
318.5582466125488
 20
563.4513430595398
 10
319.42957305908203
 20
564.3272842764854
 10
320.3779296875
 20
565.2705078125
  0
LWPOLYLINE
  5
1A5
330
17
100
AcDbEntity
  8
SCHEMATICS
 62
7
100
AcDbPolyline
 90
9
 70
0
 10
320.3779296875
 20
565.2705078125
 10
321.08534121513367
 20
565.9800373315811
 10
321.7244701385498
 20
566.6249227523804
 10
322.29532074928284
 20
567.2051647901535
 10
322.7978973388672
 20
567.7207641601562
 10
323.2322041988373
 20
568.1717215776443
 10
323.59824562072754
 20
568.5580377578735
 10
323.8960258960724
 20
568.8797134160995
 10
324.12554931640625
 20
569.1367492675781
  0
LWPOLYLINE
  5
1A6
330
17
100
AcDbEntity
  8
SCHEMATICS
 62
7
100
AcDbPolyline
 90
9
 70
0
 10
324.12554931640625
 20
569.1367492675781
 10
324.46242612600327
 20
569.5373455882072
 10
324.7717852592468
 20
569.9242072105408
 10
325.05362635850906
 20
570.2973437905312
 10
325.3079490661621
 20
570.6567649841309
 10
325.5347530245781
 20
571.0024804472923
 10
325.73403787612915
 20
571.334499835968
 10
325.9058032631874
 20
571.6528328061104
 10
326.050048828125
 20
571.9574890136719
  0
LWPOLYLINE
  5
1A7
330
17
100
AcDbEntity
  8
SCHEMATICS
 62
7
100
AcDbPolyline
 90
9
 70
0
 10
326.050048828125
 20
571.9574890136719
 10
326.17224460840225
 20
572.2516005039215
 10
326.2781186103821
 20
572.5385608673096
 10
326.3676797747612
 20
572.8183600902557
 10
326.4409370422363
 20
573.0909881591797
 10
326.4978993535042
 20
573.3564350605011
 10
326.5385756492615
 20
573.6146907806396
 10
326.5629748702049
 20
573.865745306015
 10
326.57110595703125
 20
574.1095886230469
  0
LWPOLYLINE
  5
1A8
330
17
100
AcDbEntity
  8
SCHEMATICS
 62
7
100
AcDbPolyline
 90
9
 70
0
 10
326.57110595703125
 20
574.1095886230469
 10
326.5574567914009
 20
574.4870143532753
 10
326.5165295600891
 20
574.8461556434631
 10
326.4483546614647
 20
575.1870185732841
 10
326.3529624938965
 20
575.5096092224121
 10
326.2303834557533
 20
575.8139336705208
 10
326.08064794540405
 20
576.0999979972839
 10
325.9037863612175
 20
576.3678082823753
 10
325.6998291015625
 20
576.6173706054688
  0
LWPOLYLINE
  5
1A9
330
17
100
AcDbEntity
  8
SCHEMATICS
 62
7
100
AcDbPolyline
 90
9
 70
0
 10
325.6998291015625
 20
576.6173706054688
 10
325.47440779209137
 20
576.8426073789597
 10
325.23423862457275
 20
577.0378427505493
 10
324.97933089733124
 20
577.2030674219131
 10
324.7096939086914
 20
577.3382720947266
 10
324.42533695697784
 20
577.443447470665
 10
324.12626934051514
 20
577.5185842514038
 10
323.81250035762787
 20
577.5636731386185
 10
323.4840393066406
 20
577.5787048339844
  0
LWPOLYLINE
  5
1AA
330
17
100
AcDbEntity
  8
SCHEMATICS
 62
7
100
AcDbPolyline
 90
9
 70
0
 10
323.4840393066406
 20
577.5787048339844
 10
323.14869076013565
 20
577.5618794560432
 10
322.82405710220337
 20
577.5114102363586
 10
322.51011580228806
 20
577.4273075461388
 10
322.206844329834
 20
577.3095817565918
 10
321.91422015428543
 20
577.1582432389259
 10
321.63222074508667
 20
576.9733023643494
 10
321.360823571682
 20
576.7547695040703
 10
321.1000061035156
 20
576.5026550292969
  0
LWPOLYLINE
  5
1AB
330
17
100
AcDbEntity
  8
SCHEMATICS
 62
7
100
AcDbPolyline
 90
9
 70
0
 10
321.1000061035156
 20
576.5026550292969
 10
320.85240399837494
 20
576.2062423229218
 10
320.6203908920288
 20
575.8553485870361
 10
320.40399754047394
 20
575.4499609470367
 10
320.20325469970703
 20
574.9900665283203
 10
320.0181931257248
 20
574.4756524562836
 10
319.8488435745239
 20
573.9067058563232
 10
319.69523680210114
 20
573.2832138538361
 10
319.5574035644531
 20
572.6051635742188
  0
LINE
  5
1AC
330
17
100
AcDbEntity
  8
SCHEMATICS
 62
7
100
AcDbLine
 10
369.88043212890625
 20
560.6454467773438
 30
0.0
 11
348.33648681640625
 21
571.5549621582031
 31
0.0
  0
LINE
  5
1AD
330
17
100
AcDbEntity
  8
SCHEMATICS
 62
7
100
AcDbLine
 10
348.33648681640625
 20
571.5549621582031
 30
0.0
 11
369.88128662109375
 21
581.1794738769531
 31
0.0
  0
LINE
  5
1AE
330
17
100
AcDbEntity
  8
SCHEMATICS
 62
7
100
AcDbLine
 10
369.88128662109375
 20
581.1794738769531
 30
0.0
 11
391.155517578125
 21
571.5549621582031
 31
0.0
  0
LINE
  5
1AF
330
17
100
AcDbEntity
  8
SCHEMATICS
 62
7
100
AcDbLine
 10
391.155517578125
 20
571.5549621582031
 30
0.0
 11
369.88128662109375
 21
560.6476440429688
 31
0.0
  0
LINE
  5
1B0
330
17
100
AcDbEntity
  8
SCHEMATICS
 62
7
100
AcDbLine
 10
369.88128662109375
 20
560.6476440429688
 30
0.0
 11
369.88043212890625
 21
560.6454467773438
 31
0.0
  0
LINE
  5
1B1
330
17
100
AcDbEntity
  8
SCHEMATICS
 62
7
100
AcDbLine
 10
369.88128662109375
 20
582.2796020507812
 30
0.0
 11
346.06402587890625
 21
571.5549621582031
 31
0.0
  0
LINE
  5
1B2
330
17
100
AcDbEntity
  8
SCHEMATICS
 62
7
100
AcDbLine
 10
346.06402587890625
 20
571.5549621582031
 30
0.0
 11
369.88043212890625
 21
559.4535217285156
 31
0.0
  0
LINE
  5
1B3
330
17
100
AcDbEntity
  8
SCHEMATICS
 62
7
100
AcDbLine
 10
369.88043212890625
 20
559.4535217285156
 30
0.0
 11
393.60968017578125
 21
571.6471862792969
 31
0.0
  0
LINE
  5
1B4
330
17
100
AcDbEntity
  8
SCHEMATICS
 62
7
100
AcDbLine
 10
393.60968017578125
 20
571.6471862792969
 30
0.0
 11
369.88128662109375
 21
582.2796020507812
 31
0.0
  0
LINE
  5
1B5
330
17
100
AcDbEntity
  8
SCHEMATICS
 62
7
100
AcDbLine
 10
364.119384765625
 20
575.82080078125
 30
0.0
 11
367.8219299316406
 21
575.82080078125
 31
0.0
  0
LINE
  5
1B6
330
17
100
AcDbEntity
  8
SCHEMATICS
 62
7
100
AcDbLine
 10
367.8219299316406
 20
575.82080078125
 30
0.0
 11
367.8219299316406
 21
574.6679077148438
 31
0.0
  0
LINE
  5
1B7
330
17
100
AcDbEntity
  8
SCHEMATICS
 62
7
100
AcDbLine
 10
367.8219299316406
 20
574.6679077148438
 30
0.0
 11
365.4807434082031
 21
574.6679077148438
 31
0.0
  0
LINE
  5
1B8
330
17
100
AcDbEntity
  8
SCHEMATICS
 62
7
100
AcDbLine
 10
365.4807434082031
 20
574.6679077148438
 30
0.0
 11
365.4807434082031
 21
571.5660705566406
 31
0.0
  0
LINE
  5
1B9
330
17
100
AcDbEntity
  8
SCHEMATICS
 62
7
100
AcDbLine
 10
365.4807434082031
 20
571.5660705566406
 30
0.0
 11
367.6859436035156
 21
571.5660705566406
 31
0.0
  0
LINE
  5
1BA
330
17
100
AcDbEntity
  8
SCHEMATICS
 62
7
100
AcDbLine
 10
367.6859436035156
 20
571.5660705566406
 30
0.0
 11
367.6859436035156
 21
570.4131774902344
 31
0.0
  0
LINE
  5
1BB
330
17
100
AcDbEntity
  8
SCHEMATICS
 62
7
100
AcDbLine
 10
367.6859436035156
 20
570.4131774902344
 30
0.0
 11
365.4807434082031
 21
570.4131774902344
 31
0.0
  0
LINE
  5
1BC
330
17
100
AcDbEntity
  8
SCHEMATICS
 62
7
100
AcDbLine
 10
365.4807434082031
 20
570.4131774902344
 30
0.0
 11
365.4807434082031
 21
565.9115905761719
 31
0.0
  0
LINE
  5
1BD
330
17
100
AcDbEntity
  8
SCHEMATICS
 62
7
100
AcDbLine
 10
365.4807434082031
 20
565.9115905761719
 30
0.0
 11
364.119384765625
 21
565.9115905761719
 31
0.0
  0
LINE
  5
1BE
330
17
100
AcDbEntity
  8
SCHEMATICS
 62
7
100
AcDbLine
 10
364.119384765625
 20
565.9115905761719
 30
0.0
 11
364.119384765625
 21
575.82080078125
 31
0.0
  0
LINE
  5
1BF
330
17
100
AcDbEntity
  8
SCHEMATICS
 62
7
100
AcDbLine
 10
368.7478332519531
 20
575.82080078125
 30
0.0
 11
370.91229248046875
 21
575.82080078125
 31
0.0
  0
LINE
  5
1C0
330
17
100
AcDbEntity
  8
SCHEMATICS
 62
7
100
AcDbLine
 10
370.91229248046875
 20
575.82080078125
 30
0.0
 11
372.1643371582031
 21
568.272216796875
 31
0.0
  0
LINE
  5
1C1
330
17
100
AcDbEntity
  8
SCHEMATICS
 62
7
100
AcDbLine
 10
372.1643371582031
 20
568.272216796875
 30
0.0
 11
372.1917419433594
 21
568.272216796875
 31
0.0
  0
LINE
  5
1C2
330
17
100
AcDbEntity
  8
SCHEMATICS
 62
7
100
AcDbLine
 10
372.1917419433594
 20
568.272216796875
 30
0.0
 11
373.44451904296875
 21
575.82080078125
 31
0.0
  0
LINE
  5
1C3
330
17
100
AcDbEntity
  8
SCHEMATICS
 62
7
100
AcDbLine
 10
373.44451904296875
 20
575.82080078125
 30
0.0
 11
375.55438232421875
 21
575.82080078125
 31
0.0
  0
LINE
  5
1C4
330
17
100
AcDbEntity
  8
SCHEMATICS
 62
7
100
AcDbLine
 10
375.55438232421875
 20
575.82080078125
 30
0.0
 11
375.55438232421875
 21
565.9115905761719
 31
0.0
  0
LINE
  5
1C5
330
17
100
AcDbEntity
  8
SCHEMATICS
 62
7
100
AcDbLine
 10
375.55438232421875
 20
565.9115905761719
 30
0.0
 11
374.2744445800781
 21
565.9115905761719
 31
0.0
  0
LINE
  5
1C6
330
17
100
AcDbEntity
  8
SCHEMATICS
 62
7
100
AcDbLine
 10
374.2744445800781
 20
565.9115905761719
 30
0.0
 11
374.2744445800781
 21
574.8326110839844
 31
0.0
  0
LINE
  5
1C7
330
17
100
AcDbEntity
  8
SCHEMATICS
 62
7
100
AcDbLine
 10
374.2744445800781
 20
574.8326110839844
 30
0.0
 11
374.2473449707031
 21
574.8326110839844
 31
0.0
  0
LINE
  5
1C8
330
17
100
AcDbEntity
  8
SCHEMATICS
 62
7
100
AcDbLine
 10
374.2473449707031
 20
574.8326110839844
 30
0.0
 11
372.85888671875
 21
565.9115905761719
 31
0.0
  0
LINE
  5
1C9
330
17
100
AcDbEntity
  8
SCHEMATICS
 62
7
100
AcDbLine
 10
372.85888671875
 20
565.9115905761719
 30
0.0
 11
371.4979553222656
 21
565.9115905761719
 31
0.0
  0
LINE
  5
1CA
330
17
100
AcDbEntity
  8
SCHEMATICS
 62
7
100
AcDbLine
 10
371.4979553222656
 20
565.9115905761719
 30
0.0
 11
369.9730529785156
 21
574.8326110839844
 31
0.0
  0
LINE
  5
1CB
330
17
100
AcDbEntity
  8
SCHEMATICS
 62
7
100
AcDbLine
 10
369.9730529785156
 20
574.8326110839844
 30
0.0
 11
369.9458312988281
 21
574.8326110839844
 31
0.0
  0
LINE
  5
1CC
330
17
100
AcDbEntity
  8
SCHEMATICS
 62
7
100
AcDbLine
 10
369.9458312988281
 20
574.8326110839844
 30
0.0
 11
369.9458312988281
 21
565.9115905761719
 31
0.0
  0
LINE
  5
1CD
330
17
100
AcDbEntity
  8
SCHEMATICS
 62
7
100
AcDbLine
 10
369.9458312988281
 20
565.9115905761719
 30
0.0
 11
368.7478332519531
 21
565.9115905761719
 31
0.0
  0
LINE
  5
1CE
330
17
100
AcDbEntity
  8
SCHEMATICS
 62
7
100
AcDbLine
 10
368.7478332519531
 20
565.9115905761719
 30
0.0
 11
368.7478332519531
 21
575.82080078125
 31
0.0
  0
LINE
  5
1CF
330
17
100
AcDbEntity
  8
SCHEMATICS
 62
7
100
AcDbLine
 10
356.9429016113281
 20
554.0442504882812
 30
0.0
 11
358.10247802734375
 21
554.0442504882812
 31
0.0
  0
LINE
  5
1D0
330
17
100
AcDbEntity
  8
SCHEMATICS
 62
7
100
AcDbLine
 10
358.10247802734375
 20
554.0442504882812
 30
0.0
 11
357.53668212890625
 21
557.2474975585938
 31
0.0
  0
LINE
  5
1D1
330
17
100
AcDbEntity
  8
SCHEMATICS
 62
7
100
AcDbLine
 10
357.53668212890625
 20
557.2474975585938
 30
0.0
 11
357.5176696777344
 21
557.2474975585938
 31
0.0
  0
LINE
  5
1D2
330
17
100
AcDbEntity
  8
SCHEMATICS
 62
7
100
AcDbLine
 10
357.5176696777344
 20
557.2474975585938
 30
0.0
 11
356.9429016113281
 21
554.0442504882812
 31
0.0
  0
LINE
  5
1D3
330
17
100
AcDbEntity
  8
SCHEMATICS
 62
7
100
AcDbLine
 10
357.04290771484375
 20
558.2236938476562
 30
0.0
 11
358.10247802734375
 21
558.2236938476562
 31
0.0
  0
LINE
  5
1D4
330
17
100
AcDbEntity
  8
SCHEMATICS
 62
7
100
AcDbLine
 10
358.10247802734375
 20
558.2236938476562
 30
0.0
 11
359.4445495605469
 21
551.5763549804688
 31
0.0
  0
LINE
  5
1D5
330
17
100
AcDbEntity
  8
SCHEMATICS
 62
7
100
AcDbLine
 10
359.4445495605469
 20
551.5763549804688
 30
0.0
 11
358.5318603515625
 21
551.5763549804688
 31
0.0
  0
LINE
  5
1D6
330
17
100
AcDbEntity
  8
SCHEMATICS
 62
7
100
AcDbLine
 10
358.5318603515625
 20
551.5763549804688
 30
0.0
 11
358.23016357421875
 21
553.2702026367188
 31
0.0
  0
LINE
  5
1D7
330
17
100
AcDbEntity
  8
SCHEMATICS
 62
7
100
AcDbLine
 10
358.23016357421875
 20
553.2702026367188
 30
0.0
 11
356.8058776855469
 21
553.2702026367188
 31
0.0
  0
LINE
  5
1D8
330
17
100
AcDbEntity
  8
SCHEMATICS
 62
7
100
AcDbLine
 10
356.8058776855469
 20
553.2702026367188
 30
0.0
 11
356.5042419433594
 21
551.5763549804688
 31
0.0
  0
LINE
  5
1D9
330
17
100
AcDbEntity
  8
SCHEMATICS
 62
7
100
AcDbLine
 10
356.5042419433594
 20
551.5763549804688
 30
0.0
 11
355.5914001464844
 21
551.5763549804688
 31
0.0
  0
LINE
  5
1DA
330
17
100
AcDbEntity
  8
SCHEMATICS
 62
7
100
AcDbLine
 10
355.5914001464844
 20
551.5763549804688
 30
0.0
 11
357.04290771484375
 21
558.2236938476562
 31
0.0
  0
LINE
  5
1DB
330
17
100
AcDbEntity
  8
SCHEMATICS
 62
7
100
AcDbLine
 10
360.79620361328125
 20
555.2409973144531
 30
0.0
 11
361.2709655761719
 21
555.2409973144531
 31
0.0
  0
LWPOLYLINE
  5
1DC
330
17
100
AcDbEntity
  8
SCHEMATICS
 62
7
100
AcDbPolyline
 90
9
 70
0
 10
361.2709655761719
 20
555.2409973144531
 10
361.47862100601196
 20
555.2473055720329
 10
361.63988494873047
 20
555.2724890708923
 10
361.76052236557007
 20
555.3259359002113
 10
361.84629821777344
 20
555.4170341491699
 10
361.90297746658325
 20
555.5551719069481
 10
361.9363250732422
 20
555.7497372627258
 10
361.9521059989929
 20
556.0101183056831
 10
361.9560852050781
 20
556.345703125
  0
LWPOLYLINE
  5
1DD
330
17
100
AcDbEntity
  8
SCHEMATICS
 62
7
100
AcDbPolyline
 90
9
 70
0
 10
361.9560852050781
 20
556.345703125
 10
361.9521059989929
 20
556.6812515854836
 10
361.9363250732422
 20
556.9416127204895
 10
361.90297746658325
 20
557.1361710429192
 10
361.84629821777344
 20
557.2743110656738
 10
361.76052236557007
 20
557.3654173016548
 10
361.63988494873047
 20
557.4188742637634
 10
361.47862100601196
 20
557.444066464901
 10
361.2709655761719
 20
557.4503784179688
  0
LINE
  5
1DE
330
17
100
AcDbEntity
  8
SCHEMATICS
 62
7
100
AcDbLine
 10
361.2709655761719
 20
557.4503784179688
 30
0.0
 11
360.79620361328125
 21
557.4503784179688
 31
0.0
  0
LINE
  5
1DF
330
17
100
AcDbEntity
  8
SCHEMATICS
 62
7
100
AcDbLine
 10
360.79620361328125
 20
557.4503784179688
 30
0.0
 11
360.79620361328125
 21
555.2409973144531
 31
0.0
  0
LINE
  5
1E0
330
17
100
AcDbEntity
  8
SCHEMATICS
 62
7
100
AcDbLine
 10
359.8829345703125
 20
558.2236938476562
 30
0.0
 11
361.3896789550781
 21
558.2236938476562
 31
0.0
  0
LWPOLYLINE
  5
1E1
330
17
100
AcDbEntity
  8
SCHEMATICS
 62
7
100
AcDbPolyline
 90
9
 70
0
 10
361.3896789550781
 20
558.2236938476562
 10
361.809763610363
 20
558.2060657143593
 10
362.1446681022644
 20
558.1464867591858
 10
362.40338283777237
 20
558.0349151492119
 10
362.59489822387695
 20
557.8613090515137
 10
362.7282046675682
 20
557.6156266331673
 10
362.8122925758362
 20
557.2878260612488
 10
362.85615235567093
 20
556.8678655028343
 10
362.8687744140625
 20
556.345703125
  0
LWPOLYLINE
  5
1E2
330
17
100
AcDbEntity
  8
SCHEMATICS
 62
7
100
AcDbPolyline
 90
9
 70
0
 10
362.8687744140625
 20
556.345703125
 10
362.85615235567093
 20
555.8234115242958
 10
362.8122925758362
 20
555.4033761024475
 10
362.7282046675682
 20
555.0755435824394
 10
362.59489822387695
 20
554.8298606872559
 10
362.40338283777237
 20
554.6562741398811
 10
362.1446681022644
 20
554.5447306632996
 10
361.809763610363
 20
554.4851769804955
 10
361.3896789550781
 20
554.4675598144531
  0
LINE
  5
1E3
330
17
100
AcDbEntity
  8
SCHEMATICS
 62
7
100
AcDbLine
 10
361.3896789550781
 20
554.4675598144531
 30
0.0
 11
360.79620361328125
 21
554.4675598144531
 31
0.0
  0
LINE
  5
1E4
330
17
100
AcDbEntity
  8
SCHEMATICS
 62
7
100
AcDbLine
 10
360.79620361328125
 20
554.4675598144531
 30
0.0
 11
360.79620361328125
 21
551.5763549804688
 31
0.0
  0
LINE
  5
1E5
330
17
100
AcDbEntity
  8
SCHEMATICS
 62
7
100
AcDbLine
 10
360.79620361328125
 20
551.5763549804688
 30
0.0
 11
359.8829345703125
 21
551.5763549804688
 31
0.0
  0
LINE
  5
1E6
330
17
100
AcDbEntity
  8
SCHEMATICS
 62
7
100
AcDbLine
 10
359.8829345703125
 20
551.5763549804688
 30
0.0
 11
359.8829345703125
 21
558.2236938476562
 31
0.0
  0
LINE
  5
1E7
330
17
100
AcDbEntity
  8
SCHEMATICS
 62
7
100
AcDbLine
 10
364.3486022949219
 20
555.2409973144531
 30
0.0
 11
364.8233642578125
 21
555.2409973144531
 31
0.0
  0
LWPOLYLINE
  5
1E8
330
17
100
AcDbEntity
  8
SCHEMATICS
 62
7
100
AcDbPolyline
 90
9
 70
0
 10
364.8233642578125
 20
555.2409973144531
 10
365.03107756376266
 20
555.2473055720329
 10
365.1923232078552
 20
555.2724890708923
 10
365.3128872513771
 20
555.3259359002113
 10
365.39855575561523
 20
555.4170341491699
 10
365.45511478185654
 20
555.5551719069481
 10
365.48835039138794
 20
555.7497372627258
 10
365.50404864549637
 20
556.0101183056831
 10
365.50799560546875
 20
556.345703125
  0
LWPOLYLINE
  5
1E9
330
17
100
AcDbEntity
  8
SCHEMATICS
 62
7
100
AcDbPolyline
 90
9
 70
0
 10
365.50799560546875
 20
556.345703125
 10
365.50404864549637
 20
556.6812515854836
 10
365.48835039138794
 20
556.9416127204895
 10
365.45511478185654
 20
557.1361710429192
 10
365.39855575561523
 20
557.2743110656738
 10
365.3128872513771
 20
557.3654173016548
 10
365.1923232078552
 20
557.4188742637634
 10
365.03107756376266
 20
557.444066464901
 10
364.8233642578125
 20
557.4503784179688
  0
LINE
  5
1EA
330
17
100
AcDbEntity
  8
SCHEMATICS
 62
7
100
AcDbLine
 10
364.8233642578125
 20
557.4503784179688
 30
0.0
 11
364.3486022949219
 21
557.4503784179688
 31
0.0
  0
LINE
  5
1EB
330
17
100
AcDbEntity
  8
SCHEMATICS
 62
7
100
AcDbLine
 10
364.3486022949219
 20
557.4503784179688
 30
0.0
 11
364.3486022949219
 21
555.2409973144531
 31
0.0
  0
LINE
  5
1EC
330
17
100
AcDbEntity
  8
SCHEMATICS
 62
7
100
AcDbLine
 10
363.4348449707031
 20
558.2236938476562
 30
0.0
 11
364.9419250488281
 21
558.2236938476562
 31
0.0
  0
LWPOLYLINE
  5
1ED
330
17
100
AcDbEntity
  8
SCHEMATICS
 62
7
100
AcDbPolyline
 90
9
 70
0
 10
364.9419250488281
 20
558.2236938476562
 10
365.3621384501457
 20
558.2060657143593
 10
365.69715452194214
 20
558.1464867591858
 10
365.9559636712074
 20
558.0349151492119
 10
366.14755630493164
 20
557.8613090515137
 10
366.2809228301048
 20
557.6156266331673
 10
366.36505365371704
 20
557.2878260612488
 10
366.40893918275833
 20
556.8678655028343
 10
366.42156982421875
 20
556.345703125
  0
LWPOLYLINE
  5
1EE
330
17
100
AcDbEntity
  8
SCHEMATICS
 62
7
100
AcDbPolyline
 90
9
 70
0
 10
366.42156982421875
 20
556.345703125
 10
366.40893918275833
 20
555.8234115242958
 10
366.36505365371704
 20
555.4033761024475
 10
366.2809228301048
 20
555.0755435824394
 10
366.14755630493164
 20
554.8298606872559
 10
365.9559636712074
 20
554.6562741398811
 10
365.69715452194214
 20
554.5447306632996
 10
365.3621384501457
 20
554.4851769804955
 10
364.9419250488281
 20
554.4675598144531
  0
LINE
  5
1EF
330
17
100
AcDbEntity
  8
SCHEMATICS
 62
7
100
AcDbLine
 10
364.9419250488281
 20
554.4675598144531
 30
0.0
 11
364.3486022949219
 21
554.4675598144531
 31
0.0
  0
LINE
  5
1F0
330
17
100
AcDbEntity
  8
SCHEMATICS
 62
7
100
AcDbLine
 10
364.3486022949219
 20
554.4675598144531
 30
0.0
 11
364.3486022949219
 21
551.5763549804688
 31
0.0
  0
LINE
  5
1F1
330
17
100
AcDbEntity
  8
SCHEMATICS
 62
7
100
AcDbLine
 10
364.3486022949219
 20
551.5763549804688
 30
0.0
 11
363.4348449707031
 21
551.5763549804688
 31
0.0
  0
LINE
  5
1F2
330
17
100
AcDbEntity
  8
SCHEMATICS
 62
7
100
AcDbLine
 10
363.4348449707031
 20
551.5763549804688
 30
0.0
 11
363.4348449707031
 21
558.2236938476562
 31
0.0
  0
LINE
  5
1F3
330
17
100
AcDbEntity
  8
SCHEMATICS
 62
7
100
AcDbLine
 10
367.9007873535156
 20
555.2409973144531
 30
0.0
 11
368.1378173828125
 21
555.2409973144531
 31
0.0
  0
LWPOLYLINE
  5
1F4
330
17
100
AcDbEntity
  8
SCHEMATICS
 62
7
100
AcDbPolyline
 90
9
 70
0
 10
368.1378173828125
 20
555.2409973144531
 10
368.3804188966751
 20
555.2488565444946
 10
368.5708532333374
 20
555.2780532836914
 10
368.7152293920517
 20
555.3370161056519
 10
368.8196563720703
 20
555.4341735839844
 10
368.89024317264557
 20
555.5779542922974
 10
368.9330987930298
 20
555.7767868041992
 10
368.9543322324753
 20
556.0390996932983
 10
368.9600524902344
 20
556.3733215332031
  0
LWPOLYLINE
  5
1F5
330
17
100
AcDbEntity
  8
SCHEMATICS
 62
7
100
AcDbPolyline
 90
9
 70
0
 10
368.9600524902344
 20
556.3733215332031
 10
368.95659959316254
 20
556.7023910880089
 10
368.94267177581787
 20
556.9571394920349
 10
368.91291534900665
 20
557.1469505429268
 10
368.86197662353516
 20
557.2812080383301
 10
368.78450191020966
 20
557.3692957758904
 10
368.6751375198364
 20
557.4205975532532
 10
368.52852976322174
 20
557.4444971680641
 10
368.3393249511719
 20
557.4503784179688
  0
LINE
  5
1F6
330
17
100
AcDbEntity
  8
SCHEMATICS
 62
7
100
AcDbLine
 10
368.3393249511719
 20
557.4503784179688
 30
0.0
 11
367.9007873535156
 21
557.4503784179688
 31
0.0
  0
LINE
  5
1F7
330
17
100
AcDbEntity
  8
SCHEMATICS
 62
7
100
AcDbLine
 10
367.9007873535156
 20
557.4503784179688
 30
0.0
 11
367.9007873535156
 21
555.2409973144531
 31
0.0
  0
LINE
  5
1F8
330
17
100
AcDbEntity
  8
SCHEMATICS
 62
7
100
AcDbLine
 10
366.9876708984375
 20
558.2236938476562
 30
0.0
 11
368.4032287597656
 21
558.2236938476562
 31
0.0
  0
LWPOLYLINE
  5
1F9
330
17
100
AcDbEntity
  8
SCHEMATICS
 62
7
100
AcDbPolyline
 90
9
 70
0
 10
368.4032287597656
 20
558.2236938476562
 10
368.8490164279938
 20
558.2054234743118
 10
369.1951217651367
 20
558.1448564529419
 10
369.4539487361908
 20
558.0333589315414
 10
369.63790130615234
 20
557.8622970581055
 10
369.7593834400177
 20
557.623036980629
 10
369.8307991027832
 20
557.3069448471069
 10
369.8645522594452
 20
556.9053868055344
 10
369.873046875
 20
556.4097290039062
  0
LWPOLYLINE
  5
1FA
330
17
100
AcDbEntity
  8
SCHEMATICS
 62
7
100
AcDbPolyline
 90
9
 70
0
 10
369.873046875
 20
556.4097290039062
 10
369.86648976802826
 20
556.0980917215347
 10
369.8428201675415
 20
555.8297166824341
 10
369.79604065418243
 20
555.6005333662033
 10
369.72015380859375
 20
555.4064712524414
 10
369.60916221141815
 20
555.2434598207474
 10
369.45706844329834
 20
555.1074285507202
 10
369.257875084877
 20
554.9943069219589
 10
369.0055847167969
 20
554.9000244140625
  0
LINE
  5
1FB
330
17
100
AcDbEntity
  8
SCHEMATICS
 62
7
100
AcDbLine
 10
369.0055847167969
 20
554.9000244140625
 30
0.0
 11
369.0055847167969
 21
554.8816223144531
 31
0.0
  0
LWPOLYLINE
  5
1FC
330
17
100
AcDbEntity
  8
SCHEMATICS
 62
7
100
AcDbPolyline
 90
9
 70
0
 10
369.0055847167969
 20
554.8816223144531
 10
369.219515144825
 20
554.8452739715576
 10
369.3973412513733
 20
554.7842292785645
 10
369.5413994193077
 20
554.6979446411133
 10
369.65402603149414
 20
554.5858764648438
 10
369.7375574707985
 20
554.4474811553955
 10
369.79433012008667
 20
554.2822151184082
 10
369.8266803622246
 20
554.0895347595215
 10
369.8369445800781
 20
553.868896484375
  0
LINE
  5
1FD
330
17
100
AcDbEntity
  8
SCHEMATICS
 62
7
100
AcDbLine
 10
369.8369445800781
 20
553.868896484375
 30
0.0
 11
369.8369445800781
 21
552.42333984375
 31
0.0
  0
LWPOLYLINE
  5
1FE
330
17
100
AcDbEntity
  8
SCHEMATICS
 62
7
100
AcDbPolyline
 90
9
 70
0
 10
369.8369445800781
 20
552.42333984375
 10
369.83705043792725
 20
552.3296707868576
 10
369.8377914428711
 20
552.2290372848511
 10
369.8398027420044
 20
552.1231781244278
 10
369.8437194824219
 20
552.0138320922852
 10
369.85017681121826
 20
551.9027379751205
 10
369.8598098754883
 20
551.7916345596313
 10
369.87325382232666
 20
551.682260632515
 10
369.8911437988281
 20
551.5763549804688
  0
LINE
  5
1FF
330
17
100
AcDbEntity
  8
SCHEMATICS
 62
7
100
AcDbLine
 10
369.8911437988281
 20
551.5763549804688
 30
0.0
 11
369.03326416015625
 21
551.5763549804688
 31
0.0
  0
LWPOLYLINE
  5
200
330
17
100
AcDbEntity
  8
SCHEMATICS
 62
7
100
AcDbPolyline
 90
9
 70
0
 10
369.03326416015625
 20
551.5763549804688
 10
369.00223022699356
 20
551.6387927532196
 10
368.9774308204651
 20
551.7023677825928
 10
368.9582197070122
 20
551.7682745456696
 10
368.9439506530762
 20
551.8377075195312
 10
368.9339774250984
 20
551.9118611812592
 10
368.92765378952026
 20
551.9919300079346
 10
368.92433351278305
 20
552.0791084766388
 10
368.9233703613281
 20
552.1745910644531
  0
LINE
  5
201
330
17
100
AcDbEntity
  8
SCHEMATICS
 62
7
100
AcDbLine
 10
368.9233703613281
 20
552.1745910644531
 30
0.0
 11
368.9233703613281
 21
553.67578125
 31
0.0
  0
LWPOLYLINE
  5
202
330
17
100
AcDbEntity
  8
SCHEMATICS
 62
7
100
AcDbPolyline
 90
9
 70
0
 10
368.9233703613281
 20
553.67578125
 10
368.91749078035355
 20
553.889623105526
 10
368.8968529701233
 20
554.0637221336365
 10
368.8569583296776
 20
554.2015398144722
 10
368.79330825805664
 20
554.3065376281738
 10
368.7014041543007
 20
554.382177054882
 10
368.57674741744995
 20
554.4319195747375
 10
368.41483944654465
 20
554.459226667881
 10
368.211181640625
 20
554.4675598144531
  0
LINE
  5
203
330
17
100
AcDbEntity
  8
SCHEMATICS
 62
7
100
AcDbLine
 10
368.211181640625
 20
554.4675598144531
 30
0.0
 11
367.9007873535156
 21
554.4675598144531
 31
0.0
  0
LINE
  5
204
330
17
100
AcDbEntity
  8
SCHEMATICS
 62
7
100
AcDbLine
 10
367.9007873535156
 20
554.4675598144531
 30
0.0
 11
367.9007873535156
 21
551.5763549804688
 31
0.0
  0
LINE
  5
205
330
17
100
AcDbEntity
  8
SCHEMATICS
 62
7
100
AcDbLine
 10
367.9007873535156
 20
551.5763549804688
 30
0.0
 11
366.9876708984375
 21
551.5763549804688
 31
0.0
  0
LINE
  5
206
330
17
100
AcDbEntity
  8
SCHEMATICS
 62
7
100
AcDbLine
 10
366.9876708984375
 20
551.5763549804688
 30
0.0
 11
366.9876708984375
 21
558.2236938476562
 31
0.0
  0
LWPOLYLINE
  5
207
330
17
100
AcDbEntity
  8
SCHEMATICS
 62
7
100
AcDbPolyline
 90
9
 70
0
 10
371.42547607421875
 20
553.1141052246094
 10
371.43718868494034
 20
552.9124460816383
 10
371.47125482559204
 20
552.7363648414612
 10
371.52606695890427
 20
552.5862652659416
 10
371.6000175476074
 20
552.4625511169434
 10
371.6914990544319
 20
552.3656261563301
 10
371.79890394210815
 20
552.2958941459656
 10
371.92062467336655
 20
552.2537588477135
 10
372.0550537109375
 20
552.2396240234375
  0
LWPOLYLINE
  5
208
330
17
100
AcDbEntity
  8
SCHEMATICS
 62
7
100
AcDbPolyline
 90
9
 70
0
 10
372.0550537109375
 20
552.2396240234375
 10
372.1928240060806
 20
552.2537588477135
 10
372.31703090667725
 20
552.2958941459656
 10
372.4261931180954
 20
552.3656261563301
 10
372.5188293457031
 20
552.4625511169434
 10
372.59345829486847
 20
552.5862652659416
 10
372.6485986709595
 20
552.7363648414612
 10
372.6827691793442
 20
552.9124460816383
 10
372.6944885253906
 20
553.1141052246094
  0
LINE
  5
209
330
17
100
AcDbEntity
  8
SCHEMATICS
 62
7
100
AcDbLine
 10
372.6944885253906
 20
553.1141052246094
 30
0.0
 11
372.6944885253906
 21
556.6036682128906
 31
0.0
  0
LWPOLYLINE
  5
20A
330
17
100
AcDbEntity
  8
SCHEMATICS
 62
7
100
AcDbPolyline
 90
9
 70
0
 10
372.6944885253906
 20
556.6036682128906
 10
372.6842674612999
 20
556.8325095772743
 10
372.6537356376648
 20
557.029064655304
 10
372.60309010744095
 20
557.1938802599907
 10
372.532527923584
 20
557.3275032043457
 10
372.44224613904953
 20
557.4304803013802
 10
372.3324418067932
 20
557.5033583641052
 10
372.20331197977066
 20
557.5466842055321
 10
372.0550537109375
 20
557.5610046386719
  0
LWPOLYLINE
  5
20B
330
17
100
AcDbEntity
  8
SCHEMATICS
 62
7
100
AcDbPolyline
 90
9
 70
0
 10
372.0550537109375
 20
557.5610046386719
 10
371.91012793779373
 20
557.5466842055321
 10
371.7834801673889
 20
557.5033583641052
 10
371.6754326224327
 20
557.4304803013802
 10
371.58630752563477
 20
557.3275032043457
 10
371.51642709970474
 20
557.1938802599907
 10
371.4661135673523
 20
557.029064655304
 10
371.4356891512871
 20
556.8325095772743
 10
371.42547607421875
 20
556.6036682128906
  0
LINE
  5
20C
330
17
100
AcDbEntity
  8
SCHEMATICS
 62
7
100
AcDbLine
 10
371.42547607421875
 20
556.6036682128906
 30
0.0
 11
371.42547607421875
 21
553.1141052246094
 31
0.0
  0
LWPOLYLINE
  5
20D
330
17
100
AcDbEntity
  8
SCHEMATICS
 62
7
100
AcDbPolyline
 90
9
 70
0
 10
370.5123291015625
 20
556.5297241210938
 10
370.5277027487755
 20
556.871953189373
 10
370.5788130760193
 20
557.1954951286316
 10
370.6731441617012
 20
557.4920454621315
 10
370.8181800842285
 20
557.7532997131348
 10
371.0214049220085
 20
557.9709534049034
 10
371.2903027534485
 20
558.1367020606995
 10
371.6323576569557
 20
558.2422412037849
 10
372.0550537109375
 20
558.2792663574219
  0
LWPOLYLINE
  5
20E
330
17
100
AcDbEntity
  8
SCHEMATICS
 62
7
100
AcDbPolyline
 90
9
 70
0
 10
372.0550537109375
 20
558.2792663574219
 10
372.46015667915344
 20
558.2507616877556
 10
372.794885635376
 20
558.1668257713318
 10
373.0642831325531
 20
558.0298257470131
 10
373.2733917236328
 20
557.8421287536621
 10
373.4272539615631
 20
557.6061019301414
 10
373.530912399292
 20
557.3241124153137
 10
373.58940958976746
 20
556.9985273480415
 10
373.6077880859375
 20
556.6317138671875
  0
LINE
  5
20F
330
17
100
AcDbEntity
  8
SCHEMATICS
 62
7
100
AcDbLine
 10
373.6077880859375
 20
556.6317138671875
 30
0.0
 11
373.6077880859375
 21
553.2702026367188
 31
0.0
  0
LWPOLYLINE
  5
210
330
17
100
AcDbEntity
  8
SCHEMATICS
 62
7
100
AcDbPolyline
 90
9
 70
0
 10
373.6077880859375
 20
553.2702026367188
 10
373.59239864349365
 20
552.928200006485
 10
373.5411605834961
 20
552.6048183441162
 10
373.4464693069458
 20
552.3083732128143
 10
373.30072021484375
 20
552.0471801757812
 10
373.0963087081909
 20
551.8295547962189
 10
372.8256301879883
 20
551.6638126373291
 10
372.4810800552368
 20
551.5582692623138
 10
372.0550537109375
 20
551.521240234375
  0
LWPOLYLINE
  5
211
330
17
100
AcDbEntity
  8
SCHEMATICS
 62
7
100
AcDbPolyline
 90
9
 70
0
 10
372.0550537109375
 20
551.521240234375
 10
371.65329855680466
 20
551.5497578382492
 10
371.32107305526733
 20
551.6337327957153
 10
371.0534573197365
 20
551.7707983255386
 10
370.84553146362305
 20
551.9585876464844
 10
370.692375600338
 20
552.1947339773178
 10
370.58906984329224
 20
552.4768705368042
 10
370.53069430589676
 20
552.8026305437088
 10
370.5123291015625
 20
553.1696472167969
  0
LINE
  5
212
330
17
100
AcDbEntity
  8
SCHEMATICS
 62
7
100
AcDbLine
 10
370.5123291015625
 20
553.1696472167969
 30
0.0
 11
370.5123291015625
 21
556.5297241210938
 31
0.0
  0
LINE
  5
213
330
17
100
AcDbEntity
  8
SCHEMATICS
 62
7
100
AcDbLine
 10
373.7725830078125
 20
558.2236938476562
 30
0.0
 11
374.6860046386719
 21
558.2236938476562
 31
0.0
  0
LINE
  5
214
330
17
100
AcDbEntity
  8
SCHEMATICS
 62
7
100
AcDbLine
 10
374.6860046386719
 20
558.2236938476562
 30
0.0
 11
375.635986328125
 21
552.9388427734375
 31
0.0
  0
LINE
  5
215
330
17
100
AcDbEntity
  8
SCHEMATICS
 62
7
100
AcDbLine
 10
375.635986328125
 20
552.9388427734375
 30
0.0
 11
375.65423583984375
 21
552.9388427734375
 31
0.0
  0
LINE
  5
216
330
17
100
AcDbEntity
  8
SCHEMATICS
 62
7
100
AcDbLine
 10
375.65423583984375
 20
552.9388427734375
 30
0.0
 11
376.6039123535156
 21
558.2236938476562
 31
0.0
  0
LINE
  5
217
330
17
100
AcDbEntity
  8
SCHEMATICS
 62
7
100
AcDbLine
 10
376.6039123535156
 20
558.2236938476562
 30
0.0
 11
377.51702880859375
 21
558.2236938476562
 31
0.0
  0
LINE
  5
218
330
17
100
AcDbEntity
  8
SCHEMATICS
 62
7
100
AcDbLine
 10
377.51702880859375
 20
558.2236938476562
 30
0.0
 11
376.1746826171875
 21
551.5763549804688
 31
0.0
  0
LINE
  5
219
330
17
100
AcDbEntity
  8
SCHEMATICS
 62
7
100
AcDbLine
 10
376.1746826171875
 20
551.5763549804688
 30
0.0
 11
375.1151123046875
 21
551.5763549804688
 31
0.0
  0
LINE
  5
21A
330
17
100
AcDbEntity
  8
SCHEMATICS
 62
7
100
AcDbLine
 10
375.1151123046875
 20
551.5763549804688
 30
0.0
 11
373.7725830078125
 21
558.2236938476562
 31
0.0
  0
LINE
  5
21B
330
17
100
AcDbEntity
  8
SCHEMATICS
 62
7
100
AcDbLine
 10
377.92803955078125
 20
558.2236938476562
 30
0.0
 11
380.412109375
 21
558.2236938476562
 31
0.0
  0
LINE
  5
21C
330
17
100
AcDbEntity
  8
SCHEMATICS
 62
7
100
AcDbLine
 10
380.412109375
 20
558.2236938476562
 30
0.0
 11
380.412109375
 21
557.4503784179688
 31
0.0
  0
LINE
  5
21D
330
17
100
AcDbEntity
  8
SCHEMATICS
 62
7
100
AcDbLine
 10
380.412109375
 20
557.4503784179688
 30
0.0
 11
378.84100341796875
 21
557.4503784179688
 31
0.0
  0
LINE
  5
21E
330
17
100
AcDbEntity
  8
SCHEMATICS
 62
7
100
AcDbLine
 10
378.84100341796875
 20
557.4503784179688
 30
0.0
 11
378.84100341796875
 21
555.3697814941406
 31
0.0
  0
LINE
  5
21F
330
17
100
AcDbEntity
  8
SCHEMATICS
 62
7
100
AcDbLine
 10
378.84100341796875
 20
555.3697814941406
 30
0.0
 11
380.32080078125
 21
555.3697814941406
 31
0.0
  0
LINE
  5
220
330
17
100
AcDbEntity
  8
SCHEMATICS
 62
7
100
AcDbLine
 10
380.32080078125
 20
555.3697814941406
 30
0.0
 11
380.32080078125
 21
554.5961608886719
 31
0.0
  0
LINE
  5
221
330
17
100
AcDbEntity
  8
SCHEMATICS
 62
7
100
AcDbLine
 10
380.32080078125
 20
554.5961608886719
 30
0.0
 11
378.84100341796875
 21
554.5961608886719
 31
0.0
  0
LINE
  5
222
330
17
100
AcDbEntity
  8
SCHEMATICS
 62
7
100
AcDbLine
 10
378.84100341796875
 20
554.5961608886719
 30
0.0
 11
378.84100341796875
 21
552.3501281738281
 31
0.0
  0
LINE
  5
223
330
17
100
AcDbEntity
  8
SCHEMATICS
 62
7
100
AcDbLine
 10
378.84100341796875
 20
552.3501281738281
 30
0.0
 11
380.412109375
 21
552.3501281738281
 31
0.0
  0
LINE
  5
224
330
17
100
AcDbEntity
  8
SCHEMATICS
 62
7
100
AcDbLine
 10
380.412109375
 20
552.3501281738281
 30
0.0
 11
380.412109375
 21
551.5763549804688
 31
0.0
  0
LINE
  5
225
330
17
100
AcDbEntity
  8
SCHEMATICS
 62
7
100
AcDbLine
 10
380.412109375
 20
551.5763549804688
 30
0.0
 11
377.92803955078125
 21
551.5763549804688
 31
0.0
  0
LINE
  5
226
330
17
100
AcDbEntity
  8
SCHEMATICS
 62
7
100
AcDbLine
 10
377.92803955078125
 20
551.5763549804688
 30
0.0
 11
377.92803955078125
 21
558.2236938476562
 31
0.0
  0
LINE
  5
227
330
17
100
AcDbEntity
  8
SCHEMATICS
 62
7
100
AcDbLine
 10
381.71783447265625
 20
552.3501281738281
 30
0.0
 11
382.1561279296875
 21
552.3501281738281
 31
0.0
  0
LWPOLYLINE
  5
228
330
17
100
AcDbEntity
  8
SCHEMATICS
 62
7
100
AcDbPolyline
 90
9
 70
0
 10
382.1561279296875
 20
552.3501281738281
 10
382.38467371463776
 20
552.3677694797516
 10
382.5667600631714
 20
552.4240074157715
 10
382.7073143720627
 20
552.5238130092621
 10
382.81126403808594
 20
552.6721572875977
 10
382.88353645801544
 20
552.8740112781525
 10
382.9290590286255
 20
553.1343460083008
 10
382.95275914669037
 20
553.4581325054169
 10
382.9595642089844
 20
553.850341796875
  0
LINE
  5
229
330
17
100
AcDbEntity
  8
SCHEMATICS
 62
7
100
AcDbLine
 10
382.9595642089844
 20
553.850341796875
 30
0.0
 11
382.9595642089844
 21
556.1340637207031
 31
0.0
  0
LWPOLYLINE
  5
22A
330
17
100
AcDbEntity
  8
SCHEMATICS
 62
7
100
AcDbPolyline
 90
9
 70
0
 10
382.9595642089844
 20
556.1340637207031
 10
382.9537271261215
 20
556.4733788371086
 10
382.9317216873169
 20
556.755214214325
 10
382.8868066072464
 20
556.9833417534828
 10
382.81224060058594
 20
557.1615333557129
 10
382.7012823820114
 20
557.2935609221458
 10
382.54719066619873
 20
557.3831963539124
 10
382.3432241678238
 20
557.4342115521431
 10
382.0826416015625
 20
557.4503784179688
  0
LINE
  5
22B
330
17
100
AcDbEntity
  8
SCHEMATICS
 62
7
100
AcDbLine
 10
382.0826416015625
 20
557.4503784179688
 30
0.0
 11
381.71783447265625
 21
557.4503784179688
 31
0.0
  0
LINE
  5
22C
330
17
100
AcDbEntity
  8
SCHEMATICS
 62
7
100
AcDbLine
 10
381.71783447265625
 20
557.4503784179688
 30
0.0
 11
381.71783447265625
 21
552.3501281738281
 31
0.0
  0
LINE
  5
22D
330
17
100
AcDbEntity
  8
SCHEMATICS
 62
7
100
AcDbLine
 10
380.80438232421875
 20
558.2236938476562
 30
0.0
 11
382.2748718261719
 21
558.2236938476562
 31
0.0
  0
LWPOLYLINE
  5
22E
330
17
100
AcDbEntity
  8
SCHEMATICS
 62
7
100
AcDbPolyline
 90
9
 70
0
 10
382.2748718261719
 20
558.2236938476562
 10
382.7681049108505
 20
558.1985654234886
 10
383.14834690093994
 20
558.1158385276794
 10
383.43015396595
 20
557.9645007252693
 10
383.6280822753906
 20
557.7335395812988
 10
383.75668799877167
 20
557.4119426608086
 10
383.830527305603
 20
556.9886975288391
 10
383.8641563653946
 20
556.4527917504311
 10
383.87213134765625
 20
555.793212890625
  0
LINE
  5
22F
330
17
100
AcDbEntity
  8
SCHEMATICS
 62
7
100
AcDbLine
 10
383.87213134765625
 20
555.793212890625
 30
0.0
 11
383.87213134765625
 21
553.8137817382812
 31
0.0
  0
LWPOLYLINE
  5
230
330
17
100
AcDbEntity
  8
SCHEMATICS
 62
7
100
AcDbPolyline
 90
9
 70
0
 10
383.87213134765625
 20
553.8137817382812
 10
383.8563961982727
 20
553.2285890579224
 10
383.8026123046875
 20
552.7455749511719
 10
383.7009119987488
 20
552.3572950363159
 10
383.5414276123047
 20
552.0563049316406
 10
383.31429147720337
 20
551.8351602554321
 10
383.00963592529297
 20
551.6864166259766
 10
382.61759328842163
 20
551.6026296615601
 10
382.1282958984375
 20
551.5763549804688
  0
LINE
  5
231
330
17
100
AcDbEntity
  8
SCHEMATICS
 62
7
100
AcDbLine
 10
382.1282958984375
 20
551.5763549804688
 30
0.0
 11
380.80438232421875
 21
551.5763549804688
 31
0.0
  0
LINE
  5
232
330
17
100
AcDbEntity
  8
SCHEMATICS
 62
7
100
AcDbLine
 10
380.80438232421875
 20
551.5763549804688
 30
0.0
 11
380.80438232421875
 21
558.2236938476562
 31
0.0
  0
LINE
  5
233
330
17
100
AcDbEntity
  8
SCHEMATICS
 62
7
100
AcDbLine
 10
447.0662536621094
 20
566.5883178710938
 30
0.0
 11
448.91107177734375
 21
566.5883178710938
 31
0.0
  0
LINE
  5
234
330
17
100
AcDbEntity
  8
SCHEMATICS
 62
7
100
AcDbLine
 10
448.91107177734375
 20
566.5883178710938
 30
0.0
 11
448.91107177734375
 21
560.595458984375
 31
0.0
  0
LWPOLYLINE
  5
235
330
17
100
AcDbEntity
  8
SCHEMATICS
 62
7
100
AcDbPolyline
 90
9
 70
0
 10
448.91107177734375
 20
560.595458984375
 10
448.9171158671379
 20
560.4555006623268
 10
448.9375548362732
 20
560.3237595558167
 10
448.9758487343788
 20
560.2034546732903
 10
449.035457611084
 20
560.0978050231934
 10
449.1198415160179
 20
560.0100296139717
 10
449.2324604988098
 20
559.943347454071
 10
449.3767746090889
 20
559.9009775519371
 10
449.5562438964844
 20
559.8861389160156
  0
LWPOLYLINE
  5
236
330
17
100
AcDbEntity
  8
SCHEMATICS
 62
7
100
AcDbPolyline
 90
9
 70
0
 10
449.5562438964844
 20
559.8861389160156
 10
449.7232027053833
 20
559.9049937129021
 10
449.8606414794922
 20
559.9575896263123
 10
449.9707975387573
 20
560.0379739403725
 10
450.055908203125
 20
560.140193939209
 10
450.1182107925415
 20
560.2582969069481
 10
450.1599426269531
 20
560.3863301277161
 10
450.18334102630615
 20
560.5183408856392
 10
450.1906433105469
 20
560.6483764648438
  0
LINE
  5
237
330
17
100
AcDbEntity
  8
SCHEMATICS
 62
7
100
AcDbLine
 10
450.1906433105469
 20
560.6483764648438
 30
0.0
 11
450.1906433105469
 21
566.5883178710938
 31
0.0
  0
LINE
  5
238
330
17
100
AcDbEntity
  8
SCHEMATICS
 62
7
100
AcDbLine
 10
450.1906433105469
 20
566.5883178710938
 30
0.0
 11
452.03546142578125
 21
566.5883178710938
 31
0.0
  0
LINE
  5
239
330
17
100
AcDbEntity
  8
SCHEMATICS
 62
7
100
AcDbLine
 10
452.03546142578125
 20
566.5883178710938
 30
0.0
 11
452.03546142578125
 21
560.8389587402344
 31
0.0
  0
LWPOLYLINE
  5
23A
330
17
100
AcDbEntity
  8
SCHEMATICS
 62
7
100
AcDbPolyline
 90
9
 70
0
 10
452.03546142578125
 20
560.8389587402344
 10
452.00607311725616
 20
560.3510603308678
 10
451.91247272491455
 20
559.9006381034851
 10
451.7465070486069
 20
559.4961917996407
 10
451.5000228881836
 20
559.1462211608887
 10
451.1648670434952
 20
558.8592259287834
 10
450.7328863143921
 20
558.6437058448792
 10
450.1959275007248
 20
558.5081606507301
 10
449.54583740234375
 20
558.4610900878906
  0
LWPOLYLINE
  5
23B
330
17
100
AcDbEntity
  8
SCHEMATICS
 62
7
100
AcDbPolyline
 90
9
 70
0
 10
449.54583740234375
 20
558.4610900878906
 10
448.98917734622955
 20
558.4964810609818
 10
448.49700832366943
 20
558.6036615371704
 10
448.0723294019699
 20
558.7841428518295
 10
447.7181396484375
 20
559.039436340332
 10
447.4374381303787
 20
559.3710533380508
 10
447.2332239151001
 20
559.7805051803589
 10
447.10849606990814
 20
560.2693032026291
 10
447.0662536621094
 20
560.8389587402344
  0
LINE
  5
23C
330
17
100
AcDbEntity
  8
SCHEMATICS
 62
7
100
AcDbLine
 10
447.0662536621094
 20
560.8389587402344
 30
0.0
 11
447.0662536621094
 21
566.5883178710938
 31
0.0
  0
LINE
  5
23D
330
17
100
AcDbEntity
  8
SCHEMATICS
 62
7
100
AcDbLine
 10
454.58453369140625
 20
561.3040466308594
 30
0.0
 11
454.58453369140625
 21
560.7420654296875
 31
0.0
  0
LWPOLYLINE
  5
23E
330
17
100
AcDbEntity
  8
SCHEMATICS
 62
7
100
AcDbPolyline
 90
9
 70
0
 10
454.58453369140625
 20
560.7420654296875
 10
454.59204268455505
 20
560.5742676854134
 10
454.61688804626465
 20
560.4155354499817
 10
454.6625473499298
 20
560.2699703574181
 10
454.7324981689453
 20
560.141674041748
 10
454.83021807670593
 20
560.0347481369972
 10
454.95918464660645
 20
559.9532942771912
 10
455.1228754520416
 20
559.9014140963554
 10
455.32476806640625
 20
559.8832092285156
  0
LWPOLYLINE
  5
23F
330
17
100
AcDbEntity
  8
SCHEMATICS
 62
7
100
AcDbPolyline
 90
9
 70
0
 10
455.32476806640625
 20
559.8832092285156
 10
455.47566133737564
 20
559.900864303112
 10
455.6044850349426
 20
559.9508414268494
 10
455.7118403315544
 20
560.0286584496498
 10
455.7983283996582
 20
560.1298332214355
 10
455.8645504117012
 20
560.2498835921288
 10
455.9111075401306
 20
560.3843274116516
 10
455.93860095739365
 20
560.5286825299263
 10
455.9476318359375
 20
560.678466796875
  0
LWPOLYLINE
  5
240
330
17
100
AcDbEntity
  8
SCHEMATICS
 62
7
100
AcDbPolyline
 90
9
 70
0
 10
455.9476318359375
 20
560.678466796875
 10
455.92309671640396
 20
560.9104473590851
 10
455.8542790412903
 20
561.109001159668
 10
455.7483603358269
 20
561.2794768810272
 10
455.61252212524414
 20
561.4272232055664
 10
455.4539459347725
 20
561.5575888156891
 10
455.27981328964233
 20
561.6759223937988
 10
455.0973057150841
 20
561.7875726222992
 10
454.9136047363281
 20
561.8978881835938
  0
LWPOLYLINE
  5
241
330
17
100
AcDbEntity
  8
SCHEMATICS
 62
7
100
AcDbPolyline
 90
9
 70
0
 10
454.9136047363281
 20
561.8978881835938
 10
454.703982591629
 20
562.0202774405479
 10
454.5028533935547
 20
562.1420397758484
 10
454.31083941459656
 20
562.2645509839058
 10
454.1285629272461
 20
562.3891868591309
 10
453.95664620399475
 20
562.5173231959343
 10
453.795711517334
 20
562.6503357887268
 10
453.64638113975525
 20
562.7896004319191
 10
453.50927734375
 20
562.9364929199219
  0
LWPOLYLINE
  5
242
330
17
100
AcDbEntity
  8
SCHEMATICS
 62
7
100
AcDbPolyline
 90
9
 70
0
 10
453.50927734375
 20
562.9364929199219
 10
453.38908886909485
 20
563.0918928384781
 10
453.28252601623535
 20
563.2566576004028
 10
453.1903283596039
 20
563.432301402092
 10
453.1132354736328
 20
563.6203384399414
 10
453.0519869327545
 20
563.822282910347
 10
453.00732231140137
 20
564.0396490097046
 10
452.97998118400574
 20
564.2739509344101
 10
452.970703125
 20
564.5267028808594
  0
LWPOLYLINE
  5
243
330
17
100
AcDbEntity
  8
SCHEMATICS
 62
7
100
AcDbPolyline
 90
9
 70
0
 10
452.970703125
 20
564.5267028808594
 10
453.01208144426346
 20
565.0536318421364
 10
453.13340425491333
 20
565.5116391181946
 10
453.33045333623886
 20
565.9003130793571
 10
453.5990104675293
 20
566.2192420959473
 10
453.9348574280739
 20
566.4680145382881
 10
454.33377599716187
 20
566.6462187767029
 10
454.7915479540825
 20
566.7534431815147
 10
455.303955078125
 20
566.7892761230469
  0
LWPOLYLINE
  5
244
330
17
100
AcDbEntity
  8
SCHEMATICS
 62
7
100
AcDbPolyline
 90
9
 70
0
 10
455.303955078125
 20
566.7892761230469
 10
455.87167900800705
 20
566.7397605776787
 10
456.3638586997986
 20
566.5964674949646
 10
456.77915340662
 20
566.3672772049904
 10
457.1162223815918
 20
566.0600700378418
 10
457.3737248778343
 20
565.6827263236046
 10
457.550320148468
 20
565.2431263923645
 10
457.6446674466133
 20
564.7491505742073
 10
457.6554260253906
 20
564.2086791992188
  0
LINE
  5
245
330
17
100
AcDbEntity
  8
SCHEMATICS
 62
7
100
AcDbLine
 10
457.6554260253906
 20
564.2086791992188
 30
0.0
 11
455.9476318359375
 21
564.2086791992188
 31
0.0
  0
LWPOLYLINE
  5
246
330
17
100
AcDbEntity
  8
SCHEMATICS
 62
7
100
AcDbPolyline
 90
9
 70
0
 10
455.9476318359375
 20
564.2086791992188
 10
455.9402497410774
 20
564.3901142477989
 10
455.92897272109985
 20
564.5784583091736
 10
455.905866086483
 20
564.7647789120674
 10
455.8629951477051
 20
564.9401435852051
 10
455.7924252152443
 20
565.0956198573112
 10
455.68622159957886
 20
565.2222752571106
 10
455.536449611187
 20
565.3111773133278
 10
455.3351745605469
 20
565.3533935546875
  0
LWPOLYLINE
  5
247
330
17
100
AcDbEntity
  8
SCHEMATICS
 62
7
100
AcDbPolyline
 90
9
 70
0
 10
455.3351745605469
 20
565.3533935546875
 10
455.20029562711716
 20
565.354231595993
 10
455.080518245697
 20
565.3333759307861
 10
454.976072371006
 20
565.2920954227448
 10
454.8871879577637
 20
565.2316589355469
 10
454.81409496068954
 20
565.1533353328705
 10
454.7570233345032
 20
565.0583934783936
 10
454.7162030339241
 20
564.9481022357941
 10
454.6918640136719
 20
564.82373046875
  0
LWPOLYLINE
  5
248
330
17
100
AcDbEntity
  8
SCHEMATICS
 62
7
100
AcDbPolyline
 90
9
 70
0
 10
454.6918640136719
 20
564.82373046875
 10
454.6856315732002
 20
564.6551895737648
 10
454.70515298843384
 20
564.5056977272034
 10
454.74843019247055
 20
564.3723914027214
 10
454.8134651184082
 20
564.2524070739746
 10
454.89825969934464
 20
564.1428812146187
 10
455.0008158683777
 20
564.0409502983093
 10
455.1191355586052
 20
563.9437507987022
 10
455.251220703125
 20
563.8484191894531
  0
LWPOLYLINE
  5
249
330
17
100
AcDbEntity
  8
SCHEMATICS
 62
7
100
AcDbPolyline
 90
9
 70
0
 10
455.251220703125
 20
563.8484191894531
 10
455.5077409148216
 20
563.688678920269
 10
455.75442457199097
 20
563.5413966178894
 10
455.9904187321663
 20
563.4030914902687
 10
456.21487045288086
 20
563.2702827453613
 10
456.42692679166794
 20
563.1394895911217
 10
456.6257348060608
 20
563.0072312355042
 10
456.8104415535927
 20
562.8700268864632
 10
456.9801940917969
 20
562.7243957519531
  0
LWPOLYLINE
  5
24A
330
17
100
AcDbEntity
  8
SCHEMATICS
 62
7
100
AcDbPolyline
 90
9
 70
0
 10
456.9801940917969
 20
562.7243957519531
 10
457.13367080688477
 20
562.5668159127235
 10
457.26955223083496
 20
562.3936696052551
 10
457.38695430755615
 20
562.2013666033745
 10
457.48499298095703
 20
561.9863166809082
 10
457.5627841949463
 20
561.7449296116829
 10
457.6194438934326
 20
561.4736151695251
 10
457.6540880203247
 20
561.1687831282616
 10
457.66583251953125
 20
560.8268432617188
  0
LWPOLYLINE
  5
24B
330
17
100
AcDbEntity
  8
SCHEMATICS
 62
7
100
AcDbPolyline
 90
9
 70
0
 10
457.66583251953125
 20
560.8268432617188
 10
457.62656474113464
 20
560.2857397794724
 10
457.509916305542
 20
559.8102045059204
 10
457.31761956214905
 20
559.4022651910782
 10
457.05140686035156
 20
559.0639495849609
 10
456.7130105495453
 20
558.7972854375839
 10
456.304162979126
 20
558.6043004989624
 10
455.8265964984894
 20
558.4870225191116
 10
455.28204345703125
 20
558.4474792480469
  0
LWPOLYLINE
  5
24C
330
17
100
AcDbEntity
  8
SCHEMATICS
 62
7
100
AcDbPolyline
 90
9
 70
0
 10
455.28204345703125
 20
558.4474792480469
 10
454.68967854976654
 20
558.49065554142
 10
454.18635082244873
 20
558.6134405136108
 10
453.7689610719681
 20
558.8057183027267
 10
453.43441009521484
 20
559.057373046875
 10
453.1795986890793
 20
559.3582888841629
 10
453.00142765045166
 20
559.6983499526978
 10
452.89679777622223
 20
560.0674403905869
 10
452.86260986328125
 20
560.4554443359375
  0
LINE
  5
24D
330
17
100
AcDbEntity
  8
SCHEMATICS
 62
7
100
AcDbLine
 10
452.86260986328125
 20
560.4554443359375
 30
0.0
 11
452.86260986328125
 21
561.3040466308594
 31
0.0
  0
LINE
  5
24E
330
17
100
AcDbEntity
  8
SCHEMATICS
 62
7
100
AcDbLine
 10
452.86260986328125
 20
561.3040466308594
 30
0.0
 11
454.58453369140625
 21
561.3040466308594
 31
0.0
  0
LWPOLYLINE
  5
24F
330
17
100
AcDbEntity
  8
SCHEMATICS
 62
7
100
AcDbPolyline
 90
9
 70
0
 10
429.82098388671875
 20
554.3780822753906
 10
427.3155906200409
 20
554.6325361728668
 10
424.98203468322754
 20
555.3623161315918
 10
422.87031388282776
 20
556.5170495510101
 10
421.0304260253906
 20
558.0463638305664
 10
419.5123689174652
 20
559.8998863697052
 10
418.3661403656006
 20
562.0272445678711
 10
417.6417381763458
 20
564.3780658245087
 10
417.38916015625
 20
566.9019775390625
  0
LWPOLYLINE
  5
250
330
17
100
AcDbEntity
  8
SCHEMATICS
 62
7
100
AcDbPolyline
 90
9
 70
0
 10
417.38916015625
 20
566.9019775390625
 10
417.6417381763458
 20
569.4259681105614
 10
418.3661403656006
 20
571.7768263816833
 10
419.5123689174652
 20
573.9041894078255
 10
421.0304260253906
 20
575.7576942443848
 10
422.87031388282776
 20
577.2869779467583
 10
424.98203468322754
 20
578.441677570343
 10
427.3155906200409
 20
579.171430170536
 10
429.82098388671875
 20
579.4258728027344
  0
LWPOLYLINE
  5
251
330
17
100
AcDbEntity
  8
SCHEMATICS
 62
7
100
AcDbPolyline
 90
9
 70
0
 10
429.82098388671875
 20
579.4258728027344
 10
432.3264463543892
 20
579.171430170536
 10
434.66005182266235
 20
578.441677570343
 10
436.77180570364
 20
577.2869779467583
 10
438.6117134094238
 20
575.7576942443848
 10
440.12978035211563
 20
573.9041894078255
 10
441.27601194381714
 20
571.7768263816833
 10
442.0004135966301
 20
569.4259681105614
 10
442.25299072265625
 20
566.9019775390625
  0
LWPOLYLINE
  5
252
330
17
100
AcDbEntity
  8
SCHEMATICS
 62
7
100
AcDbPolyline
 90
9
 70
0
 10
442.25299072265625
 20
566.9019775390625
 10
442.0004135966301
 20
564.3780658245087
 10
441.27601194381714
 20
562.0272445678711
 10
440.12978035211563
 20
559.8998863697052
 10
438.6117134094238
 20
558.0463638305664
 10
436.77180570364
 20
556.5170495510101
 10
434.66005182266235
 20
555.3623161315918
 10
432.3264463543892
 20
554.6325361728668
 10
429.82098388671875
 20
554.3780822753906
  0
LWPOLYLINE
  5
253
330
17
100
AcDbEntity
  8
SCHEMATICS
 62
7
100
AcDbPolyline
 90
9
 70
0
 10
429.82098388671875
 20
582.2799072265625
 10
426.7444309592247
 20
581.9674528837204
 10
423.8789038658142
 20
581.0713205337524
 10
421.28579407930374
 20
579.6533561944962
 10
419.02649307250977
 20
577.7754058837891
 10
417.16239231824875
 20
575.4993156194687
 10
415.75488328933716
 20
572.8869314193726
 10
414.86535745859146
 20
570.0000993013382
 10
414.5552062988281
 20
566.9006652832031
  0
LWPOLYLINE
  5
254
330
17
100
AcDbEntity
  8
SCHEMATICS
 62
7
100
AcDbPolyline
 90
9
 70
0
 10
414.5552062988281
 20
566.9006652832031
 10
414.86535745859146
 20
563.8013942241669
 10
415.75488328933716
 20
560.9146499633789
 10
417.16239231824875
 20
558.3022949695587
 10
419.02649307250977
 20
556.0261917114258
 10
421.28579407930374
 20
554.1482026576996
 10
423.8789038658142
 20
552.7301902770996
 10
426.7444309592247
 20
551.8340170383453
 10
429.82098388671875
 20
551.5215454101562
  0
LWPOLYLINE
  5
255
330
17
100
AcDbEntity
  8
SCHEMATICS
 62
7
100
AcDbPolyline
 90
9
 70
0
 10
429.82098388671875
 20
551.5215454101562
 10
432.89773565530777
 20
551.8340170383453
 10
435.7634072303772
 20
552.7301902770996
 10
438.3566157221794
 20
554.1482026576996
 10
440.6159782409668
 20
556.0261917114258
 10
442.48011189699173
 20
558.3022949695587
 10
443.8876338005066
 20
560.9146499633789
 10
444.77716106176376
 20
563.8013942241669
 10
445.0873107910156
 20
566.9006652832031
  0
LWPOLYLINE
  5
256
330
17
100
AcDbEntity
  8
SCHEMATICS
 62
7
100
AcDbPolyline
 90
9
 70
0
 10
445.0873107910156
 20
566.9006652832031
 10
444.77716106176376
 20
570.0000993013382
 10
443.8876338005066
 20
572.8869314193726
 10
442.48011189699173
 20
575.4993156194687
 10
440.6159782409668
 20
577.7754058837891
 10
438.3566157221794
 20
579.6533561944962
 10
435.7634072303772
 20
581.0713205337524
 10
432.89773565530777
 20
581.9674528837204
 10
429.82098388671875
 20
582.2799072265625
  0
LINE
  5
257
330
17
100
AcDbEntity
  8
SCHEMATICS
 62
7
100
AcDbLine
 10
422.3738708496094
 20
575.1487731933594
 30
0.0
 11
425.1888732910156
 21
575.1487731933594
 31
0.0
  0
LINE
  5
258
330
17
100
AcDbEntity
  8
SCHEMATICS
 62
7
100
AcDbLine
 10
425.1888732910156
 20
575.1487731933594
 30
0.0
 11
425.1888732910156
 21
566.01171875
 31
0.0
  0
LWPOLYLINE
  5
259
330
17
100
AcDbEntity
  8
SCHEMATICS
 62
7
100
AcDbPolyline
 90
9
 70
0
 10
425.1888732910156
 20
566.01171875
 10
425.198024392128
 20
565.7982062101364
 10
425.228985786438
 20
565.5972356796265
 10
425.28701961040497
 20
565.4137159585953
 10
425.3773880004883
 20
565.252555847168
 10
425.5053530931473
 20
565.1186641454697
 10
425.6761770248413
 20
565.0169496536255
 10
425.8951219320297
 20
564.9523211717606
 10
426.1674499511719
 20
564.9296875
  0
LWPOLYLINE
  5
25A
330
17
100
AcDbEntity
  8
SCHEMATICS
 62
7
100
AcDbPolyline
 90
9
 70
0
 10
426.1674499511719
 20
564.9296875
 10
426.4206672310829
 20
564.9584562778473
 10
426.6291584968567
 20
565.0387020111084
 10
426.7963029742241
 20
565.1613337993622
 10
426.925479888916
 20
565.3172607421875
 10
427.02006846666336
 20
565.4973919391632
 10
427.083447933197
 20
565.6926364898682
 10
427.1189975142479
 20
565.8939034938812
 10
427.1300964355469
 20
566.0921020507812
  0
LINE
  5
25B
330
17
100
AcDbEntity
  8
SCHEMATICS
 62
7
100
AcDbLine
 10
427.1300964355469
 20
566.0921020507812
 30
0.0
 11
427.1300964355469
 21
575.1487731933594
 31
0.0
  0
LINE
  5
25C
330
17
100
AcDbEntity
  8
SCHEMATICS
 62
7
100
AcDbLine
 10
427.1300964355469
 20
575.1487731933594
 30
0.0
 11
429.94549560546875
 21
575.1487731933594
 31
0.0
  0
LINE
  5
25D
330
17
100
AcDbEntity
  8
SCHEMATICS
 62
7
100
AcDbLine
 10
429.94549560546875
 20
575.1487731933594
 30
0.0
 11
429.94549560546875
 21
566.3829650878906
 31
0.0
  0
LWPOLYLINE
  5
25E
330
17
100
AcDbEntity
  8
SCHEMATICS
 62
7
100
AcDbPolyline
 90
9
 70
0
 10
429.94549560546875
 20
566.3829650878906
 10
429.90068995952606
 20
565.6380062103271
 10
429.75800228118896
 20
564.9499359130859
 10
429.5050264596939
 20
564.3318347930908
 10
429.12935638427734
 20
563.7967834472656
 10
428.6185859441757
 20
563.3578624725342
 10
427.9603090286255
 20
563.0281524658203
 10
427.1421195268631
 20
562.8207340240479
 10
426.151611328125
 20
562.7486877441406
  0
LWPOLYLINE
  5
25F
330
17
100
AcDbEntity
  8
SCHEMATICS
 62
7
100
AcDbPolyline
 90
9
 70
0
 10
426.151611328125
 20
562.7486877441406
 10
425.30406349897385
 20
562.8028272390366
 10
424.5544810295105
 20
562.966757774353
 10
423.9074998497963
 20
563.242747426033
 10
423.3677558898926
 20
563.6330642700195
 10
422.9398850798607
 20
564.1399763822556
 10
422.62852334976196
 20
564.7657518386841
 10
422.43830662965775
 20
565.5126587152481
 10
422.3738708496094
 20
566.3829650878906
  0
LINE
  5
260
330
17
100
AcDbEntity
  8
SCHEMATICS
 62
7
100
AcDbLine
 10
422.3738708496094
 20
566.3829650878906
 30
0.0
 11
422.3738708496094
 21
575.1487731933594
 31
0.0
  0
LINE
  5
261
330
17
100
AcDbEntity
  8
SCHEMATICS
 62
7
100
AcDbLine
 10
431.053955078125
 20
558.6509399414062
 30
0.0
 11
431.053955078125
 21
570.7692260742188
 31
0.0
  0
LINE
  5
262
330
17
100
AcDbEntity
  8
SCHEMATICS
 62
7
100
AcDbLine
 10
431.053955078125
 20
570.7692260742188
 30
0.0
 11
433.8694763183594
 21
570.7692260742188
 31
0.0
  0
LINE
  5
263
330
17
100
AcDbEntity
  8
SCHEMATICS
 62
7
100
AcDbLine
 10
433.8694763183594
 20
570.7692260742188
 30
0.0
 11
433.8694763183594
 21
561.0786437988281
 31
0.0
  0
LINE
  5
264
330
17
100
AcDbEntity
  8
SCHEMATICS
 62
7
100
AcDbLine
 10
433.8694763183594
 20
561.0786437988281
 30
0.0
 11
437.31573486328125
 21
561.0786437988281
 31
0.0
  0
LINE
  5
265
330
17
100
AcDbEntity
  8
SCHEMATICS
 62
7
100
AcDbLine
 10
437.31573486328125
 20
561.0786437988281
 30
0.0
 11
437.31573486328125
 21
558.6509399414062
 31
0.0
  0
LINE
  5
266
330
17
100
AcDbEntity
  8
SCHEMATICS
 62
7
100
AcDbLine
 10
437.31573486328125
 20
558.6509399414062
 30
0.0
 11
431.053955078125
 21
558.6509399414062
 31
0.0
  0
LINE
  5
267
330
17
100
AcDbEntity
  8
SCHEMATICS
 62
7
100
AcDbLine
 10
425.8069152832031
 20
560.2291870117188
 30
0.0
 11
426.1687316894531
 21
560.2291870117188
 31
0.0
  0
LWPOLYLINE
  5
268
330
17
100
AcDbEntity
  8
SCHEMATICS
 62
7
100
AcDbPolyline
 90
9
 70
0
 10
426.1687316894531
 20
560.2291870117188
 10
426.25269627571106
 20
560.221929192543
 10
426.3218593597412
 20
560.2011880874634
 10
426.37733244895935
 20
560.1685122251511
 10
426.42022705078125
 20
560.1254501342773
 10
426.4516546726227
 20
560.0735503435135
 10
426.4727268218994
 20
560.0143613815308
 10
426.4845550060272
 20
559.9494317770004
 10
426.4882507324219
 20
559.8803100585938
  0
LWPOLYLINE
  5
269
330
17
100
AcDbEntity
  8
SCHEMATICS
 62
7
100
AcDbPolyline
 90
9
 70
0
 10
426.4882507324219
 20
559.8803100585938
 10
426.4891982078552
 20
559.8286448717117
 10
426.4920768737793
 20
559.7694444656372
 10
426.4969410896301
 20
559.705295920372
 10
426.50384521484375
 20
559.638786315918
 10
426.5128436088562
 20
559.5725027322769
 10
426.5239906311035
 20
559.5090322494507
 10
426.53734064102173
 20
559.4509619474411
 10
426.5529479980469
 20
559.40087890625
  0
LINE
  5
26A
330
17
100
AcDbEntity
  8
SCHEMATICS
 62
7
100
AcDbLine
 10
426.5529479980469
 20
559.40087890625
 30
0.0
 11
426.7952575683594
 21
559.40087890625
 31
0.0
  0
LINE
  5
26B
330
17
100
AcDbEntity
  8
SCHEMATICS
 62
7
100
AcDbLine
 10
426.7952575683594
 20
559.40087890625
 30
0.0
 11
426.7952575683594
 21
559.4435729980469
 31
0.0
  0
LWPOLYLINE
  5
26C
330
17
100
AcDbEntity
  8
SCHEMATICS
 62
7
100
AcDbPolyline
 90
9
 70
0
 10
426.7952575683594
 20
559.4435729980469
 10
426.77812027931213
 20
559.4472097754478
 10
426.76393699645996
 20
559.457097530365
 10
426.7523829936981
 20
559.4717023968697
 10
426.7431335449219
 20
559.4894905090332
 10
426.7358639240265
 20
559.508928000927
 10
426.7302494049072
 20
559.5284810066223
 10
426.72596526145935
 20
559.5466156601906
 10
426.7226867675781
 20
559.5617980957031
  0
LWPOLYLINE
  5
26D
330
17
100
AcDbEntity
  8
SCHEMATICS
 62
7
100
AcDbPolyline
 90
9
 70
0
 10
426.7226867675781
 20
559.5617980957031
 10
426.71557807922363
 20
559.614331305027
 10
426.70913314819336
 20
559.6667275428772
 10
426.7033233642578
 20
559.7190415263176
 10
426.6981201171875
 20
559.7713279724121
 10
426.69349479675293
 20
559.8236415982246
 10
426.6894187927246
 20
559.8760371208191
 10
426.68586349487305
 20
559.9285692572594
 10
426.68280029296875
 20
559.9812927246094
  0
LWPOLYLINE
  5
26E
330
17
100
AcDbEntity
  8
SCHEMATICS
 62
7
100
AcDbPolyline
 90
9
 70
0
 10
426.68280029296875
 20
559.9812927246094
 10
426.66989690065384
 20
560.067387342453
 10
426.6524033546448
 20
560.1386947631836
 10
426.62853330373764
 20
560.1965839862823
 10
426.5965003967285
 20
560.2424240112305
 10
426.5545182824135
 20
560.2775838375092
 10
426.5008006095886
 20
560.3034324645996
 10
426.43356102705
 20
560.321338891983
 10
426.35101318359375
 20
560.3326721191406
  0
LINE
  5
26F
330
17
100
AcDbEntity
  8
SCHEMATICS
 62
7
100
AcDbLine
 10
426.35101318359375
 20
560.3326721191406
 30
0.0
 11
426.35101318359375
 21
560.3377685546875
 31
0.0
  0
LWPOLYLINE
  5
270
330
17
100
AcDbEntity
  8
SCHEMATICS
 62
7
100
AcDbPolyline
 90
9
 70
0
 10
426.35101318359375
 20
560.3377685546875
 10
426.4284500479698
 20
560.3551414608955
 10
426.4976496696472
 20
560.383722782135
 10
426.5580824017525
 20
560.4227446913719
 10
426.6092185974121
 20
560.4714393615723
 10
426.65052860975266
 20
560.5290389657021
 10
426.68148279190063
 20
560.5947756767273
 10
426.7015514969826
 20
560.667881667614
 10
426.710205078125
 20
560.7475891113281
  0
LWPOLYLINE
  5
271
330
17
100
AcDbEntity
  8
SCHEMATICS
 62
7
100
AcDbPolyline
 90
9
 70
0
 10
426.710205078125
 20
560.7475891113281
 10
426.7028439640999
 20
560.8955904841423
 10
426.67233324050903
 20
561.0151572227478
 10
426.62007373571396
 20
561.1089711785316
 10
426.5474662780762
 20
561.1797142028809
 10
426.4559116959572
 20
561.2300681471825
 10
426.3468108177185
 20
561.2627148628235
 10
426.22156447172165
 20
561.280336201191
 10
426.0815734863281
 20
561.2856140136719
  0
LINE
  5
272
330
17
100
AcDbEntity
  8
SCHEMATICS
 62
7
100
AcDbLine
 10
426.0815734863281
 20
561.2856140136719
 30
0.0
 11
425.59942626953125
 21
561.2856140136719
 31
0.0
  0
LINE
  5
273
330
17
100
AcDbEntity
  8
SCHEMATICS
 62
7
100
AcDbLine
 10
425.59942626953125
 20
561.2856140136719
 30
0.0
 11
425.59942626953125
 21
559.40087890625
 31
0.0
  0
LINE
  5
274
330
17
100
AcDbEntity
  8
SCHEMATICS
 62
7
100
AcDbLine
 10
425.59942626953125
 20
559.40087890625
 30
0.0
 11
425.8069152832031
 21
559.40087890625
 31
0.0
  0
LINE
  5
275
330
17
100
AcDbEntity
  8
SCHEMATICS
 62
7
100
AcDbLine
 10
425.8069152832031
 20
559.40087890625
 30
0.0
 11
425.8069152832031
 21
560.2291870117188
 31
0.0
  0
LINE
  5
276
330
17
100
AcDbEntity
  8
SCHEMATICS
 62
7
100
AcDbLine
 10
425.8069152832031
 20
561.0970764160156
 30
0.0
 11
426.0988464355469
 21
561.0970764160156
 31
0.0
  0
LWPOLYLINE
  5
277
330
17
100
AcDbEntity
  8
SCHEMATICS
 62
7
100
AcDbPolyline
 90
9
 70
0
 10
426.0988464355469
 20
561.0970764160156
 10
426.1558464169502
 20
561.0961048007011
 10
426.21916246414185
 20
561.0907855033875
 10
426.28457921743393
 20
561.0775118470192
 10
426.3478813171387
 20
561.052677154541
 10
426.40485340356827
 20
561.0126747488976
 10
426.4512801170349
 20
560.9538979530334
 10
426.4829460978508
 20
560.8727400898933
 10
426.4956359863281
 20
560.7655944824219
  0
LWPOLYLINE
  5
278
330
17
100
AcDbEntity
  8
SCHEMATICS
 62
7
100
AcDbPolyline
 90
9
 70
0
 10
426.4956359863281
 20
560.7655944824219
 10
426.48558562994003
 20
560.6562433838844
 10
426.4550127983093
 20
560.5728192329407
 10
426.40915566682816
 20
560.5117861628532
 10
426.3532524108887
 20
560.4696083068848
 10
426.292541205883
 20
560.4427497982979
 10
426.23226022720337
 20
560.4276747703552
 10
426.17764765024185
 20
560.4208473563194
 10
426.1339416503906
 20
560.4187316894531
  0
LINE
  5
279
330
17
100
AcDbEntity
  8
SCHEMATICS
 62
7
100
AcDbLine
 10
426.1339416503906
 20
560.4187316894531
 30
0.0
 11
425.8069152832031
 21
560.4187316894531
 31
0.0
  0
LINE
  5
27A
330
17
100
AcDbEntity
  8
SCHEMATICS
 62
7
100
AcDbLine
 10
425.8069152832031
 20
560.4187316894531
 30
0.0
 11
425.8069152832031
 21
561.0970764160156
 31
0.0
  0
LWPOLYLINE
  5
27B
330
17
100
AcDbEntity
  8
SCHEMATICS
 62
7
100
AcDbPolyline
 90
9
 70
0
 10
424.65655517578125
 20
560.3436279296875
 10
424.6872354745865
 20
560.6492698192596
 10
424.77520275115967
 20
560.9340934753418
 10
424.914346575737
 20
561.1919548511505
 10
425.0985565185547
 20
561.4167098999023
 10
425.32172214984894
 20
561.6022145748138
 10
425.57773303985596
 20
561.7423248291016
 10
425.86047875881195
 20
561.830896615982
 10
426.1638488769531
 20
561.8617858886719
  0
LWPOLYLINE
  5
27C
330
17
100
AcDbEntity
  8
SCHEMATICS
 62
7
100
AcDbPolyline
 90
9
 70
0
 10
426.1638488769531
 20
561.8617858886719
 10
426.46730613708496
 20
561.830896615982
 10
426.75012969970703
 20
561.7423248291016
 10
427.0062084197998
 20
561.6022145748138
 10
427.22943115234375
 20
561.4167098999023
 10
427.41368675231934
 20
561.1919548511505
 10
427.55286407470703
 20
560.9340934753418
 10
427.6408519744873
 20
560.6492698192596
 10
427.6715393066406
 20
560.3436279296875
  0
LWPOLYLINE
  5
27D
330
17
100
AcDbEntity
  8
SCHEMATICS
 62
7
100
AcDbPolyline
 90
9
 70
0
 10
427.6715393066406
 20
560.3436279296875
 10
427.6408519744873
 20
560.0378603935242
 10
427.55286407470703
 20
559.7528953552246
 10
427.41368675231934
 20
559.4948868751526
 10
427.22943115234375
 20
559.2699890136719
 10
427.0062084197998
 20
559.0843558311462
 10
426.75012969970703
 20
558.9441413879395
 10
426.46730613708496
 20
558.8554997444153
 10
426.1638488769531
 20
558.8245849609375
  0
LWPOLYLINE
  5
27E
330
17
100
AcDbEntity
  8
SCHEMATICS
 62
7
100
AcDbPolyline
 90
9
 70
0
 10
426.1638488769531
 20
558.8245849609375
 10
425.86047875881195
 20
558.8554997444153
 10
425.57773303985596
 20
558.9441413879395
 10
425.32172214984894
 20
559.0843558311462
 10
425.0985565185547
 20
559.2699890136719
 10
424.914346575737
 20
559.4948868751526
 10
424.77520275115967
 20
559.7528953552246
 10
424.6872354745865
 20
560.0378603935242
 10
424.65655517578125
 20
560.3436279296875
  0
LWPOLYLINE
  5
27F
330
17
100
AcDbEntity
  8
SCHEMATICS
 62
7
100
AcDbPolyline
 90
9
 70
0
 10
424.43310546875
 20
560.3436279296875
 10
424.4683277606964
 20
559.9925667643547
 10
424.56932067871094
 20
559.6654105186462
 10
424.7290732860565
 20
559.3692184090614
 10
424.9405746459961
 20
559.1110496520996
 10
425.1968138217926
 20
558.8979634642601
 10
425.490779876709
 20
558.7370190620422
 10
425.8154618740082
 20
558.6352756619453
 10
426.1638488769531
 20
558.5997924804688
  0
LWPOLYLINE
  5
280
330
17
100
AcDbEntity
  8
SCHEMATICS
 62
7
100
AcDbPolyline
 90
9
 70
0
 10
426.1638488769531
 20
558.5997924804688
 10
426.5122726559639
 20
558.6352756619453
 10
426.83699464797974
 20
558.7370190620422
 10
427.1310014128685
 20
558.8979634642601
 10
427.38727951049805
 20
559.1110496520996
 10
427.59881550073624
 20
559.3692184090614
 10
427.7585959434509
 20
559.6654105186462
 10
427.85960739851
 20
559.9925667643547
 10
427.89483642578125
 20
560.3436279296875
  0
LWPOLYLINE
  5
281
330
17
100
AcDbEntity
  8
SCHEMATICS
 62
7
100
AcDbPolyline
 90
9
 70
0
 10
427.89483642578125
 20
560.3436279296875
 10
427.85960739851
 20
560.6946672201157
 10
427.7585959434509
 20
561.0217847824097
 10
427.59881550073624
 20
561.317927479744
 10
427.38727951049805
 20
561.576042175293
 10
427.1310014128685
 20
561.7890757322311
 10
426.83699464797974
 20
561.9499750137329
 10
426.5122726559639
 20
562.0516868829727
 10
426.1638488769531
 20
562.087158203125
  0
LWPOLYLINE
  5
282
330
17
100
AcDbEntity
  8
SCHEMATICS
 62
7
100
AcDbPolyline
 90
9
 70
0
 10
426.1638488769531
 20
562.087158203125
 10
425.8154618740082
 20
562.0516868829727
 10
425.490779876709
 20
561.9499750137329
 10
425.1968138217926
 20
561.7890757322311
 10
424.9405746459961
 20
561.576042175293
 10
424.7290732860565
 20
561.317927479744
 10
424.56932067871094
 20
561.0217847824097
 10
424.4683277606964
 20
560.6946672201157
 10
424.43310546875
 20
560.3436279296875
  0
LINE
  5
283
330
17
100
AcDbEntity
  8
SCHEMATICS
 62
7
100
AcDbLine
 10
410.6599426269531
 20
563.8033752441406
 30
0.0
 11
410.6599426269531
 21
564.3110046386719
 31
0.0
  0
LWPOLYLINE
  5
284
330
17
100
AcDbEntity
  8
SCHEMATICS
 62
7
100
AcDbPolyline
 90
9
 70
0
 10
410.6599426269531
 20
564.3110046386719
 10
410.64892530441284
 20
564.549223780632
 10
410.6169624328613
 20
564.7565088272095
 10
410.5656876564026
 20
564.932604432106
 10
410.4967346191406
 20
565.0772552490234
 10
410.41173696517944
 20
565.1902059316635
 10
410.31232833862305
 20
565.271201133728
 10
410.20014238357544
 20
565.3199855089188
 10
410.0768127441406
 20
565.3363037109375
  0
LWPOLYLINE
  5
285
330
17
100
AcDbEntity
  8
SCHEMATICS
 62
7
100
AcDbPolyline
 90
9
 70
0
 10
410.0768127441406
 20
565.3363037109375
 10
409.880116045475
 20
565.3251673579216
 10
409.7212567329407
 20
565.2847666740417
 10
409.596656024456
 20
565.216596186161
 10
409.50273513793945
 20
565.1221504211426
 10
409.43591529130936
 20
565.0029239058495
 10
409.39261770248413
 20
564.8604111671448
 10
409.3692635893822
 20
564.6961067318916
 10
409.3622741699219
 20
564.5115051269531
  0
LINE
  5
286
330
17
100
AcDbEntity
  8
SCHEMATICS
 62
7
100
AcDbLine
 10
409.3622741699219
 20
564.5115051269531
 30
0.0
 11
409.3514099121094
 21
560.5894775390625
 31
0.0
  0
LWPOLYLINE
  5
287
330
17
100
AcDbEntity
  8
SCHEMATICS
 62
7
100
AcDbPolyline
 90
9
 70
0
 10
409.3514099121094
 20
560.5894775390625
 10
409.36004692316055
 20
560.4316202998161
 10
409.38693475723267
 20
560.2916140556335
 10
409.4335386157036
 20
560.1704440712929
 10
409.5013236999512
 20
560.0690956115723
 10
409.5917552113533
 20
559.9885539412498
 10
409.70629835128784
 20
559.9298043251038
 10
409.84641832113266
 20
559.8938320279121
 10
410.0135803222656
 20
559.8816223144531
  0
LWPOLYLINE
  5
288
330
17
100
AcDbEntity
  8
SCHEMATICS
 62
7
100
AcDbPolyline
 90
9
 70
0
 10
410.0135803222656
 20
559.8816223144531
 10
410.22405683994293
 20
559.9107264280319
 10
410.38645458221436
 20
559.9915971755981
 10
410.50694262981415
 20
560.1145721673965
 10
410.59169006347656
 20
560.2699890136719
 10
410.64686596393585
 20
560.4481853246689
 10
410.67863941192627
 20
560.6394987106323
 10
410.69317948818207
 20
560.834266781807
 10
410.6966552734375
 20
561.0228271484375
  0
LINE
  5
289
330
17
100
AcDbEntity
  8
SCHEMATICS
 62
7
100
AcDbLine
 10
410.6966552734375
 20
561.0228271484375
 30
0.0
 11
410.6966552734375
 21
561.741943359375
 31
0.0
  0
LINE
  5
28A
330
17
100
AcDbEntity
  8
SCHEMATICS
 62
7
100
AcDbLine
 10
410.6966552734375
 20
561.741943359375
 30
0.0
 11
412.5433044433594
 21
561.741943359375
 31
0.0
  0
LINE
  5
28B
330
17
100
AcDbEntity
  8
SCHEMATICS
 62
7
100
AcDbLine
 10
412.5433044433594
 20
561.741943359375
 30
0.0
 11
412.5433044433594
 21
560.7692565917969
 31
0.0
  0
LWPOLYLINE
  5
28C
330
17
100
AcDbEntity
  8
SCHEMATICS
 62
7
100
AcDbPolyline
 90
9
 70
0
 10
412.5433044433594
 20
560.7692565917969
 10
412.5062435269356
 20
560.2773817181587
 10
412.39241456985474
 20
559.8304123878479
 10
412.1978482604027
 20
559.4347218871117
 10
411.91857528686523
 20
559.0966835021973
 10
411.55062633752823
 20
558.822670519352
 10
411.0900321006775
 20
558.619056224823
 10
410.53282326459885
 20
558.4922139048576
 10
409.8750305175781
 20
558.4485168457031
  0
LWPOLYLINE
  5
28D
330
17
100
AcDbEntity
  8
SCHEMATICS
 62
7
100
AcDbPolyline
 90
9
 70
0
 10
409.8750305175781
 20
558.4485168457031
 10
409.285945892334
 20
558.490887761116
 10
408.7897472381592
 20
558.6163949966431
 10
408.38201427459717
 20
558.8226302862167
 10
408.0583267211914
 20
559.1071853637695
 10
407.81426429748535
 20
559.467651963234
 10
407.64540672302246
 20
559.9016218185425
 10
407.5473337173462
 20
560.4066866636276
 10
407.515625
 20
560.9804382324219
  0
LINE
  5
28E
330
17
100
AcDbEntity
  8
SCHEMATICS
 62
7
100
AcDbLine
 10
407.515625
 20
560.9804382324219
 30
0.0
 11
407.515625
 21
564.2367248535156
 31
0.0
  0
LWPOLYLINE
  5
28F
330
17
100
AcDbEntity
  8
SCHEMATICS
 62
7
100
AcDbPolyline
 90
9
 70
0
 10
407.515625
 20
564.2367248535156
 10
407.5527297258377
 20
564.841156065464
 10
407.66493701934814
 20
565.3607068061829
 10
407.8535865545273
 20
565.7966992259026
 10
408.1200180053711
 20
566.1504554748535
 10
408.46557104587555
 20
566.4232977032661
 10
408.8915853500366
 20
566.6165480613708
 10
409.3994005918503
 20
566.731528699398
 10
409.9903564453125
 20
566.7695617675781
  0
LWPOLYLINE
  5
290
330
17
100
AcDbEntity
  8
SCHEMATICS
 62
7
100
AcDbPolyline
 90
9
 70
0
 10
409.9903564453125
 20
566.7695617675781
 10
410.54990869760513
 20
566.7371921539307
 10
411.0468735694885
 20
566.6380405426025
 10
411.4775463938713
 20
566.4690427780151
 10
411.8382225036621
 20
566.2271347045898
 10
412.12519723176956
 20
565.909252166748
 10
412.3347659111023
 20
565.5123310089111
 10
412.46322387456894
 20
565.0333070755005
 10
412.5068664550781
 20
564.4691162109375
  0
LINE
  5
291
330
17
100
AcDbEntity
  8
SCHEMATICS
 62
7
100
AcDbLine
 10
412.5068664550781
 20
564.4691162109375
 30
0.0
 11
412.5068664550781
 21
563.8033752441406
 31
0.0
  0
LINE
  5
292
330
17
100
AcDbEntity
  8
SCHEMATICS
 62
7
100
AcDbLine
 10
412.5068664550781
 20
563.8033752441406
 30
0.0
 11
410.6599426269531
 21
563.8033752441406
 31
0.0
  0
LWPOLYLINE
  5
293
330
17
100
AcDbEntity
  8
SCHEMATICS
 62
7
100
AcDbPolyline
 90
9
 70
0
 10
153.62010192871094
 20
534.5986328125
 10
154.47063767910004
 20
534.4280497431755
 10
155.2881565093994
 20
533.9305300712585
 10
156.06584417819977
 20
533.1274181008339
 10
156.7968864440918
 20
532.0400581359863
 10
157.4744690656662
 20
530.6897944808006
 10
158.09177780151367
 20
529.0979714393616
 10
158.64199841022491
 20
527.2859333157539
 10
159.11831665039062
 20
525.2750244140625
  0
LWPOLYLINE
  5
294
330
17
100
AcDbEntity
  8
SCHEMATICS
 62
7
100
AcDbPolyline
 90
9
 70
0
 10
159.11831665039062
 20
525.2750244140625
 10
158.6619404554367
 20
527.6239487528801
 10
158.12438488006592
 20
529.7454771995544
 10
157.51325380802155
 20
531.6131663918495
 10
156.83615112304688
 20
533.2005729675293
 10
156.1006807088852
 20
534.4812535643578
 10
155.31444644927979
 20
535.4287648200989
 10
154.48505222797394
 20
536.0166633725166
 10
153.62010192871094
 20
536.218505859375
  0
LWPOLYLINE
  5
295
330
17
100
AcDbEntity
  8
SCHEMATICS
 62
7
100
AcDbPolyline
 90
9
 70
0
 10
153.62010192871094
 20
536.218505859375
 10
152.75881531834602
 20
536.0341532826424
 10
151.93788647651672
 20
535.4923691749573
 10
151.16325935721397
 20
534.610063970089
 10
150.4408779144287
 20
533.4041481018066
 10
149.77668610215187
 20
531.8915320038795
 10
149.1766278743744
 20
530.0891261100769
 10
148.6466471850872
 20
528.0138408541679
 10
148.19268798828125
 20
525.6825866699219
  0
LWPOLYLINE
  5
296
330
17
100
AcDbEntity
  8
SCHEMATICS
 62
7
100
AcDbPolyline
 90
9
 70
0
 10
148.19268798828125
 20
525.6825866699219
 10
148.6666249036789
 20
527.675939321518
 10
149.20934867858887
 20
529.4417877197266
 10
149.81567871570587
 20
530.9683344364166
 10
150.4804344177246
 20
532.243782043457
 10
151.19843518733978
 20
533.2563331127167
 10
151.9645004272461
 20
533.9941902160645
 10
152.77344954013824
 20
534.4455559253693
 10
153.62010192871094
 20
534.5986328125
  0
LWPOLYLINE
  5
297
330
17
100
AcDbEntity
  8
SCHEMATICS
 62
7
100
AcDbPolyline
 90
9
 70
0
 10
164.3260040283203
 20
517.149658203125
 10
163.47613888978958
 20
517.3202286362648
 10
162.6591944694519
 20
517.817711353302
 10
161.8819574713707
 20
518.6207634806633
 10
161.15121459960938
 20
519.7080421447754
 10
160.47375255823135
 20
521.058204472065
 10
159.85635805130005
 20
522.6499075889587
 10
159.30581778287888
 20
524.4618086218834
 10
158.82891845703125
 20
526.4725646972656
  0
LWPOLYLINE
  5
298
330
17
100
AcDbEntity
  8
SCHEMATICS
 62
7
100
AcDbPolyline
 90
9
 70
0
 10
158.82891845703125
 20
526.4725646972656
 10
159.2857937514782
 20
524.1239486336708
 10
159.8234784603119
 20
522.0027012825012
 10
160.4344622194767
 20
520.1352617144585
 10
161.111234664917
 20
518.5480690002441
 10
161.84628543257713
 20
517.2675622105598
 10
162.6321041584015
 20
516.3201804161072
 10
163.46118047833443
 20
515.7323626875877
 10
164.3260040283203
 20
515.5305480957031
  0
LWPOLYLINE
  5
299
330
17
100
AcDbEntity
  8
SCHEMATICS
 62
7
100
AcDbPolyline
 90
9
 70
0
 10
164.3260040283203
 20
515.5305480957031
 10
165.19074031710625
 20
515.7323626875877
 10
166.0200355052948
 20
516.3201804161072
 10
166.80625906586647
 20
517.2675622105598
 10
167.54178047180176
 20
518.5480690002441
 10
168.21896919608116
 20
520.1352617144585
 10
168.83019471168518
 20
522.0027012825012
 10
169.36782649159431
 20
524.1239486336708
 10
169.82423400878906
 20
526.4725646972656
  0
LWPOLYLINE
  5
29A
330
17
100
AcDbEntity
  8
SCHEMATICS
 62
7
100
AcDbPolyline
 90
9
 70
0
 10
169.82423400878906
 20
526.4725646972656
 10
169.34744134545326
 20
524.4618086218834
 10
168.7969353199005
 20
522.6499075889587
 10
168.17950317263603
 20
521.058204472065
 10
167.50193214416504
 20
519.7080421447754
 10
166.77100947499275
 20
518.6207634806633
 10
165.9935224056244
 20
517.817711353302
 10
165.17625817656517
 20
517.3202286362648
 10
164.3260040283203
 20
517.149658203125
  0
LWPOLYLINE
  5
29B
330
17
100
AcDbEntity
  8
SCHEMATICS
 62
7
100
AcDbPolyline
 90
9
 70
0
 10
174.39523315429688
 20
534.4422912597656
 10
175.13921150565147
 20
534.2716841101646
 10
175.85462164878845
 20
533.7741045951843
 10
176.53542163968086
 20
532.9709156155586
 10
177.17556953430176
 20
531.8834800720215
 10
177.7690233886242
 20
530.5331608653069
 10
178.30974125862122
 20
528.9413208961487
 10
178.79168120026588
 20
527.1293230652809
 10
179.20880126953125
 20
525.1185302734375
  0
LWPOLYLINE
  5
29C
330
17
100
AcDbEntity
  8
SCHEMATICS
 62
7
100
AcDbPolyline
 90
9
 70
0
 10
179.20880126953125
 20
525.1185302734375
 10
178.80897277593613
 20
527.4672105908394
 10
178.3381791114807
 20
529.5886273384094
 10
177.8030646443367
 20
531.4563063979149
 10
177.21027374267578
 20
533.043773651123
 10
176.56645077466965
 20
534.3245549798012
 10
175.87824010849
 20
535.2721762657166
 10
175.1522861123085
 20
535.8601633906364
 10
174.39523315429688
 20
536.0620422363281
  0
LWPOLYLINE
  5
29D
330
17
100
AcDbEntity
  8
SCHEMATICS
 62
7
100
AcDbPolyline
 90
9
 70
0
 10
174.39523315429688
 20
536.0620422363281
 10
173.6372725367546
 20
535.8601633906364
 10
172.9105839729309
 20
535.2721762657166
 10
172.22180753946304
 20
534.3245549798012
 10
171.57758331298828
 20
533.043773651123
 10
170.9845513701439
 20
531.4563063979149
 10
170.44935178756714
 20
529.5886273384094
 10
169.9786246418953
 20
527.4672105908394
 10
169.57901000976562
 20
525.1185302734375
  0
LWPOLYLINE
  5
29E
330
17
100
AcDbEntity
  8
SCHEMATICS
 62
7
100
AcDbPolyline
 90
9
 70
0
 10
169.57901000976562
 20
525.1185302734375
 10
169.99627169966698
 20
527.1293230652809
 10
170.47815871238708
 20
528.9413208961487
 10
171.0187535583973
 20
530.5331608653069
 10
171.61213874816895
 20
531.8834800720215
 10
172.25239679217339
 20
532.9709156155586
 10
172.93361020088196
 20
533.7741045951843
 10
173.649861484766
 20
534.2716841101646
 10
174.39523315429688
 20
534.4422912597656
  0
LWPOLYLINE
  5
29F
330
17
100
AcDbEntity
  8
SCHEMATICS
 62
7
100
AcDbPolyline
 90
9
 70
0
 10
183.7421112060547
 20
517.0873718261719
 10
182.99736332893372
 20
517.2579405903816
 10
182.2815761566162
 20
517.7554173469543
 10
181.60068488121033
 20
518.5584577918053
 10
180.96062469482422
 20
519.6457176208496
 10
180.36733078956604
 20
520.9958525300026
 10
179.82673835754395
 20
522.5875182151794
 10
179.3447825908661
 20
524.3993703722954
 10
178.92739868164062
 20
526.4100646972656
  0
LWPOLYLINE
  5
2A0
330
17
100
AcDbEntity
  8
SCHEMATICS
 62
7
100
AcDbPolyline
 90
9
 70
0
 10
178.92739868164062
 20
526.4100646972656
 10
179.32702600955963
 20
524.0614644885063
 10
179.7977705001831
 20
521.9401450157166
 10
180.3329609632492
 20
520.0725718140602
 10
180.9259262084961
 20
518.4852104187012
 10
181.56999504566193
 20
517.2045263648033
 10
182.25849628448486
 20
516.2569851875305
 10
182.98475873470306
 20
515.6690524220467
 10
183.7421112060547
 20
515.4671936035156
  0
LWPOLYLINE
  5
2A1
330
17
100
AcDbEntity
  8
SCHEMATICS
 62
7
100
AcDbPolyline
 90
9
 70
0
 10
183.7421112060547
 20
515.4671936035156
 10
184.49548718333244
 20
515.652570605278
 10
185.21126627922058
 20
516.1970567703247
 10
185.88494649529457
 20
517.083184838295
 10
186.51202583312988
 20
518.2934875488281
 10
187.088002294302
 20
519.8104976415634
 10
187.60837388038635
 20
521.6167478561401
 10
188.06863859295845
 20
523.6947709321976
 10
188.46429443359375
 20
526.027099609375
  0
LWPOLYLINE
  5
2A2
330
17
100
AcDbEntity
  8
SCHEMATICS
 62
7
100
AcDbPolyline
 90
9
 70
0
 10
188.46429443359375
 20
526.027099609375
 10
188.05077248811722
 20
524.0324752926826
 10
187.57924509048462
 20
522.2638249397278
 10
187.05346482992172
 20
520.7334699034691
 10
186.4771842956543
 20
519.4537315368652
 10
185.8541560769081
 20
518.4369311928749
 10
185.18813276290894
 20
517.6953902244568
 10
184.48286694288254
 20
517.2414299845695
 10
183.7421112060547
 20
517.0873718261719
  0
LINE
  5
2A3
330
17
100
AcDbEntity
  8
SCHEMATICS
 62
7
100
AcDbLine
 10
140.0491180419922
 20
525.9388732910156
 30
0.0
 11
193.0074920654297
 21
525.9388732910156
 31
0.0
  0
LINE
  5
2A4
330
17
100
AcDbEntity
  8
SCHEMATICS
 62
7
100
AcDbLine
 10
193.0074920654297
 20
525.9388732910156
 30
0.0
 11
193.0074920654297
 21
525.4118041992188
 31
0.0
  0
LINE
  5
2A5
330
17
100
AcDbEntity
  8
SCHEMATICS
 62
7
100
AcDbLine
 10
193.0074920654297
 20
525.4118041992188
 30
0.0
 11
140.0491180419922
 21
525.4118041992188
 31
0.0
  0
LINE
  5
2A6
330
17
100
AcDbEntity
  8
SCHEMATICS
 62
7
100
AcDbLine
 10
140.0491180419922
 20
525.4118041992188
 30
0.0
 11
140.0491180419922
 21
525.9388732910156
 31
0.0
  0
LINE
  5
2A7
330
17
100
AcDbEntity
  8
SCHEMATICS
 62
7
100
AcDbLine
 10
90.20443725585938
 20
525.9379577636719
 30
0.0
 11
92.34028625488281
 21
532.2558288574219
 31
0.0
  0
LINE
  5
2A8
330
17
100
AcDbEntity
  8
SCHEMATICS
 62
7
100
AcDbLine
 10
92.34028625488281
 20
532.2558288574219
 30
0.0
 11
92.39934539794922
 21
532.2558288574219
 31
0.0
  0
LINE
  5
2A9
330
17
100
AcDbEntity
  8
SCHEMATICS
 62
7
100
AcDbLine
 10
92.39934539794922
 20
532.2558288574219
 30
0.0
 11
94.50602722167969
 21
525.9379577636719
 31
0.0
  0
LINE
  5
2AA
330
17
100
AcDbEntity
  8
SCHEMATICS
 62
7
100
AcDbLine
 10
94.50602722167969
 20
525.9379577636719
 30
0.0
 11
101.85930633544922
 21
525.9379577636719
 31
0.0
  0
LINE
  5
2AB
330
17
100
AcDbEntity
  8
SCHEMATICS
 62
7
100
AcDbLine
 10
101.85930633544922
 20
525.9379577636719
 30
0.0
 11
98.00114440917969
 21
536.7035217285156
 31
0.0
  0
LINE
  5
2AC
330
17
100
AcDbEntity
  8
SCHEMATICS
 62
7
100
AcDbLine
 10
98.00114440917969
 20
536.7035217285156
 30
0.0
 11
87.006103515625
 21
536.7035217285156
 31
0.0
  0
LINE
  5
2AD
330
17
100
AcDbEntity
  8
SCHEMATICS
 62
7
100
AcDbLine
 10
87.006103515625
 20
536.7035217285156
 30
0.0
 11
83.20966339111328
 21
525.9379577636719
 31
0.0
  0
LINE
  5
2AE
330
17
100
AcDbEntity
  8
SCHEMATICS
 62
7
100
AcDbLine
 10
83.20966339111328
 20
525.9379577636719
 30
0.0
 11
90.20443725585938
 21
525.9379577636719
 31
0.0
  0
LINE
  5
2AF
330
17
100
AcDbEntity
  8
SCHEMATICS
 62
7
100
AcDbLine
 10
121.58271789550781
 20
525.411376953125
 30
0.0
 11
104.7049560546875
 21
525.411376953125
 31
0.0
  0
LINE
  5
2B0
330
17
100
AcDbEntity
  8
SCHEMATICS
 62
7
100
AcDbLine
 10
104.7049560546875
 20
525.411376953125
 30
0.0
 11
104.7049560546875
 21
517.9976501464844
 31
0.0
  0
LINE
  5
2B1
330
17
100
AcDbEntity
  8
SCHEMATICS
 62
7
100
AcDbLine
 10
104.7049560546875
 20
517.9976501464844
 30
0.0
 11
102.04818725585938
 21
525.411376953125
 31
0.0
  0
LINE
  5
2B2
330
17
100
AcDbEntity
  8
SCHEMATICS
 62
7
100
AcDbLine
 10
102.04818725585938
 20
525.411376953125
 30
0.0
 11
83.02388000488281
 21
525.411376953125
 31
0.0
  0
LINE
  5
2B3
330
17
100
AcDbEntity
  8
SCHEMATICS
 62
7
100
AcDbLine
 10
83.02388000488281
 20
525.411376953125
 30
0.0
 11
80.15336608886719
 21
517.2700500488281
 31
0.0
  0
LINE
  5
2B4
330
17
100
AcDbEntity
  8
SCHEMATICS
 62
7
100
AcDbLine
 10
80.15336608886719
 20
517.2700500488281
 30
0.0
 11
80.15336608886719
 21
525.411376953125
 31
0.0
  0
LINE
  5
2B5
330
17
100
AcDbEntity
  8
SCHEMATICS
 62
7
100
AcDbLine
 10
80.15336608886719
 20
525.411376953125
 30
0.0
 11
58.848751068115234
 21
525.411376953125
 31
0.0
  0
LINE
  5
2B6
330
17
100
AcDbEntity
  8
SCHEMATICS
 62
7
100
AcDbLine
 10
58.848751068115234
 20
525.411376953125
 30
0.0
 11
58.848751068115234
 21
516.0048522949219
 31
0.0
  0
LINE
  5
2B7
330
17
100
AcDbEntity
  8
SCHEMATICS
 62
7
100
AcDbLine
 10
58.848751068115234
 20
516.0048522949219
 30
0.0
 11
66.83344268798828
 21
516.0048522949219
 31
0.0
  0
LINE
  5
2B8
330
17
100
AcDbEntity
  8
SCHEMATICS
 62
7
100
AcDbLine
 10
66.83344268798828
 20
516.0048522949219
 30
0.0
 11
66.83344268798828
 21
522.3418273925781
 31
0.0
  0
LINE
  5
2B9
330
17
100
AcDbEntity
  8
SCHEMATICS
 62
7
100
AcDbLine
 10
66.83344268798828
 20
522.3418273925781
 30
0.0
 11
72.16777801513672
 21
522.3418273925781
 31
0.0
  0
LINE
  5
2BA
330
17
100
AcDbEntity
  8
SCHEMATICS
 62
7
100
AcDbLine
 10
72.16777801513672
 20
522.3418273925781
 30
0.0
 11
72.16777801513672
 21
516.0048522949219
 31
0.0
  0
LINE
  5
2BB
330
17
100
AcDbEntity
  8
SCHEMATICS
 62
7
100
AcDbLine
 10
72.16777801513672
 20
516.0048522949219
 30
0.0
 11
79.70578002929688
 21
516.0048522949219
 31
0.0
  0
LINE
  5
2BC
330
17
100
AcDbEntity
  8
SCHEMATICS
 62
7
100
AcDbLine
 10
79.70578002929688
 20
516.0048522949219
 30
0.0
 11
80.15336608886719
 21
516.0048522949219
 31
0.0
  0
LINE
  5
2BD
330
17
100
AcDbEntity
  8
SCHEMATICS
 62
7
100
AcDbLine
 10
80.15336608886719
 20
516.0048522949219
 30
0.0
 11
87.66056060791016
 21
516.0048522949219
 31
0.0
  0
LINE
  5
2BE
330
17
100
AcDbEntity
  8
SCHEMATICS
 62
7
100
AcDbLine
 10
87.66056060791016
 20
516.0048522949219
 30
0.0
 11
88.94245910644531
 21
520.4828796386719
 31
0.0
  0
LINE
  5
2BF
330
17
100
AcDbEntity
  8
SCHEMATICS
 62
7
100
AcDbLine
 10
88.94245910644531
 20
520.4828796386719
 30
0.0
 11
95.67756652832031
 21
520.4828796386719
 31
0.0
  0
LINE
  5
2C0
330
17
100
AcDbEntity
  8
SCHEMATICS
 62
7
100
AcDbLine
 10
95.67756652832031
 20
520.4828796386719
 30
0.0
 11
97.0472640991211
 21
516.0048522949219
 31
0.0
  0
LINE
  5
2C1
330
17
100
AcDbEntity
  8
SCHEMATICS
 62
7
100
AcDbLine
 10
97.0472640991211
 20
516.0048522949219
 30
0.0
 11
104.7049560546875
 21
516.0048522949219
 31
0.0
  0
LINE
  5
2C2
330
17
100
AcDbEntity
  8
SCHEMATICS
 62
7
100
AcDbLine
 10
104.7049560546875
 20
516.0048522949219
 30
0.0
 11
105.41893768310547
 21
516.0048522949219
 31
0.0
  0
LINE
  5
2C3
330
17
100
AcDbEntity
  8
SCHEMATICS
 62
7
100
AcDbLine
 10
105.41893768310547
 20
516.0048522949219
 30
0.0
 11
112.69012451171875
 21
516.0048522949219
 31
0.0
  0
LINE
  5
2C4
330
17
100
AcDbEntity
  8
SCHEMATICS
 62
7
100
AcDbLine
 10
112.69012451171875
 20
516.0048522949219
 30
0.0
 11
112.69012451171875
 21
523.0329284667969
 31
0.0
  0
LINE
  5
2C5
330
17
100
AcDbEntity
  8
SCHEMATICS
 62
7
100
AcDbLine
 10
112.69012451171875
 20
523.0329284667969
 30
0.0
 11
114.47869110107422
 21
523.0329284667969
 31
0.0
  0
LWPOLYLINE
  5
2C6
330
17
100
AcDbEntity
  8
SCHEMATICS
 62
7
100
AcDbPolyline
 90
9
 70
0
 10
114.47869110107422
 20
523.0329284667969
 10
114.83880719542503
 20
523.026014149189
 10
115.18033289909363
 20
522.9996838569641
 10
115.50156357884407
 20
522.9455565810204
 10
115.80079460144043
 20
522.8552513122559
 10
116.07632133364677
 20
522.7203870415688
 10
116.32643914222717
 20
522.5325827598572
 10
116.5494433939457
 20
522.2834574580193
 10
116.7436294555664
 20
521.9646301269531
  0
LWPOLYLINE
  5
2C7
330
17
100
AcDbEntity
  8
SCHEMATICS
 62
7
100
AcDbPolyline
 90
9
 70
0
 10
116.7436294555664
 20
521.9646301269531
 10
116.96459501981735
 20
521.4117746949196
 10
117.14221715927124
 20
520.7164978981018
 10
117.28627306222916
 20
519.9225651621819
 10
117.40653991699219
 20
519.0737419128418
 10
117.51279491186142
 20
518.2137935757637
 10
117.61481523513794
 20
517.3864855766296
 10
117.72237807512283
 20
516.6355833411217
 10
117.84526062011719
 20
516.0048522949219
  0
LINE
  5
2C8
330
17
100
AcDbEntity
  8
SCHEMATICS
 62
7
100
AcDbLine
 10
117.84526062011719
 20
516.0048522949219
 30
0.0
 11
126.15866088867188
 21
516.0048522949219
 31
0.0
  0
LWPOLYLINE
  5
2C9
330
17
100
AcDbEntity
  8
SCHEMATICS
 62
7
100
AcDbPolyline
 90
9
 70
0
 10
126.15866088867188
 20
516.0048522949219
 10
125.88463935256004
 20
516.81226593256
 10
125.67110896110535
 20
517.7052788734436
 10
125.49184897542
 20
518.6581422686577
 10
125.32063865661621
 20
519.6451072692871
 10
125.1312572658062
 20
520.6404250264168
 10
124.89748406410217
 20
521.6183466911316
 10
124.59309831261635
 20
522.5531234145164
 10
124.19187927246094
 20
523.4190063476562
  0
LWPOLYLINE
  5
2CA
330
17
100
AcDbEntity
  8
SCHEMATICS
 62
7
100
AcDbPolyline
 90
9
 70
0
 10
124.19187927246094
 20
523.4190063476562
 10
123.95594644546509
 20
523.7434687018394
 10
123.6987361907959
 20
524.0494112968445
 10
123.41799974441528
 20
524.3353202939034
 10
123.11148834228516
 20
524.599681854248
 10
122.77695322036743
 20
524.8409821391106
 10
122.41214561462402
 20
525.0577073097229
 10
122.01481676101685
 20
525.248343527317
 10
121.58271789550781
 20
525.411376953125
  0
LINE
  5
2CB
330
17
100
AcDbEntity
  8
SCHEMATICS
 62
7
100
AcDbLine
 10
80.15336608886719
 20
525.9379577636719
 30
0.0
 11
80.15336608886719
 21
536.7035217285156
 31
0.0
  0
LINE
  5
2CC
330
17
100
AcDbEntity
  8
SCHEMATICS
 62
7
100
AcDbLine
 10
80.15336608886719
 20
536.7035217285156
 30
0.0
 11
72.16777801513672
 21
536.7035217285156
 31
0.0
  0
LINE
  5
2CD
330
17
100
AcDbEntity
  8
SCHEMATICS
 62
7
100
AcDbLine
 10
72.16777801513672
 20
536.7035217285156
 30
0.0
 11
72.16777801513672
 21
528.4524841308594
 31
0.0
  0
LINE
  5
2CE
330
17
100
AcDbEntity
  8
SCHEMATICS
 62
7
100
AcDbLine
 10
72.16777801513672
 20
528.4524841308594
 30
0.0
 11
66.83344268798828
 21
528.4524841308594
 31
0.0
  0
LINE
  5
2CF
330
17
100
AcDbEntity
  8
SCHEMATICS
 62
7
100
AcDbLine
 10
66.83344268798828
 20
528.4524841308594
 30
0.0
 11
66.83344268798828
 21
536.7035217285156
 31
0.0
  0
LINE
  5
2D0
330
17
100
AcDbEntity
  8
SCHEMATICS
 62
7
100
AcDbLine
 10
66.83344268798828
 20
536.7035217285156
 30
0.0
 11
58.848751068115234
 21
536.7035217285156
 31
0.0
  0
LINE
  5
2D1
330
17
100
AcDbEntity
  8
SCHEMATICS
 62
7
100
AcDbLine
 10
58.848751068115234
 20
536.7035217285156
 30
0.0
 11
58.848751068115234
 21
525.9379577636719
 31
0.0
  0
LINE
  5
2D2
330
17
100
AcDbEntity
  8
SCHEMATICS
 62
7
100
AcDbLine
 10
58.848751068115234
 20
525.9379577636719
 30
0.0
 11
80.15336608886719
 21
525.9379577636719
 31
0.0
  0
LINE
  5
2D3
330
17
100
AcDbEntity
  8
SCHEMATICS
 62
7
100
AcDbLine
 10
114.4192886352539
 20
527.658935546875
 30
0.0
 11
112.33370208740234
 21
527.658935546875
 31
0.0
  0
LINE
  5
2D4
330
17
100
AcDbEntity
  8
SCHEMATICS
 62
7
100
AcDbLine
 10
112.33370208740234
 20
527.658935546875
 30
0.0
 11
112.33370208740234
 21
532.0780639648438
 31
0.0
  0
LINE
  5
2D5
330
17
100
AcDbEntity
  8
SCHEMATICS
 62
7
100
AcDbLine
 10
112.33370208740234
 20
532.0780639648438
 30
0.0
 11
114.5384750366211
 21
532.0780639648438
 31
0.0
  0
LWPOLYLINE
  5
2D6
330
17
100
AcDbEntity
  8
SCHEMATICS
 62
7
100
AcDbPolyline
 90
9
 70
0
 10
114.5384750366211
 20
532.0780639648438
 10
115.13467714190483
 20
532.0629190206528
 10
115.70576500892639
 20
532.0070695877075
 10
116.23497787117958
 20
531.8948937654495
 10
116.7055549621582
 20
531.7107696533203
 10
117.10073551535606
 20
531.4390753507614
 10
117.40375876426697
 20
531.0641889572144
 10
117.59786394238472
 20
530.5704885721207
 10
117.66629028320312
 20
529.9423522949219
  0
LWPOLYLINE
  5
2D7
330
17
100
AcDbEntity
  8
SCHEMATICS
 62
7
100
AcDbPolyline
 90
9
 70
0
 10
117.66629028320312
 20
529.9423522949219
 10
117.59397619962692
 20
529.2398245334625
 10
117.38936519622803
 20
528.697452545166
 10
117.070954144001
 20
528.2947442531586
 10
116.65723991394043
 20
528.0112075805664
 10
116.16671937704086
 20
527.8263504505157
 10
115.61788940429688
 20
527.7196807861328
 10
115.02924686670303
 20
527.6707065105438
 10
114.4192886352539
 20
527.658935546875
  0
LINE
  5
2D8
330
17
100
AcDbEntity
  8
SCHEMATICS
 62
7
100
AcDbLine
 10
124.94279479980469
 20
536.7030639648438
 30
0.0
 11
124.94279479980469
 21
533.9749450683594
 31
0.0
  0
LWPOLYLINE
  5
2D9
330
17
100
AcDbEntity
  8
SCHEMATICS
 62
7
100
AcDbPolyline
 90
9
 70
0
 10
124.94279479980469
 20
533.9749450683594
 10
124.43728958070278
 20
534.6448947787285
 10
123.80449378490448
 20
535.2133822441101
 10
123.04927606880665
 20
535.6841478943825
 10
122.17650508880615
 20
536.0609321594238
 10
121.19104950129986
 20
536.3474754691124
 10
120.09777796268463
 20
536.5475182533264
 10
118.90155912935734
 20
536.6648009419441
 10
117.60726165771484
 20
536.7030639648438
  0
LINE
  5
2DA
330
17
100
AcDbEntity
  8
SCHEMATICS
 62
7
100
AcDbLine
 10
117.60726165771484
 20
536.7030639648438
 30
0.0
 11
104.7049560546875
 21
536.7030639648438
 31
0.0
  0
LINE
  5
2DB
330
17
100
AcDbEntity
  8
SCHEMATICS
 62
7
100
AcDbLine
 10
104.7049560546875
 20
536.7030639648438
 30
0.0
 11
104.7049560546875
 21
525.9384155273438
 31
0.0
  0
LINE
  5
2DC
330
17
100
AcDbEntity
  8
SCHEMATICS
 62
7
100
AcDbLine
 10
104.7049560546875
 20
525.9384155273438
 30
0.0
 11
121.51606750488281
 21
525.9384155273438
 31
0.0
  0
LWPOLYLINE
  5
2DD
330
17
100
AcDbEntity
  8
SCHEMATICS
 62
7
100
AcDbPolyline
 90
9
 70
0
 10
121.51606750488281
 20
525.9384155273438
 10
122.35255488753319
 20
526.2509474754333
 10
123.1109139919281
 20
526.6310081481934
 10
123.784094363451
 20
527.0833325386047
 10
124.36504554748535
 20
527.6126556396484
 10
124.8467170894146
 20
528.2237124443054
 10
125.22205853462219
 20
528.9212379455566
 10
125.48401942849159
 20
529.709967136383
 10
125.62554931640625
 20
530.5946350097656
  0
LINE
  5
2DE
330
17
100
AcDbEntity
  8
SCHEMATICS
 62
7
100
AcDbLine
 10
125.62554931640625
 20
530.5946350097656
 30
0.0
 11
131.97447204589844
 21
530.5946350097656
 31
0.0
  0
LINE
  5
2DF
330
17
100
AcDbEntity
  8
SCHEMATICS
 62
7
100
AcDbLine
 10
131.97447204589844
 20
530.5946350097656
 30
0.0
 11
131.97447204589844
 21
525.9384155273438
 31
0.0
  0
LINE
  5
2E0
330
17
100
AcDbEntity
  8
SCHEMATICS
 62
7
100
AcDbLine
 10
131.97447204589844
 20
525.9384155273438
 30
0.0
 11
139.9604034423828
 21
525.9384155273438
 31
0.0
  0
LINE
  5
2E1
330
17
100
AcDbEntity
  8
SCHEMATICS
 62
7
100
AcDbLine
 10
139.9604034423828
 20
525.9384155273438
 30
0.0
 11
139.9604034423828
 21
530.5946350097656
 31
0.0
  0
LINE
  5
2E2
330
17
100
AcDbEntity
  8
SCHEMATICS
 62
7
100
AcDbLine
 10
139.9604034423828
 20
530.5946350097656
 30
0.0
 11
146.99244689941406
 21
530.5946350097656
 31
0.0
  0
LINE
  5
2E3
330
17
100
AcDbEntity
  8
SCHEMATICS
 62
7
100
AcDbLine
 10
146.99244689941406
 20
530.5946350097656
 30
0.0
 11
146.99244689941406
 21
536.7030639648438
 31
0.0
  0
LINE
  5
2E4
330
17
100
AcDbEntity
  8
SCHEMATICS
 62
7
100
AcDbLine
 10
146.99244689941406
 20
536.7030639648438
 30
0.0
 11
124.94279479980469
 21
536.7030639648438
 31
0.0
  0
LINE
  5
2E5
330
17
100
AcDbEntity
  8
SCHEMATICS
 62
7
100
AcDbLine
 10
131.97447204589844
 20
516.0048522949219
 30
0.0
 11
139.9604034423828
 21
516.0048522949219
 31
0.0
  0
LINE
  5
2E6
330
17
100
AcDbEntity
  8
SCHEMATICS
 62
7
100
AcDbLine
 10
139.9604034423828
 20
516.0048522949219
 30
0.0
 11
139.9604034423828
 21
525.4118041992188
 31
0.0
  0
LINE
  5
2E7
330
17
100
AcDbEntity
  8
SCHEMATICS
 62
7
100
AcDbLine
 10
139.9604034423828
 20
525.4118041992188
 30
0.0
 11
131.97447204589844
 21
525.4118041992188
 31
0.0
  0
LINE
  5
2E8
330
17
100
AcDbEntity
  8
SCHEMATICS
 62
7
100
AcDbLine
 10
131.97447204589844
 20
525.4118041992188
 30
0.0
 11
131.97447204589844
 21
516.0048522949219
 31
0.0
  0
LWPOLYLINE
  5
2E9
330
17
100
AcDbEntity
  8
SCHEMATICS
 62
7
100
AcDbPolyline
 90
9
 70
0
 10
62.530975341796875
 20
505.7391357421875
 10
62.40161135792732
 20
505.71076941490173
 10
62.270211935043335
 20
505.6842498779297
 10
62.13725146651268
 20
505.6601736545563
 10
62.003204345703125
 20
505.6391372680664
 10
61.86854496598244
 20
505.621737241745
 10
61.733747720718384
 20
505.60857009887695
 10
61.59928700327873
 20
505.6002323627472
 10
61.46563720703125
 20
505.5973205566406
  0
LWPOLYLINE
  5
2EA
330
17
100
AcDbEntity
  8
SCHEMATICS
 62
7
100
AcDbPolyline
 90
9
 70
0
 10
61.46563720703125
 20
505.5973205566406
 10
60.9210594817996
 20
505.63176268339157
 10
60.426707684993744
 20
505.7355971336365
 10
59.98948112875223
 20
505.90958601236343
 10
59.61627912521362
 20
506.15449142456055
 10
59.314000986516476
 20
506.4710754752159
 10
59.08954602479935
 20
506.8601002693176
 10
58.949813552200794
 20
507.3223279118538
 10
58.901702880859375
 20
507.8585205078125
  0
LWPOLYLINE
  5
2EB
330
17
100
AcDbEntity
  8
SCHEMATICS
 62
7
100
AcDbPolyline
 90
9
 70
0
 10
58.901702880859375
 20
507.8585205078125
 10
58.94678147137165
 20
508.4071488380432
 10
59.079150319099426
 20
508.8898391723633
 10
59.294509038329124
 20
509.30436849594116
 10
59.58855724334717
 20
509.6485137939453
 10
59.95699454843998
 20
509.9200520515442
 10
60.39552056789398
 20
510.11676025390625
 10
60.8998349159956
 20
510.23641538619995
 10
61.46563720703125
 20
510.27679443359375
  0
LWPOLYLINE
  5
2EC
330
17
100
AcDbEntity
  8
SCHEMATICS
 62
7
100
AcDbPolyline
 90
9
 70
0
 10
61.46563720703125
 20
510.27679443359375
 10
61.58546230196953
 20
510.2740098834038
 10
61.71279811859131
 20
510.26556730270386
 10
61.84565928578377
 20
510.251333296299
 10
61.98206043243408
 20
510.23117446899414
 10
62.12001618742943
 20
510.20495742559433
 10
62.25754117965698
 20
510.17254877090454
 10
62.39265003800392
 20
510.13381510972977
 10
62.52335739135742
 20
510.088623046875
  0
LINE
  5
2ED
330
17
100
AcDbEntity
  8
SCHEMATICS
 62
7
100
AcDbLine
 10
62.52335739135742
 20
510.088623046875
 30
0.0
 11
62.45702362060547
 21
509.3235168457031
 31
0.0
  0
LWPOLYLINE
  5
2EE
330
17
100
AcDbEntity
  8
SCHEMATICS
 62
7
100
AcDbPolyline
 90
9
 70
0
 10
62.45702362060547
 20
509.3235168457031
 10
62.32560680061579
 20
509.38959753513336
 10
62.19670683145523
 20
509.4428644180298
 10
62.069777481257915
 20
509.48455131053925
 10
61.94427251815796
 20
509.5158920288086
 10
61.81964571028948
 20
509.5381203889847
 10
61.69535082578659
 20
509.55247020721436
 10
61.57084163278341
 20
509.56017529964447
 10
61.44557189941406
 20
509.5624694824219
  0
LWPOLYLINE
  5
2EF
330
17
100
AcDbEntity
  8
SCHEMATICS
 62
7
100
AcDbPolyline
 90
9
 70
0
 10
61.44557189941406
 20
509.5624694824219
 10
61.101460576057434
 20
509.53008782863617
 10
60.7940411567688
 20
509.4368143081665
 10
60.52614605426788
 20
509.28845608234406
 10
60.300607681274414
 20
509.0908203125
 10
60.12025845050812
 20
508.8497141599655
 10
59.98793077468872
 20
508.5709447860718
 10
59.90645706653595
 20
508.26031935214996
 10
59.87866973876953
 20
507.92364501953125
  0
LWPOLYLINE
  5
2F0
330
17
100
AcDbEntity
  8
SCHEMATICS
 62
7
100
AcDbPolyline
 90
9
 70
0
 10
59.87866973876953
 20
507.92364501953125
 10
59.90594723075628
 20
507.5900954604149
 10
59.98636192083359
 20
507.2831702232361
 10
60.11778713017702
 20
507.0083706974983
 10
60.29809617996216
 20
506.7711982727051
 10
60.525162391364574
 20
506.57715433835983
 10
60.796859085559845
 20
506.43174028396606
 10
61.111059583723545
 20
506.34045749902725
 10
61.46563720703125
 20
506.3088073730469
  0
LWPOLYLINE
  5
2F1
330
17
100
AcDbEntity
  8
SCHEMATICS
 62
7
100
AcDbPolyline
 90
9
 70
0
 10
61.46563720703125
 20
506.3088073730469
 10
61.60645870119333
 20
506.3124012351036
 10
61.75017863512039
 20
506.32281827926636
 10
61.89353423565626
 20
506.33951169252396
 10
62.033262729644775
 20
506.36193466186523
 10
62.16610134392977
 20
506.389540374279
 10
62.28878730535507
 20
506.42178201675415
 10
62.39805784076452
 20
506.45811277627945
 10
62.49065017700195
 20
506.49798583984375
  0
LINE
  5
2F2
330
17
100
AcDbEntity
  8
SCHEMATICS
 62
7
100
AcDbLine
 10
62.49065017700195
 20
506.49798583984375
 30
0.0
 11
62.530975341796875
 21
505.7391357421875
 31
0.0
  0
LWPOLYLINE
  5
2F3
330
17
100
AcDbEntity
  8
SCHEMATICS
 62
7
100
AcDbPolyline
 90
9
 70
0
 10
66.9445571899414
 20
506.3088073730469
 10
67.27593857049942
 20
506.3458091020584
 10
67.55369901657104
 20
506.45032024383545
 10
67.78074711561203
 20
506.61259973049164
 10
67.95999145507812
 20
506.8229064941406
 10
68.09434062242508
 20
507.07149946689606
 10
68.18670320510864
 20
507.3486375808716
 10
68.23998779058456
 20
507.64457976818085
 10
68.2571029663086
 20
507.9495849609375
  0
LWPOLYLINE
  5
2F4
330
17
100
AcDbEntity
  8
SCHEMATICS
 62
7
100
AcDbPolyline
 90
9
 70
0
 10
68.2571029663086
 20
507.9495849609375
 10
68.23886501789093
 20
508.24777525663376
 10
68.18285369873047
 20
508.5379214286804
 10
68.087122797966
 20
508.8102484345436
 10
67.94972610473633
 20
509.05498123168945
 10
67.76871740818024
 20
509.2623447775841
 10
67.54215049743652
 20
509.4225640296936
 10
67.26807916164398
 20
509.52586394548416
 10
66.9445571899414
 20
509.5624694824219
  0
LWPOLYLINE
  5
2F5
330
17
100
AcDbEntity
  8
SCHEMATICS
 62
7
100
AcDbPolyline
 90
9
 70
0
 10
66.9445571899414
 20
509.5624694824219
 10
66.62092605233192
 20
509.52586394548416
 10
66.34677577018738
 20
509.4225640296936
 10
66.12015530467033
 20
509.2623447775841
 10
65.93911361694336
 20
509.05498123168945
 10
65.80169966816902
 20
508.8102484345436
 10
65.70596241950989
 20
508.5379214286804
 10
65.64995083212852
 20
508.24777525663376
 10
65.6317138671875
 20
507.9495849609375
  0
LWPOLYLINE
  5
2F6
330
17
100
AcDbEntity
  8
SCHEMATICS
 62
7
100
AcDbPolyline
 90
9
 70
0
 10
65.6317138671875
 20
507.9495849609375
 10
65.64882931113243
 20
507.64457976818085
 10
65.70211720466614
 20
507.3486375808716
 10
65.79448989033699
 20
507.07149946689606
 10
65.92885971069336
 20
506.8229064941406
 10
66.10813900828362
 20
506.61259973049164
 10
66.33524012565613
 20
506.45032024383545
 10
66.61307540535927
 20
506.3458091020584
 10
66.9445571899414
 20
506.3088073730469
  0
LWPOLYLINE
  5
2F7
330
17
100
AcDbEntity
  8
SCHEMATICS
 62
7
100
AcDbPolyline
 90
9
 70
0
 10
66.9445571899414
 20
510.27679443359375
 10
67.46402387320995
 20
510.23289573192596
 10
67.92103612422943
 20
510.10550594329834
 10
68.31349565088749
 20
509.9010845422745
 10
68.63930416107178
 20
509.62609100341797
 10
68.89636336266994
 20
509.2869848012924
 10
69.08257496356964
 20
508.8902254104614
 10
69.19584067165852
 20
508.4422723054886
 10
69.23406219482422
 20
507.9495849609375
  0
LWPOLYLINE
  5
2F8
330
17
100
AcDbEntity
  8
SCHEMATICS
 62
7
100
AcDbPolyline
 90
9
 70
0
 10
69.23406219482422
 20
507.9495849609375
 10
69.19641394913197
 20
507.4560137987137
 10
69.08454048633575
 20
507.0053129196167
 10
68.90004871785641
 20
506.6045526266098
 10
68.64454555511475
 20
506.26080322265625
 10
68.3196379095316
 20
505.9811350107193
 10
67.92693269252777
 20
505.7726182937622
 10
67.4680368155241
 20
505.64232337474823
 10
66.9445571899414
 20
505.5973205566406
  0
LWPOLYLINE
  5
2F9
330
17
100
AcDbEntity
  8
SCHEMATICS
 62
7
100
AcDbPolyline
 90
9
 70
0
 10
66.9445571899414
 20
505.5973205566406
 10
66.41544190049171
 20
505.64152228832245
 10
65.95381617546082
 20
505.76987171173096
 10
65.56062290072441
 20
505.9759851694107
 10
65.2368049621582
 20
506.25347900390625
 10
64.9833052456379
 20
506.59596955776215
 10
64.80106663703918
 20
506.99707317352295
 10
64.69103202223778
 20
507.4504061937332
 10
64.65414428710938
 20
507.9495849609375
  0
LWPOLYLINE
  5
2FA
330
17
100
AcDbEntity
  8
SCHEMATICS
 62
7
100
AcDbPolyline
 90
9
 70
0
 10
64.65414428710938
 20
507.9495849609375
 10
64.69160060584545
 20
508.44793248176575
 10
64.80301606655121
 20
508.8985424041748
 10
64.98696042597294
 20
509.2956483364105
 10
65.24200344085693
 20
509.63348388671875
 10
65.56671486794949
 20
509.90628266334534
 10
65.95966446399689
 20
510.10827827453613
 10
66.41942198574543
 20
510.233704328537
 10
66.9445571899414
 20
510.27679443359375
  0
LINE
  5
2FB
330
17
100
AcDbEntity
  8
SCHEMATICS
 62
7
100
AcDbLine
 10
71.75248718261719
 20
510.19921875
 30
0.0
 11
73.25212097167969
 21
510.19921875
 31
0.0
  0
LINE
  5
2FC
330
17
100
AcDbEntity
  8
SCHEMATICS
 62
7
100
AcDbLine
 10
73.25212097167969
 20
510.19921875
 30
0.0
 11
74.36402130126953
 21
506.77069091796875
 31
0.0
  0
LINE
  5
2FD
330
17
100
AcDbEntity
  8
SCHEMATICS
 62
7
100
AcDbLine
 10
74.36402130126953
 20
506.77069091796875
 30
0.0
 11
74.37738800048828
 21
506.77069091796875
 31
0.0
  0
LINE
  5
2FE
330
17
100
AcDbEntity
  8
SCHEMATICS
 62
7
100
AcDbLine
 10
74.37738800048828
 20
506.77069091796875
 30
0.0
 11
75.48971557617188
 21
510.19921875
 31
0.0
  0
LINE
  5
2FF
330
17
100
AcDbEntity
  8
SCHEMATICS
 62
7
100
AcDbLine
 10
75.48971557617188
 20
510.19921875
 30
0.0
 11
76.9893798828125
 21
510.19921875
 31
0.0
  0
LINE
  5
300
330
17
100
AcDbEntity
  8
SCHEMATICS
 62
7
100
AcDbLine
 10
76.9893798828125
 20
510.19921875
 30
0.0
 11
76.9893798828125
 21
505.67578125
 31
0.0
  0
LINE
  5
301
330
17
100
AcDbEntity
  8
SCHEMATICS
 62
7
100
AcDbLine
 10
76.9893798828125
 20
505.67578125
 30
0.0
 11
76.09170532226562
 21
505.67578125
 31
0.0
  0
LINE
  5
302
330
17
100
AcDbEntity
  8
SCHEMATICS
 62
7
100
AcDbLine
 10
76.09170532226562
 20
505.67578125
 30
0.0
 11
76.09170532226562
 21
509.407470703125
 31
0.0
  0
LINE
  5
303
330
17
100
AcDbEntity
  8
SCHEMATICS
 62
7
100
AcDbLine
 10
76.09170532226562
 20
509.407470703125
 30
0.0
 11
76.0787582397461
 21
509.407470703125
 31
0.0
  0
LINE
  5
304
330
17
100
AcDbEntity
  8
SCHEMATICS
 62
7
100
AcDbLine
 10
76.0787582397461
 20
509.407470703125
 30
0.0
 11
74.8196029663086
 21
505.67578125
 31
0.0
  0
LINE
  5
305
330
17
100
AcDbEntity
  8
SCHEMATICS
 62
7
100
AcDbLine
 10
74.8196029663086
 20
505.67578125
 30
0.0
 11
73.9223861694336
 21
505.67578125
 31
0.0
  0
LINE
  5
306
330
17
100
AcDbEntity
  8
SCHEMATICS
 62
7
100
AcDbLine
 10
73.9223861694336
 20
505.67578125
 30
0.0
 11
72.6631088256836
 21
509.407470703125
 31
0.0
  0
LINE
  5
307
330
17
100
AcDbEntity
  8
SCHEMATICS
 62
7
100
AcDbLine
 10
72.6631088256836
 20
509.407470703125
 30
0.0
 11
72.65061950683594
 21
509.3948974609375
 31
0.0
  0
LINE
  5
308
330
17
100
AcDbEntity
  8
SCHEMATICS
 62
7
100
AcDbLine
 10
72.65061950683594
 20
509.3948974609375
 30
0.0
 11
72.65061950683594
 21
505.67578125
 31
0.0
  0
LINE
  5
309
330
17
100
AcDbEntity
  8
SCHEMATICS
 62
7
100
AcDbLine
 10
72.65061950683594
 20
505.67578125
 30
0.0
 11
71.75248718261719
 21
505.67578125
 31
0.0
  0
LINE
  5
30A
330
17
100
AcDbEntity
  8
SCHEMATICS
 62
7
100
AcDbLine
 10
71.75248718261719
 20
505.67578125
 30
0.0
 11
71.75248718261719
 21
510.19921875
 31
0.0
  0
LINE
  5
30B
330
17
100
AcDbEntity
  8
SCHEMATICS
 62
7
100
AcDbLine
 10
79.7344970703125
 20
510.19921875
 30
0.0
 11
81.23473358154297
 21
510.19921875
 31
0.0
  0
LINE
  5
30C
330
17
100
AcDbEntity
  8
SCHEMATICS
 62
7
100
AcDbLine
 10
81.23473358154297
 20
510.19921875
 30
0.0
 11
82.34648895263672
 21
506.77069091796875
 31
0.0
  0
LINE
  5
30D
330
17
100
AcDbEntity
  8
SCHEMATICS
 62
7
100
AcDbLine
 10
82.34648895263672
 20
506.77069091796875
 30
0.0
 11
82.359130859375
 21
506.77069091796875
 31
0.0
  0
LINE
  5
30E
330
17
100
AcDbEntity
  8
SCHEMATICS
 62
7
100
AcDbLine
 10
82.359130859375
 20
506.77069091796875
 30
0.0
 11
83.47172546386719
 21
510.19921875
 31
0.0
  0
LINE
  5
30F
330
17
100
AcDbEntity
  8
SCHEMATICS
 62
7
100
AcDbLine
 10
83.47172546386719
 20
510.19921875
 30
0.0
 11
84.97184753417969
 21
510.19921875
 31
0.0
  0
LINE
  5
310
330
17
100
AcDbEntity
  8
SCHEMATICS
 62
7
100
AcDbLine
 10
84.97184753417969
 20
510.19921875
 30
0.0
 11
84.97184753417969
 21
505.67578125
 31
0.0
  0
LINE
  5
311
330
17
100
AcDbEntity
  8
SCHEMATICS
 62
7
100
AcDbLine
 10
84.97184753417969
 20
505.67578125
 30
0.0
 11
84.07325744628906
 21
505.67578125
 31
0.0
  0
LINE
  5
312
330
17
100
AcDbEntity
  8
SCHEMATICS
 62
7
100
AcDbLine
 10
84.07325744628906
 20
505.67578125
 30
0.0
 11
84.07325744628906
 21
509.407470703125
 31
0.0
  0
LINE
  5
313
330
17
100
AcDbEntity
  8
SCHEMATICS
 62
7
100
AcDbLine
 10
84.07325744628906
 20
509.407470703125
 30
0.0
 11
84.0607681274414
 21
509.407470703125
 31
0.0
  0
LINE
  5
314
330
17
100
AcDbEntity
  8
SCHEMATICS
 62
7
100
AcDbLine
 10
84.0607681274414
 20
509.407470703125
 30
0.0
 11
82.80165100097656
 21
505.67578125
 31
0.0
  0
LINE
  5
315
330
17
100
AcDbEntity
  8
SCHEMATICS
 62
7
100
AcDbLine
 10
82.80165100097656
 20
505.67578125
 30
0.0
 11
81.90469360351562
 21
505.67578125
 31
0.0
  0
LINE
  5
316
330
17
100
AcDbEntity
  8
SCHEMATICS
 62
7
100
AcDbLine
 10
81.90469360351562
 20
505.67578125
 30
0.0
 11
80.6451187133789
 21
509.407470703125
 31
0.0
  0
LINE
  5
317
330
17
100
AcDbEntity
  8
SCHEMATICS
 62
7
100
AcDbLine
 10
80.6451187133789
 20
509.407470703125
 30
0.0
 11
80.63217163085938
 21
509.3948974609375
 31
0.0
  0
LINE
  5
318
330
17
100
AcDbEntity
  8
SCHEMATICS
 62
7
100
AcDbLine
 10
80.63217163085938
 20
509.3948974609375
 30
0.0
 11
80.63217163085938
 21
505.67578125
 31
0.0
  0
LINE
  5
319
330
17
100
AcDbEntity
  8
SCHEMATICS
 62
7
100
AcDbLine
 10
80.63217163085938
 20
505.67578125
 30
0.0
 11
79.7344970703125
 21
505.67578125
 31
0.0
  0
LINE
  5
31A
330
17
100
AcDbEntity
  8
SCHEMATICS
 62
7
100
AcDbLine
 10
79.7344970703125
 20
505.67578125
 30
0.0
 11
79.7344970703125
 21
510.19921875
 31
0.0
  0
LINE
  5
31B
330
17
100
AcDbEntity
  8
SCHEMATICS
 62
7
100
AcDbLine
 10
87.68379211425781
 20
510.19921875
 30
0.0
 11
88.62088012695312
 21
510.19921875
 31
0.0
  0
LINE
  5
31C
330
17
100
AcDbEntity
  8
SCHEMATICS
 62
7
100
AcDbLine
 10
88.62088012695312
 20
510.19921875
 30
0.0
 11
88.62088012695312
 21
507.5867004394531
 31
0.0
  0
LWPOLYLINE
  5
31D
330
17
100
AcDbEntity
  8
SCHEMATICS
 62
7
100
AcDbPolyline
 90
9
 70
0
 10
88.62088012695312
 20
507.5867004394531
 10
88.63319553434849
 20
507.31034314632416
 10
88.67176735401154
 20
507.06163692474365
 10
88.73903398215771
 20
506.84341633319855
 10
88.83743381500244
 20
506.6585159301758
 10
88.96940524876118
 20
506.5097702741623
 10
89.13738667964935
 20
506.400013923645
 10
89.34381650388241
 20
506.3320814371109
 10
89.59113311767578
 20
506.3088073730469
  0
LWPOLYLINE
  5
31E
330
17
100
AcDbEntity
  8
SCHEMATICS
 62
7
100
AcDbPolyline
 90
9
 70
0
 10
89.59113311767578
 20
506.3088073730469
 10
89.83876940608025
 20
506.3320814371109
 10
90.04547715187073
 20
506.400013923645
 10
90.21369448304176
 20
506.5097702741623
 10
90.34585952758789
 20
506.6585159301758
 10
90.44441041350365
 20
506.84341633319855
 10
90.51178526878357
 20
507.06163692474365
 10
90.5504222214222
 20
507.31034314632416
 10
90.56275939941406
 20
507.5867004394531
  0
LINE
  5
31F
330
17
100
AcDbEntity
  8
SCHEMATICS
 62
7
100
AcDbLine
 10
90.56275939941406
 20
507.5867004394531
 30
0.0
 11
90.56275939941406
 21
510.19921875
 31
0.0
  0
LINE
  5
320
330
17
100
AcDbEntity
  8
SCHEMATICS
 62
7
100
AcDbLine
 10
90.56275939941406
 20
510.19921875
 30
0.0
 11
91.49983978271484
 21
510.19921875
 31
0.0
  0
LINE
  5
321
330
17
100
AcDbEntity
  8
SCHEMATICS
 62
7
100
AcDbLine
 10
91.49983978271484
 20
510.19921875
 30
0.0
 11
91.49983978271484
 21
507.3074951171875
 31
0.0
  0
LWPOLYLINE
  5
322
330
17
100
AcDbEntity
  8
SCHEMATICS
 62
7
100
AcDbPolyline
 90
9
 70
0
 10
91.49983978271484
 20
507.3074951171875
 10
91.4670477360487
 20
506.8861117362976
 10
91.37036788463593
 20
506.5290813446045
 10
91.21234466135502
 20
506.23388624191284
 10
90.99552249908447
 20
505.99800872802734
 10
90.72244583070278
 20
505.8189311027527
 10
90.39565908908844
 20
505.69413566589355
 10
90.01770670711994
 20
505.62110471725464
 10
89.59113311767578
 20
505.5973205566406
  0
LWPOLYLINE
  5
323
330
17
100
AcDbEntity
  8
SCHEMATICS
 62
7
100
AcDbPolyline
 90
9
 70
0
 10
89.59113311767578
 20
505.5973205566406
 10
89.16526220738888
 20
505.62110471725464
 10
88.78776681423187
 20
505.69413566589355
 10
88.46123822033405
 20
505.8189311027527
 10
88.1882677078247
 20
505.99800872802734
 10
87.97144655883312
 20
506.23388624191284
 10
87.81336605548859
 20
506.5290813446045
 10
87.71661747992039
 20
506.8861117362976
 10
87.68379211425781
 20
507.3074951171875
  0
LINE
  5
324
330
17
100
AcDbEntity
  8
SCHEMATICS
 62
7
100
AcDbLine
 10
87.68379211425781
 20
507.3074951171875
 30
0.0
 11
87.68379211425781
 21
510.19921875
 31
0.0
  0
LINE
  5
325
330
17
100
AcDbEntity
  8
SCHEMATICS
 62
7
100
AcDbLine
 10
94.16567993164062
 20
510.19921875
 30
0.0
 11
95.31695556640625
 21
510.19921875
 31
0.0
  0
LINE
  5
326
330
17
100
AcDbEntity
  8
SCHEMATICS
 62
7
100
AcDbLine
 10
95.31695556640625
 20
510.19921875
 30
0.0
 11
97.09829711914062
 21
506.8153991699219
 31
0.0
  0
LINE
  5
327
330
17
100
AcDbEntity
  8
SCHEMATICS
 62
7
100
AcDbLine
 10
97.09829711914062
 20
506.8153991699219
 30
0.0
 11
97.11238098144531
 21
506.8153991699219
 31
0.0
  0
LINE
  5
328
330
17
100
AcDbEntity
  8
SCHEMATICS
 62
7
100
AcDbLine
 10
97.11238098144531
 20
506.8153991699219
 30
0.0
 11
97.11238098144531
 21
510.19921875
 31
0.0
  0
LINE
  5
329
330
17
100
AcDbEntity
  8
SCHEMATICS
 62
7
100
AcDbLine
 10
97.11238098144531
 20
510.19921875
 30
0.0
 11
98.009521484375
 21
510.19921875
 31
0.0
  0
LINE
  5
32A
330
17
100
AcDbEntity
  8
SCHEMATICS
 62
7
100
AcDbLine
 10
98.009521484375
 20
510.19921875
 30
0.0
 11
98.009521484375
 21
505.67578125
 31
0.0
  0
LINE
  5
32B
330
17
100
AcDbEntity
  8
SCHEMATICS
 62
7
100
AcDbLine
 10
98.009521484375
 20
505.67578125
 30
0.0
 11
96.86410522460938
 21
505.67578125
 31
0.0
  0
LINE
  5
32C
330
17
100
AcDbEntity
  8
SCHEMATICS
 62
7
100
AcDbLine
 10
96.86410522460938
 20
505.67578125
 30
0.0
 11
95.07667541503906
 21
509.0579833984375
 31
0.0
  0
LINE
  5
32D
330
17
100
AcDbEntity
  8
SCHEMATICS
 62
7
100
AcDbLine
 10
95.07667541503906
 20
509.0579833984375
 30
0.0
 11
95.06297302246094
 21
509.0579833984375
 31
0.0
  0
LINE
  5
32E
330
17
100
AcDbEntity
  8
SCHEMATICS
 62
7
100
AcDbLine
 10
95.06297302246094
 20
509.0579833984375
 30
0.0
 11
95.06297302246094
 21
505.67578125
 31
0.0
  0
LINE
  5
32F
330
17
100
AcDbEntity
  8
SCHEMATICS
 62
7
100
AcDbLine
 10
95.06297302246094
 20
505.67578125
 30
0.0
 11
94.16567993164062
 21
505.67578125
 31
0.0
  0
LINE
  5
330
330
17
100
AcDbEntity
  8
SCHEMATICS
 62
7
100
AcDbLine
 10
94.16567993164062
 20
505.67578125
 30
0.0
 11
94.16567993164062
 21
510.19921875
 31
0.0
  0
LWPOLYLINE
  5
331
330
17
100
AcDbEntity
  8
SCHEMATICS
 62
7
100
AcDbPolyline
 90
9
 70
0
 10
107.6324691772461
 20
505.7391357421875
 10
107.50319039821625
 20
505.71076941490173
 10
107.37185096740723
 20
505.6842498779297
 10
107.23892366886139
 20
505.6601736545563
 10
107.1048812866211
 20
505.6391372680664
 10
106.9701966047287
 20
505.621737241745
 10
106.83534240722656
 20
505.60857009887695
 10
106.70079147815704
 20
505.6002323627472
 10
106.5670166015625
 20
505.5973205566406
  0
LWPOLYLINE
  5
332
330
17
100
AcDbEntity
  8
SCHEMATICS
 62
7
100
AcDbPolyline
 90
9
 70
0
 10
106.5670166015625
 20
505.5973205566406
 10
106.02216067910194
 20
505.63176268339157
 10
105.52768540382385
 20
505.7355971336365
 10
105.0904538333416
 20
505.90958601236343
 10
104.71732902526855
 20
506.15449142456055
 10
104.4151740372181
 20
506.4710754752159
 10
104.19085192680359
 20
506.8601002693176
 10
104.05122575163841
 20
507.3223279118538
 10
104.00315856933594
 20
507.8585205078125
  0
LWPOLYLINE
  5
333
330
17
100
AcDbEntity
  8
SCHEMATICS
 62
7
100
AcDbPolyline
 90
9
 70
0
 10
104.00315856933594
 20
507.8585205078125
 10
104.04822731018066
 20
508.4071488380432
 10
104.18057155609131
 20
508.8898391723633
 10
104.39589834213257
 20
509.30436849594116
 10
104.68991470336914
 20
509.6485137939453
 10
105.05832767486572
 20
509.9200520515442
 10
105.49684429168701
 20
510.11676025390625
 10
106.0011715888977
 20
510.23641538619995
 10
106.5670166015625
 20
510.27679443359375
  0
LWPOLYLINE
  5
334
330
17
100
AcDbEntity
  8
SCHEMATICS
 62
7
100
AcDbPolyline
 90
9
 70
0
 10
106.5670166015625
 20
510.27679443359375
 10
106.68679794669151
 20
510.2740098834038
 10
106.81407141685486
 20
510.26556730270386
 10
106.94686916470528
 20
510.251333296299
 10
107.08322334289551
 20
510.23117446899414
 10
107.22116610407829
 20
510.20495742559433
 10
107.35872960090637
 20
510.17254877090454
 10
107.49394598603249
 20
510.13381510972977
 10
107.62484741210938
 20
510.088623046875
  0
LINE
  5
335
330
17
100
AcDbEntity
  8
SCHEMATICS
 62
7
100
AcDbLine
 10
107.62484741210938
 20
510.088623046875
 30
0.0
 11
107.55859375
 21
509.3235168457031
 31
0.0
  0
LWPOLYLINE
  5
336
330
17
100
AcDbEntity
  8
SCHEMATICS
 62
7
100
AcDbPolyline
 90
9
 70
0
 10
107.55859375
 20
509.3235168457031
 10
107.42709481716156
 20
509.38959753513336
 10
107.29812145233154
 20
509.4428644180298
 10
107.17112934589386
 20
509.48455131053925
 10
107.04557418823242
 20
509.5158920288086
 10
106.92091166973114
 20
509.5381203889847
 10
106.79659748077393
 20
509.55247020721436
 10
106.67208731174469
 20
509.56017529964447
 10
106.54683685302734
 20
509.5624694824219
  0
LWPOLYLINE
  5
337
330
17
100
AcDbEntity
  8
SCHEMATICS
 62
7
100
AcDbPolyline
 90
9
 70
0
 10
106.54683685302734
 20
509.5624694824219
 10
106.20279584825039
 20
509.53008782863617
 10
105.8954051733017
 20
509.4368143081665
 10
105.62750716507435
 20
509.28845608234406
 10
105.40194416046143
 20
509.0908203125
 10
105.22155849635601
 20
508.8497141599655
 10
105.08919250965118
 20
508.5709447860718
 10
105.00768853724003
 20
508.26031935214996
 10
104.97988891601562
 20
507.92364501953125
  0
LWPOLYLINE
  5
338
330
17
100
AcDbEntity
  8
SCHEMATICS
 62
7
100
AcDbPolyline
 90
9
 70
0
 10
104.97988891601562
 20
507.92364501953125
 10
105.00718158483505
 20
507.5900954604149
 10
105.08763456344604
 20
507.2831702232361
 10
105.21911031007767
 20
507.0083706974983
 10
105.39947128295898
 20
506.7711982727051
 10
105.62657994031906
 20
506.57715433835983
 10
105.89829874038696
 20
506.43174028396606
 10
106.21249014139175
 20
506.34045749902725
 10
106.5670166015625
 20
506.3088073730469
  0
LWPOLYLINE
  5
339
330
17
100
AcDbEntity
  8
SCHEMATICS
 62
7
100
AcDbPolyline
 90
9
 70
0
 10
106.5670166015625
 20
506.3088073730469
 10
106.70781946182251
 20
506.3124012351036
 10
106.85158061981201
 20
506.32281827926636
 10
106.99501132965088
 20
506.33951169252396
 10
107.13482284545898
 20
506.36193466186523
 10
107.2677264213562
 20
506.389540374279
 10
107.3904333114624
 20
506.42178201675415
 10
107.49965476989746
 20
506.45811277627945
 10
107.59210205078125
 20
506.49798583984375
  0
LINE
  5
33A
330
17
100
AcDbEntity
  8
SCHEMATICS
 62
7
100
AcDbLine
 10
107.59210205078125
 20
506.49798583984375
 30
0.0
 11
107.6324691772461
 21
505.7391357421875
 31
0.0
  0
LINE
  5
33B
330
17
100
AcDbEntity
  8
SCHEMATICS
 62
7
100
AcDbLine
 10
111.83715057373047
 20
509.29144287109375
 30
0.0
 11
111.82344055175781
 21
509.29144287109375
 31
0.0
  0
LINE
  5
33C
330
17
100
AcDbEntity
  8
SCHEMATICS
 62
7
100
AcDbLine
 10
111.82344055175781
 20
509.29144287109375
 30
0.0
 11
111.14677429199219
 21
507.4252014160156
 31
0.0
  0
LINE
  5
33D
330
17
100
AcDbEntity
  8
SCHEMATICS
 62
7
100
AcDbLine
 10
111.14677429199219
 20
507.4252014160156
 30
0.0
 11
112.51380920410156
 21
507.4252014160156
 31
0.0
  0
LINE
  5
33E
330
17
100
AcDbEntity
  8
SCHEMATICS
 62
7
100
AcDbLine
 10
112.51380920410156
 20
507.4252014160156
 30
0.0
 11
111.83715057373047
 21
509.29144287109375
 31
0.0
  0
LINE
  5
33F
330
17
100
AcDbEntity
  8
SCHEMATICS
 62
7
100
AcDbLine
 10
111.32156372070312
 20
510.19921875
 30
0.0
 11
112.38015747070312
 21
510.19921875
 31
0.0
  0
LINE
  5
340
330
17
100
AcDbEntity
  8
SCHEMATICS
 62
7
100
AcDbLine
 10
112.38015747070312
 20
510.19921875
 30
0.0
 11
114.21404266357422
 21
505.67578125
 31
0.0
  0
LINE
  5
341
330
17
100
AcDbEntity
  8
SCHEMATICS
 62
7
100
AcDbLine
 10
114.21404266357422
 20
505.67578125
 30
0.0
 11
113.1763916015625
 21
505.67578125
 31
0.0
  0
LINE
  5
342
330
17
100
AcDbEntity
  8
SCHEMATICS
 62
7
100
AcDbLine
 10
113.1763916015625
 20
505.67578125
 30
0.0
 11
112.77503967285156
 21
506.7110290527344
 31
0.0
  0
LINE
  5
343
330
17
100
AcDbEntity
  8
SCHEMATICS
 62
7
100
AcDbLine
 10
112.77503967285156
 20
506.7110290527344
 30
0.0
 11
110.87908172607422
 21
506.7110290527344
 31
0.0
  0
LINE
  5
344
330
17
100
AcDbEntity
  8
SCHEMATICS
 62
7
100
AcDbLine
 10
110.87908172607422
 20
506.7110290527344
 30
0.0
 11
110.47087097167969
 21
505.67578125
 31
0.0
  0
LINE
  5
345
330
17
100
AcDbEntity
  8
SCHEMATICS
 62
7
100
AcDbLine
 10
110.47087097167969
 20
505.67578125
 30
0.0
 11
109.49948120117188
 21
505.67578125
 31
0.0
  0
LINE
  5
346
330
17
100
AcDbEntity
  8
SCHEMATICS
 62
7
100
AcDbLine
 10
109.49948120117188
 20
505.67578125
 30
0.0
 11
111.32156372070312
 21
510.19921875
 31
0.0
  0
LINE
  5
347
330
17
100
AcDbEntity
  8
SCHEMATICS
 62
7
100
AcDbLine
 10
116.79389953613281
 20
509.48504638671875
 30
0.0
 11
115.45465087890625
 21
509.48504638671875
 31
0.0
  0
LINE
  5
348
330
17
100
AcDbEntity
  8
SCHEMATICS
 62
7
100
AcDbLine
 10
115.45465087890625
 20
509.48504638671875
 30
0.0
 11
115.45465087890625
 21
510.19921875
 31
0.0
  0
LINE
  5
349
330
17
100
AcDbEntity
  8
SCHEMATICS
 62
7
100
AcDbLine
 10
115.45465087890625
 20
510.19921875
 30
0.0
 11
119.07101440429688
 21
510.19921875
 31
0.0
  0
LINE
  5
34A
330
17
100
AcDbEntity
  8
SCHEMATICS
 62
7
100
AcDbLine
 10
119.07101440429688
 20
510.19921875
 30
0.0
 11
119.07101440429688
 21
509.48504638671875
 31
0.0
  0
LINE
  5
34B
330
17
100
AcDbEntity
  8
SCHEMATICS
 62
7
100
AcDbLine
 10
119.07101440429688
 20
509.48504638671875
 30
0.0
 11
117.73063659667969
 21
509.48504638671875
 31
0.0
  0
LINE
  5
34C
330
17
100
AcDbEntity
  8
SCHEMATICS
 62
7
100
AcDbLine
 10
117.73063659667969
 20
509.48504638671875
 30
0.0
 11
117.73063659667969
 21
505.67578125
 31
0.0
  0
LINE
  5
34D
330
17
100
AcDbEntity
  8
SCHEMATICS
 62
7
100
AcDbLine
 10
117.73063659667969
 20
505.67578125
 30
0.0
 11
116.79389953613281
 21
505.67578125
 31
0.0
  0
LINE
  5
34E
330
17
100
AcDbEntity
  8
SCHEMATICS
 62
7
100
AcDbLine
 10
116.79389953613281
 20
505.67578125
 30
0.0
 11
116.79389953613281
 21
509.48504638671875
 31
0.0
  0
LINE
  5
34F
330
17
100
AcDbEntity
  8
SCHEMATICS
 62
7
100
AcDbLine
 10
100.62745666503906
 20
505.67578125
 30
0.0
 11
101.56419372558594
 21
505.67578125
 31
0.0
  0
LINE
  5
350
330
17
100
AcDbEntity
  8
SCHEMATICS
 62
7
100
AcDbLine
 10
101.56419372558594
 20
505.67578125
 30
0.0
 11
101.56419372558594
 21
510.19921875
 31
0.0
  0
LINE
  5
351
330
17
100
AcDbEntity
  8
SCHEMATICS
 62
7
100
AcDbLine
 10
101.56419372558594
 20
510.19921875
 30
0.0
 11
100.6270751953125
 21
510.19921875
 31
0.0
  0
LINE
  5
352
330
17
100
AcDbEntity
  8
SCHEMATICS
 62
7
100
AcDbLine
 10
100.6270751953125
 20
510.19921875
 30
0.0
 11
100.62745666503906
 21
505.67578125
 31
0.0
  0
LINE
  5
353
330
17
100
AcDbEntity
  8
SCHEMATICS
 62
7
100
AcDbLine
 10
121.24609375
 20
505.67578125
 30
0.0
 11
122.18283081054688
 21
505.67578125
 31
0.0
  0
LINE
  5
354
330
17
100
AcDbEntity
  8
SCHEMATICS
 62
7
100
AcDbLine
 10
122.18283081054688
 20
505.67578125
 30
0.0
 11
122.18283081054688
 21
510.19921875
 31
0.0
  0
LINE
  5
355
330
17
100
AcDbEntity
  8
SCHEMATICS
 62
7
100
AcDbLine
 10
122.18283081054688
 20
510.19921875
 30
0.0
 11
121.24609375
 21
510.19921875
 31
0.0
  0
LINE
  5
356
330
17
100
AcDbEntity
  8
SCHEMATICS
 62
7
100
AcDbLine
 10
121.24609375
 20
510.19921875
 30
0.0
 11
121.24609375
 21
505.67578125
 31
0.0
  0
LWPOLYLINE
  5
357
330
17
100
AcDbEntity
  8
SCHEMATICS
 62
7
100
AcDbPolyline
 90
9
 70
0
 10
126.91148376464844
 20
506.3088073730469
 10
127.24262550473213
 20
506.3458091020584
 10
127.52027630805969
 20
506.45032024383545
 10
127.74731454253197
 20
506.61259973049164
 10
127.9266185760498
 20
506.8229064941406
 10
128.06106677651405
 20
507.07149946689606
 10
128.15353751182556
 20
507.3486375808716
 10
128.20690914988518
 20
507.64457976818085
 10
128.22406005859375
 20
507.9495849609375
  0
LWPOLYLINE
  5
358
330
17
100
AcDbEntity
  8
SCHEMATICS
 62
7
100
AcDbPolyline
 90
9
 70
0
 10
128.22406005859375
 20
507.9495849609375
 10
128.20584708452225
 20
508.24777525663376
 10
128.14989614486694
 20
508.5379214286804
 10
128.05423921346664
 20
508.8102484345436
 10
127.91690826416016
 20
509.05498123168945
 10
127.73593527078629
 20
509.2623447775841
 10
127.50935220718384
 20
509.4225640296936
 10
127.23519104719162
 20
509.52586394548416
 10
126.91148376464844
 20
509.5624694824219
  0
LWPOLYLINE
  5
359
330
17
100
AcDbEntity
  8
SCHEMATICS
 62
7
100
AcDbPolyline
 90
9
 70
0
 10
126.91148376464844
 20
509.5624694824219
 10
126.58812144398689
 20
509.52586394548416
 10
126.3141577243805
 20
509.4225640296936
 10
126.08765587210655
 20
509.2623447775841
 10
125.90667915344238
 20
509.05498123168945
 10
125.7692908346653
 20
508.8102484345436
 10
125.67355418205261
 20
508.5379214286804
 10
125.61753246188164
 20
508.24777525663376
 10
125.59928894042969
 20
507.9495849609375
  0
LWPOLYLINE
  5
35A
330
17
100
AcDbEntity
  8
SCHEMATICS
 62
7
100
AcDbPolyline
 90
9
 70
0
 10
125.59928894042969
 20
507.9495849609375
 10
125.61639216542244
 20
507.64457976818085
 10
125.6696445941925
 20
507.3486375808716
 10
125.7619603574276
 20
507.07149946689606
 10
125.89625358581543
 20
506.8229064941406
 10
126.07543841004372
 20
506.61259973049164
 10
126.30242896080017
 20
506.45032024383545
 10
126.5801393687725
 20
506.3458091020584
 10
126.91148376464844
 20
506.3088073730469
  0
LWPOLYLINE
  5
35B
330
17
100
AcDbEntity
  8
SCHEMATICS
 62
7
100
AcDbPolyline
 90
9
 70
0
 10
126.91148376464844
 20
510.27679443359375
 10
127.43101632595062
 20
510.23289573192596
 10
127.88811206817627
 20
510.10550594329834
 10
128.28066456317902
 20
509.9010845422745
 10
128.6065673828125
 20
509.62609100341797
 10
128.86371409893036
 20
509.2869848012924
 10
129.04999828338623
 20
508.8902254104614
 10
129.16331350803375
 20
508.4422723054886
 10
129.20155334472656
 20
507.9495849609375
  0
LWPOLYLINE
  5
35C
330
17
100
AcDbEntity
  8
SCHEMATICS
 62
7
100
AcDbPolyline
 90
9
 70
0
 10
129.20155334472656
 20
507.9495849609375
 10
129.16386049985886
 20
507.4560137987137
 10
129.05187368392944
 20
507.0053129196167
 10
128.86723047494888
 20
506.6045526266098
 10
128.61156845092773
 20
506.26080322265625
 10
128.28652518987656
 20
505.9811350107193
 10
127.89373826980591
 20
505.7726182937622
 10
127.43484526872635
 20
505.64232337474823
 10
126.91148376464844
 20
505.5973205566406
  0
LWPOLYLINE
  5
35D
330
17
100
AcDbEntity
  8
SCHEMATICS
 62
7
100
AcDbPolyline
 90
9
 70
0
 10
126.91148376464844
 20
505.5973205566406
 10
126.38257810473442
 20
505.64152228832245
 10
125.92115378379822
 20
505.76987171173096
 10
125.52814760804176
 20
505.9759851694107
 10
125.20449638366699
 20
506.25347900390625
 10
124.95113691687584
 20
506.59596955776215
 10
124.76900601387024
 20
506.99707317352295
 10
124.65904048085213
 20
507.4504061937332
 10
124.62217712402344
 20
507.9495849609375
  0
LWPOLYLINE
  5
35E
330
17
100
AcDbEntity
  8
SCHEMATICS
 62
7
100
AcDbPolyline
 90
9
 70
0
 10
124.62217712402344
 20
507.9495849609375
 10
124.65963441133499
 20
508.44793248176575
 10
124.77104234695435
 20
508.8985424041748
 10
124.95495504140854
 20
509.2956483364105
 10
125.20992660522461
 20
509.63348388671875
 10
125.5345111489296
 20
509.90628266334534
 10
125.92726278305054
 20
510.10827827453613
 10
126.38673561811447
 20
510.233704328537
 10
126.91148376464844
 20
510.27679443359375
  0
LINE
  5
35F
330
17
100
AcDbEntity
  8
SCHEMATICS
 62
7
100
AcDbLine
 10
131.6732635498047
 20
510.19921875
 30
0.0
 11
132.8243865966797
 21
510.19921875
 31
0.0
  0
LINE
  5
360
330
17
100
AcDbEntity
  8
SCHEMATICS
 62
7
100
AcDbLine
 10
132.8243865966797
 20
510.19921875
 30
0.0
 11
134.60572814941406
 21
506.8153991699219
 31
0.0
  0
LINE
  5
361
330
17
100
AcDbEntity
  8
SCHEMATICS
 62
7
100
AcDbLine
 10
134.60572814941406
 20
506.8153991699219
 30
0.0
 11
134.61981201171875
 21
506.8153991699219
 31
0.0
  0
LINE
  5
362
330
17
100
AcDbEntity
  8
SCHEMATICS
 62
7
100
AcDbLine
 10
134.61981201171875
 20
506.8153991699219
 30
0.0
 11
134.61981201171875
 21
510.19921875
 31
0.0
  0
LINE
  5
363
330
17
100
AcDbEntity
  8
SCHEMATICS
 62
7
100
AcDbLine
 10
134.61981201171875
 20
510.19921875
 30
0.0
 11
135.5158233642578
 21
510.19921875
 31
0.0
  0
LINE
  5
364
330
17
100
AcDbEntity
  8
SCHEMATICS
 62
7
100
AcDbLine
 10
135.5158233642578
 20
510.19921875
 30
0.0
 11
135.5158233642578
 21
505.67578125
 31
0.0
  0
LINE
  5
365
330
17
100
AcDbEntity
  8
SCHEMATICS
 62
7
100
AcDbLine
 10
135.5158233642578
 20
505.67578125
 30
0.0
 11
134.37191772460938
 21
505.67578125
 31
0.0
  0
LINE
  5
366
330
17
100
AcDbEntity
  8
SCHEMATICS
 62
7
100
AcDbLine
 10
134.37191772460938
 20
505.67578125
 30
0.0
 11
132.583740234375
 21
509.0579833984375
 31
0.0
  0
LINE
  5
367
330
17
100
AcDbEntity
  8
SCHEMATICS
 62
7
100
AcDbLine
 10
132.583740234375
 20
509.0579833984375
 30
0.0
 11
132.5700225830078
 21
509.0579833984375
 31
0.0
  0
LINE
  5
368
330
17
100
AcDbEntity
  8
SCHEMATICS
 62
7
100
AcDbLine
 10
132.5700225830078
 20
509.0579833984375
 30
0.0
 11
132.5700225830078
 21
505.67578125
 31
0.0
  0
LINE
  5
369
330
17
100
AcDbEntity
  8
SCHEMATICS
 62
7
100
AcDbLine
 10
132.5700225830078
 20
505.67578125
 30
0.0
 11
131.6732635498047
 21
505.67578125
 31
0.0
  0
LINE
  5
36A
330
17
100
AcDbEntity
  8
SCHEMATICS
 62
7
100
AcDbLine
 10
131.6732635498047
 20
505.67578125
 30
0.0
 11
131.6732635498047
 21
510.19921875
 31
0.0
  0
LINE
  5
36B
330
17
100
AcDbEntity
  8
SCHEMATICS
 62
7
100
AcDbLine
 10
143.8612060546875
 20
508.1056213378906
 30
0.0
 11
144.1909637451172
 21
508.1056213378906
 31
0.0
  0
LWPOLYLINE
  5
36C
330
17
100
AcDbEntity
  8
SCHEMATICS
 62
7
100
AcDbPolyline
 90
9
 70
0
 10
144.1909637451172
 20
508.1056213378906
 10
144.3637449145317
 20
508.11304301023483
 10
144.52784967422485
 20
508.1370768547058
 10
144.67885166406631
 20
508.1803761124611
 10
144.81232452392578
 20
508.2455940246582
 10
144.92384189367294
 20
508.3353838324547
 10
145.0089774131775
 20
508.45239877700806
 10
145.0633047223091
 20
508.59929209947586
 10
145.0823974609375
 20
508.7787170410156
  0
LWPOLYLINE
  5
36D
330
17
100
AcDbEntity
  8
SCHEMATICS
 62
7
100
AcDbPolyline
 90
9
 70
0
 10
145.0823974609375
 20
508.7787170410156
 10
145.0638667345047
 20
508.95988541841507
 10
145.0109043121338
 20
509.1106915473938
 10
144.927454829216
 20
509.23304837942123
 10
144.81746292114258
 20
509.3288688659668
 10
144.68487322330475
 20
509.4000659584999
 10
144.53363037109375
 20
509.44855260849
 10
144.36767899990082
 20
509.47624176740646
 10
144.1909637451172
 20
509.48504638671875
  0
LINE
  5
36E
330
17
100
AcDbEntity
  8
SCHEMATICS
 62
7
100
AcDbLine
 10
144.1909637451172
 20
509.48504638671875
 30
0.0
 11
143.8612060546875
 21
509.48504638671875
 31
0.0
  0
LINE
  5
36F
330
17
100
AcDbEntity
  8
SCHEMATICS
 62
7
100
AcDbLine
 10
143.8612060546875
 20
509.48504638671875
 30
0.0
 11
143.8612060546875
 21
508.1056213378906
 31
0.0
  0
LINE
  5
370
330
17
100
AcDbEntity
  8
SCHEMATICS
 62
7
100
AcDbLine
 10
142.9259796142578
 20
510.19921875
 30
0.0
 11
144.11024475097656
 21
510.19921875
 31
0.0
  0
LWPOLYLINE
  5
371
330
17
100
AcDbEntity
  8
SCHEMATICS
 62
7
100
AcDbPolyline
 90
9
 70
0
 10
144.11024475097656
 20
510.19921875
 10
144.48620450496674
 20
510.1848459839821
 10
144.8441047668457
 20
510.1377205848694
 10
145.17406141757965
 20
510.05183190107346
 10
145.46619033813477
 20
509.92116928100586
 10
145.71060740947723
 20
509.73972207307816
 10
145.89742851257324
 20
509.5014796257019
 10
146.01676952838898
 20
509.20043128728867
 10
146.05874633789062
 20
508.83056640625
  0
LWPOLYLINE
  5
372
330
17
100
AcDbEntity
  8
SCHEMATICS
 62
7
100
AcDbPolyline
 90
9
 70
0
 10
146.05874633789062
 20
508.83056640625
 10
146.02257120609283
 20
508.465655207634
 10
145.91863918304443
 20
508.1605215072632
 10
145.75384032726288
 20
507.91173708438873
 10
145.53506469726562
 20
507.7158737182617
 10
145.26920235157013
 20
507.56950318813324
 10
144.96314334869385
 20
507.4691972732544
 10
144.62377774715424
 20
507.4115277528763
 10
144.25799560546875
 20
507.39306640625
  0
LINE
  5
373
330
17
100
AcDbEntity
  8
SCHEMATICS
 62
7
100
AcDbLine
 10
144.25799560546875
 20
507.39306640625
 30
0.0
 11
143.8612060546875
 21
507.39306640625
 31
0.0
  0
LINE
  5
374
330
17
100
AcDbEntity
  8
SCHEMATICS
 62
7
100
AcDbLine
 10
143.8612060546875
 20
507.39306640625
 30
0.0
 11
143.8612060546875
 21
505.67578125
 31
0.0
  0
LINE
  5
375
330
17
100
AcDbEntity
  8
SCHEMATICS
 62
7
100
AcDbLine
 10
143.8612060546875
 20
505.67578125
 30
0.0
 11
142.9259796142578
 21
505.67578125
 31
0.0
  0
LINE
  5
376
330
17
100
AcDbEntity
  8
SCHEMATICS
 62
7
100
AcDbLine
 10
142.9259796142578
 20
505.67578125
 30
0.0
 11
142.9259796142578
 21
510.19921875
 31
0.0
  0
LINE
  5
377
330
17
100
AcDbEntity
  8
SCHEMATICS
 62
7
100
AcDbLine
 10
149.246337890625
 20
508.2660827636719
 30
0.0
 11
149.5555419921875
 21
508.2660827636719
 31
0.0
  0
LWPOLYLINE
  5
378
330
17
100
AcDbEntity
  8
SCHEMATICS
 62
7
100
AcDbPolyline
 90
9
 70
0
 10
149.5555419921875
 20
508.2660827636719
 10
149.7305892109871
 20
508.270021378994
 10
149.90494012832642
 20
508.28521490097046
 10
150.07161563634872
 20
508.3167298436165
 10
150.22363662719727
 20
508.36963272094727
 10
150.3540239930153
 20
508.448990046978
 10
150.45579862594604
 20
508.5598683357239
 10
150.52198141813278
 20
508.7073341012001
 10
150.54559326171875
 20
508.8964538574219
  0
LWPOLYLINE
  5
379
330
17
100
AcDbEntity
  8
SCHEMATICS
 62
7
100
AcDbPolyline
 90
9
 70
0
 10
150.54559326171875
 20
508.8964538574219
 10
150.52223113179207
 20
509.0779079794884
 10
150.4566547870636
 20
509.2178854942322
 10
150.3556292951107
 20
509.32171326875687
 10
150.22591972351074
 20
509.394718170166
 10
150.07429113984108
 20
509.4422270655632
 10
149.90750861167908
 20
509.469566822052
 10
149.7323372066021
 20
509.482064306736
 10
149.5555419921875
 20
509.48504638671875
  0
LINE
  5
37A
330
17
100
AcDbEntity
  8
SCHEMATICS
 62
7
100
AcDbLine
 10
149.5555419921875
 20
509.48504638671875
 30
0.0
 11
149.246337890625
 21
509.48504638671875
 31
0.0
  0
LINE
  5
37B
330
17
100
AcDbEntity
  8
SCHEMATICS
 62
7
100
AcDbLine
 10
149.246337890625
 20
509.48504638671875
 30
0.0
 11
149.246337890625
 21
508.2660827636719
 31
0.0
  0
LINE
  5
37C
330
17
100
AcDbEntity
  8
SCHEMATICS
 62
7
100
AcDbLine
 10
148.30921936035156
 20
510.19921875
 30
0.0
 11
149.32098388671875
 21
510.19921875
 31
0.0
  0
LWPOLYLINE
  5
37D
330
17
100
AcDbEntity
  8
SCHEMATICS
 62
7
100
AcDbPolyline
 90
9
 70
0
 10
149.32098388671875
 20
510.19921875
 10
149.70393487811089
 20
510.1981420516968
 10
150.0888011455536
 20
510.18457984924316
 10
150.45925465226173
 20
510.14303398132324
 10
150.7989673614502
 20
510.0580062866211
 10
151.09161123633385
 20
509.9139986038208
 10
151.32085824012756
 20
509.69551277160645
 10
151.47038033604622
 20
509.3870506286621
 10
151.5238494873047
 20
508.9731140136719
  0
LWPOLYLINE
  5
37E
330
17
100
AcDbEntity
  8
SCHEMATICS
 62
7
100
AcDbPolyline
 90
9
 70
0
 10
151.5238494873047
 20
508.9731140136719
 10
151.5068320631981
 20
508.77891743183136
 10
151.4568953514099
 20
508.5962915420532
 10
151.37571269273758
 20
508.4284528493881
 10
151.26495742797852
 20
508.2786178588867
 10
151.12630289793015
 20
508.15000307559967
 10
150.9614224433899
 20
508.04582500457764
 10
150.77198940515518
 20
507.9693001508713
 10
150.55967712402344
 20
507.92364501953125
  0
LINE
  5
37F
330
17
100
AcDbEntity
  8
SCHEMATICS
 62
7
100
AcDbLine
 10
150.55967712402344
 20
507.92364501953125
 30
0.0
 11
150.55967712402344
 21
507.9112243652344
 31
0.0
  0
LWPOLYLINE
  5
380
330
17
100
AcDbEntity
  8
SCHEMATICS
 62
7
100
AcDbPolyline
 90
9
 70
0
 10
150.55967712402344
 20
507.9112243652344
 10
150.6499220430851
 20
507.89355033636093
 10
150.73085236549377
 20
507.85794019699097
 10
150.8030798137188
 20
507.8075435757637
 10
150.8672161102295
 20
507.74551010131836
 10
150.9238729774952
 20
507.67498940229416
 10
150.97366213798523
 20
507.5991311073303
 10
151.01719531416893
 20
507.52108484506607
 10
151.05508422851562
 20
507.4440002441406
  0
LINE
  5
381
330
17
100
AcDbEntity
  8
SCHEMATICS
 62
7
100
AcDbLine
 10
151.05508422851562
 20
507.4440002441406
 30
0.0
 11
151.8052520751953
 21
505.67578125
 31
0.0
  0
LINE
  5
382
330
17
100
AcDbEntity
  8
SCHEMATICS
 62
7
100
AcDbLine
 10
151.8052520751953
 20
505.67578125
 30
0.0
 11
150.76036071777344
 21
505.67578125
 31
0.0
  0
LINE
  5
383
330
17
100
AcDbEntity
  8
SCHEMATICS
 62
7
100
AcDbLine
 10
150.76036071777344
 20
505.67578125
 30
0.0
 11
150.19793701171875
 21
507.0873718261719
 31
0.0
  0
LWPOLYLINE
  5
384
330
17
100
AcDbEntity
  8
SCHEMATICS
 62
7
100
AcDbPolyline
 90
9
 70
0
 10
150.19793701171875
 20
507.0873718261719
 10
150.1476435959339
 20
507.20447993278503
 10
150.09531044960022
 20
507.303035736084
 10
150.03754171729088
 20
507.38394474983215
 10
149.9709415435791
 20
507.44811248779297
 10
149.8921140730381
 20
507.49644446372986
 10
149.7976634502411
 20
507.52984619140625
 10
149.68419381976128
 20
507.54922318458557
 10
149.54830932617188
 20
507.55548095703125
  0
LINE
  5
385
330
17
100
AcDbEntity
  8
SCHEMATICS
 62
7
100
AcDbLine
 10
149.54830932617188
 20
507.55548095703125
 30
0.0
 11
149.246337890625
 21
507.55548095703125
 31
0.0
  0
LINE
  5
386
330
17
100
AcDbEntity
  8
SCHEMATICS
 62
7
100
AcDbLine
 10
149.246337890625
 20
507.55548095703125
 30
0.0
 11
149.246337890625
 21
505.67578125
 31
0.0
  0
LINE
  5
387
330
17
100
AcDbEntity
  8
SCHEMATICS
 62
7
100
AcDbLine
 10
149.246337890625
 20
505.67578125
 30
0.0
 11
148.30921936035156
 21
505.67578125
 31
0.0
  0
LINE
  5
388
330
17
100
AcDbEntity
  8
SCHEMATICS
 62
7
100
AcDbLine
 10
148.30921936035156
 20
505.67578125
 30
0.0
 11
148.30921936035156
 21
510.19921875
 31
0.0
  0
LWPOLYLINE
  5
389
330
17
100
AcDbEntity
  8
SCHEMATICS
 62
7
100
AcDbPolyline
 90
9
 70
0
 10
156.2041473388672
 20
506.3088073730469
 10
156.53570640087128
 20
506.3458091020584
 10
156.8135175704956
 20
506.45032024383545
 10
157.04052126407623
 20
506.61259973049164
 10
157.21965789794922
 20
506.8229064941406
 10
157.35386788845062
 20
507.07149946689606
 10
157.4460916519165
 20
507.3486375808716
 10
157.49926960468292
 20
507.64457976818085
 10
157.51634216308594
 20
507.9495849609375
  0
LWPOLYLINE
  5
38A
330
17
100
AcDbEntity
  8
SCHEMATICS
 62
7
100
AcDbPolyline
 90
9
 70
0
 10
157.51634216308594
 20
507.9495849609375
 10
157.4981299340725
 20
508.24777525663376
 10
157.4421842098236
 20
508.5379214286804
 10
157.34654143452644
 20
508.8102484345436
 10
157.20923805236816
 20
509.05498123168945
 10
157.02831050753593
 20
509.2623447775841
 10
156.80179524421692
 20
509.4225640296936
 10
156.52772870659828
 20
509.52586394548416
 10
156.2041473388672
 20
509.5624694824219
  0
LWPOLYLINE
  5
38B
330
17
100
AcDbEntity
  8
SCHEMATICS
 62
7
100
AcDbPolyline
 90
9
 70
0
 10
156.2041473388672
 20
509.5624694824219
 10
155.88065406680107
 20
509.52586394548416
 10
155.60659193992615
 20
509.4225640296936
 10
155.38001957535744
 20
509.2623447775841
 10
155.19899559020996
 20
509.05498123168945
 10
155.06157860159874
 20
508.8102484345436
 10
154.9658272266388
 20
508.5379214286804
 10
154.90980008244514
 20
508.24777525663376
 10
154.8915557861328
 20
507.9495849609375
  0
LWPOLYLINE
  5
38C
330
17
100
AcDbEntity
  8
SCHEMATICS
 62
7
100
AcDbPolyline
 90
9
 70
0
 10
154.8915557861328
 20
507.9495849609375
 10
154.9086754322052
 20
507.64457976818085
 10
154.96197128295898
 20
507.3486375808716
 10
155.0543487071991
 20
507.07149946689606
 10
155.18871307373047
 20
506.8229064941406
 10
155.36796975135803
 20
506.61259973049164
 10
155.59502410888672
 20
506.45032024383545
 10
155.87278151512146
 20
506.3458091020584
 10
156.2041473388672
 20
506.3088073730469
  0
LWPOLYLINE
  5
38D
330
17
100
AcDbEntity
  8
SCHEMATICS
 62
7
100
AcDbPolyline
 90
9
 70
0
 10
156.2041473388672
 20
510.27679443359375
 10
156.7235533297062
 20
510.23289573192596
 10
157.18055272102356
 20
510.10550594329834
 10
157.57303497195244
 20
509.9010845422745
 10
157.89888954162598
 20
509.62609100341797
 10
158.15600588917732
 20
509.2869848012924
 10
158.34227347373962
 20
508.8902254104614
 10
158.45558175444603
 20
508.4422723054886
 10
158.4938201904297
 20
507.9495849609375
  0
LWPOLYLINE
  5
38E
330
17
100
AcDbEntity
  8
SCHEMATICS
 62
7
100
AcDbPolyline
 90
9
 70
0
 10
158.4938201904297
 20
507.9495849609375
 10
158.45612812042236
 20
507.4560137987137
 10
158.34414672851562
 20
507.0053129196167
 10
158.15951824188232
 20
506.6045526266098
 10
157.9038848876953
 20
506.26080322265625
 10
157.57888889312744
 20
505.9811350107193
 10
157.18617248535156
 20
505.7726182937622
 10
156.72737789154053
 20
505.64232337474823
 10
156.2041473388672
 20
505.5973205566406
  0
LWPOLYLINE
  5
38F
330
17
100
AcDbEntity
  8
SCHEMATICS
 62
7
100
AcDbPolyline
 90
9
 70
0
 10
156.2041473388672
 20
505.5973205566406
 10
155.67509871721268
 20
505.64152228832245
 10
155.21353483200073
 20
505.76987171173096
 10
154.82039731740952
 20
505.9759851694107
 10
154.4966278076172
 20
506.25347900390625
 10
154.2431679368019
 20
506.59596955776215
 10
154.06095933914185
 20
506.99707317352295
 10
153.95094364881516
 20
507.4504061937332
 10
153.9140625
 20
507.9495849609375
  0
LWPOLYLINE
  5
390
330
17
100
AcDbEntity
  8
SCHEMATICS
 62
7
100
AcDbPolyline
 90
9
 70
0
 10
153.9140625
 20
507.9495849609375
 10
153.9514900147915
 20
508.44793248176575
 10
154.06283259391785
 20
508.8985424041748
 10
154.2466802895069
 20
509.2956483364105
 10
154.50162315368652
 20
509.63348388671875
 10
154.82625123858452
 20
509.90628266334534
 10
155.21915459632874
 20
510.10827827453613
 10
155.678923279047
 20
510.233704328537
 10
156.2041473388672
 20
510.27679443359375
  0
LINE
  5
391
330
17
100
AcDbEntity
  8
SCHEMATICS
 62
7
100
AcDbLine
 10
161.86343383789062
 20
509.48504638671875
 30
0.0
 11
160.52305603027344
 21
509.48504638671875
 31
0.0
  0
LINE
  5
392
330
17
100
AcDbEntity
  8
SCHEMATICS
 62
7
100
AcDbLine
 10
160.52305603027344
 20
509.48504638671875
 30
0.0
 11
160.52305603027344
 21
510.19921875
 31
0.0
  0
LINE
  5
393
330
17
100
AcDbEntity
  8
SCHEMATICS
 62
7
100
AcDbLine
 10
160.52305603027344
 20
510.19921875
 30
0.0
 11
164.1390380859375
 21
510.19921875
 31
0.0
  0
LINE
  5
394
330
17
100
AcDbEntity
  8
SCHEMATICS
 62
7
100
AcDbLine
 10
164.1390380859375
 20
510.19921875
 30
0.0
 11
164.1390380859375
 21
509.48504638671875
 31
0.0
  0
LINE
  5
395
330
17
100
AcDbEntity
  8
SCHEMATICS
 62
7
100
AcDbLine
 10
164.1390380859375
 20
509.48504638671875
 30
0.0
 11
162.80133056640625
 21
509.48504638671875
 31
0.0
  0
LINE
  5
396
330
17
100
AcDbEntity
  8
SCHEMATICS
 62
7
100
AcDbLine
 10
162.80133056640625
 20
509.48504638671875
 30
0.0
 11
162.80133056640625
 21
505.67578125
 31
0.0
  0
LINE
  5
397
330
17
100
AcDbEntity
  8
SCHEMATICS
 62
7
100
AcDbLine
 10
162.80133056640625
 20
505.67578125
 30
0.0
 11
161.86343383789062
 21
505.67578125
 31
0.0
  0
LINE
  5
398
330
17
100
AcDbEntity
  8
SCHEMATICS
 62
7
100
AcDbLine
 10
161.86343383789062
 20
505.67578125
 30
0.0
 11
161.86343383789062
 21
509.48504638671875
 31
0.0
  0
LWPOLYLINE
  5
399
330
17
100
AcDbEntity
  8
SCHEMATICS
 62
7
100
AcDbPolyline
 90
9
 70
0
 10
168.45985412597656
 20
506.3088073730469
 10
168.7909681200981
 20
506.3458091020584
 10
169.0685362815857
 20
506.45032024383545
 10
169.29545503854752
 20
506.61259973049164
 10
169.4746208190918
 20
506.8229064941406
 10
169.60893005132675
 20
507.07149946689606
 10
169.7012791633606
 20
507.3486375808716
 10
169.75456458330154
 20
507.64457976818085
 10
169.7716827392578
 20
507.9495849609375
  0
LWPOLYLINE
  5
39A
330
17
100
AcDbEntity
  8
SCHEMATICS
 62
7
100
AcDbPolyline
 90
9
 70
0
 10
169.7716827392578
 20
507.9495849609375
 10
169.75345557928085
 20
508.24777525663376
 10
169.69747686386108
 20
508.5379214286804
 10
169.60180073976517
 20
508.8102484345436
 10
169.46448135375977
 20
509.05498123168945
 10
169.28357285261154
 20
509.2623447775841
 10
169.05712938308716
 20
509.4225640296936
 10
168.78320509195328
 20
509.52586394548416
 10
168.45985412597656
 20
509.5624694824219
  0
LWPOLYLINE
  5
39B
330
17
100
AcDbEntity
  8
SCHEMATICS
 62
7
100
AcDbPolyline
 90
9
 70
0
 10
168.45985412597656
 20
509.5624694824219
 10
168.1358993947506
 20
509.52586394548416
 10
167.86155104637146
 20
509.4225640296936
 10
167.63483265042305
 20
509.2623447775841
 10
167.45376777648926
 20
509.05498123168945
 10
167.31637999415398
 20
508.8102484345436
 10
167.2206928730011
 20
508.5379214286804
 10
167.16472998261452
 20
508.24777525663376
 10
167.14651489257812
 20
507.9495849609375
  0
LWPOLYLINE
  5
39C
330
17
100
AcDbEntity
  8
SCHEMATICS
 62
7
100
AcDbPolyline
 90
9
 70
0
 10
167.14651489257812
 20
507.9495849609375
 10
167.16363662481308
 20
507.64457976818085
 10
167.21694421768188
 20
507.3486375808716
 10
167.30935126543045
 20
507.07149946689606
 10
167.4437713623047
 20
506.8229064941406
 10
167.6231181025505
 20
506.61259973049164
 10
167.85030508041382
 20
506.45032024383545
 10
168.12824589014053
 20
506.3458091020584
 10
168.45985412597656
 20
506.3088073730469
  0
LWPOLYLINE
  5
39D
330
17
100
AcDbEntity
  8
SCHEMATICS
 62
7
100
AcDbPolyline
 90
9
 70
0
 10
168.45985412597656
 20
510.27679443359375
 10
168.9790631532669
 20
510.23289573192596
 10
169.43600845336914
 20
510.10550594329834
 10
169.8285435438156
 20
509.9010845422745
 10
170.15452194213867
 20
509.62609100341797
 10
170.41179716587067
 20
509.2869848012924
 10
170.59822273254395
 20
508.8902254104614
 10
170.71165215969086
 20
508.4422723054886
 10
170.74993896484375
 20
507.9495849609375
  0
LWPOLYLINE
  5
39E
330
17
100
AcDbEntity
  8
SCHEMATICS
 62
7
100
AcDbPolyline
 90
9
 70
0
 10
170.74993896484375
 20
507.9495849609375
 10
170.71224609017372
 20
507.4560137987137
 10
170.60025906562805
 20
507.0053129196167
 10
170.41561529040337
 20
506.6045526266098
 10
170.1599521636963
 20
506.26080322265625
 10
169.83490708470345
 20
505.9811350107193
 10
169.44211745262146
 20
505.7726182937622
 10
168.98322066664696
 20
505.64232337474823
 10
168.45985412597656
 20
505.5973205566406
  0
LWPOLYLINE
  5
39F
330
17
100
AcDbEntity
  8
SCHEMATICS
 62
7
100
AcDbPolyline
 90
9
 70
0
 10
168.45985412597656
 20
505.5973205566406
 10
167.93059214949608
 20
505.64152228832245
 10
167.46893095970154
 20
505.76987171173096
 10
167.07578518986702
 20
505.9759851694107
 10
166.7520694732666
 20
506.25347900390625
 10
166.49869844317436
 20
506.59596955776215
 10
166.31658673286438
 20
506.99707317352295
 10
166.20664897561073
 20
507.4504061937332
 10
166.1697998046875
 20
507.9495849609375
  0
LWPOLYLINE
  5
3A0
330
17
100
AcDbEntity
  8
SCHEMATICS
 62
7
100
AcDbPolyline
 90
9
 70
0
 10
166.1697998046875
 20
507.9495849609375
 10
166.20721098780632
 20
508.44793248176575
 10
166.31851363182068
 20
508.8985424041748
 10
166.50231137871742
 20
509.2956483364105
 10
166.7572078704834
 20
509.63348388671875
 10
167.08180674910545
 20
509.90628266334534
 10
167.47471165657043
 20
510.10827827453613
 10
167.9345262348652
 20
510.233704328537
 10
168.45985412597656
 20
510.27679443359375
  0
LWPOLYLINE
  5
3A1
330
17
100
AcDbEntity
  8
SCHEMATICS
 62
7
100
AcDbPolyline
 90
9
 70
0
 10
176.66893005371094
 20
505.7391357421875
 10
176.5397965312004
 20
505.71076941490173
 10
176.4086012840271
 20
505.6842498779297
 10
176.27581745386124
 20
505.6601736545563
 10
176.14191818237305
 20
505.6391372680664
 10
176.00737661123276
 20
505.621737241745
 10
175.8726658821106
 20
505.60857009887695
 10
175.7382591366768
 20
505.6002323627472
 10
175.60462951660156
 20
505.5973205566406
  0
LWPOLYLINE
  5
3A2
330
17
100
AcDbEntity
  8
SCHEMATICS
 62
7
100
AcDbPolyline
 90
9
 70
0
 10
175.60462951660156
 20
505.5973205566406
 10
175.05972442030907
 20
505.63176268339157
 10
174.5651195049286
 20
505.7355971336365
 10
174.12770465016365
 20
505.90958601236343
 10
173.75436973571777
 20
506.15449142456055
 10
173.45200464129448
 20
506.4710754752159
 10
173.2274992465973
 20
506.8601002693176
 10
173.08774343132973
 20
507.3223279118538
 10
173.0396270751953
 20
507.8585205078125
  0
LWPOLYLINE
  5
3A3
330
17
100
AcDbEntity
  8
SCHEMATICS
 62
7
100
AcDbPolyline
 90
9
 70
0
 10
173.0396270751953
 20
507.8585205078125
 10
173.08472871780396
 20
508.4071488380432
 10
173.2171630859375
 20
508.8898391723633
 10
173.43262434005737
 20
509.30436849594116
 10
173.726806640625
 20
509.6485137939453
 10
174.0954041481018
 20
509.9200520515442
 10
174.53411102294922
 20
510.11676025390625
 10
175.03862142562866
 20
510.23641538619995
 10
175.60462951660156
 20
510.27679443359375
  0
LWPOLYLINE
  5
3A4
330
17
100
AcDbEntity
  8
SCHEMATICS
 62
7
100
AcDbPolyline
 90
9
 70
0
 10
175.60462951660156
 20
510.27679443359375
 10
175.72428420186043
 20
510.2740098834038
 10
175.85145783424377
 20
510.26556730270386
 10
175.98417362570763
 20
510.251333296299
 10
176.120454788208
 20
510.23117446899414
 10
176.25832453370094
 20
510.20495742559433
 10
176.39580607414246
 20
510.17254877090454
 10
176.53092262148857
 20
510.13381510972977
 10
176.6616973876953
 20
510.088623046875
  0
LINE
  5
3A5
330
17
100
AcDbEntity
  8
SCHEMATICS
 62
7
100
AcDbLine
 10
176.6616973876953
 20
510.088623046875
 30
0.0
 11
176.59544372558594
 21
509.3235168457031
 31
0.0
  0
LWPOLYLINE
  5
3A6
330
17
100
AcDbEntity
  8
SCHEMATICS
 62
7
100
AcDbPolyline
 90
9
 70
0
 10
176.59544372558594
 20
509.3235168457031
 10
176.4639433324337
 20
509.38959753513336
 10
176.33497405052185
 20
509.4428644180298
 10
176.2079956829548
 20
509.48455131053925
 10
176.0824680328369
 20
509.5158920288086
 10
175.95785090327263
 20
509.5381203889847
 10
175.83360409736633
 20
509.55247020721436
 10
175.70918741822243
 20
509.56017529964447
 10
175.5840606689453
 20
509.5624694824219
  0
LWPOLYLINE
  5
3A7
330
17
100
AcDbEntity
  8
SCHEMATICS
 62
7
100
AcDbPolyline
 90
9
 70
0
 10
175.5840606689453
 20
509.5624694824219
 10
175.23991200327873
 20
509.53008782863617
 10
174.9324700832367
 20
509.4368143081665
 10
174.66456428170204
 20
509.28845608234406
 10
174.43902397155762
 20
509.0908203125
 10
174.25867852568626
 20
508.8497141599655
 10
174.12635731697083
 20
508.5709447860718
 10
174.04488971829414
 20
508.26031935214996
 10
174.01710510253906
 20
507.92364501953125
  0
LWPOLYLINE
  5
3A8
330
17
100
AcDbEntity
  8
SCHEMATICS
 62
7
100
AcDbPolyline
 90
9
 70
0
 10
174.01710510253906
 20
507.92364501953125
 10
174.04438289999962
 20
507.5900954604149
 10
174.12480330467224
 20
507.2831702232361
 10
174.25624683499336
 20
507.0083706974983
 10
174.4365940093994
 20
506.7711982727051
 10
174.66372534632683
 20
506.57715433835983
 10
174.93552136421204
 20
506.43174028396606
 10
175.24986258149147
 20
506.34045749902725
 10
175.60462951660156
 20
506.3088073730469
  0
LWPOLYLINE
  5
3A9
330
17
100
AcDbEntity
  8
SCHEMATICS
 62
7
100
AcDbPolyline
 90
9
 70
0
 10
175.60462951660156
 20
506.3088073730469
 10
175.74527591466904
 20
506.3124012351036
 10
175.8888716697693
 20
506.32281827926636
 10
176.03215485811234
 20
506.33951169252396
 10
176.1718635559082
 20
506.36193466186523
 10
176.3047358393669
 20
506.389540374279
 10
176.4275097846985
 20
506.42178201675415
 10
176.53692346811295
 20
506.45811277627945
 10
176.6297149658203
 20
506.49798583984375
  0
LINE
  5
3AA
330
17
100
AcDbEntity
  8
SCHEMATICS
 62
7
100
AcDbLine
 10
176.6297149658203
 20
506.49798583984375
 30
0.0
 11
176.66893005371094
 21
505.7391357421875
 31
0.0
  0
LWPOLYLINE
  5
3AB
330
17
100
AcDbEntity
  8
SCHEMATICS
 62
7
100
AcDbPolyline
 90
9
 70
0
 10
181.08229064941406
 20
506.3088073730469
 10
181.41327369213104
 20
506.3458091020584
 10
181.6907434463501
 20
506.45032024383545
 10
181.91759169101715
 20
506.61259973049164
 10
182.09671020507812
 20
506.8229064941406
 10
182.23099076747894
 20
507.07149946689606
 10
182.32332515716553
 20
507.3486375808716
 10
182.3766051530838
 20
507.64457976818085
 10
182.3937225341797
 20
507.9495849609375
  0
LWPOLYLINE
  5
3AC
330
17
100
AcDbEntity
  8
SCHEMATICS
 62
7
100
AcDbPolyline
 90
9
 70
0
 10
182.3937225341797
 20
507.9495849609375
 10
182.37554308772087
 20
508.24777525663376
 10
182.3196837902069
 20
508.5379214286804
 10
182.22416320443153
 20
508.8102484345436
 10
182.08699989318848
 20
509.05498123168945
 10
181.90621241927147
 20
509.2623447775841
 10
181.67981934547424
 20
509.4225640296936
 10
181.40583923459053
 20
509.52586394548416
 10
181.08229064941406
 20
509.5624694824219
  0
LWPOLYLINE
  5
3AD
330
17
100
AcDbEntity
  8
SCHEMATICS
 62
7
100
AcDbPolyline
 90
9
 70
0
 10
181.08229064941406
 20
509.5624694824219
 10
180.7585827112198
 20
509.52586394548416
 10
180.48441982269287
 20
509.4225640296936
 10
180.2578343153
 20
509.2623447775841
 10
180.0768585205078
 20
509.05498123168945
 10
179.93952476978302
 20
508.8102484345436
 10
179.84386539459229
 20
508.5379214286804
 10
179.78791272640228
 20
508.24777525663376
 10
179.7696990966797
 20
507.9495849609375
  0
LWPOLYLINE
  5
3AE
330
17
100
AcDbEntity
  8
SCHEMATICS
 62
7
100
AcDbPolyline
 90
9
 70
0
 10
179.7696990966797
 20
507.9495849609375
 10
179.78681936860085
 20
507.64457976818085
 10
179.84011673927307
 20
507.3486375808716
 10
179.9324960410595
 20
507.07149946689606
 10
180.06686210632324
 20
506.8229064941406
 10
180.24611976742744
 20
506.61259973049164
 10
180.47317385673523
 20
506.45032024383545
 10
180.75092920660973
 20
506.3458091020584
 10
181.08229064941406
 20
506.3088073730469
  0
LWPOLYLINE
  5
3AF
330
17
100
AcDbEntity
  8
SCHEMATICS
 62
7
100
AcDbPolyline
 90
9
 70
0
 10
181.08229064941406
 20
510.27679443359375
 10
181.60152742266655
 20
510.23289573192596
 10
182.05855536460876
 20
510.10550594329834
 10
182.4512099325657
 20
509.9010845422745
 10
182.7773265838623
 20
509.62609100341797
 10
183.0347407758236
 20
509.2869848012924
 10
183.22128796577454
 20
508.8902254104614
 10
183.33480361104012
 20
508.4422723054886
 10
183.3731231689453
 20
507.9495849609375
  0
LWPOLYLINE
  5
3B0
330
17
100
AcDbEntity
  8
SCHEMATICS
 62
7
100
AcDbPolyline
 90
9
 70
0
 10
183.3731231689453
 20
507.9495849609375
 10
183.33539754152298
 20
507.4560137987137
 10
183.22332429885864
 20
507.0053129196167
 10
183.0385589003563
 20
506.6045526266098
 10
182.78275680541992
 20
506.26080322265625
 10
182.45757347345352
 20
505.9811350107193
 10
182.06466436386108
 20
505.7726182937622
 10
181.6056849360466
 20
505.64232337474823
 10
181.08229064941406
 20
505.5973205566406
  0
LWPOLYLINE
  5
3B1
330
17
100
AcDbEntity
  8
SCHEMATICS
 62
7
100
AcDbPolyline
 90
9
 70
0
 10
181.08229064941406
 20
505.5973205566406
 10
180.55324706435204
 20
505.64152228832245
 10
180.09168696403503
 20
505.76987171173096
 10
179.69855216145515
 20
505.9759851694107
 10
179.3747844696045
 20
506.25347900390625
 10
179.12132570147514
 20
506.59596955776215
 10
178.9391176700592
 20
506.99707317352295
 10
178.82910218834877
 20
507.4504061937332
 10
178.79222106933594
 20
507.9495849609375
  0
LWPOLYLINE
  5
3B2
330
17
100
AcDbEntity
  8
SCHEMATICS
 62
7
100
AcDbPolyline
 90
9
 70
0
 10
178.79222106933594
 20
507.9495849609375
 10
178.82966420054436
 20
508.44793248176575
 10
178.9410445690155
 20
508.8985424041748
 10
179.1249386370182
 20
509.2956483364105
 10
179.3799228668213
 20
509.63348388671875
 10
179.7045737206936
 20
509.90628266334534
 10
180.09746766090393
 20
510.10827827453613
 10
180.55718114972115
 20
510.233704328537
 10
181.08229064941406
 20
510.27679443359375
  0
LINE
  5
3B3
330
17
100
AcDbEntity
  8
SCHEMATICS
 62
7
100
AcDbLine
 10
185.8897705078125
 20
510.19921875
 30
0.0
 11
186.82765197753906
 21
510.19921875
 31
0.0
  0
LINE
  5
3B4
330
17
100
AcDbEntity
  8
SCHEMATICS
 62
7
100
AcDbLine
 10
186.82765197753906
 20
510.19921875
 30
0.0
 11
186.82765197753906
 21
506.3874206542969
 31
0.0
  0
LINE
  5
3B5
330
17
100
AcDbEntity
  8
SCHEMATICS
 62
7
100
AcDbLine
 10
186.82765197753906
 20
506.3874206542969
 30
0.0
 11
188.64288330078125
 21
506.3874206542969
 31
0.0
  0
LINE
  5
3B6
330
17
100
AcDbEntity
  8
SCHEMATICS
 62
7
100
AcDbLine
 10
188.64288330078125
 20
506.3874206542969
 30
0.0
 11
188.64288330078125
 21
505.67578125
 31
0.0
  0
LINE
  5
3B7
330
17
100
AcDbEntity
  8
SCHEMATICS
 62
7
100
AcDbLine
 10
188.64288330078125
 20
505.67578125
 30
0.0
 11
185.8897705078125
 21
505.67578125
 31
0.0
  0
LINE
  5
3B8
330
17
100
AcDbEntity
  8
SCHEMATICS
 62
7
100
AcDbLine
 10
185.8897705078125
 20
505.67578125
 30
0.0
 11
185.8897705078125
 21
510.19921875
 31
0.0
  0
LINE
  5
3B9
330
17
100
AcDbEntity
  8
SCHEMATICS
 62
7
100
AcDbLine
 10
148.51902770996094
 20
535.786376953125
 30
0.0
 11
148.63021850585938
 21
535.786376953125
 31
0.0
  0
LWPOLYLINE
  5
3BA
330
17
100
AcDbEntity
  8
SCHEMATICS
 62
7
100
AcDbPolyline
 90
9
 70
0
 10
148.63021850585938
 20
535.786376953125
 10
148.6777986884117
 20
535.7884438633919
 10
148.7219738960266
 20
535.7947812080383
 10
148.76183825731277
 20
535.8055939078331
 10
148.7964859008789
 20
535.8210868835449
 10
148.8250109553337
 20
535.8414650559425
 10
148.8465075492859
 20
535.8669333457947
 10
148.86006981134415
 20
535.8976966738701
 10
148.8647918701172
 20
535.9339599609375
  0
LWPOLYLINE
  5
3BB
330
17
100
AcDbEntity
  8
SCHEMATICS
 62
7
100
AcDbPolyline
 90
9
 70
0
 10
148.8647918701172
 20
535.9339599609375
 10
148.86162143945694
 20
535.9672042131424
 10
148.85199403762817
 20
535.9970903396606
 10
148.83573549985886
 20
536.0232871770859
 10
148.81267166137695
 20
536.0454635620117
 10
148.78262835741043
 20
536.0632883310318
 10
148.74543142318726
 20
536.0764303207397
 10
148.7009066939354
 20
536.0845583677292
 10
148.6488800048828
 20
536.0873413085938
  0
LWPOLYLINE
  5
3BC
330
17
100
AcDbEntity
  8
SCHEMATICS
 62
7
100
AcDbPolyline
 90
9
 70
0
 10
148.6488800048828
 20
536.0873413085938
 10
148.62657648324966
 20
536.0871176719666
 10
148.60594415664673
 20
536.0864677429199
 10
148.58701485395432
 20
536.0854229927063
 10
148.56982040405273
 20
536.0840148925781
 10
148.5543926358223
 20
536.0822749137878
 10
148.5407633781433
 20
536.0802345275879
 10
148.5289644598961
 20
536.0779252052307
 10
148.51902770996094
 20
536.0753784179688
  0
LINE
  5
3BD
330
17
100
AcDbEntity
  8
SCHEMATICS
 62
7
100
AcDbLine
 10
148.51902770996094
 20
536.0753784179688
 30
0.0
 11
148.51902770996094
 21
535.786376953125
 31
0.0
  0
LINE
  5
3BE
330
17
100
AcDbEntity
  8
SCHEMATICS
 62
7
100
AcDbLine
 10
148.51255798339844
 20
535.220703125
 30
0.0
 11
148.2772216796875
 21
535.220703125
 31
0.0
  0
LINE
  5
3BF
330
17
100
AcDbEntity
  8
SCHEMATICS
 62
7
100
AcDbLine
 10
148.2772216796875
 20
535.220703125
 30
0.0
 11
148.2772216796875
 21
536.2232666015625
 31
0.0
  0
LWPOLYLINE
  5
3C0
330
17
100
AcDbEntity
  8
SCHEMATICS
 62
7
100
AcDbPolyline
 90
9
 70
0
 10
148.2772216796875
 20
536.2232666015625
 10
148.31412553787231
 20
536.2301480174065
 10
148.35432815551758
 20
536.2368788719177
 10
148.39787817001343
 20
536.2432227730751
 10
148.44482421875
 20
536.2489433288574
 10
148.49521493911743
 20
536.2538041472435
 10
148.54909896850586
 20
536.2575688362122
 10
148.60652494430542
 20
536.2600010037422
 10
148.66754150390625
 20
536.2608642578125
  0
LWPOLYLINE
  5
3C1
330
17
100
AcDbEntity
  8
SCHEMATICS
 62
7
100
AcDbPolyline
 90
9
 70
0
 10
148.66754150390625
 20
536.2608642578125
 10
148.7345433831215
 20
536.2594428062439
 10
148.79289388656616
 20
536.2552661895752
 10
148.84365051984787
 20
536.2484660148621
 10
148.88787078857422
 20
536.2391738891602
 10
148.9266121983528
 20
536.2275214195251
 10
148.96093225479126
 20
536.2136402130127
 10
148.99188846349716
 20
536.1976618766785
 10
149.02053833007812
 20
536.1797180175781
  0
LWPOLYLINE
  5
3C2
330
17
100
AcDbEntity
  8
SCHEMATICS
 62
7
100
AcDbPolyline
 90
9
 70
0
 10
149.02053833007812
 20
536.1797180175781
 10
149.04073557257652
 20
536.1616630554199
 10
149.05939841270447
 20
536.140546798706
 10
149.0761697590351
 20
536.1166410446167
 10
149.0906925201416
 20
536.090217590332
 10
149.1026096045971
 20
536.0615482330322
 10
149.11156392097473
 20
536.0309047698975
 10
149.11719837784767
 20
535.9985589981079
 10
149.11915588378906
 20
535.9647827148438
  0
LWPOLYLINE
  5
3C3
330
17
100
AcDbEntity
  8
SCHEMATICS
 62
7
100
AcDbPolyline
 90
9
 70
0
 10
149.11915588378906
 20
535.9647827148438
 10
149.1152148246765
 20
535.9223126769066
 10
149.10376358032227
 20
535.8829779624939
 10
149.08536005020142
 20
535.8469870686531
 10
149.06056213378906
 20
535.8145484924316
 10
149.0299277305603
 20
535.7858707308769
 10
148.99401473999023
 20
535.7611622810364
 10
148.95338106155396
 20
535.7406316399574
 10
148.90858459472656
 20
535.7244873046875
  0
LINE
  5
3C4
330
17
100
AcDbEntity
  8
SCHEMATICS
 62
7
100
AcDbLine
 10
148.90858459472656
 20
535.7244873046875
 30
0.0
 11
148.90858459472656
 21
535.7120666503906
 31
0.0
  0
LWPOLYLINE
  5
3C5
330
17
100
AcDbEntity
  8
SCHEMATICS
 62
7
100
AcDbPolyline
 90
9
 70
0
 10
148.90858459472656
 20
535.7120666503906
 10
148.94361978769302
 20
535.6982881426811
 10
148.97489881515503
 20
535.6797041893005
 10
149.00262659788132
 20
535.6562815308571
 10
149.02700805664062
 20
535.627986907959
 10
149.0482481122017
 20
535.5947870612144
 10
149.06655168533325
 20
535.5566487312317
 10
149.08212369680405
 20
535.5135386586189
 10
149.0951690673828
 20
535.4654235839844
  0
LWPOLYLINE
  5
3C6
330
17
100
AcDbEntity
  8
SCHEMATICS
 62
7
100
AcDbPolyline
 90
9
 70
0
 10
149.0951690673828
 20
535.4654235839844
 10
149.10604029893875
 20
535.4117146730423
 10
149.11596632003784
 20
535.3661088943481
 10
149.12517923116684
 20
535.327857375145
 10
149.1339111328125
 20
535.2962112426758
 10
149.14239412546158
 20
535.2704216241837
 10
149.15086030960083
 20
535.2497396469116
 10
149.159541785717
 20
535.2334164381027
 10
149.16867065429688
 20
535.220703125
  0
LINE
  5
3C7
330
17
100
AcDbEntity
  8
SCHEMATICS
 62
7
100
AcDbLine
 10
149.16867065429688
 20
535.220703125
 30
0.0
 11
148.91390991210938
 21
535.220703125
 31
0.0
  0
LWPOLYLINE
  5
3C8
330
17
100
AcDbEntity
  8
SCHEMATICS
 62
7
100
AcDbPolyline
 90
9
 70
0
 10
148.91390991210938
 20
535.220703125
 10
148.90331971645355
 20
535.2364909648895
 10
148.8933868408203
 20
535.2567234039307
 10
148.8838745355606
 20
535.2811815738678
 10
148.8745460510254
 20
535.3096466064453
 10
148.8651646375656
 20
535.3418996334076
 10
148.85549354553223
 20
535.377721786499
 10
148.84529602527618
 20
535.416894197464
 10
148.83433532714844
 20
535.4591979980469
  0
LWPOLYLINE
  5
3C9
330
17
100
AcDbEntity
  8
SCHEMATICS
 62
7
100
AcDbPolyline
 90
9
 70
0
 10
148.83433532714844
 20
535.4591979980469
 10
148.82525625824928
 20
535.497969865799
 10
148.81183075904846
 20
535.5311126708984
 10
148.79378220438957
 20
535.5587680339813
 10
148.7708339691162
 20
535.5810775756836
 10
148.74270942807198
 20
535.5981829166412
 10
148.70913195610046
 20
535.6102256774902
 10
148.66982492804527
 20
535.6173474788666
 10
148.62451171875
 20
535.6196899414062
  0
LINE
  5
3CA
330
17
100
AcDbEntity
  8
SCHEMATICS
 62
7
100
AcDbLine
 10
148.62451171875
 20
535.6196899414062
 30
0.0
 11
148.51255798339844
 21
535.6196899414062
 31
0.0
  0
LINE
  5
3CB
330
17
100
AcDbEntity
  8
SCHEMATICS
 62
7
100
AcDbLine
 10
148.51255798339844
 20
535.6196899414062
 30
0.0
 11
148.51255798339844
 21
535.220703125
 31
0.0
  0
LWPOLYLINE
  5
3CC
330
17
100
AcDbEntity
  8
SCHEMATICS
 62
7
100
AcDbPolyline
 90
9
 70
0
 10
148.66754150390625
 20
536.5505981445312
 10
148.5062594115734
 20
536.5340803861618
 10
148.35801196098328
 20
536.4867486953735
 10
148.22540965676308
 20
536.4119354486465
 10
148.11106300354004
 20
536.3129730224609
 10
148.0175825059414
 20
536.1931937932968
 10
147.94757866859436
 20
536.0559301376343
 10
147.90366199612617
 20
535.9045144319534
 10
147.88844299316406
 20
535.7422790527344
  0
LWPOLYLINE
  5
3CD
330
17
100
AcDbEntity
  8
SCHEMATICS
 62
7
100
AcDbPolyline
 90
9
 70
0
 10
147.88844299316406
 20
535.7422790527344
 10
147.9036850631237
 20
535.5787257552147
 10
147.94776320457458
 20
535.4268164634705
 10
148.01820531487465
 20
535.2896836400032
 10
148.11253929138184
 20
535.1704597473145
 10
148.2282930314541
 20
535.0722772479057
 10
148.36299443244934
 20
534.9982686042786
 10
148.51417139172554
 20
534.9515662789345
 10
148.67935180664062
 20
534.935302734375
  0
LWPOLYLINE
  5
3CE
330
17
100
AcDbEntity
  8
SCHEMATICS
 62
7
100
AcDbPolyline
 90
9
 70
0
 10
148.67935180664062
 20
534.935302734375
 10
148.84074500203133
 20
534.9502782821655
 10
148.98858284950256
 20
534.9963760375977
 10
149.12041077017784
 20
535.0703058242798
 10
149.23377418518066
 20
535.1687774658203
 10
149.32621851563454
 20
535.2885007858276
 10
149.39528918266296
 20
535.4261856079102
 10
149.43853160738945
 20
535.5785417556763
 10
149.4534912109375
 20
535.7422790527344
  0
LWPOLYLINE
  5
3CF
330
17
100
AcDbEntity
  8
SCHEMATICS
 62
7
100
AcDbPolyline
 90
9
 70
0
 10
149.4534912109375
 20
535.7422790527344
 10
149.43851897120476
 20
535.9045144319534
 10
149.39518809318542
 20
536.0559301376343
 10
149.32587733864784
 20
536.1931937932968
 10
149.23296546936035
 20
536.3129730224609
 10
149.1188312470913
 20
536.4119354486465
 10
148.985853433609
 20
536.4867486953735
 10
148.83641079068184
 20
536.5340803861618
 10
148.67288208007812
 20
536.5505981445312
  0
LINE
  5
3D0
330
17
100
AcDbEntity
  8
SCHEMATICS
 62
7
100
AcDbLine
 10
148.67288208007812
 20
536.5505981445312
 30
0.0
 11
148.66754150390625
 21
536.5505981445312
 31
0.0
  0
LWPOLYLINE
  5
3D1
330
17
100
AcDbEntity
  8
SCHEMATICS
 62
7
100
AcDbPolyline
 90
9
 70
0
 10
148.67935180664062
 20
536.7520446777344
 10
148.89097049832344
 20
536.7316988110542
 10
149.08663487434387
 20
536.6732716560364
 10
149.26256570219994
 20
536.5806788802147
 10
149.41498374938965
 20
536.457836151123
 10
149.54010978341103
 20
536.3086591362953
 10
149.63416457176208
 20
536.1370635032654
 10
149.69336888194084
 20
535.9469649195671
 10
149.7139434814453
 20
535.7422790527344
  0
LWPOLYLINE
  5
3D2
330
17
100
AcDbEntity
  8
SCHEMATICS
 62
7
100
AcDbPolyline
 90
9
 70
0
 10
149.7139434814453
 20
535.7422790527344
 10
149.69335624575615
 20
535.5342292785645
 10
149.63406348228455
 20
535.341926574707
 10
149.53976860642433
 20
535.1690673828125
 10
149.41417503356934
 20
535.0193481445312
 10
149.2609861791134
 20
534.8964653015137
 10
149.08390545845032
 20
534.8041152954102
 10
148.88663628697395
 20
534.7459945678711
 10
148.67288208007812
 20
534.7257995605469
  0
LWPOLYLINE
  5
3D3
330
17
100
AcDbEntity
  8
SCHEMATICS
 62
7
100
AcDbPolyline
 90
9
 70
0
 10
148.67288208007812
 20
534.7257995605469
 10
148.46080377697945
 20
534.7459945678711
 10
148.26392769813538
 20
534.8041152954102
 10
148.08628377318382
 20
534.8964653015137
 10
147.9319019317627
 20
535.0193481445312
 10
147.8048121035099
 20
535.1690673828125
 10
147.70904421806335
 20
535.341926574707
 10
147.64862820506096
 20
535.5342292785645
 10
147.62759399414062
 20
535.7422790527344
  0
LWPOLYLINE
  5
3D4
330
17
100
AcDbEntity
  8
SCHEMATICS
 62
7
100
AcDbPolyline
 90
9
 70
0
 10
147.62759399414062
 20
535.7422790527344
 10
147.64862820506096
 20
535.9469649195671
 10
147.70904421806335
 20
536.1370635032654
 10
147.8048121035099
 20
536.3086591362953
 10
147.9319019317627
 20
536.457836151123
 10
148.08628377318382
 20
536.5806788802147
 10
148.26392769813538
 20
536.6732716560364
 10
148.46080377697945
 20
536.7316988110542
 10
148.67288208007812
 20
536.7520446777344
  0
LINE
  5
3D5
330
17
100
AcDbEntity
  8
SCHEMATICS
 62
7
100
AcDbLine
 10
148.67288208007812
 20
536.7520446777344
 30
0.0
 11
148.67935180664062
 21
536.7520446777344
 31
0.0
  0
LWPOLYLINE
  5
3D6
330
17
100
AcDbEntity
  8
SCHEMATICS
 62
7
100
AcDbPolyline
 90
5
 70
0
 10
56.689998626708984
 20
478.0
 10
566.9299926757812
 20
478.0
 10
566.9299926757812
 20
495.8500061035156
 10
56.689998626708984
 20
495.8500061035156
 10
56.689998626708984
 20
478.0
  0
LWPOLYLINE
  5
3D7
330
17
100
AcDbEntity
  8
SCHEMATICS
 62
7
100
AcDbPolyline
 90
5
 70
0
 10
56.689998626708984
 20
390.1199951171875
 10
566.9299926757812
 20
390.1199951171875
 10
566.9299926757812
 20
407.9700012207031
 10
56.689998626708984
 20
407.9700012207031
 10
56.689998626708984
 20
390.1199951171875
  0
LWPOLYLINE
  5
3D8
330
17
100
AcDbEntity
  8
SCHEMATICS
 62
7
100
AcDbPolyline
 90
5
 70
0
 10
56.689998626708984
 20
326.1300048828125
 10
566.9299926757812
 20
326.1300048828125
 10
566.9299926757812
 20
343.9800109863281
 10
56.689998626708984
 20
343.9800109863281
 10
56.689998626708984
 20
326.1300048828125
  0
LINE
  5
3D9
330
17
100
AcDbEntity
  8
SCHEMATICS
 62
7
100
AcDbLine
 10
56.69038772583008
 20
319.127197265625
 30
0.0
 11
158.68902587890625
 21
319.127197265625
 31
0.0
  0
LINE
  5
3DA
330
17
100
AcDbEntity
  8
SCHEMATICS
 62
7
100
AcDbLine
 10
158.68902587890625
 20
319.127197265625
 30
0.0
 11
158.68902587890625
 21
132.1300048828125
 31
0.0
  0
LINE
  5
3DB
330
17
100
AcDbEntity
  8
SCHEMATICS
 62
7
100
AcDbLine
 10
158.68902587890625
 20
132.1300048828125
 30
0.0
 11
56.69038772583008
 21
132.1300048828125
 31
0.0
  0
LINE
  5
3DC
330
17
100
AcDbEntity
  8
SCHEMATICS
 62
7
100
AcDbLine
 10
56.69038772583008
 20
132.1300048828125
 30
0.0
 11
56.69038772583008
 21
319.127197265625
 31
0.0
  0
LINE
  5
3DD
330
17
100
AcDbEntity
  8
SCHEMATICS
 62
7
100
AcDbLine
 10
191.27137756347656
 20
276.628662109375
 30
0.0
 11
191.27737426757812
 21
150.54736328125
 31
0.0
  0
LINE
  5
3DE
330
17
100
AcDbEntity
  8
SCHEMATICS
 62
7
100
AcDbLine
 10
191.27737426757812
 20
150.54736328125
 30
0.0
 11
191.27137756347656
 21
150.54736328125
 31
0.0
  0
LINE
  5
3DF
330
17
100
AcDbEntity
  8
SCHEMATICS
 62
7
100
AcDbLine
 10
191.27137756347656
 20
150.54736328125
 30
0.0
 11
221.02108764648438
 21
150.54736328125
 31
0.0
  0
LINE
  5
3E0
330
17
100
AcDbEntity
  8
SCHEMATICS
 62
7
100
AcDbLine
 10
221.02108764648438
 20
150.54736328125
 30
0.0
 11
226.6873779296875
 21
157.25115966796875
 31
0.0
  0
LINE
  5
3E1
330
17
100
AcDbEntity
  8
SCHEMATICS
 62
7
100
AcDbLine
 10
226.6873779296875
 20
157.25115966796875
 30
0.0
 11
255.019775390625
 21
157.25115966796875
 31
0.0
  0
LINE
  5
3E2
330
17
100
AcDbEntity
  8
SCHEMATICS
 62
7
100
AcDbLine
 10
255.019775390625
 20
157.25115966796875
 30
0.0
 11
260.6870422363281
 21
150.54736328125
 31
0.0
  0
LINE
  5
3E3
330
17
100
AcDbEntity
  8
SCHEMATICS
 62
7
100
AcDbLine
 10
260.6870422363281
 20
150.54736328125
 30
0.0
 11
290.4437561035156
 21
150.60125732421875
 31
0.0
  0
LINE
  5
3E4
330
17
100
AcDbEntity
  8
SCHEMATICS
 62
7
100
AcDbLine
 10
290.4437561035156
 20
150.60125732421875
 30
0.0
 11
290.4357604980469
 21
150.54736328125
 31
0.0
  0
LINE
  5
3E5
330
17
100
AcDbEntity
  8
SCHEMATICS
 62
7
100
AcDbLine
 10
290.4357604980469
 20
150.54736328125
 30
0.0
 11
290.4357604980469
 21
278.89453125
 31
0.0
  0
LINE
  5
3E6
330
17
100
AcDbEntity
  8
SCHEMATICS
 62
7
100
AcDbLine
 10
290.4357604980469
 20
278.89453125
 30
0.0
 11
290.2098693847656
 21
282.860595703125
 31
0.0
  0
LWPOLYLINE
  5
3E7
330
17
100
AcDbEntity
  8
SCHEMATICS
 62
7
100
AcDbPolyline
 90
9
 70
0
 10
290.2098693847656
 20
282.860595703125
 10
290.15276861190796
 20
283.71675539016724
 10
290.08501052856445
 20
284.5551109313965
 10
290.0089612007141
 20
285.3892493247986
 10
289.92698669433594
 20
286.2327575683594
 10
289.84145307540894
 20
287.0992226600647
 10
289.7547264099121
 20
288.0022315979004
 10
289.66917276382446
 20
288.9553713798523
 10
289.587158203125
 20
289.97222900390625
  0
LWPOLYLINE
  5
3E8
330
17
100
AcDbEntity
  8
SCHEMATICS
 62
7
100
AcDbPolyline
 90
9
 70
0
 10
289.587158203125
 20
289.97222900390625
 10
289.08848536014557
 20
293.3751001358032
 10
288.0219259262085
 20
296.53536224365234
 10
286.44582259655
 20
299.3930311203003
 10
284.41851806640625
 20
301.88812255859375
 10
281.9983550310135
 20
303.9606523513794
 10
279.2436761856079
 20
305.5506362915039
 10
276.2128242254257
 20
306.59809017181396
 10
272.9641418457031
 20
307.04302978515625
  0
LWPOLYLINE
  5
3E9
330
17
100
AcDbEntity
  8
SCHEMATICS
 62
7
100
AcDbPolyline
 90
9
 70
0
 10
272.9641418457031
 20
307.04302978515625
 10
263.55295491218567
 20
307.3713150024414
 10
255.33450412750244
 20
307.6058044433594
 10
247.91144490242004
 20
307.74649810791016
 10
240.88643264770508
 20
307.79339599609375
 10
233.86212277412415
 20
307.74649810791016
 10
226.44117069244385
 20
307.6058044433594
 10
218.2262318134308
 20
307.3713150024414
 10
208.81996154785156
 20
307.04302978515625
  0
LWPOLYLINE
  5
3EA
330
17
100
AcDbEntity
  8
SCHEMATICS
 62
7
100
AcDbPolyline
 90
9
 70
0
 10
208.81996154785156
 20
307.04302978515625
 10
205.56793463230133
 20
306.59688889980316
 10
202.5282907485962
 20
305.54626750946045
 10
199.7612351179123
 20
303.95180428028107
 10
197.32697296142578
 20
301.87413787841797
 10
195.2857095003128
 20
299.3739069700241
 10
193.6976499557495
 20
296.51175022125244
 10
192.62299954891205
 20
293.3483062982559
 10
192.12196350097656
 20
289.9442138671875
  0
LWPOLYLINE
  5
3EB
330
17
100
AcDbEntity
  8
SCHEMATICS
 62
7
100
AcDbPolyline
 90
9
 70
0
 10
192.12196350097656
 20
289.9442138671875
 10
192.00927978754044
 20
288.8820369243622
 10
191.9077115058899
 20
287.9124011993408
 10
191.81666105985641
 20
287.0142824649811
 10
191.73553085327148
 20
286.1666564941406
 10
191.66372328996658
 20
285.3484990596771
 10
191.6006407737732
 20
284.53878593444824
 10
191.5456857085228
 20
283.71649289131165
 10
191.49826049804688
 20
282.860595703125
  0
LWPOLYLINE
  5
3EC
330
17
100
AcDbEntity
  8
SCHEMATICS
 62
7
100
AcDbPolyline
 90
9
 70
0
 10
191.49826049804688
 20
282.860595703125
 10
191.46404093503952
 20
282.14613902568817
 10
191.4311900138855
 20
281.3207082748413
 10
191.39986044168472
 20
280.43057119846344
 10
191.3702049255371
 20
279.5219955444336
 10
191.34237617254257
 20
278.6412490606308
 10
191.31652688980103
 20
277.8345994949341
 10
191.29280978441238
 20
277.1483145952225
 10
191.27137756347656
 20
276.628662109375
  0
LINE
  5
3ED
330
17
100
AcDbEntity
  8
SCHEMATICS
 62
7
100
AcDbLine
 10
308.8509216308594
 20
313.4609375
 30
0.0
 11
308.8509216308594
 21
309.462890625
 31
0.0
  0
LINE
  5
3EE
330
17
100
AcDbEntity
  8
SCHEMATICS
 62
7
100
AcDbLine
 10
308.8509216308594
 20
305.563720703125
 30
0.0
 11
308.8509216308594
 21
143.74432373046875
 31
0.0
  0
LINE
  5
3EF
330
17
100
AcDbEntity
  8
SCHEMATICS
 62
7
100
AcDbLine
 10
308.8509216308594
 20
141.7952880859375
 30
0.0
 11
308.8509216308594
 21
137.79718017578125
 31
0.0
  0
LINE
  5
3F0
330
17
100
AcDbEntity
  8
SCHEMATICS
 62
7
100
AcDbLine
 10
308.8509216308594
 20
137.79718017578125
 30
0.0
 11
304.85284423828125
 21
137.79718017578125
 31
0.0
  0
LINE
  5
3F1
330
17
100
AcDbEntity
  8
SCHEMATICS
 62
7
100
AcDbLine
 10
300.72381591796875
 20
137.79718017578125
 30
0.0
 11
178.9163055419922
 21
137.79718017578125
 31
0.0
  0
LINE
  5
3F2
330
17
100
AcDbEntity
  8
SCHEMATICS
 62
7
100
AcDbLine
 10
176.85128784179688
 20
137.79718017578125
 30
0.0
 11
172.85321044921875
 21
137.79718017578125
 31
0.0
  0
LINE
  5
3F3
330
17
100
AcDbEntity
  8
SCHEMATICS
 62
7
100
AcDbLine
 10
172.85321044921875
 20
137.79718017578125
 30
0.0
 11
172.85321044921875
 21
141.7952880859375
 31
0.0
  0
LINE
  5
3F4
330
17
100
AcDbEntity
  8
SCHEMATICS
 62
7
100
AcDbLine
 10
172.85321044921875
 20
145.694580078125
 30
0.0
 11
172.85321044921875
 21
307.5137939453125
 31
0.0
  0
LINE
  5
3F5
330
17
100
AcDbEntity
  8
SCHEMATICS
 62
7
100
AcDbLine
 10
172.85321044921875
 20
309.462890625
 30
0.0
 11
172.85321044921875
 21
313.4609375
 31
0.0
  0
LINE
  5
3F6
330
17
100
AcDbEntity
  8
SCHEMATICS
 62
7
100
AcDbLine
 10
172.85321044921875
 20
313.4609375
 30
0.0
 11
176.85128784179688
 21
313.4609375
 31
0.0
  0
LINE
  5
3F7
330
17
100
AcDbEntity
  8
SCHEMATICS
 62
7
100
AcDbLine
 10
180.98031616210938
 20
313.4609375
 30
0.0
 11
302.788818359375
 21
313.4609375
 31
0.0
  0
LINE
  5
3F8
330
17
100
AcDbEntity
  8
SCHEMATICS
 62
7
100
AcDbLine
 10
304.85284423828125
 20
313.4609375
 30
0.0
 11
308.8509216308594
 21
313.4609375
 31
0.0
  0
LINE
  5
3F9
330
17
100
AcDbEntity
  8
SCHEMATICS
 62
7
100
AcDbLine
 10
175.40699768066406
 20
255.095947265625
 30
0.0
 11
175.40699768066406
 21
252.82904052734375
 31
0.0
  0
LINE
  5
3FA
330
17
100
AcDbEntity
  8
SCHEMATICS
 62
7
100
AcDbLine
 10
175.40699768066406
 20
252.82904052734375
 30
0.0
 11
170.30844116210938
 21
252.82904052734375
 31
0.0
  0
LINE
  5
3FB
330
17
100
AcDbEntity
  8
SCHEMATICS
 62
7
100
AcDbLine
 10
170.30844116210938
 20
252.82904052734375
 30
0.0
 11
170.30844116210938
 21
255.095947265625
 31
0.0
  0
LINE
  5
3FC
330
17
100
AcDbEntity
  8
SCHEMATICS
 62
7
100
AcDbLine
 10
170.30844116210938
 20
255.095947265625
 30
0.0
 11
175.40699768066406
 21
255.095947265625
 31
0.0
  0
LWPOLYLINE
  5
3FD
330
17
100
AcDbEntity
  8
SCHEMATICS
 62
7
100
AcDbPolyline
 90
9
 70
0
 10
187.59214782714844
 20
257.219970703125
 10
187.02064895629883
 20
257.15354108810425
 10
186.48780250549316
 20
256.9631004333496
 10
186.00518131256104
 20
256.6619210243225
 10
185.58435821533203
 20
256.2632751464844
 10
185.23690605163574
 20
255.78043508529663
 10
184.97439765930176
 20
255.2266731262207
 10
184.80840587615967
 20
254.61526155471802
 10
184.75050354003906
 20
253.95947265625
  0
LWPOLYLINE
  5
3FE
330
17
100
AcDbEntity
  8
SCHEMATICS
 62
7
100
AcDbPolyline
 90
9
 70
0
 10
184.75050354003906
 20
253.95947265625
 10
184.80840587615967
 20
253.30445528030396
 10
184.97439765930176
 20
252.69378662109375
 10
185.23690605163574
 20
252.14071607589722
 10
185.58435821533203
 20
251.6584930419922
 10
186.00518131256104
 20
251.2603669166565
 10
186.48780250549316
 20
250.95958709716797
 10
187.02064895629883
 20
250.76940298080444
 10
187.59214782714844
 20
250.70306396484375
  0
LINE
  5
3FF
330
17
100
AcDbEntity
  8
SCHEMATICS
 62
7
100
AcDbLine
 10
172.85720825195312
 20
253.95947265625
 30
0.0
 11
184.75851440429688
 21
253.95947265625
 31
0.0
  0
LINE
  5
400
330
17
100
AcDbEntity
  8
SCHEMATICS
 62
7
100
AcDbLine
 10
175.40699768066406
 20
243.76239013671875
 30
0.0
 11
175.40699768066406
 21
241.4954833984375
 31
0.0
  0
LINE
  5
401
330
17
100
AcDbEntity
  8
SCHEMATICS
 62
7
100
AcDbLine
 10
175.40699768066406
 20
241.4954833984375
 30
0.0
 11
170.30844116210938
 21
241.4954833984375
 31
0.0
  0
LINE
  5
402
330
17
100
AcDbEntity
  8
SCHEMATICS
 62
7
100
AcDbLine
 10
170.30844116210938
 20
241.4954833984375
 30
0.0
 11
170.30844116210938
 21
243.76239013671875
 31
0.0
  0
LINE
  5
403
330
17
100
AcDbEntity
  8
SCHEMATICS
 62
7
100
AcDbLine
 10
170.30844116210938
 20
243.76239013671875
 30
0.0
 11
175.40699768066406
 21
243.76239013671875
 31
0.0
  0
LWPOLYLINE
  5
404
330
17
100
AcDbEntity
  8
SCHEMATICS
 62
7
100
AcDbPolyline
 90
9
 70
0
 10
187.59214782714844
 20
245.8863525390625
 10
187.02064895629883
 20
245.81992757320404
 10
186.48780250549316
 20
245.62950801849365
 10
186.00518131256104
 20
245.32837688922882
 10
185.58435821533203
 20
244.92981719970703
 10
185.23690605163574
 20
244.44711196422577
 10
184.97439765930176
 20
243.89354419708252
 10
184.80840587615967
 20
243.28239691257477
 10
184.75050354003906
 20
242.626953125
  0
LWPOLYLINE
  5
405
330
17
100
AcDbEntity
  8
SCHEMATICS
 62
7
100
AcDbPolyline
 90
9
 70
0
 10
184.75050354003906
 20
242.626953125
 10
184.80840587615967
 20
241.97191560268402
 10
184.97439765930176
 20
241.36123180389404
 10
185.23690605163574
 20
240.80815041065216
 10
185.58435821533203
 20
240.32592010498047
 10
186.00518131256104
 20
239.92778956890106
 10
186.48780250549316
 20
239.62700748443604
 10
187.02064895629883
 20
239.43682253360748
 10
187.59214782714844
 20
239.3704833984375
  0
LINE
  5
406
330
17
100
AcDbEntity
  8
SCHEMATICS
 62
7
100
AcDbLine
 10
172.85720825195312
 20
242.626953125
 30
0.0
 11
184.75851440429688
 21
242.626953125
 31
0.0
  0
LINE
  5
407
330
17
100
AcDbEntity
  8
SCHEMATICS
 62
7
100
AcDbLine
 10
175.40699768066406
 20
232.4298095703125
 30
0.0
 11
175.40699768066406
 21
230.16302490234375
 31
0.0
  0
LINE
  5
408
330
17
100
AcDbEntity
  8
SCHEMATICS
 62
7
100
AcDbLine
 10
175.40699768066406
 20
230.16302490234375
 30
0.0
 11
170.30844116210938
 21
230.16302490234375
 31
0.0
  0
LINE
  5
409
330
17
100
AcDbEntity
  8
SCHEMATICS
 62
7
100
AcDbLine
 10
170.30844116210938
 20
230.16302490234375
 30
0.0
 11
170.30844116210938
 21
232.4298095703125
 31
0.0
  0
LINE
  5
40A
330
17
100
AcDbEntity
  8
SCHEMATICS
 62
7
100
AcDbLine
 10
170.30844116210938
 20
232.4298095703125
 30
0.0
 11
175.40699768066406
 21
232.4298095703125
 31
0.0
  0
LWPOLYLINE
  5
40B
330
17
100
AcDbEntity
  8
SCHEMATICS
 62
7
100
AcDbPolyline
 90
9
 70
0
 10
187.59214782714844
 20
234.5538330078125
 10
187.02064895629883
 20
234.48740577697754
 10
186.48780250549316
 20
234.29697036743164
 10
186.00518131256104
 20
233.99579620361328
 10
185.58435821533203
 20
233.59715270996094
 10
185.23690605163574
 20
233.1143093109131
 10
184.97439765930176
 20
232.5605354309082
 10
184.80840587615967
 20
231.94910049438477
 10
184.75050354003906
 20
231.29327392578125
  0
LWPOLYLINE
  5
40C
330
17
100
AcDbEntity
  8
SCHEMATICS
 62
7
100
AcDbPolyline
 90
9
 70
0
 10
184.75050354003906
 20
231.29327392578125
 10
184.80840587615967
 20
230.63828194141388
 10
184.97439765930176
 20
230.02764225006104
 10
185.23690605163574
 20
229.47460210323334
 10
185.58435821533203
 20
228.9924087524414
 10
186.00518131256104
 20
228.59430944919586
 10
186.48780250549316
 20
228.29355144500732
 10
187.02064895629883
 20
228.1033819913864
 10
187.59214782714844
 20
228.03704833984375
  0
LINE
  5
40D
330
17
100
AcDbEntity
  8
SCHEMATICS
 62
7
100
AcDbLine
 10
172.85720825195312
 20
231.29327392578125
 30
0.0
 11
184.75851440429688
 21
231.29327392578125
 31
0.0
  0
LINE
  5
40E
330
17
100
AcDbEntity
  8
SCHEMATICS
 62
7
100
AcDbLine
 10
306.3021545410156
 20
255.094970703125
 30
0.0
 11
306.3021545410156
 21
252.82806396484375
 31
0.0
  0
LINE
  5
40F
330
17
100
AcDbEntity
  8
SCHEMATICS
 62
7
100
AcDbLine
 10
306.3021545410156
 20
252.82806396484375
 30
0.0
 11
311.4027099609375
 21
252.82806396484375
 31
0.0
  0
LINE
  5
410
330
17
100
AcDbEntity
  8
SCHEMATICS
 62
7
100
AcDbLine
 10
311.4027099609375
 20
252.82806396484375
 30
0.0
 11
311.4027099609375
 21
255.094970703125
 31
0.0
  0
LINE
  5
411
330
17
100
AcDbEntity
  8
SCHEMATICS
 62
7
100
AcDbLine
 10
311.4027099609375
 20
255.094970703125
 30
0.0
 11
306.3021545410156
 21
255.094970703125
 31
0.0
  0
LWPOLYLINE
  5
412
330
17
100
AcDbEntity
  8
SCHEMATICS
 62
7
100
AcDbPolyline
 90
9
 70
0
 10
294.1209716796875
 20
257.21893310546875
 10
294.692522585392
 20
257.152508020401
 10
295.22548723220825
 20
256.9620876312256
 10
295.70827025175095
 20
256.66095423698425
 10
296.12927627563477
 20
256.26239013671875
 10
296.4769099354744
 20
255.77967762947083
 10
296.7395758628845
 20
255.22609901428223
 10
296.9056786894798
 20
254.6149365901947
 10
296.963623046875
 20
253.95947265625
  0
LWPOLYLINE
  5
413
330
17
100
AcDbEntity
  8
SCHEMATICS
 62
7
100
AcDbPolyline
 90
9
 70
0
 10
296.963623046875
 20
253.95947265625
 10
296.9056786894798
 20
253.30445528030396
 10
296.7395758628845
 20
252.69378662109375
 10
296.4769099354744
 20
252.14071607589722
 10
296.12927627563477
 20
251.6584930419922
 10
295.70827025175095
 20
251.2603669166565
 10
295.22548723220825
 20
250.95958709716797
 10
294.692522585392
 20
250.76940298080444
 10
294.1209716796875
 20
250.70306396484375
  0
LINE
  5
414
330
17
100
AcDbEntity
  8
SCHEMATICS
 62
7
100
AcDbLine
 10
308.8529052734375
 20
253.95947265625
 30
0.0
 11
296.9546203613281
 21
253.95947265625
 31
0.0
  0
LINE
  5
415
330
17
100
AcDbEntity
  8
SCHEMATICS
 62
7
100
AcDbLine
 10
306.3021545410156
 20
243.76141357421875
 30
0.0
 11
306.3021545410156
 21
241.4954833984375
 31
0.0
  0
LINE
  5
416
330
17
100
AcDbEntity
  8
SCHEMATICS
 62
7
100
AcDbLine
 10
306.3021545410156
 20
241.4954833984375
 30
0.0
 11
311.4027099609375
 21
241.4954833984375
 31
0.0
  0
LINE
  5
417
330
17
100
AcDbEntity
  8
SCHEMATICS
 62
7
100
AcDbLine
 10
311.4027099609375
 20
241.4954833984375
 30
0.0
 11
311.4027099609375
 21
243.76141357421875
 31
0.0
  0
LINE
  5
418
330
17
100
AcDbEntity
  8
SCHEMATICS
 62
7
100
AcDbLine
 10
311.4027099609375
 20
243.76141357421875
 30
0.0
 11
306.3021545410156
 21
243.76141357421875
 31
0.0
  0
LWPOLYLINE
  5
419
330
17
100
AcDbEntity
  8
SCHEMATICS
 62
7
100
AcDbPolyline
 90
9
 70
0
 10
294.1209716796875
 20
245.8853759765625
 10
294.692522585392
 20
245.81894898414612
 10
295.22548723220825
 20
245.62851524353027
 10
295.70827025175095
 20
245.32734560966492
 10
296.12927627563477
 20
244.9287109375
 10
296.4769099354744
 20
244.44588208198547
 10
296.7395758628845
 20
243.8921298980713
 10
296.9056786894798
 20
243.2807252407074
 10
296.963623046875
 20
242.62493896484375
  0
LWPOLYLINE
  5
41A
330
17
100
AcDbEntity
  8
SCHEMATICS
 62
7
100
AcDbPolyline
 90
9
 70
0
 10
296.963623046875
 20
242.62493896484375
 10
296.9056786894798
 20
241.9702264070511
 10
296.7395758628845
 20
241.35979175567627
 10
296.4769099354744
 20
240.80689370632172
 10
296.12927627563477
 20
240.32479095458984
 10
295.70827025175095
 20
239.92674219608307
 10
295.22548723220825
 20
239.6260061264038
 10
294.692522585392
 20
239.43584144115448
 10
294.1209716796875
 20
239.3695068359375
  0
LINE
  5
41B
330
17
100
AcDbEntity
  8
SCHEMATICS
 62
7
100
AcDbLine
 10
308.8529052734375
 20
242.62493896484375
 30
0.0
 11
296.9546203613281
 21
242.62493896484375
 31
0.0
  0
LINE
  5
41C
330
17
100
AcDbEntity
  8
SCHEMATICS
 62
7
100
AcDbLine
 10
306.3021545410156
 20
178.5968017578125
 30
0.0
 11
306.3021545410156
 21
176.3306884765625
 31
0.0
  0
LINE
  5
41D
330
17
100
AcDbEntity
  8
SCHEMATICS
 62
7
100
AcDbLine
 10
306.3021545410156
 20
176.3306884765625
 30
0.0
 11
311.4027099609375
 21
176.3306884765625
 31
0.0
  0
LINE
  5
41E
330
17
100
AcDbEntity
  8
SCHEMATICS
 62
7
100
AcDbLine
 10
311.4027099609375
 20
176.3306884765625
 30
0.0
 11
311.4027099609375
 21
178.5968017578125
 31
0.0
  0
LINE
  5
41F
330
17
100
AcDbEntity
  8
SCHEMATICS
 62
7
100
AcDbLine
 10
311.4027099609375
 20
178.5968017578125
 30
0.0
 11
306.3021545410156
 21
178.5968017578125
 31
0.0
  0
LWPOLYLINE
  5
420
330
17
100
AcDbEntity
  8
SCHEMATICS
 62
7
100
AcDbPolyline
 90
9
 70
0
 10
294.1209716796875
 20
180.72076416015625
 10
294.692522585392
 20
180.6543266773224
 10
295.22548723220825
 20
180.46387672424316
 10
295.70827025175095
 20
180.16270804405212
 10
296.12927627563477
 20
179.7641143798828
 10
296.4769099354744
 20
179.28138947486877
 10
296.7395758628845
 20
178.72782707214355
 10
296.9056786894798
 20
178.1167209148407
 10
296.963623046875
 20
177.46136474609375
  0
LWPOLYLINE
  5
421
330
17
100
AcDbEntity
  8
SCHEMATICS
 62
7
100
AcDbPolyline
 90
9
 70
0
 10
296.963623046875
 20
177.46136474609375
 10
296.9056786894798
 20
176.80633687973022
 10
296.7395758628845
 20
176.19564056396484
 10
296.4769099354744
 20
175.64253091812134
 10
296.12927627563477
 20
175.16026306152344
 10
295.70827025175095
 20
174.76209211349487
 10
295.22548723220825
 20
174.46127319335938
 10
294.692522585392
 20
174.27106142044067
 10
294.1209716796875
 20
174.2047119140625
  0
LINE
  5
422
330
17
100
AcDbEntity
  8
SCHEMATICS
 62
7
100
AcDbLine
 10
308.8529052734375
 20
177.46136474609375
 30
0.0
 11
296.9546203613281
 21
177.46136474609375
 31
0.0
  0
LINE
  5
423
330
17
100
AcDbEntity
  8
SCHEMATICS
 62
7
100
AcDbLine
 10
306.3021545410156
 20
167.26434326171875
 30
0.0
 11
306.3021545410156
 21
164.99822998046875
 31
0.0
  0
LINE
  5
424
330
17
100
AcDbEntity
  8
SCHEMATICS
 62
7
100
AcDbLine
 10
306.3021545410156
 20
164.99822998046875
 30
0.0
 11
311.4027099609375
 21
164.99822998046875
 31
0.0
  0
LINE
  5
425
330
17
100
AcDbEntity
  8
SCHEMATICS
 62
7
100
AcDbLine
 10
311.4027099609375
 20
164.99822998046875
 30
0.0
 11
311.4027099609375
 21
167.26434326171875
 31
0.0
  0
LINE
  5
426
330
17
100
AcDbEntity
  8
SCHEMATICS
 62
7
100
AcDbLine
 10
311.4027099609375
 20
167.26434326171875
 30
0.0
 11
306.3021545410156
 21
167.26434326171875
 31
0.0
  0
LWPOLYLINE
  5
427
330
17
100
AcDbEntity
  8
SCHEMATICS
 62
7
100
AcDbPolyline
 90
9
 70
0
 10
294.1209716796875
 20
169.3883056640625
 10
294.692522585392
 20
169.32191741466522
 10
295.22548723220825
 20
169.13158321380615
 10
295.70827025175095
 20
168.83054888248444
 10
296.12927627563477
 20
168.43206024169922
 10
296.4769099354744
 20
167.94936311244965
 10
296.7395758628845
 20
167.39570331573486
 10
296.9056786894798
 20
166.78432667255402
 10
296.963623046875
 20
166.12847900390625
  0
LWPOLYLINE
  5
428
330
17
100
AcDbEntity
  8
SCHEMATICS
 62
7
100
AcDbPolyline
 90
9
 70
0
 10
296.963623046875
 20
166.12847900390625
 10
296.9056786894798
 20
165.47348701953888
 10
296.7395758628845
 20
164.86284732818604
 10
296.4769099354744
 20
164.30980718135834
 10
296.12927627563477
 20
163.8276138305664
 10
295.70827025175095
 20
163.42951452732086
 10
295.22548723220825
 20
163.12875652313232
 10
294.692522585392
 20
162.9385870695114
 10
294.1209716796875
 20
162.87225341796875
  0
LINE
  5
429
330
17
100
AcDbEntity
  8
SCHEMATICS
 62
7
100
AcDbLine
 10
308.8529052734375
 20
166.12847900390625
 30
0.0
 11
296.9546203613281
 21
166.12847900390625
 31
0.0
  0
LWPOLYLINE
  5
42A
330
17
100
AcDbEntity
  8
SCHEMATICS
 62
7
100
AcDbPolyline
 90
9
 70
0
 10
73.32611083984375
 20
142.28924560546875
 10
73.39860938489437
 20
142.16391336917877
 10
73.48529279232025
 20
142.0487642288208
 10
73.58413465321064
 20
141.94581019878387
 10
73.69310855865479
 20
141.85706329345703
 10
73.81018809974194
 20
141.7845355272293
 10
73.93334686756134
 20
141.73023891448975
 10
74.06055845320225
 20
141.69618546962738
 10
74.1897964477539
 20
141.68438720703125
  0
LINE
  5
42B
330
17
100
AcDbEntity
  8
SCHEMATICS
 62
7
100
AcDbLine
 10
74.1897964477539
 20
141.68438720703125
 30
0.0
 11
74.27685546875
 21
141.68438720703125
 31
0.0
  0
LWPOLYLINE
  5
42C
330
17
100
AcDbEntity
  8
SCHEMATICS
 62
7
100
AcDbPolyline
 90
9
 70
0
 10
73.32611083984375
 20
142.28924560546875
 10
73.39860938489437
 20
142.16391336917877
 10
73.48529279232025
 20
142.0487642288208
 10
73.58413465321064
 20
141.94581019878387
 10
73.69310855865479
 20
141.85706329345703
 10
73.81018809974194
 20
141.7845355272293
 10
73.93334686756134
 20
141.73023891448975
 10
74.06055845320225
 20
141.69618546962738
 10
74.1897964477539
 20
141.68438720703125
  0
LINE
  5
42D
330
17
100
AcDbEntity
  8
SCHEMATICS
 62
7
100
AcDbLine
 10
74.1897964477539
 20
141.68438720703125
 30
0.0
 11
74.27685546875
 21
141.68438720703125
 31
0.0
  0
LINE
  5
42E
330
17
100
AcDbEntity
  8
SCHEMATICS
 62
7
100
AcDbLine
 10
70.47637939453125
 20
141.68438720703125
 30
0.0
 11
70.56224060058594
 21
141.68438720703125
 31
0.0
  0
LWPOLYLINE
  5
42F
330
17
100
AcDbEntity
  8
SCHEMATICS
 62
7
100
AcDbPolyline
 90
9
 70
0
 10
70.56224060058594
 20
141.68438720703125
 10
70.69159296154976
 20
141.69618546962738
 10
70.81886267662048
 20
141.73023891448975
 10
70.94204220175743
 20
141.7845355272293
 10
71.05912399291992
 20
141.85706329345703
 10
71.16810050606728
 20
141.94581019878387
 10
71.26696419715881
 20
142.0487642288208
 10
71.35370752215385
 20
142.16391336917877
 10
71.42632293701172
 20
142.28924560546875
  0
LINE
  5
430
330
17
100
AcDbEntity
  8
SCHEMATICS
 62
7
100
AcDbLine
 10
70.47637939453125
 20
141.68438720703125
 30
0.0
 11
70.56224060058594
 21
141.68438720703125
 31
0.0
  0
LWPOLYLINE
  5
431
330
17
100
AcDbEntity
  8
SCHEMATICS
 62
7
100
AcDbPolyline
 90
9
 70
0
 10
70.56224060058594
 20
141.68438720703125
 10
70.69159296154976
 20
141.69618546962738
 10
70.81886267662048
 20
141.73023891448975
 10
70.94204220175743
 20
141.7845355272293
 10
71.05912399291992
 20
141.85706329345703
 10
71.16810050606728
 20
141.94581019878387
 10
71.26696419715881
 20
142.0487642288208
 10
71.35370752215385
 20
142.16391336917877
 10
71.42632293701172
 20
142.28924560546875
  0
LWPOLYLINE
  5
432
330
17
100
AcDbEntity
  8
SCHEMATICS
 62
7
100
AcDbPolyline
 90
9
 70
0
 10
68.92122650146484
 20
147.81658935546875
 10
68.82411786913872
 20
147.87368416786194
 10
68.72695469856262
 20
147.91658973693848
 10
68.62974897027016
 20
147.94733309745789
 10
68.53251266479492
 20
147.9679412841797
 10
68.43525776267052
 20
147.9804413318634
 10
68.33799624443054
 20
147.98686027526855
 10
68.2407400906086
 20
147.98922514915466
 10
68.14350128173828
 20
147.98956298828125
  0
LWPOLYLINE
  5
433
330
17
100
AcDbEntity
  8
SCHEMATICS
 62
7
100
AcDbPolyline
 90
9
 70
0
 10
68.14350128173828
 20
147.98956298828125
 10
67.82885472476482
 20
147.95820128917694
 10
67.53643500804901
 20
147.86815929412842
 10
67.27232207357883
 20
147.7255016565323
 10
67.04259586334229
 20
147.53629302978516
 10
66.85333631932735
 20
147.30659806728363
 10
66.71062338352203
 20
147.04248142242432
 10
66.62053699791431
 20
146.75000774860382
 10
66.58915710449219
 20
146.43524169921875
  0
LWPOLYLINE
  5
434
330
17
100
AcDbEntity
  8
SCHEMATICS
 62
7
100
AcDbPolyline
 90
9
 70
0
 10
66.58915710449219
 20
146.43524169921875
 10
66.6129692941904
 20
146.14868915081024
 10
66.68237268924713
 20
145.87634944915771
 10
66.79431752860546
 20
145.62427580356598
 10
66.9457540512085
 20
145.39852142333984
 10
67.13363249599934
 20
145.20513951778412
 10
67.35490310192108
 20
145.0501832962036
 10
67.60651610791683
 20
144.93970596790314
 10
67.88542175292969
 20
144.8797607421875
  0
LWPOLYLINE
  5
435
330
17
100
AcDbEntity
  8
SCHEMATICS
 62
7
100
AcDbPolyline
 90
9
 70
0
 10
68.92122650146484
 20
147.81658935546875
 10
68.82411786913872
 20
147.87368416786194
 10
68.72695469856262
 20
147.91658973693848
 10
68.62974897027016
 20
147.94733309745789
 10
68.53251266479492
 20
147.9679412841797
 10
68.43525776267052
 20
147.9804413318634
 10
68.33799624443054
 20
147.98686027526855
 10
68.2407400906086
 20
147.98922514915466
 10
68.14350128173828
 20
147.98956298828125
  0
LWPOLYLINE
  5
436
330
17
100
AcDbEntity
  8
SCHEMATICS
 62
7
100
AcDbPolyline
 90
9
 70
0
 10
68.14350128173828
 20
147.98956298828125
 10
67.82885472476482
 20
147.95820128917694
 10
67.53643500804901
 20
147.86815929412842
 10
67.27232207357883
 20
147.7255016565323
 10
67.04259586334229
 20
147.53629302978516
 10
66.85333631932735
 20
147.30659806728363
 10
66.71062338352203
 20
147.04248142242432
 10
66.62053699791431
 20
146.75000774860382
 10
66.58915710449219
 20
146.43524169921875
  0
LWPOLYLINE
  5
437
330
17
100
AcDbEntity
  8
SCHEMATICS
 62
7
100
AcDbPolyline
 90
9
 70
0
 10
66.58915710449219
 20
146.43524169921875
 10
66.6129692941904
 20
146.14868915081024
 10
66.68237268924713
 20
145.87634944915771
 10
66.79431752860546
 20
145.62427580356598
 10
66.9457540512085
 20
145.39852142333984
 10
67.13363249599934
 20
145.20513951778412
 10
67.35490310192108
 20
145.0501832962036
 10
67.60651610791683
 20
144.93970596790314
 10
67.88542175292969
 20
144.8797607421875
  0
LWPOLYLINE
  5
438
330
17
100
AcDbEntity
  8
SCHEMATICS
 62
7
100
AcDbPolyline
 90
9
 70
0
 10
67.88542175292969
 20
144.8797607421875
 10
67.60651610791683
 20
144.79559314250946
 10
67.35490310192108
 20
144.67395687103271
 10
67.13363249599934
 20
144.5178610086441
 10
66.9457540512085
 20
144.33031463623047
 10
66.79431752860546
 20
144.11432683467865
 10
66.68237268924713
 20
143.8729066848755
 10
66.6129692941904
 20
143.60906326770782
 10
66.58915710449219
 20
143.3258056640625
  0
LWPOLYLINE
  5
439
330
17
100
AcDbEntity
  8
SCHEMATICS
 62
7
100
AcDbPolyline
 90
9
 70
0
 10
66.58915710449219
 20
143.3258056640625
 10
66.62053699791431
 20
143.00731468200684
 10
66.71062338352203
 20
142.70498275756836
 10
66.85333631932735
 20
142.42691802978516
 10
67.04259586334229
 20
142.1812286376953
 10
67.27232207357883
 20
141.9760227203369
 10
67.53643500804901
 20
141.81940841674805
 10
67.82885472476482
 20
141.7194938659668
 10
68.14350128173828
 20
141.68438720703125
  0
LWPOLYLINE
  5
43A
330
17
100
AcDbEntity
  8
SCHEMATICS
 62
7
100
AcDbPolyline
 90
9
 70
0
 10
68.14350128173828
 20
141.68438720703125
 10
68.2407400906086
 20
141.6884651184082
 10
68.33799624443054
 20
141.70067977905273
 10
68.43525776267052
 20
141.72100257873535
 10
68.53251266479492
 20
141.74940490722656
 10
68.62974897027016
 20
141.78585815429688
 10
68.72695469856262
 20
141.8303337097168
 10
68.82411786913872
 20
141.88280296325684
 10
68.92122650146484
 20
141.9432373046875
  0
LWPOLYLINE
  5
43B
330
17
100
AcDbEntity
  8
SCHEMATICS
 62
7
100
AcDbPolyline
 90
9
 70
0
 10
67.88542175292969
 20
144.8797607421875
 10
67.60651610791683
 20
144.79559314250946
 10
67.35490310192108
 20
144.67395687103271
 10
67.13363249599934
 20
144.5178610086441
 10
66.9457540512085
 20
144.33031463623047
 10
66.79431752860546
 20
144.11432683467865
 10
66.68237268924713
 20
143.8729066848755
 10
66.6129692941904
 20
143.60906326770782
 10
66.58915710449219
 20
143.3258056640625
  0
LWPOLYLINE
  5
43C
330
17
100
AcDbEntity
  8
SCHEMATICS
 62
7
100
AcDbPolyline
 90
9
 70
0
 10
66.58915710449219
 20
143.3258056640625
 10
66.62053699791431
 20
143.00731468200684
 10
66.71062338352203
 20
142.70498275756836
 10
66.85333631932735
 20
142.42691802978516
 10
67.04259586334229
 20
142.1812286376953
 10
67.27232207357883
 20
141.9760227203369
 10
67.53643500804901
 20
141.81940841674805
 10
67.82885472476482
 20
141.7194938659668
 10
68.14350128173828
 20
141.68438720703125
  0
LWPOLYLINE
  5
43D
330
17
100
AcDbEntity
  8
SCHEMATICS
 62
7
100
AcDbPolyline
 90
9
 70
0
 10
68.14350128173828
 20
141.68438720703125
 10
68.2407400906086
 20
141.6884651184082
 10
68.33799624443054
 20
141.70067977905273
 10
68.43525776267052
 20
141.72100257873535
 10
68.53251266479492
 20
141.74940490722656
 10
68.62974897027016
 20
141.78585815429688
 10
68.72695469856262
 20
141.8303337097168
 10
68.82411786913872
 20
141.88280296325684
 10
68.92122650146484
 20
141.9432373046875
  0
LINE
  5
43E
330
17
100
AcDbEntity
  8
SCHEMATICS
 62
7
100
AcDbLine
 10
74.27685546875
 20
145.3974609375
 30
0.0
 11
74.1897964477539
 21
145.3974609375
 31
0.0
  0
LWPOLYLINE
  5
43F
330
17
100
AcDbEntity
  8
SCHEMATICS
 62
7
100
AcDbPolyline
 90
9
 70
0
 10
74.1897964477539
 20
145.3974609375
 10
74.06055845320225
 20
145.38571107387543
 10
73.93334686756134
 20
145.35177898406982
 10
73.81018809974194
 20
145.29764091968536
 10
73.69310855865479
 20
145.22527313232422
 10
73.58413465321064
 20
145.13665187358856
 10
73.48529279232025
 20
145.03375339508057
 10
73.39860938489437
 20
144.9185539484024
 10
73.32611083984375
 20
144.79302978515625
  0
LINE
  5
440
330
17
100
AcDbEntity
  8
SCHEMATICS
 62
7
100
AcDbLine
 10
74.27685546875
 20
145.3974609375
 30
0.0
 11
74.1897964477539
 21
145.3974609375
 31
0.0
  0
LWPOLYLINE
  5
441
330
17
100
AcDbEntity
  8
SCHEMATICS
 62
7
100
AcDbPolyline
 90
9
 70
0
 10
74.1897964477539
 20
145.3974609375
 10
74.06055845320225
 20
145.38571107387543
 10
73.93334686756134
 20
145.35177898406982
 10
73.81018809974194
 20
145.29764091968536
 10
73.69310855865479
 20
145.22527313232422
 10
73.58413465321064
 20
145.13665187358856
 10
73.48529279232025
 20
145.03375339508057
 10
73.39860938489437
 20
144.9185539484024
 10
73.32611083984375
 20
144.79302978515625
  0
LWPOLYLINE
  5
442
330
17
100
AcDbEntity
  8
SCHEMATICS
 62
7
100
AcDbPolyline
 90
9
 70
0
 10
71.42632293701172
 20
144.79302978515625
 10
71.35370752215385
 20
144.9185539484024
 10
71.26696419715881
 20
145.03375339508057
 10
71.16810050606728
 20
145.13665187358856
 10
71.05912399291992
 20
145.22527313232422
 10
70.94204220175743
 20
145.29764091968536
 10
70.81886267662048
 20
145.35177898406982
 10
70.69159296154976
 20
145.38571107387543
 10
70.56224060058594
 20
145.3974609375
  0
LINE
  5
443
330
17
100
AcDbEntity
  8
SCHEMATICS
 62
7
100
AcDbLine
 10
70.56224060058594
 20
145.3974609375
 30
0.0
 11
70.47637939453125
 21
145.3974609375
 31
0.0
  0
LWPOLYLINE
  5
444
330
17
100
AcDbEntity
  8
SCHEMATICS
 62
7
100
AcDbPolyline
 90
9
 70
0
 10
71.42632293701172
 20
144.79302978515625
 10
71.35370752215385
 20
144.9185539484024
 10
71.26696419715881
 20
145.03375339508057
 10
71.16810050606728
 20
145.13665187358856
 10
71.05912399291992
 20
145.22527313232422
 10
70.94204220175743
 20
145.29764091968536
 10
70.81886267662048
 20
145.35177898406982
 10
70.69159296154976
 20
145.38571107387543
 10
70.56224060058594
 20
145.3974609375
  0
LINE
  5
445
330
17
100
AcDbEntity
  8
SCHEMATICS
 62
7
100
AcDbLine
 10
70.56224060058594
 20
145.3974609375
 30
0.0
 11
70.47637939453125
 21
145.3974609375
 31
0.0
  0
LINE
  5
446
330
17
100
AcDbEntity
  8
SCHEMATICS
 62
7
100
AcDbLine
 10
71.42632293701172
 20
144.79302978515625
 30
0.0
 11
72.37626647949219
 21
143.584716796875
 31
0.0
  0
LINE
  5
447
330
17
100
AcDbEntity
  8
SCHEMATICS
 62
7
100
AcDbLine
 10
71.42632293701172
 20
142.28924560546875
 30
0.0
 11
72.37626647949219
 21
143.49755859375
 31
0.0
  0
LINE
  5
448
330
17
100
AcDbEntity
  8
SCHEMATICS
 62
7
100
AcDbLine
 10
73.32611083984375
 20
142.28924560546875
 30
0.0
 11
72.37626647949219
 21
143.49755859375
 31
0.0
  0
LINE
  5
449
330
17
100
AcDbEntity
  8
SCHEMATICS
 62
7
100
AcDbLine
 10
73.32611083984375
 20
144.79302978515625
 30
0.0
 11
72.37626647949219
 21
143.584716796875
 31
0.0
  0
LINE
  5
44A
330
17
100
AcDbEntity
  8
SCHEMATICS
 62
7
100
AcDbLine
 10
67.88542175292969
 20
144.8797607421875
 30
0.0
 11
68.2297592163086
 21
144.8797607421875
 31
0.0
  0
LINE
  5
44B
330
17
100
AcDbEntity
  8
SCHEMATICS
 62
7
100
AcDbLine
 10
62.356807708740234
 20
144.8797607421875
 30
0.0
 11
66.41580200195312
 21
151.9635009765625
 31
0.0
  0
LINE
  5
44C
330
17
100
AcDbEntity
  8
SCHEMATICS
 62
7
100
AcDbLine
 10
66.41580200195312
 20
151.9635009765625
 30
0.0
 11
74.62118530273438
 21
151.9635009765625
 31
0.0
  0
LINE
  5
44D
330
17
100
AcDbEntity
  8
SCHEMATICS
 62
7
100
AcDbLine
 10
74.62118530273438
 20
151.9635009765625
 30
0.0
 11
78.6817398071289
 21
144.8797607421875
 31
0.0
  0
LINE
  5
44E
330
17
100
AcDbEntity
  8
SCHEMATICS
 62
7
100
AcDbLine
 10
66.41580200195312
 20
137.79718017578125
 30
0.0
 11
62.356807708740234
 21
144.8797607421875
 31
0.0
  0
LINE
  5
44F
330
17
100
AcDbEntity
  8
SCHEMATICS
 62
7
100
AcDbLine
 10
78.6817398071289
 20
144.8797607421875
 30
0.0
 11
74.62118530273438
 21
137.79718017578125
 31
0.0
  0
LINE
  5
450
330
17
100
AcDbEntity
  8
SCHEMATICS
 62
7
100
AcDbLine
 10
74.62118530273438
 20
137.79718017578125
 30
0.0
 11
66.41580200195312
 21
137.79718017578125
 31
0.0
  0
LINE
  5
451
330
17
100
AcDbEntity
  8
SCHEMATICS
 62
7
100
AcDbLine
 10
350.917724609375
 20
235.4683837890625
 30
0.0
 11
350.917724609375
 21
243.46453857421875
 31
0.0
  0
LWPOLYLINE
  5
452
330
17
100
AcDbEntity
  8
SCHEMATICS
 62
7
100
AcDbPolyline
 90
5
 70
0
 10
348.7937316894531
 20
253.2078857421875
 10
348.7937316894531
 20
243.2906494140625
 10
353.043701171875
 20
243.2906494140625
 10
353.043701171875
 20
253.2078857421875
 10
348.7937316894531
 20
253.2078857421875
  0
LINE
  5
453
330
17
100
AcDbEntity
  8
SCHEMATICS
 62
7
100
AcDbLine
 10
350.9486999511719
 20
253.2938232421875
 30
0.0
 11
350.9486999511719
 21
261.1220703125
 31
0.0
  0
LWPOLYLINE
  5
454
330
17
100
AcDbEntity
  8
SCHEMATICS
 62
7
100
AcDbPolyline
 90
9
 70
0
 10
339.9739685058594
 20
231.04302978515625
 10
339.9942455291748
 20
230.84139049053192
 10
340.0524139404297
 20
230.6534948348999
 10
340.1444797515869
 20
230.48339331150055
 10
340.2664489746094
 20
230.33513641357422
 10
340.41432762145996
 20
230.21277463436127
 10
340.58412170410156
 20
230.12035846710205
 10
340.77183723449707
 20
230.06193840503693
 10
340.9734802246094
 20
230.04156494140625
  0
LWPOLYLINE
  5
455
330
17
100
AcDbEntity
  8
SCHEMATICS
 62
7
100
AcDbPolyline
 90
9
 70
0
 10
340.9734802246094
 20
230.04156494140625
 10
341.1757880449295
 20
230.06193840503693
 10
341.3640031814575
 20
230.12035846710205
 10
341.53415524959564
 20
230.21277463436127
 10
341.6822738647461
 20
230.33513641357422
 10
341.8043886423111
 20
230.48339331150055
 10
341.89652919769287
 20
230.6534948348999
 10
341.95472514629364
 20
230.84139049053192
 10
341.9750061035156
 20
231.04302978515625
  0
LWPOLYLINE
  5
456
330
17
100
AcDbEntity
  8
SCHEMATICS
 62
7
100
AcDbPolyline
 90
9
 70
0
 10
341.9750061035156
 20
231.04302978515625
 10
341.95472514629364
 20
231.24528229236603
 10
341.89652919769287
 20
231.43357944488525
 10
341.8043886423111
 20
231.60391080379486
 10
341.6822738647461
 20
231.75226593017578
 10
341.53415524959564
 20
231.87463438510895
 10
341.3640031814575
 20
231.9670057296753
 10
341.1757880449295
 20
232.02536952495575
 10
340.9734802246094
 20
232.04571533203125
  0
LWPOLYLINE
  5
457
330
17
100
AcDbEntity
  8
SCHEMATICS
 62
7
100
AcDbPolyline
 90
9
 70
0
 10
340.9734802246094
 20
232.04571533203125
 10
340.77183723449707
 20
232.02536952495575
 10
340.58412170410156
 20
231.9670057296753
 10
340.41432762145996
 20
231.87463438510895
 10
340.2664489746094
 20
231.75226593017578
 10
340.1444797515869
 20
231.60391080379486
 10
340.0524139404297
 20
231.43357944488525
 10
339.9942455291748
 20
231.24528229236603
 10
339.9739685058594
 20
231.04302978515625
  0
LINE
  5
458
330
17
100
AcDbEntity
  8
SCHEMATICS
 62
7
100
AcDbLine
 10
350.8957214355469
 20
231.0509033203125
 30
0.0
 11
332.1007385253906
 21
231.0509033203125
 31
0.0
  0
LINE
  5
459
330
17
100
AcDbEntity
  8
SCHEMATICS
 62
7
100
AcDbLine
 10
332.1007385253906
 20
231.0509033203125
 30
0.0
 11
332.1007385253906
 21
242.86285400390625
 31
0.0
  0
LWPOLYLINE
  5
45A
330
17
100
AcDbEntity
  8
SCHEMATICS
 62
7
100
AcDbPolyline
 90
9
 70
0
 10
339.9739685058594
 20
265.54693603515625
 10
339.9942455291748
 20
265.34520649909973
 10
340.0524139404297
 20
265.157262802124
 10
340.1444797515869
 20
264.9871461391449
 10
340.2664489746094
 20
264.8388977050781
 10
340.41432762145996
 20
264.7165586948395
 10
340.58412170410156
 20
264.6241703033447
 10
340.77183723449707
 20
264.56577372550964
 10
340.9734802246094
 20
264.54541015625
  0
LWPOLYLINE
  5
45B
330
17
100
AcDbEntity
  8
SCHEMATICS
 62
7
100
AcDbPolyline
 90
9
 70
0
 10
340.9734802246094
 20
264.54541015625
 10
341.1757880449295
 20
264.56577372550964
 10
341.3640031814575
 20
264.6241703033447
 10
341.53415524959564
 20
264.7165586948395
 10
341.6822738647461
 20
264.8388977050781
 10
341.8043886423111
 20
264.9871461391449
 10
341.89652919769287
 20
265.157262802124
 10
341.95472514629364
 20
265.34520649909973
 10
341.9750061035156
 20
265.54693603515625
  0
LWPOLYLINE
  5
45C
330
17
100
AcDbEntity
  8
SCHEMATICS
 62
7
100
AcDbPolyline
 90
9
 70
0
 10
341.9750061035156
 20
265.54693603515625
 10
341.95472514629364
 20
265.7492438554764
 10
341.89652919769287
 20
265.9374589920044
 10
341.8043886423111
 20
266.1076110601425
 10
341.6822738647461
 20
266.25572967529297
 10
341.53415524959564
 20
266.37784445285797
 10
341.3640031814575
 20
266.46998500823975
 10
341.1757880449295
 20
266.5281809568405
 10
340.9734802246094
 20
266.5484619140625
  0
LWPOLYLINE
  5
45D
330
17
100
AcDbEntity
  8
SCHEMATICS
 62
7
100
AcDbPolyline
 90
9
 70
0
 10
340.9734802246094
 20
266.5484619140625
 10
340.77183723449707
 20
266.5281809568405
 10
340.58412170410156
 20
266.46998500823975
 10
340.41432762145996
 20
266.37784445285797
 10
340.2664489746094
 20
266.25572967529297
 10
340.1444797515869
 20
266.1076110601425
 10
340.0524139404297
 20
265.9374589920044
 10
339.9942455291748
 20
265.7492438554764
 10
339.9739685058594
 20
265.54693603515625
  0
LINE
  5
45E
330
17
100
AcDbEntity
  8
SCHEMATICS
 62
7
100
AcDbLine
 10
350.8957214355469
 20
265.554931640625
 30
0.0
 11
332.0477600097656
 21
265.554931640625
 31
0.0
  0
LINE
  5
45F
330
17
100
AcDbEntity
  8
SCHEMATICS
 62
7
100
AcDbLine
 10
332.0477600097656
 20
265.554931640625
 30
0.0
 11
332.0477600097656
 21
253.9744873046875
 31
0.0
  0
LINE
  5
460
330
17
100
AcDbEntity
  8
SCHEMATICS
 62
7
100
AcDbLine
 10
338.62762451171875
 20
262.05859375
 30
0.0
 11
335.7939758300781
 21
262.05859375
 31
0.0
  0
LINE
  5
461
330
17
100
AcDbEntity
  8
SCHEMATICS
 62
7
100
AcDbLine
 10
335.7939758300781
 20
262.05859375
 30
0.0
 11
335.7939758300781
 21
259.2249755859375
 31
0.0
  0
LINE
  5
462
330
17
100
AcDbEntity
  8
SCHEMATICS
 62
7
100
AcDbLine
 10
335.7939758300781
 20
255.7716064453125
 30
0.0
 11
335.7939758300781
 21
239.07965087890625
 31
0.0
  0
LINE
  5
463
330
17
100
AcDbEntity
  8
SCHEMATICS
 62
7
100
AcDbLine
 10
335.7939758300781
 20
237.35247802734375
 30
0.0
 11
335.7939758300781
 21
234.51983642578125
 31
0.0
  0
LINE
  5
464
330
17
100
AcDbEntity
  8
SCHEMATICS
 62
7
100
AcDbLine
 10
335.7939758300781
 20
234.51983642578125
 30
0.0
 11
338.62762451171875
 21
234.51983642578125
 31
0.0
  0
LINE
  5
465
330
17
100
AcDbEntity
  8
SCHEMATICS
 62
7
100
AcDbLine
 10
343.16046142578125
 20
234.51983642578125
 30
0.0
 11
345.99407958984375
 21
234.51983642578125
 31
0.0
  0
LINE
  5
466
330
17
100
AcDbEntity
  8
SCHEMATICS
 62
7
100
AcDbLine
 10
345.99407958984375
 20
234.51983642578125
 30
0.0
 11
345.99407958984375
 21
237.35247802734375
 31
0.0
  0
LINE
  5
467
330
17
100
AcDbEntity
  8
SCHEMATICS
 62
7
100
AcDbLine
 10
345.99407958984375
 20
240.80682373046875
 30
0.0
 11
345.99407958984375
 21
257.498779296875
 31
0.0
  0
LINE
  5
468
330
17
100
AcDbEntity
  8
SCHEMATICS
 62
7
100
AcDbLine
 10
345.99407958984375
 20
259.2249755859375
 30
0.0
 11
345.99407958984375
 21
262.05859375
 31
0.0
  0
LINE
  5
469
330
17
100
AcDbEntity
  8
SCHEMATICS
 62
7
100
AcDbLine
 10
345.99407958984375
 20
262.05859375
 30
0.0
 11
343.16046142578125
 21
262.05859375
 31
0.0
  0
LINE
  5
46A
330
17
100
AcDbEntity
  8
SCHEMATICS
 62
7
100
AcDbLine
 10
350.93670654296875
 20
231.08087158203125
 30
0.0
 11
350.93670654296875
 21
243.27862548828125
 31
0.0
  0
LINE
  5
46B
330
17
100
AcDbEntity
  8
SCHEMATICS
 62
7
100
AcDbLine
 10
350.93670654296875
 20
253.2398681640625
 30
0.0
 11
350.93670654296875
 21
265.58892822265625
 31
0.0
  0
LINE
  5
46C
330
17
100
AcDbEntity
  8
SCHEMATICS
 62
7
100
AcDbLine
 10
340.97747802734375
 20
231.0477294921875
 30
0.0
 11
340.97747802734375
 21
234.51983642578125
 31
0.0
  0
LINE
  5
46D
330
17
100
AcDbEntity
  8
SCHEMATICS
 62
7
100
AcDbLine
 10
340.9924621582031
 20
265.5029296875
 30
0.0
 11
340.9924621582031
 21
262.05859375
 31
0.0
  0
LINE
  5
46E
330
17
100
AcDbEntity
  8
SCHEMATICS
 62
7
100
AcDbLine
 10
327.55194091796875
 20
252.6351318359375
 30
0.0
 11
323.0191345214844
 21
253.9644775390625
 31
0.0
  0
LINE
  5
46F
330
17
100
AcDbEntity
  8
SCHEMATICS
 62
7
100
AcDbLine
 10
323.0191345214844
 20
253.9644775390625
 30
0.0
 11
327.55194091796875
 21
255.1849365234375
 31
0.0
  0
LINE
  5
470
330
17
100
AcDbEntity
  8
SCHEMATICS
 62
7
100
AcDbLine
 10
327.55194091796875
 20
255.1849365234375
 30
0.0
 11
327.55194091796875
 21
252.6351318359375
 31
0.0
  0
LINE
  5
471
330
17
100
AcDbEntity
  8
SCHEMATICS
 62
7
100
AcDbLine
 10
325.3849792480469
 20
253.8685302734375
 30
0.0
 11
331.9988098144531
 21
253.8685302734375
 31
0.0
  0
LINE
  5
472
330
17
100
AcDbEntity
  8
SCHEMATICS
 62
7
100
AcDbLine
 10
327.55194091796875
 20
241.54144287109375
 30
0.0
 11
323.0191345214844
 21
242.871826171875
 31
0.0
  0
LINE
  5
473
330
17
100
AcDbEntity
  8
SCHEMATICS
 62
7
100
AcDbLine
 10
323.0191345214844
 20
242.871826171875
 30
0.0
 11
327.55194091796875
 21
244.09124755859375
 31
0.0
  0
LINE
  5
474
330
17
100
AcDbEntity
  8
SCHEMATICS
 62
7
100
AcDbLine
 10
327.55194091796875
 20
244.09124755859375
 30
0.0
 11
327.55194091796875
 21
241.54144287109375
 31
0.0
  0
LINE
  5
475
330
17
100
AcDbEntity
  8
SCHEMATICS
 62
7
100
AcDbLine
 10
325.3849792480469
 20
242.91180419921875
 30
0.0
 11
332.1187438964844
 21
242.91180419921875
 31
0.0
  0
LINE
  5
476
330
17
100
AcDbEntity
  8
SCHEMATICS
 62
7
100
AcDbLine
 10
124.14710998535156
 20
248.294189453125
 30
0.0
 11
119.15730285644531
 21
248.294189453125
 31
0.0
  0
LWPOLYLINE
  5
477
330
17
100
AcDbEntity
  8
SCHEMATICS
 62
7
100
AcDbPolyline
 90
9
 70
0
 10
121.70677185058594
 20
250.843994140625
 10
122.2204487323761
 20
250.79220008850098
 10
122.6989221572876
 20
250.64365768432617
 10
123.13193249702454
 20
250.40862655639648
 10
123.50922012329102
 20
250.0973663330078
 10
123.82052540779114
 20
249.72013664245605
 10
124.055588722229
 20
249.2871971130371
 10
124.20415043830872
 20
248.80880737304688
 10
124.25595092773438
 20
248.29522705078125
  0
LWPOLYLINE
  5
478
330
17
100
AcDbEntity
  8
SCHEMATICS
 62
7
100
AcDbPolyline
 90
9
 70
0
 10
124.25595092773438
 20
248.29522705078125
 10
124.20415043830872
 20
247.7813217639923
 10
124.055588722229
 20
247.3026828765869
 10
123.82052540779114
 20
246.86956000328064
 10
123.50922012329102
 20
246.49220275878906
 10
123.13193249702454
 20
246.18086075782776
 10
122.6989221572876
 20
245.9457836151123
 10
122.2204487323761
 20
245.79722094535828
 10
121.70677185058594
 20
245.74542236328125
  0
LWPOLYLINE
  5
479
330
17
100
AcDbEntity
  8
SCHEMATICS
 62
7
100
AcDbPolyline
 90
9
 70
0
 10
121.70677185058594
 20
245.74542236328125
 10
121.19256994128227
 20
245.79722094535828
 10
120.71382308006287
 20
245.9457836151123
 10
120.28073492646217
 20
246.18086075782776
 10
119.90350914001465
 20
246.49220275878906
 10
119.59234938025475
 20
246.86956000328064
 10
119.35745930671692
 20
247.3026828765869
 10
119.20904257893562
 20
247.7813217639923
 10
119.15730285644531
 20
248.29522705078125
  0
LWPOLYLINE
  5
47A
330
17
100
AcDbEntity
  8
SCHEMATICS
 62
7
100
AcDbPolyline
 90
9
 70
0
 10
119.15730285644531
 20
248.29522705078125
 10
119.20904257893562
 20
248.80880737304688
 10
119.35745930671692
 20
249.2871971130371
 10
119.59234938025475
 20
249.72013664245605
 10
119.90350914001465
 20
250.0973663330078
 10
120.28073492646217
 20
250.40862655639648
 10
120.71382308006287
 20
250.64365768432617
 10
121.19256994128227
 20
250.79220008850098
 10
121.70677185058594
 20
250.843994140625
  0
LINE
  5
47B
330
17
100
AcDbEntity
  8
SCHEMATICS
 62
7
100
AcDbLine
 10
73.73221588134766
 20
234.877685546875
 30
0.0
 11
73.64635467529297
 21
235.8621826171875
 31
0.0
  0
LINE
  5
47C
330
17
100
AcDbEntity
  8
SCHEMATICS
 62
7
100
AcDbLine
 10
73.64635467529297
 20
235.8621826171875
 30
0.0
 11
73.39057922363281
 21
236.802734375
 31
0.0
  0
LWPOLYLINE
  5
47D
330
17
100
AcDbEntity
  8
SCHEMATICS
 62
7
100
AcDbPolyline
 90
9
 70
0
 10
73.39057922363281
 20
236.802734375
 10
72.36391878128052
 20
238.57168638706207
 10
70.95550417900085
 20
239.77658557891846
 10
69.30738055706024
 20
240.42995536327362
 10
67.5615930557251
 20
240.54431915283203
 10
65.86018681526184
 20
240.13220036029816
 10
64.34520697593689
 20
239.20612239837646
 10
63.15869867801666
 20
237.77860867977142
 10
62.44270706176758
 20
235.8621826171875
  0
LINE
  5
47E
330
17
100
AcDbEntity
  8
SCHEMATICS
 62
7
100
AcDbLine
 10
62.44270706176758
 20
235.8621826171875
 30
0.0
 11
62.356807708740234
 21
234.877685546875
 31
0.0
  0
LINE
  5
47F
330
17
100
AcDbEntity
  8
SCHEMATICS
 62
7
100
AcDbLine
 10
62.356807708740234
 20
234.877685546875
 30
0.0
 11
62.44270706176758
 21
233.8531494140625
 31
0.0
  0
LWPOLYLINE
  5
480
330
17
100
AcDbEntity
  8
SCHEMATICS
 62
7
100
AcDbPolyline
 90
9
 70
0
 10
62.44270706176758
 20
233.8531494140625
 10
63.170869559049606
 20
231.93667078018188
 10
64.35838413238525
 20
230.5088233947754
 10
65.86704924702644
 20
229.5822787284851
 10
67.5586633682251
 20
229.16970825195312
 10
69.29502496123314
 20
229.28378343582153
 10
70.93793249130249
 20
229.93717575073242
 10
72.34918442368507
 20
231.14255666732788
 10
73.39057922363281
 20
232.91259765625
  0
LINE
  5
481
330
17
100
AcDbEntity
  8
SCHEMATICS
 62
7
100
AcDbLine
 10
73.39057922363281
 20
232.91259765625
 30
0.0
 11
73.64635467529297
 21
233.8531494140625
 31
0.0
  0
LINE
  5
482
330
17
100
AcDbEntity
  8
SCHEMATICS
 62
7
100
AcDbLine
 10
73.64635467529297
 20
233.8531494140625
 30
0.0
 11
73.73221588134766
 21
234.877685546875
 31
0.0
  0
LINE
  5
483
330
17
100
AcDbEntity
  8
SCHEMATICS
 62
7
100
AcDbLine
 10
73.08992004394531
 20
237.5313720703125
 30
0.0
 11
73.08992004394531
 21
240.56695556640625
 31
0.0
  0
LINE
  5
484
330
17
100
AcDbEntity
  8
SCHEMATICS
 62
7
100
AcDbLine
 10
73.08992004394531
 20
240.56695556640625
 30
0.0
 11
62.999080657958984
 21
240.56695556640625
 31
0.0
  0
LINE
  5
485
330
17
100
AcDbEntity
  8
SCHEMATICS
 62
7
100
AcDbLine
 10
62.999080657958984
 20
240.56695556640625
 30
0.0
 11
62.999080657958984
 21
237.5313720703125
 31
0.0
  0
LINE
  5
486
330
17
100
AcDbEntity
  8
SCHEMATICS
 62
7
100
AcDbLine
 10
70.86639404296875
 20
234.877685546875
 30
0.0
 11
70.82341003417969
 21
235.47735595703125
 31
0.0
  0
LINE
  5
487
330
17
100
AcDbEntity
  8
SCHEMATICS
 62
7
100
AcDbLine
 10
70.82341003417969
 20
235.47735595703125
 30
0.0
 11
70.61061096191406
 21
236.07708740234375
 31
0.0
  0
LWPOLYLINE
  5
488
330
17
100
AcDbEntity
  8
SCHEMATICS
 62
7
100
AcDbPolyline
 90
9
 70
0
 10
70.61061096191406
 20
236.07708740234375
 10
70.04379187524319
 20
236.85918581485748
 10
69.33432281017303
 20
237.37968158721924
 10
68.5390557795763
 20
237.64693820476532
 10
67.71484279632568
 20
237.66931915283203
 10
66.91853587329388
 20
237.45518791675568
 10
66.20698702335358
 20
237.01290798187256
 10
65.63704825937748
 20
236.35084283351898
 10
65.26557159423828
 20
235.47735595703125
  0
LINE
  5
489
330
17
100
AcDbEntity
  8
SCHEMATICS
 62
7
100
AcDbLine
 10
65.26557159423828
 20
235.47735595703125
 30
0.0
 11
65.22262573242188
 21
234.877685546875
 31
0.0
  0
LINE
  5
48A
330
17
100
AcDbEntity
  8
SCHEMATICS
 62
7
100
AcDbLine
 10
65.22262573242188
 20
234.877685546875
 30
0.0
 11
65.26557159423828
 21
234.23797607421875
 31
0.0
  0
LWPOLYLINE
  5
48B
330
17
100
AcDbEntity
  8
SCHEMATICS
 62
7
100
AcDbPolyline
 90
9
 70
0
 10
65.26557159423828
 20
234.23797607421875
 10
65.63704825937748
 20
233.3643890619278
 10
66.20698702335358
 20
232.70228672027588
 10
66.91853587329388
 20
232.2600153684616
 10
67.71484279632568
 20
232.0459213256836
 10
68.5390557795763
 20
232.06835091114044
 10
69.33432281017303
 20
232.33565044403076
 10
70.04379187524319
 20
232.85616624355316
 10
70.61061096191406
 20
233.63824462890625
  0
LINE
  5
48C
330
17
100
AcDbEntity
  8
SCHEMATICS
 62
7
100
AcDbLine
 10
70.61061096191406
 20
233.63824462890625
 30
0.0
 11
70.82341003417969
 21
234.23797607421875
 31
0.0
  0
LINE
  5
48D
330
17
100
AcDbEntity
  8
SCHEMATICS
 62
7
100
AcDbLine
 10
70.82341003417969
 20
234.23797607421875
 30
0.0
 11
70.86639404296875
 21
234.877685546875
 31
0.0
  0
LINE
  5
48E
330
17
100
AcDbEntity
  8
SCHEMATICS
 62
7
100
AcDbLine
 10
67.2744140625
 20
232.0980224609375
 30
0.0
 11
67.2744140625
 21
229.23455810546875
 31
0.0
  0
LINE
  5
48F
330
17
100
AcDbEntity
  8
SCHEMATICS
 62
7
100
AcDbLine
 10
68.8146743774414
 20
232.0980224609375
 30
0.0
 11
68.8146743774414
 21
229.23455810546875
 31
0.0
  0
LINE
  5
490
330
17
100
AcDbEntity
  8
SCHEMATICS
 62
7
100
AcDbLine
 10
67.2744140625
 20
237.6153564453125
 30
0.0
 11
67.2744140625
 21
240.48095703125
 31
0.0
  0
LINE
  5
491
330
17
100
AcDbEntity
  8
SCHEMATICS
 62
7
100
AcDbLine
 10
68.8146743774414
 20
237.6153564453125
 30
0.0
 11
68.8146743774414
 21
240.48095703125
 31
0.0
  0
LINE
  5
492
330
17
100
AcDbEntity
  8
SCHEMATICS
 62
7
100
AcDbLine
 10
69.83958435058594
 20
237.10357666015625
 30
0.0
 11
72.14897155761719
 21
238.77081298828125
 31
0.0
  0
LINE
  5
493
330
17
100
AcDbEntity
  8
SCHEMATICS
 62
7
100
AcDbLine
 10
70.69457244873047
 20
235.8621826171875
 30
0.0
 11
73.04694366455078
 21
237.5313720703125
 31
0.0
  0
LINE
  5
494
330
17
100
AcDbEntity
  8
SCHEMATICS
 62
7
100
AcDbLine
 10
65.3924560546875
 20
233.8101806640625
 30
0.0
 11
63.12596893310547
 21
232.0980224609375
 31
0.0
  0
LINE
  5
495
330
17
100
AcDbEntity
  8
SCHEMATICS
 62
7
100
AcDbLine
 10
66.33341979980469
 20
232.61376953125
 30
0.0
 11
64.02397918701172
 21
230.85882568359375
 31
0.0
  0
LINE
  5
496
330
17
100
AcDbEntity
  8
SCHEMATICS
 62
7
100
AcDbLine
 10
66.24752044677734
 20
237.10357666015625
 30
0.0
 11
63.94003677368164
 21
238.77081298828125
 31
0.0
  0
LINE
  5
497
330
17
100
AcDbEntity
  8
SCHEMATICS
 62
7
100
AcDbLine
 10
65.3924560546875
 20
235.8621826171875
 30
0.0
 11
63.042030334472656
 21
237.5313720703125
 31
0.0
  0
LINE
  5
498
330
17
100
AcDbEntity
  8
SCHEMATICS
 62
7
100
AcDbLine
 10
70.78053283691406
 20
234.02508544921875
 30
0.0
 11
73.1758804321289
 21
232.52581787109375
 31
0.0
  0
LINE
  5
499
330
17
100
AcDbEntity
  8
SCHEMATICS
 62
7
100
AcDbLine
 10
69.96842193603516
 20
232.74072265625
 30
0.0
 11
72.36177062988281
 21
231.24530029296875
 31
0.0
  0
LWPOLYLINE
  5
49A
330
17
100
AcDbEntity
  8
SCHEMATICS
 62
7
100
AcDbPolyline
 90
5
 70
0
 10
62.399757385253906
 20
212.13958740234375
 10
73.773193359375
 20
212.13958740234375
 10
73.773193359375
 20
227.9520263671875
 10
62.399757385253906
 20
227.9520263671875
 10
62.399757385253906
 20
212.13958740234375
  0
LINE
  5
49B
330
17
100
AcDbEntity
  8
SCHEMATICS
 62
7
100
AcDbLine
 10
62.399757385253906
 20
223.16357421875
 30
0.0
 11
73.81807708740234
 21
223.16357421875
 31
0.0
  0
LINE
  5
49C
330
17
100
AcDbEntity
  8
SCHEMATICS
 62
7
100
AcDbLine
 10
62.399757385253906
 20
215.9417724609375
 30
0.0
 11
73.81807708740234
 21
215.9417724609375
 31
0.0
  0
LINE
  5
49D
330
17
100
AcDbEntity
  8
SCHEMATICS
 62
7
100
AcDbLine
 10
65.05082702636719
 20
227.9520263671875
 30
0.0
 11
65.3495101928711
 21
228.33612060546875
 31
0.0
  0
LINE
  5
49E
330
17
100
AcDbEntity
  8
SCHEMATICS
 62
7
100
AcDbLine
 10
65.3495101928711
 20
228.33612060546875
 30
0.0
 11
65.56425476074219
 21
228.8499755859375
 31
0.0
  0
LINE
  5
49F
330
17
100
AcDbEntity
  8
SCHEMATICS
 62
7
100
AcDbLine
 10
65.56425476074219
 20
228.8499755859375
 30
0.0
 11
65.56425476074219
 21
229.3634033203125
 31
0.0
  0
LINE
  5
4A0
330
17
100
AcDbEntity
  8
SCHEMATICS
 62
7
100
AcDbLine
 10
65.56425476074219
 20
229.3634033203125
 30
0.0
 11
65.3924560546875
 21
229.87646484375
 31
0.0
  0
LINE
  5
4A1
330
17
100
AcDbEntity
  8
SCHEMATICS
 62
7
100
AcDbLine
 10
70.69457244873047
 20
229.87646484375
 30
0.0
 11
70.5247573852539
 21
229.3634033203125
 31
0.0
  0
LINE
  5
4A2
330
17
100
AcDbEntity
  8
SCHEMATICS
 62
7
100
AcDbLine
 10
70.5247573852539
 20
229.3634033203125
 30
0.0
 11
70.5247573852539
 21
228.8499755859375
 31
0.0
  0
LINE
  5
4A3
330
17
100
AcDbEntity
  8
SCHEMATICS
 62
7
100
AcDbLine
 10
70.5247573852539
 20
228.8499755859375
 30
0.0
 11
70.73755645751953
 21
228.33612060546875
 31
0.0
  0
LINE
  5
4A4
330
17
100
AcDbEntity
  8
SCHEMATICS
 62
7
100
AcDbLine
 10
70.73755645751953
 20
228.33612060546875
 30
0.0
 11
71.0382080078125
 21
227.9520263671875
 31
0.0
  0
LINE
  5
4A5
330
17
100
AcDbEntity
  8
SCHEMATICS
 62
7
100
AcDbLine
 10
73.08992004394531
 20
237.5313720703125
 30
0.0
 11
73.08992004394531
 21
240.13916015625
 31
0.0
  0
LINE
  5
4A6
330
17
100
AcDbEntity
  8
SCHEMATICS
 62
7
100
AcDbLine
 10
73.08992004394531
 20
240.13916015625
 30
0.0
 11
74.15971374511719
 21
240.13916015625
 31
0.0
  0
LINE
  5
4A7
330
17
100
AcDbEntity
  8
SCHEMATICS
 62
7
100
AcDbLine
 10
74.15971374511719
 20
240.13916015625
 30
0.0
 11
74.15971374511719
 21
233.6812744140625
 31
0.0
  0
LINE
  5
4A8
330
17
100
AcDbEntity
  8
SCHEMATICS
 62
7
100
AcDbLine
 10
74.15971374511719
 20
233.6812744140625
 30
0.0
 11
73.60337829589844
 21
233.6812744140625
 31
0.0
  0
LINE
  5
4A9
330
17
100
AcDbEntity
  8
SCHEMATICS
 62
7
100
AcDbLine
 10
73.08992004394531
 20
239.2415771484375
 30
0.0
 11
74.15971374511719
 21
239.2415771484375
 31
0.0
  0
LINE
  5
4AA
330
17
100
AcDbEntity
  8
SCHEMATICS
 62
7
100
AcDbLine
 10
74.15971374511719
 20
234.920654296875
 30
0.0
 11
73.73221588134766
 21
234.920654296875
 31
0.0
  0
LINE
  5
4AB
330
17
100
AcDbEntity
  8
SCHEMATICS
 62
7
100
AcDbLine
 10
74.32453155517578
 20
235.46038818359375
 30
0.0
 11
81.35355377197266
 21
235.46038818359375
 31
0.0
  0
LINE
  5
4AC
330
17
100
AcDbEntity
  8
SCHEMATICS
 62
7
100
AcDbLine
 10
74.32453155517578
 20
238.01116943359375
 30
0.0
 11
81.35355377197266
 21
238.01116943359375
 31
0.0
  0
LWPOLYLINE
  5
4AD
330
17
100
AcDbEntity
  8
SCHEMATICS
 62
7
100
AcDbPolyline
 90
9
 70
0
 10
92.31509399414062
 20
219.224853515625
 10
92.29480442404747
 20
219.0232527256012
 10
92.2366054058075
 20
218.8354206085205
 10
92.14450147747993
 20
218.6653983592987
 10
92.02249717712402
 20
218.51722717285156
 10
91.874597042799
 20
218.39494824409485
 10
91.70480561256409
 20
218.30260276794434
 10
91.51712742447853
 20
218.2442319393158
 10
91.31556701660156
 20
218.223876953125
  0
LWPOLYLINE
  5
4AE
330
17
100
AcDbEntity
  8
SCHEMATICS
 62
7
100
AcDbPolyline
 90
9
 70
0
 10
91.31556701660156
 20
218.223876953125
 10
91.11335185170174
 20
218.2442319393158
 10
90.92518162727356
 20
218.30260276794434
 10
90.7550376355648
 20
218.39494824409485
 10
90.60690116882324
 20
218.51722717285156
 10
90.48475351929665
 20
218.6653983592987
 10
90.39257597923279
 20
218.8354206085205
 10
90.33434984087944
 20
219.0232527256012
 10
90.31405639648438
 20
219.224853515625
  0
LWPOLYLINE
  5
4AF
330
17
100
AcDbEntity
  8
SCHEMATICS
 62
7
100
AcDbPolyline
 90
9
 70
0
 10
90.31405639648438
 20
219.224853515625
 10
90.33434984087944
 20
219.42712092399597
 10
90.39257597923279
 20
219.61541938781738
 10
90.48475351929665
 20
219.78574204444885
 10
90.60690116882324
 20
219.93408203125
 10
90.7550376355648
 20
220.05643248558044
 10
90.92518162727356
 20
220.1487865447998
 10
91.11335185170174
 20
220.2071373462677
 10
91.31556701660156
 20
220.22747802734375
  0
LWPOLYLINE
  5
4B0
330
17
100
AcDbEntity
  8
SCHEMATICS
 62
7
100
AcDbPolyline
 90
9
 70
0
 10
91.31556701660156
 20
220.22747802734375
 10
91.51712742447853
 20
220.2071373462677
 10
91.70480561256409
 20
220.1487865447998
 10
91.874597042799
 20
220.05643248558044
 10
92.02249717712402
 20
219.93408203125
 10
92.14450147747993
 20
219.78574204444885
 10
92.2366054058075
 20
219.61541938781738
 10
92.29480442404747
 20
219.42712092399597
 10
92.31509399414062
 20
219.224853515625
  0
LINE
  5
4B1
330
17
100
AcDbEntity
  8
SCHEMATICS
 62
7
100
AcDbLine
 10
81.39453887939453
 20
219.232666015625
 30
0.0
 11
100.18821716308594
 21
219.232666015625
 31
0.0
  0
LINE
  5
4B2
330
17
100
AcDbEntity
  8
SCHEMATICS
 62
7
100
AcDbLine
 10
100.18821716308594
 20
219.232666015625
 30
0.0
 11
100.18821716308594
 21
231.3553466796875
 31
0.0
  0
LWPOLYLINE
  5
4B3
330
17
100
AcDbEntity
  8
SCHEMATICS
 62
7
100
AcDbPolyline
 90
9
 70
0
 10
92.31509399414062
 20
254.352294921875
 10
92.29480442404747
 20
254.15056800842285
 10
92.2366054058075
 20
253.96263122558594
 10
92.14450147747993
 20
253.79252433776855
 10
92.02249717712402
 20
253.644287109375
 10
91.874597042799
 20
253.52195930480957
 10
91.70480561256409
 20
253.42958068847656
 10
91.51712742447853
 20
253.37119102478027
 10
91.31556701660156
 20
253.350830078125
  0
LWPOLYLINE
  5
4B4
330
17
100
AcDbEntity
  8
SCHEMATICS
 62
7
100
AcDbPolyline
 90
9
 70
0
 10
91.31556701660156
 20
253.350830078125
 10
91.11335185170174
 20
253.37119102478027
 10
90.92518162727356
 20
253.42958068847656
 10
90.7550376355648
 20
253.52195930480957
 10
90.60690116882324
 20
253.644287109375
 10
90.48475351929665
 20
253.79252433776855
 10
90.39257597923279
 20
253.96263122558594
 10
90.33434984087944
 20
254.15056800842285
 10
90.31405639648438
 20
254.352294921875
  0
LWPOLYLINE
  5
4B5
330
17
100
AcDbEntity
  8
SCHEMATICS
 62
7
100
AcDbPolyline
 90
9
 70
0
 10
90.31405639648438
 20
254.352294921875
 10
90.33434984087944
 20
254.55460274219513
 10
90.39257597923279
 20
254.74281787872314
 10
90.48475351929665
 20
254.91296994686127
 10
90.60690116882324
 20
255.06108856201172
 10
90.7550376355648
 20
255.18320333957672
 10
90.92518162727356
 20
255.2753438949585
 10
91.11335185170174
 20
255.33353984355927
 10
91.31556701660156
 20
255.35382080078125
  0
LWPOLYLINE
  5
4B6
330
17
100
AcDbEntity
  8
SCHEMATICS
 62
7
100
AcDbPolyline
 90
9
 70
0
 10
91.31556701660156
 20
255.35382080078125
 10
91.51712742447853
 20
255.33353984355927
 10
91.70480561256409
 20
255.2753438949585
 10
91.874597042799
 20
255.18320333957672
 10
92.02249717712402
 20
255.06108856201172
 10
92.14450147747993
 20
254.91296994686127
 10
92.2366054058075
 20
254.74281787872314
 10
92.29480442404747
 20
254.55460274219513
 10
92.31509399414062
 20
254.352294921875
  0
LINE
  5
4B7
330
17
100
AcDbEntity
  8
SCHEMATICS
 62
7
100
AcDbLine
 10
81.39453887939453
 20
254.36029052734375
 30
0.0
 11
100.24098205566406
 21
254.36029052734375
 31
0.0
  0
LINE
  5
4B8
330
17
100
AcDbEntity
  8
SCHEMATICS
 62
7
100
AcDbLine
 10
100.24098205566406
 20
254.36029052734375
 30
0.0
 11
100.24098205566406
 21
242.468017578125
 31
0.0
  0
LINE
  5
4B9
330
17
100
AcDbEntity
  8
SCHEMATICS
 62
7
100
AcDbLine
 10
93.6617431640625
 20
250.864013671875
 30
0.0
 11
96.49468994140625
 21
250.864013671875
 31
0.0
  0
LINE
  5
4BA
330
17
100
AcDbEntity
  8
SCHEMATICS
 62
7
100
AcDbLine
 10
96.49468994140625
 20
250.864013671875
 30
0.0
 11
96.49468994140625
 21
248.03033447265625
 31
0.0
  0
LINE
  5
4BB
330
17
100
AcDbEntity
  8
SCHEMATICS
 62
7
100
AcDbLine
 10
96.49468994140625
 20
244.47802734375
 30
0.0
 11
96.49468994140625
 21
227.3109130859375
 31
0.0
  0
LINE
  5
4BC
330
17
100
AcDbEntity
  8
SCHEMATICS
 62
7
100
AcDbLine
 10
96.49468994140625
 20
225.53515625
 30
0.0
 11
96.49468994140625
 21
222.70172119140625
 31
0.0
  0
LINE
  5
4BD
330
17
100
AcDbEntity
  8
SCHEMATICS
 62
7
100
AcDbLine
 10
96.49468994140625
 20
222.70172119140625
 30
0.0
 11
93.6617431640625
 21
222.70172119140625
 31
0.0
  0
LINE
  5
4BE
330
17
100
AcDbEntity
  8
SCHEMATICS
 62
7
100
AcDbLine
 10
89.12751770019531
 20
222.70172119140625
 30
0.0
 11
86.29458618164062
 21
222.70172119140625
 31
0.0
  0
LINE
  5
4BF
330
17
100
AcDbEntity
  8
SCHEMATICS
 62
7
100
AcDbLine
 10
86.29458618164062
 20
222.70172119140625
 30
0.0
 11
86.29458618164062
 21
225.53515625
 31
0.0
  0
LINE
  5
4C0
330
17
100
AcDbEntity
  8
SCHEMATICS
 62
7
100
AcDbLine
 10
86.29458618164062
 20
229.0869140625
 30
0.0
 11
86.29458618164062
 21
246.25421142578125
 31
0.0
  0
LINE
  5
4C1
330
17
100
AcDbEntity
  8
SCHEMATICS
 62
7
100
AcDbLine
 10
86.29458618164062
 20
248.03033447265625
 30
0.0
 11
86.29458618164062
 21
250.864013671875
 31
0.0
  0
LINE
  5
4C2
330
17
100
AcDbEntity
  8
SCHEMATICS
 62
7
100
AcDbLine
 10
86.29458618164062
 20
250.864013671875
 30
0.0
 11
89.12751770019531
 21
250.864013671875
 31
0.0
  0
LINE
  5
4C3
330
17
100
AcDbEntity
  8
SCHEMATICS
 62
7
100
AcDbLine
 10
81.35355377197266
 20
219.26318359375
 30
0.0
 11
81.35355377197266
 21
235.39544677734375
 31
0.0
  0
LINE
  5
4C4
330
17
100
AcDbEntity
  8
SCHEMATICS
 62
7
100
AcDbLine
 10
81.35355377197266
 20
238.0611572265625
 30
0.0
 11
81.35355377197266
 21
254.394287109375
 31
0.0
  0
LINE
  5
4C5
330
17
100
AcDbEntity
  8
SCHEMATICS
 62
7
100
AcDbLine
 10
91.31167602539062
 20
219.22998046875
 30
0.0
 11
91.31167602539062
 21
222.70172119140625
 31
0.0
  0
LINE
  5
4C6
330
17
100
AcDbEntity
  8
SCHEMATICS
 62
7
100
AcDbLine
 10
91.29608154296875
 20
254.308349609375
 30
0.0
 11
91.29608154296875
 21
250.864013671875
 31
0.0
  0
LINE
  5
4C7
330
17
100
AcDbEntity
  8
SCHEMATICS
 62
7
100
AcDbLine
 10
105.30105590820312
 20
241.14764404296875
 30
0.0
 11
109.83438110351562
 21
242.47705078125
 31
0.0
  0
LINE
  5
4C8
330
17
100
AcDbEntity
  8
SCHEMATICS
 62
7
100
AcDbLine
 10
109.83438110351562
 20
242.47705078125
 30
0.0
 11
105.30105590820312
 21
243.69744873046875
 31
0.0
  0
LINE
  5
4C9
330
17
100
AcDbEntity
  8
SCHEMATICS
 62
7
100
AcDbLine
 10
105.30105590820312
 20
243.69744873046875
 30
0.0
 11
105.30105590820312
 21
241.14764404296875
 31
0.0
  0
LINE
  5
4CA
330
17
100
AcDbEntity
  8
SCHEMATICS
 62
7
100
AcDbLine
 10
107.46831512451172
 20
242.362060546875
 30
0.0
 11
100.29055786132812
 21
242.362060546875
 31
0.0
  0
LINE
  5
4CB
330
17
100
AcDbEntity
  8
SCHEMATICS
 62
7
100
AcDbLine
 10
105.30105590820312
 20
230.0352783203125
 30
0.0
 11
109.83438110351562
 21
231.36474609375
 31
0.0
  0
LINE
  5
4CC
330
17
100
AcDbEntity
  8
SCHEMATICS
 62
7
100
AcDbLine
 10
109.83438110351562
 20
231.36474609375
 30
0.0
 11
105.30105590820312
 21
232.58477783203125
 31
0.0
  0
LINE
  5
4CD
330
17
100
AcDbEntity
  8
SCHEMATICS
 62
7
100
AcDbLine
 10
105.30105590820312
 20
232.58477783203125
 30
0.0
 11
105.30105590820312
 21
230.0352783203125
 31
0.0
  0
LINE
  5
4CE
330
17
100
AcDbEntity
  8
SCHEMATICS
 62
7
100
AcDbLine
 10
107.46831512451172
 20
231.2496337890625
 30
0.0
 11
100.17071533203125
 21
231.2496337890625
 31
0.0
  0
LWPOLYLINE
  5
4CF
330
17
100
AcDbEntity
  8
SCHEMATICS
 62
7
100
AcDbPolyline
 90
9
 70
0
 10
132.6691131591797
 20
230.56201171875
 10
132.64882799983025
 20
230.36061680316925
 10
132.59063982963562
 20
230.1729097366333
 10
132.49854961037636
 20
230.00294816493988
 10
132.376558303833
 20
229.85478973388672
 10
132.22866687178612
 20
229.73249208927155
 10
132.05887627601624
 20
229.6401128768921
 10
131.8711874783039
 20
229.58170974254608
 10
131.6696014404297
 20
229.56134033203125
  0
LWPOLYLINE
  5
4D0
330
17
100
AcDbEntity
  8
SCHEMATICS
 62
7
100
AcDbPolyline
 90
9
 70
0
 10
131.6696014404297
 20
229.56134033203125
 10
131.46738582849503
 20
229.58170974254608
 10
131.2792239189148
 20
229.6401128768921
 10
131.10909432172775
 20
229.73249208927155
 10
130.96097564697266
 20
229.85478973388672
 10
130.83884650468826
 20
230.00294816493988
 10
130.74668550491333
 20
230.1729097366333
 10
130.68847125768661
 20
230.36061680316925
 10
130.66818237304688
 20
230.56201171875
  0
LWPOLYLINE
  5
4D1
330
17
100
AcDbEntity
  8
SCHEMATICS
 62
7
100
AcDbPolyline
 90
9
 70
0
 10
130.66818237304688
 20
230.56201171875
 10
130.68847125768661
 20
230.76384913921356
 10
130.74668550491333
 20
230.951735496521
 10
130.83884650468826
 20
231.12167608737946
 10
130.96097564697266
 20
231.2696762084961
 10
131.10909432172775
 20
231.39174115657806
 10
131.2792239189148
 20
231.48387622833252
 10
131.46738582849503
 20
231.5420867204666
 10
131.6696014404297
 20
231.5623779296875
  0
LWPOLYLINE
  5
4D2
330
17
100
AcDbEntity
  8
SCHEMATICS
 62
7
100
AcDbPolyline
 90
9
 70
0
 10
131.6696014404297
 20
231.5623779296875
 10
131.8711874783039
 20
231.5420867204666
 10
132.05887627601624
 20
231.48387622833252
 10
132.22866687178612
 20
231.39174115657806
 10
132.376558303833
 20
231.2696762084961
 10
132.49854961037636
 20
231.12167608737946
 10
132.59063982963562
 20
230.951735496521
 10
132.64882799983025
 20
230.76384913921356
 10
132.6691131591797
 20
230.56201171875
  0
LINE
  5
4D3
330
17
100
AcDbEntity
  8
SCHEMATICS
 62
7
100
AcDbLine
 10
121.74856567382812
 20
230.56982421875
 30
0.0
 11
140.54234313964844
 21
230.56982421875
 31
0.0
  0
LINE
  5
4D4
330
17
100
AcDbEntity
  8
SCHEMATICS
 62
7
100
AcDbLine
 10
140.54234313964844
 20
230.56982421875
 30
0.0
 11
140.54234313964844
 21
242.68792724609375
 31
0.0
  0
LWPOLYLINE
  5
4D5
330
17
100
AcDbEntity
  8
SCHEMATICS
 62
7
100
AcDbPolyline
 90
9
 70
0
 10
132.6691131591797
 20
265.68389892578125
 10
132.64882799983025
 20
265.48244976997375
 10
132.59063982963562
 20
265.2946376800537
 10
132.49854961037636
 20
265.1245381832123
 10
132.376558303833
 20
264.9762268066406
 10
132.22866687178612
 20
264.8537790775299
 10
132.05887627601624
 20
264.7612705230713
 10
131.8711874783039
 20
264.70277667045593
 10
131.6696014404297
 20
264.682373046875
  0
LWPOLYLINE
  5
4D6
330
17
100
AcDbEntity
  8
SCHEMATICS
 62
7
100
AcDbPolyline
 90
9
 70
0
 10
131.6696014404297
 20
264.682373046875
 10
131.46738582849503
 20
264.70277667045593
 10
131.2792239189148
 20
264.7612705230713
 10
131.10909432172775
 20
264.8537790775299
 10
130.96097564697266
 20
264.9762268066406
 10
130.83884650468826
 20
265.1245381832123
 10
130.74668550491333
 20
265.2946376800537
 10
130.68847125768661
 20
265.48244976997375
 10
130.66818237304688
 20
265.68389892578125
  0
LWPOLYLINE
  5
4D7
330
17
100
AcDbEntity
  8
SCHEMATICS
 62
7
100
AcDbPolyline
 90
9
 70
0
 10
130.66818237304688
 20
265.68389892578125
 10
130.68847125768661
 20
265.8861892223358
 10
130.74668550491333
 20
266.07439613342285
 10
130.83884650468826
 20
266.24454712867737
 10
130.96097564697266
 20
266.3926696777344
 10
131.10909432172775
 20
266.5147912502289
 10
131.2792239189148
 20
266.6069393157959
 10
131.46738582849503
 20
266.66514134407043
 10
131.6696014404297
 20
266.6854248046875
  0
LWPOLYLINE
  5
4D8
330
17
100
AcDbEntity
  8
SCHEMATICS
 62
7
100
AcDbPolyline
 90
9
 70
0
 10
131.6696014404297
 20
266.6854248046875
 10
131.8711874783039
 20
266.66514134407043
 10
132.05887627601624
 20
266.6069393157959
 10
132.22866687178612
 20
266.5147912502289
 10
132.376558303833
 20
266.3926696777344
 10
132.49854961037636
 20
266.24454712867737
 10
132.59063982963562
 20
266.07439613342285
 10
132.64882799983025
 20
265.8861892223358
 10
132.6691131591797
 20
265.68389892578125
  0
LINE
  5
4D9
330
17
100
AcDbEntity
  8
SCHEMATICS
 62
7
100
AcDbLine
 10
121.74856567382812
 20
265.69189453125
 30
0.0
 11
140.5950164794922
 21
265.69189453125
 31
0.0
  0
LINE
  5
4DA
330
17
100
AcDbEntity
  8
SCHEMATICS
 62
7
100
AcDbLine
 10
140.5950164794922
 20
265.69189453125
 30
0.0
 11
140.5950164794922
 21
253.799560546875
 31
0.0
  0
LINE
  5
4DB
330
17
100
AcDbEntity
  8
SCHEMATICS
 62
7
100
AcDbLine
 10
134.01577758789062
 20
262.195556640625
 30
0.0
 11
136.84881591796875
 21
262.195556640625
 31
0.0
  0
LINE
  5
4DC
330
17
100
AcDbEntity
  8
SCHEMATICS
 62
7
100
AcDbLine
 10
136.84881591796875
 20
262.195556640625
 30
0.0
 11
136.84881591796875
 21
259.3619384765625
 31
0.0
  0
LINE
  5
4DD
330
17
100
AcDbEntity
  8
SCHEMATICS
 62
7
100
AcDbLine
 10
136.84881591796875
 20
255.81060791015625
 30
0.0
 11
136.84881591796875
 21
238.64288330078125
 31
0.0
  0
LINE
  5
4DE
330
17
100
AcDbEntity
  8
SCHEMATICS
 62
7
100
AcDbLine
 10
136.84881591796875
 20
236.86669921875
 30
0.0
 11
136.84881591796875
 21
234.0330810546875
 31
0.0
  0
LINE
  5
4DF
330
17
100
AcDbEntity
  8
SCHEMATICS
 62
7
100
AcDbLine
 10
136.84881591796875
 20
234.0330810546875
 30
0.0
 11
134.01577758789062
 21
234.0330810546875
 31
0.0
  0
LINE
  5
4E0
330
17
100
AcDbEntity
  8
SCHEMATICS
 62
7
100
AcDbLine
 10
129.4816436767578
 20
234.0330810546875
 30
0.0
 11
126.64860534667969
 21
234.0330810546875
 31
0.0
  0
LINE
  5
4E1
330
17
100
AcDbEntity
  8
SCHEMATICS
 62
7
100
AcDbLine
 10
126.64860534667969
 20
234.0330810546875
 30
0.0
 11
126.64860534667969
 21
236.86669921875
 31
0.0
  0
LINE
  5
4E2
330
17
100
AcDbEntity
  8
SCHEMATICS
 62
7
100
AcDbLine
 10
126.64860534667969
 20
240.41802978515625
 30
0.0
 11
126.64860534667969
 21
257.5867919921875
 31
0.0
  0
LINE
  5
4E3
330
17
100
AcDbEntity
  8
SCHEMATICS
 62
7
100
AcDbLine
 10
126.64860534667969
 20
259.3619384765625
 30
0.0
 11
126.64860534667969
 21
262.195556640625
 31
0.0
  0
LINE
  5
4E4
330
17
100
AcDbEntity
  8
SCHEMATICS
 62
7
100
AcDbLine
 10
126.64860534667969
 20
262.195556640625
 30
0.0
 11
129.4816436767578
 21
262.195556640625
 31
0.0
  0
LINE
  5
4E5
330
17
100
AcDbEntity
  8
SCHEMATICS
 62
7
100
AcDbLine
 10
121.70758056640625
 20
230.59991455078125
 30
0.0
 11
121.70758056640625
 21
245.74542236328125
 31
0.0
  0
LINE
  5
4E6
330
17
100
AcDbEntity
  8
SCHEMATICS
 62
7
100
AcDbLine
 10
121.70758056640625
 20
250.87896728515625
 30
0.0
 11
121.70758056640625
 21
265.725830078125
 31
0.0
  0
LINE
  5
4E7
330
17
100
AcDbEntity
  8
SCHEMATICS
 62
7
100
AcDbLine
 10
131.6656951904297
 20
230.5667724609375
 30
0.0
 11
131.6656951904297
 21
234.0330810546875
 31
0.0
  0
LINE
  5
4E8
330
17
100
AcDbEntity
  8
SCHEMATICS
 62
7
100
AcDbLine
 10
131.6501007080078
 20
265.639892578125
 30
0.0
 11
131.6501007080078
 21
262.195556640625
 31
0.0
  0
LINE
  5
4E9
330
17
100
AcDbEntity
  8
SCHEMATICS
 62
7
100
AcDbLine
 10
145.6550750732422
 20
252.47918701171875
 30
0.0
 11
150.18850708007812
 21
253.8095703125
 31
0.0
  0
LINE
  5
4EA
330
17
100
AcDbEntity
  8
SCHEMATICS
 62
7
100
AcDbLine
 10
150.18850708007812
 20
253.8095703125
 30
0.0
 11
145.6550750732422
 21
255.02899169921875
 31
0.0
  0
LINE
  5
4EB
330
17
100
AcDbEntity
  8
SCHEMATICS
 62
7
100
AcDbLine
 10
145.6550750732422
 20
255.02899169921875
 30
0.0
 11
145.6550750732422
 21
252.47918701171875
 31
0.0
  0
LINE
  5
4EC
330
17
100
AcDbEntity
  8
SCHEMATICS
 62
7
100
AcDbLine
 10
147.8224334716797
 20
253.693603515625
 30
0.0
 11
140.6445770263672
 21
253.693603515625
 31
0.0
  0
LINE
  5
4ED
330
17
100
AcDbEntity
  8
SCHEMATICS
 62
7
100
AcDbLine
 10
145.6550750732422
 20
241.637451171875
 30
0.0
 11
150.18850708007812
 21
242.966796875
 31
0.0
  0
LINE
  5
4EE
330
17
100
AcDbEntity
  8
SCHEMATICS
 62
7
100
AcDbLine
 10
150.18850708007812
 20
242.966796875
 30
0.0
 11
145.6550750732422
 21
244.18719482421875
 31
0.0
  0
LINE
  5
4EF
330
17
100
AcDbEntity
  8
SCHEMATICS
 62
7
100
AcDbLine
 10
145.6550750732422
 20
244.18719482421875
 30
0.0
 11
145.6550750732422
 21
241.637451171875
 31
0.0
  0
LINE
  5
4F0
330
17
100
AcDbEntity
  8
SCHEMATICS
 62
7
100
AcDbLine
 10
147.8224334716797
 20
242.851806640625
 30
0.0
 11
140.52474975585938
 21
242.851806640625
 31
0.0
  0
LWPOLYLINE
  5
4F1
330
17
100
AcDbEntity
  8
SCHEMATICS
 62
7
100
AcDbPolyline
 90
5
 70
0
 10
382.1377258300781
 20
247.208740234375
 10
382.1377258300781
 20
237.29248046875
 10
386.3876953125
 20
237.29248046875
 10
386.3876953125
 20
247.208740234375
 10
382.1377258300781
 20
247.208740234375
  0
LINE
  5
4F2
330
17
100
AcDbEntity
  8
SCHEMATICS
 62
7
100
AcDbLine
 10
384.293701171875
 20
247.294677734375
 30
0.0
 11
384.293701171875
 21
261.12005615234375
 31
0.0
  0
LWPOLYLINE
  5
4F3
330
17
100
AcDbEntity
  8
SCHEMATICS
 62
7
100
AcDbPolyline
 90
9
 70
0
 10
373.5728454589844
 20
231.296875
 10
373.5931224822998
 20
231.09521555900574
 10
373.6512908935547
 20
230.90730476379395
 10
373.7433567047119
 20
230.73719239234924
 10
373.8653259277344
 20
230.58892822265625
 10
374.01320457458496
 20
230.46656203269958
 10
374.18299865722656
 20
230.37414360046387
 10
374.37071418762207
 20
230.31572270393372
 10
374.5723571777344
 20
230.29534912109375
  0
LWPOLYLINE
  5
4F4
330
17
100
AcDbEntity
  8
SCHEMATICS
 62
7
100
AcDbPolyline
 90
9
 70
0
 10
374.5723571777344
 20
230.29534912109375
 10
374.7746562361717
 20
230.31572270393372
 10
374.96286725997925
 20
230.37414360046387
 10
375.13301879167557
 20
230.46656203269958
 10
375.2811393737793
 20
230.58892822265625
 10
375.40325754880905
 20
230.73719239234924
 10
375.49540185928345
 20
230.90730476379395
 10
375.5536008477211
 20
231.09521555900574
 10
375.5738830566406
 20
231.296875
  0
LWPOLYLINE
  5
4F5
330
17
100
AcDbEntity
  8
SCHEMATICS
 62
7
100
AcDbPolyline
 90
9
 70
0
 10
375.5738830566406
 20
231.296875
 10
375.5536008477211
 20
231.49912571907043
 10
375.49540185928345
 20
231.68745613098145
 10
375.40325754880905
 20
231.8578450679779
 10
375.2811393737793
 20
232.0062713623047
 10
375.13301879167557
 20
232.12871384620667
 10
374.96286725997925
 20
232.2211513519287
 10
374.7746562361717
 20
232.2795627117157
 10
374.5723571777344
 20
232.2999267578125
  0
LWPOLYLINE
  5
4F6
330
17
100
AcDbEntity
  8
SCHEMATICS
 62
7
100
AcDbPolyline
 90
9
 70
0
 10
374.5723571777344
 20
232.2999267578125
 10
374.37071418762207
 20
232.2795627117157
 10
374.18299865722656
 20
232.2211513519287
 10
374.01320457458496
 20
232.12871384620667
 10
373.8653259277344
 20
232.0062713623047
 10
373.7433567047119
 20
231.8578450679779
 10
373.6512908935547
 20
231.68745613098145
 10
373.5931224822998
 20
231.49912571907043
 10
373.5728454589844
 20
231.296875
  0
LINE
  5
4F7
330
17
100
AcDbEntity
  8
SCHEMATICS
 62
7
100
AcDbLine
 10
384.2397155761719
 20
231.3046875
 30
0.0
 11
365.6996154785156
 21
231.3046875
 31
0.0
  0
LINE
  5
4F8
330
17
100
AcDbEntity
  8
SCHEMATICS
 62
7
100
AcDbLine
 10
365.6996154785156
 20
231.3046875
 30
0.0
 11
365.6996154785156
 21
242.86181640625
 31
0.0
  0
LWPOLYLINE
  5
4F9
330
17
100
AcDbEntity
  8
SCHEMATICS
 62
7
100
AcDbPolyline
 90
9
 70
0
 10
373.5728454589844
 20
265.2900390625
 10
373.5931224822998
 20
265.08831214904785
 10
373.6512908935547
 20
264.90037536621094
 10
373.7433567047119
 20
264.73026847839355
 10
373.8653259277344
 20
264.58203125
 10
374.01320457458496
 20
264.45970344543457
 10
374.18299865722656
 20
264.36732482910156
 10
374.37071418762207
 20
264.3089351654053
 10
374.5723571777344
 20
264.28857421875
  0
LWPOLYLINE
  5
4FA
330
17
100
AcDbEntity
  8
SCHEMATICS
 62
7
100
AcDbPolyline
 90
9
 70
0
 10
374.5723571777344
 20
264.28857421875
 10
374.7746562361717
 20
264.3089351654053
 10
374.96286725997925
 20
264.36732482910156
 10
375.13301879167557
 20
264.45970344543457
 10
375.2811393737793
 20
264.58203125
 10
375.40325754880905
 20
264.73026847839355
 10
375.49540185928345
 20
264.90037536621094
 10
375.5536008477211
 20
265.08831214904785
 10
375.5738830566406
 20
265.2900390625
  0
LWPOLYLINE
  5
4FB
330
17
100
AcDbEntity
  8
SCHEMATICS
 62
7
100
AcDbPolyline
 90
9
 70
0
 10
375.5738830566406
 20
265.2900390625
 10
375.5536008477211
 20
265.49234688282013
 10
375.49540185928345
 20
265.68056201934814
 10
375.40325754880905
 20
265.85071408748627
 10
375.2811393737793
 20
265.9988327026367
 10
375.13301879167557
 20
266.1209474802017
 10
374.96286725997925
 20
266.2130880355835
 10
374.7746562361717
 20
266.27128398418427
 10
374.5723571777344
 20
266.29156494140625
  0
LWPOLYLINE
  5
4FC
330
17
100
AcDbEntity
  8
SCHEMATICS
 62
7
100
AcDbPolyline
 90
9
 70
0
 10
374.5723571777344
 20
266.29156494140625
 10
374.37071418762207
 20
266.27128398418427
 10
374.18299865722656
 20
266.2130880355835
 10
374.01320457458496
 20
266.1209474802017
 10
373.8653259277344
 20
265.9988327026367
 10
373.7433567047119
 20
265.85071408748627
 10
373.6512908935547
 20
265.68056201934814
 10
373.5931224822998
 20
265.49234688282013
 10
373.5728454589844
 20
265.2900390625
  0
LINE
  5
4FD
330
17
100
AcDbEntity
  8
SCHEMATICS
 62
7
100
AcDbLine
 10
384.2397155761719
 20
265.29803466796875
 30
0.0
 11
365.6466369628906
 21
265.29803466796875
 31
0.0
  0
LINE
  5
4FE
330
17
100
AcDbEntity
  8
SCHEMATICS
 62
7
100
AcDbLine
 10
365.6466369628906
 20
265.29803466796875
 30
0.0
 11
365.6466369628906
 21
253.9735107421875
 31
0.0
  0
LINE
  5
4FF
330
17
100
AcDbEntity
  8
SCHEMATICS
 62
7
100
AcDbLine
 10
372.2264709472656
 20
261.8017578125
 30
0.0
 11
369.39385986328125
 21
261.8017578125
 31
0.0
  0
LINE
  5
500
330
17
100
AcDbEntity
  8
SCHEMATICS
 62
7
100
AcDbLine
 10
369.39385986328125
 20
261.8017578125
 30
0.0
 11
369.39385986328125
 21
258.9691162109375
 31
0.0
  0
LINE
  5
501
330
17
100
AcDbEntity
  8
SCHEMATICS
 62
7
100
AcDbLine
 10
369.39385986328125
 20
255.595703125
 30
0.0
 11
369.39385986328125
 21
239.2935791015625
 31
0.0
  0
LINE
  5
502
330
17
100
AcDbEntity
  8
SCHEMATICS
 62
7
100
AcDbLine
 10
369.39385986328125
 20
237.60638427734375
 30
0.0
 11
369.39385986328125
 21
234.77374267578125
 31
0.0
  0
LINE
  5
503
330
17
100
AcDbEntity
  8
SCHEMATICS
 62
7
100
AcDbLine
 10
369.39385986328125
 20
234.77374267578125
 30
0.0
 11
372.2264709472656
 21
234.77374267578125
 31
0.0
  0
LINE
  5
504
330
17
100
AcDbEntity
  8
SCHEMATICS
 62
7
100
AcDbLine
 10
376.76031494140625
 20
234.77374267578125
 30
0.0
 11
379.5939636230469
 21
234.77374267578125
 31
0.0
  0
LINE
  5
505
330
17
100
AcDbEntity
  8
SCHEMATICS
 62
7
100
AcDbLine
 10
379.5939636230469
 20
234.77374267578125
 30
0.0
 11
379.5939636230469
 21
237.60638427734375
 31
0.0
  0
LINE
  5
506
330
17
100
AcDbEntity
  8
SCHEMATICS
 62
7
100
AcDbLine
 10
379.5939636230469
 20
240.979736328125
 30
0.0
 11
379.5939636230469
 21
257.28192138671875
 31
0.0
  0
LINE
  5
507
330
17
100
AcDbEntity
  8
SCHEMATICS
 62
7
100
AcDbLine
 10
379.5939636230469
 20
258.9691162109375
 30
0.0
 11
379.5939636230469
 21
261.8017578125
 31
0.0
  0
LINE
  5
508
330
17
100
AcDbEntity
  8
SCHEMATICS
 62
7
100
AcDbLine
 10
379.5939636230469
 20
261.8017578125
 30
0.0
 11
376.76031494140625
 21
261.8017578125
 31
0.0
  0
LINE
  5
509
330
17
100
AcDbEntity
  8
SCHEMATICS
 62
7
100
AcDbLine
 10
384.28070068359375
 20
231.33465576171875
 30
0.0
 11
384.28070068359375
 21
237.280517578125
 31
0.0
  0
LINE
  5
50A
330
17
100
AcDbEntity
  8
SCHEMATICS
 62
7
100
AcDbLine
 10
384.28070068359375
 20
247.24176025390625
 30
0.0
 11
384.28070068359375
 21
265.33203125
 31
0.0
  0
LINE
  5
50B
330
17
100
AcDbEntity
  8
SCHEMATICS
 62
7
100
AcDbLine
 10
374.57635498046875
 20
231.301513671875
 30
0.0
 11
374.57635498046875
 21
234.77374267578125
 31
0.0
  0
LINE
  5
50C
330
17
100
AcDbEntity
  8
SCHEMATICS
 62
7
100
AcDbLine
 10
374.59234619140625
 20
265.24609375
 30
0.0
 11
374.59234619140625
 21
261.8017578125
 31
0.0
  0
LINE
  5
50D
330
17
100
AcDbEntity
  8
SCHEMATICS
 62
7
100
AcDbLine
 10
361.6365661621094
 20
252.6341552734375
 30
0.0
 11
357.103759765625
 21
253.9635009765625
 31
0.0
  0
LINE
  5
50E
330
17
100
AcDbEntity
  8
SCHEMATICS
 62
7
100
AcDbLine
 10
357.103759765625
 20
253.9635009765625
 30
0.0
 11
361.6365661621094
 21
255.18389892578125
 31
0.0
  0
LINE
  5
50F
330
17
100
AcDbEntity
  8
SCHEMATICS
 62
7
100
AcDbLine
 10
361.6365661621094
 20
255.18389892578125
 30
0.0
 11
361.6365661621094
 21
252.6341552734375
 31
0.0
  0
LINE
  5
510
330
17
100
AcDbEntity
  8
SCHEMATICS
 62
7
100
AcDbLine
 10
359.2677001953125
 20
253.8675537109375
 30
0.0
 11
365.5986633300781
 21
253.8675537109375
 31
0.0
  0
LINE
  5
511
330
17
100
AcDbEntity
  8
SCHEMATICS
 62
7
100
AcDbLine
 10
361.6365661621094
 20
241.54144287109375
 30
0.0
 11
357.103759765625
 21
242.86981201171875
 31
0.0
  0
LINE
  5
512
330
17
100
AcDbEntity
  8
SCHEMATICS
 62
7
100
AcDbLine
 10
357.103759765625
 20
242.86981201171875
 30
0.0
 11
361.6365661621094
 21
244.09027099609375
 31
0.0
  0
LINE
  5
513
330
17
100
AcDbEntity
  8
SCHEMATICS
 62
7
100
AcDbLine
 10
361.6365661621094
 20
244.09027099609375
 30
0.0
 11
361.6365661621094
 21
241.54144287109375
 31
0.0
  0
LINE
  5
514
330
17
100
AcDbEntity
  8
SCHEMATICS
 62
7
100
AcDbLine
 10
359.2677001953125
 20
242.9088134765625
 30
0.0
 11
365.7176208496094
 21
242.9088134765625
 31
0.0
  0
LWPOLYLINE
  5
515
330
17
100
AcDbEntity
  8
SCHEMATICS
 62
7
100
AcDbPolyline
 90
9
 70
0
 10
386.86846923828125
 20
257.75469970703125
 10
386.8166306614876
 20
257.24107480049133
 10
386.6679711341858
 20
256.7625675201416
 10
386.4327749609947
 20
256.329461812973
 10
386.1213264465332
 20
255.95204162597656
 10
385.7439098954201
 20
255.6405909061432
 10
385.31080961227417
 20
255.40539360046387
 10
384.8323099017143
 20
255.25673365592957
 10
384.3186950683594
 20
255.20489501953125
  0
LWPOLYLINE
  5
516
330
17
100
AcDbEntity
  8
SCHEMATICS
 62
7
100
AcDbPolyline
 90
9
 70
0
 10
384.3186950683594
 20
255.20489501953125
 10
383.8044586777687
 20
255.25673365592957
 10
383.32557344436646
 20
255.40539360046387
 10
382.8922764658928
 20
255.6405909061432
 10
382.5148048400879
 20
255.95204162597656
 10
382.2033956646919
 20
256.329461812973
 10
381.96828603744507
 20
256.7625675201416
 10
381.8197130560875
 20
257.24107480049133
 10
381.7679138183594
 20
257.75469970703125
  0
LWPOLYLINE
  5
517
330
17
100
AcDbEntity
  8
SCHEMATICS
 62
7
100
AcDbPolyline
 90
9
 70
0
 10
381.7679138183594
 20
257.75469970703125
 10
381.8197130560875
 20
258.2686023712158
 10
381.96828603744507
 20
258.7472343444824
 10
382.2033956646919
 20
259.18034744262695
 10
382.5148048400879
 20
259.5576934814453
 10
382.8922764658928
 20
259.8690242767334
 10
383.32557344436646
 20
260.1040916442871
 10
383.8044586777687
 20
260.25264739990234
 10
384.3186950683594
 20
260.304443359375
  0
LWPOLYLINE
  5
518
330
17
100
AcDbEntity
  8
SCHEMATICS
 62
7
100
AcDbPolyline
 90
9
 70
0
 10
384.3186950683594
 20
260.304443359375
 10
384.8323099017143
 20
260.25264739990234
 10
385.31080961227417
 20
260.1040916442871
 10
385.7439098954201
 20
259.8690242767334
 10
386.1213264465332
 20
259.5576934814453
 10
386.4327749609947
 20
259.18034744262695
 10
386.6679711341858
 20
258.7472343444824
 10
386.8166306614876
 20
258.2686023712158
 10
386.86846923828125
 20
257.75469970703125
  0
LINE
  5
519
330
17
100
AcDbEntity
  8
SCHEMATICS
 62
7
100
AcDbLine
 10
292.9935302734375
 20
255.094970703125
 30
0.0
 11
292.9935302734375
 21
252.82806396484375
 31
0.0
  0
LINE
  5
51A
330
17
100
AcDbEntity
  8
SCHEMATICS
 62
7
100
AcDbLine
 10
292.9935302734375
 20
252.82806396484375
 30
0.0
 11
287.8939514160156
 21
252.82806396484375
 31
0.0
  0
LINE
  5
51B
330
17
100
AcDbEntity
  8
SCHEMATICS
 62
7
100
AcDbLine
 10
287.8939514160156
 20
252.82806396484375
 30
0.0
 11
287.8939514160156
 21
255.094970703125
 31
0.0
  0
LINE
  5
51C
330
17
100
AcDbEntity
  8
SCHEMATICS
 62
7
100
AcDbLine
 10
287.8939514160156
 20
255.094970703125
 30
0.0
 11
292.9935302734375
 21
255.094970703125
 31
0.0
  0
LINE
  5
51D
330
17
100
AcDbEntity
  8
SCHEMATICS
 62
7
100
AcDbLine
 10
290.24884033203125
 20
253.96148681640625
 30
0.0
 11
249.47743225097656
 21
253.96148681640625
 31
0.0
  0
LINE
  5
51E
330
17
100
AcDbEntity
  8
SCHEMATICS
 62
7
100
AcDbLine
 10
292.9935302734375
 20
243.76239013671875
 30
0.0
 11
292.9935302734375
 21
241.4954833984375
 31
0.0
  0
LINE
  5
51F
330
17
100
AcDbEntity
  8
SCHEMATICS
 62
7
100
AcDbLine
 10
292.9935302734375
 20
241.4954833984375
 30
0.0
 11
287.8939514160156
 21
241.4954833984375
 31
0.0
  0
LINE
  5
520
330
17
100
AcDbEntity
  8
SCHEMATICS
 62
7
100
AcDbLine
 10
287.8939514160156
 20
241.4954833984375
 30
0.0
 11
287.8939514160156
 21
243.76239013671875
 31
0.0
  0
LINE
  5
521
330
17
100
AcDbEntity
  8
SCHEMATICS
 62
7
100
AcDbLine
 10
287.8939514160156
 20
243.76239013671875
 30
0.0
 11
292.9935302734375
 21
243.76239013671875
 31
0.0
  0
LINE
  5
522
330
17
100
AcDbEntity
  8
SCHEMATICS
 62
7
100
AcDbLine
 10
193.8271484375
 20
255.095947265625
 30
0.0
 11
193.8271484375
 21
252.82904052734375
 31
0.0
  0
LINE
  5
523
330
17
100
AcDbEntity
  8
SCHEMATICS
 62
7
100
AcDbLine
 10
193.8271484375
 20
252.82904052734375
 30
0.0
 11
188.72860717773438
 21
252.82904052734375
 31
0.0
  0
LINE
  5
524
330
17
100
AcDbEntity
  8
SCHEMATICS
 62
7
100
AcDbLine
 10
188.72860717773438
 20
252.82904052734375
 30
0.0
 11
188.72860717773438
 21
255.095947265625
 31
0.0
  0
LINE
  5
525
330
17
100
AcDbEntity
  8
SCHEMATICS
 62
7
100
AcDbLine
 10
188.72860717773438
 20
255.095947265625
 30
0.0
 11
193.8271484375
 21
255.095947265625
 31
0.0
  0
LINE
  5
526
330
17
100
AcDbEntity
  8
SCHEMATICS
 62
7
100
AcDbLine
 10
193.70220947265625
 20
253.9635009765625
 30
0.0
 11
232.20372009277344
 21
253.9635009765625
 31
0.0
  0
LINE
  5
527
330
17
100
AcDbEntity
  8
SCHEMATICS
 62
7
100
AcDbLine
 10
193.8271484375
 20
243.763427734375
 30
0.0
 11
193.8271484375
 21
241.4964599609375
 31
0.0
  0
LINE
  5
528
330
17
100
AcDbEntity
  8
SCHEMATICS
 62
7
100
AcDbLine
 10
193.8271484375
 20
241.4964599609375
 30
0.0
 11
188.72860717773438
 21
241.4964599609375
 31
0.0
  0
LINE
  5
529
330
17
100
AcDbEntity
  8
SCHEMATICS
 62
7
100
AcDbLine
 10
188.72860717773438
 20
241.4964599609375
 30
0.0
 11
188.72860717773438
 21
243.763427734375
 31
0.0
  0
LINE
  5
52A
330
17
100
AcDbEntity
  8
SCHEMATICS
 62
7
100
AcDbLine
 10
188.72860717773438
 20
243.763427734375
 30
0.0
 11
193.8271484375
 21
243.763427734375
 31
0.0
  0
LINE
  5
52B
330
17
100
AcDbEntity
  8
SCHEMATICS
 62
7
100
AcDbLine
 10
193.70220947265625
 20
242.62994384765625
 30
0.0
 11
232.20372009277344
 21
242.62994384765625
 31
0.0
  0
LINE
  5
52C
330
17
100
AcDbEntity
  8
SCHEMATICS
 62
7
100
AcDbLine
 10
193.8271484375
 20
232.4288330078125
 30
0.0
 11
193.8271484375
 21
230.1622314453125
 31
0.0
  0
LINE
  5
52D
330
17
100
AcDbEntity
  8
SCHEMATICS
 62
7
100
AcDbLine
 10
193.8271484375
 20
230.1622314453125
 30
0.0
 11
188.72860717773438
 21
230.1622314453125
 31
0.0
  0
LINE
  5
52E
330
17
100
AcDbEntity
  8
SCHEMATICS
 62
7
100
AcDbLine
 10
188.72860717773438
 20
230.1622314453125
 30
0.0
 11
188.72860717773438
 21
232.4288330078125
 31
0.0
  0
LINE
  5
52F
330
17
100
AcDbEntity
  8
SCHEMATICS
 62
7
100
AcDbLine
 10
188.72860717773438
 20
232.4288330078125
 30
0.0
 11
193.8271484375
 21
232.4288330078125
 31
0.0
  0
LINE
  5
530
330
17
100
AcDbEntity
  8
SCHEMATICS
 62
7
100
AcDbLine
 10
193.70220947265625
 20
231.29608154296875
 30
0.0
 11
232.20372009277344
 21
231.29608154296875
 31
0.0
  0
LINE
  5
531
330
17
100
AcDbEntity
  8
SCHEMATICS
 62
7
100
AcDbLine
 10
249.6063690185547
 20
242.62896728515625
 30
0.0
 11
289.8270568847656
 21
242.62896728515625
 31
0.0
  0
LINE
  5
532
330
17
100
AcDbEntity
  8
SCHEMATICS
 62
7
100
AcDbLine
 10
249.35447692871094
 20
256.796142578125
 30
0.0
 11
249.35447692871094
 21
228.46343994140625
 31
0.0
  0
LINE
  5
533
330
17
100
AcDbEntity
  8
SCHEMATICS
 62
7
100
AcDbLine
 10
237.60012817382812
 20
233.29541015625
 30
0.0
 11
245.7372283935547
 21
246.85693359375
 31
0.0
  0
LINE
  5
534
330
17
100
AcDbEntity
  8
SCHEMATICS
 62
7
100
AcDbLine
 10
232.35464477539062
 20
228.46343994140625
 30
0.0
 11
232.35464477539062
 21
256.796142578125
 31
0.0
  0
LINE
  5
535
330
17
100
AcDbEntity
  8
SCHEMATICS
 62
7
100
AcDbLine
 10
249.35447692871094
 20
228.46343994140625
 30
0.0
 11
232.35464477539062
 21
228.46343994140625
 31
0.0
  0
LINE
  5
536
330
17
100
AcDbEntity
  8
SCHEMATICS
 62
7
100
AcDbLine
 10
232.35464477539062
 20
228.46343994140625
 30
0.0
 11
249.35447692871094
 21
256.796142578125
 31
0.0
  0
LINE
  5
537
330
17
100
AcDbEntity
  8
SCHEMATICS
 62
7
100
AcDbLine
 10
232.35464477539062
 20
256.796142578125
 30
0.0
 11
249.35447692871094
 21
256.796142578125
 31
0.0
  0
LINE
  5
538
330
17
100
AcDbEntity
  8
SCHEMATICS
 62
7
100
AcDbLine
 10
292.99652099609375
 20
178.59747314453125
 30
0.0
 11
292.99652099609375
 21
176.32989501953125
 31
0.0
  0
LINE
  5
539
330
17
100
AcDbEntity
  8
SCHEMATICS
 62
7
100
AcDbLine
 10
292.99652099609375
 20
176.32989501953125
 30
0.0
 11
287.89697265625
 21
176.32989501953125
 31
0.0
  0
LINE
  5
53A
330
17
100
AcDbEntity
  8
SCHEMATICS
 62
7
100
AcDbLine
 10
287.89697265625
 20
176.32989501953125
 30
0.0
 11
287.89697265625
 21
178.59747314453125
 31
0.0
  0
LINE
  5
53B
330
17
100
AcDbEntity
  8
SCHEMATICS
 62
7
100
AcDbLine
 10
287.89697265625
 20
178.59747314453125
 30
0.0
 11
292.99652099609375
 21
178.59747314453125
 31
0.0
  0
LINE
  5
53C
330
17
100
AcDbEntity
  8
SCHEMATICS
 62
7
100
AcDbLine
 10
292.99652099609375
 20
167.26312255859375
 30
0.0
 11
292.99652099609375
 21
164.9962158203125
 31
0.0
  0
LINE
  5
53D
330
17
100
AcDbEntity
  8
SCHEMATICS
 62
7
100
AcDbLine
 10
292.99652099609375
 20
164.9962158203125
 30
0.0
 11
287.89697265625
 21
164.9962158203125
 31
0.0
  0
LINE
  5
53E
330
17
100
AcDbEntity
  8
SCHEMATICS
 62
7
100
AcDbLine
 10
287.89697265625
 20
164.9962158203125
 30
0.0
 11
287.89697265625
 21
167.26312255859375
 31
0.0
  0
LINE
  5
53F
330
17
100
AcDbEntity
  8
SCHEMATICS
 62
7
100
AcDbLine
 10
287.89697265625
 20
167.26312255859375
 30
0.0
 11
292.99652099609375
 21
167.26312255859375
 31
0.0
  0
LINE
  5
540
330
17
100
AcDbEntity
  8
SCHEMATICS
 62
7
100
AcDbLine
 10
249.55039978027344
 20
177.464111328125
 30
0.0
 11
289.8270568847656
 21
177.464111328125
 31
0.0
  0
LINE
  5
541
330
17
100
AcDbEntity
  8
SCHEMATICS
 62
7
100
AcDbLine
 10
289.8270568847656
 20
166.130859375
 30
0.0
 11
249.3774871826172
 21
166.130859375
 31
0.0
  0
LINE
  5
542
330
17
100
AcDbEntity
  8
SCHEMATICS
 62
7
100
AcDbLine
 10
237.60012817382812
 20
166.1898193359375
 30
0.0
 11
245.7372283935547
 21
174.3277587890625
 31
0.0
  0
LINE
  5
543
330
17
100
AcDbEntity
  8
SCHEMATICS
 62
7
100
AcDbLine
 10
232.35464477539062
 20
163.29705810546875
 30
0.0
 11
249.35447692871094
 21
180.29669189453125
 31
0.0
  0
LWPOLYLINE
  5
544
330
17
100
AcDbEntity
  8
SCHEMATICS
 62
7
100
AcDbPolyline
 90
5
 70
0
 10
249.35447692871094
 20
163.295166015625
 10
249.35447692871094
 20
180.29595947265625
 10
232.35464477539062
 20
180.29595947265625
 10
232.35464477539062
 20
163.295166015625
 10
249.35447692871094
 20
163.295166015625
  0
LWPOLYLINE
  5
545
330
17
100
AcDbEntity
  8
SCHEMATICS
 62
7
100
AcDbPolyline
 90
5
 70
0
 10
56.689998626708984
 20
102.219970703125
 10
226.77000427246094
 20
102.219970703125
 10
226.77000427246094
 20
120.07000732421875
 10
56.689998626708984
 20
120.07000732421875
 10
56.689998626708984
 20
102.219970703125
  0
LWPOLYLINE
  5
546
330
17
100
AcDbEntity
  8
SCHEMATICS
 62
7
100
AcDbPolyline
 90
5
 70
0
 10
226.77000427246094
 20
102.219970703125
 10
255.12001037597656
 20
102.219970703125
 10
255.12001037597656
 20
120.07000732421875
 10
226.77000427246094
 20
120.07000732421875
 10
226.77000427246094
 20
102.219970703125
  0
LWPOLYLINE
  5
547
330
17
100
AcDbEntity
  8
SCHEMATICS
 62
7
100
AcDbPolyline
 90
5
 70
0
 10
255.1199951171875
 20
102.219970703125
 10
566.9299926757812
 20
102.219970703125
 10
566.9299926757812
 20
120.07000732421875
 10
255.1199951171875
 20
120.07000732421875
 10
255.1199951171875
 20
102.219970703125
  0
LWPOLYLINE
  5
548
330
17
100
AcDbEntity
  8
SCHEMATICS
 62
7
100
AcDbPolyline
 90
5
 70
0
 10
56.689998626708984
 20
79.96002197265625
 10
566.9299926757812
 20
79.96002197265625
 10
566.9299926757812
 20
93.21002197265625
 10
56.689998626708984
 20
93.21002197265625
 10
56.689998626708984
 20
79.96002197265625
  0
LWPOLYLINE
  5
549
330
17
100
AcDbEntity
  8
SCHEMATICS
 62
7
100
AcDbPolyline
 90
5
 70
0
 10
56.689998626708984
 20
66.70001220703125
 10
226.77000427246094
 20
66.70001220703125
 10
226.77000427246094
 20
79.95001220703125
 10
56.689998626708984
 20
79.95001220703125
 10
56.689998626708984
 20
66.70001220703125
  0
LWPOLYLINE
  5
54A
330
17
100
AcDbEntity
  8
SCHEMATICS
 62
7
100
AcDbPolyline
 90
5
 70
0
 10
226.77000427246094
 20
66.70001220703125
 10
255.12001037597656
 20
66.70001220703125
 10
255.12001037597656
 20
79.95001220703125
 10
226.77000427246094
 20
79.95001220703125
 10
226.77000427246094
 20
66.70001220703125
  0
LWPOLYLINE
  5
54B
330
17
100
AcDbEntity
  8
SCHEMATICS
 62
7
100
AcDbPolyline
 90
5
 70
0
 10
255.1199951171875
 20
66.70001220703125
 10
566.9299926757812
 20
66.70001220703125
 10
566.9299926757812
 20
79.95001220703125
 10
255.1199951171875
 20
79.95001220703125
 10
255.1199951171875
 20
66.70001220703125
  0
LINE
  5
54C
330
17
100
AcDbEntity
  8
SCHEMATICS
 62
7
100
AcDbLine
 10
56.689998626708984
 20
37.19549560546875
 30
0.0
 11
406.6698303222656
 21
37.19549560546875
 31
0.0
  0
LWPOLYLINE
  5
54D
330
17
100
AcDbEntity
  8
SCHEMATICS
 62
7
100
AcDbPolyline
 90
9
 70
0
 10
524.0565185546875
 20
31.110595703125
 10
524.2281799316406
 20
31.51333224773407
 10
524.5549545288086
 20
31.782904624938965
 10
524.9859962463379
 20
31.924198746681213
 10
525.470458984375
 20
31.942100524902344
 10
525.9574966430664
 20
31.841495871543884
 10
526.3962631225586
 20
31.627270698547363
 10
526.735912322998
 20
31.30431091785431
 10
526.9255981445312
 20
30.87750244140625
  0
LWPOLYLINE
  5
54E
330
17
100
AcDbEntity
  8
SCHEMATICS
 62
7
100
AcDbPolyline
 90
9
 70
0
 10
526.9255981445312
 20
30.87750244140625
 10
526.9309260845184
 20
30.80124282836914
 10
526.9352512359619
 20
30.740924835205078
 10
526.9386637210846
 20
30.69476890563965
 10
526.9412536621094
 20
30.660995483398438
 10
526.9431111812592
 20
30.63782501220703
 10
526.9443264007568
 20
30.623477935791016
 10
526.9449894428253
 20
30.616174697875977
 10
526.9451904296875
 20
30.6141357421875
  0
LINE
  5
54F
330
17
100
AcDbEntity
  8
SCHEMATICS
 62
7
100
AcDbLine
 10
526.9451904296875
 20
30.6141357421875
 30
0.0
 11
528.708984375
 21
30.6134033203125
 31
0.0
  0
LINE
  5
550
330
17
100
AcDbEntity
  8
SCHEMATICS
 62
7
100
AcDbLine
 10
528.708984375
 20
30.6134033203125
 30
0.0
 11
528.6962280273438
 21
30.82275390625
 31
0.0
  0
LWPOLYLINE
  5
551
330
17
100
AcDbEntity
  8
SCHEMATICS
 62
7
100
AcDbPolyline
 90
9
 70
0
 10
528.6962280273438
 20
30.82275390625
 10
528.6021234989166
 20
31.390471577644348
 10
528.3876056671143
 20
31.902817726135254
 10
528.066202878952
 20
32.35329854488373
 10
527.6514434814453
 20
32.73542022705078
 10
527.1568558216095
 20
33.042688965797424
 10
526.59596824646
 20
33.26861095428467
 10
525.9823091030121
 20
33.40669238567352
 10
525.3294067382812
 20
33.450439453125
  0
LWPOLYLINE
  5
552
330
17
100
AcDbEntity
  8
SCHEMATICS
 62
7
100
AcDbPolyline
 90
9
 70
0
 10
525.3294067382812
 20
33.450439453125
 10
524.7381410598755
 20
33.40235674381256
 10
524.1765899658203
 20
33.26033878326416
 10
523.6606779098511
 20
33.02773082256317
 10
523.2063293457031
 20
32.70787811279297
 10
522.8294687271118
 20
32.304125905036926
 10
522.5460205078125
 20
31.819819450378418
 10
522.3719091415405
 20
31.258303999900818
 10
522.3230590820312
 20
30.6229248046875
  0
LWPOLYLINE
  5
553
330
17
100
AcDbEntity
  8
SCHEMATICS
 62
7
100
AcDbPolyline
 90
9
 70
0
 10
522.3230590820312
 20
30.6229248046875
 10
522.3611755371094
 20
30.267005920410156
 10
522.4548301696777
 20
29.939983367919922
 10
522.5983867645264
 20
29.642446517944336
 10
522.7862091064453
 20
29.374984741210938
 10
523.0126609802246
 20
29.138187408447266
 10
523.2721061706543
 20
28.93264389038086
 10
523.5589084625244
 20
28.758943557739258
 10
523.867431640625
 20
28.61767578125
  0
LWPOLYLINE
  5
554
330
17
100
AcDbEntity
  8
SCHEMATICS
 62
7
100
AcDbPolyline
 90
9
 70
0
 10
523.867431640625
 20
28.61767578125
 10
524.6196002960205
 20
28.346359968185425
 10
525.2687492370605
 20
28.156827926635742
 10
525.8168525695801
 20
28.015060663223267
 10
526.2658843994141
 20
27.887039184570312
 10
526.6178188323975
 20
27.738744497299194
 10
526.8746299743652
 20
27.536157608032227
 10
527.0382919311523
 20
27.245259523391724
 10
527.1107788085938
 20
26.83203125
  0
LWPOLYLINE
  5
555
330
17
100
AcDbEntity
  8
SCHEMATICS
 62
7
100
AcDbPolyline
 90
9
 70
0
 10
527.1107788085938
 20
26.83203125
 10
527.0805794000626
 20
26.540675282478333
 10
526.9669961929321
 20
26.30520725250244
 10
526.7884234189987
 20
26.121124625205994
 10
526.5632553100586
 20
25.983924865722656
 10
526.309886097908
 20
25.889105439186096
 10
526.0467100143433
 20
25.83216381072998
 10
525.7921212911606
 20
25.808597445487976
 10
525.5645141601562
 20
25.81390380859375
  0
LWPOLYLINE
  5
556
330
17
100
AcDbEntity
  8
SCHEMATICS
 62
7
100
AcDbPolyline
 90
9
 70
0
 10
525.5645141601562
 20
25.81390380859375
 10
525.2884863615036
 20
25.846108555793762
 10
525.0239362716675
 20
25.896401405334473
 10
524.7750917673111
 20
25.968908667564392
 10
524.5461807250977
 20
26.06775665283203
 10
524.3414310216904
 20
26.1970716714859
 10
524.1650705337524
 20
26.36098003387451
 10
524.0213271379471
 20
26.563608050346375
 10
523.9144287109375
 20
26.80908203125
  0
LWPOLYLINE
  5
557
330
17
100
AcDbEntity
  8
SCHEMATICS
 62
7
100
AcDbPolyline
 90
9
 70
0
 10
523.9144287109375
 20
26.80908203125
 10
523.8961619138718
 20
26.866910815238953
 10
523.8809270858765
 20
26.920573234558105
 10
523.8685404062271
 20
26.9716078042984
 10
523.8588180541992
 20
27.02155303955078
 10
523.8515762090683
 20
27.07194745540619
 10
523.8466310501099
 20
27.124329566955566
 10
523.8437987565994
 20
27.180237889289856
 10
523.8428955078125
 20
27.2412109375
  0
LINE
  5
558
330
17
100
AcDbEntity
  8
SCHEMATICS
 62
7
100
AcDbLine
 10
523.8428955078125
 20
27.2412109375
 30
0.0
 11
523.8428955078125
 21
27.36181640625
 31
0.0
  0
LINE
  5
559
330
17
100
AcDbEntity
  8
SCHEMATICS
 62
7
100
AcDbLine
 10
523.8428955078125
 20
27.36181640625
 30
0.0
 11
522.0604858398438
 21
27.36181640625
 31
0.0
  0
LINE
  5
55A
330
17
100
AcDbEntity
  8
SCHEMATICS
 62
7
100
AcDbLine
 10
522.0604858398438
 20
27.36181640625
 30
0.0
 11
522.0604858398438
 21
27.10150146484375
 31
0.0
  0
LWPOLYLINE
  5
55B
330
17
100
AcDbEntity
  8
SCHEMATICS
 62
7
100
AcDbPolyline
 90
9
 70
0
 10
522.0604858398438
 20
27.10150146484375
 10
522.1381323337555
 20
26.432580947875977
 10
522.3579273223877
 20
25.845840454101562
 10
522.7001540660858
 20
25.344083786010742
 10
523.1450958251953
 20
24.93011474609375
 10
523.6730358600616
 20
24.60673713684082
 10
524.2642574310303
 20
24.376754760742188
 10
524.8990437984467
 20
24.242971420288086
 10
525.5576782226562
 20
24.20819091796875
  0
LWPOLYLINE
  5
55C
330
17
100
AcDbEntity
  8
SCHEMATICS
 62
7
100
AcDbPolyline
 90
9
 70
0
 10
525.5576782226562
 20
24.20819091796875
 10
526.1911962032318
 20
24.265292763710022
 10
526.8030376434326
 20
24.405613899230957
 10
527.3727161884308
 20
24.630056262016296
 10
527.8797454833984
 20
24.93952178955078
 10
528.3036391735077
 20
25.334912419319153
 10
528.6239109039307
 20
25.817130088806152
 10
528.8200743198395
 20
26.38707673549652
 10
528.8716430664062
 20
27.045654296875
  0
LWPOLYLINE
  5
55D
330
17
100
AcDbEntity
  8
SCHEMATICS
 62
7
100
AcDbPolyline
 90
9
 70
0
 10
528.8716430664062
 20
27.045654296875
 10
528.612407207489
 20
28.173970580101013
 10
528.0170211791992
 20
28.925097465515137
 10
527.2046093940735
 20
29.399029850959778
 10
526.2942962646484
 20
29.695762634277344
 10
525.4052062034607
 20
29.91529071331024
 10
524.6564636230469
 20
30.15760898590088
 10
524.1671929359436
 20
30.522712349891663
 10
524.0565185546875
 20
31.110595703125
  0
LINE
  5
55E
330
17
100
AcDbEntity
  8
SCHEMATICS
 62
7
100
AcDbLine
 10
519.2796020507812
 20
29.77667236328125
 30
0.0
 11
516.0410766601562
 21
29.77667236328125
 31
0.0
  0
LINE
  5
55F
330
17
100
AcDbEntity
  8
SCHEMATICS
 62
7
100
AcDbLine
 10
516.0410766601562
 20
29.77667236328125
 30
0.0
 11
516.0410766601562
 21
33.25250244140625
 31
0.0
  0
LINE
  5
560
330
17
100
AcDbEntity
  8
SCHEMATICS
 62
7
100
AcDbLine
 10
516.0410766601562
 20
33.25250244140625
 30
0.0
 11
514.2596435546875
 21
33.25250244140625
 31
0.0
  0
LINE
  5
561
330
17
100
AcDbEntity
  8
SCHEMATICS
 62
7
100
AcDbLine
 10
514.2596435546875
 20
33.25250244140625
 30
0.0
 11
514.2596435546875
 21
24.43133544921875
 31
0.0
  0
LINE
  5
562
330
17
100
AcDbEntity
  8
SCHEMATICS
 62
7
100
AcDbLine
 10
514.2596435546875
 20
24.43133544921875
 30
0.0
 11
516.0410766601562
 21
24.43133544921875
 31
0.0
  0
LINE
  5
563
330
17
100
AcDbEntity
  8
SCHEMATICS
 62
7
100
AcDbLine
 10
516.0410766601562
 20
24.43133544921875
 30
0.0
 11
516.0410766601562
 21
28.203857421875
 31
0.0
  0
LINE
  5
564
330
17
100
AcDbEntity
  8
SCHEMATICS
 62
7
100
AcDbLine
 10
516.0410766601562
 20
28.203857421875
 30
0.0
 11
519.2796020507812
 21
28.203857421875
 31
0.0
  0
LINE
  5
565
330
17
100
AcDbEntity
  8
SCHEMATICS
 62
7
100
AcDbLine
 10
519.2796020507812
 20
28.203857421875
 30
0.0
 11
519.2796020507812
 21
24.43133544921875
 31
0.0
  0
LINE
  5
566
330
17
100
AcDbEntity
  8
SCHEMATICS
 62
7
100
AcDbLine
 10
519.2796020507812
 20
24.43133544921875
 30
0.0
 11
521.0482788085938
 21
24.43133544921875
 31
0.0
  0
LINE
  5
567
330
17
100
AcDbEntity
  8
SCHEMATICS
 62
7
100
AcDbLine
 10
521.0482788085938
 20
24.43133544921875
 30
0.0
 11
521.0482788085938
 21
33.25250244140625
 31
0.0
  0
LINE
  5
568
330
17
100
AcDbEntity
  8
SCHEMATICS
 62
7
100
AcDbLine
 10
521.0482788085938
 20
33.25250244140625
 30
0.0
 11
519.2796020507812
 21
33.25250244140625
 31
0.0
  0
LINE
  5
569
330
17
100
AcDbEntity
  8
SCHEMATICS
 62
7
100
AcDbLine
 10
519.2796020507812
 20
33.25250244140625
 30
0.0
 11
519.2796020507812
 21
29.77667236328125
 31
0.0
  0
LINE
  5
56A
330
17
100
AcDbEntity
  8
SCHEMATICS
 62
7
100
AcDbLine
 10
513.073974609375
 20
27.8341064453125
 30
0.0
 11
511.34161376953125
 21
27.8341064453125
 31
0.0
  0
LINE
  5
56B
330
17
100
AcDbEntity
  8
SCHEMATICS
 62
7
100
AcDbLine
 10
511.34161376953125
 20
27.8341064453125
 30
0.0
 11
511.34161376953125
 21
27.56085205078125
 31
0.0
  0
LWPOLYLINE
  5
56C
330
17
100
AcDbEntity
  8
SCHEMATICS
 62
7
100
AcDbPolyline
 90
9
 70
0
 10
511.34161376953125
 20
27.56085205078125
 10
511.3037340641022
 20
27.20690166950226
 10
511.1958522796631
 20
26.875508308410645
 10
511.0266044139862
 20
26.575055480003357
 10
510.80462646484375
 20
26.313926696777344
 10
510.53855443000793
 20
26.100505471229553
 10
510.237024307251
 20
25.943175315856934
 10
509.9086720943451
 20
25.850319743156433
 10
509.5621337890625
 20
25.830322265625
  0
LWPOLYLINE
  5
56D
330
17
100
AcDbEntity
  8
SCHEMATICS
 62
7
100
AcDbPolyline
 90
9
 70
0
 10
509.5621337890625
 20
25.830322265625
 10
509.0928023457527
 20
25.894997119903564
 10
508.69863748550415
 20
26.020729064941406
 10
508.3713955283165
 20
26.20244550704956
 10
508.10283279418945
 20
26.435073852539062
 10
507.8847056031227
 20
26.713541507720947
 10
507.70877027511597
 20
27.03277587890625
 10
507.5667831301689
 20
27.387704372406006
 10
507.45050048828125
 20
27.77325439453125
  0
LWPOLYLINE
  5
56E
330
17
100
AcDbEntity
  8
SCHEMATICS
 62
7
100
AcDbPolyline
 90
9
 70
0
 10
507.45050048828125
 20
27.77325439453125
 10
507.4141141176224
 20
27.923146963119507
 10
507.3878221511841
 20
28.068998336791992
 10
507.3702348470688
 20
28.21326756477356
 10
507.3599624633789
 20
28.358413696289062
 10
507.35561525821686
 20
28.506895780563354
 10
507.35580348968506
 20
28.66117286682129
 10
507.3591374158859
 20
28.82370400428772
 10
507.3642272949219
 20
28.9969482421875
  0
LWPOLYLINE
  5
56F
330
17
100
AcDbEntity
  8
SCHEMATICS
 62
7
100
AcDbPolyline
 90
9
 70
0
 10
507.3642272949219
 20
28.9969482421875
 10
507.3736327290535
 20
29.18614137172699
 10
507.39075326919556
 20
29.371806144714355
 10
507.4143947958946
 20
29.55167305469513
 10
507.44336318969727
 20
29.723472595214844
 10
507.47646433115005
 20
29.88493525981903
 10
507.51250410079956
 20
30.033791542053223
 10
507.55028837919235
 20
30.16777193546295
 10
507.588623046875
 20
30.28460693359375
  0
LWPOLYLINE
  5
570
330
17
100
AcDbEntity
  8
SCHEMATICS
 62
7
100
AcDbPolyline
 90
9
 70
0
 10
507.588623046875
 20
30.28460693359375
 10
507.72687143087387
 20
30.61489701271057
 10
507.9023241996765
 20
30.916154861450195
 10
508.11323577165604
 20
31.183106184005737
 10
508.35786056518555
 20
31.410476684570312
 10
508.63445299863815
 20
31.592992067337036
 10
508.94126749038696
 20
31.725378036499023
 10
509.2765584588051
 20
31.80236029624939
 10
509.6385803222656
 20
31.81866455078125
  0
LWPOLYLINE
  5
571
330
17
100
AcDbEntity
  8
SCHEMATICS
 62
7
100
AcDbPolyline
 90
9
 70
0
 10
509.6385803222656
 20
31.81866455078125
 10
509.87680077552795
 20
31.796282291412354
 10
510.0969581604004
 20
31.75125503540039
 10
510.3002812862396
 20
31.682841777801514
 10
510.48799896240234
 20
31.590301513671875
 10
510.66133999824524
 20
31.472893238067627
 10
510.821533203125
 20
31.329875946044922
 10
510.9698073863983
 20
31.160508632659912
 10
511.1073913574219
 20
30.96405029296875
  0
LWPOLYLINE
  5
572
330
17
100
AcDbEntity
  8
SCHEMATICS
 62
7
100
AcDbPolyline
 90
9
 70
0
 10
511.1073913574219
 20
30.96405029296875
 10
511.161523938179
 20
30.87361240386963
 10
511.2064619064331
 20
30.78799819946289
 10
511.2434791326523
 20
30.70491886138916
 10
511.2738494873047
 20
30.622085571289062
 10
511.29884684085846
 20
30.537209510803223
 10
511.31974506378174
 20
30.448001861572266
 10
511.33781802654266
 20
30.352173805236816
 10
511.3543395996094
 20
30.2474365234375
  0
LINE
  5
573
330
17
100
AcDbEntity
  8
SCHEMATICS
 62
7
100
AcDbLine
 10
511.3543395996094
 20
30.2474365234375
 30
0.0
 11
513.073974609375
 21
30.2474365234375
 31
0.0
  0
LINE
  5
574
330
17
100
AcDbEntity
  8
SCHEMATICS
 62
7
100
AcDbLine
 10
513.073974609375
 20
30.2474365234375
 30
0.0
 11
513.0358276367188
 21
30.46795654296875
 31
0.0
  0
LWPOLYLINE
  5
575
330
17
100
AcDbEntity
  8
SCHEMATICS
 62
7
100
AcDbPolyline
 90
9
 70
0
 10
513.0358276367188
 20
30.46795654296875
 10
513.0048934817314
 20
30.649540424346924
 10
512.9609999656677
 20
30.858489990234375
 10
512.8958683609962
 20
31.093177318572998
 10
512.8012199401855
 20
31.351974487304688
 10
512.6687759757042
 20
31.633253574371338
 10
512.4902577400208
 20
31.935386657714844
 10
512.2573865056038
 20
32.2567458152771
 10
511.9618835449219
 20
32.595703125
  0
LWPOLYLINE
  5
576
330
17
100
AcDbEntity
  8
SCHEMATICS
 62
7
100
AcDbPolyline
 90
9
 70
0
 10
511.9618835449219
 20
32.595703125
 10
511.7117108106613
 20
32.83224594593048
 10
511.45226192474365
 20
33.02333927154541
 10
511.181516289711
 20
33.17320096492767
 10
510.89745330810547
 20
33.286048889160156
 10
510.5980523824692
 20
33.366100907325745
 10
510.28129291534424
 20
33.417574882507324
 10
509.94515430927277
 20
33.44468867778778
 10
509.5876159667969
 20
33.45166015625
  0
LWPOLYLINE
  5
577
330
17
100
AcDbEntity
  8
SCHEMATICS
 62
7
100
AcDbPolyline
 90
9
 70
0
 10
509.5876159667969
 20
33.45166015625
 10
509.28252321481705
 20
33.44221830368042
 10
509.0023617744446
 20
33.41667175292969
 10
508.7407347559929
 20
33.37355852127075
 10
508.4912452697754
 20
33.31141662597656
 10
508.2474964261055
 20
33.22878408432007
 10
508.00309133529663
 20
33.12419891357422
 10
507.7516331076622
 20
32.99619913101196
 10
507.4867248535156
 20
32.84332275390625
  0
LWPOLYLINE
  5
578
330
17
100
AcDbEntity
  8
SCHEMATICS
 62
7
100
AcDbPolyline
 90
9
 70
0
 10
507.4867248535156
 20
32.84332275390625
 10
506.9954826235771
 20
32.49401271343231
 10
506.5961375236511
 20
32.09853649139404
 10
506.2798128724098
 20
31.660332322120667
 10
506.0376319885254
 20
31.182838439941406
 10
505.86071819067
 20
30.669493079185486
 10
505.74019479751587
 20
30.12373447418213
 10
505.66718512773514
 20
29.54900085926056
 10
505.6328125
 20
28.94873046875
  0
LWPOLYLINE
  5
579
330
17
100
AcDbEntity
  8
SCHEMATICS
 62
7
100
AcDbPolyline
 90
9
 70
0
 10
505.6328125
 20
28.94873046875
 10
505.6692803502083
 20
28.084422826766968
 10
505.8251118659973
 20
27.23802375793457
 10
506.10162776708603
 20
26.438742876052856
 10
506.50014877319336
 20
25.715789794921875
 10
507.02199560403824
 20
25.098374128341675
 10
507.6684889793396
 20
24.615705490112305
 10
508.4409496188164
 20
24.296993494033813
 10
509.3406982421875
 20
24.17144775390625
  0
LWPOLYLINE
  5
57A
330
17
100
AcDbEntity
  8
SCHEMATICS
 62
7
100
AcDbPolyline
 90
9
 70
0
 10
509.3406982421875
 20
24.17144775390625
 10
510.005044400692
 20
24.212571501731873
 10
510.63686323165894
 20
24.350783348083496
 10
511.2237403988838
 20
24.582045674324036
 10
511.7532615661621
 20
24.902320861816406
 10
512.2130123972893
 20
25.307571291923523
 10
512.5905785560608
 20
25.7937593460083
 10
512.8735457062721
 20
26.356847405433655
 10
513.0494995117188
 20
26.9927978515625
  0
LWPOLYLINE
  5
57B
330
17
100
AcDbEntity
  8
SCHEMATICS
 62
7
100
AcDbPolyline
 90
9
 70
0
 10
513.0494995117188
 20
26.9927978515625
 10
513.0650951862335
 20
27.086491346359253
 10
513.0773906707764
 20
27.172624588012695
 10
513.0864903926849
 20
27.253759622573853
 10
513.0924987792969
 20
27.33245849609375
 10
513.0955202579498
 20
27.411283254623413
 10
513.0956592559814
 20
27.492795944213867
 10
513.0930202007294
 20
27.579558610916138
 10
513.0877075195312
 20
27.67413330078125
  0
LINE
  5
57C
330
17
100
AcDbEntity
  8
SCHEMATICS
 62
7
100
AcDbLine
 10
513.0877075195312
 20
27.67413330078125
 30
0.0
 11
513.073974609375
 21
27.8341064453125
 31
0.0
  0
LINE
  5
57D
330
17
100
AcDbEntity
  8
SCHEMATICS
 62
7
100
AcDbLine
 10
502.83721923828125
 20
28.16790771484375
 30
0.0
 11
502.83721923828125
 21
27.42535400390625
 31
0.0
  0
LWPOLYLINE
  5
57E
330
17
100
AcDbEntity
  8
SCHEMATICS
 62
7
100
AcDbPolyline
 90
9
 70
0
 10
502.83721923828125
 20
27.42535400390625
 10
502.8299404978752
 20
27.232003808021545
 10
502.807101726532
 20
27.051526069641113
 10
502.7671990990639
 20
26.88301455974579
 10
502.7087287902832
 20
26.725563049316406
 10
502.6301869750023
 20
26.5782653093338
 10
502.53006982803345
 20
26.44021511077881
 10
502.406873524189
 20
26.310506224632263
 10
502.25909423828125
 20
26.188232421875
  0
LWPOLYLINE
  5
57F
330
17
100
AcDbEntity
  8
SCHEMATICS
 62
7
100
AcDbPolyline
 90
9
 70
0
 10
502.25909423828125
 20
26.188232421875
 10
502.126893222332
 20
26.10038661956787
 10
501.9971079826355
 20
26.033924102783203
 10
501.8675566315651
 20
25.98604106903076
 10
501.73605728149414
 20
25.953933715820312
 10
501.600428044796
 20
25.93479824066162
 10
501.458487033844
 20
25.925830841064453
 10
501.3080523610115
 20
25.924227714538574
 10
501.1469421386719
 20
25.92718505859375
  0
LWPOLYLINE
  5
580
330
17
100
AcDbEntity
  8
SCHEMATICS
 62
7
100
AcDbPolyline
 90
9
 70
0
 10
501.1469421386719
 20
25.92718505859375
 10
501.00340205430984
 20
25.93287193775177
 10
500.8703293800354
 20
25.94170093536377
 10
500.74532264471054
 20
25.955950140953064
 10
500.62598037719727
 20
25.97789764404297
 10
500.5099011063576
 20
26.0098215341568
 10
500.39468336105347
 20
26.05399990081787
 10
500.27792567014694
 20
26.1127108335495
 10
500.1572265625
 20
26.188232421875
  0
LWPOLYLINE
  5
581
330
17
100
AcDbEntity
  8
SCHEMATICS
 62
7
100
AcDbPolyline
 90
9
 70
0
 10
500.1572265625
 20
26.188232421875
 10
500.0005404949188
 20
26.307251811027527
 10
499.8682403564453
 20
26.434447288513184
 10
499.75881123542786
 20
26.57081949710846
 10
499.67073822021484
 20
26.717369079589844
 10
499.60250639915466
 20
26.875096678733826
 10
499.5526008605957
 20
27.045002937316895
 10
499.51950669288635
 20
27.22808849811554
 10
499.501708984375
 20
27.42535400390625
  0
LINE
  5
582
330
17
100
AcDbEntity
  8
SCHEMATICS
 62
7
100
AcDbLine
 10
499.501708984375
 20
27.42535400390625
 30
0.0
 11
499.4634704589844
 21
28.16790771484375
 31
0.0
  0
LINE
  5
583
330
17
100
AcDbEntity
  8
SCHEMATICS
 62
7
100
AcDbLine
 10
499.4634704589844
 20
28.16790771484375
 30
0.0
 11
499.4634704589844
 21
33.25250244140625
 31
0.0
  0
LINE
  5
584
330
17
100
AcDbEntity
  8
SCHEMATICS
 62
7
100
AcDbLine
 10
499.4634704589844
 20
33.25250244140625
 30
0.0
 11
497.68304443359375
 21
33.25250244140625
 31
0.0
  0
LINE
  5
585
330
17
100
AcDbEntity
  8
SCHEMATICS
 62
7
100
AcDbLine
 10
497.68304443359375
 20
33.25250244140625
 30
0.0
 11
497.68304443359375
 21
27.58721923828125
 31
0.0
  0
LWPOLYLINE
  5
586
330
17
100
AcDbEntity
  8
SCHEMATICS
 62
7
100
AcDbPolyline
 90
9
 70
0
 10
497.68304443359375
 20
27.58721923828125
 10
497.68378734588623
 20
27.51250171661377
 10
497.6860466003418
 20
27.44426727294922
 10
497.68986797332764
 20
27.38046169281006
 10
497.69529724121094
 20
27.31903076171875
 10
497.7023801803589
 20
27.257920265197754
 10
497.7111625671387
 20
27.19507598876953
 10
497.7216901779175
 20
27.128443717956543
 10
497.7340087890625
 20
27.05596923828125
  0
LWPOLYLINE
  5
587
330
17
100
AcDbEntity
  8
SCHEMATICS
 62
7
100
AcDbPolyline
 90
9
 70
0
 10
497.7340087890625
 20
27.05596923828125
 10
497.84602695703506
 20
26.557808876037598
 10
498.0084080696106
 20
26.100177764892578
 10
498.2219106554985
 20
25.68557071685791
 10
498.4872932434082
 20
25.316482543945312
 10
498.8053143620491
 20
24.995408058166504
 10
499.1767325401306
 20
24.724842071533203
 10
499.60230630636215
 20
24.50727939605713
 10
500.0827941894531
 20
24.34521484375
  0
LWPOLYLINE
  5
588
330
17
100
AcDbEntity
  8
SCHEMATICS
 62
7
100
AcDbPolyline
 90
9
 70
0
 10
500.0827941894531
 20
24.34521484375
 10
500.2305748462677
 20
24.310678482055664
 10
500.3671474456787
 20
24.28631591796875
 10
500.49646162986755
 20
24.270421981811523
 10
500.6224670410156
 20
24.26129150390625
 10
500.7491133213043
 20
24.257219314575195
 10
500.88035011291504
 20
24.256500244140625
 10
501.0201270580292
 20
24.257429122924805
 10
501.1723937988281
 20
24.25830078125
  0
LWPOLYLINE
  5
589
330
17
100
AcDbEntity
  8
SCHEMATICS
 62
7
100
AcDbPolyline
 90
9
 70
0
 10
501.1723937988281
 20
24.25830078125
 10
501.31607097387314
 20
24.25929045677185
 10
501.44761991500854
 20
24.26202964782715
 10
501.570899784565
 20
24.267478227615356
 10
501.68976974487305
 20
24.276596069335938
 10
501.8080889582634
 20
24.290343046188354
 10
501.92971658706665
 20
24.30967903137207
 10
502.05851179361343
 20
24.335563898086548
 10
502.1983337402344
 20
24.36895751953125
  0
LWPOLYLINE
  5
58A
330
17
100
AcDbEntity
  8
SCHEMATICS
 62
7
100
AcDbPolyline
 90
9
 70
0
 10
502.1983337402344
 20
24.36895751953125
 10
502.68774914741516
 20
24.529385924339294
 10
503.13267707824707
 20
24.74307155609131
 10
503.5282266139984
 20
25.008654713630676
 10
503.8695068359375
 20
25.32477569580078
 10
504.15162682533264
 20
25.690074801445007
 10
504.36969566345215
 20
26.10319232940674
 10
504.51882243156433
 20
26.562768578529358
 10
504.5941162109375
 20
27.06744384765625
  0
LINE
  5
58B
330
17
100
AcDbEntity
  8
SCHEMATICS
 62
7
100
AcDbLine
 10
504.5941162109375
 20
27.06744384765625
 30
0.0
 11
504.6294250488281
 21
27.60064697265625
 31
0.0
  0
LINE
  5
58C
330
17
100
AcDbEntity
  8
SCHEMATICS
 62
7
100
AcDbLine
 10
504.6294250488281
 20
27.60064697265625
 30
0.0
 11
504.6294250488281
 21
33.25250244140625
 31
0.0
  0
LINE
  5
58D
330
17
100
AcDbEntity
  8
SCHEMATICS
 62
7
100
AcDbLine
 10
504.6294250488281
 20
33.25250244140625
 30
0.0
 11
502.83721923828125
 21
33.25250244140625
 31
0.0
  0
LINE
  5
58E
330
17
100
AcDbEntity
  8
SCHEMATICS
 62
7
100
AcDbLine
 10
502.83721923828125
 20
33.25250244140625
 30
0.0
 11
502.83721923828125
 21
28.16790771484375
 31
0.0
  0
LINE
  5
58F
330
17
100
AcDbEntity
  8
SCHEMATICS
 62
7
100
AcDbLine
 10
490.82293701171875
 20
24.43365478515625
 30
0.0
 11
492.6141357421875
 21
24.43365478515625
 31
0.0
  0
LINE
  5
590
330
17
100
AcDbEntity
  8
SCHEMATICS
 62
7
100
AcDbLine
 10
492.6141357421875
 20
24.43365478515625
 30
0.0
 11
492.6141357421875
 21
28.16790771484375
 31
0.0
  0
LINE
  5
591
330
17
100
AcDbEntity
  8
SCHEMATICS
 62
7
100
AcDbLine
 10
492.6141357421875
 20
28.16790771484375
 30
0.0
 11
496.0358581542969
 21
28.16790771484375
 31
0.0
  0
LINE
  5
592
330
17
100
AcDbEntity
  8
SCHEMATICS
 62
7
100
AcDbLine
 10
496.0358581542969
 20
28.16790771484375
 30
0.0
 11
496.0358581542969
 21
29.727294921875
 31
0.0
  0
LINE
  5
593
330
17
100
AcDbEntity
  8
SCHEMATICS
 62
7
100
AcDbLine
 10
496.0358581542969
 20
29.727294921875
 30
0.0
 11
492.6141357421875
 21
29.727294921875
 31
0.0
  0
LINE
  5
594
330
17
100
AcDbEntity
  8
SCHEMATICS
 62
7
100
AcDbLine
 10
492.6141357421875
 20
29.727294921875
 30
0.0
 11
492.6141357421875
 21
31.61962890625
 31
0.0
  0
LINE
  5
595
330
17
100
AcDbEntity
  8
SCHEMATICS
 62
7
100
AcDbLine
 10
492.6141357421875
 20
31.61962890625
 30
0.0
 11
496.5424499511719
 21
31.61962890625
 31
0.0
  0
LINE
  5
596
330
17
100
AcDbEntity
  8
SCHEMATICS
 62
7
100
AcDbLine
 10
496.5424499511719
 20
31.61962890625
 30
0.0
 11
496.5424499511719
 21
33.25250244140625
 31
0.0
  0
LINE
  5
597
330
17
100
AcDbEntity
  8
SCHEMATICS
 62
7
100
AcDbLine
 10
496.5424499511719
 20
33.25250244140625
 30
0.0
 11
490.82293701171875
 21
33.25250244140625
 31
0.0
  0
LINE
  5
598
330
17
100
AcDbEntity
  8
SCHEMATICS
 62
7
100
AcDbLine
 10
490.82293701171875
 20
33.25250244140625
 30
0.0
 11
490.82293701171875
 21
24.43365478515625
 31
0.0
  0
LINE
  5
599
330
17
100
AcDbEntity
  8
SCHEMATICS
 62
7
100
AcDbLine
 10
489.4912414550781
 20
28.1697998046875
 30
0.0
 11
487.4443054199219
 21
28.1697998046875
 31
0.0
  0
LINE
  5
59A
330
17
100
AcDbEntity
  8
SCHEMATICS
 62
7
100
AcDbLine
 10
487.4443054199219
 20
28.1697998046875
 30
0.0
 11
487.4443054199219
 21
30.3094482421875
 31
0.0
  0
LINE
  5
59B
330
17
100
AcDbEntity
  8
SCHEMATICS
 62
7
100
AcDbLine
 10
487.4443054199219
 20
30.3094482421875
 30
0.0
 11
485.6579284667969
 21
30.3094482421875
 31
0.0
  0
LINE
  5
59C
330
17
100
AcDbEntity
  8
SCHEMATICS
 62
7
100
AcDbLine
 10
485.6579284667969
 20
30.3094482421875
 30
0.0
 11
485.6579284667969
 21
28.1697998046875
 31
0.0
  0
LINE
  5
59D
330
17
100
AcDbEntity
  8
SCHEMATICS
 62
7
100
AcDbLine
 10
485.6579284667969
 20
28.1697998046875
 30
0.0
 11
483.6119689941406
 21
28.1697998046875
 31
0.0
  0
LINE
  5
59E
330
17
100
AcDbEntity
  8
SCHEMATICS
 62
7
100
AcDbLine
 10
483.6119689941406
 20
28.1697998046875
 30
0.0
 11
483.6119689941406
 21
26.6004638671875
 31
0.0
  0
LINE
  5
59F
330
17
100
AcDbEntity
  8
SCHEMATICS
 62
7
100
AcDbLine
 10
483.6119689941406
 20
26.6004638671875
 30
0.0
 11
485.6579284667969
 21
26.6004638671875
 31
0.0
  0
LINE
  5
5A0
330
17
100
AcDbEntity
  8
SCHEMATICS
 62
7
100
AcDbLine
 10
485.6579284667969
 20
26.6004638671875
 30
0.0
 11
485.6579284667969
 21
24.43212890625
 31
0.0
  0
LINE
  5
5A1
330
17
100
AcDbEntity
  8
SCHEMATICS
 62
7
100
AcDbLine
 10
485.6579284667969
 20
24.43212890625
 30
0.0
 11
487.4443054199219
 21
24.43212890625
 31
0.0
  0
LINE
  5
5A2
330
17
100
AcDbEntity
  8
SCHEMATICS
 62
7
100
AcDbLine
 10
487.4443054199219
 20
24.43212890625
 30
0.0
 11
487.4443054199219
 21
26.6004638671875
 31
0.0
  0
LINE
  5
5A3
330
17
100
AcDbEntity
  8
SCHEMATICS
 62
7
100
AcDbLine
 10
487.4443054199219
 20
26.6004638671875
 30
0.0
 11
489.4912414550781
 21
26.6004638671875
 31
0.0
  0
LINE
  5
5A4
330
17
100
AcDbEntity
  8
SCHEMATICS
 62
7
100
AcDbLine
 10
489.4912414550781
 20
26.6004638671875
 30
0.0
 11
489.4912414550781
 21
28.1697998046875
 31
0.0
  0
LINE
  5
5A5
330
17
100
AcDbEntity
  8
SCHEMATICS
 62
7
100
AcDbLine
 10
478.7429504394531
 20
26.04888916015625
 30
0.0
 11
478.7429504394531
 21
33.24261474609375
 31
0.0
  0
LINE
  5
5A6
330
17
100
AcDbEntity
  8
SCHEMATICS
 62
7
100
AcDbLine
 10
478.7429504394531
 20
33.24261474609375
 30
0.0
 11
476.95269775390625
 21
33.24261474609375
 31
0.0
  0
LINE
  5
5A7
330
17
100
AcDbEntity
  8
SCHEMATICS
 62
7
100
AcDbLine
 10
476.95269775390625
 20
33.24261474609375
 30
0.0
 11
476.95269775390625
 21
24.43365478515625
 31
0.0
  0
LINE
  5
5A8
330
17
100
AcDbEntity
  8
SCHEMATICS
 62
7
100
AcDbLine
 10
476.95269775390625
 20
24.43365478515625
 30
0.0
 11
482.6673889160156
 21
24.43365478515625
 31
0.0
  0
LINE
  5
5A9
330
17
100
AcDbEntity
  8
SCHEMATICS
 62
7
100
AcDbLine
 10
482.6673889160156
 20
24.43365478515625
 30
0.0
 11
482.6673889160156
 21
26.04888916015625
 31
0.0
  0
LINE
  5
5AA
330
17
100
AcDbEntity
  8
SCHEMATICS
 62
7
100
AcDbLine
 10
482.6673889160156
 20
26.04888916015625
 30
0.0
 11
478.7429504394531
 21
26.04888916015625
 31
0.0
  0
LWPOLYLINE
  5
5AB
330
17
100
AcDbEntity
  8
SCHEMATICS
 62
7
100
AcDbPolyline
 90
9
 70
0
 10
473.7053527832031
 20
30.33245849609375
 10
473.66750633716583
 20
30.106778144836426
 10
473.60150241851807
 20
29.91043472290039
 10
473.50922429561615
 20
29.74315357208252
 10
473.3925552368164
 20
29.604660034179688
 10
473.25337851047516
 20
29.49467945098877
 10
473.09357738494873
 20
29.41293716430664
 10
472.91503512859344
 20
29.359158515930176
 10
472.7196350097656
 20
29.33306884765625
  0
LINE
  5
5AC
330
17
100
AcDbEntity
  8
SCHEMATICS
 62
7
100
AcDbLine
 10
472.7196350097656
 20
29.33306884765625
 30
0.0
 11
472.29827880859375
 21
29.30853271484375
 31
0.0
  0
LINE
  5
5AD
330
17
100
AcDbEntity
  8
SCHEMATICS
 62
7
100
AcDbLine
 10
472.29827880859375
 20
29.30853271484375
 30
0.0
 11
470.5981750488281
 21
29.30853271484375
 31
0.0
  0
LINE
  5
5AE
330
17
100
AcDbEntity
  8
SCHEMATICS
 62
7
100
AcDbLine
 10
470.5981750488281
 20
29.30853271484375
 30
0.0
 11
470.5981750488281
 21
31.677490234375
 31
0.0
  0
LINE
  5
5AF
330
17
100
AcDbEntity
  8
SCHEMATICS
 62
7
100
AcDbLine
 10
470.5981750488281
 20
31.677490234375
 30
0.0
 11
472.5079650878906
 21
31.677490234375
 31
0.0
  0
LINE
  5
5B0
330
17
100
AcDbEntity
  8
SCHEMATICS
 62
7
100
AcDbLine
 10
472.5079650878906
 20
31.677490234375
 30
0.0
 11
472.73040771484375
 21
31.677490234375
 31
0.0
  0
LWPOLYLINE
  5
5B1
330
17
100
AcDbEntity
  8
SCHEMATICS
 62
7
100
AcDbPolyline
 90
9
 70
0
 10
472.73040771484375
 20
31.677490234375
 10
472.91297566890717
 20
31.653475284576416
 10
473.08063411712646
 20
31.61478042602539
 10
473.2321664094925
 20
31.555881023406982
 10
473.3663558959961
 20
31.47125244140625
 10
473.4819859266281
 20
31.355370044708252
 10
473.5778398513794
 20
31.202709197998047
 10
473.6527010202408
 20
31.007745265960693
 10
473.7053527832031
 20
30.76495361328125
  0
LWPOLYLINE
  5
5B2
330
17
100
AcDbEntity
  8
SCHEMATICS
 62
7
100
AcDbPolyline
 90
9
 70
0
 10
473.7053527832031
 20
30.76495361328125
 10
473.70890760421753
 20
30.716684579849243
 10
473.71144676208496
 20
30.66556739807129
 10
473.7129702568054
 20
30.6121985912323
 10
473.7134780883789
 20
30.557174682617188
 10
473.7129702568054
 20
30.501092195510864
 10
473.71144676208496
 20
30.444547653198242
 10
473.70890760421753
 20
30.388137578964233
 10
473.7053527832031
 20
30.33245849609375
  0
LWPOLYLINE
  5
5B3
330
17
100
AcDbEntity
  8
SCHEMATICS
 62
7
100
AcDbPolyline
 90
9
 70
0
 10
475.49560546875
 20
25.35650634765625
 10
475.45585918426514
 20
25.611403346061707
 10
475.43127632141113
 20
25.84321117401123
 10
475.4172763824463
 20
26.060374855995178
 10
475.4092788696289
 20
26.271339416503906
 10
475.4027032852173
 20
26.48454988002777
 10
475.3929691314697
 20
26.70845127105713
 10
475.37549591064453
 20
26.951488614082336
 10
475.345703125
 20
27.22210693359375
  0
LWPOLYLINE
  5
5B4
330
17
100
AcDbEntity
  8
SCHEMATICS
 62
7
100
AcDbPolyline
 90
9
 70
0
 10
475.345703125
 20
27.22210693359375
 10
475.3261321783066
 20
27.337576746940613
 10
475.2844648361206
 20
27.483698844909668
 10
475.2209321260452
 20
27.651111245155334
 10
475.1357650756836
 20
27.83045196533203
 10
475.02919471263885
 20
28.012359023094177
 10
474.90145206451416
 20
28.18747043609619
 10
474.75276815891266
 20
28.346424221992493
 10
474.5833740234375
 20
28.4798583984375
  0
LINE
  5
5B5
330
17
100
AcDbEntity
  8
SCHEMATICS
 62
7
100
AcDbLine
 10
474.5833740234375
 20
28.4798583984375
 30
0.0
 11
474.33251953125
 21
28.64215087890625
 31
0.0
  0
LINE
  5
5B6
330
17
100
AcDbEntity
  8
SCHEMATICS
 62
7
100
AcDbLine
 10
474.33251953125
 20
28.64215087890625
 30
0.0
 11
474.6794128417969
 21
28.888671875
 31
0.0
  0
LWPOLYLINE
  5
5B7
330
17
100
AcDbEntity
  8
SCHEMATICS
 62
7
100
AcDbPolyline
 90
9
 70
0
 10
474.6794128417969
 20
28.888671875
 10
474.8468138575554
 20
29.022480249404907
 10
474.9839606285095
 20
29.163545608520508
 10
475.09550338983536
 20
29.313128232955933
 10
475.186092376709
 20
29.472488403320312
 10
475.2603778243065
 20
29.64288640022278
 10
475.32300996780396
 20
29.82558250427246
 10
475.3786390423775
 20
30.02183699607849
 10
475.4319152832031
 20
30.23291015625
  0
LWPOLYLINE
  5
5B8
330
17
100
AcDbEntity
  8
SCHEMATICS
 62
7
100
AcDbPolyline
 90
9
 70
0
 10
475.4319152832031
 20
30.23291015625
 10
475.4714340567589
 20
30.409855484962463
 10
475.49950551986694
 20
30.574467658996582
 10
475.5159805417061
 20
30.730778574943542
 10
475.5207099914551
 20
30.88282012939453
 10
475.5135447382927
 20
31.034624218940735
 10
475.4943356513977
 20
31.19022274017334
 10
475.4629335999489
 20
31.353647589683533
 10
475.419189453125
 20
31.5289306640625
  0
LWPOLYLINE
  5
5B9
330
17
100
AcDbEntity
  8
SCHEMATICS
 62
7
100
AcDbPolyline
 90
9
 70
0
 10
475.419189453125
 20
31.5289306640625
 10
475.3452419042587
 20
31.77685511112213
 10
475.2606134414673
 20
32.00493335723877
 10
475.1616984605789
 20
32.213884234428406
 10
475.0448913574219
 20
32.40442657470703
 10
474.9065865278244
 20
32.57727921009064
 10
474.74317836761475
 20
32.733160972595215
 10
474.55106127262115
 20
32.872790694236755
 10
474.3266296386719
 20
32.99688720703125
  0
LWPOLYLINE
  5
5BA
330
17
100
AcDbEntity
  8
SCHEMATICS
 62
7
100
AcDbPolyline
 90
9
 70
0
 10
474.3266296386719
 20
32.99688720703125
 10
474.1836093068123
 20
33.0613226890564
 10
474.0491108894348
 20
33.113555908203125
 10
473.9196199774742
 20
33.15469980239868
 10
473.79162216186523
 20
33.18586730957031
 10
473.66160303354263
 20
33.208171367645264
 10
473.52604818344116
 20
33.22272491455078
 10
473.3814432024956
 20
33.23064088821411
 10
473.2242736816406
 20
33.2330322265625
  0
LINE
  5
5BB
330
17
100
AcDbEntity
  8
SCHEMATICS
 62
7
100
AcDbLine
 10
473.2242736816406
 20
33.2330322265625
 30
0.0
 11
468.8236083984375
 21
33.2330322265625
 31
0.0
  0
LINE
  5
5BC
330
17
100
AcDbEntity
  8
SCHEMATICS
 62
7
100
AcDbLine
 10
468.8236083984375
 20
33.2330322265625
 30
0.0
 11
468.8236083984375
 21
24.43365478515625
 31
0.0
  0
LINE
  5
5BD
330
17
100
AcDbEntity
  8
SCHEMATICS
 62
7
100
AcDbLine
 10
468.8236083984375
 20
24.43365478515625
 30
0.0
 11
470.5981750488281
 21
24.43365478515625
 31
0.0
  0
LINE
  5
5BE
330
17
100
AcDbEntity
  8
SCHEMATICS
 62
7
100
AcDbLine
 10
470.5981750488281
 20
24.43365478515625
 30
0.0
 11
470.5981750488281
 21
27.8387451171875
 31
0.0
  0
LINE
  5
5BF
330
17
100
AcDbEntity
  8
SCHEMATICS
 62
7
100
AcDbLine
 10
470.5981750488281
 20
27.8387451171875
 30
0.0
 11
472.4697570800781
 21
27.8387451171875
 31
0.0
  0
LINE
  5
5C0
330
17
100
AcDbEntity
  8
SCHEMATICS
 62
7
100
AcDbLine
 10
472.4697570800781
 20
27.8387451171875
 30
0.0
 11
472.73040771484375
 21
27.8387451171875
 31
0.0
  0
LWPOLYLINE
  5
5C1
330
17
100
AcDbEntity
  8
SCHEMATICS
 62
7
100
AcDbPolyline
 90
9
 70
0
 10
472.73040771484375
 20
27.8387451171875
 10
472.81584841012955
 20
27.83481788635254
 10
472.8965573310852
 20
27.82318878173828
 10
472.9725806117058
 20
27.804086685180664
 10
473.0439643859863
 20
27.777740478515625
 10
473.1107547879219
 20
27.7443790435791
 10
473.17299795150757
 20
27.70423126220703
 10
473.2307400107384
 20
27.65752601623535
 10
473.2840270996094
 20
27.6044921875
  0
LWPOLYLINE
  5
5C2
330
17
100
AcDbEntity
  8
SCHEMATICS
 62
7
100
AcDbPolyline
 90
9
 70
0
 10
473.2840270996094
 20
27.6044921875
 10
473.40929436683655
 20
27.45622408390045
 10
473.5088195800781
 20
27.305699348449707
 10
473.5859773159027
 20
27.15076434612274
 10
473.6441421508789
 20
26.98926544189453
 10
473.6866886615753
 20
26.81904900074005
 10
473.71699142456055
 20
26.637961387634277
 10
473.7384250164032
 20
26.443848967552185
 10
473.7543640136719
 20
26.23455810546875
  0
LWPOLYLINE
  5
5C3
330
17
100
AcDbEntity
  8
SCHEMATICS
 62
7
100
AcDbPolyline
 90
9
 70
0
 10
473.7543640136719
 20
26.23455810546875
 10
473.76558941602707
 20
26.02176547050476
 10
473.7728991508484
 20
25.823945999145508
 10
473.7797275185585
 20
25.636234521865845
 10
473.7895088195801
 20
25.453765869140625
 10
473.8056773543358
 20
25.271674871444702
 10
473.8316674232483
 20
25.08509635925293
 10
473.87091332674026
 20
24.88916516304016
 10
473.9268493652344
 20
24.67901611328125
  0
LINE
  5
5C4
330
17
100
AcDbEntity
  8
SCHEMATICS
 62
7
100
AcDbLine
 10
473.9268493652344
 20
24.67901611328125
 30
0.0
 11
474.00128173828125
 21
24.43365478515625
 31
0.0
  0
LINE
  5
5C5
330
17
100
AcDbEntity
  8
SCHEMATICS
 62
7
100
AcDbLine
 10
474.00128173828125
 20
24.43365478515625
 30
0.0
 11
475.69061279296875
 21
24.43365478515625
 31
0.0
  0
LINE
  5
5C6
330
17
100
AcDbEntity
  8
SCHEMATICS
 62
7
100
AcDbLine
 10
475.69061279296875
 20
24.43365478515625
 30
0.0
 11
475.6063537597656
 21
24.74139404296875
 31
0.0
  0
LINE
  5
5C7
330
17
100
AcDbEntity
  8
SCHEMATICS
 62
7
100
AcDbLine
 10
475.6063537597656
 20
24.74139404296875
 30
0.0
 11
475.49560546875
 21
25.35650634765625
 31
0.0
  0
LINE
  5
5C8
330
17
100
AcDbEntity
  8
SCHEMATICS
 62
7
100
AcDbLine
 10
461.565673828125
 20
24.41717529296875
 30
0.0
 11
467.6350402832031
 21
24.41717529296875
 31
0.0
  0
LINE
  5
5C9
330
17
100
AcDbEntity
  8
SCHEMATICS
 62
7
100
AcDbLine
 10
467.6350402832031
 20
24.41717529296875
 30
0.0
 11
467.6350402832031
 21
26.03778076171875
 31
0.0
  0
LINE
  5
5CA
330
17
100
AcDbEntity
  8
SCHEMATICS
 62
7
100
AcDbLine
 10
467.6350402832031
 20
26.03778076171875
 30
0.0
 11
463.35882568359375
 21
26.03778076171875
 31
0.0
  0
LINE
  5
5CB
330
17
100
AcDbEntity
  8
SCHEMATICS
 62
7
100
AcDbLine
 10
463.35882568359375
 20
26.03778076171875
 30
0.0
 11
463.35882568359375
 21
28.16790771484375
 31
0.0
  0
LINE
  5
5CC
330
17
100
AcDbEntity
  8
SCHEMATICS
 62
7
100
AcDbLine
 10
463.35882568359375
 20
28.16790771484375
 30
0.0
 11
467.29010009765625
 21
28.16790771484375
 31
0.0
  0
LINE
  5
5CD
330
17
100
AcDbEntity
  8
SCHEMATICS
 62
7
100
AcDbLine
 10
467.29010009765625
 20
28.16790771484375
 30
0.0
 11
467.29010009765625
 21
29.7138671875
 31
0.0
  0
LINE
  5
5CE
330
17
100
AcDbEntity
  8
SCHEMATICS
 62
7
100
AcDbLine
 10
467.29010009765625
 20
29.7138671875
 30
0.0
 11
463.35882568359375
 21
29.7138671875
 31
0.0
  0
LINE
  5
5CF
330
17
100
AcDbEntity
  8
SCHEMATICS
 62
7
100
AcDbLine
 10
463.35882568359375
 20
29.7138671875
 30
0.0
 11
463.35882568359375
 21
31.61846923828125
 31
0.0
  0
LINE
  5
5D0
330
17
100
AcDbEntity
  8
SCHEMATICS
 62
7
100
AcDbLine
 10
463.35882568359375
 20
31.61846923828125
 30
0.0
 11
467.6350402832031
 21
31.61846923828125
 31
0.0
  0
LINE
  5
5D1
330
17
100
AcDbEntity
  8
SCHEMATICS
 62
7
100
AcDbLine
 10
467.6350402832031
 20
31.61846923828125
 30
0.0
 11
467.6350402832031
 21
33.2398681640625
 31
0.0
  0
LINE
  5
5D2
330
17
100
AcDbEntity
  8
SCHEMATICS
 62
7
100
AcDbLine
 10
467.6350402832031
 20
33.2398681640625
 30
0.0
 11
461.565673828125
 21
33.2398681640625
 31
0.0
  0
LINE
  5
5D3
330
17
100
AcDbEntity
  8
SCHEMATICS
 62
7
100
AcDbLine
 10
461.565673828125
 20
33.2398681640625
 30
0.0
 11
461.565673828125
 21
24.41717529296875
 31
0.0
  0
LINE
  5
5D4
330
17
100
AcDbEntity
  8
SCHEMATICS
 62
7
100
AcDbLine
 10
457.7930908203125
 20
29.15850830078125
 30
0.0
 11
457.48345947265625
 21
29.1343994140625
 31
0.0
  0
LINE
  5
5D5
330
17
100
AcDbEntity
  8
SCHEMATICS
 62
7
100
AcDbLine
 10
457.48345947265625
 20
29.1343994140625
 30
0.0
 11
455.7784729003906
 21
29.1343994140625
 31
0.0
  0
LINE
  5
5D6
330
17
100
AcDbEntity
  8
SCHEMATICS
 62
7
100
AcDbLine
 10
455.7784729003906
 20
29.1343994140625
 30
0.0
 11
455.7784729003906
 21
31.69354248046875
 31
0.0
  0
LINE
  5
5D7
330
17
100
AcDbEntity
  8
SCHEMATICS
 62
7
100
AcDbLine
 10
455.7784729003906
 20
31.69354248046875
 30
0.0
 11
457.5471496582031
 21
31.69354248046875
 31
0.0
  0
LWPOLYLINE
  5
5D8
330
17
100
AcDbEntity
  8
SCHEMATICS
 62
7
100
AcDbPolyline
 90
9
 70
0
 10
457.5471496582031
 20
31.69354248046875
 10
457.5814346075058
 20
31.692522287368774
 10
457.6134214401245
 20
31.68983268737793
 10
457.6437531709671
 20
31.68603014945984
 10
457.6730728149414
 20
31.681671142578125
 10
457.70202338695526
 20
31.67731213569641
 10
457.7312479019165
 20
31.67350959777832
 10
457.76138937473297
 20
31.670819997787476
 10
457.7930908203125
 20
31.6697998046875
  0
LWPOLYLINE
  5
5D9
330
17
100
AcDbEntity
  8
SCHEMATICS
 62
7
100
AcDbPolyline
 90
9
 70
0
 10
457.7930908203125
 20
31.6697998046875
 10
458.0090109705925
 20
31.62183403968811
 10
458.1940875053406
 20
31.528493881225586
 10
458.3488021492958
 20
31.396332502365112
 10
458.47363662719727
 20
31.231903076171875
 10
458.569072663784
 20
31.04175877571106
 10
458.63559198379517
 20
30.83245277404785
 10
458.67367631196976
 20
30.610538244247437
 10
458.6838073730469
 20
30.382568359375
  0
LWPOLYLINE
  5
5DA
330
17
100
AcDbEntity
  8
SCHEMATICS
 62
7
100
AcDbPolyline
 90
9
 70
0
 10
458.6838073730469
 20
30.382568359375
 10
458.665760576725
 20
30.16236972808838
 10
458.6200222969055
 20
29.948665618896484
 10
458.5471107363701
 20
29.747807502746582
 10
458.4475440979004
 20
29.566146850585938
 10
458.3218405842781
 20
29.410035133361816
 10
458.1705183982849
 20
29.285823822021484
 10
457.9940957427025
 20
29.199864387512207
 10
457.7930908203125
 20
29.15850830078125
  0
LWPOLYLINE
  5
5DB
330
17
100
AcDbEntity
  8
SCHEMATICS
 62
7
100
AcDbPolyline
 90
9
 70
0
 10
458.4368896484375
 20
33.21575927734375
 10
458.38572800159454
 20
33.22371709346771
 10
458.33477306365967
 20
33.22969722747803
 10
458.283496260643
 20
33.23398220539093
 10
458.2313690185547
 20
33.236854553222656
 10
458.17786276340485
 20
33.23859679698944
 10
458.1224489212036
 20
33.23949146270752
 10
458.0645989179611
 20
33.23982107639313
 10
458.0037841796875
 20
33.2398681640625
  0
LINE
  5
5DC
330
17
100
AcDbEntity
  8
SCHEMATICS
 62
7
100
AcDbLine
 10
458.0037841796875
 20
33.2398681640625
 30
0.0
 11
453.9745178222656
 21
33.2398681640625
 31
0.0
  0
LINE
  5
5DD
330
17
100
AcDbEntity
  8
SCHEMATICS
 62
7
100
AcDbLine
 10
453.9745178222656
 20
33.2398681640625
 30
0.0
 11
453.9745178222656
 21
24.43365478515625
 31
0.0
  0
LINE
  5
5DE
330
17
100
AcDbEntity
  8
SCHEMATICS
 62
7
100
AcDbLine
 10
453.9745178222656
 20
24.43365478515625
 30
0.0
 11
455.7784729003906
 21
24.43365478515625
 31
0.0
  0
LINE
  5
5DF
330
17
100
AcDbEntity
  8
SCHEMATICS
 62
7
100
AcDbLine
 10
455.7784729003906
 20
24.43365478515625
 30
0.0
 11
455.7784729003906
 21
27.58721923828125
 31
0.0
  0
LINE
  5
5E0
330
17
100
AcDbEntity
  8
SCHEMATICS
 62
7
100
AcDbLine
 10
455.7784729003906
 20
27.58721923828125
 30
0.0
 11
457.8293762207031
 21
27.58721923828125
 31
0.0
  0
LINE
  5
5E1
330
17
100
AcDbEntity
  8
SCHEMATICS
 62
7
100
AcDbLine
 10
457.8293762207031
 20
27.58721923828125
 30
0.0
 11
458.18994140625
 21
27.61212158203125
 31
0.0
  0
LWPOLYLINE
  5
5E2
330
17
100
AcDbEntity
  8
SCHEMATICS
 62
7
100
AcDbPolyline
 90
9
 70
0
 10
458.18994140625
 20
27.61212158203125
 10
458.6889295578003
 20
27.70584237575531
 10
459.1292095184326
 20
27.903494834899902
 10
459.5087471008301
 20
28.189196705818176
 10
459.8255081176758
 20
28.54706573486328
 10
460.07745838165283
 20
28.961219668388367
 10
460.26256370544434
 20
29.415776252746582
 10
460.3787899017334
 20
29.894853234291077
 10
460.4241027832031
 20
30.382568359375
  0
LWPOLYLINE
  5
5E3
330
17
100
AcDbEntity
  8
SCHEMATICS
 62
7
100
AcDbPolyline
 90
9
 70
0
 10
460.4241027832031
 20
30.382568359375
 10
460.4024211168289
 20
30.81882357597351
 10
460.3193368911743
 20
31.263505935668945
 10
460.173162817955
 20
31.700672388076782
 10
459.9622116088867
 20
32.1143798828125
 10
459.6847959756851
 20
32.48868536949158
 10
459.3392286300659
 20
32.80764579772949
 10
458.9238222837448
 20
33.055318117141724
 10
458.4368896484375
 20
33.21575927734375
  0
LINE
  5
5E4
330
17
100
AcDbEntity
  8
SCHEMATICS
 62
7
100
AcDbLine
 10
450.2186584472656
 20
29.1546630859375
 30
0.0
 11
449.90899658203125
 21
29.13018798828125
 31
0.0
  0
LINE
  5
5E5
330
17
100
AcDbEntity
  8
SCHEMATICS
 62
7
100
AcDbLine
 10
449.90899658203125
 20
29.13018798828125
 30
0.0
 11
448.2010498046875
 21
29.13018798828125
 31
0.0
  0
LINE
  5
5E6
330
17
100
AcDbEntity
  8
SCHEMATICS
 62
7
100
AcDbLine
 10
448.2010498046875
 20
29.13018798828125
 30
0.0
 11
448.2010498046875
 21
31.6981201171875
 31
0.0
  0
LINE
  5
5E7
330
17
100
AcDbEntity
  8
SCHEMATICS
 62
7
100
AcDbLine
 10
448.2010498046875
 20
31.6981201171875
 30
0.0
 11
449.9717102050781
 21
31.6981201171875
 31
0.0
  0
LWPOLYLINE
  5
5E8
330
17
100
AcDbEntity
  8
SCHEMATICS
 62
7
100
AcDbPolyline
 90
9
 70
0
 10
449.9717102050781
 20
31.6981201171875
 10
450.0069183707237
 20
31.697068452835083
 10
450.0395083427429
 20
31.69429588317871
 10
450.0701692700386
 20
31.690376043319702
 10
450.0995903015137
 20
31.685882568359375
 10
450.128460586071
 20
31.681389093399048
 10
450.1574692726135
 20
31.67746925354004
 10
450.1873055100441
 20
31.674696683883667
 10
450.2186584472656
 20
31.67364501953125
  0
LWPOLYLINE
  5
5E9
330
17
100
AcDbEntity
  8
SCHEMATICS
 62
7
100
AcDbPolyline
 90
9
 70
0
 10
450.2186584472656
 20
31.67364501953125
 10
450.43553364276886
 20
31.625030159950256
 10
450.6213159561157
 20
31.531140327453613
 10
450.776509642601
 20
31.398496508598328
 10
450.90161895751953
 20
31.233619689941406
 10
450.9971481561661
 20
31.043030858039856
 10
451.06360149383545
 20
30.833250999450684
 10
451.10148322582245
 20
30.610801100730896
 10
451.1112976074219
 20
30.3822021484375
  0
LWPOLYLINE
  5
5EA
330
17
100
AcDbEntity
  8
SCHEMATICS
 62
7
100
AcDbPolyline
 90
9
 70
0
 10
451.1112976074219
 20
30.3822021484375
 10
451.092877805233
 20
30.16144847869873
 10
451.04678297042847
 20
29.947223663330078
 10
450.973542034626
 20
29.74587917327881
 10
450.87368392944336
 20
29.563766479492188
 10
450.74773758649826
 20
29.40723705291748
 10
450.59623193740845
 20
29.282642364501953
 10
450.41969591379166
 20
29.19633388519287
 10
450.2186584472656
 20
29.1546630859375
  0
LWPOLYLINE
  5
5EB
330
17
100
AcDbEntity
  8
SCHEMATICS
 62
7
100
AcDbPolyline
 90
9
 70
0
 10
450.8634033203125
 20
33.22198486328125
 10
450.81204015016556
 20
33.229801654815674
 10
450.7611451148987
 20
33.23567581176758
 10
450.71008771657944
 20
33.23988485336304
 10
450.6582374572754
 20
33.242706298828125
 10
450.6049638390541
 20
33.244417667388916
 10
450.54963636398315
 20
33.245296478271484
 10
450.4916245341301
 20
33.245620250701904
 10
450.4302978515625
 20
33.24566650390625
  0
LINE
  5
5EC
330
17
100
AcDbEntity
  8
SCHEMATICS
 62
7
100
AcDbLine
 10
450.4302978515625
 20
33.24566650390625
 30
0.0
 11
446.3931884765625
 21
33.24566650390625
 31
0.0
  0
LINE
  5
5ED
330
17
100
AcDbEntity
  8
SCHEMATICS
 62
7
100
AcDbLine
 10
446.3931884765625
 20
33.24566650390625
 30
0.0
 11
446.3931884765625
 21
24.4183349609375
 31
0.0
  0
LINE
  5
5EE
330
17
100
AcDbEntity
  8
SCHEMATICS
 62
7
100
AcDbLine
 10
446.3931884765625
 20
24.4183349609375
 30
0.0
 11
448.2010498046875
 21
24.4183349609375
 31
0.0
  0
LINE
  5
5EF
330
17
100
AcDbEntity
  8
SCHEMATICS
 62
7
100
AcDbLine
 10
448.2010498046875
 20
24.4183349609375
 30
0.0
 11
448.2010498046875
 21
27.5819091796875
 31
0.0
  0
LINE
  5
5F0
330
17
100
AcDbEntity
  8
SCHEMATICS
 62
7
100
AcDbLine
 10
448.2010498046875
 20
27.5819091796875
 30
0.0
 11
450.2548828125
 21
27.5819091796875
 31
0.0
  0
LINE
  5
5F1
330
17
100
AcDbEntity
  8
SCHEMATICS
 62
7
100
AcDbLine
 10
450.2548828125
 20
27.5819091796875
 30
0.0
 11
450.616455078125
 21
27.6055908203125
 31
0.0
  0
LWPOLYLINE
  5
5F2
330
17
100
AcDbEntity
  8
SCHEMATICS
 62
7
100
AcDbPolyline
 90
9
 70
0
 10
450.616455078125
 20
27.6055908203125
 10
451.11662501096725
 20
27.69943630695343
 10
451.5581622123718
 20
27.897446632385254
 10
451.93893057107925
 20
28.183715224266052
 10
452.2567939758301
 20
28.542335510253906
 10
452.50961631536484
 20
28.957400918006897
 10
452.6952614784241
 20
29.413004875183105
 10
452.8115933537483
 20
29.893240809440613
 10
452.8564758300781
 20
30.3822021484375
  0
LWPOLYLINE
  5
5F3
330
17
100
AcDbEntity
  8
SCHEMATICS
 62
7
100
AcDbPolyline
 90
9
 70
0
 10
452.8564758300781
 20
30.3822021484375
 10
452.835183262825
 20
30.819932222366333
 10
452.75189304351807
 20
31.265851974487305
 10
452.60505521297455
 20
31.704044103622437
 10
452.3931198120117
 20
32.11859130859375
 10
452.11453688144684
 20
32.49357628822327
 10
451.76775646209717
 20
32.81308174133301
 10
451.35122859477997
 20
33.061190366744995
 10
450.8634033203125
 20
33.22198486328125
  0
LINE
  5
5F4
330
17
100
AcDbEntity
  8
SCHEMATICS
 62
7
100
AcDbLine
 10
439.1851806640625
 20
24.41717529296875
 30
0.0
 11
445.2545471191406
 21
24.41717529296875
 31
0.0
  0
LINE
  5
5F5
330
17
100
AcDbEntity
  8
SCHEMATICS
 62
7
100
AcDbLine
 10
445.2545471191406
 20
24.41717529296875
 30
0.0
 11
445.2545471191406
 21
26.03778076171875
 31
0.0
  0
LINE
  5
5F6
330
17
100
AcDbEntity
  8
SCHEMATICS
 62
7
100
AcDbLine
 10
445.2545471191406
 20
26.03778076171875
 30
0.0
 11
440.9773864746094
 21
26.03778076171875
 31
0.0
  0
LINE
  5
5F7
330
17
100
AcDbEntity
  8
SCHEMATICS
 62
7
100
AcDbLine
 10
440.9773864746094
 20
26.03778076171875
 30
0.0
 11
440.9773864746094
 21
28.16790771484375
 31
0.0
  0
LINE
  5
5F8
330
17
100
AcDbEntity
  8
SCHEMATICS
 62
7
100
AcDbLine
 10
440.9773864746094
 20
28.16790771484375
 30
0.0
 11
444.9096374511719
 21
28.16790771484375
 31
0.0
  0
LINE
  5
5F9
330
17
100
AcDbEntity
  8
SCHEMATICS
 62
7
100
AcDbLine
 10
444.9096374511719
 20
28.16790771484375
 30
0.0
 11
444.9096374511719
 21
29.7138671875
 31
0.0
  0
LINE
  5
5FA
330
17
100
AcDbEntity
  8
SCHEMATICS
 62
7
100
AcDbLine
 10
444.9096374511719
 20
29.7138671875
 30
0.0
 11
440.9773864746094
 21
29.7138671875
 31
0.0
  0
LINE
  5
5FB
330
17
100
AcDbEntity
  8
SCHEMATICS
 62
7
100
AcDbLine
 10
440.9773864746094
 20
29.7138671875
 30
0.0
 11
440.9773864746094
 21
31.61846923828125
 31
0.0
  0
LINE
  5
5FC
330
17
100
AcDbEntity
  8
SCHEMATICS
 62
7
100
AcDbLine
 10
440.9773864746094
 20
31.61846923828125
 30
0.0
 11
445.2545471191406
 21
31.61846923828125
 31
0.0
  0
LINE
  5
5FD
330
17
100
AcDbEntity
  8
SCHEMATICS
 62
7
100
AcDbLine
 10
445.2545471191406
 20
31.61846923828125
 30
0.0
 11
445.2545471191406
 21
33.2398681640625
 31
0.0
  0
LINE
  5
5FE
330
17
100
AcDbEntity
  8
SCHEMATICS
 62
7
100
AcDbLine
 10
445.2545471191406
 20
33.2398681640625
 30
0.0
 11
439.1851806640625
 21
33.2398681640625
 31
0.0
  0
LINE
  5
5FF
330
17
100
AcDbEntity
  8
SCHEMATICS
 62
7
100
AcDbLine
 10
439.1851806640625
 20
33.2398681640625
 30
0.0
 11
439.1851806640625
 21
24.41717529296875
 31
0.0
  0
LINE
  5
600
330
17
100
AcDbEntity
  8
SCHEMATICS
 62
7
100
AcDbLine
 10
435.48712158203125
 20
29.15924072265625
 30
0.0
 11
435.177490234375
 21
29.1343994140625
 31
0.0
  0
LINE
  5
601
330
17
100
AcDbEntity
  8
SCHEMATICS
 62
7
100
AcDbLine
 10
435.177490234375
 20
29.1343994140625
 30
0.0
 11
433.47344970703125
 21
29.1343994140625
 31
0.0
  0
LINE
  5
602
330
17
100
AcDbEntity
  8
SCHEMATICS
 62
7
100
AcDbLine
 10
433.47344970703125
 20
29.1343994140625
 30
0.0
 11
433.47344970703125
 21
31.69354248046875
 31
0.0
  0
LINE
  5
603
330
17
100
AcDbEntity
  8
SCHEMATICS
 62
7
100
AcDbLine
 10
433.47344970703125
 20
31.69354248046875
 30
0.0
 11
435.23919677734375
 21
31.69354248046875
 31
0.0
  0
LWPOLYLINE
  5
604
330
17
100
AcDbEntity
  8
SCHEMATICS
 62
7
100
AcDbPolyline
 90
9
 70
0
 10
435.23919677734375
 20
31.69354248046875
 10
435.2741277217865
 20
31.692522287368774
 10
435.30660247802734
 20
31.68983268737793
 10
435.337286233902
 20
31.68603014945984
 10
435.3668441772461
 20
31.681671142578125
 10
435.3959414958954
 20
31.67731213569641
 10
435.42524337768555
 20
31.67350959777832
 10
435.45541501045227
 20
31.670819997787476
 10
435.48712158203125
 20
31.6697998046875
  0
LWPOLYLINE
  5
605
330
17
100
AcDbEntity
  8
SCHEMATICS
 62
7
100
AcDbPolyline
 90
9
 70
0
 10
435.48712158203125
 20
31.6697998046875
 10
435.7036794424057
 20
31.62183403968811
 10
435.88919734954834
 20
31.528493881225586
 10
436.04414665699005
 20
31.396332502365112
 10
436.1689987182617
 20
31.231903076171875
 10
436.2642248868942
 20
31.04175877571106
 10
436.33029651641846
 20
30.83245277404785
 10
436.3676849603653
 20
30.610538244247437
 10
436.3768615722656
 20
30.382568359375
  0
LWPOLYLINE
  5
606
330
17
100
AcDbEntity
  8
SCHEMATICS
 62
7
100
AcDbPolyline
 90
9
 70
0
 10
436.3768615722656
 20
30.382568359375
 10
436.3588392138481
 20
30.162371158599854
 10
436.31320333480835
 20
29.94867706298828
 10
436.2404471039772
 20
29.747846126556396
 10
436.14106369018555
 20
29.566238403320312
 10
436.01554626226425
 20
29.410213947296143
 10
435.8643879890442
 20
29.2861328125
 10
435.68808203935623
 20
29.200355052947998
 10
435.48712158203125
 20
29.15924072265625
  0
LWPOLYLINE
  5
607
330
17
100
AcDbEntity
  8
SCHEMATICS
 62
7
100
AcDbPolyline
 90
9
 70
0
 10
436.1299133300781
 20
33.21575927734375
 10
436.07915222644806
 20
33.22371709346771
 10
436.02862071990967
 20
33.22969722747803
 10
435.9777215719223
 20
33.23398220539093
 10
435.9258575439453
 20
33.236854553222656
 10
435.87243139743805
 20
33.23859679698944
 10
435.81684589385986
 20
33.23949146270752
 10
435.7585037946701
 20
33.23982107639313
 10
435.6968078613281
 20
33.2398681640625
  0
LINE
  5
608
330
17
100
AcDbEntity
  8
SCHEMATICS
 62
7
100
AcDbLine
 10
435.6968078613281
 20
33.2398681640625
 30
0.0
 11
431.66754150390625
 21
33.2398681640625
 31
0.0
  0
LINE
  5
609
330
17
100
AcDbEntity
  8
SCHEMATICS
 62
7
100
AcDbLine
 10
431.66754150390625
 20
33.2398681640625
 30
0.0
 11
431.66754150390625
 21
24.43365478515625
 31
0.0
  0
LINE
  5
60A
330
17
100
AcDbEntity
  8
SCHEMATICS
 62
7
100
AcDbLine
 10
431.66754150390625
 20
24.43365478515625
 30
0.0
 11
433.47344970703125
 21
24.43365478515625
 31
0.0
  0
LINE
  5
60B
330
17
100
AcDbEntity
  8
SCHEMATICS
 62
7
100
AcDbLine
 10
433.47344970703125
 20
24.43365478515625
 30
0.0
 11
433.47344970703125
 21
27.5880126953125
 31
0.0
  0
LINE
  5
60C
330
17
100
AcDbEntity
  8
SCHEMATICS
 62
7
100
AcDbLine
 10
433.47344970703125
 20
27.5880126953125
 30
0.0
 11
435.52337646484375
 21
27.5880126953125
 31
0.0
  0
LINE
  5
60D
330
17
100
AcDbEntity
  8
SCHEMATICS
 62
7
100
AcDbLine
 10
435.52337646484375
 20
27.5880126953125
 30
0.0
 11
435.88201904296875
 21
27.61328125
 31
0.0
  0
LWPOLYLINE
  5
60E
330
17
100
AcDbEntity
  8
SCHEMATICS
 62
7
100
AcDbPolyline
 90
9
 70
0
 10
435.88201904296875
 20
27.61328125
 10
436.3816944360733
 20
27.706894636154175
 10
436.8225793838501
 20
27.904481887817383
 10
437.2026518583298
 20
28.190134286880493
 10
437.51988983154297
 20
28.547943115234375
 10
437.7722712755203
 20
28.961999654769897
 10
437.9577741622925
 20
29.41639518737793
 10
438.0743764638901
 20
29.89522099494934
 10
438.12005615234375
 20
30.382568359375
  0
LWPOLYLINE
  5
60F
330
17
100
AcDbEntity
  8
SCHEMATICS
 62
7
100
AcDbPolyline
 90
9
 70
0
 10
438.12005615234375
 20
30.382568359375
 10
438.09893077611923
 20
30.81882357597351
 10
438.01607275009155
 20
31.263505935668945
 10
437.8698280453682
 20
31.700672388076782
 10
437.65854263305664
 20
32.1143798828125
 10
437.3805624842644
 20
32.48868536949158
 10
437.0342335700989
 20
32.80764579772949
 10
436.61790186166763
 20
33.055318117141724
 10
436.1299133300781
 20
33.21575927734375
  0
LINE
  5
610
330
17
100
AcDbEntity
  8
SCHEMATICS
 62
7
100
AcDbLine
 10
417.77972412109375
 20
36.55078125
 30
0.0
 11
429.89788818359375
 21
36.55078125
 31
0.0
  0
LINE
  5
611
330
17
100
AcDbEntity
  8
SCHEMATICS
 62
7
100
AcDbLine
 10
429.89788818359375
 20
36.55078125
 30
0.0
 11
429.89788818359375
 21
24.43438720703125
 31
0.0
  0
LINE
  5
612
330
17
100
AcDbEntity
  8
SCHEMATICS
 62
7
100
AcDbLine
 10
429.89788818359375
 20
24.43438720703125
 30
0.0
 11
417.77972412109375
 21
24.43438720703125
 31
0.0
  0
LINE
  5
613
330
17
100
AcDbEntity
  8
SCHEMATICS
 62
7
100
AcDbLine
 10
417.77972412109375
 20
24.43438720703125
 30
0.0
 11
417.77972412109375
 21
36.55078125
 31
0.0
  0
LWPOLYLINE
  5
614
330
17
100
AcDbEntity
  8
SCHEMATICS
 62
7
100
AcDbPolyline
 90
9
 70
0
 10
425.0357360839844
 20
30.78717041015625
 10
424.8041434288025
 20
30.78717041015625
 10
424.31186866760254
 20
30.78717041015625
 10
423.6487765312195
 20
30.78717041015625
 10
422.9047317504883
 20
30.78717041015625
 10
422.1695990562439
 20
30.78717041015625
 10
421.5332431793213
 20
30.78717041015625
 10
421.0855288505554
 20
30.78717041015625
 10
420.91632080078125
 20
30.78717041015625
  0
LINE
  5
615
330
17
100
AcDbEntity
  8
SCHEMATICS
 62
7
100
AcDbLine
 10
420.91632080078125
 20
30.78717041015625
 30
0.0
 11
420.91632080078125
 21
25.64508056640625
 31
0.0
  0
LINE
  5
616
330
17
100
AcDbEntity
  8
SCHEMATICS
 62
7
100
AcDbLine
 10
420.91632080078125
 20
25.64508056640625
 30
0.0
 11
422.12744140625
 21
25.64508056640625
 31
0.0
  0
LINE
  5
617
330
17
100
AcDbEntity
  8
SCHEMATICS
 62
7
100
AcDbLine
 10
422.12744140625
 20
25.64508056640625
 30
0.0
 11
422.12744140625
 21
29.57110595703125
 31
0.0
  0
LINE
  5
618
330
17
100
AcDbEntity
  8
SCHEMATICS
 62
7
100
AcDbLine
 10
422.12744140625
 20
29.57110595703125
 30
0.0
 11
425.0357360839844
 21
29.57110595703125
 31
0.0
  0
LWPOLYLINE
  5
619
330
17
100
AcDbEntity
  8
SCHEMATICS
 62
7
100
AcDbPolyline
 90
9
 70
0
 10
425.0357360839844
 20
29.57110595703125
 10
425.16191720962524
 20
29.556448698043823
 10
425.2763423919678
 20
29.515565872192383
 10
425.3774495124817
 20
29.45309090614319
 10
425.4636764526367
 20
29.3736572265625
 10
425.5334610939026
 20
29.281898260116577
 10
425.585241317749
 20
29.18244743347168
 10
425.61745500564575
 20
29.079938173294067
 10
425.6285400390625
 20
28.97900390625
  0
LWPOLYLINE
  5
61A
330
17
100
AcDbEntity
  8
SCHEMATICS
 62
7
100
AcDbPolyline
 90
9
 70
0
 10
425.6285400390625
 20
28.97900390625
 10
425.61098498106
 20
28.813117384910583
 10
425.56305837631226
 20
28.678011894226074
 10
425.49186807870865
 20
28.571017384529114
 10
425.4045219421387
 20
28.489463806152344
 10
425.3081278204918
 20
28.430681109428406
 10
425.20979356765747
 20
28.39199924468994
 10
425.1166270375252
 20
28.370748162269592
 10
425.0357360839844
 20
28.3642578125
  0
LWPOLYLINE
  5
61B
330
17
100
AcDbEntity
  8
SCHEMATICS
 62
7
100
AcDbPolyline
 90
9
 70
0
 10
425.0357360839844
 20
28.3642578125
 10
424.9567955136299
 20
28.3642578125
 10
424.81819009780884
 20
28.3642578125
 10
424.64155381917953
 20
28.3642578125
 10
424.4485206604004
 20
28.3642578125
 10
424.2607246041298
 20
28.3642578125
 10
424.0997996330261
 20
28.3642578125
 10
423.9873797297478
 20
28.3642578125
 10
423.9450988769531
 20
28.3642578125
  0
LINE
  5
61C
330
17
100
AcDbEntity
  8
SCHEMATICS
 62
7
100
AcDbLine
 10
423.9450988769531
 20
28.3642578125
 30
0.0
 11
423.9450988769531
 21
29.0899658203125
 31
0.0
  0
LINE
  5
61D
330
17
100
AcDbEntity
  8
SCHEMATICS
 62
7
100
AcDbLine
 10
423.9450988769531
 20
29.0899658203125
 30
0.0
 11
422.7359619140625
 21
29.0899658203125
 31
0.0
  0
LINE
  5
61E
330
17
100
AcDbEntity
  8
SCHEMATICS
 62
7
100
AcDbLine
 10
422.7359619140625
 20
29.0899658203125
 30
0.0
 11
422.7359619140625
 21
27.14019775390625
 31
0.0
  0
LINE
  5
61F
330
17
100
AcDbEntity
  8
SCHEMATICS
 62
7
100
AcDbLine
 10
422.7359619140625
 20
27.14019775390625
 30
0.0
 11
425.0357360839844
 21
27.14019775390625
 31
0.0
  0
LWPOLYLINE
  5
620
330
17
100
AcDbEntity
  8
SCHEMATICS
 62
7
100
AcDbPolyline
 90
9
 70
0
 10
425.0357360839844
 20
27.14019775390625
 10
425.43002688884735
 20
27.18074870109558
 10
425.78307247161865
 20
27.29566764831543
 10
426.0913816690445
 20
27.47485375404358
 10
426.3514633178711
 20
27.708206176757812
 10
426.55982625484467
 20
27.985624074935913
 10
426.7129793167114
 20
28.297006607055664
 10
426.8074313402176
 20
28.63225293159485
 10
426.8396911621094
 20
28.98126220703125
  0
LWPOLYLINE
  5
621
330
17
100
AcDbEntity
  8
SCHEMATICS
 62
7
100
AcDbPolyline
 90
9
 70
0
 10
426.8396911621094
 20
28.98126220703125
 10
426.8080283999443
 20
29.329864859580994
 10
426.71227979660034
 20
29.661646842956543
 10
426.55679804086685
 20
29.967466473579407
 10
426.3459358215332
 20
30.238182067871094
 10
426.08404582738876
 20
30.464651942253113
 10
425.7754807472229
 20
30.637734413146973
 10
425.424593269825
 20
30.748287796974182
 10
425.0357360839844
 20
30.78717041015625
  0
LINE
  5
622
330
17
100
AcDbEntity
  8
SCHEMATICS
 62
7
100
AcDbLine
 10
422.7359619140625
 20
31.26751708984375
 30
0.0
 11
423.9450988769531
 21
31.26751708984375
 31
0.0
  0
LWPOLYLINE
  5
623
330
17
100
AcDbEntity
  8
SCHEMATICS
 62
7
100
AcDbPolyline
 90
9
 70
0
 10
423.9450988769531
 20
31.26751708984375
 10
423.9450988769531
 20
31.28258728981018
 10
423.9450988769531
 20
31.325857162475586
 10
423.9450988769531
 20
31.394415616989136
 10
423.9450988769531
 20
31.4853515625
 10
423.9450988769531
 20
31.59575390815735
 10
423.9450988769531
 20
31.72271156311035
 10
423.9450988769531
 20
31.86331343650818
 10
423.9450988769531
 20
32.0146484375
  0
LINE
  5
624
330
17
100
AcDbEntity
  8
SCHEMATICS
 62
7
100
AcDbLine
 10
423.9450988769531
 20
32.0146484375
 30
0.0
 11
426.5751037597656
 21
32.0146484375
 31
0.0
  0
LINE
  5
625
330
17
100
AcDbEntity
  8
SCHEMATICS
 62
7
100
AcDbLine
 10
426.5751037597656
 20
32.0146484375
 30
0.0
 11
426.5751037597656
 21
33.22576904296875
 31
0.0
  0
LINE
  5
626
330
17
100
AcDbEntity
  8
SCHEMATICS
 62
7
100
AcDbLine
 10
426.5751037597656
 20
33.22576904296875
 30
0.0
 11
423.9450988769531
 21
33.22576904296875
 31
0.0
  0
LWPOLYLINE
  5
627
330
17
100
AcDbEntity
  8
SCHEMATICS
 62
7
100
AcDbPolyline
 90
9
 70
0
 10
423.9450988769531
 20
33.22576904296875
 10
423.9450988769531
 20
33.310614585876465
 10
423.9450988769531
 20
33.3884391784668
 10
423.9450988769531
 20
33.45853328704834
 10
423.9450988769531
 20
33.52018737792969
 10
423.9450988769531
 20
33.572691917419434
 10
423.9450988769531
 20
33.61533737182617
 10
423.9450988769531
 20
33.647414207458496
 10
423.9450988769531
 20
33.668212890625
  0
LWPOLYLINE
  5
628
330
17
100
AcDbEntity
  8
SCHEMATICS
 62
7
100
AcDbPolyline
 90
9
 70
0
 10
423.9450988769531
 20
33.668212890625
 10
423.9550247192383
 20
33.76788020133972
 10
423.98316383361816
 20
33.85725212097168
 10
424.0270586013794
 20
33.93540596961975
 10
424.0842514038086
 20
34.00141906738281
 10
424.1522846221924
 20
34.05436873435974
 10
424.2287006378174
 20
34.093332290649414
 10
424.3110418319702
 20
34.11738705635071
 10
424.3968505859375
 20
34.1256103515625
  0
LWPOLYLINE
  5
629
330
17
100
AcDbEntity
  8
SCHEMATICS
 62
7
100
AcDbPolyline
 90
9
 70
0
 10
424.3968505859375
 20
34.1256103515625
 10
424.64240419864655
 20
34.1256103515625
 10
424.96057987213135
 20
34.1256103515625
 10
425.31890285015106
 20
34.1256103515625
 10
425.68489837646484
 20
34.1256103515625
 10
426.02609169483185
 20
34.1256103515625
 10
426.31000804901123
 20
34.1256103515625
 10
426.50417268276215
 20
34.1256103515625
 10
426.57611083984375
 20
34.1256103515625
  0
LINE
  5
62A
330
17
100
AcDbEntity
  8
SCHEMATICS
 62
7
100
AcDbLine
 10
426.57611083984375
 20
34.1256103515625
 30
0.0
 11
426.57611083984375
 21
35.33673095703125
 31
0.0
  0
LWPOLYLINE
  5
62B
330
17
100
AcDbEntity
  8
SCHEMATICS
 62
7
100
AcDbPolyline
 90
9
 70
0
 10
426.57611083984375
 20
35.33673095703125
 10
426.4860239624977
 20
35.33673095703125
 10
426.2478623390198
 20
35.33673095703125
 10
425.9097744822502
 20
35.33673095703125
 10
425.5199089050293
 20
35.33673095703125
 10
425.1264141201973
 20
35.33673095703125
 10
424.7774386405945
 20
35.33673095703125
 10
424.5211309790611
 20
35.33673095703125
 10
424.4056396484375
 20
35.33673095703125
  0
LWPOLYLINE
  5
62C
330
17
100
AcDbEntity
  8
SCHEMATICS
 62
7
100
AcDbPolyline
 90
9
 70
0
 10
424.4056396484375
 20
35.33673095703125
 10
424.04947620630264
 20
35.30006182193756
 10
423.72683000564575
 20
35.19611072540283
 10
423.44200724363327
 20
35.03396213054657
 10
423.19931411743164
 20
34.82270050048828
 10
423.0030568242073
 20
34.57141029834747
 10
422.8575415611267
 20
34.28917598724365
 10
422.7670745253563
 20
33.985082030296326
 10
422.7359619140625
 20
33.668212890625
  0
LINE
  5
62D
330
17
100
AcDbEntity
  8
SCHEMATICS
 62
7
100
AcDbLine
 10
422.7359619140625
 20
33.668212890625
 30
0.0
 11
422.7359619140625
 21
33.22576904296875
 31
0.0
  0
LINE
  5
62E
330
17
100
AcDbEntity
  8
SCHEMATICS
 62
7
100
AcDbLine
 10
422.7359619140625
 20
33.22576904296875
 30
0.0
 11
420.91632080078125
 21
33.22576904296875
 31
0.0
  0
LINE
  5
62F
330
17
100
AcDbEntity
  8
SCHEMATICS
 62
7
100
AcDbLine
 10
420.91632080078125
 20
33.22576904296875
 30
0.0
 11
420.91632080078125
 21
32.0146484375
 31
0.0
  0
LINE
  5
630
330
17
100
AcDbEntity
  8
SCHEMATICS
 62
7
100
AcDbLine
 10
420.91632080078125
 20
32.0146484375
 30
0.0
 11
422.7359619140625
 21
32.0146484375
 31
0.0
  0
LINE
  5
631
330
17
100
AcDbEntity
  8
SCHEMATICS
 62
7
100
AcDbLine
 10
422.7359619140625
 20
32.0146484375
 30
0.0
 11
422.7359619140625
 21
31.26751708984375
 31
0.0
  0
ENDSEC
  0
SECTION
  2
OBJECTS
  0
DICTIONARY
  5
A
330
0
100
AcDbDictionary
280
0
281
1
  3
ACAD_COLOR
350
B
  3
ACAD_GROUP
350
C
  3
ACAD_LAYOUT
350
D
  3
ACAD_MATERIAL
350
E
  3
ACAD_MLEADERSTYLE
350
F
  3
ACAD_MLINESTYLE
350
10
  3
ACAD_PLOTSETTINGS
350
11
  3
ACAD_PLOTSTYLENAME
350
12
  3
ACAD_SCALELIST
350
14
  3
ACAD_TABLESTYLE
350
15
  3
ACAD_VISUALSTYLE
350
16
  3
EZDXF_META
350
2D
  0
DICTIONARY
  5
B
330
A
100
AcDbDictionary
280
0
281
1
  0
DICTIONARY
  5
C
330
A
100
AcDbDictionary
280
0
281
1
  0
DICTIONARY
  5
D
330
A
100
AcDbDictionary
280
0
281
1
  3
Model
350
1A
  3
Layout1
350
1E
  0
DICTIONARY
  5
E
330
A
100
AcDbDictionary
280
0
281
1
  3
ByBlock
350
1F
  3
ByLayer
350
20
  3
Global
350
21
  0
DICTIONARY
  5
F
330
A
100
AcDbDictionary
280
0
281
1
  3
Standard
350
2C
  0
DICTIONARY
  5
10
330
A
100
AcDbDictionary
280
0
281
1
  3
Standard
350
22
  0
DICTIONARY
  5
11
330
A
100
AcDbDictionary
280
0
281
1
  0
ACDBDICTIONARYWDFLT
  5
12
330
A
100
AcDbDictionary
280
0
281
1
  3
Normal
350
13
100
AcDbDictionaryWithDefault
340
13
  0
ACDBPLACEHOLDER
  5
13
330
12
  0
DICTIONARY
  5
14
330
A
100
AcDbDictionary
280
0
281
1
  0
DICTIONARY
  5
15
330
A
100
AcDbDictionary
280
0
281
1
  0
DICTIONARY
  5
16
330
A
100
AcDbDictionary
280
0
281
1
  0
LAYOUT
  5
1A
330
D
100
AcDbPlotSettings
  1

  2
Adobe PDF
  4
A3
  6

 40
7.5
 41
20.0
 42
7.5
 43
20.0
 44
420.0
 45
297.0
 46
0.0
 47
0.0
 48
0.0
 49
0.0
140
0.0
141
0.0
142
1.0
143
1.0
 70
1024
 72
1
 73
0
 74
5
  7

 75
16
 76
0
 77
2
 78
300
147
1.0
148
0.0
149
0.0
100
AcDbLayout
  1
Model
 70
1
 71
0
 10
0.0
 20
0.0
 11
420.0
 21
297.0
 12
0.0
 22
0.0
 32
0.0
 14
1e+20
 24
1e+20
 34
1e+20
 15
-1e+20
 25
-1e+20
 35
-1e+20
146
0.0
 13
0.0
 23
0.0
 33
0.0
 16
1.0
 26
0.0
 36
0.0
 17
0.0
 27
1.0
 37
0.0
 76
1
330
17
  0
LAYOUT
  5
1E
330
D
100
AcDbPlotSettings
  1

  2
Adobe PDF
  4
A3
  6

 40
7.5
 41
20.0
 42
7.5
 43
20.0
 44
420.0
 45
297.0
 46
0.0
 47
0.0
 48
0.0
 49
0.0
140
0.0
141
0.0
142
1.0
143
1.0
 70
0
 72
1
 73
0
 74
5
  7

 75
16
 76
0
 77
2
 78
300
147
1.0
148
0.0
149
0.0
100
AcDbLayout
  1
Layout1
 70
1
 71
1
 10
0.0
 20
0.0
 11
420.0
 21
297.0
 12
0.0
 22
0.0
 32
0.0
 14
1e+20
 24
1e+20
 34
1e+20
 15
-1e+20
 25
-1e+20
 35
-1e+20
146
0.0
 13
0.0
 23
0.0
 33
0.0
 16
1.0
 26
0.0
 36
0.0
 17
0.0
 27
1.0
 37
0.0
 76
1
330
1B
  0
MATERIAL
  5
1F
102
{ACAD_REACTORS
330
E
102
}
330
E
100
AcDbMaterial
  1
ByBlock
  2

 70
0
 40
1.0
 71
1
 41
1.0
 91
-1023410177
 42
1.0
 72
1
  3

 73
1
 74
1
 75
1
 44
0.5
 73
0
 45
1.0
 46
1.0
 77
1
  4

 78
1
 79
1
170
1
 48
1.0
171
1
  6

172
1
173
1
174
1
140
1.0
141
1.0
175
1
  7

176
1
177
1
178
1
143
1.0
179
1
  8

270
1
271
1
272
1
145
1.0
146
1.0
273
1
  9

274
1
275
1
276
1
 42
1.0
 72
1
  3

 73
1
 74
1
 75
1
 94
63
  0
MATERIAL
  5
20
102
{ACAD_REACTORS
330
E
102
}
330
E
100
AcDbMaterial
  1
ByLayer
  2

 70
0
 40
1.0
 71
1
 41
1.0
 91
-1023410177
 42
1.0
 72
1
  3

 73
1
 74
1
 75
1
 44
0.5
 73
0
 45
1.0
 46
1.0
 77
1
  4

 78
1
 79
1
170
1
 48
1.0
171
1
  6

172
1
173
1
174
1
140
1.0
141
1.0
175
1
  7

176
1
177
1
178
1
143
1.0
179
1
  8

270
1
271
1
272
1
145
1.0
146
1.0
273
1
  9

274
1
275
1
276
1
 42
1.0
 72
1
  3

 73
1
 74
1
 75
1
 94
63
  0
MATERIAL
  5
21
102
{ACAD_REACTORS
330
E
102
}
330
E
100
AcDbMaterial
  1
Global
  2

 70
0
 40
1.0
 71
1
 41
1.0
 91
-1023410177
 42
1.0
 72
1
  3

 73
1
 74
1
 75
1
 44
0.5
 73
0
 45
1.0
 46
1.0
 77
1
  4

 78
1
 79
1
170
1
 48
1.0
171
1
  6

172
1
173
1
174
1
140
1.0
141
1.0
175
1
  7

176
1
177
1
178
1
143
1.0
179
1
  8

270
1
271
1
272
1
145
1.0
146
1.0
273
1
  9

274
1
275
1
276
1
 42
1.0
 72
1
  3

 73
1
 74
1
 75
1
 94
63
  0
MLINESTYLE
  5
22
102
{ACAD_REACTORS
330
10
102
}
330
10
100
AcDbMlineStyle
  2
Standard
 70
0
  3

 62
256
 51
90.0
 52
90.0
 71
2
 49
0.5
 62
256
  6
BYLAYER
 49
-0.5
 62
256
  6
BYLAYER
  0
MLEADERSTYLE
  5
2C
102
{ACAD_REACTORS
330
F
102
}
330
F
100
AcDbMLeaderStyle
179
2
170
2
171
1
172
0
 90
2
 40
0.0
 41
0.0
173
1
 91
-1056964608
 92
-2
290
1
 42
2.0
291
1
 43
8.0
  3
Standard
 44
4.0
300

342
29
174
1
175
1
176
0
178
1
 93
-1056964608
 45
4.0
292
0
297
0
 46
4.0
 94
-1056964608
 47
1.0
 49
1.0
140
1.0
294
1
141
0.0
177
0
142
1.0
295
0
296
0
143
3.75
271
0
272
9
273
9
  0
DICTIONARY
  5
2D
330
A
100
AcDbDictionary
281
1
  3
CREATED_BY_EZDXF
350
2E
  3
WRITTEN_BY_EZDXF
350
634
  0
DICTIONARYVAR
  5
2E
330
2D
100
DictionaryVariables
280
0
  1
1.2.0 @ 2026-10-03T10:27:46.197810+00:00
  0
DICTIONARYVAR
  5
634
330
2D
100
DictionaryVariables
280
0
  1
1.2.0 @ 2026-10-03T10:27:46.529942+00:00
  0
ENDSEC
  0
EOF
