  0
SECTION
  2
HEADER
  9
$ACADVER
  1
AC1032
  9
$ACADMAINTVER
 90
4
  9
$DWGCODEPAGE
  3
ANSI_1252
  9
$LASTSAVEDBY
  1
x9212
  9
$REQUIREDVERSIONS
160
0
  9
$INSBASE
 10
0.0
 20
0.0
 30
0.0
  9
$EXTMIN
 10
0.0
 20
0.0
 30
0.0
  9
$EXTMAX
 10
134763.7768901968
 20
68687.0366350282
 30
0.0
  9
$LIMMIN
 10
0.0
 20
0.0
  9
$LIMMAX
 10
12.0
 20
9.0
  9
$ORTHOMODE
 70
1
  9
$REGENMODE
 70
1
  9
$FILLMODE
 70
1
  9
$QTEXTMODE
 70
0
  9
$MIRRTEXT
 70
0
  9
$LTSCALE
 40
1.0
  9
$ATTMODE
 70
1
  9
$TEXTSIZE
 40
2.5
  9
$TRACEWID
 40
1.0
  9
$TEXTSTYLE
  7
Standard
  9
$CLAYER
  8
0
  9
$CELTYPE
  6
ByLayer
  9
$CECOLOR
 62
256
  9
$CELTSCALE
 40
1.0
  9
$DISPSILH
 70
0
  9
$DIMSCALE
 40
1.0
  9
$DIMASZ
 40
2.5
  9
$DIMEXO
 40
0.625
  9
$DIMDLI
 40
3.75
  9
$DIMRND
 40
0.0
  9
$DIMDLE
 40
0.0
  9
$DIMEXE
 40
1.25
  9
$DIMTP
 40
0.0
  9
$DIMTM
 40
0.0
  9
$DIMTXT
 40
2.5
  9
$DIMCEN
 40
2.5
  9
$DIMTSZ
 40
0.0
  9
$DIMTOL
 70
0
  9
$DIMLIM
 70
0
  9
$DIMTIH
 70
0
  9
$DIMTOH
 70
0
  9
$DIMSE1
 70
0
  9
$DIMSE2
 70
0
  9
$DIMTAD
 70
1
  9
$DIMZIN
 70
8
  9
$DIMBLK
  1

  9
$DIMASO
 70
1
  9
$DIMSHO
 70
1
  9
$DIMPOST
  1

  9
$DIMAPOST
  1

  9
$DIMALT
 70
0
  9
$DIMALTD
 70
3
  9
$DIMALTF
 40
0.03937007874016
  9
$DIMLFAC
 40
1.0
  9
$DIMTOFL
 70
1
  9
$DIMTVP
 40
0.0
  9
$DIMTIX
 70
0
  9
$DIMSOXD
 70
0
  9
$DIMSAH
 70
0
  9
$DIMBLK1
  1

  9
$DIMBLK2
  1

  9
$DIMSTYLE
  2
ISO-25
  9
$DIMCLRD
 70
0
  9
$DIMCLRE
 70
0
  9
$DIMCLRT
 70
0
  9
$DIMTFAC
 40
1.0
  9
$DIMGAP
 40
0.625
  9
$DIMJUST
 70
0
  9
$DIMSD1
 70
0
  9
$DIMSD2
 70
0
  9
$DIMTOLJ
 70
0
  9
$DIMTZIN
 70
8
  9
$DIMALTZ
 70
0
  9
$DIMALTTZ
 70
0
  9
$DIMUPT
 70
0
  9
$DIMDEC
 70
2
  9
$DIMTDEC
 70
2
  9
$DIMALTU
 70
2
  9
$DIMALTTD
 70
3
  9
$DIMTXSTY
  7
Standard
  9
$DIMAUNIT
 70
0
  9
$DIMADEC
 70
0
  9
$DIMALTRND
 40
0.0
  9
$DIMAZIN
 70
0
  9
$DIMDSEP
 70
44
  9
$DIMATFIT
 70
3
  9
$DIMFRAC
 70
0
  9
$DIMLDRBLK
  1

  9
$DIMLUNIT
 70
2
  9
$DIMLWD
 70
-2
  9
$DIMLWE
 70
-2
  9
$DIMTMOVE
 70
0
  9
$DIMFXL
 40
1.0
  9
$DIMFXLON
 70
0
  9
$DIMJOGANG
 40
0.7853981633974483
  9
$DIMTFILL
 70
0
  9
$DIMTFILLCLR
 70
0
  9
$DIMARCSYM
 70
0
  9
$DIMLTYPE
  6

  9
$DIMLTEX1
  6

  9
$DIMLTEX2
  6

  9
$DIMTXTDIRECTION
 70
0
  9
$LUNITS
 70
2
  9
$LUPREC
 70
4
  9
$SKETCHINC
 40
1.0
  9
$FILLETRAD
 40
280.0
  9
$AUNITS
 70
0
  9
$AUPREC
 70
0
  9
$MENU
  1
.
  9
$ELEVATION
 40
0.0
  9
$PELEVATION
 40
0.0
  9
$THICKNESS
 40
0.0
  9
$LIMCHECK
 70
0
  9
$CHAMFERA
 40
0.0
  9
$CHAMFERB
 40
0.0
  9
$CHAMFERC
 40
0.0
  9
$CHAMFERD
 40
0.0
  9
$SKPOLY
 70
0
  9
$TDCREATE
 40
2461315.498726852
  9
$TDUCREATE
 40
2461313.502044225
  9
$TDUPDATE
 40
2461315.498726852
  9
$TDUUPDATE
 40
2461314.627807709
  9
$TDINDWG
 40
0.0785920255
  9
$TDUSRTIMER
 40
0.0785919444
  9
$USRTIMER
 70
1
  9
$ANGBASE
 50
0.0
  9
$ANGDIR
 70
0
  9
$PDMODE
 70
0
  9
$PDSIZE
 40
0.0
  9
$PLINEWID
 40
0.0
  9
$SPLFRAME
 70
0
  9
$SPLINETYPE
 70
6
  9
$SPLINESEGS
 70
8
  9
$HANDSEED
  5
3C39
  9
$SURFTAB1
 70
6
  9
$SURFTAB2
 70
6
  9
$SURFTYPE
 70
6
  9
$SURFU
 70
6
  9
$SURFV
 70
6
  9
$UCSBASE
  2

  9
$UCSNAME
  2

  9
$UCSORG
 10
0.0
 20
0.0
 30
0.0
  9
$UCSXDIR
 10
1.0
 20
0.0
 30
0.0
  9
$UCSYDIR
 10
0.0
 20
1.0
 30
0.0
  9
$UCSORTHOREF
  2

  9
$UCSORTHOVIEW
 70
0
  9
$UCSORGTOP
 10
0.0
 20
0.0
 30
0.0
  9
$UCSORGBOTTOM
 10
0.0
 20
0.0
 30
0.0
  9
$UCSORGLEFT
 10
0.0
 20
0.0
 30
0.0
  9
$UCSORGRIGHT
 10
0.0
 20
0.0
 30
0.0
  9
$UCSORGFRONT
 10
0.0
 20
0.0
 30
0.0
  9
$UCSORGBACK
 10
0.0
 20
0.0
 30
0.0
  9
$PUCSBASE
  2

  9
$PUCSNAME
  2

  9
$PUCSORG
 10
0.0
 20
0.0
 30
0.0
  9
$PUCSXDIR
 10
1.0
 20
0.0
 30
0.0
  9
$PUCSYDIR
 10
0.0
 20
1.0
 30
0.0
  9
$PUCSORTHOREF
  2

  9
$PUCSORTHOVIEW
 70
0
  9
$PUCSORGTOP
 10
0.0
 20
0.0
 30
0.0
  9
$PUCSORGBOTTOM
 10
0.0
 20
0.0
 30
0.0
  9
$PUCSORGLEFT
 10
0.0
 20
0.0
 30
0.0
  9
$PUCSORGRIGHT
 10
0.0
 20
0.0
 30
0.0
  9
$PUCSORGFRONT
 10
0.0
 20
0.0
 30
0.0
  9
$PUCSORGBACK
 10
0.0
 20
0.0
 30
0.0
  9
$USERI1
 70
0
  9
$USERI2
 70
0
  9
$USERI3
 70
0
  9
$USERI4
 70
0
  9
$USERI5
 70
0
  9
$USERR1
 40
0.0
  9
$USERR2
 40
0.0
  9
$USERR3
 40
0.0
  9
$USERR4
 40
0.0
  9
$USERR5
 40
0.0
  9
$WORLDVIEW
 70
1
  9
$SHADEDGE
 70
3
  9
$SHADEDIF
 70
70
  9
$TILEMODE
 70
1
  9
$MAXACTVP
 70
64
  9
$PINSBASE
 10
0.0
 20
0.0
 30
0.0
  9
$PLIMCHECK
 70
0
  9
$PEXTMIN
 10
0.0
 20
0.0
 30
0.0
  9
$PEXTMAX
 10
0.0
 20
0.0
 30
0.0
  9
$PLIMMIN
 10
0.0
 20
0.0
  9
$PLIMMAX
 10
12.0
 20
9.0
  9
$UNITMODE
 70
0
  9
$VISRETAIN
 70
1
  9
$PLINEGEN
 70
0
  9
$PSLTSCALE
 70
1
  9
$TREEDEPTH
 70
3020
  9
$CMLSTYLE
  2
Standard
  9
$CMLJUST
 70
0
  9
$CMLSCALE
 40
20.0
  9
$PROXYGRAPHICS
 70
1
  9
$MEASUREMENT
 70
1
  9
$CELWEIGHT
370
-1
  9
$ENDCAPS
280
0
  9
$JOINSTYLE
280
0
  9
$LWDISPLAY
290
0
  9
$INSUNITS
 70
4
  9
$HYPERLINKBASE
  1

  9
$STYLESHEET
  1

  9
$XEDIT
290
1
  9
$CEPSNTYPE
380
0
  9
$PSTYLEMODE
290
0
  9
$FINGERPRINTGUID
  2
{D36A17C0-B4E2-4527-8874-81943F1C34AC}
  9
$VERSIONGUID
  2
{D32B059E-29A2-4B1F-8AB6-07AEEDF28AA3}
  9
$EXTNAMES
290
1
  9
$PSVPSCALE
 40
0.0
  9
$OLESTARTUP
290
0
  9
$SORTENTS
280
127
  9
$INDEXCTL
280
0
  9
$HIDETEXT
280
1
  9
$XCLIPFRAME
280
2
  9
$HALOGAP
280
0
  9
$OBSCOLOR
 70
257
  9
$OBSLTYPE
280
0
  9
$INTERSECTIONDISPLAY
280
0
  9
$INTERSECTIONCOLOR
 70
257
  9
$DIMASSOC
280
2
  9
$PROJECTNAME
  1

  9
$CAMERADISPLAY
290
0
  9
$LENSLENGTH
 40
50.0
  9
$CAMERAHEIGHT
 40
0.0
  9
$STEPSPERSEC
 40
2.0
  9
$STEPSIZE
 40
6.0
  9
$3DDWFPREC
 40
2.0
  9
$PSOLWIDTH
 40
5.0
  9
$PSOLHEIGHT
 40
80.0
  9
$LOFTANG1
 40
1.570796326794897
  9
$LOFTANG2
 40
1.570796326794897
  9
$LOFTMAG1
 40
0.0
  9
$LOFTMAG2
 40
0.0
  9
$LOFTPARAM
 70
7
  9
$LOFTNORMALS
280
1
  9
$LATITUDE
 40
37.795
  9
$LONGITUDE
 40
-122.394
  9
$NORTHDIRECTION
 40
0.0
  9
$TIMEZONE
 70
-8000
  9
$LIGHTGLYPHDISPLAY
280
1
  9
$TILEMODELIGHTSYNCH
280
1
  9
$CMATERIAL
347
EC
  9
$SOLIDHIST
280
0
  9
$SHOWHIST
280
1
  9
$DWFFRAME
280
2
  9
$DGNFRAME
280
0
  9
$REALWORLDSCALE
290
1
  9
$INTERFERECOLOR
 62
1
  9
$INTERFEREOBJVS
345
F9
  9
$INTERFEREVPVS
346
F6
  9
$CSHADOW
280
0
  9
$SHADOWPLANELOCATION
 40
0.0
  0
ENDSEC
  0
SECTION
  2
CLASSES
  0
CLASS
  1
ACDBDICTIONARYWDFLT
  2
AcDbDictionaryWithDefault
  3
ObjectDBX Classes
 90
0
 91
1
280
0
281
0
  0
CLASS
  1
ACDBPLACEHOLDER
  2
AcDbPlaceHolder
  3
ObjectDBX Classes
 90
0
 91
1
280
0
281
0
  0
CLASS
  1
LAYOUT
  2
AcDbLayout
  3
ObjectDBX Classes
 90
0
 91
1
280
0
281
0
  0
CLASS
  1
DICTIONARYVAR
  2
AcDbDictionaryVar
  3
ObjectDBX Classes
 90
0
 91
1
280
0
281
0
  0
CLASS
  1
TABLESTYLE
  2
AcDbTableStyle
  3
ObjectDBX Classes
 90
4095
 91
1
280
0
281
0
  0
CLASS
  1
MATERIAL
  2
AcDbMaterial
  3
ObjectDBX Classes
 90
1153
 91
1
280
0
281
0
  0
CLASS
  1
VISUALSTYLE
  2
AcDbVisualStyle
  3
ObjectDBX Classes
 90
4095
 91
1
280
0
281
0
  0
CLASS
  1
SCALE
  2
AcDbScale
  3
ObjectDBX Classes
 90
1153
 91
1
280
0
281
0
  0
CLASS
  1
MLEADERSTYLE
  2
AcDbMLeaderStyle
  3
ACDB_MLEADERSTYLE_CLASS
 90
4095
 91
1
280
0
281
0
  0
CLASS
  1
CELLSTYLEMAP
  2
AcDbCellStyleMap
  3
ObjectDBX Classes
 90
1152
 91
1
280
0
281
0
  0
CLASS
  1
LAYER_INDEX
  2
AcDbLayerIndex
  3
ObjectDBX Classes
 90
0
 91
1
280
0
281
0
  0
CLASS
  1
SPATIAL_INDEX
  2
AcDbSpatialIndex
  3
AutoCAD 2000
 90
0
 91
1
280
0
281
0
  0
CLASS
  1
IDBUFFER
  2
AcDbIdBuffer
  3
ObjectDBX Classes
 90
0
 91
1
280
0
281
0
  0
CLASS
  1
ACDBSECTIONVIEWSTYLE
  2
AcDbSectionViewStyle
  3
ObjectDBX Classes
 90
1025
 91
1
280
0
281
0
  0
CLASS
  1
ACDBDETAILVIEWSTYLE
  2
AcDbDetailViewStyle
  3
ObjectDBX Classes
 90
1025
 91
1
280
0
281
0
  0
CLASS
  1
SUN
  2
AcDbSun
  3
SCENEOE
 90
1153
 91
1
280
0
281
0
  0
CLASS
  1
SORTENTSTABLE
  2
AcDbSortentsTable
  3
ObjectDBX Classes
 90
0
 91
1
280
0
281
0
  0
CLASS
  1
GCDBBLOCKCONSTRAINTCOLORDATA
  2
GcDbBlockConstraintColorData
  3
ACRX_T("ObjectDBX Classes")
 90
3071
 91
1
280
0
281
0
  0
CLASS
  1
MENTALRAYRENDERSETTINGS
  2
AcDbMentalRayRenderSettings
  3
SCENEOE
 90
1024
 91
0
280
0
281
0
  0
CLASS
  1
RASTERVARIABLES
  2
AcDbRasterVariables
  3
ISM
 90
0
 91
0
280
0
281
0
  0
ENDSEC
  0
SECTION
  2
TABLES
  0
TABLE
  2
VPORT
  5
8
330
0
100
AcDbSymbolTable
 70
1
  0
VPORT
  5
EA
330
8
100
AcDbSymbolTableRecord
100
AcDbViewportTableRecord
  2
*Active
 70
0
 10
0.0
 20
0.0
 11
1.0
 21
1.0
 12
80395.57983009395
 22
26849.73850945807
 13
0.0
 23
0.0
 14
10.0
 24
10.0
 15
10.0
 25
10.0
 16
0.0
 26
0.0
 36
1.0
 17
0.0
 27
0.0
 37
0.0
 40
69352.28638451999
 41
2.302158273381295
 42
50.0
 43
0.0
 44
0.0
 50
0.0
 51
0.0
 71
0
 72
1000
 73
1
 74
3
 75
0
 76
1
 77
0
 78
0
281
0
 65
1
110
0.0
120
0.0
130
0.0
111
1.0
121
0.0
131
0.0
112
0.0
122
1.0
132
0.0
 79
0
146
0.0
 60
3
 61
5
348
F5
292
1
282
1
141
0.0
142
0.0
 63
250
421
3355443
1001
ACAD_NAV_VCDISPLAY
1070
3
  0
ENDTAB
  0
TABLE
  2
LTYPE
  5
5
330
0
100
AcDbSymbolTable
 70
3
  0
LTYPE
  5
14
330
5
100
AcDbSymbolTableRecord
100
AcDbLinetypeTableRecord
  2
ByBlock
 70
0
  3

 72
65
 73
0
 40
0.0
  0
LTYPE
  5
15
330
5
100
AcDbSymbolTableRecord
100
AcDbLinetypeTableRecord
  2
ByLayer
 70
0
  3

 72
65
 73
0
 40
0.0
  0
LTYPE
  5
16
330
5
100
AcDbSymbolTableRecord
100
AcDbLinetypeTableRecord
  2
Continuous
 70
0
  3
Solid line
 72
65
 73
0
 40
0.0
  0
ENDTAB
  0
TABLE
  2
LAYER
  5
2
102
{ACAD_XDICTIONARY
360
1FF
102
}
330
0
100
AcDbSymbolTable
 70
6
  0
LAYER
  5
10
330
2
100
AcDbSymbolTableRecord
100
AcDbLayerTableRecord
  2
0
 70
0
 62
7
  6
Continuous
370
-3
390
F
347
EE
348
0
  0
LAYER
  5
284
330
2
100
AcDbSymbolTableRecord
100
AcDbLayerTableRecord
  2
IE-EQUIP
 70
0
 62
253
  6
Continuous
370
25
390
F
347
EE
348
0
1001
AcAecLayerStandard
1000

1000
DXF / DWG import
  0
LAYER
  5
287
330
2
100
AcDbSymbolTableRecord
100
AcDbLayerTableRecord
  2
ASHADE
 70
0
 62
7
  6
Continuous
370
25
390
F
347
EE
348
0
1001
AcAecLayerStandard
1000

1000
DXF / DWG import
  0
LAYER
  5
288
330
2
100
AcDbSymbolTableRecord
100
AcDbLayerTableRecord
  2
power
 70
0
 62
7
  6
Continuous
370
25
390
F
347
EE
348
0
1001
AcAecLayerStandard
1000

1000
DXF / DWG import
  0
LAYER
  5
289
330
2
100
AcDbSymbolTableRecord
100
AcDbLayerTableRecord
  2
IE-WIRE
 70
0
 62
7
  6
Continuous
370
25
390
F
347
EE
348
0
1001
AcAecLayerStandard
1000

1000
DXF / DWG import
  0
LAYER
  5
3A45
330
2
100
AcDbSymbolTableRecord
100
AcDbLayerTableRecord
  2
Defpoints
 70
0
 62
7
  6
Continuous
290
0
370
-3
390
F
347
EE
  0
ENDTAB
  0
TABLE
  2
STYLE
  5
3
330
0
100
AcDbSymbolTable
 70
4
  0
STYLE
  5
11
330
3
100
AcDbSymbolTableRecord
100
AcDbTextStyleTableRecord
  2
Standard
 70
0
 40
0.0
 41
1.0
 50
0.0
 71
0
 42
2.5
  3
arial.ttf
  4

1001
ACAD
1000
Arial
1071
34
  0
STYLE
  5
132
330
3
100
AcDbSymbolTableRecord
100
AcDbTextStyleTableRecord
  2
Annotative
 70
0
 40
0.0
 41
1.0
 50
0.0
 71
0
 42
2.5
  3
arial.ttf
  4

1001
AcadAnnotative
1000
AnnotativeData
1002
{
1070
1
1070
1
1002
}
1001
ACAD
1000
Arial
1071
34
  0
STYLE
  5
28C
330
3
100
AcDbSymbolTableRecord
100
AcDbTextStyleTableRecord
  2
Tahoma
 70
0
 40
0.0
 41
1.0
 50
0.0
 71
0
 42
2.5
  3

  4

1001
ACAD
1000
Tahoma
1071
256
  0
STYLE
  5
EB3
330
3
100
AcDbSymbolTableRecord
100
AcDbTextStyleTableRecord
  2
ISO3098B
 70
0
 40
0.0
 41
1.0
 50
0.0
 71
0
 42
2.5
  3
ISO3098B.shx
  4

  0
ENDTAB
  0
TABLE
  2
VIEW
  5
6
330
0
100
AcDbSymbolTable
 70
0
  0
ENDTAB
  0
TABLE
  2
UCS
  5
7
330
0
100
AcDbSymbolTable
 70
0
  0
ENDTAB
  0
TABLE
  2
APPID
  5
9
330
0
100
AcDbSymbolTable
 70
13
  0
APPID
  5
12
330
9
100
AcDbSymbolTableRecord
100
AcDbRegAppTableRecord
  2
ACAD
 70
0
  0
APPID
  5
9E
330
9
100
AcDbSymbolTableRecord
100
AcDbRegAppTableRecord
  2
ACAD_PSEXT
 70
0
  0
APPID
  5
133
330
9
100
AcDbSymbolTableRecord
100
AcDbRegAppTableRecord
  2
AcadAnnoPO
 70
0
  0
APPID
  5
134
330
9
100
AcDbSymbolTableRecord
100
AcDbRegAppTableRecord
  2
AcadAnnotative
 70
0
  0
APPID
  5
135
330
9
100
AcDbSymbolTableRecord
100
AcDbRegAppTableRecord
  2
ACAD_DSTYLE_DIMJAG
 70
0
  0
APPID
  5
136
330
9
100
AcDbSymbolTableRecord
100
AcDbRegAppTableRecord
  2
ACAD_DSTYLE_DIMTALN
 70
0
  0
APPID
  5
165
330
9
100
AcDbSymbolTableRecord
100
AcDbRegAppTableRecord
  2
ACAD_MLEADERVER
 70
0
  0
APPID
  5
217
330
9
100
AcDbSymbolTableRecord
100
AcDbRegAppTableRecord
  2
ACAD_NAV_VCDISPLAY
 70
0
  0
APPID
  5
286
330
9
100
AcDbSymbolTableRecord
100
AcDbRegAppTableRecord
  2
AcAecLayerStandard
 70
0
  0
APPID
  5
1410
330
9
100
AcDbSymbolTableRecord
100
AcDbRegAppTableRecord
  2
AcDbBlockRepETag
 70
0
  0
APPID
  5
1411
330
9
100
AcDbSymbolTableRecord
100
AcDbRegAppTableRecord
  2
AcDbDynamicBlockGUID
 70
0
  0
APPID
  5
3A96
330
9
100
AcDbSymbolTableRecord
100
AcDbRegAppTableRecord
  2
HATCHBACKGROUNDCOLOR
 70
0
  0
APPID
  5
3A97
330
9
100
AcDbSymbolTableRecord
100
AcDbRegAppTableRecord
  2
EZDXF
 70
0
  0
ENDTAB
  0
TABLE
  2
DIMSTYLE
  5
A
330
0
100
AcDbSymbolTable
 70
3
100
AcDbDimStyleTable
  0
DIMSTYLE
105
1B0
330
A
100
AcDbSymbolTableRecord
100
AcDbDimStyleTableRecord
  2
Standard
 70
0
 40
1.0
 41
2.5
 42
0.625
 43
3.75
 44
1.25
 45
0.0
 46
0.0
 47
0.0
 48
0.0
 49
2.5
140
2.5
141
2.5
142
0.0
143
0.03937007874
144
1.0
145
0.0
146
1.0
147
0.625
148
0.0
 69
0
 70
0
 71
0
 72
0
 73
0
 74
0
 75
0
 76
0
 77
1
 78
8
 79
3
170
0
171
3
172
1
173
0
174
0
175
0
176
0
177
0
178
0
179
2
271
2
272
2
273
2
274
3
275
0
276
0
277
2
278
44
279
0
280
0
281
0
282
0
283
0
284
8
285
0
286
0
288
0
289
3
290
0
340
11
371
-2
372
-2
  0
DIMSTYLE
105
137
330
A
100
AcDbSymbolTableRecord
100
AcDbDimStyleTableRecord
  2
Annotative
 70
0
 40
0.0
 41
2.5
 42
0.625
 43
3.75
 44
1.25
 45
0.0
 46
0.0
 47
0.0
 48
0.0
 49
2.5
140
2.5
141
2.5
142
0.0
143
0.03937007874016
144
1.0
145
0.0
146
1.0
147
0.625
148
0.0
 69
0
 70
0
 71
0
 72
0
 73
0
 74
0
 75
0
 76
0
 77
1
 78
8
 79
3
170
0
171
3
172
1
173
0
174
0
175
0
176
0
177
0
178
0
179
2
271
2
272
2
273
2
274
3
275
0
276
0
277
2
278
44
279
0
280
0
281
0
282
0
283
0
284
8
285
0
286
0
288
0
289
3
290
0
340
11
371
-2
372
-2
1001
AcadAnnotative
1000
AnnotativeData
1002
{
1070
1
1070
1
1002
}
1001
ACAD_DSTYLE_DIMJAG
1070
388
1040
1.5
1001
ACAD_DSTYLE_DIMTALN
1070
392
1070
0
  0
DIMSTYLE
105
27
330
A
100
AcDbSymbolTableRecord
100
AcDbDimStyleTableRecord
  2
ISO-25
 70
0
 40
1.0
 41
2.5
 42
0.625
 43
3.75
 44
1.25
 45
0.0
 46
0.0
 47
0.0
 48
0.0
 49
2.5
140
2.5
141
2.5
142
0.0
143
0.03937007874016
144
1.0
145
0.0
146
1.0
147
0.625
148
0.0
 69
0
 70
0
 71
0
 72
0
 73
0
 74
0
 75
0
 76
0
 77
1
 78
8
 79
3
170
0
171
3
172
1
173
0
174
0
175
0
176
0
177
0
178
0
179
2
271
2
272
2
273
2
274
3
275
0
276
0
277
2
278
44
279
0
280
0
281
0
282
0
283
0
284
8
285
0
286
0
288
0
289
3
290
0
340
11
371
-2
372
-2
  0
ENDTAB
  0
TABLE
  2
BLOCK_RECORD
  5
1
330
0
100
AcDbSymbolTable
 70
17
  0
BLOCK_RECORD
  5
1F
102
{ACAD_XDICTIONARY
360
E57
102
}
330
1
100
AcDbSymbolTableRecord
100
AcDbBlockTableRecord
  2
*Model_Space
340
22
 70
0
280
1
281
0
  0
BLOCK_RECORD
  5
D2
330
1
100
AcDbSymbolTableRecord
100
AcDbBlockTableRecord
  2
*Paper_Space
340
D3
 70
0
280
1
281
0
  0
BLOCK_RECORD
  5
D6
330
1
100
AcDbSymbolTableRecord
100
AcDbBlockTableRecord
  2
*Paper_Space0
340
D7
 70
0
280
1
281
0
  0
BLOCK_RECORD
  5
10DE
102
{ACAD_XDICTIONARY
360
110B
102
}
330
1
100
AcDbSymbolTableRecord
100
AcDbBlockTableRecord
  2
G$CAAE4D061
340
0
 70
0
280
1
281
0
  0
BLOCK_RECORD
  5
112E
102
{ACAD_XDICTIONARY
360
1157
102
}
330
1
100
AcDbSymbolTableRecord
100
AcDbBlockTableRecord
  2
G$CF92A4877
340
0
 70
0
280
1
281
0
  0
BLOCK_RECORD
  5
11BE
330
1
100
AcDbSymbolTableRecord
100
AcDbBlockTableRecord
  2
Term_Group3
340
0
 70
4
280
1
281
0
1001
AcadAnnotative
1000
AnnotativeData
1002
{
1070
1
1070
0
1002
}
1001
AcDbDynamicBlockGUID
1000
{bcb722c2-ea26-4de1-9a26-40d8828ae25f}
  0
BLOCK_RECORD
  5
1638
102
{ACAD_XDICTIONARY
360
1663
102
}
330
1
100
AcDbSymbolTableRecord
100
AcDbBlockTableRecord
  2
G$C6ABE09C5
340
0
 70
0
280
1
281
0
  0
BLOCK_RECORD
  5
1D30
330
1
100
AcDbSymbolTableRecord
100
AcDbBlockTableRecord
  2
xTermFuse
340
0
 70
4
280
1
281
0
1001
AcadAnnotative
1000
AnnotativeData
1002
{
1070
1
1070
0
1002
}
  0
BLOCK_RECORD
  5
1F23
102
{ACAD_XDICTIONARY
360
1F4F
102
}
330
1
100
AcDbSymbolTableRecord
100
AcDbBlockTableRecord
  2
G$C8D9909E9
340
0
 70
0
280
1
281
0
  0
BLOCK_RECORD
  5
1FD5
330
1
100
AcDbSymbolTableRecord
100
AcDbBlockTableRecord
  2
xTermSingleLayer
340
0
 70
4
280
1
281
0
1001
AcadAnnotative
1000
AnnotativeData
1002
{
1070
1
1070
0
1002
}
  0
BLOCK_RECORD
  5
261E
102
{ACAD_XDICTIONARY
360
2648
102
}
330
1
100
AcDbSymbolTableRecord
100
AcDbBlockTableRecord
  2
G$CD4232043
340
0
 70
0
280
1
281
0
  0
BLOCK_RECORD
  5
2BB5
102
{ACAD_XDICTIONARY
360
2BDE
102
}
330
1
100
AcDbSymbolTableRecord
100
AcDbBlockTableRecord
  2
G$CEFBA2A6C
340
0
 70
0
280
1
281
0
  0
BLOCK_RECORD
  5
2FD5
102
{ACAD_XDICTIONARY
360
2FFE
102
}
330
1
100
AcDbSymbolTableRecord
100
AcDbBlockTableRecord
  2
G$C5F48DCE1
340
0
 70
0
280
1
281
0
  0
BLOCK_RECORD
  5
3006
330
1
100
AcDbSymbolTableRecord
100
AcDbBlockTableRecord
  2
xDI_3_Term
340
0
 70
4
280
1
281
0
1001
AcadAnnotative
1000
AnnotativeData
1002
{
1070
1
1070
0
1002
}
  0
BLOCK_RECORD
  5
381E
102
{ACAD_XDICTIONARY
360
3847
102
}
330
1
100
AcDbSymbolTableRecord
100
AcDbBlockTableRecord
  2
G$C061C18BD
340
0
 70
0
280
1
281
0
  0
BLOCK_RECORD
  5
3A66
330
1
100
AcDbSymbolTableRecord
100
AcDbBlockTableRecord
  2
xRelay_SPDT_24V
340
0
 70
0
280
1
281
0
  0
BLOCK_RECORD
  5
3A89
330
1
100
AcDbSymbolTableRecord
100
AcDbBlockTableRecord
  2
xDO_3_Term
340
0
 70
0
280
1
281
0
  0
ENDTAB
  0
ENDSEC
  0
SECTION
  2
BLOCKS
  0
BLOCK
  5
20
330
1F
100
AcDbEntity
  8
0
100
AcDbBlockBegin
  2
*Model_Space
 70
0
 10
0.0
 20
0.0
 30
0.0
  3
*Model_Space
  1

  0
ENDBLK
  5
21
330
1F
100
AcDbEntity
  8
0
100
AcDbBlockEnd
  0
BLOCK
  5
D4
330
D2
100
AcDbEntity
 67
1
  8
0
100
AcDbBlockBegin
  2
*Paper_Space
 70
0
 10
0.0
 20
0.0
 30
0.0
  3
*Paper_Space
  1

  0
ENDBLK
  5
D5
330
D2
100
AcDbEntity
 67
1
  8
0
100
AcDbBlockEnd
  0
BLOCK
  5
D8
330
D6
100
AcDbEntity
  8
0
100
AcDbBlockBegin
  2
*Paper_Space0
 70
0
 10
0.0
 20
0.0
 30
0.0
  3
*Paper_Space0
  1

  0
ENDBLK
  5
D9
330
D6
100
AcDbEntity
  8
0
100
AcDbBlockEnd
  0
BLOCK
  5
112B
330
10DE
100
AcDbEntity
  8
0
100
AcDbBlockBegin
  2
G$CAAE4D061
 70
0
 10
0.0
 20
0.0
 30
0.0
  3
G$CAAE4D061
  1

  0
TEXT
  5
110D
330
10DE
100
AcDbEntity
  8
power
 62
7
100
AcDbText
 10
795.9927017484421
 20
-504.7928093106195
 30
0.0
 40
305.325007332
  1
1A
  7
Tahoma
 72
1
 11
1036.520729686949
 21
-352.1303056446195
 31
0.0
100
AcDbText
 73
2
  0
LWPOLYLINE
  5
110E
330
10DE
100
AcDbEntity
  8
0
 62
7
 48
25.39999961853027
100
AcDbPolyline
 90
4
 70
1
 10
631.5657801087946
 20
-631.4885890372097
 10
3974.255890084314
 20
-631.4885890372097
 10
3974.255890084314
 20
0.0
 10
631.5657801087946
 20
0.0
  0
LWPOLYLINE
  5
110F
330
10DE
100
AcDbEntity
  8
0
 62
7
 48
25.39999961853027
100
AcDbPolyline
 90
4
 70
1
 10
3974.255890084314
 20
-631.4885890372097
 10
4605.8216701895
 20
-631.4885890372097
 10
4605.8216701895
 20
0.0
 10
3974.255890084314
 20
0.0
  0
LINE
  5
1110
330
10DE
100
AcDbEntity
  8
0
 62
7
 48
25.39999961853027
100
AcDbLine
 10
4172.529913753155
 20
-198.2497902754694
 30
0.0
 11
4407.547646516818
 21
-433.2387987617403
 31
0.0
  0
CIRCLE
  5
1111
330
10DE
100
AcDbEntity
  8
0
 62
7
 48
25.39999961853027
100
AcDbCircle
 10
4290.038780135918
 20
-315.7442945185976
 30
0.0
 40
166.1724772807211
  0
LINE
  5
1112
330
10DE
100
AcDbEntity
  8
0
 62
7
 48
25.39999961853027
100
AcDbLine
 10
4407.547646514955
 20
-198.2497902754694
 30
0.0
 11
4172.529913753155
 21
-433.2387987617403
 31
0.0
  0
LWPOLYLINE
  5
1113
330
10DE
100
AcDbEntity
  8
0
 62
7
 48
25.39999961853027
100
AcDbPolyline
 90
4
 70
1
 10
0.0
 20
-631.4885890372097
 10
631.5657801068155
 20
-631.4885890372097
 10
631.5657801068155
 20
0.0
 10
0.0
 20
0.0
  0
LINE
  5
1114
330
10DE
100
AcDbEntity
  8
0
 62
7
 48
25.39999961853027
100
AcDbLine
 10
433.291756437975
 20
-198.2497902754694
 30
0.0
 11
198.2740236724494
 21
-433.2387987617403
 31
0.0
  0
CIRCLE
  5
1115
330
10DE
100
AcDbEntity
  8
0
 62
7
 48
25.39999961853027
100
AcDbCircle
 10
315.7828900552122
 20
-315.7442945185976
 30
0.0
 40
166.1724772807211
  0
LINE
  5
1116
330
10DE
100
AcDbEntity
  8
0
 62
7
 48
25.39999961853027
100
AcDbLine
 10
198.2740236761747
 20
-198.2497902754694
 30
0.0
 11
433.291756437975
 21
-433.2387987617403
 31
0.0
  0
TEXT
  5
1117
330
10DE
100
AcDbEntity
  8
power
 62
7
100
AcDbText
 10
798.1457659372663
 20
-1115.60790308881
 30
0.0
 40
305.325007332
  1
1B
  7
Tahoma
 72
1
 11
1036.520729687065
 21
-962.9453994228097
 31
0.0
100
AcDbText
 73
2
  0
CIRCLE
  5
1118
330
10DE
100
AcDbEntity
  8
power
 62
1
 48
25.39999961853027
100
AcDbCircle
 10
2840.596243429929
 20
-937.4275069405267
 30
0.0
 40
96.67549893448272
  0
ARC
  5
1119
330
10DE
100
AcDbEntity
  8
power
 62
1
 48
25.39999961853027
100
AcDbCircle
 10
2693.314255863428
 20
-1023.482242137223
 30
0.0
 40
234.6962341568187
100
AcDbArc
 50
51.130916007439
 51
171.3253832686638
  0
CIRCLE
  5
111A
330
10DE
100
AcDbEntity
  8
power
 62
1
 48
25.39999961853027
100
AcDbCircle
 10
2030.75686246343
 20
-937.4275069405267
 30
0.0
 40
96.67549893448272
  0
ARC
  5
111B
330
10DE
100
AcDbEntity
  8
power
 62
1
 48
25.39999961853027
100
AcDbCircle
 10
2237.626702897251
 20
-932.4746536371167
 30
0.0
 40
230.4852551964078
100
AcDbArc
 50
206.1633692001472
 51
346.0382736866481
  0
LWPOLYLINE
  5
111C
330
10DE
100
AcDbEntity
  8
0
 62
1
 48
25.39999961853027
100
AcDbPolyline
 90
4
 70
1
 10
631.5657801087946
 20
-1262.977178074543
 10
3974.255890082568
 20
-1262.977178074543
 10
3974.255890082568
 20
-631.4885890372097
 10
631.5657801087946
 20
-631.4885890372097
  0
LWPOLYLINE
  5
111D
330
10DE
100
AcDbEntity
  8
0
 62
1
 48
25.39999961853027
100
AcDbPolyline
 90
4
 70
1
 10
3974.255890082568
 20
-1262.977178074543
 10
4605.8216701895
 20
-1262.977178074543
 10
4605.8216701895
 20
-631.4885890372097
 10
3974.255890082568
 20
-631.4885890372097
  0
CIRCLE
  5
111E
330
10DE
100
AcDbEntity
  8
0
 62
1
 48
25.39999961853027
100
AcDbCircle
 10
4290.038780134171
 20
-947.232883555931
 30
0.0
 40
166.1724772807211
  0
LWPOLYLINE
  5
111F
330
10DE
100
AcDbEntity
  8
0
 62
1
 48
25.39999961853027
100
AcDbPolyline
 90
4
 70
1
 10
0.0
 20
-1262.977178074543
 10
631.5657801069319
 20
-1262.977178074543
 10
631.5657801069319
 20
-631.4885890372097
 10
0.0
 20
-631.4885890372097
  0
CIRCLE
  5
1120
330
10DE
100
AcDbEntity
  8
0
 62
1
 48
25.39999961853027
100
AcDbCircle
 10
315.7828900553286
 20
-947.232883555931
 30
0.0
 40
166.1724772807211
  0
LWPOLYLINE
  5
1121
330
10DE
100
AcDbEntity
  8
IE-EQUIP
 62
3
 48
25.39999961853027
100
AcDbPolyline
 90
4
 70
1
 10
631.5657801087946
 20
-1894.465767111753
 10
3974.255890084314
 20
-1894.465767111753
 10
3974.255890084314
 20
-1262.977178074543
 10
631.5657801087946
 20
-1262.977178074543
  0
LWPOLYLINE
  5
1122
330
10DE
100
AcDbEntity
  8
IE-EQUIP
 62
3
 48
25.39999961853027
100
AcDbPolyline
 90
4
 70
1
 10
3974.255890084314
 20
-1894.465767111753
 10
4605.8216701895
 20
-1894.465767111753
 10
4605.8216701895
 20
-1262.977178074543
 10
3974.255890084314
 20
-1262.977178074543
  0
LINE
  5
1123
330
10DE
100
AcDbEntity
  8
IE-EQUIP
 62
3
 48
25.39999961853027
100
AcDbLine
 10
4172.529913753155
 20
-1461.226968350005
 30
0.0
 11
4407.547646516818
 21
-1696.215976836284
 31
0.0
  0
CIRCLE
  5
1124
330
10DE
100
AcDbEntity
  8
IE-EQUIP
 62
3
 48
25.39999961853027
100
AcDbCircle
 10
4290.038780135918
 20
-1578.721472593148
 30
0.0
 40
166.1724772807211
  0
LINE
  5
1125
330
10DE
100
AcDbEntity
  8
IE-EQUIP
 62
3
 48
25.39999961853027
100
AcDbLine
 10
4407.547646514955
 20
-1461.226968350005
 30
0.0
 11
4172.529913753155
 21
-1696.215976836284
 31
0.0
  0
LWPOLYLINE
  5
1126
330
10DE
100
AcDbEntity
  8
IE-EQUIP
 62
3
 48
25.39999961853027
100
AcDbPolyline
 90
4
 70
1
 10
0.0
 20
-1894.465767111753
 10
631.5657801068155
 20
-1894.465767111753
 10
631.5657801068155
 20
-1262.977178074543
 10
0.0
 20
-1262.977178074543
  0
LINE
  5
1127
330
10DE
100
AcDbEntity
  8
IE-EQUIP
 62
3
 48
25.39999961853027
100
AcDbLine
 10
433.291756437975
 20
-1461.226968350005
 30
0.0
 11
198.2740236724494
 21
-1696.215976836284
 31
0.0
  0
CIRCLE
  5
1128
330
10DE
100
AcDbEntity
  8
IE-EQUIP
 62
3
 48
25.39999961853027
100
AcDbCircle
 10
315.7828900552122
 20
-1578.721472593148
 30
0.0
 40
166.1724772807211
  0
LINE
  5
1129
330
10DE
100
AcDbEntity
  8
IE-EQUIP
 62
3
 48
25.39999961853027
100
AcDbLine
 10
198.2740236761747
 20
-1461.226968350005
 30
0.0
 11
433.291756437975
 21
-1696.215976836284
 31
0.0
  0
TEXT
  5
112A
330
10DE
100
AcDbEntity
  8
IE-EQUIP
 62
3
100
AcDbText
 10
802.9645286452104
 20
-1767.769987385156
 30
0.0
 40
305.325007332
  1
PE
  7
Tahoma
 72
1
 11
1036.520729686949
 21
-1615.107483719156
 31
0.0
100
AcDbText
 73
2
  0
ENDBLK
  5
112C
330
10DE
100
AcDbEntity
  8
0
100
AcDbBlockEnd
  0
BLOCK
  5
115A
330
112E
100
AcDbEntity
  8
0
100
AcDbBlockBegin
  2
G$CF92A4877
 70
2
 10
0.0
 20
0.0
 30
0.0
  3
G$CF92A4877
  1

  0
ATTDEF
  5
1159
330
112E
100
AcDbEntity
  8
0
100
AcDbText
 10
146.6596446543699
 20
-455.0932399832091
 30
0.0
 40
250.0
  1
xA
100
AcDbAttributeDefinition
  3
Terminal_A
  2
TERMINAL_A
 70
0
280
1
 71
1
 72
0
  0
ENDBLK
  5
115B
330
112E
100
AcDbEntity
  8
0
100
AcDbBlockEnd
  0
BLOCK
  5
11D1
330
11BE
100
AcDbEntity
  8
0
100
AcDbBlockBegin
  2
Term_Group3
 70
2
 10
0.0
 20
0.0
 30
0.0
  3
Term_Group3
  1

  0
LWPOLYLINE
  5
13C5
330
11BE
100
AcDbEntity
  8
0
 62
7
 48
25.39999961853027
100
AcDbPolyline
 90
4
 70
1
 10
631.5657801087946
 20
-1262.977178074543
 10
3974.255890084314
 20
-1262.977178074543
 10
3974.255890084314
 20
-631.4885890373334
 10
631.5657801087946
 20
-631.4885890373334
  0
LWPOLYLINE
  5
13C6
330
11BE
100
AcDbEntity
  8
0
 62
7
 48
25.39999961853027
100
AcDbPolyline
 90
4
 70
1
 10
3974.255890084314
 20
-1262.977178074543
 10
4605.8216701895
 20
-1262.977178074543
 10
4605.8216701895
 20
-631.4885890373334
 10
3974.255890084314
 20
-631.4885890373334
  0
CIRCLE
  5
13C7
330
11BE
100
AcDbEntity
  8
0
 62
7
 48
25.39999961853027
100
AcDbCircle
 10
4290.038780135918
 20
-947.232883555931
 30
0.0
 40
166.1724772807211
  0
LWPOLYLINE
  5
13C8
330
11BE
100
AcDbEntity
  8
0
 62
7
 48
25.39999961853027
100
AcDbPolyline
 90
4
 70
1
 10
0.0
 20
-1262.977178074543
 10
631.5657801068155
 20
-1262.977178074543
 10
631.5657801068155
 20
-631.4885890373334
 10
0.0
 20
-631.4885890373334
  0
CIRCLE
  5
13C9
330
11BE
100
AcDbEntity
  8
0
 62
7
 48
25.39999961853027
100
AcDbCircle
 10
315.7828900552122
 20
-947.232883555931
 30
0.0
 40
166.1724772807211
  0
LWPOLYLINE
  5
13CA
330
11BE
100
AcDbEntity
  8
0
 62
1
 48
25.39999961853027
100
AcDbPolyline
 90
4
 70
1
 10
631.5657801087946
 20
-631.4885890372097
 10
3974.255890082568
 20
-631.4885890372097
 10
3974.255890082568
 20
1.236913e-10
 10
631.5657801087946
 20
1.236913e-10
  0
LWPOLYLINE
  5
13CB
330
11BE
100
AcDbEntity
  8
0
 62
1
 48
25.39999961853027
100
AcDbPolyline
 90
4
 70
1
 10
3974.255890082568
 20
-631.4885890372097
 10
4605.8216701895
 20
-631.4885890372097
 10
4605.8216701895
 20
1.236913e-10
 10
3974.255890082568
 20
1.236913e-10
  0
CIRCLE
  5
13CC
330
11BE
100
AcDbEntity
  8
0
 62
1
 48
25.39999961853027
100
AcDbCircle
 10
4290.038780134171
 20
-315.7442945185976
 30
0.0
 40
166.1724772807211
  0
LWPOLYLINE
  5
13CD
330
11BE
100
AcDbEntity
  8
0
 62
1
 48
25.39999961853027
100
AcDbPolyline
 90
4
 70
1
 10
0.0
 20
-631.4885890372097
 10
631.5657801069319
 20
-631.4885890372097
 10
631.5657801069319
 20
1.236913e-10
 10
0.0
 20
1.236913e-10
  0
CIRCLE
  5
13CE
330
11BE
100
AcDbEntity
  8
0
 62
1
 48
25.39999961853027
100
AcDbCircle
 10
315.7828900553286
 20
-315.7442945185976
 30
0.0
 40
166.1724772807211
  0
LWPOLYLINE
  5
13CF
330
11BE
100
AcDbEntity
  8
IE-EQUIP
 62
3
 48
25.39999961853027
100
AcDbPolyline
 90
4
 70
1
 10
631.5657801087946
 20
-1894.465767111753
 10
3974.255890084314
 20
-1894.465767111753
 10
3974.255890084314
 20
-1262.977178074543
 10
631.5657801087946
 20
-1262.977178074543
  0
LWPOLYLINE
  5
13D0
330
11BE
100
AcDbEntity
  8
IE-EQUIP
 62
3
 48
25.39999961853027
100
AcDbPolyline
 90
4
 70
1
 10
3974.255890084314
 20
-1894.465767111753
 10
4605.8216701895
 20
-1894.465767111753
 10
4605.8216701895
 20
-1262.977178074543
 10
3974.255890084314
 20
-1262.977178074543
  0
CIRCLE
  5
13D1
330
11BE
100
AcDbEntity
  8
IE-EQUIP
 62
3
 48
25.39999961853027
100
AcDbCircle
 10
4290.038780135918
 20
-1578.721472593148
 30
0.0
 40
166.1724772807211
  0
LWPOLYLINE
  5
13D2
330
11BE
100
AcDbEntity
  8
IE-EQUIP
 62
3
 48
25.39999961853027
100
AcDbPolyline
 90
4
 70
1
 10
0.0
 20
-1894.465767111753
 10
631.5657801068155
 20
-1894.465767111753
 10
631.5657801068155
 20
-1262.977178074543
 10
0.0
 20
-1262.977178074543
  0
CIRCLE
  5
13D3
330
11BE
100
AcDbEntity
  8
IE-EQUIP
 62
3
 48
25.39999961853027
100
AcDbCircle
 10
315.7828900552122
 20
-1578.721472593148
 30
0.0
 40
166.1724772807211
  0
TEXT
  5
13D4
330
11BE
100
AcDbEntity
  8
IE-EQUIP
 62
3
100
AcDbText
 10
802.9645286452104
 20
-1767.769987385156
 30
0.0
 40
305.325007332
  1
PE
  7
Tahoma
 72
1
 11
1036.520729686949
 21
-1615.107483719156
 31
0.0
100
AcDbText
 73
2
  0
ATTDEF
  5
13D5
330
11BE
100
AcDbEntity
  8
0
100
AcDbText
 10
778.2254247631645
 20
-455.0932399830854
 30
0.0
 40
250.0
  1
xA
100
AcDbAttributeDefinition
  3
Terminal_A
  2
TERMINAL_A
 70
0
280
1
 71
1
 72
0
  0
ATTDEF
  5
13D6
330
11BE
100
AcDbEntity
  8
0
100
AcDbText
 10
778.2254247631645
 20
-1086.581829020419
 30
0.0
 40
250.0
  1
xB
100
AcDbAttributeDefinition
  3
Terminal_B
  2
TERMINAL_B
 70
0
280
1
 71
1
 72
0
  0
CIRCLE
  5
140C
330
11BE
100
AcDbEntity
  8
power
 62
1
 48
25.39999961853027
100
AcDbCircle
 10
2840.596243429929
 20
-305.9389179031932
 30
0.0
 40
96.67549893448272
  0
ARC
  5
140D
330
11BE
100
AcDbEntity
  8
power
 62
1
 48
25.39999961853027
100
AcDbCircle
 10
2693.314255863428
 20
-391.9936530998893
 30
0.0
 40
234.6962341568187
100
AcDbArc
 50
51.13091600743896
 51
171.3253832686638
  0
CIRCLE
  5
140E
330
11BE
100
AcDbEntity
  8
power
 62
1
 48
25.39999961853027
100
AcDbCircle
 10
2030.75686246343
 20
-305.9389179031932
 30
0.0
 40
96.67549893448272
  0
ARC
  5
140F
330
11BE
100
AcDbEntity
  8
power
 62
1
 48
25.39999961853027
100
AcDbCircle
 10
2237.626702897251
 20
-300.9860645997833
 30
0.0
 40
230.4852551964078
100
AcDbArc
 50
206.1633692001472
 51
346.0382736866481
  0
ENDBLK
  5
11D2
330
11BE
100
AcDbEntity
  8
0
100
AcDbBlockEnd
  0
BLOCK
  5
1668
330
1638
100
AcDbEntity
  8
0
100
AcDbBlockBegin
  2
G$C6ABE09C5
 70
0
 10
0.0
 20
0.0
 30
0.0
  3
G$C6ABE09C5
  1

  0
LINE
  5
1665
330
1638
100
AcDbEntity
  8
IE-WIRE
 62
4
 48
25.39999961853027
100
AcDbLine
 10
-11204.16384837346
 20
-947.232883557801
 30
0.0
 11
-4605.8216701895
 21
-947.2328835561129
 31
0.0
  0
LINE
  5
1666
330
1638
100
AcDbEntity
  8
IE-WIRE
 62
4
 48
25.39999961853027
100
AcDbLine
 10
-11204.16384837346
 20
-947.2328835579028
 30
0.0
 11
-4605.8216701895
 21
-947.2328835562221
 31
0.0
  0
ARC
  5
1667
330
1638
100
AcDbEntity
  8
IE-WIRE
 62
4
 48
25.39999961853027
100
AcDbCircle
 10
-11204.16384837334
 20
-1227.232883557794
 30
0.0
 40
280.0
100
AcDbArc
 50
90.0
 51
180.0
  0
ENDBLK
  5
1669
330
1638
100
AcDbEntity
  8
0
100
AcDbBlockEnd
  0
BLOCK
  5
1D3E
330
1D30
100
AcDbEntity
  8
0
100
AcDbBlockBegin
  2
xTermFuse
 70
2
 10
0.0
 20
0.0
 30
0.0
  3
xTermFuse
  1

  0
LWPOLYLINE
  5
3A46
330
1D30
100
AcDbEntity
  8
0
 62
7
100
AcDbPolyline
 90
5
 70
0
 10
75215.0
 20
32870.0
 10
79130.0
 20
32870.0
 10
79130.0
 20
33405.0
 10
75215.0
 20
33405.0
 10
75215.0
 20
32870.0
  0
CIRCLE
  5
3A47
330
1D30
100
AcDbEntity
  8
0
 62
7
100
AcDbCircle
 10
75483.4
 20
33137.3
 30
0.0
 40
110.0
  0
CIRCLE
  5
3A48
330
1D30
100
AcDbEntity
  8
0
 62
7
100
AcDbCircle
 10
75483.4
 20
33310.0
 30
0.0
 40
90.0
  0
CIRCLE
  5
3A49
330
1D30
100
AcDbEntity
  8
0
 62
7
100
AcDbCircle
 10
75483.4
 20
32965.0
 30
0.0
 40
90.0
  0
CIRCLE
  5
3A4A
330
1D30
100
AcDbEntity
  8
power
 62
1
100
AcDbCircle
 10
78861.5
 20
33260.0
 30
0.0
 40
100.0
  0
CIRCLE
  5
3A4B
330
1D30
100
AcDbEntity
  8
power
 62
7
100
AcDbCircle
 10
78861.5
 20
33015.0
 30
0.0
 40
100.0
  0
LWPOLYLINE
  5
3A4C
330
1D30
100
AcDbEntity
  8
power
 62
1
100
AcDbPolyline
 90
5
 70
0
 10
77750.0
 20
33020.0
 10
78350.0
 20
33020.0
 10
78350.0
 20
33255.0
 10
77750.0
 20
33255.0
 10
77750.0
 20
33020.0
  0
LINE
  5
3A4D
330
1D30
100
AcDbEntity
  8
power
 62
1
100
AcDbLine
 10
77750.0
 20
33020.0
 30
0.0
 11
78350.0
 21
33255.0
 31
0.0
  0
LINE
  5
3A4E
330
1D30
100
AcDbEntity
  8
power
 62
1
100
AcDbLine
 10
78350.0
 20
33255.0
 30
0.0
 11
78861.5
 21
33260.0
 31
0.0
  0
LINE
  5
3A4F
330
1D30
100
AcDbEntity
  8
power
 62
7
100
AcDbLine
 10
78350.0
 20
33020.0
 30
0.0
 11
78861.5
 21
33015.0
 31
0.0
  0
LWPOLYLINE
  5
3A50
330
1D30
100
AcDbEntity
  8
power
 62
1
100
AcDbPolyline
 90
4
 70
0
 10
77550.0
 20
33050.0
 10
77550.0
 20
33225.0
 10
77450.0
 20
33137.5
 10
77550.0
 20
33050.0
  0
LINE
  5
3A51
330
1D30
100
AcDbEntity
  8
power
 62
1
100
AcDbLine
 10
77450.0
 20
33050.0
 30
0.0
 11
77450.0
 21
33225.0
 31
0.0
  0
LINE
  5
3A52
330
1D30
100
AcDbEntity
  8
power
 62
1
100
AcDbLine
 10
77500.0
 20
33255.0
 30
0.0
 11
77750.0
 21
33255.0
 31
0.0
  0
LINE
  5
3A53
330
1D30
100
AcDbEntity
  8
power
 62
1
100
AcDbLine
 10
77500.0
 20
33020.0
 30
0.0
 11
77750.0
 21
33020.0
 31
0.0
  0
LINE
  5
3A54
330
1D30
100
AcDbEntity
  8
power
 62
1
100
AcDbLine
 10
77500.0
 20
33255.0
 30
0.0
 11
77500.0
 21
33225.0
 31
0.0
  0
LINE
  5
3A55
330
1D30
100
AcDbEntity
  8
power
 62
1
100
AcDbLine
 10
77500.0
 20
33020.0
 30
0.0
 11
77500.0
 21
33050.0
 31
0.0
  0
LINE
  5
3A56
330
1D30
100
AcDbEntity
  8
0
 62
7
100
AcDbLine
 10
75483.4
 20
33137.3
 30
0.0
 11
76250.0
 21
33137.3
 31
0.0
  0
CIRCLE
  5
3A57
330
1D30
100
AcDbEntity
  8
0
 62
7
100
AcDbCircle
 10
76250.0
 20
33137.3
 30
0.0
 40
35.0
  0
CIRCLE
  5
3A58
330
1D30
100
AcDbEntity
  8
0
 62
7
100
AcDbCircle
 10
76800.0
 20
33290.0
 30
0.0
 40
35.0
  0
CIRCLE
  5
3A59
330
1D30
100
AcDbEntity
  8
0
 62
7
100
AcDbCircle
 10
76800.0
 20
32985.0
 30
0.0
 40
35.0
  0
LINE
  5
3A5A
330
1D30
100
AcDbEntity
  8
0
 62
7
100
AcDbLine
 10
76250.0
 20
33137.3
 30
0.0
 11
76760.0
 21
33240.0
 31
0.0
  0
LINE
  5
3A5B
330
1D30
100
AcDbEntity
  8
0
 62
7
100
AcDbLine
 10
76800.0
 20
33290.0
 30
0.0
 11
75483.4
 21
33310.0
 31
0.0
  0
LINE
  5
3A5C
330
1D30
100
AcDbEntity
  8
0
 62
7
100
AcDbLine
 10
76800.0
 20
32985.0
 30
0.0
 11
75483.4
 21
32965.0
 31
0.0
  0
LINE
  5
3A5D
330
1D30
100
AcDbEntity
  8
0
  6
DASHED
 62
3
100
AcDbLine
 10
77750.0
 20
33137.3
 30
0.0
 11
76900.0
 21
33137.3
 31
0.0
  0
TEXT
  5
3A5E
330
1D30
100
AcDbEntity
  8
0
 62
7
100
AcDbText
 10
75620.0
 20
33115.0
 30
0.0
 40
80.0
  1
11
100
AcDbText
  0
TEXT
  5
3A5F
330
1D30
100
AcDbEntity
  8
0
 62
7
100
AcDbText
 10
75620.0
 20
33285.0
 30
0.0
 40
80.0
  1
14
100
AcDbText
  0
TEXT
  5
3A60
330
1D30
100
AcDbEntity
  8
0
 62
7
100
AcDbText
 10
75620.0
 20
32945.0
 30
0.0
 40
80.0
  1
12
100
AcDbText
  0
TEXT
  5
3A61
330
1D30
100
AcDbEntity
  8
power
 62
1
100
AcDbText
 10
78480.0
 20
33240.0
 30
0.0
 40
80.0
  1
A1+
100
AcDbText
  0
TEXT
  5
3A62
330
1D30
100
AcDbEntity
  8
power
 62
7
100
AcDbText
 10
78480.0
 20
32995.0
 30
0.0
 40
80.0
  1
A2-
100
AcDbText
  0
TEXT
  5
3A63
330
1D30
100
AcDbEntity
  8
0
 62
3
100
AcDbText
 10
76300.0
 20
33330.0
 30
0.0
 40
75.0
  1
PLC-RSC-24DC/21
100
AcDbText
  0
TEXT
  5
3A64
330
1D30
100
AcDbEntity
  8
power
 62
2
100
AcDbText
 10
77830.0
 20
33075.0
 30
0.0
 40
70.0
  1
24VDC
100
AcDbText
  0
ATTDEF
  5
3A65
330
1D30
100
AcDbEntity
  8
0
 62
7
100
AcDbText
 10
0.0
 20
0.0
 30
0.0
 40
212.5
  1

100
AcDbAttributeDefinition
  3

  2
TERMINAL_A
 70
0
 71
1
 72
0
  0
ENDBLK
  5
1D3F
330
1D30
100
AcDbEntity
  8
0
100
AcDbBlockEnd
  0
BLOCK
  5
1F81
330
1F23
100
AcDbEntity
  8
0
100
AcDbBlockBegin
  2
G$C8D9909E9
 70
0
 10
0.0
 20
0.0
 30
0.0
  3
G$C8D9909E9
  1

  0
INSERT
  5
1F51
330
1F23
100
AcDbEntity
  8
0
100
AcDbBlockReference
 66
1
  2
xTermFuse
 10
-75214.9559888586
 20
-33405.66907227236
 30
0.0
  0
ATTRIB
  5
1F52
330
1F51
100
AcDbEntity
  8
0
100
AcDbText
 10
661.4916110486956
 20
-386.8292539856193
 30
0.0
 40
212.5
  1
xA
100
AcDbAttribute
  2
TERMINAL_A
 70
0
280
1
 71
1
 72
0
  0
SEQEND
  5
1F53
330
1F51
100
AcDbEntity
  8
0
  0
INSERT
  5
1F54
330
1F23
100
AcDbEntity
  8
0
100
AcDbBlockReference
 66
1
  2
xTermFuse
 10
-75214.9559888586
 20
-33942.43437295409
 30
0.0
  0
ATTRIB
  5
1F55
330
1F54
100
AcDbEntity
  8
0
100
AcDbText
 10
661.4916110486956
 20
-923.5945546673465
 30
0.0
 40
212.5
  1
xA
100
AcDbAttribute
  2
TERMINAL_A
 70
0
280
1
 71
1
 72
0
  0
SEQEND
  5
1F56
330
1F54
100
AcDbEntity
  8
0
  0
INSERT
  5
1F57
330
1F23
100
AcDbEntity
  8
0
100
AcDbBlockReference
 66
1
  2
xTermFuse
 10
-75214.9559888586
 20
-34479.19967363581
 30
0.0
  0
ATTRIB
  5
1F58
330
1F57
100
AcDbEntity
  8
0
100
AcDbText
 10
661.4916110486956
 20
-1460.359855349074
 30
0.0
 40
212.5
  1
xA
100
AcDbAttribute
  2
TERMINAL_A
 70
0
280
1
 71
1
 72
0
  0
SEQEND
  5
1F59
330
1F57
100
AcDbEntity
  8
0
  0
INSERT
  5
1F5A
330
1F23
100
AcDbEntity
  8
0
100
AcDbBlockReference
 66
1
  2
xTermFuse
 10
-75214.9559888586
 20
-35015.96497431754
 30
0.0
  0
ATTRIB
  5
1F5B
330
1F5A
100
AcDbEntity
  8
0
100
AcDbText
 10
661.4916110486956
 20
-1997.125156030805
 30
0.0
 40
212.5
  1
xA
100
AcDbAttribute
  2
TERMINAL_A
 70
0
280
1
 71
1
 72
0
  0
SEQEND
  5
1F5C
330
1F5A
100
AcDbEntity
  8
0
  0
INSERT
  5
1F5D
330
1F23
100
AcDbEntity
  8
0
100
AcDbBlockReference
 66
1
  2
xTermFuse
 10
-75214.9559888586
 20
-35552.73027499917
 30
0.0
  0
ATTRIB
  5
1F5E
330
1F5D
100
AcDbEntity
  8
0
100
AcDbText
 10
661.4916110486956
 20
-2533.89045671243
 30
0.0
 40
212.5
  1
xA
100
AcDbAttribute
  2
TERMINAL_A
 70
0
280
1
 71
1
 72
0
  0
SEQEND
  5
1F5F
330
1F5D
100
AcDbEntity
  8
0
  0
INSERT
  5
1F60
330
1F23
100
AcDbEntity
  8
0
100
AcDbBlockReference
 66
1
  2
xTermFuse
 10
-75214.9559888586
 20
-36089.49557568089
 30
0.0
  0
ATTRIB
  5
1F61
330
1F60
100
AcDbEntity
  8
0
100
AcDbText
 10
661.4916110486956
 20
-3070.655757394158
 30
0.0
 40
212.5
  1
xA
100
AcDbAttribute
  2
TERMINAL_A
 70
0
280
1
 71
1
 72
0
  0
SEQEND
  5
1F62
330
1F60
100
AcDbEntity
  8
0
  0
INSERT
  5
1F63
330
1F23
100
AcDbEntity
  8
0
100
AcDbBlockReference
 66
1
  2
xTermFuse
 10
-75214.9559888586
 20
-36626.26087636262
 30
0.0
  0
ATTRIB
  5
1F64
330
1F63
100
AcDbEntity
  8
0
100
AcDbText
 10
661.4916110486956
 20
-3607.421058075885
 30
0.0
 40
212.5
  1
xA
100
AcDbAttribute
  2
TERMINAL_A
 70
0
280
1
 71
1
 72
0
  0
SEQEND
  5
1F65
330
1F63
100
AcDbEntity
  8
0
  0
INSERT
  5
1F66
330
1F23
100
AcDbEntity
  8
0
100
AcDbBlockReference
 66
1
  2
xTermFuse
 10
-75214.9559888586
 20
-37163.02617704435
 30
0.0
  0
ATTRIB
  5
1F67
330
1F66
100
AcDbEntity
  8
0
100
AcDbText
 10
661.4916110486956
 20
-4144.186358757616
 30
0.0
 40
212.5
  1
xA
100
AcDbAttribute
  2
TERMINAL_A
 70
0
280
1
 71
1
 72
0
  0
SEQEND
  5
1F68
330
1F66
100
AcDbEntity
  8
0
  0
INSERT
  5
1F69
330
1F23
100
AcDbEntity
  8
0
100
AcDbBlockReference
 66
1
  2
xTermFuse
 10
-75214.9559888586
 20
-37699.79147772608
 30
0.0
  0
ATTRIB
  5
1F6A
330
1F69
100
AcDbEntity
  8
0
100
AcDbText
 10
661.4916110486956
 20
-4680.951659439339
 30
0.0
 40
212.5
  1
xA
100
AcDbAttribute
  2
TERMINAL_A
 70
0
280
1
 71
1
 72
0
  0
SEQEND
  5
1F6B
330
1F69
100
AcDbEntity
  8
0
  0
INSERT
  5
1F6C
330
1F23
100
AcDbEntity
  8
0
100
AcDbBlockReference
 66
1
  2
xTermFuse
 10
-75214.9559888586
 20
-38236.5567784078
 30
0.0
  0
ATTRIB
  5
1F6D
330
1F6C
100
AcDbEntity
  8
0
100
AcDbText
 10
661.4916110486956
 20
-5217.716960121066
 30
0.0
 40
212.5
  1
xA
100
AcDbAttribute
  2
TERMINAL_A
 70
0
280
1
 71
1
 72
0
  0
SEQEND
  5
1F6E
330
1F6C
100
AcDbEntity
  8
0
  0
INSERT
  5
1F6F
330
1F23
100
AcDbEntity
  8
0
100
AcDbBlockReference
 66
1
  2
xTermFuse
 10
-75214.9559888586
 20
-38773.32207908953
 30
0.0
  0
ATTRIB
  5
1F70
330
1F6F
100
AcDbEntity
  8
0
100
AcDbText
 10
661.4916110486956
 20
-5754.482260802793
 30
0.0
 40
212.5
  1
xA
100
AcDbAttribute
  2
TERMINAL_A
 70
0
280
1
 71
1
 72
0
  0
SEQEND
  5
1F71
330
1F6F
100
AcDbEntity
  8
0
  0
INSERT
  5
1F72
330
1F23
100
AcDbEntity
  8
0
100
AcDbBlockReference
 66
1
  2
xTermFuse
 10
-75214.9559888586
 20
-39310.08737977126
 30
0.0
  0
ATTRIB
  5
1F73
330
1F72
100
AcDbEntity
  8
0
100
AcDbText
 10
661.4916110486956
 20
-6291.247561484524
 30
0.0
 40
212.5
  1
xA
100
AcDbAttribute
  2
TERMINAL_A
 70
0
280
1
 71
1
 72
0
  0
SEQEND
  5
1F74
330
1F72
100
AcDbEntity
  8
0
  0
INSERT
  5
1F75
330
1F23
100
AcDbEntity
  8
0
100
AcDbBlockReference
 66
1
  2
xTermFuse
 10
-75214.9559888586
 20
-39846.85268045288
 30
0.0
  0
ATTRIB
  5
1F76
330
1F75
100
AcDbEntity
  8
0
100
AcDbText
 10
661.4916110486956
 20
-6828.01286216615
 30
0.0
 40
212.5
  1
xA
100
AcDbAttribute
  2
TERMINAL_A
 70
0
280
1
 71
1
 72
0
  0
SEQEND
  5
1F77
330
1F75
100
AcDbEntity
  8
0
  0
INSERT
  5
1F78
330
1F23
100
AcDbEntity
  8
0
100
AcDbBlockReference
 66
1
  2
xTermFuse
 10
-75214.9559888586
 20
-40383.61798113461
 30
0.0
  0
ATTRIB
  5
1F79
330
1F78
100
AcDbEntity
  8
0
100
AcDbText
 10
661.4916110486956
 20
-7364.778162847877
 30
0.0
 40
212.5
  1
xA
100
AcDbAttribute
  2
TERMINAL_A
 70
0
280
1
 71
1
 72
0
  0
SEQEND
  5
1F7A
330
1F78
100
AcDbEntity
  8
0
  0
INSERT
  5
1F7B
330
1F23
100
AcDbEntity
  8
0
100
AcDbBlockReference
 66
1
  2
xTermFuse
 10
-75214.9559888586
 20
-40920.38328181634
 30
0.0
  0
ATTRIB
  5
1F7C
330
1F7B
100
AcDbEntity
  8
0
100
AcDbText
 10
661.4916110486956
 20
-7901.543463529604
 30
0.0
 40
212.5
  1
xA
100
AcDbAttribute
  2
TERMINAL_A
 70
0
280
1
 71
1
 72
0
  0
SEQEND
  5
1F7D
330
1F7B
100
AcDbEntity
  8
0
  0
INSERT
  5
1F7E
330
1F23
100
AcDbEntity
  8
0
100
AcDbBlockReference
 66
1
  2
xTermFuse
 10
-75214.9559888586
 20
-41457.14858249807
 30
0.0
  0
ATTRIB
  5
1F7F
330
1F7E
100
AcDbEntity
  8
0
100
AcDbText
 10
661.4916110486956
 20
-8438.308764211335
 30
0.0
 40
212.5
  1
xA
100
AcDbAttribute
  2
TERMINAL_A
 70
0
280
1
 71
1
 72
0
  0
SEQEND
  5
1F80
330
1F7E
100
AcDbEntity
  8
0
  0
ENDBLK
  5
1F82
330
1F23
100
AcDbEntity
  8
0
100
AcDbBlockEnd
  0
BLOCK
  5
1FDC
330
1FD5
100
AcDbEntity
  8
0
100
AcDbBlockBegin
  2
xTermSingleLayer
 70
2
 10
0.0
 20
0.0
 30
0.0
  3
xTermSingleLayer
  1

  0
LWPOLYLINE
  5
1FD6
330
1FD5
100
AcDbEntity
  8
0
 62
7
 48
25.39999961853027
100
AcDbPolyline
 90
4
 70
1
 10
536.8309130924754
 20
-536.7653006816254
 10
3378.117506571667
 20
-536.7653006816254
 10
3378.117506571667
 20
0.0
 10
536.8309130924754
 20
0.0
  0
LWPOLYLINE
  5
1FD7
330
1FD5
100
AcDbEntity
  8
0
 62
7
 48
25.39999961853027
100
AcDbPolyline
 90
4
 70
1
 10
3378.117506571667
 20
-536.7653006816254
 10
3914.948419661072
 20
-536.7653006816254
 10
3914.948419661072
 20
0.0
 10
3378.117506571667
 20
0.0
  0
CIRCLE
  5
1FD8
330
1FD5
100
AcDbEntity
  8
0
 62
7
 48
25.39999961853027
100
AcDbCircle
 10
3646.532963115533
 20
-268.3826503408054
 30
0.0
 40
141.2466056886129
  0
LWPOLYLINE
  5
1FD9
330
1FD5
100
AcDbEntity
  8
0
 62
7
 48
25.39999961853027
100
AcDbPolyline
 90
4
 70
1
 10
0.0
 20
-536.7653006816254
 10
536.8309130907874
 20
-536.7653006816254
 10
536.8309130907874
 20
0.0
 10
0.0
 20
0.0
  0
CIRCLE
  5
1FDA
330
1FD5
100
AcDbEntity
  8
0
 62
7
 48
25.39999961853027
100
AcDbCircle
 10
268.4154565469362
 20
-268.3826503408054
 30
0.0
 40
141.2466056886129
  0
ATTDEF
  5
1FDB
330
1FD5
100
AcDbEntity
  8
0
100
AcDbText
 10
661.4916110486956
 20
-386.8292539856193
 30
0.0
 40
212.5
  1
xB
100
AcDbAttributeDefinition
  3
Terminal_B
  2
TERMINAL_B
 70
0
280
1
 71
1
 72
0
  0
ENDBLK
  5
1FDD
330
1FD5
100
AcDbEntity
  8
0
100
AcDbBlockEnd
  0
BLOCK
  5
264B
330
261E
100
AcDbEntity
  8
0
100
AcDbBlockBegin
  2
G$CD4232043
 70
0
 10
0.0
 20
0.0
 30
0.0
  3
G$CD4232043
  1

  0
TEXT
  5
264A
330
261E
100
AcDbEntity
  8
0
 62
4
100
AcDbText
 10
-4163.54756333735
 20
-104.627873718091
 30
0.0
 40
259.08
  1
C2S3-1/ISBDI1-5
  7
Tahoma
100
AcDbText
  0
ENDBLK
  5
264C
330
261E
100
AcDbEntity
  8
0
100
AcDbBlockEnd
  0
BLOCK
  5
2BE1
330
2BB5
100
AcDbEntity
  8
0
100
AcDbBlockBegin
  2
G$CEFBA2A6C
 70
0
 10
0.0
 20
0.0
 30
0.0
  3
G$CEFBA2A6C
  1

  0
CIRCLE
  5
2BE0
330
2BB5
100
AcDbEntity
  8
0
100
AcDbCircle
 10
0.0
 20
0.0
 30
0.0
 40
118.4568242191108
  0
ENDBLK
  5
2BE2
330
2BB5
100
AcDbEntity
  8
0
100
AcDbBlockEnd
  0
BLOCK
  5
3001
330
2FD5
100
AcDbEntity
  8
0
100
AcDbBlockBegin
  2
G$C5F48DCE1
 70
2
 10
0.0
 20
0.0
 30
0.0
  3
G$C5F48DCE1
  1

  0
ATTDEF
  5
3000
330
2FD5
100
AcDbEntity
  8
0
100
AcDbText
 10
460.0069745814544
 20
-483.0887706135545
 30
0.0
 40
250.0
  1
Description
100
AcDbAttributeDefinition
  3
Description
  2
Description
 70
0
280
1
 71
1
 72
0
  0
ENDBLK
  5
3002
330
2FD5
100
AcDbEntity
  8
0
100
AcDbBlockEnd
  0
BLOCK
  5
3011
330
3006
100
AcDbEntity
  8
0
100
AcDbBlockBegin
  2
xDI_3_Term
 70
2
 10
0.0
 20
0.0
 30
0.0
  3
xDI_3_Term
  1

  0
LWPOLYLINE
  5
3007
330
3006
100
AcDbEntity
  8
0
100
AcDbPolyline
 90
4
 70
1
 10
483.1478217818076
 20
1449.266311840664
 10
5482.008891789257
 20
1449.266311840664
 10
5482.008891789257
 20
0.0
 10
483.1478217818076
 20
0.0
  0
LWPOLYLINE
  5
3008
330
3006
100
AcDbEntity
  8
0
100
AcDbPolyline
 90
4
 70
1
 10
483.1478217818076
 20
1449.266311840664
 10
0.0
 20
1449.266311840664
 10
0.0
 20
966.177541227109
 10
483.1478217818076
 20
966.177541227109
  0
LWPOLYLINE
  5
3009
330
3006
100
AcDbEntity
  8
0
100
AcDbPolyline
 90
4
 70
1
 10
483.1478217818076
 20
966.177541227109
 10
0.0
 20
966.177541227109
 10
0.0
 20
483.0887706135545
 10
483.1478217818076
 20
483.0887706135545
  0
LWPOLYLINE
  5
300A
330
3006
100
AcDbEntity
  8
0
100
AcDbPolyline
 90
4
 70
1
 10
483.1478217818076
 20
483.0887706135545
 10
0.0
 20
483.0887706135545
 10
0.0
 20
0.0
 10
483.1478217818076
 20
0.0
  0
CIRCLE
  5
300B
330
3006
100
AcDbEntity
  8
0
100
AcDbCircle
 10
241.5739108909038
 20
241.5443853067773
 30
0.0
 40
118.4568242191108
  0
CIRCLE
  5
300C
330
3006
100
AcDbEntity
  8
0
100
AcDbCircle
 10
241.5739108909038
 20
724.6331559203318
 30
0.0
 40
118.4568242191108
  0
CIRCLE
  5
300D
330
3006
100
AcDbEntity
  8
0
100
AcDbCircle
 10
241.5739108909038
 20
1207.721926533886
 30
0.0
 40
118.4568242191108
  0
ATTDEF
  5
300E
330
3006
100
AcDbEntity
  8
0
100
AcDbText
 10
943.154796363262
 20
1084.634365446218
 30
0.0
 40
250.0
  1
Tag
100
AcDbAttributeDefinition
  3
Tag
  2
TAG
 70
0
280
1
 71
1
 72
0
  0
ATTDEF
  5
300F
330
3006
100
AcDbEntity
  8
0
100
AcDbText
 10
943.154796363262
 20
601.5455948326635
 30
0.0
 40
250.0
  1
Description
100
AcDbAttributeDefinition
  3
Description
  2
Description
 70
0
280
1
 71
1
 72
0
  0
ATTDEF
  5
3010
330
3006
100
AcDbEntity
  8
0
100
AcDbText
 10
943.154796363262
 20
118.456824219109
 30
0.0
 40
250.0
  1
CxSx-x
100
AcDbAttributeDefinition
  3
PLC Point
  2
PLC_POINT
 70
0
280
1
 71
1
 72
0
  0
ENDBLK
  5
3012
330
3006
100
AcDbEntity
  8
0
100
AcDbBlockEnd
  0
BLOCK
  5
384B
330
381E
100
AcDbEntity
  8
0
100
AcDbBlockBegin
  2
G$C061C18BD
 70
0
 10
0.0
 20
0.0
 30
0.0
  3
G$C061C18BD
  1

  0
LINE
  5
3849
330
381E
100
AcDbEntity
  8
0
100
AcDbLine
 10
-322.0985478546354
 20
-322.0591804089672
 30
0.0
 11
2938.998745523379
 21
-322.0591804089672
 31
0.0
  0
ARC
  5
384A
330
381E
100
AcDbEntity
  8
0
100
AcDbCircle
 10
2938.998745523379
 20
-602.0591804089672
 30
0.0
 40
280.0
100
AcDbArc
 50
0.0
 51
90.0
  0
ENDBLK
  5
384C
330
381E
100
AcDbEntity
  8
0
100
AcDbBlockEnd
  0
BLOCK
  5
3A67
330
3A66
100
AcDbEntity
  8
0
100
AcDbBlockBegin
  2
xRelay_SPDT_24V
 70
2
 10
0.0
 20
0.0
 30
0.0
  3
xRelay_SPDT_24V
  1

  0
LWPOLYLINE
  5
3A69
330
3A66
100
AcDbEntity
  8
0
 62
7
100
AcDbPolyline
 90
5
 70
0
 10
75215.0
 20
32870.0
 10
79130.0
 20
32870.0
 10
79130.0
 20
33405.0
 10
75215.0
 20
33405.0
 10
75215.0
 20
32870.0
  0
CIRCLE
  5
3A6A
330
3A66
100
AcDbEntity
  8
0
 62
7
100
AcDbCircle
 10
75483.4
 20
33137.3
 30
0.0
 40
110.0
  0
CIRCLE
  5
3A6B
330
3A66
100
AcDbEntity
  8
0
 62
7
100
AcDbCircle
 10
75483.4
 20
33310.0
 30
0.0
 40
90.0
  0
CIRCLE
  5
3A6C
330
3A66
100
AcDbEntity
  8
0
 62
7
100
AcDbCircle
 10
75483.4
 20
32965.0
 30
0.0
 40
90.0
  0
CIRCLE
  5
3A6D
330
3A66
100
AcDbEntity
  8
power
 62
1
100
AcDbCircle
 10
78861.5
 20
33260.0
 30
0.0
 40
100.0
  0
CIRCLE
  5
3A6E
330
3A66
100
AcDbEntity
  8
power
 62
7
100
AcDbCircle
 10
78861.5
 20
33015.0
 30
0.0
 40
100.0
  0
LWPOLYLINE
  5
3A6F
330
3A66
100
AcDbEntity
  8
power
 62
1
100
AcDbPolyline
 90
5
 70
0
 10
77750.0
 20
33020.0
 10
78350.0
 20
33020.0
 10
78350.0
 20
33255.0
 10
77750.0
 20
33255.0
 10
77750.0
 20
33020.0
  0
LINE
  5
3A70
330
3A66
100
AcDbEntity
  8
power
 62
1
100
AcDbLine
 10
77750.0
 20
33020.0
 30
0.0
 11
78350.0
 21
33255.0
 31
0.0
  0
LINE
  5
3A71
330
3A66
100
AcDbEntity
  8
power
 62
1
100
AcDbLine
 10
78350.0
 20
33255.0
 30
0.0
 11
78861.5
 21
33260.0
 31
0.0
  0
LINE
  5
3A72
330
3A66
100
AcDbEntity
  8
power
 62
7
100
AcDbLine
 10
78350.0
 20
33020.0
 30
0.0
 11
78861.5
 21
33015.0
 31
0.0
  0
LWPOLYLINE
  5
3A73
330
3A66
100
AcDbEntity
  8
power
 62
1
100
AcDbPolyline
 90
4
 70
0
 10
77550.0
 20
33050.0
 10
77550.0
 20
33225.0
 10
77450.0
 20
33137.5
 10
77550.0
 20
33050.0
  0
LINE
  5
3A74
330
3A66
100
AcDbEntity
  8
power
 62
1
100
AcDbLine
 10
77450.0
 20
33050.0
 30
0.0
 11
77450.0
 21
33225.0
 31
0.0
  0
LINE
  5
3A75
330
3A66
100
AcDbEntity
  8
power
 62
1
100
AcDbLine
 10
77500.0
 20
33255.0
 30
0.0
 11
77750.0
 21
33255.0
 31
0.0
  0
LINE
  5
3A76
330
3A66
100
AcDbEntity
  8
power
 62
1
100
AcDbLine
 10
77500.0
 20
33020.0
 30
0.0
 11
77750.0
 21
33020.0
 31
0.0
  0
LINE
  5
3A77
330
3A66
100
AcDbEntity
  8
power
 62
1
100
AcDbLine
 10
77500.0
 20
33255.0
 30
0.0
 11
77500.0
 21
33225.0
 31
0.0
  0
LINE
  5
3A78
330
3A66
100
AcDbEntity
  8
power
 62
1
100
AcDbLine
 10
77500.0
 20
33020.0
 30
0.0
 11
77500.0
 21
33050.0
 31
0.0
  0
LINE
  5
3A79
330
3A66
100
AcDbEntity
  8
0
 62
7
100
AcDbLine
 10
75483.4
 20
33137.3
 30
0.0
 11
76250.0
 21
33137.3
 31
0.0
  0
CIRCLE
  5
3A7A
330
3A66
100
AcDbEntity
  8
0
 62
7
100
AcDbCircle
 10
76250.0
 20
33137.3
 30
0.0
 40
35.0
  0
CIRCLE
  5
3A7B
330
3A66
100
AcDbEntity
  8
0
 62
7
100
AcDbCircle
 10
76800.0
 20
33290.0
 30
0.0
 40
35.0
  0
CIRCLE
  5
3A7C
330
3A66
100
AcDbEntity
  8
0
 62
7
100
AcDbCircle
 10
76800.0
 20
32985.0
 30
0.0
 40
35.0
  0
LINE
  5
3A7D
330
3A66
100
AcDbEntity
  8
0
 62
7
100
AcDbLine
 10
76250.0
 20
33137.3
 30
0.0
 11
76760.0
 21
33240.0
 31
0.0
  0
LINE
  5
3A7E
330
3A66
100
AcDbEntity
  8
0
 62
7
100
AcDbLine
 10
76800.0
 20
33290.0
 30
0.0
 11
75483.4
 21
33310.0
 31
0.0
  0
LINE
  5
3A7F
330
3A66
100
AcDbEntity
  8
0
 62
7
100
AcDbLine
 10
76800.0
 20
32985.0
 30
0.0
 11
75483.4
 21
32965.0
 31
0.0
  0
LINE
  5
3A80
330
3A66
100
AcDbEntity
  8
0
  6
DASHED
 62
3
100
AcDbLine
 10
77750.0
 20
33137.3
 30
0.0
 11
76900.0
 21
33137.3
 31
0.0
  0
TEXT
  5
3A81
330
3A66
100
AcDbEntity
  8
0
 62
7
100
AcDbText
 10
75620.0
 20
33115.0
 30
0.0
 40
80.0
  1
11
100
AcDbText
  0
TEXT
  5
3A82
330
3A66
100
AcDbEntity
  8
0
 62
7
100
AcDbText
 10
75620.0
 20
33285.0
 30
0.0
 40
80.0
  1
14
100
AcDbText
  0
TEXT
  5
3A83
330
3A66
100
AcDbEntity
  8
0
 62
7
100
AcDbText
 10
75620.0
 20
32945.0
 30
0.0
 40
80.0
  1
12
100
AcDbText
  0
TEXT
  5
3A84
330
3A66
100
AcDbEntity
  8
power
 62
1
100
AcDbText
 10
78480.0
 20
33240.0
 30
0.0
 40
80.0
  1
A1+
100
AcDbText
  0
TEXT
  5
3A85
330
3A66
100
AcDbEntity
  8
power
 62
7
100
AcDbText
 10
78480.0
 20
32995.0
 30
0.0
 40
80.0
  1
A2-
100
AcDbText
  0
TEXT
  5
3A86
330
3A66
100
AcDbEntity
  8
0
 62
3
100
AcDbText
 10
76300.0
 20
33330.0
 30
0.0
 40
75.0
  1
PLC-RSC-24DC/21
100
AcDbText
  0
TEXT
  5
3A87
330
3A66
100
AcDbEntity
  8
power
 62
2
100
AcDbText
 10
77830.0
 20
33075.0
 30
0.0
 40
70.0
  1
24VDC
100
AcDbText
  0
ATTDEF
  5
3A88
330
3A66
100
AcDbEntity
  8
0
 62
7
100
AcDbText
 10
0.0
 20
0.0
 30
0.0
 40
212.5
  1

100
AcDbAttributeDefinition
  3

  2
TERMINAL_A
 70
0
 71
1
 72
0
  0
ENDBLK
  5
3A68
330
3A66
100
AcDbEntity
  8
0
100
AcDbBlockEnd
  0
BLOCK
  5
3A8A
330
3A89
100
AcDbEntity
  8
0
100
AcDbBlockBegin
  2
xDO_3_Term
 70
2
 10
0.0
 20
0.0
 30
0.0
  3
xDO_3_Term
  1

  0
LWPOLYLINE
  5
3A8C
330
3A89
100
AcDbEntity
  8
0
100
AcDbPolyline
 90
4
 70
1
 10
483.1478217818076
 20
1449.266311840664
 10
5482.008891789257
 20
1449.266311840664
 10
5482.008891789257
 20
0.0
 10
483.1478217818076
 20
0.0
  0
LWPOLYLINE
  5
3A8D
330
3A89
100
AcDbEntity
  8
0
100
AcDbPolyline
 90
4
 70
1
 10
483.1478217818076
 20
1449.266311840664
 10
0.0
 20
1449.266311840664
 10
0.0
 20
966.177541227109
 10
483.1478217818076
 20
966.177541227109
  0
LWPOLYLINE
  5
3A8E
330
3A89
100
AcDbEntity
  8
0
100
AcDbPolyline
 90
4
 70
1
 10
483.1478217818076
 20
966.177541227109
 10
0.0
 20
966.177541227109
 10
0.0
 20
483.0887706135545
 10
483.1478217818076
 20
483.0887706135545
  0
LWPOLYLINE
  5
3A8F
330
3A89
100
AcDbEntity
  8
0
100
AcDbPolyline
 90
4
 70
1
 10
483.1478217818076
 20
483.0887706135545
 10
0.0
 20
483.0887706135545
 10
0.0
 20
0.0
 10
483.1478217818076
 20
0.0
  0
CIRCLE
  5
3A90
330
3A89
100
AcDbEntity
  8
0
100
AcDbCircle
 10
241.5739108909038
 20
241.5443853067773
 30
0.0
 40
118.4568242191108
  0
CIRCLE
  5
3A91
330
3A89
100
AcDbEntity
  8
0
100
AcDbCircle
 10
241.5739108909038
 20
724.6331559203318
 30
0.0
 40
118.4568242191108
  0
CIRCLE
  5
3A92
330
3A89
100
AcDbEntity
  8
0
100
AcDbCircle
 10
241.5739108909038
 20
1207.721926533886
 30
0.0
 40
118.4568242191108
  0
ATTDEF
  5
3A93
330
3A89
100
AcDbEntity
  8
0
100
AcDbText
 10
943.154796363262
 20
1084.634365446218
 30
0.0
 40
250.0
  1
Tag
100
AcDbAttributeDefinition
  3
Tag
  2
TAG
 70
0
280
1
 71
1
 72
0
  0
ATTDEF
  5
3A94
330
3A89
100
AcDbEntity
  8
0
100
AcDbText
 10
943.154796363262
 20
601.5455948326635
 30
0.0
 40
250.0
  1
Description
100
AcDbAttributeDefinition
  3
Description
  2
Description
 70
0
280
1
 71
1
 72
0
  0
ATTDEF
  5
3A95
330
3A89
100
AcDbEntity
  8
0
100
AcDbText
 10
943.154796363262
 20
118.456824219109
 30
0.0
 40
250.0
  1
CxSx-x
100
AcDbAttributeDefinition
  3
PLC Point
  2
PLC_POINT
 70
0
280
1
 71
1
 72
0
  0
ENDBLK
  5
3A8B
330
3A89
100
AcDbEntity
  8
0
100
AcDbBlockEnd
  0
ENDSEC
  0
SECTION
  2
ENTITIES
  0
TEXT
  5
868
330
1F
100
AcDbEntity
  8
0
 62
2
100
AcDbText
 10
17043.7448410655
 20
64008.3453354747
 30
0.0
 40
357.5303999999999
  1
1756-OB32
  7
Tahoma
 72
1
 11
18175.04402145502
 21
64187.1105354747
 31
0.0
100
AcDbText
 73
2
  0
TEXT
  5
869
330
1F
100
AcDbEntity
  8
0
 62
2
100
AcDbText
 10
15187.98924033391
 20
63115.54480457557
 30
0.0
 40
357.5303999999999
  1
DIGITAL OUTPUT MODULE
  7
Tahoma
 72
1
 11
17917.25001373888
 21
63294.31000457557
 31
0.0
100
AcDbText
 73
2
  0
TEXT
  5
86A
330
1F
100
AcDbEntity
  8
0
 62
2
100
AcDbText
 10
13197.9587298297
 20
50502.76227474749
 30
0.0
 40
357.5303999999999
  1
16
  7
Tahoma
 72
1
 11
13466.40667287873
 21
50681.52747474749
 31
0.0
100
AcDbText
 73
2
  0
LWPOLYLINE
  5
86B
330
1F
100
AcDbEntity
  8
IE-EQUIP
  6
Continuous
 48
25.39999961853027
100
AcDbPolyline
 90
4
 70
1
 10
12169.15009150655
 20
50143.84997038094
 10
14814.25009383672
 20
50143.84997038094
 10
14814.25009383672
 20
51290.71105911199
 10
12169.15009150655
 20
51290.71105911199
  0
TEXT
  5
86C
330
1F
100
AcDbEntity
  8
0
 62
2
100
AcDbText
 10
13197.9587298297
 20
52053.78816347866
 30
0.0
 40
357.5303999999999
  1
14
  7
Tahoma
 72
1
 11
13466.40667287873
 21
52232.55336347866
 31
0.0
100
AcDbText
 73
2
  0
TEXT
  5
86D
330
1F
100
AcDbEntity
  8
0
 62
2
100
AcDbText
 10
13197.9587298297
 20
53604.81405221184
 30
0.0
 40
357.5303999999999
  1
12
  7
Tahoma
 72
1
 11
13466.40667287873
 21
53783.57925221184
 31
0.0
100
AcDbText
 73
2
  0
TEXT
  5
86E
330
1F
100
AcDbEntity
  8
0
 62
2
100
AcDbText
 10
13197.9587298297
 20
55155.83994094506
 30
0.0
 40
357.5303999999999
  1
10
  7
Tahoma
 72
1
 11
13466.40667287873
 21
55334.60514094506
 31
0.0
100
AcDbText
 73
2
  0
TEXT
  5
86F
330
1F
100
AcDbEntity
  8
0
 62
2
100
AcDbText
 10
13332.18270135421
 20
56706.86582967619
 30
0.0
 40
357.5303999999999
  1
8
  7
Tahoma
 72
1
 11
13466.40667287873
 21
56885.63102967619
 31
0.0
100
AcDbText
 73
2
  0
TEXT
  5
870
330
1F
100
AcDbEntity
  8
0
 62
2
100
AcDbText
 10
13332.18270135421
 20
58257.89171840941
 30
0.0
 40
357.5303999999999
  1
6
  7
Tahoma
 72
1
 11
13466.40667287873
 21
58436.65691840941
 31
0.0
100
AcDbText
 73
2
  0
TEXT
  5
871
330
1F
100
AcDbEntity
  8
0
 62
2
100
AcDbText
 10
13332.18270135421
 20
59808.91760714261
 30
0.0
 40
357.5303999999999
  1
4
  7
Tahoma
 72
1
 11
13466.40667287873
 21
59987.68280714261
 31
0.0
100
AcDbText
 73
2
  0
TEXT
  5
872
330
1F
100
AcDbEntity
  8
0
 62
2
100
AcDbText
 10
13332.18270135421
 20
61359.94349587573
 30
0.0
 40
357.5303999999999
  1
2
  7
Tahoma
 72
1
 11
13466.40667287873
 21
61538.70869587573
 31
0.0
100
AcDbText
 73
2
  0
LWPOLYLINE
  5
873
330
1F
100
AcDbEntity
  8
IE-EQUIP
  6
Continuous
 48
25.39999961853027
100
AcDbPolyline
 90
4
 70
1
 10
12169.15009150655
 20
51694.87585911412
 10
14814.25009383672
 20
51694.87585911412
 10
14814.25009383672
 20
52841.7369478452
 10
12169.15009150655
 20
52841.7369478452
  0
LWPOLYLINE
  5
874
330
1F
100
AcDbEntity
  8
IE-EQUIP
  6
Continuous
 48
25.39999961853027
100
AcDbPolyline
 90
4
 70
1
 10
12169.15009150655
 20
54796.92763657852
 10
14814.25009383672
 20
54796.92763657852
 10
14814.25009383672
 20
55943.78872531149
 10
12169.15009150655
 20
55943.78872531149
  0
LWPOLYLINE
  5
875
330
1F
100
AcDbEntity
  8
IE-EQUIP
  6
Continuous
 48
25.39999961853027
100
AcDbPolyline
 90
4
 70
1
 10
12169.15009150655
 20
57898.97941404297
 10
14814.25009383672
 20
57898.97941404297
 10
14814.25009383672
 20
59045.84050277587
 10
12169.15009150655
 20
59045.84050277587
  0
LWPOLYLINE
  5
876
330
1F
100
AcDbEntity
  8
IE-EQUIP
  6
Continuous
 48
25.39999961853027
100
AcDbPolyline
 90
4
 70
1
 10
12169.15009150655
 20
59450.00530277607
 10
14814.25009383672
 20
59450.00530277607
 10
14814.25009383672
 20
60596.86639150906
 10
12169.15009150655
 20
60596.86639150906
  0
LWPOLYLINE
  5
877
330
1F
100
AcDbEntity
  8
IE-EQUIP
  6
Continuous
 48
25.39999961853027
100
AcDbPolyline
 90
4
 70
1
 10
12169.15009150655
 20
61001.03119150733
 10
14814.25009383672
 20
61001.03119150733
 10
14814.25009383672
 20
62147.89228024031
 10
12169.15009150655
 20
62147.89228024031
  0
TEXT
  5
878
330
1F
100
AcDbEntity
  8
0
 62
2
100
AcDbText
 10
13197.9587298297
 20
47400.7104972811
 30
0.0
 40
357.5303999999999
  1
20
  7
Tahoma
 72
1
 11
13466.40667287873
 21
47579.4756972811
 31
0.0
100
AcDbText
 73
2
  0
TEXT
  5
879
330
1F
100
AcDbEntity
  8
0
 62
2
100
AcDbText
 10
13197.9587298297
 20
48951.73638601428
 30
0.0
 40
357.5303999999999
  1
18
  7
Tahoma
 72
1
 11
13466.40667287873
 21
49130.50158601428
 31
0.0
100
AcDbText
 73
2
  0
LWPOLYLINE
  5
87A
330
1F
100
AcDbEntity
  8
IE-EQUIP
  6
Continuous
 48
25.39999961853027
100
AcDbPolyline
 90
4
 70
1
 10
12169.15009150655
 20
47041.79819291659
 10
14814.25009383672
 20
47041.79819291659
 10
14814.25009383672
 20
48188.65928164763
 10
12169.15009150655
 20
48188.65928164763
  0
TEXT
  5
87B
330
1F
100
AcDbEntity
  8
0
 62
2
100
AcDbText
 10
22085.71072544961
 20
50502.76227474749
 30
0.0
 40
357.5303999999999
  1
C1S9-15/P1-TBRL2-15
  7
Tahoma
 72
1
 11
22354.15866849864
 21
50681.52747474749
 31
0.0
100
AcDbText
 73
2
  0
LWPOLYLINE
  5
87C
330
1F
100
AcDbEntity
  8
IE-EQUIP
  6
Continuous
 48
25.39999961853027
100
AcDbPolyline
 90
4
 70
1
 10
21068.94854997409
 20
50143.84997038094
 10
23714.04855230615
 20
50143.84997038094
 10
23714.04855230615
 20
51290.71105911199
 10
21068.94854997409
 20
51290.71105911199
  0
TEXT
  5
87D
330
1F
100
AcDbEntity
  8
0
 62
2
100
AcDbText
 10
22085.71072544961
 20
52053.78816347866
 30
0.0
 40
357.5303999999999
  1
C1S9-13/P1-TBRL2-13
  7
Tahoma
 72
1
 11
22354.15866849864
 21
52232.55336347866
 31
0.0
100
AcDbText
 73
2
  0
TEXT
  5
87E
330
1F
100
AcDbEntity
  8
0
 62
2
100
AcDbText
 10
22085.71072544961
 20
53604.81405221184
 30
0.0
 40
357.5303999999999
  1
C1S9-11/P1-TBRL2-11
  7
Tahoma
 72
1
 11
22354.15866849864
 21
53783.57925221184
 31
0.0
100
AcDbText
 73
2
  0
TEXT
  5
87F
330
1F
100
AcDbEntity
  8
0
 62
2
100
AcDbText
 10
22219.93469697412
 20
55155.83994094506
 30
0.0
 40
357.5303999999999
  1
C1S9-9/P1-TBRL2-9
  7
Tahoma
 72
1
 11
22354.15866849864
 21
55334.60514094506
 31
0.0
100
AcDbText
 73
2
  0
TEXT
  5
880
330
1F
100
AcDbEntity
  8
0
 62
2
100
AcDbText
 10
22219.93469697412
 20
56706.86582967619
 30
0.0
 40
357.5303999999999
  1
C1S9-7/P1-TBRL2-7
  7
Tahoma
 72
1
 11
22354.15866849864
 21
56885.63102967619
 31
0.0
100
AcDbText
 73
2
  0
TEXT
  5
881
330
1F
100
AcDbEntity
  8
0
 62
2
100
AcDbText
 10
22219.93469697412
 20
58257.89171840941
 30
0.0
 40
357.5303999999999
  1
C1S9-5/P1-TBRL2-5
  7
Tahoma
 72
1
 11
22354.15866849864
 21
58436.65691840941
 31
0.0
100
AcDbText
 73
2
  0
TEXT
  5
882
330
1F
100
AcDbEntity
  8
0
 62
2
100
AcDbText
 10
22219.93469697412
 20
59808.91760714261
 30
0.0
 40
357.5303999999999
  1
C1S9-3/P1-TBRL2-3
  7
Tahoma
 72
1
 11
22354.15866849864
 21
59987.68280714261
 31
0.0
100
AcDbText
 73
2
  0
TEXT
  5
883
330
1F
100
AcDbEntity
  8
0
 62
2
100
AcDbText
 10
22219.93469697412
 20
61359.94349587573
 30
0.0
 40
357.5303999999999
  1
C1S9-1/P1-TBRL2-1
  7
Tahoma
 72
1
 11
22354.15866849864
 21
61538.70869587573
 31
0.0
100
AcDbText
 73
2
  0
LWPOLYLINE
  5
884
330
1F
100
AcDbEntity
  8
IE-EQUIP
  6
Continuous
 48
25.39999961853027
100
AcDbPolyline
 90
4
 70
1
 10
21068.94854997409
 20
51694.87585911412
 10
23714.04855230615
 20
51694.87585911412
 10
23714.04855230615
 20
52841.7369478452
 10
21068.94854997409
 20
52841.7369478452
  0
LWPOLYLINE
  5
885
330
1F
100
AcDbEntity
  8
IE-EQUIP
  6
Continuous
 48
25.39999961853027
100
AcDbPolyline
 90
4
 70
1
 10
21068.94854997409
 20
54796.92763657852
 10
23714.04855230615
 20
54796.92763657852
 10
23714.04855230615
 20
55943.78872531149
 10
21068.94854997409
 20
55943.78872531149
  0
LWPOLYLINE
  5
886
330
1F
100
AcDbEntity
  8
IE-EQUIP
  6
Continuous
 48
25.39999961853027
100
AcDbPolyline
 90
4
 70
1
 10
21068.94854997409
 20
57898.97941404297
 10
23714.04855230615
 20
57898.97941404297
 10
23714.04855230615
 20
59045.84050277587
 10
21068.94854997409
 20
59045.84050277587
  0
LWPOLYLINE
  5
887
330
1F
100
AcDbEntity
  8
IE-EQUIP
  6
Continuous
 48
25.39999961853027
100
AcDbPolyline
 90
4
 70
1
 10
21068.94854997409
 20
59450.00530277607
 10
23714.04855230615
 20
59450.00530277607
 10
23714.04855230615
 20
60596.86639150906
 10
21068.94854997409
 20
60596.86639150906
  0
LWPOLYLINE
  5
888
330
1F
100
AcDbEntity
  8
IE-EQUIP
  6
Continuous
 48
25.39999961853027
100
AcDbPolyline
 90
4
 70
1
 10
21068.94854997409
 20
61001.03119150733
 10
23714.04855230615
 20
61001.03119150733
 10
23714.04855230615
 20
62147.89228024031
 10
21068.94854997409
 20
62147.89228024031
  0
TEXT
  5
889
330
1F
100
AcDbEntity
  8
0
 62
2
100
AcDbText
 10
22085.71072544961
 20
47400.7104972811
 30
0.0
 40
357.5303999999999
  1
C1S9-19/P1-TBRL2-17
  7
Tahoma
 72
1
 11
22354.15866849864
 21
47579.4756972811
 31
0.0
100
AcDbText
 73
2
  0
TEXT
  5
88A
330
1F
100
AcDbEntity
  8
0
 62
2
100
AcDbText
 10
22085.71072544961
 20
48951.73638601428
 30
0.0
 40
357.5303999999999
  1
C1S9-17/0VDC
  7
Tahoma
 72
1
 11
22354.15866849864
 21
49130.50158601428
 31
0.0
100
AcDbText
 73
2
  0
LWPOLYLINE
  5
88B
330
1F
100
AcDbEntity
  8
IE-EQUIP
  6
Continuous
 48
25.39999961853027
100
AcDbPolyline
 90
4
 70
1
 10
21068.94854997409
 20
47041.79819291659
 10
23714.04855230615
 20
47041.79819291659
 10
23714.04855230615
 20
48188.65928164763
 10
21068.94854997409
 20
48188.65928164763
  0
TEXT
  5
88C
330
1F
100
AcDbEntity
  8
0
 62
4
100
AcDbText
 10
26382.83403427308
 20
54015.83802415924
 30
0.0
 40
310.896
  1
C1S8-11/ISBDO11-5
  7
Tahoma
100
AcDbText
  0
LINE
  5
88D
330
1F
100
AcDbEntity
  8
ASHADE
  6
Continuous
 62
2
 48
4762.5
100
AcDbLine
 10
33570.68993349039
 20
30843.53910986192
 30
0.0
 11
33570.68993349039
 21
64941.27266438358
 31
0.0
  0
LINE
  5
88E
330
1F
100
AcDbEntity
  8
ASHADE
  6
Continuous
 62
2
 48
4762.5
100
AcDbLine
 10
2852.124589511354
 20
30843.53910986192
 30
0.0
 11
33570.68993349039
 21
30843.53910986192
 31
0.0
  0
LINE
  5
88F
330
1F
100
AcDbEntity
  8
ASHADE
  6
Continuous
 62
2
 48
4762.5
100
AcDbLine
 10
2852.124589511354
 20
30843.53910986192
 30
0.0
 11
2852.124589511354
 21
64941.27266438358
 31
0.0
  0
TEXT
  5
890
330
1F
100
AcDbEntity
  8
0
 62
2
100
AcDbText
 10
16152.92397315011
 20
65177.94514252613
 30
0.0
 40
357.5303999999999
  1
CHASSIS C1 SLOT 9
  7
Tahoma
 72
1
 11
18192.5760771125
 21
65356.71034252613
 31
0.0
100
AcDbText
 73
2
  0
LINE
  5
891
330
1F
100
AcDbEntity
  8
ASHADE
  6
Continuous
 62
2
 48
4762.5
100
AcDbLine
 10
2852.124589511354
 20
64941.27266438358
 30
0.0
 11
33570.68993349039
 21
64941.27266438358
 31
0.0
  0
LWPOLYLINE
  5
892
330
1F
100
AcDbEntity
  8
IE-EQUIP
  6
Continuous
 48
25.39999961853027
100
AcDbPolyline
 90
4
 70
1
 10
14814.25009383672
 20
50143.84997038094
 10
17459.3500961669
 20
50143.84997038094
 10
17459.3500961669
 20
51290.71105911199
 10
14814.25009383672
 20
51290.71105911199
  0
TEXT
  5
893
330
1F
100
AcDbEntity
  8
0
 62
2
100
AcDbText
 10
15632.11819730426
 20
61359.94349587573
 30
0.0
 40
357.5303999999999
  1
OUT-1
  7
Tahoma
 72
1
 11
16111.50667520889
 21
61538.70869587573
 31
0.0
100
AcDbText
 73
2
  0
LWPOLYLINE
  5
894
330
1F
100
AcDbEntity
  8
IE-EQUIP
  6
Continuous
 48
25.39999961853027
100
AcDbPolyline
 90
4
 70
1
 10
14814.25009383672
 20
51694.87585911412
 10
17459.3500961669
 20
51694.87585911412
 10
17459.3500961669
 20
52841.7369478452
 10
14814.25009383672
 20
52841.7369478452
  0
LWPOLYLINE
  5
895
330
1F
100
AcDbEntity
  8
IE-EQUIP
  6
Continuous
 48
25.39999961853027
100
AcDbPolyline
 90
4
 70
1
 10
14814.25009383672
 20
54796.92763657852
 10
17459.3500961669
 20
54796.92763657852
 10
17459.3500961669
 20
55943.78872531149
 10
14814.25009383672
 20
55943.78872531149
  0
LWPOLYLINE
  5
896
330
1F
100
AcDbEntity
  8
IE-EQUIP
  6
Continuous
 48
25.39999961853027
100
AcDbPolyline
 90
4
 70
1
 10
14814.25009383672
 20
57898.97941404297
 10
17459.3500961669
 20
57898.97941404297
 10
17459.3500961669
 20
59045.84050277587
 10
14814.25009383672
 20
59045.84050277587
  0
LWPOLYLINE
  5
897
330
1F
100
AcDbEntity
  8
IE-EQUIP
  6
Continuous
 48
25.39999961853027
100
AcDbPolyline
 90
4
 70
1
 10
14814.25009383672
 20
59450.00530277607
 10
17459.3500961669
 20
59450.00530277607
 10
17459.3500961669
 20
60596.86639150906
 10
14814.25009383672
 20
60596.86639150906
  0
LWPOLYLINE
  5
898
330
1F
100
AcDbEntity
  8
IE-EQUIP
  6
Continuous
 48
25.39999961853027
100
AcDbPolyline
 90
4
 70
1
 10
14814.25009383672
 20
61001.03119150733
 10
17459.3500961669
 20
61001.03119150733
 10
17459.3500961669
 20
62147.89228024031
 10
14814.25009383672
 20
62147.89228024031
  0
LWPOLYLINE
  5
899
330
1F
100
AcDbEntity
  8
IE-EQUIP
  6
Continuous
 48
25.39999961853027
100
AcDbPolyline
 90
4
 70
1
 10
14814.25009383672
 20
47041.79819291659
 10
17459.3500961669
 20
47041.79819291659
 10
17459.3500961669
 20
48188.65928164763
 10
14814.25009383672
 20
48188.65928164763
  0
TEXT
  5
89A
330
1F
100
AcDbEntity
  8
0
 62
2
100
AcDbText
 10
15632.11819730426
 20
59808.91760714261
 30
0.0
 40
357.5303999999999
  1
OUT-3
  7
Tahoma
 72
1
 11
16111.50667520889
 21
59987.68280714261
 31
0.0
100
AcDbText
 73
2
  0
TEXT
  5
89B
330
1F
100
AcDbEntity
  8
0
 62
2
100
AcDbText
 10
15632.11819730426
 20
58257.89171841135
 30
0.0
 40
357.5303999999999
  1
OUT-5
  7
Tahoma
 72
1
 11
16111.50667520889
 21
58436.65691841135
 31
0.0
100
AcDbText
 73
2
  0
TEXT
  5
89C
330
1F
100
AcDbEntity
  8
0
 62
2
100
AcDbText
 10
15632.11819730426
 20
56706.86582967619
 30
0.0
 40
357.5303999999999
  1
OUT-7
  7
Tahoma
 72
1
 11
16111.50667520889
 21
56885.63102967619
 31
0.0
100
AcDbText
 73
2
  0
TEXT
  5
89D
330
1F
100
AcDbEntity
  8
0
 62
2
100
AcDbText
 10
15632.11819730426
 20
55155.83994094506
 30
0.0
 40
357.5303999999999
  1
OUT-9
  7
Tahoma
 72
1
 11
16111.50667520889
 21
55334.60514094506
 31
0.0
100
AcDbText
 73
2
  0
TEXT
  5
89E
330
1F
100
AcDbEntity
  8
0
 62
2
100
AcDbText
 10
15497.89422578165
 20
53604.81405221184
 30
0.0
 40
357.5303999999999
  1
OUT-11
  7
Tahoma
 72
1
 11
16111.5066752108
 21
53783.57925221184
 31
0.0
100
AcDbText
 73
2
  0
TEXT
  5
89F
330
1F
100
AcDbEntity
  8
0
 62
2
100
AcDbText
 10
15497.89422578165
 20
52053.78816347866
 30
0.0
 40
357.5303999999999
  1
OUT-13
  7
Tahoma
 72
1
 11
16111.5066752108
 21
52232.55336347866
 31
0.0
100
AcDbText
 73
2
  0
TEXT
  5
8A0
330
1F
100
AcDbEntity
  8
0
 62
2
100
AcDbText
 10
15497.89422577974
 20
47400.7104972811
 30
0.0
 40
357.5303999999999
  1
OUT-17
  7
Tahoma
 72
1
 11
16111.50667520889
 21
47579.4756972811
 31
0.0
100
AcDbText
 73
2
  0
TEXT
  5
8A1
330
1F
100
AcDbEntity
  8
0
 62
2
100
AcDbText
 10
15392.96421584019
 20
48951.73638601428
 30
0.0
 40
357.5303999999999
  1
DC-0(+)
  7
Tahoma
 72
1
 11
16111.50667520889
 21
49130.50158601428
 31
0.0
100
AcDbText
 73
2
  0
LWPOLYLINE
  5
8A2
330
1F
100
AcDbEntity
  8
IE-EQUIP
  6
Continuous
 48
25.39999961853027
100
AcDbPolyline
 90
4
 70
1
 10
18423.84854764392
 20
50143.84997038094
 10
21068.94854997409
 20
50143.84997038094
 10
21068.94854997409
 20
51290.71105911199
 10
18423.84854764392
 20
51290.71105911199
  0
TEXT
  5
8A3
330
1F
100
AcDbEntity
  8
0
 62
2
100
AcDbText
 10
19241.71665111335
 20
59808.91760714261
 30
0.0
 40
357.5303999999999
  1
OUT-2
  7
Tahoma
 72
1
 11
19721.10512901799
 21
59987.68280714261
 31
0.0
100
AcDbText
 73
2
  0
LWPOLYLINE
  5
8A4
330
1F
100
AcDbEntity
  8
IE-EQUIP
  6
Continuous
 48
25.39999961853027
100
AcDbPolyline
 90
4
 70
1
 10
18423.84854764392
 20
51694.87585911412
 10
21068.94854997409
 20
51694.87585911412
 10
21068.94854997409
 20
52841.7369478452
 10
18423.84854764392
 20
52841.7369478452
  0
LWPOLYLINE
  5
8A5
330
1F
100
AcDbEntity
  8
IE-EQUIP
  6
Continuous
 48
25.39999961853027
100
AcDbPolyline
 90
4
 70
1
 10
18423.84854764392
 20
54796.92763657852
 10
21068.94854997409
 20
54796.92763657852
 10
21068.94854997409
 20
55943.78872531149
 10
18423.84854764392
 20
55943.78872531149
  0
LWPOLYLINE
  5
8A6
330
1F
100
AcDbEntity
  8
IE-EQUIP
  6
Continuous
 48
25.39999961853027
100
AcDbPolyline
 90
4
 70
1
 10
18423.84854764392
 20
57898.97941404297
 10
21068.94854997409
 20
57898.97941404297
 10
21068.94854997409
 20
59045.84050277587
 10
18423.84854764392
 20
59045.84050277587
  0
LWPOLYLINE
  5
8A7
330
1F
100
AcDbEntity
  8
IE-EQUIP
  6
Continuous
 48
25.39999961853027
100
AcDbPolyline
 90
4
 70
1
 10
18423.84854764392
 20
59450.00530277607
 10
21068.94854997409
 20
59450.00530277607
 10
21068.94854997409
 20
60596.86639150906
 10
18423.84854764392
 20
60596.86639150906
  0
LWPOLYLINE
  5
8A8
330
1F
100
AcDbEntity
  8
IE-EQUIP
  6
Continuous
 48
25.39999961853027
100
AcDbPolyline
 90
4
 70
1
 10
18423.84854764392
 20
61001.03119150733
 10
21068.94854997409
 20
61001.03119150733
 10
21068.94854997409
 20
62147.89228024031
 10
18423.84854764392
 20
62147.89228024031
  0
LWPOLYLINE
  5
8A9
330
1F
100
AcDbEntity
  8
IE-EQUIP
  6
Continuous
 48
25.39999961853027
100
AcDbPolyline
 90
4
 70
1
 10
18423.84854764392
 20
47041.79819291659
 10
21068.94854997409
 20
47041.79819291659
 10
21068.94854997409
 20
48188.65928164763
 10
18423.84854764392
 20
48188.65928164763
  0
TEXT
  5
8AA
330
1F
100
AcDbEntity
  8
0
 62
2
100
AcDbText
 10
19241.71665111335
 20
58257.89171841135
 30
0.0
 40
357.5303999999999
  1
OUT-4
  7
Tahoma
 72
1
 11
19721.10512901799
 21
58436.65691841135
 31
0.0
100
AcDbText
 73
2
  0
TEXT
  5
8AB
330
1F
100
AcDbEntity
  8
0
 62
2
100
AcDbText
 10
19241.71665111335
 20
56706.86582967619
 30
0.0
 40
357.5303999999999
  1
OUT-6
  7
Tahoma
 72
1
 11
19721.10512901799
 21
56885.63102967619
 31
0.0
100
AcDbText
 73
2
  0
TEXT
  5
8AC
330
1F
100
AcDbEntity
  8
0
 62
2
100
AcDbText
 10
19241.71665111335
 20
55155.83994094506
 30
0.0
 40
357.5303999999999
  1
OUT-8
  7
Tahoma
 72
1
 11
19721.10512901799
 21
55334.60514094506
 31
0.0
100
AcDbText
 73
2
  0
TEXT
  5
8AD
330
1F
100
AcDbEntity
  8
0
 62
2
100
AcDbText
 10
19107.49267959264
 20
53604.81405221184
 30
0.0
 40
357.5303999999999
  1
OUT-10
  7
Tahoma
 72
1
 11
19721.10512902179
 21
53783.57925221184
 31
0.0
100
AcDbText
 73
2
  0
TEXT
  5
8AE
330
1F
100
AcDbEntity
  8
0
 62
2
100
AcDbText
 10
19107.49267959264
 20
52053.78816347866
 30
0.0
 40
357.5303999999999
  1
OUT-12
  7
Tahoma
 72
1
 11
19721.10512902179
 21
52232.55336347866
 31
0.0
100
AcDbText
 73
2
  0
TEXT
  5
8AF
330
1F
100
AcDbEntity
  8
0
 62
2
100
AcDbText
 10
19002.56266964928
 20
48951.73638601428
 30
0.0
 40
357.5303999999999
  1
RTN-0
  7
Tahoma
 72
1
 11
19721.10512901799
 21
49130.50158601428
 31
0.0
100
AcDbText
 73
2
  0
TEXT
  5
8B0
330
1F
100
AcDbEntity
  8
0
 62
2
100
AcDbText
 10
19107.49267958884
 20
47400.7104972811
 30
0.0
 40
357.5303999999999
  1
OUT-16
  7
Tahoma
 72
1
 11
19721.10512901799
 21
47579.4756972811
 31
0.0
100
AcDbText
 73
2
  0
TEXT
  5
8B1
330
1F
100
AcDbEntity
  8
0
 62
2
100
AcDbText
 10
19241.71665111335
 20
61359.94349587573
 30
0.0
 40
357.5303999999999
  1
OUT-0
  7
Tahoma
 72
1
 11
19721.10512901799
 21
61538.70869587573
 31
0.0
100
AcDbText
 73
2
  0
LWPOLYLINE
  5
8B2
330
1F
100
AcDbEntity
  8
IE-EQUIP
  6
Continuous
 48
25.39999961853027
100
AcDbPolyline
 90
4
 70
1
 10
12169.15009150655
 20
53245.9017478454
 10
14814.25009383672
 20
53245.9017478454
 10
14814.25009383672
 20
54392.7628365783
 10
12169.15009150655
 20
54392.7628365783
  0
LWPOLYLINE
  5
8B3
330
1F
100
AcDbEntity
  8
IE-EQUIP
  6
Continuous
 48
25.39999961853027
100
AcDbPolyline
 90
4
 70
1
 10
14814.25009383672
 20
53245.9017478454
 10
17459.3500961669
 20
53245.9017478454
 10
17459.3500961669
 20
54392.7628365783
 10
14814.25009383672
 20
54392.7628365783
  0
LWPOLYLINE
  5
8B4
330
1F
100
AcDbEntity
  8
IE-EQUIP
  6
Continuous
 48
25.39999961853027
100
AcDbPolyline
 90
4
 70
1
 10
18423.84854764772
 20
53245.9017478454
 10
21068.94854997599
 20
53245.9017478454
 10
21068.94854997599
 20
54392.7628365783
 10
18423.84854764772
 20
54392.7628365783
  0
LWPOLYLINE
  5
8B5
330
1F
100
AcDbEntity
  8
IE-EQUIP
  6
Continuous
 48
25.39999961853027
100
AcDbPolyline
 90
4
 70
1
 10
21068.94854997599
 20
53245.9017478454
 10
23714.04855230615
 20
53245.9017478454
 10
23714.04855230615
 20
54392.7628365783
 10
21068.94854997599
 20
54392.7628365783
  0
LWPOLYLINE
  5
8B6
330
1F
100
AcDbEntity
  8
IE-EQUIP
  6
Continuous
 48
25.39999961853027
100
AcDbPolyline
 90
4
 70
1
 10
18423.84854764772
 20
48592.82408164784
 10
21068.94854997599
 20
48592.82408164784
 10
21068.94854997599
 20
49739.68517038073
 10
18423.84854764772
 20
49739.68517038073
  0
LWPOLYLINE
  5
8B7
330
1F
100
AcDbEntity
  8
IE-EQUIP
  6
Continuous
 48
25.39999961853027
100
AcDbPolyline
 90
4
 70
1
 10
21068.94854997599
 20
48592.82408164784
 10
23714.04855230615
 20
48592.82408164784
 10
23714.04855230615
 20
49739.68517038073
 10
21068.94854997599
 20
49739.68517038073
  0
LWPOLYLINE
  5
8B8
330
1F
100
AcDbEntity
  8
IE-EQUIP
  6
Continuous
 48
25.39999961853027
100
AcDbPolyline
 90
4
 70
1
 10
12169.15009150655
 20
48592.82408164784
 10
14814.25009383672
 20
48592.82408164784
 10
14814.25009383672
 20
49739.68517038073
 10
12169.15009150655
 20
49739.68517038073
  0
LWPOLYLINE
  5
8B9
330
1F
100
AcDbEntity
  8
IE-EQUIP
  6
Continuous
 48
25.39999961853027
100
AcDbPolyline
 90
4
 70
1
 10
14814.25009383672
 20
48592.82408164784
 10
17459.3500961669
 20
48592.82408164784
 10
17459.3500961669
 20
49739.68517038073
 10
14814.25009383672
 20
49739.68517038073
  0
LWPOLYLINE
  5
8BA
330
1F
100
AcDbEntity
  8
IE-EQUIP
  6
Continuous
 48
25.39999961853027
100
AcDbPolyline
 90
4
 70
1
 10
12169.15009150655
 20
56347.95352531169
 10
14814.25009383672
 20
56347.95352531169
 10
14814.25009383672
 20
57494.81461404459
 10
12169.15009150655
 20
57494.81461404459
  0
LWPOLYLINE
  5
8BB
330
1F
100
AcDbEntity
  8
IE-EQUIP
  6
Continuous
 48
25.39999961853027
100
AcDbPolyline
 90
4
 70
1
 10
21068.94854997409
 20
56347.95352531169
 10
23714.04855230615
 20
56347.95352531169
 10
23714.04855230615
 20
57494.81461404459
 10
21068.94854997409
 20
57494.81461404459
  0
LWPOLYLINE
  5
8BC
330
1F
100
AcDbEntity
  8
IE-EQUIP
  6
Continuous
 48
25.39999961853027
100
AcDbPolyline
 90
4
 70
1
 10
14814.25009383672
 20
56347.95352531169
 10
17459.3500961669
 20
56347.95352531169
 10
17459.3500961669
 20
57494.81461404459
 10
14814.25009383672
 20
57494.81461404459
  0
LWPOLYLINE
  5
8BD
330
1F
100
AcDbEntity
  8
IE-EQUIP
  6
Continuous
 48
25.39999961853027
100
AcDbPolyline
 90
4
 70
1
 10
18423.84854764392
 20
56347.95352531169
 10
21068.94854997409
 20
56347.95352531169
 10
21068.94854997409
 20
57494.81461404459
 10
18423.84854764392
 20
57494.81461404459
  0
LINE
  5
8BE
330
1F
100
AcDbEntity
  8
IE-WIRE
 62
4
 48
25.39999961853027
100
AcDbLine
 10
4504.107533532913
 20
61574.46173587376
 30
0.0
 11
12169.15009150655
 21
61574.46173587572
 31
0.0
  0
ARC
  5
8BF
330
1F
100
AcDbEntity
  8
IE-WIRE
 62
4
 48
25.39999961853027
100
AcDbCircle
 10
4504.107533532913
 20
61287.74646369055
 30
0.0
 40
286.7152721832588
100
AcDbArc
 50
90.0
 51
180.0
  0
ARC
  5
8C0
330
1F
100
AcDbEntity
  8
IE-WIRE
 62
4
 48
25.39999961853027
100
AcDbCircle
 10
4504.107533532913
 20
59736.72057495746
 30
0.0
 40
286.7152721832588
100
AcDbArc
 50
90.0
 51
180.0
  0
LINE
  5
8C1
330
1F
100
AcDbEntity
  8
IE-WIRE
 62
4
 48
25.39999961853027
100
AcDbLine
 10
4504.107533532913
 20
60023.43584714067
 30
0.0
 11
12169.15009150655
 21
60023.43584714067
 31
0.0
  0
LINE
  5
8C2
330
1F
100
AcDbEntity
  8
IE-WIRE
 62
4
 48
25.39999961853027
100
AcDbLine
 10
4217.392261349682
 20
61287.74646369055
 30
0.0
 11
4217.392261349682
 21
33701.76656218038
 31
0.0
  0
TEXT
  5
8C3
330
1F
100
AcDbEntity
  8
0
 62
4
100
AcDbText
 10
5055.635546368931
 20
61760.60516267871
 30
0.0
 40
310.896
  1
C1S9-2/P1-TBRL2-2
  7
Tahoma
100
AcDbText
  0
TEXT
  5
8C4
330
1F
100
AcDbEntity
  8
0
 62
4
100
AcDbText
 10
5055.635546368931
 20
60199.21694014498
 30
0.0
 40
310.896
  1
C1S9-4/P1-TBRL2-4
  7
Tahoma
100
AcDbText
  0
TEXT
  5
8C5
330
1F
100
AcDbEntity
  8
0
 62
2
100
AcDbText
 10
13197.9587298297
 20
41196.60694235227
 30
0.0
 40
357.5303999999999
  1
28
  7
Tahoma
 72
1
 11
13466.40667287873
 21
41375.37214235227
 31
0.0
100
AcDbText
 73
2
  0
LWPOLYLINE
  5
8C6
330
1F
100
AcDbEntity
  8
IE-EQUIP
  6
Continuous
 48
25.39999961853027
100
AcDbPolyline
 90
4
 70
1
 10
12169.15009150655
 20
40837.6946379858
 10
14814.25009383672
 20
40837.6946379858
 10
14814.25009383672
 20
41984.55572671881
 10
12169.15009150655
 20
41984.55572671881
  0
TEXT
  5
8C7
330
1F
100
AcDbEntity
  8
0
 62
2
100
AcDbText
 10
13197.9587298297
 20
42747.63283108546
 30
0.0
 40
357.5303999999999
  1
26
  7
Tahoma
 72
1
 11
13466.40667287873
 21
42926.39803108546
 31
0.0
100
AcDbText
 73
2
  0
TEXT
  5
8C8
330
1F
100
AcDbEntity
  8
0
 62
2
100
AcDbText
 10
13197.9587298297
 20
44298.65871981672
 30
0.0
 40
357.5303999999999
  1
24
  7
Tahoma
 72
1
 11
13466.40667287873
 21
44477.42391981672
 31
0.0
100
AcDbText
 73
2
  0
TEXT
  5
8C9
330
1F
100
AcDbEntity
  8
0
 62
2
100
AcDbText
 10
13197.9587298297
 20
45849.6846085498
 30
0.0
 40
357.5303999999999
  1
22
  7
Tahoma
 72
1
 11
13466.40667287873
 21
46028.44980854981
 31
0.0
100
AcDbText
 73
2
  0
LWPOLYLINE
  5
8CA
330
1F
100
AcDbEntity
  8
IE-EQUIP
  6
Continuous
 48
25.39999961853027
100
AcDbPolyline
 90
4
 70
1
 10
12169.15009150655
 20
42388.72052671707
 10
14814.25009383672
 20
42388.72052671707
 10
14814.25009383672
 20
43535.58161545007
 10
12169.15009150655
 20
43535.58161545007
  0
LWPOLYLINE
  5
8CB
330
1F
100
AcDbEntity
  8
IE-EQUIP
  6
Continuous
 48
25.39999961853027
100
AcDbPolyline
 90
4
 70
1
 10
12169.15009150655
 20
45490.77230418153
 10
14814.25009383672
 20
45490.77230418153
 10
14814.25009383672
 20
46637.63339291442
 10
12169.15009150655
 20
46637.63339291442
  0
TEXT
  5
8CC
330
1F
100
AcDbEntity
  8
0
 62
2
100
AcDbText
 10
13197.9587298297
 20
38094.55516488789
 30
0.0
 40
357.5303999999999
  1
32
  7
Tahoma
 72
1
 11
13466.40667287873
 21
38273.32036488789
 31
0.0
100
AcDbText
 73
2
  0
TEXT
  5
8CD
330
1F
100
AcDbEntity
  8
0
 62
2
100
AcDbText
 10
13197.9587298297
 20
39645.58105361916
 30
0.0
 40
357.5303999999999
  1
30
  7
Tahoma
 72
1
 11
13466.40667287873
 21
39824.34625361916
 31
0.0
100
AcDbText
 73
2
  0
LWPOLYLINE
  5
8CE
330
1F
100
AcDbEntity
  8
IE-EQUIP
  6
Continuous
 48
25.39999961853027
100
AcDbPolyline
 90
4
 70
1
 10
12169.15009150655
 20
37735.64286051951
 10
14814.25009383672
 20
37735.64286051951
 10
14814.25009383672
 20
38882.50394925241
 10
12169.15009150655
 20
38882.50394925241
  0
TEXT
  5
8CF
330
1F
100
AcDbEntity
  8
0
 62
2
100
AcDbText
 10
22085.71072544961
 20
41196.60694235227
 30
0.0
 40
357.5303999999999
  1
C1S9-27/P1-TBRL2-25
  7
Tahoma
 72
1
 11
22354.15866849864
 21
41375.37214235227
 31
0.0
100
AcDbText
 73
2
  0
LWPOLYLINE
  5
8D0
330
1F
100
AcDbEntity
  8
IE-EQUIP
  6
Continuous
 48
25.39999961853027
100
AcDbPolyline
 90
4
 70
1
 10
21068.94854997409
 20
40837.6946379858
 10
23714.04855230615
 20
40837.6946379858
 10
23714.04855230615
 20
41984.55572671881
 10
21068.94854997409
 20
41984.55572671881
  0
TEXT
  5
8D1
330
1F
100
AcDbEntity
  8
0
 62
2
100
AcDbText
 10
22085.71072544961
 20
42747.63283108546
 30
0.0
 40
357.5303999999999
  1
C1S9-25/P1-TBRL2-23
  7
Tahoma
 72
1
 11
22354.15866849864
 21
42926.39803108546
 31
0.0
100
AcDbText
 73
2
  0
TEXT
  5
8D2
330
1F
100
AcDbEntity
  8
0
 62
2
100
AcDbText
 10
22085.71072544961
 20
44298.65871981672
 30
0.0
 40
357.5303999999999
  1
C1S9-23/P1-TBRL2-21
  7
Tahoma
 72
1
 11
22354.15866849864
 21
44477.42391981672
 31
0.0
100
AcDbText
 73
2
  0
TEXT
  5
8D3
330
1F
100
AcDbEntity
  8
0
 62
2
100
AcDbText
 10
22085.71072544961
 20
45849.6846085498
 30
0.0
 40
357.5303999999999
  1
C1S9-21/P1-TBRL2-19
  7
Tahoma
 72
1
 11
22354.15866849864
 21
46028.44980854981
 31
0.0
100
AcDbText
 73
2
  0
LWPOLYLINE
  5
8D4
330
1F
100
AcDbEntity
  8
IE-EQUIP
  6
Continuous
 48
25.39999961853027
100
AcDbPolyline
 90
4
 70
1
 10
21068.94854997409
 20
42388.72052671707
 10
23714.04855230615
 20
42388.72052671707
 10
23714.04855230615
 20
43535.58161545007
 10
21068.94854997409
 20
43535.58161545007
  0
LWPOLYLINE
  5
8D5
330
1F
100
AcDbEntity
  8
IE-EQUIP
  6
Continuous
 48
25.39999961853027
100
AcDbPolyline
 90
4
 70
1
 10
21068.94854997409
 20
45490.77230418153
 10
23714.04855230615
 20
45490.77230418153
 10
23714.04855230615
 20
46637.63339291442
 10
21068.94854997409
 20
46637.63339291442
  0
TEXT
  5
8D6
330
1F
100
AcDbEntity
  8
0
 62
2
100
AcDbText
 10
22085.71072544961
 20
38094.55516488789
 30
0.0
 40
357.5303999999999
  1
C1S9-31/P1-TBRL2-29
  7
Tahoma
 72
1
 11
22354.15866849864
 21
38273.32036488789
 31
0.0
100
AcDbText
 73
2
  0
TEXT
  5
8D7
330
1F
100
AcDbEntity
  8
0
 62
2
100
AcDbText
 10
22085.71072544961
 20
39645.58105361916
 30
0.0
 40
357.5303999999999
  1
C1S9-29/P1-TBRL2-27
  7
Tahoma
 72
1
 11
22354.15866849864
 21
39824.34625361916
 31
0.0
100
AcDbText
 73
2
  0
LWPOLYLINE
  5
8D8
330
1F
100
AcDbEntity
  8
IE-EQUIP
  6
Continuous
 48
25.39999961853027
100
AcDbPolyline
 90
4
 70
1
 10
21068.94854997409
 20
37735.64286051951
 10
23714.04855230615
 20
37735.64286051951
 10
23714.04855230615
 20
38882.50394925241
 10
21068.94854997409
 20
38882.50394925241
  0
LWPOLYLINE
  5
8D9
330
1F
100
AcDbEntity
  8
IE-EQUIP
  6
Continuous
 48
25.39999961853027
100
AcDbPolyline
 90
4
 70
1
 10
14814.25009383672
 20
40837.6946379858
 10
17459.3500961669
 20
40837.6946379858
 10
17459.3500961669
 20
41984.55572671881
 10
14814.25009383672
 20
41984.55572671881
  0
LWPOLYLINE
  5
8DA
330
1F
100
AcDbEntity
  8
IE-EQUIP
  6
Continuous
 48
25.39999961853027
100
AcDbPolyline
 90
4
 70
1
 10
14814.25009383672
 20
42388.72052671707
 10
17459.3500961669
 20
42388.72052671707
 10
17459.3500961669
 20
43535.58161545007
 10
14814.25009383672
 20
43535.58161545007
  0
LWPOLYLINE
  5
8DB
330
1F
100
AcDbEntity
  8
IE-EQUIP
  6
Continuous
 48
25.39999961853027
100
AcDbPolyline
 90
4
 70
1
 10
14814.25009383672
 20
45490.77230418153
 10
17459.3500961669
 20
45490.77230418153
 10
17459.3500961669
 20
46637.63339291442
 10
14814.25009383672
 20
46637.63339291442
  0
LWPOLYLINE
  5
8DC
330
1F
100
AcDbEntity
  8
IE-EQUIP
  6
Continuous
 48
25.39999961853027
100
AcDbPolyline
 90
4
 70
1
 10
14814.25009383672
 20
37735.64286051951
 10
17459.3500961669
 20
37735.64286051951
 10
17459.3500961669
 20
38882.50394925241
 10
14814.25009383672
 20
38882.50394925241
  0
TEXT
  5
8DD
330
1F
100
AcDbEntity
  8
0
 62
2
100
AcDbText
 10
15587.21679716994
 20
45849.6846085498
 30
0.0
 40
357.5303999999999
  1
OUT-19
  7
Tahoma
 72
1
 11
16111.50667520889
 21
46028.44980854981
 31
0.0
100
AcDbText
 73
2
  0
TEXT
  5
8DE
330
1F
100
AcDbEntity
  8
0
 62
2
100
AcDbText
 10
15497.89422577974
 20
44298.65871981672
 30
0.0
 40
357.5303999999999
  1
OUT-23
  7
Tahoma
 72
1
 11
16111.50667520889
 21
44477.42391981672
 31
0.0
100
AcDbText
 73
2
  0
TEXT
  5
8DF
330
1F
100
AcDbEntity
  8
0
 62
2
100
AcDbText
 10
15497.89422577974
 20
42747.63283108546
 30
0.0
 40
357.5303999999999
  1
OUT-23
  7
Tahoma
 72
1
 11
16111.50667520889
 21
42926.39803108546
 31
0.0
100
AcDbText
 73
2
  0
TEXT
  5
8E0
330
1F
100
AcDbEntity
  8
0
 62
2
100
AcDbText
 10
15497.89422577974
 20
41196.60694235227
 30
0.0
 40
357.5303999999999
  1
OUT-25
  7
Tahoma
 72
1
 11
16111.50667520889
 21
41375.37214235227
 31
0.0
100
AcDbText
 73
2
  0
TEXT
  5
8E1
330
1F
100
AcDbEntity
  8
0
 62
2
100
AcDbText
 10
15497.89422577974
 20
38094.55516488789
 30
0.0
 40
357.5303999999999
  1
OUT-29
  7
Tahoma
 72
1
 11
16111.50667520889
 21
38273.32036488789
 31
0.0
100
AcDbText
 73
2
  0
TEXT
  5
8E2
330
1F
100
AcDbEntity
  8
0
 62
2
100
AcDbText
 10
15497.89422577974
 20
39645.58105361916
 30
0.0
 40
357.5303999999999
  1
OUT-27
  7
Tahoma
 72
1
 11
16111.50667520889
 21
39824.34625361916
 31
0.0
100
AcDbText
 73
2
  0
LWPOLYLINE
  5
8E3
330
1F
100
AcDbEntity
  8
IE-EQUIP
  6
Continuous
 48
25.39999961853027
100
AcDbPolyline
 90
4
 70
1
 10
18423.84854764392
 20
40837.6946379858
 10
21068.94854997409
 20
40837.6946379858
 10
21068.94854997409
 20
41984.55572671881
 10
18423.84854764392
 20
41984.55572671881
  0
LWPOLYLINE
  5
8E4
330
1F
100
AcDbEntity
  8
IE-EQUIP
  6
Continuous
 48
25.39999961853027
100
AcDbPolyline
 90
4
 70
1
 10
18423.84854764392
 20
42388.72052671707
 10
21068.94854997409
 20
42388.72052671707
 10
21068.94854997409
 20
43535.58161545007
 10
18423.84854764392
 20
43535.58161545007
  0
LWPOLYLINE
  5
8E5
330
1F
100
AcDbEntity
  8
IE-EQUIP
  6
Continuous
 48
25.39999961853027
100
AcDbPolyline
 90
4
 70
1
 10
18423.84854764392
 20
45490.77230418153
 10
21068.94854997409
 20
45490.77230418153
 10
21068.94854997409
 20
46637.63339291442
 10
18423.84854764392
 20
46637.63339291442
  0
LWPOLYLINE
  5
8E6
330
1F
100
AcDbEntity
  8
IE-EQUIP
  6
Continuous
 48
25.39999961853027
100
AcDbPolyline
 90
4
 70
1
 10
18423.84854764392
 20
37735.64286051951
 10
21068.94854997409
 20
37735.64286051951
 10
21068.94854997409
 20
38882.50394925241
 10
18423.84854764392
 20
38882.50394925241
  0
TEXT
  5
8E7
330
1F
100
AcDbEntity
  8
0
 62
2
100
AcDbText
 10
19107.49267958884
 20
45849.6846085498
 30
0.0
 40
357.5303999999999
  1
OUT-18
  7
Tahoma
 72
1
 11
19721.10512901799
 21
46028.44980854981
 31
0.0
100
AcDbText
 73
2
  0
TEXT
  5
8E8
330
1F
100
AcDbEntity
  8
0
 62
2
100
AcDbText
 10
19107.49267958884
 20
44298.65871981672
 30
0.0
 40
357.5303999999999
  1
OUT-20
  7
Tahoma
 72
1
 11
19721.10512901799
 21
44477.42391981672
 31
0.0
100
AcDbText
 73
2
  0
TEXT
  5
8E9
330
1F
100
AcDbEntity
  8
0
 62
2
100
AcDbText
 10
19107.49267958884
 20
42747.63283108546
 30
0.0
 40
357.5303999999999
  1
OUT-24
  7
Tahoma
 72
1
 11
19721.10512901799
 21
42926.39803108546
 31
0.0
100
AcDbText
 73
2
  0
TEXT
  5
8EA
330
1F
100
AcDbEntity
  8
0
 62
2
100
AcDbText
 10
19107.49267958884
 20
41196.60694235041
 30
0.0
 40
357.5303999999999
  1
OUT-24
  7
Tahoma
 72
1
 11
19721.10512901799
 21
41375.37214235041
 31
0.0
100
AcDbText
 73
2
  0
TEXT
  5
8EB
330
1F
100
AcDbEntity
  8
0
 62
2
100
AcDbText
 10
19107.49267958884
 20
39645.58105361916
 30
0.0
 40
357.5303999999999
  1
OUT-26
  7
Tahoma
 72
1
 11
19721.10512901799
 21
39824.34625361916
 31
0.0
100
AcDbText
 73
2
  0
TEXT
  5
8EC
330
1F
100
AcDbEntity
  8
0
 62
2
100
AcDbText
 10
19107.49267958884
 20
38094.55516488595
 30
0.0
 40
357.5303999999999
  1
OUT-28
  7
Tahoma
 72
1
 11
19721.10512901799
 21
38273.32036488595
 31
0.0
100
AcDbText
 73
2
  0
LWPOLYLINE
  5
8ED
330
1F
100
AcDbEntity
  8
IE-EQUIP
  6
Continuous
 48
25.39999961853027
100
AcDbPolyline
 90
4
 70
1
 10
12169.15009150655
 20
43939.74641545028
 10
14814.25009383672
 20
43939.74641545028
 10
14814.25009383672
 20
45086.60750418316
 10
12169.15009150655
 20
45086.60750418316
  0
LWPOLYLINE
  5
8EE
330
1F
100
AcDbEntity
  8
IE-EQUIP
  6
Continuous
 48
25.39999961853027
100
AcDbPolyline
 90
4
 70
1
 10
14814.25009383672
 20
43939.74641545028
 10
17459.3500961669
 20
43939.74641545028
 10
17459.3500961669
 20
45086.60750418316
 10
14814.25009383672
 20
45086.60750418316
  0
LWPOLYLINE
  5
8EF
330
1F
100
AcDbEntity
  8
IE-EQUIP
  6
Continuous
 48
25.39999961853027
100
AcDbPolyline
 90
4
 70
1
 10
18423.84854764772
 20
43939.74641545028
 10
21068.94854997599
 20
43939.74641545028
 10
21068.94854997599
 20
45086.60750418316
 10
18423.84854764772
 20
45086.60750418316
  0
LWPOLYLINE
  5
8F0
330
1F
100
AcDbEntity
  8
IE-EQUIP
  6
Continuous
 48
25.39999961853027
100
AcDbPolyline
 90
4
 70
1
 10
21068.94854997599
 20
43939.74641545028
 10
23714.04855230615
 20
43939.74641545028
 10
23714.04855230615
 20
45086.60750418316
 10
21068.94854997599
 20
45086.60750418316
  0
LWPOLYLINE
  5
8F1
330
1F
100
AcDbEntity
  8
IE-EQUIP
  6
Continuous
 48
25.39999961853027
100
AcDbPolyline
 90
4
 70
1
 10
18423.84854764772
 20
39286.66874925271
 10
21068.94854997599
 20
39286.66874925271
 10
21068.94854997599
 20
40433.52983798561
 10
18423.84854764772
 20
40433.52983798561
  0
LWPOLYLINE
  5
8F2
330
1F
100
AcDbEntity
  8
IE-EQUIP
  6
Continuous
 48
25.39999961853027
100
AcDbPolyline
 90
4
 70
1
 10
21068.94854997599
 20
39286.66874925271
 10
23714.04855230615
 20
39286.66874925271
 10
23714.04855230615
 20
40433.52983798561
 10
21068.94854997599
 20
40433.52983798561
  0
LWPOLYLINE
  5
8F3
330
1F
100
AcDbEntity
  8
IE-EQUIP
  6
Continuous
 48
25.39999961853027
100
AcDbPolyline
 90
4
 70
1
 10
12169.15009150655
 20
39286.66874925271
 10
14814.25009383672
 20
39286.66874925271
 10
14814.25009383672
 20
40433.52983798561
 10
12169.15009150655
 20
40433.52983798561
  0
LWPOLYLINE
  5
8F4
330
1F
100
AcDbEntity
  8
IE-EQUIP
  6
Continuous
 48
25.39999961853027
100
AcDbPolyline
 90
4
 70
1
 10
14814.25009383672
 20
39286.66874925271
 10
17459.3500961669
 20
39286.66874925271
 10
17459.3500961669
 20
40433.52983798561
 10
14814.25009383672
 20
40433.52983798561
  0
TEXT
  5
8F5
330
1F
100
AcDbEntity
  8
0
 62
2
100
AcDbText
 10
13197.9587298297
 20
34992.50338742353
 30
0.0
 40
357.5303999999999
  1
36
  7
Tahoma
 72
1
 11
13466.40667287873
 21
35171.26858742353
 31
0.0
100
AcDbText
 73
2
  0
TEXT
  5
8F6
330
1F
100
AcDbEntity
  8
0
 62
2
100
AcDbText
 10
13197.9587298297
 20
36543.52927615468
 30
0.0
 40
357.5303999999999
  1
34
  7
Tahoma
 72
1
 11
13466.40667287873
 21
36722.29447615468
 31
0.0
100
AcDbText
 73
2
  0
LWPOLYLINE
  5
8F7
330
1F
100
AcDbEntity
  8
IE-EQUIP
  6
Continuous
 48
25.39999961853027
100
AcDbPolyline
 90
4
 70
1
 10
12169.15009150655
 20
34633.59108305514
 10
14814.25009383672
 20
34633.59108305514
 10
14814.25009383672
 20
35780.45217178804
 10
12169.15009150655
 20
35780.45217178804
  0
TEXT
  5
8F8
330
1F
100
AcDbEntity
  8
0
 62
2
100
AcDbText
 10
22085.71072544961
 20
34992.50338742353
 30
0.0
 40
357.5303999999999
  1
C1S9-35/0VDC
  7
Tahoma
 72
1
 11
22354.15866849864
 21
35171.26858742353
 31
0.0
100
AcDbText
 73
2
  0
TEXT
  5
8F9
330
1F
100
AcDbEntity
  8
0
 62
2
100
AcDbText
 10
22085.71072544961
 20
36543.52927615468
 30
0.0
 40
357.5303999999999
  1
C1S9-33/P1-TBRL2-31
  7
Tahoma
 72
1
 11
22354.15866849864
 21
36722.29447615468
 31
0.0
100
AcDbText
 73
2
  0
LWPOLYLINE
  5
8FA
330
1F
100
AcDbEntity
  8
IE-EQUIP
  6
Continuous
 48
25.39999961853027
100
AcDbPolyline
 90
4
 70
1
 10
21068.94854997409
 20
34633.59108305514
 10
23714.04855230615
 20
34633.59108305514
 10
23714.04855230615
 20
35780.45217178804
 10
21068.94854997409
 20
35780.45217178804
  0
LWPOLYLINE
  5
8FB
330
1F
100
AcDbEntity
  8
IE-EQUIP
  6
Continuous
 48
25.39999961853027
100
AcDbPolyline
 90
4
 70
1
 10
14814.25009383672
 20
34633.59108305514
 10
17459.3500961669
 20
34633.59108305514
 10
17459.3500961669
 20
35780.45217178804
 10
14814.25009383672
 20
35780.45217178804
  0
TEXT
  5
8FC
330
1F
100
AcDbEntity
  8
0
 62
2
100
AcDbText
 10
15392.96421584019
 20
34992.50338742353
 30
0.0
 40
357.5303999999999
  1
DC-1(+)
  7
Tahoma
 72
1
 11
16111.50667520889
 21
35171.26858742353
 31
0.0
100
AcDbText
 73
2
  0
TEXT
  5
8FD
330
1F
100
AcDbEntity
  8
0
 62
2
100
AcDbText
 10
15497.89422577974
 20
36543.52927615468
 30
0.0
 40
357.5303999999999
  1
OUT-31
  7
Tahoma
 72
1
 11
16111.50667520889
 21
36722.29447615468
 31
0.0
100
AcDbText
 73
2
  0
LWPOLYLINE
  5
8FE
330
1F
100
AcDbEntity
  8
IE-EQUIP
  6
Continuous
 48
25.39999961853027
100
AcDbPolyline
 90
4
 70
1
 10
18423.84854764392
 20
34633.59108305514
 10
21068.94854997409
 20
34633.59108305514
 10
21068.94854997409
 20
35780.45217178804
 10
18423.84854764392
 20
35780.45217178804
  0
TEXT
  5
8FF
330
1F
100
AcDbEntity
  8
0
 62
2
100
AcDbText
 10
19107.49267958884
 20
36543.52927615468
 30
0.0
 40
357.5303999999999
  1
OUT-30
  7
Tahoma
 72
1
 11
19721.10512901799
 21
36722.29447615468
 31
0.0
100
AcDbText
 73
2
  0
TEXT
  5
900
330
1F
100
AcDbEntity
  8
0
 62
2
100
AcDbText
 10
19002.56266964928
 20
34992.5033874216
 30
0.0
 40
357.5303999999999
  1
RTN-1
  7
Tahoma
 72
1
 11
19721.10512901799
 21
35171.26858742161
 31
0.0
100
AcDbText
 73
2
  0
LWPOLYLINE
  5
901
330
1F
100
AcDbEntity
  8
IE-EQUIP
  6
Continuous
 48
25.39999961853027
100
AcDbPolyline
 90
4
 70
1
 10
18423.84854764772
 20
36184.61697178825
 10
21068.94854997599
 20
36184.61697178825
 10
21068.94854997599
 20
37331.47806052124
 10
18423.84854764772
 20
37331.47806052124
  0
LWPOLYLINE
  5
902
330
1F
100
AcDbEntity
  8
IE-EQUIP
  6
Continuous
 48
25.39999961853027
100
AcDbPolyline
 90
4
 70
1
 10
21068.94854997599
 20
36184.61697178825
 10
23714.04855230615
 20
36184.61697178825
 10
23714.04855230615
 20
37331.47806052124
 10
21068.94854997599
 20
37331.47806052124
  0
LWPOLYLINE
  5
903
330
1F
100
AcDbEntity
  8
IE-EQUIP
  6
Continuous
 48
25.39999961853027
100
AcDbPolyline
 90
4
 70
1
 10
12169.15009150655
 20
36184.61697178825
 10
14814.25009383672
 20
36184.61697178825
 10
14814.25009383672
 20
37331.47806052124
 10
12169.15009150655
 20
37331.47806052124
  0
LWPOLYLINE
  5
904
330
1F
100
AcDbEntity
  8
IE-EQUIP
  6
Continuous
 48
25.39999961853027
100
AcDbPolyline
 90
4
 70
1
 10
14814.25009383672
 20
36184.61697178825
 10
17459.3500961669
 20
36184.61697178825
 10
17459.3500961669
 20
37331.47806052124
 10
14814.25009383672
 20
37331.47806052124
  0
TEXT
  5
905
330
1F
100
AcDbEntity
  8
0
 62
2
100
AcDbText
 10
15497.89422578165
 20
50502.76227474749
 30
0.0
 40
357.5303999999999
  1
OUT-15
  7
Tahoma
 72
1
 11
16111.5066752108
 21
50681.52747474749
 31
0.0
100
AcDbText
 73
2
  0
TEXT
  5
906
330
1F
100
AcDbEntity
  8
0
 62
2
100
AcDbText
 10
19107.49267959264
 20
50502.76227474749
 30
0.0
 40
357.5303999999999
  1
OUT-14
  7
Tahoma
 72
1
 11
19721.10512902179
 21
50681.52747474749
 31
0.0
100
AcDbText
 73
2
  0
TEXT
  5
907
330
1F
100
AcDbEntity
  8
0
 62
4
100
AcDbText
 10
26382.83403427308
 20
55566.86391289235
 30
0.0
 40
310.896
  1
C1S8-9/ISBDO9-5
  7
Tahoma
100
AcDbText
  0
TEXT
  5
908
330
1F
100
AcDbEntity
  8
0
 62
4
100
AcDbText
 10
11307.34010037561
 20
61738.63261150556
 30
0.0
 40
310.896
  1
WH
  7
Tahoma
100
AcDbText
  0
TEXT
  5
909
330
1F
100
AcDbEntity
  8
0
 62
4
100
AcDbText
 10
11307.34010037561
 20
60187.60672277442
 30
0.0
 40
310.896
  1
WH
  7
Tahoma
100
AcDbText
  0
TEXT
  5
90A
330
1F
100
AcDbEntity
  8
0
 62
4
100
AcDbText
 10
24416.61461926752
 20
55534.52905657674
 30
0.0
 40
310.896
  1
WH
  7
Tahoma
100
AcDbText
  0
TEXT
  5
90B
330
1F
100
AcDbEntity
  8
0
 62
4
100
AcDbText
 10
24416.61461926752
 20
53983.50316784364
 30
0.0
 40
310.896
  1
WH
  7
Tahoma
100
AcDbText
  0
ARC
  5
90C
330
1F
100
AcDbEntity
  8
IE-WIRE
 62
4
 48
25.39999961853027
100
AcDbCircle
 10
4504.107533532913
 20
58185.69468622425
 30
0.0
 40
286.7152721832588
100
AcDbArc
 50
90.0
 51
180.0
  0
LINE
  5
90D
330
1F
100
AcDbEntity
  8
IE-WIRE
 62
4
 48
25.39999961853027
100
AcDbLine
 10
4504.107533532913
 20
58472.40995840749
 30
0.0
 11
12169.15009150655
 21
58472.40995840749
 31
0.0
  0
TEXT
  5
90E
330
1F
100
AcDbEntity
  8
0
 62
4
100
AcDbText
 10
5055.635546368931
 20
58648.19105140996
 30
0.0
 40
310.896
  1
C1S9-6/P1-TBRL2-6
  7
Tahoma
100
AcDbText
  0
TEXT
  5
90F
330
1F
100
AcDbEntity
  8
0
 62
4
100
AcDbText
 10
11307.34010037561
 20
58636.58083403928
 30
0.0
 40
310.896
  1
WH
  7
Tahoma
100
AcDbText
  0
ARC
  5
910
330
1F
100
AcDbEntity
  8
IE-WIRE
 62
4
 48
25.39999961853027
100
AcDbCircle
 10
4504.107533532913
 20
56634.66879749115
 30
0.0
 40
286.7152721832588
100
AcDbArc
 50
90.0
 51
180.0
  0
LINE
  5
911
330
1F
100
AcDbEntity
  8
IE-WIRE
 62
4
 48
25.39999961853027
100
AcDbLine
 10
4504.107533532913
 20
56921.38406967439
 30
0.0
 11
12169.15009150655
 21
56921.38406967439
 31
0.0
  0
TEXT
  5
912
330
1F
100
AcDbEntity
  8
0
 62
4
100
AcDbText
 10
5055.635546368931
 20
57097.16516267871
 30
0.0
 40
310.896
  1
C1S9-8/P1-TBRL2-8
  7
Tahoma
100
AcDbText
  0
TEXT
  5
913
330
1F
100
AcDbEntity
  8
0
 62
4
100
AcDbText
 10
11307.34010037561
 20
57085.55494530802
 30
0.0
 40
310.896
  1
WH
  7
Tahoma
100
AcDbText
  0
ARC
  5
914
330
1F
100
AcDbEntity
  8
IE-WIRE
 62
4
 48
25.39999961853027
100
AcDbCircle
 10
4504.107533532913
 20
55083.6429087599
 30
0.0
 40
286.7152721832588
100
AcDbArc
 50
90.0
 51
180.0
  0
LINE
  5
915
330
1F
100
AcDbEntity
  8
IE-WIRE
 62
4
 48
25.39999961853027
100
AcDbLine
 10
4504.107533532913
 20
55370.35818094309
 30
0.0
 11
12169.15009150655
 21
55370.35818094309
 31
0.0
  0
TEXT
  5
916
330
1F
100
AcDbEntity
  8
0
 62
4
100
AcDbText
 10
5055.635546368931
 20
55546.13927394561
 30
0.0
 40
310.896
  1
C1S9-10/P1-TBRL2-10
  7
Tahoma
100
AcDbText
  0
TEXT
  5
917
330
1F
100
AcDbEntity
  8
0
 62
4
100
AcDbText
 10
11307.34010037561
 20
55534.52905657489
 30
0.0
 40
310.896
  1
WH
  7
Tahoma
100
AcDbText
  0
TEXT
  5
918
330
1F
100
AcDbEntity
  8
0
 62
4
100
AcDbText
 10
26382.83403427308
 20
52464.81213542797
 30
0.0
 40
310.896
  1
C1S8-13/ISBDO13-5
  7
Tahoma
100
AcDbText
  0
TEXT
  5
919
330
1F
100
AcDbEntity
  8
0
 62
4
100
AcDbText
 10
24416.61461926752
 20
52432.47727911045
 30
0.0
 40
310.896
  1
WH
  7
Tahoma
100
AcDbText
  0
TEXT
  5
91A
330
1F
100
AcDbEntity
  8
0
 62
4
100
AcDbText
 10
26382.83403427308
 20
50913.78624669478
 30
0.0
 40
310.896
  1
C1S8-15/ISBDO15-5
  7
Tahoma
100
AcDbText
  0
TEXT
  5
91B
330
1F
100
AcDbEntity
  8
0
 62
4
100
AcDbText
 10
24416.61461926752
 20
50881.45139037917
 30
0.0
 40
310.896
  1
WH
  7
Tahoma
100
AcDbText
  0
ARC
  5
91C
330
1F
100
AcDbEntity
  8
IE-WIRE
 62
4
 48
25.39999961853027
100
AcDbCircle
 10
4504.107533532913
 20
47328.51346509602
 30
0.0
 40
286.7152721832588
100
AcDbArc
 50
90.0
 51
180.0
  0
LINE
  5
91D
330
1F
100
AcDbEntity
  8
IE-WIRE
 62
4
 48
25.39999961853027
100
AcDbLine
 10
4504.107533532913
 20
47615.22873728109
 30
0.0
 11
12169.15009150655
 21
47615.22873728109
 31
0.0
  0
TEXT
  5
91E
330
1F
100
AcDbEntity
  8
0
 62
4
100
AcDbText
 10
5055.635546368931
 20
47791.00983028358
 30
0.0
 40
310.896
  1
C1S9-20/P1-TBRL2-18
  7
Tahoma
100
AcDbText
  0
TEXT
  5
91F
330
1F
100
AcDbEntity
  8
0
 62
4
100
AcDbText
 10
11307.34010037561
 20
47779.39961291288
 30
0.0
 40
310.896
  1
WH
  7
Tahoma
100
AcDbText
  0
TEXT
  5
920
330
1F
100
AcDbEntity
  8
0
 62
4
100
AcDbText
 10
26382.83403427308
 20
47811.7344692304
 30
0.0
 40
310.896
  1
C1S8-19/ISBDO17-5
  7
Tahoma
100
AcDbText
  0
TEXT
  5
921
330
1F
100
AcDbEntity
  8
0
 62
4
100
AcDbText
 10
24416.61461926752
 20
47779.39961291481
 30
0.0
 40
310.896
  1
WH
  7
Tahoma
100
AcDbText
  0
ARC
  5
922
330
1F
100
AcDbEntity
  8
IE-WIRE
 62
4
 48
25.39999961853027
100
AcDbCircle
 10
4504.107533532913
 20
45777.48757636477
 30
0.0
 40
286.7152721832588
100
AcDbArc
 50
90.0
 51
180.0
  0
LINE
  5
923
330
1F
100
AcDbEntity
  8
IE-WIRE
 62
4
 48
25.39999961853027
100
AcDbLine
 10
4504.107533532913
 20
46064.202848548
 30
0.0
 11
12169.15009150655
 21
46064.202848548
 31
0.0
  0
TEXT
  5
924
330
1F
100
AcDbEntity
  8
0
 62
4
100
AcDbText
 10
5055.635546368931
 20
46239.98394155047
 30
0.0
 40
310.896
  1
C1S9-22/P1-TBRL2-20
  7
Tahoma
100
AcDbText
  0
TEXT
  5
925
330
1F
100
AcDbEntity
  8
0
 62
4
100
AcDbText
 10
11307.34010037561
 20
46228.37372417979
 30
0.0
 40
310.896
  1
WH
  7
Tahoma
100
AcDbText
  0
TEXT
  5
926
330
1F
100
AcDbEntity
  8
0
 62
4
100
AcDbText
 10
26382.83403427308
 20
46260.70858049722
 30
0.0
 40
310.896
  1
C1S8-21/ISBDO19-5
  7
Tahoma
100
AcDbText
  0
TEXT
  5
927
330
1F
100
AcDbEntity
  8
0
 62
4
100
AcDbText
 10
24416.61461926752
 20
46228.3737241816
 30
0.0
 40
310.896
  1
WH
  7
Tahoma
100
AcDbText
  0
ARC
  5
928
330
1F
100
AcDbEntity
  8
IE-WIRE
 62
4
 48
25.39999961853027
100
AcDbCircle
 10
4504.107533532913
 20
44226.46168763155
 30
0.0
 40
286.7152721832588
100
AcDbArc
 50
90.0
 51
180.0
  0
LINE
  5
929
330
1F
100
AcDbEntity
  8
IE-WIRE
 62
4
 48
25.39999961853027
100
AcDbLine
 10
4504.107533532913
 20
44513.17695981478
 30
0.0
 11
12169.15009150655
 21
44513.17695981478
 31
0.0
  0
TEXT
  5
92A
330
1F
100
AcDbEntity
  8
0
 62
4
100
AcDbText
 10
5055.635546368931
 20
44688.95805281919
 30
0.0
 40
310.896
  1
C1S9-24/P1-TBRL2-22
  7
Tahoma
100
AcDbText
  0
TEXT
  5
92B
330
1F
100
AcDbEntity
  8
0
 62
4
100
AcDbText
 10
11307.34010037561
 20
44677.3478354485
 30
0.0
 40
310.896
  1
WH
  7
Tahoma
100
AcDbText
  0
TEXT
  5
92C
330
1F
100
AcDbEntity
  8
0
 62
4
100
AcDbText
 10
26382.83403427308
 20
44709.68269176597
 30
0.0
 40
310.896
  1
C1S8-23/ISBDO21-5
  7
Tahoma
100
AcDbText
  0
TEXT
  5
92D
330
1F
100
AcDbEntity
  8
0
 62
4
100
AcDbText
 10
24416.61461926752
 20
44677.3478354485
 30
0.0
 40
310.896
  1
WH
  7
Tahoma
100
AcDbText
  0
ARC
  5
92E
330
1F
100
AcDbEntity
  8
IE-WIRE
 62
4
 48
25.39999961853027
100
AcDbCircle
 10
4504.107533532913
 20
42675.43579890029
 30
0.0
 40
286.7152721832588
100
AcDbArc
 50
90.0
 51
180.0
  0
LINE
  5
92F
330
1F
100
AcDbEntity
  8
IE-WIRE
 62
4
 48
25.39999961853027
100
AcDbLine
 10
4504.107533532913
 20
42962.15107108352
 30
0.0
 11
12169.15009150655
 21
42962.15107108352
 31
0.0
  0
TEXT
  5
930
330
1F
100
AcDbEntity
  8
0
 62
4
100
AcDbText
 10
5055.635546368931
 20
43137.93216408601
 30
0.0
 40
310.896
  1
C1S9-26/P1-TBRL2-24
  7
Tahoma
100
AcDbText
  0
TEXT
  5
931
330
1F
100
AcDbEntity
  8
0
 62
4
100
AcDbText
 10
11307.34010037561
 20
43126.32194671532
 30
0.0
 40
310.896
  1
WH
  7
Tahoma
100
AcDbText
  0
TEXT
  5
932
330
1F
100
AcDbEntity
  8
0
 62
4
100
AcDbText
 10
26382.83403427308
 20
43158.65680303284
 30
0.0
 40
310.896
  1
C1S8-25/ISBDO23-5
  7
Tahoma
100
AcDbText
  0
TEXT
  5
933
330
1F
100
AcDbEntity
  8
0
 62
4
100
AcDbText
 10
24416.61461926752
 20
43126.32194671725
 30
0.0
 40
310.896
  1
WH
  7
Tahoma
100
AcDbText
  0
ARC
  5
934
330
1F
100
AcDbEntity
  8
IE-WIRE
 62
4
 48
25.39999961853027
100
AcDbCircle
 10
4504.107533532913
 20
41124.4099101672
 30
0.0
 40
286.7152721832588
100
AcDbArc
 50
90.0
 51
180.0
  0
LINE
  5
935
330
1F
100
AcDbEntity
  8
IE-WIRE
 62
4
 48
25.39999961853027
100
AcDbLine
 10
4504.107533532913
 20
41411.12518235042
 30
0.0
 11
12169.15009150655
 21
41411.12518235042
 31
0.0
  0
TEXT
  5
936
330
1F
100
AcDbEntity
  8
0
 62
4
100
AcDbText
 10
5055.635546368931
 20
41586.90627535291
 30
0.0
 40
310.896
  1
C1S9-28/P1-TBRL2-26
  7
Tahoma
100
AcDbText
  0
TEXT
  5
937
330
1F
100
AcDbEntity
  8
0
 62
4
100
AcDbText
 10
11307.34010037561
 20
41575.29605798221
 30
0.0
 40
310.896
  1
WH
  7
Tahoma
100
AcDbText
  0
TEXT
  5
938
330
1F
100
AcDbEntity
  8
0
 62
4
100
AcDbText
 10
26382.83403427308
 20
41607.63091429966
 30
0.0
 40
310.896
  1
C1S8-27/ISBDO25-5
  7
Tahoma
100
AcDbText
  0
TEXT
  5
939
330
1F
100
AcDbEntity
  8
0
 62
4
100
AcDbText
 10
24416.61461926752
 20
41575.29605798405
 30
0.0
 40
310.896
  1
WH
  7
Tahoma
100
AcDbText
  0
TEXT
  5
93A
330
1F
100
AcDbEntity
  8
0
 62
4
100
AcDbText
 10
26382.83403427308
 20
60219.94157908992
 30
0.0
 40
310.896
  1
C1S8-3/ISBDO3-5
  7
Tahoma
100
AcDbText
  0
TEXT
  5
93B
330
1F
100
AcDbEntity
  8
0
 62
4
100
AcDbText
 10
26382.83403427308
 20
61770.96746782116
 30
0.0
 40
310.896
  1
C1S8-1/ISBDO1-5
  7
Tahoma
100
AcDbText
  0
TEXT
  5
93C
330
1F
100
AcDbEntity
  8
0
 62
4
100
AcDbText
 10
24416.61461926752
 20
61738.63261150556
 30
0.0
 40
310.896
  1
WH
  7
Tahoma
100
AcDbText
  0
TEXT
  5
93D
330
1F
100
AcDbEntity
  8
0
 62
4
100
AcDbText
 10
24416.61461926752
 20
60187.60672277442
 30
0.0
 40
310.896
  1
WH
  7
Tahoma
100
AcDbText
  0
TEXT
  5
93E
330
1F
100
AcDbEntity
  8
0
 62
4
100
AcDbText
 10
26382.83403427308
 20
58668.91569035679
 30
0.0
 40
310.896
  1
C1S8-5/ISBDO5-5
  7
Tahoma
100
AcDbText
  0
TEXT
  5
93F
330
1F
100
AcDbEntity
  8
0
 62
4
100
AcDbText
 10
24416.61461926752
 20
58636.5808340412
 30
0.0
 40
310.896
  1
WH
  7
Tahoma
100
AcDbText
  0
TEXT
  5
940
330
1F
100
AcDbEntity
  8
0
 62
4
100
AcDbText
 10
26382.83403427308
 20
57117.88980162361
 30
0.0
 40
310.896
  1
C1S8-7/ISBDO7-5
  7
Tahoma
100
AcDbText
  0
TEXT
  5
941
330
1F
100
AcDbEntity
  8
0
 62
4
100
AcDbText
 10
24416.61461926752
 20
57085.55494530802
 30
0.0
 40
310.896
  1
WH
  7
Tahoma
100
AcDbText
  0
ARC
  5
942
330
1F
100
AcDbEntity
  8
IE-WIRE
 62
4
 48
25.39999961853027
100
AcDbCircle
 10
4504.107533532913
 20
53532.61702002483
 30
0.0
 40
286.7152721832588
100
AcDbArc
 50
90.0
 51
180.0
  0
LINE
  5
943
330
1F
100
AcDbEntity
  8
IE-WIRE
 62
4
 48
25.39999961853027
100
AcDbLine
 10
4504.107533532913
 20
53819.33229220807
 30
0.0
 11
12169.15009150655
 21
53819.33229220807
 31
0.0
  0
TEXT
  5
944
330
1F
100
AcDbEntity
  8
0
 62
4
100
AcDbText
 10
5055.635546368931
 20
53995.11338521239
 30
0.0
 40
310.896
  1
C1S9-12/P1-TBRL2-12
  7
Tahoma
100
AcDbText
  0
TEXT
  5
945
330
1F
100
AcDbEntity
  8
0
 62
4
100
AcDbText
 10
11307.34010037561
 20
53983.50316783987
 30
0.0
 40
310.896
  1
WH
  7
Tahoma
100
AcDbText
  0
ARC
  5
946
330
1F
100
AcDbEntity
  8
IE-WIRE
 62
4
 48
25.39999961853027
100
AcDbCircle
 10
4504.107533532913
 20
51981.59113129358
 30
0.0
 40
286.7152721832588
100
AcDbArc
 50
90.0
 51
180.0
  0
LINE
  5
947
330
1F
100
AcDbEntity
  8
IE-WIRE
 62
4
 48
25.39999961853027
100
AcDbLine
 10
4504.107533532913
 20
52268.30640347682
 30
0.0
 11
12169.15009150655
 21
52268.30640347682
 31
0.0
  0
TEXT
  5
948
330
1F
100
AcDbEntity
  8
0
 62
4
100
AcDbText
 10
5055.635546368931
 20
52444.0874964793
 30
0.0
 40
310.896
  1
C1S9-14/P1-TBRL2-14
  7
Tahoma
100
AcDbText
  0
TEXT
  5
949
330
1F
100
AcDbEntity
  8
0
 62
4
100
AcDbText
 10
11307.34010037561
 20
52432.47727910861
 30
0.0
 40
310.896
  1
WH
  7
Tahoma
100
AcDbText
  0
ARC
  5
94A
330
1F
100
AcDbEntity
  8
IE-WIRE
 62
4
 48
25.39999961853027
100
AcDbCircle
 10
4504.107533532913
 20
50430.5652425604
 30
0.0
 40
286.7152721832588
100
AcDbArc
 50
90.0
 51
180.0
  0
LINE
  5
94B
330
1F
100
AcDbEntity
  8
IE-WIRE
 62
4
 48
25.39999961853027
100
AcDbLine
 10
4504.107533532913
 20
50717.28051474359
 30
0.0
 11
12169.15009150655
 21
50717.28051474359
 31
0.0
  0
TEXT
  5
94C
330
1F
100
AcDbEntity
  8
0
 62
4
100
AcDbText
 10
5055.635546368931
 20
50893.06160774608
 30
0.0
 40
310.896
  1
C1S9-16/P1-TBRL2-16
  7
Tahoma
100
AcDbText
  0
TEXT
  5
94D
330
1F
100
AcDbEntity
  8
0
 62
4
100
AcDbText
 10
11307.34010037561
 20
50881.45139037538
 30
0.0
 40
310.896
  1
WH
  7
Tahoma
100
AcDbText
  0
ARC
  5
94E
330
1F
100
AcDbEntity
  8
IE-WIRE
 62
4
 48
25.39999961853027
100
AcDbCircle
 10
4504.107533532913
 20
39573.38402143593
 30
0.0
 40
286.7152721832588
100
AcDbArc
 50
90.0
 51
180.0
  0
LINE
  5
94F
330
1F
100
AcDbEntity
  8
IE-WIRE
 62
4
 48
25.39999961853027
100
AcDbLine
 10
4504.107533532913
 20
39860.09929361916
 30
0.0
 11
12169.15009150655
 21
39860.09929361916
 31
0.0
  0
TEXT
  5
950
330
1F
100
AcDbEntity
  8
0
 62
4
100
AcDbText
 10
5055.635546368931
 20
40035.88038662349
 30
0.0
 40
310.896
  1
C1S9-30/P1-TBRL2-28
  7
Tahoma
100
AcDbText
  0
TEXT
  5
951
330
1F
100
AcDbEntity
  8
0
 62
4
100
AcDbText
 10
11307.34010037561
 20
40024.27016925288
 30
0.0
 40
310.896
  1
WH
  7
Tahoma
100
AcDbText
  0
TEXT
  5
952
330
1F
100
AcDbEntity
  8
0
 62
4
100
AcDbText
 10
26382.83403427308
 20
40056.60502556838
 30
0.0
 40
310.896
  1
C1S8-29/ISBDO27-5
  7
Tahoma
100
AcDbText
  0
TEXT
  5
953
330
1F
100
AcDbEntity
  8
0
 62
4
100
AcDbText
 10
24416.61461926752
 20
40024.27016925288
 30
0.0
 40
310.896
  1
WH
  7
Tahoma
100
AcDbText
  0
ARC
  5
954
330
1F
100
AcDbEntity
  8
IE-WIRE
 62
4
 48
25.39999961853027
100
AcDbCircle
 10
4504.107533532913
 20
38022.35813270272
 30
0.0
 40
286.7152721832588
100
AcDbArc
 50
90.0
 51
180.0
  0
LINE
  5
955
330
1F
100
AcDbEntity
  8
IE-WIRE
 62
4
 48
25.39999961853027
100
AcDbLine
 10
4504.107533532913
 20
38309.07340488595
 30
0.0
 11
12169.15009150655
 21
38309.07340488595
 31
0.0
  0
TEXT
  5
956
330
1F
100
AcDbEntity
  8
0
 62
4
100
AcDbText
 10
5055.635546368931
 20
38484.85449788844
 30
0.0
 40
310.896
  1
C1S9-32/P1-TBRL2-30
  7
Tahoma
100
AcDbText
  0
TEXT
  5
957
330
1F
100
AcDbEntity
  8
0
 62
4
100
AcDbText
 10
11307.34010037561
 20
38473.24428051776
 30
0.0
 40
310.896
  1
WH
  7
Tahoma
100
AcDbText
  0
TEXT
  5
958
330
1F
100
AcDbEntity
  8
0
 62
4
100
AcDbText
 10
26382.83403427308
 20
38505.57913683528
 30
0.0
 40
310.896
  1
C1S8-31/ISBDO29-5
  7
Tahoma
100
AcDbText
  0
TEXT
  5
959
330
1F
100
AcDbEntity
  8
0
 62
4
100
AcDbText
 10
24416.61461926752
 20
38473.24428051968
 30
0.0
 40
310.896
  1
WH
  7
Tahoma
100
AcDbText
  0
ARC
  5
95A
330
1F
100
AcDbEntity
  8
IE-WIRE
 62
4
 48
25.39999961853027
100
AcDbCircle
 10
4504.107533532913
 20
36471.33224397147
 30
0.0
 40
286.7152721832588
100
AcDbArc
 50
90.0
 51
180.0
  0
LINE
  5
95B
330
1F
100
AcDbEntity
  8
IE-WIRE
 62
4
 48
25.39999961853027
100
AcDbLine
 10
4504.107533532913
 20
36758.04751615468
 30
0.0
 11
12169.15009150655
 21
36758.04751615468
 31
0.0
  0
TEXT
  5
95C
330
1F
100
AcDbEntity
  8
0
 62
4
100
AcDbText
 10
5055.635546368931
 20
36933.82860915718
 30
0.0
 40
310.896
  1
C1S9-34/P1-TBRL2-32
  7
Tahoma
100
AcDbText
  0
TEXT
  5
95D
330
1F
100
AcDbEntity
  8
0
 62
4
100
AcDbText
 10
11307.34010037561
 20
36922.21839178648
 30
0.0
 40
310.896
  1
WH
  7
Tahoma
100
AcDbText
  0
TEXT
  5
95E
330
1F
100
AcDbEntity
  8
0
 62
4
100
AcDbText
 10
26382.83403427308
 20
36954.55324810402
 30
0.0
 40
310.896
  1
C1S8-33/ISBDO31-5
  7
Tahoma
100
AcDbText
  0
TEXT
  5
95F
330
1F
100
AcDbEntity
  8
0
 62
4
100
AcDbText
 10
24416.61461926752
 20
36922.21839178843
 30
0.0
 40
310.896
  1
WH
  7
Tahoma
100
AcDbText
  0
TEXT
  5
960
330
1F
100
AcDbEntity
  8
0
 62
7
100
AcDbText
 10
5055.635546368931
 20
35403.52738802896
 30
0.0
 40
310.896
  1
C1S9-36/+24VDC
  7
Tahoma
100
AcDbText
  0
LINE
  5
961
330
1F
100
AcDbEntity
  8
IE-WIRE
 62
7
 48
25.39999961853027
100
AcDbLine
 10
12169.15009150655
 20
35207.02162742159
 30
0.0
 11
3750.440149540157
 21
35207.02162742159
 31
0.0
  0
LINE
  5
962
330
1F
100
AcDbEntity
  8
IE-WIRE
 62
7
 48
25.39999961853027
100
AcDbLine
 10
3464.840149537011
 20
48880.65462601422
 30
0.0
 11
3464.840149540514
 21
33416.16656218038
 31
0.0
  0
TEXT
  5
963
330
1F
100
AcDbEntity
  8
0
 62
7
100
AcDbText
 10
11402.98497919108
 20
35371.19250305337
 30
0.0
 40
310.896
  1
RD
  7
Tahoma
100
AcDbText
  0
TEXT
  5
964
330
1F
100
AcDbEntity
  8
0
 62
7
100
AcDbText
 10
5055.635546368931
 20
49362.76038662165
 30
0.0
 40
310.896
  1
C1S9-18/+24VDC
  7
Tahoma
100
AcDbText
  0
LINE
  5
965
330
1F
100
AcDbEntity
  8
0
100
AcDbLine
 10
17459.3500961669
 20
34633.59108305514
 30
0.0
 11
18423.84854764392
 21
34633.59108305514
 31
0.0
  0
ARC
  5
966
330
1F
100
AcDbEntity
  8
IE-WIRE
 62
7
 48
25.39999961853027
100
AcDbCircle
 10
3750.440149540157
 20
34921.42162742159
 30
0.0
 40
285.6
100
AcDbArc
 50
90.0
 51
179.9999999999869
  0
LINE
  5
967
330
1F
100
AcDbEntity
  8
IE-WIRE
 62
7
 48
25.39999961853027
100
AcDbLine
 10
12169.15009150655
 20
49166.25462601428
 30
0.0
 11
3750.440149537011
 21
49166.25462601428
 31
0.0
  0
TEXT
  5
968
330
1F
100
AcDbEntity
  8
0
 62
7
100
AcDbText
 10
11402.98497919108
 20
49330.42550164608
 30
0.0
 40
310.896
  1
RD
  7
Tahoma
100
AcDbText
  0
ARC
  5
969
330
1F
100
AcDbEntity
  8
IE-WIRE
 62
7
 48
25.39999961853027
100
AcDbCircle
 10
3750.440149537011
 20
48880.65462601429
 30
0.0
 40
285.6
100
AcDbArc
 50
90.0
 51
179.9999999999869
  0
LINE
  5
96A
330
1F
100
AcDbEntity
  8
IE-WIRE
 62
4
 48
25.39999961853027
100
AcDbLine
 10
31379.0911102779
 20
61574.46173587376
 30
0.0
 11
23714.04855230426
 21
61574.46173587572
 31
0.0
  0
ARC
  5
96B
330
1F
100
AcDbEntity
  8
IE-WIRE
 62
4
 48
25.39999961853027
100
AcDbCircle
 10
31379.0911102779
 20
61287.74646369055
 30
0.0
 40
286.7152721832588
100
AcDbArc
 50
0.0
 51
90.0
  0
ARC
  5
96C
330
1F
100
AcDbEntity
  8
IE-WIRE
 62
4
 48
25.39999961853027
100
AcDbCircle
 10
31379.0911102779
 20
59736.72057495746
 30
0.0
 40
286.7152721832588
100
AcDbArc
 50
0.0
 51
90.0
  0
LINE
  5
96D
330
1F
100
AcDbEntity
  8
IE-WIRE
 62
4
 48
25.39999961853027
100
AcDbLine
 10
31379.0911102779
 20
60023.43584714067
 30
0.0
 11
23714.04855230426
 21
60023.43584714067
 31
0.0
  0
LINE
  5
96E
330
1F
100
AcDbEntity
  8
IE-WIRE
 62
4
 48
25.39999961853027
100
AcDbLine
 10
31665.80638246113
 20
61287.74646369055
 30
0.0
 11
31665.80638246113
 21
33701.76656218038
 31
0.0
  0
ARC
  5
96F
330
1F
100
AcDbEntity
  8
IE-WIRE
 62
4
 48
25.39999961853027
100
AcDbCircle
 10
31379.0911102779
 20
58185.69468622425
 30
0.0
 40
286.7152721832588
100
AcDbArc
 50
0.0
 51
90.0
  0
LINE
  5
970
330
1F
100
AcDbEntity
  8
IE-WIRE
 62
4
 48
25.39999961853027
100
AcDbLine
 10
31379.0911102779
 20
58472.40995840749
 30
0.0
 11
23714.04855230426
 21
58472.40995840749
 31
0.0
  0
ARC
  5
971
330
1F
100
AcDbEntity
  8
IE-WIRE
 62
4
 48
25.39999961853027
100
AcDbCircle
 10
31379.0911102779
 20
56634.66879749115
 30
0.0
 40
286.7152721832588
100
AcDbArc
 50
0.0
 51
90.0
  0
LINE
  5
972
330
1F
100
AcDbEntity
  8
IE-WIRE
 62
4
 48
25.39999961853027
100
AcDbLine
 10
31379.0911102779
 20
56921.38406967439
 30
0.0
 11
23714.04855230426
 21
56921.38406967439
 31
0.0
  0
ARC
  5
973
330
1F
100
AcDbEntity
  8
IE-WIRE
 62
4
 48
25.39999961853027
100
AcDbCircle
 10
31379.0911102779
 20
55083.6429087599
 30
0.0
 40
286.7152721832588
100
AcDbArc
 50
0.0
 51
90.0
  0
LINE
  5
974
330
1F
100
AcDbEntity
  8
IE-WIRE
 62
4
 48
25.39999961853027
100
AcDbLine
 10
31379.0911102779
 20
55370.35818094309
 30
0.0
 11
23714.04855230426
 21
55370.35818094309
 31
0.0
  0
ARC
  5
975
330
1F
100
AcDbEntity
  8
IE-WIRE
 62
4
 48
25.39999961853027
100
AcDbCircle
 10
31379.0911102779
 20
47328.51346509602
 30
0.0
 40
286.7152721832588
100
AcDbArc
 50
0.0
 51
90.0
  0
LINE
  5
976
330
1F
100
AcDbEntity
  8
IE-WIRE
 62
4
 48
25.39999961853027
100
AcDbLine
 10
31379.0911102779
 20
47615.22873728109
 30
0.0
 11
23714.04855230426
 21
47615.22873728109
 31
0.0
  0
ARC
  5
977
330
1F
100
AcDbEntity
  8
IE-WIRE
 62
4
 48
25.39999961853027
100
AcDbCircle
 10
31379.0911102779
 20
45777.48757636477
 30
0.0
 40
286.7152721832588
100
AcDbArc
 50
0.0
 51
90.0
  0
LINE
  5
978
330
1F
100
AcDbEntity
  8
IE-WIRE
 62
4
 48
25.39999961853027
100
AcDbLine
 10
31379.0911102779
 20
46064.202848548
 30
0.0
 11
23714.04855230426
 21
46064.202848548
 31
0.0
  0
ARC
  5
979
330
1F
100
AcDbEntity
  8
IE-WIRE
 62
4
 48
25.39999961853027
100
AcDbCircle
 10
31379.0911102779
 20
44226.46168763155
 30
0.0
 40
286.7152721832588
100
AcDbArc
 50
0.0
 51
90.0
  0
LINE
  5
97A
330
1F
100
AcDbEntity
  8
IE-WIRE
 62
4
 48
25.39999961853027
100
AcDbLine
 10
31379.0911102779
 20
44513.17695981478
 30
0.0
 11
23714.04855230426
 21
44513.17695981478
 31
0.0
  0
ARC
  5
97B
330
1F
100
AcDbEntity
  8
IE-WIRE
 62
4
 48
25.39999961853027
100
AcDbCircle
 10
31379.0911102779
 20
42675.43579890029
 30
0.0
 40
286.7152721832588
100
AcDbArc
 50
0.0
 51
90.0
  0
LINE
  5
97C
330
1F
100
AcDbEntity
  8
IE-WIRE
 62
4
 48
25.39999961853027
100
AcDbLine
 10
31379.0911102779
 20
42962.15107108352
 30
0.0
 11
23714.04855230426
 21
42962.15107108352
 31
0.0
  0
ARC
  5
97D
330
1F
100
AcDbEntity
  8
IE-WIRE
 62
4
 48
25.39999961853027
100
AcDbCircle
 10
31379.0911102779
 20
41124.4099101672
 30
0.0
 40
286.7152721832588
100
AcDbArc
 50
0.0
 51
90.0
  0
LINE
  5
97E
330
1F
100
AcDbEntity
  8
IE-WIRE
 62
4
 48
25.39999961853027
100
AcDbLine
 10
31379.0911102779
 20
41411.12518235042
 30
0.0
 11
23714.04855230426
 21
41411.12518235042
 31
0.0
  0
ARC
  5
97F
330
1F
100
AcDbEntity
  8
IE-WIRE
 62
4
 48
25.39999961853027
100
AcDbCircle
 10
31379.0911102779
 20
53532.61702002483
 30
0.0
 40
286.7152721832588
100
AcDbArc
 50
0.0
 51
90.0
  0
LINE
  5
980
330
1F
100
AcDbEntity
  8
IE-WIRE
 62
4
 48
25.39999961853027
100
AcDbLine
 10
31379.0911102779
 20
53819.33229220807
 30
0.0
 11
23714.04855230426
 21
53819.33229220807
 31
0.0
  0
ARC
  5
981
330
1F
100
AcDbEntity
  8
IE-WIRE
 62
4
 48
25.39999961853027
100
AcDbCircle
 10
31379.0911102779
 20
51981.59113129358
 30
0.0
 40
286.7152721832588
100
AcDbArc
 50
0.0
 51
90.0
  0
LINE
  5
982
330
1F
100
AcDbEntity
  8
IE-WIRE
 62
4
 48
25.39999961853027
100
AcDbLine
 10
31379.0911102779
 20
52268.30640347682
 30
0.0
 11
23714.04855230426
 21
52268.30640347682
 31
0.0
  0
ARC
  5
983
330
1F
100
AcDbEntity
  8
IE-WIRE
 62
4
 48
25.39999961853027
100
AcDbCircle
 10
31379.0911102779
 20
50430.5652425604
 30
0.0
 40
286.7152721832588
100
AcDbArc
 50
0.0
 51
90.0
  0
LINE
  5
984
330
1F
100
AcDbEntity
  8
IE-WIRE
 62
4
 48
25.39999961853027
100
AcDbLine
 10
31379.0911102779
 20
50717.28051474359
 30
0.0
 11
23714.04855230426
 21
50717.28051474359
 31
0.0
  0
ARC
  5
985
330
1F
100
AcDbEntity
  8
IE-WIRE
 62
4
 48
25.39999961853027
100
AcDbCircle
 10
31379.0911102779
 20
39573.38402143593
 30
0.0
 40
286.7152721832588
100
AcDbArc
 50
0.0
 51
90.0
  0
LINE
  5
986
330
1F
100
AcDbEntity
  8
IE-WIRE
 62
4
 48
25.39999961853027
100
AcDbLine
 10
31379.0911102779
 20
39860.09929361916
 30
0.0
 11
23714.04855230426
 21
39860.09929361916
 31
0.0
  0
ARC
  5
987
330
1F
100
AcDbEntity
  8
IE-WIRE
 62
4
 48
25.39999961853027
100
AcDbCircle
 10
31379.0911102779
 20
38022.35813270272
 30
0.0
 40
286.7152721832588
100
AcDbArc
 50
0.0
 51
90.0
  0
LINE
  5
988
330
1F
100
AcDbEntity
  8
IE-WIRE
 62
4
 48
25.39999961853027
100
AcDbLine
 10
31379.0911102779
 20
38309.07340488595
 30
0.0
 11
23714.04855230426
 21
38309.07340488595
 31
0.0
  0
ARC
  5
989
330
1F
100
AcDbEntity
  8
IE-WIRE
 62
4
 48
25.39999961853027
100
AcDbCircle
 10
31379.0911102779
 20
36471.33224397147
 30
0.0
 40
286.7152721832588
100
AcDbArc
 50
0.0
 51
90.0
  0
LINE
  5
98A
330
1F
100
AcDbEntity
  8
IE-WIRE
 62
4
 48
25.39999961853027
100
AcDbLine
 10
31379.0911102779
 20
36758.04751615468
 30
0.0
 11
23714.04855230426
 21
36758.04751615468
 31
0.0
  0
LINE
  5
98B
330
1F
100
AcDbEntity
  8
IE-WIRE
 62
7
 48
25.39999961853027
100
AcDbLine
 10
23714.04855230426
 20
35207.02162742159
 30
0.0
 11
32132.75849427066
 21
35207.02162742159
 31
0.0
  0
LINE
  5
98C
330
1F
100
AcDbEntity
  8
IE-WIRE
 62
7
 48
25.39999961853027
100
AcDbLine
 10
32418.35849427374
 20
48880.65462601422
 30
0.0
 11
32418.35849427029
 21
33416.16656218038
 31
0.0
  0
ARC
  5
98D
330
1F
100
AcDbEntity
  8
IE-WIRE
 62
7
 48
25.39999961853027
100
AcDbCircle
 10
32132.75849427066
 20
34921.42162742159
 30
0.0
 40
285.6
100
AcDbArc
 50
0.0
 51
90.0
  0
LINE
  5
98E
330
1F
100
AcDbEntity
  8
IE-WIRE
 62
7
 48
25.39999961853027
100
AcDbLine
 10
23714.04855230426
 20
49166.25462601428
 30
0.0
 11
32132.75849427374
 21
49166.25462601428
 31
0.0
  0
ARC
  5
98F
330
1F
100
AcDbEntity
  8
IE-WIRE
 62
7
 48
25.39999961853027
100
AcDbCircle
 10
32132.75849427374
 20
48880.65462601429
 30
0.0
 40
285.6
100
AcDbArc
 50
0.0
 51
90.0
  0
TEXT
  5
990
330
1F
100
AcDbEntity
  8
power
 62
7
100
AcDbText
 10
52008.657029414
 20
63619.69184379665
 30
0.0
 40
311.43150747864
  1
1
  7
Tahoma
 72
1
 11
52125.57456647281
 21
63775.40759753597
 31
0.0
100
AcDbText
 73
2
  0
CIRCLE
  5
991
330
1F
100
AcDbEntity
  8
power
 62
1
 48
25.39999961853027
100
AcDbCircle
 10
53965.73159049053
 20
63801.43584786791
 30
0.0
 40
98.60900891317236
  0
ARC
  5
992
330
1F
100
AcDbEntity
  8
power
 62
1
 48
25.39999961853027
100
AcDbCircle
 10
53815.5039631727
 20
63713.66001796728
 30
0.0
 40
239.390158839955
100
AcDbArc
 50
51.13091600743826
 51
171.3253832686648
  0
CIRCLE
  5
993
330
1F
100
AcDbEntity
  8
power
 62
1
 48
25.39999961853027
100
AcDbCircle
 10
53139.6954219047
 20
63801.43584786791
 30
0.0
 40
98.60900891317236
  0
ARC
  5
994
330
1F
100
AcDbEntity
  8
power
 62
1
 48
25.39999961853027
100
AcDbCircle
 10
53350.70265914719
 20
63806.48775823739
 30
0.0
 40
235.0949603003359
100
AcDbArc
 50
206.163369200148
 51
346.0382736866465
  0
LWPOLYLINE
  5
995
330
1F
100
AcDbEntity
  8
0
 62
1
 48
25.39999961853027
100
AcDbPolyline
 90
4
 70
1
 10
51712.52051790297
 20
63469.3751833112
 10
55122.06443007621
 20
63469.3751833112
 10
55122.06443007621
 20
64113.49354412929
 10
51712.52051790297
 20
64113.49354412929
  0
LWPOLYLINE
  5
996
330
1F
100
AcDbEntity
  8
0
 62
1
 48
25.39999961853027
100
AcDbPolyline
 90
4
 70
1
 10
55122.06443007621
 20
63469.3751833112
 10
55766.26152578529
 20
63469.3751833112
 10
55766.26152578529
 20
64113.49354412929
 10
55122.06443007621
 20
64113.49354412929
  0
LINE
  5
997
330
1F
100
AcDbEntity
  8
0
 62
1
 48
25.39999961853027
100
AcDbLine
 10
55324.30393422034
 20
63911.27875804828
 30
0.0
 11
55564.02202163928
 21
63671.58996939419
 31
0.0
  0
CIRCLE
  5
998
330
1F
100
AcDbEntity
  8
0
 62
1
 48
25.39999961853027
100
AcDbCircle
 10
55444.16297792886
 20
63791.4343637202
 30
0.0
 40
169.4959268263355
  0
LINE
  5
999
330
1F
100
AcDbEntity
  8
0
 62
1
 48
25.39999961853027
100
AcDbLine
 10
55564.02202163737
 20
63911.27875804828
 30
0.0
 11
55324.30393422034
 21
63671.58996939419
 31
0.0
  0
LWPOLYLINE
  5
99A
330
1F
100
AcDbEntity
  8
0
 62
1
 48
25.39999961853027
100
AcDbPolyline
 90
4
 70
1
 10
51068.323422192
 20
63469.3751833112
 10
51712.52051790107
 20
63469.3751833112
 10
51712.52051790107
 20
64113.49354412929
 10
51068.323422192
 20
64113.49354412929
  0
LINE
  5
99B
330
1F
100
AcDbEntity
  8
0
 62
1
 48
25.39999961853027
100
AcDbLine
 10
51510.28101375695
 20
63911.27875804828
 30
0.0
 11
51270.56292633801
 21
63671.58996939419
 31
0.0
  0
CIRCLE
  5
99C
330
1F
100
AcDbEntity
  8
0
 62
1
 48
25.39999961853027
100
AcDbCircle
 10
51390.42197004843
 20
63791.4343637202
 30
0.0
 40
169.4959268263355
  0
LINE
  5
99D
330
1F
100
AcDbEntity
  8
0
 62
1
 48
25.39999961853027
100
AcDbLine
 10
51270.56292633992
 20
63911.27875804828
 30
0.0
 11
51510.28101375695
 21
63671.58996939419
 31
0.0
  0
TEXT
  5
99E
330
1F
100
AcDbEntity
  8
power
 62
7
100
AcDbText
 10
52008.657029414
 20
62975.57348297858
 30
0.0
 40
311.43150747864
  1
2
  7
Tahoma
 72
1
 11
52125.57456647281
 21
63131.2892367179
 31
0.0
100
AcDbText
 73
2
  0
CIRCLE
  5
99F
330
1F
100
AcDbEntity
  8
power
 62
1
 48
25.39999961853027
100
AcDbCircle
 10
53965.73159049053
 20
63157.31748704983
 30
0.0
 40
98.60900891317236
  0
ARC
  5
9A0
330
1F
100
AcDbEntity
  8
power
 62
1
 48
25.39999961853027
100
AcDbCircle
 10
53815.5039631727
 20
63069.54165714921
 30
0.0
 40
239.390158839955
100
AcDbArc
 50
51.13091600743826
 51
171.3253832686648
  0
CIRCLE
  5
9A1
330
1F
100
AcDbEntity
  8
power
 62
1
 48
25.39999961853027
100
AcDbCircle
 10
53139.6954219047
 20
63157.31748704983
 30
0.0
 40
98.60900891317236
  0
ARC
  5
9A2
330
1F
100
AcDbEntity
  8
power
 62
1
 48
25.39999961853027
100
AcDbCircle
 10
53350.70265914719
 20
63162.3693974193
 30
0.0
 40
235.0949603003359
100
AcDbArc
 50
206.163369200144
 51
346.0382736866538
  0
LWPOLYLINE
  5
9A3
330
1F
100
AcDbEntity
  8
0
 62
1
 48
25.39999961853027
100
AcDbPolyline
 90
4
 70
1
 10
51712.52051790297
 20
62825.25682249315
 10
55122.06443007621
 20
62825.25682249315
 10
55122.06443007621
 20
63469.3751833112
 10
51712.52051790297
 20
63469.3751833112
  0
LWPOLYLINE
  5
9A4
330
1F
100
AcDbEntity
  8
0
 62
1
 48
25.39999961853027
100
AcDbPolyline
 90
4
 70
1
 10
55122.06443007621
 20
62825.25682249315
 10
55766.26152578529
 20
62825.25682249315
 10
55766.26152578529
 20
63469.3751833112
 10
55122.06443007621
 20
63469.3751833112
  0
LINE
  5
9A5
330
1F
100
AcDbEntity
  8
0
 62
1
 48
25.39999961853027
100
AcDbLine
 10
55324.30393422034
 20
63267.16039723021
 30
0.0
 11
55564.02202163928
 21
63027.47160857612
 31
0.0
  0
CIRCLE
  5
9A6
330
1F
100
AcDbEntity
  8
0
 62
1
 48
25.39999961853027
100
AcDbCircle
 10
55444.16297792886
 20
63147.31600290212
 30
0.0
 40
169.4959268263355
  0
LINE
  5
9A7
330
1F
100
AcDbEntity
  8
0
 62
1
 48
25.39999961853027
100
AcDbLine
 10
55564.02202163737
 20
63267.16039723021
 30
0.0
 11
55324.30393422034
 21
63027.47160857612
 31
0.0
  0
LWPOLYLINE
  5
9A8
330
1F
100
AcDbEntity
  8
0
 62
1
 48
25.39999961853027
100
AcDbPolyline
 90
4
 70
1
 10
51068.323422192
 20
62825.25682249315
 10
51712.52051790107
 20
62825.25682249315
 10
51712.52051790107
 20
63469.3751833112
 10
51068.323422192
 20
63469.3751833112
  0
LINE
  5
9A9
330
1F
100
AcDbEntity
  8
0
 62
1
 48
25.39999961853027
100
AcDbLine
 10
51510.28101375695
 20
63267.16039723021
 30
0.0
 11
51270.56292633801
 21
63027.47160857612
 31
0.0
  0
CIRCLE
  5
9AA
330
1F
100
AcDbEntity
  8
0
 62
1
 48
25.39999961853027
100
AcDbCircle
 10
51390.42197004843
 20
63147.31600290212
 30
0.0
 40
169.4959268263355
  0
LINE
  5
9AB
330
1F
100
AcDbEntity
  8
0
 62
1
 48
25.39999961853027
100
AcDbLine
 10
51270.56292633992
 20
63267.16039723021
 30
0.0
 11
51510.28101375695
 21
63027.47160857612
 31
0.0
  0
TEXT
  5
9AC
330
1F
100
AcDbEntity
  8
power
 62
7
100
AcDbText
 10
52008.657029414
 20
62331.45512216051
 30
0.0
 40
311.43150747864
  1
3
  7
Tahoma
 72
1
 11
52125.57456647281
 21
62487.17087589983
 31
0.0
100
AcDbText
 73
2
  0
CIRCLE
  5
9AD
330
1F
100
AcDbEntity
  8
power
 62
1
 48
25.39999961853027
100
AcDbCircle
 10
53965.73159049053
 20
62513.19912623176
 30
0.0
 40
98.60900891317236
  0
ARC
  5
9AE
330
1F
100
AcDbEntity
  8
power
 62
1
 48
25.39999961853027
100
AcDbCircle
 10
53815.5039631727
 20
62425.42329633112
 30
0.0
 40
239.390158839955
100
AcDbArc
 50
51.13091600744071
 51
171.3253832686648
  0
CIRCLE
  5
9AF
330
1F
100
AcDbEntity
  8
power
 62
1
 48
25.39999961853027
100
AcDbCircle
 10
53139.6954219047
 20
62513.19912623176
 30
0.0
 40
98.60900891317236
  0
ARC
  5
9B0
330
1F
100
AcDbEntity
  8
power
 62
1
 48
25.39999961853027
100
AcDbCircle
 10
53350.70265914719
 20
62518.25103660123
 30
0.0
 40
235.0949603003359
100
AcDbArc
 50
206.163369200144
 51
346.0382736866538
  0
LWPOLYLINE
  5
9B1
330
1F
100
AcDbEntity
  8
0
 62
1
 48
25.39999961853027
100
AcDbPolyline
 90
4
 70
1
 10
51712.52051790297
 20
62181.13846167507
 10
55122.06443007621
 20
62181.13846167507
 10
55122.06443007621
 20
62825.25682249315
 10
51712.52051790297
 20
62825.25682249315
  0
LWPOLYLINE
  5
9B2
330
1F
100
AcDbEntity
  8
0
 62
1
 48
25.39999961853027
100
AcDbPolyline
 90
4
 70
1
 10
55122.06443007621
 20
62181.13846167507
 10
55766.26152578529
 20
62181.13846167507
 10
55766.26152578529
 20
62825.25682249315
 10
55122.06443007621
 20
62825.25682249315
  0
LINE
  5
9B3
330
1F
100
AcDbEntity
  8
0
 62
1
 48
25.39999961853027
100
AcDbLine
 10
55324.30393422034
 20
62623.04203641214
 30
0.0
 11
55564.02202163928
 21
62383.35324775804
 31
0.0
  0
CIRCLE
  5
9B4
330
1F
100
AcDbEntity
  8
0
 62
1
 48
25.39999961853027
100
AcDbCircle
 10
55444.16297792886
 20
62503.19764208405
 30
0.0
 40
169.4959268263355
  0
LINE
  5
9B5
330
1F
100
AcDbEntity
  8
0
 62
1
 48
25.39999961853027
100
AcDbLine
 10
55564.02202163737
 20
62623.04203641214
 30
0.0
 11
55324.30393422034
 21
62383.35324775804
 31
0.0
  0
LWPOLYLINE
  5
9B6
330
1F
100
AcDbEntity
  8
0
 62
1
 48
25.39999961853027
100
AcDbPolyline
 90
4
 70
1
 10
51068.323422192
 20
62181.13846167507
 10
51712.52051790107
 20
62181.13846167507
 10
51712.52051790107
 20
62825.25682249315
 10
51068.323422192
 20
62825.25682249315
  0
LINE
  5
9B7
330
1F
100
AcDbEntity
  8
0
 62
1
 48
25.39999961853027
100
AcDbLine
 10
51510.28101375695
 20
62623.04203641214
 30
0.0
 11
51270.56292633801
 21
62383.35324775804
 31
0.0
  0
CIRCLE
  5
9B8
330
1F
100
AcDbEntity
  8
0
 62
1
 48
25.39999961853027
100
AcDbCircle
 10
51390.42197004843
 20
62503.19764208405
 30
0.0
 40
169.4959268263355
  0
LINE
  5
9B9
330
1F
100
AcDbEntity
  8
0
 62
1
 48
25.39999961853027
100
AcDbLine
 10
51270.56292633992
 20
62623.04203641214
 30
0.0
 11
51510.28101375695
 21
62383.35324775804
 31
0.0
  0
TEXT
  5
9BA
330
1F
100
AcDbEntity
  8
power
 62
7
100
AcDbText
 10
52008.657029414
 20
61687.33676134243
 30
0.0
 40
311.43150747864
  1
4
  7
Tahoma
 72
1
 11
52125.57456647281
 21
61843.05251508176
 31
0.0
100
AcDbText
 73
2
  0
CIRCLE
  5
9BB
330
1F
100
AcDbEntity
  8
power
 62
1
 48
25.39999961853027
100
AcDbCircle
 10
53965.73159049053
 20
61869.08076541367
 30
0.0
 40
98.60900891317236
  0
ARC
  5
9BC
330
1F
100
AcDbEntity
  8
power
 62
1
 48
25.39999961853027
100
AcDbCircle
 10
53815.5039631727
 20
61781.30493551306
 30
0.0
 40
239.390158839955
100
AcDbArc
 50
51.13091600743826
 51
171.3253832686648
  0
CIRCLE
  5
9BD
330
1F
100
AcDbEntity
  8
power
 62
1
 48
25.39999961853027
100
AcDbCircle
 10
53139.6954219047
 20
61869.08076541367
 30
0.0
 40
98.60900891317236
  0
ARC
  5
9BE
330
1F
100
AcDbEntity
  8
power
 62
1
 48
25.39999961853027
100
AcDbCircle
 10
53350.70265914719
 20
61874.13267578316
 30
0.0
 40
235.0949603003359
100
AcDbArc
 50
206.163369200144
 51
346.0382736866538
  0
LWPOLYLINE
  5
9BF
330
1F
100
AcDbEntity
  8
0
 62
1
 48
25.39999961853027
100
AcDbPolyline
 90
4
 70
1
 10
51712.52051790297
 20
61537.02010085701
 10
55122.06443007621
 20
61537.02010085701
 10
55122.06443007621
 20
62181.13846167507
 10
51712.52051790297
 20
62181.13846167507
  0
LWPOLYLINE
  5
9C0
330
1F
100
AcDbEntity
  8
0
 62
1
 48
25.39999961853027
100
AcDbPolyline
 90
4
 70
1
 10
55122.06443007621
 20
61537.02010085701
 10
55766.26152578529
 20
61537.02010085701
 10
55766.26152578529
 20
62181.13846167507
 10
55122.06443007621
 20
62181.13846167507
  0
LINE
  5
9C1
330
1F
100
AcDbEntity
  8
0
 62
1
 48
25.39999961853027
100
AcDbLine
 10
55324.30393422034
 20
61978.92367559407
 30
0.0
 11
55564.02202163928
 21
61739.23488693996
 31
0.0
  0
CIRCLE
  5
9C2
330
1F
100
AcDbEntity
  8
0
 62
1
 48
25.39999961853027
100
AcDbCircle
 10
55444.16297792886
 20
61859.07928126598
 30
0.0
 40
169.4959268263355
  0
LINE
  5
9C3
330
1F
100
AcDbEntity
  8
0
 62
1
 48
25.39999961853027
100
AcDbLine
 10
55564.02202163737
 20
61978.92367559407
 30
0.0
 11
55324.30393422034
 21
61739.23488693996
 31
0.0
  0
LWPOLYLINE
  5
9C4
330
1F
100
AcDbEntity
  8
0
 62
1
 48
25.39999961853027
100
AcDbPolyline
 90
4
 70
1
 10
51068.323422192
 20
61537.02010085701
 10
51712.52051790107
 20
61537.02010085701
 10
51712.52051790107
 20
62181.13846167507
 10
51068.323422192
 20
62181.13846167507
  0
LINE
  5
9C5
330
1F
100
AcDbEntity
  8
0
 62
1
 48
25.39999961853027
100
AcDbLine
 10
51510.28101375695
 20
61978.92367559407
 30
0.0
 11
51270.56292633801
 21
61739.23488693996
 31
0.0
  0
CIRCLE
  5
9C6
330
1F
100
AcDbEntity
  8
0
 62
1
 48
25.39999961853027
100
AcDbCircle
 10
51390.42197004843
 20
61859.07928126598
 30
0.0
 40
169.4959268263355
  0
LINE
  5
9C7
330
1F
100
AcDbEntity
  8
0
 62
1
 48
25.39999961853027
100
AcDbLine
 10
51270.56292633992
 20
61978.92367559407
 30
0.0
 11
51510.28101375695
 21
61739.23488693996
 31
0.0
  0
TEXT
  5
9C8
330
1F
100
AcDbEntity
  8
power
 62
7
100
AcDbText
 10
52008.657029414
 20
61043.21840052438
 30
0.0
 40
311.43150747864
  1
5
  7
Tahoma
 72
1
 11
52125.57456647281
 21
61198.9341542637
 31
0.0
100
AcDbText
 73
2
  0
CIRCLE
  5
9C9
330
1F
100
AcDbEntity
  8
power
 62
1
 48
25.39999961853027
100
AcDbCircle
 10
53965.73159049053
 20
61224.96240459562
 30
0.0
 40
98.60900891317236
  0
ARC
  5
9CA
330
1F
100
AcDbEntity
  8
power
 62
1
 48
25.39999961853027
100
AcDbCircle
 10
53815.5039631727
 20
61137.18657469499
 30
0.0
 40
239.390158839955
100
AcDbArc
 50
51.13091600743826
 51
171.3253832686648
  0
CIRCLE
  5
9CB
330
1F
100
AcDbEntity
  8
power
 62
1
 48
25.39999961853027
100
AcDbCircle
 10
53139.6954219047
 20
61224.96240459562
 30
0.0
 40
98.60900891317236
  0
ARC
  5
9CC
330
1F
100
AcDbEntity
  8
power
 62
1
 48
25.39999961853027
100
AcDbCircle
 10
53350.70265914719
 20
61230.01431496508
 30
0.0
 40
235.0949603003359
100
AcDbArc
 50
206.163369200144
 51
346.0382736866538
  0
LWPOLYLINE
  5
9CD
330
1F
100
AcDbEntity
  8
0
 62
1
 48
25.39999961853027
100
AcDbPolyline
 90
4
 70
1
 10
51712.52051790297
 20
60892.90174003893
 10
55122.06443007621
 20
60892.90174003893
 10
55122.06443007621
 20
61537.02010085701
 10
51712.52051790297
 20
61537.02010085701
  0
LWPOLYLINE
  5
9CE
330
1F
100
AcDbEntity
  8
0
 62
1
 48
25.39999961853027
100
AcDbPolyline
 90
4
 70
1
 10
55122.06443007621
 20
60892.90174003893
 10
55766.26152578529
 20
60892.90174003893
 10
55766.26152578529
 20
61537.02010085701
 10
55122.06443007621
 20
61537.02010085701
  0
LINE
  5
9CF
330
1F
100
AcDbEntity
  8
0
 62
1
 48
25.39999961853027
100
AcDbLine
 10
55324.30393422034
 20
61334.80531477599
 30
0.0
 11
55564.02202163928
 21
61095.1165261219
 31
0.0
  0
CIRCLE
  5
9D0
330
1F
100
AcDbEntity
  8
0
 62
1
 48
25.39999961853027
100
AcDbCircle
 10
55444.16297792886
 20
61214.96092044789
 30
0.0
 40
169.4959268263355
  0
LINE
  5
9D1
330
1F
100
AcDbEntity
  8
0
 62
1
 48
25.39999961853027
100
AcDbLine
 10
55564.02202163737
 20
61334.80531477599
 30
0.0
 11
55324.30393422034
 21
61095.1165261219
 31
0.0
  0
LWPOLYLINE
  5
9D2
330
1F
100
AcDbEntity
  8
0
 62
1
 48
25.39999961853027
100
AcDbPolyline
 90
4
 70
1
 10
51068.323422192
 20
60892.90174003893
 10
51712.52051790107
 20
60892.90174003893
 10
51712.52051790107
 20
61537.02010085701
 10
51068.323422192
 20
61537.02010085701
  0
LINE
  5
9D3
330
1F
100
AcDbEntity
  8
0
 62
1
 48
25.39999961853027
100
AcDbLine
 10
51510.28101375695
 20
61334.80531477599
 30
0.0
 11
51270.56292633801
 21
61095.1165261219
 31
0.0
  0
CIRCLE
  5
9D4
330
1F
100
AcDbEntity
  8
0
 62
1
 48
25.39999961853027
100
AcDbCircle
 10
51390.42197004843
 20
61214.96092044789
 30
0.0
 40
169.4959268263355
  0
LINE
  5
9D5
330
1F
100
AcDbEntity
  8
0
 62
1
 48
25.39999961853027
100
AcDbLine
 10
51270.56292633992
 20
61334.80531477599
 30
0.0
 11
51510.28101375695
 21
61095.1165261219
 31
0.0
  0
TEXT
  5
9D6
330
1F
100
AcDbEntity
  8
power
 62
7
100
AcDbText
 10
52008.657029414
 20
60399.10003970629
 30
0.0
 40
311.43150747864
  1
6
  7
Tahoma
 72
1
 11
52125.57456647281
 21
60554.81579344561
 31
0.0
100
AcDbText
 73
2
  0
CIRCLE
  5
9D7
330
1F
100
AcDbEntity
  8
power
 62
1
 48
25.39999961853027
100
AcDbCircle
 10
53965.73159049053
 20
60580.84404377754
 30
0.0
 40
98.60900891317236
  0
ARC
  5
9D8
330
1F
100
AcDbEntity
  8
power
 62
1
 48
25.39999961853027
100
AcDbCircle
 10
53815.5039631727
 20
60493.06821387692
 30
0.0
 40
239.390158839955
100
AcDbArc
 50
51.13091600743826
 51
171.3253832686613
  0
CIRCLE
  5
9D9
330
1F
100
AcDbEntity
  8
power
 62
1
 48
25.39999961853027
100
AcDbCircle
 10
53139.6954219047
 20
60580.84404377754
 30
0.0
 40
98.60900891317236
  0
ARC
  5
9DA
330
1F
100
AcDbEntity
  8
power
 62
1
 48
25.39999961853027
100
AcDbCircle
 10
53350.70265914719
 20
60585.89595414701
 30
0.0
 40
235.0949603003359
100
AcDbArc
 50
206.163369200148
 51
346.0382736866538
  0
LWPOLYLINE
  5
9DB
330
1F
100
AcDbEntity
  8
0
 62
1
 48
25.39999961853027
100
AcDbPolyline
 90
4
 70
1
 10
51712.52051790297
 20
60248.78337922085
 10
55122.06443007621
 20
60248.78337922085
 10
55122.06443007621
 20
60892.90174003893
 10
51712.52051790297
 20
60892.90174003893
  0
LWPOLYLINE
  5
9DC
330
1F
100
AcDbEntity
  8
0
 62
1
 48
25.39999961853027
100
AcDbPolyline
 90
4
 70
1
 10
55122.06443007621
 20
60248.78337922085
 10
55766.26152578529
 20
60248.78337922085
 10
55766.26152578529
 20
60892.90174003893
 10
55122.06443007621
 20
60892.90174003893
  0
LINE
  5
9DD
330
1F
100
AcDbEntity
  8
0
 62
1
 48
25.39999961853027
100
AcDbLine
 10
55324.30393422034
 20
60690.68695395792
 30
0.0
 11
55564.02202163928
 21
60450.99816530383
 31
0.0
  0
CIRCLE
  5
9DE
330
1F
100
AcDbEntity
  8
0
 62
1
 48
25.39999961853027
100
AcDbCircle
 10
55444.16297792886
 20
60570.84255962983
 30
0.0
 40
169.4959268263355
  0
LINE
  5
9DF
330
1F
100
AcDbEntity
  8
0
 62
1
 48
25.39999961853027
100
AcDbLine
 10
55564.02202163737
 20
60690.68695395792
 30
0.0
 11
55324.30393422034
 21
60450.99816530383
 31
0.0
  0
LWPOLYLINE
  5
9E0
330
1F
100
AcDbEntity
  8
0
 62
1
 48
25.39999961853027
100
AcDbPolyline
 90
4
 70
1
 10
51068.323422192
 20
60248.78337922085
 10
51712.52051790107
 20
60248.78337922085
 10
51712.52051790107
 20
60892.90174003893
 10
51068.323422192
 20
60892.90174003893
  0
LINE
  5
9E1
330
1F
100
AcDbEntity
  8
0
 62
1
 48
25.39999961853027
100
AcDbLine
 10
51510.28101375695
 20
60690.68695395792
 30
0.0
 11
51270.56292633801
 21
60450.99816530383
 31
0.0
  0
CIRCLE
  5
9E2
330
1F
100
AcDbEntity
  8
0
 62
1
 48
25.39999961853027
100
AcDbCircle
 10
51390.42197004843
 20
60570.84255962983
 30
0.0
 40
169.4959268263355
  0
LINE
  5
9E3
330
1F
100
AcDbEntity
  8
0
 62
1
 48
25.39999961853027
100
AcDbLine
 10
51270.56292633992
 20
60690.68695395792
 30
0.0
 11
51510.28101375695
 21
60450.99816530383
 31
0.0
  0
TEXT
  5
9E4
330
1F
100
AcDbEntity
  8
power
 62
7
100
AcDbText
 10
52008.657029414
 20
59754.98167888822
 30
0.0
 40
311.43150747864
  1
7
  7
Tahoma
 72
1
 11
52125.57456647281
 21
59910.69743262754
 31
0.0
100
AcDbText
 73
2
  0
CIRCLE
  5
9E5
330
1F
100
AcDbEntity
  8
power
 62
1
 48
25.39999961853027
100
AcDbCircle
 10
53965.73159049053
 20
59936.72568295948
 30
0.0
 40
98.60900891317236
  0
ARC
  5
9E6
330
1F
100
AcDbEntity
  8
power
 62
1
 48
25.39999961853027
100
AcDbCircle
 10
53815.5039631727
 20
59848.94985305885
 30
0.0
 40
239.390158839955
100
AcDbArc
 50
51.13091600743826
 51
171.3253832686648
  0
CIRCLE
  5
9E7
330
1F
100
AcDbEntity
  8
power
 62
1
 48
25.39999961853027
100
AcDbCircle
 10
53139.6954219047
 20
59936.72568295948
 30
0.0
 40
98.60900891317236
  0
ARC
  5
9E8
330
1F
100
AcDbEntity
  8
power
 62
1
 48
25.39999961853027
100
AcDbCircle
 10
53350.70265914719
 20
59941.77759332894
 30
0.0
 40
235.0949603003359
100
AcDbArc
 50
206.163369200144
 51
346.0382736866538
  0
LWPOLYLINE
  5
9E9
330
1F
100
AcDbEntity
  8
0
 62
1
 48
25.39999961853027
100
AcDbPolyline
 90
4
 70
1
 10
51712.52051790297
 20
59604.66501840278
 10
55122.06443007621
 20
59604.66501840278
 10
55122.06443007621
 20
60248.78337922085
 10
51712.52051790297
 20
60248.78337922085
  0
LWPOLYLINE
  5
9EA
330
1F
100
AcDbEntity
  8
0
 62
1
 48
25.39999961853027
100
AcDbPolyline
 90
4
 70
1
 10
55122.06443007621
 20
59604.66501840278
 10
55766.26152578529
 20
59604.66501840278
 10
55766.26152578529
 20
60248.78337922085
 10
55122.06443007621
 20
60248.78337922085
  0
LINE
  5
9EB
330
1F
100
AcDbEntity
  8
0
 62
1
 48
25.39999961853027
100
AcDbLine
 10
55324.30393422034
 20
60046.56859313983
 30
0.0
 11
55564.02202163928
 21
59806.87980448575
 31
0.0
  0
CIRCLE
  5
9EC
330
1F
100
AcDbEntity
  8
0
 62
1
 48
25.39999961853027
100
AcDbCircle
 10
55444.16297792886
 20
59926.72419881176
 30
0.0
 40
169.4959268263355
  0
LINE
  5
9ED
330
1F
100
AcDbEntity
  8
0
 62
1
 48
25.39999961853027
100
AcDbLine
 10
55564.02202163737
 20
60046.56859313983
 30
0.0
 11
55324.30393422034
 21
59806.87980448575
 31
0.0
  0
LWPOLYLINE
  5
9EE
330
1F
100
AcDbEntity
  8
0
 62
1
 48
25.39999961853027
100
AcDbPolyline
 90
4
 70
1
 10
51068.323422192
 20
59604.66501840278
 10
51712.52051790107
 20
59604.66501840278
 10
51712.52051790107
 20
60248.78337922085
 10
51068.323422192
 20
60248.78337922085
  0
LINE
  5
9EF
330
1F
100
AcDbEntity
  8
0
 62
1
 48
25.39999961853027
100
AcDbLine
 10
51510.28101375695
 20
60046.56859313983
 30
0.0
 11
51270.56292633801
 21
59806.87980448575
 31
0.0
  0
CIRCLE
  5
9F0
330
1F
100
AcDbEntity
  8
0
 62
1
 48
25.39999961853027
100
AcDbCircle
 10
51390.42197004843
 20
59926.72419881176
 30
0.0
 40
169.4959268263355
  0
LINE
  5
9F1
330
1F
100
AcDbEntity
  8
0
 62
1
 48
25.39999961853027
100
AcDbLine
 10
51270.56292633992
 20
60046.56859313983
 30
0.0
 11
51510.28101375695
 21
59806.87980448575
 31
0.0
  0
TEXT
  5
9F2
330
1F
100
AcDbEntity
  8
power
 62
7
100
AcDbText
 10
52008.657029414
 20
59110.86331807014
 30
0.0
 40
311.43150747864
  1
8
  7
Tahoma
 72
1
 11
52125.57456647281
 21
59266.57907180946
 31
0.0
100
AcDbText
 73
2
  0
CIRCLE
  5
9F3
330
1F
100
AcDbEntity
  8
power
 62
1
 48
25.39999961853027
100
AcDbCircle
 10
53965.73159049053
 20
59292.6073221414
 30
0.0
 40
98.60900891317236
  0
ARC
  5
9F4
330
1F
100
AcDbEntity
  8
power
 62
1
 48
25.39999961853027
100
AcDbCircle
 10
53815.5039631727
 20
59204.83149224076
 30
0.0
 40
239.390158839955
100
AcDbArc
 50
51.13091600744071
 51
171.3253832686648
  0
CIRCLE
  5
9F5
330
1F
100
AcDbEntity
  8
power
 62
1
 48
25.39999961853027
100
AcDbCircle
 10
53139.6954219047
 20
59292.6073221414
 30
0.0
 40
98.60900891317236
  0
ARC
  5
9F6
330
1F
100
AcDbEntity
  8
power
 62
1
 48
25.39999961853027
100
AcDbCircle
 10
53350.70265914719
 20
59297.65923251086
 30
0.0
 40
235.0949603003359
100
AcDbArc
 50
206.163369200144
 51
346.0382736866538
  0
LWPOLYLINE
  5
9F7
330
1F
100
AcDbEntity
  8
0
 62
1
 48
25.39999961853027
100
AcDbPolyline
 90
4
 70
1
 10
51712.52051790297
 20
58960.54665758471
 10
55122.06443007621
 20
58960.54665758471
 10
55122.06443007621
 20
59604.66501840278
 10
51712.52051790297
 20
59604.66501840278
  0
LWPOLYLINE
  5
9F8
330
1F
100
AcDbEntity
  8
0
 62
1
 48
25.39999961853027
100
AcDbPolyline
 90
4
 70
1
 10
55122.06443007621
 20
58960.54665758471
 10
55766.26152578529
 20
58960.54665758471
 10
55766.26152578529
 20
59604.66501840278
 10
55122.06443007621
 20
59604.66501840278
  0
LINE
  5
9F9
330
1F
100
AcDbEntity
  8
0
 62
1
 48
25.39999961853027
100
AcDbLine
 10
55324.30393422034
 20
59402.45023232177
 30
0.0
 11
55564.02202163928
 21
59162.76144366768
 31
0.0
  0
CIRCLE
  5
9FA
330
1F
100
AcDbEntity
  8
0
 62
1
 48
25.39999961853027
100
AcDbCircle
 10
55444.16297792886
 20
59282.60583799369
 30
0.0
 40
169.4959268263355
  0
LINE
  5
9FB
330
1F
100
AcDbEntity
  8
0
 62
1
 48
25.39999961853027
100
AcDbLine
 10
55564.02202163737
 20
59402.45023232177
 30
0.0
 11
55324.30393422034
 21
59162.76144366768
 31
0.0
  0
LWPOLYLINE
  5
9FC
330
1F
100
AcDbEntity
  8
0
 62
1
 48
25.39999961853027
100
AcDbPolyline
 90
4
 70
1
 10
51068.323422192
 20
58960.54665758471
 10
51712.52051790107
 20
58960.54665758471
 10
51712.52051790107
 20
59604.66501840278
 10
51068.323422192
 20
59604.66501840278
  0
LINE
  5
9FD
330
1F
100
AcDbEntity
  8
0
 62
1
 48
25.39999961853027
100
AcDbLine
 10
51510.28101375695
 20
59402.45023232177
 30
0.0
 11
51270.56292633801
 21
59162.76144366768
 31
0.0
  0
CIRCLE
  5
9FE
330
1F
100
AcDbEntity
  8
0
 62
1
 48
25.39999961853027
100
AcDbCircle
 10
51390.42197004843
 20
59282.60583799369
 30
0.0
 40
169.4959268263355
  0
LINE
  5
9FF
330
1F
100
AcDbEntity
  8
0
 62
1
 48
25.39999961853027
100
AcDbLine
 10
51270.56292633992
 20
59402.45023232177
 30
0.0
 11
51510.28101375695
 21
59162.76144366768
 31
0.0
  0
TEXT
  5
A00
330
1F
100
AcDbEntity
  8
power
 62
7
100
AcDbText
 10
52008.657029414
 20
58466.74495725207
 30
0.0
 40
311.43150747864
  1
9
  7
Tahoma
 72
1
 11
52125.57456647281
 21
58622.46071099139
 31
0.0
100
AcDbText
 73
2
  0
CIRCLE
  5
A01
330
1F
100
AcDbEntity
  8
power
 62
1
 48
25.39999961853027
100
AcDbCircle
 10
53965.73159049053
 20
58648.48896132331
 30
0.0
 40
98.60900891317236
  0
ARC
  5
A02
330
1F
100
AcDbEntity
  8
power
 62
1
 48
25.39999961853027
100
AcDbCircle
 10
53815.5039631727
 20
58560.7131314227
 30
0.0
 40
239.390158839955
100
AcDbArc
 50
51.13091600743826
 51
171.3253832686648
  0
CIRCLE
  5
A03
330
1F
100
AcDbEntity
  8
power
 62
1
 48
25.39999961853027
100
AcDbCircle
 10
53139.6954219047
 20
58648.48896132331
 30
0.0
 40
98.60900891317236
  0
ARC
  5
A04
330
1F
100
AcDbEntity
  8
power
 62
1
 48
25.39999961853027
100
AcDbCircle
 10
53350.70265914719
 20
58653.54087169281
 30
0.0
 40
235.0949603003359
100
AcDbArc
 50
206.163369200148
 51
346.03827368665
  0
LWPOLYLINE
  5
A05
330
1F
100
AcDbEntity
  8
0
 62
1
 48
25.39999961853027
100
AcDbPolyline
 90
4
 70
1
 10
51712.52051790297
 20
58316.42829676662
 10
55122.06443007621
 20
58316.42829676662
 10
55122.06443007621
 20
58960.54665758471
 10
51712.52051790297
 20
58960.54665758471
  0
LWPOLYLINE
  5
A06
330
1F
100
AcDbEntity
  8
0
 62
1
 48
25.39999961853027
100
AcDbPolyline
 90
4
 70
1
 10
55122.06443007621
 20
58316.42829676662
 10
55766.26152578529
 20
58316.42829676662
 10
55766.26152578529
 20
58960.54665758471
 10
55122.06443007621
 20
58960.54665758471
  0
LINE
  5
A07
330
1F
100
AcDbEntity
  8
0
 62
1
 48
25.39999961853027
100
AcDbLine
 10
55324.30393422034
 20
58758.3318715037
 30
0.0
 11
55564.02202163928
 21
58518.64308284959
 31
0.0
  0
CIRCLE
  5
A08
330
1F
100
AcDbEntity
  8
0
 62
1
 48
25.39999961853027
100
AcDbCircle
 10
55444.16297792886
 20
58638.48747717561
 30
0.0
 40
169.4959268263355
  0
LINE
  5
A09
330
1F
100
AcDbEntity
  8
0
 62
1
 48
25.39999961853027
100
AcDbLine
 10
55564.02202163737
 20
58758.3318715037
 30
0.0
 11
55324.30393422034
 21
58518.64308284959
 31
0.0
  0
LWPOLYLINE
  5
A0A
330
1F
100
AcDbEntity
  8
0
 62
1
 48
25.39999961853027
100
AcDbPolyline
 90
4
 70
1
 10
51068.323422192
 20
58316.42829676662
 10
51712.52051790107
 20
58316.42829676662
 10
51712.52051790107
 20
58960.54665758471
 10
51068.323422192
 20
58960.54665758471
  0
LINE
  5
A0B
330
1F
100
AcDbEntity
  8
0
 62
1
 48
25.39999961853027
100
AcDbLine
 10
51510.28101375695
 20
58758.3318715037
 30
0.0
 11
51270.56292633801
 21
58518.64308284959
 31
0.0
  0
CIRCLE
  5
A0C
330
1F
100
AcDbEntity
  8
0
 62
1
 48
25.39999961853027
100
AcDbCircle
 10
51390.42197004843
 20
58638.48747717561
 30
0.0
 40
169.4959268263355
  0
LINE
  5
A0D
330
1F
100
AcDbEntity
  8
0
 62
1
 48
25.39999961853027
100
AcDbLine
 10
51270.56292633992
 20
58758.3318715037
 30
0.0
 11
51510.28101375695
 21
58518.64308284959
 31
0.0
  0
TEXT
  5
A0E
330
1F
100
AcDbEntity
  8
power
 62
7
100
AcDbText
 10
51891.7394923552
 20
57822.626596434
 30
0.0
 40
311.43150747864
  1
10
  7
Tahoma
 72
1
 11
52125.57456647281
 21
57978.34235017332
 31
0.0
100
AcDbText
 73
2
  0
CIRCLE
  5
A0F
330
1F
100
AcDbEntity
  8
power
 62
1
 48
25.39999961853027
100
AcDbCircle
 10
53965.73159049053
 20
58004.37060050525
 30
0.0
 40
98.60900891317236
  0
ARC
  5
A10
330
1F
100
AcDbEntity
  8
power
 62
1
 48
25.39999961853027
100
AcDbCircle
 10
53815.5039631727
 20
57916.59477060463
 30
0.0
 40
239.390158839955
100
AcDbArc
 50
51.13091600743826
 51
171.3253832686648
  0
CIRCLE
  5
A11
330
1F
100
AcDbEntity
  8
power
 62
1
 48
25.39999961853027
100
AcDbCircle
 10
53139.6954219047
 20
58004.37060050525
 30
0.0
 40
98.60900891317236
  0
ARC
  5
A12
330
1F
100
AcDbEntity
  8
power
 62
1
 48
25.39999961853027
100
AcDbCircle
 10
53350.70265914719
 20
58009.42251087472
 30
0.0
 40
235.0949603003359
100
AcDbArc
 50
206.163369200144
 51
346.0382736866538
  0
LWPOLYLINE
  5
A13
330
1F
100
AcDbEntity
  8
0
 62
1
 48
25.39999961853027
100
AcDbPolyline
 90
4
 70
1
 10
51712.52051790297
 20
57672.30993594856
 10
55122.06443007621
 20
57672.30993594856
 10
55122.06443007621
 20
58316.42829676662
 10
51712.52051790297
 20
58316.42829676662
  0
LWPOLYLINE
  5
A14
330
1F
100
AcDbEntity
  8
0
 62
1
 48
25.39999961853027
100
AcDbPolyline
 90
4
 70
1
 10
55122.06443007621
 20
57672.30993594856
 10
55766.26152578529
 20
57672.30993594856
 10
55766.26152578529
 20
58316.42829676662
 10
55122.06443007621
 20
58316.42829676662
  0
LINE
  5
A15
330
1F
100
AcDbEntity
  8
0
 62
1
 48
25.39999961853027
100
AcDbLine
 10
55324.30393422034
 20
58114.21351068563
 30
0.0
 11
55564.02202163928
 21
57874.52472203154
 31
0.0
  0
CIRCLE
  5
A16
330
1F
100
AcDbEntity
  8
0
 62
1
 48
25.39999961853027
100
AcDbCircle
 10
55444.16297792886
 20
57994.36911635754
 30
0.0
 40
169.4959268263355
  0
LINE
  5
A17
330
1F
100
AcDbEntity
  8
0
 62
1
 48
25.39999961853027
100
AcDbLine
 10
55564.02202163737
 20
58114.21351068563
 30
0.0
 11
55324.30393422034
 21
57874.52472203154
 31
0.0
  0
LWPOLYLINE
  5
A18
330
1F
100
AcDbEntity
  8
0
 62
1
 48
25.39999961853027
100
AcDbPolyline
 90
4
 70
1
 10
51068.323422192
 20
57672.30993594856
 10
51712.52051790107
 20
57672.30993594856
 10
51712.52051790107
 20
58316.42829676662
 10
51068.323422192
 20
58316.42829676662
  0
LINE
  5
A19
330
1F
100
AcDbEntity
  8
0
 62
1
 48
25.39999961853027
100
AcDbLine
 10
51510.28101375695
 20
58114.21351068563
 30
0.0
 11
51270.56292633801
 21
57874.52472203154
 31
0.0
  0
CIRCLE
  5
A1A
330
1F
100
AcDbEntity
  8
0
 62
1
 48
25.39999961853027
100
AcDbCircle
 10
51390.42197004843
 20
57994.36911635754
 30
0.0
 40
169.4959268263355
  0
LINE
  5
A1B
330
1F
100
AcDbEntity
  8
0
 62
1
 48
25.39999961853027
100
AcDbLine
 10
51270.56292633992
 20
58114.21351068563
 30
0.0
 11
51510.28101375695
 21
57874.52472203154
 31
0.0
  0
TEXT
  5
A1C
330
1F
100
AcDbEntity
  8
power
 62
7
100
AcDbText
 10
51891.7394923552
 20
57178.50823561593
 30
0.0
 40
311.43150747864
  1
11
  7
Tahoma
 72
1
 11
52125.57456647281
 21
57334.22398935525
 31
0.0
100
AcDbText
 73
2
  0
CIRCLE
  5
A1D
330
1F
100
AcDbEntity
  8
power
 62
1
 48
25.39999961853027
100
AcDbCircle
 10
53965.73159049053
 20
57360.25223968718
 30
0.0
 40
98.60900891317236
  0
ARC
  5
A1E
330
1F
100
AcDbEntity
  8
power
 62
1
 48
25.39999961853027
100
AcDbCircle
 10
53815.5039631727
 20
57272.47640978656
 30
0.0
 40
239.390158839955
100
AcDbArc
 50
51.13091600743826
 51
171.3253832686613
  0
CIRCLE
  5
A1F
330
1F
100
AcDbEntity
  8
power
 62
1
 48
25.39999961853027
100
AcDbCircle
 10
53139.6954219047
 20
57360.25223968718
 30
0.0
 40
98.60900891317236
  0
ARC
  5
A20
330
1F
100
AcDbEntity
  8
power
 62
1
 48
25.39999961853027
100
AcDbCircle
 10
53350.70265914719
 20
57365.30415005665
 30
0.0
 40
235.0949603003359
100
AcDbArc
 50
206.163369200148
 51
346.0382736866538
  0
LWPOLYLINE
  5
A21
330
1F
100
AcDbEntity
  8
0
 62
1
 48
25.39999961853027
100
AcDbPolyline
 90
4
 70
1
 10
51712.52051790297
 20
57028.19157513049
 10
55122.06443007621
 20
57028.19157513049
 10
55122.06443007621
 20
57672.30993594856
 10
51712.52051790297
 20
57672.30993594856
  0
LWPOLYLINE
  5
A22
330
1F
100
AcDbEntity
  8
0
 62
1
 48
25.39999961853027
100
AcDbPolyline
 90
4
 70
1
 10
55122.06443007621
 20
57028.19157513049
 10
55766.26152578529
 20
57028.19157513049
 10
55766.26152578529
 20
57672.30993594856
 10
55122.06443007621
 20
57672.30993594856
  0
LINE
  5
A23
330
1F
100
AcDbEntity
  8
0
 62
1
 48
25.39999961853027
100
AcDbLine
 10
55324.30393422034
 20
57470.09514986756
 30
0.0
 11
55564.02202163928
 21
57230.40636121346
 31
0.0
  0
CIRCLE
  5
A24
330
1F
100
AcDbEntity
  8
0
 62
1
 48
25.39999961853027
100
AcDbCircle
 10
55444.16297792886
 20
57350.25075553947
 30
0.0
 40
169.4959268263355
  0
LINE
  5
A25
330
1F
100
AcDbEntity
  8
0
 62
1
 48
25.39999961853027
100
AcDbLine
 10
55564.02202163737
 20
57470.09514986756
 30
0.0
 11
55324.30393422034
 21
57230.40636121346
 31
0.0
  0
LWPOLYLINE
  5
A26
330
1F
100
AcDbEntity
  8
0
 62
1
 48
25.39999961853027
100
AcDbPolyline
 90
4
 70
1
 10
51068.323422192
 20
57028.19157513049
 10
51712.52051790107
 20
57028.19157513049
 10
51712.52051790107
 20
57672.30993594856
 10
51068.323422192
 20
57672.30993594856
  0
LINE
  5
A27
330
1F
100
AcDbEntity
  8
0
 62
1
 48
25.39999961853027
100
AcDbLine
 10
51510.28101375695
 20
57470.09514986756
 30
0.0
 11
51270.56292633801
 21
57230.40636121346
 31
0.0
  0
CIRCLE
  5
A28
330
1F
100
AcDbEntity
  8
0
 62
1
 48
25.39999961853027
100
AcDbCircle
 10
51390.42197004843
 20
57350.25075553947
 30
0.0
 40
169.4959268263355
  0
LINE
  5
A29
330
1F
100
AcDbEntity
  8
0
 62
1
 48
25.39999961853027
100
AcDbLine
 10
51270.56292633992
 20
57470.09514986756
 30
0.0
 11
51510.28101375695
 21
57230.40636121346
 31
0.0
  0
TEXT
  5
A2A
330
1F
100
AcDbEntity
  8
power
 62
7
100
AcDbText
 10
51891.7394923552
 20
56534.38987479785
 30
0.0
 40
311.43150747864
  1
12
  7
Tahoma
 72
1
 11
52125.57456647281
 21
56690.10562853717
 31
0.0
100
AcDbText
 73
2
  0
CIRCLE
  5
A2B
330
1F
100
AcDbEntity
  8
power
 62
1
 48
25.39999961853027
100
AcDbCircle
 10
53965.73159049053
 20
56716.13387886912
 30
0.0
 40
98.60900891317236
  0
ARC
  5
A2C
330
1F
100
AcDbEntity
  8
power
 62
1
 48
25.39999961853027
100
AcDbCircle
 10
53815.5039631727
 20
56628.35804896848
 30
0.0
 40
239.390158839955
100
AcDbArc
 50
51.13091600743826
 51
171.3253832686648
  0
CIRCLE
  5
A2D
330
1F
100
AcDbEntity
  8
power
 62
1
 48
25.39999961853027
100
AcDbCircle
 10
53139.6954219047
 20
56716.13387886912
 30
0.0
 40
98.60900891317236
  0
ARC
  5
A2E
330
1F
100
AcDbEntity
  8
power
 62
1
 48
25.39999961853027
100
AcDbCircle
 10
53350.70265914719
 20
56721.18578923857
 30
0.0
 40
235.0949603003359
100
AcDbArc
 50
206.163369200144
 51
346.0382736866538
  0
LWPOLYLINE
  5
A2F
330
1F
100
AcDbEntity
  8
0
 62
1
 48
25.39999961853027
100
AcDbPolyline
 90
4
 70
1
 10
51712.52051790297
 20
56384.07321431243
 10
55122.06443007621
 20
56384.07321431243
 10
55122.06443007621
 20
57028.19157513049
 10
51712.52051790297
 20
57028.19157513049
  0
LWPOLYLINE
  5
A30
330
1F
100
AcDbEntity
  8
0
 62
1
 48
25.39999961853027
100
AcDbPolyline
 90
4
 70
1
 10
55122.06443007621
 20
56384.07321431243
 10
55766.26152578529
 20
56384.07321431243
 10
55766.26152578529
 20
57028.19157513049
 10
55122.06443007621
 20
57028.19157513049
  0
LINE
  5
A31
330
1F
100
AcDbEntity
  8
0
 62
1
 48
25.39999961853027
100
AcDbLine
 10
55324.30393422034
 20
56825.97678904948
 30
0.0
 11
55564.02202163928
 21
56586.28800039539
 31
0.0
  0
CIRCLE
  5
A32
330
1F
100
AcDbEntity
  8
0
 62
1
 48
25.39999961853027
100
AcDbCircle
 10
55444.16297792886
 20
56706.1323947214
 30
0.0
 40
169.4959268263355
  0
LINE
  5
A33
330
1F
100
AcDbEntity
  8
0
 62
1
 48
25.39999961853027
100
AcDbLine
 10
55564.02202163737
 20
56825.97678904948
 30
0.0
 11
55324.30393422034
 21
56586.28800039539
 31
0.0
  0
LWPOLYLINE
  5
A34
330
1F
100
AcDbEntity
  8
0
 62
1
 48
25.39999961853027
100
AcDbPolyline
 90
4
 70
1
 10
51068.323422192
 20
56384.07321431243
 10
51712.52051790107
 20
56384.07321431243
 10
51712.52051790107
 20
57028.19157513049
 10
51068.323422192
 20
57028.19157513049
  0
LINE
  5
A35
330
1F
100
AcDbEntity
  8
0
 62
1
 48
25.39999961853027
100
AcDbLine
 10
51510.28101375695
 20
56825.97678904948
 30
0.0
 11
51270.56292633801
 21
56586.28800039539
 31
0.0
  0
CIRCLE
  5
A36
330
1F
100
AcDbEntity
  8
0
 62
1
 48
25.39999961853027
100
AcDbCircle
 10
51390.42197004843
 20
56706.1323947214
 30
0.0
 40
169.4959268263355
  0
LINE
  5
A37
330
1F
100
AcDbEntity
  8
0
 62
1
 48
25.39999961853027
100
AcDbLine
 10
51270.56292633992
 20
56825.97678904948
 30
0.0
 11
51510.28101375695
 21
56586.28800039539
 31
0.0
  0
TEXT
  5
A38
330
1F
100
AcDbEntity
  8
power
 62
7
100
AcDbText
 10
51891.7394923552
 20
55890.27151397979
 30
0.0
 40
311.43150747864
  1
13
  7
Tahoma
 72
1
 11
52125.57456647281
 21
56045.98726771912
 31
0.0
100
AcDbText
 73
2
  0
CIRCLE
  5
A39
330
1F
100
AcDbEntity
  8
power
 62
1
 48
25.39999961853027
100
AcDbCircle
 10
53965.73159049053
 20
56072.01551805103
 30
0.0
 40
98.60900891317236
  0
ARC
  5
A3A
330
1F
100
AcDbEntity
  8
power
 62
1
 48
25.39999961853027
100
AcDbCircle
 10
53815.5039631727
 20
55984.23968815041
 30
0.0
 40
239.390158839955
100
AcDbArc
 50
51.13091600743826
 51
171.3253832686648
  0
CIRCLE
  5
A3B
330
1F
100
AcDbEntity
  8
power
 62
1
 48
25.39999961853027
100
AcDbCircle
 10
53139.6954219047
 20
56072.01551805103
 30
0.0
 40
98.60900891317236
  0
ARC
  5
A3C
330
1F
100
AcDbEntity
  8
power
 62
1
 48
25.39999961853027
100
AcDbCircle
 10
53350.70265914719
 20
56077.0674284205
 30
0.0
 40
235.0949603003359
100
AcDbArc
 50
206.163369200144
 51
346.0382736866538
  0
LWPOLYLINE
  5
A3D
330
1F
100
AcDbEntity
  8
0
 62
1
 48
25.39999961853027
100
AcDbPolyline
 90
4
 70
1
 10
51712.52051790297
 20
55739.95485349435
 10
55122.06443007621
 20
55739.95485349435
 10
55122.06443007621
 20
56384.07321431243
 10
51712.52051790297
 20
56384.07321431243
  0
LWPOLYLINE
  5
A3E
330
1F
100
AcDbEntity
  8
0
 62
1
 48
25.39999961853027
100
AcDbPolyline
 90
4
 70
1
 10
55122.06443007621
 20
55739.95485349435
 10
55766.26152578529
 20
55739.95485349435
 10
55766.26152578529
 20
56384.07321431243
 10
55122.06443007621
 20
56384.07321431243
  0
LINE
  5
A3F
330
1F
100
AcDbEntity
  8
0
 62
1
 48
25.39999961853027
100
AcDbLine
 10
55324.30393422034
 20
56181.85842823141
 30
0.0
 11
55564.02202163928
 21
55942.16963957732
 31
0.0
  0
CIRCLE
  5
A40
330
1F
100
AcDbEntity
  8
0
 62
1
 48
25.39999961853027
100
AcDbCircle
 10
55444.16297792886
 20
56062.01403390331
 30
0.0
 40
169.4959268263355
  0
LINE
  5
A41
330
1F
100
AcDbEntity
  8
0
 62
1
 48
25.39999961853027
100
AcDbLine
 10
55564.02202163737
 20
56181.85842823141
 30
0.0
 11
55324.30393422034
 21
55942.16963957732
 31
0.0
  0
LWPOLYLINE
  5
A42
330
1F
100
AcDbEntity
  8
0
 62
1
 48
25.39999961853027
100
AcDbPolyline
 90
4
 70
1
 10
51068.323422192
 20
55739.95485349435
 10
51712.52051790107
 20
55739.95485349435
 10
51712.52051790107
 20
56384.07321431243
 10
51068.323422192
 20
56384.07321431243
  0
LINE
  5
A43
330
1F
100
AcDbEntity
  8
0
 62
1
 48
25.39999961853027
100
AcDbLine
 10
51510.28101375695
 20
56181.85842823141
 30
0.0
 11
51270.56292633801
 21
55942.16963957732
 31
0.0
  0
CIRCLE
  5
A44
330
1F
100
AcDbEntity
  8
0
 62
1
 48
25.39999961853027
100
AcDbCircle
 10
51390.42197004843
 20
56062.01403390331
 30
0.0
 40
169.4959268263355
  0
LINE
  5
A45
330
1F
100
AcDbEntity
  8
0
 62
1
 48
25.39999961853027
100
AcDbLine
 10
51270.56292633992
 20
56181.85842823141
 30
0.0
 11
51510.28101375695
 21
55942.16963957732
 31
0.0
  0
TEXT
  5
A46
330
1F
100
AcDbEntity
  8
power
 62
7
100
AcDbText
 10
51891.7394923552
 20
55246.15315316171
 30
0.0
 40
311.43150747864
  1
14
  7
Tahoma
 72
1
 11
52125.57456647281
 21
55401.86890690103
 31
0.0
100
AcDbText
 73
2
  0
CIRCLE
  5
A47
330
1F
100
AcDbEntity
  8
power
 62
1
 48
25.39999961853027
100
AcDbCircle
 10
53965.73159049053
 20
55427.89715723296
 30
0.0
 40
98.60900891317236
  0
ARC
  5
A48
330
1F
100
AcDbEntity
  8
power
 62
1
 48
25.39999961853027
100
AcDbCircle
 10
53815.5039631727
 20
55340.12132733234
 30
0.0
 40
239.390158839955
100
AcDbArc
 50
51.13091600743826
 51
171.3253832686648
  0
CIRCLE
  5
A49
330
1F
100
AcDbEntity
  8
power
 62
1
 48
25.39999961853027
100
AcDbCircle
 10
53139.6954219047
 20
55427.89715723296
 30
0.0
 40
98.60900891317236
  0
ARC
  5
A4A
330
1F
100
AcDbEntity
  8
power
 62
1
 48
25.39999961853027
100
AcDbCircle
 10
53350.70265914719
 20
55432.94906760244
 30
0.0
 40
235.0949603003359
100
AcDbArc
 50
206.163369200148
 51
346.0382736866538
  0
LWPOLYLINE
  5
A4B
330
1F
100
AcDbEntity
  8
0
 62
1
 48
25.39999961853027
100
AcDbPolyline
 90
4
 70
1
 10
51712.52051790297
 20
55095.83649267627
 10
55122.06443007621
 20
55095.83649267627
 10
55122.06443007621
 20
55739.95485349435
 10
51712.52051790297
 20
55739.95485349435
  0
LWPOLYLINE
  5
A4C
330
1F
100
AcDbEntity
  8
0
 62
1
 48
25.39999961853027
100
AcDbPolyline
 90
4
 70
1
 10
55122.06443007621
 20
55095.83649267627
 10
55766.26152578529
 20
55095.83649267627
 10
55766.26152578529
 20
55739.95485349435
 10
55122.06443007621
 20
55739.95485349435
  0
LINE
  5
A4D
330
1F
100
AcDbEntity
  8
0
 62
1
 48
25.39999961853027
100
AcDbLine
 10
55324.30393422034
 20
55537.74006741334
 30
0.0
 11
55564.02202163928
 21
55298.05127875925
 31
0.0
  0
CIRCLE
  5
A4E
330
1F
100
AcDbEntity
  8
0
 62
1
 48
25.39999961853027
100
AcDbCircle
 10
55444.16297792886
 20
55417.89567308525
 30
0.0
 40
169.4959268263355
  0
LINE
  5
A4F
330
1F
100
AcDbEntity
  8
0
 62
1
 48
25.39999961853027
100
AcDbLine
 10
55564.02202163737
 20
55537.74006741334
 30
0.0
 11
55324.30393422034
 21
55298.05127875925
 31
0.0
  0
LWPOLYLINE
  5
A50
330
1F
100
AcDbEntity
  8
0
 62
1
 48
25.39999961853027
100
AcDbPolyline
 90
4
 70
1
 10
51068.323422192
 20
55095.83649267627
 10
51712.52051790107
 20
55095.83649267627
 10
51712.52051790107
 20
55739.95485349435
 10
51068.323422192
 20
55739.95485349435
  0
LINE
  5
A51
330
1F
100
AcDbEntity
  8
0
 62
1
 48
25.39999961853027
100
AcDbLine
 10
51510.28101375695
 20
55537.74006741334
 30
0.0
 11
51270.56292633801
 21
55298.05127875925
 31
0.0
  0
CIRCLE
  5
A52
330
1F
100
AcDbEntity
  8
0
 62
1
 48
25.39999961853027
100
AcDbCircle
 10
51390.42197004843
 20
55417.89567308525
 30
0.0
 40
169.4959268263355
  0
LINE
  5
A53
330
1F
100
AcDbEntity
  8
0
 62
1
 48
25.39999961853027
100
AcDbLine
 10
51270.56292633992
 20
55537.74006741334
 30
0.0
 11
51510.28101375695
 21
55298.05127875925
 31
0.0
  0
TEXT
  5
A54
330
1F
100
AcDbEntity
  8
power
 62
7
100
AcDbText
 10
51891.7394923552
 20
54602.03479234363
 30
0.0
 40
311.43150747864
  1
15
  7
Tahoma
 72
1
 11
52125.57456647281
 21
54757.75054608296
 31
0.0
100
AcDbText
 73
2
  0
CIRCLE
  5
A55
330
1F
100
AcDbEntity
  8
power
 62
1
 48
25.39999961853027
100
AcDbCircle
 10
53965.73159049053
 20
54783.77879641489
 30
0.0
 40
98.60900891317236
  0
ARC
  5
A56
330
1F
100
AcDbEntity
  8
power
 62
1
 48
25.39999961853027
100
AcDbCircle
 10
53815.5039631727
 20
54696.00296651426
 30
0.0
 40
239.390158839955
100
AcDbArc
 50
51.13091600743826
 51
171.3253832686648
  0
CIRCLE
  5
A57
330
1F
100
AcDbEntity
  8
power
 62
1
 48
25.39999961853027
100
AcDbCircle
 10
53139.6954219047
 20
54783.77879641489
 30
0.0
 40
98.60900891317236
  0
ARC
  5
A58
330
1F
100
AcDbEntity
  8
power
 62
1
 48
25.39999961853027
100
AcDbCircle
 10
53350.70265914719
 20
54788.83070678436
 30
0.0
 40
235.0949603003359
100
AcDbArc
 50
206.163369200144
 51
346.0382736866538
  0
LWPOLYLINE
  5
A59
330
1F
100
AcDbEntity
  8
0
 62
1
 48
25.39999961853027
100
AcDbPolyline
 90
4
 70
1
 10
51712.52051790297
 20
54451.7181318582
 10
55122.06443007621
 20
54451.7181318582
 10
55122.06443007621
 20
55095.83649267627
 10
51712.52051790297
 20
55095.83649267627
  0
LWPOLYLINE
  5
A5A
330
1F
100
AcDbEntity
  8
0
 62
1
 48
25.39999961853027
100
AcDbPolyline
 90
4
 70
1
 10
55122.06443007621
 20
54451.7181318582
 10
55766.26152578529
 20
54451.7181318582
 10
55766.26152578529
 20
55095.83649267627
 10
55122.06443007621
 20
55095.83649267627
  0
LINE
  5
A5B
330
1F
100
AcDbEntity
  8
0
 62
1
 48
25.39999961853027
100
AcDbLine
 10
55324.30393422034
 20
54893.62170659527
 30
0.0
 11
55564.02202163928
 21
54653.93291794117
 31
0.0
  0
CIRCLE
  5
A5C
330
1F
100
AcDbEntity
  8
0
 62
1
 48
25.39999961853027
100
AcDbCircle
 10
55444.16297792886
 20
54773.77731226718
 30
0.0
 40
169.4959268263355
  0
LINE
  5
A5D
330
1F
100
AcDbEntity
  8
0
 62
1
 48
25.39999961853027
100
AcDbLine
 10
55564.02202163737
 20
54893.62170659527
 30
0.0
 11
55324.30393422034
 21
54653.93291794117
 31
0.0
  0
LWPOLYLINE
  5
A5E
330
1F
100
AcDbEntity
  8
0
 62
1
 48
25.39999961853027
100
AcDbPolyline
 90
4
 70
1
 10
51068.323422192
 20
54451.7181318582
 10
51712.52051790107
 20
54451.7181318582
 10
51712.52051790107
 20
55095.83649267627
 10
51068.323422192
 20
55095.83649267627
  0
LINE
  5
A5F
330
1F
100
AcDbEntity
  8
0
 62
1
 48
25.39999961853027
100
AcDbLine
 10
51510.28101375695
 20
54893.62170659527
 30
0.0
 11
51270.56292633801
 21
54653.93291794117
 31
0.0
  0
CIRCLE
  5
A60
330
1F
100
AcDbEntity
  8
0
 62
1
 48
25.39999961853027
100
AcDbCircle
 10
51390.42197004843
 20
54773.77731226718
 30
0.0
 40
169.4959268263355
  0
LINE
  5
A61
330
1F
100
AcDbEntity
  8
0
 62
1
 48
25.39999961853027
100
AcDbLine
 10
51270.56292633992
 20
54893.62170659527
 30
0.0
 11
51510.28101375695
 21
54653.93291794117
 31
0.0
  0
TEXT
  5
A62
330
1F
100
AcDbEntity
  8
power
 62
7
100
AcDbText
 10
51891.7394923552
 20
53957.91643152556
 30
0.0
 40
311.43150747864
  1
16
  7
Tahoma
 72
1
 11
52125.57456647281
 21
54113.63218526488
 31
0.0
100
AcDbText
 73
2
  0
CIRCLE
  5
A63
330
1F
100
AcDbEntity
  8
power
 62
1
 48
25.39999961853027
100
AcDbCircle
 10
53965.73159049053
 20
54139.66043559682
 30
0.0
 40
98.60900891317236
  0
ARC
  5
A64
330
1F
100
AcDbEntity
  8
power
 62
1
 48
25.39999961853027
100
AcDbCircle
 10
53815.5039631727
 20
54051.88460569618
 30
0.0
 40
239.390158839955
100
AcDbArc
 50
51.13091600744071
 51
171.3253832686648
  0
CIRCLE
  5
A65
330
1F
100
AcDbEntity
  8
power
 62
1
 48
25.39999961853027
100
AcDbCircle
 10
53139.6954219047
 20
54139.66043559682
 30
0.0
 40
98.60900891317236
  0
ARC
  5
A66
330
1F
100
AcDbEntity
  8
power
 62
1
 48
25.39999961853027
100
AcDbCircle
 10
53350.70265914719
 20
54144.71234596628
 30
0.0
 40
235.0949603003359
100
AcDbArc
 50
206.163369200144
 51
346.0382736866538
  0
LWPOLYLINE
  5
A67
330
1F
100
AcDbEntity
  8
0
 62
1
 48
25.39999961853027
100
AcDbPolyline
 90
4
 70
1
 10
51712.52051790297
 20
53807.59977104013
 10
55122.06443007621
 20
53807.59977104013
 10
55122.06443007621
 20
54451.7181318582
 10
51712.52051790297
 20
54451.7181318582
  0
LWPOLYLINE
  5
A68
330
1F
100
AcDbEntity
  8
0
 62
1
 48
25.39999961853027
100
AcDbPolyline
 90
4
 70
1
 10
55122.06443007621
 20
53807.59977104013
 10
55766.26152578529
 20
53807.59977104013
 10
55766.26152578529
 20
54451.7181318582
 10
55122.06443007621
 20
54451.7181318582
  0
LINE
  5
A69
330
1F
100
AcDbEntity
  8
0
 62
1
 48
25.39999961853027
100
AcDbLine
 10
55324.30393422034
 20
54249.50334577719
 30
0.0
 11
55564.02202163928
 21
54009.8145571231
 31
0.0
  0
CIRCLE
  5
A6A
330
1F
100
AcDbEntity
  8
0
 62
1
 48
25.39999961853027
100
AcDbCircle
 10
55444.16297792886
 20
54129.65895144911
 30
0.0
 40
169.4959268263355
  0
LINE
  5
A6B
330
1F
100
AcDbEntity
  8
0
 62
1
 48
25.39999961853027
100
AcDbLine
 10
55564.02202163737
 20
54249.50334577719
 30
0.0
 11
55324.30393422034
 21
54009.8145571231
 31
0.0
  0
LWPOLYLINE
  5
A6C
330
1F
100
AcDbEntity
  8
0
 62
1
 48
25.39999961853027
100
AcDbPolyline
 90
4
 70
1
 10
51068.323422192
 20
53807.59977104013
 10
51712.52051790107
 20
53807.59977104013
 10
51712.52051790107
 20
54451.7181318582
 10
51068.323422192
 20
54451.7181318582
  0
LINE
  5
A6D
330
1F
100
AcDbEntity
  8
0
 62
1
 48
25.39999961853027
100
AcDbLine
 10
51510.28101375695
 20
54249.50334577719
 30
0.0
 11
51270.56292633801
 21
54009.8145571231
 31
0.0
  0
CIRCLE
  5
A6E
330
1F
100
AcDbEntity
  8
0
 62
1
 48
25.39999961853027
100
AcDbCircle
 10
51390.42197004843
 20
54129.65895144911
 30
0.0
 40
169.4959268263355
  0
LINE
  5
A6F
330
1F
100
AcDbEntity
  8
0
 62
1
 48
25.39999961853027
100
AcDbLine
 10
51270.56292633992
 20
54249.50334577719
 30
0.0
 11
51510.28101375695
 21
54009.8145571231
 31
0.0
  0
TEXT
  5
A70
330
1F
100
AcDbEntity
  8
power
 62
7
100
AcDbText
 10
51891.7394923552
 20
53313.79807070749
 30
0.0
 40
311.43150747864
  1
17
  7
Tahoma
 72
1
 11
52125.57456647281
 21
53469.51382444681
 31
0.0
100
AcDbText
 73
2
  0
CIRCLE
  5
A71
330
1F
100
AcDbEntity
  8
power
 62
1
 48
25.39999961853027
100
AcDbCircle
 10
53965.73159049053
 20
53495.54207477873
 30
0.0
 40
98.60900891317236
  0
ARC
  5
A72
330
1F
100
AcDbEntity
  8
power
 62
1
 48
25.39999961853027
100
AcDbCircle
 10
53815.5039631727
 20
53407.76624487812
 30
0.0
 40
239.390158839955
100
AcDbArc
 50
51.13091600743826
 51
171.3253832686648
  0
CIRCLE
  5
A73
330
1F
100
AcDbEntity
  8
power
 62
1
 48
25.39999961853027
100
AcDbCircle
 10
53139.6954219047
 20
53495.54207477873
 30
0.0
 40
98.60900891317236
  0
ARC
  5
A74
330
1F
100
AcDbEntity
  8
power
 62
1
 48
25.39999961853027
100
AcDbCircle
 10
53350.70265914719
 20
53500.59398514821
 30
0.0
 40
235.0949603003359
100
AcDbArc
 50
206.163369200144
 51
346.0382736866538
  0
LWPOLYLINE
  5
A75
330
1F
100
AcDbEntity
  8
0
 62
1
 48
25.39999961853027
100
AcDbPolyline
 90
4
 70
1
 10
51712.52051790297
 20
53163.48141022207
 10
55122.06443007621
 20
53163.48141022207
 10
55122.06443007621
 20
53807.59977104013
 10
51712.52051790297
 20
53807.59977104013
  0
LWPOLYLINE
  5
A76
330
1F
100
AcDbEntity
  8
0
 62
1
 48
25.39999961853027
100
AcDbPolyline
 90
4
 70
1
 10
55122.06443007621
 20
53163.48141022207
 10
55766.26152578529
 20
53163.48141022207
 10
55766.26152578529
 20
53807.59977104013
 10
55122.06443007621
 20
53807.59977104013
  0
LINE
  5
A77
330
1F
100
AcDbEntity
  8
0
 62
1
 48
25.39999961853027
100
AcDbLine
 10
55324.30393422034
 20
53605.38498495912
 30
0.0
 11
55564.02202163928
 21
53365.69619630501
 31
0.0
  0
CIRCLE
  5
A78
330
1F
100
AcDbEntity
  8
0
 62
1
 48
25.39999961853027
100
AcDbCircle
 10
55444.16297792886
 20
53485.54059063103
 30
0.0
 40
169.4959268263355
  0
LINE
  5
A79
330
1F
100
AcDbEntity
  8
0
 62
1
 48
25.39999961853027
100
AcDbLine
 10
55564.02202163737
 20
53605.38498495912
 30
0.0
 11
55324.30393422034
 21
53365.69619630501
 31
0.0
  0
LWPOLYLINE
  5
A7A
330
1F
100
AcDbEntity
  8
0
 62
1
 48
25.39999961853027
100
AcDbPolyline
 90
4
 70
1
 10
51068.323422192
 20
53163.48141022207
 10
51712.52051790107
 20
53163.48141022207
 10
51712.52051790107
 20
53807.59977104013
 10
51068.323422192
 20
53807.59977104013
  0
LINE
  5
A7B
330
1F
100
AcDbEntity
  8
0
 62
1
 48
25.39999961853027
100
AcDbLine
 10
51510.28101375695
 20
53605.38498495912
 30
0.0
 11
51270.56292633801
 21
53365.69619630501
 31
0.0
  0
CIRCLE
  5
A7C
330
1F
100
AcDbEntity
  8
0
 62
1
 48
25.39999961853027
100
AcDbCircle
 10
51390.42197004843
 20
53485.54059063103
 30
0.0
 40
169.4959268263355
  0
LINE
  5
A7D
330
1F
100
AcDbEntity
  8
0
 62
1
 48
25.39999961853027
100
AcDbLine
 10
51270.56292633992
 20
53605.38498495912
 30
0.0
 11
51510.28101375695
 21
53365.69619630501
 31
0.0
  0
TEXT
  5
A7E
330
1F
100
AcDbEntity
  8
power
 62
7
100
AcDbText
 10
51891.7394923552
 20
52669.67970988943
 30
0.0
 40
311.43150747864
  1
18
  7
Tahoma
 72
1
 11
52125.57456647281
 21
52825.39546362875
 31
0.0
100
AcDbText
 73
2
  0
CIRCLE
  5
A7F
330
1F
100
AcDbEntity
  8
power
 62
1
 48
25.39999961853027
100
AcDbCircle
 10
53965.73159049053
 20
52851.42371396067
 30
0.0
 40
98.60900891317236
  0
ARC
  5
A80
330
1F
100
AcDbEntity
  8
power
 62
1
 48
25.39999961853027
100
AcDbCircle
 10
53815.5039631727
 20
52763.64788406005
 30
0.0
 40
239.390158839955
100
AcDbArc
 50
51.13091600743826
 51
171.3253832686648
  0
CIRCLE
  5
A81
330
1F
100
AcDbEntity
  8
power
 62
1
 48
25.39999961853027
100
AcDbCircle
 10
53139.6954219047
 20
52851.42371396067
 30
0.0
 40
98.60900891317236
  0
ARC
  5
A82
330
1F
100
AcDbEntity
  8
power
 62
1
 48
25.39999961853027
100
AcDbCircle
 10
53350.70265914719
 20
52856.47562433014
 30
0.0
 40
235.0949603003359
100
AcDbArc
 50
206.163369200144
 51
346.0382736866538
  0
LWPOLYLINE
  5
A83
330
1F
100
AcDbEntity
  8
0
 62
1
 48
25.39999961853027
100
AcDbPolyline
 90
4
 70
1
 10
51712.52051790297
 20
52519.36304940398
 10
55122.06443007621
 20
52519.36304940398
 10
55122.06443007621
 20
53163.48141022207
 10
51712.52051790297
 20
53163.48141022207
  0
LWPOLYLINE
  5
A84
330
1F
100
AcDbEntity
  8
0
 62
1
 48
25.39999961853027
100
AcDbPolyline
 90
4
 70
1
 10
55122.06443007621
 20
52519.36304940398
 10
55766.26152578529
 20
52519.36304940398
 10
55766.26152578529
 20
53163.48141022207
 10
55122.06443007621
 20
53163.48141022207
  0
LINE
  5
A85
330
1F
100
AcDbEntity
  8
0
 62
1
 48
25.39999961853027
100
AcDbLine
 10
55324.30393422034
 20
52961.26662414105
 30
0.0
 11
55564.02202163928
 21
52721.57783548695
 31
0.0
  0
CIRCLE
  5
A86
330
1F
100
AcDbEntity
  8
0
 62
1
 48
25.39999961853027
100
AcDbCircle
 10
55444.16297792886
 20
52841.42222981295
 30
0.0
 40
169.4959268263355
  0
LINE
  5
A87
330
1F
100
AcDbEntity
  8
0
 62
1
 48
25.39999961853027
100
AcDbLine
 10
55564.02202163737
 20
52961.26662414105
 30
0.0
 11
55324.30393422034
 21
52721.57783548695
 31
0.0
  0
LWPOLYLINE
  5
A88
330
1F
100
AcDbEntity
  8
0
 62
1
 48
25.39999961853027
100
AcDbPolyline
 90
4
 70
1
 10
51068.323422192
 20
52519.36304940398
 10
51712.52051790107
 20
52519.36304940398
 10
51712.52051790107
 20
53163.48141022207
 10
51068.323422192
 20
53163.48141022207
  0
LINE
  5
A89
330
1F
100
AcDbEntity
  8
0
 62
1
 48
25.39999961853027
100
AcDbLine
 10
51510.28101375695
 20
52961.26662414105
 30
0.0
 11
51270.56292633801
 21
52721.57783548695
 31
0.0
  0
CIRCLE
  5
A8A
330
1F
100
AcDbEntity
  8
0
 62
1
 48
25.39999961853027
100
AcDbCircle
 10
51390.42197004843
 20
52841.42222981295
 30
0.0
 40
169.4959268263355
  0
LINE
  5
A8B
330
1F
100
AcDbEntity
  8
0
 62
1
 48
25.39999961853027
100
AcDbLine
 10
51270.56292633992
 20
52961.26662414105
 30
0.0
 11
51510.28101375695
 21
52721.57783548695
 31
0.0
  0
TEXT
  5
A8C
330
1F
100
AcDbEntity
  8
power
 62
7
100
AcDbText
 10
51891.7394923552
 20
52025.56134907134
 30
0.0
 40
311.43150747864
  1
19
  7
Tahoma
 72
1
 11
52125.57456647281
 21
52181.27710281067
 31
0.0
100
AcDbText
 73
2
  0
CIRCLE
  5
A8D
330
1F
100
AcDbEntity
  8
power
 62
1
 48
25.39999961853027
100
AcDbCircle
 10
53965.73159049053
 20
52207.3053531426
 30
0.0
 40
98.60900891317236
  0
ARC
  5
A8E
330
1F
100
AcDbEntity
  8
power
 62
1
 48
25.39999961853027
100
AcDbCircle
 10
53815.5039631727
 20
52119.52952324197
 30
0.0
 40
239.390158839955
100
AcDbArc
 50
51.13091600743826
 51
171.325383268663
  0
CIRCLE
  5
A8F
330
1F
100
AcDbEntity
  8
power
 62
1
 48
25.39999961853027
100
AcDbCircle
 10
53139.6954219047
 20
52207.3053531426
 30
0.0
 40
98.60900891317236
  0
ARC
  5
A90
330
1F
100
AcDbEntity
  8
power
 62
1
 48
25.39999961853027
100
AcDbCircle
 10
53350.70265914719
 20
52212.35726351206
 30
0.0
 40
235.0949603003359
100
AcDbArc
 50
206.1633692001456
 51
346.0382736866538
  0
LWPOLYLINE
  5
A91
330
1F
100
AcDbEntity
  8
0
 62
1
 48
25.39999961853027
100
AcDbPolyline
 90
4
 70
1
 10
51712.52051790297
 20
51875.24468858591
 10
55122.06443007621
 20
51875.24468858591
 10
55122.06443007621
 20
52519.36304940398
 10
51712.52051790297
 20
52519.36304940398
  0
LWPOLYLINE
  5
A92
330
1F
100
AcDbEntity
  8
0
 62
1
 48
25.39999961853027
100
AcDbPolyline
 90
4
 70
1
 10
55122.06443007621
 20
51875.24468858591
 10
55766.26152578529
 20
51875.24468858591
 10
55766.26152578529
 20
52519.36304940398
 10
55122.06443007621
 20
52519.36304940398
  0
LINE
  5
A93
330
1F
100
AcDbEntity
  8
0
 62
1
 48
25.39999961853027
100
AcDbLine
 10
55324.30393422034
 20
52317.14826332298
 30
0.0
 11
55564.02202163928
 21
52077.45947466887
 31
0.0
  0
CIRCLE
  5
A94
330
1F
100
AcDbEntity
  8
0
 62
1
 48
25.39999961853027
100
AcDbCircle
 10
55444.16297792886
 20
52197.30386899489
 30
0.0
 40
169.4959268263355
  0
LINE
  5
A95
330
1F
100
AcDbEntity
  8
0
 62
1
 48
25.39999961853027
100
AcDbLine
 10
55564.02202163737
 20
52317.14826332298
 30
0.0
 11
55324.30393422034
 21
52077.45947466887
 31
0.0
  0
LWPOLYLINE
  5
A96
330
1F
100
AcDbEntity
  8
0
 62
1
 48
25.39999961853027
100
AcDbPolyline
 90
4
 70
1
 10
51068.323422192
 20
51875.24468858591
 10
51712.52051790107
 20
51875.24468858591
 10
51712.52051790107
 20
52519.36304940398
 10
51068.323422192
 20
52519.36304940398
  0
LINE
  5
A97
330
1F
100
AcDbEntity
  8
0
 62
1
 48
25.39999961853027
100
AcDbLine
 10
51510.28101375695
 20
52317.14826332298
 30
0.0
 11
51270.56292633801
 21
52077.45947466887
 31
0.0
  0
CIRCLE
  5
A98
330
1F
100
AcDbEntity
  8
0
 62
1
 48
25.39999961853027
100
AcDbCircle
 10
51390.42197004843
 20
52197.30386899489
 30
0.0
 40
169.4959268263355
  0
LINE
  5
A99
330
1F
100
AcDbEntity
  8
0
 62
1
 48
25.39999961853027
100
AcDbLine
 10
51270.56292633992
 20
52317.14826332298
 30
0.0
 11
51510.28101375695
 21
52077.45947466887
 31
0.0
  0
TEXT
  5
A9A
330
1F
100
AcDbEntity
  8
power
 62
7
100
AcDbText
 10
51891.7394923552
 20
51381.44298825327
 30
0.0
 40
311.43150747864
  1
20
  7
Tahoma
 72
1
 11
52125.57456647281
 21
51537.15874199259
 31
0.0
100
AcDbText
 73
2
  0
CIRCLE
  5
A9B
330
1F
100
AcDbEntity
  8
power
 62
1
 48
25.39999961853027
100
AcDbCircle
 10
53965.73159049053
 20
51563.18699232453
 30
0.0
 40
98.60900891317236
  0
ARC
  5
A9C
330
1F
100
AcDbEntity
  8
power
 62
1
 48
25.39999961853027
100
AcDbCircle
 10
53815.5039631727
 20
51475.4111624239
 30
0.0
 40
239.390158839955
100
AcDbArc
 50
51.13091600743826
 51
171.3253832686648
  0
CIRCLE
  5
A9D
330
1F
100
AcDbEntity
  8
power
 62
1
 48
25.39999961853027
100
AcDbCircle
 10
53139.6954219047
 20
51563.18699232453
 30
0.0
 40
98.60900891317236
  0
ARC
  5
A9E
330
1F
100
AcDbEntity
  8
power
 62
1
 48
25.39999961853027
100
AcDbCircle
 10
53350.70265914719
 20
51568.23890269399
 30
0.0
 40
235.0949603003359
100
AcDbArc
 50
206.1633692001456
 51
346.0382736866538
  0
LWPOLYLINE
  5
A9F
330
1F
100
AcDbEntity
  8
0
 62
1
 48
25.39999961853027
100
AcDbPolyline
 90
4
 70
1
 10
51712.52051790297
 20
51231.12632776784
 10
55122.06443007621
 20
51231.12632776784
 10
55122.06443007621
 20
51875.24468858591
 10
51712.52051790297
 20
51875.24468858591
  0
LWPOLYLINE
  5
AA0
330
1F
100
AcDbEntity
  8
0
 62
1
 48
25.39999961853027
100
AcDbPolyline
 90
4
 70
1
 10
55122.06443007621
 20
51231.12632776784
 10
55766.26152578529
 20
51231.12632776784
 10
55766.26152578529
 20
51875.24468858591
 10
55122.06443007621
 20
51875.24468858591
  0
LINE
  5
AA1
330
1F
100
AcDbEntity
  8
0
 62
1
 48
25.39999961853027
100
AcDbLine
 10
55324.30393422034
 20
51673.02990250489
 30
0.0
 11
55564.02202163928
 21
51433.34111385081
 31
0.0
  0
CIRCLE
  5
AA2
330
1F
100
AcDbEntity
  8
0
 62
1
 48
25.39999961853027
100
AcDbCircle
 10
55444.16297792886
 20
51553.18550817682
 30
0.0
 40
169.4959268263355
  0
LINE
  5
AA3
330
1F
100
AcDbEntity
  8
0
 62
1
 48
25.39999961853027
100
AcDbLine
 10
55564.02202163737
 20
51673.02990250489
 30
0.0
 11
55324.30393422034
 21
51433.34111385081
 31
0.0
  0
LWPOLYLINE
  5
AA4
330
1F
100
AcDbEntity
  8
0
 62
1
 48
25.39999961853027
100
AcDbPolyline
 90
4
 70
1
 10
51068.323422192
 20
51231.12632776784
 10
51712.52051790107
 20
51231.12632776784
 10
51712.52051790107
 20
51875.24468858591
 10
51068.323422192
 20
51875.24468858591
  0
LINE
  5
AA5
330
1F
100
AcDbEntity
  8
0
 62
1
 48
25.39999961853027
100
AcDbLine
 10
51510.28101375695
 20
51673.02990250489
 30
0.0
 11
51270.56292633801
 21
51433.34111385081
 31
0.0
  0
CIRCLE
  5
AA6
330
1F
100
AcDbEntity
  8
0
 62
1
 48
25.39999961853027
100
AcDbCircle
 10
51390.42197004843
 20
51553.18550817682
 30
0.0
 40
169.4959268263355
  0
LINE
  5
AA7
330
1F
100
AcDbEntity
  8
0
 62
1
 48
25.39999961853027
100
AcDbLine
 10
51270.56292633992
 20
51673.02990250489
 30
0.0
 11
51510.28101375695
 21
51433.34111385081
 31
0.0
  0
TEXT
  5
AA8
330
1F
100
AcDbEntity
  8
power
 62
7
100
AcDbText
 10
51891.7394923552
 20
50737.3246274352
 30
0.0
 40
311.43150747864
  1
21
  7
Tahoma
 72
1
 11
52125.57456647281
 21
50893.04038117452
 31
0.0
100
AcDbText
 73
2
  0
CIRCLE
  5
AA9
330
1F
100
AcDbEntity
  8
power
 62
1
 48
25.39999961853027
100
AcDbCircle
 10
53965.73159049053
 20
50919.06863150645
 30
0.0
 40
98.60900891317236
  0
ARC
  5
AAA
330
1F
100
AcDbEntity
  8
power
 62
1
 48
25.39999961853027
100
AcDbCircle
 10
53815.5039631727
 20
50831.29280160583
 30
0.0
 40
239.390158839955
100
AcDbArc
 50
51.13091600743826
 51
171.3253832686648
  0
CIRCLE
  5
AAB
330
1F
100
AcDbEntity
  8
power
 62
1
 48
25.39999961853027
100
AcDbCircle
 10
53139.6954219047
 20
50919.06863150645
 30
0.0
 40
98.60900891317236
  0
ARC
  5
AAC
330
1F
100
AcDbEntity
  8
power
 62
1
 48
25.39999961853027
100
AcDbCircle
 10
53350.70265914719
 20
50924.12054187592
 30
0.0
 40
235.0949603003359
100
AcDbArc
 50
206.1633692001456
 51
346.0382736866538
  0
LWPOLYLINE
  5
AAD
330
1F
100
AcDbEntity
  8
0
 62
1
 48
25.39999961853027
100
AcDbPolyline
 90
4
 70
1
 10
51712.52051790297
 20
50587.00796694976
 10
55122.06443007621
 20
50587.00796694976
 10
55122.06443007621
 20
51231.12632776784
 10
51712.52051790297
 20
51231.12632776784
  0
LWPOLYLINE
  5
AAE
330
1F
100
AcDbEntity
  8
0
 62
1
 48
25.39999961853027
100
AcDbPolyline
 90
4
 70
1
 10
55122.06443007621
 20
50587.00796694976
 10
55766.26152578529
 20
50587.00796694976
 10
55766.26152578529
 20
51231.12632776784
 10
55122.06443007621
 20
51231.12632776784
  0
LINE
  5
AAF
330
1F
100
AcDbEntity
  8
0
 62
1
 48
25.39999961853027
100
AcDbLine
 10
55324.30393422034
 20
51028.91154168683
 30
0.0
 11
55564.02202163928
 21
50789.22275303273
 31
0.0
  0
CIRCLE
  5
AB0
330
1F
100
AcDbEntity
  8
0
 62
1
 48
25.39999961853027
100
AcDbCircle
 10
55444.16297792886
 20
50909.06714735875
 30
0.0
 40
169.4959268263355
  0
LINE
  5
AB1
330
1F
100
AcDbEntity
  8
0
 62
1
 48
25.39999961853027
100
AcDbLine
 10
55564.02202163737
 20
51028.91154168683
 30
0.0
 11
55324.30393422034
 21
50789.22275303273
 31
0.0
  0
LWPOLYLINE
  5
AB2
330
1F
100
AcDbEntity
  8
0
 62
1
 48
25.39999961853027
100
AcDbPolyline
 90
4
 70
1
 10
51068.323422192
 20
50587.00796694976
 10
51712.52051790107
 20
50587.00796694976
 10
51712.52051790107
 20
51231.12632776784
 10
51068.323422192
 20
51231.12632776784
  0
LINE
  5
AB3
330
1F
100
AcDbEntity
  8
0
 62
1
 48
25.39999961853027
100
AcDbLine
 10
51510.28101375695
 20
51028.91154168683
 30
0.0
 11
51270.56292633801
 21
50789.22275303273
 31
0.0
  0
CIRCLE
  5
AB4
330
1F
100
AcDbEntity
  8
0
 62
1
 48
25.39999961853027
100
AcDbCircle
 10
51390.42197004843
 20
50909.06714735875
 30
0.0
 40
169.4959268263355
  0
LINE
  5
AB5
330
1F
100
AcDbEntity
  8
0
 62
1
 48
25.39999961853027
100
AcDbLine
 10
51270.56292633992
 20
51028.91154168683
 30
0.0
 11
51510.28101375695
 21
50789.22275303273
 31
0.0
  0
TEXT
  5
AB6
330
1F
100
AcDbEntity
  8
power
 62
7
100
AcDbText
 10
51891.7394923552
 20
50093.20626661713
 30
0.0
 40
311.43150747864
  1
22
  7
Tahoma
 72
1
 11
52125.57456647281
 21
50248.92202035645
 31
0.0
100
AcDbText
 73
2
  0
CIRCLE
  5
AB7
330
1F
100
AcDbEntity
  8
power
 62
1
 48
25.39999961853027
100
AcDbCircle
 10
53965.73159049053
 20
50274.95027068838
 30
0.0
 40
98.60900891317236
  0
ARC
  5
AB8
330
1F
100
AcDbEntity
  8
power
 62
1
 48
25.39999961853027
100
AcDbCircle
 10
53815.5039631727
 20
50187.17444078776
 30
0.0
 40
239.390158839955
100
AcDbArc
 50
51.13091600743826
 51
171.3253832686648
  0
CIRCLE
  5
AB9
330
1F
100
AcDbEntity
  8
power
 62
1
 48
25.39999961853027
100
AcDbCircle
 10
53139.6954219047
 20
50274.95027068838
 30
0.0
 40
98.60900891317236
  0
ARC
  5
ABA
330
1F
100
AcDbEntity
  8
power
 62
1
 48
25.39999961853027
100
AcDbCircle
 10
53350.70265914719
 20
50280.00218105786
 30
0.0
 40
235.0949603003359
100
AcDbArc
 50
206.163369200148
 51
346.0382736866555
  0
LWPOLYLINE
  5
ABB
330
1F
100
AcDbEntity
  8
0
 62
1
 48
25.39999961853027
100
AcDbPolyline
 90
4
 70
1
 10
51712.52051790297
 20
49942.88960613168
 10
55122.06443007621
 20
49942.88960613168
 10
55122.06443007621
 20
50587.00796694976
 10
51712.52051790297
 20
50587.00796694976
  0
LWPOLYLINE
  5
ABC
330
1F
100
AcDbEntity
  8
0
 62
1
 48
25.39999961853027
100
AcDbPolyline
 90
4
 70
1
 10
55122.06443007621
 20
49942.88960613168
 10
55766.26152578529
 20
49942.88960613168
 10
55766.26152578529
 20
50587.00796694976
 10
55122.06443007621
 20
50587.00796694976
  0
LINE
  5
ABD
330
1F
100
AcDbEntity
  8
0
 62
1
 48
25.39999961853027
100
AcDbLine
 10
55324.30393422034
 20
50384.79318086876
 30
0.0
 11
55564.02202163928
 21
50145.10439221465
 31
0.0
  0
CIRCLE
  5
ABE
330
1F
100
AcDbEntity
  8
0
 62
1
 48
25.39999961853027
100
AcDbCircle
 10
55444.16297792886
 20
50264.94878654067
 30
0.0
 40
169.4959268263355
  0
LINE
  5
ABF
330
1F
100
AcDbEntity
  8
0
 62
1
 48
25.39999961853027
100
AcDbLine
 10
55564.02202163737
 20
50384.79318086876
 30
0.0
 11
55324.30393422034
 21
50145.10439221465
 31
0.0
  0
LWPOLYLINE
  5
AC0
330
1F
100
AcDbEntity
  8
0
 62
1
 48
25.39999961853027
100
AcDbPolyline
 90
4
 70
1
 10
51068.323422192
 20
49942.88960613168
 10
51712.52051790107
 20
49942.88960613168
 10
51712.52051790107
 20
50587.00796694976
 10
51068.323422192
 20
50587.00796694976
  0
LINE
  5
AC1
330
1F
100
AcDbEntity
  8
0
 62
1
 48
25.39999961853027
100
AcDbLine
 10
51510.28101375695
 20
50384.79318086876
 30
0.0
 11
51270.56292633801
 21
50145.10439221465
 31
0.0
  0
CIRCLE
  5
AC2
330
1F
100
AcDbEntity
  8
0
 62
1
 48
25.39999961853027
100
AcDbCircle
 10
51390.42197004843
 20
50264.94878654067
 30
0.0
 40
169.4959268263355
  0
LINE
  5
AC3
330
1F
100
AcDbEntity
  8
0
 62
1
 48
25.39999961853027
100
AcDbLine
 10
51270.56292633992
 20
50384.79318086876
 30
0.0
 11
51510.28101375695
 21
50145.10439221465
 31
0.0
  0
TEXT
  5
AC4
330
1F
100
AcDbEntity
  8
power
 62
7
100
AcDbText
 10
51891.7394923552
 20
49449.08790579905
 30
0.0
 40
311.43150747864
  1
23
  7
Tahoma
 72
1
 11
52125.57456647281
 21
49604.80365953837
 31
0.0
100
AcDbText
 73
2
  0
CIRCLE
  5
AC5
330
1F
100
AcDbEntity
  8
power
 62
1
 48
25.39999961853027
100
AcDbCircle
 10
53965.73159049053
 20
49630.83190987031
 30
0.0
 40
98.60900891317236
  0
ARC
  5
AC6
330
1F
100
AcDbEntity
  8
power
 62
1
 48
25.39999961853027
100
AcDbCircle
 10
53815.5039631727
 20
49543.05607996968
 30
0.0
 40
239.390158839955
100
AcDbArc
 50
51.13091600743826
 51
171.3253832686648
  0
CIRCLE
  5
AC7
330
1F
100
AcDbEntity
  8
power
 62
1
 48
25.39999961853027
100
AcDbCircle
 10
53139.6954219047
 20
49630.83190987031
 30
0.0
 40
98.60900891317236
  0
ARC
  5
AC8
330
1F
100
AcDbEntity
  8
power
 62
1
 48
25.39999961853027
100
AcDbCircle
 10
53350.70265914719
 20
49635.88382023977
 30
0.0
 40
235.0949603003359
100
AcDbArc
 50
206.1633692001456
 51
346.0382736866573
  0
LWPOLYLINE
  5
AC9
330
1F
100
AcDbEntity
  8
0
 62
1
 48
25.39999961853027
100
AcDbPolyline
 90
4
 70
1
 10
51712.52051790297
 20
49298.77124531362
 10
55122.06443007621
 20
49298.77124531362
 10
55122.06443007621
 20
49942.88960613168
 10
51712.52051790297
 20
49942.88960613168
  0
LWPOLYLINE
  5
ACA
330
1F
100
AcDbEntity
  8
0
 62
1
 48
25.39999961853027
100
AcDbPolyline
 90
4
 70
1
 10
55122.06443007621
 20
49298.77124531362
 10
55766.26152578529
 20
49298.77124531362
 10
55766.26152578529
 20
49942.88960613168
 10
55122.06443007621
 20
49942.88960613168
  0
LINE
  5
ACB
330
1F
100
AcDbEntity
  8
0
 62
1
 48
25.39999961853027
100
AcDbLine
 10
55324.30393422034
 20
49740.67482005069
 30
0.0
 11
55564.02202163928
 21
49500.98603139658
 31
0.0
  0
CIRCLE
  5
ACC
330
1F
100
AcDbEntity
  8
0
 62
1
 48
25.39999961853027
100
AcDbCircle
 10
55444.16297792886
 20
49620.8304257226
 30
0.0
 40
169.4959268263355
  0
LINE
  5
ACD
330
1F
100
AcDbEntity
  8
0
 62
1
 48
25.39999961853027
100
AcDbLine
 10
55564.02202163737
 20
49740.67482005069
 30
0.0
 11
55324.30393422034
 21
49500.98603139658
 31
0.0
  0
LWPOLYLINE
  5
ACE
330
1F
100
AcDbEntity
  8
0
 62
1
 48
25.39999961853027
100
AcDbPolyline
 90
4
 70
1
 10
51068.323422192
 20
49298.77124531362
 10
51712.52051790107
 20
49298.77124531362
 10
51712.52051790107
 20
49942.88960613168
 10
51068.323422192
 20
49942.88960613168
  0
LINE
  5
ACF
330
1F
100
AcDbEntity
  8
0
 62
1
 48
25.39999961853027
100
AcDbLine
 10
51510.28101375695
 20
49740.67482005069
 30
0.0
 11
51270.56292633801
 21
49500.98603139658
 31
0.0
  0
CIRCLE
  5
AD0
330
1F
100
AcDbEntity
  8
0
 62
1
 48
25.39999961853027
100
AcDbCircle
 10
51390.42197004843
 20
49620.8304257226
 30
0.0
 40
169.4959268263355
  0
LINE
  5
AD1
330
1F
100
AcDbEntity
  8
0
 62
1
 48
25.39999961853027
100
AcDbLine
 10
51270.56292633992
 20
49740.67482005069
 30
0.0
 11
51510.28101375695
 21
49500.98603139658
 31
0.0
  0
TEXT
  5
AD2
330
1F
100
AcDbEntity
  8
power
 62
7
100
AcDbText
 10
51891.7394923552
 20
48804.96954498098
 30
0.0
 40
311.43150747864
  1
24
  7
Tahoma
 72
1
 11
52125.57456647281
 21
48960.6852987203
 31
0.0
100
AcDbText
 73
2
  0
CIRCLE
  5
AD3
330
1F
100
AcDbEntity
  8
power
 62
1
 48
25.39999961853027
100
AcDbCircle
 10
53965.73159049053
 20
48986.71354905223
 30
0.0
 40
98.60900891317236
  0
ARC
  5
AD4
330
1F
100
AcDbEntity
  8
power
 62
1
 48
25.39999961853027
100
AcDbCircle
 10
53815.5039631727
 20
48898.93771915162
 30
0.0
 40
239.390158839955
100
AcDbArc
 50
51.13091600743826
 51
171.3253832686648
  0
CIRCLE
  5
AD5
330
1F
100
AcDbEntity
  8
power
 62
1
 48
25.39999961853027
100
AcDbCircle
 10
53139.6954219047
 20
48986.71354905223
 30
0.0
 40
98.60900891317236
  0
ARC
  5
AD6
330
1F
100
AcDbEntity
  8
power
 62
1
 48
25.39999961853027
100
AcDbCircle
 10
53350.70265914719
 20
48991.76545942172
 30
0.0
 40
235.0949603003359
100
AcDbArc
 50
206.163369200148
 51
346.0382736866555
  0
LWPOLYLINE
  5
AD7
330
1F
100
AcDbEntity
  8
0
 62
1
 48
25.39999961853027
100
AcDbPolyline
 90
4
 70
1
 10
51712.52051790297
 20
48654.65288449555
 10
55122.06443007621
 20
48654.65288449555
 10
55122.06443007621
 20
49298.77124531362
 10
51712.52051790297
 20
49298.77124531362
  0
LWPOLYLINE
  5
AD8
330
1F
100
AcDbEntity
  8
0
 62
1
 48
25.39999961853027
100
AcDbPolyline
 90
4
 70
1
 10
55122.06443007621
 20
48654.65288449555
 10
55766.26152578529
 20
48654.65288449555
 10
55766.26152578529
 20
49298.77124531362
 10
55122.06443007621
 20
49298.77124531362
  0
LINE
  5
AD9
330
1F
100
AcDbEntity
  8
0
 62
1
 48
25.39999961853027
100
AcDbLine
 10
55324.30393422034
 20
49096.55645923261
 30
0.0
 11
55564.02202163928
 21
48856.86767057851
 31
0.0
  0
CIRCLE
  5
ADA
330
1F
100
AcDbEntity
  8
0
 62
1
 48
25.39999961853027
100
AcDbCircle
 10
55444.16297792886
 20
48976.71206490452
 30
0.0
 40
169.4959268263355
  0
LINE
  5
ADB
330
1F
100
AcDbEntity
  8
0
 62
1
 48
25.39999961853027
100
AcDbLine
 10
55564.02202163737
 20
49096.55645923261
 30
0.0
 11
55324.30393422034
 21
48856.86767057851
 31
0.0
  0
LWPOLYLINE
  5
ADC
330
1F
100
AcDbEntity
  8
0
 62
1
 48
25.39999961853027
100
AcDbPolyline
 90
4
 70
1
 10
51068.323422192
 20
48654.65288449555
 10
51712.52051790107
 20
48654.65288449555
 10
51712.52051790107
 20
49298.77124531362
 10
51068.323422192
 20
49298.77124531362
  0
LINE
  5
ADD
330
1F
100
AcDbEntity
  8
0
 62
1
 48
25.39999961853027
100
AcDbLine
 10
51510.28101375695
 20
49096.55645923261
 30
0.0
 11
51270.56292633801
 21
48856.86767057851
 31
0.0
  0
CIRCLE
  5
ADE
330
1F
100
AcDbEntity
  8
0
 62
1
 48
25.39999961853027
100
AcDbCircle
 10
51390.42197004843
 20
48976.71206490452
 30
0.0
 40
169.4959268263355
  0
LINE
  5
ADF
330
1F
100
AcDbEntity
  8
0
 62
1
 48
25.39999961853027
100
AcDbLine
 10
51270.56292633992
 20
49096.55645923261
 30
0.0
 11
51510.28101375695
 21
48856.86767057851
 31
0.0
  0
TEXT
  5
AE0
330
1F
100
AcDbEntity
  8
power
 62
7
100
AcDbText
 10
51891.7394923552
 20
48160.85118416291
 30
0.0
 40
311.43150747864
  1
25
  7
Tahoma
 72
1
 11
52125.57456647281
 21
48316.56693790223
 31
0.0
100
AcDbText
 73
2
  0
CIRCLE
  5
AE1
330
1F
100
AcDbEntity
  8
power
 62
1
 48
25.39999961853027
100
AcDbCircle
 10
53965.73159049053
 20
48342.59518823417
 30
0.0
 40
98.60900891317236
  0
ARC
  5
AE2
330
1F
100
AcDbEntity
  8
power
 62
1
 48
25.39999961853027
100
AcDbCircle
 10
53815.5039631727
 20
48254.81935833354
 30
0.0
 40
239.390158839955
100
AcDbArc
 50
51.13091600743826
 51
171.3253832686648
  0
CIRCLE
  5
AE3
330
1F
100
AcDbEntity
  8
power
 62
1
 48
25.39999961853027
100
AcDbCircle
 10
53139.6954219047
 20
48342.59518823417
 30
0.0
 40
98.60900891317236
  0
ARC
  5
AE4
330
1F
100
AcDbEntity
  8
power
 62
1
 48
25.39999961853027
100
AcDbCircle
 10
53350.70265914719
 20
48347.64709860363
 30
0.0
 40
235.0949603003359
100
AcDbArc
 50
206.1633692001456
 51
346.0382736866538
  0
LWPOLYLINE
  5
AE5
330
1F
100
AcDbEntity
  8
0
 62
1
 48
25.39999961853027
100
AcDbPolyline
 90
4
 70
1
 10
51712.52051790297
 20
48010.53452367748
 10
55122.06443007621
 20
48010.53452367748
 10
55122.06443007621
 20
48654.65288449555
 10
51712.52051790297
 20
48654.65288449555
  0
LWPOLYLINE
  5
AE6
330
1F
100
AcDbEntity
  8
0
 62
1
 48
25.39999961853027
100
AcDbPolyline
 90
4
 70
1
 10
55122.06443007621
 20
48010.53452367748
 10
55766.26152578529
 20
48010.53452367748
 10
55766.26152578529
 20
48654.65288449555
 10
55122.06443007621
 20
48654.65288449555
  0
LINE
  5
AE7
330
1F
100
AcDbEntity
  8
0
 62
1
 48
25.39999961853027
100
AcDbLine
 10
55324.30393422034
 20
48452.43809841455
 30
0.0
 11
55564.02202163928
 21
48212.74930976045
 31
0.0
  0
CIRCLE
  5
AE8
330
1F
100
AcDbEntity
  8
0
 62
1
 48
25.39999961853027
100
AcDbCircle
 10
55444.16297792886
 20
48332.59370408645
 30
0.0
 40
169.4959268263355
  0
LINE
  5
AE9
330
1F
100
AcDbEntity
  8
0
 62
1
 48
25.39999961853027
100
AcDbLine
 10
55564.02202163737
 20
48452.43809841455
 30
0.0
 11
55324.30393422034
 21
48212.74930976045
 31
0.0
  0
LWPOLYLINE
  5
AEA
330
1F
100
AcDbEntity
  8
0
 62
1
 48
25.39999961853027
100
AcDbPolyline
 90
4
 70
1
 10
51068.323422192
 20
48010.53452367748
 10
51712.52051790107
 20
48010.53452367748
 10
51712.52051790107
 20
48654.65288449555
 10
51068.323422192
 20
48654.65288449555
  0
LINE
  5
AEB
330
1F
100
AcDbEntity
  8
0
 62
1
 48
25.39999961853027
100
AcDbLine
 10
51510.28101375695
 20
48452.43809841455
 30
0.0
 11
51270.56292633801
 21
48212.74930976045
 31
0.0
  0
CIRCLE
  5
AEC
330
1F
100
AcDbEntity
  8
0
 62
1
 48
25.39999961853027
100
AcDbCircle
 10
51390.42197004843
 20
48332.59370408645
 30
0.0
 40
169.4959268263355
  0
LINE
  5
AED
330
1F
100
AcDbEntity
  8
0
 62
1
 48
25.39999961853027
100
AcDbLine
 10
51270.56292633992
 20
48452.43809841455
 30
0.0
 11
51510.28101375695
 21
48212.74930976045
 31
0.0
  0
TEXT
  5
AEE
330
1F
100
AcDbEntity
  8
power
 62
7
100
AcDbText
 10
51891.7394923552
 20
47516.73282334484
 30
0.0
 40
311.43150747864
  1
26
  7
Tahoma
 72
1
 11
52125.57456647281
 21
47672.44857708416
 31
0.0
100
AcDbText
 73
2
  0
CIRCLE
  5
AEF
330
1F
100
AcDbEntity
  8
power
 62
1
 48
25.39999961853027
100
AcDbCircle
 10
53965.73159049053
 20
47698.47682741609
 30
0.0
 40
98.60900891317236
  0
ARC
  5
AF0
330
1F
100
AcDbEntity
  8
power
 62
1
 48
25.39999961853027
100
AcDbCircle
 10
53815.5039631727
 20
47610.70099751547
 30
0.0
 40
239.390158839955
100
AcDbArc
 50
51.13091600743826
 51
171.3253832686648
  0
CIRCLE
  5
AF1
330
1F
100
AcDbEntity
  8
power
 62
1
 48
25.39999961853027
100
AcDbCircle
 10
53139.6954219047
 20
47698.47682741609
 30
0.0
 40
98.60900891317236
  0
ARC
  5
AF2
330
1F
100
AcDbEntity
  8
power
 62
1
 48
25.39999961853027
100
AcDbCircle
 10
53350.70265914719
 20
47703.52873778556
 30
0.0
 40
235.0949603003359
100
AcDbArc
 50
206.1633692001456
 51
346.0382736866573
  0
LWPOLYLINE
  5
AF3
330
1F
100
AcDbEntity
  8
0
 62
1
 48
25.39999961853027
100
AcDbPolyline
 90
4
 70
1
 10
51712.52051790297
 20
47366.4161628594
 10
55122.06443007621
 20
47366.4161628594
 10
55122.06443007621
 20
48010.53452367748
 10
51712.52051790297
 20
48010.53452367748
  0
LWPOLYLINE
  5
AF4
330
1F
100
AcDbEntity
  8
0
 62
1
 48
25.39999961853027
100
AcDbPolyline
 90
4
 70
1
 10
55122.06443007621
 20
47366.4161628594
 10
55766.26152578529
 20
47366.4161628594
 10
55766.26152578529
 20
48010.53452367748
 10
55122.06443007621
 20
48010.53452367748
  0
LINE
  5
AF5
330
1F
100
AcDbEntity
  8
0
 62
1
 48
25.39999961853027
100
AcDbLine
 10
55324.30393422034
 20
47808.31973759647
 30
0.0
 11
55564.02202163928
 21
47568.63094894237
 31
0.0
  0
CIRCLE
  5
AF6
330
1F
100
AcDbEntity
  8
0
 62
1
 48
25.39999961853027
100
AcDbCircle
 10
55444.16297792886
 20
47688.47534326839
 30
0.0
 40
169.4959268263355
  0
LINE
  5
AF7
330
1F
100
AcDbEntity
  8
0
 62
1
 48
25.39999961853027
100
AcDbLine
 10
55564.02202163737
 20
47808.31973759647
 30
0.0
 11
55324.30393422034
 21
47568.63094894237
 31
0.0
  0
LWPOLYLINE
  5
AF8
330
1F
100
AcDbEntity
  8
0
 62
1
 48
25.39999961853027
100
AcDbPolyline
 90
4
 70
1
 10
51068.323422192
 20
47366.4161628594
 10
51712.52051790107
 20
47366.4161628594
 10
51712.52051790107
 20
48010.53452367748
 10
51068.323422192
 20
48010.53452367748
  0
LINE
  5
AF9
330
1F
100
AcDbEntity
  8
0
 62
1
 48
25.39999961853027
100
AcDbLine
 10
51510.28101375695
 20
47808.31973759647
 30
0.0
 11
51270.56292633801
 21
47568.63094894237
 31
0.0
  0
CIRCLE
  5
AFA
330
1F
100
AcDbEntity
  8
0
 62
1
 48
25.39999961853027
100
AcDbCircle
 10
51390.42197004843
 20
47688.47534326839
 30
0.0
 40
169.4959268263355
  0
LINE
  5
AFB
330
1F
100
AcDbEntity
  8
0
 62
1
 48
25.39999961853027
100
AcDbLine
 10
51270.56292633992
 20
47808.31973759647
 30
0.0
 11
51510.28101375695
 21
47568.63094894237
 31
0.0
  0
TEXT
  5
AFC
330
1F
100
AcDbEntity
  8
power
 62
7
100
AcDbText
 10
51891.7394923552
 20
46872.61446252676
 30
0.0
 40
311.43150747864
  1
27
  7
Tahoma
 72
1
 11
52125.57456647281
 21
47028.33021626608
 31
0.0
100
AcDbText
 73
2
  0
CIRCLE
  5
AFD
330
1F
100
AcDbEntity
  8
power
 62
1
 48
25.39999961853027
100
AcDbCircle
 10
53965.73159049053
 20
47054.35846659802
 30
0.0
 40
98.60900891317236
  0
ARC
  5
AFE
330
1F
100
AcDbEntity
  8
power
 62
1
 48
25.39999961853027
100
AcDbCircle
 10
53815.5039631727
 20
46966.58263669739
 30
0.0
 40
239.390158839955
100
AcDbArc
 50
51.13091600743826
 51
171.3253832686648
  0
CIRCLE
  5
AFF
330
1F
100
AcDbEntity
  8
power
 62
1
 48
25.39999961853027
100
AcDbCircle
 10
53139.6954219047
 20
47054.35846659802
 30
0.0
 40
98.60900891317236
  0
ARC
  5
B00
330
1F
100
AcDbEntity
  8
power
 62
1
 48
25.39999961853027
100
AcDbCircle
 10
53350.70265914719
 20
47059.4103769675
 30
0.0
 40
235.0949603003359
100
AcDbArc
 50
206.163369200148
 51
346.0382736866555
  0
LWPOLYLINE
  5
B01
330
1F
100
AcDbEntity
  8
0
 62
1
 48
25.39999961853027
100
AcDbPolyline
 90
4
 70
1
 10
51712.52051790297
 20
46722.29780204134
 10
55122.06443007621
 20
46722.29780204134
 10
55122.06443007621
 20
47366.4161628594
 10
51712.52051790297
 20
47366.4161628594
  0
LWPOLYLINE
  5
B02
330
1F
100
AcDbEntity
  8
0
 62
1
 48
25.39999961853027
100
AcDbPolyline
 90
4
 70
1
 10
55122.06443007621
 20
46722.29780204134
 10
55766.26152578529
 20
46722.29780204134
 10
55766.26152578529
 20
47366.4161628594
 10
55122.06443007621
 20
47366.4161628594
  0
LINE
  5
B03
330
1F
100
AcDbEntity
  8
0
 62
1
 48
25.39999961853027
100
AcDbLine
 10
55324.30393422034
 20
47164.20137677839
 30
0.0
 11
55564.02202163928
 21
46924.5125881243
 31
0.0
  0
CIRCLE
  5
B04
330
1F
100
AcDbEntity
  8
0
 62
1
 48
25.39999961853027
100
AcDbCircle
 10
55444.16297792886
 20
47044.35698245031
 30
0.0
 40
169.4959268263355
  0
LINE
  5
B05
330
1F
100
AcDbEntity
  8
0
 62
1
 48
25.39999961853027
100
AcDbLine
 10
55564.02202163737
 20
47164.20137677839
 30
0.0
 11
55324.30393422034
 21
46924.5125881243
 31
0.0
  0
LWPOLYLINE
  5
B06
330
1F
100
AcDbEntity
  8
0
 62
1
 48
25.39999961853027
100
AcDbPolyline
 90
4
 70
1
 10
51068.323422192
 20
46722.29780204134
 10
51712.52051790107
 20
46722.29780204134
 10
51712.52051790107
 20
47366.4161628594
 10
51068.323422192
 20
47366.4161628594
  0
LINE
  5
B07
330
1F
100
AcDbEntity
  8
0
 62
1
 48
25.39999961853027
100
AcDbLine
 10
51510.28101375695
 20
47164.20137677839
 30
0.0
 11
51270.56292633801
 21
46924.5125881243
 31
0.0
  0
CIRCLE
  5
B08
330
1F
100
AcDbEntity
  8
0
 62
1
 48
25.39999961853027
100
AcDbCircle
 10
51390.42197004843
 20
47044.35698245031
 30
0.0
 40
169.4959268263355
  0
LINE
  5
B09
330
1F
100
AcDbEntity
  8
0
 62
1
 48
25.39999961853027
100
AcDbLine
 10
51270.56292633992
 20
47164.20137677839
 30
0.0
 11
51510.28101375695
 21
46924.5125881243
 31
0.0
  0
TEXT
  5
B0A
330
1F
100
AcDbEntity
  8
power
 62
7
100
AcDbText
 10
51891.7394923552
 20
46228.4961017087
 30
0.0
 40
311.43150747864
  1
28
  7
Tahoma
 72
1
 11
52125.57456647281
 21
46384.21185544802
 31
0.0
100
AcDbText
 73
2
  0
CIRCLE
  5
B0B
330
1F
100
AcDbEntity
  8
power
 62
1
 48
25.39999961853027
100
AcDbCircle
 10
53965.73159049053
 20
46410.24010577994
 30
0.0
 40
98.60900891317236
  0
ARC
  5
B0C
330
1F
100
AcDbEntity
  8
power
 62
1
 48
25.39999961853027
100
AcDbCircle
 10
53815.5039631727
 20
46322.46427587932
 30
0.0
 40
239.390158839955
100
AcDbArc
 50
51.13091600743826
 51
171.3253832686648
  0
CIRCLE
  5
B0D
330
1F
100
AcDbEntity
  8
power
 62
1
 48
25.39999961853027
100
AcDbCircle
 10
53139.6954219047
 20
46410.24010577994
 30
0.0
 40
98.60900891317236
  0
ARC
  5
B0E
330
1F
100
AcDbEntity
  8
power
 62
1
 48
25.39999961853027
100
AcDbCircle
 10
53350.70265914719
 20
46415.29201614941
 30
0.0
 40
235.0949603003359
100
AcDbArc
 50
206.1633692001456
 51
346.0382736866573
  0
LWPOLYLINE
  5
B0F
330
1F
100
AcDbEntity
  8
0
 62
1
 48
25.39999961853027
100
AcDbPolyline
 90
4
 70
1
 10
51712.52051790297
 20
46078.17944122326
 10
55122.06443007621
 20
46078.17944122326
 10
55122.06443007621
 20
46722.29780204134
 10
51712.52051790297
 20
46722.29780204134
  0
LWPOLYLINE
  5
B10
330
1F
100
AcDbEntity
  8
0
 62
1
 48
25.39999961853027
100
AcDbPolyline
 90
4
 70
1
 10
55122.06443007621
 20
46078.17944122326
 10
55766.26152578529
 20
46078.17944122326
 10
55766.26152578529
 20
46722.29780204134
 10
55122.06443007621
 20
46722.29780204134
  0
LINE
  5
B11
330
1F
100
AcDbEntity
  8
0
 62
1
 48
25.39999961853027
100
AcDbLine
 10
55324.30393422034
 20
46520.08301596033
 30
0.0
 11
55564.02202163928
 21
46280.39422730622
 31
0.0
  0
CIRCLE
  5
B12
330
1F
100
AcDbEntity
  8
0
 62
1
 48
25.39999961853027
100
AcDbCircle
 10
55444.16297792886
 20
46400.23862163223
 30
0.0
 40
169.4959268263355
  0
LINE
  5
B13
330
1F
100
AcDbEntity
  8
0
 62
1
 48
25.39999961853027
100
AcDbLine
 10
55564.02202163737
 20
46520.08301596033
 30
0.0
 11
55324.30393422034
 21
46280.39422730622
 31
0.0
  0
LWPOLYLINE
  5
B14
330
1F
100
AcDbEntity
  8
0
 62
1
 48
25.39999961853027
100
AcDbPolyline
 90
4
 70
1
 10
51068.323422192
 20
46078.17944122326
 10
51712.52051790107
 20
46078.17944122326
 10
51712.52051790107
 20
46722.29780204134
 10
51068.323422192
 20
46722.29780204134
  0
LINE
  5
B15
330
1F
100
AcDbEntity
  8
0
 62
1
 48
25.39999961853027
100
AcDbLine
 10
51510.28101375695
 20
46520.08301596033
 30
0.0
 11
51270.56292633801
 21
46280.39422730622
 31
0.0
  0
CIRCLE
  5
B16
330
1F
100
AcDbEntity
  8
0
 62
1
 48
25.39999961853027
100
AcDbCircle
 10
51390.42197004843
 20
46400.23862163223
 30
0.0
 40
169.4959268263355
  0
LINE
  5
B17
330
1F
100
AcDbEntity
  8
0
 62
1
 48
25.39999961853027
100
AcDbLine
 10
51270.56292633992
 20
46520.08301596033
 30
0.0
 11
51510.28101375695
 21
46280.39422730622
 31
0.0
  0
TEXT
  5
B18
330
1F
100
AcDbEntity
  8
power
 62
7
100
AcDbText
 10
51891.7394923552
 20
45584.37774089062
 30
0.0
 40
311.43150747864
  1
29
  7
Tahoma
 72
1
 11
52125.57456647281
 21
45740.09349462994
 31
0.0
100
AcDbText
 73
2
  0
CIRCLE
  5
B19
330
1F
100
AcDbEntity
  8
power
 62
1
 48
25.39999961853027
100
AcDbCircle
 10
53965.73159049053
 20
45766.12174496187
 30
0.0
 40
98.60900891317236
  0
ARC
  5
B1A
330
1F
100
AcDbEntity
  8
power
 62
1
 48
25.39999961853027
100
AcDbCircle
 10
53815.5039631727
 20
45678.34591506125
 30
0.0
 40
239.390158839955
100
AcDbArc
 50
51.13091600743826
 51
171.3253832686648
  0
CIRCLE
  5
B1B
330
1F
100
AcDbEntity
  8
power
 62
1
 48
25.39999961853027
100
AcDbCircle
 10
53139.6954219047
 20
45766.12174496187
 30
0.0
 40
98.60900891317236
  0
ARC
  5
B1C
330
1F
100
AcDbEntity
  8
power
 62
1
 48
25.39999961853027
100
AcDbCircle
 10
53350.70265914719
 20
45771.17365533135
 30
0.0
 40
235.0949603003359
100
AcDbArc
 50
206.1633692001456
 51
346.0382736866538
  0
LWPOLYLINE
  5
B1D
330
1F
100
AcDbEntity
  8
0
 62
1
 48
25.39999961853027
100
AcDbPolyline
 90
4
 70
1
 10
51712.52051790297
 20
45434.06108040518
 10
55122.06443007621
 20
45434.06108040518
 10
55122.06443007621
 20
46078.17944122326
 10
51712.52051790297
 20
46078.17944122326
  0
LWPOLYLINE
  5
B1E
330
1F
100
AcDbEntity
  8
0
 62
1
 48
25.39999961853027
100
AcDbPolyline
 90
4
 70
1
 10
55122.06443007621
 20
45434.06108040518
 10
55766.26152578529
 20
45434.06108040518
 10
55766.26152578529
 20
46078.17944122326
 10
55122.06443007621
 20
46078.17944122326
  0
LINE
  5
B1F
330
1F
100
AcDbEntity
  8
0
 62
1
 48
25.39999961853027
100
AcDbLine
 10
55324.30393422034
 20
45875.96465514225
 30
0.0
 11
55564.02202163928
 21
45636.27586648815
 31
0.0
  0
CIRCLE
  5
B20
330
1F
100
AcDbEntity
  8
0
 62
1
 48
25.39999961853027
100
AcDbCircle
 10
55444.16297792886
 20
45756.12026081417
 30
0.0
 40
169.4959268263355
  0
LINE
  5
B21
330
1F
100
AcDbEntity
  8
0
 62
1
 48
25.39999961853027
100
AcDbLine
 10
55564.02202163737
 20
45875.96465514225
 30
0.0
 11
55324.30393422034
 21
45636.27586648815
 31
0.0
  0
LWPOLYLINE
  5
B22
330
1F
100
AcDbEntity
  8
0
 62
1
 48
25.39999961853027
100
AcDbPolyline
 90
4
 70
1
 10
51068.323422192
 20
45434.06108040518
 10
51712.52051790107
 20
45434.06108040518
 10
51712.52051790107
 20
46078.17944122326
 10
51068.323422192
 20
46078.17944122326
  0
LINE
  5
B23
330
1F
100
AcDbEntity
  8
0
 62
1
 48
25.39999961853027
100
AcDbLine
 10
51510.28101375695
 20
45875.96465514225
 30
0.0
 11
51270.56292633801
 21
45636.27586648815
 31
0.0
  0
CIRCLE
  5
B24
330
1F
100
AcDbEntity
  8
0
 62
1
 48
25.39999961853027
100
AcDbCircle
 10
51390.42197004843
 20
45756.12026081417
 30
0.0
 40
169.4959268263355
  0
LINE
  5
B25
330
1F
100
AcDbEntity
  8
0
 62
1
 48
25.39999961853027
100
AcDbLine
 10
51270.56292633992
 20
45875.96465514225
 30
0.0
 11
51510.28101375695
 21
45636.27586648815
 31
0.0
  0
TEXT
  5
B26
330
1F
100
AcDbEntity
  8
power
 62
7
100
AcDbText
 10
51891.7394923552
 20
44940.25938007255
 30
0.0
 40
311.43150747864
  1
30
  7
Tahoma
 72
1
 11
52125.57456647281
 21
45095.97513381187
 31
0.0
100
AcDbText
 73
2
  0
CIRCLE
  5
B27
330
1F
100
AcDbEntity
  8
power
 62
1
 48
25.39999961853027
100
AcDbCircle
 10
53965.73159049053
 20
45122.00338414381
 30
0.0
 40
98.60900891317236
  0
ARC
  5
B28
330
1F
100
AcDbEntity
  8
power
 62
1
 48
25.39999961853027
100
AcDbCircle
 10
53815.5039631727
 20
45034.22755424318
 30
0.0
 40
239.390158839955
100
AcDbArc
 50
51.13091600743961
 51
171.325383268663
  0
CIRCLE
  5
B29
330
1F
100
AcDbEntity
  8
power
 62
1
 48
25.39999961853027
100
AcDbCircle
 10
53139.6954219047
 20
45122.00338414381
 30
0.0
 40
98.60900891317236
  0
ARC
  5
B2A
330
1F
100
AcDbEntity
  8
power
 62
1
 48
25.39999961853027
100
AcDbCircle
 10
53350.70265914719
 20
45127.05529451327
 30
0.0
 40
235.0949603003359
100
AcDbArc
 50
206.163369200148
 51
346.0382736866555
  0
LWPOLYLINE
  5
B2B
330
1F
100
AcDbEntity
  8
0
 62
1
 48
25.39999961853027
100
AcDbPolyline
 90
4
 70
1
 10
51712.52051790297
 20
44789.94271958712
 10
55122.06443007621
 20
44789.94271958712
 10
55122.06443007621
 20
45434.06108040518
 10
51712.52051790297
 20
45434.06108040518
  0
LWPOLYLINE
  5
B2C
330
1F
100
AcDbEntity
  8
0
 62
1
 48
25.39999961853027
100
AcDbPolyline
 90
4
 70
1
 10
55122.06443007621
 20
44789.94271958712
 10
55766.26152578529
 20
44789.94271958712
 10
55766.26152578529
 20
45434.06108040518
 10
55122.06443007621
 20
45434.06108040518
  0
LINE
  5
B2D
330
1F
100
AcDbEntity
  8
0
 62
1
 48
25.39999961853027
100
AcDbLine
 10
55324.30393422034
 20
45231.84629432418
 30
0.0
 11
55564.02202163928
 21
44992.15750567009
 31
0.0
  0
CIRCLE
  5
B2E
330
1F
100
AcDbEntity
  8
0
 62
1
 48
25.39999961853027
100
AcDbCircle
 10
55444.16297792886
 20
45112.00189999609
 30
0.0
 40
169.4959268263355
  0
LINE
  5
B2F
330
1F
100
AcDbEntity
  8
0
 62
1
 48
25.39999961853027
100
AcDbLine
 10
55564.02202163737
 20
45231.84629432418
 30
0.0
 11
55324.30393422034
 21
44992.15750567009
 31
0.0
  0
LWPOLYLINE
  5
B30
330
1F
100
AcDbEntity
  8
0
 62
1
 48
25.39999961853027
100
AcDbPolyline
 90
4
 70
1
 10
51068.323422192
 20
44789.94271958712
 10
51712.52051790107
 20
44789.94271958712
 10
51712.52051790107
 20
45434.06108040518
 10
51068.323422192
 20
45434.06108040518
  0
LINE
  5
B31
330
1F
100
AcDbEntity
  8
0
 62
1
 48
25.39999961853027
100
AcDbLine
 10
51510.28101375695
 20
45231.84629432418
 30
0.0
 11
51270.56292633801
 21
44992.15750567009
 31
0.0
  0
CIRCLE
  5
B32
330
1F
100
AcDbEntity
  8
0
 62
1
 48
25.39999961853027
100
AcDbCircle
 10
51390.42197004843
 20
45112.00189999609
 30
0.0
 40
169.4959268263355
  0
LINE
  5
B33
330
1F
100
AcDbEntity
  8
0
 62
1
 48
25.39999961853027
100
AcDbLine
 10
51270.56292633992
 20
45231.84629432418
 30
0.0
 11
51510.28101375695
 21
44992.15750567009
 31
0.0
  0
TEXT
  5
B34
330
1F
100
AcDbEntity
  8
power
 62
7
100
AcDbText
 10
51891.7394923552
 20
44296.14101925448
 30
0.0
 40
311.43150747864
  1
31
  7
Tahoma
 72
1
 11
52125.57456647281
 21
44451.8567729938
 31
0.0
100
AcDbText
 73
2
  0
CIRCLE
  5
B35
330
1F
100
AcDbEntity
  8
power
 62
1
 48
25.39999961853027
100
AcDbCircle
 10
53965.73159049053
 20
44477.88502332573
 30
0.0
 40
98.60900891317236
  0
ARC
  5
B36
330
1F
100
AcDbEntity
  8
power
 62
1
 48
25.39999961853027
100
AcDbCircle
 10
53815.5039631727
 20
44390.1091934251
 30
0.0
 40
239.390158839955
100
AcDbArc
 50
51.13091600743961
 51
171.325383268663
  0
CIRCLE
  5
B37
330
1F
100
AcDbEntity
  8
power
 62
1
 48
25.39999961853027
100
AcDbCircle
 10
53139.6954219047
 20
44477.88502332573
 30
0.0
 40
98.60900891317236
  0
ARC
  5
B38
330
1F
100
AcDbEntity
  8
power
 62
1
 48
25.39999961853027
100
AcDbCircle
 10
53350.70265914719
 20
44482.9369336952
 30
0.0
 40
235.0949603003359
100
AcDbArc
 50
206.163369200148
 51
346.0382736866555
  0
LWPOLYLINE
  5
B39
330
1F
100
AcDbEntity
  8
0
 62
1
 48
25.39999961853027
100
AcDbPolyline
 90
4
 70
1
 10
51712.52051790297
 20
44145.82435876904
 10
55122.06443007621
 20
44145.82435876904
 10
55122.06443007621
 20
44789.94271958712
 10
51712.52051790297
 20
44789.94271958712
  0
LWPOLYLINE
  5
B3A
330
1F
100
AcDbEntity
  8
0
 62
1
 48
25.39999961853027
100
AcDbPolyline
 90
4
 70
1
 10
55122.06443007621
 20
44145.82435876904
 10
55766.26152578529
 20
44145.82435876904
 10
55766.26152578529
 20
44789.94271958712
 10
55122.06443007621
 20
44789.94271958712
  0
LINE
  5
B3B
330
1F
100
AcDbEntity
  8
0
 62
1
 48
25.39999961853027
100
AcDbLine
 10
55324.30393422034
 20
44587.72793350611
 30
0.0
 11
55564.02202163928
 21
44348.039144852
 31
0.0
  0
CIRCLE
  5
B3C
330
1F
100
AcDbEntity
  8
0
 62
1
 48
25.39999961853027
100
AcDbCircle
 10
55444.16297792886
 20
44467.88353917803
 30
0.0
 40
169.4959268263355
  0
LINE
  5
B3D
330
1F
100
AcDbEntity
  8
0
 62
1
 48
25.39999961853027
100
AcDbLine
 10
55564.02202163737
 20
44587.72793350611
 30
0.0
 11
55324.30393422034
 21
44348.039144852
 31
0.0
  0
LWPOLYLINE
  5
B3E
330
1F
100
AcDbEntity
  8
0
 62
1
 48
25.39999961853027
100
AcDbPolyline
 90
4
 70
1
 10
51068.323422192
 20
44145.82435876904
 10
51712.52051790107
 20
44145.82435876904
 10
51712.52051790107
 20
44789.94271958712
 10
51068.323422192
 20
44789.94271958712
  0
LINE
  5
B3F
330
1F
100
AcDbEntity
  8
0
 62
1
 48
25.39999961853027
100
AcDbLine
 10
51510.28101375695
 20
44587.72793350611
 30
0.0
 11
51270.56292633801
 21
44348.039144852
 31
0.0
  0
CIRCLE
  5
B40
330
1F
100
AcDbEntity
  8
0
 62
1
 48
25.39999961853027
100
AcDbCircle
 10
51390.42197004843
 20
44467.88353917803
 30
0.0
 40
169.4959268263355
  0
LINE
  5
B41
330
1F
100
AcDbEntity
  8
0
 62
1
 48
25.39999961853027
100
AcDbLine
 10
51270.56292633992
 20
44587.72793350611
 30
0.0
 11
51510.28101375695
 21
44348.039144852
 31
0.0
  0
TEXT
  5
B42
330
1F
100
AcDbEntity
  8
power
 62
7
100
AcDbText
 10
51891.7394923552
 20
43652.0226584364
 30
0.0
 40
311.43150747864
  1
32
  7
Tahoma
 72
1
 11
52125.57456647281
 21
43807.73841217572
 31
0.0
100
AcDbText
 73
2
  0
CIRCLE
  5
B43
330
1F
100
AcDbEntity
  8
power
 62
1
 48
25.39999961853027
100
AcDbCircle
 10
53965.73159049053
 20
43833.76666250766
 30
0.0
 40
98.60900891317236
  0
ARC
  5
B44
330
1F
100
AcDbEntity
  8
power
 62
1
 48
25.39999961853027
100
AcDbCircle
 10
53815.5039631727
 20
43745.99083260704
 30
0.0
 40
239.390158839955
100
AcDbArc
 50
51.13091600743826
 51
171.3253832686648
  0
CIRCLE
  5
B45
330
1F
100
AcDbEntity
  8
power
 62
1
 48
25.39999961853027
100
AcDbCircle
 10
53139.6954219047
 20
43833.76666250766
 30
0.0
 40
98.60900891317236
  0
ARC
  5
B46
330
1F
100
AcDbEntity
  8
power
 62
1
 48
25.39999961853027
100
AcDbCircle
 10
53350.70265914719
 20
43838.81857287714
 30
0.0
 40
235.0949603003359
100
AcDbArc
 50
206.1633692001456
 51
346.0382736866555
  0
LWPOLYLINE
  5
B47
330
1F
100
AcDbEntity
  8
0
 62
1
 48
25.39999961853027
100
AcDbPolyline
 90
4
 70
1
 10
51712.52051790297
 20
43501.70599795097
 10
55122.06443007621
 20
43501.70599795097
 10
55122.06443007621
 20
44145.82435876904
 10
51712.52051790297
 20
44145.82435876904
  0
LWPOLYLINE
  5
B48
330
1F
100
AcDbEntity
  8
0
 62
1
 48
25.39999961853027
100
AcDbPolyline
 90
4
 70
1
 10
55122.06443007621
 20
43501.70599795097
 10
55766.26152578529
 20
43501.70599795097
 10
55766.26152578529
 20
44145.82435876904
 10
55122.06443007621
 20
44145.82435876904
  0
LINE
  5
B49
330
1F
100
AcDbEntity
  8
0
 62
1
 48
25.39999961853027
100
AcDbLine
 10
55324.30393422034
 20
43943.60957268803
 30
0.0
 11
55564.02202163928
 21
43703.92078403393
 31
0.0
  0
CIRCLE
  5
B4A
330
1F
100
AcDbEntity
  8
0
 62
1
 48
25.39999961853027
100
AcDbCircle
 10
55444.16297792886
 20
43823.76517835995
 30
0.0
 40
169.4959268263355
  0
LINE
  5
B4B
330
1F
100
AcDbEntity
  8
0
 62
1
 48
25.39999961853027
100
AcDbLine
 10
55564.02202163737
 20
43943.60957268803
 30
0.0
 11
55324.30393422034
 21
43703.92078403393
 31
0.0
  0
LWPOLYLINE
  5
B4C
330
1F
100
AcDbEntity
  8
0
 62
1
 48
25.39999961853027
100
AcDbPolyline
 90
4
 70
1
 10
51068.323422192
 20
43501.70599795097
 10
51712.52051790107
 20
43501.70599795097
 10
51712.52051790107
 20
44145.82435876904
 10
51068.323422192
 20
44145.82435876904
  0
LINE
  5
B4D
330
1F
100
AcDbEntity
  8
0
 62
1
 48
25.39999961853027
100
AcDbLine
 10
51510.28101375695
 20
43943.60957268803
 30
0.0
 11
51270.56292633801
 21
43703.92078403393
 31
0.0
  0
CIRCLE
  5
B4E
330
1F
100
AcDbEntity
  8
0
 62
1
 48
25.39999961853027
100
AcDbCircle
 10
51390.42197004843
 20
43823.76517835995
 30
0.0
 40
169.4959268263355
  0
LINE
  5
B4F
330
1F
100
AcDbEntity
  8
0
 62
1
 48
25.39999961853027
100
AcDbLine
 10
51270.56292633992
 20
43943.60957268803
 30
0.0
 11
51510.28101375695
 21
43703.92078403393
 31
0.0
  0
TEXT
  5
B50
330
1F
100
AcDbEntity
  8
0
 62
4
100
AcDbText
 10
52512.68742361927
 20
64335.46488305133
 30
0.0
 40
310.896
  1
P1-TBRL2
  7
Tahoma
 72
1
 11
53417.29247398865
 21
64490.91288305132
 31
0.0
100
AcDbText
 73
2
  0
LWPOLYLINE
  5
B51
330
1F
100
AcDbEntity
  8
0
 62
4
 48
25.39999961853027
100
AcDbPolyline
 90
4
 70
1
 10
51068.323422192
 20
64113.49354412929
 10
55766.26152578529
 20
64113.49354412929
 10
55766.26152578529
 20
65214.1089285621
 10
51068.323422192
 20
65214.1089285621
  0
LWPOLYLINE
  5
B52
330
1F
100
AcDbEntity
  8
0
100
AcDbPolyline
 90
4
 70
1
 10
0.0
 20
0.0
 10
98889.84707028791
 20
0.0
 10
98889.84707028791
 20
68687.0366350282
 10
0.0
 20
68687.0366350282
  0
TEXT
  5
B53
330
1F
100
AcDbEntity
  8
0
 62
7
100
AcDbText
 10
24523.12353447598
 20
35371.19250305337
 30
0.0
 40
310.896
  1
BK
  7
Tahoma
100
AcDbText
  0
TEXT
  5
B54
330
1F
100
AcDbEntity
  8
0
 62
7
100
AcDbText
 10
24523.12353447598
 20
49330.42550164608
 30
0.0
 40
310.896
  1
BK
  7
Tahoma
100
AcDbText
  0
TEXT
  5
B55
330
1F
100
AcDbEntity
  8
0
 62
7
100
AcDbText
 10
26418.1879206082
 20
35418.63477432994
 30
0.0
 40
310.896
  1
C1S8-36/+24VDC
  7
Tahoma
100
AcDbText
  0
TEXT
  5
B56
330
1F
100
AcDbEntity
  8
0
 62
7
100
AcDbText
 10
26418.1879206082
 20
49377.86777292264
 30
0.0
 40
310.896
  1
C1S8-36/+24VDC
  7
Tahoma
100
AcDbText
  0
LINE
  5
B57
330
1F
100
AcDbEntity
  8
IE-WIRE
 62
4
 48
25.39999961853027
100
AcDbLine
 10
44338.01440044443
 20
63791.43436371854
 30
0.0
 11
51068.323422192
 21
63791.43436372025
 31
0.0
  0
TEXT
  5
B58
330
1F
100
AcDbEntity
  8
0
 62
4
100
AcDbText
 10
50206.51343106107
 20
63955.6052393501
 30
0.0
 40
310.896
  1
WH
  7
Tahoma
100
AcDbText
  0
LINE
  5
B59
330
1F
100
AcDbEntity
  8
IE-WIRE
 62
4
 48
25.39999961853027
100
AcDbLine
 10
44338.01440044443
 20
63147.31600290046
 30
0.0
 11
51068.323422192
 21
63147.31600290218
 31
0.0
  0
TEXT
  5
B5A
330
1F
100
AcDbEntity
  8
0
 62
4
100
AcDbText
 10
50206.51343106107
 20
63311.48687853201
 30
0.0
 40
310.896
  1
WH
  7
Tahoma
100
AcDbText
  0
LINE
  5
B5B
330
1F
100
AcDbEntity
  8
IE-WIRE
 62
4
 48
25.39999961853027
100
AcDbLine
 10
44338.01440044443
 20
62503.19764208239
 30
0.0
 11
51068.323422192
 21
62503.19764208409
 31
0.0
  0
TEXT
  5
B5C
330
1F
100
AcDbEntity
  8
0
 62
4
100
AcDbText
 10
50206.51343106107
 20
62667.36851771394
 30
0.0
 40
310.896
  1
WH
  7
Tahoma
100
AcDbText
  0
LINE
  5
B5D
330
1F
100
AcDbEntity
  8
IE-WIRE
 62
4
 48
25.39999961853027
100
AcDbLine
 10
44338.01440044443
 20
61859.07928126432
 30
0.0
 11
51068.323422192
 21
61859.07928126604
 31
0.0
  0
TEXT
  5
B5E
330
1F
100
AcDbEntity
  8
0
 62
4
100
AcDbText
 10
50206.51343106107
 20
62023.25015689587
 30
0.0
 40
310.896
  1
WH
  7
Tahoma
100
AcDbText
  0
LINE
  5
B5F
330
1F
100
AcDbEntity
  8
IE-WIRE
 62
4
 48
25.39999961853027
100
AcDbLine
 10
44338.01440044443
 20
61214.96092044625
 30
0.0
 11
51068.323422192
 21
61214.96092044796
 31
0.0
  0
TEXT
  5
B60
330
1F
100
AcDbEntity
  8
0
 62
4
100
AcDbText
 10
50206.51343106107
 20
61379.1317960778
 30
0.0
 40
310.896
  1
WH
  7
Tahoma
100
AcDbText
  0
LINE
  5
B61
330
1F
100
AcDbEntity
  8
IE-WIRE
 62
4
 48
25.39999961853027
100
AcDbLine
 10
44338.01440044443
 20
60570.84255962817
 30
0.0
 11
51068.323422192
 21
60570.84255962991
 31
0.0
  0
TEXT
  5
B62
330
1F
100
AcDbEntity
  8
0
 62
4
100
AcDbText
 10
50206.51343106107
 20
60735.01343525974
 30
0.0
 40
310.896
  1
WH
  7
Tahoma
100
AcDbText
  0
LINE
  5
B63
330
1F
100
AcDbEntity
  8
IE-WIRE
 62
4
 48
25.39999961853027
100
AcDbLine
 10
44338.01440044443
 20
59926.7241988101
 30
0.0
 11
51068.323422192
 21
59926.72419881182
 31
0.0
  0
TEXT
  5
B64
330
1F
100
AcDbEntity
  8
0
 62
4
100
AcDbText
 10
50206.51343106107
 20
60090.89507444165
 30
0.0
 40
310.896
  1
WH
  7
Tahoma
100
AcDbText
  0
LINE
  5
B65
330
1F
100
AcDbEntity
  8
IE-WIRE
 62
4
 48
25.39999961853027
100
AcDbLine
 10
44338.01440044443
 20
59282.60583799203
 30
0.0
 11
51068.323422192
 21
59282.60583799373
 31
0.0
  0
TEXT
  5
B66
330
1F
100
AcDbEntity
  8
0
 62
4
100
AcDbText
 10
50206.51343106107
 20
59446.77671362358
 30
0.0
 40
310.896
  1
WH
  7
Tahoma
100
AcDbText
  0
LINE
  5
B67
330
1F
100
AcDbEntity
  8
IE-WIRE
 62
4
 48
25.39999961853027
100
AcDbLine
 10
44338.01440044443
 20
58638.48747717396
 30
0.0
 11
51068.323422192
 21
58638.48747717567
 31
0.0
  0
TEXT
  5
B68
330
1F
100
AcDbEntity
  8
0
 62
4
100
AcDbText
 10
50206.51343106107
 20
58802.65835280551
 30
0.0
 40
310.896
  1
WH
  7
Tahoma
100
AcDbText
  0
LINE
  5
B69
330
1F
100
AcDbEntity
  8
IE-WIRE
 62
4
 48
25.39999961853027
100
AcDbLine
 10
44338.01440044443
 20
57994.36911635588
 30
0.0
 11
51068.323422192
 21
57994.3691163576
 31
0.0
  0
TEXT
  5
B6A
330
1F
100
AcDbEntity
  8
0
 62
4
100
AcDbText
 10
50206.51343106107
 20
58158.53999198743
 30
0.0
 40
310.896
  1
WH
  7
Tahoma
100
AcDbText
  0
LINE
  5
B6B
330
1F
100
AcDbEntity
  8
IE-WIRE
 62
4
 48
25.39999961853027
100
AcDbLine
 10
44338.01440044443
 20
57350.25075553781
 30
0.0
 11
51068.323422192
 21
57350.25075553954
 31
0.0
  0
TEXT
  5
B6C
330
1F
100
AcDbEntity
  8
0
 62
4
100
AcDbText
 10
50206.51343106107
 20
57514.42163116936
 30
0.0
 40
310.896
  1
WH
  7
Tahoma
100
AcDbText
  0
LINE
  5
B6D
330
1F
100
AcDbEntity
  8
IE-WIRE
 62
4
 48
25.39999961853027
100
AcDbLine
 10
44338.01440044443
 20
56706.13239471974
 30
0.0
 11
51068.323422192
 21
56706.13239472146
 31
0.0
  0
TEXT
  5
B6E
330
1F
100
AcDbEntity
  8
0
 62
4
100
AcDbText
 10
50206.51343106107
 20
56870.30327035129
 30
0.0
 40
310.896
  1
WH
  7
Tahoma
100
AcDbText
  0
LINE
  5
B6F
330
1F
100
AcDbEntity
  8
IE-WIRE
 62
4
 48
25.39999961853027
100
AcDbLine
 10
44338.01440044443
 20
56062.01403390167
 30
0.0
 11
51068.323422192
 21
56062.01403390338
 31
0.0
  0
TEXT
  5
B70
330
1F
100
AcDbEntity
  8
0
 62
4
100
AcDbText
 10
50206.51343106107
 20
56226.18490953321
 30
0.0
 40
310.896
  1
WH
  7
Tahoma
100
AcDbText
  0
LINE
  5
B71
330
1F
100
AcDbEntity
  8
IE-WIRE
 62
4
 48
25.39999961853027
100
AcDbLine
 10
44338.01440044443
 20
55417.89567308359
 30
0.0
 11
51068.323422192
 21
55417.89567308531
 31
0.0
  0
TEXT
  5
B72
330
1F
100
AcDbEntity
  8
0
 62
4
100
AcDbText
 10
50206.51343106107
 20
55582.06654871516
 30
0.0
 40
310.896
  1
WH
  7
Tahoma
100
AcDbText
  0
LINE
  5
B73
330
1F
100
AcDbEntity
  8
IE-WIRE
 62
4
 48
25.39999961853027
100
AcDbLine
 10
44338.01440044443
 20
54773.77731226552
 30
0.0
 11
51068.323422192
 21
54773.77731226724
 31
0.0
  0
TEXT
  5
B74
330
1F
100
AcDbEntity
  8
0
 62
4
100
AcDbText
 10
50206.51343106107
 20
54937.94818789707
 30
0.0
 40
310.896
  1
WH
  7
Tahoma
100
AcDbText
  0
LINE
  5
B75
330
1F
100
AcDbEntity
  8
IE-WIRE
 62
4
 48
25.39999961853027
100
AcDbLine
 10
44338.01440044443
 20
54129.65895144745
 30
0.0
 11
51068.323422192
 21
54129.65895144915
 31
0.0
  0
TEXT
  5
B76
330
1F
100
AcDbEntity
  8
0
 62
4
100
AcDbText
 10
50206.51343106107
 20
54293.829827079
 30
0.0
 40
310.896
  1
WH
  7
Tahoma
100
AcDbText
  0
LINE
  5
B77
330
1F
100
AcDbEntity
  8
IE-WIRE
 62
4
 48
25.39999961853027
100
AcDbLine
 10
44338.01440044443
 20
53485.54059062937
 30
0.0
 11
51068.323422192
 21
53485.54059063109
 31
0.0
  0
TEXT
  5
B78
330
1F
100
AcDbEntity
  8
0
 62
4
100
AcDbText
 10
50206.51343106107
 20
53649.71146626092
 30
0.0
 40
310.896
  1
WH
  7
Tahoma
100
AcDbText
  0
LINE
  5
B79
330
1F
100
AcDbEntity
  8
IE-WIRE
 62
4
 48
25.39999961853027
100
AcDbLine
 10
44338.01440044443
 20
52841.42222981129
 30
0.0
 11
51068.323422192
 21
52841.42222981302
 31
0.0
  0
TEXT
  5
B7A
330
1F
100
AcDbEntity
  8
0
 62
4
100
AcDbText
 10
50206.51343106107
 20
53005.59310544285
 30
0.0
 40
310.896
  1
WH
  7
Tahoma
100
AcDbText
  0
LINE
  5
B7B
330
1F
100
AcDbEntity
  8
IE-WIRE
 62
4
 48
25.39999961853027
100
AcDbLine
 10
44338.01440044443
 20
52197.30386899323
 30
0.0
 11
51068.323422192
 21
52197.30386899495
 31
0.0
  0
TEXT
  5
B7C
330
1F
100
AcDbEntity
  8
0
 62
4
100
AcDbText
 10
50206.51343106107
 20
52361.47474462479
 30
0.0
 40
310.896
  1
WH
  7
Tahoma
100
AcDbText
  0
LINE
  5
B7D
330
1F
100
AcDbEntity
  8
IE-WIRE
 62
4
 48
25.39999961853027
100
AcDbLine
 10
44338.01440044443
 20
51553.18550817516
 30
0.0
 11
51068.323422192
 21
51553.18550817687
 31
0.0
  0
TEXT
  5
B7E
330
1F
100
AcDbEntity
  8
0
 62
4
100
AcDbText
 10
50206.51343106107
 20
51717.35638380671
 30
0.0
 40
310.896
  1
WH
  7
Tahoma
100
AcDbText
  0
LINE
  5
B7F
330
1F
100
AcDbEntity
  8
IE-WIRE
 62
4
 48
25.39999961853027
100
AcDbLine
 10
44338.01440044443
 20
50909.06714735708
 30
0.0
 11
51068.323422192
 21
50909.0671473588
 31
0.0
  0
TEXT
  5
B80
330
1F
100
AcDbEntity
  8
0
 62
4
100
AcDbText
 10
50206.51343106107
 20
51073.23802298863
 30
0.0
 40
310.896
  1
WH
  7
Tahoma
100
AcDbText
  0
LINE
  5
B81
330
1F
100
AcDbEntity
  8
IE-WIRE
 62
4
 48
25.39999961853027
100
AcDbLine
 10
44338.01440044443
 20
50264.94878653901
 30
0.0
 11
51068.323422192
 21
50264.94878654073
 31
0.0
  0
TEXT
  5
B82
330
1F
100
AcDbEntity
  8
0
 62
4
100
AcDbText
 10
50206.51343106107
 20
50429.11966217056
 30
0.0
 40
310.896
  1
WH
  7
Tahoma
100
AcDbText
  0
LINE
  5
B83
330
1F
100
AcDbEntity
  8
IE-WIRE
 62
4
 48
25.39999961853027
100
AcDbLine
 10
44338.01440044443
 20
49620.83042572094
 30
0.0
 11
51068.323422192
 21
49620.83042572266
 31
0.0
  0
TEXT
  5
B84
330
1F
100
AcDbEntity
  8
0
 62
4
100
AcDbText
 10
50206.51343106107
 20
49785.00130135249
 30
0.0
 40
310.896
  1
WH
  7
Tahoma
100
AcDbText
  0
LINE
  5
B85
330
1F
100
AcDbEntity
  8
IE-WIRE
 62
4
 48
25.39999961853027
100
AcDbLine
 10
44338.01440044443
 20
48976.71206490287
 30
0.0
 11
51068.323422192
 21
48976.71206490459
 31
0.0
  0
TEXT
  5
B86
330
1F
100
AcDbEntity
  8
0
 62
4
100
AcDbText
 10
50206.51343106107
 20
49140.88294053443
 30
0.0
 40
310.896
  1
WH
  7
Tahoma
100
AcDbText
  0
LINE
  5
B87
330
1F
100
AcDbEntity
  8
IE-WIRE
 62
4
 48
25.39999961853027
100
AcDbLine
 10
44338.01440044443
 20
48332.59370408479
 30
0.0
 11
51068.323422192
 21
48332.59370408651
 31
0.0
  0
TEXT
  5
B88
330
1F
100
AcDbEntity
  8
0
 62
4
100
AcDbText
 10
50206.51343106107
 20
48496.76457971634
 30
0.0
 40
310.896
  1
WH
  7
Tahoma
100
AcDbText
  0
LINE
  5
B89
330
1F
100
AcDbEntity
  8
IE-WIRE
 62
4
 48
25.39999961853027
100
AcDbLine
 10
44338.01440044443
 20
47688.47534326673
 30
0.0
 11
51068.3234221901
 21
47688.47534326844
 31
0.0
  0
TEXT
  5
B8A
330
1F
100
AcDbEntity
  8
0
 62
4
100
AcDbText
 10
50206.51343105915
 20
47852.64621889827
 30
0.0
 40
310.896
  1
WH
  7
Tahoma
100
AcDbText
  0
LINE
  5
B8B
330
1F
100
AcDbEntity
  8
IE-WIRE
 62
4
 48
25.39999961853027
100
AcDbLine
 10
44338.01440044443
 20
47044.35698244865
 30
0.0
 11
51068.3234221901
 21
47044.35698245036
 31
0.0
  0
TEXT
  5
B8C
330
1F
100
AcDbEntity
  8
0
 62
4
100
AcDbText
 10
50206.51343105915
 20
47208.52785808021
 30
0.0
 40
310.896
  1
WH
  7
Tahoma
100
AcDbText
  0
LINE
  5
B8D
330
1F
100
AcDbEntity
  8
IE-WIRE
 62
4
 48
25.39999961853027
100
AcDbLine
 10
44338.01440044443
 20
46400.23862163057
 30
0.0
 11
51068.3234221901
 21
46400.23862163229
 31
0.0
  0
TEXT
  5
B8E
330
1F
100
AcDbEntity
  8
0
 62
4
100
AcDbText
 10
50206.51343105915
 20
46564.40949726212
 30
0.0
 40
310.896
  1
WH
  7
Tahoma
100
AcDbText
  0
LINE
  5
B8F
330
1F
100
AcDbEntity
  8
IE-WIRE
 62
4
 48
25.39999961853027
100
AcDbLine
 10
44338.01440044443
 20
45756.12026081251
 30
0.0
 11
51068.3234221901
 21
45756.12026081423
 31
0.0
  0
TEXT
  5
B90
330
1F
100
AcDbEntity
  8
0
 62
4
100
AcDbText
 10
50206.51343105915
 20
45920.29113644407
 30
0.0
 40
310.896
  1
WH
  7
Tahoma
100
AcDbText
  0
LINE
  5
B91
330
1F
100
AcDbEntity
  8
IE-WIRE
 62
4
 48
25.39999961853027
100
AcDbLine
 10
44338.01440044443
 20
45112.00189999443
 30
0.0
 11
51068.3234221901
 21
45112.00189999615
 31
0.0
  0
TEXT
  5
B92
330
1F
100
AcDbEntity
  8
0
 62
4
100
AcDbText
 10
50206.51343105915
 20
45276.17277562599
 30
0.0
 40
310.896
  1
WH
  7
Tahoma
100
AcDbText
  0
LINE
  5
B93
330
1F
100
AcDbEntity
  8
IE-WIRE
 62
4
 48
25.39999961853027
100
AcDbLine
 10
44338.01440044443
 20
44467.88353917637
 30
0.0
 11
51068.3234221901
 21
44467.88353917808
 31
0.0
  0
TEXT
  5
B94
330
1F
100
AcDbEntity
  8
0
 62
4
100
AcDbText
 10
50206.51343105915
 20
44632.05441480792
 30
0.0
 40
310.896
  1
WH
  7
Tahoma
100
AcDbText
  0
LINE
  5
B95
330
1F
100
AcDbEntity
  8
IE-WIRE
 62
4
 48
25.39999961853027
100
AcDbLine
 10
44338.01440044443
 20
43823.76517835829
 30
0.0
 11
51068.3234221901
 21
43823.76517836001
 31
0.0
  0
TEXT
  5
B96
330
1F
100
AcDbEntity
  8
0
 62
4
100
AcDbText
 10
50206.51343105915
 20
43987.93605398985
 30
0.0
 40
310.896
  1
WH
  7
Tahoma
100
AcDbText
  0
LINE
  5
B97
330
1F
100
AcDbEntity
  8
IE-WIRE
 62
4
 48
25.39999961853027
100
AcDbLine
 10
44052.41440044448
 20
63505.83436371853
 30
0.0
 11
44052.41440044448
 21
33701.76656218038
 31
0.0
  0
ARC
  5
B98
330
1F
100
AcDbEntity
  8
IE-WIRE
 62
4
 48
25.39999961853027
100
AcDbCircle
 10
44338.01440044448
 20
43538.16517835829
 30
0.0
 40
285.6
100
AcDbArc
 50
90.0
 51
180.0
  0
ARC
  5
B99
330
1F
100
AcDbEntity
  8
IE-WIRE
 62
4
 48
25.39999961853027
100
AcDbCircle
 10
44338.01440044448
 20
44182.28353917637
 30
0.0
 40
285.6
100
AcDbArc
 50
90.0
 51
180.0
  0
ARC
  5
B9A
330
1F
100
AcDbEntity
  8
IE-WIRE
 62
4
 48
25.39999961853027
100
AcDbCircle
 10
44338.01440044448
 20
44826.40189999443
 30
0.0
 40
285.6
100
AcDbArc
 50
90.0
 51
180.0
  0
ARC
  5
B9B
330
1F
100
AcDbEntity
  8
IE-WIRE
 62
4
 48
25.39999961853027
100
AcDbCircle
 10
44338.01440044448
 20
45470.52026081251
 30
0.0
 40
285.6
100
AcDbArc
 50
90.0
 51
180.0
  0
ARC
  5
B9C
330
1F
100
AcDbEntity
  8
IE-WIRE
 62
4
 48
25.39999961853027
100
AcDbCircle
 10
44338.01440044448
 20
46114.63862163057
 30
0.0
 40
285.6
100
AcDbArc
 50
90.0
 51
180.0
  0
ARC
  5
B9D
330
1F
100
AcDbEntity
  8
IE-WIRE
 62
4
 48
25.39999961853027
100
AcDbCircle
 10
44338.01440044448
 20
46758.75698244864
 30
0.0
 40
285.6
100
AcDbArc
 50
90.0
 51
180.0
  0
ARC
  5
B9E
330
1F
100
AcDbEntity
  8
IE-WIRE
 62
4
 48
25.39999961853027
100
AcDbCircle
 10
44338.01440044448
 20
47402.87534326673
 30
0.0
 40
285.6
100
AcDbArc
 50
90.0
 51
180.0
  0
ARC
  5
B9F
330
1F
100
AcDbEntity
  8
IE-WIRE
 62
4
 48
25.39999961853027
100
AcDbCircle
 10
44338.01440044448
 20
48046.99370408479
 30
0.0
 40
285.6
100
AcDbArc
 50
90.0
 51
180.0
  0
ARC
  5
BA0
330
1F
100
AcDbEntity
  8
IE-WIRE
 62
4
 48
25.39999961853027
100
AcDbCircle
 10
44338.01440044448
 20
48691.11206490286
 30
0.0
 40
285.6
100
AcDbArc
 50
90.0
 51
180.0
  0
ARC
  5
BA1
330
1F
100
AcDbEntity
  8
IE-WIRE
 62
4
 48
25.39999961853027
100
AcDbCircle
 10
44338.01440044448
 20
49335.23042572093
 30
0.0
 40
285.6
100
AcDbArc
 50
90.0
 51
180.0
  0
ARC
  5
BA2
330
1F
100
AcDbEntity
  8
IE-WIRE
 62
4
 48
25.39999961853027
100
AcDbCircle
 10
44338.01440044448
 20
49979.34878653901
 30
0.0
 40
285.6
100
AcDbArc
 50
90.0
 51
180.0
  0
ARC
  5
BA3
330
1F
100
AcDbEntity
  8
IE-WIRE
 62
4
 48
25.39999961853027
100
AcDbCircle
 10
44338.01440044448
 20
50623.46714735708
 30
0.0
 40
285.6
100
AcDbArc
 50
90.0
 51
180.0
  0
ARC
  5
BA4
330
1F
100
AcDbEntity
  8
IE-WIRE
 62
4
 48
25.39999961853027
100
AcDbCircle
 10
44338.01440044448
 20
51267.58550817515
 30
0.0
 40
285.6
100
AcDbArc
 50
90.0
 51
180.0
  0
ARC
  5
BA5
330
1F
100
AcDbEntity
  8
IE-WIRE
 62
4
 48
25.39999961853027
100
AcDbCircle
 10
44338.01440044448
 20
51911.70386899322
 30
0.0
 40
285.6
100
AcDbArc
 50
90.0
 51
180.0
  0
ARC
  5
BA6
330
1F
100
AcDbEntity
  8
IE-WIRE
 62
4
 48
25.39999961853027
100
AcDbCircle
 10
44338.01440044448
 20
52555.8222298113
 30
0.0
 40
285.6
100
AcDbArc
 50
90.0
 51
180.0
  0
ARC
  5
BA7
330
1F
100
AcDbEntity
  8
IE-WIRE
 62
4
 48
25.39999961853027
100
AcDbCircle
 10
44338.01440044448
 20
54488.17731226551
 30
0.0
 40
285.6
100
AcDbArc
 50
90.0
 51
180.0
  0
ARC
  5
BA8
330
1F
100
AcDbEntity
  8
IE-WIRE
 62
4
 48
25.39999961853027
100
AcDbCircle
 10
44338.01440044448
 20
55132.29567308359
 30
0.0
 40
285.6
100
AcDbArc
 50
90.0
 51
180.0
  0
ARC
  5
BA9
330
1F
100
AcDbEntity
  8
IE-WIRE
 62
4
 48
25.39999961853027
100
AcDbCircle
 10
44338.01440044448
 20
55776.41403390166
 30
0.0
 40
285.6
100
AcDbArc
 50
90.0
 51
180.0
  0
ARC
  5
BAA
330
1F
100
AcDbEntity
  8
IE-WIRE
 62
4
 48
25.39999961853027
100
AcDbCircle
 10
44338.01440044448
 20
56420.53239471973
 30
0.0
 40
285.6
100
AcDbArc
 50
90.0
 51
180.0
  0
ARC
  5
BAB
330
1F
100
AcDbEntity
  8
IE-WIRE
 62
4
 48
25.39999961853027
100
AcDbCircle
 10
44338.01440044448
 20
57064.6507555378
 30
0.0
 40
285.6
100
AcDbArc
 50
90.0
 51
180.0
  0
ARC
  5
BAC
330
1F
100
AcDbEntity
  8
IE-WIRE
 62
4
 48
25.39999961853027
100
AcDbCircle
 10
44338.01440044448
 20
57708.76911635588
 30
0.0
 40
285.6
100
AcDbArc
 50
90.0
 51
180.0
  0
ARC
  5
BAD
330
1F
100
AcDbEntity
  8
IE-WIRE
 62
4
 48
25.39999961853027
100
AcDbCircle
 10
44338.01440044448
 20
58352.88747717395
 30
0.0
 40
285.6
100
AcDbArc
 50
90.0
 51
180.0
  0
ARC
  5
BAE
330
1F
100
AcDbEntity
  8
IE-WIRE
 62
4
 48
25.39999961853027
100
AcDbCircle
 10
44338.01440044448
 20
58997.00583799202
 30
0.0
 40
285.6
100
AcDbArc
 50
90.0
 51
180.0
  0
ARC
  5
BAF
330
1F
100
AcDbEntity
  8
IE-WIRE
 62
4
 48
25.39999961853027
100
AcDbCircle
 10
44338.01440044448
 20
59641.1241988101
 30
0.0
 40
285.6
100
AcDbArc
 50
90.0
 51
180.0
  0
ARC
  5
BB0
330
1F
100
AcDbEntity
  8
IE-WIRE
 62
4
 48
25.39999961853027
100
AcDbCircle
 10
44338.01440044448
 20
60285.24255962817
 30
0.0
 40
285.6
100
AcDbArc
 50
90.0
 51
180.0
  0
ARC
  5
BB1
330
1F
100
AcDbEntity
  8
IE-WIRE
 62
4
 48
25.39999961853027
100
AcDbCircle
 10
44338.01440044448
 20
60929.36092044624
 30
0.0
 40
285.6
100
AcDbArc
 50
90.0
 51
180.0
  0
ARC
  5
BB2
330
1F
100
AcDbEntity
  8
IE-WIRE
 62
4
 48
25.39999961853027
100
AcDbCircle
 10
44338.01440044448
 20
61573.47928126431
 30
0.0
 40
285.6
100
AcDbArc
 50
90.0
 51
180.0
  0
ARC
  5
BB3
330
1F
100
AcDbEntity
  8
IE-WIRE
 62
4
 48
25.39999961853027
100
AcDbCircle
 10
44338.01440044448
 20
62217.59764208239
 30
0.0
 40
285.6
100
AcDbArc
 50
90.0
 51
180.0
  0
ARC
  5
BB4
330
1F
100
AcDbEntity
  8
IE-WIRE
 62
4
 48
25.39999961853027
100
AcDbCircle
 10
44338.01440044448
 20
62861.71600290046
 30
0.0
 40
285.6
100
AcDbArc
 50
90.0
 51
180.0
  0
ARC
  5
BB5
330
1F
100
AcDbEntity
  8
IE-WIRE
 62
4
 48
25.39999961853027
100
AcDbCircle
 10
44338.01440044448
 20
63505.83436371853
 30
0.0
 40
285.6
100
AcDbArc
 50
90.0
 51
180.0
  0
ARC
  5
BB6
330
1F
100
AcDbEntity
  8
IE-WIRE
 62
4
 48
25.39999961853027
100
AcDbCircle
 10
44338.01440044448
 20
53199.94059062937
 30
0.0
 40
285.6
100
AcDbArc
 50
90.0
 51
180.0
  0
ARC
  5
BB7
330
1F
100
AcDbEntity
  8
IE-WIRE
 62
4
 48
25.39999961853027
100
AcDbCircle
 10
44338.01440044448
 20
53844.05895144744
 30
0.0
 40
285.6
100
AcDbArc
 50
90.0
 51
180.0
  0
LINE
  5
BB8
330
1F
100
AcDbEntity
  8
IE-WIRE
 62
4
100
AcDbLine
 10
4502.992261349681
 20
33416.16656218038
 30
0.0
 11
43766.81440044449
 21
33416.16656218038
 31
0.0
  0
ARC
  5
BB9
330
1F
100
AcDbEntity
  8
IE-WIRE
 62
4
100
AcDbCircle
 10
43766.81440044449
 20
33701.76656218038
 30
0.0
 40
285.6
100
AcDbArc
 50
270.0
 51
0.0
  0
ARC
  5
BBA
330
1F
100
AcDbEntity
  8
IE-WIRE
 62
4
100
AcDbCircle
 10
31951.40638246113
 20
33701.76656218038
 30
0.0
 40
285.6
100
AcDbArc
 50
180.0
 51
270.0
  0
ARC
  5
BBB
330
1F
100
AcDbEntity
  8
IE-WIRE
 62
4
100
AcDbCircle
 10
4502.992261349681
 20
33701.76656218038
 30
0.0
 40
285.6
100
AcDbArc
 50
180.0
 51
270.0
  0
LINE
  5
D9C
330
1F
100
AcDbEntity
  8
IE-WIRE
 62
4
 48
25.39999961853027
100
AcDbLine
 10
62496.57054753477
 20
63791.43436371854
 30
0.0
 11
55766.26152578719
 21
63791.43436372025
 31
0.0
  0
LINE
  5
D9D
330
1F
100
AcDbEntity
  8
IE-WIRE
 62
4
 48
25.39999961853027
100
AcDbLine
 10
62496.57054753477
 20
63147.31600290046
 30
0.0
 11
55766.26152578719
 21
63147.31600290218
 31
0.0
  0
LINE
  5
D9E
330
1F
100
AcDbEntity
  8
IE-WIRE
 62
4
 48
25.39999961853027
100
AcDbLine
 10
62496.57054753477
 20
62503.19764208239
 30
0.0
 11
55766.26152578719
 21
62503.19764208409
 31
0.0
  0
LINE
  5
D9F
330
1F
100
AcDbEntity
  8
IE-WIRE
 62
4
 48
25.39999961853027
100
AcDbLine
 10
62496.57054753477
 20
61859.07928126432
 30
0.0
 11
55766.26152578719
 21
61859.07928126604
 31
0.0
  0
LINE
  5
DA0
330
1F
100
AcDbEntity
  8
IE-WIRE
 62
4
 48
25.39999961853027
100
AcDbLine
 10
62496.57054753477
 20
61214.96092044625
 30
0.0
 11
55766.26152578719
 21
61214.96092044796
 31
0.0
  0
LINE
  5
DA1
330
1F
100
AcDbEntity
  8
IE-WIRE
 62
4
 48
25.39999961853027
100
AcDbLine
 10
62496.57054753477
 20
60570.84255962817
 30
0.0
 11
55766.26152578719
 21
60570.84255962991
 31
0.0
  0
LINE
  5
DA2
330
1F
100
AcDbEntity
  8
IE-WIRE
 62
4
 48
25.39999961853027
100
AcDbLine
 10
62496.57054753477
 20
59926.7241988101
 30
0.0
 11
55766.26152578719
 21
59926.72419881182
 31
0.0
  0
LINE
  5
DA3
330
1F
100
AcDbEntity
  8
IE-WIRE
 62
4
 48
25.39999961853027
100
AcDbLine
 10
62496.57054753477
 20
59282.60583799203
 30
0.0
 11
55766.26152578719
 21
59282.60583799373
 31
0.0
  0
LINE
  5
DA4
330
1F
100
AcDbEntity
  8
IE-WIRE
 62
4
 48
25.39999961853027
100
AcDbLine
 10
62496.57054753477
 20
58638.48747717396
 30
0.0
 11
55766.26152578719
 21
58638.48747717567
 31
0.0
  0
LINE
  5
DA5
330
1F
100
AcDbEntity
  8
IE-WIRE
 62
4
 48
25.39999961853027
100
AcDbLine
 10
62496.57054753477
 20
57994.36911635588
 30
0.0
 11
55766.26152578719
 21
57994.3691163576
 31
0.0
  0
LINE
  5
DA6
330
1F
100
AcDbEntity
  8
IE-WIRE
 62
4
 48
25.39999961853027
100
AcDbLine
 10
62496.57054753477
 20
57350.25075553781
 30
0.0
 11
55766.26152578719
 21
57350.25075553954
 31
0.0
  0
LINE
  5
DA7
330
1F
100
AcDbEntity
  8
IE-WIRE
 62
4
 48
25.39999961853027
100
AcDbLine
 10
62496.57054753477
 20
56706.13239471974
 30
0.0
 11
55766.26152578719
 21
56706.13239472146
 31
0.0
  0
LINE
  5
DA8
330
1F
100
AcDbEntity
  8
IE-WIRE
 62
4
 48
25.39999961853027
100
AcDbLine
 10
62496.57054753477
 20
56062.01403390167
 30
0.0
 11
55766.26152578719
 21
56062.01403390338
 31
0.0
  0
LINE
  5
DA9
330
1F
100
AcDbEntity
  8
IE-WIRE
 62
4
 48
25.39999961853027
100
AcDbLine
 10
62496.57054753477
 20
55417.89567308359
 30
0.0
 11
55766.26152578719
 21
55417.89567308531
 31
0.0
  0
LINE
  5
DAA
330
1F
100
AcDbEntity
  8
IE-WIRE
 62
4
 48
25.39999961853027
100
AcDbLine
 10
62496.57054753477
 20
54773.77731226552
 30
0.0
 11
55766.26152578719
 21
54773.77731226724
 31
0.0
  0
LINE
  5
DAB
330
1F
100
AcDbEntity
  8
IE-WIRE
 62
4
 48
25.39999961853027
100
AcDbLine
 10
62496.57054753477
 20
54129.65895144745
 30
0.0
 11
55766.26152578719
 21
54129.65895144915
 31
0.0
  0
LINE
  5
DAC
330
1F
100
AcDbEntity
  8
IE-WIRE
 62
4
 48
25.39999961853027
100
AcDbLine
 10
61462.0953091898
 20
53485.54059062964
 30
0.0
 11
55766.26152578719
 21
53485.54059063109
 31
0.0
  0
LINE
  5
DAD
330
1F
100
AcDbEntity
  8
IE-WIRE
 62
4
 48
25.39999961853027
100
AcDbLine
 10
61462.0953091898
 20
52841.42222981155
 30
0.0
 11
55766.26152578719
 21
52841.42222981302
 31
0.0
  0
LINE
  5
DAE
330
1F
100
AcDbEntity
  8
IE-WIRE
 62
4
 48
25.39999961853027
100
AcDbLine
 10
61462.0953091898
 20
52197.30386899349
 30
0.0
 11
55766.26152578719
 21
52197.30386899495
 31
0.0
  0
LINE
  5
DAF
330
1F
100
AcDbEntity
  8
IE-WIRE
 62
4
 48
25.39999961853027
100
AcDbLine
 10
61462.0953091898
 20
51553.18550817543
 30
0.0
 11
55766.26152578719
 21
51553.18550817687
 31
0.0
  0
LINE
  5
DB0
330
1F
100
AcDbEntity
  8
IE-WIRE
 62
4
 48
25.39999961853027
100
AcDbLine
 10
61462.0953091898
 20
50909.06714735735
 30
0.0
 11
55766.26152578719
 21
50909.0671473588
 31
0.0
  0
LINE
  5
DB1
330
1F
100
AcDbEntity
  8
IE-WIRE
 62
4
 48
25.39999961853027
100
AcDbLine
 10
61462.0953091898
 20
50264.94878653928
 30
0.0
 11
55766.26152578719
 21
50264.94878654073
 31
0.0
  0
LINE
  5
DB2
330
1F
100
AcDbEntity
  8
IE-WIRE
 62
4
 48
25.39999961853027
100
AcDbLine
 10
61462.0953091898
 20
49620.83042572121
 30
0.0
 11
55766.26152578719
 21
49620.83042572266
 31
0.0
  0
LINE
  5
DB3
330
1F
100
AcDbEntity
  8
IE-WIRE
 62
4
 48
25.39999961853027
100
AcDbLine
 10
61462.0953091898
 20
48976.71206490313
 30
0.0
 11
55766.26152578719
 21
48976.71206490459
 31
0.0
  0
LINE
  5
DB4
330
1F
100
AcDbEntity
  8
IE-WIRE
 62
4
 48
25.39999961853027
100
AcDbLine
 10
61462.0953091898
 20
48332.59370408506
 30
0.0
 11
55766.26152578719
 21
48332.59370408651
 31
0.0
  0
LINE
  5
DB5
330
1F
100
AcDbEntity
  8
IE-WIRE
 62
4
 48
25.39999961853027
100
AcDbLine
 10
61462.0953091898
 20
47688.47534326699
 30
0.0
 11
55766.26152578909
 21
47688.47534326844
 31
0.0
  0
LINE
  5
DB6
330
1F
100
AcDbEntity
  8
IE-WIRE
 62
4
 48
25.39999961853027
100
AcDbLine
 10
61462.0953091898
 20
47044.35698244892
 30
0.0
 11
55766.26152578909
 21
47044.35698245036
 31
0.0
  0
LINE
  5
DB7
330
1F
100
AcDbEntity
  8
IE-WIRE
 62
4
 48
25.39999961853027
100
AcDbLine
 10
61462.0953091898
 20
46400.23862163084
 30
0.0
 11
55766.26152578909
 21
46400.23862163229
 31
0.0
  0
LINE
  5
DB8
330
1F
100
AcDbEntity
  8
IE-WIRE
 62
4
 48
25.39999961853027
100
AcDbLine
 10
61462.0953091898
 20
45756.12026081277
 30
0.0
 11
55766.26152578909
 21
45756.12026081423
 31
0.0
  0
LINE
  5
DB9
330
1F
100
AcDbEntity
  8
IE-WIRE
 62
4
 48
25.39999961853027
100
AcDbLine
 10
61462.0953091898
 20
45112.0018999947
 30
0.0
 11
55766.26152578909
 21
45112.00189999615
 31
0.0
  0
LINE
  5
DBA
330
1F
100
AcDbEntity
  8
IE-WIRE
 62
4
 48
25.39999961853027
100
AcDbLine
 10
61462.0953091898
 20
44467.88353917663
 30
0.0
 11
55766.26152578909
 21
44467.88353917808
 31
0.0
  0
LINE
  5
DBB
330
1F
100
AcDbEntity
  8
IE-WIRE
 62
4
 48
25.39999961853027
100
AcDbLine
 10
61462.0953091898
 20
43823.76517835855
 30
0.0
 11
55766.26152578909
 21
43823.76517836001
 31
0.0
  0
LINE
  5
DBC
330
1F
100
AcDbEntity
  8
IE-WIRE
 62
4
 48
25.39999961853027
100
AcDbLine
 10
62782.1705475347
 20
63505.83436371853
 30
0.0
 11
62782.1705475347
 21
41991.26740960776
 31
0.0
  0
ARC
  5
DBD
330
1F
100
AcDbEntity
  8
IE-WIRE
 62
4
 48
25.39999961853027
100
AcDbCircle
 10
61462.09530918973
 20
43538.16517835888
 30
0.0
 40
285.6
100
AcDbArc
 50
0.0
 51
90.0
  0
ARC
  5
DBE
330
1F
100
AcDbEntity
  8
IE-WIRE
 62
4
 48
25.39999961853027
100
AcDbCircle
 10
61462.09530918973
 20
44182.28353917696
 30
0.0
 40
285.6
100
AcDbArc
 50
0.0
 51
90.0
  0
ARC
  5
DBF
330
1F
100
AcDbEntity
  8
IE-WIRE
 62
4
 48
25.39999961853027
100
AcDbCircle
 10
61462.09530918973
 20
44826.40189999503
 30
0.0
 40
285.6
100
AcDbArc
 50
0.0
 51
90.0
  0
ARC
  5
DC0
330
1F
100
AcDbEntity
  8
IE-WIRE
 62
4
 48
25.39999961853027
100
AcDbCircle
 10
61462.09530918973
 20
45470.5202608131
 30
0.0
 40
285.6
100
AcDbArc
 50
0.0
 51
90.0
  0
ARC
  5
DC1
330
1F
100
AcDbEntity
  8
IE-WIRE
 62
4
 48
25.39999961853027
100
AcDbCircle
 10
61462.09530918973
 20
46114.63862163117
 30
0.0
 40
285.6
100
AcDbArc
 50
0.0
 51
90.0
  0
ARC
  5
DC2
330
1F
100
AcDbEntity
  8
IE-WIRE
 62
4
 48
25.39999961853027
100
AcDbCircle
 10
61462.09530918973
 20
46758.75698244925
 30
0.0
 40
285.6
100
AcDbArc
 50
0.0
 51
90.0
  0
ARC
  5
DC3
330
1F
100
AcDbEntity
  8
IE-WIRE
 62
4
 48
25.39999961853027
100
AcDbCircle
 10
61462.09530918973
 20
47402.87534326732
 30
0.0
 40
285.6
100
AcDbArc
 50
0.0
 51
90.0
  0
ARC
  5
DC4
330
1F
100
AcDbEntity
  8
IE-WIRE
 62
4
 48
25.39999961853027
100
AcDbCircle
 10
61462.09530918973
 20
48046.99370408539
 30
0.0
 40
285.6
100
AcDbArc
 50
0.0
 51
90.0
  0
ARC
  5
DC5
330
1F
100
AcDbEntity
  8
IE-WIRE
 62
4
 48
25.39999961853027
100
AcDbCircle
 10
61462.09530918973
 20
48691.11206490346
 30
0.0
 40
285.6
100
AcDbArc
 50
0.0
 51
90.0
  0
ARC
  5
DC6
330
1F
100
AcDbEntity
  8
IE-WIRE
 62
4
 48
25.39999961853027
100
AcDbCircle
 10
61462.09530918973
 20
49335.23042572154
 30
0.0
 40
285.6
100
AcDbArc
 50
0.0
 51
90.0
  0
ARC
  5
DC7
330
1F
100
AcDbEntity
  8
IE-WIRE
 62
4
 48
25.39999961853027
100
AcDbCircle
 10
61462.09530918973
 20
49979.3487865396
 30
0.0
 40
285.6
100
AcDbArc
 50
0.0
 51
90.0
  0
ARC
  5
DC8
330
1F
100
AcDbEntity
  8
IE-WIRE
 62
4
 48
25.39999961853027
100
AcDbCircle
 10
61462.09530918973
 20
50623.46714735768
 30
0.0
 40
285.6
100
AcDbArc
 50
0.0
 51
90.0
  0
ARC
  5
DC9
330
1F
100
AcDbEntity
  8
IE-WIRE
 62
4
 48
25.39999961853027
100
AcDbCircle
 10
61462.09530918973
 20
51267.58550817575
 30
0.0
 40
285.6
100
AcDbArc
 50
0.0
 51
90.0
  0
ARC
  5
DCA
330
1F
100
AcDbEntity
  8
IE-WIRE
 62
4
 48
25.39999961853027
100
AcDbCircle
 10
61462.09530918973
 20
51911.70386899382
 30
0.0
 40
285.6
100
AcDbArc
 50
0.0
 51
90.0
  0
ARC
  5
DCB
330
1F
100
AcDbEntity
  8
IE-WIRE
 62
4
 48
25.39999961853027
100
AcDbCircle
 10
61462.09530918973
 20
52555.82222981189
 30
0.0
 40
285.6
100
AcDbArc
 50
0.0
 51
90.0
  0
ARC
  5
DCC
330
1F
100
AcDbEntity
  8
IE-WIRE
 62
4
 48
25.39999961853027
100
AcDbCircle
 10
62496.5705475347
 20
54488.17731226551
 30
0.0
 40
285.6
100
AcDbArc
 50
0.0
 51
90.0
  0
ARC
  5
DCD
330
1F
100
AcDbEntity
  8
IE-WIRE
 62
4
 48
25.39999961853027
100
AcDbCircle
 10
62496.5705475347
 20
55132.29567308359
 30
0.0
 40
285.6
100
AcDbArc
 50
0.0
 51
90.0
  0
ARC
  5
DCE
330
1F
100
AcDbEntity
  8
IE-WIRE
 62
4
 48
25.39999961853027
100
AcDbCircle
 10
62496.5705475347
 20
55776.41403390166
 30
0.0
 40
285.6
100
AcDbArc
 50
0.0
 51
90.0
  0
ARC
  5
DCF
330
1F
100
AcDbEntity
  8
IE-WIRE
 62
4
 48
25.39999961853027
100
AcDbCircle
 10
62496.5705475347
 20
56420.53239471973
 30
0.0
 40
285.6
100
AcDbArc
 50
0.0
 51
90.0
  0
ARC
  5
DD0
330
1F
100
AcDbEntity
  8
IE-WIRE
 62
4
 48
25.39999961853027
100
AcDbCircle
 10
62496.5705475347
 20
57064.6507555378
 30
0.0
 40
285.6
100
AcDbArc
 50
0.0
 51
90.0
  0
ARC
  5
DD1
330
1F
100
AcDbEntity
  8
IE-WIRE
 62
4
 48
25.39999961853027
100
AcDbCircle
 10
62496.5705475347
 20
57708.76911635588
 30
0.0
 40
285.6
100
AcDbArc
 50
0.0
 51
90.0
  0
ARC
  5
DD2
330
1F
100
AcDbEntity
  8
IE-WIRE
 62
4
 48
25.39999961853027
100
AcDbCircle
 10
62496.5705475347
 20
58352.88747717395
 30
0.0
 40
285.6
100
AcDbArc
 50
0.0
 51
90.0
  0
ARC
  5
DD3
330
1F
100
AcDbEntity
  8
IE-WIRE
 62
4
 48
25.39999961853027
100
AcDbCircle
 10
62496.5705475347
 20
58997.00583799202
 30
0.0
 40
285.6
100
AcDbArc
 50
0.0
 51
90.0
  0
ARC
  5
DD4
330
1F
100
AcDbEntity
  8
IE-WIRE
 62
4
 48
25.39999961853027
100
AcDbCircle
 10
62496.5705475347
 20
59641.1241988101
 30
0.0
 40
285.6
100
AcDbArc
 50
0.0
 51
90.0
  0
ARC
  5
DD5
330
1F
100
AcDbEntity
  8
IE-WIRE
 62
4
 48
25.39999961853027
100
AcDbCircle
 10
62496.5705475347
 20
60285.24255962817
 30
0.0
 40
285.6
100
AcDbArc
 50
0.0
 51
90.0
  0
ARC
  5
DD6
330
1F
100
AcDbEntity
  8
IE-WIRE
 62
4
 48
25.39999961853027
100
AcDbCircle
 10
62496.5705475347
 20
60929.36092044624
 30
0.0
 40
285.6
100
AcDbArc
 50
0.0
 51
90.0
  0
ARC
  5
DD7
330
1F
100
AcDbEntity
  8
IE-WIRE
 62
4
 48
25.39999961853027
100
AcDbCircle
 10
62496.5705475347
 20
61573.47928126431
 30
0.0
 40
285.6
100
AcDbArc
 50
0.0
 51
90.0
  0
ARC
  5
DD8
330
1F
100
AcDbEntity
  8
IE-WIRE
 62
4
 48
25.39999961853027
100
AcDbCircle
 10
62496.5705475347
 20
62217.59764208239
 30
0.0
 40
285.6
100
AcDbArc
 50
0.0
 51
90.0
  0
ARC
  5
DD9
330
1F
100
AcDbEntity
  8
IE-WIRE
 62
4
 48
25.39999961853027
100
AcDbCircle
 10
62496.5705475347
 20
62861.71600290046
 30
0.0
 40
285.6
100
AcDbArc
 50
0.0
 51
90.0
  0
ARC
  5
DDA
330
1F
100
AcDbEntity
  8
IE-WIRE
 62
4
 48
25.39999961853027
100
AcDbCircle
 10
62496.5705475347
 20
63505.83436371853
 30
0.0
 40
285.6
100
AcDbArc
 50
0.0
 51
90.0
  0
ARC
  5
DDB
330
1F
100
AcDbEntity
  8
IE-WIRE
 62
4
 48
25.39999961853027
100
AcDbCircle
 10
61462.09530918973
 20
53199.94059062997
 30
0.0
 40
285.6
100
AcDbArc
 50
0.0
 51
90.0
  0
ARC
  5
DDC
330
1F
100
AcDbEntity
  8
IE-WIRE
 62
4
 48
25.39999961853027
100
AcDbCircle
 10
62496.5705475347
 20
53844.05895144744
 30
0.0
 40
285.6
100
AcDbArc
 50
0.0
 51
90.0
  0
LINE
  5
DDD
330
1F
100
AcDbEntity
  8
IE-WIRE
 62
4
 48
25.39999961853027
100
AcDbLine
 10
70956.95075087891
 20
52400.11367249515
 30
0.0
 11
77687.25977262655
 21
52400.11367249687
 31
0.0
  0
LINE
  5
DDE
330
1F
100
AcDbEntity
  8
IE-WIRE
 62
4
 48
25.39999961853027
100
AcDbLine
 10
70956.95075087891
 20
52400.11367249505
 30
0.0
 11
77687.25977262655
 21
52400.11367249676
 31
0.0
  0
LINE
  5
DFD
330
1F
100
AcDbEntity
  8
IE-WIRE
 62
4
 48
25.39999961853027
100
AcDbLine
 10
70671.35075087902
 20
52114.51367249516
 30
0.0
 11
70671.35075087902
 21
41991.26740960776
 31
0.0
  0
ARC
  5
E1A
330
1F
100
AcDbEntity
  8
IE-WIRE
 62
4
 48
25.39999961853027
100
AcDbCircle
 10
70956.95075087903
 20
52114.51367249516
 30
0.0
 40
285.6
100
AcDbArc
 50
90.0
 51
180.0
  0
LINE
  5
E1E
330
1F
100
AcDbEntity
  8
IE-WIRE
 62
4
100
AcDbLine
 10
63118.17054753472
 20
41655.26740960776
 30
0.0
 11
70335.35075087902
 21
41655.26740960776
 31
0.0
  0
LINE
  5
E54
330
1F
100
AcDbEntity
  8
IE-WIRE
 62
4
 48
25.39999961853027
100
AcDbLine
 10
61747.69530918973
 20
53199.94059062997
 30
0.0
 11
61747.69530918973
 21
13046.48074162971
 31
0.0
  0
LINE
  5
15C9
330
1F
100
AcDbEntity
  8
IE-WIRE
 62
4
 48
25.39999961853027
100
AcDbLine
 10
70956.95075087891
 20
50467.75859004103
 30
0.0
 11
77687.25977262655
 21
50467.75859004276
 31
0.0
  0
LINE
  5
15CA
330
1F
100
AcDbEntity
  8
IE-WIRE
 62
4
 48
25.39999961853027
100
AcDbLine
 10
70956.95075087891
 20
50467.75859004093
 30
0.0
 11
77687.25977262655
 21
50467.75859004264
 31
0.0
  0
ARC
  5
15CB
330
1F
100
AcDbEntity
  8
IE-WIRE
 62
4
 48
25.39999961853027
100
AcDbCircle
 10
70956.95075087903
 20
50182.15859004104
 30
0.0
 40
285.6
100
AcDbArc
 50
90.0
 51
180.0
  0
LINE
  5
15FF
330
1F
100
AcDbEntity
  8
IE-WIRE
 62
4
 48
25.39999961853027
100
AcDbLine
 10
70956.95075087891
 20
48535.40350758718
 30
0.0
 11
77687.25977262655
 21
48535.4035075889
 31
0.0
  0
LINE
  5
1600
330
1F
100
AcDbEntity
  8
IE-WIRE
 62
4
 48
25.39999961853027
100
AcDbLine
 10
70956.95075087891
 20
48535.40350758707
 30
0.0
 11
77687.25977262655
 21
48535.40350758878
 31
0.0
  0
ARC
  5
1601
330
1F
100
AcDbEntity
  8
IE-WIRE
 62
4
 48
25.39999961853027
100
AcDbCircle
 10
70956.95075087903
 20
48249.80350758717
 30
0.0
 40
285.6
100
AcDbArc
 50
90.0
 51
180.0
  0
LINE
  5
169D
330
1F
100
AcDbEntity
  8
IE-WIRE
 62
4
 48
25.39999961853027
100
AcDbLine
 10
70956.95075087891
 20
46603.0484251332
 30
0.0
 11
77687.25977262655
 21
46603.04842513493
 31
0.0
  0
LINE
  5
169E
330
1F
100
AcDbEntity
  8
IE-WIRE
 62
4
 48
25.39999961853027
100
AcDbLine
 10
70956.95075087891
 20
46603.0484251331
 30
0.0
 11
77687.25977262655
 21
46603.04842513481
 31
0.0
  0
ARC
  5
169F
330
1F
100
AcDbEntity
  8
IE-WIRE
 62
4
 48
25.39999961853027
100
AcDbCircle
 10
70956.95075087903
 20
46317.44842513321
 30
0.0
 40
285.6
100
AcDbArc
 50
90.0
 51
180.0
  0
LINE
  5
16D3
330
1F
100
AcDbEntity
  8
IE-WIRE
 62
4
 48
25.39999961853027
100
AcDbLine
 10
70956.95075087891
 20
44670.69334267934
 30
0.0
 11
77687.25977262655
 21
44670.69334268107
 31
0.0
  0
LINE
  5
16D4
330
1F
100
AcDbEntity
  8
IE-WIRE
 62
4
 48
25.39999961853027
100
AcDbLine
 10
70956.95075087891
 20
44670.69334267924
 30
0.0
 11
77687.25977262655
 21
44670.69334268095
 31
0.0
  0
ARC
  5
16D5
330
1F
100
AcDbEntity
  8
IE-WIRE
 62
4
 48
25.39999961853027
100
AcDbCircle
 10
70956.95075087903
 20
44385.09334267934
 30
0.0
 40
285.6
100
AcDbArc
 50
90.0
 51
180.0
  0
LINE
  5
1709
330
1F
100
AcDbEntity
  8
IE-WIRE
 62
4
 48
25.39999961853027
100
AcDbLine
 10
70956.95075087891
 20
42738.33826022548
 30
0.0
 11
77687.25977262655
 21
42738.3382602272
 31
0.0
  0
LINE
  5
170A
330
1F
100
AcDbEntity
  8
IE-WIRE
 62
4
 48
25.39999961853027
100
AcDbLine
 10
70956.95075087891
 20
42738.33826022537
 30
0.0
 11
77687.25977262655
 21
42738.3382602271
 31
0.0
  0
ARC
  5
170B
330
1F
100
AcDbEntity
  8
IE-WIRE
 62
4
 48
25.39999961853027
100
AcDbCircle
 10
70956.95075087903
 20
42452.73826022549
 30
0.0
 40
285.6
100
AcDbArc
 50
90.0
 51
180.0
  0
LINE
  5
173F
330
1F
100
AcDbEntity
  8
IE-WIRE
 62
4
 48
25.39999961853027
100
AcDbLine
 10
70956.95075087891
 20
51111.87695085914
 30
0.0
 11
77687.25977262655
 21
51111.87695086085
 31
0.0
  0
LINE
  5
1740
330
1F
100
AcDbEntity
  8
IE-WIRE
 62
4
 48
25.39999961853027
100
AcDbLine
 10
70956.95075087891
 20
51111.87695085903
 30
0.0
 11
77687.25977262655
 21
51111.87695086075
 31
0.0
  0
ARC
  5
1741
330
1F
100
AcDbEntity
  8
IE-WIRE
 62
4
 48
25.39999961853027
100
AcDbCircle
 10
70956.95075087903
 20
50826.27695085914
 30
0.0
 40
285.6
100
AcDbArc
 50
90.0
 51
180.0
  0
LINE
  5
1775
330
1F
100
AcDbEntity
  8
IE-WIRE
 62
4
 48
25.39999961853027
100
AcDbLine
 10
70956.95075087891
 20
49179.52186840517
 30
0.0
 11
77687.25977262655
 21
49179.52186840688
 31
0.0
  0
LINE
  5
1776
330
1F
100
AcDbEntity
  8
IE-WIRE
 62
4
 48
25.39999961853027
100
AcDbLine
 10
70956.95075087891
 20
49179.52186840506
 30
0.0
 11
77687.25977262655
 21
49179.52186840678
 31
0.0
  0
ARC
  5
1777
330
1F
100
AcDbEntity
  8
IE-WIRE
 62
4
 48
25.39999961853027
100
AcDbCircle
 10
70956.95075087903
 20
48893.92186840517
 30
0.0
 40
285.6
100
AcDbArc
 50
90.0
 51
180.0
  0
LINE
  5
17AB
330
1F
100
AcDbEntity
  8
IE-WIRE
 62
4
 48
25.39999961853027
100
AcDbLine
 10
70956.95075087891
 20
47247.1667859513
 30
0.0
 11
77687.25977262655
 21
47247.16678595302
 31
0.0
  0
LINE
  5
17AC
330
1F
100
AcDbEntity
  8
IE-WIRE
 62
4
 48
25.39999961853027
100
AcDbLine
 10
70956.95075087891
 20
47247.16678595119
 30
0.0
 11
77687.25977262655
 21
47247.16678595291
 31
0.0
  0
ARC
  5
17AD
330
1F
100
AcDbEntity
  8
IE-WIRE
 62
4
 48
25.39999961853027
100
AcDbCircle
 10
70956.95075087903
 20
46961.56678595131
 30
0.0
 40
285.6
100
AcDbArc
 50
90.0
 51
180.0
  0
LINE
  5
17E1
330
1F
100
AcDbEntity
  8
IE-WIRE
 62
4
 48
25.39999961853027
100
AcDbLine
 10
70956.95075087891
 20
45314.81170349733
 30
0.0
 11
77687.25977262655
 21
45314.81170349905
 31
0.0
  0
LINE
  5
17E2
330
1F
100
AcDbEntity
  8
IE-WIRE
 62
4
 48
25.39999961853027
100
AcDbLine
 10
70956.95075087891
 20
45314.81170349722
 30
0.0
 11
77687.25977262655
 21
45314.81170349893
 31
0.0
  0
ARC
  5
17E3
330
1F
100
AcDbEntity
  8
IE-WIRE
 62
4
 48
25.39999961853027
100
AcDbCircle
 10
70956.95075087903
 20
45029.21170349734
 30
0.0
 40
285.6
100
AcDbArc
 50
90.0
 51
180.0
  0
LINE
  5
1817
330
1F
100
AcDbEntity
  8
IE-WIRE
 62
4
 48
25.39999961853027
100
AcDbLine
 10
70956.95075087891
 20
43382.45662104347
 30
0.0
 11
77687.25977262655
 21
43382.45662104519
 31
0.0
  0
LINE
  5
1818
330
1F
100
AcDbEntity
  8
IE-WIRE
 62
4
 48
25.39999961853027
100
AcDbLine
 10
70956.95075087891
 20
43382.45662104336
 30
0.0
 11
77687.25977262655
 21
43382.45662104508
 31
0.0
  0
ARC
  5
1819
330
1F
100
AcDbEntity
  8
IE-WIRE
 62
4
 48
25.39999961853027
100
AcDbCircle
 10
70956.95075087903
 20
43096.85662104348
 30
0.0
 40
285.6
100
AcDbArc
 50
90.0
 51
180.0
  0
LINE
  5
184D
330
1F
100
AcDbEntity
  8
IE-WIRE
 62
4
 48
25.39999961853027
100
AcDbLine
 10
70956.95075087891
 20
51755.9953116772
 30
0.0
 11
77687.25977262655
 21
51755.99531167892
 31
0.0
  0
LINE
  5
184E
330
1F
100
AcDbEntity
  8
IE-WIRE
 62
4
 48
25.39999961853027
100
AcDbLine
 10
70956.95075087891
 20
51755.99531167709
 30
0.0
 11
77687.25977262655
 21
51755.99531167881
 31
0.0
  0
ARC
  5
184F
330
1F
100
AcDbEntity
  8
IE-WIRE
 62
4
 48
25.39999961853027
100
AcDbCircle
 10
70956.95075087903
 20
51470.3953116772
 30
0.0
 40
285.6
100
AcDbArc
 50
90.0
 51
180.0
  0
LINE
  5
1883
330
1F
100
AcDbEntity
  8
IE-WIRE
 62
4
 48
25.39999961853027
100
AcDbLine
 10
70956.95075087891
 20
49823.64022922322
 30
0.0
 11
77687.25977262655
 21
49823.64022922495
 31
0.0
  0
LINE
  5
1884
330
1F
100
AcDbEntity
  8
IE-WIRE
 62
4
 48
25.39999961853027
100
AcDbLine
 10
70956.95075087891
 20
49823.64022922312
 30
0.0
 11
77687.25977262655
 21
49823.64022922483
 31
0.0
  0
ARC
  5
1885
330
1F
100
AcDbEntity
  8
IE-WIRE
 62
4
 48
25.39999961853027
100
AcDbCircle
 10
70956.95075087903
 20
49538.04022922323
 30
0.0
 40
285.6
100
AcDbArc
 50
90.0
 51
180.0
  0
LINE
  5
18B9
330
1F
100
AcDbEntity
  8
IE-WIRE
 62
4
 48
25.39999961853027
100
AcDbLine
 10
70956.95075087891
 20
47891.28514676935
 30
0.0
 11
77687.25977262655
 21
47891.28514677109
 31
0.0
  0
LINE
  5
18BA
330
1F
100
AcDbEntity
  8
IE-WIRE
 62
4
 48
25.39999961853027
100
AcDbLine
 10
70956.95075087891
 20
47891.28514676925
 30
0.0
 11
77687.25977262655
 21
47891.28514677097
 31
0.0
  0
ARC
  5
18BB
330
1F
100
AcDbEntity
  8
IE-WIRE
 62
4
 48
25.39999961853027
100
AcDbCircle
 10
70956.95075087903
 20
47605.68514676938
 30
0.0
 40
285.6
100
AcDbArc
 50
90.0
 51
180.0
  0
LINE
  5
18EF
330
1F
100
AcDbEntity
  8
IE-WIRE
 62
4
 48
25.39999961853027
100
AcDbLine
 10
70956.95075087891
 20
45958.93006431551
 30
0.0
 11
77687.25977262655
 21
45958.93006431722
 31
0.0
  0
LINE
  5
18F0
330
1F
100
AcDbEntity
  8
IE-WIRE
 62
4
 48
25.39999961853027
100
AcDbLine
 10
70956.95075087891
 20
45958.93006431541
 30
0.0
 11
77687.25977262655
 21
45958.93006431712
 31
0.0
  0
ARC
  5
18F1
330
1F
100
AcDbEntity
  8
IE-WIRE
 62
4
 48
25.39999961853027
100
AcDbCircle
 10
70956.95075087903
 20
45673.33006431551
 30
0.0
 40
285.6
100
AcDbArc
 50
90.0
 51
180.0
  0
LINE
  5
195B
330
1F
100
AcDbEntity
  8
IE-WIRE
 62
4
 48
25.39999961853027
100
AcDbLine
 10
70956.95075087891
 20
44026.57498186154
 30
0.0
 11
77687.25977262655
 21
44026.57498186325
 31
0.0
  0
LINE
  5
195C
330
1F
100
AcDbEntity
  8
IE-WIRE
 62
4
 48
25.39999961853027
100
AcDbLine
 10
70956.95075087891
 20
44026.57498186143
 30
0.0
 11
77687.25977262655
 21
44026.57498186314
 31
0.0
  0
ARC
  5
195D
330
1F
100
AcDbEntity
  8
IE-WIRE
 62
4
 48
25.39999961853027
100
AcDbCircle
 10
70956.95075087903
 20
43740.97498186153
 30
0.0
 40
285.6
100
AcDbArc
 50
90.0
 51
180.0
  0
ARC
  5
1A8A
330
1F
100
AcDbEntity
  8
IE-WIRE
 62
4
100
AcDbCircle
 10
63118.17054753472
 20
41991.26740960776
 30
0.0
 40
336.0
100
AcDbArc
 50
180.0
 51
270.0
  0
TEXT
  5
1AF0
330
1F
100
AcDbEntity
  8
0
 62
4
100
AcDbText
 10
73884.7491953436
 20
52596.61940444417
 30
0.0
 40
310.896
  1
C1S8-1/ISBDO1-5
  7
Tahoma
100
AcDbText
  0
TEXT
  5
1C3B
330
1F
100
AcDbEntity
  8
0
 62
4
100
AcDbText
 10
73884.7491953436
 20
50664.26432199017
 30
0.0
 40
310.896
  1
C1S8-1/ISBDO1-5
  7
Tahoma
100
AcDbText
  0
TEXT
  5
1C6C
330
1F
100
AcDbEntity
  8
0
 62
4
100
AcDbText
 10
73884.7491953436
 20
48731.90923953631
 30
0.0
 40
310.896
  1
C1S8-1/ISBDO1-5
  7
Tahoma
100
AcDbText
  0
TEXT
  5
1C9D
330
1F
100
AcDbEntity
  8
0
 62
4
100
AcDbText
 10
73884.7491953436
 20
46799.55415708206
 30
0.0
 40
310.896
  1
C1S8-1/ISBDO1-5
  7
Tahoma
100
AcDbText
  0
TEXT
  5
1CCE
330
1F
100
AcDbEntity
  8
0
 62
4
100
AcDbText
 10
73884.7491953436
 20
44867.19907462834
 30
0.0
 40
310.896
  1
C1S8-1/ISBDO1-5
  7
Tahoma
100
AcDbText
  0
TEXT
  5
227C
330
1F
100
AcDbEntity
  8
0
 62
4
100
AcDbText
 10
78942.4553549806
 20
65451.26873378221
 30
0.0
 40
310.896
  1
P1-TBRL2
  7
Tahoma
 72
1
 11
80036.22882442317
 21
65606.7167337822
 31
0.0
100
AcDbText
 73
2
  0
LWPOLYLINE
  5
227D
330
1F
100
AcDbEntity
  8
0
 62
4
 48
25.39999961853027
100
AcDbPolyline
 90
4
 70
1
 10
77687.25977262652
 20
65229.29739486019
 10
82385.1978762198
 20
65229.29739486019
 10
82385.1978762198
 20
66329.91277929298
 10
77687.25977262652
 20
66329.91277929298
  0
INSERT
  5
227E
330
1F
100
AcDbEntity
  8
0
100
AcDbBlockReference
 66
1
  2
xTermFuse
 10
-12570.68741400379
 20
25142.49450813335
 30
0.0
 41
1.2
 42
1.2
 43
1.2
  0
ATTRIB
  5
227F
330
227E
100
AcDbEntity
  8
0
100
AcDbText
 10
78481.04970588496
 20
64765.10229007743
 30
0.0
 40
255.0
  1
1
100
AcDbAttribute
  2
TERMINAL_A
 70
0
280
1
 71
1
 72
0
1001
AcadAnnotative
1000
AnnotativeData
1002
{
1070
1
1070
0
1002
}
  0
SEQEND
  5
2280
330
1F
100
AcDbEntity
  8
0
  0
INSERT
  5
2281
330
1F
100
AcDbEntity
  8
0
100
AcDbBlockReference
 66
1
  2
xTermFuse
 10
-12570.68741400379
 20
24498.37614731527
 30
0.0
 41
1.2
 42
1.2
 43
1.2
  0
ATTRIB
  5
2282
330
2281
100
AcDbEntity
  8
0
100
AcDbText
 10
78481.04970588496
 20
64120.98392925935
 30
0.0
 40
255.0
  1
2
100
AcDbAttribute
  2
TERMINAL_A
 70
0
280
1
 71
1
 72
0
1001
AcadAnnotative
1000
AnnotativeData
1002
{
1070
1
1070
0
1002
}
  0
SEQEND
  5
2283
330
1F
100
AcDbEntity
  8
0
  0
INSERT
  5
2284
330
1F
100
AcDbEntity
  8
0
100
AcDbBlockReference
 66
1
  2
xTermFuse
 10
-12570.68741400379
 20
23854.2577864972
 30
0.0
 41
1.2
 42
1.2
 43
1.2
  0
ATTRIB
  5
2285
330
2284
100
AcDbEntity
  8
0
100
AcDbText
 10
78481.04970588496
 20
63476.86556844128
 30
0.0
 40
255.0
  1
3
100
AcDbAttribute
  2
TERMINAL_A
 70
0
280
1
 71
1
 72
0
1001
AcadAnnotative
1000
AnnotativeData
1002
{
1070
1
1070
0
1002
}
  0
SEQEND
  5
2286
330
1F
100
AcDbEntity
  8
0
  0
INSERT
  5
2287
330
1F
100
AcDbEntity
  8
0
100
AcDbBlockReference
 66
1
  2
xTermFuse
 10
-12570.68741400379
 20
23210.13942567913
 30
0.0
 41
1.2
 42
1.2
 43
1.2
  0
ATTRIB
  5
2288
330
2287
100
AcDbEntity
  8
0
100
AcDbText
 10
78481.04970588496
 20
62832.74720762321
 30
0.0
 40
255.0
  1
4
100
AcDbAttribute
  2
TERMINAL_A
 70
0
280
1
 71
1
 72
0
1001
AcadAnnotative
1000
AnnotativeData
1002
{
1070
1
1070
0
1002
}
  0
SEQEND
  5
2289
330
1F
100
AcDbEntity
  8
0
  0
INSERT
  5
228A
330
1F
100
AcDbEntity
  8
0
100
AcDbBlockReference
 66
1
  2
xTermFuse
 10
-12570.68741400379
 20
22566.02106486118
 30
0.0
 41
1.2
 42
1.2
 43
1.2
  0
ATTRIB
  5
228B
330
228A
100
AcDbEntity
  8
0
100
AcDbText
 10
78481.04970588496
 20
62188.62884680527
 30
0.0
 40
255.0
  1
5
100
AcDbAttribute
  2
TERMINAL_A
 70
0
280
1
 71
1
 72
0
1001
AcadAnnotative
1000
AnnotativeData
1002
{
1070
1
1070
0
1002
}
  0
SEQEND
  5
228C
330
1F
100
AcDbEntity
  8
0
  0
INSERT
  5
228D
330
1F
100
AcDbEntity
  8
0
100
AcDbBlockReference
 66
1
  2
xTermFuse
 10
-12570.68741400379
 20
21921.9027040431
 30
0.0
 41
1.2
 42
1.2
 43
1.2
  0
ATTRIB
  5
228E
330
228D
100
AcDbEntity
  8
0
100
AcDbText
 10
78481.04970588496
 20
61544.51048598719
 30
0.0
 40
255.0
  1
6
100
AcDbAttribute
  2
TERMINAL_A
 70
0
280
1
 71
1
 72
0
1001
AcadAnnotative
1000
AnnotativeData
1002
{
1070
1
1070
0
1002
}
  0
SEQEND
  5
228F
330
1F
100
AcDbEntity
  8
0
  0
INSERT
  5
2290
330
1F
100
AcDbEntity
  8
0
100
AcDbBlockReference
 66
1
  2
xTermFuse
 10
-12570.68741400379
 20
21277.78434322503
 30
0.0
 41
1.2
 42
1.2
 43
1.2
  0
ATTRIB
  5
2291
330
2290
100
AcDbEntity
  8
0
100
AcDbText
 10
78481.04970588496
 20
60900.39212516912
 30
0.0
 40
255.0
  1
7
100
AcDbAttribute
  2
TERMINAL_A
 70
0
280
1
 71
1
 72
0
1001
AcadAnnotative
1000
AnnotativeData
1002
{
1070
1
1070
0
1002
}
  0
SEQEND
  5
2292
330
1F
100
AcDbEntity
  8
0
  0
INSERT
  5
2293
330
1F
100
AcDbEntity
  8
0
100
AcDbBlockReference
 66
1
  2
xTermFuse
 10
-12570.68741400379
 20
20633.66598240696
 30
0.0
 41
1.2
 42
1.2
 43
1.2
  0
ATTRIB
  5
2294
330
2293
100
AcDbEntity
  8
0
100
AcDbText
 10
78481.04970588496
 20
60256.27376435102
 30
0.0
 40
255.0
  1
8
100
AcDbAttribute
  2
TERMINAL_A
 70
0
280
1
 71
1
 72
0
1001
AcadAnnotative
1000
AnnotativeData
1002
{
1070
1
1070
0
1002
}
  0
SEQEND
  5
2295
330
1F
100
AcDbEntity
  8
0
  0
INSERT
  5
2296
330
1F
100
AcDbEntity
  8
0
100
AcDbBlockReference
 66
1
  2
xTermFuse
 10
-12570.68741400379
 20
19989.54762158889
 30
0.0
 41
1.2
 42
1.2
 43
1.2
  0
ATTRIB
  5
2297
330
2296
100
AcDbEntity
  8
0
100
AcDbText
 10
78481.04970588496
 20
59612.15540353298
 30
0.0
 40
255.0
  1
9
100
AcDbAttribute
  2
TERMINAL_A
 70
0
280
1
 71
1
 72
0
1001
AcadAnnotative
1000
AnnotativeData
1002
{
1070
1
1070
0
1002
}
  0
SEQEND
  5
2298
330
1F
100
AcDbEntity
  8
0
  0
INSERT
  5
2299
330
1F
100
AcDbEntity
  8
0
100
AcDbBlockReference
 66
1
  2
xTermFuse
 10
-12570.68741400379
 20
19345.42926077081
 30
0.0
 41
1.2
 42
1.2
 43
1.2
  0
ATTRIB
  5
229A
330
2299
100
AcDbEntity
  8
0
100
AcDbText
 10
78481.04970588496
 20
58968.0370427149
 30
0.0
 40
255.0
  1
10
100
AcDbAttribute
  2
TERMINAL_A
 70
0
280
1
 71
1
 72
0
1001
AcadAnnotative
1000
AnnotativeData
1002
{
1070
1
1070
0
1002
}
  0
SEQEND
  5
229B
330
1F
100
AcDbEntity
  8
0
  0
INSERT
  5
229C
330
1F
100
AcDbEntity
  8
0
100
AcDbBlockReference
 66
1
  2
xTermFuse
 10
-12570.68741400379
 20
18701.31089995274
 30
0.0
 41
1.2
 42
1.2
 43
1.2
  0
ATTRIB
  5
229D
330
229C
100
AcDbEntity
  8
0
100
AcDbText
 10
78481.04970588496
 20
58323.91868189683
 30
0.0
 40
255.0
  1
11
100
AcDbAttribute
  2
TERMINAL_A
 70
0
280
1
 71
1
 72
0
1001
AcadAnnotative
1000
AnnotativeData
1002
{
1070
1
1070
0
1002
}
  0
SEQEND
  5
229E
330
1F
100
AcDbEntity
  8
0
  0
INSERT
  5
229F
330
1F
100
AcDbEntity
  8
0
100
AcDbBlockReference
 66
1
  2
xTermFuse
 10
-12570.68741400379
 20
18057.19253913467
 30
0.0
 41
1.2
 42
1.2
 43
1.2
  0
ATTRIB
  5
22A0
330
229F
100
AcDbEntity
  8
0
100
AcDbText
 10
78481.04970588496
 20
57679.80032107873
 30
0.0
 40
255.0
  1
12
100
AcDbAttribute
  2
TERMINAL_A
 70
0
280
1
 71
1
 72
0
1001
AcadAnnotative
1000
AnnotativeData
1002
{
1070
1
1070
0
1002
}
  0
SEQEND
  5
22A1
330
1F
100
AcDbEntity
  8
0
  0
INSERT
  5
22A2
330
1F
100
AcDbEntity
  8
0
100
AcDbBlockReference
 66
1
  2
xTermFuse
 10
-12570.68741400379
 20
17413.07417831672
 30
0.0
 41
1.2
 42
1.2
 43
1.2
  0
ATTRIB
  5
22A3
330
22A2
100
AcDbEntity
  8
0
100
AcDbText
 10
78481.04970588496
 20
57035.68196026079
 30
0.0
 40
255.0
  1
13
100
AcDbAttribute
  2
TERMINAL_A
 70
0
280
1
 71
1
 72
0
1001
AcadAnnotative
1000
AnnotativeData
1002
{
1070
1
1070
0
1002
}
  0
SEQEND
  5
22A4
330
1F
100
AcDbEntity
  8
0
  0
INSERT
  5
22A5
330
1F
100
AcDbEntity
  8
0
100
AcDbBlockReference
 66
1
  2
xTermFuse
 10
-12570.68741400379
 20
16768.95581749865
 30
0.0
 41
1.2
 42
1.2
 43
1.2
  0
ATTRIB
  5
22A6
330
22A5
100
AcDbEntity
  8
0
100
AcDbText
 10
78481.04970588496
 20
56391.56359944271
 30
0.0
 40
255.0
  1
14
100
AcDbAttribute
  2
TERMINAL_A
 70
0
280
1
 71
1
 72
0
1001
AcadAnnotative
1000
AnnotativeData
1002
{
1070
1
1070
0
1002
}
  0
SEQEND
  5
22A7
330
1F
100
AcDbEntity
  8
0
  0
INSERT
  5
22A8
330
1F
100
AcDbEntity
  8
0
100
AcDbBlockReference
 66
1
  2
xTermFuse
 10
-12570.68741400379
 20
16124.83745668057
 30
0.0
 41
1.2
 42
1.2
 43
1.2
  0
ATTRIB
  5
22A9
330
22A8
100
AcDbEntity
  8
0
100
AcDbText
 10
78481.04970588496
 20
55747.44523862464
 30
0.0
 40
255.0
  1
15
100
AcDbAttribute
  2
TERMINAL_A
 70
0
280
1
 71
1
 72
0
1001
AcadAnnotative
1000
AnnotativeData
1002
{
1070
1
1070
0
1002
}
  0
SEQEND
  5
22AA
330
1F
100
AcDbEntity
  8
0
  0
INSERT
  5
22AB
330
1F
100
AcDbEntity
  8
0
100
AcDbBlockReference
 66
1
  2
xTermFuse
 10
-12570.68741400379
 20
15480.7190958625
 30
0.0
 41
1.2
 42
1.2
 43
1.2
  0
ATTRIB
  5
22AC
330
22AB
100
AcDbEntity
  8
0
100
AcDbText
 10
78481.04970588496
 20
55103.32687780657
 30
0.0
 40
255.0
  1
16
100
AcDbAttribute
  2
TERMINAL_A
 70
0
280
1
 71
1
 72
0
1001
AcadAnnotative
1000
AnnotativeData
1002
{
1070
1
1070
0
1002
}
  0
SEQEND
  5
22AD
330
1F
100
AcDbEntity
  8
0
  0
INSERT
  5
2370
330
1F
100
AcDbEntity
  8
0
100
AcDbBlockReference
 66
1
  2
xTermSingleLayer
 10
77687.25977262655
 20
52722.17285290573
 30
0.0
 41
1.2
 42
1.2
 43
1.2
  0
ATTRIB
  5
2371
330
2370
100
AcDbEntity
  8
0
100
AcDbText
 10
78481.04970588499
 20
52257.97774812299
 30
0.0
 40
255.0
  1
xB
100
AcDbAttribute
  2
TERMINAL_B
 70
0
280
1
 71
1
 72
0
  0
SEQEND
  5
2372
330
1F
100
AcDbEntity
  8
0
  0
TEXT
  5
2373
330
1F
100
AcDbEntity
  8
0
 62
4
100
AcDbText
 10
79315.78110917807
 20
52944.14419182778
 30
0.0
 40
310.896
  1
P1-TBRL2
  7
Tahoma
 72
1
 11
80036.2288244232
 21
53099.59219182777
 31
0.0
100
AcDbText
 73
2
  0
LWPOLYLINE
  5
2374
330
1F
100
AcDbEntity
  8
0
 62
4
 48
25.39999961853027
100
AcDbPolyline
 90
4
 70
1
 10
77687.25977262655
 20
52722.17285290573
 10
82385.19787621983
 20
52722.17285290573
 10
82385.19787621983
 20
53822.78823733855
 10
77687.25977262655
 20
53822.78823733855
  0
INSERT
  5
2375
330
1F
100
AcDbEntity
  8
0
100
AcDbBlockReference
 66
1
  2
xTermSingleLayer
 10
77687.25977262655
 20
52078.05449208778
 30
0.0
 41
1.2
 42
1.2
 43
1.2
  0
ATTRIB
  5
2376
330
2375
100
AcDbEntity
  8
0
100
AcDbText
 10
78481.04970588499
 20
51613.85938730504
 30
0.0
 40
255.0
  1
xB
100
AcDbAttribute
  2
TERMINAL_B
 70
0
280
1
 71
1
 72
0
  0
SEQEND
  5
2377
330
1F
100
AcDbEntity
  8
0
  0
INSERT
  5
2378
330
1F
100
AcDbEntity
  8
0
100
AcDbBlockReference
 66
1
  2
xTermSingleLayer
 10
77687.25977262655
 20
51433.93613126983
 30
0.0
 41
1.2
 42
1.2
 43
1.2
  0
ATTRIB
  5
2379
330
2378
100
AcDbEntity
  8
0
100
AcDbText
 10
78481.04970588499
 20
50969.74102648709
 30
0.0
 40
255.0
  1
xB
100
AcDbAttribute
  2
TERMINAL_B
 70
0
280
1
 71
1
 72
0
  0
SEQEND
  5
237A
330
1F
100
AcDbEntity
  8
0
  0
INSERT
  5
237B
330
1F
100
AcDbEntity
  8
0
100
AcDbBlockReference
 66
1
  2
xTermSingleLayer
 10
77687.25977262655
 20
50789.81777045188
 30
0.0
 41
1.2
 42
1.2
 43
1.2
  0
ATTRIB
  5
237C
330
237B
100
AcDbEntity
  8
0
100
AcDbText
 10
78481.04970588499
 20
50325.62266566914
 30
0.0
 40
255.0
  1
xB
100
AcDbAttribute
  2
TERMINAL_B
 70
0
280
1
 71
1
 72
0
  0
SEQEND
  5
237D
330
1F
100
AcDbEntity
  8
0
  0
INSERT
  5
237E
330
1F
100
AcDbEntity
  8
0
100
AcDbBlockReference
 66
1
  2
xTermSingleLayer
 10
77687.25977262655
 20
50145.69940963393
 30
0.0
 41
1.2
 42
1.2
 43
1.2
  0
ATTRIB
  5
237F
330
237E
100
AcDbEntity
  8
0
100
AcDbText
 10
78481.04970588499
 20
49681.50430485119
 30
0.0
 40
255.0
  1
xB
100
AcDbAttribute
  2
TERMINAL_B
 70
0
280
1
 71
1
 72
0
  0
SEQEND
  5
2380
330
1F
100
AcDbEntity
  8
0
  0
INSERT
  5
2381
330
1F
100
AcDbEntity
  8
0
100
AcDbBlockReference
 66
1
  2
xTermSingleLayer
 10
77687.25977262655
 20
49501.58104881598
 30
0.0
 41
1.2
 42
1.2
 43
1.2
  0
ATTRIB
  5
2382
330
2381
100
AcDbEntity
  8
0
100
AcDbText
 10
78481.04970588499
 20
49037.38594403324
 30
0.0
 40
255.0
  1
xB
100
AcDbAttribute
  2
TERMINAL_B
 70
0
280
1
 71
1
 72
0
  0
SEQEND
  5
2383
330
1F
100
AcDbEntity
  8
0
  0
INSERT
  5
2384
330
1F
100
AcDbEntity
  8
0
100
AcDbBlockReference
 66
1
  2
xTermSingleLayer
 10
77687.25977262655
 20
48857.46268799803
 30
0.0
 41
1.2
 42
1.2
 43
1.2
  0
ATTRIB
  5
2385
330
2384
100
AcDbEntity
  8
0
100
AcDbText
 10
78481.04970588499
 20
48393.26758321529
 30
0.0
 40
255.0
  1
xB
100
AcDbAttribute
  2
TERMINAL_B
 70
0
280
1
 71
1
 72
0
  0
SEQEND
  5
2386
330
1F
100
AcDbEntity
  8
0
  0
INSERT
  5
2387
330
1F
100
AcDbEntity
  8
0
100
AcDbBlockReference
 66
1
  2
xTermSingleLayer
 10
77687.25977262655
 20
48213.34432718008
 30
0.0
 41
1.2
 42
1.2
 43
1.2
  0
ATTRIB
  5
2388
330
2387
100
AcDbEntity
  8
0
100
AcDbText
 10
78481.04970588499
 20
47749.14922239733
 30
0.0
 40
255.0
  1
xB
100
AcDbAttribute
  2
TERMINAL_B
 70
0
280
1
 71
1
 72
0
  0
SEQEND
  5
2389
330
1F
100
AcDbEntity
  8
0
  0
INSERT
  5
238A
330
1F
100
AcDbEntity
  8
0
100
AcDbBlockReference
 66
1
  2
xTermSingleLayer
 10
77687.25977262655
 20
47569.22596636213
 30
0.0
 41
1.2
 42
1.2
 43
1.2
  0
ATTRIB
  5
238B
330
238A
100
AcDbEntity
  8
0
100
AcDbText
 10
78481.04970588499
 20
47105.03086157938
 30
0.0
 40
255.0
  1
xB
100
AcDbAttribute
  2
TERMINAL_B
 70
0
280
1
 71
1
 72
0
  0
SEQEND
  5
238C
330
1F
100
AcDbEntity
  8
0
  0
INSERT
  5
238D
330
1F
100
AcDbEntity
  8
0
100
AcDbBlockReference
 66
1
  2
xTermSingleLayer
 10
77687.25977262655
 20
46925.10760554418
 30
0.0
 41
1.2
 42
1.2
 43
1.2
  0
ATTRIB
  5
238E
330
238D
100
AcDbEntity
  8
0
100
AcDbText
 10
78481.04970588499
 20
46460.91250076143
 30
0.0
 40
255.0
  1
xB
100
AcDbAttribute
  2
TERMINAL_B
 70
0
280
1
 71
1
 72
0
  0
SEQEND
  5
238F
330
1F
100
AcDbEntity
  8
0
  0
INSERT
  5
2390
330
1F
100
AcDbEntity
  8
0
100
AcDbBlockReference
 66
1
  2
xTermSingleLayer
 10
77687.25977262655
 20
46280.98924472622
 30
0.0
 41
1.2
 42
1.2
 43
1.2
  0
ATTRIB
  5
2391
330
2390
100
AcDbEntity
  8
0
100
AcDbText
 10
78481.04970588499
 20
45816.79413994349
 30
0.0
 40
255.0
  1
xB
100
AcDbAttribute
  2
TERMINAL_B
 70
0
280
1
 71
1
 72
0
  0
SEQEND
  5
2392
330
1F
100
AcDbEntity
  8
0
  0
INSERT
  5
2393
330
1F
100
AcDbEntity
  8
0
100
AcDbBlockReference
 66
1
  2
xTermSingleLayer
 10
77687.25977262655
 20
45636.87088390828
 30
0.0
 41
1.2
 42
1.2
 43
1.2
  0
ATTRIB
  5
2394
330
2393
100
AcDbEntity
  8
0
100
AcDbText
 10
78481.04970588499
 20
45172.67577912554
 30
0.0
 40
255.0
  1
xB
100
AcDbAttribute
  2
TERMINAL_B
 70
0
280
1
 71
1
 72
0
  0
SEQEND
  5
2395
330
1F
100
AcDbEntity
  8
0
  0
INSERT
  5
2396
330
1F
100
AcDbEntity
  8
0
100
AcDbBlockReference
 66
1
  2
xTermSingleLayer
 10
77687.25977262655
 20
44992.75252309033
 30
0.0
 41
1.2
 42
1.2
 43
1.2
  0
ATTRIB
  5
2397
330
2396
100
AcDbEntity
  8
0
100
AcDbText
 10
78481.04970588499
 20
44528.55741830759
 30
0.0
 40
255.0
  1
xB
100
AcDbAttribute
  2
TERMINAL_B
 70
0
280
1
 71
1
 72
0
  0
SEQEND
  5
2398
330
1F
100
AcDbEntity
  8
0
  0
INSERT
  5
2399
330
1F
100
AcDbEntity
  8
0
100
AcDbBlockReference
 66
1
  2
xTermSingleLayer
 10
77687.25977262655
 20
44348.63416227238
 30
0.0
 41
1.2
 42
1.2
 43
1.2
  0
ATTRIB
  5
239A
330
2399
100
AcDbEntity
  8
0
100
AcDbText
 10
78481.04970588499
 20
43884.43905748963
 30
0.0
 40
255.0
  1
xB
100
AcDbAttribute
  2
TERMINAL_B
 70
0
280
1
 71
1
 72
0
  0
SEQEND
  5
239B
330
1F
100
AcDbEntity
  8
0
  0
INSERT
  5
239C
330
1F
100
AcDbEntity
  8
0
100
AcDbBlockReference
 66
1
  2
xTermSingleLayer
 10
77687.25977262655
 20
43704.51580145443
 30
0.0
 41
1.2
 42
1.2
 43
1.2
  0
ATTRIB
  5
239D
330
239C
100
AcDbEntity
  8
0
100
AcDbText
 10
78481.04970588499
 20
43240.32069667169
 30
0.0
 40
255.0
  1
xB
100
AcDbAttribute
  2
TERMINAL_B
 70
0
280
1
 71
1
 72
0
  0
SEQEND
  5
239E
330
1F
100
AcDbEntity
  8
0
  0
INSERT
  5
239F
330
1F
100
AcDbEntity
  8
0
100
AcDbBlockReference
 66
1
  2
xTermSingleLayer
 10
77687.25977262655
 20
43060.39744063648
 30
0.0
 41
1.2
 42
1.2
 43
1.2
  0
ATTRIB
  5
23A0
330
239F
100
AcDbEntity
  8
0
100
AcDbText
 10
78481.04970588499
 20
42596.20233585374
 30
0.0
 40
255.0
  1
xB
100
AcDbAttribute
  2
TERMINAL_B
 70
0
280
1
 71
1
 72
0
  0
SEQEND
  5
23A1
330
1F
100
AcDbEntity
  8
0
  0
INSERT
  5
23A2
330
1F
100
AcDbEntity
  8
0
100
AcDbBlockReference
 66
1
  2
xTermSingleLayer
 10
130848.8284705357
 20
43330.26705950181
 30
0.0
  0
ATTRIB
  5
23A3
330
23A2
100
AcDbEntity
  8
0
100
AcDbText
 10
131510.3200815844
 20
42943.43780551619
 30
0.0
 40
212.5
  1
xB
100
AcDbAttribute
  2
TERMINAL_B
 70
0
280
1
 71
1
 72
0
  0
SEQEND
  5
23A4
330
1F
100
AcDbEntity
  8
0
  0
INSERT
  5
23A5
330
1F
100
AcDbEntity
  8
0
100
AcDbBlockReference
 66
1
  2
xTermSingleLayer
 10
130848.8284705357
 20
42793.50175882018
 30
0.0
  0
ATTRIB
  5
23A6
330
23A5
100
AcDbEntity
  8
0
100
AcDbText
 10
131510.3200815844
 20
42406.67250483456
 30
0.0
 40
212.5
  1
xB
100
AcDbAttribute
  2
TERMINAL_B
 70
0
280
1
 71
1
 72
0
  0
SEQEND
  5
23A7
330
1F
100
AcDbEntity
  8
0
  0
INSERT
  5
23A8
330
1F
100
AcDbEntity
  8
0
100
AcDbBlockReference
 66
1
  2
xTermSingleLayer
 10
130848.8284705357
 20
42256.73645813856
 30
0.0
  0
ATTRIB
  5
23A9
330
23A8
100
AcDbEntity
  8
0
100
AcDbText
 10
131510.3200815844
 20
41869.90720415294
 30
0.0
 40
212.5
  1
xB
100
AcDbAttribute
  2
TERMINAL_B
 70
0
280
1
 71
1
 72
0
  0
SEQEND
  5
23AA
330
1F
100
AcDbEntity
  8
0
  0
INSERT
  5
23AB
330
1F
100
AcDbEntity
  8
0
100
AcDbBlockReference
 66
1
  2
xTermSingleLayer
 10
130848.8284705357
 20
41719.97115745693
 30
0.0
  0
ATTRIB
  5
23AC
330
23AB
100
AcDbEntity
  8
0
100
AcDbText
 10
131510.3200815844
 20
41333.14190347131
 30
0.0
 40
212.5
  1
xB
100
AcDbAttribute
  2
TERMINAL_B
 70
0
280
1
 71
1
 72
0
  0
SEQEND
  5
23AD
330
1F
100
AcDbEntity
  8
0
  0
INSERT
  5
23AE
330
1F
100
AcDbEntity
  8
0
100
AcDbBlockReference
 66
1
  2
xTermSingleLayer
 10
130848.8284705357
 20
41183.20585677531
 30
0.0
  0
ATTRIB
  5
23AF
330
23AE
100
AcDbEntity
  8
0
100
AcDbText
 10
131510.3200815844
 20
40796.37660278969
 30
0.0
 40
212.5
  1
xB
100
AcDbAttribute
  2
TERMINAL_B
 70
0
280
1
 71
1
 72
0
  0
SEQEND
  5
23B0
330
1F
100
AcDbEntity
  8
0
  0
INSERT
  5
23B1
330
1F
100
AcDbEntity
  8
0
100
AcDbBlockReference
 66
1
  2
xTermSingleLayer
 10
130848.8284705357
 20
40646.44055609368
 30
0.0
  0
ATTRIB
  5
23B2
330
23B1
100
AcDbEntity
  8
0
100
AcDbText
 10
131510.3200815844
 20
40259.61130210806
 30
0.0
 40
212.5
  1
xB
100
AcDbAttribute
  2
TERMINAL_B
 70
0
280
1
 71
1
 72
0
  0
SEQEND
  5
23B3
330
1F
100
AcDbEntity
  8
0
  0
INSERT
  5
23B4
330
1F
100
AcDbEntity
  8
0
100
AcDbBlockReference
 66
1
  2
xTermSingleLayer
 10
130848.8284705357
 20
40109.67525541206
 30
0.0
  0
ATTRIB
  5
23B5
330
23B4
100
AcDbEntity
  8
0
100
AcDbText
 10
131510.3200815844
 20
39722.84600142644
 30
0.0
 40
212.5
  1
xB
100
AcDbAttribute
  2
TERMINAL_B
 70
0
280
1
 71
1
 72
0
  0
SEQEND
  5
23B6
330
1F
100
AcDbEntity
  8
0
  0
INSERT
  5
23B7
330
1F
100
AcDbEntity
  8
0
100
AcDbBlockReference
 66
1
  2
xTermSingleLayer
 10
130848.8284705357
 20
39572.90995473043
 30
0.0
  0
ATTRIB
  5
23B8
330
23B7
100
AcDbEntity
  8
0
100
AcDbText
 10
131510.3200815844
 20
39186.08070074481
 30
0.0
 40
212.5
  1
xB
100
AcDbAttribute
  2
TERMINAL_B
 70
0
280
1
 71
1
 72
0
  0
SEQEND
  5
23B9
330
1F
100
AcDbEntity
  8
0
  0
INSERT
  5
23BA
330
1F
100
AcDbEntity
  8
0
100
AcDbBlockReference
 66
1
  2
xTermSingleLayer
 10
130848.8284705357
 20
39036.14465404881
 30
0.0
  0
ATTRIB
  5
23BB
330
23BA
100
AcDbEntity
  8
0
100
AcDbText
 10
131510.3200815844
 20
38649.31540006319
 30
0.0
 40
212.5
  1
xB
100
AcDbAttribute
  2
TERMINAL_B
 70
0
280
1
 71
1
 72
0
  0
SEQEND
  5
23BC
330
1F
100
AcDbEntity
  8
0
  0
INSERT
  5
23BD
330
1F
100
AcDbEntity
  8
0
100
AcDbBlockReference
 66
1
  2
xTermSingleLayer
 10
130848.8284705357
 20
38499.37935336718
 30
0.0
  0
ATTRIB
  5
23BE
330
23BD
100
AcDbEntity
  8
0
100
AcDbText
 10
131510.3200815844
 20
38112.55009938156
 30
0.0
 40
212.5
  1
xB
100
AcDbAttribute
  2
TERMINAL_B
 70
0
280
1
 71
1
 72
0
  0
SEQEND
  5
23BF
330
1F
100
AcDbEntity
  8
0
  0
INSERT
  5
23C0
330
1F
100
AcDbEntity
  8
0
100
AcDbBlockReference
 66
1
  2
xTermSingleLayer
 10
130848.8284705357
 20
37962.61405268555
 30
0.0
  0
ATTRIB
  5
23C1
330
23C0
100
AcDbEntity
  8
0
100
AcDbText
 10
131510.3200815844
 20
37575.78479869994
 30
0.0
 40
212.5
  1
xB
100
AcDbAttribute
  2
TERMINAL_B
 70
0
280
1
 71
1
 72
0
  0
SEQEND
  5
23C2
330
1F
100
AcDbEntity
  8
0
  0
INSERT
  5
23C3
330
1F
100
AcDbEntity
  8
0
100
AcDbBlockReference
 66
1
  2
xTermSingleLayer
 10
130848.8284705357
 20
37425.84875200393
 30
0.0
  0
ATTRIB
  5
23C4
330
23C3
100
AcDbEntity
  8
0
100
AcDbText
 10
131510.3200815844
 20
37039.01949801831
 30
0.0
 40
212.5
  1
xB
100
AcDbAttribute
  2
TERMINAL_B
 70
0
280
1
 71
1
 72
0
  0
SEQEND
  5
23C5
330
1F
100
AcDbEntity
  8
0
  0
INSERT
  5
23C6
330
1F
100
AcDbEntity
  8
0
100
AcDbBlockReference
 66
1
  2
xTermSingleLayer
 10
130848.8284705357
 20
36889.0834513223
 30
0.0
  0
ATTRIB
  5
23C7
330
23C6
100
AcDbEntity
  8
0
100
AcDbText
 10
131510.3200815844
 20
36502.25419733668
 30
0.0
 40
212.5
  1
xB
100
AcDbAttribute
  2
TERMINAL_B
 70
0
280
1
 71
1
 72
0
  0
SEQEND
  5
23C8
330
1F
100
AcDbEntity
  8
0
  0
INSERT
  5
23C9
330
1F
100
AcDbEntity
  8
0
100
AcDbBlockReference
 66
1
  2
xTermSingleLayer
 10
130848.8284705357
 20
36352.31815064068
 30
0.0
  0
ATTRIB
  5
23CA
330
23C9
100
AcDbEntity
  8
0
100
AcDbText
 10
131510.3200815844
 20
35965.48889665506
 30
0.0
 40
212.5
  1
xB
100
AcDbAttribute
  2
TERMINAL_B
 70
0
280
1
 71
1
 72
0
  0
SEQEND
  5
23CB
330
1F
100
AcDbEntity
  8
0
  0
INSERT
  5
23CC
330
1F
100
AcDbEntity
  8
0
100
AcDbBlockReference
 66
1
  2
xTermSingleLayer
 10
130848.8284705357
 20
35815.55284995905
 30
0.0
  0
ATTRIB
  5
23CD
330
23CC
100
AcDbEntity
  8
0
100
AcDbText
 10
131510.3200815844
 20
35428.72359597343
 30
0.0
 40
212.5
  1
xB
100
AcDbAttribute
  2
TERMINAL_B
 70
0
280
1
 71
1
 72
0
  0
SEQEND
  5
23CE
330
1F
100
AcDbEntity
  8
0
  0
INSERT
  5
23CF
330
1F
100
AcDbEntity
  8
0
100
AcDbBlockReference
 66
1
  2
xTermSingleLayer
 10
130848.8284705357
 20
35278.78754927743
 30
0.0
  0
ATTRIB
  5
23D0
330
23CF
100
AcDbEntity
  8
0
100
AcDbText
 10
131510.3200815844
 20
34891.95829529181
 30
0.0
 40
212.5
  1
xB
100
AcDbAttribute
  2
TERMINAL_B
 70
0
280
1
 71
1
 72
0
  0
SEQEND
  5
23D1
330
1F
100
AcDbEntity
  8
0
  0
TEXT
  5
2402
330
1F
100
AcDbEntity
  8
0
 62
4
100
AcDbText
 10
73884.7491953436
 20
51952.50104362607
 30
0.0
 40
310.896
  1
C1S8-1/ISBDO1-5
  7
Tahoma
100
AcDbText
  0
TEXT
  5
2433
330
1F
100
AcDbEntity
  8
0
 62
4
100
AcDbText
 10
73884.7491953436
 20
51308.38268280812
 30
0.0
 40
310.896
  1
C1S8-1/ISBDO1-5
  7
Tahoma
100
AcDbText
  0
TEXT
  5
2464
330
1F
100
AcDbEntity
  8
0
 62
4
100
AcDbText
 10
73884.7491953436
 20
50020.14596117222
 30
0.0
 40
310.896
  1
C1S8-1/ISBDO1-5
  7
Tahoma
100
AcDbText
  0
TEXT
  5
2495
330
1F
100
AcDbEntity
  8
0
 62
4
100
AcDbText
 10
73884.7491953436
 20
49376.02760035427
 30
0.0
 40
310.896
  1
C1S8-1/ISBDO1-5
  7
Tahoma
100
AcDbText
  0
TEXT
  5
24C6
330
1F
100
AcDbEntity
  8
0
 62
4
100
AcDbText
 10
73884.7491953436
 20
48087.79087871837
 30
0.0
 40
310.896
  1
C1S8-1/ISBDO1-5
  7
Tahoma
100
AcDbText
  0
TEXT
  5
24F7
330
1F
100
AcDbEntity
  8
0
 62
4
100
AcDbText
 10
73884.7491953436
 20
47443.67251790042
 30
0.0
 40
310.896
  1
C1S8-1/ISBDO1-5
  7
Tahoma
100
AcDbText
  0
TEXT
  5
2528
330
1F
100
AcDbEntity
  8
0
 62
4
100
AcDbText
 10
73884.7491953436
 20
46155.43579626452
 30
0.0
 40
310.896
  1
C1S8-1/ISBDO1-5
  7
Tahoma
100
AcDbText
  0
TEXT
  5
2559
330
1F
100
AcDbEntity
  8
0
 62
4
100
AcDbText
 10
73884.7491953436
 20
45511.31743544657
 30
0.0
 40
310.896
  1
C1S8-1/ISBDO1-5
  7
Tahoma
100
AcDbText
  0
TEXT
  5
258A
330
1F
100
AcDbEntity
  8
0
 62
4
100
AcDbText
 10
73884.7491953436
 20
44223.08071381067
 30
0.0
 40
310.896
  1
C1S8-1/ISBDO1-5
  7
Tahoma
100
AcDbText
  0
TEXT
  5
25BB
330
1F
100
AcDbEntity
  8
0
 62
4
100
AcDbText
 10
73884.7491953436
 20
43578.96235299272
 30
0.0
 40
310.896
  1
C1S8-1/ISBDO1-5
  7
Tahoma
100
AcDbText
  0
TEXT
  5
25EC
330
1F
100
AcDbEntity
  8
0
 62
4
100
AcDbText
 10
73884.7491953436
 20
42934.84399217477
 30
0.0
 40
310.896
  1
C1S8-1/ISBDO1-5
  7
Tahoma
100
AcDbText
  0
TEXT
  5
267E
330
1F
100
AcDbEntity
  8
0
 62
4
100
AcDbText
 10
132205.9295843286
 20
43515.24317527018
 30
0.0
 40
259.08
  1
P1-TBRL2
  7
Tahoma
 72
1
 11
132806.3026803662
 21
43644.78317527018
 31
0.0
100
AcDbText
 73
2
  0
LWPOLYLINE
  5
267F
330
1F
100
AcDbEntity
  8
0
 62
4
 48
25.39999961853027
100
AcDbPolyline
 90
4
 70
1
 10
130848.8284705357
 20
43330.26705950181
 10
134763.7768901967
 20
43330.26705950181
 10
134763.7768901967
 20
44247.44654652916
 10
130848.8284705357
 20
44247.44654652916
  0
LINE
  5
26F1
330
1F
100
AcDbEntity
  8
IE-WIRE
 62
4
 48
25.39999961853027
100
AcDbLine
 10
125240.2376190793
 20
43061.88440915966
 30
0.0
 11
130848.8284705357
 21
43061.88440916109
 31
0.0
  0
LINE
  5
26F2
330
1F
100
AcDbEntity
  8
IE-WIRE
 62
4
 48
25.39999961853027
100
AcDbLine
 10
125240.2376190793
 20
43061.88440915957
 30
0.0
 11
130848.8284705357
 21
43061.884409161
 31
0.0
  0
ARC
  5
26F3
330
1F
100
AcDbEntity
  8
IE-WIRE
 62
4
 48
25.39999961853027
100
AcDbCircle
 10
125240.2376190794
 20
42823.88440915966
 30
0.0
 40
238.0
100
AcDbArc
 50
90.0
 51
180.0
  0
LINE
  5
26F4
330
1F
100
AcDbEntity
  8
IE-WIRE
 62
4
 48
25.39999961853027
100
AcDbLine
 10
125240.2376190793
 20
41451.58850711456
 30
0.0
 11
130848.8284705357
 21
41451.588507116
 31
0.0
  0
LINE
  5
26F5
330
1F
100
AcDbEntity
  8
IE-WIRE
 62
4
 48
25.39999961853027
100
AcDbLine
 10
125240.2376190793
 20
41451.58850711448
 30
0.0
 11
130848.8284705357
 21
41451.5885071159
 31
0.0
  0
ARC
  5
26F6
330
1F
100
AcDbEntity
  8
IE-WIRE
 62
4
 48
25.39999961853027
100
AcDbCircle
 10
125240.2376190794
 20
41213.58850711457
 30
0.0
 40
238.0
100
AcDbArc
 50
90.0
 51
180.0
  0
LINE
  5
26F7
330
1F
100
AcDbEntity
  8
IE-WIRE
 62
4
 48
25.39999961853027
100
AcDbLine
 10
125240.2376190793
 20
39841.29260506968
 30
0.0
 11
130848.8284705357
 21
39841.29260507111
 31
0.0
  0
LINE
  5
26F8
330
1F
100
AcDbEntity
  8
IE-WIRE
 62
4
 48
25.39999961853027
100
AcDbLine
 10
125240.2376190793
 20
39841.29260506959
 30
0.0
 11
130848.8284705357
 21
39841.29260507102
 31
0.0
  0
ARC
  5
26F9
330
1F
100
AcDbEntity
  8
IE-WIRE
 62
4
 48
25.39999961853027
100
AcDbCircle
 10
125240.2376190794
 20
39603.29260506968
 30
0.0
 40
238.0
100
AcDbArc
 50
90.0
 51
180.0
  0
LINE
  5
26FA
330
1F
100
AcDbEntity
  8
IE-WIRE
 62
4
 48
25.39999961853027
100
AcDbLine
 10
125240.2376190793
 20
38230.9967030247
 30
0.0
 11
130848.8284705357
 21
38230.99670302613
 31
0.0
  0
LINE
  5
26FB
330
1F
100
AcDbEntity
  8
IE-WIRE
 62
4
 48
25.39999961853027
100
AcDbLine
 10
125240.2376190793
 20
38230.99670302461
 30
0.0
 11
130848.8284705357
 21
38230.99670302604
 31
0.0
  0
ARC
  5
26FC
330
1F
100
AcDbEntity
  8
IE-WIRE
 62
4
 48
25.39999961853027
100
AcDbCircle
 10
125240.2376190794
 20
37992.99670302471
 30
0.0
 40
238.0
100
AcDbArc
 50
90.0
 51
180.0
  0
LINE
  5
26FD
330
1F
100
AcDbEntity
  8
IE-WIRE
 62
4
 48
25.39999961853027
100
AcDbLine
 10
125240.2376190793
 20
36620.70080097981
 30
0.0
 11
130848.8284705357
 21
36620.70080098125
 31
0.0
  0
LINE
  5
26FE
330
1F
100
AcDbEntity
  8
IE-WIRE
 62
4
 48
25.39999961853027
100
AcDbLine
 10
125240.2376190793
 20
36620.70080097973
 30
0.0
 11
130848.8284705357
 21
36620.70080098116
 31
0.0
  0
ARC
  5
26FF
330
1F
100
AcDbEntity
  8
IE-WIRE
 62
4
 48
25.39999961853027
100
AcDbCircle
 10
125240.2376190794
 20
36382.70080097982
 30
0.0
 40
238.0
100
AcDbArc
 50
90.0
 51
180.0
  0
LINE
  5
2700
330
1F
100
AcDbEntity
  8
IE-WIRE
 62
4
 48
25.39999961853027
100
AcDbLine
 10
125240.2376190793
 20
35010.40489893493
 30
0.0
 11
130848.8284705357
 21
35010.40489893636
 31
0.0
  0
LINE
  5
2701
330
1F
100
AcDbEntity
  8
IE-WIRE
 62
4
 48
25.39999961853027
100
AcDbLine
 10
125240.2376190793
 20
35010.40489893484
 30
0.0
 11
130848.8284705357
 21
35010.40489893627
 31
0.0
  0
ARC
  5
2702
330
1F
100
AcDbEntity
  8
IE-WIRE
 62
4
 48
25.39999961853027
100
AcDbCircle
 10
125240.2376190794
 20
34772.40489893493
 30
0.0
 40
238.0
100
AcDbArc
 50
90.0
 51
180.0
  0
LINE
  5
2703
330
1F
100
AcDbEntity
  8
IE-WIRE
 62
4
 48
25.39999961853027
100
AcDbLine
 10
125240.2376190793
 20
41988.35380779631
 30
0.0
 11
130848.8284705357
 21
41988.35380779775
 31
0.0
  0
LINE
  5
2704
330
1F
100
AcDbEntity
  8
IE-WIRE
 62
4
 48
25.39999961853027
100
AcDbLine
 10
125240.2376190793
 20
41988.35380779622
 30
0.0
 11
130848.8284705357
 21
41988.35380779766
 31
0.0
  0
ARC
  5
2705
330
1F
100
AcDbEntity
  8
IE-WIRE
 62
4
 48
25.39999961853027
100
AcDbCircle
 10
125240.2376190794
 20
41750.35380779632
 30
0.0
 40
238.0
100
AcDbArc
 50
90.0
 51
180.0
  0
LINE
  5
2706
330
1F
100
AcDbEntity
  8
IE-WIRE
 62
4
 48
25.39999961853027
100
AcDbLine
 10
125240.2376190793
 20
40378.05790575133
 30
0.0
 11
130848.8284705357
 21
40378.05790575277
 31
0.0
  0
LINE
  5
2707
330
1F
100
AcDbEntity
  8
IE-WIRE
 62
4
 48
25.39999961853027
100
AcDbLine
 10
125240.2376190793
 20
40378.05790575125
 30
0.0
 11
130848.8284705357
 21
40378.05790575268
 31
0.0
  0
ARC
  5
2708
330
1F
100
AcDbEntity
  8
IE-WIRE
 62
4
 48
25.39999961853027
100
AcDbCircle
 10
125240.2376190794
 20
40140.05790575134
 30
0.0
 40
238.0
100
AcDbArc
 50
90.0
 51
180.0
  0
LINE
  5
2709
330
1F
100
AcDbEntity
  8
IE-WIRE
 62
4
 48
25.39999961853027
100
AcDbLine
 10
125240.2376190793
 20
38767.76200370645
 30
0.0
 11
130848.8284705357
 21
38767.76200370788
 31
0.0
  0
LINE
  5
270A
330
1F
100
AcDbEntity
  8
IE-WIRE
 62
4
 48
25.39999961853027
100
AcDbLine
 10
125240.2376190793
 20
38767.76200370636
 30
0.0
 11
130848.8284705357
 21
38767.76200370779
 31
0.0
  0
ARC
  5
270B
330
1F
100
AcDbEntity
  8
IE-WIRE
 62
4
 48
25.39999961853027
100
AcDbCircle
 10
125240.2376190794
 20
38529.76200370646
 30
0.0
 40
238.0
100
AcDbArc
 50
90.0
 51
180.0
  0
LINE
  5
270C
330
1F
100
AcDbEntity
  8
IE-WIRE
 62
4
 48
25.39999961853027
100
AcDbLine
 10
125240.2376190793
 20
37157.46610166147
 30
0.0
 11
130848.8284705357
 21
37157.46610166291
 31
0.0
  0
LINE
  5
270D
330
1F
100
AcDbEntity
  8
IE-WIRE
 62
4
 48
25.39999961853027
100
AcDbLine
 10
125240.2376190793
 20
37157.46610166139
 30
0.0
 11
130848.8284705357
 21
37157.46610166281
 31
0.0
  0
ARC
  5
270E
330
1F
100
AcDbEntity
  8
IE-WIRE
 62
4
 48
25.39999961853027
100
AcDbCircle
 10
125240.2376190794
 20
36919.46610166148
 30
0.0
 40
238.0
100
AcDbArc
 50
90.0
 51
180.0
  0
LINE
  5
270F
330
1F
100
AcDbEntity
  8
IE-WIRE
 62
4
 48
25.39999961853027
100
AcDbLine
 10
125240.2376190793
 20
35547.17019961659
 30
0.0
 11
130848.8284705357
 21
35547.17019961802
 31
0.0
  0
LINE
  5
2710
330
1F
100
AcDbEntity
  8
IE-WIRE
 62
4
 48
25.39999961853027
100
AcDbLine
 10
125240.2376190793
 20
35547.1701996165
 30
0.0
 11
130848.8284705357
 21
35547.17019961793
 31
0.0
  0
ARC
  5
2711
330
1F
100
AcDbEntity
  8
IE-WIRE
 62
4
 48
25.39999961853027
100
AcDbCircle
 10
125240.2376190794
 20
35309.1701996166
 30
0.0
 40
238.0
100
AcDbArc
 50
90.0
 51
180.0
  0
LINE
  5
2712
330
1F
100
AcDbEntity
  8
IE-WIRE
 62
4
 48
25.39999961853027
100
AcDbLine
 10
125240.2376190793
 20
42525.11910847803
 30
0.0
 11
130848.8284705357
 21
42525.11910847947
 31
0.0
  0
LINE
  5
2713
330
1F
100
AcDbEntity
  8
IE-WIRE
 62
4
 48
25.39999961853027
100
AcDbLine
 10
125240.2376190793
 20
42525.11910847794
 30
0.0
 11
130848.8284705357
 21
42525.11910847937
 31
0.0
  0
ARC
  5
2714
330
1F
100
AcDbEntity
  8
IE-WIRE
 62
4
 48
25.39999961853027
100
AcDbCircle
 10
125240.2376190794
 20
42287.11910847803
 30
0.0
 40
238.0
100
AcDbArc
 50
90.0
 51
180.0
  0
LINE
  5
2715
330
1F
100
AcDbEntity
  8
IE-WIRE
 62
4
 48
25.39999961853027
100
AcDbLine
 10
125240.2376190793
 20
40914.82320643305
 30
0.0
 11
130848.8284705357
 21
40914.82320643449
 31
0.0
  0
LINE
  5
2716
330
1F
100
AcDbEntity
  8
IE-WIRE
 62
4
 48
25.39999961853027
100
AcDbLine
 10
125240.2376190793
 20
40914.82320643297
 30
0.0
 11
130848.8284705357
 21
40914.82320643439
 31
0.0
  0
ARC
  5
2717
330
1F
100
AcDbEntity
  8
IE-WIRE
 62
4
 48
25.39999961853027
100
AcDbCircle
 10
125240.2376190794
 20
40676.82320643306
 30
0.0
 40
238.0
100
AcDbArc
 50
90.0
 51
180.0
  0
LINE
  5
2718
330
1F
100
AcDbEntity
  8
IE-WIRE
 62
4
 48
25.39999961853027
100
AcDbLine
 10
125240.2376190793
 20
39304.52730438816
 30
0.0
 11
130848.8284705357
 21
39304.5273043896
 31
0.0
  0
LINE
  5
2719
330
1F
100
AcDbEntity
  8
IE-WIRE
 62
4
 48
25.39999961853027
100
AcDbLine
 10
125240.2376190793
 20
39304.52730438808
 30
0.0
 11
130848.8284705357
 21
39304.52730438951
 31
0.0
  0
ARC
  5
271A
330
1F
100
AcDbEntity
  8
IE-WIRE
 62
4
 48
25.39999961853027
100
AcDbCircle
 10
125240.2376190794
 20
39066.52730438818
 30
0.0
 40
238.0
100
AcDbArc
 50
90.0
 51
180.0
  0
LINE
  5
271B
330
1F
100
AcDbEntity
  8
IE-WIRE
 62
4
 48
25.39999961853027
100
AcDbLine
 10
125240.2376190793
 20
37694.23140234329
 30
0.0
 11
130848.8284705357
 21
37694.23140234471
 31
0.0
  0
LINE
  5
271C
330
1F
100
AcDbEntity
  8
IE-WIRE
 62
4
 48
25.39999961853027
100
AcDbLine
 10
125240.2376190793
 20
37694.2314023432
 30
0.0
 11
130848.8284705357
 21
37694.23140234463
 31
0.0
  0
ARC
  5
271D
330
1F
100
AcDbEntity
  8
IE-WIRE
 62
4
 48
25.39999961853027
100
AcDbCircle
 10
125240.2376190794
 20
37456.23140234329
 30
0.0
 40
238.0
100
AcDbArc
 50
90.0
 51
180.0
  0
LINE
  5
271E
330
1F
100
AcDbEntity
  8
IE-WIRE
 62
4
 48
25.39999961853027
100
AcDbLine
 10
125240.2376190793
 20
36083.93550029831
 30
0.0
 11
130848.8284705357
 21
36083.93550029974
 31
0.0
  0
LINE
  5
271F
330
1F
100
AcDbEntity
  8
IE-WIRE
 62
4
 48
25.39999961853027
100
AcDbLine
 10
125240.2376190793
 20
36083.93550029822
 30
0.0
 11
130848.8284705357
 21
36083.93550029965
 31
0.0
  0
ARC
  5
2720
330
1F
100
AcDbEntity
  8
IE-WIRE
 62
4
 48
25.39999961853027
100
AcDbCircle
 10
125240.2376190794
 20
35845.93550029831
 30
0.0
 40
238.0
100
AcDbArc
 50
90.0
 51
180.0
  0
TEXT
  5
2721
330
1F
100
AcDbEntity
  8
0
 62
4
100
AcDbText
 10
127680.0696561332
 20
43225.63918578383
 30
0.0
 40
259.08
  1
C1S8-1/ISBDO1-5
  7
Tahoma
100
AcDbText
  0
TEXT
  5
2722
330
1F
100
AcDbEntity
  8
0
 62
4
100
AcDbText
 10
127680.0696561332
 20
41615.34328373884
 30
0.0
 40
259.08
  1
C1S8-1/ISBDO1-5
  7
Tahoma
100
AcDbText
  0
TEXT
  5
2723
330
1F
100
AcDbEntity
  8
0
 62
4
100
AcDbText
 10
127680.0696561332
 20
40005.04738169396
 30
0.0
 40
259.08
  1
C1S8-1/ISBDO1-5
  7
Tahoma
100
AcDbText
  0
TEXT
  5
2724
330
1F
100
AcDbEntity
  8
0
 62
4
100
AcDbText
 10
127680.0696561332
 20
38394.75147964875
 30
0.0
 40
259.08
  1
C1S8-1/ISBDO1-5
  7
Tahoma
100
AcDbText
  0
TEXT
  5
2725
330
1F
100
AcDbEntity
  8
0
 62
4
100
AcDbText
 10
127680.0696561332
 20
36784.45557760398
 30
0.0
 40
259.08
  1
C1S8-1/ISBDO1-5
  7
Tahoma
100
AcDbText
  0
TEXT
  5
2726
330
1F
100
AcDbEntity
  8
0
 62
4
100
AcDbText
 10
127680.0696561332
 20
42688.87388510209
 30
0.0
 40
259.08
  1
C1S8-1/ISBDO1-5
  7
Tahoma
100
AcDbText
  0
TEXT
  5
2727
330
1F
100
AcDbEntity
  8
0
 62
4
100
AcDbText
 10
127680.0696561332
 20
42152.10858442047
 30
0.0
 40
259.08
  1
C1S8-1/ISBDO1-5
  7
Tahoma
100
AcDbText
  0
TEXT
  5
2728
330
1F
100
AcDbEntity
  8
0
 62
4
100
AcDbText
 10
127680.0696561332
 20
41078.57798305722
 30
0.0
 40
259.08
  1
C1S8-1/ISBDO1-5
  7
Tahoma
100
AcDbText
  0
TEXT
  5
2729
330
1F
100
AcDbEntity
  8
0
 62
4
100
AcDbText
 10
127680.0696561332
 20
40541.81268237559
 30
0.0
 40
259.08
  1
C1S8-1/ISBDO1-5
  7
Tahoma
100
AcDbText
  0
TEXT
  5
272A
330
1F
100
AcDbEntity
  8
0
 62
4
100
AcDbText
 10
127680.0696561332
 20
39468.28208101234
 30
0.0
 40
259.08
  1
C1S8-1/ISBDO1-5
  7
Tahoma
100
AcDbText
  0
TEXT
  5
272B
330
1F
100
AcDbEntity
  8
0
 62
4
100
AcDbText
 10
127680.0696561332
 20
38931.51678033071
 30
0.0
 40
259.08
  1
C1S8-1/ISBDO1-5
  7
Tahoma
100
AcDbText
  0
TEXT
  5
272C
330
1F
100
AcDbEntity
  8
0
 62
4
100
AcDbText
 10
127680.0696561332
 20
37857.98617896746
 30
0.0
 40
259.08
  1
C1S8-1/ISBDO1-5
  7
Tahoma
100
AcDbText
  0
TEXT
  5
272D
330
1F
100
AcDbEntity
  8
0
 62
4
100
AcDbText
 10
127680.0696561332
 20
37321.22087828584
 30
0.0
 40
259.08
  1
C1S8-1/ISBDO1-5
  7
Tahoma
100
AcDbText
  0
TEXT
  5
272E
330
1F
100
AcDbEntity
  8
0
 62
4
100
AcDbText
 10
127680.0696561332
 20
36247.69027692259
 30
0.0
 40
259.08
  1
C1S8-1/ISBDO1-5
  7
Tahoma
100
AcDbText
  0
TEXT
  5
272F
330
1F
100
AcDbEntity
  8
0
 62
4
100
AcDbText
 10
127680.0696561332
 20
35710.92497624096
 30
0.0
 40
259.08
  1
C1S8-1/ISBDO1-5
  7
Tahoma
100
AcDbText
  0
TEXT
  5
2730
330
1F
100
AcDbEntity
  8
0
 62
4
100
AcDbText
 10
127680.0696561332
 20
35174.15967555934
 30
0.0
 40
259.08
  1
C1S8-1/ISBDO1-5
  7
Tahoma
100
AcDbText
  0
TEXT
  5
2770
330
1F
100
AcDbEntity
  8
0
 62
4
100
AcDbText
 10
56282.20479936484
 20
63987.94009566937
 30
0.0
 40
310.896
  1
C1S8-1/ISBDO1-5
  7
Tahoma
100
AcDbText
  0
TEXT
  5
2771
330
1F
100
AcDbEntity
  8
0
 62
4
100
AcDbText
 10
56282.20479936484
 20
62055.58501321539
 30
0.0
 40
310.896
  1
C1S8-1/ISBDO1-5
  7
Tahoma
100
AcDbText
  0
TEXT
  5
2772
330
1F
100
AcDbEntity
  8
0
 62
4
100
AcDbText
 10
56282.20479936484
 20
60123.22993076152
 30
0.0
 40
310.896
  1
C1S8-1/ISBDO1-5
  7
Tahoma
100
AcDbText
  0
TEXT
  5
2773
330
1F
100
AcDbEntity
  8
0
 62
4
100
AcDbText
 10
56282.20479936484
 20
58190.87484830727
 30
0.0
 40
310.896
  1
C1S8-1/ISBDO1-5
  7
Tahoma
100
AcDbText
  0
TEXT
  5
2774
330
1F
100
AcDbEntity
  8
0
 62
4
100
AcDbText
 10
56282.20479936484
 20
56258.51976585355
 30
0.0
 40
310.896
  1
C1S8-1/ISBDO1-5
  7
Tahoma
100
AcDbText
  0
TEXT
  5
2775
330
1F
100
AcDbEntity
  8
0
 62
4
100
AcDbText
 10
56282.20479936484
 20
63343.82173485128
 30
0.0
 40
310.896
  1
C1S8-1/ISBDO1-5
  7
Tahoma
100
AcDbText
  0
TEXT
  5
2776
330
1F
100
AcDbEntity
  8
0
 62
4
100
AcDbText
 10
56282.20479936484
 20
62699.70337403333
 30
0.0
 40
310.896
  1
C1S8-1/ISBDO1-5
  7
Tahoma
100
AcDbText
  0
TEXT
  5
2777
330
1F
100
AcDbEntity
  8
0
 62
4
100
AcDbText
 10
56282.20479936484
 20
61411.46665239743
 30
0.0
 40
310.896
  1
C1S8-1/ISBDO1-5
  7
Tahoma
100
AcDbText
  0
TEXT
  5
2778
330
1F
100
AcDbEntity
  8
0
 62
4
100
AcDbText
 10
56282.20479936484
 20
60767.34829157947
 30
0.0
 40
310.896
  1
C1S8-1/ISBDO1-5
  7
Tahoma
100
AcDbText
  0
TEXT
  5
2779
330
1F
100
AcDbEntity
  8
0
 62
4
100
AcDbText
 10
56282.20479936484
 20
59479.11156994358
 30
0.0
 40
310.896
  1
C1S8-1/ISBDO1-5
  7
Tahoma
100
AcDbText
  0
TEXT
  5
277A
330
1F
100
AcDbEntity
  8
0
 62
4
100
AcDbText
 10
56282.20479936484
 20
58834.99320912563
 30
0.0
 40
310.896
  1
C1S8-1/ISBDO1-5
  7
Tahoma
100
AcDbText
  0
TEXT
  5
277B
330
1F
100
AcDbEntity
  8
0
 62
4
100
AcDbText
 10
56282.20479936484
 20
57546.75648748972
 30
0.0
 40
310.896
  1
C1S8-1/ISBDO1-5
  7
Tahoma
100
AcDbText
  0
TEXT
  5
277C
330
1F
100
AcDbEntity
  8
0
 62
4
100
AcDbText
 10
56282.20479936484
 20
56902.63812667178
 30
0.0
 40
310.896
  1
C1S8-1/ISBDO1-5
  7
Tahoma
100
AcDbText
  0
TEXT
  5
277D
330
1F
100
AcDbEntity
  8
0
 62
4
100
AcDbText
 10
56282.20479936484
 20
55614.40140503588
 30
0.0
 40
310.896
  1
C1S8-1/ISBDO1-5
  7
Tahoma
100
AcDbText
  0
TEXT
  5
277E
330
1F
100
AcDbEntity
  8
0
 62
4
100
AcDbText
 10
56282.20479936484
 20
54970.28304421793
 30
0.0
 40
310.896
  1
C1S8-1/ISBDO1-5
  7
Tahoma
100
AcDbText
  0
TEXT
  5
277F
330
1F
100
AcDbEntity
  8
0
 62
4
100
AcDbText
 10
56282.20479936484
 20
54326.16468339997
 30
0.0
 40
310.896
  1
C1S8-1/ISBDO1-5
  7
Tahoma
100
AcDbText
  0
TEXT
  5
27BF
330
1F
100
AcDbEntity
  8
0
 62
4
100
AcDbText
 10
56282.20479936484
 20
53682.04632258021
 30
0.0
 40
310.896
  1
C1S8-1/ISBDO1-5
  7
Tahoma
100
AcDbText
  0
TEXT
  5
27C0
330
1F
100
AcDbEntity
  8
0
 62
4
100
AcDbText
 10
56282.20479936484
 20
51749.69124012622
 30
0.0
 40
310.896
  1
C1S8-1/ISBDO1-5
  7
Tahoma
100
AcDbText
  0
TEXT
  5
27C1
330
1F
100
AcDbEntity
  8
0
 62
4
100
AcDbText
 10
56282.20479936484
 20
49817.33615767235
 30
0.0
 40
310.896
  1
C1S8-1/ISBDO1-5
  7
Tahoma
100
AcDbText
  0
TEXT
  5
27C2
330
1F
100
AcDbEntity
  8
0
 62
4
100
AcDbText
 10
56282.20479936484
 20
47884.98107521811
 30
0.0
 40
310.896
  1
C1S8-1/ISBDO1-5
  7
Tahoma
100
AcDbText
  0
TEXT
  5
27C3
330
1F
100
AcDbEntity
  8
0
 62
4
100
AcDbText
 10
56282.20479936484
 20
45952.62599276438
 30
0.0
 40
310.896
  1
C1S8-1/ISBDO1-5
  7
Tahoma
100
AcDbText
  0
TEXT
  5
27C4
330
1F
100
AcDbEntity
  8
0
 62
4
100
AcDbText
 10
56282.20479936484
 20
53037.92796176212
 30
0.0
 40
310.896
  1
C1S8-1/ISBDO1-5
  7
Tahoma
100
AcDbText
  0
TEXT
  5
27C5
330
1F
100
AcDbEntity
  8
0
 62
4
100
AcDbText
 10
56282.20479936484
 20
52393.80960094417
 30
0.0
 40
310.896
  1
C1S8-1/ISBDO1-5
  7
Tahoma
100
AcDbText
  0
TEXT
  5
27C6
330
1F
100
AcDbEntity
  8
0
 62
4
100
AcDbText
 10
56282.20479936484
 20
51105.57287930827
 30
0.0
 40
310.896
  1
C1S8-1/ISBDO1-5
  7
Tahoma
100
AcDbText
  0
TEXT
  5
27C7
330
1F
100
AcDbEntity
  8
0
 62
4
100
AcDbText
 10
56282.20479936484
 20
50461.45451849032
 30
0.0
 40
310.896
  1
C1S8-1/ISBDO1-5
  7
Tahoma
100
AcDbText
  0
TEXT
  5
27C8
330
1F
100
AcDbEntity
  8
0
 62
4
100
AcDbText
 10
56282.20479936484
 20
49173.21779685441
 30
0.0
 40
310.896
  1
C1S8-1/ISBDO1-5
  7
Tahoma
100
AcDbText
  0
TEXT
  5
27C9
330
1F
100
AcDbEntity
  8
0
 62
4
100
AcDbText
 10
56282.20479936484
 20
48529.09943603646
 30
0.0
 40
310.896
  1
C1S8-1/ISBDO1-5
  7
Tahoma
100
AcDbText
  0
TEXT
  5
27CA
330
1F
100
AcDbEntity
  8
0
 62
4
100
AcDbText
 10
56282.20479936484
 20
47240.86271440057
 30
0.0
 40
310.896
  1
C1S8-1/ISBDO1-5
  7
Tahoma
100
AcDbText
  0
TEXT
  5
27CB
330
1F
100
AcDbEntity
  8
0
 62
4
100
AcDbText
 10
56282.20479936484
 20
46596.74435358262
 30
0.0
 40
310.896
  1
C1S8-1/ISBDO1-5
  7
Tahoma
100
AcDbText
  0
TEXT
  5
27CC
330
1F
100
AcDbEntity
  8
0
 62
4
100
AcDbText
 10
56282.20479936484
 20
45308.50763194671
 30
0.0
 40
310.896
  1
C1S8-1/ISBDO1-5
  7
Tahoma
100
AcDbText
  0
TEXT
  5
27CD
330
1F
100
AcDbEntity
  8
0
 62
4
100
AcDbText
 10
56282.20479936484
 20
44664.38927112877
 30
0.0
 40
310.896
  1
C1S8-1/ISBDO1-5
  7
Tahoma
100
AcDbText
  0
TEXT
  5
27CE
330
1F
100
AcDbEntity
  8
0
 62
4
100
AcDbText
 10
56282.20479936484
 20
44020.27091031082
 30
0.0
 40
310.896
  1
C1S8-1/ISBDO1-5
  7
Tahoma
100
AcDbText
  0
TEXT
  5
2833
330
1F
100
AcDbEntity
  8
0
 62
4
100
AcDbText
 10
131894.8247891641
 20
53870.13500255714
 30
0.0
 40
259.08
  1
P1-TBRL2
  7
Tahoma
 72
1
 11
132806.3026803662
 21
53999.67500255715
 31
0.0
100
AcDbText
 73
2
  0
LWPOLYLINE
  5
2834
330
1F
100
AcDbEntity
  8
0
 62
4
 48
25.39999961853027
100
AcDbPolyline
 90
4
 70
1
 10
130848.8284705357
 20
53685.15888678878
 10
134763.7768901968
 20
53685.15888678878
 10
134763.7768901968
 20
54602.33837381614
 10
130848.8284705357
 20
54602.33837381614
  0
INSERT
  5
2835
330
1F
100
AcDbEntity
  8
0
100
AcDbBlockReference
 66
1
  2
xTermFuse
 10
55633.8724816771
 20
20279.48981451643
 30
0.0
  0
ATTRIB
  5
2836
330
2835
100
AcDbEntity
  8
0
100
AcDbText
 10
131510.3200815844
 20
53298.32963280316
 30
0.0
 40
212.5
  1
1
100
AcDbAttribute
  2
TERMINAL_A
 70
0
280
1
 71
1
 72
0
1001
AcadAnnotative
1000
AnnotativeData
1002
{
1070
1
1070
0
1002
}
  0
SEQEND
  5
2837
330
1F
100
AcDbEntity
  8
0
  0
INSERT
  5
2838
330
1F
100
AcDbEntity
  8
0
100
AcDbBlockReference
 66
1
  2
xTermFuse
 10
55633.8724816771
 20
19742.7245138347
 30
0.0
  0
ATTRIB
  5
2839
330
2838
100
AcDbEntity
  8
0
100
AcDbText
 10
131510.3200815844
 20
52761.56433212144
 30
0.0
 40
212.5
  1
2
100
AcDbAttribute
  2
TERMINAL_A
 70
0
280
1
 71
1
 72
0
1001
AcadAnnotative
1000
AnnotativeData
1002
{
1070
1
1070
0
1002
}
  0
SEQEND
  5
283A
330
1F
100
AcDbEntity
  8
0
  0
INSERT
  5
283B
330
1F
100
AcDbEntity
  8
0
100
AcDbBlockReference
 66
1
  2
xTermFuse
 10
55633.8724816771
 20
19205.95921315297
 30
0.0
  0
ATTRIB
  5
283C
330
283B
100
AcDbEntity
  8
0
100
AcDbText
 10
131510.3200815844
 20
52224.79903143971
 30
0.0
 40
212.5
  1
3
100
AcDbAttribute
  2
TERMINAL_A
 70
0
280
1
 71
1
 72
0
1001
AcadAnnotative
1000
AnnotativeData
1002
{
1070
1
1070
0
1002
}
  0
SEQEND
  5
283D
330
1F
100
AcDbEntity
  8
0
  0
INSERT
  5
283E
330
1F
100
AcDbEntity
  8
0
100
AcDbBlockReference
 66
1
  2
xTermFuse
 10
55633.8724816771
 20
18669.19391247125
 30
0.0
  0
ATTRIB
  5
283F
330
283E
100
AcDbEntity
  8
0
100
AcDbText
 10
131510.3200815844
 20
51688.03373075798
 30
0.0
 40
212.5
  1
4
100
AcDbAttribute
  2
TERMINAL_A
 70
0
280
1
 71
1
 72
0
1001
AcadAnnotative
1000
AnnotativeData
1002
{
1070
1
1070
0
1002
}
  0
SEQEND
  5
2840
330
1F
100
AcDbEntity
  8
0
  0
INSERT
  5
2841
330
1F
100
AcDbEntity
  8
0
100
AcDbBlockReference
 66
1
  2
xTermFuse
 10
55633.8724816771
 20
18132.42861178962
 30
0.0
  0
ATTRIB
  5
2842
330
2841
100
AcDbEntity
  8
0
100
AcDbText
 10
131510.3200815844
 20
51151.26843007636
 30
0.0
 40
212.5
  1
5
100
AcDbAttribute
  2
TERMINAL_A
 70
0
280
1
 71
1
 72
0
1001
AcadAnnotative
1000
AnnotativeData
1002
{
1070
1
1070
0
1002
}
  0
SEQEND
  5
2843
330
1F
100
AcDbEntity
  8
0
  0
INSERT
  5
2844
330
1F
100
AcDbEntity
  8
0
100
AcDbBlockReference
 66
1
  2
xTermFuse
 10
55633.8724816771
 20
17595.66331110789
 30
0.0
  0
ATTRIB
  5
2845
330
2844
100
AcDbEntity
  8
0
100
AcDbText
 10
131510.3200815844
 20
50614.50312939463
 30
0.0
 40
212.5
  1
6
100
AcDbAttribute
  2
TERMINAL_A
 70
0
280
1
 71
1
 72
0
1001
AcadAnnotative
1000
AnnotativeData
1002
{
1070
1
1070
0
1002
}
  0
SEQEND
  5
2846
330
1F
100
AcDbEntity
  8
0
  0
INSERT
  5
2847
330
1F
100
AcDbEntity
  8
0
100
AcDbBlockReference
 66
1
  2
xTermFuse
 10
55633.8724816771
 20
17058.89801042617
 30
0.0
  0
ATTRIB
  5
2848
330
2847
100
AcDbEntity
  8
0
100
AcDbText
 10
131510.3200815844
 20
50077.7378287129
 30
0.0
 40
212.5
  1
7
100
AcDbAttribute
  2
TERMINAL_A
 70
0
280
1
 71
1
 72
0
1001
AcadAnnotative
1000
AnnotativeData
1002
{
1070
1
1070
0
1002
}
  0
SEQEND
  5
2849
330
1F
100
AcDbEntity
  8
0
  0
INSERT
  5
284A
330
1F
100
AcDbEntity
  8
0
100
AcDbBlockReference
 66
1
  2
xTermFuse
 10
55633.8724816771
 20
16522.13270974444
 30
0.0
  0
ATTRIB
  5
284B
330
284A
100
AcDbEntity
  8
0
100
AcDbText
 10
131510.3200815844
 20
49540.97252803117
 30
0.0
 40
212.5
  1
8
100
AcDbAttribute
  2
TERMINAL_A
 70
0
280
1
 71
1
 72
0
1001
AcadAnnotative
1000
AnnotativeData
1002
{
1070
1
1070
0
1002
}
  0
SEQEND
  5
284C
330
1F
100
AcDbEntity
  8
0
  0
INSERT
  5
284D
330
1F
100
AcDbEntity
  8
0
100
AcDbBlockReference
 66
1
  2
xTermFuse
 10
55633.8724816771
 20
15985.36740906271
 30
0.0
  0
ATTRIB
  5
284E
330
284D
100
AcDbEntity
  8
0
100
AcDbText
 10
131510.3200815844
 20
49004.20722734945
 30
0.0
 40
212.5
  1
9
100
AcDbAttribute
  2
TERMINAL_A
 70
0
280
1
 71
1
 72
0
1001
AcadAnnotative
1000
AnnotativeData
1002
{
1070
1
1070
0
1002
}
  0
SEQEND
  5
284F
330
1F
100
AcDbEntity
  8
0
  0
INSERT
  5
2850
330
1F
100
AcDbEntity
  8
0
100
AcDbBlockReference
 66
1
  2
xTermFuse
 10
55633.8724816771
 20
15448.60210838098
 30
0.0
  0
ATTRIB
  5
2851
330
2850
100
AcDbEntity
  8
0
100
AcDbText
 10
131510.3200815844
 20
48467.44192666772
 30
0.0
 40
212.5
  1
10
100
AcDbAttribute
  2
TERMINAL_A
 70
0
280
1
 71
1
 72
0
1001
AcadAnnotative
1000
AnnotativeData
1002
{
1070
1
1070
0
1002
}
  0
SEQEND
  5
2852
330
1F
100
AcDbEntity
  8
0
  0
INSERT
  5
2853
330
1F
100
AcDbEntity
  8
0
100
AcDbBlockReference
 66
1
  2
xTermFuse
 10
55633.8724816771
 20
14911.83680769926
 30
0.0
  0
ATTRIB
  5
2854
330
2853
100
AcDbEntity
  8
0
100
AcDbText
 10
131510.3200815844
 20
47930.67662598599
 30
0.0
 40
212.5
  1
11
100
AcDbAttribute
  2
TERMINAL_A
 70
0
280
1
 71
1
 72
0
1001
AcadAnnotative
1000
AnnotativeData
1002
{
1070
1
1070
0
1002
}
  0
SEQEND
  5
2855
330
1F
100
AcDbEntity
  8
0
  0
INSERT
  5
2856
330
1F
100
AcDbEntity
  8
0
100
AcDbBlockReference
 66
1
  2
xTermFuse
 10
55633.8724816771
 20
14375.07150701753
 30
0.0
  0
ATTRIB
  5
2857
330
2856
100
AcDbEntity
  8
0
100
AcDbText
 10
131510.3200815844
 20
47393.91132530426
 30
0.0
 40
212.5
  1
12
100
AcDbAttribute
  2
TERMINAL_A
 70
0
280
1
 71
1
 72
0
1001
AcadAnnotative
1000
AnnotativeData
1002
{
1070
1
1070
0
1002
}
  0
SEQEND
  5
2858
330
1F
100
AcDbEntity
  8
0
  0
INSERT
  5
2859
330
1F
100
AcDbEntity
  8
0
100
AcDbBlockReference
 66
1
  2
xTermFuse
 10
55633.8724816771
 20
13838.3062063359
 30
0.0
  0
ATTRIB
  5
285A
330
2859
100
AcDbEntity
  8
0
100
AcDbText
 10
131510.3200815844
 20
46857.14602462263
 30
0.0
 40
212.5
  1
13
100
AcDbAttribute
  2
TERMINAL_A
 70
0
280
1
 71
1
 72
0
1001
AcadAnnotative
1000
AnnotativeData
1002
{
1070
1
1070
0
1002
}
  0
SEQEND
  5
285B
330
1F
100
AcDbEntity
  8
0
  0
INSERT
  5
285C
330
1F
100
AcDbEntity
  8
0
100
AcDbBlockReference
 66
1
  2
xTermFuse
 10
55633.8724816771
 20
13301.54090565418
 30
0.0
  0
ATTRIB
  5
285D
330
285C
100
AcDbEntity
  8
0
100
AcDbText
 10
131510.3200815844
 20
46320.38072394091
 30
0.0
 40
212.5
  1
14
100
AcDbAttribute
  2
TERMINAL_A
 70
0
280
1
 71
1
 72
0
1001
AcadAnnotative
1000
AnnotativeData
1002
{
1070
1
1070
0
1002
}
  0
SEQEND
  5
285E
330
1F
100
AcDbEntity
  8
0
  0
INSERT
  5
285F
330
1F
100
AcDbEntity
  8
0
100
AcDbBlockReference
 66
1
  2
xTermFuse
 10
55633.8724816771
 20
12764.77560497245
 30
0.0
  0
ATTRIB
  5
2860
330
285F
100
AcDbEntity
  8
0
100
AcDbText
 10
131510.3200815844
 20
45783.61542325918
 30
0.0
 40
212.5
  1
15
100
AcDbAttribute
  2
TERMINAL_A
 70
0
280
1
 71
1
 72
0
1001
AcadAnnotative
1000
AnnotativeData
1002
{
1070
1
1070
0
1002
}
  0
SEQEND
  5
2861
330
1F
100
AcDbEntity
  8
0
  0
INSERT
  5
2862
330
1F
100
AcDbEntity
  8
0
100
AcDbBlockReference
 66
1
  2
xTermFuse
 10
55633.8724816771
 20
12228.01030429072
 30
0.0
  0
ATTRIB
  5
2863
330
2862
100
AcDbEntity
  8
0
100
AcDbText
 10
131510.3200815844
 20
45246.85012257745
 30
0.0
 40
212.5
  1
16
100
AcDbAttribute
  2
TERMINAL_A
 70
0
280
1
 71
1
 72
0
1001
AcadAnnotative
1000
AnnotativeData
1002
{
1070
1
1070
0
1002
}
  0
SEQEND
  5
2864
330
1F
100
AcDbEntity
  8
0
  0
ARC
  5
2865
330
1F
100
AcDbEntity
  8
IE-WIRE
 62
4
 48
25.39999961853027
100
AcDbCircle
 10
70335.35075087902
 20
41991.26740960776
 30
0.0
 40
336.0
100
AcDbArc
 50
270.0
 51
0.0
  0
LINE
  5
29CE
330
1F
100
AcDbEntity
  8
IE-WIRE
 62
4
100
AcDbLine
 10
62083.69530918975
 20
12710.48074162971
 30
0.0
 11
70335.35075087905
 21
12710.48074162971
 31
0.0
  0
ARC
  5
29D0
330
1F
100
AcDbEntity
  8
IE-WIRE
 62
4
 48
25.39999961853027
100
AcDbCircle
 10
62083.69530918975
 20
13046.48074162971
 30
0.0
 40
336.0
100
AcDbArc
 50
180.0
 51
270.0
  0
LINE
  5
2AAB
330
1F
100
AcDbEntity
  8
IE-WIRE
 62
4
 48
25.39999961853027
100
AcDbLine
 10
70956.95075087891
 20
23455.32700451711
 30
0.0
 11
77687.25977262655
 21
23455.32700451882
 31
0.0
  0
LINE
  5
2AAC
330
1F
100
AcDbEntity
  8
IE-WIRE
 62
4
 48
25.39999961853027
100
AcDbLine
 10
70956.95075087891
 20
23455.327004517
 30
0.0
 11
77687.25977262655
 21
23455.32700451871
 31
0.0
  0
LINE
  5
2AAD
330
1F
100
AcDbEntity
  8
IE-WIRE
 62
4
 48
25.39999961853027
100
AcDbLine
 10
70671.35075087905
 20
23169.72700451712
 30
0.0
 11
70671.35075087905
 21
13046.48074162971
 31
0.0
  0
ARC
  5
2AAE
330
1F
100
AcDbEntity
  8
IE-WIRE
 62
4
 48
25.39999961853027
100
AcDbCircle
 10
70956.95075087903
 20
23169.72700451712
 30
0.0
 40
285.6
100
AcDbArc
 50
90.0
 51
180.0
  0
LINE
  5
2AAF
330
1F
100
AcDbEntity
  8
IE-WIRE
 62
4
 48
25.39999961853027
100
AcDbLine
 10
70956.95075087891
 20
21522.97192206299
 30
0.0
 11
77687.25977262655
 21
21522.97192206471
 31
0.0
  0
LINE
  5
2AB0
330
1F
100
AcDbEntity
  8
IE-WIRE
 62
4
 48
25.39999961853027
100
AcDbLine
 10
70956.95075087891
 20
21522.97192206289
 30
0.0
 11
77687.25977262655
 21
21522.9719220646
 31
0.0
  0
ARC
  5
2AB1
330
1F
100
AcDbEntity
  8
IE-WIRE
 62
4
 48
25.39999961853027
100
AcDbCircle
 10
70956.95075087903
 20
21237.371922063
 30
0.0
 40
285.6
100
AcDbArc
 50
90.0
 51
180.0
  0
LINE
  5
2AB2
330
1F
100
AcDbEntity
  8
IE-WIRE
 62
4
 48
25.39999961853027
100
AcDbLine
 10
70956.95075087891
 20
19590.61683960913
 30
0.0
 11
77687.25977262655
 21
19590.61683961085
 31
0.0
  0
LINE
  5
2AB3
330
1F
100
AcDbEntity
  8
IE-WIRE
 62
4
 48
25.39999961853027
100
AcDbLine
 10
70956.95075087891
 20
19590.61683960903
 30
0.0
 11
77687.25977262655
 21
19590.61683961074
 31
0.0
  0
ARC
  5
2AB4
330
1F
100
AcDbEntity
  8
IE-WIRE
 62
4
 48
25.39999961853027
100
AcDbCircle
 10
70956.95075087903
 20
19305.01683960913
 30
0.0
 40
285.6
100
AcDbArc
 50
90.0
 51
180.0
  0
LINE
  5
2AB5
330
1F
100
AcDbEntity
  8
IE-WIRE
 62
4
 48
25.39999961853027
100
AcDbLine
 10
70956.95075087891
 20
17658.26175715515
 30
0.0
 11
77687.25977262655
 21
17658.26175715688
 31
0.0
  0
LINE
  5
2AB6
330
1F
100
AcDbEntity
  8
IE-WIRE
 62
4
 48
25.39999961853027
100
AcDbLine
 10
70956.95075087891
 20
17658.26175715505
 30
0.0
 11
77687.25977262655
 21
17658.26175715676
 31
0.0
  0
ARC
  5
2AB7
330
1F
100
AcDbEntity
  8
IE-WIRE
 62
4
 48
25.39999961853027
100
AcDbCircle
 10
70956.95075087903
 20
17372.66175715516
 30
0.0
 40
285.6
100
AcDbArc
 50
90.0
 51
180.0
  0
LINE
  5
2AB8
330
1F
100
AcDbEntity
  8
IE-WIRE
 62
4
 48
25.39999961853027
100
AcDbLine
 10
70956.95075087891
 20
15725.90667470129
 30
0.0
 11
77687.25977262655
 21
15725.90667470302
 31
0.0
  0
LINE
  5
2AB9
330
1F
100
AcDbEntity
  8
IE-WIRE
 62
4
 48
25.39999961853027
100
AcDbLine
 10
70956.95075087891
 20
15725.90667470119
 30
0.0
 11
77687.25977262655
 21
15725.9066747029
 31
0.0
  0
ARC
  5
2ABA
330
1F
100
AcDbEntity
  8
IE-WIRE
 62
4
 48
25.39999961853027
100
AcDbCircle
 10
70956.95075087903
 20
15440.3066747013
 30
0.0
 40
285.6
100
AcDbArc
 50
90.0
 51
180.0
  0
LINE
  5
2ABB
330
1F
100
AcDbEntity
  8
IE-WIRE
 62
4
 48
25.39999961853027
100
AcDbLine
 10
70956.95075087891
 20
13793.55159224743
 30
0.0
 11
77687.25977262655
 21
13793.55159224915
 31
0.0
  0
LINE
  5
2ABC
330
1F
100
AcDbEntity
  8
IE-WIRE
 62
4
 48
25.39999961853027
100
AcDbLine
 10
70956.95075087891
 20
13793.55159224732
 30
0.0
 11
77687.25977262655
 21
13793.55159224904
 31
0.0
  0
ARC
  5
2ABD
330
1F
100
AcDbEntity
  8
IE-WIRE
 62
4
 48
25.39999961853027
100
AcDbCircle
 10
70956.95075087903
 20
13507.95159224744
 30
0.0
 40
285.6
100
AcDbArc
 50
90.0
 51
180.0
  0
LINE
  5
2ABE
330
1F
100
AcDbEntity
  8
IE-WIRE
 62
4
 48
25.39999961853027
100
AcDbLine
 10
70956.95075087891
 20
22167.09028288109
 30
0.0
 11
77687.25977262655
 21
22167.09028288281
 31
0.0
  0
LINE
  5
2ABF
330
1F
100
AcDbEntity
  8
IE-WIRE
 62
4
 48
25.39999961853027
100
AcDbLine
 10
70956.95075087891
 20
22167.09028288098
 30
0.0
 11
77687.25977262655
 21
22167.09028288271
 31
0.0
  0
ARC
  5
2AC0
330
1F
100
AcDbEntity
  8
IE-WIRE
 62
4
 48
25.39999961853027
100
AcDbCircle
 10
70956.95075087903
 20
21881.4902828811
 30
0.0
 40
285.6
100
AcDbArc
 50
90.0
 51
180.0
  0
LINE
  5
2AC1
330
1F
100
AcDbEntity
  8
IE-WIRE
 62
4
 48
25.39999961853027
100
AcDbLine
 10
70956.95075087891
 20
20234.73520042711
 30
0.0
 11
77687.25977262655
 21
20234.73520042884
 31
0.0
  0
LINE
  5
2AC2
330
1F
100
AcDbEntity
  8
IE-WIRE
 62
4
 48
25.39999961853027
100
AcDbLine
 10
70956.95075087891
 20
20234.73520042701
 30
0.0
 11
77687.25977262655
 21
20234.73520042873
 31
0.0
  0
ARC
  5
2AC3
330
1F
100
AcDbEntity
  8
IE-WIRE
 62
4
 48
25.39999961853027
100
AcDbCircle
 10
70956.95075087903
 20
19949.13520042712
 30
0.0
 40
285.6
100
AcDbArc
 50
90.0
 51
180.0
  0
LINE
  5
2AC4
330
1F
100
AcDbEntity
  8
IE-WIRE
 62
4
 48
25.39999961853027
100
AcDbLine
 10
70956.95075087891
 20
18302.38011797326
 30
0.0
 11
77687.25977262655
 21
18302.38011797497
 31
0.0
  0
LINE
  5
2AC5
330
1F
100
AcDbEntity
  8
IE-WIRE
 62
4
 48
25.39999961853027
100
AcDbLine
 10
70956.95075087891
 20
18302.38011797315
 30
0.0
 11
77687.25977262655
 21
18302.38011797486
 31
0.0
  0
ARC
  5
2AC6
330
1F
100
AcDbEntity
  8
IE-WIRE
 62
4
 48
25.39999961853027
100
AcDbCircle
 10
70956.95075087903
 20
18016.78011797326
 30
0.0
 40
285.6
100
AcDbArc
 50
90.0
 51
180.0
  0
LINE
  5
2AC7
330
1F
100
AcDbEntity
  8
IE-WIRE
 62
4
 48
25.39999961853027
100
AcDbLine
 10
70956.95075087891
 20
16370.02503551928
 30
0.0
 11
77687.25977262655
 21
16370.025035521
 31
0.0
  0
LINE
  5
2AC8
330
1F
100
AcDbEntity
  8
IE-WIRE
 62
4
 48
25.39999961853027
100
AcDbLine
 10
70956.95075087891
 20
16370.02503551918
 30
0.0
 11
77687.25977262655
 21
16370.02503552089
 31
0.0
  0
ARC
  5
2AC9
330
1F
100
AcDbEntity
  8
IE-WIRE
 62
4
 48
25.39999961853027
100
AcDbCircle
 10
70956.95075087903
 20
16084.42503551929
 30
0.0
 40
285.6
100
AcDbArc
 50
90.0
 51
180.0
  0
LINE
  5
2ACA
330
1F
100
AcDbEntity
  8
IE-WIRE
 62
4
 48
25.39999961853027
100
AcDbLine
 10
70956.95075087891
 20
14437.66995306542
 30
0.0
 11
77687.25977262655
 21
14437.66995306714
 31
0.0
  0
LINE
  5
2ACB
330
1F
100
AcDbEntity
  8
IE-WIRE
 62
4
 48
25.39999961853027
100
AcDbLine
 10
70956.95075087891
 20
14437.66995306532
 30
0.0
 11
77687.25977262655
 21
14437.66995306703
 31
0.0
  0
ARC
  5
2ACC
330
1F
100
AcDbEntity
  8
IE-WIRE
 62
4
 48
25.39999961853027
100
AcDbCircle
 10
70956.95075087903
 20
14152.06995306543
 30
0.0
 40
285.6
100
AcDbArc
 50
90.0
 51
180.0
  0
LINE
  5
2ACD
330
1F
100
AcDbEntity
  8
IE-WIRE
 62
4
 48
25.39999961853027
100
AcDbLine
 10
70956.95075087891
 20
22811.20864369915
 30
0.0
 11
77687.25977262655
 21
22811.20864370088
 31
0.0
  0
LINE
  5
2ACE
330
1F
100
AcDbEntity
  8
IE-WIRE
 62
4
 48
25.39999961853027
100
AcDbLine
 10
70956.95075087891
 20
22811.20864369905
 30
0.0
 11
77687.25977262655
 21
22811.20864370076
 31
0.0
  0
ARC
  5
2ACF
330
1F
100
AcDbEntity
  8
IE-WIRE
 62
4
 48
25.39999961853027
100
AcDbCircle
 10
70956.95075087903
 20
22525.60864369915
 30
0.0
 40
285.6
100
AcDbArc
 50
90.0
 51
180.0
  0
LINE
  5
2AD0
330
1F
100
AcDbEntity
  8
IE-WIRE
 62
4
 48
25.39999961853027
100
AcDbLine
 10
70956.95075087891
 20
20878.85356124518
 30
0.0
 11
77687.25977262655
 21
20878.8535612469
 31
0.0
  0
LINE
  5
2AD1
330
1F
100
AcDbEntity
  8
IE-WIRE
 62
4
 48
25.39999961853027
100
AcDbLine
 10
70956.95075087891
 20
20878.85356124508
 30
0.0
 11
77687.25977262655
 21
20878.85356124679
 31
0.0
  0
ARC
  5
2AD2
330
1F
100
AcDbEntity
  8
IE-WIRE
 62
4
 48
25.39999961853027
100
AcDbCircle
 10
70956.95075087903
 20
20593.25356124519
 30
0.0
 40
285.6
100
AcDbArc
 50
90.0
 51
180.0
  0
LINE
  5
2AD3
330
1F
100
AcDbEntity
  8
IE-WIRE
 62
4
 48
25.39999961853027
100
AcDbLine
 10
70956.95075087891
 20
18946.49847879131
 30
0.0
 11
77687.25977262655
 21
18946.49847879304
 31
0.0
  0
LINE
  5
2AD4
330
1F
100
AcDbEntity
  8
IE-WIRE
 62
4
 48
25.39999961853027
100
AcDbLine
 10
70956.95075087891
 20
18946.4984787912
 30
0.0
 11
77687.25977262655
 21
18946.49847879293
 31
0.0
  0
ARC
  5
2AD5
330
1F
100
AcDbEntity
  8
IE-WIRE
 62
4
 48
25.39999961853027
100
AcDbCircle
 10
70956.95075087903
 20
18660.89847879133
 30
0.0
 40
285.6
100
AcDbArc
 50
90.0
 51
180.0
  0
LINE
  5
2AD6
330
1F
100
AcDbEntity
  8
IE-WIRE
 62
4
 48
25.39999961853027
100
AcDbLine
 10
70956.95075087891
 20
17014.14339633746
 30
0.0
 11
77687.25977262655
 21
17014.14339633917
 31
0.0
  0
LINE
  5
2AD7
330
1F
100
AcDbEntity
  8
IE-WIRE
 62
4
 48
25.39999961853027
100
AcDbLine
 10
70956.95075087891
 20
17014.14339633736
 30
0.0
 11
77687.25977262655
 21
17014.14339633907
 31
0.0
  0
ARC
  5
2AD8
330
1F
100
AcDbEntity
  8
IE-WIRE
 62
4
 48
25.39999961853027
100
AcDbCircle
 10
70956.95075087903
 20
16728.54339633746
 30
0.0
 40
285.6
100
AcDbArc
 50
90.0
 51
180.0
  0
LINE
  5
2AD9
330
1F
100
AcDbEntity
  8
IE-WIRE
 62
4
 48
25.39999961853027
100
AcDbLine
 10
70956.95075087891
 20
15081.78831388349
 30
0.0
 11
77687.25977262655
 21
15081.7883138852
 31
0.0
  0
LINE
  5
2ADA
330
1F
100
AcDbEntity
  8
IE-WIRE
 62
4
 48
25.39999961853027
100
AcDbLine
 10
70956.95075087891
 20
15081.78831388338
 30
0.0
 11
77687.25977262655
 21
15081.78831388509
 31
0.0
  0
ARC
  5
2ADB
330
1F
100
AcDbEntity
  8
IE-WIRE
 62
4
 48
25.39999961853027
100
AcDbCircle
 10
70956.95075087903
 20
14796.18831388348
 30
0.0
 40
285.6
100
AcDbArc
 50
90.0
 51
180.0
  0
TEXT
  5
2ADC
330
1F
100
AcDbEntity
  8
0
 62
4
100
AcDbText
 10
73884.7491953436
 20
23651.83273646612
 30
0.0
 40
310.896
  1
C1S8-1/ISBDO1-5
  7
Tahoma
100
AcDbText
  0
TEXT
  5
2ADD
330
1F
100
AcDbEntity
  8
0
 62
4
100
AcDbText
 10
73884.7491953436
 20
21719.47765401212
 30
0.0
 40
310.896
  1
C1S8-1/ISBDO1-5
  7
Tahoma
100
AcDbText
  0
TEXT
  5
2ADE
330
1F
100
AcDbEntity
  8
0
 62
4
100
AcDbText
 10
73884.7491953436
 20
19787.12257155827
 30
0.0
 40
310.896
  1
C1S8-1/ISBDO1-5
  7
Tahoma
100
AcDbText
  0
TEXT
  5
2ADF
330
1F
100
AcDbEntity
  8
0
 62
4
100
AcDbText
 10
73884.7491953436
 20
17854.76748910402
 30
0.0
 40
310.896
  1
C1S8-1/ISBDO1-5
  7
Tahoma
100
AcDbText
  0
TEXT
  5
2AE0
330
1F
100
AcDbEntity
  8
0
 62
4
100
AcDbText
 10
73884.7491953436
 20
15922.41240665029
 30
0.0
 40
310.896
  1
C1S8-1/ISBDO1-5
  7
Tahoma
100
AcDbText
  0
TEXT
  5
2AE2
330
1F
100
AcDbEntity
  8
0
 62
4
100
AcDbText
 10
78942.4553549806
 20
36506.48206580415
 30
0.0
 40
310.896
  1
P1-TBRL2
  7
Tahoma
 72
1
 11
80036.22882442317
 21
36661.93006580415
 31
0.0
100
AcDbText
 73
2
  0
LWPOLYLINE
  5
2AE3
330
1F
100
AcDbEntity
  8
0
 62
4
 48
25.39999961853027
100
AcDbPolyline
 90
4
 70
1
 10
77687.25977262652
 20
36284.51072688213
 10
82385.1978762198
 20
36284.51072688213
 10
82385.1978762198
 20
37385.12611131494
 10
77687.25977262652
 20
37385.12611131494
  0
INSERT
  5
2AE4
330
1F
100
AcDbEntity
  8
0
100
AcDbBlockReference
 66
1
  2
xTermFuse
 10
-12570.68741400379
 20
-3802.292159844705
 30
0.0
 41
1.2
 42
1.2
 43
1.2
  0
ATTRIB
  5
2AE5
330
2AE4
100
AcDbEntity
  8
0
100
AcDbText
 10
78481.04970588496
 20
35820.31562209937
 30
0.0
 40
255.0
  1
1
100
AcDbAttribute
  2
TERMINAL_A
 70
0
280
1
 71
1
 72
0
1001
AcadAnnotative
1000
AnnotativeData
1002
{
1070
1
1070
0
1002
}
  0
SEQEND
  5
2AE6
330
1F
100
AcDbEntity
  8
0
  0
INSERT
  5
2AE7
330
1F
100
AcDbEntity
  8
0
100
AcDbBlockReference
 66
1
  2
xTermFuse
 10
-12570.68741400379
 20
-4446.410520662778
 30
0.0
 41
1.2
 42
1.2
 43
1.2
  0
ATTRIB
  5
2AE8
330
2AE7
100
AcDbEntity
  8
0
100
AcDbText
 10
78481.04970588496
 20
35176.1972612813
 30
0.0
 40
255.0
  1
2
100
AcDbAttribute
  2
TERMINAL_A
 70
0
280
1
 71
1
 72
0
1001
AcadAnnotative
1000
AnnotativeData
1002
{
1070
1
1070
0
1002
}
  0
SEQEND
  5
2AE9
330
1F
100
AcDbEntity
  8
0
  0
INSERT
  5
2AEA
330
1F
100
AcDbEntity
  8
0
100
AcDbBlockReference
 66
1
  2
xTermFuse
 10
-12570.68741400379
 20
-5090.52888148085
 30
0.0
 41
1.2
 42
1.2
 43
1.2
  0
ATTRIB
  5
2AEB
330
2AEA
100
AcDbEntity
  8
0
100
AcDbText
 10
78481.04970588496
 20
34532.07890046323
 30
0.0
 40
255.0
  1
3
100
AcDbAttribute
  2
TERMINAL_A
 70
0
280
1
 71
1
 72
0
1001
AcadAnnotative
1000
AnnotativeData
1002
{
1070
1
1070
0
1002
}
  0
SEQEND
  5
2AEC
330
1F
100
AcDbEntity
  8
0
  0
INSERT
  5
2AED
330
1F
100
AcDbEntity
  8
0
100
AcDbBlockReference
 66
1
  2
xTermFuse
 10
-12570.68741400379
 20
-5734.647242298923
 30
0.0
 41
1.2
 42
1.2
 43
1.2
  0
ATTRIB
  5
2AEE
330
2AED
100
AcDbEntity
  8
0
100
AcDbText
 10
78481.04970588496
 20
33887.96053964515
 30
0.0
 40
255.0
  1
4
100
AcDbAttribute
  2
TERMINAL_A
 70
0
280
1
 71
1
 72
0
1001
AcadAnnotative
1000
AnnotativeData
1002
{
1070
1
1070
0
1002
}
  0
SEQEND
  5
2AEF
330
1F
100
AcDbEntity
  8
0
  0
INSERT
  5
2AF0
330
1F
100
AcDbEntity
  8
0
100
AcDbBlockReference
 66
1
  2
xTermFuse
 10
-12570.68741400379
 20
-6378.765603116874
 30
0.0
 41
1.2
 42
1.2
 43
1.2
  0
ATTRIB
  5
2AF1
330
2AF0
100
AcDbEntity
  8
0
100
AcDbText
 10
78481.04970588496
 20
33243.84217882723
 30
0.0
 40
255.0
  1
5
100
AcDbAttribute
  2
TERMINAL_A
 70
0
280
1
 71
1
 72
0
1001
AcadAnnotative
1000
AnnotativeData
1002
{
1070
1
1070
0
1002
}
  0
SEQEND
  5
2AF2
330
1F
100
AcDbEntity
  8
0
  0
INSERT
  5
2AF3
330
1F
100
AcDbEntity
  8
0
100
AcDbBlockReference
 66
1
  2
xTermFuse
 10
-12570.68741400379
 20
-7022.883963934946
 30
0.0
 41
1.2
 42
1.2
 43
1.2
  0
ATTRIB
  5
2AF4
330
2AF3
100
AcDbEntity
  8
0
100
AcDbText
 10
78481.04970588496
 20
32599.72381800915
 30
0.0
 40
255.0
  1
6
100
AcDbAttribute
  2
TERMINAL_A
 70
0
280
1
 71
1
 72
0
1001
AcadAnnotative
1000
AnnotativeData
1002
{
1070
1
1070
0
1002
}
  0
SEQEND
  5
2AF5
330
1F
100
AcDbEntity
  8
0
  0
INSERT
  5
2AF6
330
1F
100
AcDbEntity
  8
0
100
AcDbBlockReference
 66
1
  2
xTermFuse
 10
-12570.68741400379
 20
-7667.002324753019
 30
0.0
 41
1.2
 42
1.2
 43
1.2
  0
ATTRIB
  5
2AF7
330
2AF6
100
AcDbEntity
  8
0
100
AcDbText
 10
78481.04970588496
 20
31955.60545719108
 30
0.0
 40
255.0
  1
7
100
AcDbAttribute
  2
TERMINAL_A
 70
0
280
1
 71
1
 72
0
1001
AcadAnnotative
1000
AnnotativeData
1002
{
1070
1
1070
0
1002
}
  0
SEQEND
  5
2AF8
330
1F
100
AcDbEntity
  8
0
  0
INSERT
  5
2AF9
330
1F
100
AcDbEntity
  8
0
100
AcDbBlockReference
 66
1
  2
xTermFuse
 10
-12570.68741400379
 20
-8311.120685571092
 30
0.0
 41
1.2
 42
1.2
 43
1.2
  0
ATTRIB
  5
2AFA
330
2AF9
100
AcDbEntity
  8
0
100
AcDbText
 10
78481.04970588496
 20
31311.48709637297
 30
0.0
 40
255.0
  1
8
100
AcDbAttribute
  2
TERMINAL_A
 70
0
280
1
 71
1
 72
0
1001
AcadAnnotative
1000
AnnotativeData
1002
{
1070
1
1070
0
1002
}
  0
SEQEND
  5
2AFB
330
1F
100
AcDbEntity
  8
0
  0
INSERT
  5
2AFC
330
1F
100
AcDbEntity
  8
0
100
AcDbBlockReference
 66
1
  2
xTermFuse
 10
-12570.68741400379
 20
-8955.239046389164
 30
0.0
 41
1.2
 42
1.2
 43
1.2
  0
ATTRIB
  5
2AFD
330
2AFC
100
AcDbEntity
  8
0
100
AcDbText
 10
78481.04970588496
 20
30667.36873555493
 30
0.0
 40
255.0
  1
9
100
AcDbAttribute
  2
TERMINAL_A
 70
0
280
1
 71
1
 72
0
1001
AcadAnnotative
1000
AnnotativeData
1002
{
1070
1
1070
0
1002
}
  0
SEQEND
  5
2AFE
330
1F
100
AcDbEntity
  8
0
  0
INSERT
  5
2AFF
330
1F
100
AcDbEntity
  8
0
100
AcDbBlockReference
 66
1
  2
xTermFuse
 10
-12570.68741400379
 20
-9599.357407207235
 30
0.0
 41
1.2
 42
1.2
 43
1.2
  0
ATTRIB
  5
2B00
330
2AFF
100
AcDbEntity
  8
0
100
AcDbText
 10
78481.04970588496
 20
30023.25037473686
 30
0.0
 40
255.0
  1
10
100
AcDbAttribute
  2
TERMINAL_A
 70
0
280
1
 71
1
 72
0
1001
AcadAnnotative
1000
AnnotativeData
1002
{
1070
1
1070
0
1002
}
  0
SEQEND
  5
2B01
330
1F
100
AcDbEntity
  8
0
  0
INSERT
  5
2B02
330
1F
100
AcDbEntity
  8
0
100
AcDbBlockReference
 66
1
  2
xTermFuse
 10
-12570.68741400379
 20
-10243.47576802531
 30
0.0
 41
1.2
 42
1.2
 43
1.2
  0
ATTRIB
  5
2B03
330
2B02
100
AcDbEntity
  8
0
100
AcDbText
 10
78481.04970588496
 20
29379.13201391879
 30
0.0
 40
255.0
  1
11
100
AcDbAttribute
  2
TERMINAL_A
 70
0
280
1
 71
1
 72
0
1001
AcadAnnotative
1000
AnnotativeData
1002
{
1070
1
1070
0
1002
}
  0
SEQEND
  5
2B04
330
1F
100
AcDbEntity
  8
0
  0
INSERT
  5
2B05
330
1F
100
AcDbEntity
  8
0
100
AcDbBlockReference
 66
1
  2
xTermFuse
 10
-12570.68741400379
 20
-10887.59412884338
 30
0.0
 41
1.2
 42
1.2
 43
1.2
  0
ATTRIB
  5
2B06
330
2B05
100
AcDbEntity
  8
0
100
AcDbText
 10
78481.04970588496
 20
28735.01365310068
 30
0.0
 40
255.0
  1
12
100
AcDbAttribute
  2
TERMINAL_A
 70
0
280
1
 71
1
 72
0
1001
AcadAnnotative
1000
AnnotativeData
1002
{
1070
1
1070
0
1002
}
  0
SEQEND
  5
2B07
330
1F
100
AcDbEntity
  8
0
  0
INSERT
  5
2B08
330
1F
100
AcDbEntity
  8
0
100
AcDbBlockReference
 66
1
  2
xTermFuse
 10
-12570.68741400379
 20
-11531.71248966133
 30
0.0
 41
1.2
 42
1.2
 43
1.2
  0
ATTRIB
  5
2B09
330
2B08
100
AcDbEntity
  8
0
100
AcDbText
 10
78481.04970588496
 20
28090.89529228275
 30
0.0
 40
255.0
  1
13
100
AcDbAttribute
  2
TERMINAL_A
 70
0
280
1
 71
1
 72
0
1001
AcadAnnotative
1000
AnnotativeData
1002
{
1070
1
1070
0
1002
}
  0
SEQEND
  5
2B0A
330
1F
100
AcDbEntity
  8
0
  0
INSERT
  5
2B0B
330
1F
100
AcDbEntity
  8
0
100
AcDbBlockReference
 66
1
  2
xTermFuse
 10
-12570.68741400379
 20
-12175.83085047941
 30
0.0
 41
1.2
 42
1.2
 43
1.2
  0
ATTRIB
  5
2B0C
330
2B0B
100
AcDbEntity
  8
0
100
AcDbText
 10
78481.04970588496
 20
27446.77693146468
 30
0.0
 40
255.0
  1
14
100
AcDbAttribute
  2
TERMINAL_A
 70
0
280
1
 71
1
 72
0
1001
AcadAnnotative
1000
AnnotativeData
1002
{
1070
1
1070
0
1002
}
  0
SEQEND
  5
2B0D
330
1F
100
AcDbEntity
  8
0
  0
INSERT
  5
2B0E
330
1F
100
AcDbEntity
  8
0
100
AcDbBlockReference
 66
1
  2
xTermFuse
 10
-12570.68741400379
 20
-12819.94921129748
 30
0.0
 41
1.2
 42
1.2
 43
1.2
  0
ATTRIB
  5
2B0F
330
2B0E
100
AcDbEntity
  8
0
100
AcDbText
 10
78481.04970588496
 20
26802.65857064661
 30
0.0
 40
255.0
  1
15
100
AcDbAttribute
  2
TERMINAL_A
 70
0
280
1
 71
1
 72
0
1001
AcadAnnotative
1000
AnnotativeData
1002
{
1070
1
1070
0
1002
}
  0
SEQEND
  5
2B10
330
1F
100
AcDbEntity
  8
0
  0
INSERT
  5
2B11
330
1F
100
AcDbEntity
  8
0
100
AcDbBlockReference
 66
1
  2
xTermFuse
 10
-12570.68741400379
 20
-13464.06757211555
 30
0.0
 41
1.2
 42
1.2
 43
1.2
  0
ATTRIB
  5
2B12
330
2B11
100
AcDbEntity
  8
0
100
AcDbText
 10
78481.04970588496
 20
26158.54020982853
 30
0.0
 40
255.0
  1
16
100
AcDbAttribute
  2
TERMINAL_A
 70
0
280
1
 71
1
 72
0
1001
AcadAnnotative
1000
AnnotativeData
1002
{
1070
1
1070
0
1002
}
  0
SEQEND
  5
2B13
330
1F
100
AcDbEntity
  8
0
  0
INSERT
  5
2B14
330
1F
100
AcDbEntity
  8
0
100
AcDbBlockReference
 66
1
  2
xTermSingleLayer
 10
77687.25977262655
 20
23777.38618492769
 30
0.0
 41
1.2
 42
1.2
 43
1.2
  0
ATTRIB
  5
2B15
330
2B14
100
AcDbEntity
  8
0
100
AcDbText
 10
78481.04970588499
 20
23313.19108014494
 30
0.0
 40
255.0
  1
xB
100
AcDbAttribute
  2
TERMINAL_B
 70
0
280
1
 71
1
 72
0
  0
SEQEND
  5
2B16
330
1F
100
AcDbEntity
  8
0
  0
TEXT
  5
2B17
330
1F
100
AcDbEntity
  8
0
 62
4
100
AcDbText
 10
79315.78110917807
 20
23999.35752384973
 30
0.0
 40
310.896
  1
P1-TBRL2
  7
Tahoma
 72
1
 11
80036.2288244232
 21
24154.80552384973
 31
0.0
100
AcDbText
 73
2
  0
LWPOLYLINE
  5
2B18
330
1F
100
AcDbEntity
  8
0
 62
4
 48
25.39999961853027
100
AcDbPolyline
 90
4
 70
1
 10
77687.25977262655
 20
23777.38618492769
 10
82385.19787621983
 20
23777.38618492769
 10
82385.19787621983
 20
24878.00156936051
 10
77687.25977262655
 20
24878.00156936051
  0
INSERT
  5
2B19
330
1F
100
AcDbEntity
  8
0
100
AcDbBlockReference
 66
1
  2
xTermSingleLayer
 10
77687.25977262655
 20
23133.26782410974
 30
0.0
 41
1.2
 42
1.2
 43
1.2
  0
ATTRIB
  5
2B1A
330
2B19
100
AcDbEntity
  8
0
100
AcDbText
 10
78481.04970588499
 20
22669.07271932699
 30
0.0
 40
255.0
  1
xB
100
AcDbAttribute
  2
TERMINAL_B
 70
0
280
1
 71
1
 72
0
  0
SEQEND
  5
2B1B
330
1F
100
AcDbEntity
  8
0
  0
INSERT
  5
2B1C
330
1F
100
AcDbEntity
  8
0
100
AcDbBlockReference
 66
1
  2
xTermSingleLayer
 10
77687.25977262655
 20
22489.14946329179
 30
0.0
 41
1.2
 42
1.2
 43
1.2
  0
ATTRIB
  5
2B1D
330
2B1C
100
AcDbEntity
  8
0
100
AcDbText
 10
78481.04970588499
 20
22024.95435850904
 30
0.0
 40
255.0
  1
xB
100
AcDbAttribute
  2
TERMINAL_B
 70
0
280
1
 71
1
 72
0
  0
SEQEND
  5
2B1E
330
1F
100
AcDbEntity
  8
0
  0
INSERT
  5
2B1F
330
1F
100
AcDbEntity
  8
0
100
AcDbBlockReference
 66
1
  2
xTermSingleLayer
 10
77687.25977262655
 20
21845.03110247383
 30
0.0
 41
1.2
 42
1.2
 43
1.2
  0
ATTRIB
  5
2B20
330
2B1F
100
AcDbEntity
  8
0
100
AcDbText
 10
78481.04970588499
 20
21380.83599769109
 30
0.0
 40
255.0
  1
xB
100
AcDbAttribute
  2
TERMINAL_B
 70
0
280
1
 71
1
 72
0
  0
SEQEND
  5
2B21
330
1F
100
AcDbEntity
  8
0
  0
INSERT
  5
2B22
330
1F
100
AcDbEntity
  8
0
100
AcDbBlockReference
 66
1
  2
xTermSingleLayer
 10
77687.25977262655
 20
21200.91274165588
 30
0.0
 41
1.2
 42
1.2
 43
1.2
  0
ATTRIB
  5
2B23
330
2B22
100
AcDbEntity
  8
0
100
AcDbText
 10
78481.04970588499
 20
20736.71763687314
 30
0.0
 40
255.0
  1
xB
100
AcDbAttribute
  2
TERMINAL_B
 70
0
280
1
 71
1
 72
0
  0
SEQEND
  5
2B24
330
1F
100
AcDbEntity
  8
0
  0
INSERT
  5
2B25
330
1F
100
AcDbEntity
  8
0
100
AcDbBlockReference
 66
1
  2
xTermSingleLayer
 10
77687.25977262655
 20
20556.79438083793
 30
0.0
 41
1.2
 42
1.2
 43
1.2
  0
ATTRIB
  5
2B26
330
2B25
100
AcDbEntity
  8
0
100
AcDbText
 10
78481.04970588499
 20
20092.59927605519
 30
0.0
 40
255.0
  1
xB
100
AcDbAttribute
  2
TERMINAL_B
 70
0
280
1
 71
1
 72
0
  0
SEQEND
  5
2B27
330
1F
100
AcDbEntity
  8
0
  0
INSERT
  5
2B28
330
1F
100
AcDbEntity
  8
0
100
AcDbBlockReference
 66
1
  2
xTermSingleLayer
 10
77687.25977262655
 20
19912.67602001998
 30
0.0
 41
1.2
 42
1.2
 43
1.2
  0
ATTRIB
  5
2B29
330
2B28
100
AcDbEntity
  8
0
100
AcDbText
 10
78481.04970588499
 20
19448.48091523724
 30
0.0
 40
255.0
  1
xB
100
AcDbAttribute
  2
TERMINAL_B
 70
0
280
1
 71
1
 72
0
  0
SEQEND
  5
2B2A
330
1F
100
AcDbEntity
  8
0
  0
INSERT
  5
2B2B
330
1F
100
AcDbEntity
  8
0
100
AcDbBlockReference
 66
1
  2
xTermSingleLayer
 10
77687.25977262655
 20
19268.55765920203
 30
0.0
 41
1.2
 42
1.2
 43
1.2
  0
ATTRIB
  5
2B2C
330
2B2B
100
AcDbEntity
  8
0
100
AcDbText
 10
78481.04970588499
 20
18804.36255441929
 30
0.0
 40
255.0
  1
xB
100
AcDbAttribute
  2
TERMINAL_B
 70
0
280
1
 71
1
 72
0
  0
SEQEND
  5
2B2D
330
1F
100
AcDbEntity
  8
0
  0
INSERT
  5
2B2E
330
1F
100
AcDbEntity
  8
0
100
AcDbBlockReference
 66
1
  2
xTermSingleLayer
 10
77687.25977262655
 20
18624.43929838408
 30
0.0
 41
1.2
 42
1.2
 43
1.2
  0
ATTRIB
  5
2B2F
330
2B2E
100
AcDbEntity
  8
0
100
AcDbText
 10
78481.04970588499
 20
18160.24419360134
 30
0.0
 40
255.0
  1
xB
100
AcDbAttribute
  2
TERMINAL_B
 70
0
280
1
 71
1
 72
0
  0
SEQEND
  5
2B30
330
1F
100
AcDbEntity
  8
0
  0
INSERT
  5
2B31
330
1F
100
AcDbEntity
  8
0
100
AcDbBlockReference
 66
1
  2
xTermSingleLayer
 10
77687.25977262655
 20
17980.32093756613
 30
0.0
 41
1.2
 42
1.2
 43
1.2
  0
ATTRIB
  5
2B32
330
2B31
100
AcDbEntity
  8
0
100
AcDbText
 10
78481.04970588499
 20
17516.12583278339
 30
0.0
 40
255.0
  1
xB
100
AcDbAttribute
  2
TERMINAL_B
 70
0
280
1
 71
1
 72
0
  0
SEQEND
  5
2B33
330
1F
100
AcDbEntity
  8
0
  0
INSERT
  5
2B34
330
1F
100
AcDbEntity
  8
0
100
AcDbBlockReference
 66
1
  2
xTermSingleLayer
 10
77687.25977262655
 20
17336.20257674818
 30
0.0
 41
1.2
 42
1.2
 43
1.2
  0
ATTRIB
  5
2B35
330
2B34
100
AcDbEntity
  8
0
100
AcDbText
 10
78481.04970588499
 20
16872.00747196544
 30
0.0
 40
255.0
  1
xB
100
AcDbAttribute
  2
TERMINAL_B
 70
0
280
1
 71
1
 72
0
  0
SEQEND
  5
2B36
330
1F
100
AcDbEntity
  8
0
  0
INSERT
  5
2B37
330
1F
100
AcDbEntity
  8
0
100
AcDbBlockReference
 66
1
  2
xTermSingleLayer
 10
77687.25977262655
 20
16692.08421593023
 30
0.0
 41
1.2
 42
1.2
 43
1.2
  0
ATTRIB
  5
2B38
330
2B37
100
AcDbEntity
  8
0
100
AcDbText
 10
78481.04970588499
 20
16227.88911114749
 30
0.0
 40
255.0
  1
xB
100
AcDbAttribute
  2
TERMINAL_B
 70
0
280
1
 71
1
 72
0
  0
SEQEND
  5
2B39
330
1F
100
AcDbEntity
  8
0
  0
INSERT
  5
2B3A
330
1F
100
AcDbEntity
  8
0
100
AcDbBlockReference
 66
1
  2
xTermSingleLayer
 10
77687.25977262655
 20
16047.96585511228
 30
0.0
 41
1.2
 42
1.2
 43
1.2
  0
ATTRIB
  5
2B3B
330
2B3A
100
AcDbEntity
  8
0
100
AcDbText
 10
78481.04970588499
 20
15583.77075032954
 30
0.0
 40
255.0
  1
xB
100
AcDbAttribute
  2
TERMINAL_B
 70
0
280
1
 71
1
 72
0
  0
SEQEND
  5
2B3C
330
1F
100
AcDbEntity
  8
0
  0
INSERT
  5
2B3D
330
1F
100
AcDbEntity
  8
0
100
AcDbBlockReference
 66
1
  2
xTermSingleLayer
 10
77687.25977262655
 20
15403.84749429433
 30
0.0
 41
1.2
 42
1.2
 43
1.2
  0
ATTRIB
  5
2B3E
330
2B3D
100
AcDbEntity
  8
0
100
AcDbText
 10
78481.04970588499
 20
14939.65238951159
 30
0.0
 40
255.0
  1
xB
100
AcDbAttribute
  2
TERMINAL_B
 70
0
280
1
 71
1
 72
0
  0
SEQEND
  5
2B3F
330
1F
100
AcDbEntity
  8
0
  0
INSERT
  5
2B40
330
1F
100
AcDbEntity
  8
0
100
AcDbBlockReference
 66
1
  2
xTermSingleLayer
 10
77687.25977262655
 20
14759.72913347638
 30
0.0
 41
1.2
 42
1.2
 43
1.2
  0
ATTRIB
  5
2B41
330
2B40
100
AcDbEntity
  8
0
100
AcDbText
 10
78481.04970588499
 20
14295.53402869364
 30
0.0
 40
255.0
  1
xB
100
AcDbAttribute
  2
TERMINAL_B
 70
0
280
1
 71
1
 72
0
  0
SEQEND
  5
2B42
330
1F
100
AcDbEntity
  8
0
  0
INSERT
  5
2B43
330
1F
100
AcDbEntity
  8
0
100
AcDbBlockReference
 66
1
  2
xTermSingleLayer
 10
77687.25977262655
 20
14115.61077265843
 30
0.0
 41
1.2
 42
1.2
 43
1.2
  0
ATTRIB
  5
2B44
330
2B43
100
AcDbEntity
  8
0
100
AcDbText
 10
78481.04970588499
 20
13651.41566787568
 30
0.0
 40
255.0
  1
xB
100
AcDbAttribute
  2
TERMINAL_B
 70
0
280
1
 71
1
 72
0
  0
SEQEND
  5
2B45
330
1F
100
AcDbEntity
  8
0
  0
TEXT
  5
2B46
330
1F
100
AcDbEntity
  8
0
 62
4
100
AcDbText
 10
73884.7491953436
 20
23007.71437564803
 30
0.0
 40
310.896
  1
C1S8-1/ISBDO1-5
  7
Tahoma
100
AcDbText
  0
TEXT
  5
2B47
330
1F
100
AcDbEntity
  8
0
 62
4
100
AcDbText
 10
73884.7491953436
 20
22363.59601483008
 30
0.0
 40
310.896
  1
C1S8-1/ISBDO1-5
  7
Tahoma
100
AcDbText
  0
TEXT
  5
2B48
330
1F
100
AcDbEntity
  8
0
 62
4
100
AcDbText
 10
73884.7491953436
 20
21075.35929319417
 30
0.0
 40
310.896
  1
C1S8-1/ISBDO1-5
  7
Tahoma
100
AcDbText
  0
TEXT
  5
2B49
330
1F
100
AcDbEntity
  8
0
 62
4
100
AcDbText
 10
73884.7491953436
 20
20431.24093237622
 30
0.0
 40
310.896
  1
C1S8-1/ISBDO1-5
  7
Tahoma
100
AcDbText
  0
TEXT
  5
2B4A
330
1F
100
AcDbEntity
  8
0
 62
4
100
AcDbText
 10
73884.7491953436
 20
19143.00421074033
 30
0.0
 40
310.896
  1
C1S8-1/ISBDO1-5
  7
Tahoma
100
AcDbText
  0
TEXT
  5
2B4B
330
1F
100
AcDbEntity
  8
0
 62
4
100
AcDbText
 10
73884.7491953436
 20
18498.88584992237
 30
0.0
 40
310.896
  1
C1S8-1/ISBDO1-5
  7
Tahoma
100
AcDbText
  0
TEXT
  5
2B4C
330
1F
100
AcDbEntity
  8
0
 62
4
100
AcDbText
 10
73884.7491953436
 20
17210.64912828647
 30
0.0
 40
310.896
  1
C1S8-1/ISBDO1-5
  7
Tahoma
100
AcDbText
  0
TEXT
  5
2B4D
330
1F
100
AcDbEntity
  8
0
 62
4
100
AcDbText
 10
73884.7491953436
 20
16566.53076746852
 30
0.0
 40
310.896
  1
C1S8-1/ISBDO1-5
  7
Tahoma
100
AcDbText
  0
TEXT
  5
2B4E
330
1F
100
AcDbEntity
  8
0
 62
4
100
AcDbText
 10
73884.7491953436
 20
15278.29404583262
 30
0.0
 40
310.896
  1
C1S8-1/ISBDO1-5
  7
Tahoma
100
AcDbText
  0
TEXT
  5
2B4F
330
1F
100
AcDbEntity
  8
0
 62
4
100
AcDbText
 10
73884.7491953436
 20
14634.17568501467
 30
0.0
 40
310.896
  1
C1S8-1/ISBDO1-5
  7
Tahoma
100
AcDbText
  0
TEXT
  5
2B50
330
1F
100
AcDbEntity
  8
0
 62
4
100
AcDbText
 10
73884.7491953436
 20
13990.05732419672
 30
0.0
 40
310.896
  1
C1S8-1/ISBDO1-5
  7
Tahoma
100
AcDbText
  0
ARC
  5
2B51
330
1F
100
AcDbEntity
  8
IE-WIRE
 62
4
 48
25.39999961853027
100
AcDbCircle
 10
70335.35075087905
 20
13046.48074162971
 30
0.0
 40
336.0
100
AcDbArc
 50
270.0
 51
0.0
  0
INSERT
  5
304C
330
1F
100
AcDbEntity
  8
0
100
AcDbBlockReference
 66
1
  2
xDO_3_Term
 10
91504.87176797121
 20
61564.08684866344
 30
0.0
 41
0.75
 42
0.75
 43
0.75
  0
ATTRIB
  5
304D
330
304C
100
AcDbEntity
  8
0
100
AcDbText
 10
92212.23786524366
 20
62377.56262274813
 30
0.0
 40
187.5
  1
XV-40201E
100
AcDbAttribute
  2
TAG
 70
0
280
1
 71
1
 72
0
1001
AcadAnnotative
1000
AnnotativeData
1002
{
1070
1
1070
0
1002
}
  0
ATTRIB
  5
304E
330
304C
100
AcDbEntity
  8
0
100
AcDbText
 10
92212.23786524366
 20
62015.24604478796
 30
0.0
 40
187.5
  1

100
AcDbAttribute
  2
Description
 70
0
280
1
 71
1
 72
0
1001
AcadAnnotative
1000
AnnotativeData
1002
{
1070
1
1070
0
1002
}
  0
ATTRIB
  5
304F
330
304C
100
AcDbEntity
  8
0
100
AcDbText
 10
92212.23786524366
 20
61652.92946682779
 30
0.0
 40
187.5
  1
C1S9-1
100
AcDbAttribute
  2
PLC_POINT
 70
0
280
1
 71
1
 72
0
1001
AcadAnnotative
1000
AnnotativeData
1002
{
1070
1
1070
0
1002
}
  0
SEQEND
  5
3050
330
1F
100
AcDbEntity
  8
0
  0
INSERT
  5
3085
330
1F
100
AcDbEntity
  8
0
100
AcDbBlockReference
 66
1
  2
xDO_3_Term
 10
91504.87176797121
 20
60114.82053682279
 30
0.0
 41
0.75
 42
0.75
 43
0.75
  0
ATTRIB
  5
3086
330
3085
100
AcDbEntity
  8
0
100
AcDbText
 10
92212.23786524366
 20
60928.29631090746
 30
0.0
 40
187.5
  1
XV-40201F
100
AcDbAttribute
  2
TAG
 70
0
280
1
 71
1
 72
0
1001
AcadAnnotative
1000
AnnotativeData
1002
{
1070
1
1070
0
1002
}
  0
ATTRIB
  5
3087
330
3085
100
AcDbEntity
  8
0
100
AcDbText
 10
92212.23786524366
 20
60565.97973294729
 30
0.0
 40
187.5
  1

100
AcDbAttribute
  2
Description
 70
0
280
1
 71
1
 72
0
1001
AcadAnnotative
1000
AnnotativeData
1002
{
1070
1
1070
0
1002
}
  0
ATTRIB
  5
3088
330
3085
100
AcDbEntity
  8
0
100
AcDbText
 10
92212.23786524366
 20
60203.66315498712
 30
0.0
 40
187.5
  1
C1S9-2
100
AcDbAttribute
  2
PLC_POINT
 70
0
280
1
 71
1
 72
0
1001
AcadAnnotative
1000
AnnotativeData
1002
{
1070
1
1070
0
1002
}
  0
SEQEND
  5
3089
330
1F
100
AcDbEntity
  8
0
  0
INSERT
  5
30BE
330
1F
100
AcDbEntity
  8
0
100
AcDbBlockReference
 66
1
  2
xDO_3_Term
 10
91504.87176797121
 20
58665.55422498213
 30
0.0
 41
0.75
 42
0.75
 43
0.75
  0
ATTRIB
  5
30BF
330
30BE
100
AcDbEntity
  8
0
100
AcDbText
 10
92212.23786524366
 20
59479.02999906679
 30
0.0
 40
187.5
  1
XV-40201G
100
AcDbAttribute
  2
TAG
 70
0
280
1
 71
1
 72
0
1001
AcadAnnotative
1000
AnnotativeData
1002
{
1070
1
1070
0
1002
}
  0
ATTRIB
  5
30C0
330
30BE
100
AcDbEntity
  8
0
100
AcDbText
 10
92212.23786524366
 20
59116.71342110663
 30
0.0
 40
187.5
  1

100
AcDbAttribute
  2
Description
 70
0
280
1
 71
1
 72
0
1001
AcadAnnotative
1000
AnnotativeData
1002
{
1070
1
1070
0
1002
}
  0
ATTRIB
  5
30C1
330
30BE
100
AcDbEntity
  8
0
100
AcDbText
 10
92212.23786524366
 20
58754.39684314646
 30
0.0
 40
187.5
  1
C1S9-3
100
AcDbAttribute
  2
PLC_POINT
 70
0
280
1
 71
1
 72
0
1001
AcadAnnotative
1000
AnnotativeData
1002
{
1070
1
1070
0
1002
}
  0
SEQEND
  5
30C2
330
1F
100
AcDbEntity
  8
0
  0
INSERT
  5
3130
330
1F
100
AcDbEntity
  8
0
100
AcDbBlockReference
 66
1
  2
xDO_3_Term
 10
91504.87176797121
 20
57216.28791314147
 30
0.0
 41
0.75
 42
0.75
 43
0.75
  0
ATTRIB
  5
3131
330
3130
100
AcDbEntity
  8
0
100
AcDbText
 10
92212.23786524366
 20
58029.76368722613
 30
0.0
 40
187.5
  1
XV-40201H
100
AcDbAttribute
  2
TAG
 70
0
280
1
 71
1
 72
0
1001
AcadAnnotative
1000
AnnotativeData
1002
{
1070
1
1070
0
1002
}
  0
ATTRIB
  5
3132
330
3130
100
AcDbEntity
  8
0
100
AcDbText
 10
92212.23786524366
 20
57667.44710926597
 30
0.0
 40
187.5
  1

100
AcDbAttribute
  2
Description
 70
0
280
1
 71
1
 72
0
1001
AcadAnnotative
1000
AnnotativeData
1002
{
1070
1
1070
0
1002
}
  0
ATTRIB
  5
3133
330
3130
100
AcDbEntity
  8
0
100
AcDbText
 10
92212.23786524366
 20
57305.1305313058
 30
0.0
 40
187.5
  1
C1S9-4
100
AcDbAttribute
  2
PLC_POINT
 70
0
280
1
 71
1
 72
0
1001
AcadAnnotative
1000
AnnotativeData
1002
{
1070
1
1070
0
1002
}
  0
SEQEND
  5
3134
330
1F
100
AcDbEntity
  8
0
  0
INSERT
  5
3178
330
1F
100
AcDbEntity
  8
0
100
AcDbBlockReference
 66
1
  2
xDO_3_Term
 10
91504.87176797121
 20
55404.70502334063
 30
0.0
 41
0.75
 42
0.75
 43
0.75
  0
ATTRIB
  5
3179
330
3178
100
AcDbEntity
  8
0
100
AcDbText
 10
92212.23786524366
 20
56218.1807974253
 30
0.0
 40
187.5
  1
XV-40202A
100
AcDbAttribute
  2
TAG
 70
0
280
1
 71
1
 72
0
1001
AcadAnnotative
1000
AnnotativeData
1002
{
1070
1
1070
0
1002
}
  0
ATTRIB
  5
317A
330
3178
100
AcDbEntity
  8
0
100
AcDbText
 10
92212.23786524366
 20
55855.86421946513
 30
0.0
 40
187.5
  1

100
AcDbAttribute
  2
Description
 70
0
280
1
 71
1
 72
0
1001
AcadAnnotative
1000
AnnotativeData
1002
{
1070
1
1070
0
1002
}
  0
ATTRIB
  5
317B
330
3178
100
AcDbEntity
  8
0
100
AcDbText
 10
92212.23786524366
 20
55493.54764150496
 30
0.0
 40
187.5
  1
C1S9-5
100
AcDbAttribute
  2
PLC_POINT
 70
0
280
1
 71
1
 72
0
1001
AcadAnnotative
1000
AnnotativeData
1002
{
1070
1
1070
0
1002
}
  0
SEQEND
  5
317C
330
1F
100
AcDbEntity
  8
0
  0
INSERT
  5
317D
330
1F
100
AcDbEntity
  8
0
100
AcDbBlockReference
 66
1
  2
xDO_3_Term
 10
91504.87176797121
 20
53955.43871149997
 30
0.0
 41
0.75
 42
0.75
 43
0.75
  0
ATTRIB
  5
317E
330
317D
100
AcDbEntity
  8
0
100
AcDbText
 10
92212.23786524366
 20
54768.91448558464
 30
0.0
 40
187.5
  1
XV-40202B
100
AcDbAttribute
  2
TAG
 70
0
280
1
 71
1
 72
0
1001
AcadAnnotative
1000
AnnotativeData
1002
{
1070
1
1070
0
1002
}
  0
ATTRIB
  5
317F
330
317D
100
AcDbEntity
  8
0
100
AcDbText
 10
92212.23786524366
 20
54406.59790762447
 30
0.0
 40
187.5
  1

100
AcDbAttribute
  2
Description
 70
0
280
1
 71
1
 72
0
1001
AcadAnnotative
1000
AnnotativeData
1002
{
1070
1
1070
0
1002
}
  0
ATTRIB
  5
3180
330
317D
100
AcDbEntity
  8
0
100
AcDbText
 10
92212.23786524366
 20
54044.2813296643
 30
0.0
 40
187.5
  1
C1S9-6
100
AcDbAttribute
  2
PLC_POINT
 70
0
280
1
 71
1
 72
0
1001
AcadAnnotative
1000
AnnotativeData
1002
{
1070
1
1070
0
1002
}
  0
SEQEND
  5
3181
330
1F
100
AcDbEntity
  8
0
  0
INSERT
  5
3182
330
1F
100
AcDbEntity
  8
0
100
AcDbBlockReference
 66
1
  2
xDO_3_Term
 10
91504.87176797121
 20
52506.17239965931
 30
0.0
 41
0.75
 42
0.75
 43
0.75
  0
ATTRIB
  5
3183
330
3182
100
AcDbEntity
  8
0
100
AcDbText
 10
92212.23786524366
 20
53319.64817374398
 30
0.0
 40
187.5
  1
XV-40202C
100
AcDbAttribute
  2
TAG
 70
0
280
1
 71
1
 72
0
1001
AcadAnnotative
1000
AnnotativeData
1002
{
1070
1
1070
0
1002
}
  0
ATTRIB
  5
3184
330
3182
100
AcDbEntity
  8
0
100
AcDbText
 10
92212.23786524366
 20
52957.33159578381
 30
0.0
 40
187.5
  1

100
AcDbAttribute
  2
Description
 70
0
280
1
 71
1
 72
0
1001
AcadAnnotative
1000
AnnotativeData
1002
{
1070
1
1070
0
1002
}
  0
ATTRIB
  5
3185
330
3182
100
AcDbEntity
  8
0
100
AcDbText
 10
92212.23786524366
 20
52595.01501782364
 30
0.0
 40
187.5
  1
C1S9-7
100
AcDbAttribute
  2
PLC_POINT
 70
0
280
1
 71
1
 72
0
1001
AcadAnnotative
1000
AnnotativeData
1002
{
1070
1
1070
0
1002
}
  0
SEQEND
  5
3186
330
1F
100
AcDbEntity
  8
0
  0
INSERT
  5
3187
330
1F
100
AcDbEntity
  8
0
100
AcDbBlockReference
 66
1
  2
xDO_3_Term
 10
91504.87176797121
 20
51056.90608781864
 30
0.0
 41
0.75
 42
0.75
 43
0.75
  0
ATTRIB
  5
3188
330
3187
100
AcDbEntity
  8
0
100
AcDbText
 10
92212.23786524366
 20
51870.38186190331
 30
0.0
 40
187.5
  1
XV-40202D
100
AcDbAttribute
  2
TAG
 70
0
280
1
 71
1
 72
0
1001
AcadAnnotative
1000
AnnotativeData
1002
{
1070
1
1070
0
1002
}
  0
ATTRIB
  5
3189
330
3187
100
AcDbEntity
  8
0
100
AcDbText
 10
92212.23786524366
 20
51508.06528394314
 30
0.0
 40
187.5
  1

100
AcDbAttribute
  2
Description
 70
0
280
1
 71
1
 72
0
1001
AcadAnnotative
1000
AnnotativeData
1002
{
1070
1
1070
0
1002
}
  0
ATTRIB
  5
318A
330
3187
100
AcDbEntity
  8
0
100
AcDbText
 10
92212.23786524366
 20
51145.74870598297
 30
0.0
 40
187.5
  1
C1S9-8
100
AcDbAttribute
  2
PLC_POINT
 70
0
280
1
 71
1
 72
0
1001
AcadAnnotative
1000
AnnotativeData
1002
{
1070
1
1070
0
1002
}
  0
SEQEND
  5
318B
330
1F
100
AcDbEntity
  8
0
  0
INSERT
  5
3226
330
1F
100
AcDbEntity
  8
0
100
AcDbBlockReference
 66
1
  2
xDO_3_Term
 10
91504.87176797121
 20
49245.32319801782
 30
0.0
 41
0.75
 42
0.75
 43
0.75
  0
ATTRIB
  5
3227
330
3226
100
AcDbEntity
  8
0
100
AcDbText
 10
92212.23786524366
 20
50058.79897210248
 30
0.0
 40
187.5
  1
SPARE_8
100
AcDbAttribute
  2
TAG
 70
0
280
1
 71
1
 72
0
1001
AcadAnnotative
1000
AnnotativeData
1002
{
1070
1
1070
0
1002
}
  0
ATTRIB
  5
3228
330
3226
100
AcDbEntity
  8
0
100
AcDbText
 10
92212.23786524366
 20
49696.48239414231
 30
0.0
 40
187.5
  1
Spare Reserve Channel
100
AcDbAttribute
  2
Description
 70
0
280
1
 71
1
 72
0
1001
AcadAnnotative
1000
AnnotativeData
1002
{
1070
1
1070
0
1002
}
  0
ATTRIB
  5
3229
330
3226
100
AcDbEntity
  8
0
100
AcDbText
 10
92212.23786524366
 20
49334.16581618215
 30
0.0
 40
187.5
  1
C1S9-9
100
AcDbAttribute
  2
PLC_POINT
 70
0
280
1
 71
1
 72
0
1001
AcadAnnotative
1000
AnnotativeData
1002
{
1070
1
1070
0
1002
}
  0
SEQEND
  5
322A
330
1F
100
AcDbEntity
  8
0
  0
INSERT
  5
322B
330
1F
100
AcDbEntity
  8
0
100
AcDbBlockReference
 66
1
  2
xDO_3_Term
 10
91504.87176797121
 20
47796.05688617715
 30
0.0
 41
0.75
 42
0.75
 43
0.75
  0
ATTRIB
  5
322C
330
322B
100
AcDbEntity
  8
0
100
AcDbText
 10
92212.23786524366
 20
48609.53266026182
 30
0.0
 40
187.5
  1
SPARE_9
100
AcDbAttribute
  2
TAG
 70
0
280
1
 71
1
 72
0
1001
AcadAnnotative
1000
AnnotativeData
1002
{
1070
1
1070
0
1002
}
  0
ATTRIB
  5
322D
330
322B
100
AcDbEntity
  8
0
100
AcDbText
 10
92212.23786524366
 20
48247.21608230165
 30
0.0
 40
187.5
  1
Spare Reserve Channel
100
AcDbAttribute
  2
Description
 70
0
280
1
 71
1
 72
0
1001
AcadAnnotative
1000
AnnotativeData
1002
{
1070
1
1070
0
1002
}
  0
ATTRIB
  5
322E
330
322B
100
AcDbEntity
  8
0
100
AcDbText
 10
92212.23786524366
 20
47884.89950434148
 30
0.0
 40
187.5
  1
C1S9-10
100
AcDbAttribute
  2
PLC_POINT
 70
0
280
1
 71
1
 72
0
1001
AcadAnnotative
1000
AnnotativeData
1002
{
1070
1
1070
0
1002
}
  0
SEQEND
  5
322F
330
1F
100
AcDbEntity
  8
0
  0
INSERT
  5
3230
330
1F
100
AcDbEntity
  8
0
100
AcDbBlockReference
 66
1
  2
xDO_3_Term
 10
91504.87176797121
 20
46346.79057433649
 30
0.0
 41
0.75
 42
0.75
 43
0.75
  0
ATTRIB
  5
3231
330
3230
100
AcDbEntity
  8
0
100
AcDbText
 10
92212.23786524366
 20
47160.26634842115
 30
0.0
 40
187.5
  1
SPARE_10
100
AcDbAttribute
  2
TAG
 70
0
280
1
 71
1
 72
0
1001
AcadAnnotative
1000
AnnotativeData
1002
{
1070
1
1070
0
1002
}
  0
ATTRIB
  5
3232
330
3230
100
AcDbEntity
  8
0
100
AcDbText
 10
92212.23786524366
 20
46797.94977046098
 30
0.0
 40
187.5
  1
Spare Reserve Channel
100
AcDbAttribute
  2
Description
 70
0
280
1
 71
1
 72
0
1001
AcadAnnotative
1000
AnnotativeData
1002
{
1070
1
1070
0
1002
}
  0
ATTRIB
  5
3233
330
3230
100
AcDbEntity
  8
0
100
AcDbText
 10
92212.23786524366
 20
46435.63319250082
 30
0.0
 40
187.5
  1
C1S9-11
100
AcDbAttribute
  2
PLC_POINT
 70
0
280
1
 71
1
 72
0
1001
AcadAnnotative
1000
AnnotativeData
1002
{
1070
1
1070
0
1002
}
  0
SEQEND
  5
3234
330
1F
100
AcDbEntity
  8
0
  0
INSERT
  5
3235
330
1F
100
AcDbEntity
  8
0
100
AcDbBlockReference
 66
1
  2
xDO_3_Term
 10
91504.87176797121
 20
44897.52426249583
 30
0.0
 41
0.75
 42
0.75
 43
0.75
  0
ATTRIB
  5
3236
330
3235
100
AcDbEntity
  8
0
100
AcDbText
 10
92212.23786524366
 20
45711.00003658049
 30
0.0
 40
187.5
  1
SPARE_11
100
AcDbAttribute
  2
TAG
 70
0
280
1
 71
1
 72
0
1001
AcadAnnotative
1000
AnnotativeData
1002
{
1070
1
1070
0
1002
}
  0
ATTRIB
  5
3237
330
3235
100
AcDbEntity
  8
0
100
AcDbText
 10
92212.23786524366
 20
45348.68345862032
 30
0.0
 40
187.5
  1
Spare Reserve Channel
100
AcDbAttribute
  2
Description
 70
0
280
1
 71
1
 72
0
1001
AcadAnnotative
1000
AnnotativeData
1002
{
1070
1
1070
0
1002
}
  0
ATTRIB
  5
3238
330
3235
100
AcDbEntity
  8
0
100
AcDbText
 10
92212.23786524366
 20
44986.36688066016
 30
0.0
 40
187.5
  1
C1S9-12
100
AcDbAttribute
  2
PLC_POINT
 70
0
280
1
 71
1
 72
0
1001
AcadAnnotative
1000
AnnotativeData
1002
{
1070
1
1070
0
1002
}
  0
SEQEND
  5
3239
330
1F
100
AcDbEntity
  8
0
  0
INSERT
  5
327D
330
1F
100
AcDbEntity
  8
0
100
AcDbBlockReference
 66
1
  2
xDO_3_Term
 10
91504.87176797121
 20
43085.941372695
 30
0.0
 41
0.75
 42
0.75
 43
0.75
  0
ATTRIB
  5
327E
330
327D
100
AcDbEntity
  8
0
100
AcDbText
 10
92212.23786524366
 20
43899.41714677966
 30
0.0
 40
187.5
  1
SPARE_12
100
AcDbAttribute
  2
TAG
 70
0
280
1
 71
1
 72
0
1001
AcadAnnotative
1000
AnnotativeData
1002
{
1070
1
1070
0
1002
}
  0
ATTRIB
  5
327F
330
327D
100
AcDbEntity
  8
0
100
AcDbText
 10
92212.23786524366
 20
43537.1005688195
 30
0.0
 40
187.5
  1
Spare Reserve Channel
100
AcDbAttribute
  2
Description
 70
0
280
1
 71
1
 72
0
1001
AcadAnnotative
1000
AnnotativeData
1002
{
1070
1
1070
0
1002
}
  0
ATTRIB
  5
3280
330
327D
100
AcDbEntity
  8
0
100
AcDbText
 10
92212.23786524366
 20
43174.78399085933
 30
0.0
 40
187.5
  1
C1S9-13
100
AcDbAttribute
  2
PLC_POINT
 70
0
280
1
 71
1
 72
0
1001
AcadAnnotative
1000
AnnotativeData
1002
{
1070
1
1070
0
1002
}
  0
SEQEND
  5
3281
330
1F
100
AcDbEntity
  8
0
  0
INSERT
  5
3282
330
1F
100
AcDbEntity
  8
0
100
AcDbBlockReference
 66
1
  2
xDO_3_Term
 10
91504.87176797121
 20
41636.67506085433
 30
0.0
 41
0.75
 42
0.75
 43
0.75
  0
ATTRIB
  5
3283
330
3282
100
AcDbEntity
  8
0
100
AcDbText
 10
92212.23786524366
 20
42450.15083493899
 30
0.0
 40
187.5
  1
SPARE_13
100
AcDbAttribute
  2
TAG
 70
0
280
1
 71
1
 72
0
1001
AcadAnnotative
1000
AnnotativeData
1002
{
1070
1
1070
0
1002
}
  0
ATTRIB
  5
3284
330
3282
100
AcDbEntity
  8
0
100
AcDbText
 10
92212.23786524366
 20
42087.83425697883
 30
0.0
 40
187.5
  1
Spare Reserve Channel
100
AcDbAttribute
  2
Description
 70
0
280
1
 71
1
 72
0
1001
AcadAnnotative
1000
AnnotativeData
1002
{
1070
1
1070
0
1002
}
  0
ATTRIB
  5
3285
330
3282
100
AcDbEntity
  8
0
100
AcDbText
 10
92212.23786524366
 20
41725.51767901867
 30
0.0
 40
187.5
  1
C1S9-14
100
AcDbAttribute
  2
PLC_POINT
 70
0
280
1
 71
1
 72
0
1001
AcadAnnotative
1000
AnnotativeData
1002
{
1070
1
1070
0
1002
}
  0
SEQEND
  5
3286
330
1F
100
AcDbEntity
  8
0
  0
INSERT
  5
3287
330
1F
100
AcDbEntity
  8
0
100
AcDbBlockReference
 66
1
  2
xDO_3_Term
 10
91504.87176797121
 20
40187.40874901367
 30
0.0
 41
0.75
 42
0.75
 43
0.75
  0
ATTRIB
  5
3288
330
3287
100
AcDbEntity
  8
0
100
AcDbText
 10
92212.23786524366
 20
41000.88452309833
 30
0.0
 40
187.5
  1
SPARE_14
100
AcDbAttribute
  2
TAG
 70
0
280
1
 71
1
 72
0
1001
AcadAnnotative
1000
AnnotativeData
1002
{
1070
1
1070
0
1002
}
  0
ATTRIB
  5
3289
330
3287
100
AcDbEntity
  8
0
100
AcDbText
 10
92212.23786524366
 20
40638.56794513817
 30
0.0
 40
187.5
  1
Spare Reserve Channel
100
AcDbAttribute
  2
Description
 70
0
280
1
 71
1
 72
0
1001
AcadAnnotative
1000
AnnotativeData
1002
{
1070
1
1070
0
1002
}
  0
ATTRIB
  5
328A
330
3287
100
AcDbEntity
  8
0
100
AcDbText
 10
92212.23786524366
 20
40276.25136717801
 30
0.0
 40
187.5
  1
C1S9-15
100
AcDbAttribute
  2
PLC_POINT
 70
0
280
1
 71
1
 72
0
1001
AcadAnnotative
1000
AnnotativeData
1002
{
1070
1
1070
0
1002
}
  0
SEQEND
  5
328B
330
1F
100
AcDbEntity
  8
0
  0
INSERT
  5
328C
330
1F
100
AcDbEntity
  8
0
100
AcDbBlockReference
 66
1
  2
xDO_3_Term
 10
91504.87176797121
 20
38738.14243717301
 30
0.0
 41
0.75
 42
0.75
 43
0.75
  0
ATTRIB
  5
328D
330
328C
100
AcDbEntity
  8
0
100
AcDbText
 10
92212.23786524366
 20
39551.61821125767
 30
0.0
 40
187.5
  1
SPARE_15
100
AcDbAttribute
  2
TAG
 70
0
280
1
 71
1
 72
0
1001
AcadAnnotative
1000
AnnotativeData
1002
{
1070
1
1070
0
1002
}
  0
ATTRIB
  5
328E
330
328C
100
AcDbEntity
  8
0
100
AcDbText
 10
92212.23786524366
 20
39189.3016332975
 30
0.0
 40
187.5
  1
Spare Reserve Channel
100
AcDbAttribute
  2
Description
 70
0
280
1
 71
1
 72
0
1001
AcadAnnotative
1000
AnnotativeData
1002
{
1070
1
1070
0
1002
}
  0
ATTRIB
  5
328F
330
328C
100
AcDbEntity
  8
0
100
AcDbText
 10
92212.23786524366
 20
38826.98505533734
 30
0.0
 40
187.5
  1
C1S9-16
100
AcDbAttribute
  2
PLC_POINT
 70
0
280
1
 71
1
 72
0
1001
AcadAnnotative
1000
AnnotativeData
1002
{
1070
1
1070
0
1002
}
  0
SEQEND
  5
3290
330
1F
100
AcDbEntity
  8
0
  0
INSERT
  5
3310
330
1F
100
AcDbEntity
  8
0
100
AcDbBlockReference
 66
1
  2
xDO_3_Term
 10
91504.87176797121
 20
36201.92639145185
 30
0.0
 41
0.75
 42
0.75
 43
0.75
  0
ATTRIB
  5
3311
330
3310
100
AcDbEntity
  8
0
100
AcDbText
 10
92212.23786524366
 20
37015.4021655365
 30
0.0
 40
187.5
  1
SV-60201
100
AcDbAttribute
  2
TAG
 70
0
280
1
 71
1
 72
0
1001
AcadAnnotative
1000
AnnotativeData
1002
{
1070
1
1070
0
1002
}
  0
ATTRIB
  5
3312
330
3310
100
AcDbEntity
  8
0
100
AcDbText
 10
92212.23786524366
 20
36653.08558757633
 30
0.0
 40
187.5
  1

100
AcDbAttribute
  2
Description
 70
0
280
1
 71
1
 72
0
1001
AcadAnnotative
1000
AnnotativeData
1002
{
1070
1
1070
0
1002
}
  0
ATTRIB
  5
3313
330
3310
100
AcDbEntity
  8
0
100
AcDbText
 10
92212.23786524366
 20
36290.76900961618
 30
0.0
 40
187.5
  1
C1S9-19
100
AcDbAttribute
  2
PLC_POINT
 70
0
280
1
 71
1
 72
0
1001
AcadAnnotative
1000
AnnotativeData
1002
{
1070
1
1070
0
1002
}
  0
SEQEND
  5
3314
330
1F
100
AcDbEntity
  8
0
  0
INSERT
  5
3315
330
1F
100
AcDbEntity
  8
0
100
AcDbBlockReference
 66
1
  2
xDO_3_Term
 10
91504.87176797121
 20
34752.66007961118
 30
0.0
 41
0.75
 42
0.75
 43
0.75
  0
ATTRIB
  5
3316
330
3315
100
AcDbEntity
  8
0
100
AcDbText
 10
92212.23786524366
 20
35566.13585369584
 30
0.0
 40
187.5
  1
SV-60202
100
AcDbAttribute
  2
TAG
 70
0
280
1
 71
1
 72
0
1001
AcadAnnotative
1000
AnnotativeData
1002
{
1070
1
1070
0
1002
}
  0
ATTRIB
  5
3317
330
3315
100
AcDbEntity
  8
0
100
AcDbText
 10
92212.23786524366
 20
35203.81927573567
 30
0.0
 40
187.5
  1

100
AcDbAttribute
  2
Description
 70
0
280
1
 71
1
 72
0
1001
AcadAnnotative
1000
AnnotativeData
1002
{
1070
1
1070
0
1002
}
  0
ATTRIB
  5
3318
330
3315
100
AcDbEntity
  8
0
100
AcDbText
 10
92212.23786524366
 20
34841.50269777551
 30
0.0
 40
187.5
  1
C1S9-20
100
AcDbAttribute
  2
PLC_POINT
 70
0
280
1
 71
1
 72
0
1001
AcadAnnotative
1000
AnnotativeData
1002
{
1070
1
1070
0
1002
}
  0
SEQEND
  5
3319
330
1F
100
AcDbEntity
  8
0
  0
INSERT
  5
331A
330
1F
100
AcDbEntity
  8
0
100
AcDbBlockReference
 66
1
  2
xDO_3_Term
 10
91504.87176797121
 20
33303.39376777052
 30
0.0
 41
0.75
 42
0.75
 43
0.75
  0
ATTRIB
  5
331B
330
331A
100
AcDbEntity
  8
0
100
AcDbText
 10
92212.23786524366
 20
34116.86954185517
 30
0.0
 40
187.5
  1
SV-60230
100
AcDbAttribute
  2
TAG
 70
0
280
1
 71
1
 72
0
1001
AcadAnnotative
1000
AnnotativeData
1002
{
1070
1
1070
0
1002
}
  0
ATTRIB
  5
331C
330
331A
100
AcDbEntity
  8
0
100
AcDbText
 10
92212.23786524366
 20
33754.55296389501
 30
0.0
 40
187.5
  1

100
AcDbAttribute
  2
Description
 70
0
280
1
 71
1
 72
0
1001
AcadAnnotative
1000
AnnotativeData
1002
{
1070
1
1070
0
1002
}
  0
ATTRIB
  5
331D
330
331A
100
AcDbEntity
  8
0
100
AcDbText
 10
92212.23786524366
 20
33392.23638593485
 30
0.0
 40
187.5
  1
C1S9-21
100
AcDbAttribute
  2
PLC_POINT
 70
0
280
1
 71
1
 72
0
1001
AcadAnnotative
1000
AnnotativeData
1002
{
1070
1
1070
0
1002
}
  0
SEQEND
  5
331E
330
1F
100
AcDbEntity
  8
0
  0
INSERT
  5
331F
330
1F
100
AcDbEntity
  8
0
100
AcDbBlockReference
 66
1
  2
xDO_3_Term
 10
91504.87176797121
 20
31854.12745592985
 30
0.0
 41
0.75
 42
0.75
 43
0.75
  0
ATTRIB
  5
3320
330
331F
100
AcDbEntity
  8
0
100
AcDbText
 10
92212.23786524366
 20
32667.60323001451
 30
0.0
 40
187.5
  1
SV-60203
100
AcDbAttribute
  2
TAG
 70
0
280
1
 71
1
 72
0
1001
AcadAnnotative
1000
AnnotativeData
1002
{
1070
1
1070
0
1002
}
  0
ATTRIB
  5
3321
330
331F
100
AcDbEntity
  8
0
100
AcDbText
 10
92212.23786524366
 20
32305.28665205434
 30
0.0
 40
187.5
  1

100
AcDbAttribute
  2
Description
 70
0
280
1
 71
1
 72
0
1001
AcadAnnotative
1000
AnnotativeData
1002
{
1070
1
1070
0
1002
}
  0
ATTRIB
  5
3322
330
331F
100
AcDbEntity
  8
0
100
AcDbText
 10
92212.23786524366
 20
31942.97007409418
 30
0.0
 40
187.5
  1
C1S9-22
100
AcDbAttribute
  2
PLC_POINT
 70
0
280
1
 71
1
 72
0
1001
AcadAnnotative
1000
AnnotativeData
1002
{
1070
1
1070
0
1002
}
  0
SEQEND
  5
3323
330
1F
100
AcDbEntity
  8
0
  0
INSERT
  5
3324
330
1F
100
AcDbEntity
  8
0
100
AcDbBlockReference
 66
1
  2
xDO_3_Term
 10
91504.87176797121
 20
30042.54456612902
 30
0.0
 41
0.75
 42
0.75
 43
0.75
  0
ATTRIB
  5
3325
330
3324
100
AcDbEntity
  8
0
100
AcDbText
 10
92212.23786524366
 20
30856.02034021368
 30
0.0
 40
187.5
  1
SV-60240A
100
AcDbAttribute
  2
TAG
 70
0
280
1
 71
1
 72
0
1001
AcadAnnotative
1000
AnnotativeData
1002
{
1070
1
1070
0
1002
}
  0
ATTRIB
  5
3326
330
3324
100
AcDbEntity
  8
0
100
AcDbText
 10
92212.23786524366
 20
30493.70376225352
 30
0.0
 40
187.5
  1

100
AcDbAttribute
  2
Description
 70
0
280
1
 71
1
 72
0
1001
AcadAnnotative
1000
AnnotativeData
1002
{
1070
1
1070
0
1002
}
  0
ATTRIB
  5
3327
330
3324
100
AcDbEntity
  8
0
100
AcDbText
 10
92212.23786524366
 20
30131.38718429336
 30
0.0
 40
187.5
  1
C1S9-23
100
AcDbAttribute
  2
PLC_POINT
 70
0
280
1
 71
1
 72
0
1001
AcadAnnotative
1000
AnnotativeData
1002
{
1070
1
1070
0
1002
}
  0
SEQEND
  5
3328
330
1F
100
AcDbEntity
  8
0
  0
INSERT
  5
3329
330
1F
100
AcDbEntity
  8
0
100
AcDbBlockReference
 66
1
  2
xDO_3_Term
 10
91504.87176797121
 20
28593.27825428836
 30
0.0
 41
0.75
 42
0.75
 43
0.75
  0
ATTRIB
  5
332A
330
3329
100
AcDbEntity
  8
0
100
AcDbText
 10
92212.23786524366
 20
29406.75402837302
 30
0.0
 40
187.5
  1
SV-60231
100
AcDbAttribute
  2
TAG
 70
0
280
1
 71
1
 72
0
1001
AcadAnnotative
1000
AnnotativeData
1002
{
1070
1
1070
0
1002
}
  0
ATTRIB
  5
332B
330
3329
100
AcDbEntity
  8
0
100
AcDbText
 10
92212.23786524366
 20
29044.43745041286
 30
0.0
 40
187.5
  1

100
AcDbAttribute
  2
Description
 70
0
280
1
 71
1
 72
0
1001
AcadAnnotative
1000
AnnotativeData
1002
{
1070
1
1070
0
1002
}
  0
ATTRIB
  5
332C
330
3329
100
AcDbEntity
  8
0
100
AcDbText
 10
92212.23786524366
 20
28682.12087245269
 30
0.0
 40
187.5
  1
C1S9-24
100
AcDbAttribute
  2
PLC_POINT
 70
0
280
1
 71
1
 72
0
1001
AcadAnnotative
1000
AnnotativeData
1002
{
1070
1
1070
0
1002
}
  0
SEQEND
  5
332D
330
1F
100
AcDbEntity
  8
0
  0
INSERT
  5
332E
330
1F
100
AcDbEntity
  8
0
100
AcDbBlockReference
 66
1
  2
xDO_3_Term
 10
91504.87176797121
 20
27144.01194244769
 30
0.0
 41
0.75
 42
0.75
 43
0.75
  0
ATTRIB
  5
332F
330
332E
100
AcDbEntity
  8
0
100
AcDbText
 10
92212.23786524366
 20
27957.48771653235
 30
0.0
 40
187.5
  1
SV-60240B
100
AcDbAttribute
  2
TAG
 70
0
280
1
 71
1
 72
0
1001
AcadAnnotative
1000
AnnotativeData
1002
{
1070
1
1070
0
1002
}
  0
ATTRIB
  5
3330
330
332E
100
AcDbEntity
  8
0
100
AcDbText
 10
92212.23786524366
 20
27595.17113857219
 30
0.0
 40
187.5
  1

100
AcDbAttribute
  2
Description
 70
0
280
1
 71
1
 72
0
1001
AcadAnnotative
1000
AnnotativeData
1002
{
1070
1
1070
0
1002
}
  0
ATTRIB
  5
3331
330
332E
100
AcDbEntity
  8
0
100
AcDbText
 10
92212.23786524366
 20
27232.85456061203
 30
0.0
 40
187.5
  1
C1S9-25
100
AcDbAttribute
  2
PLC_POINT
 70
0
280
1
 71
1
 72
0
1001
AcadAnnotative
1000
AnnotativeData
1002
{
1070
1
1070
0
1002
}
  0
SEQEND
  5
3332
330
1F
100
AcDbEntity
  8
0
  0
INSERT
  5
3333
330
1F
100
AcDbEntity
  8
0
100
AcDbBlockReference
 66
1
  2
xDO_3_Term
 10
91504.87176797121
 20
25694.74563060703
 30
0.0
 41
0.75
 42
0.75
 43
0.75
  0
ATTRIB
  5
3334
330
3333
100
AcDbEntity
  8
0
100
AcDbText
 10
92212.23786524366
 20
26508.22140469169
 30
0.0
 40
187.5
  1
SV-60240C
100
AcDbAttribute
  2
TAG
 70
0
280
1
 71
1
 72
0
1001
AcadAnnotative
1000
AnnotativeData
1002
{
1070
1
1070
0
1002
}
  0
ATTRIB
  5
3335
330
3333
100
AcDbEntity
  8
0
100
AcDbText
 10
92212.23786524366
 20
26145.90482673153
 30
0.0
 40
187.5
  1

100
AcDbAttribute
  2
Description
 70
0
280
1
 71
1
 72
0
1001
AcadAnnotative
1000
AnnotativeData
1002
{
1070
1
1070
0
1002
}
  0
ATTRIB
  5
3336
330
3333
100
AcDbEntity
  8
0
100
AcDbText
 10
92212.23786524366
 20
25783.58824877136
 30
0.0
 40
187.5
  1
C1S9-26
100
AcDbAttribute
  2
PLC_POINT
 70
0
280
1
 71
1
 72
0
1001
AcadAnnotative
1000
AnnotativeData
1002
{
1070
1
1070
0
1002
}
  0
SEQEND
  5
3337
330
1F
100
AcDbEntity
  8
0
  0
INSERT
  5
3338
330
1F
100
AcDbEntity
  8
0
100
AcDbBlockReference
 66
1
  2
xDO_3_Term
 10
91504.87176797121
 20
23883.1627408062
 30
0.0
 41
0.75
 42
0.75
 43
0.75
  0
ATTRIB
  5
3339
330
3338
100
AcDbEntity
  8
0
100
AcDbText
 10
92212.23786524366
 20
24696.63851489087
 30
0.0
 40
187.5
  1
XV-60240D
100
AcDbAttribute
  2
TAG
 70
0
280
1
 71
1
 72
0
1001
AcadAnnotative
1000
AnnotativeData
1002
{
1070
1
1070
0
1002
}
  0
ATTRIB
  5
333A
330
3338
100
AcDbEntity
  8
0
100
AcDbText
 10
92212.23786524366
 20
24334.3219369307
 30
0.0
 40
187.5
  1
#N/A
100
AcDbAttribute
  2
Description
 70
0
280
1
 71
1
 72
0
1001
AcadAnnotative
1000
AnnotativeData
1002
{
1070
1
1070
0
1002
}
  0
ATTRIB
  5
333B
330
3338
100
AcDbEntity
  8
0
100
AcDbText
 10
92212.23786524366
 20
23972.00535897053
 30
0.0
 40
187.5
  1
C1S9-27
100
AcDbAttribute
  2
PLC_POINT
 70
0
280
1
 71
1
 72
0
1001
AcadAnnotative
1000
AnnotativeData
1002
{
1070
1
1070
0
1002
}
  0
SEQEND
  5
333C
330
1F
100
AcDbEntity
  8
0
  0
INSERT
  5
333D
330
1F
100
AcDbEntity
  8
0
100
AcDbBlockReference
 66
1
  2
xDO_3_Term
 10
91504.87176797121
 20
22433.89642896554
 30
0.0
 41
0.75
 42
0.75
 43
0.75
  0
ATTRIB
  5
333E
330
333D
100
AcDbEntity
  8
0
100
AcDbText
 10
92212.23786524366
 20
23247.3722030502
 30
0.0
 40
187.5
  1
XV-60251
100
AcDbAttribute
  2
TAG
 70
0
280
1
 71
1
 72
0
1001
AcadAnnotative
1000
AnnotativeData
1002
{
1070
1
1070
0
1002
}
  0
ATTRIB
  5
333F
330
333D
100
AcDbEntity
  8
0
100
AcDbText
 10
92212.23786524366
 20
22885.05562509004
 30
0.0
 40
187.5
  1

100
AcDbAttribute
  2
Description
 70
0
280
1
 71
1
 72
0
1001
AcadAnnotative
1000
AnnotativeData
1002
{
1070
1
1070
0
1002
}
  0
ATTRIB
  5
3340
330
333D
100
AcDbEntity
  8
0
100
AcDbText
 10
92212.23786524366
 20
22522.73904712987
 30
0.0
 40
187.5
  1
C1S9-28
100
AcDbAttribute
  2
PLC_POINT
 70
0
280
1
 71
1
 72
0
1001
AcadAnnotative
1000
AnnotativeData
1002
{
1070
1
1070
0
1002
}
  0
SEQEND
  5
3341
330
1F
100
AcDbEntity
  8
0
  0
INSERT
  5
3342
330
1F
100
AcDbEntity
  8
0
100
AcDbBlockReference
 66
1
  2
xDO_3_Term
 10
91504.87176797121
 20
20984.63011712488
 30
0.0
 41
0.75
 42
0.75
 43
0.75
  0
ATTRIB
  5
3343
330
3342
100
AcDbEntity
  8
0
100
AcDbText
 10
92212.23786524366
 20
21798.10589120954
 30
0.0
 40
187.5
  1
XV-60202
100
AcDbAttribute
  2
TAG
 70
0
280
1
 71
1
 72
0
1001
AcadAnnotative
1000
AnnotativeData
1002
{
1070
1
1070
0
1002
}
  0
ATTRIB
  5
3344
330
3342
100
AcDbEntity
  8
0
100
AcDbText
 10
92212.23786524366
 20
21435.78931324937
 30
0.0
 40
187.5
  1

100
AcDbAttribute
  2
Description
 70
0
280
1
 71
1
 72
0
1001
AcadAnnotative
1000
AnnotativeData
1002
{
1070
1
1070
0
1002
}
  0
ATTRIB
  5
3345
330
3342
100
AcDbEntity
  8
0
100
AcDbText
 10
92212.23786524366
 20
21073.47273528921
 30
0.0
 40
187.5
  1
C1S9-29
100
AcDbAttribute
  2
PLC_POINT
 70
0
280
1
 71
1
 72
0
1001
AcadAnnotative
1000
AnnotativeData
1002
{
1070
1
1070
0
1002
}
  0
SEQEND
  5
3346
330
1F
100
AcDbEntity
  8
0
  0
INSERT
  5
3347
330
1F
100
AcDbEntity
  8
0
100
AcDbBlockReference
 66
1
  2
xDO_3_Term
 10
91504.87176797121
 20
19535.36380528421
 30
0.0
 41
0.75
 42
0.75
 43
0.75
  0
ATTRIB
  5
3348
330
3347
100
AcDbEntity
  8
0
100
AcDbText
 10
92212.23786524366
 20
20348.83957936887
 30
0.0
 40
187.5
  1
XV-60205A
100
AcDbAttribute
  2
TAG
 70
0
280
1
 71
1
 72
0
1001
AcadAnnotative
1000
AnnotativeData
1002
{
1070
1
1070
0
1002
}
  0
ATTRIB
  5
3349
330
3347
100
AcDbEntity
  8
0
100
AcDbText
 10
92212.23786524366
 20
19986.52300140871
 30
0.0
 40
187.5
  1

100
AcDbAttribute
  2
Description
 70
0
280
1
 71
1
 72
0
1001
AcadAnnotative
1000
AnnotativeData
1002
{
1070
1
1070
0
1002
}
  0
ATTRIB
  5
334A
330
3347
100
AcDbEntity
  8
0
100
AcDbText
 10
92212.23786524366
 20
19624.20642344854
 30
0.0
 40
187.5
  1
C1S9-30
100
AcDbAttribute
  2
PLC_POINT
 70
0
280
1
 71
1
 72
0
1001
AcadAnnotative
1000
AnnotativeData
1002
{
1070
1
1070
0
1002
}
  0
SEQEND
  5
334B
330
1F
100
AcDbEntity
  8
0
  0
INSERT
  5
334C
330
1F
100
AcDbEntity
  8
0
100
AcDbBlockReference
 66
1
  2
xDO_3_Term
 10
91504.87176797121
 20
17723.78091548338
 30
0.0
 41
0.75
 42
0.75
 43
0.75
  0
ATTRIB
  5
334D
330
334C
100
AcDbEntity
  8
0
100
AcDbText
 10
92212.23786524366
 20
18537.25668956804
 30
0.0
 40
187.5
  1
SPARE_28
100
AcDbAttribute
  2
TAG
 70
0
280
1
 71
1
 72
0
1001
AcadAnnotative
1000
AnnotativeData
1002
{
1070
1
1070
0
1002
}
  0
ATTRIB
  5
334E
330
334C
100
AcDbEntity
  8
0
100
AcDbText
 10
92212.23786524366
 20
18174.94011160788
 30
0.0
 40
187.5
  1
Spare Reserve Channel
100
AcDbAttribute
  2
Description
 70
0
280
1
 71
1
 72
0
1001
AcadAnnotative
1000
AnnotativeData
1002
{
1070
1
1070
0
1002
}
  0
ATTRIB
  5
334F
330
334C
100
AcDbEntity
  8
0
100
AcDbText
 10
92212.23786524366
 20
17812.62353364771
 30
0.0
 40
187.5
  1
C1S9-31
100
AcDbAttribute
  2
PLC_POINT
 70
0
280
1
 71
1
 72
0
1001
AcadAnnotative
1000
AnnotativeData
1002
{
1070
1
1070
0
1002
}
  0
SEQEND
  5
3350
330
1F
100
AcDbEntity
  8
0
  0
INSERT
  5
3351
330
1F
100
AcDbEntity
  8
0
100
AcDbBlockReference
 66
1
  2
xDO_3_Term
 10
91504.87176797121
 20
16274.51460364272
 30
0.0
 41
0.75
 42
0.75
 43
0.75
  0
ATTRIB
  5
3352
330
3351
100
AcDbEntity
  8
0
100
AcDbText
 10
92212.23786524366
 20
17087.99037772738
 30
0.0
 40
187.5
  1
SPARE_29
100
AcDbAttribute
  2
TAG
 70
0
280
1
 71
1
 72
0
1001
AcadAnnotative
1000
AnnotativeData
1002
{
1070
1
1070
0
1002
}
  0
ATTRIB
  5
3353
330
3351
100
AcDbEntity
  8
0
100
AcDbText
 10
92212.23786524366
 20
16725.67379976721
 30
0.0
 40
187.5
  1
Spare Reserve Channel
100
AcDbAttribute
  2
Description
 70
0
280
1
 71
1
 72
0
1001
AcadAnnotative
1000
AnnotativeData
1002
{
1070
1
1070
0
1002
}
  0
ATTRIB
  5
3354
330
3351
100
AcDbEntity
  8
0
100
AcDbText
 10
92212.23786524366
 20
16363.35722180705
 30
0.0
 40
187.5
  1
C1S9-32
100
AcDbAttribute
  2
PLC_POINT
 70
0
280
1
 71
1
 72
0
1001
AcadAnnotative
1000
AnnotativeData
1002
{
1070
1
1070
0
1002
}
  0
SEQEND
  5
3355
330
1F
100
AcDbEntity
  8
0
  0
INSERT
  5
3356
330
1F
100
AcDbEntity
  8
0
100
AcDbBlockReference
 66
1
  2
xDO_3_Term
 10
91504.87176797121
 20
14825.24829180205
 30
0.0
 41
0.75
 42
0.75
 43
0.75
  0
ATTRIB
  5
3357
330
3356
100
AcDbEntity
  8
0
100
AcDbText
 10
92212.23786524366
 20
15638.72406588672
 30
0.0
 40
187.5
  1
SPARE_30
100
AcDbAttribute
  2
TAG
 70
0
280
1
 71
1
 72
0
1001
AcadAnnotative
1000
AnnotativeData
1002
{
1070
1
1070
0
1002
}
  0
ATTRIB
  5
3358
330
3356
100
AcDbEntity
  8
0
100
AcDbText
 10
92212.23786524366
 20
15276.40748792655
 30
0.0
 40
187.5
  1
Spare Reserve Channel
100
AcDbAttribute
  2
Description
 70
0
280
1
 71
1
 72
0
1001
AcadAnnotative
1000
AnnotativeData
1002
{
1070
1
1070
0
1002
}
  0
ATTRIB
  5
3359
330
3356
100
AcDbEntity
  8
0
100
AcDbText
 10
92212.23786524366
 20
14914.09090996639
 30
0.0
 40
187.5
  1
C1S9-33
100
AcDbAttribute
  2
PLC_POINT
 70
0
280
1
 71
1
 72
0
1001
AcadAnnotative
1000
AnnotativeData
1002
{
1070
1
1070
0
1002
}
  0
SEQEND
  5
335A
330
1F
100
AcDbEntity
  8
0
  0
INSERT
  5
335B
330
1F
100
AcDbEntity
  8
0
100
AcDbBlockReference
 66
1
  2
xDO_3_Term
 10
91504.87176797121
 20
13375.98197996139
 30
0.0
 41
0.75
 42
0.75
 43
0.75
  0
ATTRIB
  5
335C
330
335B
100
AcDbEntity
  8
0
100
AcDbText
 10
92212.23786524366
 20
14189.45775404605
 30
0.0
 40
187.5
  1
SPARE_31
100
AcDbAttribute
  2
TAG
 70
0
280
1
 71
1
 72
0
1001
AcadAnnotative
1000
AnnotativeData
1002
{
1070
1
1070
0
1002
}
  0
ATTRIB
  5
335D
330
335B
100
AcDbEntity
  8
0
100
AcDbText
 10
92212.23786524366
 20
13827.14117608589
 30
0.0
 40
187.5
  1
Spare Reserve Channel
100
AcDbAttribute
  2
Description
 70
0
280
1
 71
1
 72
0
1001
AcadAnnotative
1000
AnnotativeData
1002
{
1070
1
1070
0
1002
}
  0
ATTRIB
  5
335E
330
335B
100
AcDbEntity
  8
0
100
AcDbText
 10
92212.23786524366
 20
13464.82459812572
 30
0.0
 40
187.5
  1
C1S9-34
100
AcDbAttribute
  2
PLC_POINT
 70
0
280
1
 71
1
 72
0
1001
AcadAnnotative
1000
AnnotativeData
1002
{
1070
1
1070
0
1002
}
  0
SEQEND
  5
335F
330
1F
100
AcDbEntity
  8
0
  0
LINE
  5
3366
330
1F
100
AcDbEntity
  8
0
 62
1
100
AcDbLine
 10
91686.0522011394
 20
36745.40125839209
 30
0.0
 11
89705.33143903472
 21
36745.40125839209
 31
0.0
  0
LINE
  5
3367
330
1F
100
AcDbEntity
  8
0
 62
1
100
AcDbLine
 10
82147.26205443968
 20
35962.45154647315
 30
0.0
 11
87080.44995550651
 21
35962.45154647315
 31
0.0
  0
ARC
  5
3368
330
1F
100
AcDbEntity
  8
0
 62
1
100
AcDbCircle
 10
87080.44995550651
 20
36242.45154647315
 30
0.0
 40
280.0
100
AcDbArc
 50
270.0
 51
0.0
  0
LINE
  5
3369
330
1F
100
AcDbEntity
  8
0
100
AcDbLine
 10
87360.44995550651
 20
14001.77342486179
 30
0.0
 11
87360.44995550651
 21
36827.71783635226
 31
0.0
  0
ARC
  5
336A
330
1F
100
AcDbEntity
  8
0
100
AcDbCircle
 10
87640.44995550651
 20
36827.71783635226
 30
0.0
 40
280.0
100
AcDbArc
 50
90.0
 51
180.0
  0
LINE
  5
336B
330
1F
100
AcDbEntity
  8
0
100
AcDbLine
 10
87640.44995550651
 20
37107.71783635226
 30
0.0
 11
91686.0522011394
 21
37107.71783635226
 31
0.0
  0
LINE
  5
336E
330
1F
100
AcDbEntity
  8
0
100
AcDbLine
 10
82063.09932836519
 20
23455.32700451872
 30
0.0
 11
85324.1966217432
 21
23455.32700451872
 31
0.0
  0
LINE
  5
3370
330
1F
100
AcDbEntity
  8
0
 62
1
100
AcDbLine
 10
89425.33143903472
 20
37107.71783635226
 30
0.0
 11
89425.33143903472
 21
37025.40125839209
 31
0.0
  0
ARC
  5
3371
330
1F
100
AcDbEntity
  8
0
 62
1
100
AcDbCircle
 10
89705.33143903472
 20
37025.40125839209
 30
0.0
 40
280.0
100
AcDbArc
 50
180.0
 51
270.0
  0
LINE
  5
33A4
330
1F
100
AcDbEntity
  8
0
 62
1
100
AcDbLine
 10
91686.0522011394
 20
35296.13494655143
 30
0.0
 11
89705.33143903472
 21
35296.13494655143
 31
0.0
  0
LINE
  5
33A5
330
1F
100
AcDbEntity
  8
0
100
AcDbLine
 10
87640.44995550651
 20
35658.4515245116
 30
0.0
 11
91686.0522011394
 21
35658.4515245116
 31
0.0
  0
LINE
  5
33A6
330
1F
100
AcDbEntity
  8
0
 62
1
100
AcDbLine
 10
89425.33143903472
 20
35658.4515245116
 30
0.0
 11
89425.33143903472
 21
35576.13494655143
 31
0.0
  0
ARC
  5
33A7
330
1F
100
AcDbEntity
  8
0
 62
1
100
AcDbCircle
 10
89705.33143903472
 20
35576.13494655143
 30
0.0
 40
280.0
100
AcDbArc
 50
180.0
 51
270.0
  0
LINE
  5
33DA
330
1F
100
AcDbEntity
  8
0
 62
1
100
AcDbLine
 10
91686.0522011394
 20
33846.86863471077
 30
0.0
 11
89705.33143903472
 21
33846.86863471077
 31
0.0
  0
LINE
  5
33DB
330
1F
100
AcDbEntity
  8
0
100
AcDbLine
 10
87640.44995550651
 20
34209.18521267094
 30
0.0
 11
91686.0522011394
 21
34209.18521267094
 31
0.0
  0
LINE
  5
33DC
330
1F
100
AcDbEntity
  8
0
 62
1
100
AcDbLine
 10
89425.33143903472
 20
34209.18521267094
 30
0.0
 11
89425.33143903472
 21
34126.86863471077
 31
0.0
  0
ARC
  5
33DD
330
1F
100
AcDbEntity
  8
0
 62
1
100
AcDbCircle
 10
89705.33143903472
 20
34126.86863471077
 30
0.0
 40
280.0
100
AcDbArc
 50
180.0
 51
270.0
  0
ARC
  5
340D
330
1F
100
AcDbEntity
  8
0
100
AcDbCircle
 10
87640.44995550651
 20
35378.4515245116
 30
0.0
 40
280.0
100
AcDbArc
 50
90.0
 51
180.0
  0
ARC
  5
346D
330
1F
100
AcDbEntity
  8
0
100
AcDbCircle
 10
87640.44995550651
 20
33929.18521267094
 30
0.0
 40
280.0
100
AcDbArc
 50
90.0
 51
180.0
  0
LINE
  5
34A1
330
1F
100
AcDbEntity
  8
0
 62
1
100
AcDbLine
 10
91686.0522011394
 20
32397.6023228701
 30
0.0
 11
89705.33143903472
 21
32397.6023228701
 31
0.0
  0
LINE
  5
34A2
330
1F
100
AcDbEntity
  8
0
100
AcDbLine
 10
87640.44995550651
 20
32759.91890083027
 30
0.0
 11
91686.0522011394
 21
32759.91890083027
 31
0.0
  0
LINE
  5
34A3
330
1F
100
AcDbEntity
  8
0
 62
1
100
AcDbLine
 10
89425.33143903472
 20
32759.91890083027
 30
0.0
 11
89425.33143903472
 21
32677.6023228701
 31
0.0
  0
ARC
  5
34A4
330
1F
100
AcDbEntity
  8
0
 62
1
100
AcDbCircle
 10
89705.33143903472
 20
32677.6023228701
 30
0.0
 40
280.0
100
AcDbArc
 50
180.0
 51
270.0
  0
ARC
  5
34A5
330
1F
100
AcDbEntity
  8
0
100
AcDbCircle
 10
87640.44995550651
 20
32479.91890083027
 30
0.0
 40
280.0
100
AcDbArc
 50
90.0
 51
180.0
  0
LINE
  5
3591
330
1F
100
AcDbEntity
  8
0
 62
1
100
AcDbLine
 10
91686.0522011394
 20
30586.01943306926
 30
0.0
 11
89705.33143903472
 21
30586.01943306926
 31
0.0
  0
ARC
  5
3593
330
1F
100
AcDbEntity
  8
0
100
AcDbCircle
 10
87640.44995550651
 20
30668.33601102943
 30
0.0
 40
280.0
100
AcDbArc
 50
90.0
 51
180.0
  0
LINE
  5
3594
330
1F
100
AcDbEntity
  8
0
100
AcDbLine
 10
87640.44995550651
 20
30948.33601102943
 30
0.0
 11
91686.0522011394
 21
30948.33601102943
 31
0.0
  0
LINE
  5
3595
330
1F
100
AcDbEntity
  8
0
 62
1
100
AcDbLine
 10
89425.33143903472
 20
30948.33601102943
 30
0.0
 11
89425.33143903472
 21
30866.01943306926
 31
0.0
  0
ARC
  5
3596
330
1F
100
AcDbEntity
  8
0
 62
1
100
AcDbCircle
 10
89705.33143903472
 20
30866.01943306926
 30
0.0
 40
280.0
100
AcDbArc
 50
180.0
 51
270.0
  0
LINE
  5
3597
330
1F
100
AcDbEntity
  8
0
 62
1
100
AcDbLine
 10
91686.0522011394
 20
29136.7531212286
 30
0.0
 11
89705.33143903472
 21
29136.7531212286
 31
0.0
  0
LINE
  5
3598
330
1F
100
AcDbEntity
  8
0
100
AcDbLine
 10
87640.44995550651
 20
29499.06969918877
 30
0.0
 11
91686.0522011394
 21
29499.06969918877
 31
0.0
  0
LINE
  5
3599
330
1F
100
AcDbEntity
  8
0
 62
1
100
AcDbLine
 10
89425.33143903472
 20
29499.06969918877
 30
0.0
 11
89425.33143903472
 21
29416.7531212286
 31
0.0
  0
ARC
  5
359A
330
1F
100
AcDbEntity
  8
0
 62
1
100
AcDbCircle
 10
89705.33143903472
 20
29416.7531212286
 30
0.0
 40
280.0
100
AcDbArc
 50
180.0
 51
270.0
  0
LINE
  5
359B
330
1F
100
AcDbEntity
  8
0
 62
1
100
AcDbLine
 10
91686.0522011394
 20
27687.48680938794
 30
0.0
 11
89705.33143903472
 21
27687.48680938794
 31
0.0
  0
LINE
  5
359C
330
1F
100
AcDbEntity
  8
0
100
AcDbLine
 10
87640.44995550651
 20
28049.80338734811
 30
0.0
 11
91686.0522011394
 21
28049.80338734811
 31
0.0
  0
LINE
  5
359D
330
1F
100
AcDbEntity
  8
0
 62
1
100
AcDbLine
 10
89425.33143903472
 20
28049.80338734811
 30
0.0
 11
89425.33143903472
 21
27967.48680938794
 31
0.0
  0
ARC
  5
359E
330
1F
100
AcDbEntity
  8
0
 62
1
100
AcDbCircle
 10
89705.33143903472
 20
27967.48680938794
 30
0.0
 40
280.0
100
AcDbArc
 50
180.0
 51
270.0
  0
ARC
  5
359F
330
1F
100
AcDbEntity
  8
0
100
AcDbCircle
 10
87640.44995550651
 20
29219.06969918877
 30
0.0
 40
280.0
100
AcDbArc
 50
90.0
 51
180.0
  0
ARC
  5
35A0
330
1F
100
AcDbEntity
  8
0
100
AcDbCircle
 10
87640.44995550651
 20
27769.80338734811
 30
0.0
 40
280.0
100
AcDbArc
 50
90.0
 51
180.0
  0
LINE
  5
35A1
330
1F
100
AcDbEntity
  8
0
 62
1
100
AcDbLine
 10
91686.0522011394
 20
26238.22049754727
 30
0.0
 11
89705.33143903472
 21
26238.22049754727
 31
0.0
  0
LINE
  5
35A2
330
1F
100
AcDbEntity
  8
0
100
AcDbLine
 10
87640.44995550651
 20
26600.53707550744
 30
0.0
 11
91686.0522011394
 21
26600.53707550744
 31
0.0
  0
LINE
  5
35A3
330
1F
100
AcDbEntity
  8
0
 62
1
100
AcDbLine
 10
89425.33143903472
 20
26600.53707550744
 30
0.0
 11
89425.33143903472
 21
26518.22049754727
 31
0.0
  0
ARC
  5
35A4
330
1F
100
AcDbEntity
  8
0
 62
1
100
AcDbCircle
 10
89705.33143903472
 20
26518.22049754727
 30
0.0
 40
280.0
100
AcDbArc
 50
180.0
 51
270.0
  0
ARC
  5
35A5
330
1F
100
AcDbEntity
  8
0
100
AcDbCircle
 10
87640.44995550651
 20
26320.53707550744
 30
0.0
 40
280.0
100
AcDbArc
 50
90.0
 51
180.0
  0
LINE
  5
35E9
330
1F
100
AcDbEntity
  8
0
 62
1
100
AcDbLine
 10
91686.0522011394
 20
24426.63760774645
 30
0.0
 11
89705.33143903472
 21
24426.63760774645
 31
0.0
  0
ARC
  5
35EB
330
1F
100
AcDbEntity
  8
0
100
AcDbCircle
 10
87640.44995550651
 20
24508.95418570662
 30
0.0
 40
280.0
100
AcDbArc
 50
90.0
 51
180.0
  0
LINE
  5
35EC
330
1F
100
AcDbEntity
  8
0
100
AcDbLine
 10
87640.44995550651
 20
24788.95418570662
 30
0.0
 11
91686.0522011394
 21
24788.95418570662
 31
0.0
  0
LINE
  5
35ED
330
1F
100
AcDbEntity
  8
0
 62
1
100
AcDbLine
 10
89425.33143903472
 20
24788.95418570662
 30
0.0
 11
89425.33143903472
 21
24706.63760774645
 31
0.0
  0
ARC
  5
35EE
330
1F
100
AcDbEntity
  8
0
 62
1
100
AcDbCircle
 10
89705.33143903472
 20
24706.63760774645
 30
0.0
 40
280.0
100
AcDbArc
 50
180.0
 51
270.0
  0
LINE
  5
35EF
330
1F
100
AcDbEntity
  8
0
 62
1
100
AcDbLine
 10
91686.0522011394
 20
22977.37129590578
 30
0.0
 11
89705.33143903472
 21
22977.37129590578
 31
0.0
  0
LINE
  5
35F0
330
1F
100
AcDbEntity
  8
0
100
AcDbLine
 10
87640.44995550651
 20
23339.68787386595
 30
0.0
 11
91686.0522011394
 21
23339.68787386595
 31
0.0
  0
LINE
  5
35F1
330
1F
100
AcDbEntity
  8
0
 62
1
100
AcDbLine
 10
89425.33143903472
 20
23339.68787386595
 30
0.0
 11
89425.33143903472
 21
23257.37129590578
 31
0.0
  0
ARC
  5
35F2
330
1F
100
AcDbEntity
  8
0
 62
1
100
AcDbCircle
 10
89705.33143903472
 20
23257.37129590578
 30
0.0
 40
280.0
100
AcDbArc
 50
180.0
 51
270.0
  0
LINE
  5
35F3
330
1F
100
AcDbEntity
  8
0
 62
1
100
AcDbLine
 10
91686.0522011394
 20
21528.10498406512
 30
0.0
 11
89705.33143903472
 21
21528.10498406512
 31
0.0
  0
LINE
  5
35F4
330
1F
100
AcDbEntity
  8
0
100
AcDbLine
 10
87640.44995550651
 20
21890.42156202529
 30
0.0
 11
91686.0522011394
 21
21890.42156202529
 31
0.0
  0
LINE
  5
35F5
330
1F
100
AcDbEntity
  8
0
 62
1
100
AcDbLine
 10
89425.33143903472
 20
21890.42156202529
 30
0.0
 11
89425.33143903472
 21
21808.10498406512
 31
0.0
  0
ARC
  5
35F6
330
1F
100
AcDbEntity
  8
0
 62
1
100
AcDbCircle
 10
89705.33143903472
 20
21808.10498406512
 30
0.0
 40
280.0
100
AcDbArc
 50
180.0
 51
270.0
  0
ARC
  5
35F7
330
1F
100
AcDbEntity
  8
0
100
AcDbCircle
 10
87640.44995550651
 20
23059.68787386595
 30
0.0
 40
280.0
100
AcDbArc
 50
90.0
 51
180.0
  0
ARC
  5
35F8
330
1F
100
AcDbEntity
  8
0
100
AcDbCircle
 10
87640.44995550651
 20
21610.42156202529
 30
0.0
 40
280.0
100
AcDbArc
 50
90.0
 51
180.0
  0
LINE
  5
35F9
330
1F
100
AcDbEntity
  8
0
 62
1
100
AcDbLine
 10
91686.0522011394
 20
20078.83867222445
 30
0.0
 11
89705.33143903472
 21
20078.83867222445
 31
0.0
  0
LINE
  5
35FA
330
1F
100
AcDbEntity
  8
0
100
AcDbLine
 10
87640.44995550651
 20
20441.15525018462
 30
0.0
 11
91686.0522011394
 21
20441.15525018462
 31
0.0
  0
LINE
  5
35FB
330
1F
100
AcDbEntity
  8
0
 62
1
100
AcDbLine
 10
89425.33143903472
 20
20441.15525018462
 30
0.0
 11
89425.33143903472
 21
20358.83867222445
 31
0.0
  0
ARC
  5
35FC
330
1F
100
AcDbEntity
  8
0
 62
1
100
AcDbCircle
 10
89705.33143903472
 20
20358.83867222445
 30
0.0
 40
280.0
100
AcDbArc
 50
180.0
 51
270.0
  0
ARC
  5
35FD
330
1F
100
AcDbEntity
  8
0
100
AcDbCircle
 10
87640.44995550651
 20
20161.15525018462
 30
0.0
 40
280.0
100
AcDbArc
 50
90.0
 51
180.0
  0
LINE
  5
3641
330
1F
100
AcDbEntity
  8
0
 62
1
100
AcDbLine
 10
91686.0522011394
 20
18267.25578242362
 30
0.0
 11
89705.33143903472
 21
18267.25578242362
 31
0.0
  0
ARC
  5
3643
330
1F
100
AcDbEntity
  8
0
100
AcDbCircle
 10
87640.44995550651
 20
18349.57236038379
 30
0.0
 40
280.0
100
AcDbArc
 50
90.0
 51
180.0
  0
LINE
  5
3644
330
1F
100
AcDbEntity
  8
0
100
AcDbLine
 10
87640.44995550651
 20
18629.57236038379
 30
0.0
 11
91686.0522011394
 21
18629.57236038379
 31
0.0
  0
LINE
  5
3645
330
1F
100
AcDbEntity
  8
0
 62
1
100
AcDbLine
 10
89425.33143903472
 20
18629.57236038379
 30
0.0
 11
89425.33143903472
 21
18547.25578242362
 31
0.0
  0
ARC
  5
3646
330
1F
100
AcDbEntity
  8
0
 62
1
100
AcDbCircle
 10
89705.33143903472
 20
18547.25578242362
 30
0.0
 40
280.0
100
AcDbArc
 50
180.0
 51
270.0
  0
LINE
  5
3647
330
1F
100
AcDbEntity
  8
0
 62
1
100
AcDbLine
 10
91686.0522011394
 20
16817.98947058296
 30
0.0
 11
89705.33143903472
 21
16817.98947058296
 31
0.0
  0
LINE
  5
3648
330
1F
100
AcDbEntity
  8
0
100
AcDbLine
 10
87640.44995550651
 20
17180.30604854313
 30
0.0
 11
91686.0522011394
 21
17180.30604854313
 31
0.0
  0
LINE
  5
3649
330
1F
100
AcDbEntity
  8
0
 62
1
100
AcDbLine
 10
89425.33143903472
 20
17180.30604854313
 30
0.0
 11
89425.33143903472
 21
17097.98947058296
 31
0.0
  0
ARC
  5
364A
330
1F
100
AcDbEntity
  8
0
 62
1
100
AcDbCircle
 10
89705.33143903472
 20
17097.98947058296
 30
0.0
 40
280.0
100
AcDbArc
 50
180.0
 51
270.0
  0
LINE
  5
364B
330
1F
100
AcDbEntity
  8
0
 62
1
100
AcDbLine
 10
91686.0522011394
 20
15368.7231587423
 30
0.0
 11
89705.33143903472
 21
15368.7231587423
 31
0.0
  0
LINE
  5
364C
330
1F
100
AcDbEntity
  8
0
100
AcDbLine
 10
87640.44995550651
 20
15731.03973670246
 30
0.0
 11
91686.0522011394
 21
15731.03973670246
 31
0.0
  0
LINE
  5
364D
330
1F
100
AcDbEntity
  8
0
 62
1
100
AcDbLine
 10
89425.33143903472
 20
15731.03973670246
 30
0.0
 11
89425.33143903472
 21
15648.7231587423
 31
0.0
  0
ARC
  5
364E
330
1F
100
AcDbEntity
  8
0
 62
1
100
AcDbCircle
 10
89705.33143903472
 20
15648.7231587423
 30
0.0
 40
280.0
100
AcDbArc
 50
180.0
 51
270.0
  0
ARC
  5
364F
330
1F
100
AcDbEntity
  8
0
100
AcDbCircle
 10
87640.44995550651
 20
16900.30604854313
 30
0.0
 40
280.0
100
AcDbArc
 50
90.0
 51
180.0
  0
ARC
  5
3650
330
1F
100
AcDbEntity
  8
0
100
AcDbCircle
 10
87640.44995550651
 20
15451.03973670246
 30
0.0
 40
280.0
100
AcDbArc
 50
90.0
 51
180.0
  0
LINE
  5
3651
330
1F
100
AcDbEntity
  8
0
 62
1
100
AcDbLine
 10
91686.0522011394
 20
13919.45684690162
 30
0.0
 11
89705.33143903472
 21
13919.45684690162
 31
0.0
  0
LINE
  5
3652
330
1F
100
AcDbEntity
  8
0
100
AcDbLine
 10
87640.44995550651
 20
14281.77342486179
 30
0.0
 11
91686.0522011394
 21
14281.77342486179
 31
0.0
  0
LINE
  5
3653
330
1F
100
AcDbEntity
  8
0
 62
1
100
AcDbLine
 10
89425.33143903472
 20
14281.77342486179
 30
0.0
 11
89425.33143903472
 21
14199.45684690162
 31
0.0
  0
ARC
  5
3654
330
1F
100
AcDbEntity
  8
0
 62
1
100
AcDbCircle
 10
89705.33143903472
 20
14199.45684690162
 30
0.0
 40
280.0
100
AcDbArc
 50
180.0
 51
270.0
  0
ARC
  5
3655
330
1F
100
AcDbEntity
  8
0
100
AcDbCircle
 10
87640.44995550651
 20
14001.77342486179
 30
0.0
 40
280.0
100
AcDbArc
 50
90.0
 51
180.0
  0
LINE
  5
3656
330
1F
100
AcDbEntity
  8
0
100
AcDbLine
 10
85604.1966217432
 20
23175.32700451872
 30
0.0
 11
85604.1966217432
 21
12452.80894092559
 31
0.0
  0
LINE
  5
3657
330
1F
100
AcDbEntity
  8
0
100
AcDbLine
 10
85884.1966217432
 20
12172.80894092559
 30
0.0
 11
87080.44995550651
 21
12172.80894092559
 31
0.0
  0
LINE
  5
3658
330
1F
100
AcDbEntity
  8
0
100
AcDbLine
 10
87360.44995550651
 20
14001.77342486179
 30
0.0
 11
87360.44995550651
 21
12452.80894092559
 31
0.0
  0
ARC
  5
3659
330
1F
100
AcDbEntity
  8
0
100
AcDbCircle
 10
87080.44995550651
 20
12452.80894092559
 30
0.0
 40
280.0
100
AcDbArc
 50
270.0
 51
0.0
  0
ARC
  5
365A
330
1F
100
AcDbEntity
  8
0
100
AcDbCircle
 10
85884.1966217432
 20
12452.80894092559
 30
0.0
 40
280.0
100
AcDbArc
 50
180.0
 51
270.0
  0
ARC
  5
365B
330
1F
100
AcDbEntity
  8
0
100
AcDbCircle
 10
85324.1966217432
 20
23175.32700451872
 30
0.0
 40
280.0
100
AcDbArc
 50
0.0
 51
90.0
  0
LINE
  5
36BE
330
1F
100
AcDbEntity
  8
0
100
AcDbLine
 10
82063.0993283652
 20
22811.20864370077
 30
0.0
 11
85324.19662174322
 21
22811.20864370077
 31
0.0
  0
ARC
  5
36BF
330
1F
100
AcDbEntity
  8
0
100
AcDbCircle
 10
85324.19662174322
 20
22531.20864370077
 30
0.0
 40
280.0
100
AcDbArc
 50
0.0
 51
90.0
  0
LINE
  5
36F0
330
1F
100
AcDbEntity
  8
0
100
AcDbLine
 10
82063.0993283652
 20
22167.09028288282
 30
0.0
 11
85324.19662174322
 21
22167.09028288282
 31
0.0
  0
ARC
  5
36F1
330
1F
100
AcDbEntity
  8
0
100
AcDbCircle
 10
85324.19662174322
 20
21887.09028288282
 30
0.0
 40
280.0
100
AcDbArc
 50
0.0
 51
90.0
  0
LINE
  5
3722
330
1F
100
AcDbEntity
  8
0
100
AcDbLine
 10
82063.0993283652
 20
21522.97192206486
 30
0.0
 11
85324.19662174322
 21
21522.97192206486
 31
0.0
  0
ARC
  5
3723
330
1F
100
AcDbEntity
  8
0
100
AcDbCircle
 10
85324.19662174322
 20
21242.97192206486
 30
0.0
 40
280.0
100
AcDbArc
 50
0.0
 51
90.0
  0
LINE
  5
3754
330
1F
100
AcDbEntity
  8
0
100
AcDbLine
 10
82063.0993283652
 20
20878.85356124691
 30
0.0
 11
85324.19662174322
 21
20878.85356124691
 31
0.0
  0
ARC
  5
3755
330
1F
100
AcDbEntity
  8
0
100
AcDbCircle
 10
85324.19662174322
 20
20598.85356124691
 30
0.0
 40
280.0
100
AcDbArc
 50
0.0
 51
90.0
  0
LINE
  5
3786
330
1F
100
AcDbEntity
  8
0
100
AcDbLine
 10
82063.0993283652
 20
20234.73520042897
 30
0.0
 11
85324.19662174322
 21
20234.73520042897
 31
0.0
  0
ARC
  5
3787
330
1F
100
AcDbEntity
  8
0
100
AcDbCircle
 10
85324.19662174322
 20
19954.73520042897
 30
0.0
 40
280.0
100
AcDbArc
 50
0.0
 51
90.0
  0
LINE
  5
37B8
330
1F
100
AcDbEntity
  8
0
100
AcDbLine
 10
82063.0993283652
 20
19590.61683961102
 30
0.0
 11
85324.19662174322
 21
19590.61683961102
 31
0.0
  0
ARC
  5
37B9
330
1F
100
AcDbEntity
  8
0
100
AcDbCircle
 10
85324.19662174322
 20
19310.61683961102
 30
0.0
 40
280.0
100
AcDbArc
 50
0.0
 51
90.0
  0
LINE
  5
37EA
330
1F
100
AcDbEntity
  8
0
100
AcDbLine
 10
82063.0993283652
 20
18946.49847879307
 30
0.0
 11
85324.19662174322
 21
18946.49847879307
 31
0.0
  0
ARC
  5
37EB
330
1F
100
AcDbEntity
  8
0
100
AcDbCircle
 10
85324.19662174322
 20
18666.49847879307
 30
0.0
 40
280.0
100
AcDbArc
 50
0.0
 51
90.0
  0
LINE
  5
381C
330
1F
100
AcDbEntity
  8
0
100
AcDbLine
 10
82063.0993283652
 20
18302.38011797512
 30
0.0
 11
85324.19662174322
 21
18302.38011797512
 31
0.0
  0
ARC
  5
381D
330
1F
100
AcDbEntity
  8
0
100
AcDbCircle
 10
85324.19662174322
 20
18022.38011797512
 30
0.0
 40
280.0
100
AcDbArc
 50
0.0
 51
90.0
  0
LINE
  5
384E
330
1F
100
AcDbEntity
  8
0
100
AcDbLine
 10
82063.0993283652
 20
17658.26175715717
 30
0.0
 11
85324.19662174322
 21
17658.26175715717
 31
0.0
  0
ARC
  5
384F
330
1F
100
AcDbEntity
  8
0
100
AcDbCircle
 10
85324.19662174322
 20
17378.26175715717
 30
0.0
 40
280.0
100
AcDbArc
 50
0.0
 51
90.0
  0
LINE
  5
3851
330
1F
100
AcDbEntity
  8
0
100
AcDbLine
 10
82063.0993283652
 20
17014.14339633922
 30
0.0
 11
85324.19662174322
 21
17014.14339633922
 31
0.0
  0
ARC
  5
3852
330
1F
100
AcDbEntity
  8
0
100
AcDbCircle
 10
85324.19662174322
 20
16734.14339633922
 30
0.0
 40
280.0
100
AcDbArc
 50
0.0
 51
90.0
  0
LINE
  5
3854
330
1F
100
AcDbEntity
  8
0
100
AcDbLine
 10
82063.0993283652
 20
16370.02503552126
 30
0.0
 11
85324.19662174322
 21
16370.02503552126
 31
0.0
  0
ARC
  5
3855
330
1F
100
AcDbEntity
  8
0
100
AcDbCircle
 10
85324.19662174322
 20
16090.02503552126
 30
0.0
 40
280.0
100
AcDbArc
 50
0.0
 51
90.0
  0
LINE
  5
3857
330
1F
100
AcDbEntity
  8
0
100
AcDbLine
 10
82063.0993283652
 20
15725.90667470331
 30
0.0
 11
85324.19662174322
 21
15725.90667470331
 31
0.0
  0
ARC
  5
3858
330
1F
100
AcDbEntity
  8
0
100
AcDbCircle
 10
85324.19662174322
 20
15445.90667470331
 30
0.0
 40
280.0
100
AcDbArc
 50
0.0
 51
90.0
  0
LINE
  5
385A
330
1F
100
AcDbEntity
  8
0
100
AcDbLine
 10
82063.0993283652
 20
15081.78831388536
 30
0.0
 11
85324.19662174322
 21
15081.78831388536
 31
0.0
  0
ARC
  5
385B
330
1F
100
AcDbEntity
  8
0
100
AcDbCircle
 10
85324.19662174322
 20
14801.78831388536
 30
0.0
 40
280.0
100
AcDbArc
 50
0.0
 51
90.0
  0
LINE
  5
385D
330
1F
100
AcDbEntity
  8
0
100
AcDbLine
 10
82063.0993283652
 20
14437.66995306741
 30
0.0
 11
85324.19662174322
 21
14437.66995306741
 31
0.0
  0
ARC
  5
385E
330
1F
100
AcDbEntity
  8
0
100
AcDbCircle
 10
85324.19662174322
 20
14157.66995306741
 30
0.0
 40
280.0
100
AcDbArc
 50
0.0
 51
90.0
  0
LINE
  5
3860
330
1F
100
AcDbEntity
  8
0
100
AcDbLine
 10
82063.0993283652
 20
13793.55159224946
 30
0.0
 11
85324.19662174322
 21
13793.55159224946
 31
0.0
  0
ARC
  5
3861
330
1F
100
AcDbEntity
  8
0
100
AcDbCircle
 10
85324.19662174322
 20
13513.55159224946
 30
0.0
 40
280.0
100
AcDbArc
 50
0.0
 51
90.0
  0
LINE
  5
3892
330
1F
100
AcDbEntity
  8
0
 62
1
100
AcDbLine
 10
82147.26205443968
 20
35318.33318565508
 30
0.0
 11
87080.44995550651
 21
35318.33318565508
 31
0.0
  0
ARC
  5
3893
330
1F
100
AcDbEntity
  8
0
 62
1
100
AcDbCircle
 10
87080.44995550651
 20
35598.33318565508
 30
0.0
 40
280.0
100
AcDbArc
 50
270.0
 51
0.0
  0
LINE
  5
38C4
330
1F
100
AcDbEntity
  8
0
 62
1
100
AcDbLine
 10
82147.26205443968
 20
34674.21482483701
 30
0.0
 11
87080.44995550651
 21
34674.21482483701
 31
0.0
  0
ARC
  5
38C5
330
1F
100
AcDbEntity
  8
0
 62
1
100
AcDbCircle
 10
87080.44995550651
 20
34954.21482483701
 30
0.0
 40
280.0
100
AcDbArc
 50
270.0
 51
0.0
  0
LINE
  5
38F6
330
1F
100
AcDbEntity
  8
0
 62
1
100
AcDbLine
 10
82147.26205443968
 20
34030.09646401894
 30
0.0
 11
87080.44995550651
 21
34030.09646401894
 31
0.0
  0
ARC
  5
38F7
330
1F
100
AcDbEntity
  8
0
 62
1
100
AcDbCircle
 10
87080.44995550651
 20
34310.09646401894
 30
0.0
 40
280.0
100
AcDbArc
 50
270.0
 51
0.0
  0
LINE
  5
392E
330
1F
100
AcDbEntity
  8
0
 62
1
100
AcDbLine
 10
82147.26205443968
 20
33385.97810320086
 30
0.0
 11
87080.44995550651
 21
33385.97810320086
 31
0.0
  0
ARC
  5
392F
330
1F
100
AcDbEntity
  8
0
 62
1
100
AcDbCircle
 10
87080.44995550651
 20
33665.97810320086
 30
0.0
 40
280.0
100
AcDbArc
 50
270.0
 51
0.0
  0
LINE
  5
3930
330
1F
100
AcDbEntity
  8
0
 62
1
100
AcDbLine
 10
82147.26205443968
 20
32741.85974238279
 30
0.0
 11
87080.44995550651
 21
32741.85974238279
 31
0.0
  0
ARC
  5
3931
330
1F
100
AcDbEntity
  8
0
 62
1
100
AcDbCircle
 10
87080.44995550651
 20
33021.85974238279
 30
0.0
 40
280.0
100
AcDbArc
 50
270.0
 51
0.0
  0
LINE
  5
3932
330
1F
100
AcDbEntity
  8
0
 62
1
100
AcDbLine
 10
82147.26205443968
 20
32097.74138156472
 30
0.0
 11
87080.44995550651
 21
32097.74138156472
 31
0.0
  0
ARC
  5
3933
330
1F
100
AcDbEntity
  8
0
 62
1
100
AcDbCircle
 10
87080.44995550651
 20
32377.74138156472
 30
0.0
 40
280.0
100
AcDbArc
 50
270.0
 51
0.0
  0
LINE
  5
3934
330
1F
100
AcDbEntity
  8
0
 62
1
100
AcDbLine
 10
82147.26205443968
 20
31453.62302074665
 30
0.0
 11
87080.44995550651
 21
31453.62302074665
 31
0.0
  0
ARC
  5
3935
330
1F
100
AcDbEntity
  8
0
 62
1
100
AcDbCircle
 10
87080.44995550651
 20
31733.62302074665
 30
0.0
 40
280.0
100
AcDbArc
 50
270.0
 51
0.0
  0
LINE
  5
396C
330
1F
100
AcDbEntity
  8
0
 62
1
100
AcDbLine
 10
82147.26205443968
 20
30809.5046599287
 30
0.0
 11
87080.44995550651
 21
30809.5046599287
 31
0.0
  0
ARC
  5
396D
330
1F
100
AcDbEntity
  8
0
 62
1
100
AcDbCircle
 10
87080.44995550651
 20
31089.5046599287
 30
0.0
 40
280.0
100
AcDbArc
 50
270.0
 51
0.0
  0
LINE
  5
396E
330
1F
100
AcDbEntity
  8
0
 62
1
100
AcDbLine
 10
82147.26205443968
 20
30165.38629911062
 30
0.0
 11
87080.44995550651
 21
30165.38629911062
 31
0.0
  0
ARC
  5
396F
330
1F
100
AcDbEntity
  8
0
 62
1
100
AcDbCircle
 10
87080.44995550651
 20
30445.38629911062
 30
0.0
 40
280.0
100
AcDbArc
 50
270.0
 51
0.0
  0
LINE
  5
3970
330
1F
100
AcDbEntity
  8
0
 62
1
100
AcDbLine
 10
82147.26205443968
 20
29521.26793829255
 30
0.0
 11
87080.44995550651
 21
29521.26793829255
 31
0.0
  0
ARC
  5
3971
330
1F
100
AcDbEntity
  8
0
 62
1
100
AcDbCircle
 10
87080.44995550651
 20
29801.26793829255
 30
0.0
 40
280.0
100
AcDbArc
 50
270.0
 51
0.0
  0
LINE
  5
3972
330
1F
100
AcDbEntity
  8
0
 62
1
100
AcDbLine
 10
82147.26205443968
 20
28877.14957747448
 30
0.0
 11
87080.44995550651
 21
28877.14957747448
 31
0.0
  0
ARC
  5
3973
330
1F
100
AcDbEntity
  8
0
 62
1
100
AcDbCircle
 10
87080.44995550651
 20
29157.14957747448
 30
0.0
 40
280.0
100
AcDbArc
 50
270.0
 51
0.0
  0
LINE
  5
39AA
330
1F
100
AcDbEntity
  8
0
 62
1
100
AcDbLine
 10
82147.26205443969
 20
28233.03121665653
 30
0.0
 11
87080.44995550653
 21
28233.03121665653
 31
0.0
  0
ARC
  5
39AB
330
1F
100
AcDbEntity
  8
0
 62
1
100
AcDbCircle
 10
87080.44995550653
 20
28513.03121665653
 30
0.0
 40
280.0
100
AcDbArc
 50
270.0
 51
0.0
  0
LINE
  5
39AC
330
1F
100
AcDbEntity
  8
0
 62
1
100
AcDbLine
 10
82147.26205443969
 20
27588.91285583846
 30
0.0
 11
87080.44995550653
 21
27588.91285583846
 31
0.0
  0
ARC
  5
39AD
330
1F
100
AcDbEntity
  8
0
 62
1
100
AcDbCircle
 10
87080.44995550653
 20
27868.91285583846
 30
0.0
 40
280.0
100
AcDbArc
 50
270.0
 51
0.0
  0
LINE
  5
39AE
330
1F
100
AcDbEntity
  8
0
 62
1
100
AcDbLine
 10
82147.26205443969
 20
26944.79449502038
 30
0.0
 11
87080.44995550653
 21
26944.79449502038
 31
0.0
  0
ARC
  5
39AF
330
1F
100
AcDbEntity
  8
0
 62
1
100
AcDbCircle
 10
87080.44995550653
 20
27224.79449502038
 30
0.0
 40
280.0
100
AcDbArc
 50
270.0
 51
0.0
  0
LINE
  5
39B0
330
1F
100
AcDbEntity
  8
0
 62
1
100
AcDbLine
 10
82147.26205443969
 20
26300.67613420231
 30
0.0
 11
87080.44995550653
 21
26300.67613420231
 31
0.0
  0
ARC
  5
39B1
330
1F
100
AcDbEntity
  8
0
 62
1
100
AcDbCircle
 10
87080.44995550653
 20
26580.67613420231
 30
0.0
 40
280.0
100
AcDbArc
 50
270.0
 51
0.0
  0
LWPOLYLINE
  5
3B2A
330
1F
100
AcDbEntity
  8
ASHADE
 62
7
100
AcDbPolyline
 90
5
 70
0
 10
3200.0
 20
10500.0
 10
32000.0
 20
10500.0
 10
32000.0
 20
34500.0
 10
3200.0
 20
34500.0
 10
3200.0
 20
10500.0
  0
LWPOLYLINE
  5
3B2B
330
1F
100
AcDbEntity
  8
ASHADE
 62
7
100
AcDbPolyline
 90
5
 70
0
 10
3300.0
 20
10600.0
 10
31900.0
 20
10600.0
 10
31900.0
 20
34400.0
 10
3300.0
 20
34400.0
 10
3300.0
 20
10600.0
  0
LINE
  5
3B2C
330
1F
100
AcDbEntity
  8
ASHADE
 62
7
100
AcDbLine
 10
3300.0
 20
31200.0
 30
0.0
 11
31900.0
 21
31200.0
 31
0.0
  0
TEXT
  5
3B2D
330
1F
100
AcDbEntity
  8
0
 62
2
100
AcDbText
 10
3600.0
 20
33600.0
 30
0.0
 40
340.0
  1
INGREDION (THAILAND) CO., LTD.  |  KALASIN STARCH PLANT - JET COOKER PROJECT
  7
Tahoma
100
AcDbText
  0
TEXT
  5
3B2E
330
1F
100
AcDbEntity
  8
0
 62
3
100
AcDbText
 10
3600.0
 20
32800.0
 30
0.0
 40
380.0
  1
PLC I/O WIRING SCHEMATIC --- CHASSIS C1 SLOT 9 (1756-OB32 DIGITAL OUTPUT)
  7
Tahoma
100
AcDbText
  0
TEXT
  5
3B2F
330
1F
100
AcDbEntity
  8
0
 62
7
100
AcDbText
 10
3600.0
 20
32000.0
 30
0.0
 40
280.0
  1
RELAY BLOCK: P1-TBRL2 (PLC-RSC-24DC/21 SPDT)  |  LOCATION: JB-401, JB-601  |  CHANNELS: 32 (ACTIVE: 20, SPARE: 12)
  7
Tahoma
100
AcDbText
  0
TEXT
  5
3B30
330
1F
100
AcDbEntity
  8
0
 62
4
100
AcDbText
 10
3600.0
 20
31450.0
 30
0.0
 40
240.0
  1
DRAWING NO: KAL-JC-DO-C1S9   |   REV: 03   |   SYSTEM: CONTROLLOGIX 1756   |   RELAY: 24VDC COIL, 1 C/O SPDT
  7
Tahoma
100
AcDbText
  0
LINE
  5
3B31
330
1F
100
AcDbEntity
  8
ASHADE
 62
7
100
AcDbLine
 10
3300.0
 20
30400.0
 30
0.0
 11
31900.0
 21
30400.0
 31
0.0
  0
TEXT
  5
3B32
330
1F
100
AcDbEntity
  8
0
 62
2
100
AcDbText
 10
3400.0
 20
30650.0
 30
0.0
 40
240.0
  1
CH
  7
Tahoma
100
AcDbText
  0
TEXT
  5
3B33
330
1F
100
AcDbEntity
  8
0
 62
2
100
AcDbText
 10
5000.0
 20
30650.0
 30
0.0
 40
240.0
  1
PIN
  7
Tahoma
100
AcDbText
  0
TEXT
  5
3B34
330
1F
100
AcDbEntity
  8
0
 62
2
100
AcDbText
 10
6800.0
 20
30650.0
 30
0.0
 40
240.0
  1
RELAY TB NO
  7
Tahoma
100
AcDbText
  0
TEXT
  5
3B35
330
1F
100
AcDbEntity
  8
0
 62
2
100
AcDbText
 10
10700.0
 20
30650.0
 30
0.0
 40
240.0
  1
PLC WIRE TAG
  7
Tahoma
100
AcDbText
  0
TEXT
  5
3B36
330
1F
100
AcDbEntity
  8
0
 62
2
100
AcDbText
 10
16200.0
 20
30650.0
 30
0.0
 40
240.0
  1
ACTUATOR TAG
  7
Tahoma
100
AcDbText
  0
TEXT
  5
3B37
330
1F
100
AcDbEntity
  8
0
 62
2
100
AcDbText
 10
21700.0
 20
30650.0
 30
0.0
 40
240.0
  1
SERVICE / DESCRIPTION
  7
Tahoma
100
AcDbText
  0
TEXT
  5
3B38
330
1F
100
AcDbEntity
  8
0
 62
2
100
AcDbText
 10
29000.0
 20
30650.0
 30
0.0
 40
240.0
  1
STATUS
  7
Tahoma
100
AcDbText
  0
LINE
  5
3B39
330
1F
100
AcDbEntity
  8
ASHADE
 62
8
100
AcDbLine
 10
3300.0
 20
29810.0
 30
0.0
 11
31900.0
 21
29810.0
 31
0.0
  0
TEXT
  5
3B3A
330
1F
100
AcDbEntity
  8
0
 62
7
100
AcDbText
 10
3400.0
 20
29990.0
 30
0.0
 40
220.0
  1
OUT-00
  7
Tahoma
100
AcDbText
  0
TEXT
  5
3B3B
330
1F
100
AcDbEntity
  8
0
 62
7
100
AcDbText
 10
5000.0
 20
29990.0
 30
0.0
 40
220.0
  1
Pin 01
  7
Tahoma
100
AcDbText
  0
TEXT
  5
3B3C
330
1F
100
AcDbEntity
  8
0
 62
4
100
AcDbText
 10
6800.0
 20
29990.0
 30
0.0
 40
220.0
  1
P1-TBRL2-1
  7
Tahoma
100
AcDbText
  0
TEXT
  5
3B3D
330
1F
100
AcDbEntity
  8
0
 62
4
100
AcDbText
 10
10700.0
 20
29990.0
 30
0.0
 40
220.0
  1
C1S9-1/P1-TBRL2-1
  7
Tahoma
100
AcDbText
  0
TEXT
  5
3B3E
330
1F
100
AcDbEntity
  8
0
 62
7
100
AcDbText
 10
16200.0
 20
29990.0
 30
0.0
 40
220.0
  1
XV-40201E
  7
Tahoma
100
AcDbText
  0
TEXT
  5
3B3F
330
1F
100
AcDbEntity
  8
0
 62
7
100
AcDbText
 10
21700.0
 20
29990.0
 30
0.0
 40
200.0
  1

  7
Tahoma
100
AcDbText
  0
TEXT
  5
3B40
330
1F
100
AcDbEntity
  8
0
 62
3
100
AcDbText
 10
29000.0
 20
29990.0
 30
0.0
 40
220.0
  1
ACTIVE
  7
Tahoma
100
AcDbText
  0
LINE
  5
3B41
330
1F
100
AcDbEntity
  8
ASHADE
 62
8
100
AcDbLine
 10
3300.0
 20
29220.0
 30
0.0
 11
31900.0
 21
29220.0
 31
0.0
  0
TEXT
  5
3B42
330
1F
100
AcDbEntity
  8
0
 62
7
100
AcDbText
 10
3400.0
 20
29400.0
 30
0.0
 40
220.0
  1
OUT-01
  7
Tahoma
100
AcDbText
  0
TEXT
  5
3B43
330
1F
100
AcDbEntity
  8
0
 62
7
100
AcDbText
 10
5000.0
 20
29400.0
 30
0.0
 40
220.0
  1
Pin 02
  7
Tahoma
100
AcDbText
  0
TEXT
  5
3B44
330
1F
100
AcDbEntity
  8
0
 62
4
100
AcDbText
 10
6800.0
 20
29400.0
 30
0.0
 40
220.0
  1
P1-TBRL2-2
  7
Tahoma
100
AcDbText
  0
TEXT
  5
3B45
330
1F
100
AcDbEntity
  8
0
 62
4
100
AcDbText
 10
10700.0
 20
29400.0
 30
0.0
 40
220.0
  1
C1S9-2/P1-TBRL2-2
  7
Tahoma
100
AcDbText
  0
TEXT
  5
3B46
330
1F
100
AcDbEntity
  8
0
 62
7
100
AcDbText
 10
16200.0
 20
29400.0
 30
0.0
 40
220.0
  1
XV-40201F
  7
Tahoma
100
AcDbText
  0
TEXT
  5
3B47
330
1F
100
AcDbEntity
  8
0
 62
7
100
AcDbText
 10
21700.0
 20
29400.0
 30
0.0
 40
200.0
  1

  7
Tahoma
100
AcDbText
  0
TEXT
  5
3B48
330
1F
100
AcDbEntity
  8
0
 62
3
100
AcDbText
 10
29000.0
 20
29400.0
 30
0.0
 40
220.0
  1
ACTIVE
  7
Tahoma
100
AcDbText
  0
LINE
  5
3B49
330
1F
100
AcDbEntity
  8
ASHADE
 62
8
100
AcDbLine
 10
3300.0
 20
28630.0
 30
0.0
 11
31900.0
 21
28630.0
 31
0.0
  0
TEXT
  5
3B4A
330
1F
100
AcDbEntity
  8
0
 62
7
100
AcDbText
 10
3400.0
 20
28810.0
 30
0.0
 40
220.0
  1
OUT-02
  7
Tahoma
100
AcDbText
  0
TEXT
  5
3B4B
330
1F
100
AcDbEntity
  8
0
 62
7
100
AcDbText
 10
5000.0
 20
28810.0
 30
0.0
 40
220.0
  1
Pin 03
  7
Tahoma
100
AcDbText
  0
TEXT
  5
3B4C
330
1F
100
AcDbEntity
  8
0
 62
4
100
AcDbText
 10
6800.0
 20
28810.0
 30
0.0
 40
220.0
  1
P1-TBRL2-3
  7
Tahoma
100
AcDbText
  0
TEXT
  5
3B4D
330
1F
100
AcDbEntity
  8
0
 62
4
100
AcDbText
 10
10700.0
 20
28810.0
 30
0.0
 40
220.0
  1
C1S9-3/P1-TBRL2-3
  7
Tahoma
100
AcDbText
  0
TEXT
  5
3B4E
330
1F
100
AcDbEntity
  8
0
 62
7
100
AcDbText
 10
16200.0
 20
28810.0
 30
0.0
 40
220.0
  1
XV-40201G
  7
Tahoma
100
AcDbText
  0
TEXT
  5
3B4F
330
1F
100
AcDbEntity
  8
0
 62
7
100
AcDbText
 10
21700.0
 20
28810.0
 30
0.0
 40
200.0
  1

  7
Tahoma
100
AcDbText
  0
TEXT
  5
3B50
330
1F
100
AcDbEntity
  8
0
 62
3
100
AcDbText
 10
29000.0
 20
28810.0
 30
0.0
 40
220.0
  1
ACTIVE
  7
Tahoma
100
AcDbText
  0
LINE
  5
3B51
330
1F
100
AcDbEntity
  8
ASHADE
 62
8
100
AcDbLine
 10
3300.0
 20
28040.0
 30
0.0
 11
31900.0
 21
28040.0
 31
0.0
  0
TEXT
  5
3B52
330
1F
100
AcDbEntity
  8
0
 62
7
100
AcDbText
 10
3400.0
 20
28220.0
 30
0.0
 40
220.0
  1
OUT-03
  7
Tahoma
100
AcDbText
  0
TEXT
  5
3B53
330
1F
100
AcDbEntity
  8
0
 62
7
100
AcDbText
 10
5000.0
 20
28220.0
 30
0.0
 40
220.0
  1
Pin 04
  7
Tahoma
100
AcDbText
  0
TEXT
  5
3B54
330
1F
100
AcDbEntity
  8
0
 62
4
100
AcDbText
 10
6800.0
 20
28220.0
 30
0.0
 40
220.0
  1
P1-TBRL2-4
  7
Tahoma
100
AcDbText
  0
TEXT
  5
3B55
330
1F
100
AcDbEntity
  8
0
 62
4
100
AcDbText
 10
10700.0
 20
28220.0
 30
0.0
 40
220.0
  1
C1S9-4/P1-TBRL2-4
  7
Tahoma
100
AcDbText
  0
TEXT
  5
3B56
330
1F
100
AcDbEntity
  8
0
 62
7
100
AcDbText
 10
16200.0
 20
28220.0
 30
0.0
 40
220.0
  1
XV-40201H
  7
Tahoma
100
AcDbText
  0
TEXT
  5
3B57
330
1F
100
AcDbEntity
  8
0
 62
7
100
AcDbText
 10
21700.0
 20
28220.0
 30
0.0
 40
200.0
  1

  7
Tahoma
100
AcDbText
  0
TEXT
  5
3B58
330
1F
100
AcDbEntity
  8
0
 62
3
100
AcDbText
 10
29000.0
 20
28220.0
 30
0.0
 40
220.0
  1
ACTIVE
  7
Tahoma
100
AcDbText
  0
LINE
  5
3B59
330
1F
100
AcDbEntity
  8
ASHADE
 62
8
100
AcDbLine
 10
3300.0
 20
27450.0
 30
0.0
 11
31900.0
 21
27450.0
 31
0.0
  0
TEXT
  5
3B5A
330
1F
100
AcDbEntity
  8
0
 62
7
100
AcDbText
 10
3400.0
 20
27630.0
 30
0.0
 40
220.0
  1
OUT-04
  7
Tahoma
100
AcDbText
  0
TEXT
  5
3B5B
330
1F
100
AcDbEntity
  8
0
 62
7
100
AcDbText
 10
5000.0
 20
27630.0
 30
0.0
 40
220.0
  1
Pin 05
  7
Tahoma
100
AcDbText
  0
TEXT
  5
3B5C
330
1F
100
AcDbEntity
  8
0
 62
4
100
AcDbText
 10
6800.0
 20
27630.0
 30
0.0
 40
220.0
  1
P1-TBRL2-5
  7
Tahoma
100
AcDbText
  0
TEXT
  5
3B5D
330
1F
100
AcDbEntity
  8
0
 62
4
100
AcDbText
 10
10700.0
 20
27630.0
 30
0.0
 40
220.0
  1
C1S9-5/P1-TBRL2-5
  7
Tahoma
100
AcDbText
  0
TEXT
  5
3B5E
330
1F
100
AcDbEntity
  8
0
 62
7
100
AcDbText
 10
16200.0
 20
27630.0
 30
0.0
 40
220.0
  1
XV-40202A
  7
Tahoma
100
AcDbText
  0
TEXT
  5
3B5F
330
1F
100
AcDbEntity
  8
0
 62
7
100
AcDbText
 10
21700.0
 20
27630.0
 30
0.0
 40
200.0
  1

  7
Tahoma
100
AcDbText
  0
TEXT
  5
3B60
330
1F
100
AcDbEntity
  8
0
 62
3
100
AcDbText
 10
29000.0
 20
27630.0
 30
0.0
 40
220.0
  1
ACTIVE
  7
Tahoma
100
AcDbText
  0
LINE
  5
3B61
330
1F
100
AcDbEntity
  8
ASHADE
 62
8
100
AcDbLine
 10
3300.0
 20
26860.0
 30
0.0
 11
31900.0
 21
26860.0
 31
0.0
  0
TEXT
  5
3B62
330
1F
100
AcDbEntity
  8
0
 62
7
100
AcDbText
 10
3400.0
 20
27040.0
 30
0.0
 40
220.0
  1
OUT-05
  7
Tahoma
100
AcDbText
  0
TEXT
  5
3B63
330
1F
100
AcDbEntity
  8
0
 62
7
100
AcDbText
 10
5000.0
 20
27040.0
 30
0.0
 40
220.0
  1
Pin 06
  7
Tahoma
100
AcDbText
  0
TEXT
  5
3B64
330
1F
100
AcDbEntity
  8
0
 62
4
100
AcDbText
 10
6800.0
 20
27040.0
 30
0.0
 40
220.0
  1
P1-TBRL2-6
  7
Tahoma
100
AcDbText
  0
TEXT
  5
3B65
330
1F
100
AcDbEntity
  8
0
 62
4
100
AcDbText
 10
10700.0
 20
27040.0
 30
0.0
 40
220.0
  1
C1S9-6/P1-TBRL2-6
  7
Tahoma
100
AcDbText
  0
TEXT
  5
3B66
330
1F
100
AcDbEntity
  8
0
 62
7
100
AcDbText
 10
16200.0
 20
27040.0
 30
0.0
 40
220.0
  1
XV-40202B
  7
Tahoma
100
AcDbText
  0
TEXT
  5
3B67
330
1F
100
AcDbEntity
  8
0
 62
7
100
AcDbText
 10
21700.0
 20
27040.0
 30
0.0
 40
200.0
  1

  7
Tahoma
100
AcDbText
  0
TEXT
  5
3B68
330
1F
100
AcDbEntity
  8
0
 62
3
100
AcDbText
 10
29000.0
 20
27040.0
 30
0.0
 40
220.0
  1
ACTIVE
  7
Tahoma
100
AcDbText
  0
LINE
  5
3B69
330
1F
100
AcDbEntity
  8
ASHADE
 62
8
100
AcDbLine
 10
3300.0
 20
26270.0
 30
0.0
 11
31900.0
 21
26270.0
 31
0.0
  0
TEXT
  5
3B6A
330
1F
100
AcDbEntity
  8
0
 62
7
100
AcDbText
 10
3400.0
 20
26450.0
 30
0.0
 40
220.0
  1
OUT-06
  7
Tahoma
100
AcDbText
  0
TEXT
  5
3B6B
330
1F
100
AcDbEntity
  8
0
 62
7
100
AcDbText
 10
5000.0
 20
26450.0
 30
0.0
 40
220.0
  1
Pin 07
  7
Tahoma
100
AcDbText
  0
TEXT
  5
3B6C
330
1F
100
AcDbEntity
  8
0
 62
4
100
AcDbText
 10
6800.0
 20
26450.0
 30
0.0
 40
220.0
  1
P1-TBRL2-7
  7
Tahoma
100
AcDbText
  0
TEXT
  5
3B6D
330
1F
100
AcDbEntity
  8
0
 62
4
100
AcDbText
 10
10700.0
 20
26450.0
 30
0.0
 40
220.0
  1
C1S9-7/P1-TBRL2-7
  7
Tahoma
100
AcDbText
  0
TEXT
  5
3B6E
330
1F
100
AcDbEntity
  8
0
 62
7
100
AcDbText
 10
16200.0
 20
26450.0
 30
0.0
 40
220.0
  1
XV-40202C
  7
Tahoma
100
AcDbText
  0
TEXT
  5
3B6F
330
1F
100
AcDbEntity
  8
0
 62
7
100
AcDbText
 10
21700.0
 20
26450.0
 30
0.0
 40
200.0
  1

  7
Tahoma
100
AcDbText
  0
TEXT
  5
3B70
330
1F
100
AcDbEntity
  8
0
 62
3
100
AcDbText
 10
29000.0
 20
26450.0
 30
0.0
 40
220.0
  1
ACTIVE
  7
Tahoma
100
AcDbText
  0
LINE
  5
3B71
330
1F
100
AcDbEntity
  8
ASHADE
 62
8
100
AcDbLine
 10
3300.0
 20
25680.0
 30
0.0
 11
31900.0
 21
25680.0
 31
0.0
  0
TEXT
  5
3B72
330
1F
100
AcDbEntity
  8
0
 62
7
100
AcDbText
 10
3400.0
 20
25860.0
 30
0.0
 40
220.0
  1
OUT-07
  7
Tahoma
100
AcDbText
  0
TEXT
  5
3B73
330
1F
100
AcDbEntity
  8
0
 62
7
100
AcDbText
 10
5000.0
 20
25860.0
 30
0.0
 40
220.0
  1
Pin 08
  7
Tahoma
100
AcDbText
  0
TEXT
  5
3B74
330
1F
100
AcDbEntity
  8
0
 62
4
100
AcDbText
 10
6800.0
 20
25860.0
 30
0.0
 40
220.0
  1
P1-TBRL2-8
  7
Tahoma
100
AcDbText
  0
TEXT
  5
3B75
330
1F
100
AcDbEntity
  8
0
 62
4
100
AcDbText
 10
10700.0
 20
25860.0
 30
0.0
 40
220.0
  1
C1S9-8/P1-TBRL2-8
  7
Tahoma
100
AcDbText
  0
TEXT
  5
3B76
330
1F
100
AcDbEntity
  8
0
 62
7
100
AcDbText
 10
16200.0
 20
25860.0
 30
0.0
 40
220.0
  1
XV-40202D
  7
Tahoma
100
AcDbText
  0
TEXT
  5
3B77
330
1F
100
AcDbEntity
  8
0
 62
7
100
AcDbText
 10
21700.0
 20
25860.0
 30
0.0
 40
200.0
  1

  7
Tahoma
100
AcDbText
  0
TEXT
  5
3B78
330
1F
100
AcDbEntity
  8
0
 62
3
100
AcDbText
 10
29000.0
 20
25860.0
 30
0.0
 40
220.0
  1
ACTIVE
  7
Tahoma
100
AcDbText
  0
LINE
  5
3B79
330
1F
100
AcDbEntity
  8
ASHADE
 62
8
100
AcDbLine
 10
3300.0
 20
25090.0
 30
0.0
 11
31900.0
 21
25090.0
 31
0.0
  0
TEXT
  5
3B7A
330
1F
100
AcDbEntity
  8
0
 62
7
100
AcDbText
 10
3400.0
 20
25270.0
 30
0.0
 40
220.0
  1
OUT-08
  7
Tahoma
100
AcDbText
  0
TEXT
  5
3B7B
330
1F
100
AcDbEntity
  8
0
 62
7
100
AcDbText
 10
5000.0
 20
25270.0
 30
0.0
 40
220.0
  1
Pin 09
  7
Tahoma
100
AcDbText
  0
TEXT
  5
3B7C
330
1F
100
AcDbEntity
  8
0
 62
4
100
AcDbText
 10
6800.0
 20
25270.0
 30
0.0
 40
220.0
  1
P1-TBRL2-9
  7
Tahoma
100
AcDbText
  0
TEXT
  5
3B7D
330
1F
100
AcDbEntity
  8
0
 62
4
100
AcDbText
 10
10700.0
 20
25270.0
 30
0.0
 40
220.0
  1
C1S9-9/P1-TBRL2-9
  7
Tahoma
100
AcDbText
  0
TEXT
  5
3B7E
330
1F
100
AcDbEntity
  8
0
 62
7
100
AcDbText
 10
16200.0
 20
25270.0
 30
0.0
 40
220.0
  1
Spare
  7
Tahoma
100
AcDbText
  0
TEXT
  5
3B7F
330
1F
100
AcDbEntity
  8
0
 62
7
100
AcDbText
 10
21700.0
 20
25270.0
 30
0.0
 40
200.0
  1
Spare Reserve Channel
  7
Tahoma
100
AcDbText
  0
TEXT
  5
3B80
330
1F
100
AcDbEntity
  8
0
 62
8
100
AcDbText
 10
29000.0
 20
25270.0
 30
0.0
 40
220.0
  1
SPARE
  7
Tahoma
100
AcDbText
  0
LINE
  5
3B81
330
1F
100
AcDbEntity
  8
ASHADE
 62
8
100
AcDbLine
 10
3300.0
 20
24500.0
 30
0.0
 11
31900.0
 21
24500.0
 31
0.0
  0
TEXT
  5
3B82
330
1F
100
AcDbEntity
  8
0
 62
7
100
AcDbText
 10
3400.0
 20
24680.0
 30
0.0
 40
220.0
  1
OUT-09
  7
Tahoma
100
AcDbText
  0
TEXT
  5
3B83
330
1F
100
AcDbEntity
  8
0
 62
7
100
AcDbText
 10
5000.0
 20
24680.0
 30
0.0
 40
220.0
  1
Pin 10
  7
Tahoma
100
AcDbText
  0
TEXT
  5
3B84
330
1F
100
AcDbEntity
  8
0
 62
4
100
AcDbText
 10
6800.0
 20
24680.0
 30
0.0
 40
220.0
  1
P1-TBRL2-10
  7
Tahoma
100
AcDbText
  0
TEXT
  5
3B85
330
1F
100
AcDbEntity
  8
0
 62
4
100
AcDbText
 10
10700.0
 20
24680.0
 30
0.0
 40
220.0
  1
C1S9-10/P1-TBRL2-10
  7
Tahoma
100
AcDbText
  0
TEXT
  5
3B86
330
1F
100
AcDbEntity
  8
0
 62
7
100
AcDbText
 10
16200.0
 20
24680.0
 30
0.0
 40
220.0
  1
Spare
  7
Tahoma
100
AcDbText
  0
TEXT
  5
3B87
330
1F
100
AcDbEntity
  8
0
 62
7
100
AcDbText
 10
21700.0
 20
24680.0
 30
0.0
 40
200.0
  1
Spare Reserve Channel
  7
Tahoma
100
AcDbText
  0
TEXT
  5
3B88
330
1F
100
AcDbEntity
  8
0
 62
8
100
AcDbText
 10
29000.0
 20
24680.0
 30
0.0
 40
220.0
  1
SPARE
  7
Tahoma
100
AcDbText
  0
LINE
  5
3B89
330
1F
100
AcDbEntity
  8
ASHADE
 62
8
100
AcDbLine
 10
3300.0
 20
23910.0
 30
0.0
 11
31900.0
 21
23910.0
 31
0.0
  0
TEXT
  5
3B8A
330
1F
100
AcDbEntity
  8
0
 62
7
100
AcDbText
 10
3400.0
 20
24090.0
 30
0.0
 40
220.0
  1
OUT-10
  7
Tahoma
100
AcDbText
  0
TEXT
  5
3B8B
330
1F
100
AcDbEntity
  8
0
 62
7
100
AcDbText
 10
5000.0
 20
24090.0
 30
0.0
 40
220.0
  1
Pin 11
  7
Tahoma
100
AcDbText
  0
TEXT
  5
3B8C
330
1F
100
AcDbEntity
  8
0
 62
4
100
AcDbText
 10
6800.0
 20
24090.0
 30
0.0
 40
220.0
  1
P1-TBRL2-11
  7
Tahoma
100
AcDbText
  0
TEXT
  5
3B8D
330
1F
100
AcDbEntity
  8
0
 62
4
100
AcDbText
 10
10700.0
 20
24090.0
 30
0.0
 40
220.0
  1
C1S9-11/P1-TBRL2-11
  7
Tahoma
100
AcDbText
  0
TEXT
  5
3B8E
330
1F
100
AcDbEntity
  8
0
 62
7
100
AcDbText
 10
16200.0
 20
24090.0
 30
0.0
 40
220.0
  1
Spare
  7
Tahoma
100
AcDbText
  0
TEXT
  5
3B8F
330
1F
100
AcDbEntity
  8
0
 62
7
100
AcDbText
 10
21700.0
 20
24090.0
 30
0.0
 40
200.0
  1
Spare Reserve Channel
  7
Tahoma
100
AcDbText
  0
TEXT
  5
3B90
330
1F
100
AcDbEntity
  8
0
 62
8
100
AcDbText
 10
29000.0
 20
24090.0
 30
0.0
 40
220.0
  1
SPARE
  7
Tahoma
100
AcDbText
  0
LINE
  5
3B91
330
1F
100
AcDbEntity
  8
ASHADE
 62
8
100
AcDbLine
 10
3300.0
 20
23320.0
 30
0.0
 11
31900.0
 21
23320.0
 31
0.0
  0
TEXT
  5
3B92
330
1F
100
AcDbEntity
  8
0
 62
7
100
AcDbText
 10
3400.0
 20
23500.0
 30
0.0
 40
220.0
  1
OUT-11
  7
Tahoma
100
AcDbText
  0
TEXT
  5
3B93
330
1F
100
AcDbEntity
  8
0
 62
7
100
AcDbText
 10
5000.0
 20
23500.0
 30
0.0
 40
220.0
  1
Pin 12
  7
Tahoma
100
AcDbText
  0
TEXT
  5
3B94
330
1F
100
AcDbEntity
  8
0
 62
4
100
AcDbText
 10
6800.0
 20
23500.0
 30
0.0
 40
220.0
  1
P1-TBRL2-12
  7
Tahoma
100
AcDbText
  0
TEXT
  5
3B95
330
1F
100
AcDbEntity
  8
0
 62
4
100
AcDbText
 10
10700.0
 20
23500.0
 30
0.0
 40
220.0
  1
C1S9-12/P1-TBRL2-12
  7
Tahoma
100
AcDbText
  0
TEXT
  5
3B96
330
1F
100
AcDbEntity
  8
0
 62
7
100
AcDbText
 10
16200.0
 20
23500.0
 30
0.0
 40
220.0
  1
Spare
  7
Tahoma
100
AcDbText
  0
TEXT
  5
3B97
330
1F
100
AcDbEntity
  8
0
 62
7
100
AcDbText
 10
21700.0
 20
23500.0
 30
0.0
 40
200.0
  1
Spare Reserve Channel
  7
Tahoma
100
AcDbText
  0
TEXT
  5
3B98
330
1F
100
AcDbEntity
  8
0
 62
8
100
AcDbText
 10
29000.0
 20
23500.0
 30
0.0
 40
220.0
  1
SPARE
  7
Tahoma
100
AcDbText
  0
LINE
  5
3B99
330
1F
100
AcDbEntity
  8
ASHADE
 62
8
100
AcDbLine
 10
3300.0
 20
22730.0
 30
0.0
 11
31900.0
 21
22730.0
 31
0.0
  0
TEXT
  5
3B9A
330
1F
100
AcDbEntity
  8
0
 62
7
100
AcDbText
 10
3400.0
 20
22910.0
 30
0.0
 40
220.0
  1
OUT-12
  7
Tahoma
100
AcDbText
  0
TEXT
  5
3B9B
330
1F
100
AcDbEntity
  8
0
 62
7
100
AcDbText
 10
5000.0
 20
22910.0
 30
0.0
 40
220.0
  1
Pin 13
  7
Tahoma
100
AcDbText
  0
TEXT
  5
3B9C
330
1F
100
AcDbEntity
  8
0
 62
4
100
AcDbText
 10
6800.0
 20
22910.0
 30
0.0
 40
220.0
  1
P1-TBRL2-13
  7
Tahoma
100
AcDbText
  0
TEXT
  5
3B9D
330
1F
100
AcDbEntity
  8
0
 62
4
100
AcDbText
 10
10700.0
 20
22910.0
 30
0.0
 40
220.0
  1
C1S9-13/P1-TBRL2-13
  7
Tahoma
100
AcDbText
  0
TEXT
  5
3B9E
330
1F
100
AcDbEntity
  8
0
 62
7
100
AcDbText
 10
16200.0
 20
22910.0
 30
0.0
 40
220.0
  1
Spare
  7
Tahoma
100
AcDbText
  0
TEXT
  5
3B9F
330
1F
100
AcDbEntity
  8
0
 62
7
100
AcDbText
 10
21700.0
 20
22910.0
 30
0.0
 40
200.0
  1
Spare Reserve Channel
  7
Tahoma
100
AcDbText
  0
TEXT
  5
3BA0
330
1F
100
AcDbEntity
  8
0
 62
8
100
AcDbText
 10
29000.0
 20
22910.0
 30
0.0
 40
220.0
  1
SPARE
  7
Tahoma
100
AcDbText
  0
LINE
  5
3BA1
330
1F
100
AcDbEntity
  8
ASHADE
 62
8
100
AcDbLine
 10
3300.0
 20
22140.0
 30
0.0
 11
31900.0
 21
22140.0
 31
0.0
  0
TEXT
  5
3BA2
330
1F
100
AcDbEntity
  8
0
 62
7
100
AcDbText
 10
3400.0
 20
22320.0
 30
0.0
 40
220.0
  1
OUT-13
  7
Tahoma
100
AcDbText
  0
TEXT
  5
3BA3
330
1F
100
AcDbEntity
  8
0
 62
7
100
AcDbText
 10
5000.0
 20
22320.0
 30
0.0
 40
220.0
  1
Pin 14
  7
Tahoma
100
AcDbText
  0
TEXT
  5
3BA4
330
1F
100
AcDbEntity
  8
0
 62
4
100
AcDbText
 10
6800.0
 20
22320.0
 30
0.0
 40
220.0
  1
P1-TBRL2-14
  7
Tahoma
100
AcDbText
  0
TEXT
  5
3BA5
330
1F
100
AcDbEntity
  8
0
 62
4
100
AcDbText
 10
10700.0
 20
22320.0
 30
0.0
 40
220.0
  1
C1S9-14/P1-TBRL2-14
  7
Tahoma
100
AcDbText
  0
TEXT
  5
3BA6
330
1F
100
AcDbEntity
  8
0
 62
7
100
AcDbText
 10
16200.0
 20
22320.0
 30
0.0
 40
220.0
  1
Spare
  7
Tahoma
100
AcDbText
  0
TEXT
  5
3BA7
330
1F
100
AcDbEntity
  8
0
 62
7
100
AcDbText
 10
21700.0
 20
22320.0
 30
0.0
 40
200.0
  1
Spare Reserve Channel
  7
Tahoma
100
AcDbText
  0
TEXT
  5
3BA8
330
1F
100
AcDbEntity
  8
0
 62
8
100
AcDbText
 10
29000.0
 20
22320.0
 30
0.0
 40
220.0
  1
SPARE
  7
Tahoma
100
AcDbText
  0
LINE
  5
3BA9
330
1F
100
AcDbEntity
  8
ASHADE
 62
8
100
AcDbLine
 10
3300.0
 20
21550.0
 30
0.0
 11
31900.0
 21
21550.0
 31
0.0
  0
TEXT
  5
3BAA
330
1F
100
AcDbEntity
  8
0
 62
7
100
AcDbText
 10
3400.0
 20
21730.0
 30
0.0
 40
220.0
  1
OUT-14
  7
Tahoma
100
AcDbText
  0
TEXT
  5
3BAB
330
1F
100
AcDbEntity
  8
0
 62
7
100
AcDbText
 10
5000.0
 20
21730.0
 30
0.0
 40
220.0
  1
Pin 15
  7
Tahoma
100
AcDbText
  0
TEXT
  5
3BAC
330
1F
100
AcDbEntity
  8
0
 62
4
100
AcDbText
 10
6800.0
 20
21730.0
 30
0.0
 40
220.0
  1
P1-TBRL2-15
  7
Tahoma
100
AcDbText
  0
TEXT
  5
3BAD
330
1F
100
AcDbEntity
  8
0
 62
4
100
AcDbText
 10
10700.0
 20
21730.0
 30
0.0
 40
220.0
  1
C1S9-15/P1-TBRL2-15
  7
Tahoma
100
AcDbText
  0
TEXT
  5
3BAE
330
1F
100
AcDbEntity
  8
0
 62
7
100
AcDbText
 10
16200.0
 20
21730.0
 30
0.0
 40
220.0
  1
Spare
  7
Tahoma
100
AcDbText
  0
TEXT
  5
3BAF
330
1F
100
AcDbEntity
  8
0
 62
7
100
AcDbText
 10
21700.0
 20
21730.0
 30
0.0
 40
200.0
  1
Spare Reserve Channel
  7
Tahoma
100
AcDbText
  0
TEXT
  5
3BB0
330
1F
100
AcDbEntity
  8
0
 62
8
100
AcDbText
 10
29000.0
 20
21730.0
 30
0.0
 40
220.0
  1
SPARE
  7
Tahoma
100
AcDbText
  0
LINE
  5
3BB1
330
1F
100
AcDbEntity
  8
ASHADE
 62
8
100
AcDbLine
 10
3300.0
 20
20960.0
 30
0.0
 11
31900.0
 21
20960.0
 31
0.0
  0
TEXT
  5
3BB2
330
1F
100
AcDbEntity
  8
0
 62
7
100
AcDbText
 10
3400.0
 20
21140.0
 30
0.0
 40
220.0
  1
OUT-15
  7
Tahoma
100
AcDbText
  0
TEXT
  5
3BB3
330
1F
100
AcDbEntity
  8
0
 62
7
100
AcDbText
 10
5000.0
 20
21140.0
 30
0.0
 40
220.0
  1
Pin 16
  7
Tahoma
100
AcDbText
  0
TEXT
  5
3BB4
330
1F
100
AcDbEntity
  8
0
 62
4
100
AcDbText
 10
6800.0
 20
21140.0
 30
0.0
 40
220.0
  1
P1-TBRL2-16
  7
Tahoma
100
AcDbText
  0
TEXT
  5
3BB5
330
1F
100
AcDbEntity
  8
0
 62
4
100
AcDbText
 10
10700.0
 20
21140.0
 30
0.0
 40
220.0
  1
C1S9-16/P1-TBRL2-16
  7
Tahoma
100
AcDbText
  0
TEXT
  5
3BB6
330
1F
100
AcDbEntity
  8
0
 62
7
100
AcDbText
 10
16200.0
 20
21140.0
 30
0.0
 40
220.0
  1
Spare
  7
Tahoma
100
AcDbText
  0
TEXT
  5
3BB7
330
1F
100
AcDbEntity
  8
0
 62
7
100
AcDbText
 10
21700.0
 20
21140.0
 30
0.0
 40
200.0
  1
Spare Reserve Channel
  7
Tahoma
100
AcDbText
  0
TEXT
  5
3BB8
330
1F
100
AcDbEntity
  8
0
 62
8
100
AcDbText
 10
29000.0
 20
21140.0
 30
0.0
 40
220.0
  1
SPARE
  7
Tahoma
100
AcDbText
  0
LINE
  5
3BB9
330
1F
100
AcDbEntity
  8
ASHADE
 62
8
100
AcDbLine
 10
3300.0
 20
20370.0
 30
0.0
 11
31900.0
 21
20370.0
 31
0.0
  0
TEXT
  5
3BBA
330
1F
100
AcDbEntity
  8
0
 62
7
100
AcDbText
 10
3400.0
 20
20550.0
 30
0.0
 40
220.0
  1
OUT-16
  7
Tahoma
100
AcDbText
  0
TEXT
  5
3BBB
330
1F
100
AcDbEntity
  8
0
 62
7
100
AcDbText
 10
5000.0
 20
20550.0
 30
0.0
 40
220.0
  1
Pin 19
  7
Tahoma
100
AcDbText
  0
TEXT
  5
3BBC
330
1F
100
AcDbEntity
  8
0
 62
4
100
AcDbText
 10
6800.0
 20
20550.0
 30
0.0
 40
220.0
  1
P1-TBRL2-17
  7
Tahoma
100
AcDbText
  0
TEXT
  5
3BBD
330
1F
100
AcDbEntity
  8
0
 62
4
100
AcDbText
 10
10700.0
 20
20550.0
 30
0.0
 40
220.0
  1
C1S9-19/P1-TBRL2-17
  7
Tahoma
100
AcDbText
  0
TEXT
  5
3BBE
330
1F
100
AcDbEntity
  8
0
 62
7
100
AcDbText
 10
16200.0
 20
20550.0
 30
0.0
 40
220.0
  1
SV-60201
  7
Tahoma
100
AcDbText
  0
TEXT
  5
3BBF
330
1F
100
AcDbEntity
  8
0
 62
7
100
AcDbText
 10
21700.0
 20
20550.0
 30
0.0
 40
200.0
  1

  7
Tahoma
100
AcDbText
  0
TEXT
  5
3BC0
330
1F
100
AcDbEntity
  8
0
 62
3
100
AcDbText
 10
29000.0
 20
20550.0
 30
0.0
 40
220.0
  1
ACTIVE
  7
Tahoma
100
AcDbText
  0
LINE
  5
3BC1
330
1F
100
AcDbEntity
  8
ASHADE
 62
8
100
AcDbLine
 10
3300.0
 20
19780.0
 30
0.0
 11
31900.0
 21
19780.0
 31
0.0
  0
TEXT
  5
3BC2
330
1F
100
AcDbEntity
  8
0
 62
7
100
AcDbText
 10
3400.0
 20
19960.0
 30
0.0
 40
220.0
  1
OUT-17
  7
Tahoma
100
AcDbText
  0
TEXT
  5
3BC3
330
1F
100
AcDbEntity
  8
0
 62
7
100
AcDbText
 10
5000.0
 20
19960.0
 30
0.0
 40
220.0
  1
Pin 20
  7
Tahoma
100
AcDbText
  0
TEXT
  5
3BC4
330
1F
100
AcDbEntity
  8
0
 62
4
100
AcDbText
 10
6800.0
 20
19960.0
 30
0.0
 40
220.0
  1
P1-TBRL2-18
  7
Tahoma
100
AcDbText
  0
TEXT
  5
3BC5
330
1F
100
AcDbEntity
  8
0
 62
4
100
AcDbText
 10
10700.0
 20
19960.0
 30
0.0
 40
220.0
  1
C1S9-20/P1-TBRL2-18
  7
Tahoma
100
AcDbText
  0
TEXT
  5
3BC6
330
1F
100
AcDbEntity
  8
0
 62
7
100
AcDbText
 10
16200.0
 20
19960.0
 30
0.0
 40
220.0
  1
SV-60202
  7
Tahoma
100
AcDbText
  0
TEXT
  5
3BC7
330
1F
100
AcDbEntity
  8
0
 62
7
100
AcDbText
 10
21700.0
 20
19960.0
 30
0.0
 40
200.0
  1

  7
Tahoma
100
AcDbText
  0
TEXT
  5
3BC8
330
1F
100
AcDbEntity
  8
0
 62
3
100
AcDbText
 10
29000.0
 20
19960.0
 30
0.0
 40
220.0
  1
ACTIVE
  7
Tahoma
100
AcDbText
  0
LINE
  5
3BC9
330
1F
100
AcDbEntity
  8
ASHADE
 62
8
100
AcDbLine
 10
3300.0
 20
19190.0
 30
0.0
 11
31900.0
 21
19190.0
 31
0.0
  0
TEXT
  5
3BCA
330
1F
100
AcDbEntity
  8
0
 62
7
100
AcDbText
 10
3400.0
 20
19370.0
 30
0.0
 40
220.0
  1
OUT-18
  7
Tahoma
100
AcDbText
  0
TEXT
  5
3BCB
330
1F
100
AcDbEntity
  8
0
 62
7
100
AcDbText
 10
5000.0
 20
19370.0
 30
0.0
 40
220.0
  1
Pin 21
  7
Tahoma
100
AcDbText
  0
TEXT
  5
3BCC
330
1F
100
AcDbEntity
  8
0
 62
4
100
AcDbText
 10
6800.0
 20
19370.0
 30
0.0
 40
220.0
  1
P1-TBRL2-19
  7
Tahoma
100
AcDbText
  0
TEXT
  5
3BCD
330
1F
100
AcDbEntity
  8
0
 62
4
100
AcDbText
 10
10700.0
 20
19370.0
 30
0.0
 40
220.0
  1
C1S9-21/P1-TBRL2-19
  7
Tahoma
100
AcDbText
  0
TEXT
  5
3BCE
330
1F
100
AcDbEntity
  8
0
 62
7
100
AcDbText
 10
16200.0
 20
19370.0
 30
0.0
 40
220.0
  1
SV-60230
  7
Tahoma
100
AcDbText
  0
TEXT
  5
3BCF
330
1F
100
AcDbEntity
  8
0
 62
7
100
AcDbText
 10
21700.0
 20
19370.0
 30
0.0
 40
200.0
  1

  7
Tahoma
100
AcDbText
  0
TEXT
  5
3BD0
330
1F
100
AcDbEntity
  8
0
 62
3
100
AcDbText
 10
29000.0
 20
19370.0
 30
0.0
 40
220.0
  1
ACTIVE
  7
Tahoma
100
AcDbText
  0
LINE
  5
3BD1
330
1F
100
AcDbEntity
  8
ASHADE
 62
8
100
AcDbLine
 10
3300.0
 20
18600.0
 30
0.0
 11
31900.0
 21
18600.0
 31
0.0
  0
TEXT
  5
3BD2
330
1F
100
AcDbEntity
  8
0
 62
7
100
AcDbText
 10
3400.0
 20
18780.0
 30
0.0
 40
220.0
  1
OUT-19
  7
Tahoma
100
AcDbText
  0
TEXT
  5
3BD3
330
1F
100
AcDbEntity
  8
0
 62
7
100
AcDbText
 10
5000.0
 20
18780.0
 30
0.0
 40
220.0
  1
Pin 22
  7
Tahoma
100
AcDbText
  0
TEXT
  5
3BD4
330
1F
100
AcDbEntity
  8
0
 62
4
100
AcDbText
 10
6800.0
 20
18780.0
 30
0.0
 40
220.0
  1
P1-TBRL2-20
  7
Tahoma
100
AcDbText
  0
TEXT
  5
3BD5
330
1F
100
AcDbEntity
  8
0
 62
4
100
AcDbText
 10
10700.0
 20
18780.0
 30
0.0
 40
220.0
  1
C1S9-22/P1-TBRL2-20
  7
Tahoma
100
AcDbText
  0
TEXT
  5
3BD6
330
1F
100
AcDbEntity
  8
0
 62
7
100
AcDbText
 10
16200.0
 20
18780.0
 30
0.0
 40
220.0
  1
SV-60203
  7
Tahoma
100
AcDbText
  0
TEXT
  5
3BD7
330
1F
100
AcDbEntity
  8
0
 62
7
100
AcDbText
 10
21700.0
 20
18780.0
 30
0.0
 40
200.0
  1

  7
Tahoma
100
AcDbText
  0
TEXT
  5
3BD8
330
1F
100
AcDbEntity
  8
0
 62
3
100
AcDbText
 10
29000.0
 20
18780.0
 30
0.0
 40
220.0
  1
ACTIVE
  7
Tahoma
100
AcDbText
  0
LINE
  5
3BD9
330
1F
100
AcDbEntity
  8
ASHADE
 62
8
100
AcDbLine
 10
3300.0
 20
18010.0
 30
0.0
 11
31900.0
 21
18010.0
 31
0.0
  0
TEXT
  5
3BDA
330
1F
100
AcDbEntity
  8
0
 62
7
100
AcDbText
 10
3400.0
 20
18190.0
 30
0.0
 40
220.0
  1
OUT-20
  7
Tahoma
100
AcDbText
  0
TEXT
  5
3BDB
330
1F
100
AcDbEntity
  8
0
 62
7
100
AcDbText
 10
5000.0
 20
18190.0
 30
0.0
 40
220.0
  1
Pin 23
  7
Tahoma
100
AcDbText
  0
TEXT
  5
3BDC
330
1F
100
AcDbEntity
  8
0
 62
4
100
AcDbText
 10
6800.0
 20
18190.0
 30
0.0
 40
220.0
  1
P1-TBRL2-21
  7
Tahoma
100
AcDbText
  0
TEXT
  5
3BDD
330
1F
100
AcDbEntity
  8
0
 62
4
100
AcDbText
 10
10700.0
 20
18190.0
 30
0.0
 40
220.0
  1
C1S9-23/P1-TBRL2-21
  7
Tahoma
100
AcDbText
  0
TEXT
  5
3BDE
330
1F
100
AcDbEntity
  8
0
 62
7
100
AcDbText
 10
16200.0
 20
18190.0
 30
0.0
 40
220.0
  1
SV-60240A
  7
Tahoma
100
AcDbText
  0
TEXT
  5
3BDF
330
1F
100
AcDbEntity
  8
0
 62
7
100
AcDbText
 10
21700.0
 20
18190.0
 30
0.0
 40
200.0
  1

  7
Tahoma
100
AcDbText
  0
TEXT
  5
3BE0
330
1F
100
AcDbEntity
  8
0
 62
3
100
AcDbText
 10
29000.0
 20
18190.0
 30
0.0
 40
220.0
  1
ACTIVE
  7
Tahoma
100
AcDbText
  0
LINE
  5
3BE1
330
1F
100
AcDbEntity
  8
ASHADE
 62
8
100
AcDbLine
 10
3300.0
 20
17420.0
 30
0.0
 11
31900.0
 21
17420.0
 31
0.0
  0
TEXT
  5
3BE2
330
1F
100
AcDbEntity
  8
0
 62
7
100
AcDbText
 10
3400.0
 20
17600.0
 30
0.0
 40
220.0
  1
OUT-21
  7
Tahoma
100
AcDbText
  0
TEXT
  5
3BE3
330
1F
100
AcDbEntity
  8
0
 62
7
100
AcDbText
 10
5000.0
 20
17600.0
 30
0.0
 40
220.0
  1
Pin 24
  7
Tahoma
100
AcDbText
  0
TEXT
  5
3BE4
330
1F
100
AcDbEntity
  8
0
 62
4
100
AcDbText
 10
6800.0
 20
17600.0
 30
0.0
 40
220.0
  1
P1-TBRL2-22
  7
Tahoma
100
AcDbText
  0
TEXT
  5
3BE5
330
1F
100
AcDbEntity
  8
0
 62
4
100
AcDbText
 10
10700.0
 20
17600.0
 30
0.0
 40
220.0
  1
C1S9-24/P1-TBRL2-22
  7
Tahoma
100
AcDbText
  0
TEXT
  5
3BE6
330
1F
100
AcDbEntity
  8
0
 62
7
100
AcDbText
 10
16200.0
 20
17600.0
 30
0.0
 40
220.0
  1
SV-60231
  7
Tahoma
100
AcDbText
  0
TEXT
  5
3BE7
330
1F
100
AcDbEntity
  8
0
 62
7
100
AcDbText
 10
21700.0
 20
17600.0
 30
0.0
 40
200.0
  1

  7
Tahoma
100
AcDbText
  0
TEXT
  5
3BE8
330
1F
100
AcDbEntity
  8
0
 62
3
100
AcDbText
 10
29000.0
 20
17600.0
 30
0.0
 40
220.0
  1
ACTIVE
  7
Tahoma
100
AcDbText
  0
LINE
  5
3BE9
330
1F
100
AcDbEntity
  8
ASHADE
 62
8
100
AcDbLine
 10
3300.0
 20
16830.0
 30
0.0
 11
31900.0
 21
16830.0
 31
0.0
  0
TEXT
  5
3BEA
330
1F
100
AcDbEntity
  8
0
 62
7
100
AcDbText
 10
3400.0
 20
17010.0
 30
0.0
 40
220.0
  1
OUT-22
  7
Tahoma
100
AcDbText
  0
TEXT
  5
3BEB
330
1F
100
AcDbEntity
  8
0
 62
7
100
AcDbText
 10
5000.0
 20
17010.0
 30
0.0
 40
220.0
  1
Pin 25
  7
Tahoma
100
AcDbText
  0
TEXT
  5
3BEC
330
1F
100
AcDbEntity
  8
0
 62
4
100
AcDbText
 10
6800.0
 20
17010.0
 30
0.0
 40
220.0
  1
P1-TBRL2-23
  7
Tahoma
100
AcDbText
  0
TEXT
  5
3BED
330
1F
100
AcDbEntity
  8
0
 62
4
100
AcDbText
 10
10700.0
 20
17010.0
 30
0.0
 40
220.0
  1
C1S9-25/P1-TBRL2-23
  7
Tahoma
100
AcDbText
  0
TEXT
  5
3BEE
330
1F
100
AcDbEntity
  8
0
 62
7
100
AcDbText
 10
16200.0
 20
17010.0
 30
0.0
 40
220.0
  1
SV-60240B
  7
Tahoma
100
AcDbText
  0
TEXT
  5
3BEF
330
1F
100
AcDbEntity
  8
0
 62
7
100
AcDbText
 10
21700.0
 20
17010.0
 30
0.0
 40
200.0
  1

  7
Tahoma
100
AcDbText
  0
TEXT
  5
3BF0
330
1F
100
AcDbEntity
  8
0
 62
3
100
AcDbText
 10
29000.0
 20
17010.0
 30
0.0
 40
220.0
  1
ACTIVE
  7
Tahoma
100
AcDbText
  0
LINE
  5
3BF1
330
1F
100
AcDbEntity
  8
ASHADE
 62
8
100
AcDbLine
 10
3300.0
 20
16240.0
 30
0.0
 11
31900.0
 21
16240.0
 31
0.0
  0
TEXT
  5
3BF2
330
1F
100
AcDbEntity
  8
0
 62
7
100
AcDbText
 10
3400.0
 20
16420.0
 30
0.0
 40
220.0
  1
OUT-23
  7
Tahoma
100
AcDbText
  0
TEXT
  5
3BF3
330
1F
100
AcDbEntity
  8
0
 62
7
100
AcDbText
 10
5000.0
 20
16420.0
 30
0.0
 40
220.0
  1
Pin 26
  7
Tahoma
100
AcDbText
  0
TEXT
  5
3BF4
330
1F
100
AcDbEntity
  8
0
 62
4
100
AcDbText
 10
6800.0
 20
16420.0
 30
0.0
 40
220.0
  1
P1-TBRL2-24
  7
Tahoma
100
AcDbText
  0
TEXT
  5
3BF5
330
1F
100
AcDbEntity
  8
0
 62
4
100
AcDbText
 10
10700.0
 20
16420.0
 30
0.0
 40
220.0
  1
C1S9-26/P1-TBRL2-24
  7
Tahoma
100
AcDbText
  0
TEXT
  5
3BF6
330
1F
100
AcDbEntity
  8
0
 62
7
100
AcDbText
 10
16200.0
 20
16420.0
 30
0.0
 40
220.0
  1
SV-60240C
  7
Tahoma
100
AcDbText
  0
TEXT
  5
3BF7
330
1F
100
AcDbEntity
  8
0
 62
7
100
AcDbText
 10
21700.0
 20
16420.0
 30
0.0
 40
200.0
  1

  7
Tahoma
100
AcDbText
  0
TEXT
  5
3BF8
330
1F
100
AcDbEntity
  8
0
 62
3
100
AcDbText
 10
29000.0
 20
16420.0
 30
0.0
 40
220.0
  1
ACTIVE
  7
Tahoma
100
AcDbText
  0
LINE
  5
3BF9
330
1F
100
AcDbEntity
  8
ASHADE
 62
8
100
AcDbLine
 10
3300.0
 20
15650.0
 30
0.0
 11
31900.0
 21
15650.0
 31
0.0
  0
TEXT
  5
3BFA
330
1F
100
AcDbEntity
  8
0
 62
7
100
AcDbText
 10
3400.0
 20
15830.0
 30
0.0
 40
220.0
  1
OUT-24
  7
Tahoma
100
AcDbText
  0
TEXT
  5
3BFB
330
1F
100
AcDbEntity
  8
0
 62
7
100
AcDbText
 10
5000.0
 20
15830.0
 30
0.0
 40
220.0
  1
Pin 27
  7
Tahoma
100
AcDbText
  0
TEXT
  5
3BFC
330
1F
100
AcDbEntity
  8
0
 62
4
100
AcDbText
 10
6800.0
 20
15830.0
 30
0.0
 40
220.0
  1
P1-TBRL2-25
  7
Tahoma
100
AcDbText
  0
TEXT
  5
3BFD
330
1F
100
AcDbEntity
  8
0
 62
4
100
AcDbText
 10
10700.0
 20
15830.0
 30
0.0
 40
220.0
  1
C1S9-27/P1-TBRL2-25
  7
Tahoma
100
AcDbText
  0
TEXT
  5
3BFE
330
1F
100
AcDbEntity
  8
0
 62
7
100
AcDbText
 10
16200.0
 20
15830.0
 30
0.0
 40
220.0
  1
XV-60240D
  7
Tahoma
100
AcDbText
  0
TEXT
  5
3BFF
330
1F
100
AcDbEntity
  8
0
 62
7
100
AcDbText
 10
21700.0
 20
15830.0
 30
0.0
 40
200.0
  1
#N/A
  7
Tahoma
100
AcDbText
  0
TEXT
  5
3C00
330
1F
100
AcDbEntity
  8
0
 62
3
100
AcDbText
 10
29000.0
 20
15830.0
 30
0.0
 40
220.0
  1
ACTIVE
  7
Tahoma
100
AcDbText
  0
LINE
  5
3C01
330
1F
100
AcDbEntity
  8
ASHADE
 62
8
100
AcDbLine
 10
3300.0
 20
15060.0
 30
0.0
 11
31900.0
 21
15060.0
 31
0.0
  0
TEXT
  5
3C02
330
1F
100
AcDbEntity
  8
0
 62
7
100
AcDbText
 10
3400.0
 20
15240.0
 30
0.0
 40
220.0
  1
OUT-25
  7
Tahoma
100
AcDbText
  0
TEXT
  5
3C03
330
1F
100
AcDbEntity
  8
0
 62
7
100
AcDbText
 10
5000.0
 20
15240.0
 30
0.0
 40
220.0
  1
Pin 28
  7
Tahoma
100
AcDbText
  0
TEXT
  5
3C04
330
1F
100
AcDbEntity
  8
0
 62
4
100
AcDbText
 10
6800.0
 20
15240.0
 30
0.0
 40
220.0
  1
P1-TBRL2-26
  7
Tahoma
100
AcDbText
  0
TEXT
  5
3C05
330
1F
100
AcDbEntity
  8
0
 62
4
100
AcDbText
 10
10700.0
 20
15240.0
 30
0.0
 40
220.0
  1
C1S9-28/P1-TBRL2-26
  7
Tahoma
100
AcDbText
  0
TEXT
  5
3C06
330
1F
100
AcDbEntity
  8
0
 62
7
100
AcDbText
 10
16200.0
 20
15240.0
 30
0.0
 40
220.0
  1
XV-60251
  7
Tahoma
100
AcDbText
  0
TEXT
  5
3C07
330
1F
100
AcDbEntity
  8
0
 62
7
100
AcDbText
 10
21700.0
 20
15240.0
 30
0.0
 40
200.0
  1

  7
Tahoma
100
AcDbText
  0
TEXT
  5
3C08
330
1F
100
AcDbEntity
  8
0
 62
3
100
AcDbText
 10
29000.0
 20
15240.0
 30
0.0
 40
220.0
  1
ACTIVE
  7
Tahoma
100
AcDbText
  0
LINE
  5
3C09
330
1F
100
AcDbEntity
  8
ASHADE
 62
8
100
AcDbLine
 10
3300.0
 20
14470.0
 30
0.0
 11
31900.0
 21
14470.0
 31
0.0
  0
TEXT
  5
3C0A
330
1F
100
AcDbEntity
  8
0
 62
7
100
AcDbText
 10
3400.0
 20
14650.0
 30
0.0
 40
220.0
  1
OUT-26
  7
Tahoma
100
AcDbText
  0
TEXT
  5
3C0B
330
1F
100
AcDbEntity
  8
0
 62
7
100
AcDbText
 10
5000.0
 20
14650.0
 30
0.0
 40
220.0
  1
Pin 29
  7
Tahoma
100
AcDbText
  0
TEXT
  5
3C0C
330
1F
100
AcDbEntity
  8
0
 62
4
100
AcDbText
 10
6800.0
 20
14650.0
 30
0.0
 40
220.0
  1
P1-TBRL2-27
  7
Tahoma
100
AcDbText
  0
TEXT
  5
3C0D
330
1F
100
AcDbEntity
  8
0
 62
4
100
AcDbText
 10
10700.0
 20
14650.0
 30
0.0
 40
220.0
  1
C1S9-29/P1-TBRL2-27
  7
Tahoma
100
AcDbText
  0
TEXT
  5
3C0E
330
1F
100
AcDbEntity
  8
0
 62
7
100
AcDbText
 10
16200.0
 20
14650.0
 30
0.0
 40
220.0
  1
XV-60202
  7
Tahoma
100
AcDbText
  0
TEXT
  5
3C0F
330
1F
100
AcDbEntity
  8
0
 62
7
100
AcDbText
 10
21700.0
 20
14650.0
 30
0.0
 40
200.0
  1

  7
Tahoma
100
AcDbText
  0
TEXT
  5
3C10
330
1F
100
AcDbEntity
  8
0
 62
3
100
AcDbText
 10
29000.0
 20
14650.0
 30
0.0
 40
220.0
  1
ACTIVE
  7
Tahoma
100
AcDbText
  0
LINE
  5
3C11
330
1F
100
AcDbEntity
  8
ASHADE
 62
8
100
AcDbLine
 10
3300.0
 20
13880.0
 30
0.0
 11
31900.0
 21
13880.0
 31
0.0
  0
TEXT
  5
3C12
330
1F
100
AcDbEntity
  8
0
 62
7
100
AcDbText
 10
3400.0
 20
14060.0
 30
0.0
 40
220.0
  1
OUT-27
  7
Tahoma
100
AcDbText
  0
TEXT
  5
3C13
330
1F
100
AcDbEntity
  8
0
 62
7
100
AcDbText
 10
5000.0
 20
14060.0
 30
0.0
 40
220.0
  1
Pin 30
  7
Tahoma
100
AcDbText
  0
TEXT
  5
3C14
330
1F
100
AcDbEntity
  8
0
 62
4
100
AcDbText
 10
6800.0
 20
14060.0
 30
0.0
 40
220.0
  1
P1-TBRL2-28
  7
Tahoma
100
AcDbText
  0
TEXT
  5
3C15
330
1F
100
AcDbEntity
  8
0
 62
4
100
AcDbText
 10
10700.0
 20
14060.0
 30
0.0
 40
220.0
  1
C1S9-30/P1-TBRL2-28
  7
Tahoma
100
AcDbText
  0
TEXT
  5
3C16
330
1F
100
AcDbEntity
  8
0
 62
7
100
AcDbText
 10
16200.0
 20
14060.0
 30
0.0
 40
220.0
  1
XV-60205A
  7
Tahoma
100
AcDbText
  0
TEXT
  5
3C17
330
1F
100
AcDbEntity
  8
0
 62
7
100
AcDbText
 10
21700.0
 20
14060.0
 30
0.0
 40
200.0
  1

  7
Tahoma
100
AcDbText
  0
TEXT
  5
3C18
330
1F
100
AcDbEntity
  8
0
 62
3
100
AcDbText
 10
29000.0
 20
14060.0
 30
0.0
 40
220.0
  1
ACTIVE
  7
Tahoma
100
AcDbText
  0
LINE
  5
3C19
330
1F
100
AcDbEntity
  8
ASHADE
 62
8
100
AcDbLine
 10
3300.0
 20
13290.0
 30
0.0
 11
31900.0
 21
13290.0
 31
0.0
  0
TEXT
  5
3C1A
330
1F
100
AcDbEntity
  8
0
 62
7
100
AcDbText
 10
3400.0
 20
13470.0
 30
0.0
 40
220.0
  1
OUT-28
  7
Tahoma
100
AcDbText
  0
TEXT
  5
3C1B
330
1F
100
AcDbEntity
  8
0
 62
7
100
AcDbText
 10
5000.0
 20
13470.0
 30
0.0
 40
220.0
  1
Pin 31
  7
Tahoma
100
AcDbText
  0
TEXT
  5
3C1C
330
1F
100
AcDbEntity
  8
0
 62
4
100
AcDbText
 10
6800.0
 20
13470.0
 30
0.0
 40
220.0
  1
P1-TBRL2-29
  7
Tahoma
100
AcDbText
  0
TEXT
  5
3C1D
330
1F
100
AcDbEntity
  8
0
 62
4
100
AcDbText
 10
10700.0
 20
13470.0
 30
0.0
 40
220.0
  1
C1S9-31/P1-TBRL2-29
  7
Tahoma
100
AcDbText
  0
TEXT
  5
3C1E
330
1F
100
AcDbEntity
  8
0
 62
7
100
AcDbText
 10
16200.0
 20
13470.0
 30
0.0
 40
220.0
  1
Spare
  7
Tahoma
100
AcDbText
  0
TEXT
  5
3C1F
330
1F
100
AcDbEntity
  8
0
 62
7
100
AcDbText
 10
21700.0
 20
13470.0
 30
0.0
 40
200.0
  1
Spare Reserve Channel
  7
Tahoma
100
AcDbText
  0
TEXT
  5
3C20
330
1F
100
AcDbEntity
  8
0
 62
8
100
AcDbText
 10
29000.0
 20
13470.0
 30
0.0
 40
220.0
  1
SPARE
  7
Tahoma
100
AcDbText
  0
LINE
  5
3C21
330
1F
100
AcDbEntity
  8
ASHADE
 62
8
100
AcDbLine
 10
3300.0
 20
12700.0
 30
0.0
 11
31900.0
 21
12700.0
 31
0.0
  0
TEXT
  5
3C22
330
1F
100
AcDbEntity
  8
0
 62
7
100
AcDbText
 10
3400.0
 20
12880.0
 30
0.0
 40
220.0
  1
OUT-29
  7
Tahoma
100
AcDbText
  0
TEXT
  5
3C23
330
1F
100
AcDbEntity
  8
0
 62
7
100
AcDbText
 10
5000.0
 20
12880.0
 30
0.0
 40
220.0
  1
Pin 32
  7
Tahoma
100
AcDbText
  0
TEXT
  5
3C24
330
1F
100
AcDbEntity
  8
0
 62
4
100
AcDbText
 10
6800.0
 20
12880.0
 30
0.0
 40
220.0
  1
P1-TBRL2-30
  7
Tahoma
100
AcDbText
  0
TEXT
  5
3C25
330
1F
100
AcDbEntity
  8
0
 62
4
100
AcDbText
 10
10700.0
 20
12880.0
 30
0.0
 40
220.0
  1
C1S9-32/P1-TBRL2-30
  7
Tahoma
100
AcDbText
  0
TEXT
  5
3C26
330
1F
100
AcDbEntity
  8
0
 62
7
100
AcDbText
 10
16200.0
 20
12880.0
 30
0.0
 40
220.0
  1
Spare
  7
Tahoma
100
AcDbText
  0
TEXT
  5
3C27
330
1F
100
AcDbEntity
  8
0
 62
7
100
AcDbText
 10
21700.0
 20
12880.0
 30
0.0
 40
200.0
  1
Spare Reserve Channel
  7
Tahoma
100
AcDbText
  0
TEXT
  5
3C28
330
1F
100
AcDbEntity
  8
0
 62
8
100
AcDbText
 10
29000.0
 20
12880.0
 30
0.0
 40
220.0
  1
SPARE
  7
Tahoma
100
AcDbText
  0
LINE
  5
3C29
330
1F
100
AcDbEntity
  8
ASHADE
 62
8
100
AcDbLine
 10
3300.0
 20
12110.0
 30
0.0
 11
31900.0
 21
12110.0
 31
0.0
  0
TEXT
  5
3C2A
330
1F
100
AcDbEntity
  8
0
 62
7
100
AcDbText
 10
3400.0
 20
12290.0
 30
0.0
 40
220.0
  1
OUT-30
  7
Tahoma
100
AcDbText
  0
TEXT
  5
3C2B
330
1F
100
AcDbEntity
  8
0
 62
7
100
AcDbText
 10
5000.0
 20
12290.0
 30
0.0
 40
220.0
  1
Pin 33
  7
Tahoma
100
AcDbText
  0
TEXT
  5
3C2C
330
1F
100
AcDbEntity
  8
0
 62
4
100
AcDbText
 10
6800.0
 20
12290.0
 30
0.0
 40
220.0
  1
P1-TBRL2-31
  7
Tahoma
100
AcDbText
  0
TEXT
  5
3C2D
330
1F
100
AcDbEntity
  8
0
 62
4
100
AcDbText
 10
10700.0
 20
12290.0
 30
0.0
 40
220.0
  1
C1S9-33/P1-TBRL2-31
  7
Tahoma
100
AcDbText
  0
TEXT
  5
3C2E
330
1F
100
AcDbEntity
  8
0
 62
7
100
AcDbText
 10
16200.0
 20
12290.0
 30
0.0
 40
220.0
  1
Spare
  7
Tahoma
100
AcDbText
  0
TEXT
  5
3C2F
330
1F
100
AcDbEntity
  8
0
 62
7
100
AcDbText
 10
21700.0
 20
12290.0
 30
0.0
 40
200.0
  1
Spare Reserve Channel
  7
Tahoma
100
AcDbText
  0
TEXT
  5
3C30
330
1F
100
AcDbEntity
  8
0
 62
8
100
AcDbText
 10
29000.0
 20
12290.0
 30
0.0
 40
220.0
  1
SPARE
  7
Tahoma
100
AcDbText
  0
LINE
  5
3C31
330
1F
100
AcDbEntity
  8
ASHADE
 62
8
100
AcDbLine
 10
3300.0
 20
11520.0
 30
0.0
 11
31900.0
 21
11520.0
 31
0.0
  0
TEXT
  5
3C32
330
1F
100
AcDbEntity
  8
0
 62
7
100
AcDbText
 10
3400.0
 20
11700.0
 30
0.0
 40
220.0
  1
OUT-31
  7
Tahoma
100
AcDbText
  0
TEXT
  5
3C33
330
1F
100
AcDbEntity
  8
0
 62
7
100
AcDbText
 10
5000.0
 20
11700.0
 30
0.0
 40
220.0
  1
Pin 34
  7
Tahoma
100
AcDbText
  0
TEXT
  5
3C34
330
1F
100
AcDbEntity
  8
0
 62
4
100
AcDbText
 10
6800.0
 20
11700.0
 30
0.0
 40
220.0
  1
P1-TBRL2-32
  7
Tahoma
100
AcDbText
  0
TEXT
  5
3C35
330
1F
100
AcDbEntity
  8
0
 62
4
100
AcDbText
 10
10700.0
 20
11700.0
 30
0.0
 40
220.0
  1
C1S9-34/P1-TBRL2-32
  7
Tahoma
100
AcDbText
  0
TEXT
  5
3C36
330
1F
100
AcDbEntity
  8
0
 62
7
100
AcDbText
 10
16200.0
 20
11700.0
 30
0.0
 40
220.0
  1
Spare
  7
Tahoma
100
AcDbText
  0
TEXT
  5
3C37
330
1F
100
AcDbEntity
  8
0
 62
7
100
AcDbText
 10
21700.0
 20
11700.0
 30
0.0
 40
200.0
  1
Spare Reserve Channel
  7
Tahoma
100
AcDbText
  0
TEXT
  5
3C38
330
1F
100
AcDbEntity
  8
0
 62
8
100
AcDbText
 10
29000.0
 20
11700.0
 30
0.0
 40
220.0
  1
SPARE
  7
Tahoma
100
AcDbText
  0
ENDSEC
  0
SECTION
  2
OBJECTS
  0
DICTIONARY
  5
C
330
0
100
AcDbDictionary
281
1
  3
ACAD_CIP_PREVIOUS_PRODUCT_INFO
350
216
  3
ACAD_COLOR
350
6B
  3
ACAD_DETAILVIEWSTYLE
350
21B
  3
ACAD_DGNDEFINITIONS
350
283
  3
ACAD_DWFDEFINITIONS
350
282
  3
ACAD_GROUP
350
D
  3
ACAD_IMAGE_DICT
350
27B
  3
ACAD_LAYOUT
350
1A
  3
ACAD_MATERIAL
350
6A
  3
ACAD_MLEADERSTYLE
350
12D
  3
ACAD_MLINESTYLE
350
17
  3
ACAD_PDFDEFINITIONS
350
281
  3
ACAD_PLOTSETTINGS
350
19
  3
ACAD_PLOTSTYLENAME
350
E
  3
ACAD_SCALELIST
350
10C
  3
ACAD_SECTIONVIEWSTYLE
350
219
  3
ACAD_TABLESTYLE
350
7E
  3
ACAD_VISUALSTYLE
350
EF
  3
ACDB_RECOMPOSE_DATA
350
39B4
  3
AcDbVariableDictionary
350
5E
  3
EZDXF_META
350
3A98
  0
SUN
  5
27F
330
EA
100
AcDbSun
 90
1
290
0
 63
7
421
16777215
 40
1.0
291
1
 91
2455826
 92
54000000
292
0
 70
2
 71
256
280
1
  0
DICTIONARY
  5
1FF
330
2
100
AcDbDictionary
280
1
281
1
  3
ACAD_LAYERSTATES
360
200
  0
DICTIONARY
  5
E57
330
1F
100
AcDbDictionary
280
1
281
1
  3
ACAD_SORTENTS
360
13C4
  0
DICTIONARY
  5
110B
330
10DE
100
AcDbDictionary
280
1
281
1
  3
ACAD_SORTENTS
360
110C
  0
DICTIONARY
  5
1157
330
112E
100
AcDbDictionary
280
1
281
1
  3
ACAD_SORTENTS
360
1158
  0
DICTIONARY
  5
1663
330
1638
100
AcDbDictionary
280
1
281
1
  3
ACAD_SORTENTS
360
1664
  0
DICTIONARY
  5
1F4F
330
1F23
100
AcDbDictionary
280
1
281
1
  3
ACAD_SORTENTS
360
1F50
  0
DICTIONARY
  5
2648
330
261E
100
AcDbDictionary
280
1
281
1
  3
ACAD_SORTENTS
360
2649
  0
DICTIONARY
  5
2BDE
330
2BB5
100
AcDbDictionary
280
1
281
1
  3
ACAD_SORTENTS
360
2BDF
  0
DICTIONARY
  5
2FFE
330
2FD5
100
AcDbDictionary
280
1
281
1
  3
ACAD_SORTENTS
360
2FFF
  0
DICTIONARY
  5
3847
330
381E
100
AcDbDictionary
280
1
281
1
  3
ACAD_SORTENTS
360
3848
  0
XRECORD
  5
216
102
{ACAD_REACTORS
330
C
102
}
330
C
100
AcDbXrecord
280
1
300
ACD
300
2019
300

  0
DICTIONARY
  5
6B
102
{ACAD_REACTORS
330
C
102
}
330
C
100
AcDbDictionary
281
1
  0
DICTIONARY
  5
21B
102
{ACAD_REACTORS
330
C
102
}
330
C
100
AcDbDictionary
281
1
  3
Metric50
350
21C
  0
DICTIONARY
  5
283
102
{ACAD_REACTORS
330
C
102
}
330
C
100
AcDbDictionary
281
1
  0
DICTIONARY
  5
282
102
{ACAD_REACTORS
330
C
102
}
330
C
100
AcDbDictionary
281
1
  0
DICTIONARY
  5
D
102
{ACAD_REACTORS
330
C
102
}
330
C
100
AcDbDictionary
281
1
  0
DICTIONARY
  5
27B
102
{ACAD_REACTORS
330
C
102
}
330
C
100
AcDbDictionary
281
1
  0
DICTIONARY
  5
1A
102
{ACAD_REACTORS
330
C
102
}
330
C
100
AcDbDictionary
281
1
  3
Layout1
350
D3
  3
Layout2
350
D7
  3
Model
350
22
  0
DICTIONARY
  5
6A
102
{ACAD_REACTORS
330
C
102
}
330
C
100
AcDbDictionary
281
1
  3
ByBlock
350
ED
  3
ByLayer
350
EC
  3
Global
350
EE
  0
DICTIONARY
  5
12D
102
{ACAD_REACTORS
330
C
102
}
330
C
100
AcDbDictionary
281
1
  3
Annotative
350
13B
  3
Standard
350
12E
  0
DICTIONARY
  5
17
102
{ACAD_REACTORS
330
C
102
}
330
C
100
AcDbDictionary
281
1
  3
Standard
350
18
  0
DICTIONARY
  5
281
102
{ACAD_REACTORS
330
C
102
}
330
C
100
AcDbDictionary
281
1
  0
DICTIONARY
  5
19
102
{ACAD_REACTORS
330
C
102
}
330
C
100
AcDbDictionary
281
1
  0
ACDBDICTIONARYWDFLT
  5
E
102
{ACAD_REACTORS
330
C
102
}
330
C
100
AcDbDictionary
281
1
  3
Normal
350
F
100
AcDbDictionaryWithDefault
340
F
  0
DICTIONARY
  5
10C
102
{ACAD_REACTORS
330
C
102
}
330
C
100
AcDbDictionary
281
1
  3
A0
350
10D
  3
A1
350
1BE
  3
A2
350
1BF
  3
A3
350
1C0
  3
A4
350
1C1
  3
A5
350
1C2
  3
A6
350
1C3
  3
A7
350
1C4
  3
A8
350
1C5
  3
A9
350
1C6
  3
B0
350
1C7
  3
B1
350
1C8
  3
B2
350
1C9
  3
B3
350
1CA
  3
B4
350
1CB
  3
B5
350
1CC
  3
B6
350
1CD
  0
DICTIONARY
  5
219
102
{ACAD_REACTORS
330
C
102
}
330
C
100
AcDbDictionary
281
1
  3
Metric50
350
21A
  0
DICTIONARY
  5
7E
102
{ACAD_REACTORS
330
C
102
}
330
C
100
AcDbDictionary
281
1
  3
Standard
350
7F
  0
DICTIONARY
  5
EF
102
{ACAD_REACTORS
330
C
102
}
330
C
100
AcDbDictionary
281
1
  3
2dWireframe
350
F5
  3
Basic
350
F4
  3
Brighten
350
FB
  3
ColorChange
350
FF
  3
Conceptual
350
F8
  3
Dim
350
FA
  3
EdgeColorOff
350
1E6
  3
Facepattern
350
FE
  3
Flat
350
F0
  3
FlatWithEdges
350
F1
  3
Gouraud
350
F2
  3
GouraudWithEdges
350
F3
  3
Hidden
350
F7
  3
JitterOff
350
1E4
  3
Linepattern
350
FD
  3
OverhangOff
350
1E5
  3
Realistic
350
F9
  3
Shaded
350
1F3
  3
Shaded with edges
350
1F2
  3
Shades of Gray
350
1EF
  3
Sketchy
350
1F0
  3
Thicken
350
FC
  3
Wireframe
350
F6
  3
X-Ray
350
1F1
  0
XRECORD
  5
39B4
102
{ACAD_REACTORS
330
C
102
}
330
C
100
AcDbXrecord
280
1
 90
1
330
7F
  0
DICTIONARY
  5
5E
102
{ACAD_REACTORS
330
C
102
}
330
C
100
AcDbDictionary
281
1
  3
CANNOSCALE
350
146
  3
CENTEREXE
350
259
  3
CENTERLTYPEFILE
350
25A
  3
CMLEADERSTYLE
350
145
  3
CTABLESTYLE
350
84
  3
CVIEWDETAILSTYLE
350
227
  3
CVIEWSECTIONSTYLE
350
228
  3
DIMASSOC
350
5F
  3
HIDETEXT
350
63
  3
LAYEREVAL
350
1AE
  3
LAYERNOTIFY
350
1AF
  0
DICTIONARY
  5
200
102
{ACAD_REACTORS
330
1FF
102
}
330
1FF
100
AcDbDictionary
281
1
  0
SORTENTSTABLE
  5
13C4
102
{ACAD_REACTORS
330
E57
102
}
330
E57
100
AcDbSortentsTable
330
1F
  0
SORTENTSTABLE
  5
110C
102
{ACAD_REACTORS
330
110B
102
}
330
110B
100
AcDbSortentsTable
330
10DE
  0
SORTENTSTABLE
  5
1158
102
{ACAD_REACTORS
330
1157
102
}
330
1157
100
AcDbSortentsTable
330
112E
  0
SORTENTSTABLE
  5
1664
102
{ACAD_REACTORS
330
1663
102
}
330
1663
100
AcDbSortentsTable
330
1638
  0
SORTENTSTABLE
  5
1F50
102
{ACAD_REACTORS
330
1F4F
102
}
330
1F4F
100
AcDbSortentsTable
330
1F23
  0
SORTENTSTABLE
  5
2649
102
{ACAD_REACTORS
330
2648
102
}
330
2648
100
AcDbSortentsTable
330
261E
  0
SORTENTSTABLE
  5
2BDF
102
{ACAD_REACTORS
330
2BDE
102
}
330
2BDE
100
AcDbSortentsTable
330
2BB5
  0
SORTENTSTABLE
  5
2FFF
102
{ACAD_REACTORS
330
2FFE
102
}
330
2FFE
100
AcDbSortentsTable
330
2FD5
  0
SORTENTSTABLE
  5
3848
102
{ACAD_REACTORS
330
3847
102
}
330
3847
100
AcDbSortentsTable
330
381E
  0
ACDBDETAILVIEWSTYLE
  5
21C
102
{ACAD_REACTORS
330
21B
102
}
330
21B
100
AcDbModelDocViewStyle
 70
0
  3
Metric50
290
0
300
Metric50
 90
0
100
AcDbDetailViewStyle
 70
0
 71
0
 90
3
 71
1
340
11
 62
256
 40
5.0
340
0
 62
256
 40
5.0
300

 40
0.0
280
1
 71
2
340
16
 90
25
 62
256
 71
3
340
11
 62
256
 40
5.0
 90
0
 40
15.0
 90
1
300
%<\AcVar ViewDetailId>% (%<\AcVar ViewScale \f "%sn">%)
 71
4
340
16
 90
25
 62
256
340
16
 90
25
 62
256
280
0
  0
LAYOUT
  5
D3
102
{ACAD_REACTORS
330
1A
102
}
330
1A
100
AcDbPlotSettings
  1

  2
C:\Documents and Settings\basas\Application Data\Autodesk\AutoCAD 2005\R16.1\enu\plotters\Default Windows System Printer.pc3
  4

  6

 40
0.0
 41
0.0
 42
0.0
 43
0.0
 44
0.0
 45
0.0
 46
0.0
 47
0.0
 48
0.0
 49
0.0
140
0.0
141
0.0
142
1.0
143
1.0
 70
688
 72
0
 73
0
 74
5
  7

 75
16
 76
0
 77
2
 78
300
147
1.0
148
0.0
149
0.0
100
AcDbLayout
  1
Layout1
 70
1
 71
1
 10
0.0
 20
0.0
 11
12.0
 21
9.0
 12
0.0
 22
0.0
 32
0.0
 14
0.0
 24
0.0
 34
0.0
 15
0.0
 25
0.0
 35
0.0
146
0.0
 13
0.0
 23
0.0
 33
0.0
 16
1.0
 26
0.0
 36
0.0
 17
0.0
 27
1.0
 37
0.0
 76
0
330
D2
  0
LAYOUT
  5
D7
102
{ACAD_REACTORS
330
1A
102
}
330
1A
100
AcDbPlotSettings
  1

  2
C:\Documents and Settings\basas\Application Data\Autodesk\AutoCAD 2005\R16.1\enu\plotters\Default Windows System Printer.pc3
  4

  6

 40
0.0
 41
0.0
 42
0.0
 43
0.0
 44
0.0
 45
0.0
 46
0.0
 47
0.0
 48
0.0
 49
0.0
140
0.0
141
0.0
142
1.0
143
1.0
 70
688
 72
0
 73
0
 74
5
  7

 75
16
 76
0
 77
2
 78
300
147
1.0
148
0.0
149
0.0
100
AcDbLayout
  1
Layout2
 70
1
 71
2
 10
0.0
 20
0.0
 11
12.0
 21
9.0
 12
0.0
 22
0.0
 32
0.0
 14
0.0
 24
0.0
 34
0.0
 15
0.0
 25
0.0
 35
0.0
146
0.0
 13
0.0
 23
0.0
 33
0.0
 16
1.0
 26
0.0
 36
0.0
 17
0.0
 27
1.0
 37
0.0
 76
0
330
D6
  0
LAYOUT
  5
22
102
{ACAD_XDICTIONARY
360
205
102
}
102
{ACAD_REACTORS
330
1A
102
}
330
1A
100
AcDbPlotSettings
  1

  2
none_device
  4
ISO_A4_(210.00_x_297.00_MM)
  6

 40
7.5
 41
20.0
 42
7.5
 43
20.0
 44
210.0
 45
297.0
 46
11.54999923706055
 47
-13.65000009536743
 48
0.0
 49
0.0
140
0.0
141
0.0
142
1.0
143
8.704084754739808
 70
11952
 72
1
 73
0
 74
0
  7

 75
0
 76
0
 77
2
 78
300
147
0.1148885871608098
148
0.0
149
0.0
100
AcDbLayout
  1
Model
 70
1
 71
0
 10
0.0
 20
0.0
 11
12.0
 21
9.0
 12
0.0
 22
0.0
 32
0.0
 14
0.0
 24
0.0
 34
0.0
 15
134763.7768901968
 25
68687.0366350282
 35
0.0
146
0.0
 13
0.0
 23
0.0
 33
0.0
 16
1.0
 26
0.0
 36
0.0
 17
0.0
 27
1.0
 37
0.0
 76
0
330
1F
331
EA
1001
ACAD_PSEXT
1000
None
1000
None
1000
Not applicable
1000
The layout will not be plotted unless a new plotter configuration name is selected.
1070
0
  0
MATERIAL
  5
ED
102
{ACAD_XDICTIONARY
360
1F9
102
}
102
{ACAD_REACTORS
330
6A
102
}
330
6A
100
AcDbMaterial
  1
ByBlock
  2

 70
0
 40
1.0
 71
0
 41
1.0
 91
-1023410177
 42
1.0
 72
1
  3

 73
2
 74
1
 75
1
 44
0.5
 73
0
 45
1.0
 46
1.0
 77
1
  4

 78
2
 79
1
170
1
 48
1.0
171
1
  6

172
2
173
1
174
1
140
1.0
141
1.0
175
1
  7

176
2
177
1
178
1
143
1.0
179
1
  8

270
2
271
1
272
1
145
1.0
146
1.0
273
1
  9

274
2
275
1
276
1
 42
1.0
 72
1
  3

 73
1
 74
1
 75
1
 94
63
  0
MATERIAL
  5
EC
102
{ACAD_XDICTIONARY
360
1F7
102
}
102
{ACAD_REACTORS
330
6A
102
}
330
6A
100
AcDbMaterial
  1
ByLayer
  2

 70
0
 40
1.0
 71
0
 41
1.0
 91
-1023410177
 42
1.0
 72
1
  3

 73
2
 74
1
 75
1
 44
0.5
 73
0
 45
1.0
 46
1.0
 77
1
  4

 78
2
 79
1
170
1
 48
1.0
171
1
  6

172
2
173
1
174
1
140
1.0
141
1.0
175
1
  7

176
2
177
1
178
1
143
1.0
179
1
  8

270
2
271
1
272
1
145
1.0
146
1.0
273
1
  9

274
2
275
1
276
1
 42
1.0
 72
1
  3

 73
1
 74
1
 75
1
 94
63
  0
MATERIAL
  5
EE
102
{ACAD_XDICTIONARY
360
173
102
}
102
{ACAD_REACTORS
330
6A
102
}
330
6A
100
AcDbMaterial
  1
Global
  2

 70
0
 40
1.0
 71
0
 41
1.0
 91
-1023410177
 42
1.0
 72
1
  3

 73
2
 74
1
 75
1
 43
0.0007999999797903
 43
0.0
 43
0.0
 43
0.0
 43
0.0
 43
0.0007999999797903
 43
0.0
 43
0.0
 43
0.0
 43
0.0
 43
1.0
 43
0.0
 43
0.0
 43
0.0
 43
0.0
 43
1.0
 44
0.5
 73
0
 45
1.0
 46
1.0
 77
1
  4

 78
2
 79
1
170
1
 48
1.0
171
1
  6

172
2
173
1
174
1
 49
0.0007999999797903
 49
0.0
 49
0.0
 49
0.0
 49
0.0
 49
0.0007999999797903
 49
0.0
 49
0.0
 49
0.0
 49
0.0
 49
1.0
 49
0.0
 49
0.0
 49
0.0
 49
0.0
 49
1.0
140
1.0
141
1.0
175
1
  7

176
2
177
1
178
1
142
0.0007999999797903
142
0.0
142
0.0
142
0.0
142
0.0
142
0.0007999999797903
142
0.0
142
0.0
142
0.0
142
0.0
142
1.0
142
0.0
142
0.0
142
0.0
142
0.0
142
1.0
143
1.0
179
1
  8

270
2
271
1
272
1
144
0.0007999999797903
144
0.0
144
0.0
144
0.0
144
0.0
144
0.0007999999797903
144
0.0
144
0.0
144
0.0
144
0.0
144
1.0
144
0.0
144
0.0
144
0.0
144
0.0
144
1.0
145
1.0
146
1.0
273
1
  9

274
2
275
1
276
1
 42
1.0
 72
1
  3

 73
1
 74
1
 75
1
 94
63
1001
ACAD
1070
-1
1070
3
1070
0
1000

1071
0
1070
0
  0
MLEADERSTYLE
  5
13B
102
{ACAD_REACTORS
330
12D
102
}
330
12D
100
AcDbMLeaderStyle
179
2
170
2
171
1
172
0
 90
2
 40
0.0
 41
0.0
173
1
 91
-1056964608
340
14
 92
-2
290
1
 42
2.0
291
1
 43
8.0
  3
Standard
341
0
 44
4.0
300

342
11
174
1
175
1
176
0
178
1
 93
-1056964608
 45
4.0
292
0
297
0
 46
4.0
293
1
343
0
 94
-1056964608
 47
1.0
 49
1.0
140
1.0
294
1
141
0.0
177
0
142
1.0
295
0
296
1
143
3.75
271
0
272
9
273
9
298
0
  0
MLEADERSTYLE
  5
12E
102
{ACAD_REACTORS
330
12D
102
}
330
12D
100
AcDbMLeaderStyle
179
2
170
2
171
1
172
0
 90
2
 40
0.0
 41
0.0
173
1
 91
-1056964608
340
14
 92
-2
290
1
 42
2.0
291
1
 43
8.0
  3
Standard
341
0
 44
4.0
300

342
11
174
1
175
1
176
0
178
1
 93
-1056964608
 45
4.0
292
0
297
0
 46
4.0
293
1
343
0
 94
-1056964608
 47
1.0
 49
1.0
140
1.0
294
1
141
0.0
177
0
142
1.0
295
0
296
0
143
3.75
271
0
272
9
273
9
298
0
  0
MLINESTYLE
  5
18
102
{ACAD_REACTORS
330
17
102
}
330
17
100
AcDbMlineStyle
  2
STANDARD
 70
0
  3

 62
256
 51
90.0
 52
90.0
 71
2
 49
0.5
 62
256
  6
BYLAYER
 49
-0.5
 62
256
  6
BYLAYER
  0
ACDBPLACEHOLDER
  5
F
102
{ACAD_REACTORS
330
E
102
}
330
E
  0
SCALE
  5
10D
102
{ACAD_REACTORS
330
10C
102
}
330
10C
100
AcDbScale
 70
0
300
1:1
140
1.0
141
1.0
290
1
  0
SCALE
  5
1BE
102
{ACAD_REACTORS
330
10C
102
}
330
10C
100
AcDbScale
 70
0
300
1:2
140
1.0
141
2.0
290
0
  0
SCALE
  5
1BF
102
{ACAD_REACTORS
330
10C
102
}
330
10C
100
AcDbScale
 70
0
300
1:4
140
1.0
141
4.0
290
0
  0
SCALE
  5
1C0
102
{ACAD_REACTORS
330
10C
102
}
330
10C
100
AcDbScale
 70
0
300
1:5
140
1.0
141
5.0
290
0
  0
SCALE
  5
1C1
102
{ACAD_REACTORS
330
10C
102
}
330
10C
100
AcDbScale
 70
0
300
1:8
140
1.0
141
8.0
290
0
  0
SCALE
  5
1C2
102
{ACAD_REACTORS
330
10C
102
}
330
10C
100
AcDbScale
 70
0
300
1:10
140
1.0
141
10.0
290
0
  0
SCALE
  5
1C3
102
{ACAD_REACTORS
330
10C
102
}
330
10C
100
AcDbScale
 70
0
300
1:16
140
1.0
141
16.0
290
0
  0
SCALE
  5
1C4
102
{ACAD_REACTORS
330
10C
102
}
330
10C
100
AcDbScale
 70
0
300
1:20
140
1.0
141
20.0
290
0
  0
SCALE
  5
1C5
102
{ACAD_REACTORS
330
10C
102
}
330
10C
100
AcDbScale
 70
0
300
1:30
140
1.0
141
30.0
290
0
  0
SCALE
  5
1C6
102
{ACAD_REACTORS
330
10C
102
}
330
10C
100
AcDbScale
 70
0
300
1:40
140
1.0
141
40.0
290
0
  0
SCALE
  5
1C7
102
{ACAD_REACTORS
330
10C
102
}
330
10C
100
AcDbScale
 70
0
300
1:50
140
1.0
141
50.0
290
0
  0
SCALE
  5
1C8
102
{ACAD_REACTORS
330
10C
102
}
330
10C
100
AcDbScale
 70
0
300
1:100
140
1.0
141
100.0
290
0
  0
SCALE
  5
1C9
102
{ACAD_REACTORS
330
10C
102
}
330
10C
100
AcDbScale
 70
0
300
2:1
140
2.0
141
1.0
290
0
  0
SCALE
  5
1CA
102
{ACAD_REACTORS
330
10C
102
}
330
10C
100
AcDbScale
 70
0
300
4:1
140
4.0
141
1.0
290
0
  0
SCALE
  5
1CB
102
{ACAD_REACTORS
330
10C
102
}
330
10C
100
AcDbScale
 70
0
300
8:1
140
8.0
141
1.0
290
0
  0
SCALE
  5
1CC
102
{ACAD_REACTORS
330
10C
102
}
330
10C
100
AcDbScale
 70
0
300
10:1
140
10.0
141
1.0
290
0
  0
SCALE
  5
1CD
102
{ACAD_REACTORS
330
10C
102
}
330
10C
100
AcDbScale
 70
0
300
100:1
140
100.0
141
1.0
290
0
  0
ACDBSECTIONVIEWSTYLE
  5
21A
102
{ACAD_REACTORS
330
219
102
}
330
219
100
AcDbModelDocViewStyle
 70
0
  3
Metric50
290
0
300
Metric50
 90
0
100
AcDbSectionViewStyle
 70
0
 71
0
 90
102
 71
1
340
11
 62
256
 40
5.0
340
0
340
0
 62
256
 40
5.0
300
I, O, Q, S, X, Z
 40
10.0
 90
0
 40
2.5
 90
0
 71
2
340
16
 90
25
 62
256
340
16
 90
50
 62
256
 40
5.0
 40
2.5
 40
5.0
 71
3
340
11
 62
256
 40
5.0
 90
0
 40
15.0
 90
1
300
%<\AcVar ViewSectionStartId>%-%<\AcVar ViewSectionEndId>% (%<\AcVar ViewScale \f "%sn">%)
 71
4
 62
256
 62
257
300
ANSI31
 40
1.0
 90
0
290
0
290
0
 90
6
 40
0.0
 40
1.570796326794897
 40
0.2617993877991494
 40
1.308996938995747
 40
-0.2617993877991494
 40
1.832595714594046
  0
TABLESTYLE
  5
7F
102
{ACAD_XDICTIONARY
360
39B2
102
}
102
{ACAD_REACTORS
330
7E
102
}
330
7E
100
AcDbTableStyle
  3
Standard
 70
0
 71
0
 40
1.5
 41
1.5
280
0
281
0
  7
Standard
140
4.5
170
2
 62
0
 63
257
283
0
 90
512
 91
0
  1

274
-2
284
1
 64
0
275
-2
285
1
 65
0
276
-2
286
1
 66
0
277
-2
287
1
 67
0
278
-2
288
1
 68
0
279
-2
289
1
 69
0
  7
Standard
140
6.0
170
5
 62
0
 63
257
283
0
 90
512
 91
0
  1

274
-2
284
1
 64
0
275
-2
285
1
 65
0
276
-2
286
1
 66
0
277
-2
287
1
 67
0
278
-2
288
1
 68
0
279
-2
289
1
 69
0
  7
Standard
140
4.5
170
5
 62
0
 63
257
283
0
 90
512
 91
0
  1

274
-2
284
1
 64
0
275
-2
285
1
 65
0
276
-2
286
1
 66
0
277
-2
287
1
 67
0
278
-2
288
1
 68
0
279
-2
289
1
 69
0
  0
VISUALSTYLE
  5
F5
102
{ACAD_REACTORS
330
EF
102
}
330
EF
100
AcDbVisualStyle
  2
2dWireframe
 70
4
177
3
291
0
 70
58
 90
0
176
1
 90
2
176
1
 90
1
176
1
 90
0
176
1
 40
0.6
176
1
 40
30.0
176
1
 62
7
420
16777215
176
1
 90
1
176
1
 90
4
176
1
 62
7
176
1
 62
257
176
1
 90
1
176
1
 90
1
176
1
 40
1.0
176
1
 90
0
176
1
 62
257
176
1
 40
1.0
176
1
 90
1
176
1
 90
6
176
1
 90
2
176
1
 62
7
176
1
 90
5
176
1
 90
0
176
1
 90
0
176
1
290
0
176
1
 90
1
176
1
 40
0.0
176
1
 90
0
176
1
290
1
176
1
290
1
176
1
290
0
176
1
290
0
176
1
290
0
176
1
290
0
176
1
290
0
176
1
290
0
176
1
290
0
176
1
 90
50
176
1
 40
0.0
176
1
 40
1.0
176
1
 90
0
176
1
 62
18
420
0
176
1
 90
50
176
1
 90
3
176
1
 62
5
420
255
176
1
290
0
176
1
 90
50
176
1
 90
50
176
1
 90
50
176
1
290
0
176
1
 90
50
176
1
 62
256
176
0
 40
1.0
176
0
 90
2
176
1
  1
strokes_ogs.tif
176
1
290
0
176
1
 40
1.0
176
1
 40
1.0
176
1
  0
VISUALSTYLE
  5
F4
102
{ACAD_REACTORS
330
EF
102
}
330
EF
100
AcDbVisualStyle
  2
Basic
 70
7
177
3
291
1
 70
58
 90
1
176
1
 90
0
176
1
 90
1
176
1
 90
0
176
1
 40
0.6
176
1
 40
30.0
176
1
 62
7
420
16777215
176
1
 90
0
176
1
 90
4
176
1
 62
7
176
1
 62
257
176
1
 90
1
176
1
 90
1
176
1
 40
1.0
176
1
 90
8
176
1
 62
7
176
1
 40
1.0
176
1
 90
1
176
1
 90
6
176
1
 90
2
176
1
 62
7
176
1
 90
5
176
1
 90
0
176
1
 90
0
176
1
290
0
176
1
 90
1
176
1
 40
0.0
176
1
 90
0
176
1
290
0
176
1
290
1
176
1
290
1
176
1
290
0
176
1
290
0
176
1
290
0
176
1
290
0
176
1
290
0
176
1
290
0
176
1
 90
50
176
1
 40
0.0
176
1
 40
1.0
176
1
 90
0
176
1
 62
18
420
0
176
1
 90
50
176
1
 90
3
176
1
 62
5
420
255
176
1
290
0
176
1
 90
50
176
1
 90
50
176
1
 90
50
176
1
290
0
176
1
 90
50
176
1
 62
256
176
0
 40
1.0
176
0
 90
2
176
1
  1
strokes_ogs.tif
176
1
290
0
176
1
 40
1.0
176
1
 40
1.0
176
1
  0
VISUALSTYLE
  5
FB
102
{ACAD_REACTORS
330
EF
102
}
330
EF
100
AcDbVisualStyle
  2
Brighten
 70
12
177
3
291
1
 70
58
 90
2
176
1
 90
2
176
1
 90
1
176
1
 90
0
176
1
 40
0.6
176
1
 40
30.0
176
1
 62
7
420
16777215
176
1
 90
1
176
1
 90
4
176
1
 62
7
176
1
 62
257
176
1
 90
1
176
1
 90
1
176
1
 40
1.0
176
1
 90
8
176
1
 62
7
176
1
 40
1.0
176
1
 90
1
176
1
 90
6
176
1
 90
2
176
1
 62
7
176
1
 90
5
176
1
 90
0
176
1
 90
0
176
1
290
0
176
1
 90
1
176
1
 40
50.0
176
1
 90
0
176
1
290
0
176
1
290
1
176
1
290
1
176
1
290
0
176
1
290
0
176
1
290
0
176
1
290
0
176
1
290
0
176
1
290
0
176
1
 90
50
176
1
 40
0.0
176
1
 40
1.0
176
1
 90
0
176
1
 62
18
420
0
176
1
 90
50
176
1
 90
3
176
1
 62
5
420
255
176
1
290
0
176
1
 90
50
176
1
 90
50
176
1
 90
50
176
1
290
0
176
1
 90
50
176
1
 62
256
176
0
 40
1.0
176
0
 90
2
176
1
  1
strokes_ogs.tif
176
1
290
0
176
1
 40
1.0
176
1
 40
1.0
176
1
  0
VISUALSTYLE
  5
FF
102
{ACAD_REACTORS
330
EF
102
}
330
EF
100
AcDbVisualStyle
  2
ColorChange
 70
16
177
3
291
1
 70
58
 90
2
176
1
 90
2
176
1
 90
3
176
1
 90
0
176
1
 40
0.6
176
1
 40
30.0
176
1
 62
8
420
8421504
176
1
 90
1
176
1
 90
4
176
1
 62
7
176
1
 62
257
176
1
 90
1
176
1
 90
1
176
1
 40
1.0
176
1
 90
8
176
1
 62
8
420
8421504
176
1
 40
1.0
176
1
 90
1
176
1
 90
6
176
1
 90
2
176
1
 62
7
176
1
 90
5
176
1
 90
0
176
1
 90
0
176
1
290
0
176
1
 90
1
176
1
 40
0.0
176
1
 90
0
176
1
290
0
176
1
290
1
176
1
290
1
176
1
290
0
176
1
290
0
176
1
290
0
176
1
290
0
176
1
290
0
176
1
290
0
176
1
 90
50
176
1
 40
0.0
176
1
 40
1.0
176
1
 90
0
176
1
 62
18
420
0
176
1
 90
50
176
1
 90
3
176
1
 62
5
420
255
176
1
290
0
176
1
 90
50
176
1
 90
50
176
1
 90
50
176
1
290
0
176
1
 90
50
176
1
 62
256
176
0
 40
1.0
176
0
 90
2
176
1
  1
strokes_ogs.tif
176
1
290
0
176
1
 40
1.0
176
1
 40
1.0
176
1
  0
VISUALSTYLE
  5
F8
102
{ACAD_REACTORS
330
EF
102
}
330
EF
100
AcDbVisualStyle
  2
Conceptual
 70
9
177
3
291
0
 70
58
 90
3
176
1
 90
2
176
1
 90
1
176
1
 90
0
176
1
 40
0.6
176
1
 40
30.0
176
1
 62
7
420
16777215
176
1
 90
2
176
1
 90
2
176
1
 62
7
176
1
 62
257
176
1
 90
1
176
1
 90
1
176
1
 40
40.0
176
1
 90
8
176
1
 62
7
176
1
 40
1.0
176
1
 90
1
176
1
 90
6
176
1
 90
2
176
1
 62
7
176
1
 90
3
176
1
 90
0
176
1
 90
0
176
1
290
0
176
1
 90
1
176
1
 40
0.0
176
1
 90
0
176
1
290
0
176
1
290
1
176
1
290
1
176
1
290
0
176
1
290
0
176
1
290
0
176
1
290
0
176
1
290
0
176
1
290
0
176
1
 90
50
176
1
 40
0.0
176
1
 40
1.0
176
1
 90
0
176
1
 62
18
420
0
176
1
 90
50
176
1
 90
3
176
1
 62
5
420
255
176
1
290
0
176
1
 90
50
176
1
 90
50
176
1
 90
50
176
1
290
0
176
1
 90
50
176
1
 62
256
176
0
 40
1.0
176
0
 90
2
176
1
  1
strokes_ogs.tif
176
1
290
0
176
1
 40
1.0
176
1
 40
1.0
176
1
  0
VISUALSTYLE
  5
FA
102
{ACAD_REACTORS
330
EF
102
}
330
EF
100
AcDbVisualStyle
  2
Dim
 70
11
177
3
291
1
 70
58
 90
2
176
1
 90
2
176
1
 90
1
176
1
 90
0
176
1
 40
0.6
176
1
 40
30.0
176
1
 62
7
420
16777215
176
1
 90
1
176
1
 90
4
176
1
 62
7
176
1
 62
257
176
1
 90
1
176
1
 90
1
176
1
 40
1.0
176
1
 90
8
176
1
 62
7
176
1
 40
1.0
176
1
 90
1
176
1
 90
6
176
1
 90
2
176
1
 62
7
176
1
 90
5
176
1
 90
0
176
1
 90
0
176
1
290
0
176
1
 90
1
176
1
 40
-50.0
176
1
 90
0
176
1
290
0
176
1
290
1
176
1
290
1
176
1
290
0
176
1
290
0
176
1
290
0
176
1
290
0
176
1
290
0
176
1
290
0
176
1
 90
50
176
1
 40
0.0
176
1
 40
1.0
176
1
 90
0
176
1
 62
18
420
0
176
1
 90
50
176
1
 90
3
176
1
 62
5
420
255
176
1
290
0
176
1
 90
50
176
1
 90
50
176
1
 90
50
176
1
290
0
176
1
 90
50
176
1
 62
256
176
0
 40
1.0
176
0
 90
2
176
1
  1
strokes_ogs.tif
176
1
290
0
176
1
 40
1.0
176
1
 40
1.0
176
1
  0
VISUALSTYLE
  5
1E6
102
{ACAD_REACTORS
330
EF
102
}
330
EF
100
AcDbVisualStyle
  2
EdgeColorOff
 70
22
177
3
291
1
 70
58
 90
2
176
0
 90
2
176
0
 90
0
176
0
 90
0
176
0
 40
0.6
176
0
 40
30.0
176
0
 62
7
420
16777215
176
0
 90
1
176
0
 90
4
176
0
 62
7
176
0
 62
257
176
0
 90
1
176
0
 90
1
176
0
 40
1.0
176
0
 90
8
176
2
 62
7
176
0
 40
1.0
176
0
 90
1
176
0
 90
6
176
0
 90
2
176
0
 62
7
176
0
 90
5
176
0
 90
0
176
0
 90
0
176
0
290
0
176
0
 90
1
176
0
 40
0.0
176
0
 90
0
176
0
290
0
176
1
290
1
176
1
290
1
176
1
290
0
176
1
290
0
176
1
290
0
176
1
290
0
176
1
290
0
176
1
290
0
176
1
 90
50
176
1
 40
0.0
176
1
 40
1.0
176
1
 90
0
176
1
 62
18
420
0
176
1
 90
50
176
1
 90
3
176
1
 62
5
420
255
176
1
290
0
176
1
 90
50
176
1
 90
50
176
1
 90
50
176
1
290
0
176
1
 90
50
176
1
 62
256
176
0
 40
1.0
176
0
 90
2
176
1
  1
strokes_ogs.tif
176
1
290
0
176
1
 40
1.0
176
1
 40
1.0
176
1
  0
VISUALSTYLE
  5
FE
102
{ACAD_REACTORS
330
EF
102
}
330
EF
100
AcDbVisualStyle
  2
Facepattern
 70
15
177
3
291
1
 70
58
 90
2
176
1
 90
2
176
1
 90
1
176
1
 90
0
176
1
 40
0.6
176
1
 40
30.0
176
1
 62
7
420
16777215
176
1
 90
1
176
1
 90
4
176
1
 62
7
176
1
 62
257
176
1
 90
1
176
1
 90
1
176
1
 40
1.0
176
1
 90
8
176
1
 62
7
176
1
 40
1.0
176
1
 90
1
176
1
 90
6
176
1
 90
2
176
1
 62
7
176
1
 90
5
176
1
 90
0
176
1
 90
0
176
1
290
0
176
1
 90
1
176
1
 40
0.0
176
1
 90
0
176
1
290
0
176
1
290
1
176
1
290
1
176
1
290
0
176
1
290
0
176
1
290
0
176
1
290
0
176
1
290
0
176
1
290
0
176
1
 90
50
176
1
 40
0.0
176
1
 40
1.0
176
1
 90
0
176
1
 62
18
420
0
176
1
 90
50
176
1
 90
3
176
1
 62
5
420
255
176
1
290
0
176
1
 90
50
176
1
 90
50
176
1
 90
50
176
1
290
0
176
1
 90
50
176
1
 62
256
176
0
 40
1.0
176
0
 90
2
176
1
  1
strokes_ogs.tif
176
1
290
0
176
1
 40
1.0
176
1
 40
1.0
176
1
  0
VISUALSTYLE
  5
F0
102
{ACAD_REACTORS
330
EF
102
}
330
EF
100
AcDbVisualStyle
  2
Flat
 70
0
177
3
291
1
 70
58
 90
2
176
1
 90
1
176
1
 90
1
176
1
 90
2
176
1
 40
0.6
176
1
 40
30.0
176
1
 62
7
420
16777215
176
1
 90
0
176
1
 90
0
176
1
 62
7
176
1
 62
257
176
1
 90
1
176
1
 90
1
176
1
 40
1.0
176
1
 90
8
176
1
 62
7
176
1
 40
1.0
176
1
 90
1
176
1
 90
6
176
1
 90
2
176
1
 62
7
176
1
 90
5
176
1
 90
0
176
1
 90
0
176
1
290
0
176
1
 90
13
176
1
 40
0.0
176
1
 90
0
176
1
290
0
176
1
290
1
176
1
290
1
176
1
290
0
176
1
290
0
176
1
290
0
176
1
290
0
176
1
290
0
176
1
290
0
176
1
 90
50
176
1
 40
0.0
176
1
 40
1.0
176
1
 90
0
176
1
 62
18
420
0
176
1
 90
50
176
1
 90
3
176
1
 62
5
420
255
176
1
290
0
176
1
 90
50
176
1
 90
50
176
1
 90
50
176
1
290
0
176
1
 90
50
176
1
 62
256
176
0
 40
1.0
176
0
 90
2
176
1
  1
strokes_ogs.tif
176
1
290
0
176
1
 40
1.0
176
1
 40
1.0
176
1
  0
VISUALSTYLE
  5
F1
102
{ACAD_REACTORS
330
EF
102
}
330
EF
100
AcDbVisualStyle
  2
FlatWithEdges
 70
1
177
3
291
1
 70
58
 90
2
176
1
 90
1
176
1
 90
1
176
1
 90
2
176
1
 40
0.6
176
1
 40
30.0
176
1
 62
7
420
16777215
176
1
 90
1
176
1
 90
0
176
1
 62
7
176
1
 62
257
176
1
 90
1
176
1
 90
1
176
1
 40
1.0
176
1
 90
0
176
1
 62
257
176
1
 40
1.0
176
1
 90
1
176
1
 90
6
176
1
 90
2
176
1
 62
7
176
1
 90
5
176
1
 90
0
176
1
 90
0
176
1
290
0
176
1
 90
13
176
1
 40
0.0
176
1
 90
0
176
1
290
0
176
1
290
1
176
1
290
1
176
1
290
0
176
1
290
0
176
1
290
0
176
1
290
0
176
1
290
0
176
1
290
0
176
1
 90
50
176
1
 40
0.0
176
1
 40
1.0
176
1
 90
0
176
1
 62
18
420
0
176
1
 90
50
176
1
 90
3
176
1
 62
5
420
255
176
1
290
0
176
1
 90
50
176
1
 90
50
176
1
 90
50
176
1
290
0
176
1
 90
50
176
1
 62
256
176
0
 40
1.0
176
0
 90
2
176
1
  1
strokes_ogs.tif
176
1
290
0
176
1
 40
1.0
176
1
 40
1.0
176
1
  0
VISUALSTYLE
  5
F2
102
{ACAD_REACTORS
330
EF
102
}
330
EF
100
AcDbVisualStyle
  2
Gouraud
 70
2
177
3
291
1
 70
58
 90
2
176
1
 90
2
176
1
 90
1
176
1
 90
2
176
1
 40
0.6
176
1
 40
30.0
176
1
 62
7
420
16777215
176
1
 90
0
176
1
 90
0
176
1
 62
7
176
1
 62
257
176
1
 90
1
176
1
 90
1
176
1
 40
1.0
176
1
 90
0
176
1
 62
7
176
1
 40
1.0
176
1
 90
1
176
1
 90
6
176
1
 90
2
176
1
 62
7
176
1
 90
5
176
1
 90
0
176
1
 90
0
176
1
290
0
176
1
 90
13
176
1
 40
0.0
176
1
 90
0
176
1
290
0
176
1
290
1
176
1
290
1
176
1
290
0
176
1
290
0
176
1
290
0
176
1
290
0
176
1
290
0
176
1
290
0
176
1
 90
50
176
1
 40
0.0
176
1
 40
1.0
176
1
 90
0
176
1
 62
18
420
0
176
1
 90
50
176
1
 90
3
176
1
 62
5
420
255
176
1
290
0
176
1
 90
50
176
1
 90
50
176
1
 90
50
176
1
290
0
176
1
 90
50
176
1
 62
256
176
0
 40
1.0
176
0
 90
2
176
1
  1
strokes_ogs.tif
176
1
290
0
176
1
 40
1.0
176
1
 40
1.0
176
1
  0
VISUALSTYLE
  5
F3
102
{ACAD_REACTORS
330
EF
102
}
330
EF
100
AcDbVisualStyle
  2
GouraudWithEdges
 70
3
177
3
291
1
 70
58
 90
2
176
1
 90
2
176
1
 90
1
176
1
 90
2
176
1
 40
0.6
176
1
 40
30.0
176
1
 62
7
420
16777215
176
1
 90
1
176
1
 90
0
176
1
 62
7
176
1
 62
257
176
1
 90
1
176
1
 90
1
176
1
 40
1.0
176
1
 90
0
176
1
 62
257
176
1
 40
1.0
176
1
 90
1
176
1
 90
6
176
1
 90
2
176
1
 62
7
176
1
 90
5
176
1
 90
0
176
1
 90
0
176
1
290
0
176
1
 90
13
176
1
 40
0.0
176
1
 90
0
176
1
290
0
176
1
290
1
176
1
290
1
176
1
290
0
176
1
290
0
176
1
290
0
176
1
290
0
176
1
290
0
176
1
290
0
176
1
 90
50
176
1
 40
0.0
176
1
 40
1.0
176
1
 90
0
176
1
 62
18
420
0
176
1
 90
50
176
1
 90
3
176
1
 62
5
420
255
176
1
290
0
176
1
 90
50
176
1
 90
50
176
1
 90
50
176
1
290
0
176
1
 90
50
176
1
 62
256
176
0
 40
1.0
176
0
 90
2
176
1
  1
strokes_ogs.tif
176
1
290
0
176
1
 40
1.0
176
1
 40
1.0
176
1
  0
VISUALSTYLE
  5
F7
102
{ACAD_REACTORS
330
EF
102
}
330
EF
100
AcDbVisualStyle
  2
Hidden
 70
6
177
3
291
0
 70
58
 90
1
176
1
 90
2
176
1
 90
2
176
1
 90
0
176
1
 40
0.6
176
1
 40
30.0
176
1
 62
7
420
16777215
176
1
 90
2
176
1
 90
2
176
1
 62
7
176
1
 62
257
176
1
 90
2
176
1
 90
1
176
1
 40
40.0
176
1
 90
0
176
1
 62
257
176
1
 40
1.0
176
1
 90
1
176
1
 90
6
176
1
 90
2
176
1
 62
7
176
1
 90
3
176
1
 90
0
176
1
 90
0
176
1
290
0
176
1
 90
1
176
1
 40
0.0
176
1
 90
0
176
1
290
0
176
1
290
1
176
1
290
1
176
1
290
0
176
1
290
0
176
1
290
0
176
1
290
0
176
1
290
0
176
1
290
0
176
1
 90
50
176
1
 40
0.0
176
1
 40
1.0
176
1
 90
0
176
1
 62
18
420
0
176
1
 90
50
176
1
 90
3
176
1
 62
5
420
255
176
1
290
0
176
1
 90
50
176
1
 90
50
176
1
 90
50
176
1
290
0
176
1
 90
50
176
1
 62
256
176
0
 40
1.0
176
0
 90
2
176
1
  1
strokes_ogs.tif
176
1
290
0
176
1
 40
1.0
176
1
 40
1.0
176
1
  0
VISUALSTYLE
  5
1E4
102
{ACAD_REACTORS
330
EF
102
}
330
EF
100
AcDbVisualStyle
  2
JitterOff
 70
20
177
3
291
1
 70
58
 90
2
176
0
 90
2
176
0
 90
0
176
0
 90
0
176
0
 40
0.6
176
0
 40
30.0
176
0
 62
7
420
16777215
176
0
 90
1
176
0
 90
4
176
0
 62
7
176
0
 62
257
176
0
 90
1
176
0
 90
1
176
0
 40
1.0
176
0
 90
10
176
2
 62
7
176
0
 40
1.0
176
0
 90
1
176
0
 90
6
176
0
 90
2
176
0
 62
7
176
0
 90
5
176
0
 90
0
176
0
 90
0
176
0
290
0
176
0
 90
1
176
0
 40
0.0
176
0
 90
0
176
0
290
0
176
1
290
1
176
1
290
1
176
1
290
0
176
1
290
0
176
1
290
0
176
1
290
0
176
1
290
0
176
1
290
0
176
1
 90
50
176
1
 40
0.0
176
1
 40
1.0
176
1
 90
0
176
1
 62
18
420
0
176
1
 90
50
176
1
 90
3
176
1
 62
5
420
255
176
1
290
0
176
1
 90
50
176
1
 90
50
176
1
 90
50
176
1
290
0
176
1
 90
50
176
1
 62
256
176
0
 40
1.0
176
0
 90
2
176
1
  1
strokes_ogs.tif
176
1
290
0
176
1
 40
1.0
176
1
 40
1.0
176
1
  0
VISUALSTYLE
  5
FD
102
{ACAD_REACTORS
330
EF
102
}
330
EF
100
AcDbVisualStyle
  2
Linepattern
 70
14
177
3
291
1
 70
58
 90
2
176
1
 90
2
176
1
 90
1
176
1
 90
0
176
1
 40
0.6
176
1
 40
30.0
176
1
 62
7
420
16777215
176
1
 90
1
176
1
 90
4
176
1
 62
7
176
1
 62
257
176
1
 90
7
176
1
 90
7
176
1
 40
1.0
176
1
 90
8
176
1
 62
7
176
1
 40
1.0
176
1
 90
1
176
1
 90
6
176
1
 90
2
176
1
 62
7
176
1
 90
5
176
1
 90
0
176
1
 90
0
176
1
290
0
176
1
 90
1
176
1
 40
0.0
176
1
 90
0
176
1
290
0
176
1
290
1
176
1
290
1
176
1
290
0
176
1
290
0
176
1
290
0
176
1
290
0
176
1
290
0
176
1
290
0
176
1
 90
50
176
1
 40
0.0
176
1
 40
1.0
176
1
 90
0
176
1
 62
18
420
0
176
1
 90
50
176
1
 90
3
176
1
 62
5
420
255
176
1
290
0
176
1
 90
50
176
1
 90
50
176
1
 90
50
176
1
290
0
176
1
 90
50
176
1
 62
256
176
0
 40
1.0
176
0
 90
2
176
1
  1
strokes_ogs.tif
176
1
290
0
176
1
 40
1.0
176
1
 40
1.0
176
1
  0
VISUALSTYLE
  5
1E5
102
{ACAD_REACTORS
330
EF
102
}
330
EF
100
AcDbVisualStyle
  2
OverhangOff
 70
21
177
3
291
1
 70
58
 90
2
176
0
 90
2
176
0
 90
0
176
0
 90
0
176
0
 40
0.6
176
0
 40
30.0
176
0
 62
7
420
16777215
176
0
 90
1
176
0
 90
4
176
0
 62
7
176
0
 62
257
176
0
 90
1
176
0
 90
1
176
0
 40
1.0
176
0
 90
9
176
2
 62
7
176
0
 40
1.0
176
0
 90
1
176
0
 90
6
176
0
 90
2
176
0
 62
7
176
0
 90
5
176
0
 90
0
176
0
 90
0
176
0
290
0
176
0
 90
1
176
0
 40
0.0
176
0
 90
0
176
0
290
0
176
1
290
1
176
1
290
1
176
1
290
0
176
1
290
0
176
1
290
0
176
1
290
0
176
1
290
0
176
1
290
0
176
1
 90
50
176
1
 40
0.0
176
1
 40
1.0
176
1
 90
0
176
1
 62
18
420
0
176
1
 90
50
176
1
 90
3
176
1
 62
5
420
255
176
1
290
0
176
1
 90
50
176
1
 90
50
176
1
 90
50
176
1
290
0
176
1
 90
50
176
1
 62
256
176
0
 40
1.0
176
0
 90
2
176
1
  1
strokes_ogs.tif
176
1
290
0
176
1
 40
1.0
176
1
 40
1.0
176
1
  0
VISUALSTYLE
  5
F9
102
{ACAD_REACTORS
330
EF
102
}
330
EF
100
AcDbVisualStyle
  2
Realistic
 70
8
177
3
291
0
 70
58
 90
2
176
1
 90
3
176
1
 90
0
176
1
 90
2
176
1
 40
0.6
176
1
 40
30.0
176
1
 62
7
420
16777215
176
1
 90
0
176
1
 90
0
176
1
 62
7
176
1
 62
257
176
1
 90
1
176
1
 90
1
176
1
 40
1.0
176
1
 90
8
176
1
 62
257
176
1
 40
1.0
176
1
 90
1
176
1
 90
6
176
1
 90
2
176
1
 62
7
176
1
 90
3
176
1
 90
0
176
1
 90
0
176
1
290
0
176
1
 90
13
176
1
 40
0.0
176
1
 90
0
176
1
290
0
176
1
290
1
176
1
290
1
176
1
290
0
176
1
290
0
176
1
290
0
176
1
290
0
176
1
290
0
176
1
290
0
176
1
 90
50
176
1
 40
0.0
176
1
 40
1.0
176
1
 90
0
176
1
 62
18
420
0
176
1
 90
50
176
1
 90
3
176
1
 62
5
420
255
176
1
290
0
176
1
 90
50
176
1
 90
50
176
1
 90
50
176
1
290
0
176
1
 90
50
176
1
 62
256
176
0
 40
1.0
176
0
 90
2
176
1
  1
strokes_ogs.tif
176
1
290
0
176
1
 40
1.0
176
1
 40
1.0
176
1
  0
VISUALSTYLE
  5
1F3
102
{ACAD_REACTORS
330
EF
102
}
330
EF
100
AcDbVisualStyle
  2
Shaded
 70
27
177
3
291
0
 70
58
 90
2
176
1
 90
2
176
1
 90
1
176
1
 90
2
176
1
 40
0.6
176
1
 40
30.0
176
1
 62
7
420
16777215
176
1
 90
0
176
1
 90
4
176
1
 62
7
176
1
 62
257
176
1
 90
1
176
1
 90
1
176
1
 40
1.0
176
1
 90
8
176
1
 62
257
176
1
 40
1.0
176
1
 90
1
176
1
 90
6
176
1
 90
2
176
1
 62
8
420
7895160
176
1
 90
3
176
1
 90
0
176
1
 90
0
176
1
290
0
176
1
 90
5
176
1
 40
0.0
176
1
 90
0
176
1
290
0
176
1
290
1
176
1
290
1
176
1
290
0
176
1
290
0
176
1
290
0
176
1
290
0
176
1
290
0
176
1
290
0
176
1
 90
50
176
1
 40
0.0
176
1
 40
1.0
176
1
 90
0
176
1
 62
18
420
0
176
1
 90
50
176
1
 90
3
176
1
 62
5
420
255
176
1
290
0
176
1
 90
50
176
1
 90
50
176
1
 90
50
176
1
290
0
176
1
 90
50
176
1
 62
256
176
0
 40
1.0
176
0
 90
2
176
1
  1
strokes_ogs.tif
176
1
290
0
176
1
 40
1.0
176
1
 40
1.0
176
1
  0
VISUALSTYLE
  5
1F2
102
{ACAD_REACTORS
330
EF
102
}
330
EF
100
AcDbVisualStyle
  2
Shaded with edges
 70
26
177
3
291
0
 70
58
 90
2
176
1
 90
2
176
1
 90
1
176
1
 90
2
176
1
 40
0.6
176
1
 40
30.0
176
1
 62
7
420
16777215
176
1
 90
1
176
1
 90
2
176
1
 62
7
176
1
 62
257
176
1
 90
2
176
1
 90
1
176
1
 40
1.0
176
1
 90
8
176
1
 62
257
176
1
 40
1.0
176
1
 90
1
176
1
 90
6
176
1
 90
2
176
1
 62
7
176
1
 90
3
176
1
 90
0
176
1
 90
0
176
1
290
0
176
1
 90
5
176
1
 40
0.0
176
1
 90
0
176
1
290
0
176
1
290
1
176
1
290
1
176
1
290
0
176
1
290
0
176
1
290
0
176
1
290
0
176
1
290
0
176
1
290
0
176
1
 90
50
176
1
 40
0.0
176
1
 40
1.0
176
1
 90
0
176
1
 62
18
420
0
176
1
 90
50
176
1
 90
3
176
1
 62
5
420
255
176
1
290
0
176
1
 90
50
176
1
 90
50
176
1
 90
50
176
1
290
0
176
1
 90
50
176
1
 62
256
176
0
 40
1.0
176
0
 90
2
176
1
  1
strokes_ogs.tif
176
1
290
0
176
1
 40
1.0
176
1
 40
1.0
176
1
  0
VISUALSTYLE
  5
1EF
102
{ACAD_REACTORS
330
EF
102
}
330
EF
100
AcDbVisualStyle
  2
Shades of Gray
 70
23
177
3
291
0
 70
58
 90
2
176
1
 90
2
176
1
 90
3
176
1
 90
0
176
1
 40
0.6
176
1
 40
30.0
176
1
 62
7
420
16777215
176
1
 90
2
176
1
 90
2
176
1
 62
7
176
1
 62
7
176
1
 90
1
176
1
 90
1
176
1
 40
40.0
176
1
 90
8
176
1
 62
7
176
1
 40
1.0
176
1
 90
1
176
1
 90
6
176
1
 90
2
176
1
 62
7
176
1
 90
3
176
1
 90
0
176
1
 90
0
176
1
290
0
176
1
 90
1
176
1
 40
0.0
176
1
 90
0
176
1
290
0
176
1
290
1
176
1
290
1
176
1
290
0
176
1
290
0
176
1
290
0
176
1
290
0
176
1
290
0
176
1
290
0
176
1
 90
50
176
1
 40
0.0
176
1
 40
1.0
176
1
 90
0
176
1
 62
18
420
0
176
1
 90
50
176
1
 90
3
176
1
 62
5
420
255
176
1
290
0
176
1
 90
50
176
1
 90
50
176
1
 90
50
176
1
290
0
176
1
 90
50
176
1
 62
256
176
0
 40
1.0
176
0
 90
2
176
1
  1
strokes_ogs.tif
176
1
290
0
176
1
 40
1.0
176
1
 40
1.0
176
1
  0
VISUALSTYLE
  5
1F0
102
{ACAD_REACTORS
330
EF
102
}
330
EF
100
AcDbVisualStyle
  2
Sketchy
 70
24
177
3
291
0
 70
58
 90
1
176
1
 90
2
176
1
 90
2
176
1
 90
0
176
1
 40
0.6
176
1
 40
30.0
176
1
 62
7
420
16777215
176
1
 90
2
176
1
 90
2
176
1
 62
7
176
1
 62
7
176
1
 90
1
176
1
 90
1
176
1
 40
40.0
176
1
 90
11
176
1
 62
7
176
1
 40
1.0
176
1
 90
1
176
1
 90
6
176
1
 90
2
176
1
 62
7
176
1
 90
6
176
1
 90
0
176
1
 90
0
176
1
290
0
176
1
 90
1
176
1
 40
0.0
176
1
 90
0
176
1
290
0
176
1
290
1
176
1
290
1
176
1
290
0
176
1
290
0
176
1
290
0
176
1
290
0
176
1
290
0
176
1
290
0
176
1
 90
50
176
1
 40
0.0
176
1
 40
1.0
176
1
 90
0
176
1
 62
18
420
0
176
1
 90
50
176
1
 90
3
176
1
 62
5
420
255
176
1
290
0
176
1
 90
50
176
1
 90
50
176
1
 90
50
176
1
290
0
176
1
 90
50
176
1
 62
256
176
0
 40
1.0
176
0
 90
2
176
1
  1
strokes_ogs.tif
176
1
290
0
176
1
 40
1.0
176
1
 40
1.0
176
1
  0
VISUALSTYLE
  5
FC
102
{ACAD_REACTORS
330
EF
102
}
330
EF
100
AcDbVisualStyle
  2
Thicken
 70
13
177
3
291
1
 70
58
 90
2
176
1
 90
2
176
1
 90
1
176
1
 90
0
176
1
 40
0.6
176
1
 40
30.0
176
1
 62
7
420
16777215
176
1
 90
1
176
1
 90
4
176
1
 62
7
176
1
 62
257
176
1
 90
1
176
1
 90
1
176
1
 40
1.0
176
1
 90
12
176
1
 62
7
176
1
 40
1.0
176
1
 90
1
176
1
 90
6
176
1
 90
2
176
1
 62
7
176
1
 90
5
176
1
 90
0
176
1
 90
0
176
1
290
0
176
1
 90
1
176
1
 40
0.0
176
1
 90
0
176
1
290
0
176
1
290
1
176
1
290
1
176
1
290
0
176
1
290
0
176
1
290
0
176
1
290
0
176
1
290
0
176
1
290
0
176
1
 90
50
176
1
 40
0.0
176
1
 40
1.0
176
1
 90
0
176
1
 62
18
420
0
176
1
 90
50
176
1
 90
3
176
1
 62
5
420
255
176
1
290
0
176
1
 90
50
176
1
 90
50
176
1
 90
50
176
1
290
0
176
1
 90
50
176
1
 62
256
176
0
 40
1.0
176
0
 90
2
176
1
  1
strokes_ogs.tif
176
1
290
0
176
1
 40
1.0
176
1
 40
1.0
176
1
  0
VISUALSTYLE
  5
F6
102
{ACAD_REACTORS
330
EF
102
}
330
EF
100
AcDbVisualStyle
  2
Wireframe
 70
5
177
3
291
0
 70
58
 90
0
176
1
 90
2
176
1
 90
0
176
1
 90
0
176
1
 40
0.6
176
1
 40
30.0
176
1
 62
7
420
16777215
176
1
 90
1
176
1
 90
4
176
1
 62
7
176
1
 62
257
176
1
 90
1
176
1
 90
1
176
1
 40
1.0
176
1
 90
0
176
1
 62
257
176
1
 40
1.0
176
1
 90
1
176
1
 90
6
176
1
 90
2
176
1
 62
7
176
1
 90
3
176
1
 90
0
176
1
 90
0
176
1
290
0
176
1
 90
1
176
1
 40
0.0
176
1
 90
0
176
1
290
0
176
1
290
1
176
1
290
1
176
1
290
0
176
1
290
0
176
1
290
0
176
1
290
0
176
1
290
0
176
1
290
0
176
1
 90
50
176
1
 40
0.0
176
1
 40
1.0
176
1
 90
0
176
1
 62
18
420
0
176
1
 90
50
176
1
 90
3
176
1
 62
5
420
255
176
1
290
0
176
1
 90
50
176
1
 90
50
176
1
 90
50
176
1
290
0
176
1
 90
50
176
1
 62
256
176
0
 40
1.0
176
0
 90
2
176
1
  1
strokes_ogs.tif
176
1
290
0
176
1
 40
1.0
176
1
 40
1.0
176
1
  0
VISUALSTYLE
  5
1F1
102
{ACAD_REACTORS
330
EF
102
}
330
EF
100
AcDbVisualStyle
  2
X-Ray
 70
25
177
3
291
0
 70
58
 90
2
176
1
 90
2
176
1
 90
1
176
1
 90
1
176
1
 40
0.5
176
1
 40
30.0
176
1
 62
7
420
16777215
176
1
 90
1
176
1
 90
0
176
1
 62
7
176
1
 62
257
176
1
 90
1
176
1
 90
1
176
1
 40
1.0
176
1
 90
8
176
1
 62
7
176
1
 40
1.0
176
1
 90
1
176
1
 90
6
176
1
 90
2
176
1
 62
7
176
1
 90
3
176
1
 90
0
176
1
 90
0
176
1
290
0
176
1
 90
13
176
1
 40
0.0
176
1
 90
0
176
1
290
0
176
1
290
1
176
1
290
1
176
1
290
0
176
1
290
0
176
1
290
0
176
1
290
0
176
1
290
0
176
1
290
0
176
1
 90
50
176
1
 40
0.0
176
1
 40
1.0
176
1
 90
0
176
1
 62
18
420
0
176
1
 90
50
176
1
 90
3
176
1
 62
5
420
255
176
1
290
0
176
1
 90
50
176
1
 90
50
176
1
 90
50
176
1
290
0
176
1
 90
50
176
1
 62
256
176
0
 40
1.0
176
0
 90
2
176
1
  1
strokes_ogs.tif
176
1
290
0
176
1
 40
1.0
176
1
 40
1.0
176
1
  0
DICTIONARYVAR
  5
146
102
{ACAD_REACTORS
330
5E
102
}
330
5E
100
DictionaryVariables
280
0
  1
1:1
  0
DICTIONARYVAR
  5
259
102
{ACAD_REACTORS
330
5E
102
}
330
5E
100
DictionaryVariables
280
0
  1
3.500000
  0
DICTIONARYVAR
  5
25A
102
{ACAD_REACTORS
330
5E
102
}
330
5E
100
DictionaryVariables
280
0
  1
gcadiso.dwt
  0
DICTIONARYVAR
  5
145
102
{ACAD_REACTORS
330
5E
102
}
330
5E
100
DictionaryVariables
280
0
  1
Standard
  0
DICTIONARYVAR
  5
84
102
{ACAD_REACTORS
330
5E
102
}
330
5E
100
DictionaryVariables
280
0
  1
Standard
  0
DICTIONARYVAR
  5
227
102
{ACAD_REACTORS
330
5E
102
}
330
5E
100
DictionaryVariables
280
0
  1
Metric50
  0
DICTIONARYVAR
  5
228
102
{ACAD_REACTORS
330
5E
102
}
330
5E
100
DictionaryVariables
280
0
  1
Metric50
  0
DICTIONARYVAR
  5
5F
102
{ACAD_REACTORS
330
5E
102
}
330
5E
100
DictionaryVariables
280
0
  1
2
  0
DICTIONARYVAR
  5
63
102
{ACAD_REACTORS
330
5E
102
}
330
5E
100
DictionaryVariables
280
0
  1
1
  0
DICTIONARYVAR
  5
1AE
102
{ACAD_REACTORS
330
5E
102
}
330
5E
100
DictionaryVariables
280
0
  1
0
  0
DICTIONARYVAR
  5
1AF
102
{ACAD_REACTORS
330
5E
102
}
330
5E
100
DictionaryVariables
280
0
  1
0
  0
DICTIONARY
  5
205
330
22
100
AcDbDictionary
280
1
281
1
  0
DICTIONARY
  5
1F9
330
ED
100
AcDbDictionary
280
1
281
1
  3
FBXASSET
360
1FA
  0
DICTIONARY
  5
1F7
330
EC
100
AcDbDictionary
280
1
281
1
  3
FBXASSET
360
1F8
  0
DICTIONARY
  5
173
330
EE
100
AcDbDictionary
280
1
281
1
  3
FBXASSET
360
1FB
  0
DICTIONARY
  5
39B2
330
7F
100
AcDbDictionary
280
1
281
1
  3
ACAD_ROUNDTRIP_2008_TABLESTYLE_CELLSTYLEMAP
360
39B3
  0
XRECORD
  5
1FA
102
{ACAD_REACTORS
330
1F9
102
}
330
1F9
100
AcDbXrecord
280
1
 70
1
 90
429727718
  1
D62C5603-E3A1-4AEA-B7FB-FE5D8D0755AF
310
504B03040A0000080000CC70623B3DEE336E79000000790000001B0000006175746F6465736B2D64657369676E2D7061636B6167652E786D6C3C3F786D6C2076657273696F6E3D22312E302220656E636F64696E673D227574662D3822203F3E3C666F726D6174733E3C666F726D61743E687474703A2F2F736368656D612E
310
6175746F6465736B2E636F6D2F64657369676E2D7061636B6167652F323030393C2F666F726D61743E3C2F666F726D6174733E504B0304140006080800CC70623BD486FD9CA0000000F4000000130000005B436F6E74656E745F54797065735D2E786D6C7D8EC10E82300C865F65E91D8A1E8C310C0EEA1BF002731658846E
310
D98AC1B77784ABF1D8FE5FBFBF75BBCE937A534CCEB38643598122B6FEE978D0B0485F9C41B54DDD7D022595594E1A469170414C76A4D9A4D207E29CF43ECE46F218070CC6BECC4078ACAA135ACF422C856C0E68EA1BF5669944DDD7BCDE7B1F8E415D77AECB980613C2E4AC91FC167A2B244592486606FC29C8FD7F045B9A
310
EF7053A7E60B504B0304140006080800CC70623B853B8169EB0000007C01000008000000636F72652E786D6C8D90416EC3201045AF62CDB6C206821CC7C244919D9CA01740401C94182C03558F5F9C3852BBEB6A467FFE9B197D7EFC9E1EC5975982F5AE035262288C535E5B377690E21535501C055FBC8FBF6C503839990E
310
5619041F179FE64D52DE45E362569DD7661365082642A11EB9E920A89B99642953CC8E702F67A9EE7234257977194EC9EAE275C4EABCCF5EAD5940D4AC6F0E35A568B8F43562CD7046CD199FD07E60174276A7BE677B5EADB0E0D14EEFFB6A31321A0D82627C4084204C3F096B71DD52F6819B16635EADF63F509AF53FA164
310
5DDCD1EDDD17164090FCC8732078B56691CB33A85CD7DCC40F504B0304140006080800CC70623B55019EA25F0000007C00000007000000636E782E786D6C4DCB3B0E80201045D1AD90E915ED2CF8AC45050C11660C8261F98AB1B07AC9C97D42D718D865D3E909258CFD00CCE24AC6E326A164D74DC0B4128928FF32603847
310
2BA13128B1252AC747C6BAB984FC68F0B87FE8960A5C09FE86CFB69FBA01504B0304140006080800CC70623BDBABAAF470010000D40300000C0000006662782F636F72652E786D6CC553D16E823014FD95A6AF4B694182CC941A83FA05FB810A9511A125A5257EFE2E82712ECEB8A7F100CD39F7F69E734AF9FADC366850B6
310
AF8DCE7018308C942E4C59EB2AC3DE1D498AD15A706B8CFB56869196ADCAF00863C12B6B7C374385D14E6907A836A59A41D9F7CA615434B0C8705F7CAA5606D23BA8E84F41278B93AC54100640439DE0BDB320004D43C63716C7C399D30917DCFBBA9CD9BA8469F5B156168B24CED3F7248AC8769F27244EB73B92EED8862C
310
B7F13E0C179B3C8F979C8ECD82BBBABDAA2BAC924E9558448CBD9330242CFA08E3154B5651FCC6D215639C8EE5774DBE2B5F6CF2B5768B68963BB5F5588420E442FC700B1139D4CB01F450C1E918227C2E09DF070D8140C84E1E9AAB8F1340832A9CB13130A5F1376A908D57309505ECF2A0DF179C4E9D30F5B239B87E3823
310
7A79C6F31DE1A8A5AEC08474B03C7837EAE4938639B44E5932B833D2C6B6B279CDC613877FA26EE21F4A2A4C63EC7F29A2F301D1F9F7A0E37D145F504B0304140006080800CC70623B9C113CC27E0000009D0000000B0000006662782F636E782E786D6C4DCCDF0A83201C86E15B91DFB94BFB330DD428C8FB886521330DA7
310
6397BF1A1DECE883878F57749FCDA1B7892F1BBC047A23808C7F84D9FA55424E0BE6803A256208E9EF06C84F9B91703228B1C690F78B66B34CD9A5439DF5CF0BFBF65E35BCA1B8D6A5C6F540381E886698B5741C695F9503EBA150A2F8958E3DC3EA0B504B0304140006080800CC70623B7DF2F77C2A010000120200003100
310
00006662782F41393633353835312D344632462D344230382D423046372D3739314545314133324237412F636F72652E786D6C8D51DB8EC22014FC15C2939B0D2DB4B45643319AE817EC0F6041255A68B86CFCFC856D4D76DF7CE190393373060EDB3DC707F856CE6B6B7A480A0C81328395DA5C7B18C3057510EC3873D686
310
3F34088C18550F330C39BB3A1BA7051AAC09CA84841A2BD5020AEF55806078A44B0FFD7053A328440C89E1EFC52486BBB8AA8214A99D789CF9E05200300FC927E4FB4D5B375D43103D5527440FB843077C5AA3F5861C8F645F5787F59E95B390B318B55CE45AA638FAA2957BD7248B390B7A7CC51F9C124149C82B8C378810
310
84AB2F42B7B8DD56F413775B8C5999E9FF4471926F8AA236A1AE96B8B3CC434E5839373893369E1FAF30EA395917409EB7F26AF8801C171837A4A6AC9C89E9F9C9B1A58BA30FD6A5EF5DDDCF894B9AD9B6A59C957943A9FCAE2FD5BC4DFE03504B0304140006080800CC70623BAD7543B64E01000033030000300000006662
310
782F41393633353835312D344632462D344230382D423046372D3739314545314133324237412F636E782E786D6CD593CD6EC32010845F0571AD6CE3D48AD20813A9873E410FBD12D82434182C7EAAE6EDBB2424CD25871E7B41D6EC30B3FA84F9E67BB2E40B4234DE8DB46F1925E094D7C6ED479AD3AE5951B2113C789FEE
310
6C943839C1488B4C05DF079FE72A69D8C96C13AAD6B8631503449F83828872B949AC57D26200B826A308D316B4064D6E46FCDA41C05550DC9E483A00797BFD207EFB092A45DE9514C1BBD22178396BD39D891265658C238DEA00936C654E5E433CB65A26D9F6EDB5EBC14EBF49A45CB856E66048291F6939A9A81BB5C89177
310
38143CA680F4AA299D66A042CEB3354A2684DC9D8D178FE0D9B8B41CAAD720F880EE7EF93C0C18769E099ECC04D5A102C8049A8A05632F4DDF376CF1DE0F6BB65C2F8627B65A33C6BB62177CEBBDAD973006829F89F22E814B54F4BC2BE347F8AA8F681390B50FA73F804400B5F542E796F19FF974E7F78DB802FE05E20750
310
4B0304140006080800CC70623BE75B7789680500003C100000340000006662782F41393633353835312D344632462D344230382D423046372D3739314545314133324237412F6F626A656374732E786D6CAD575B8F9B3818FD2B887D06C22499CB8AA1CA655245D5B455A356FB305264C061D8018C6C3393D95FBFC7600890
310
A4CD5EF210B0B1BFEBF98E3F7B1FF6596ABC522E1296DF9BAE3D320D9A872C4AF2F8DE2CE5CEBA358D0FBEC719939D65A691938CDE9B6ADAF4BD98B3B2D05311DD91329583D9D5FC0F438434A7A611A644887B5384CF34233629258BA878B12322891DEFF6B66BD70BFB62634E8AE781D082709A4B588AF91C528CDA28B73F
310
1C998EEF39EABBEFA97FBD6A7C7E9553F9D3D79FE442923C3C523610337627CB87ABE99D359D4CC6D6E4FACAB5E6ABF9D2726FC6A3C5F56271377BB88362213924694B38DD99FE47C48627A1E7D49F5A8BB5E1A74C0A599ED3B0F21F1E56366B89112D681E218F0915D0D6F17AD41FBA2A369DCF6335D62ABBD39779D5DDD1
310
11D4D8DE3CBB96B2E04FB8202E41051754A1AA8E8F76B4C6DFE810B580B1547F4B84911149794252234D024EF8BBE963A95AE27B3D310A9D5C215C7960FAEE415ED75694C6AFB17BCACA5D99A60A9AA65F217B0BFC53292ACB92BF283FAD0D3621576592CB5BED907C2FA8E9DF794E35E97BEA31BED21FEB401ABB94C44839
310
DCACBF0E1C5DA8DA5B2F4DFFD32AD86F543D9E565E7056502E157C00AD2671CD534549AB752FCA9CDA00677A313F04E51B22FF19E57B300579E3C97EB29F682D92935CEC18CF901B7B54FD8C51F362B56FC72FE0B3C1EAE335EDCCBF5AEC39ADB17DC238973F804BA5E6F6BFE7AF1FB32E523BE9F3BD571418E3631DCA4D48
310
5250CF639223210A9446CA30052EDF057BD35F8329C1ECD84552BF0DC8D18BE7BCE23BFE6BD960AB4A7DE79923A103BEBD80F911CBAA2C60DB19B01CF164A5583B772EE6D3FFA56666CBCDA74DC97724A48F9A58967497E489C4D979006FD7A05E227A1EBDD0F737C623387A9C844D3709995625106D157315F8B8392CD4E0
310
A0B9A720C4BE9829CEF37EA1E13111214D53925356365ADA634861B52519DD27A00AEB808EAF0628E6F435519D446F45CF2C9CF5214F0A15B2F6D06B79DA3EE3CBF7F56780D2F4E7EF73A0F5E5B02A38D07DC852C6B7C1FBB6664213E0C39E3EBA7FF4E1AD23EA2829407C85E586727488B751B2DB9502BC7B228A3FD68B6E
310
A65A22397E690AA8D158D7E404EC8CDA235CC3B7D1898680131CEC2CDF2638C65196279577750F15884AEE19F94199155B92B13297978469D4F8D358DF0AEF7631E28DC8F0D9F437D5D39A83B2231A1D52D543813A824EF8D44BCFF2FA6A31BD1E8DAD87F1CCB526B3879935BF59CDADD5C37479BB1CDD4CA7B3556B516589
310
EF352754B706114D9C885EC9131DE6EFEB43D99AFE2391C2F958179413D7CFEF6B1B6DB1E7600F00DE6E5C67454A339A4BA2E0FBA85ED26F045D454F463DBFCE484C2F90F2E5E3666003662ED8F755951A7D1BECD5B30B550B2785C8E7320B7292A4838DDA71BBC863ED7613CAF659337A3354231D4FF4A182A54904C2898C
310
98B28C4AD0CE056CCF332A80986E571EE9DBC305BB5FEB7E509220A58D25CF042D712A806AC0AD0C657FDEF80D2D9CEAA2EE4D1C76F60BFE74219A06527D6F82DF6412526107381E55E353090704D085B52408A8913C4ED159D79BDA71BB4BC506F4831350EB6F975CD22D69BF7AC49B91A2C0A9DDA3D5CA36AD20FC478E37
310
E61844E2352865EBCB61A275A65283CAAA9DD27703B4102F5AF51EF5F573B75CBB5AD38BC845F7A49F82A0966A49C2E3EA5EA0ECD326CD965F1DB402C6FA8B51A4658C5C5E2EC9E214602E55810345408596591009A82E7E7FFACA19EEA299B14A0081A705CB3296EBC14CDF658DCD336EA6D1136881AAEB87B81AB9EE53D5
310
F5EB8BC8362082DA24122F98680A4E7930C01A0079749CEA14382A0783E5EBA5A10F8C098456A03D6A4AEB6BB881E2513747552A5DB22C7EDAF83BD5528081A365F7FF06504B0304140006080000CC70623B000000000000000000000000350000006662782F41393633353835312D344632462D344230382D423046372D37
310
39314545314133324237412F76657274696365732E62696E504B0304140006080800CC70623BF270F1330600000004000000360000006662782F41393633353835312D344632462D344230382D423046372D3739314545314133324237412F747269616E676C65732E62696E636660600000504B0304140006080000CC7062
310
3B000000000000000000000000370000006662782F41393633353835312D344632462D344230382D423046372D3739314545314133324237412F617474726962757465732E62696E504B0304140006080800CC70623B08DA0BD19000000041010000360000006662782F41393633353835312D344632462D344230382D4230
310
46372D3739314545314133324237412F6469726563746F72792E786D6C858F410AC3201045AF22B36F53E9A60B35CBEEBAE80D244E44489C6234F4F835464A48035D0DF398FF9F8AF63D0E6CC63039F212F8F9020C7D47C6792B21C5FE7403D62A1188E2E60C98D7234A5830286103A55745067B9D86B8A3CF9C7F90C11DE6
310
07FB144396D7B6A82D282E9A152AD114D5EF2CB866EEE831B8EEA07A7BB5A8D7D61A2BAAEB7FD5F70921FF497D00504B0304140006080800CC70623BEDD1DC58FD000000A00100003B0000006662782F41393633353835312D344632462D344230382D423046372D3739314545314133324237412F7265736F75726365732F
310
636F72652E786D6C8D504B6E833010BD0A9A6D65B00922041947112427E8052C33A156828DFCA97AFC9A40A576D7CDCCE87D344F8F9FBFE667F689CE6B6B3A6039850C8DB2A336530731DC4903D95970676DF82583CCC8193B5861107C72362E3BA4AC096842428D1D7107A5F7182053CF7474E0D507CE32973124857FE48B
310
540F3961CEF244279DE03EB81420DB9EAC1384436FA353E879B1B182C7A8C75DA3C7F453DF353A1075D537A7BA6464B8F535A99AE14A9A2BBD90E350DD183B5CFABE3AF262350B1EF4FC9351399401471025A527C218A1E53BAB5A5AB765F5469B96525EACF23FA6B88CFF34456DC2A1DCE36E360F82A5202F42F062ED2BAD
310
579969AFDD8A6F504B010214000A0000080000CC70623B3DEE336E79000000790000001B00000000000000000000000000000000006175746F6465736B2D64657369676E2D7061636B6167652E786D6C504B01021400140006080800CC70623BD486FD9CA0000000F40000001300000000000000000000000000B20000005B
310
436F6E74656E745F54797065735D2E786D6C504B01021400140006080800CC70623B853B8169EB0000007C010000080000000000000000000000000083010000636F72652E786D6C504B01021400140006080800CC70623B55019EA25F0000007C000000070000000000000000000000000094020000636E782E786D6C504B
310
01021400140006080800CC70623BDBABAAF470010000D40300000C00000000000000000000000000180300006662782F636F72652E786D6C504B01021400140006080800CC70623B9C113CC27E0000009D0000000B00000000000000000000000000B20400006662782F636E782E786D6C504B01021400140006080800CC70
310
623B7DF2F77C2A010000120200003100000000000000000000000000590500006662782F41393633353835312D344632462D344230382D423046372D3739314545314133324237412F636F72652E786D6C504B01021400140006080800CC70623BAD7543B64E010000330300003000000000000000000000000000D2060000
310
6662782F41393633353835312D344632462D344230382D423046372D3739314545314133324237412F636E782E786D6C504B01021400140006080800CC70623BE75B7789680500003C10000034000000000000000000000000006E0800006662782F41393633353835312D344632462D344230382D423046372D3739314545
310
314133324237412F6F626A656374732E786D6C504B01021400140006080000CC70623B0000000000000000000000003500000000000000000000000000280E00006662782F41393633353835312D344632462D344230382D423046372D3739314545314133324237412F76657274696365732E62696E504B01021400140006
310
080800CC70623BF270F133060000000400000036000000000000000000000000007B0E00006662782F41393633353835312D344632462D344230382D423046372D3739314545314133324237412F747269616E676C65732E62696E504B01021400140006080000CC70623B0000000000000000000000003700000000000000
310
000000000000D50E00006662782F41393633353835312D344632462D344230382D423046372D3739314545314133324237412F617474726962757465732E62696E504B01021400140006080800CC70623B08DA0BD1900000004101000036000000000000000000000000002A0F00006662782F41393633353835312D344632
310
462D344230382D423046372D3739314545314133324237412F6469726563746F72792E786D6C504B01021400140006080800CC70623BEDD1DC58FD000000A00100003B000000000000000000000000000E1000006662782F41393633353835312D344632462D344230382D423046372D3739314545314133324237412F7265
310
736F75726365732F636F72652E786D6C504B0506000000000E000E0080040000641100000000
  0
XRECORD
  5
1F8
102
{ACAD_REACTORS
330
1F7
102
}
330
1F7
100
AcDbXrecord
280
1
 70
1
 90
429727718
  1
30362254-06B7-45E0-A893-8CFA70E3D6BC
310
504B03040A0000080000CC70623B3DEE336E79000000790000001B0000006175746F6465736B2D64657369676E2D7061636B6167652E786D6C3C3F786D6C2076657273696F6E3D22312E302220656E636F64696E673D227574662D3822203F3E3C666F726D6174733E3C666F726D61743E687474703A2F2F736368656D612E
310
6175746F6465736B2E636F6D2F64657369676E2D7061636B6167652F323030393C2F666F726D61743E3C2F666F726D6174733E504B0304140006080800CC70623BD486FD9CA0000000F4000000130000005B436F6E74656E745F54797065735D2E786D6C7D8EC10E82300C865F65E91D8A1E8C310C0EEA1BF002731658846E
310
D98AC1B77784ABF1D8FE5FBFBF75BBCE937A534CCEB38643598122B6FEE978D0B0485F9C41B54DDD7D022595594E1A469170414C76A4D9A4D207E29CF43ECE46F218070CC6BECC4078ACAA135ACF422C856C0E68EA1BF5669944DDD7BCDE7B1F8E415D77AECB980613C2E4AC91FC167A2B244592486606FC29C8FD7F045B9A
310
EF7053A7E60B504B0304140006080800CC70623B1EC5D7A3EB0000007C01000008000000636F72652E786D6C8D90416EC3201045AF82665B6103C6756C6122AB4D4ED00B204C5C94182C03558F5F9C3852BBEB6A467FFE9B197D71FC9E6FE8CBACC17AD7032D0820E3B41FAD9B7A48F1820F808E52ACDEC75F36404ECDA687
310
4D0629A6D5A76597B477D1B89855E747B38B2A041301E95B6E7A08FAD3CCAA50296647B8168BD2573599823EBB0CA76447F43862C7BCCF5EAC59410E4DDD9C7973C2755553CCCFA4C603E3040F1565ED3B1FDE4E432BCA0D9622DAF9795FAF464533826484B498524CD807E51D79ED187F21878E10516EF63F505AC67F42C9
310
BA58B1FDDD071640D2FCC87D2045B96591CB3DA85CB7DCE40F504B0304140006080800CC70623B55019EA25F0000007C00000007000000636E782E786D6C4DCB3B0E80201045D1AD90E915ED2CF8AC45050C11660C8261F98AB1B07AC9C97D42D718D865D3E909258CFD00CCE24AC6E326A164D74DC0B4128928FF32603847
310
2BA13128B1252AC747C6BAB984FC68F0B87FE8960A5C09FE86CFB69FBA01504B0304140006080800CC70623B8C9102E971010000D40300000C0000006662782F636F72652E786D6CC5535B6E833010BC8AE5DF0A6C08340F1947A84D4ED00B38C6A128602363A31CBFCB234A53A551FA553EC09AD9F5CE8C31DB9E9B1AF5CA
310
7695D1198E428A91D2D214952E33ECDD315861B4E5CC1AE3BE9561A445A3323CC098B3D21ADFCE9034DA29ED00D5A6503328BA4E398C640D8B0C77F253352214DE4145770A5B214FA2546114020D759C75CE8200340D19DE981F0F6746269C33EFAB6266AB02A655C74A59CCF365BADC27CB5D902ED22848F6340DF238A141
310
BE88E2F57B92BFEDF23523433367AE6A2EEAA455C2A902F398D2751045018D3FA264435F3771F242571B4A1919CA6F9A7C5B3CD9E42BED16F12C776AEB308F40C848FC700B1139D4891EF410CEC810227CC6846F8386402064270EF5C5C709A05E49676C024C61FC95EA45ED154CA5211D1FF4FB8291A913A68E9B83EBBB33
310
E2A7673CDE118E5AE8124C0807CB8377834E366998436B950D7A7746DAD846D4CFD978E0F04FD455FC5D49D2D4C6FE9722321F10997F0F32DC47FE05504B0304140006080800CC70623BFFEA85907E0000009D0000000B0000006662782F636E782E786D6C4DCCD10A83201886E15B91FFDC95D95A811AB6F23E625948A6C3
310
E9D8E5AF46073BFAE0E1E365ED67B3E8ADC3CB78C7815C7240DA3DFC64DCC221C519D7805AC182F7F1EF06C88D9BE6703008B6049F9E274D7A1E938DBB5AE3D6131B2589BA0D3D965551E0B2EA732C9B9A624AAEB41E3A557677029960D9AFB4EF11165F504B0304140006080800CC70623B4FEEA4082C0100001202000031
310
0000006662782F39464131463745442D413632322D343644302D413938332D3331353338454246344243312F636F72652E786D6C8D515B6EC32010BC0AE2AB55850DD871ED0813254D72825EC00192A2C460F1A872FC42ED48ED5F7E00CDCECCCEB26C731F6FE05B39AFADE921293004CA082BB5B9F43086336A21D870E6AC
310
0D7F68109861543DCC30E4ECE26C9C164858139409093556AA051CBC570102714B8F1E7AF1A5C6A11862480C7F2DA6415C878B2A4891CA89C7990F2E050073937C42DE1DB7E4F87ED8A36D4329AA9B3D46DBAEAD504556557BD81DEBDD0761E52CE42C462D17B996298E3E6BE59E35C962CE821E1FF18553435012728A7187
310
0841987E927A8D9B35ADDF70BBC6989599FE4F1427F9A4286A132ABAC49D651EF234CD5CE04CDA78BA3DC2A8FB645D00B9DF8B57E215725C60BCA2A463E54C4CE327C7A65E1C7DB02E7DEFCBF594B864C5CA6CDBD49C957943E9FA5D5FBAF336F90F504B0304140006080800CC70623BAD7543B64E01000033030000300000
310
006662782F39464131463745442D413632322D343644302D413938332D3331353338454246344243312F636E782E786D6CD593CD6EC32010845F0571AD6CE3D48AD20813A9873E410FBD12D82434182C7EAAE6EDBB2424CD25871E7B41D6EC30B3FA84F9E67BB2E40B4234DE8DB46F1925E094D7C6ED479AD3AE5951B2113C
310
789FEE6C943839C1488B4C05DF079FE72A69D8C96C13AAD6B8631503449F83828872B949AC57D26200B826A308D316B4064D6E46FCDA41C05550DC9E483A00797BFD207EFB092A45DE9514C1BBD22178396BD39D891265658C238DEA00936C654E5E433CB65A26D9F6EDB5EBC14EBF49A45CB856E66048291F6939A9A81BB5
310
C8917738143CA680F4AA299D66A042CEB3354A2684DC9D8D178FE0D9B8B41CAAD720F880EE7EF93C0C18769E099ECC04D5A102C8049A8A05632F4DDF376CF1DE0F6BB65C2F8627B65A33C6BB62177CEBBDAD973006829F89F22E814B54F4BC2BE347F8AA8F681390B50FA73F804400B5F542E796F19FF974E7F78DB802FE05
310
E207504B0304140006080800CC70623B16AB87BA640500003C100000340000006662782F39464131463745442D413632322D343644302D413938332D3331353338454246344243312F6F626A656374732E786D6CAD575B6FA33818FD2B887DE6924B3BED8A326A92B68A663B534DD4D13E548A0C38942D60649B369D5FBFC7
310
600890A493BDE42160637FD7F31D7FF63E6FB3D478A55C242CBF3247B66B1A340F5994E4F19559CA8D75611A9F7D8F33263BCB4C232719BD32D5B4E97B316765A1A722BA21652A07B3B7B33F0D11D29C9A46981221AE4C113ED38CD8A4942CA2E2C58E882476BCD9DA23BB5ED8171B73523C0F841684D35CC252CCE79062D4
310
468DFA43D7747CCF51DF7D4FFDEB5593E3AB9CCA9FBEFE241792E4E19EB28198C968BAB8199F5D5A67D3E9C49A9E8F47D6EC76B6B0469F26EEFC7C3EBFBCBEB98462213924694B38DD98FE1D62C393D073EA4FADC5DAF04326852CCF6958F90F0F2B9BB5C48816348F90C7840A68EB78EDF68723159BCEE7891A6B95DDE9D3
310
BCEAEEE8086A6C6F9E5D4B59F0175C10A7A0820BAA5055C7473B5AE3CFDD452D602CD5DF12616444529E90D448938013FE6EFA58AA96F85E4F8C42275708571E98FE6827AF6B2B4AE3D7D83D64E5A64C53054DD3AF90BD06FEA9149565C94FCA0F6B834DC85599E4F2423B24DF0B6AFA979E534DFA9E7A4CC6FA631D486393
310
921829879BF5D781A373557BCB85E97FB90DB62B558F8795179C15944B051F40AB495CF35451D26A4727654E6D8033BD98EF82F21D91FF8AF2DD9982BCF1643BDD4EB516C9492E368C67C88DED563FC36D5EACF66DFF057C3658BDBFA69DF9578B3DA735B64F18C7F20770A9D45CFCF7FCF563D6456A277DBEF78A02637CA2
310
43B90A490AEAB94F72244481D24819A6C0E59B606BFA4B3025981DBB48EAB701D97BF19C577CC77F2D1B6C55A9EF3C732474C0B727303F625995056C3B02963D9EAC146BE78EC5FCEC7FA999EBC5EACBAAE41B12D27B4D2C0BBA49F244E2ECDC81B76B502F113D8F5EE8FB1BE3111CDD4FC2AA9B844CAB1288B68AB90A7CDC
310
1C166AB0D3DC5310625FCC14E779BFD0709F8890A629C9292B1B2DED31A4B0DA928CEE135085754027E3018A397D4D5427D15BD1330B677DC8934285AC3DF45A9EB68FF8F2B8FC0A509AFEECFD0FF2DE25CC6047F7214B195F07EFEB9A094D800F7BFAE8FED187B78EA8A3A400F115961BCAD1215E47C966530AF0EE8128FE
310
58CEBB996A8964FFA529A046635D9353B0336A8F700DDF46271A024E70B0B37C9DE01847591E54DED53D54202AB947E4076556AC49C6CA5C9E1226B7F1A7B1BE15DEED62C41B91E1B3E9AFAAA735036547343A925075041DF0A9979E893B391F8FCFA6967B3EFB644DCF6E5CEBFAE272625DCC6FAF3FB93793C5F90CE1EF57
310
407342756B10D1C489E8953CD1617E5CEECAD6F4EF8914CE5D5D504E5C3F1F9736DA62CFC11E00BCDDB8CC8A9466349744C1F75EBDA4DF09BA8A9E8C7A7E9991989E20E5DBDD6A6003664ED8F7A04A8DBE0DF6EAD9B9AA858342E47399053949D2C146EDB85DE4B176BB0965FBAC19BD19AA918E27FA50C1D22402E144464C
310
59462568E704B6E71915404CB72B8FF4EDE184DDAF753F284990D2C6926782963815403548A70C657FDEF80D2D9CEAA2AE4C1C76F60BFE74219A06527D6582DF6412526107381E55E353090704D085B52408D0933C4ED159D79BDA71BB4BC506F4831350EB6F979CD22D69BF7AC49B91A2C0A9DDA3D5CA36AD20FC478E37E6
310
1844E2352865EBCB6EA275A652E3836BE04EFB400BF1A2556F515F1FBB35B2AB35BD889C744FFA1004B5544B121E57F70215746DD2F5E2C1412B602CBF19455AC6C8E5E9922C4E01E65215385004546899059180EAFCF7A707CE7017CD8CDB0410789AB32C63B91E5CEBBBACB17AC6CD347A022D5075FD106377347AAABA7E
310
7D11590744509B44E205134DC1290F06580320F78E537D3D73540E06CB970B431F185308AD40BBD794D6D77003C5A36E8EAA54BA64597CD8F83BD552A080A365F7FF06504B0304140006080000CC70623B000000000000000000000000350000006662782F39464131463745442D413632322D343644302D413938332D3331
310
353338454246344243312F76657274696365732E62696E504B0304140006080800CC70623BF270F1330600000004000000360000006662782F39464131463745442D413632322D343644302D413938332D3331353338454246344243312F747269616E676C65732E62696E636660600000504B0304140006080000CC70623B
310
000000000000000000000000370000006662782F39464131463745442D413632322D343644302D413938332D3331353338454246344243312F617474726962757465732E62696E504B0304140006080800CC70623B08DA0BD19000000041010000360000006662782F39464131463745442D413632322D343644302D413938
310
332D3331353338454246344243312F6469726563746F72792E786D6C858F410AC3201045AF22B36F53E9A60B35CBEEBAE80D244E44489C6234F4F835464A48035D0DF398FF9F8AF63D0E6CC63039F212F8F9020C7D47C6792B21C5FE7403D62A1188E2E60C98D7234A5830286103A55745067B9D86B8A3CF9C7F90C11DE607
310
FB144396D7B6A82D282E9A152AD114D5EF2CB866EEE831B8EEA07A7BB5A8D7D61A2BAAEB7FD5F70921FF497D00504B0304140006080800CC70623B0D6EF93BFE000000A00100003B0000006662782F39464131463745442D413632322D343644302D413938332D3331353338454246344243312F7265736F75726365732F63
310
6F72652E786D6C8D50596E833010BD0A9ADFCA60B334011947A8694ED00B586642AC041B79A97AFC9A40A5F6AF3F33A3B7689E1E3F7DCD8FEC139DD7D6F4C0720A191A65476DA61E62B892236427C19DB5E1970C322367EC618541F0C9D9B8EC90B226A009093576C41D94DE63804C3DD2D18357379C652E63480A7FCF17A9
310
EE72C29CE5894E3AC17D702940B63D59270887DE46A7D0F36263058F518FBB468FE9A7BE6A7420864373B8D4873369AA8691FA421B3294352543C5CAF65C0F6FEF43CB8BD52C78D0F34F46E550061C419494B6843142CB0F5677F4B52BEB177AEC28E5C52AFF638ACBF84F53D42654E51E77B379102C05791282176B5F693D
310
CB4C7BED567C03504B010214000A0000080000CC70623B3DEE336E79000000790000001B00000000000000000000000000000000006175746F6465736B2D64657369676E2D7061636B6167652E786D6C504B01021400140006080800CC70623BD486FD9CA0000000F40000001300000000000000000000000000B20000005B
310
436F6E74656E745F54797065735D2E786D6C504B01021400140006080800CC70623B1EC5D7A3EB0000007C010000080000000000000000000000000083010000636F72652E786D6C504B01021400140006080800CC70623B55019EA25F0000007C000000070000000000000000000000000094020000636E782E786D6C504B
310
01021400140006080800CC70623B8C9102E971010000D40300000C00000000000000000000000000180300006662782F636F72652E786D6C504B01021400140006080800CC70623BFFEA85907E0000009D0000000B00000000000000000000000000B30400006662782F636E782E786D6C504B01021400140006080800CC70
310
623B4FEEA4082C0100001202000031000000000000000000000000005A0500006662782F39464131463745442D413632322D343644302D413938332D3331353338454246344243312F636F72652E786D6C504B01021400140006080800CC70623BAD7543B64E010000330300003000000000000000000000000000D5060000
310
6662782F39464131463745442D413632322D343644302D413938332D3331353338454246344243312F636E782E786D6C504B01021400140006080800CC70623B16AB87BA640500003C1000003400000000000000000000000000710800006662782F39464131463745442D413632322D343644302D413938332D3331353338
310
454246344243312F6F626A656374732E786D6C504B01021400140006080000CC70623B0000000000000000000000003500000000000000000000000000270E00006662782F39464131463745442D413632322D343644302D413938332D3331353338454246344243312F76657274696365732E62696E504B01021400140006
310
080800CC70623BF270F133060000000400000036000000000000000000000000007A0E00006662782F39464131463745442D413632322D343644302D413938332D3331353338454246344243312F747269616E676C65732E62696E504B01021400140006080000CC70623B0000000000000000000000003700000000000000
310
000000000000D40E00006662782F39464131463745442D413632322D343644302D413938332D3331353338454246344243312F617474726962757465732E62696E504B01021400140006080800CC70623B08DA0BD190000000410100003600000000000000000000000000290F00006662782F39464131463745442D413632
310
322D343644302D413938332D3331353338454246344243312F6469726563746F72792E786D6C504B01021400140006080800CC70623B0D6EF93BFE000000A00100003B000000000000000000000000000D1000006662782F39464131463745442D413632322D343644302D413938332D3331353338454246344243312F7265
310
736F75726365732F636F72652E786D6C504B0506000000000E000E0080040000641100000000
  0
XRECORD
  5
1FB
102
{ACAD_REACTORS
330
173
102
}
330
173
100
AcDbXrecord
280
1
 70
0
 90
1673772943
  1
ECE7A1D2-D628-4531-984C-D00F80459256
310
504B03040A0000080000CC70623B3DEE336E79000000790000001B0000006175746F6465736B2D64657369676E2D7061636B6167652E786D6C3C3F786D6C2076657273696F6E3D22312E302220656E636F64696E673D227574662D3822203F3E3C666F726D6174733E3C666F726D61743E687474703A2F2F736368656D612E
310
6175746F6465736B2E636F6D2F64657369676E2D7061636B6167652F323030393C2F666F726D61743E3C2F666F726D6174733E504B0304140006080800CC70623BD486FD9CA0000000F4000000130000005B436F6E74656E745F54797065735D2E786D6C7D8EC10E82300C865F65E91D8A1E8C310C0EEA1BF002731658846E
310
D98AC1B77784ABF1D8FE5FBFBF75BBCE937A534CCEB38643598122B6FEE978D0B0485F9C41B54DDD7D022595594E1A469170414C76A4D9A4D207E29CF43ECE46F218070CC6BECC4078ACAA135ACF422C856C0E68EA1BF5669944DDD7BCDE7B1F8E415D77AECB980613C2E4AC91FC167A2B244592486606FC29C8FD7F045B9A
310
EF7053A7E60B504B0304140006080800CC70623BD9DDAED0EC0000007C01000008000000636F72652E786D6C8D90416EC3201045AF82665B61836D9CD8C2444DD39CA01740405C94182C03558F5F9C3852BBEB6A467FFE9B197D7EF89E6EE8CB2CC17A37002D0820E394D7D68D03A478C17B4007C117EFE32F1B20272733C0
310
2A83E0E3E2D3BC49CABB685CCCAAF3DA6CA20CC14440EA969B0182FA34932C648AD911AEC52CD5558EA6A0CF2EC329598D1E47ACCEFBECC59A050463A7EA5833865FEBDD0E37353BE3EE8DBDE3F6786A48D375FBF6CC78B9C282473B3DEFABC5C86834888A900E538A49F5419B9EB47DD5BC907D4F082F57FB1F28CDFA9F50
310
B22ED6D5F6EE030B20687EE43E10BC5CB3C8E51E54AE6B6EE207504B0304140006080800CC70623B55019EA25F0000007C00000007000000636E782E786D6C4DCB3B0E80201045D1AD90E915ED2CF8AC45050C11660C8261F98AB1B07AC9C97D42D718D865D3E909258CFD00CCE24AC6E326A164D74DC0B4128928FF326038
310
472BA13128B1252AC747C6BAB984FC68F0B87FE8960A5C09FE86CFB69FBA01504B0304140006080800CC70623BA24EB22D72010000D40300000C0000006662782F636F72652E786D6CC5535B6E833010BC8AE5DF0A6C5E49888CA3A6694ED00B38E05014B091B1518EDFE511A5A9D228FD2A1F60CDEC7A67C6986DCE4D8D7A
310
69BA4AAB0C073EC548AA5C17952A33ECECD15B61B4E1CC686DBF9561A44423333CC098B3D268D7CE50AE9595CA02AA74216750749DB418E5352C32DCE59FB211BE70162ABA93DF8AFC244AE9073ED050C759670D0840D390E18DF9F1706664C23973AE2A66B62A605A75ACA4C13C4976E1364A12EF355A2EBD384AF65EFA96
310
BC7B8BED2EA6719AAE16FB8491A199335B351775B991C2CA02F390D2D40B028F861F41BCA68B7518BFD0D59A524686F29B26D7164F36B94AD9289CE54E6D1DE6010819891F6E21228B3AD1831EC219194284CF98F06DD01008846CC5A1BEF83801D4CBDC6A1303536877A57A513B0953A94FC707FDBE6064EA84A9E3E6E0FA
310
EE8CF0E9198F7784A316AA0413C2C2F2E0ECA0934D1AE6D05A69BCDE9E91D2A611F573361E38FC1375157F5752AE6B6DFE4B11990F88CCBF0719EE23FF02504B0304140006080800CC70623B408A7D3B7C0000009D0000000B0000006662782F636E782E786D6C4DCCD10A83201886E15B91FFDC552A92A0064DBC8F581632
310
D3703A76F9ABD1C18E3E78F878E5F0D9027ABBFCF2292AE86E2D20171F69F6715550CB827B40839639A5F2770314A7CD293819B45C73AAFB45B35BA61ACAA1C1C7E7855C58C15BC331339661262CC762340413D68D77DA5B42298546CBE6573AF60CEB2F504B0304140006080800CC70623B449FB9BD290100001202000031
310
0000006662782F36394639363044362D344446342D343946362D394244322D3234314243333846323333332F636F72652E786D6C8D515B6EC32010BC0AE22B55850D98B871848994463E412FE002495162B07854397EA176A4F62F3F2C9A9D991D587EB84F37F0AD7D30CEF6905418026DA553C65E7A98E219ED203808EE9D
310
8B7F6810D871D23D2C3014FCE25D9A57483A1BB58D19B54EE9151C43D0110279CB971E06F9A5A7B11A53CC8C70ADE6515EC78BAE4895DB992778883E0700CB907242D17643D7E2538BD869608875438BBAE38922CAC8F1BDD90DB4691A5E2F42C153326A951B95E398B3D1FE599322163C9AE9115F7A3D46ADA0A018778810
310
84E907617BDCEE297BC5BB3DC6BC2EF47FA234AB2745C9D8D8D035EE220B50105E2F0DC1954B9FB747187D9F9D8FA0CCDB042D5FA0C015C65B42DF78BD10F3F3B363CB56C7109DCFDFBBB97E662ED92EB62D13BC2E1BCAE5777DB9966D8A1F504B0304140006080800CC70623BAD7543B64E01000033030000300000006662
310
782F36394639363044362D344446342D343946362D394244322D3234314243333846323333332F636E782E786D6CD593CD6EC32010845F0571AD6CE3D48AD20813A9873E410FBD12D82434182C7EAAE6EDBB2424CD25871E7B41D6EC30B3FA84F9E67BB2E40B4234DE8DB46F1925E094D7C6ED479AD3AE5951B2113C789FEE
310
6C943839C1488B4C05DF079FE72A69D8C96C13AAD6B8631503449F83828872B949AC57D26200B826A308D316B4064D6E46FCDA41C05550DC9E483A00797BFD207EFB092A45DE9514C1BBD22178396BD39D891265658C238DEA00936C654E5E433CB65A26D9F6EDB5EBC14EBF49A45CB856E66048291F6939A9A81BB5C89177
310
38143CA680F4AA299D66A042CEB3354A2684DC9D8D178FE0D9B8B41CAAD720F880EE7EF93C0C18769E099ECC04D5A102C8049A8A05632F4DDF376CF1DE0F6BB65C2F8627B65A33C6BB62177CEBBDAD973006829F89F22E814B54F4BC2BE347F8AA8F681390B50FA73F804400B5F542E796F19FF974E7F78DB802FE05E20750
310
4B0304140006080800CC70623B8D05915C650500003B100000340000006662782F36394639363044362D344446342D343946362D394244322D3234314243333846323333332F6F626A656374732E786D6CAD575B6FA33814FE2B887D06429276DA1565D4266D158D3A339A6846FB502932E050B66023DB74D2FDF5FB190C01
310
9276B2973C046C8ECFF53B17071F77456EBD502133CEAE6CDF9DD81665314F32965ED995DA3A17B6F5310C04E7AA47665B8C14F4CAD6DB7618A48257A5D94AE89654B91AEDDEDDFC61C998326A5B714EA4BCB265FC440BE2924AF184CA6737218AB8E976E7FA6E4338649B0A523E8D98964450A6A029F619B8588D52FE7039
310
B1BD30F0F4F730D0FF866AF6369557DB33949F31A9088B0F848DD8CCFCF9F2767A76E99CCDE733677E3EF59D9BBB9BA5E37F984D16E78BC5E5F5ED25044B25C0C96822E8D60EEFE11B91C581D77CEA34368A1F5329E68CD1B8B61F16D63A1B8E092D294B10C78C4A48EB593D192E7DED9BDEE7995E1B91FDEDD3ACEA9FE831
310
6A756F9F7D4D79F4274C90A7A04248AA51D5F8C718DAE06FB2F75AC4796EBE65D22A88A22223B995679120E2D50E41AA49C260C046A35368846B0BECD0DFF3EBEB8AD4F835768F69B9ADF25C43D30E6B646F807FAA64AD59F61715C7A54127C4AACA98BA3006A9D792DAE165E0D59B61A01FB3A9F9D838D2DAE62445C86166
310
F37564E842E7DE6A69879FEEA2DD5AE7E371E1A5E025154AC307D06A03D73EB5978C58FFA4C8E9033066E0F3BD53BEC1F39F91BE7B55103791EDE6BBB991A2046172CB4581D8B893FA674DDA17A77B3B7C413D1B511FD2743BFF8A38F03A658705E3ADF8015C3A3417FF3D7E439FF591DA0B5F18BC20C1B8981957AE6392A3
310
F43C640C01D1A0B4728E2DD4F26DB4B3C3152A252A3B4E913CEC1C72F012782FF88EFF8637AA552DBEF76408E8A8DE9E50F9E1CB3A2DA0DB1B6039A893B56063DC5B3E3FFB5F72E67AB9FEB4AEC496C4F4C1149625DD662C53E89D7BF0F6151A046260D1337DFDC94502430F83B0EE07A130A224BCAD7DAE1D9FB6CD422FF6
310
920702629C4BB9AE79C12F243C6432A6794E18E5552BA56B431AAB5D91317302B2B071E86C3A42B1A02F999E24061403B5D0EB639195DA655DD3EBEAB4FB862DDF579F014AD0E73C22F99E28DA57FB98E75C6CA2D74D53086D600F4786E0FE3144B771A8A7B900F03594DB8A633CBC49B2EDB69228BB479CF863B5E807AAAB
310
23872F6DFEB4129B949CA33823F58830E86D65621E10047D9DB34D862E8EAC3C2ABC2F7B2C40D67CDFE01F5545B92105AF983AC54D93D69E56FB8E797F88913F898A9FEC705D3F9D1B54EC8426FB500D40A03BD0119B06E1B95DDC7EB8F6975367793EBD70E66733DFB9BC982F9CE564727731999F5D4ECFCE3B8D6A4DC2A0
310
6D50FD148437D110834A64C6CDDF57FBACB5C307A2A477DFE4939736CFEF2B175371E0E10CF0DD1D5C15654E0BCA14D1E87DD02FF93782A162C0A3D95F1524A52770F972BF1EE9809D13CE7DD599467F8ECE9ADD85CE85A34CD45355448C64F9E8A031DC2D596ACC6E5DD93D9B82DE2EF5CAF81363A8E47996A0DE24564A79
310
4115AACE09C55E14540231FDA13C319787134EBF34E3A022514E5B4D9E0826E25C02D5805B15ABE1BEF51B26383D445DD9E875EE33FE4C22DA16427D65A3BCA92CA6D28DD01DF5DC53330704308475351050232CCD31583787BA75774AFB06E5070DD0C8EF484E19968C5D83BA5B90B244D31E54D55A372320FE4786B7EA58
310
44E135AA5467CB7EA333A61683CC6A8C3257034C10CF46F40EF9F5BE59BE5BD30C3C72D235E95D10345C1D45445A5F0BB47E46A5EBE5570F9380B5FA629579952296A773720405982B9DE04011506178964401AA8BDF1FBF0A8EAB6861DD6580C0E38217056766716DAEB2D6FA0917D3E4116581EADB879C4E7CFFB11EFACD
310
3D641311495D92C8676CB409A72D18610D803CE8A626049E8EC1887CB5B44CC39883690DDA8399B4B9855B481E7D71D4A9D22F96E5BB73BF5793020C02137BF837504B0304140006080000CC70623B000000000000000000000000350000006662782F36394639363044362D344446342D343946362D394244322D32343142
310
43333846323333332F76657274696365732E62696E504B0304140006080800CC70623BF270F1330600000004000000360000006662782F36394639363044362D344446342D343946362D394244322D3234314243333846323333332F747269616E676C65732E62696E636660600000504B0304140006080000CC70623B0000
310
00000000000000000000370000006662782F36394639363044362D344446342D343946362D394244322D3234314243333846323333332F617474726962757465732E62696E504B0304140006080800CC70623B08DA0BD19000000041010000360000006662782F36394639363044362D344446342D343946362D394244322D
310
3234314243333846323333332F6469726563746F72792E786D6C858F410AC3201045AF22B36F53E9A60B35CBEEBAE80D244E44489C6234F4F835464A48035D0DF398FF9F8AF63D0E6CC63039F212F8F9020C7D47C6792B21C5FE7403D62A1188E2E60C98D7234A5830286103A55745067B9D86B8A3CF9C7F90C11DE607FB14
310
4396D7B6A82D282E9A152AD114D5EF2CB866EEE831B8EEA07A7BB5A8D7D61A2BAAEB7FD5F70921FF497D00504B0304140006080800CC70623BCA768048FE000000A00100003B0000006662782F36394639363044362D344446342D343946362D394244322D3234314243333846323333332F7265736F75726365732F636F72
310
652E786D6C8D50596E833010BD0A9ADFCA60D600328E9AA639412F609909B1126CE4A5EAF16B0295DABFFECC8CDEA2797AECF8353F924FB44E193D409E5248504B332A3D0D10FC95B4901C39B3C6F85F3248B49871801506CE266BC2B243D2688FDA47549B11775038871E12F988C7004EDE7016A9083E2ADC3D5D84BC8B09
310
D33C8D74D471E6BC8D0192EDC93A815B742658898E651BCB59086ADC356A8C3FD555A1055ED7E7E254D615792D0F075295F585746FF53B694EE78A565DD736979A65AB9933AFE69F8CD2A2F038022F28ED489E135A7CE4554F9BBEA85E68DB53CAB255FEC71496F19FA6A0B42F8B3DEE6673C0F318E4497096AD7DC5F52C33
310
EEB55BFE0D504B010214000A0000080000CC70623B3DEE336E79000000790000001B00000000000000000000000000000000006175746F6465736B2D64657369676E2D7061636B6167652E786D6C504B01021400140006080800CC70623BD486FD9CA0000000F40000001300000000000000000000000000B20000005B436F
310
6E74656E745F54797065735D2E786D6C504B01021400140006080800CC70623BD9DDAED0EC0000007C010000080000000000000000000000000083010000636F72652E786D6C504B01021400140006080800CC70623B55019EA25F0000007C000000070000000000000000000000000095020000636E782E786D6C504B0102
310
1400140006080800CC70623BA24EB22D72010000D40300000C00000000000000000000000000190300006662782F636F72652E786D6C504B01021400140006080800CC70623B408A7D3B7C0000009D0000000B00000000000000000000000000B50400006662782F636E782E786D6C504B01021400140006080800CC70623B
310
449FB9BD290100001202000031000000000000000000000000005A0500006662782F36394639363044362D344446342D343946362D394244322D3234314243333846323333332F636F72652E786D6C504B01021400140006080800CC70623BAD7543B64E010000330300003000000000000000000000000000D20600006662
310
782F36394639363044362D344446342D343946362D394244322D3234314243333846323333332F636E782E786D6C504B01021400140006080800CC70623B8D05915C650500003B10000034000000000000000000000000006E0800006662782F36394639363044362D344446342D343946362D394244322D32343142433338
310
46323333332F6F626A656374732E786D6C504B01021400140006080000CC70623B0000000000000000000000003500000000000000000000000000250E00006662782F36394639363044362D344446342D343946362D394244322D3234314243333846323333332F76657274696365732E62696E504B010214001400060808
310
00CC70623BF270F13306000000040000003600000000000000000000000000780E00006662782F36394639363044362D344446342D343946362D394244322D3234314243333846323333332F747269616E676C65732E62696E504B01021400140006080000CC70623B00000000000000000000000037000000000000000000
310
00000000D20E00006662782F36394639363044362D344446342D343946362D394244322D3234314243333846323333332F617474726962757465732E62696E504B01021400140006080800CC70623B08DA0BD190000000410100003600000000000000000000000000270F00006662782F36394639363044362D344446342D
310
343946362D394244322D3234314243333846323333332F6469726563746F72792E786D6C504B01021400140006080800CC70623BCA768048FE000000A00100003B000000000000000000000000000B1000006662782F36394639363044362D344446342D343946362D394244322D3234314243333846323333332F7265736F
310
75726365732F636F72652E786D6C504B0506000000000E000E0080040000621100000000
  0
CELLSTYLEMAP
  5
39B3
102
{ACAD_REACTORS
330
39B2
102
}
330
39B2
100
AcDbCellStyleMap
 90
3
300
CELLSTYLE
  1
TABLEFORMAT_BEGIN
 90
5
170
1
 91
0
 92
32768
 62
257
 93
1
300
CONTENTFORMAT
  1
CONTENTFORMAT_BEGIN
 90
0
 91
0
 92
512
 93
0
300

 40
0.0
140
1.0
 94
5
 62
0
340
11
144
6.0
309
CONTENTFORMAT_END
171
1
301
MARGIN
  1
CELLMARGIN_BEGIN
 40
1.5
 40
1.5
 40
1.5
 40
1.5
 40
4.5
 40
4.5
309
CELLMARGIN_END
 94
6
 95
1
302
GRIDFORMAT
  1
GRIDFORMAT_BEGIN
 90
0
 91
1
 62
0
 92
-2
340
14
 93
0
 40
1.125
309
GRIDFORMAT_END
 95
2
302
GRIDFORMAT
  1
GRIDFORMAT_BEGIN
 90
0
 91
1
 62
0
 92
-2
340
14
 93
0
 40
1.125
309
GRIDFORMAT_END
 95
4
302
GRIDFORMAT
  1
GRIDFORMAT_BEGIN
 90
0
 91
1
 62
0
 92
-2
340
14
 93
0
 40
1.125
309
GRIDFORMAT_END
 95
8
302
GRIDFORMAT
  1
GRIDFORMAT_BEGIN
 90
0
 91
1
 62
0
 92
-2
340
14
 93
0
 40
1.125
309
GRIDFORMAT_END
 95
16
302
GRIDFORMAT
  1
GRIDFORMAT_BEGIN
 90
0
 91
1
 62
0
 92
-2
340
14
 93
0
 40
1.125
309
GRIDFORMAT_END
 95
32
302
GRIDFORMAT
  1
GRIDFORMAT_BEGIN
 90
0
 91
1
 62
0
 92
-2
340
14
 93
0
 40
1.125
309
GRIDFORMAT_END
309
TABLEFORMAT_END
  1
CELLSTYLE_BEGIN
 90
1
 91
1
300
_TITLE
309
CELLSTYLE_END
300
CELLSTYLE
  1
TABLEFORMAT_BEGIN
 90
5
170
1
 91
0
 92
0
 62
257
 93
1
300
CONTENTFORMAT
  1
CONTENTFORMAT_BEGIN
 90
0
 91
0
 92
512
 93
0
300

 40
0.0
140
1.0
 94
5
 62
0
340
11
144
4.5
309
CONTENTFORMAT_END
171
1
301
MARGIN
  1
CELLMARGIN_BEGIN
 40
1.5
 40
1.5
 40
1.5
 40
1.5
 40
4.5
 40
4.5
309
CELLMARGIN_END
 94
6
 95
1
302
GRIDFORMAT
  1
GRIDFORMAT_BEGIN
 90
0
 91
1
 62
0
 92
-2
340
14
 93
0
 40
1.125
309
GRIDFORMAT_END
 95
2
302
GRIDFORMAT
  1
GRIDFORMAT_BEGIN
 90
0
 91
1
 62
0
 92
-2
340
14
 93
0
 40
1.125
309
GRIDFORMAT_END
 95
4
302
GRIDFORMAT
  1
GRIDFORMAT_BEGIN
 90
0
 91
1
 62
0
 92
-2
340
14
 93
0
 40
1.125
309
GRIDFORMAT_END
 95
8
302
GRIDFORMAT
  1
GRIDFORMAT_BEGIN
 90
0
 91
1
 62
0
 92
-2
340
14
 93
0
 40
1.125
309
GRIDFORMAT_END
 95
16
302
GRIDFORMAT
  1
GRIDFORMAT_BEGIN
 90
0
 91
1
 62
0
 92
-2
340
14
 93
0
 40
1.125
309
GRIDFORMAT_END
 95
32
302
GRIDFORMAT
  1
GRIDFORMAT_BEGIN
 90
0
 91
1
 62
0
 92
-2
340
14
 93
0
 40
1.125
309
GRIDFORMAT_END
309
TABLEFORMAT_END
  1
CELLSTYLE_BEGIN
 90
2
 91
1
300
_HEADER
309
CELLSTYLE_END
300
CELLSTYLE
  1
TABLEFORMAT_BEGIN
 90
5
170
1
 91
0
 92
0
 62
257
 93
1
300
CONTENTFORMAT
  1
CONTENTFORMAT_BEGIN
 90
0
 91
0
 92
512
 93
0
300

 40
0.0
140
1.0
 94
2
 62
0
340
11
144
4.5
309
CONTENTFORMAT_END
171
1
301
MARGIN
  1
CELLMARGIN_BEGIN
 40
1.5
 40
1.5
 40
1.5
 40
1.5
 40
4.5
 40
4.5
309
CELLMARGIN_END
 94
6
 95
1
302
GRIDFORMAT
  1
GRIDFORMAT_BEGIN
 90
0
 91
1
 62
0
 92
-2
340
14
 93
0
 40
1.125
309
GRIDFORMAT_END
 95
2
302
GRIDFORMAT
  1
GRIDFORMAT_BEGIN
 90
0
 91
1
 62
0
 92
-2
340
14
 93
0
 40
1.125
309
GRIDFORMAT_END
 95
4
302
GRIDFORMAT
  1
GRIDFORMAT_BEGIN
 90
0
 91
1
 62
0
 92
-2
340
14
 93
0
 40
1.125
309
GRIDFORMAT_END
 95
8
302
GRIDFORMAT
  1
GRIDFORMAT_BEGIN
 90
0
 91
1
 62
0
 92
-2
340
14
 93
0
 40
1.125
309
GRIDFORMAT_END
 95
16
302
GRIDFORMAT
  1
GRIDFORMAT_BEGIN
 90
0
 91
1
 62
0
 92
-2
340
14
 93
0
 40
1.125
309
GRIDFORMAT_END
 95
32
302
GRIDFORMAT
  1
GRIDFORMAT_BEGIN
 90
0
 91
1
 62
0
 92
-2
340
14
 93
0
 40
1.125
309
GRIDFORMAT_END
309
TABLEFORMAT_END
  1
CELLSTYLE_BEGIN
 90
3
 91
2
300
_DATA
309
CELLSTYLE_END
  0
DICTIONARY
  5
3A98
330
C
100
AcDbDictionary
280
1
281
1
  3
WRITTEN_BY_EZDXF
350
3A99
  0
DICTIONARYVAR
  5
3A99
330
3A98
100
DictionaryVariables
280
0
  1
1.4.4 @ 2026-10-01T04:58:10.036141+00:00
  0
ENDSEC
  0
SECTION
  2
Thumbnail_Data
 90
16364
310
28000000B4000000550000000100080000000000C43B000000000000000000000000000000000000000000000000FF0000FFFF0000FF0000FFFF0000FF000000FF00FF00FFFFFF0080808000C0C0C0000000FF007F7FFF000000CC006666CC00000099004C4C990000007F003F3F7F0000004C0026264C00003FFF007F9FFF
310
000033CC00667FCC00002699004C5F9900001F7F003F4F7F0000134C00262F4C00007FFF007FBFFF000066CC006699CC00004C99004C729900003F7F003F5F7F0000264C0026394C0000BFFF007FDFFF000099CC0066B2CC00007299004C859900005F7F003F6F7F0000394C0026424C0000FFFF007FFFFF0000CCCC0066CC
310
CC00009999004C999900007F7F003F7F7F00004C4C00264C4C0000FFBF007FFFDF0000CC990066CCB200009972004C998500007F5F003F7F6F00004C3900264C420000FF7F007FFFBF0000CC660066CC990000994C004C997200007F3F003F7F5F00004C2600264C390000FF3F007FFF9F0000CC330066CC7F00009926004C
310
995F00007F1F003F7F4F00004C1300264C2F0000FF00007FFF7F0000CC000066CC6600009900004C994C00007F00003F7F3F00004C0000264C26003FFF00009FFF7F0033CC00007FCC6600269900005F994C001F7F00004F7F3F00134C00002F4C26007FFF0000BFFF7F0066CC000099CC66004C99000072994C003F7F0000
310
5F7F3F00264C0000394C2600BFFF0000DFFF7F0099CC0000B2CC66007299000085994C005F7F00006F7F3F00394C0000424C2600FFFF0000FFFF7F00CCCC0000CCCC66009999000099994C007F7F00007F7F3F004C4C00004C4C2600FFBF0000FFDF7F00CC990000CCB266009972000099854C007F5F00007F6F3F004C3900
310
004C422600FF7F0000FFBF7F00CC660000CC996600994C000099724C007F3F00007F5F3F004C2600004C392600FF3F0000FF9F7F00CC330000CC7F660099260000995F4C007F1F00007F4F3F004C1300004C2F2600FF000000FF7F7F00CC000000CC66660099000000994C4C007F0000007F3F3F004C0000004C262600FF00
310
3F00FF7F9F00CC003300CC667F0099002600994C5F007F001F007F3F4F004C0013004C262F00FF007F00FF7FBF00CC006600CC66990099004C00994C72007F003F007F3F5F004C0026004C263900FF00BF00FF7FDF00CC009900CC66B20099007200994C85007F005F007F3F6F004C0039004C264200FF00FF00FF7FFF00CC
310
00CC00CC66CC0099009900994C99007F007F007F3F7F004C004C004C264C00BF00FF00DF7FFF009900CC00B266CC0072009900854C99005F007F006F3F7F0039004C0042264C007F00FF00BF7FFF006600CC009966CC004C009900724C99003F007F005F3F7F0026004C0039264C003F00FF009F7FFF003300CC007F66CC00
310
260099005F4C99001F007F004F3F7F0013004C002F264C00333333005B5B5B0084848400ADADAD00D6D6D600FFFFFF00FAFAFAFAFAFAFAFAFAFAFAFAFAFAFAFAFAFAFAFAFAFAFAFAFAFAFAFAFAFAFAFAFAFAFAFAFAFAFAFAFAFAFAFAFAFAFAFAFAFAFAFAFAFAFAFAFAFAFAFAFAFAFAFAFA0707FAFA07FAFAFA070707070707
310
07070707070707070707FAFAFAFAFAFAFAFAFAFAFAFAFAFAFAFAFAFAFAFAFAFAFAFA07FAFAFAFAFAFAFAFAFAFAFAFAFAFAFAFAFAFAFAFAFAFAFAFAFAFAFAFAFAFAFAFAFAFAFAFAFAFA07FAFAFAFAFAFAFAFAFAFAFAFAFAFAFAFAFAFAFAFAFAFAFAFAFAFAFAFAFAFAFAFAFAFAFAFAFAFAFAFAFAFAFAFAFAFAFAFAFAFAFAFAFA
310
FAFAFAFAFAFAFAFAFAFAFAFAFAFAFAFAFAFAFAFAFAFAFAFAFAFAFAFAFAFAFAFAFAFAFAFAFAFAFA0707070707FAFAFA07070707070707070707070707070707FAFAFAFAFAFAFAFAFAFAFAFAFAFAFAFAFAFAFAFAFAFAFAFA07FAFAFAFAFAFAFAFAFAFAFAFAFAFAFAFAFAFAFAFAFAFAFAFAFAFAFAFAFAFAFAFAFAFAFAFAFAFA07
310
FAFAFAFAFAFAFAFAFAFAFAFAFAFAFAFAFAFAFAFAFAFAFAFAFAFAFAFAFAFAFAFAFAFAFAFAFAFAFAFAFAFAFAFAFAFAFAFAFAFAFAFAFAFAFAFAFAFAFAFAFAFAFAFAFAFAFAFAFAFAFAFAFAFAFAFAFAFAFAFAFAFAFAFAFAFAFAFAFAFAFAFA070707FA07FAFAFAFAFAFAFAFAFAFAFAFAFAFAFAFAFAFAFAFAFAFAFAFAFAFAFAFAFAFA
310
FAFAFAFAFAFAFAFAFAFAFAFAFA07FAFAFAFAFAFAFAFAFAFAFAFAFAFAFAFAFAFAFAFAFAFAFAFAFAFAFAFAFAFAFAFAFAFAFAFAFAFA07FAFAFAFAFAFAFAFAFAFAFAFAFAFAFAFAFAFAFAFAFAFAFAFAFAFAFAFAFAFAFAFAFAFAFAFAFAFAFAFAFAFAFAFAFAFAFAFAFAFAFAFAFAFAFAFAFAFAFAFAFAFAFAFAFAFAFAFAFAFAFAFAFAFA
310
FAFAFAFAFAFAFAFAFAFAFAFAFAFAFAFAFAFA0707070707FAFAFA07070707070707070707070707070707FAFAFAFAFAFAFAFAFAFAFAFAFAFAFAFAFAFAFAFAFAFAFAFA07FAFAFAFAFAFAFAFAFAFAFAFAFAFAFAFAFAFAFAFAFAFAFAFAFAFAFAFAFAFAFAFAFAFAFAFAFAFA07FAFAFAFAFAFAFAFAFAFAFAFAFAFAFAFAFAFAFAFAFA
310
FAFAFAFAFAFAFAFAFAFAFAFAFAFAFAFAFAFAFAFAFAFAFAFAFAFAFAFAFAFAFAFAFAFAFAFAFAFAFAFAFAFAFAFAFAFAFAFAFAFAFAFAFAFAFAFAFAFAFAFAFAFAFAFAFAFAFAFAFAFAFA0707070707FAFAFA07070707070707070707070707070707FAFAFAFAFAFAFAFAFAFAFAFAFAFAFAFAFAFAFAFAFAFAFAFA07FAFAFAFAFAFAFA
310
FAFAFAFAFAFAFAFAFAFAFAFAFAFAFAFAFAFAFAFAFAFAFAFAFAFAFAFAFAFAFA07FAFAFAFAFAFAFAFAFAFAFAFAFAFAFAFAFAFAFAFAFAFAFAFAFAFAFAFAFAFAFAFAFAFAFAFAFAFAFAFAFAFAFAFAFAFAFAFAFAFAFAFAFAFAFAFAFAFAFAFAFAFAFAFAFAFAFAFAFAFAFAFAFAFAFAFAFAFAFAFAFAFAFAFAFAFAFAFAFAFAFAFA07FA07
310
FA07FAFAFA07070707070707070707070707070707FAFAFAFAFAFAFAFAFAFAFAFAFAFAFAFAFAFAFAFAFAFAFAFA07FAFAFAFAFAFAFAFAFAFAFAFAFAFAFAFAFAFAFAFAFAFAFAFAFAFAFAFAFAFAFAFAFAFAFAFAFAFA07FAFAFAFAFAFAFAFAFAFAFAFAFAFAFAFAFAFAFAFAFAFAFAFAFAFAFAFAFAFAFAFAFAFAFAFAFAFAFAFAFAFA
310
FAFAFAFAFAFAFAFAFAFAFAFAFAFAFAFAFAFAFAFAFAFAFAFAFAFAFAFAFAFAFAFAFAFAFAFAFAFAFAFAFAFAFAFAFAFAFAFAFAFA07070707070707070707070707070707070707070707070707070707070707070707070707070707070707070707070707FAFAFAFAFAFAFAFAFAFAFAFAFAFAFAFAFAFAFAFAFAFAFAFAFAFAFAFA
310
FAFAFAFAFAFAFAFAFAFA07FAFAFAFAFAFAFAFAFAFAFAFAFAFAFAFAFAFAFAFAFAFAFAFAFAFAFAFAFAFAFAFAFAFAFAFAFAFAFAFAFAFAFAFAFAFAFAFAFAFAFAFAFAFAFAFAFAFAFAFAFAFAFAFAFAFAFAFAFAFAFAFAFAFAFAFAFAFAFAFAFAFAFAFAFAFAFAFAFAFAFAFAFAFAFAFAFAFAFAFAFAFAFAFAFAFAFAFAFAFAFAFAFAFAFAFA
310
FAFAFAFAFAFAFAFAFAFAFAFAFAFAFAFAFAFAFAFAFAFAFAFAFAFAFAFAFAFAFAFAFAFAFAFAFAFAFAFAFAFAFAFAFAFAFAFAFAFAFAFAFAFAFAFAFAFAFAFAFAFAFA07FAFAFAFAFAFAFAFAFAFAFAFAFAFAFAFAFAFAFAFAFAFAFAFAFAFAFAFAFAFAFAFAFAFAFAFAFAFAFAFAFAFAFAFAFAFAFAFAFAFAFAFAFAFAFAFAFAFAFAFAFAFAFA
310
FAFAFAFAFAFAFAFAFAFAFAFAFAFAFAFAFAFAFAFAFAFAFAFAFAFAFAFAFAFAFAFAFAFAFAFAFAFAFAFAFAFAFAFAFAFAFAFAFAFAFAFAFAFAFAFAFAFAFAFAFAFAFAFAFAFAFAFAFAFAFAFAFAFAFAFAFAFAFAFAFAFAFAFAFAFAFAFAFAFAFAFAFAFAFAFAFAFAFAFAFAFAFAFAFAFAFAFAFAFAFAFAFAFAFAFA07FAFAFAFAFAFAFAFAFAFA
310
FAFAFAFAFAFAFAFAFAFAFAFAFAFAFAFAFAFAFAFAFAFAFAFAFAFAFAFAFAFAFAFAFAFAFAFAFAFAFAFAFAFAFAFAFAFAFAFAFAFAFAFAFAFAFAFAFAFAFAFAFAFAFAFAFAFAFAFAFAFAFAFAFAFAFAFAFAFAFAFAFAFAFAFAFAFAFAFAFAFAFAFAFAFAFAFAFAFAFAFAFAFAFAFAFAFAFAFAFAFAFAFAFAFAFAFAFAFAFAFAFAFAFAFAFAFAFA
310
FAFAFAFAFAFAFAFAFAFAFAFAFAFAFAFAFAFAFAFAFAFAFAFAFAFAFAFAFAFAFAFAFAFAFAFAFAFAFAFAFAFA07FAFAFAFAFAFAFAFAFAFAFAFAFAFAFAFAFAFAFAFAFAFAFAFAFAFAFAFAFAFAFAFAFAFAFAFAFAFAFAFAFAFAFAFAFAFAFAFAFAFAFAFAFAFAFAFAFAFAFAFAFAFAFAFAFAFAFAFAFAFAFAFAFAFAFAFAFAFAFAFAFAFAFAFA
310
FAFAFAFAFAFAFAFA07070707070707070707070707070707070707070707070707070707070707070707070707070707070707070707070707FAFAFAFAFAFAFAFAFAFAFAFAFAFAFAFAFAFAFAFAFAFAFAFAFAFAFAFAFAFAFAFAFAFAFAFAFAFA07FAFAFAFAFAFAFAFAFAFAFAFAFAFAFAFAFAFAFAFAFAFAFAFAFAFAFAFAFAFAFA
310
FAFAFAFAFAFAFAFAFAFAFAFAFAFAFAFAFAFAFAFAFAFAFAFAFAFAFAFAFAFAFAFAFAFAFAFAFAFAFAFAFAFAFAFAFAFAFAFAFAFAFAFAFAFAFAFAFAFAFAFAFA0707FAFA07FAFAFAFAFAFAFAFAFAFAFAFAFAFAFAFAFAFAFAFAFAFAFAFAFAFAFAFAFAFAFAFAFAFAFAFAFAFAFAFAFAFAFA07FAFAFAFAFAFAFAFAFAFAFAFAFAFAFAFAFA
310
FAFAFAFAFAFAFAFAFAFAFAFAFAFAFAFAFAFAFAFAFA07FAFAFAFAFAFAFAFAFAFAFAFAFAFAFAFAFAFAFAFAFAFAFAFAFAFAFAFAFAFAFAFAFAFAFAFAFAFAFAFAFAFAFAFAFAFAFAFAFAFAFAFAFAFAFAFAFAFAFAFAFAFAFAFAFAFAFAFAFAFAFAFAFAFAFAFAFAFAFAFAFAFAFAFAFAFAFAFAFAFAFAFA0707FAFA07FAFAFA0707070707
310
0707070707070707FAFAFAFAFAFAFAFAFAFAFAFAFAFAFAFAFAFAFAFAFAFAFAFAFAFAFA07FAFAFAFAFAFAFAFAFAFAFAFAFAFAFAFAFAFAFAFAFAFAFAFAFAFAFAFAFAFAFAFAFAFAFAFAFAFA07FAFAFAFAFAFAFAFAFAFAFAFAFAFAFAFAFAFAFAFAFAFAFAFAFAFAFAFAFAFAFAFAFAFAFAFAFAFAFAFAFAFAFAFAFAFAFAFAFAFAFAFA
310
FAFAFAFAFAFAFAFAFAFAFAFAFAFAFAFAFAFAFAFAFAFAFAFAFAFAFAFAFAFAFAFAFAFAFAFAFAFAFAFA0707FAFA07FAFAFA07070707070707070707070707FAFAFAFAFAFAFAFAFAFAFAFAFAFAFAFAFAFAFAFAFAFAFAFAFAFAFA07FAFAFAFAFAFAFAFAFAFAFAFAFAFAFAFAFAFAFAFAFAFAFAFAFAFAFAFAFAFAFAFAFAFAFAFAFAFA
310
07FAFAFAFAFAFAFAFAFAFAFAFAFAFAFAFAFAFAFAFAFAFAFAFAFAFAFAFAFAFAFAFAFAFAFAFAFAFAFAFAFAFAFAFAFAFAFAFAFAFAFAFAFAFAFAFAFAFAFAFAFAFAFAFAFAFAFAFAFAFAFAFAFAFAFAFAFAFAFAFAFAFAFAFAFAFAFAFAFAFAFAFA0707070707FAFAFA07070707070707070707070707FAFAFAFAFAFAFAFAFAFAFAFAFA
310
FAFAFAFAFAFAFAFAFAFAFAFAFAFA07FAFAFAFAFAFAFAFAFAFAFAFAFAFAFAFAFAFAFAFAFAFAFAFAFAFAFAFAFAFAFAFAFAFAFAFAFAFA07FAFAFAFAFAFAFAFAFAFAFAFAFAFAFAFAFAFAFAFAFAFAFAFAFAFAFAFAFAFAFAFAFAFAFAFAFAFAFAFAFAFAFAFAFAFAFAFAFAFAFAFAFAFAFAFAFAFAFAFAFAFAFAFAFAFAFAFAFAFAFAFAFA
310
FAFAFAFAFAFAFAFAFAFAFAFAFAFAFAFAFAFAFA0707FAFA07FAFAFAFAFAFAFAFAFAFAFAFAFAFAFAFAFAFAFAFAFAFAFAFAFAFAFAFAFAFAFAFAFAFAFAFAFAFAFAFAFAFAFA07FAFAFAFAFAFAFAFAFAFAFAFAFAFAFAFAFAFAFAFAFAFAFAFAFAFAFAFAFAFAFAFAFAFAFAFAFAFA07FAFAFAFAFAFAFAFAFAFAFAFAFAFAFAFAFAFAFAFA
310
FAFAFAFAFAFAFAFAFAFAFAFAFAFAFAFAFAFAFAFAFAFAFAFAFAFAFAFAFAFAFAFAFAFAFAFAFAFAFAFAFAFAFAFAFAFAFAFAFAFAFAFAFAFAFAFAFAFAFAFAFAFAFAFAFAFAFAFAFAFAFAFA0707FAFA07FAFAFA07070707070707070707070707070707FAFAFAFAFAFAFAFAFAFAFAFAFAFAFAFAFAFAFAFAFAFAFAFA07FAFAFAFAFAFA
310
FAFAFAFAFAFAFAFAFAFAFAFAFAFAFAFAFAFAFAFAFAFAFAFAFAFAFAFAFAFAFAFA07FAFAFAFAFAFAFAFAFAFAFAFAFAFAFAFAFAFAFAFAFAFAFAFAFAFAFAFAFAFAFAFAFAFAFAFAFAFAFAFAFAFAFAFAFAFAFAFAFAFAFAFAFAFAFAFAFAFAFAFAFAFAFAFAFAFAFAFAFAFAFAFAFAFAFAFAFAFAFAFAFAFAFAFAFAFAFAFAFAFAFAFA0707
310
FAFA07FAFAFA07070707070707070707070707070707FAFAFAFAFAFAFAFAFAFAFAFAFAFAFAFAFAFAFAFAFAFAFAFA07FAFAFAFAFAFAFAFAFAFAFAFAFAFAFAFAFAFAFAFAFAFAFAFAFAFAFAFAFAFAFAFAFAFAFAFAFAFA07FAFAFAFAFAFAFAFAFAFAFAFAFAFAFAFAFAFAFAFAFAFAFAFAFAFAFAFAFAFAFAFAFAFAFAFAFAFAFAFAFA
310
FAFAFAFAFAFAFAFAFAFAFAFAFAFAFAFAFAFAFAFAFAFAFAFAFAFAFAFAFAFAFAFAFAFAFAFAFAFAFAFAFAFAFAFAFAFAFAFAFAFAFA0707070707FAFAFA07070707070707070707070707070707FAFAFAFAFAFAFAFAFAFAFAFAFAFAFAFAFAFAFAFAFAFAFAFA07FAFAFAFAFAFAFAFAFAFAFAFAFAFAFAFAFAFAFAFAFAFAFAFAFAFAFA
310
FAFAFAFAFAFAFAFAFAFAFA07FAFAFAFAFAFAFAFAFAFAFAFAFAFAFAFAFAFAFAFAFAFAFAFAFAFAFAFAFAFAFAFAFAFAFAFAFAFAFAFAFAFAFAFAFAFAFAFAFAFAFAFAFAFAFAFAFAFAFAFAFAFAFAFAFAFAFAFAFAFAFAFAFAFAFAFAFAFAFAFAFAFAFAFAFAFAFAFAFAFAFAFA07FAFAFA07FAFAFAFAFAFAFAFAFAFAFAFAFAFAFAFAFAFA
310
FAFAFAFAFAFAFAFAFAFAFAFAFAFAFAFAFAFAFAFAFAFAFAFAFA07FAFAFAFAFAFAFAFAFAFAFAFAFAFAFAFAFAFAFAFAFAFAFAFAFAFAFAFAFAFAFAFAFAFAFAFAFAFA07FAFAFAFAFAFAFAFAFAFAFAFAFAFAFAFAFAFAFAFAFAFAFAFAFAFAFAFAFAFAFAFAFAFAFAFAFAFAFAFAFAFAFAFAFAFAFAFAFAFAFAFAFAFAFAFAFAFAFAFAFAFA
310
FAFAFAFAFAFAFAFAFAFAFAFAFAFAFAFAFAFAFAFAFAFAFAFAFAFAFAFAFAFA0707FAFA07FAFAFAFAFAFAFAFAFAFAFAFAFAFAFAFAFAFAFAFAFAFAFAFAFAFAFAFAFAFAFAFAFAFAFAFAFAFAFAFAFAFAFA07FAFAFAFAFAFAFAFAFAFAFAFAFAFAFAFAFAFAFAFAFAFAFAFAFAFAFAFAFAFAFAFAFAFAFAFAFAFA07FAFAFAFAFAFAFAFAFA
310
FAFAFAFAFAFAFAFAFAFAFAFAFAFAFAFAFAFAFAFAFAFAFAFAFAFAFAFAFAFAFAFAFAFAFAFAFAFAFAFAFAFAFAFAFAFAFAFAFAFAFAFAFAFAFAFAFAFAFAFAFAFAFAFAFAFAFAFAFAFAFAFAFAFAFAFAFAFAFAFAFAFAFA0707FAFA07FAFAFA07070707070707070707070707070707FAFAFAFAFAFAFAFAFAFAFAFAFAFAFAFAFAFAFAFA
310
FAFAFAFA07FAFAFAFAFAFAFAFAFAFAFAFAFAFAFAFAFAFAFAFAFAFAFAFAFAFAFAFAFAFAFAFAFAFAFAFAFAFA07FAFAFAFAFAFAFAFAFAFAFAFAFAFAFAFAFAFAFAFAFAFAFAFAFAFAFAFAFAFAFAFAFAFAFAFAFAFAFAFAFAFAFAFAFAFAFAFAFAFAFAFAFAFAFAFAFAFAFAFAFAFAFAFAFAFAFAFAFAFAFAFAFAFAFAFAFAFAFAFAFAFAFA
310
FAFAFAFAFAFAFAFAFA0707FAFA07FAFAFA07070707070707070707070707070707FAFAFAFAFAFAFAFAFAFAFAFAFAFAFAFAFAFAFAFAFAFAFAFA07FAFAFAFAFAFAFAFAFAFAFAFAFAFAFAFAFAFAFAFAFAFAFAFAFAFAFAFAFAFAFAFAFAFAFAFAFAFA07FAFAFAFAFAFAFAFAFAFAFAFAFAFAFAFAFAFAFAFAFAFAFAFAFAFAFAFAFAFA
310
FAFAFAFAFAFAFAFAFAFAFAFAFAFAFAFAFAFAFAFAFAFAFAFAFAFAFAFAFAFAFAFAFAFAFAFAFAFAFAFAFAFAFAFAFAFAFAFAFAFAFAFAFAFAFAFAFAFAFAFAFAFA07070707070707070707070707070707070707070707070707070707070707070707070707070707070707070707070707FAFAFAFAFAFAFAFAFAFAFAFAFAFAFAFA
310
FAFAFAFAFAFAFAFAFAFAFAFAFAFAFAFAFAFAFAFAFAFA07FAFAFAFAFAFAFAFAFAFAFAFAFAFAFAFAFAFAFAFAFAFAFAFAFAFAFAFAFAFAFAFAFAFAFAFAFAFAFAFAFAFAFAFAFAFAFAFAFAFAFAFAFAFAFAFAFAFAFAFAFAFAFAFAFAFAFAFAFAFAFAFAFAFAFAFAFAFAFAFAFAFAFAFAFAFAFAFAFAFAFAFAFAFAFAFAFAFAFAFAFAFAFAFA
310
FAFAFAFAFAFAFAFAFAFAFAFAFAFAFAFAFAFAFAFAFAFAFAFAFAFAFAFAFAFAFAFAFAFAFAFAFAFAFAFAFAFAFAFAFAFAFAFAFAFAFAFAFAFAFAFAFAFAFAFAFAFAFAFAFAFAFAFAFAFAFAFAFAFAFA07FAFAFAFAFAFAFAFAFAFAFAFAFAFAFAFAFAFAFAFAFAFAFAFAFAFAFAFAFAFAFAFAFAFAFAFAFAFAFAFAFAFAFAFAFAFAFAFAFAFAFA
310
FAFAFAFAFAFAFAFAFAFAFAFAFAFAFAFAFAFAFAFAFAFAFAFAFAFAFAFAFAFAFAFAFAFAFAFAFAFAFAFAFAFAFAFAFAFAFAFAFAFAFAFAFAFAFAFAFAFAFAFAFAFAFAFAFAFAFAFAFAFAFAFAFAFAFAFAFAFAFAFAFAFAFAFAFAFAFAFAFAFAFAFAFAFAFAFAFAFAFAFAFAFAFAFAFAFAFAFAFAFAFAFAFAFAFAFAFAFAFAFAFAFAFAFAFAFAFA
310
FA07FAFAFAFAFAFAFAFAFAFAFAFAFAFAFAFAFAFAFAFAFAFAFAFAFAFAFAFAFAFAFAFAFAFAFAFAFAFAFAFAFAFAFAFAFAFAFAFAFAFAFAFAFAFAFAFAFAFAFAFAFAFAFAFAFAFAFAFAFAFAFAFAFAFAFAFAFAFAFAFAFAFAFAFAFAFAFAFAFAFAFAFAFAFAFAFAFAFAFAFAFAFAFAFAFAFAFAFAFAFAFAFAFAFAFAFAFAFAFAFAFAFAFAFAFA
310
FAFAFAFAFAFAFAFAFAFAFAFAFAFAFAFAFAFAFAFAFAFAFAFAFAFAFAFAFAFAFAFAFAFAFAFAFAFAFAFAFAFAFAFAFAFAFAFAFAFAFAFAFAFA07FAFAFAFAFAFAFAFAFAFAFAFAFAFAFAFAFAFAFAFAFAFAFAFAFAFAFAFAFAFAFAFAFAFAFAFAFAFAFAFAFAFAFAFAFAFAFAFAFAFAFAFAFAFAFAFAFAFAFAFAFAFAFAFAFAFAFAFAFAFAFAFA
310
FAFAFAFAFAFAFAFAFAFAFAFAFAFAFAFAFAFAFAFAFAFAFAFAFAFAFAFAFAFAFAFAFAFAFAFAFAFAFAFAFAFAFAFAFAFAFAFAFAFAFAFAFAFAFAFAFAFAFAFAFAFAFAFAFAFAFAFAFAFAFAFAFAFAFAFAFAFAFAFAFAFAFAFAFAFAFAFAFAFAFAFAFAFAFAFAFAFAFAFAFAFAFAFAFAFAFA07FAFAFAFAFAFAFAFAFAFAFAFAFAFAFAFAFAFAFA
310
FAFAFAFAFAFAFAFAFAFAFAFAFAFAFAFAFAFAFAFAFAFAFAFAFAFAFAFAFAFAFAFAFAFAFAFAFAFAFAFAFAFAFAFAFAFAFAFAFAFAFAFAFAFAFAFAFAFAFAFAFAFAFAFAFAFAFAFAFAFAFAFAFAFAFAFAFAFAFAFAFAFAFAFAFAFAFAFAFAFAFAFAFAFAFAFAFAFAFAFAFAFAFAFAFAFAFAFAFAFAFAFAFAFAFAFAFAFAFAFAFAFAFAFAFAFAFA
310
FAFAFAFAFAFAFAFAFAFAFAFAFAFAFAFAFAFAFAFAFAFAFAFAFAFAFAFAFAFAFAFAFA07FAFAFAFAFAFAFAFAFAFAFAFAFAFAFAFAFAFAFAFAFAFAFAFAFAFAFAFAFAFAFAFAFAFAFAFAFAFAFAFAFAFAFAFAFAFAFAFAFAFAFAFAFAFAFAFAFAFAFAFAFAFAFAFAFAFAFAFAFAFAFAFAFAFAFAFAFAFAFAFAFAFAFAFAFAFAFAFAFAFAFAFAFA
310
FAFAFAFAFAFAFAFAFAFAFAFAFAFAFAFAFAFAFAFAFAFAFAFAFAFAFAFAFAFAFAFAFAFAFAFAFAFAFAFAFAFAFAFAFAFAFAFAFAFAFAFAFAFAFAFAFAFAFAFAFAFAFAFAFAFAFAFAFAFAFAFAFAFAFAFAFAFAFAFAFAFAFAFAFAFA07FAFAFAFAFAFAFAFAFAFAFAFAFAFAFAFAFAFAFAFAFAFAFAFAFAFAFAFAFAFAFAFAFAFAFAFAFAFAFAFA
310
FAFAFAFAFAFAFAFAFAFAFAFAFAFAFAFAFAFAFAFAFAFAFAFAFAFAFAFAFAFAFAFAFAFAFAFAFAFAFAFAFAFAFAFAFAFAFAFAFAFAFAFAFAFAFAFAFAFAFAFAFAFAFAFAFAFAFAFAFAFAFAFAFAFAFAFAFAFAFAFAFAFAFAFAFAFAFAFAFAFAFAFAFAFAFAFAFAFAFAFAFAFAFAFAFAFAFAFAFAFAFAFAFAFAFAFAFAFAFAFAFAFAFAFAFAFAFA
310
FAFAFAFAFAFAFAFAFAFAFAFA07FAFAFAFAFAFAFAFAFAFAFAFAFAFAFAFAFAFAFAFAFAFAFAFAFAFAFAFAFAFAFAFAFAFAFAFAFAFAFAFAFAFAFAFAFAFAFAFAFAFAFAFAFAFAFAFAFAFAFAFAFAFAFAFAFAFAFAFAFAFAFAFAFAFAFAFAFAFAFAFAFAFAFAFAFAFAFAFAFAFAFAFA07070707070707070707070707070707070707070707
310
070707070707070707070707070707070707070707070707070707FAFAFAFAFAFAFAFAFAFAFAFAFAFAFAFAFAFAFAFAFAFAFAFAFAFAFAFAFAFAFAFAFAFAFAFAFAFA07FAFAFAFAFAFAFAFAFAFAFAFAFAFAFAFAFAFAFAFAFAFAFAFAFAFAFAFAFAFAFAFAFAFAFAFAFAFAFAFAFAFAFAFAFAFAFAFAFAFAFAFAFAFAFAFAFAFAFAFAFA
310
FAFAFAFAFAFAFAFAFAFAFAFAFAFAFAFAFAFAFAFAFAFAFAFAFAFAFAFAFAFAFA070707FA07FAFAFAFAFAFAFAFAFAFAFAFAFAFAFAFAFAFAFAFAFAFAFAFAFAFAFAFAFAFAFAFAFAFAFAFAFAFAFAFAFAFAFA07FAFAFAFAFAFAFAFAFAFAFAFAFAFAFAFAFAFAFAFAFAFAFAFAFAFAFAFAFAFAFAFAFAFAFAFAFAFA07FAFAFAFAFAFAFAFA
310
FAFAFAFAFAFAFAFAFAFAFAFAFAFAFAFAFAFAFAFAFAFAFAFAFAFAFAFAFAFAFAFAFAFAFAFAFAFAFAFAFAFAFAFAFAFAFAFAFAFAFAFAFAFAFAFAFAFAFAFAFAFAFAFAFAFAFAFAFAFAFAFAFAFAFAFAFAFAFAFAFAFAFAFA0707070707FAFAFA07070707070707070707070707FAFAFAFAFAFAFAFAFAFAFAFAFAFAFAFAFAFAFAFAFAFA
310
FAFAFAFAFA07FAFAFAFAFAFAFAFAFAFAFAFAFAFAFAFAFAFAFAFAFAFAFAFAFAFAFAFAFAFAFAFAFAFAFAFAFAFA07FAFAFAFAFAFAFAFAFAFAFAFAFAFAFAFAFAFAFAFAFAFAFAFAFAFAFAFAFAFAFAFAFAFAFAFAFAFAFAFAFAFAFAFAFAFAFAFAFAFAFAFAFAFAFAFAFAFAFAFAFAFAFAFAFAFAFAFAFAFAFAFAFAFAFAFAFAFAFAFAFAFA
310
FAFAFAFAFAFAFAFAFAFA0707070707FAFAFA07070707070707070707070707FAFAFAFAFAFAFAFAFAFAFAFAFAFAFAFAFAFAFAFAFAFAFAFAFAFAFA07FAFAFAFAFAFAFAFAFAFAFAFAFAFAFAFAFAFAFAFAFAFAFAFAFAFAFAFAFAFAFAFAFAFAFAFAFAFA07FAFAFAFAFAFAFAFAFAFAFAFAFAFAFAFAFAFAFAFAFAFAFAFAFAFAFAFAFA
310
FAFAFAFAFAFAFAFAFAFAFAFAFAFAFAFAFAFAFAFAFAFAFAFAFAFAFAFAFAFAFAFAFAFAFAFAFAFAFAFAFAFAFAFAFAFAFAFAFAFAFAFAFAFAFAFAFAFAFAFAFAFAFA07FA07FA07FAFAFA07070707070707070707070707FAFAFAFAFAFAFAFAFAFAFAFAFAFAFAFAFAFAFAFAFAFAFAFAFAFAFA07FAFAFAFAFAFAFAFAFAFAFAFAFAFAFA
310
FAFAFAFAFAFAFAFAFAFAFAFAFAFAFAFAFAFAFAFAFAFAFA07FAFAFAFAFAFAFAFAFAFAFAFAFAFAFAFAFAFAFAFAFAFAFAFAFAFAFAFAFAFAFAFAFAFAFAFAFAFAFAFAFAFAFAFAFAFAFAFAFAFAFAFAFAFAFAFAFAFAFAFAFAFAFAFAFAFAFAFAFAFAFAFAFAFAFAFAFAFAFAFAFAFAFAFAFAFAFAFAFAFAFAFA0707070707FAFAFAFAFAFA
310
FAFAFAFAFAFAFAFAFAFAFAFAFAFAFAFAFAFAFAFAFAFAFAFAFAFAFAFAFAFAFAFAFAFAFAFAFA07FAFAFAFAFAFAFAFAFAFAFAFAFAFAFAFAFAFAFAFAFAFAFAFAFAFAFAFAFAFAFAFAFAFAFAFAFAFA07FAFAFAFAFAFAFAFAFAFAFAFAFAFAFAFAFAFAFAFAFAFAFAFAFAFAFAFAFAFAFAFAFAFAFAFAFAFAFAFAFAFAFAFAFAFAFAFAFAFA
310
FAFAFAFAFAFAFAFAFAFAFAFAFAFAFAFAFAFAFAFAFAFAFAFAFAFAFAFAFAFAFAFAFAFAFAFAFAFAFAFAFAFA0707FAFA07FAFAFAFAFAFAFAFAFAFAFAFAFAFAFAFAFAFAFAFAFAFAFAFAFAFAFAFAFAFAFAFAFAFAFAFAFAFAFAFAFAFAFA07FAFAFAFAFAFAFAFAFAFAFAFAFAFAFAFAFAFAFAFAFAFAFAFAFAFAFAFAFAFAFAFAFAFAFAFA
310
FAFA07FAFAFAFAFAFAFAFAFAFAFAFAFAFAFAFAFAFAFAFAFAFAFAFAFAFAFAFAFAFAFAFAFAFAFAFAFAFAFAFAFAFAFAFAFAFAFAFAFAFAFAFAFAFAFAFAFAFAFAFAFAFAFAFAFAFAFAFAFAFAFAFAFAFAFAFAFAFAFAFAFAFAFAFAFAFAFAFAFAFAFAFA0707FAFA07FAFAFA07070707070707070707070707070707FAFAFAFAFAFAFAFA
310
FAFAFAFAFAFAFAFAFAFAFAFAFAFAFAFA07FAFAFAFAFAFAFAFAFAFAFAFAFAFAFAFAFAFAFAFAFAFAFAFAFAFAFAFAFAFAFAFAFAFAFAFAFAFA07FAFAFAFAFAFAFAFAFAFAFAFAFAFAFAFAFAFAFAFAFAFAFAFAFAFAFAFAFAFAFAFAFAFAFAFAFAFAFAFAFAFAFAFAFAFAFAFAFAFAFAFAFAFAFAFAFAFAFAFAFAFAFAFAFAFAFAFAFAFAFA
310
FAFAFAFAFAFAFAFAFAFAFAFAFAFAFAFAFAFAFAFAFA0707FAFA07FAFAFA07070707070707070707070707070707FAFAFAFAFAFAFAFAFAFAFAFAFAFAFAFAFAFAFAFAFAFAFAFA07FAFAFAFAFAFAFAFAFAFAFAFAFAFAFAFAFAFAFAFAFAFAFAFAFAFAFAFAFAFAFAFAFAFAFAFAFAFA07FAFAFAFAFAFAFAFAFAFAFAFAFAFAFAFAFAFA
310
FAFAFAFAFAFAFAFAFAFAFAFAFAFAFAFAFAFAFAFAFAFAFAFAFAFAFAFAFAFAFAFAFAFAFAFAFAFAFAFAFAFAFAFAFAFAFAFAFAFAFAFAFAFAFAFAFAFAFAFAFAFAFAFAFAFAFAFAFAFAFAFAFAFA0707070707FAFAFA07070707070707070707070707070707FAFAFAFAFAFAFAFAFAFAFAFAFAFAFAFAFAFAFAFAFAFAFAFA07FAFAFAFA
310
FAFAFAFAFAFAFAFAFAFAFAFAFAFAFAFAFAFAFAFAFAFAFAFAFAFAFAFAFAFAFAFAFAFA07FAFAFAFAFAFAFAFAFAFAFAFAFAFAFAFAFAFAFAFAFAFAFAFAFAFAFAFAFAFAFAFAFAFAFAFAFAFAFAFAFAFAFAFAFAFAFAFAFAFAFAFAFAFAFAFAFAFAFAFAFAFAFAFAFAFAFAFAFAFAFAFAFAFAFAFAFAFAFAFAFAFAFAFAFAFAFAFAFAFAFAFA
310
0707FAFA07FAFAFAFAFAFAFAFAFAFAFAFAFAFAFAFAFAFAFAFAFAFAFAFAFAFAFAFAFAFAFAFAFAFAFAFAFAFAFAFAFAFAFA07FAFAFAFAFAFAFAFAFAFAFAFAFAFAFAFAFAFAFAFAFAFAFAFAFAFAFAFAFAFAFAFAFAFAFAFAFAFA07FAFAFAFAFAFAFAFAFAFAFAFAFAFAFAFAFAFAFAFAFAFAFAFAFAFAFAFAFAFAFAFAFAFAFAFAFAFAFA
310
FAFAFAFAFAFAFAFAFAFAFAFAFAFAFAFAFAFAFAFAFAFAFAFAFAFAFAFAFAFAFAFAFAFAFAFAFAFAFAFAFAFAFAFAFAFAFAFAFAFAFAFAFA0707FAFA07FAFAFA07070707070707070707070707070707FAFAFAFAFAFAFAFAFAFAFAFAFAFAFAFAFAFAFAFAFAFAFAFA07FAFAFAFAFAFAFAFAFAFAFAFAFAFAFAFAFAFAFAFAFAFAFAFAFA
310
FAFAFAFAFAFAFAFAFAFAFAFAFA07FAFAFAFAFAFAFAFAFAFAFAFAFAFAFAFAFAFAFAFAFAFAFAFAFAFAFAFAFAFAFAFAFAFAFAFAFAFAFAFAFAFAFAFAFAFAFAFAFAFAFAFAFAFAFAFAFAFAFAFAFAFAFAFAFAFAFAFAFAFAFAFAFAFAFAFAFAFAFAFAFAFAFAFAFAFAFAFAFAFAFAFA0707FAFA07FAFAFA07070707070707070707070707
310
070707FAFAFAFAFAFAFAFAFAFAFAFAFAFAFAFAFAFAFAFAFAFAFAFA07FAFAFAFAFAFAFAFAFAFAFAFAFAFAFAFAFAFAFAFAFAFAFAFAFAFAFAFAFAFAFAFAFAFAFAFAFAFA07FAFAFAFAFAFAFAFAFAFAFAFAFAFAFAFAFAFAFAFAFAFAFAFAFAFAFAFAFAFAFAFAFAFAFAFAFAFAFAFAFAFAFAFAFAFAFAFAFAFAFAFAFAFAFAFAFAFAFAFA
310
FAFAFAFAFAFAFAFAFAFAFAFAFAFAFAFAFAFAFAFAFAFAFAFAFAFAFAFAFAFAFAFA07070707070707070707070707070707070707070707070707070707070707070707070707070707070707070707070707FAFAFAFAFAFAFAFAFAFAFAFAFAFAFAFAFAFAFAFAFAFAFAFAFAFAFAFAFAFAFAFAFAFAFAFAFAFA07FAFAFAFAFAFAFA
310
FAFAFAFAFAFAFAFAFAFAFAFAFAFAFAFAFAFAFAFAFAFAFAFAFAFAFAFAFAFAFAFAFAFAFAFAFAFAFAFAFAFAFAFAFAFAFAFAFAFAFAFAFAFAFAFAFAFAFAFAFAFAFAFAFAFAFAFAFAFAFAFAFAFAFAFAFAFAFAFAFAFAFAFAFAFAFAFAFAFAFAFAFAFAFAFAFAFAFAFAFAFAFAFAFAFAFAFAFAFAFAFAFAFAFAFAFAFAFAFAFAFAFAFAFAFAFA
310
FAFAFAFAFAFAFAFAFAFAFAFAFAFAFAFAFAFAFAFAFAFAFAFAFAFAFAFAFAFAFAFAFAFAFAFAFAFAFAFAFAFAFAFAFA07FAFAFAFAFAFAFAFAFAFAFAFAFAFAFAFAFAFAFAFAFAFAFAFAFAFAFAFAFAFAFAFAFAFAFAFAFAFAFAFAFAFAFAFAFAFAFAFAFAFAFAFAFAFAFAFAFAFAFAFAFAFAFAFAFAFAFAFAFAFAFAFAFAFAFAFAFAFAFAFAFA
310
FAFAFAFAFAFAFAFAFAFAFAFAFAFAFAFAFAFAFAFAFAFAFAFAFAFAFAFAFAFAFAFAFAFAFAFAFAFAFAFAFAFAFAFAFAFAFAFAFAFAFAFAFAFAFAFAFAFAFAFAFAFAFAFAFAFAFAFAFAFAFAFAFAFAFAFAFAFAFAFAFAFAFAFAFAFAFAFAFAFAFAFAFAFAFAFAFAFA07FAFAFAFAFAFAFAFAFAFAFAFAFAFAFAFAFAFAFAFAFAFAFAFAFAFAFAFA
310
FAFAFAFAFAFAFAFAFAFAFAFAFAFAFAFAFAFAFAFAFAFAFAFAFAFAFAFAFAFAFAFAFAFAFAFAFAFAFAFAFAFAFAFAFAFAFAFAFAFAFAFAFAFAFAFAFAFAFAFAFAFAFAFAFAFAFAFAFAFAFAFAFAFAFAFAFAFAFAFAFAFAFAFAFAFAFAFAFAFAFAFAFAFAFAFAFAFAFAFAFAFAFAFAFAFAFAFAFAFAFAFAFAFAFAFAFAFAFAFAFAFAFAFAFAFAFA
310
FAFAFAFAFAFAFAFAFAFAFAFAFAFAFAFAFAFAFAFAFAFAFAFA07FAFAFAFAFAFAFAFAFAFAFAFAFAFAFAFAFAFAFAFAFAFAFAFAFAFAFAFAFAFAFAFAFAFAFAFAFAFAFAFAFAFAFAFAFAFAFAFAFAFAFAFAFAFAFAFAFAFAFAFAFAFAFAFAFAFAFAFAFAFAFAFAFAFAFAFAFAFAFAFAFAFAFAFAFAFAFAFAFAFAFAFA07070707070707070707
310
070707070707070707070707070707070707070707070707070707070707070707070707070707FAFAFAFAFAFAFAFAFAFAFAFAFAFAFAFAFAFAFAFAFAFAFAFAFAFAFAFAFAFAFAFAFAFAFAFAFAFA07FAFAFAFAFAFAFAFAFAFAFAFAFAFAFAFAFAFAFAFAFAFAFAFAFAFAFAFAFAFAFAFAFAFAFAFAFAFAFAFAFAFAFAFAFAFAFAFAFA
310
FAFAFAFAFAFAFAFAFAFAFAFAFAFAFAFAFAFAFAFAFAFAFAFAFAFAFAFAFAFAFAFAFAFAFAFAFAFAFAFAFAFAFA07FAFAFA07FAFAFAFAFAFAFAFAFAFAFAFAFAFAFAFAFAFAFAFAFAFAFAFAFAFAFAFAFAFAFAFAFAFAFAFAFAFAFAFAFAFAFA07FAFAFAFAFAFAFAFAFAFAFAFAFAFAFAFAFAFAFAFAFAFAFAFAFAFAFAFAFAFAFAFAFAFAFA
310
FAFAFA07FAFAFAFAFAFAFAFAFAFAFAFAFAFAFAFAFAFAFAFAFAFAFAFAFAFAFAFAFAFAFAFAFAFAFAFAFAFAFAFAFAFAFAFAFAFAFAFAFAFAFAFAFAFAFAFAFAFAFAFAFAFAFAFAFAFAFAFAFAFAFAFAFAFAFAFAFAFAFAFAFAFAFAFAFAFAFAFAFAFAFAFA0707FAFA07FAFAFAFAFAFAFAFAFAFAFAFAFAFAFAFAFAFAFAFAFAFAFAFAFAFA
310
FAFAFAFAFAFAFAFAFAFAFAFAFAFAFAFAFA07FAFAFAFAFAFAFAFAFAFAFAFAFAFAFAFAFAFAFAFAFAFAFAFAFAFAFAFAFAFAFAFAFAFAFAFAFAFA07FAFAFAFAFAFAFAFAFAFAFAFAFAFAFAFAFAFAFAFAFAFAFAFAFAFAFAFAFAFAFAFAFAFAFAFAFAFAFAFAFAFAFAFAFAFAFAFAFAFAFAFAFAFAFAFAFAFAFAFAFAFAFAFAFAFAFAFAFAFA
310
FAFAFAFAFAFAFAFAFAFAFAFAFAFAFAFAFAFAFAFAFAFA0707FAFA07FAFAFA07070707070707070707070707FAFAFAFAFAFAFAFAFAFAFAFAFAFAFAFAFAFAFAFAFAFAFAFAFAFAFA07FAFAFAFAFAFAFAFAFAFAFAFAFAFAFAFAFAFAFAFAFAFAFAFAFAFAFAFAFAFAFAFAFAFAFAFAFAFA07FAFAFAFAFAFAFAFAFAFAFAFAFAFAFAFAFA
310
FAFAFAFAFAFAFAFAFAFAFAFAFAFAFAFAFAFAFAFAFAFAFAFAFAFAFAFAFAFAFAFAFAFAFAFAFAFAFAFAFAFAFAFAFAFAFAFAFAFAFAFAFAFAFAFAFAFAFAFAFAFAFAFAFAFAFAFAFAFAFAFAFAFAFA0707FAFA07FAFAFA07070707070707070707070707FAFAFAFAFAFAFAFAFAFAFAFAFAFAFAFAFAFAFAFAFAFAFAFAFAFAFA07FAFAFA
310
FAFAFAFAFAFAFAFAFAFAFAFAFAFAFAFAFAFAFAFAFAFAFAFAFAFAFAFAFAFAFAFAFAFAFA07FAFAFAFAFAFAFAFAFAFAFAFAFAFAFAFAFAFAFAFAFAFAFAFAFAFAFAFAFAFAFAFAFAFAFAFAFAFAFAFAFAFAFAFAFAFAFAFAFAFAFAFAFAFAFAFAFAFAFAFAFAFAFAFAFAFAFAFAFAFAFAFAFAFAFAFAFAFAFAFAFAFAFAFAFAFAFAFAFAFAFA
310
FA0707070707FAFAFA07070707070707070707070707FAFAFAFAFAFAFAFAFAFAFAFAFAFAFAFAFAFAFAFAFAFAFAFAFAFAFA07FAFAFAFAFAFAFAFAFAFAFAFAFAFAFAFAFAFAFAFAFAFAFAFAFAFAFAFAFAFAFAFAFAFAFAFAFAFA07FAFAFAFAFAFAFAFAFAFAFAFAFAFAFAFAFAFAFAFAFAFAFAFAFAFAFAFAFAFAFAFAFAFAFAFAFAFA
310
FAFAFAFAFAFAFAFAFAFAFAFAFAFAFAFAFAFAFAFAFAFAFAFAFAFAFAFAFAFAFAFAFAFAFAFAFAFAFAFAFAFAFAFAFAFAFAFAFAFAFAFAFAFA0707FAFA07FAFAFAFAFAFAFAFAFAFAFAFAFAFAFAFAFAFAFAFAFAFAFAFAFAFAFAFAFAFAFAFAFAFAFAFAFAFAFAFAFAFAFA07FAFAFAFAFAFAFAFAFAFAFAFAFAFAFAFAFAFAFAFAFAFAFAFA
310
FAFAFAFAFAFAFAFAFAFAFAFAFAFA07FAFAFAFAFAFAFAFAFAFAFAFAFAFAFAFAFAFAFAFAFAFAFAFAFAFAFAFAFAFAFAFAFAFAFAFAFAFAFAFAFAFAFAFAFAFAFAFAFAFAFAFAFAFAFAFAFAFAFAFAFAFAFAFAFAFAFAFAFAFAFAFAFAFAFAFAFAFAFAFAFAFAFAFAFAFAFAFAFAFAFAFA0707FAFA07FAFAFA070707070707070707070707
310
07070707FAFAFAFAFAFAFAFAFAFAFAFAFAFAFAFAFAFAFAFAFAFAFAFA07FAFAFAFAFAFAFAFAFAFAFAFAFAFAFAFAFAFAFAFAFAFAFAFAFAFAFAFAFAFAFAFAFAFAFAFAFAFA07FAFAFAFAFAFAFAFAFAFAFAFAFAFAFAFAFAFAFAFAFAFAFAFAFAFAFAFAFAFAFAFAFAFAFAFAFAFAFAFAFAFAFAFAFAFAFAFAFAFAFAFAFAFAFAFAFAFAFA
310
FAFAFAFAFAFAFAFAFAFAFAFAFAFAFAFAFAFAFAFAFAFAFAFAFAFAFAFAFAFAFAFAFA0707FAFA07FAFAFA07070707070707070707070707070707FAFAFAFAFAFAFAFAFAFAFAFAFAFAFAFAFAFAFAFAFAFAFAFA07FAFAFAFAFAFAFAFAFAFAFAFAFAFAFAFAFAFAFAFAFAFAFAFAFAFAFAFAFAFAFAFAFAFAFAFAFAFA07FAFAFAFAFAFA
310
FAFAFAFAFAFAFAFAFAFAFAFAFAFAFAFAFAFAFAFAFAFAFAFAFAFAFAFAFAFAFAFAFAFAFAFAFAFAFAFAFAFAFAFAFAFAFAFAFAFAFAFAFAFAFAFAFAFAFAFAFAFAFAFAFAFAFAFAFAFAFAFAFAFAFAFAFAFAFAFAFAFAFAFAFAFA0707070707FAFAFA07070707070707070707070707070707FAFAFAFAFAFAFAFAFAFAFAFAFAFAFAFAFA
310
FAFAFAFAFAFAFA07FAFAFAFAFAFAFAFAFAFAFAFAFAFAFAFAFAFAFAFAFAFAFAFAFAFAFAFAFAFAFAFAFAFAFAFAFAFA07FAFAFAFAFAFAFAFAFAFAFAFAFAFAFAFAFAFAFAFAFAFAFAFAFAFAFAFAFAFAFAFAFAFAFAFAFAFAFAFAFAFAFAFAFAFAFAFAFAFAFAFAFAFAFAFAFAFAFAFAFAFAFAFAFAFAFAFAFAFAFAFAFAFAFAFAFAFAFAFA
310
FAFAFAFAFAFAFAFAFAFAFAFA0707FAFA07FAFAFAFAFAFAFAFAFAFAFAFAFAFAFAFAFAFAFAFAFAFAFAFAFAFAFAFAFAFAFAFAFAFAFAFAFAFAFAFAFAFAFA07FAFAFAFAFAFAFAFAFAFAFAFAFAFAFAFAFAFAFAFAFAFAFAFAFAFAFAFAFAFAFAFAFAFAFAFAFAFA07FAFAFAFAFAFAFAFAFAFAFAFAFAFAFAFAFAFAFAFAFAFAFAFAFAFAFA
310
FAFAFAFAFAFAFAFAFAFAFAFAFAFAFAFAFAFAFAFAFAFAFAFAFAFAFAFAFAFAFAFAFAFAFAFAFAFAFAFAFAFAFAFAFAFAFAFAFAFAFAFAFAFAFAFAFAFAFAFAFAFAFAFAFA0707FAFA07FAFAFA07070707070707070707070707070707FAFAFAFAFAFAFAFAFAFAFAFAFAFAFAFAFAFAFAFAFAFAFAFA07FAFAFAFAFAFAFAFAFAFAFAFAFA
310
FAFAFAFAFAFAFAFAFAFAFAFAFAFAFAFAFAFAFAFAFAFAFAFAFA07FAFAFAFAFAFAFAFAFAFAFAFAFAFAFAFAFAFAFAFAFAFAFAFAFAFAFAFAFAFAFAFAFAFAFAFAFAFAFAFAFAFAFAFAFAFAFAFAFAFAFAFAFAFAFAFAFAFAFAFAFAFAFAFAFAFAFAFAFAFAFAFAFAFAFAFAFAFAFAFAFAFAFAFAFAFAFAFAFAFAFAFA0707FAFA07FAFAFA07
310
070707070707070707070707070707FAFAFAFAFAFAFAFAFAFAFAFAFAFAFAFAFAFAFAFAFAFAFAFA07FAFAFAFAFAFAFAFAFAFAFAFAFAFAFAFAFAFAFAFAFAFAFAFAFAFAFAFAFAFAFAFAFAFAFAFAFAFA07FAFAFAFAFAFAFAFAFAFAFAFAFAFAFAFAFAFAFAFAFAFAFAFAFAFAFAFAFAFAFAFAFAFAFAFAFAFAFAFAFAFAFAFAFAFAFAFA
310
FAFAFAFAFAFAFAFAFAFAFAFAFAFAFAFAFAFAFAFAFAFAFAFAFAFAFAFAFAFAFAFAFAFAFAFAFAFAFAFAFAFAFAFA07070707070707070707070707070707070707070707070707070707070707070707070707070707070707070707070707FAFAFAFAFAFAFAFAFAFAFAFAFAFAFAFAFAFAFAFAFAFAFAFAFAFAFAFAFAFAFAFAFAFA
310
FAFAFAFA07FAFAFAFAFAFAFAFAFAFAFAFAFAFAFAFAFAFAFAFAFAFAFAFAFAFAFAFAFAFAFAFAFAFAFAFAFAFAFAFAFAFAFAFAFAFAFAFAFAFAFAFAFAFAFAFAFAFAFAFAFAFAFAFAFAFAFAFAFAFAFAFAFAFAFAFAFAFAFAFAFAFAFAFAFAFAFAFAFAFAFAFAFAFAFAFAFAFAFAFAFAFAFAFAFAFAFAFAFAFAFAFAFAFAFAFAFAFAFAFAFAFA
310
FAFAFAFAFAFAFAFAFAFAFAFAFAFAFAFAFAFAFAFAFAFAFAFAFAFAFAFAFAFAFAFAFAFAFAFAFAFAFAFAFAFAFAFAFAFAFAFAFAFAFAFAFAFAFAFAFA07FAFAFAFAFAFAFAFAFAFAFAFAFAFAFAFAFAFAFAFAFAFAFAFAFAFAFAFAFAFAFAFAFAFAFAFAFAFAFAFAFAFAFAFAFAFAFAFAFAFAFAFAFAFAFAFAFAFAFAFAFAFAFAFAFAFAFAFAFA
310
FAFAFAFAFAFAFAFAFAFAFAFAFAFAFAFAFAFAFAFAFAFAFAFAFAFAFAFAFAFAFAFAFAFAFAFAFAFAFAFAFAFAFAFAFAFAFAFAFAFAFAFAFAFAFAFAFAFAFAFAFAFAFAFAFAFAFAFAFAFAFAFAFAFAFAFAFAFAFAFAFAFAFAFAFAFAFAFAFAFAFAFAFAFAFAFAFAFAFAFAFAFAFAFAFAFAFAFAFAFA07FAFAFAFAFAFAFAFAFAFAFAFAFAFAFAFA
310
FAFAFAFAFAFAFAFAFAFAFAFAFAFAFAFAFAFAFAFAFAFAFAFAFAFAFAFAFAFAFAFAFAFAFAFAFAFAFAFAFAFAFAFAFAFAFAFAFAFAFAFAFAFAFAFAFAFAFAFAFAFAFAFAFAFAFAFAFAFAFAFAFAFAFAFAFAFAFAFAFAFAFAFAFAFAFAFAFAFAFAFAFAFAFAFAFAFAFAFAFAFAFAFAFAFAFAFAFAFAFAFAFAFAFAFAFAFAFAFAFAFAFAFAFAFAFA
310
FAFAFAFAFAFAFAFAFAFAFAFAFAFAFAFAFAFAFAFAFAFAFAFAFAFAFAFAFAFAFAFAFAFAFAFA07FAFAFAFAFAFAFAFAFAFAFAFAFAFAFAFAFAFAFAFAFAFAFAFAFAFAFAFAFAFAFAFAFAFAFAFAFAFAFAFAFAFAFAFAFAFAFAFAFAFAFAFAFAFAFAFAFAFAFAFAFAFAFAFAFAFAFAFAFAFAFAFAFAFAFAFAFAFAFAFAFAFAFAFAFAFAFAFAFAFA
310
FAFAFAFAFAFAFAFAFAFAFAFAFAFAFAFAFAFAFAFAFAFAFAFAFAFAFAFAFAFAFAFAFAFAFAFAFAFAFAFAFAFAFAFAFAFAFAFAFAFAFAFAFAFAFAFAFAFAFAFAFAFAFAFAFAFAFAFAFAFAFAFAFAFAFAFAFAFAFAFAFAFAFAFAFAFAFAFAFA07FAFAFAFAFAFAFAFAFAFAFAFAFAFAFAFAFAFAFAFAFAFAFAFAFAFAFAFAFAFAFAFAFAFAFAFAFA
310
FAFAFAFAFAFAFAFAFAFAFAFAFAFAFAFAFAFAFAFAFAFAFAFAFAFAFAFAFAFAFAFAFAFAFAFAFAFAFAFAFAFAFAFAFAFAFAFAFAFAFAFAFAFAFA07070707070707070707070707070707070707070707070707070707070707070707070707070707070707070707070707FAFAFAFAFAFAFAFAFAFAFAFAFAFAFAFAFAFAFAFAFAFAFA
310
FAFAFAFAFAFAFAFAFAFAFAFAFAFAFA07FAFAFAFAFAFAFAFAFAFAFAFAFAFAFAFAFAFAFAFAFAFAFAFAFAFAFAFAFAFAFAFAFAFAFAFAFAFAFAFAFAFAFAFAFAFAFAFAFAFAFAFAFAFAFAFAFAFAFAFAFAFAFAFAFAFAFAFAFAFAFAFAFAFAFAFAFAFAFAFAFAFAFAFAFAFAFAFAFAFAFAFA0707FAFA07FAFAFAFAFAFAFAFAFAFAFAFAFAFA
310
FAFAFAFAFAFAFAFAFAFAFAFAFAFAFAFAFAFAFAFAFAFAFAFAFAFAFAFAFA07FAFAFAFAFAFAFAFAFAFAFAFAFAFAFAFAFAFAFAFAFAFAFAFAFAFAFAFAFAFAFAFAFAFAFAFAFAFA07FAFAFAFAFAFAFAFAFAFAFAFAFAFAFAFAFAFAFAFAFAFAFAFAFAFAFAFAFAFAFAFAFAFAFAFAFAFAFAFAFAFAFAFAFAFAFAFAFAFAFAFAFAFAFAFAFAFA
310
FAFAFAFAFAFAFAFAFAFAFAFAFAFAFAFAFAFAFAFAFAFAFAFAFAFAFAFAFAFAFAFAFAFA0707FAFA07FAFAFA07070707070707070707070707FAFAFAFAFAFAFAFAFAFAFAFAFAFAFAFAFAFAFAFAFAFAFAFAFAFAFA07FAFAFAFAFAFAFAFAFAFAFAFAFAFAFAFAFAFAFAFAFAFAFAFAFAFAFAFAFAFAFAFAFAFAFAFAFAFA07FAFAFAFAFA
310
FAFAFAFAFAFAFAFAFAFAFAFAFAFAFAFAFAFAFAFAFAFAFAFAFAFAFAFAFAFAFAFAFAFAFAFAFAFAFAFAFAFAFAFAFAFAFAFAFAFAFAFAFAFAFAFAFAFAFAFAFAFAFAFAFAFAFAFAFAFAFAFAFAFAFAFAFAFAFAFAFAFAFAFAFAFAFA0707FAFA07FAFAFA07070707070707070707070707FAFAFAFAFAFAFAFAFAFAFAFAFAFAFAFAFAFAFA
310
FAFAFAFAFAFAFAFA07FAFAFAFAFAFAFAFAFAFAFAFAFAFAFAFAFAFAFAFAFAFAFAFAFAFAFAFAFAFAFAFAFAFAFAFAFAFA07FAFAFAFAFAFAFAFAFAFAFAFAFAFAFAFAFAFAFAFAFAFAFAFAFAFAFAFAFAFAFAFAFAFAFAFAFAFAFAFAFAFAFAFAFAFAFAFAFAFAFAFAFAFAFAFAFAFAFAFAFAFAFAFAFAFAFAFAFAFAFAFAFAFAFAFAFAFAFA
310
FAFAFAFAFAFAFAFAFAFAFAFAFA0707070707FAFAFA07070707070707070707070707FAFAFAFAFAFAFAFAFAFAFAFAFAFAFAFAFAFAFAFAFAFAFAFAFAFAFA07FAFAFAFAFAFAFAFAFAFAFAFAFAFAFAFAFAFAFAFAFAFAFAFAFAFAFAFAFAFAFAFAFAFAFAFAFAFA07FAFAFAFAFAFAFAFAFAFAFAFAFAFAFAFAFAFAFAFAFAFAFAFAFAFA
310
FAFAFAFAFAFAFAFAFAFAFAFAFAFAFAFAFAFAFAFAFAFAFAFAFAFAFAFAFAFAFAFAFAFAFAFAFAFAFAFAFAFAFAFAFAFAFAFAFAFAFAFAFAFAFAFAFAFAFAFAFAFAFAFAFAFA0707FAFA07FAFAFAFAFAFAFAFAFAFAFAFAFAFAFAFAFAFAFAFAFAFAFAFAFAFAFAFAFAFAFAFAFAFAFAFAFAFAFAFAFAFAFA07FAFAFAFAFAFAFAFAFAFAFAFA
310
FAFAFAFAFAFAFAFAFAFAFAFAFAFAFAFAFAFAFAFAFAFAFAFAFAFA07FAFAFAFAFAFAFAFAFAFAFAFAFAFAFAFAFAFAFAFAFAFAFAFAFAFAFAFAFAFAFAFAFAFAFAFAFAFAFAFAFAFAFAFAFAFAFAFAFAFAFAFAFAFAFAFAFAFAFAFAFAFAFAFAFAFAFAFAFAFAFAFAFAFAFAFAFAFAFAFAFAFAFAFAFAFAFAFAFAFAFAFA0707FAFA07FAFAFA
310
07070707070707070707070707070707FAFAFAFAFAFAFAFAFAFAFAFAFAFAFAFAFAFAFAFAFAFAFAFA07FAFAFAFAFAFAFAFAFAFAFAFAFAFAFAFAFAFAFAFAFAFAFAFAFAFAFAFAFAFAFAFAFAFAFAFAFAFA07FAFAFAFAFAFAFAFAFAFAFAFAFAFAFAFAFAFAFAFAFAFAFAFAFAFAFAFAFAFAFAFAFAFAFAFAFAFAFAFAFAFAFAFAFAFAFA
310
FAFAFAFAFAFAFAFAFAFAFAFAFAFAFAFAFAFAFAFAFAFAFAFAFAFAFAFAFAFAFAFAFAFAFAFAFAFAFAFAFAFAFAFAFA0707FAFA07FAFAFA07070707070707070707070707070707FAFAFAFAFAFAFAFAFAFAFAFAFAFAFAFAFAFAFAFAFAFAFAFA07FAFAFAFAFAFAFAFAFAFAFAFAFAFAFAFAFAFAFAFAFAFAFAFAFAFAFAFAFAFAFAFAFA
310
FAFAFAFAFA07FAFAFAFAFAFAFAFAFAFAFAFAFAFAFAFAFAFAFAFAFAFAFAFAFAFAFAFAFAFAFAFAFAFAFAFAFAFAFAFAFAFAFAFAFAFAFAFAFAFAFAFAFAFAFAFAFAFAFAFAFAFAFAFAFAFAFAFAFAFAFAFAFAFAFAFAFAFAFAFAFAFAFAFAFAFAFAFAFAFAFAFA0707070707FAFAFA07070707070707070707070707070707FAFAFAFAFA
310
FAFAFAFAFAFAFAFAFAFAFAFAFAFAFAFAFAFAFA07FAFAFAFAFAFAFAFAFAFAFAFAFAFAFAFAFAFAFAFAFAFAFAFAFAFAFAFAFAFAFAFAFAFAFAFAFAFA07FAFAFAFAFAFAFAFAFAFAFAFAFAFAFAFAFAFAFAFAFAFAFAFAFAFAFAFAFAFAFAFAFAFAFAFAFAFAFAFAFAFAFAFAFAFAFAFAFAFAFAFAFAFAFAFAFAFAFAFAFAFAFAFAFAFAFAFA
310
FAFAFAFAFAFAFAFAFAFAFAFAFAFAFAFAFAFAFAFAFAFAFAFA0707FAFA07FAFAFAFAFAFAFAFAFAFAFAFAFAFAFAFAFAFAFAFAFAFAFAFAFAFAFAFAFAFAFAFAFAFAFAFAFAFAFAFAFAFAFA07FAFAFAFAFAFAFAFAFAFAFAFAFAFAFAFAFAFAFAFAFAFAFAFAFAFAFAFAFAFAFAFAFAFAFAFAFAFA07FAFAFAFAFAFAFAFAFAFAFAFAFAFAFA
310
FAFAFAFAFAFAFAFAFAFAFAFAFAFAFAFAFAFAFAFAFAFAFAFAFAFAFAFAFAFAFAFAFAFAFAFAFAFAFAFAFAFAFAFAFAFAFAFAFAFAFAFAFAFAFAFAFAFAFAFAFAFAFAFAFAFAFAFAFAFAFAFAFAFAFAFAFA0707FAFA07FAFAFA07070707070707070707070707070707FAFAFAFAFAFAFAFAFAFAFAFAFAFAFAFAFAFAFAFAFAFAFAFA07FA
310
FAFAFAFAFAFAFAFAFAFAFAFAFAFAFAFAFAFAFAFAFAFAFAFAFAFAFAFAFAFAFAFAFAFAFAFAFA07FAFAFAFAFAFAFAFAFAFAFAFAFAFAFAFAFAFAFAFAFAFAFAFAFAFAFAFAFAFAFAFAFAFAFAFAFAFAFAFAFAFAFAFAFAFAFAFAFAFAFAFAFAFAFAFAFAFAFAFAFAFAFAFAFAFAFAFAFAFAFAFAFAFAFAFAFAFAFAFAFAFAFAFAFAFAFAFAFA
310
FAFAFA0707FAFA07FAFAFA07070707070707070707070707070707FAFAFAFAFAFAFAFAFAFAFAFAFAFAFAFAFAFAFAFAFAFAFAFA07FAFAFAFAFAFAFAFAFAFAFAFAFAFAFAFAFAFAFAFAFAFAFAFAFAFAFAFAFAFAFAFAFAFAFAFAFAFA07FAFAFAFAFAFAFAFAFAFAFAFAFAFAFAFAFAFAFAFAFAFAFAFAFAFAFAFAFAFAFAFAFAFAFAFA
310
FAFAFAFAFAFAFAFAFAFAFAFAFAFAFAFAFAFAFAFAFAFAFAFAFAFAFAFAFAFAFAFAFAFAFAFAFAFAFAFAFAFAFAFAFAFAFAFAFAFAFAFAFAFAFAFA07070707070707070707070707070707070707070707070707070707070707070707070707070707070707070707070707FAFAFAFAFAFAFAFAFAFAFAFAFAFAFAFAFAFAFAFAFAFA
310
FAFAFAFAFAFAFAFAFAFAFAFAFAFAFAFA07FAFAFAFAFAFAFAFAFAFAFAFAFAFAFAFAFAFAFAFAFAFAFAFAFAFAFAFAFAFAFAFAFAFAFAFAFAFAFAFAFAFAFAFAFAFAFAFAFAFAFAFAFAFAFAFAFAFAFAFAFAFAFAFAFAFAFAFAFAFAFAFAFAFAFAFAFAFAFAFAFAFAFAFAFAFAFAFAFAFAFAFAFAFAFAFAFAFAFAFAFAFAFAFAFAFAFAFAFAFA
310
FAFAFAFAFAFAFAFAFAFAFAFAFAFAFAFAFAFAFAFAFAFAFAFAFAFAFAFAFAFAFAFAFAFAFAFAFAFAFAFAFAFAFAFAFAFAFAFAFAFAFAFAFAFAFAFAFAFAFAFAFAFAFAFAFAFAFAFAFA07FAFAFAFAFAFAFAFAFAFAFAFAFAFAFAFAFAFAFAFAFAFAFAFAFAFAFAFAFAFAFAFAFAFAFAFAFAFAFAFAFAFAFAFAFAFAFAFAFAFAFAFAFAFAFAFAFA
310
FAFAFAFAFAFAFAFAFAFAFAFAFAFAFAFAFAFAFAFAFAFAFAFAFAFAFAFAFAFAFAFAFAFAFAFAFAFAFAFAFAFAFAFAFAFAFAFAFAFAFAFAFAFAFAFAFAFAFAFAFAFAFAFAFAFAFAFAFAFAFAFAFAFAFAFAFAFAFAFAFAFAFAFAFAFAFAFAFAFAFAFAFAFAFAFAFAFAFAFAFAFAFAFAFAFAFAFAFAFAFAFAFAFAFAFAFAFAFAFAFAFA07FAFAFAFA
310
FAFAFAFAFAFAFAFAFAFAFAFAFAFAFAFAFAFAFAFAFAFAFAFAFAFAFAFAFAFAFAFAFAFAFAFAFAFAFAFAFAFAFAFAFAFAFAFAFAFAFAFAFAFAFAFAFAFAFAFAFAFAFAFAFAFAFAFAFAFAFAFAFAFAFAFAFAFAFAFAFAFAFAFAFAFAFAFAFAFAFAFAFAFAFAFAFAFAFAFAFAFAFAFAFAFAFAFAFAFAFAFAFAFAFAFAFAFAFAFAFAFAFAFAFAFAFA
310
FAFAFAFAFAFAFAFAFAFAFAFAFAFAFAFAFAFAFAFAFAFAFAFAFAFAFAFAFAFAFAFAFAFAFAFAFAFAFAFAFAFAFAFAFAFAFAFA07FAFAFAFAFAFAFAFAFAFAFAFAFAFAFAFAFAFAFAFAFAFAFAFAFAFAFAFAFAFAFAFAFAFAFAFAFAFAFAFAFAFAFAFAFAFAFAFAFAFAFAFAFAFAFAFAFAFAFAFAFAFAFAFAFAFAFAFAFAFAFAFAFAFAFAFAFAFA
310
FAFAFAFAFAFAFAFAFAFAFAFAFAFAFAFAFAFAFAFAFAFAFAFAFAFAFAFAFAFAFAFAFAFAFAFAFAFAFAFAFAFAFAFAFAFAFAFAFAFAFAFAFAFAFAFAFAFAFAFAFAFAFAFAFAFAFAFAFAFAFAFAFAFAFAFAFAFAFAFAFAFAFAFAFAFAFAFAFAFAFAFAFAFAFAFAFAFAFAFAFA07FAFAFAFAFAFAFAFAFAFAFAFAFAFAFAFAFAFAFAFAFAFAFAFAFA
310
FAFAFAFAFAFAFAFAFAFAFAFAFAFAFAFAFAFAFAFAFAFAFAFAFAFAFAFAFAFAFAFAFAFAFAFAFAFAFAFAFAFAFAFAFAFAFAFAFAFAFAFAFAFAFAFAFAFAFAFAFAFAFAFAFAFAFA07070707070707070707070707070707070707070707070707070707070707070707070707070707070707070707070707FAFAFAFAFAFAFAFAFAFAFA
310
FAFAFAFAFAFAFAFAFAFAFAFAFAFAFAFAFAFAFAFAFAFAFAFAFAFAFA07FAFAFAFAFAFAFAFAFAFAFAFAFAFAFAFAFAFAFAFAFAFAFAFAFAFAFAFAFAFAFAFAFAFAFAFAFAFAFAFAFAFAFAFAFAFAFAFAFAFAFAFAFAFAFAFAFAFAFAFAFAFAFAFAFAFAFAFAFAFAFAFAFAFAFAFAFAFAFAFAFAFAFAFAFAFAFAFAFAFAFAFA0707FAFA07FAFA
310
FAFAFAFAFAFAFAFAFAFAFAFAFAFAFAFAFAFAFAFAFAFAFAFAFAFAFAFAFAFAFAFAFAFAFAFAFAFAFAFAFA07FAFAFAFAFAFAFAFAFAFAFAFAFAFAFAFAFAFAFAFAFAFAFAFAFAFAFAFAFAFAFAFAFAFAFAFAFAFA07FAFAFAFAFAFAFAFAFAFAFAFAFAFAFAFAFAFAFAFAFAFAFAFAFAFAFA
  0
ENDSEC
  0
EOF
