  0
SECTION
  2
HEADER
  9
$ACADVER
  1
AC1032
  9
$ACADMAINTVER
 90
4
  9
$DWGCODEPAGE
  3
ANSI_1252
  9
$LASTSAVEDBY
  1
x9212
  9
$REQUIREDVERSIONS
160
0
  9
$INSBASE
 10
0.0
 20
0.0
 30
0.0
  9
$EXTMIN
 10
0.0
 20
0.0
 30
0.0
  9
$EXTMAX
 10
98889.84707028791
 20
68687.0366350282
 30
0.0
  9
$LIMMIN
 10
0.0
 20
0.0
  9
$LIMMAX
 10
12.0
 20
9.0
  9
$ORTHOMODE
 70
1
  9
$REGENMODE
 70
1
  9
$FILLMODE
 70
1
  9
$QTEXTMODE
 70
0
  9
$MIRRTEXT
 70
0
  9
$LTSCALE
 40
1.0
  9
$ATTMODE
 70
1
  9
$TEXTSIZE
 40
2.5
  9
$TRACEWID
 40
1.0
  9
$TEXTSTYLE
  7
Standard
  9
$CLAYER
  8
0
  9
$CELTYPE
  6
ByLayer
  9
$CECOLOR
 62
256
  9
$CELTSCALE
 40
1.0
  9
$DISPSILH
 70
0
  9
$DIMSCALE
 40
1.0
  9
$DIMASZ
 40
2.5
  9
$DIMEXO
 40
0.625
  9
$DIMDLI
 40
3.75
  9
$DIMRND
 40
0.0
  9
$DIMDLE
 40
0.0
  9
$DIMEXE
 40
1.25
  9
$DIMTP
 40
0.0
  9
$DIMTM
 40
0.0
  9
$DIMTXT
 40
2.5
  9
$DIMCEN
 40
2.5
  9
$DIMTSZ
 40
0.0
  9
$DIMTOL
 70
0
  9
$DIMLIM
 70
0
  9
$DIMTIH
 70
0
  9
$DIMTOH
 70
0
  9
$DIMSE1
 70
0
  9
$DIMSE2
 70
0
  9
$DIMTAD
 70
1
  9
$DIMZIN
 70
8
  9
$DIMBLK
  1

  9
$DIMASO
 70
1
  9
$DIMSHO
 70
1
  9
$DIMPOST
  1

  9
$DIMAPOST
  1

  9
$DIMALT
 70
0
  9
$DIMALTD
 70
3
  9
$DIMALTF
 40
0.03937007874016
  9
$DIMLFAC
 40
1.0
  9
$DIMTOFL
 70
1
  9
$DIMTVP
 40
0.0
  9
$DIMTIX
 70
0
  9
$DIMSOXD
 70
0
  9
$DIMSAH
 70
0
  9
$DIMBLK1
  1

  9
$DIMBLK2
  1

  9
$DIMSTYLE
  2
ISO-25
  9
$DIMCLRD
 70
0
  9
$DIMCLRE
 70
0
  9
$DIMCLRT
 70
0
  9
$DIMTFAC
 40
1.0
  9
$DIMGAP
 40
0.625
  9
$DIMJUST
 70
0
  9
$DIMSD1
 70
0
  9
$DIMSD2
 70
0
  9
$DIMTOLJ
 70
0
  9
$DIMTZIN
 70
8
  9
$DIMALTZ
 70
0
  9
$DIMALTTZ
 70
0
  9
$DIMUPT
 70
0
  9
$DIMDEC
 70
2
  9
$DIMTDEC
 70
2
  9
$DIMALTU
 70
2
  9
$DIMALTTD
 70
3
  9
$DIMTXSTY
  7
Standard
  9
$DIMAUNIT
 70
0
  9
$DIMADEC
 70
0
  9
$DIMALTRND
 40
0.0
  9
$DIMAZIN
 70
0
  9
$DIMDSEP
 70
44
  9
$DIMATFIT
 70
3
  9
$DIMFRAC
 70
0
  9
$DIMLDRBLK
  1

  9
$DIMLUNIT
 70
2
  9
$DIMLWD
 70
-2
  9
$DIMLWE
 70
-2
  9
$DIMTMOVE
 70
0
  9
$DIMFXL
 40
1.0
  9
$DIMFXLON
 70
0
  9
$DIMJOGANG
 40
0.7853981633974483
  9
$DIMTFILL
 70
0
  9
$DIMTFILLCLR
 70
0
  9
$DIMARCSYM
 70
0
  9
$DIMLTYPE
  6

  9
$DIMLTEX1
  6

  9
$DIMLTEX2
  6

  9
$DIMTXTDIRECTION
 70
0
  9
$LUNITS
 70
2
  9
$LUPREC
 70
4
  9
$SKETCHINC
 40
1.0
  9
$FILLETRAD
 40
280.0
  9
$AUNITS
 70
0
  9
$AUPREC
 70
0
  9
$MENU
  1
.
  9
$ELEVATION
 40
0.0
  9
$PELEVATION
 40
0.0
  9
$THICKNESS
 40
0.0
  9
$LIMCHECK
 70
0
  9
$CHAMFERA
 40
0.0
  9
$CHAMFERB
 40
0.0
  9
$CHAMFERC
 40
0.0
  9
$CHAMFERD
 40
0.0
  9
$SKPOLY
 70
0
  9
$TDCREATE
 40
2461314.9761226852
  9
$TDUCREATE
 40
2461313.502044225
  9
$TDUPDATE
 40
2461314.9761226852
  9
$TDUUPDATE
 40
2461313.742752778
  9
$TDINDWG
 40
0.0349096412
  9
$TDUSRTIMER
 40
0.0349095833
  9
$USRTIMER
 70
1
  9
$ANGBASE
 50
0.0
  9
$ANGDIR
 70
0
  9
$PDMODE
 70
0
  9
$PDSIZE
 40
0.0
  9
$PLINEWID
 40
0.0
  9
$SPLFRAME
 70
0
  9
$SPLINETYPE
 70
6
  9
$SPLINESEGS
 70
8
  9
$HANDSEED
  5
1E28
  9
$SURFTAB1
 70
6
  9
$SURFTAB2
 70
6
  9
$SURFTYPE
 70
6
  9
$SURFU
 70
6
  9
$SURFV
 70
6
  9
$UCSBASE
  2

  9
$UCSNAME
  2

  9
$UCSORG
 10
0.0
 20
0.0
 30
0.0
  9
$UCSXDIR
 10
1.0
 20
0.0
 30
0.0
  9
$UCSYDIR
 10
0.0
 20
1.0
 30
0.0
  9
$UCSORTHOREF
  2

  9
$UCSORTHOVIEW
 70
0
  9
$UCSORGTOP
 10
0.0
 20
0.0
 30
0.0
  9
$UCSORGBOTTOM
 10
0.0
 20
0.0
 30
0.0
  9
$UCSORGLEFT
 10
0.0
 20
0.0
 30
0.0
  9
$UCSORGRIGHT
 10
0.0
 20
0.0
 30
0.0
  9
$UCSORGFRONT
 10
0.0
 20
0.0
 30
0.0
  9
$UCSORGBACK
 10
0.0
 20
0.0
 30
0.0
  9
$PUCSBASE
  2

  9
$PUCSNAME
  2

  9
$PUCSORG
 10
0.0
 20
0.0
 30
0.0
  9
$PUCSXDIR
 10
1.0
 20
0.0
 30
0.0
  9
$PUCSYDIR
 10
0.0
 20
1.0
 30
0.0
  9
$PUCSORTHOREF
  2

  9
$PUCSORTHOVIEW
 70
0
  9
$PUCSORGTOP
 10
0.0
 20
0.0
 30
0.0
  9
$PUCSORGBOTTOM
 10
0.0
 20
0.0
 30
0.0
  9
$PUCSORGLEFT
 10
0.0
 20
0.0
 30
0.0
  9
$PUCSORGRIGHT
 10
0.0
 20
0.0
 30
0.0
  9
$PUCSORGFRONT
 10
0.0
 20
0.0
 30
0.0
  9
$PUCSORGBACK
 10
0.0
 20
0.0
 30
0.0
  9
$USERI1
 70
0
  9
$USERI2
 70
0
  9
$USERI3
 70
0
  9
$USERI4
 70
0
  9
$USERI5
 70
0
  9
$USERR1
 40
0.0
  9
$USERR2
 40
0.0
  9
$USERR3
 40
0.0
  9
$USERR4
 40
0.0
  9
$USERR5
 40
0.0
  9
$WORLDVIEW
 70
1
  9
$SHADEDGE
 70
3
  9
$SHADEDIF
 70
70
  9
$TILEMODE
 70
1
  9
$MAXACTVP
 70
64
  9
$PINSBASE
 10
0.0
 20
0.0
 30
0.0
  9
$PLIMCHECK
 70
0
  9
$PEXTMIN
 10
0.0
 20
0.0
 30
0.0
  9
$PEXTMAX
 10
0.0
 20
0.0
 30
0.0
  9
$PLIMMIN
 10
0.0
 20
0.0
  9
$PLIMMAX
 10
12.0
 20
9.0
  9
$UNITMODE
 70
0
  9
$VISRETAIN
 70
1
  9
$PLINEGEN
 70
0
  9
$PSLTSCALE
 70
1
  9
$TREEDEPTH
 70
3020
  9
$CMLSTYLE
  2
Standard
  9
$CMLJUST
 70
0
  9
$CMLSCALE
 40
20.0
  9
$PROXYGRAPHICS
 70
1
  9
$MEASUREMENT
 70
1
  9
$CELWEIGHT
370
-1
  9
$ENDCAPS
280
0
  9
$JOINSTYLE
280
0
  9
$LWDISPLAY
290
0
  9
$INSUNITS
 70
4
  9
$HYPERLINKBASE
  1

  9
$STYLESHEET
  1

  9
$XEDIT
290
1
  9
$CEPSNTYPE
380
0
  9
$PSTYLEMODE
290
0
  9
$FINGERPRINTGUID
  2
{D36A17C0-B4E2-4527-8874-81943F1C34AC}
  9
$VERSIONGUID
  2
{A05F66DA-1E40-4011-A5AF-2D42B120E46A}
  9
$EXTNAMES
290
1
  9
$PSVPSCALE
 40
0.0
  9
$OLESTARTUP
290
0
  9
$SORTENTS
280
127
  9
$INDEXCTL
280
0
  9
$HIDETEXT
280
1
  9
$XCLIPFRAME
280
2
  9
$HALOGAP
280
0
  9
$OBSCOLOR
 70
257
  9
$OBSLTYPE
280
0
  9
$INTERSECTIONDISPLAY
280
0
  9
$INTERSECTIONCOLOR
 70
257
  9
$DIMASSOC
280
2
  9
$PROJECTNAME
  1

  9
$CAMERADISPLAY
290
0
  9
$LENSLENGTH
 40
50.0
  9
$CAMERAHEIGHT
 40
0.0
  9
$STEPSPERSEC
 40
2.0
  9
$STEPSIZE
 40
6.0
  9
$3DDWFPREC
 40
2.0
  9
$PSOLWIDTH
 40
5.0
  9
$PSOLHEIGHT
 40
80.0
  9
$LOFTANG1
 40
1.570796326794897
  9
$LOFTANG2
 40
1.570796326794897
  9
$LOFTMAG1
 40
0.0
  9
$LOFTMAG2
 40
0.0
  9
$LOFTPARAM
 70
7
  9
$LOFTNORMALS
280
1
  9
$LATITUDE
 40
37.795
  9
$LONGITUDE
 40
-122.394
  9
$NORTHDIRECTION
 40
0.0
  9
$TIMEZONE
 70
-8000
  9
$LIGHTGLYPHDISPLAY
280
1
  9
$TILEMODELIGHTSYNCH
280
1
  9
$CMATERIAL
347
EC
  9
$SOLIDHIST
280
0
  9
$SHOWHIST
280
1
  9
$DWFFRAME
280
2
  9
$DGNFRAME
280
0
  9
$REALWORLDSCALE
290
1
  9
$INTERFERECOLOR
 62
1
  9
$INTERFEREOBJVS
345
F9
  9
$INTERFEREVPVS
346
F6
  9
$CSHADOW
280
0
  9
$SHADOWPLANELOCATION
 40
0.0
  0
ENDSEC
  0
SECTION
  2
CLASSES
  0
CLASS
  1
ACDBDICTIONARYWDFLT
  2
AcDbDictionaryWithDefault
  3
ObjectDBX Classes
 90
0
 91
1
280
0
281
0
  0
CLASS
  1
ACDBPLACEHOLDER
  2
AcDbPlaceHolder
  3
ObjectDBX Classes
 90
0
 91
1
280
0
281
0
  0
CLASS
  1
LAYOUT
  2
AcDbLayout
  3
ObjectDBX Classes
 90
0
 91
1
280
0
281
0
  0
CLASS
  1
DICTIONARYVAR
  2
AcDbDictionaryVar
  3
ObjectDBX Classes
 90
0
 91
1
280
0
281
0
  0
CLASS
  1
TABLESTYLE
  2
AcDbTableStyle
  3
ObjectDBX Classes
 90
4095
 91
1
280
0
281
0
  0
CLASS
  1
MATERIAL
  2
AcDbMaterial
  3
ObjectDBX Classes
 90
1153
 91
1
280
0
281
0
  0
CLASS
  1
VISUALSTYLE
  2
AcDbVisualStyle
  3
ObjectDBX Classes
 90
4095
 91
1
280
0
281
0
  0
CLASS
  1
SCALE
  2
AcDbScale
  3
ObjectDBX Classes
 90
1153
 91
1
280
0
281
0
  0
CLASS
  1
MLEADERSTYLE
  2
AcDbMLeaderStyle
  3
ACDB_MLEADERSTYLE_CLASS
 90
4095
 91
1
280
0
281
0
  0
CLASS
  1
CELLSTYLEMAP
  2
AcDbCellStyleMap
  3
ObjectDBX Classes
 90
1152
 91
1
280
0
281
0
  0
CLASS
  1
LAYER_INDEX
  2
AcDbLayerIndex
  3
ObjectDBX Classes
 90
0
 91
1
280
0
281
0
  0
CLASS
  1
SPATIAL_INDEX
  2
AcDbSpatialIndex
  3
AutoCAD 2000
 90
0
 91
1
280
0
281
0
  0
CLASS
  1
IDBUFFER
  2
AcDbIdBuffer
  3
ObjectDBX Classes
 90
0
 91
1
280
0
281
0
  0
CLASS
  1
ACDBSECTIONVIEWSTYLE
  2
AcDbSectionViewStyle
  3
ObjectDBX Classes
 90
1025
 91
1
280
0
281
0
  0
CLASS
  1
ACDBDETAILVIEWSTYLE
  2
AcDbDetailViewStyle
  3
ObjectDBX Classes
 90
1025
 91
1
280
0
281
0
  0
CLASS
  1
SUN
  2
AcDbSun
  3
SCENEOE
 90
1153
 91
1
280
0
281
0
  0
CLASS
  1
SORTENTSTABLE
  2
AcDbSortentsTable
  3
ObjectDBX Classes
 90
0
 91
1
280
0
281
0
  0
CLASS
  1
GCDBBLOCKCONSTRAINTCOLORDATA
  2
GcDbBlockConstraintColorData
  3
ACRX_T("ObjectDBX Classes")
 90
3071
 91
1
280
0
281
0
  0
CLASS
  1
MENTALRAYRENDERSETTINGS
  2
AcDbMentalRayRenderSettings
  3
SCENEOE
 90
1024
 91
0
280
0
281
0
  0
CLASS
  1
RASTERVARIABLES
  2
AcDbRasterVariables
  3
ISM
 90
0
 91
0
280
0
281
0
  0
ENDSEC
  0
SECTION
  2
TABLES
  0
TABLE
  2
VPORT
  5
8
330
0
100
AcDbSymbolTable
 70
1
  0
VPORT
  5
EA
330
8
100
AcDbSymbolTableRecord
100
AcDbViewportTableRecord
  2
*Active
 70
0
 10
0.0
 20
0.0
 11
1.0
 21
1.0
 12
70771.67722685072
 22
64064.6102656263
 13
0.0
 23
0.0
 14
10.0
 24
10.0
 15
10.0
 25
10.0
 16
0.0
 26
0.0
 36
1.0
 17
0.0
 27
0.0
 37
0.0
 40
16931.7105430957
 41
2.302158273381295
 42
50.0
 43
0.0
 44
0.0
 50
0.0
 51
0.0
 71
0
 72
1000
 73
1
 74
3
 75
0
 76
1
 77
0
 78
0
281
0
 65
1
110
0.0
120
0.0
130
0.0
111
1.0
121
0.0
131
0.0
112
0.0
122
1.0
132
0.0
 79
0
146
0.0
 60
3
 61
5
348
F5
292
1
282
1
141
0.0
142
0.0
 63
250
421
3355443
1001
ACAD_NAV_VCDISPLAY
1070
3
  0
ENDTAB
  0
TABLE
  2
LTYPE
  5
5
330
0
100
AcDbSymbolTable
 70
3
  0
LTYPE
  5
14
330
5
100
AcDbSymbolTableRecord
100
AcDbLinetypeTableRecord
  2
ByBlock
 70
0
  3

 72
65
 73
0
 40
0.0
  0
LTYPE
  5
15
330
5
100
AcDbSymbolTableRecord
100
AcDbLinetypeTableRecord
  2
ByLayer
 70
0
  3

 72
65
 73
0
 40
0.0
  0
LTYPE
  5
16
330
5
100
AcDbSymbolTableRecord
100
AcDbLinetypeTableRecord
  2
Continuous
 70
0
  3
Solid line
 72
65
 73
0
 40
0.0
  0
ENDTAB
  0
TABLE
  2
LAYER
  5
2
102
{ACAD_XDICTIONARY
360
1FF
102
}
330
0
100
AcDbSymbolTable
 70
6
  0
LAYER
  5
10
330
2
100
AcDbSymbolTableRecord
100
AcDbLayerTableRecord
  2
0
 70
0
 62
7
  6
Continuous
370
-3
390
F
347
EE
348
0
  0
LAYER
  5
284
330
2
100
AcDbSymbolTableRecord
100
AcDbLayerTableRecord
  2
IE-EQUIP
 70
0
 62
253
  6
Continuous
370
25
390
F
347
EE
348
0
1001
AcAecLayerStandard
1000

1000
DXF / DWG import
  0
LAYER
  5
287
330
2
100
AcDbSymbolTableRecord
100
AcDbLayerTableRecord
  2
ASHADE
 70
0
 62
7
  6
Continuous
370
25
390
F
347
EE
348
0
1001
AcAecLayerStandard
1000

1000
DXF / DWG import
  0
LAYER
  5
288
330
2
100
AcDbSymbolTableRecord
100
AcDbLayerTableRecord
  2
power
 70
0
 62
7
  6
Continuous
370
25
390
F
347
EE
348
0
1001
AcAecLayerStandard
1000

1000
DXF / DWG import
  0
LAYER
  5
289
330
2
100
AcDbSymbolTableRecord
100
AcDbLayerTableRecord
  2
IE-WIRE
 70
0
 62
7
  6
Continuous
370
25
390
F
347
EE
348
0
1001
AcAecLayerStandard
1000

1000
DXF / DWG import
  0
LAYER
  5
1CF4
330
2
100
AcDbSymbolTableRecord
100
AcDbLayerTableRecord
  2
Defpoints
 70
0
 62
7
  6
Continuous
290
0
370
-3
390
F
347
EE
  0
ENDTAB
  0
TABLE
  2
STYLE
  5
3
330
0
100
AcDbSymbolTable
 70
4
  0
STYLE
  5
11
330
3
100
AcDbSymbolTableRecord
100
AcDbTextStyleTableRecord
  2
Standard
 70
0
 40
0.0
 41
1.0
 50
0.0
 71
0
 42
2.5
  3
arial.ttf
  4

1001
ACAD
1000
Arial
1071
34
  0
STYLE
  5
132
330
3
100
AcDbSymbolTableRecord
100
AcDbTextStyleTableRecord
  2
Annotative
 70
0
 40
0.0
 41
1.0
 50
0.0
 71
0
 42
2.5
  3
arial.ttf
  4

1001
AcadAnnotative
1000
AnnotativeData
1002
{
1070
1
1070
1
1002
}
1001
ACAD
1000
Arial
1071
34
  0
STYLE
  5
28C
330
3
100
AcDbSymbolTableRecord
100
AcDbTextStyleTableRecord
  2
Tahoma
 70
0
 40
0.0
 41
1.0
 50
0.0
 71
0
 42
2.5
  3

  4

1001
ACAD
1000
Tahoma
1071
256
  0
STYLE
  5
EB3
330
3
100
AcDbSymbolTableRecord
100
AcDbTextStyleTableRecord
  2
ISO3098B
 70
0
 40
0.0
 41
1.0
 50
0.0
 71
0
 42
2.5
  3
ISO3098B.shx
  4

  0
ENDTAB
  0
TABLE
  2
VIEW
  5
6
330
0
100
AcDbSymbolTable
 70
0
  0
ENDTAB
  0
TABLE
  2
UCS
  5
7
330
0
100
AcDbSymbolTable
 70
0
  0
ENDTAB
  0
TABLE
  2
APPID
  5
9
330
0
100
AcDbSymbolTable
 70
13
  0
APPID
  5
12
330
9
100
AcDbSymbolTableRecord
100
AcDbRegAppTableRecord
  2
ACAD
 70
0
  0
APPID
  5
9E
330
9
100
AcDbSymbolTableRecord
100
AcDbRegAppTableRecord
  2
ACAD_PSEXT
 70
0
  0
APPID
  5
133
330
9
100
AcDbSymbolTableRecord
100
AcDbRegAppTableRecord
  2
AcadAnnoPO
 70
0
  0
APPID
  5
134
330
9
100
AcDbSymbolTableRecord
100
AcDbRegAppTableRecord
  2
AcadAnnotative
 70
0
  0
APPID
  5
135
330
9
100
AcDbSymbolTableRecord
100
AcDbRegAppTableRecord
  2
ACAD_DSTYLE_DIMJAG
 70
0
  0
APPID
  5
136
330
9
100
AcDbSymbolTableRecord
100
AcDbRegAppTableRecord
  2
ACAD_DSTYLE_DIMTALN
 70
0
  0
APPID
  5
165
330
9
100
AcDbSymbolTableRecord
100
AcDbRegAppTableRecord
  2
ACAD_MLEADERVER
 70
0
  0
APPID
  5
217
330
9
100
AcDbSymbolTableRecord
100
AcDbRegAppTableRecord
  2
ACAD_NAV_VCDISPLAY
 70
0
  0
APPID
  5
286
330
9
100
AcDbSymbolTableRecord
100
AcDbRegAppTableRecord
  2
AcAecLayerStandard
 70
0
  0
APPID
  5
1410
330
9
100
AcDbSymbolTableRecord
100
AcDbRegAppTableRecord
  2
AcDbBlockRepETag
 70
0
  0
APPID
  5
1411
330
9
100
AcDbSymbolTableRecord
100
AcDbRegAppTableRecord
  2
AcDbDynamicBlockGUID
 70
0
  0
APPID
  5
1E24
330
9
100
AcDbSymbolTableRecord
100
AcDbRegAppTableRecord
  2
HATCHBACKGROUNDCOLOR
 70
0
  0
APPID
  5
1E25
330
9
100
AcDbSymbolTableRecord
100
AcDbRegAppTableRecord
  2
EZDXF
 70
0
  0
ENDTAB
  0
TABLE
  2
DIMSTYLE
  5
A
330
0
100
AcDbSymbolTable
 70
3
100
AcDbDimStyleTable
  0
DIMSTYLE
105
1B0
330
A
100
AcDbSymbolTableRecord
100
AcDbDimStyleTableRecord
  2
Standard
 70
0
 40
1.0
 41
2.5
 42
0.625
 43
3.75
 44
1.25
 45
0.0
 46
0.0
 47
0.0
 48
0.0
 49
2.5
140
2.5
141
2.5
142
0.0
143
0.03937007874
144
1.0
145
0.0
146
1.0
147
0.625
148
0.0
 69
0
 70
0
 71
0
 72
0
 73
0
 74
0
 75
0
 76
0
 77
1
 78
8
 79
3
170
0
171
3
172
1
173
0
174
0
175
0
176
0
177
0
178
0
179
2
271
2
272
2
273
2
274
3
275
0
276
0
277
2
278
44
279
0
280
0
281
0
282
0
283
0
284
8
285
0
286
0
288
0
289
3
290
0
340
11
371
-2
372
-2
  0
DIMSTYLE
105
137
330
A
100
AcDbSymbolTableRecord
100
AcDbDimStyleTableRecord
  2
Annotative
 70
0
 40
0.0
 41
2.5
 42
0.625
 43
3.75
 44
1.25
 45
0.0
 46
0.0
 47
0.0
 48
0.0
 49
2.5
140
2.5
141
2.5
142
0.0
143
0.03937007874016
144
1.0
145
0.0
146
1.0
147
0.625
148
0.0
 69
0
 70
0
 71
0
 72
0
 73
0
 74
0
 75
0
 76
0
 77
1
 78
8
 79
3
170
0
171
3
172
1
173
0
174
0
175
0
176
0
177
0
178
0
179
2
271
2
272
2
273
2
274
3
275
0
276
0
277
2
278
44
279
0
280
0
281
0
282
0
283
0
284
8
285
0
286
0
288
0
289
3
290
0
340
11
371
-2
372
-2
1001
AcadAnnotative
1000
AnnotativeData
1002
{
1070
1
1070
1
1002
}
1001
ACAD_DSTYLE_DIMJAG
1070
388
1040
1.5
1001
ACAD_DSTYLE_DIMTALN
1070
392
1070
0
  0
DIMSTYLE
105
27
330
A
100
AcDbSymbolTableRecord
100
AcDbDimStyleTableRecord
  2
ISO-25
 70
0
 40
1.0
 41
2.5
 42
0.625
 43
3.75
 44
1.25
 45
0.0
 46
0.0
 47
0.0
 48
0.0
 49
2.5
140
2.5
141
2.5
142
0.0
143
0.03937007874016
144
1.0
145
0.0
146
1.0
147
0.625
148
0.0
 69
0
 70
0
 71
0
 72
0
 73
0
 74
0
 75
0
 76
0
 77
1
 78
8
 79
3
170
0
171
3
172
1
173
0
174
0
175
0
176
0
177
0
178
0
179
2
271
2
272
2
273
2
274
3
275
0
276
0
277
2
278
44
279
0
280
0
281
0
282
0
283
0
284
8
285
0
286
0
288
0
289
3
290
0
340
11
371
-2
372
-2
  0
ENDTAB
  0
TABLE
  2
BLOCK_RECORD
  5
1
330
0
100
AcDbSymbolTable
 70
7
  0
BLOCK_RECORD
  5
1F
102
{ACAD_XDICTIONARY
360
E57
102
}
330
1
100
AcDbSymbolTableRecord
100
AcDbBlockTableRecord
  2
*Model_Space
340
22
 70
0
280
1
281
0
  0
BLOCK_RECORD
  5
D2
330
1
100
AcDbSymbolTableRecord
100
AcDbBlockTableRecord
  2
*Paper_Space
340
D3
 70
0
280
1
281
0
  0
BLOCK_RECORD
  5
D6
330
1
100
AcDbSymbolTableRecord
100
AcDbBlockTableRecord
  2
*Paper_Space0
340
D7
 70
0
280
1
281
0
  0
BLOCK_RECORD
  5
10DE
102
{ACAD_XDICTIONARY
360
110B
102
}
330
1
100
AcDbSymbolTableRecord
100
AcDbBlockTableRecord
  2
G$CAAE4D061
340
0
 70
0
280
1
281
0
  0
BLOCK_RECORD
  5
112E
102
{ACAD_XDICTIONARY
360
1157
102
}
330
1
100
AcDbSymbolTableRecord
100
AcDbBlockTableRecord
  2
G$CF92A4877
340
0
 70
0
280
1
281
0
  0
BLOCK_RECORD
  5
11BE
330
1
100
AcDbSymbolTableRecord
100
AcDbBlockTableRecord
  2
Term_Group3
340
0
 70
4
280
1
281
0
1001
AcadAnnotative
1000
AnnotativeData
1002
{
1070
1
1070
0
1002
}
1001
AcDbDynamicBlockGUID
1000
{bcb722c2-ea26-4de1-9a26-40d8828ae25f}
  0
BLOCK_RECORD
  5
1638
102
{ACAD_XDICTIONARY
360
1663
102
}
330
1
100
AcDbSymbolTableRecord
100
AcDbBlockTableRecord
  2
G$C6ABE09C5
340
0
 70
0
280
1
281
0
  0
ENDTAB
  0
ENDSEC
  0
SECTION
  2
BLOCKS
  0
BLOCK
  5
20
330
1F
100
AcDbEntity
  8
0
100
AcDbBlockBegin
  2
*Model_Space
 70
0
 10
0.0
 20
0.0
 30
0.0
  3
*Model_Space
  1

  0
ENDBLK
  5
21
330
1F
100
AcDbEntity
  8
0
100
AcDbBlockEnd
  0
BLOCK
  5
D4
330
D2
100
AcDbEntity
 67
1
  8
0
100
AcDbBlockBegin
  2
*Paper_Space
 70
0
 10
0.0
 20
0.0
 30
0.0
  3
*Paper_Space
  1

  0
ENDBLK
  5
D5
330
D2
100
AcDbEntity
 67
1
  8
0
100
AcDbBlockEnd
  0
BLOCK
  5
D8
330
D6
100
AcDbEntity
  8
0
100
AcDbBlockBegin
  2
*Paper_Space0
 70
0
 10
0.0
 20
0.0
 30
0.0
  3
*Paper_Space0
  1

  0
ENDBLK
  5
D9
330
D6
100
AcDbEntity
  8
0
100
AcDbBlockEnd
  0
BLOCK
  5
112B
330
10DE
100
AcDbEntity
  8
0
100
AcDbBlockBegin
  2
G$CAAE4D061
 70
0
 10
0.0
 20
0.0
 30
0.0
  3
G$CAAE4D061
  1

  0
TEXT
  5
110D
330
10DE
100
AcDbEntity
  8
power
 62
7
100
AcDbText
 10
795.9927017484421
 20
-504.7928093106195
 30
0.0
 40
305.325007332
  1
1A
  7
Tahoma
 72
1
 11
1036.520729686949
 21
-352.1303056446195
 31
0.0
100
AcDbText
 73
2
  0
LWPOLYLINE
  5
110E
330
10DE
100
AcDbEntity
  8
0
 62
7
 48
25.39999961853027
100
AcDbPolyline
 90
4
 70
1
 10
631.5657801087946
 20
-631.4885890372097
 10
3974.255890084314
 20
-631.4885890372097
 10
3974.255890084314
 20
0.0
 10
631.5657801087946
 20
0.0
  0
LWPOLYLINE
  5
110F
330
10DE
100
AcDbEntity
  8
0
 62
7
 48
25.39999961853027
100
AcDbPolyline
 90
4
 70
1
 10
3974.255890084314
 20
-631.4885890372097
 10
4605.8216701895
 20
-631.4885890372097
 10
4605.8216701895
 20
0.0
 10
3974.255890084314
 20
0.0
  0
LINE
  5
1110
330
10DE
100
AcDbEntity
  8
0
 62
7
 48
25.39999961853027
100
AcDbLine
 10
4172.529913753155
 20
-198.2497902754694
 30
0.0
 11
4407.547646516818
 21
-433.2387987617403
 31
0.0
  0
CIRCLE
  5
1111
330
10DE
100
AcDbEntity
  8
0
 62
7
 48
25.39999961853027
100
AcDbCircle
 10
4290.038780135918
 20
-315.7442945185976
 30
0.0
 40
166.1724772807211
  0
LINE
  5
1112
330
10DE
100
AcDbEntity
  8
0
 62
7
 48
25.39999961853027
100
AcDbLine
 10
4407.547646514955
 20
-198.2497902754694
 30
0.0
 11
4172.529913753155
 21
-433.2387987617403
 31
0.0
  0
LWPOLYLINE
  5
1113
330
10DE
100
AcDbEntity
  8
0
 62
7
 48
25.39999961853027
100
AcDbPolyline
 90
4
 70
1
 10
0.0
 20
-631.4885890372097
 10
631.5657801068155
 20
-631.4885890372097
 10
631.5657801068155
 20
0.0
 10
0.0
 20
0.0
  0
LINE
  5
1114
330
10DE
100
AcDbEntity
  8
0
 62
7
 48
25.39999961853027
100
AcDbLine
 10
433.291756437975
 20
-198.2497902754694
 30
0.0
 11
198.2740236724494
 21
-433.2387987617403
 31
0.0
  0
CIRCLE
  5
1115
330
10DE
100
AcDbEntity
  8
0
 62
7
 48
25.39999961853027
100
AcDbCircle
 10
315.7828900552122
 20
-315.7442945185976
 30
0.0
 40
166.1724772807211
  0
LINE
  5
1116
330
10DE
100
AcDbEntity
  8
0
 62
7
 48
25.39999961853027
100
AcDbLine
 10
198.2740236761747
 20
-198.2497902754694
 30
0.0
 11
433.291756437975
 21
-433.2387987617403
 31
0.0
  0
TEXT
  5
1117
330
10DE
100
AcDbEntity
  8
power
 62
7
100
AcDbText
 10
798.1457659372663
 20
-1115.60790308881
 30
0.0
 40
305.325007332
  1
1B
  7
Tahoma
 72
1
 11
1036.520729687065
 21
-962.9453994228097
 31
0.0
100
AcDbText
 73
2
  0
CIRCLE
  5
1118
330
10DE
100
AcDbEntity
  8
power
 62
1
 48
25.39999961853027
100
AcDbCircle
 10
2840.596243429929
 20
-937.4275069405267
 30
0.0
 40
96.67549893448272
  0
ARC
  5
1119
330
10DE
100
AcDbEntity
  8
power
 62
1
 48
25.39999961853027
100
AcDbCircle
 10
2693.314255863428
 20
-1023.482242137223
 30
0.0
 40
234.6962341568187
100
AcDbArc
 50
51.130916007439
 51
171.3253832686638
  0
CIRCLE
  5
111A
330
10DE
100
AcDbEntity
  8
power
 62
1
 48
25.39999961853027
100
AcDbCircle
 10
2030.75686246343
 20
-937.4275069405267
 30
0.0
 40
96.67549893448272
  0
ARC
  5
111B
330
10DE
100
AcDbEntity
  8
power
 62
1
 48
25.39999961853027
100
AcDbCircle
 10
2237.626702897251
 20
-932.4746536371167
 30
0.0
 40
230.4852551964078
100
AcDbArc
 50
206.1633692001472
 51
346.0382736866481
  0
LWPOLYLINE
  5
111C
330
10DE
100
AcDbEntity
  8
0
 62
1
 48
25.39999961853027
100
AcDbPolyline
 90
4
 70
1
 10
631.5657801087946
 20
-1262.977178074543
 10
3974.255890082568
 20
-1262.977178074543
 10
3974.255890082568
 20
-631.4885890372097
 10
631.5657801087946
 20
-631.4885890372097
  0
LWPOLYLINE
  5
111D
330
10DE
100
AcDbEntity
  8
0
 62
1
 48
25.39999961853027
100
AcDbPolyline
 90
4
 70
1
 10
3974.255890082568
 20
-1262.977178074543
 10
4605.8216701895
 20
-1262.977178074543
 10
4605.8216701895
 20
-631.4885890372097
 10
3974.255890082568
 20
-631.4885890372097
  0
CIRCLE
  5
111E
330
10DE
100
AcDbEntity
  8
0
 62
1
 48
25.39999961853027
100
AcDbCircle
 10
4290.038780134171
 20
-947.232883555931
 30
0.0
 40
166.1724772807211
  0
LWPOLYLINE
  5
111F
330
10DE
100
AcDbEntity
  8
0
 62
1
 48
25.39999961853027
100
AcDbPolyline
 90
4
 70
1
 10
0.0
 20
-1262.977178074543
 10
631.5657801069319
 20
-1262.977178074543
 10
631.5657801069319
 20
-631.4885890372097
 10
0.0
 20
-631.4885890372097
  0
CIRCLE
  5
1120
330
10DE
100
AcDbEntity
  8
0
 62
1
 48
25.39999961853027
100
AcDbCircle
 10
315.7828900553286
 20
-947.232883555931
 30
0.0
 40
166.1724772807211
  0
LWPOLYLINE
  5
1121
330
10DE
100
AcDbEntity
  8
IE-EQUIP
 62
3
 48
25.39999961853027
100
AcDbPolyline
 90
4
 70
1
 10
631.5657801087946
 20
-1894.465767111753
 10
3974.255890084314
 20
-1894.465767111753
 10
3974.255890084314
 20
-1262.977178074543
 10
631.5657801087946
 20
-1262.977178074543
  0
LWPOLYLINE
  5
1122
330
10DE
100
AcDbEntity
  8
IE-EQUIP
 62
3
 48
25.39999961853027
100
AcDbPolyline
 90
4
 70
1
 10
3974.255890084314
 20
-1894.465767111753
 10
4605.8216701895
 20
-1894.465767111753
 10
4605.8216701895
 20
-1262.977178074543
 10
3974.255890084314
 20
-1262.977178074543
  0
LINE
  5
1123
330
10DE
100
AcDbEntity
  8
IE-EQUIP
 62
3
 48
25.39999961853027
100
AcDbLine
 10
4172.529913753155
 20
-1461.226968350005
 30
0.0
 11
4407.547646516818
 21
-1696.215976836284
 31
0.0
  0
CIRCLE
  5
1124
330
10DE
100
AcDbEntity
  8
IE-EQUIP
 62
3
 48
25.39999961853027
100
AcDbCircle
 10
4290.038780135918
 20
-1578.721472593148
 30
0.0
 40
166.1724772807211
  0
LINE
  5
1125
330
10DE
100
AcDbEntity
  8
IE-EQUIP
 62
3
 48
25.39999961853027
100
AcDbLine
 10
4407.547646514955
 20
-1461.226968350005
 30
0.0
 11
4172.529913753155
 21
-1696.215976836284
 31
0.0
  0
LWPOLYLINE
  5
1126
330
10DE
100
AcDbEntity
  8
IE-EQUIP
 62
3
 48
25.39999961853027
100
AcDbPolyline
 90
4
 70
1
 10
0.0
 20
-1894.465767111753
 10
631.5657801068155
 20
-1894.465767111753
 10
631.5657801068155
 20
-1262.977178074543
 10
0.0
 20
-1262.977178074543
  0
LINE
  5
1127
330
10DE
100
AcDbEntity
  8
IE-EQUIP
 62
3
 48
25.39999961853027
100
AcDbLine
 10
433.291756437975
 20
-1461.226968350005
 30
0.0
 11
198.2740236724494
 21
-1696.215976836284
 31
0.0
  0
CIRCLE
  5
1128
330
10DE
100
AcDbEntity
  8
IE-EQUIP
 62
3
 48
25.39999961853027
100
AcDbCircle
 10
315.7828900552122
 20
-1578.721472593148
 30
0.0
 40
166.1724772807211
  0
LINE
  5
1129
330
10DE
100
AcDbEntity
  8
IE-EQUIP
 62
3
 48
25.39999961853027
100
AcDbLine
 10
198.2740236761747
 20
-1461.226968350005
 30
0.0
 11
433.291756437975
 21
-1696.215976836284
 31
0.0
  0
TEXT
  5
112A
330
10DE
100
AcDbEntity
  8
IE-EQUIP
 62
3
100
AcDbText
 10
802.9645286452104
 20
-1767.769987385156
 30
0.0
 40
305.325007332
  1
PE
  7
Tahoma
 72
1
 11
1036.520729686949
 21
-1615.107483719156
 31
0.0
100
AcDbText
 73
2
  0
ENDBLK
  5
112C
330
10DE
100
AcDbEntity
  8
0
100
AcDbBlockEnd
  0
BLOCK
  5
115A
330
112E
100
AcDbEntity
  8
0
100
AcDbBlockBegin
  2
G$CF92A4877
 70
2
 10
0.0
 20
0.0
 30
0.0
  3
G$CF92A4877
  1

  0
ATTDEF
  5
1159
330
112E
100
AcDbEntity
  8
0
100
AcDbText
 10
146.6596446543699
 20
-455.0932399832091
 30
0.0
 40
250.0
  1
xA
100
AcDbAttributeDefinition
  3
Terminal_A
  2
TERMINAL_A
 70
0
280
1
 71
1
 72
0
  0
ENDBLK
  5
115B
330
112E
100
AcDbEntity
  8
0
100
AcDbBlockEnd
  0
BLOCK
  5
11D1
330
11BE
100
AcDbEntity
  8
0
100
AcDbBlockBegin
  2
Term_Group3
 70
2
 10
0.0
 20
0.0
 30
0.0
  3
Term_Group3
  1

  0
LWPOLYLINE
  5
13C5
330
11BE
100
AcDbEntity
  8
0
 62
7
 48
25.39999961853027
100
AcDbPolyline
 90
4
 70
1
 10
631.5657801087946
 20
-1262.977178074543
 10
3974.255890084314
 20
-1262.977178074543
 10
3974.255890084314
 20
-631.4885890373334
 10
631.5657801087946
 20
-631.4885890373334
  0
LWPOLYLINE
  5
13C6
330
11BE
100
AcDbEntity
  8
0
 62
7
 48
25.39999961853027
100
AcDbPolyline
 90
4
 70
1
 10
3974.255890084314
 20
-1262.977178074543
 10
4605.8216701895
 20
-1262.977178074543
 10
4605.8216701895
 20
-631.4885890373334
 10
3974.255890084314
 20
-631.4885890373334
  0
CIRCLE
  5
13C7
330
11BE
100
AcDbEntity
  8
0
 62
7
 48
25.39999961853027
100
AcDbCircle
 10
4290.038780135918
 20
-947.232883555931
 30
0.0
 40
166.1724772807211
  0
LWPOLYLINE
  5
13C8
330
11BE
100
AcDbEntity
  8
0
 62
7
 48
25.39999961853027
100
AcDbPolyline
 90
4
 70
1
 10
0.0
 20
-1262.977178074543
 10
631.5657801068155
 20
-1262.977178074543
 10
631.5657801068155
 20
-631.4885890373334
 10
0.0
 20
-631.4885890373334
  0
CIRCLE
  5
13C9
330
11BE
100
AcDbEntity
  8
0
 62
7
 48
25.39999961853027
100
AcDbCircle
 10
315.7828900552122
 20
-947.232883555931
 30
0.0
 40
166.1724772807211
  0
LWPOLYLINE
  5
13CA
330
11BE
100
AcDbEntity
  8
0
 62
1
 48
25.39999961853027
100
AcDbPolyline
 90
4
 70
1
 10
631.5657801087946
 20
-631.4885890372097
 10
3974.255890082568
 20
-631.4885890372097
 10
3974.255890082568
 20
1.236913e-10
 10
631.5657801087946
 20
1.236913e-10
  0
LWPOLYLINE
  5
13CB
330
11BE
100
AcDbEntity
  8
0
 62
1
 48
25.39999961853027
100
AcDbPolyline
 90
4
 70
1
 10
3974.255890082568
 20
-631.4885890372097
 10
4605.8216701895
 20
-631.4885890372097
 10
4605.8216701895
 20
1.236913e-10
 10
3974.255890082568
 20
1.236913e-10
  0
CIRCLE
  5
13CC
330
11BE
100
AcDbEntity
  8
0
 62
1
 48
25.39999961853027
100
AcDbCircle
 10
4290.038780134171
 20
-315.7442945185976
 30
0.0
 40
166.1724772807211
  0
LWPOLYLINE
  5
13CD
330
11BE
100
AcDbEntity
  8
0
 62
1
 48
25.39999961853027
100
AcDbPolyline
 90
4
 70
1
 10
0.0
 20
-631.4885890372097
 10
631.5657801069319
 20
-631.4885890372097
 10
631.5657801069319
 20
1.236913e-10
 10
0.0
 20
1.236913e-10
  0
CIRCLE
  5
13CE
330
11BE
100
AcDbEntity
  8
0
 62
1
 48
25.39999961853027
100
AcDbCircle
 10
315.7828900553286
 20
-315.7442945185976
 30
0.0
 40
166.1724772807211
  0
LWPOLYLINE
  5
13CF
330
11BE
100
AcDbEntity
  8
IE-EQUIP
 62
3
 48
25.39999961853027
100
AcDbPolyline
 90
4
 70
1
 10
631.5657801087946
 20
-1894.465767111753
 10
3974.255890084314
 20
-1894.465767111753
 10
3974.255890084314
 20
-1262.977178074543
 10
631.5657801087946
 20
-1262.977178074543
  0
LWPOLYLINE
  5
13D0
330
11BE
100
AcDbEntity
  8
IE-EQUIP
 62
3
 48
25.39999961853027
100
AcDbPolyline
 90
4
 70
1
 10
3974.255890084314
 20
-1894.465767111753
 10
4605.8216701895
 20
-1894.465767111753
 10
4605.8216701895
 20
-1262.977178074543
 10
3974.255890084314
 20
-1262.977178074543
  0
CIRCLE
  5
13D1
330
11BE
100
AcDbEntity
  8
IE-EQUIP
 62
3
 48
25.39999961853027
100
AcDbCircle
 10
4290.038780135918
 20
-1578.721472593148
 30
0.0
 40
166.1724772807211
  0
LWPOLYLINE
  5
13D2
330
11BE
100
AcDbEntity
  8
IE-EQUIP
 62
3
 48
25.39999961853027
100
AcDbPolyline
 90
4
 70
1
 10
0.0
 20
-1894.465767111753
 10
631.5657801068155
 20
-1894.465767111753
 10
631.5657801068155
 20
-1262.977178074543
 10
0.0
 20
-1262.977178074543
  0
CIRCLE
  5
13D3
330
11BE
100
AcDbEntity
  8
IE-EQUIP
 62
3
 48
25.39999961853027
100
AcDbCircle
 10
315.7828900552122
 20
-1578.721472593148
 30
0.0
 40
166.1724772807211
  0
TEXT
  5
13D4
330
11BE
100
AcDbEntity
  8
IE-EQUIP
 62
3
100
AcDbText
 10
802.9645286452104
 20
-1767.769987385156
 30
0.0
 40
305.325007332
  1
PE
  7
Tahoma
 72
1
 11
1036.520729686949
 21
-1615.107483719156
 31
0.0
100
AcDbText
 73
2
  0
ATTDEF
  5
13D5
330
11BE
100
AcDbEntity
  8
0
100
AcDbText
 10
778.2254247631645
 20
-455.0932399830854
 30
0.0
 40
250.0
  1
xA
100
AcDbAttributeDefinition
  3
Terminal_A
  2
TERMINAL_A
 70
0
280
1
 71
1
 72
0
  0
ATTDEF
  5
13D6
330
11BE
100
AcDbEntity
  8
0
100
AcDbText
 10
778.2254247631645
 20
-1086.581829020419
 30
0.0
 40
250.0
  1
xB
100
AcDbAttributeDefinition
  3
Terminal_B
  2
TERMINAL_B
 70
0
280
1
 71
1
 72
0
  0
CIRCLE
  5
140C
330
11BE
100
AcDbEntity
  8
power
 62
1
 48
25.39999961853027
100
AcDbCircle
 10
2840.596243429929
 20
-305.9389179031932
 30
0.0
 40
96.67549893448272
  0
ARC
  5
140D
330
11BE
100
AcDbEntity
  8
power
 62
1
 48
25.39999961853027
100
AcDbCircle
 10
2693.314255863428
 20
-391.9936530998893
 30
0.0
 40
234.6962341568187
100
AcDbArc
 50
51.13091600743896
 51
171.3253832686638
  0
CIRCLE
  5
140E
330
11BE
100
AcDbEntity
  8
power
 62
1
 48
25.39999961853027
100
AcDbCircle
 10
2030.75686246343
 20
-305.9389179031932
 30
0.0
 40
96.67549893448272
  0
ARC
  5
140F
330
11BE
100
AcDbEntity
  8
power
 62
1
 48
25.39999961853027
100
AcDbCircle
 10
2237.626702897251
 20
-300.9860645997833
 30
0.0
 40
230.4852551964078
100
AcDbArc
 50
206.1633692001472
 51
346.0382736866481
  0
ENDBLK
  5
11D2
330
11BE
100
AcDbEntity
  8
0
100
AcDbBlockEnd
  0
BLOCK
  5
1668
330
1638
100
AcDbEntity
  8
0
100
AcDbBlockBegin
  2
G$C6ABE09C5
 70
0
 10
0.0
 20
0.0
 30
0.0
  3
G$C6ABE09C5
  1

  0
LINE
  5
1665
330
1638
100
AcDbEntity
  8
IE-WIRE
 62
4
 48
25.39999961853027
100
AcDbLine
 10
-11204.16384837346
 20
-947.232883557801
 30
0.0
 11
-4605.8216701895
 21
-947.2328835561129
 31
0.0
  0
LINE
  5
1666
330
1638
100
AcDbEntity
  8
IE-WIRE
 62
4
 48
25.39999961853027
100
AcDbLine
 10
-11204.16384837346
 20
-947.2328835579028
 30
0.0
 11
-4605.8216701895
 21
-947.2328835562221
 31
0.0
  0
ARC
  5
1667
330
1638
100
AcDbEntity
  8
IE-WIRE
 62
4
 48
25.39999961853027
100
AcDbCircle
 10
-11204.16384837334
 20
-1227.232883557794
 30
0.0
 40
280.0
100
AcDbArc
 50
90.0
 51
180.0
  0
ENDBLK
  5
1669
330
1638
100
AcDbEntity
  8
0
100
AcDbBlockEnd
  0
ENDSEC
  0
SECTION
  2
ENTITIES
  0
TEXT
  5
868
330
1F
100
AcDbEntity
  8
0
 62
2
100
AcDbText
 10
14678.47479913981
 20
64163.83322362618
 30
0.0
 40
297.942
  1
1756-IB32
  7
Tahoma
 72
1
 11
15621.22411613108
 21
64312.80422362618
 31
0.0
100
AcDbText
 73
2
  0
TEXT
  5
869
330
1F
100
AcDbEntity
  8
0
 62
2
100
AcDbText
 10
13132.01179853015
 20
63419.83278121024
 30
0.0
 40
297.942
  1
DIGITAL INPUT MODULE
  7
Tahoma
 72
1
 11
15406.39577636762
 21
63568.80378121024
 31
0.0
100
AcDbText
 73
2
  0
TEXT
  5
86A
330
1F
100
AcDbEntity
  8
0
 62
2
100
AcDbText
 10
11473.65303977664
 20
52909.18067302018
 30
0.0
 40
297.942
  1
16
  7
Tahoma
 72
1
 11
11697.35965898417
 21
53058.15167302018
 31
0.0
100
AcDbText
 73
2
  0
LWPOLYLINE
  5
86B
330
1F
100
AcDbEntity
  8
IE-EQUIP
  6
Continuous
 48
25.39999961853027
100
AcDbPolyline
 90
4
 70
1
 10
10616.31250784068
 20
52610.08708604804
 10
12820.5625097825
 20
52610.08708604804
 10
12820.5625097825
 20
53565.80465999059
 10
10616.31250784068
 20
53565.80465999059
  0
TEXT
  5
86C
330
1F
100
AcDbEntity
  8
0
 62
2
100
AcDbText
 10
11473.65303977664
 20
54201.70224696282
 30
0.0
 40
297.942
  1
14
  7
Tahoma
 72
1
 11
11697.35965898417
 21
54350.67324696282
 31
0.0
100
AcDbText
 73
2
  0
TEXT
  5
86D
330
1F
100
AcDbEntity
  8
0
 62
2
100
AcDbText
 10
11473.65303977664
 20
55494.22382090714
 30
0.0
 40
297.942
  1
12
  7
Tahoma
 72
1
 11
11697.35965898417
 21
55643.19482090713
 31
0.0
100
AcDbText
 73
2
  0
TEXT
  5
86E
330
1F
100
AcDbEntity
  8
0
 62
2
100
AcDbText
 10
11473.65303977664
 20
56786.74539485148
 30
0.0
 40
297.942
  1
10
  7
Tahoma
 72
1
 11
11697.35965898417
 21
56935.71639485148
 31
0.0
100
AcDbText
 73
2
  0
TEXT
  5
86F
330
1F
100
AcDbEntity
  8
0
 62
2
100
AcDbText
 10
11585.50634938041
 20
58079.2669687941
 30
0.0
 40
297.942
  1
8
  7
Tahoma
 72
1
 11
11697.35965898417
 21
58228.2379687941
 31
0.0
100
AcDbText
 73
2
  0
TEXT
  5
870
330
1F
100
AcDbEntity
  8
0
 62
2
100
AcDbText
 10
11585.50634938041
 20
59371.78854273845
 30
0.0
 40
297.942
  1
6
  7
Tahoma
 72
1
 11
11697.35965898417
 21
59520.75954273844
 31
0.0
100
AcDbText
 73
2
  0
TEXT
  5
871
330
1F
100
AcDbEntity
  8
0
 62
2
100
AcDbText
 10
11585.50634938041
 20
60664.31011668278
 30
0.0
 40
297.942
  1
4
  7
Tahoma
 72
1
 11
11697.35965898417
 21
60813.28111668278
 31
0.0
100
AcDbText
 73
2
  0
TEXT
  5
872
330
1F
100
AcDbEntity
  8
0
 62
2
100
AcDbText
 10
11585.50634938041
 20
61956.83169062704
 30
0.0
 40
297.942
  1
2
  7
Tahoma
 72
1
 11
11697.35965898417
 21
62105.80269062704
 31
0.0
100
AcDbText
 73
2
  0
LWPOLYLINE
  5
873
330
1F
100
AcDbEntity
  8
IE-EQUIP
  6
Continuous
 48
25.39999961853027
100
AcDbPolyline
 90
4
 70
1
 10
10616.31250784068
 20
53902.60865999237
 10
12820.5625097825
 20
53902.60865999237
 10
12820.5625097825
 20
54858.32623393493
 10
10616.31250784068
 20
54858.32623393493
  0
LWPOLYLINE
  5
874
330
1F
100
AcDbEntity
  8
IE-EQUIP
  6
Continuous
 48
25.39999961853027
100
AcDbPolyline
 90
4
 70
1
 10
10616.31250784068
 20
56487.65180787936
 10
12820.5625097825
 20
56487.65180787936
 10
12820.5625097825
 20
57443.36938182351
 10
10616.31250784068
 20
57443.36938182351
  0
LWPOLYLINE
  5
875
330
1F
100
AcDbEntity
  8
IE-EQUIP
  6
Continuous
 48
25.39999961853027
100
AcDbPolyline
 90
4
 70
1
 10
10616.31250784068
 20
59072.69495576641
 10
12820.5625097825
 20
59072.69495576641
 10
12820.5625097825
 20
60028.41252971049
 10
10616.31250784068
 20
60028.41252971049
  0
LWPOLYLINE
  5
876
330
1F
100
AcDbEntity
  8
IE-EQUIP
  6
Continuous
 48
25.39999961853027
100
AcDbPolyline
 90
4
 70
1
 10
10616.31250784068
 20
60365.21652971065
 10
12820.5625097825
 20
60365.21652971065
 10
12820.5625097825
 20
61320.93410365481
 10
10616.31250784068
 20
61320.93410365481
  0
LWPOLYLINE
  5
877
330
1F
100
AcDbEntity
  8
IE-EQUIP
  6
Continuous
 48
25.39999961853027
100
AcDbPolyline
 90
4
 70
1
 10
10616.31250784068
 20
61657.73810365337
 10
12820.5625097825
 20
61657.73810365337
 10
12820.5625097825
 20
62613.45567759753
 10
10616.31250784068
 20
62613.45567759753
  0
TEXT
  5
878
330
1F
100
AcDbEntity
  8
0
 62
2
100
AcDbText
 10
11473.65303977664
 20
50324.13752513152
 30
0.0
 40
297.942
  1
20
  7
Tahoma
 72
1
 11
11697.35965898417
 21
50473.10852513152
 31
0.0
100
AcDbText
 73
2
  0
TEXT
  5
879
330
1F
100
AcDbEntity
  8
0
 62
2
100
AcDbText
 10
11473.65303977664
 20
51616.65909907583
 30
0.0
 40
297.942
  1
18
  7
Tahoma
 72
1
 11
11697.35965898417
 21
51765.63009907583
 31
0.0
100
AcDbText
 73
2
  0
LWPOLYLINE
  5
87A
330
1F
100
AcDbEntity
  8
IE-EQUIP
  6
Continuous
 48
25.39999961853027
100
AcDbPolyline
 90
4
 70
1
 10
10616.31250784068
 20
50025.04393816109
 10
12820.5625097825
 20
50025.04393816109
 10
12820.5625097825
 20
50980.76151210363
 10
10616.31250784068
 20
50980.76151210363
  0
TEXT
  5
87B
330
1F
100
AcDbEntity
  8
0
 62
2
100
AcDbText
 10
18880.11303612657
 20
52909.18067302018
 30
0.0
 40
297.942
  1
15
  7
Tahoma
 72
1
 11
19103.81965533409
 21
53058.15167302018
 31
0.0
100
AcDbText
 73
2
  0
LWPOLYLINE
  5
87C
330
1F
100
AcDbEntity
  8
IE-EQUIP
  6
Continuous
 48
25.39999961853027
100
AcDbPolyline
 90
4
 70
1
 10
18032.8112232303
 20
52610.08708604804
 10
20237.06122517369
 20
52610.08708604804
 10
20237.06122517369
 20
53565.80465999059
 10
18032.8112232303
 20
53565.80465999059
  0
TEXT
  5
87D
330
1F
100
AcDbEntity
  8
0
 62
2
100
AcDbText
 10
18880.11303612657
 20
54201.70224696282
 30
0.0
 40
297.942
  1
13
  7
Tahoma
 72
1
 11
19103.81965533409
 21
54350.67324696282
 31
0.0
100
AcDbText
 73
2
  0
TEXT
  5
87E
330
1F
100
AcDbEntity
  8
0
 62
2
100
AcDbText
 10
18880.11303612657
 20
55494.22382090714
 30
0.0
 40
297.942
  1
11
  7
Tahoma
 72
1
 11
19103.81965533409
 21
55643.19482090713
 31
0.0
100
AcDbText
 73
2
  0
TEXT
  5
87F
330
1F
100
AcDbEntity
  8
0
 62
2
100
AcDbText
 10
18991.96634573033
 20
56786.74539485148
 30
0.0
 40
297.942
  1
9
  7
Tahoma
 72
1
 11
19103.81965533409
 21
56935.71639485148
 31
0.0
100
AcDbText
 73
2
  0
TEXT
  5
880
330
1F
100
AcDbEntity
  8
0
 62
2
100
AcDbText
 10
18991.96634573033
 20
58079.2669687941
 30
0.0
 40
297.942
  1
7
  7
Tahoma
 72
1
 11
19103.81965533409
 21
58228.2379687941
 31
0.0
100
AcDbText
 73
2
  0
TEXT
  5
881
330
1F
100
AcDbEntity
  8
0
 62
2
100
AcDbText
 10
18991.96634573033
 20
59371.78854273845
 30
0.0
 40
297.942
  1
5
  7
Tahoma
 72
1
 11
19103.81965533409
 21
59520.75954273844
 31
0.0
100
AcDbText
 73
2
  0
TEXT
  5
882
330
1F
100
AcDbEntity
  8
0
 62
2
100
AcDbText
 10
18991.96634573033
 20
60664.31011668278
 30
0.0
 40
297.942
  1
3
  7
Tahoma
 72
1
 11
19103.81965533409
 21
60813.28111668278
 31
0.0
100
AcDbText
 73
2
  0
TEXT
  5
883
330
1F
100
AcDbEntity
  8
0
 62
2
100
AcDbText
 10
18991.96634573033
 20
61956.83169062704
 30
0.0
 40
297.942
  1
1
  7
Tahoma
 72
1
 11
19103.81965533409
 21
62105.80269062704
 31
0.0
100
AcDbText
 73
2
  0
LWPOLYLINE
  5
884
330
1F
100
AcDbEntity
  8
IE-EQUIP
  6
Continuous
 48
25.39999961853027
100
AcDbPolyline
 90
4
 70
1
 10
18032.8112232303
 20
53902.60865999237
 10
20237.06122517369
 20
53902.60865999237
 10
20237.06122517369
 20
54858.32623393493
 10
18032.8112232303
 20
54858.32623393493
  0
LWPOLYLINE
  5
885
330
1F
100
AcDbEntity
  8
IE-EQUIP
  6
Continuous
 48
25.39999961853027
100
AcDbPolyline
 90
4
 70
1
 10
18032.8112232303
 20
56487.65180787936
 10
20237.06122517369
 20
56487.65180787936
 10
20237.06122517369
 20
57443.36938182351
 10
18032.8112232303
 20
57443.36938182351
  0
LWPOLYLINE
  5
886
330
1F
100
AcDbEntity
  8
IE-EQUIP
  6
Continuous
 48
25.39999961853027
100
AcDbPolyline
 90
4
 70
1
 10
18032.8112232303
 20
59072.69495576641
 10
20237.06122517369
 20
59072.69495576641
 10
20237.06122517369
 20
60028.41252971049
 10
18032.8112232303
 20
60028.41252971049
  0
LWPOLYLINE
  5
887
330
1F
100
AcDbEntity
  8
IE-EQUIP
  6
Continuous
 48
25.39999961853027
100
AcDbPolyline
 90
4
 70
1
 10
18032.8112232303
 20
60365.21652971065
 10
20237.06122517369
 20
60365.21652971065
 10
20237.06122517369
 20
61320.93410365481
 10
18032.8112232303
 20
61320.93410365481
  0
LWPOLYLINE
  5
888
330
1F
100
AcDbEntity
  8
IE-EQUIP
  6
Continuous
 48
25.39999961853027
100
AcDbPolyline
 90
4
 70
1
 10
18032.8112232303
 20
61657.73810365337
 10
20237.06122517369
 20
61657.73810365337
 10
20237.06122517369
 20
62613.45567759753
 10
18032.8112232303
 20
62613.45567759753
  0
TEXT
  5
889
330
1F
100
AcDbEntity
  8
0
 62
2
100
AcDbText
 10
18880.11303612657
 20
50324.13752513152
 30
0.0
 40
297.942
  1
19
  7
Tahoma
 72
1
 11
19103.81965533409
 21
50473.10852513152
 31
0.0
100
AcDbText
 73
2
  0
TEXT
  5
88A
330
1F
100
AcDbEntity
  8
0
 62
2
100
AcDbText
 10
18880.11303612657
 20
51616.65909907583
 30
0.0
 40
297.942
  1
17
  7
Tahoma
 72
1
 11
19103.81965533409
 21
51765.63009907583
 31
0.0
100
AcDbText
 73
2
  0
LWPOLYLINE
  5
88B
330
1F
100
AcDbEntity
  8
IE-EQUIP
  6
Continuous
 48
25.39999961853027
100
AcDbPolyline
 90
4
 70
1
 10
18032.8112232303
 20
50025.04393816109
 10
20237.06122517369
 20
50025.04393816109
 10
20237.06122517369
 20
50980.76151210363
 10
18032.8112232303
 20
50980.76151210363
  0
TEXT
  5
88C
330
1F
100
AcDbEntity
  8
0
 62
4
100
AcDbText
 10
22461.04912681279
 20
55836.74379752997
 30
0.0
 40
259.08
  1
C3S2-11/P3-TBDI2-11
  7
Tahoma
100
AcDbText
  0
LINE
  5
88D
330
1F
100
AcDbEntity
  8
ASHADE
  6
Continuous
 62
2
 48
4762.5
100
AcDbLine
 10
28450.92904282722
 20
36526.4947022822
 30
0.0
 11
28450.92904282722
 21
64941.27266438358
 31
0.0
  0
LINE
  5
88E
330
1F
100
AcDbEntity
  8
ASHADE
  6
Continuous
 62
2
 48
4762.5
100
AcDbLine
 10
2852.124589511354
 20
36526.4947022822
 30
0.0
 11
28450.92904282722
 21
36526.4947022822
 31
0.0
  0
LINE
  5
88F
330
1F
100
AcDbEntity
  8
ASHADE
  6
Continuous
 62
2
 48
4762.5
100
AcDbLine
 10
2852.124589511354
 20
36526.4947022822
 30
0.0
 11
2852.124589511354
 21
64941.27266438358
 31
0.0
  0
TEXT
  5
890
330
1F
100
AcDbEntity
  8
0
 62
2
100
AcDbText
 10
13936.12407587698
 20
65138.49972950237
 30
0.0
 40
297.942
  1
CHASSIS C3 SLOT 2
  7
Tahoma
 72
1
 11
15635.83416251231
 21
65287.47072950237
 31
0.0
100
AcDbText
 73
2
  0
LINE
  5
891
330
1F
100
AcDbEntity
  8
ASHADE
  6
Continuous
 62
2
 48
4762.5
100
AcDbLine
 10
2852.124589511354
 20
64941.27266438358
 30
0.0
 11
28450.92904282722
 21
64941.27266438358
 31
0.0
  0
LWPOLYLINE
  5
892
330
1F
100
AcDbEntity
  8
IE-EQUIP
  6
Continuous
 48
25.39999961853027
100
AcDbPolyline
 90
4
 70
1
 10
12820.5625097825
 20
52610.08708604804
 10
15024.8125117243
 20
52610.08708604804
 10
15024.8125117243
 20
53565.80465999059
 10
12820.5625097825
 20
53565.80465999059
  0
TEXT
  5
893
330
1F
100
AcDbEntity
  8
0
 62
2
100
AcDbText
 10
13502.11926267211
 20
61956.83169062704
 30
0.0
 40
297.942
  1
IN-1
  7
Tahoma
 72
1
 11
13901.60966092597
 21
62105.80269062704
 31
0.0
100
AcDbText
 73
2
  0
LWPOLYLINE
  5
894
330
1F
100
AcDbEntity
  8
IE-EQUIP
  6
Continuous
 48
25.39999961853027
100
AcDbPolyline
 90
4
 70
1
 10
12820.5625097825
 20
53902.60865999237
 10
15024.8125117243
 20
53902.60865999237
 10
15024.8125117243
 20
54858.32623393493
 10
12820.5625097825
 20
54858.32623393493
  0
LWPOLYLINE
  5
895
330
1F
100
AcDbEntity
  8
IE-EQUIP
  6
Continuous
 48
25.39999961853027
100
AcDbPolyline
 90
4
 70
1
 10
12820.5625097825
 20
56487.65180787936
 10
15024.8125117243
 20
56487.65180787936
 10
15024.8125117243
 20
57443.36938182351
 10
12820.5625097825
 20
57443.36938182351
  0
LWPOLYLINE
  5
896
330
1F
100
AcDbEntity
  8
IE-EQUIP
  6
Continuous
 48
25.39999961853027
100
AcDbPolyline
 90
4
 70
1
 10
12820.5625097825
 20
59072.69495576641
 10
15024.8125117243
 20
59072.69495576641
 10
15024.8125117243
 20
60028.41252971049
 10
12820.5625097825
 20
60028.41252971049
  0
LWPOLYLINE
  5
897
330
1F
100
AcDbEntity
  8
IE-EQUIP
  6
Continuous
 48
25.39999961853027
100
AcDbPolyline
 90
4
 70
1
 10
12820.5625097825
 20
60365.21652971065
 10
15024.8125117243
 20
60365.21652971065
 10
15024.8125117243
 20
61320.93410365481
 10
12820.5625097825
 20
61320.93410365481
  0
LWPOLYLINE
  5
898
330
1F
100
AcDbEntity
  8
IE-EQUIP
  6
Continuous
 48
25.39999961853027
100
AcDbPolyline
 90
4
 70
1
 10
12820.5625097825
 20
61657.73810365337
 10
15024.8125117243
 20
61657.73810365337
 10
15024.8125117243
 20
62613.45567759753
 10
12820.5625097825
 20
62613.45567759753
  0
LWPOLYLINE
  5
899
330
1F
100
AcDbEntity
  8
IE-EQUIP
  6
Continuous
 48
25.39999961853027
100
AcDbPolyline
 90
4
 70
1
 10
12820.5625097825
 20
50025.04393816109
 10
15024.8125117243
 20
50025.04393816109
 10
15024.8125117243
 20
50980.76151210363
 10
12820.5625097825
 20
50980.76151210363
  0
TEXT
  5
89A
330
1F
100
AcDbEntity
  8
0
 62
2
100
AcDbText
 10
13502.11926267211
 20
60664.31011668278
 30
0.0
 40
297.942
  1
IN-3
  7
Tahoma
 72
1
 11
13901.60966092597
 21
60813.28111668278
 31
0.0
100
AcDbText
 73
2
  0
TEXT
  5
89B
330
1F
100
AcDbEntity
  8
0
 62
2
100
AcDbText
 10
13502.11926267211
 20
59371.78854274005
 30
0.0
 40
297.942
  1
IN-5
  7
Tahoma
 72
1
 11
13901.60966092597
 21
59520.75954274005
 31
0.0
100
AcDbText
 73
2
  0
TEXT
  5
89C
330
1F
100
AcDbEntity
  8
0
 62
2
100
AcDbText
 10
13502.11926267211
 20
58079.2669687941
 30
0.0
 40
297.942
  1
IN-7
  7
Tahoma
 72
1
 11
13901.60966092597
 21
58228.2379687941
 31
0.0
100
AcDbText
 73
2
  0
TEXT
  5
89D
330
1F
100
AcDbEntity
  8
0
 62
2
100
AcDbText
 10
13502.11926267211
 20
56786.74539485148
 30
0.0
 40
297.942
  1
IN-9
  7
Tahoma
 72
1
 11
13901.60966092597
 21
56935.71639485148
 31
0.0
100
AcDbText
 73
2
  0
TEXT
  5
89E
330
1F
100
AcDbEntity
  8
0
 62
2
100
AcDbText
 10
13390.26595306994
 20
55494.22382090714
 30
0.0
 40
297.942
  1
IN-11
  7
Tahoma
 72
1
 11
13901.60966092756
 21
55643.19482090713
 31
0.0
100
AcDbText
 73
2
  0
TEXT
  5
89F
330
1F
100
AcDbEntity
  8
0
 62
2
100
AcDbText
 10
13390.26595306994
 20
54201.70224696282
 30
0.0
 40
297.942
  1
IN-13
  7
Tahoma
 72
1
 11
13901.60966092756
 21
54350.67324696282
 31
0.0
100
AcDbText
 73
2
  0
TEXT
  5
8A0
330
1F
100
AcDbEntity
  8
0
 62
2
100
AcDbText
 10
13390.26595306834
 20
50324.13752513152
 30
0.0
 40
297.942
  1
IN-17
  7
Tahoma
 72
1
 11
13901.60966092597
 21
50473.10852513152
 31
0.0
100
AcDbText
 73
2
  0
TEXT
  5
8A1
330
1F
100
AcDbEntity
  8
0
 62
2
100
AcDbText
 10
13302.82427811871
 20
51616.65909907583
 30
0.0
 40
297.942
  1
GND-0
  7
Tahoma
 72
1
 11
13901.60966092597
 21
51765.63009907583
 31
0.0
100
AcDbText
 73
2
  0
LWPOLYLINE
  5
8A2
330
1F
100
AcDbEntity
  8
IE-EQUIP
  6
Continuous
 48
25.39999961853027
100
AcDbPolyline
 90
4
 70
1
 10
15828.56122128849
 20
52610.08708604804
 10
18032.8112232303
 20
52610.08708604804
 10
18032.8112232303
 20
53565.80465999059
 10
15828.56122128849
 20
53565.80465999059
  0
TEXT
  5
8A3
330
1F
100
AcDbEntity
  8
0
 62
2
100
AcDbText
 10
16510.11797417969
 20
60664.31011668278
 30
0.0
 40
297.942
  1
IN-2
  7
Tahoma
 72
1
 11
16909.60837243355
 21
60813.28111668278
 31
0.0
100
AcDbText
 73
2
  0
LWPOLYLINE
  5
8A4
330
1F
100
AcDbEntity
  8
IE-EQUIP
  6
Continuous
 48
25.39999961853027
100
AcDbPolyline
 90
4
 70
1
 10
15828.56122128849
 20
53902.60865999237
 10
18032.8112232303
 20
53902.60865999237
 10
18032.8112232303
 20
54858.32623393493
 10
15828.56122128849
 20
54858.32623393493
  0
LWPOLYLINE
  5
8A5
330
1F
100
AcDbEntity
  8
IE-EQUIP
  6
Continuous
 48
25.39999961853027
100
AcDbPolyline
 90
4
 70
1
 10
15828.56122128849
 20
56487.65180787936
 10
18032.8112232303
 20
56487.65180787936
 10
18032.8112232303
 20
57443.36938182351
 10
15828.56122128849
 20
57443.36938182351
  0
LWPOLYLINE
  5
8A6
330
1F
100
AcDbEntity
  8
IE-EQUIP
  6
Continuous
 48
25.39999961853027
100
AcDbPolyline
 90
4
 70
1
 10
15828.56122128849
 20
59072.69495576641
 10
18032.8112232303
 20
59072.69495576641
 10
18032.8112232303
 20
60028.41252971049
 10
15828.56122128849
 20
60028.41252971049
  0
LWPOLYLINE
  5
8A7
330
1F
100
AcDbEntity
  8
IE-EQUIP
  6
Continuous
 48
25.39999961853027
100
AcDbPolyline
 90
4
 70
1
 10
15828.56122128849
 20
60365.21652971065
 10
18032.8112232303
 20
60365.21652971065
 10
18032.8112232303
 20
61320.93410365481
 10
15828.56122128849
 20
61320.93410365481
  0
LWPOLYLINE
  5
8A8
330
1F
100
AcDbEntity
  8
IE-EQUIP
  6
Continuous
 48
25.39999961853027
100
AcDbPolyline
 90
4
 70
1
 10
15828.56122128849
 20
61657.73810365337
 10
18032.8112232303
 20
61657.73810365337
 10
18032.8112232303
 20
62613.45567759753
 10
15828.56122128849
 20
62613.45567759753
  0
LWPOLYLINE
  5
8A9
330
1F
100
AcDbEntity
  8
IE-EQUIP
  6
Continuous
 48
25.39999961853027
100
AcDbPolyline
 90
4
 70
1
 10
15828.56122128849
 20
50025.04393816109
 10
18032.8112232303
 20
50025.04393816109
 10
18032.8112232303
 20
50980.76151210363
 10
15828.56122128849
 20
50980.76151210363
  0
TEXT
  5
8AA
330
1F
100
AcDbEntity
  8
0
 62
2
100
AcDbText
 10
16510.11797417969
 20
59371.78854274005
 30
0.0
 40
297.942
  1
IN-4
  7
Tahoma
 72
1
 11
16909.60837243355
 21
59520.75954274005
 31
0.0
100
AcDbText
 73
2
  0
TEXT
  5
8AB
330
1F
100
AcDbEntity
  8
0
 62
2
100
AcDbText
 10
16510.11797417969
 20
58079.2669687941
 30
0.0
 40
297.942
  1
IN-6
  7
Tahoma
 72
1
 11
16909.60837243355
 21
58228.2379687941
 31
0.0
100
AcDbText
 73
2
  0
TEXT
  5
8AC
330
1F
100
AcDbEntity
  8
0
 62
2
100
AcDbText
 10
16510.11797417969
 20
56786.74539485148
 30
0.0
 40
297.942
  1
IN-8
  7
Tahoma
 72
1
 11
16909.60837243355
 21
56935.71639485148
 31
0.0
100
AcDbText
 73
2
  0
TEXT
  5
8AD
330
1F
100
AcDbEntity
  8
0
 62
2
100
AcDbText
 10
16398.2646645791
 20
55494.22382090714
 30
0.0
 40
297.942
  1
IN-10
  7
Tahoma
 72
1
 11
16909.60837243672
 21
55643.19482090713
 31
0.0
100
AcDbText
 73
2
  0
TEXT
  5
8AE
330
1F
100
AcDbEntity
  8
0
 62
2
100
AcDbText
 10
16398.2646645791
 20
54201.70224696282
 30
0.0
 40
297.942
  1
IN-12
  7
Tahoma
 72
1
 11
16909.60837243672
 21
54350.67324696282
 31
0.0
100
AcDbText
 73
2
  0
TEXT
  5
8AF
330
1F
100
AcDbEntity
  8
0
 62
2
100
AcDbText
 10
16310.8229896263
 20
51616.65909907583
 30
0.0
 40
297.942
  1
GND-0
  7
Tahoma
 72
1
 11
16909.60837243355
 21
51765.63009907583
 31
0.0
100
AcDbText
 73
2
  0
TEXT
  5
8B0
330
1F
100
AcDbEntity
  8
0
 62
2
100
AcDbText
 10
16398.26466457593
 20
50324.13752513152
 30
0.0
 40
297.942
  1
IN-16
  7
Tahoma
 72
1
 11
16909.60837243355
 21
50473.10852513152
 31
0.0
100
AcDbText
 73
2
  0
TEXT
  5
8B1
330
1F
100
AcDbEntity
  8
0
 62
2
100
AcDbText
 10
16510.11797417969
 20
61956.83169062704
 30
0.0
 40
297.942
  1
IN-0
  7
Tahoma
 72
1
 11
16909.60837243355
 21
62105.80269062704
 31
0.0
100
AcDbText
 73
2
  0
LWPOLYLINE
  5
8B2
330
1F
100
AcDbEntity
  8
IE-EQUIP
  6
Continuous
 48
25.39999961853027
100
AcDbPolyline
 90
4
 70
1
 10
10616.31250784068
 20
55195.1302339351
 10
12820.5625097825
 20
55195.1302339351
 10
12820.5625097825
 20
56150.84780787919
 10
10616.31250784068
 20
56150.84780787919
  0
LWPOLYLINE
  5
8B3
330
1F
100
AcDbEntity
  8
IE-EQUIP
  6
Continuous
 48
25.39999961853027
100
AcDbPolyline
 90
4
 70
1
 10
12820.5625097825
 20
55195.1302339351
 10
15024.8125117243
 20
55195.1302339351
 10
15024.8125117243
 20
56150.84780787919
 10
12820.5625097825
 20
56150.84780787919
  0
LWPOLYLINE
  5
8B4
330
1F
100
AcDbEntity
  8
IE-EQUIP
  6
Continuous
 48
25.39999961853027
100
AcDbPolyline
 90
4
 70
1
 10
15828.56122129166
 20
55195.1302339351
 10
18032.81122323189
 20
55195.1302339351
 10
18032.81122323189
 20
56150.84780787919
 10
15828.56122129166
 20
56150.84780787919
  0
LWPOLYLINE
  5
8B5
330
1F
100
AcDbEntity
  8
IE-EQUIP
  6
Continuous
 48
25.39999961853027
100
AcDbPolyline
 90
4
 70
1
 10
18032.81122323189
 20
55195.1302339351
 10
20237.06122517369
 20
55195.1302339351
 10
20237.06122517369
 20
56150.84780787919
 10
18032.81122323189
 20
56150.84780787919
  0
LWPOLYLINE
  5
8B6
330
1F
100
AcDbEntity
  8
IE-EQUIP
  6
Continuous
 48
25.39999961853027
100
AcDbPolyline
 90
4
 70
1
 10
15828.56122129166
 20
51317.5655121038
 10
18032.81122323189
 20
51317.5655121038
 10
18032.81122323189
 20
52273.28308604788
 10
15828.56122129166
 20
52273.28308604788
  0
LWPOLYLINE
  5
8B7
330
1F
100
AcDbEntity
  8
IE-EQUIP
  6
Continuous
 48
25.39999961853027
100
AcDbPolyline
 90
4
 70
1
 10
18032.81122323189
 20
51317.5655121038
 10
20237.06122517369
 20
51317.5655121038
 10
20237.06122517369
 20
52273.28308604788
 10
18032.81122323189
 20
52273.28308604788
  0
LWPOLYLINE
  5
8B8
330
1F
100
AcDbEntity
  8
IE-EQUIP
  6
Continuous
 48
25.39999961853027
100
AcDbPolyline
 90
4
 70
1
 10
10616.31250784068
 20
51317.5655121038
 10
12820.5625097825
 20
51317.5655121038
 10
12820.5625097825
 20
52273.28308604788
 10
10616.31250784068
 20
52273.28308604788
  0
LWPOLYLINE
  5
8B9
330
1F
100
AcDbEntity
  8
IE-EQUIP
  6
Continuous
 48
25.39999961853027
100
AcDbPolyline
 90
4
 70
1
 10
12820.5625097825
 20
51317.5655121038
 10
15024.8125117243
 20
51317.5655121038
 10
15024.8125117243
 20
52273.28308604788
 10
12820.5625097825
 20
52273.28308604788
  0
LWPOLYLINE
  5
8BA
330
1F
100
AcDbEntity
  8
IE-EQUIP
  6
Continuous
 48
25.39999961853027
100
AcDbPolyline
 90
4
 70
1
 10
10616.31250784068
 20
57780.17338182368
 10
12820.5625097825
 20
57780.17338182368
 10
12820.5625097825
 20
58735.89095576775
 10
10616.31250784068
 20
58735.89095576775
  0
LWPOLYLINE
  5
8BB
330
1F
100
AcDbEntity
  8
IE-EQUIP
  6
Continuous
 48
25.39999961853027
100
AcDbPolyline
 90
4
 70
1
 10
18032.8112232303
 20
57780.17338182368
 10
20237.06122517369
 20
57780.17338182368
 10
20237.06122517369
 20
58735.89095576775
 10
18032.8112232303
 20
58735.89095576775
  0
LWPOLYLINE
  5
8BC
330
1F
100
AcDbEntity
  8
IE-EQUIP
  6
Continuous
 48
25.39999961853027
100
AcDbPolyline
 90
4
 70
1
 10
12820.5625097825
 20
57780.17338182368
 10
15024.8125117243
 20
57780.17338182368
 10
15024.8125117243
 20
58735.89095576775
 10
12820.5625097825
 20
58735.89095576775
  0
LWPOLYLINE
  5
8BD
330
1F
100
AcDbEntity
  8
IE-EQUIP
  6
Continuous
 48
25.39999961853027
100
AcDbPolyline
 90
4
 70
1
 10
15828.56122128849
 20
57780.17338182368
 10
18032.8112232303
 20
57780.17338182368
 10
18032.8112232303
 20
58735.89095576775
 10
15828.56122128849
 20
58735.89095576775
  0
LINE
  5
8BE
330
1F
100
AcDbEntity
  8
IE-WIRE
 62
4
 48
25.39999961853027
100
AcDbLine
 10
4228.777042862654
 20
62135.5968906254
 30
0.0
 11
10616.31250784068
 21
62135.59689062704
 31
0.0
  0
ARC
  5
8BF
330
1F
100
AcDbEntity
  8
IE-WIRE
 62
4
 48
25.39999961853027
100
AcDbCircle
 10
4228.777042862654
 20
61896.66749713939
 30
0.0
 40
238.929393486049
100
AcDbArc
 50
90.0
 51
180.0
  0
ARC
  5
8C0
330
1F
100
AcDbEntity
  8
IE-WIRE
 62
4
 48
25.39999961853027
100
AcDbCircle
 10
4228.777042862654
 20
60604.14592319515
 30
0.0
 40
238.929393486049
100
AcDbArc
 50
90.0
 51
180.0
  0
LINE
  5
8C1
330
1F
100
AcDbEntity
  8
IE-WIRE
 62
4
 48
25.39999961853027
100
AcDbLine
 10
4228.777042862654
 20
60843.07531668116
 30
0.0
 11
10616.31250784068
 21
60843.07531668116
 31
0.0
  0
LINE
  5
8C2
330
1F
100
AcDbEntity
  8
IE-WIRE
 62
4
 48
25.39999961853027
100
AcDbLine
 10
3989.847649376627
 20
61896.66749713939
 30
0.0
 11
3989.847649376627
 21
38908.35091254758
 31
0.0
  0
TEXT
  5
8C3
330
1F
100
AcDbEntity
  8
0
 62
4
100
AcDbText
 10
4688.383720226001
 20
62290.71641296285
 30
0.0
 40
259.08
  1
C3S2-2/P3-TBDI2-2
  7
Tahoma
100
AcDbText
  0
TEXT
  5
8C4
330
1F
100
AcDbEntity
  8
0
 62
4
100
AcDbText
 10
4688.383720226001
 20
60989.55956085142
 30
0.0
 40
259.08
  1
C3S2-4/P3-TBDI2-4
  7
Tahoma
100
AcDbText
  0
TEXT
  5
8C5
330
1F
100
AcDbEntity
  8
0
 62
2
100
AcDbText
 10
11473.65303977664
 20
45154.05122935749
 30
0.0
 40
297.942
  1
28
  7
Tahoma
 72
1
 11
11697.35965898417
 21
45303.02222935748
 31
0.0
100
AcDbText
 73
2
  0
LWPOLYLINE
  5
8C6
330
1F
100
AcDbEntity
  8
IE-EQUIP
  6
Continuous
 48
25.39999961853027
100
AcDbPolyline
 90
4
 70
1
 10
10616.31250784068
 20
44854.95764238543
 10
12820.5625097825
 20
44854.95764238543
 10
12820.5625097825
 20
45810.6752163296
 10
10616.31250784068
 20
45810.6752163296
  0
TEXT
  5
8C7
330
1F
100
AcDbEntity
  8
0
 62
2
100
AcDbText
 10
11473.65303977664
 20
46446.57280330182
 30
0.0
 40
297.942
  1
26
  7
Tahoma
 72
1
 11
11697.35965898417
 21
46595.54380330181
 31
0.0
100
AcDbText
 73
2
  0
TEXT
  5
8C8
330
1F
100
AcDbEntity
  8
0
 62
2
100
AcDbText
 10
11473.65303977664
 20
47739.09437724453
 30
0.0
 40
297.942
  1
24
  7
Tahoma
 72
1
 11
11697.35965898417
 21
47888.06537724453
 31
0.0
100
AcDbText
 73
2
  0
TEXT
  5
8C9
330
1F
100
AcDbEntity
  8
0
 62
2
100
AcDbText
 10
11473.65303977664
 20
49031.61595118877
 30
0.0
 40
297.942
  1
22
  7
Tahoma
 72
1
 11
11697.35965898417
 21
49180.58695118877
 31
0.0
100
AcDbText
 73
2
  0
LWPOLYLINE
  5
8CA
330
1F
100
AcDbEntity
  8
IE-EQUIP
  6
Continuous
 48
25.39999961853027
100
AcDbPolyline
 90
4
 70
1
 10
10616.31250784068
 20
46147.47921632816
 10
12820.5625097825
 20
46147.47921632816
 10
12820.5625097825
 20
47103.19679027233
 10
10616.31250784068
 20
47103.19679027233
  0
LWPOLYLINE
  5
8CB
330
1F
100
AcDbEntity
  8
IE-EQUIP
  6
Continuous
 48
25.39999961853027
100
AcDbPolyline
 90
4
 70
1
 10
10616.31250784068
 20
48732.52236421521
 10
12820.5625097825
 20
48732.52236421521
 10
12820.5625097825
 20
49688.23993815928
 10
10616.31250784068
 20
49688.23993815928
  0
TEXT
  5
8CC
330
1F
100
AcDbEntity
  8
0
 62
2
100
AcDbText
 10
11473.65303977664
 20
42569.00808147051
 30
0.0
 40
297.942
  1
32
  7
Tahoma
 72
1
 11
11697.35965898417
 21
42717.97908147051
 31
0.0
100
AcDbText
 73
2
  0
TEXT
  5
8CD
330
1F
100
AcDbEntity
  8
0
 62
2
100
AcDbText
 10
11473.65303977664
 20
43861.52965541323
 30
0.0
 40
297.942
  1
30
  7
Tahoma
 72
1
 11
11697.35965898417
 21
44010.50065541323
 31
0.0
100
AcDbText
 73
2
  0
LWPOLYLINE
  5
8CE
330
1F
100
AcDbEntity
  8
IE-EQUIP
  6
Continuous
 48
25.39999961853027
100
AcDbPolyline
 90
4
 70
1
 10
10616.31250784068
 20
42269.91449449686
 10
12820.5625097825
 20
42269.91449449686
 10
12820.5625097825
 20
43225.63206844094
 10
10616.31250784068
 20
43225.63206844094
  0
TEXT
  5
8CF
330
1F
100
AcDbEntity
  8
0
 62
2
100
AcDbText
 10
18880.11303612657
 20
45154.05122935749
 30
0.0
 40
297.942
  1
27
  7
Tahoma
 72
1
 11
19103.81965533409
 21
45303.02222935748
 31
0.0
100
AcDbText
 73
2
  0
LWPOLYLINE
  5
8D0
330
1F
100
AcDbEntity
  8
IE-EQUIP
  6
Continuous
 48
25.39999961853027
100
AcDbPolyline
 90
4
 70
1
 10
18032.8112232303
 20
44854.95764238543
 10
20237.06122517369
 20
44854.95764238543
 10
20237.06122517369
 20
45810.6752163296
 10
18032.8112232303
 20
45810.6752163296
  0
TEXT
  5
8D1
330
1F
100
AcDbEntity
  8
0
 62
2
100
AcDbText
 10
18880.11303612657
 20
46446.57280330182
 30
0.0
 40
297.942
  1
25
  7
Tahoma
 72
1
 11
19103.81965533409
 21
46595.54380330181
 31
0.0
100
AcDbText
 73
2
  0
TEXT
  5
8D2
330
1F
100
AcDbEntity
  8
0
 62
2
100
AcDbText
 10
18880.11303612657
 20
47739.09437724453
 30
0.0
 40
297.942
  1
23
  7
Tahoma
 72
1
 11
19103.81965533409
 21
47888.06537724453
 31
0.0
100
AcDbText
 73
2
  0
TEXT
  5
8D3
330
1F
100
AcDbEntity
  8
0
 62
2
100
AcDbText
 10
18880.11303612657
 20
49031.61595118877
 30
0.0
 40
297.942
  1
21
  7
Tahoma
 72
1
 11
19103.81965533409
 21
49180.58695118877
 31
0.0
100
AcDbText
 73
2
  0
LWPOLYLINE
  5
8D4
330
1F
100
AcDbEntity
  8
IE-EQUIP
  6
Continuous
 48
25.39999961853027
100
AcDbPolyline
 90
4
 70
1
 10
18032.8112232303
 20
46147.47921632816
 10
20237.06122517369
 20
46147.47921632816
 10
20237.06122517369
 20
47103.19679027233
 10
18032.8112232303
 20
47103.19679027233
  0
LWPOLYLINE
  5
8D5
330
1F
100
AcDbEntity
  8
IE-EQUIP
  6
Continuous
 48
25.39999961853027
100
AcDbPolyline
 90
4
 70
1
 10
18032.8112232303
 20
48732.52236421521
 10
20237.06122517369
 20
48732.52236421521
 10
20237.06122517369
 20
49688.23993815928
 10
18032.8112232303
 20
49688.23993815928
  0
TEXT
  5
8D6
330
1F
100
AcDbEntity
  8
0
 62
2
100
AcDbText
 10
18880.11303612657
 20
42569.00808147051
 30
0.0
 40
297.942
  1
31
  7
Tahoma
 72
1
 11
19103.81965533409
 21
42717.97908147051
 31
0.0
100
AcDbText
 73
2
  0
TEXT
  5
8D7
330
1F
100
AcDbEntity
  8
0
 62
2
100
AcDbText
 10
18880.11303612657
 20
43861.52965541323
 30
0.0
 40
297.942
  1
29
  7
Tahoma
 72
1
 11
19103.81965533409
 21
44010.50065541323
 31
0.0
100
AcDbText
 73
2
  0
LWPOLYLINE
  5
8D8
330
1F
100
AcDbEntity
  8
IE-EQUIP
  6
Continuous
 48
25.39999961853027
100
AcDbPolyline
 90
4
 70
1
 10
18032.8112232303
 20
42269.91449449686
 10
20237.06122517369
 20
42269.91449449686
 10
20237.06122517369
 20
43225.63206844094
 10
18032.8112232303
 20
43225.63206844094
  0
LWPOLYLINE
  5
8D9
330
1F
100
AcDbEntity
  8
IE-EQUIP
  6
Continuous
 48
25.39999961853027
100
AcDbPolyline
 90
4
 70
1
 10
12820.5625097825
 20
44854.95764238543
 10
15024.8125117243
 20
44854.95764238543
 10
15024.8125117243
 20
45810.6752163296
 10
12820.5625097825
 20
45810.6752163296
  0
LWPOLYLINE
  5
8DA
330
1F
100
AcDbEntity
  8
IE-EQUIP
  6
Continuous
 48
25.39999961853027
100
AcDbPolyline
 90
4
 70
1
 10
12820.5625097825
 20
46147.47921632816
 10
15024.8125117243
 20
46147.47921632816
 10
15024.8125117243
 20
47103.19679027233
 10
12820.5625097825
 20
47103.19679027233
  0
LWPOLYLINE
  5
8DB
330
1F
100
AcDbEntity
  8
IE-EQUIP
  6
Continuous
 48
25.39999961853027
100
AcDbPolyline
 90
4
 70
1
 10
12820.5625097825
 20
48732.52236421521
 10
15024.8125117243
 20
48732.52236421521
 10
15024.8125117243
 20
49688.23993815928
 10
12820.5625097825
 20
49688.23993815928
  0
LWPOLYLINE
  5
8DC
330
1F
100
AcDbEntity
  8
IE-EQUIP
  6
Continuous
 48
25.39999961853027
100
AcDbPolyline
 90
4
 70
1
 10
12820.5625097825
 20
42269.91449449686
 10
15024.8125117243
 20
42269.91449449686
 10
15024.8125117243
 20
43225.63206844094
 10
12820.5625097825
 20
43225.63206844094
  0
TEXT
  5
8DD
330
1F
100
AcDbEntity
  8
0
 62
2
100
AcDbText
 10
13464.70142922684
 20
49031.61595118877
 30
0.0
 40
297.942
  1
IN19
  7
Tahoma
 72
1
 11
13901.60966092597
 21
49180.58695118877
 31
0.0
100
AcDbText
 73
2
  0
TEXT
  5
8DE
330
1F
100
AcDbEntity
  8
0
 62
2
100
AcDbText
 10
13390.26595306834
 20
47739.09437724453
 30
0.0
 40
297.942
  1
IN-23
  7
Tahoma
 72
1
 11
13901.60966092597
 21
47888.06537724453
 31
0.0
100
AcDbText
 73
2
  0
TEXT
  5
8DF
330
1F
100
AcDbEntity
  8
0
 62
2
100
AcDbText
 10
13390.26595306834
 20
46446.57280330182
 30
0.0
 40
297.942
  1
IN-23
  7
Tahoma
 72
1
 11
13901.60966092597
 21
46595.54380330181
 31
0.0
100
AcDbText
 73
2
  0
TEXT
  5
8E0
330
1F
100
AcDbEntity
  8
0
 62
2
100
AcDbText
 10
13390.26595306834
 20
45154.05122935749
 30
0.0
 40
297.942
  1
IN-25
  7
Tahoma
 72
1
 11
13901.60966092597
 21
45303.02222935748
 31
0.0
100
AcDbText
 73
2
  0
TEXT
  5
8E1
330
1F
100
AcDbEntity
  8
0
 62
2
100
AcDbText
 10
13390.26595306834
 20
42569.00808147051
 30
0.0
 40
297.942
  1
IN-29
  7
Tahoma
 72
1
 11
13901.60966092597
 21
42717.97908147051
 31
0.0
100
AcDbText
 73
2
  0
TEXT
  5
8E2
330
1F
100
AcDbEntity
  8
0
 62
2
100
AcDbText
 10
13390.26595306834
 20
43861.52965541323
 30
0.0
 40
297.942
  1
IN-27
  7
Tahoma
 72
1
 11
13901.60966092597
 21
44010.50065541323
 31
0.0
100
AcDbText
 73
2
  0
LWPOLYLINE
  5
8E3
330
1F
100
AcDbEntity
  8
IE-EQUIP
  6
Continuous
 48
25.39999961853027
100
AcDbPolyline
 90
4
 70
1
 10
15828.56122128849
 20
44854.95764238543
 10
18032.8112232303
 20
44854.95764238543
 10
18032.8112232303
 20
45810.6752163296
 10
15828.56122128849
 20
45810.6752163296
  0
LWPOLYLINE
  5
8E4
330
1F
100
AcDbEntity
  8
IE-EQUIP
  6
Continuous
 48
25.39999961853027
100
AcDbPolyline
 90
4
 70
1
 10
15828.56122128849
 20
46147.47921632816
 10
18032.8112232303
 20
46147.47921632816
 10
18032.8112232303
 20
47103.19679027233
 10
15828.56122128849
 20
47103.19679027233
  0
LWPOLYLINE
  5
8E5
330
1F
100
AcDbEntity
  8
IE-EQUIP
  6
Continuous
 48
25.39999961853027
100
AcDbPolyline
 90
4
 70
1
 10
15828.56122128849
 20
48732.52236421521
 10
18032.8112232303
 20
48732.52236421521
 10
18032.8112232303
 20
49688.23993815928
 10
15828.56122128849
 20
49688.23993815928
  0
LWPOLYLINE
  5
8E6
330
1F
100
AcDbEntity
  8
IE-EQUIP
  6
Continuous
 48
25.39999961853027
100
AcDbPolyline
 90
4
 70
1
 10
15828.56122128849
 20
42269.91449449686
 10
18032.8112232303
 20
42269.91449449686
 10
18032.8112232303
 20
43225.63206844094
 10
15828.56122128849
 20
43225.63206844094
  0
TEXT
  5
8E7
330
1F
100
AcDbEntity
  8
0
 62
2
100
AcDbText
 10
16398.26466457593
 20
49031.61595118877
 30
0.0
 40
297.942
  1
IN-18
  7
Tahoma
 72
1
 11
16909.60837243355
 21
49180.58695118877
 31
0.0
100
AcDbText
 73
2
  0
TEXT
  5
8E8
330
1F
100
AcDbEntity
  8
0
 62
2
100
AcDbText
 10
16398.26466457593
 20
47739.09437724453
 30
0.0
 40
297.942
  1
IN-20
  7
Tahoma
 72
1
 11
16909.60837243355
 21
47888.06537724453
 31
0.0
100
AcDbText
 73
2
  0
TEXT
  5
8E9
330
1F
100
AcDbEntity
  8
0
 62
2
100
AcDbText
 10
16398.26466457593
 20
46446.57280330182
 30
0.0
 40
297.942
  1
IN-24
  7
Tahoma
 72
1
 11
16909.60837243355
 21
46595.54380330181
 31
0.0
100
AcDbText
 73
2
  0
TEXT
  5
8EA
330
1F
100
AcDbEntity
  8
0
 62
2
100
AcDbText
 10
16398.26466457593
 20
45154.05122935594
 30
0.0
 40
297.942
  1
IN-24
  7
Tahoma
 72
1
 11
16909.60837243355
 21
45303.02222935594
 31
0.0
100
AcDbText
 73
2
  0
TEXT
  5
8EB
330
1F
100
AcDbEntity
  8
0
 62
2
100
AcDbText
 10
16398.26466457593
 20
43861.52965541323
 30
0.0
 40
297.942
  1
IN-26
  7
Tahoma
 72
1
 11
16909.60837243355
 21
44010.50065541323
 31
0.0
100
AcDbText
 73
2
  0
TEXT
  5
8EC
330
1F
100
AcDbEntity
  8
0
 62
2
100
AcDbText
 10
16398.26466457593
 20
42569.00808146889
 30
0.0
 40
297.942
  1
IN-28
  7
Tahoma
 72
1
 11
16909.60837243355
 21
42717.97908146889
 31
0.0
100
AcDbText
 73
2
  0
LWPOLYLINE
  5
8ED
330
1F
100
AcDbEntity
  8
IE-EQUIP
  6
Continuous
 48
25.39999961853027
100
AcDbPolyline
 90
4
 70
1
 10
10616.31250784068
 20
47440.0007902725
 10
12820.5625097825
 20
47440.0007902725
 10
12820.5625097825
 20
48395.71836421657
 10
10616.31250784068
 20
48395.71836421657
  0
LWPOLYLINE
  5
8EE
330
1F
100
AcDbEntity
  8
IE-EQUIP
  6
Continuous
 48
25.39999961853027
100
AcDbPolyline
 90
4
 70
1
 10
12820.5625097825
 20
47440.0007902725
 10
15024.8125117243
 20
47440.0007902725
 10
15024.8125117243
 20
48395.71836421657
 10
12820.5625097825
 20
48395.71836421657
  0
LWPOLYLINE
  5
8EF
330
1F
100
AcDbEntity
  8
IE-EQUIP
  6
Continuous
 48
25.39999961853027
100
AcDbPolyline
 90
4
 70
1
 10
15828.56122129166
 20
47440.0007902725
 10
18032.81122323189
 20
47440.0007902725
 10
18032.81122323189
 20
48395.71836421657
 10
15828.56122129166
 20
48395.71836421657
  0
LWPOLYLINE
  5
8F0
330
1F
100
AcDbEntity
  8
IE-EQUIP
  6
Continuous
 48
25.39999961853027
100
AcDbPolyline
 90
4
 70
1
 10
18032.81122323189
 20
47440.0007902725
 10
20237.06122517369
 20
47440.0007902725
 10
20237.06122517369
 20
48395.71836421657
 10
18032.81122323189
 20
48395.71836421657
  0
LWPOLYLINE
  5
8F1
330
1F
100
AcDbEntity
  8
IE-EQUIP
  6
Continuous
 48
25.39999961853027
100
AcDbPolyline
 90
4
 70
1
 10
15828.56122129166
 20
43562.43606844119
 10
18032.81122323189
 20
43562.43606844119
 10
18032.81122323189
 20
44518.15364238528
 10
15828.56122129166
 20
44518.15364238528
  0
LWPOLYLINE
  5
8F2
330
1F
100
AcDbEntity
  8
IE-EQUIP
  6
Continuous
 48
25.39999961853027
100
AcDbPolyline
 90
4
 70
1
 10
18032.81122323189
 20
43562.43606844119
 10
20237.06122517369
 20
43562.43606844119
 10
20237.06122517369
 20
44518.15364238528
 10
18032.81122323189
 20
44518.15364238528
  0
LWPOLYLINE
  5
8F3
330
1F
100
AcDbEntity
  8
IE-EQUIP
  6
Continuous
 48
25.39999961853027
100
AcDbPolyline
 90
4
 70
1
 10
10616.31250784068
 20
43562.43606844119
 10
12820.5625097825
 20
43562.43606844119
 10
12820.5625097825
 20
44518.15364238528
 10
10616.31250784068
 20
44518.15364238528
  0
LWPOLYLINE
  5
8F4
330
1F
100
AcDbEntity
  8
IE-EQUIP
  6
Continuous
 48
25.39999961853027
100
AcDbPolyline
 90
4
 70
1
 10
12820.5625097825
 20
43562.43606844119
 10
15024.8125117243
 20
43562.43606844119
 10
15024.8125117243
 20
44518.15364238528
 10
12820.5625097825
 20
44518.15364238528
  0
TEXT
  5
8F5
330
1F
100
AcDbEntity
  8
0
 62
2
100
AcDbText
 10
11473.65303977664
 20
39983.96493358354
 30
0.0
 40
297.942
  1
36
  7
Tahoma
 72
1
 11
11697.35965898417
 21
40132.93593358353
 31
0.0
100
AcDbText
 73
2
  0
TEXT
  5
8F6
330
1F
100
AcDbEntity
  8
0
 62
2
100
AcDbText
 10
11473.65303977664
 20
41276.48650752617
 30
0.0
 40
297.942
  1
34
  7
Tahoma
 72
1
 11
11697.35965898417
 21
41425.45750752617
 31
0.0
100
AcDbText
 73
2
  0
LWPOLYLINE
  5
8F7
330
1F
100
AcDbEntity
  8
IE-EQUIP
  6
Continuous
 48
25.39999961853027
100
AcDbPolyline
 90
4
 70
1
 10
10616.31250784068
 20
39684.87134660988
 10
12820.5625097825
 20
39684.87134660988
 10
12820.5625097825
 20
40640.58892055397
 10
10616.31250784068
 20
40640.58892055397
  0
TEXT
  5
8F8
330
1F
100
AcDbEntity
  8
0
 62
2
100
AcDbText
 10
18880.11303612657
 20
39983.96493358354
 30
0.0
 40
297.942
  1
35
  7
Tahoma
 72
1
 11
19103.81965533409
 21
40132.93593358353
 31
0.0
100
AcDbText
 73
2
  0
TEXT
  5
8F9
330
1F
100
AcDbEntity
  8
0
 62
2
100
AcDbText
 10
18880.11303612657
 20
41276.48650752617
 30
0.0
 40
297.942
  1
33
  7
Tahoma
 72
1
 11
19103.81965533409
 21
41425.45750752617
 31
0.0
100
AcDbText
 73
2
  0
LWPOLYLINE
  5
8FA
330
1F
100
AcDbEntity
  8
IE-EQUIP
  6
Continuous
 48
25.39999961853027
100
AcDbPolyline
 90
4
 70
1
 10
18032.8112232303
 20
39684.87134660988
 10
20237.06122517369
 20
39684.87134660988
 10
20237.06122517369
 20
40640.58892055397
 10
18032.8112232303
 20
40640.58892055397
  0
LWPOLYLINE
  5
8FB
330
1F
100
AcDbEntity
  8
IE-EQUIP
  6
Continuous
 48
25.39999961853027
100
AcDbPolyline
 90
4
 70
1
 10
12820.5625097825
 20
39684.87134660988
 10
15024.8125117243
 20
39684.87134660988
 10
15024.8125117243
 20
40640.58892055397
 10
12820.5625097825
 20
40640.58892055397
  0
TEXT
  5
8FC
330
1F
100
AcDbEntity
  8
0
 62
2
100
AcDbText
 10
13302.82427811871
 20
39983.96493358354
 30
0.0
 40
297.942
  1
GND-1
  7
Tahoma
 72
1
 11
13901.60966092597
 21
40132.93593358353
 31
0.0
100
AcDbText
 73
2
  0
TEXT
  5
8FD
330
1F
100
AcDbEntity
  8
0
 62
2
100
AcDbText
 10
13390.26595306834
 20
41276.48650752617
 30
0.0
 40
297.942
  1
IN-31
  7
Tahoma
 72
1
 11
13901.60966092597
 21
41425.45750752617
 31
0.0
100
AcDbText
 73
2
  0
LWPOLYLINE
  5
8FE
330
1F
100
AcDbEntity
  8
IE-EQUIP
  6
Continuous
 48
25.39999961853027
100
AcDbPolyline
 90
4
 70
1
 10
15828.56122128849
 20
39684.87134660988
 10
18032.8112232303
 20
39684.87134660988
 10
18032.8112232303
 20
40640.58892055397
 10
15828.56122128849
 20
40640.58892055397
  0
TEXT
  5
8FF
330
1F
100
AcDbEntity
  8
0
 62
2
100
AcDbText
 10
16398.26466457593
 20
41276.48650752617
 30
0.0
 40
297.942
  1
IN-30
  7
Tahoma
 72
1
 11
16909.60837243355
 21
41425.45750752617
 31
0.0
100
AcDbText
 73
2
  0
TEXT
  5
900
330
1F
100
AcDbEntity
  8
0
 62
2
100
AcDbText
 10
16310.8229896263
 20
39983.96493358194
 30
0.0
 40
297.942
  1
GND-1
  7
Tahoma
 72
1
 11
16909.60837243355
 21
40132.93593358193
 31
0.0
100
AcDbText
 73
2
  0
LWPOLYLINE
  5
901
330
1F
100
AcDbEntity
  8
IE-EQUIP
  6
Continuous
 48
25.39999961853027
100
AcDbPolyline
 90
4
 70
1
 10
15828.56122129166
 20
40977.39292055414
 10
18032.81122323189
 20
40977.39292055414
 10
18032.81122323189
 20
41933.1104944983
 10
15828.56122129166
 20
41933.1104944983
  0
LWPOLYLINE
  5
902
330
1F
100
AcDbEntity
  8
IE-EQUIP
  6
Continuous
 48
25.39999961853027
100
AcDbPolyline
 90
4
 70
1
 10
18032.81122323189
 20
40977.39292055414
 10
20237.06122517369
 20
40977.39292055414
 10
20237.06122517369
 20
41933.1104944983
 10
18032.81122323189
 20
41933.1104944983
  0
LWPOLYLINE
  5
903
330
1F
100
AcDbEntity
  8
IE-EQUIP
  6
Continuous
 48
25.39999961853027
100
AcDbPolyline
 90
4
 70
1
 10
10616.31250784068
 20
40977.39292055414
 10
12820.5625097825
 20
40977.39292055414
 10
12820.5625097825
 20
41933.1104944983
 10
10616.31250784068
 20
41933.1104944983
  0
LWPOLYLINE
  5
904
330
1F
100
AcDbEntity
  8
IE-EQUIP
  6
Continuous
 48
25.39999961853027
100
AcDbPolyline
 90
4
 70
1
 10
12820.5625097825
 20
40977.39292055414
 10
15024.8125117243
 20
40977.39292055414
 10
15024.8125117243
 20
41933.1104944983
 10
12820.5625097825
 20
41933.1104944983
  0
TEXT
  5
905
330
1F
100
AcDbEntity
  8
0
 62
2
100
AcDbText
 10
13390.26595306994
 20
52909.18067302018
 30
0.0
 40
297.942
  1
IN-15
  7
Tahoma
 72
1
 11
13901.60966092756
 21
53058.15167302018
 31
0.0
100
AcDbText
 73
2
  0
TEXT
  5
906
330
1F
100
AcDbEntity
  8
0
 62
2
100
AcDbText
 10
16398.2646645791
 20
52909.18067302018
 30
0.0
 40
297.942
  1
IN-14
  7
Tahoma
 72
1
 11
16909.60837243672
 21
53058.15167302018
 31
0.0
100
AcDbText
 73
2
  0
TEXT
  5
907
330
1F
100
AcDbEntity
  8
0
 62
4
100
AcDbText
 10
22461.04912681279
 20
57129.26537147423
 30
0.0
 40
259.08
  1
C3S2-9/P3-TBDI2-9
  7
Tahoma
100
AcDbText
  0
TEXT
  5
908
330
1F
100
AcDbEntity
  8
0
 62
4
100
AcDbText
 10
9898.13751523157
 20
62272.4059536519
 30
0.0
 40
259.08
  1
WH
  7
Tahoma
100
AcDbText
  0
TEXT
  5
909
330
1F
100
AcDbEntity
  8
0
 62
4
100
AcDbText
 10
9898.13751523157
 20
60979.88437970928
 30
0.0
 40
259.08
  1
WH
  7
Tahoma
100
AcDbText
  0
TEXT
  5
90A
330
1F
100
AcDbEntity
  8
0
 62
4
100
AcDbText
 10
20822.53294764149
 20
57102.31965787787
 30
0.0
 40
259.08
  1
WH
  7
Tahoma
100
AcDbText
  0
TEXT
  5
90B
330
1F
100
AcDbEntity
  8
0
 62
4
100
AcDbText
 10
20822.53294764149
 20
55809.79808393363
 30
0.0
 40
259.08
  1
WH
  7
Tahoma
100
AcDbText
  0
ARC
  5
90C
330
1F
100
AcDbEntity
  8
IE-WIRE
 62
4
 48
25.39999961853027
100
AcDbCircle
 10
4228.777042862654
 20
59311.62434925081
 30
0.0
 40
238.929393486049
100
AcDbArc
 50
90.0
 51
180.0
  0
LINE
  5
90D
330
1F
100
AcDbEntity
  8
IE-WIRE
 62
4
 48
25.39999961853027
100
AcDbLine
 10
4228.777042862654
 20
59550.55374273684
 30
0.0
 11
10616.31250784068
 21
59550.55374273684
 31
0.0
  0
TEXT
  5
90E
330
1F
100
AcDbEntity
  8
0
 62
4
100
AcDbText
 10
4688.383720226001
 20
59697.03798690557
 30
0.0
 40
259.08
  1
C3S2-6/P3-TBDI2-6
  7
Tahoma
100
AcDbText
  0
TEXT
  5
90F
330
1F
100
AcDbEntity
  8
0
 62
4
100
AcDbText
 10
9898.13751523157
 20
59687.36280576333
 30
0.0
 40
259.08
  1
WH
  7
Tahoma
100
AcDbText
  0
ARC
  5
910
330
1F
100
AcDbEntity
  8
IE-WIRE
 62
4
 48
25.39999961853027
100
AcDbCircle
 10
4228.777042862654
 20
58019.10277530656
 30
0.0
 40
238.929393486049
100
AcDbArc
 50
90.0
 51
180.0
  0
LINE
  5
911
330
1F
100
AcDbEntity
  8
IE-WIRE
 62
4
 48
25.39999961853027
100
AcDbLine
 10
4228.777042862654
 20
58258.03216879258
 30
0.0
 11
10616.31250784068
 21
58258.03216879258
 31
0.0
  0
TEXT
  5
912
330
1F
100
AcDbEntity
  8
0
 62
4
100
AcDbText
 10
4688.383720226001
 20
58404.51641296285
 30
0.0
 40
259.08
  1
C3S2-8/P3-TBDI2-8
  7
Tahoma
100
AcDbText
  0
TEXT
  5
913
330
1F
100
AcDbEntity
  8
0
 62
4
100
AcDbText
 10
9898.13751523157
 20
58394.84123182061
 30
0.0
 40
259.08
  1
WH
  7
Tahoma
100
AcDbText
  0
ARC
  5
914
330
1F
100
AcDbEntity
  8
IE-WIRE
 62
4
 48
25.39999961853027
100
AcDbCircle
 10
4228.777042862654
 20
56726.58120136384
 30
0.0
 40
238.929393486049
100
AcDbArc
 50
90.0
 51
180.0
  0
LINE
  5
915
330
1F
100
AcDbEntity
  8
IE-WIRE
 62
4
 48
25.39999961853027
100
AcDbLine
 10
4228.777042862654
 20
56965.51059484985
 30
0.0
 11
10616.31250784068
 21
56965.51059484985
 31
0.0
  0
TEXT
  5
916
330
1F
100
AcDbEntity
  8
0
 62
4
100
AcDbText
 10
4688.383720226001
 20
57111.9948390186
 30
0.0
 40
259.08
  1
C3S2-10/P3-TBDI2-10
  7
Tahoma
100
AcDbText
  0
TEXT
  5
917
330
1F
100
AcDbEntity
  8
0
 62
4
100
AcDbText
 10
9898.13751523157
 20
57102.31965787634
 30
0.0
 40
259.08
  1
WH
  7
Tahoma
100
AcDbText
  0
TEXT
  5
918
330
1F
100
AcDbEntity
  8
0
 62
4
100
AcDbText
 10
22461.04912681279
 20
54544.22222358724
 30
0.0
 40
259.08
  1
C3S2-13/P3-TBDI2-13
  7
Tahoma
100
AcDbText
  0
TEXT
  5
919
330
1F
100
AcDbEntity
  8
0
 62
4
100
AcDbText
 10
20822.53294764149
 20
54517.27650998931
 30
0.0
 40
259.08
  1
WH
  7
Tahoma
100
AcDbText
  0
TEXT
  5
91A
330
1F
100
AcDbEntity
  8
0
 62
4
100
AcDbText
 10
22461.04912681279
 20
53251.70064964292
 30
0.0
 40
259.08
  1
C3S2-15/P3-TBDI2-15
  7
Tahoma
100
AcDbText
  0
TEXT
  5
91B
330
1F
100
AcDbEntity
  8
0
 62
4
100
AcDbText
 10
20822.53294764149
 20
53224.75493604657
 30
0.0
 40
259.08
  1
WH
  7
Tahoma
100
AcDbText
  0
ARC
  5
91C
330
1F
100
AcDbEntity
  8
IE-WIRE
 62
4
 48
25.39999961853027
100
AcDbCircle
 10
4228.777042862654
 20
50263.97333164395
 30
0.0
 40
238.929393486049
100
AcDbArc
 50
90.0
 51
180.0
  0
LINE
  5
91D
330
1F
100
AcDbEntity
  8
IE-WIRE
 62
4
 48
25.39999961853027
100
AcDbLine
 10
4228.777042862654
 20
50502.90272513151
 30
0.0
 11
10616.31250784068
 21
50502.90272513151
 31
0.0
  0
TEXT
  5
91E
330
1F
100
AcDbEntity
  8
0
 62
4
100
AcDbText
 10
4688.383720226001
 20
50649.38696930025
 30
0.0
 40
259.08
  1
C3S2-20/P3-TBDI2-18
  7
Tahoma
100
AcDbText
  0
TEXT
  5
91F
330
1F
100
AcDbEntity
  8
0
 62
4
100
AcDbText
 10
9898.13751523157
 20
50639.711788158
 30
0.0
 40
259.08
  1
WH
  7
Tahoma
100
AcDbText
  0
TEXT
  5
920
330
1F
100
AcDbEntity
  8
0
 62
4
100
AcDbText
 10
22461.04912681279
 20
50666.65750175593
 30
0.0
 40
259.08
  1
C3S2-19/P3-TBDI2-17
  7
Tahoma
100
AcDbText
  0
TEXT
  5
921
330
1F
100
AcDbEntity
  8
0
 62
4
100
AcDbText
 10
20822.53294764149
 20
50639.71178815961
 30
0.0
 40
259.08
  1
WH
  7
Tahoma
100
AcDbText
  0
ARC
  5
922
330
1F
100
AcDbEntity
  8
IE-WIRE
 62
4
 48
25.39999961853027
100
AcDbCircle
 10
4228.777042862654
 20
48971.45175770124
 30
0.0
 40
238.929393486049
100
AcDbArc
 50
90.0
 51
180.0
  0
LINE
  5
923
330
1F
100
AcDbEntity
  8
IE-WIRE
 62
4
 48
25.39999961853027
100
AcDbLine
 10
4228.777042862654
 20
49210.38115118726
 30
0.0
 11
10616.31250784068
 21
49210.38115118726
 31
0.0
  0
TEXT
  5
924
330
1F
100
AcDbEntity
  8
0
 62
4
100
AcDbText
 10
4688.383720226001
 20
49356.86539535599
 30
0.0
 40
259.08
  1
C3S2-22/P3-TBDI2-20
  7
Tahoma
100
AcDbText
  0
TEXT
  5
925
330
1F
100
AcDbEntity
  8
0
 62
4
100
AcDbText
 10
9898.13751523157
 20
49347.19021421376
 30
0.0
 40
259.08
  1
WH
  7
Tahoma
100
AcDbText
  0
TEXT
  5
926
330
1F
100
AcDbEntity
  8
0
 62
4
100
AcDbText
 10
22461.04912681279
 20
49374.13592781161
 30
0.0
 40
259.08
  1
C3S2-21/P3-TBDI2-19
  7
Tahoma
100
AcDbText
  0
TEXT
  5
927
330
1F
100
AcDbEntity
  8
0
 62
4
100
AcDbText
 10
20822.53294764149
 20
49347.19021421526
 30
0.0
 40
259.08
  1
WH
  7
Tahoma
100
AcDbText
  0
ARC
  5
928
330
1F
100
AcDbEntity
  8
IE-WIRE
 62
4
 48
25.39999961853027
100
AcDbCircle
 10
4228.777042862654
 20
47678.93018375689
 30
0.0
 40
238.929393486049
100
AcDbArc
 50
90.0
 51
180.0
  0
LINE
  5
929
330
1F
100
AcDbEntity
  8
IE-WIRE
 62
4
 48
25.39999961853027
100
AcDbLine
 10
4228.777042862654
 20
47917.85957724291
 30
0.0
 11
10616.31250784068
 21
47917.85957724291
 31
0.0
  0
TEXT
  5
92A
330
1F
100
AcDbEntity
  8
0
 62
4
100
AcDbText
 10
4688.383720226001
 20
48064.34382141325
 30
0.0
 40
259.08
  1
C3S2-24/P3-TBDI2-22
  7
Tahoma
100
AcDbText
  0
TEXT
  5
92B
330
1F
100
AcDbEntity
  8
0
 62
4
100
AcDbText
 10
9898.13751523157
 20
48054.66864027101
 30
0.0
 40
259.08
  1
WH
  7
Tahoma
100
AcDbText
  0
TEXT
  5
92C
330
1F
100
AcDbEntity
  8
0
 62
4
100
AcDbText
 10
22461.04912681279
 20
48081.61435386891
 30
0.0
 40
259.08
  1
C3S2-23/P3-TBDI2-21
  7
Tahoma
100
AcDbText
  0
TEXT
  5
92D
330
1F
100
AcDbEntity
  8
0
 62
4
100
AcDbText
 10
20822.53294764149
 20
48054.66864027101
 30
0.0
 40
259.08
  1
WH
  7
Tahoma
100
AcDbText
  0
ARC
  5
92E
330
1F
100
AcDbEntity
  8
IE-WIRE
 62
4
 48
25.39999961853027
100
AcDbCircle
 10
4228.777042862654
 20
46386.40860981417
 30
0.0
 40
238.929393486049
100
AcDbArc
 50
90.0
 51
180.0
  0
LINE
  5
92F
330
1F
100
AcDbEntity
  8
IE-WIRE
 62
4
 48
25.39999961853027
100
AcDbLine
 10
4228.777042862654
 20
46625.3380033002
 30
0.0
 11
10616.31250784068
 21
46625.3380033002
 31
0.0
  0
TEXT
  5
930
330
1F
100
AcDbEntity
  8
0
 62
4
100
AcDbText
 10
4688.383720226001
 20
46771.82224746894
 30
0.0
 40
259.08
  1
C3S2-26/P3-TBDI2-24
  7
Tahoma
100
AcDbText
  0
TEXT
  5
931
330
1F
100
AcDbEntity
  8
0
 62
4
100
AcDbText
 10
9898.13751523157
 20
46762.1470663267
 30
0.0
 40
259.08
  1
WH
  7
Tahoma
100
AcDbText
  0
TEXT
  5
932
330
1F
100
AcDbEntity
  8
0
 62
4
100
AcDbText
 10
22461.04912681279
 20
46789.09277992463
 30
0.0
 40
259.08
  1
C3S2-25/P3-TBDI2-23
  7
Tahoma
100
AcDbText
  0
TEXT
  5
933
330
1F
100
AcDbEntity
  8
0
 62
4
100
AcDbText
 10
20822.53294764149
 20
46762.1470663283
 30
0.0
 40
259.08
  1
WH
  7
Tahoma
100
AcDbText
  0
ARC
  5
934
330
1F
100
AcDbEntity
  8
IE-WIRE
 62
4
 48
25.39999961853027
100
AcDbCircle
 10
4228.777042862654
 20
45093.88703586993
 30
0.0
 40
238.929393486049
100
AcDbArc
 50
90.0
 51
180.0
  0
LINE
  5
935
330
1F
100
AcDbEntity
  8
IE-WIRE
 62
4
 48
25.39999961853027
100
AcDbLine
 10
4228.777042862654
 20
45332.81642935595
 30
0.0
 11
10616.31250784068
 21
45332.81642935595
 31
0.0
  0
TEXT
  5
936
330
1F
100
AcDbEntity
  8
0
 62
4
100
AcDbText
 10
4688.383720226001
 20
45479.30067352469
 30
0.0
 40
259.08
  1
C3S2-28/P3-TBDI2-26
  7
Tahoma
100
AcDbText
  0
TEXT
  5
937
330
1F
100
AcDbEntity
  8
0
 62
4
100
AcDbText
 10
9898.13751523157
 20
45469.62549238244
 30
0.0
 40
259.08
  1
WH
  7
Tahoma
100
AcDbText
  0
TEXT
  5
938
330
1F
100
AcDbEntity
  8
0
 62
4
100
AcDbText
 10
22461.04912681279
 20
45496.57120598031
 30
0.0
 40
259.08
  1
C3S2-27/P3-TBDI2-25
  7
Tahoma
100
AcDbText
  0
TEXT
  5
939
330
1F
100
AcDbEntity
  8
0
 62
4
100
AcDbText
 10
20822.53294764149
 20
45469.62549238397
 30
0.0
 40
259.08
  1
WH
  7
Tahoma
100
AcDbText
  0
TEXT
  5
93A
330
1F
100
AcDbEntity
  8
0
 62
4
100
AcDbText
 10
22461.04912681279
 20
61006.83009330553
 30
0.0
 40
259.08
  1
C3S2-3/P3-TBDI2-3
  7
Tahoma
100
AcDbText
  0
TEXT
  5
93B
330
1F
100
AcDbEntity
  8
0
 62
4
100
AcDbText
 10
22461.04912681279
 20
62299.35166724824
 30
0.0
 40
259.08
  1
C3S2-1/P3-TBDI2-1
  7
Tahoma
100
AcDbText
  0
TEXT
  5
93C
330
1F
100
AcDbEntity
  8
0
 62
4
100
AcDbText
 10
20822.53294764149
 20
62272.4059536519
 30
0.0
 40
259.08
  1
WH
  7
Tahoma
100
AcDbText
  0
TEXT
  5
93D
330
1F
100
AcDbEntity
  8
0
 62
4
100
AcDbText
 10
20822.53294764149
 20
60979.88437970928
 30
0.0
 40
259.08
  1
WH
  7
Tahoma
100
AcDbText
  0
TEXT
  5
93E
330
1F
100
AcDbEntity
  8
0
 62
4
100
AcDbText
 10
22461.04912681279
 20
59714.30851936126
 30
0.0
 40
259.08
  1
C3S2-5/P3-TBDI2-5
  7
Tahoma
100
AcDbText
  0
TEXT
  5
93F
330
1F
100
AcDbEntity
  8
0
 62
4
100
AcDbText
 10
20822.53294764149
 20
59687.36280576493
 30
0.0
 40
259.08
  1
WH
  7
Tahoma
100
AcDbText
  0
TEXT
  5
940
330
1F
100
AcDbEntity
  8
0
 62
4
100
AcDbText
 10
22461.04912681279
 20
58421.78694541694
 30
0.0
 40
259.08
  1
C3S2-7/P3-TBDI2-7
  7
Tahoma
100
AcDbText
  0
TEXT
  5
941
330
1F
100
AcDbEntity
  8
0
 62
4
100
AcDbText
 10
20822.53294764149
 20
58394.84123182061
 30
0.0
 40
259.08
  1
WH
  7
Tahoma
100
AcDbText
  0
ARC
  5
942
330
1F
100
AcDbEntity
  8
IE-WIRE
 62
4
 48
25.39999961853027
100
AcDbCircle
 10
4228.777042862654
 20
55434.05962741796
 30
0.0
 40
238.929393486049
100
AcDbArc
 50
90.0
 51
180.0
  0
LINE
  5
943
330
1F
100
AcDbEntity
  8
IE-WIRE
 62
4
 48
25.39999961853027
100
AcDbLine
 10
4228.777042862654
 20
55672.98902090399
 30
0.0
 11
10616.31250784068
 21
55672.98902090399
 31
0.0
  0
TEXT
  5
944
330
1F
100
AcDbEntity
  8
0
 62
4
100
AcDbText
 10
4688.383720226001
 20
55819.47326507426
 30
0.0
 40
259.08
  1
C3S2-12/P3-TBDI2-12
  7
Tahoma
100
AcDbText
  0
TEXT
  5
945
330
1F
100
AcDbEntity
  8
0
 62
4
100
AcDbText
 10
9898.13751523157
 20
55809.79808393049
 30
0.0
 40
259.08
  1
WH
  7
Tahoma
100
AcDbText
  0
ARC
  5
946
330
1F
100
AcDbEntity
  8
IE-WIRE
 62
4
 48
25.39999961853027
100
AcDbCircle
 10
4228.777042862654
 20
54141.53805347525
 30
0.0
 40
238.929393486049
100
AcDbArc
 50
90.0
 51
180.0
  0
LINE
  5
947
330
1F
100
AcDbEntity
  8
IE-WIRE
 62
4
 48
25.39999961853027
100
AcDbLine
 10
4228.777042862654
 20
54380.46744696128
 30
0.0
 11
10616.31250784068
 21
54380.46744696128
 31
0.0
  0
TEXT
  5
948
330
1F
100
AcDbEntity
  8
0
 62
4
100
AcDbText
 10
4688.383720226001
 20
54526.95169113002
 30
0.0
 40
259.08
  1
C3S2-14/P3-TBDI2-14
  7
Tahoma
100
AcDbText
  0
TEXT
  5
949
330
1F
100
AcDbEntity
  8
0
 62
4
100
AcDbText
 10
9898.13751523157
 20
54517.27650998777
 30
0.0
 40
259.08
  1
WH
  7
Tahoma
100
AcDbText
  0
ARC
  5
94A
330
1F
100
AcDbEntity
  8
IE-WIRE
 62
4
 48
25.39999961853027
100
AcDbCircle
 10
4228.777042862654
 20
52849.01647953093
 30
0.0
 40
238.929393486049
100
AcDbArc
 50
90.0
 51
180.0
  0
LINE
  5
94B
330
1F
100
AcDbEntity
  8
IE-WIRE
 62
4
 48
25.39999961853027
100
AcDbLine
 10
4228.777042862654
 20
53087.94587301693
 30
0.0
 11
10616.31250784068
 21
53087.94587301693
 31
0.0
  0
TEXT
  5
94C
330
1F
100
AcDbEntity
  8
0
 62
4
100
AcDbText
 10
4688.383720226001
 20
53234.43011718566
 30
0.0
 40
259.08
  1
C3S2-16/P3-TBDI2-16
  7
Tahoma
100
AcDbText
  0
TEXT
  5
94D
330
1F
100
AcDbEntity
  8
0
 62
4
100
AcDbText
 10
9898.13751523157
 20
53224.75493604342
 30
0.0
 40
259.08
  1
WH
  7
Tahoma
100
AcDbText
  0
ARC
  5
94E
330
1F
100
AcDbEntity
  8
IE-WIRE
 62
4
 48
25.39999961853027
100
AcDbCircle
 10
4228.777042862654
 20
43801.36546192721
 30
0.0
 40
238.929393486049
100
AcDbArc
 50
90.0
 51
180.0
  0
LINE
  5
94F
330
1F
100
AcDbEntity
  8
IE-WIRE
 62
4
 48
25.39999961853027
100
AcDbLine
 10
4228.777042862654
 20
44040.29485541323
 30
0.0
 11
10616.31250784068
 21
44040.29485541323
 31
0.0
  0
TEXT
  5
950
330
1F
100
AcDbEntity
  8
0
 62
4
100
AcDbText
 10
4688.383720226001
 20
44186.7790995835
 30
0.0
 40
259.08
  1
C3S2-30/P3-TBDI2-28
  7
Tahoma
100
AcDbText
  0
TEXT
  5
951
330
1F
100
AcDbEntity
  8
0
 62
4
100
AcDbText
 10
9898.13751523157
 20
44177.10391844133
 30
0.0
 40
259.08
  1
WH
  7
Tahoma
100
AcDbText
  0
TEXT
  5
952
330
1F
100
AcDbEntity
  8
0
 62
4
100
AcDbText
 10
22461.04912681279
 20
44204.04963203758
 30
0.0
 40
259.08
  1
C3S2-29/P3-TBDI2-27
  7
Tahoma
100
AcDbText
  0
TEXT
  5
953
330
1F
100
AcDbEntity
  8
0
 62
4
100
AcDbText
 10
20822.53294764149
 20
44177.10391844133
 30
0.0
 40
259.08
  1
WH
  7
Tahoma
100
AcDbText
  0
ARC
  5
954
330
1F
100
AcDbEntity
  8
IE-WIRE
 62
4
 48
25.39999961853027
100
AcDbCircle
 10
4228.777042862654
 20
42508.84388798286
 30
0.0
 40
238.929393486049
100
AcDbArc
 50
90.0
 51
180.0
  0
LINE
  5
955
330
1F
100
AcDbEntity
  8
IE-WIRE
 62
4
 48
25.39999961853027
100
AcDbLine
 10
4228.777042862654
 20
42747.7732814689
 30
0.0
 11
10616.31250784068
 21
42747.7732814689
 31
0.0
  0
TEXT
  5
956
330
1F
100
AcDbEntity
  8
0
 62
4
100
AcDbText
 10
4688.383720226001
 20
42894.25752563763
 30
0.0
 40
259.08
  1
C3S2-32/P3-TBDI2-30
  7
Tahoma
100
AcDbText
  0
TEXT
  5
957
330
1F
100
AcDbEntity
  8
0
 62
4
100
AcDbText
 10
9898.13751523157
 20
42884.5823444954
 30
0.0
 40
259.08
  1
WH
  7
Tahoma
100
AcDbText
  0
TEXT
  5
958
330
1F
100
AcDbEntity
  8
0
 62
4
100
AcDbText
 10
22461.04912681279
 20
42911.52805809333
 30
0.0
 40
259.08
  1
C3S2-31/P3-TBDI2-29
  7
Tahoma
100
AcDbText
  0
TEXT
  5
959
330
1F
100
AcDbEntity
  8
0
 62
4
100
AcDbText
 10
20822.53294764149
 20
42884.582344497
 30
0.0
 40
259.08
  1
WH
  7
Tahoma
100
AcDbText
  0
ARC
  5
95A
330
1F
100
AcDbEntity
  8
IE-WIRE
 62
4
 48
25.39999961853027
100
AcDbCircle
 10
4228.777042862654
 20
41216.32231404016
 30
0.0
 40
238.929393486049
100
AcDbArc
 50
90.0
 51
180.0
  0
LINE
  5
95B
330
1F
100
AcDbEntity
  8
IE-WIRE
 62
4
 48
25.39999961853027
100
AcDbLine
 10
4228.777042862654
 20
41455.25170752617
 30
0.0
 11
10616.31250784068
 21
41455.25170752617
 31
0.0
  0
TEXT
  5
95C
330
1F
100
AcDbEntity
  8
0
 62
4
100
AcDbText
 10
4688.383720226001
 20
41601.73595169492
 30
0.0
 40
259.08
  1
C3S2-34/P3-TBDI2-32
  7
Tahoma
100
AcDbText
  0
TEXT
  5
95D
330
1F
100
AcDbEntity
  8
0
 62
4
100
AcDbText
 10
9898.13751523157
 20
41592.06077055267
 30
0.0
 40
259.08
  1
WH
  7
Tahoma
100
AcDbText
  0
TEXT
  5
95E
330
1F
100
AcDbEntity
  8
0
 62
4
100
AcDbText
 10
22461.04912681279
 20
41619.00648415062
 30
0.0
 40
259.08
  1
C3S2-33/P3-TBDI2-31
  7
Tahoma
100
AcDbText
  0
TEXT
  5
95F
330
1F
100
AcDbEntity
  8
0
 62
4
100
AcDbText
 10
20822.53294764149
 20
41592.06077055429
 30
0.0
 40
259.08
  1
WH
  7
Tahoma
100
AcDbText
  0
TEXT
  5
960
330
1F
100
AcDbEntity
  8
0
 62
7
100
AcDbText
 10
4688.383720226001
 20
40326.48493408806
 30
0.0
 40
259.08
  1
C3S2-36/0VDC
  7
Tahoma
100
AcDbText
  0
LINE
  5
961
330
1F
100
AcDbEntity
  8
IE-WIRE
 62
7
 48
25.39999961853027
100
AcDbLine
 10
10616.31250784068
 20
40162.73013358192
 30
0.0
 11
3600.720889535357
 21
40162.73013358192
 31
0.0
  0
LINE
  5
962
330
1F
100
AcDbEntity
  8
IE-WIRE
 62
7
 48
25.39999961853027
100
AcDbLine
 10
3362.720889532735
 20
51557.42429907578
 30
0.0
 11
3362.720889535655
 21
38670.35091254758
 31
0.0
  0
TEXT
  5
963
330
1F
100
AcDbEntity
  8
0
 62
7
100
AcDbText
 10
9977.841580911127
 20
40299.53919660841
 30
0.0
 40
259.08
  1
BK
  7
Tahoma
100
AcDbText
  0
TEXT
  5
964
330
1F
100
AcDbEntity
  8
0
 62
7
100
AcDbText
 10
4688.383720226001
 20
51959.17909958198
 30
0.0
 40
259.08
  1
C3S2-18/0VDC
  7
Tahoma
100
AcDbText
  0
LINE
  5
965
330
1F
100
AcDbEntity
  8
0
100
AcDbLine
 10
15024.8125117243
 20
39684.87134660988
 30
0.0
 11
15828.56122128849
 21
39684.87134660988
 31
0.0
  0
ARC
  5
966
330
1F
100
AcDbEntity
  8
IE-WIRE
 62
7
 48
25.39999961853027
100
AcDbCircle
 10
3600.720889535357
 20
39924.73013358192
 30
0.0
 40
238.0
100
AcDbArc
 50
90.0
 51
179.9999999999877
  0
LINE
  5
967
330
1F
100
AcDbEntity
  8
IE-WIRE
 62
7
 48
25.39999961853027
100
AcDbLine
 10
10616.31250784068
 20
51795.42429907584
 30
0.0
 11
3600.720889532735
 21
51795.42429907584
 31
0.0
  0
TEXT
  5
968
330
1F
100
AcDbEntity
  8
0
 62
7
100
AcDbText
 10
9977.841580911127
 20
51932.23336210234
 30
0.0
 40
259.08
  1
BK
  7
Tahoma
100
AcDbText
  0
ARC
  5
969
330
1F
100
AcDbEntity
  8
IE-WIRE
 62
7
 48
25.39999961853027
100
AcDbCircle
 10
3600.720889532735
 20
51557.42429907584
 30
0.0
 40
238.0
100
AcDbArc
 50
90.0
 51
179.999999999986
  0
LINE
  5
96A
330
1F
100
AcDbEntity
  8
IE-WIRE
 62
4
 48
25.39999961853027
100
AcDbLine
 10
26624.59669015014
 20
62135.5968906254
 30
0.0
 11
20237.06122517211
 21
62135.59689062704
 31
0.0
  0
ARC
  5
96B
330
1F
100
AcDbEntity
  8
IE-WIRE
 62
4
 48
25.39999961853027
100
AcDbCircle
 10
26624.59669015014
 20
61896.66749713939
 30
0.0
 40
238.929393486049
100
AcDbArc
 50
0.0
 51
90.0
  0
ARC
  5
96C
330
1F
100
AcDbEntity
  8
IE-WIRE
 62
4
 48
25.39999961853027
100
AcDbCircle
 10
26624.59669015014
 20
60604.14592319515
 30
0.0
 40
238.929393486049
100
AcDbArc
 50
0.0
 51
90.0
  0
LINE
  5
96D
330
1F
100
AcDbEntity
  8
IE-WIRE
 62
4
 48
25.39999961853027
100
AcDbLine
 10
26624.59669015014
 20
60843.07531668116
 30
0.0
 11
20237.06122517211
 21
60843.07531668116
 31
0.0
  0
LINE
  5
96E
330
1F
100
AcDbEntity
  8
IE-WIRE
 62
4
 48
25.39999961853027
100
AcDbLine
 10
26863.52608363617
 20
61896.66749713939
 30
0.0
 11
26863.52608363617
 21
38908.35091254758
 31
0.0
  0
ARC
  5
96F
330
1F
100
AcDbEntity
  8
IE-WIRE
 62
4
 48
25.39999961853027
100
AcDbCircle
 10
26624.59669015014
 20
59311.62434925081
 30
0.0
 40
238.929393486049
100
AcDbArc
 50
0.0
 51
90.0
  0
LINE
  5
970
330
1F
100
AcDbEntity
  8
IE-WIRE
 62
4
 48
25.39999961853027
100
AcDbLine
 10
26624.59669015014
 20
59550.55374273684
 30
0.0
 11
20237.06122517211
 21
59550.55374273684
 31
0.0
  0
ARC
  5
971
330
1F
100
AcDbEntity
  8
IE-WIRE
 62
4
 48
25.39999961853027
100
AcDbCircle
 10
26624.59669015014
 20
58019.10277530656
 30
0.0
 40
238.929393486049
100
AcDbArc
 50
0.0
 51
90.0
  0
LINE
  5
972
330
1F
100
AcDbEntity
  8
IE-WIRE
 62
4
 48
25.39999961853027
100
AcDbLine
 10
26624.59669015014
 20
58258.03216879258
 30
0.0
 11
20237.06122517211
 21
58258.03216879258
 31
0.0
  0
ARC
  5
973
330
1F
100
AcDbEntity
  8
IE-WIRE
 62
4
 48
25.39999961853027
100
AcDbCircle
 10
26624.59669015014
 20
56726.58120136384
 30
0.0
 40
238.929393486049
100
AcDbArc
 50
0.0
 51
90.0
  0
LINE
  5
974
330
1F
100
AcDbEntity
  8
IE-WIRE
 62
4
 48
25.39999961853027
100
AcDbLine
 10
26624.59669015014
 20
56965.51059484985
 30
0.0
 11
20237.06122517211
 21
56965.51059484985
 31
0.0
  0
ARC
  5
975
330
1F
100
AcDbEntity
  8
IE-WIRE
 62
4
 48
25.39999961853027
100
AcDbCircle
 10
26624.59669015014
 20
50263.97333164395
 30
0.0
 40
238.929393486049
100
AcDbArc
 50
0.0
 51
90.0
  0
LINE
  5
976
330
1F
100
AcDbEntity
  8
IE-WIRE
 62
4
 48
25.39999961853027
100
AcDbLine
 10
26624.59669015014
 20
50502.90272513151
 30
0.0
 11
20237.06122517211
 21
50502.90272513151
 31
0.0
  0
ARC
  5
977
330
1F
100
AcDbEntity
  8
IE-WIRE
 62
4
 48
25.39999961853027
100
AcDbCircle
 10
26624.59669015014
 20
48971.45175770124
 30
0.0
 40
238.929393486049
100
AcDbArc
 50
0.0
 51
90.0
  0
LINE
  5
978
330
1F
100
AcDbEntity
  8
IE-WIRE
 62
4
 48
25.39999961853027
100
AcDbLine
 10
26624.59669015014
 20
49210.38115118726
 30
0.0
 11
20237.06122517211
 21
49210.38115118726
 31
0.0
  0
ARC
  5
979
330
1F
100
AcDbEntity
  8
IE-WIRE
 62
4
 48
25.39999961853027
100
AcDbCircle
 10
26624.59669015014
 20
47678.93018375689
 30
0.0
 40
238.929393486049
100
AcDbArc
 50
0.0
 51
90.0
  0
LINE
  5
97A
330
1F
100
AcDbEntity
  8
IE-WIRE
 62
4
 48
25.39999961853027
100
AcDbLine
 10
26624.59669015014
 20
47917.85957724291
 30
0.0
 11
20237.06122517211
 21
47917.85957724291
 31
0.0
  0
ARC
  5
97B
330
1F
100
AcDbEntity
  8
IE-WIRE
 62
4
 48
25.39999961853027
100
AcDbCircle
 10
26624.59669015014
 20
46386.40860981417
 30
0.0
 40
238.929393486049
100
AcDbArc
 50
0.0
 51
90.0
  0
LINE
  5
97C
330
1F
100
AcDbEntity
  8
IE-WIRE
 62
4
 48
25.39999961853027
100
AcDbLine
 10
26624.59669015014
 20
46625.3380033002
 30
0.0
 11
20237.06122517211
 21
46625.3380033002
 31
0.0
  0
ARC
  5
97D
330
1F
100
AcDbEntity
  8
IE-WIRE
 62
4
 48
25.39999961853027
100
AcDbCircle
 10
26624.59669015014
 20
45093.88703586993
 30
0.0
 40
238.929393486049
100
AcDbArc
 50
0.0
 51
90.0
  0
LINE
  5
97E
330
1F
100
AcDbEntity
  8
IE-WIRE
 62
4
 48
25.39999961853027
100
AcDbLine
 10
26624.59669015014
 20
45332.81642935595
 30
0.0
 11
20237.06122517211
 21
45332.81642935595
 31
0.0
  0
ARC
  5
97F
330
1F
100
AcDbEntity
  8
IE-WIRE
 62
4
 48
25.39999961853027
100
AcDbCircle
 10
26624.59669015014
 20
55434.05962741796
 30
0.0
 40
238.929393486049
100
AcDbArc
 50
0.0
 51
90.0
  0
LINE
  5
980
330
1F
100
AcDbEntity
  8
IE-WIRE
 62
4
 48
25.39999961853027
100
AcDbLine
 10
26624.59669015014
 20
55672.98902090399
 30
0.0
 11
20237.06122517211
 21
55672.98902090399
 31
0.0
  0
ARC
  5
981
330
1F
100
AcDbEntity
  8
IE-WIRE
 62
4
 48
25.39999961853027
100
AcDbCircle
 10
26624.59669015014
 20
54141.53805347525
 30
0.0
 40
238.929393486049
100
AcDbArc
 50
0.0
 51
90.0
  0
LINE
  5
982
330
1F
100
AcDbEntity
  8
IE-WIRE
 62
4
 48
25.39999961853027
100
AcDbLine
 10
26624.59669015014
 20
54380.46744696128
 30
0.0
 11
20237.06122517211
 21
54380.46744696128
 31
0.0
  0
ARC
  5
983
330
1F
100
AcDbEntity
  8
IE-WIRE
 62
4
 48
25.39999961853027
100
AcDbCircle
 10
26624.59669015014
 20
52849.01647953093
 30
0.0
 40
238.929393486049
100
AcDbArc
 50
0.0
 51
90.0
  0
LINE
  5
984
330
1F
100
AcDbEntity
  8
IE-WIRE
 62
4
 48
25.39999961853027
100
AcDbLine
 10
26624.59669015014
 20
53087.94587301693
 30
0.0
 11
20237.06122517211
 21
53087.94587301693
 31
0.0
  0
ARC
  5
985
330
1F
100
AcDbEntity
  8
IE-WIRE
 62
4
 48
25.39999961853027
100
AcDbCircle
 10
26624.59669015014
 20
43801.36546192721
 30
0.0
 40
238.929393486049
100
AcDbArc
 50
0.0
 51
90.0
  0
LINE
  5
986
330
1F
100
AcDbEntity
  8
IE-WIRE
 62
4
 48
25.39999961853027
100
AcDbLine
 10
26624.59669015014
 20
44040.29485541323
 30
0.0
 11
20237.06122517211
 21
44040.29485541323
 31
0.0
  0
ARC
  5
987
330
1F
100
AcDbEntity
  8
IE-WIRE
 62
4
 48
25.39999961853027
100
AcDbCircle
 10
26624.59669015014
 20
42508.84388798286
 30
0.0
 40
238.929393486049
100
AcDbArc
 50
0.0
 51
90.0
  0
LINE
  5
988
330
1F
100
AcDbEntity
  8
IE-WIRE
 62
4
 48
25.39999961853027
100
AcDbLine
 10
26624.59669015014
 20
42747.7732814689
 30
0.0
 11
20237.06122517211
 21
42747.7732814689
 31
0.0
  0
ARC
  5
989
330
1F
100
AcDbEntity
  8
IE-WIRE
 62
4
 48
25.39999961853027
100
AcDbCircle
 10
26624.59669015014
 20
41216.32231404016
 30
0.0
 40
238.929393486049
100
AcDbArc
 50
0.0
 51
90.0
  0
LINE
  5
98A
330
1F
100
AcDbEntity
  8
IE-WIRE
 62
4
 48
25.39999961853027
100
AcDbLine
 10
26624.59669015014
 20
41455.25170752617
 30
0.0
 11
20237.06122517211
 21
41455.25170752617
 31
0.0
  0
LINE
  5
98B
330
1F
100
AcDbEntity
  8
IE-WIRE
 62
7
 48
25.39999961853027
100
AcDbLine
 10
20237.06122517211
 20
40162.73013358192
 30
0.0
 11
27252.65284347744
 21
40162.73013358192
 31
0.0
  0
LINE
  5
98C
330
1F
100
AcDbEntity
  8
IE-WIRE
 62
7
 48
25.39999961853027
100
AcDbLine
 10
27490.65284348001
 20
51557.42429907578
 30
0.0
 11
27490.65284347714
 21
38670.35091254758
 31
0.0
  0
ARC
  5
98D
330
1F
100
AcDbEntity
  8
IE-WIRE
 62
7
 48
25.39999961853027
100
AcDbCircle
 10
27252.65284347744
 20
39924.73013358192
 30
0.0
 40
238.0
100
AcDbArc
 50
0.0
 51
90.0
  0
LINE
  5
98E
330
1F
100
AcDbEntity
  8
IE-WIRE
 62
7
 48
25.39999961853027
100
AcDbLine
 10
20237.06122517211
 20
51795.42429907584
 30
0.0
 11
27252.65284348001
 21
51795.42429907584
 31
0.0
  0
ARC
  5
98F
330
1F
100
AcDbEntity
  8
IE-WIRE
 62
7
 48
25.39999961853027
100
AcDbCircle
 10
27252.65284348001
 20
51557.42429907584
 30
0.0
 40
238.0
100
AcDbArc
 50
0.0
 51
90.0
  0
TEXT
  5
990
330
1F
100
AcDbEntity
  8
power
 62
7
100
AcDbText
 10
40814.66898965931
 20
63839.95531389448
 30
0.0
 40
259.5262562322
  1
1
  7
Tahoma
 72
1
 11
40912.10027054165
 21
63969.71844201058
 31
0.0
100
AcDbText
 73
2
  0
CIRCLE
  5
991
330
1F
100
AcDbEntity
  8
power
 62
1
 48
25.39999961853027
100
AcDbCircle
 10
42445.56445722308
 20
63991.40865062052
 30
0.0
 40
82.1741740943103
  0
ARC
  5
992
330
1F
100
AcDbEntity
  8
power
 62
1
 48
25.39999961853027
100
AcDbCircle
 10
42320.37476779156
 20
63918.26212570333
 30
0.0
 40
199.4917990332959
100
AcDbArc
 50
51.1309160074394
 51
171.3253832686642
  0
CIRCLE
  5
993
330
1F
100
AcDbEntity
  8
power
 62
1
 48
25.39999961853027
100
AcDbCircle
 10
41757.20098340156
 20
63991.40865062052
 30
0.0
 40
82.1741740943103
  0
ARC
  5
994
330
1F
100
AcDbEntity
  8
power
 62
1
 48
25.39999961853027
100
AcDbCircle
 10
41933.0403477703
 20
63995.61857592842
 30
0.0
 40
195.9124669169466
100
AcDbArc
 50
206.1633692001464
 51
346.0382736866474
  0
LWPOLYLINE
  5
995
330
1F
100
AcDbEntity
  8
0
 62
1
 48
25.39999961853027
100
AcDbPolyline
 90
4
 70
1
 10
40567.88856340012
 20
63714.69143015661
 10
43409.17515687782
 20
63714.69143015661
 10
43409.17515687782
 20
64251.45673083834
 10
40567.88856340012
 20
64251.45673083834
  0
LWPOLYLINE
  5
996
330
1F
100
AcDbEntity
  8
0
 62
1
 48
25.39999961853027
100
AcDbPolyline
 90
4
 70
1
 10
43409.17515687782
 20
63714.69143015661
 10
43946.00606996872
 20
63714.69143015661
 10
43946.00606996872
 20
64251.45673083834
 10
43409.17515687782
 20
64251.45673083834
  0
LINE
  5
997
330
1F
100
AcDbEntity
  8
0
 62
1
 48
25.39999961853027
100
AcDbLine
 10
43577.70807699792
 20
64082.94440910417
 30
0.0
 11
43777.47314984705
 21
63883.20375189242
 31
0.0
  0
CIRCLE
  5
998
330
1F
100
AcDbEntity
  8
0
 62
1
 48
25.39999961853027
100
AcDbCircle
 10
43677.59061342169
 20
63983.07408049743
 30
0.0
 40
141.2466056886129
  0
LINE
  5
999
330
1F
100
AcDbEntity
  8
0
 62
1
 48
25.39999961853027
100
AcDbLine
 10
43777.47314984545
 20
64082.94440910417
 30
0.0
 11
43577.70807699792
 21
63883.20375189242
 31
0.0
  0
LWPOLYLINE
  5
99A
330
1F
100
AcDbEntity
  8
0
 62
1
 48
25.39999961853027
100
AcDbPolyline
 90
4
 70
1
 10
40031.05765030764
 20
63714.69143015661
 10
40567.88856339853
 20
63714.69143015661
 10
40567.88856339853
 20
64251.45673083834
 10
40031.05765030764
 20
64251.45673083834
  0
LINE
  5
99B
330
1F
100
AcDbEntity
  8
0
 62
1
 48
25.39999961853027
100
AcDbLine
 10
40399.35564327843
 20
64082.94440910417
 30
0.0
 11
40199.59057042932
 21
63883.20375189242
 31
0.0
  0
CIRCLE
  5
99C
330
1F
100
AcDbEntity
  8
0
 62
1
 48
25.39999961853027
100
AcDbCircle
 10
40299.47310685467
 20
63983.07408049743
 30
0.0
 40
141.2466056886129
  0
LINE
  5
99D
330
1F
100
AcDbEntity
  8
0
 62
1
 48
25.39999961853027
100
AcDbLine
 10
40199.59057043091
 20
64082.94440910417
 30
0.0
 11
40399.35564327843
 21
63883.20375189242
 31
0.0
  0
TEXT
  5
99E
330
1F
100
AcDbEntity
  8
power
 62
7
100
AcDbText
 10
40814.66898965931
 20
63303.19001321275
 30
0.0
 40
259.5262562322
  1
2
  7
Tahoma
 72
1
 11
40912.10027054165
 21
63432.95314132885
 31
0.0
100
AcDbText
 73
2
  0
CIRCLE
  5
99F
330
1F
100
AcDbEntity
  8
power
 62
1
 48
25.39999961853027
100
AcDbCircle
 10
42445.56445722308
 20
63454.64334993879
 30
0.0
 40
82.1741740943103
  0
ARC
  5
9A0
330
1F
100
AcDbEntity
  8
power
 62
1
 48
25.39999961853027
100
AcDbCircle
 10
42320.37476779156
 20
63381.4968250216
 30
0.0
 40
199.4917990332959
100
AcDbArc
 50
51.1309160074394
 51
171.3253832686642
  0
CIRCLE
  5
9A1
330
1F
100
AcDbEntity
  8
power
 62
1
 48
25.39999961853027
100
AcDbCircle
 10
41757.20098340156
 20
63454.64334993879
 30
0.0
 40
82.1741740943103
  0
ARC
  5
9A2
330
1F
100
AcDbEntity
  8
power
 62
1
 48
25.39999961853027
100
AcDbCircle
 10
41933.0403477703
 20
63458.85327524669
 30
0.0
 40
195.9124669169466
100
AcDbArc
 50
206.1633692001464
 51
346.038273686652
  0
LWPOLYLINE
  5
9A3
330
1F
100
AcDbEntity
  8
0
 62
1
 48
25.39999961853027
100
AcDbPolyline
 90
4
 70
1
 10
40567.88856340012
 20
63177.92612947489
 10
43409.17515687782
 20
63177.92612947489
 10
43409.17515687782
 20
63714.69143015661
 10
40567.88856340012
 20
63714.69143015661
  0
LWPOLYLINE
  5
9A4
330
1F
100
AcDbEntity
  8
0
 62
1
 48
25.39999961853027
100
AcDbPolyline
 90
4
 70
1
 10
43409.17515687782
 20
63177.92612947489
 10
43946.00606996872
 20
63177.92612947489
 10
43946.00606996872
 20
63714.69143015661
 10
43409.17515687782
 20
63714.69143015661
  0
LINE
  5
9A5
330
1F
100
AcDbEntity
  8
0
 62
1
 48
25.39999961853027
100
AcDbLine
 10
43577.70807699792
 20
63546.17910842245
 30
0.0
 11
43777.47314984705
 21
63346.43845121069
 31
0.0
  0
CIRCLE
  5
9A6
330
1F
100
AcDbEntity
  8
0
 62
1
 48
25.39999961853027
100
AcDbCircle
 10
43677.59061342169
 20
63446.3087798157
 30
0.0
 40
141.2466056886129
  0
LINE
  5
9A7
330
1F
100
AcDbEntity
  8
0
 62
1
 48
25.39999961853027
100
AcDbLine
 10
43777.47314984545
 20
63546.17910842245
 30
0.0
 11
43577.70807699792
 21
63346.43845121069
 31
0.0
  0
LWPOLYLINE
  5
9A8
330
1F
100
AcDbEntity
  8
0
 62
1
 48
25.39999961853027
100
AcDbPolyline
 90
4
 70
1
 10
40031.05765030764
 20
63177.92612947489
 10
40567.88856339853
 20
63177.92612947489
 10
40567.88856339853
 20
63714.69143015661
 10
40031.05765030764
 20
63714.69143015661
  0
LINE
  5
9A9
330
1F
100
AcDbEntity
  8
0
 62
1
 48
25.39999961853027
100
AcDbLine
 10
40399.35564327843
 20
63546.17910842245
 30
0.0
 11
40199.59057042932
 21
63346.43845121069
 31
0.0
  0
CIRCLE
  5
9AA
330
1F
100
AcDbEntity
  8
0
 62
1
 48
25.39999961853027
100
AcDbCircle
 10
40299.47310685467
 20
63446.3087798157
 30
0.0
 40
141.2466056886129
  0
LINE
  5
9AB
330
1F
100
AcDbEntity
  8
0
 62
1
 48
25.39999961853027
100
AcDbLine
 10
40199.59057043091
 20
63546.17910842245
 30
0.0
 11
40399.35564327843
 21
63346.43845121069
 31
0.0
  0
TEXT
  5
9AC
330
1F
100
AcDbEntity
  8
power
 62
7
100
AcDbText
 10
40814.66898965931
 20
62766.42471253102
 30
0.0
 40
259.5262562322
  1
3
  7
Tahoma
 72
1
 11
40912.10027054165
 21
62896.18784064712
 31
0.0
100
AcDbText
 73
2
  0
CIRCLE
  5
9AD
330
1F
100
AcDbEntity
  8
power
 62
1
 48
25.39999961853027
100
AcDbCircle
 10
42445.56445722308
 20
62917.87804925707
 30
0.0
 40
82.1741740943103
  0
ARC
  5
9AE
330
1F
100
AcDbEntity
  8
power
 62
1
 48
25.39999961853027
100
AcDbCircle
 10
42320.37476779156
 20
62844.73152433987
 30
0.0
 40
199.4917990332959
100
AcDbArc
 50
51.1309160074394
 51
171.3253832686642
  0
CIRCLE
  5
9AF
330
1F
100
AcDbEntity
  8
power
 62
1
 48
25.39999961853027
100
AcDbCircle
 10
41757.20098340156
 20
62917.87804925707
 30
0.0
 40
82.1741740943103
  0
ARC
  5
9B0
330
1F
100
AcDbEntity
  8
power
 62
1
 48
25.39999961853027
100
AcDbCircle
 10
41933.0403477703
 20
62922.08797456496
 30
0.0
 40
195.9124669169466
100
AcDbArc
 50
206.1633692001464
 51
346.038273686652
  0
LWPOLYLINE
  5
9B1
330
1F
100
AcDbEntity
  8
0
 62
1
 48
25.39999961853027
100
AcDbPolyline
 90
4
 70
1
 10
40567.88856340012
 20
62641.16082879316
 10
43409.17515687782
 20
62641.16082879316
 10
43409.17515687782
 20
63177.92612947489
 10
40567.88856340012
 20
63177.92612947489
  0
LWPOLYLINE
  5
9B2
330
1F
100
AcDbEntity
  8
0
 62
1
 48
25.39999961853027
100
AcDbPolyline
 90
4
 70
1
 10
43409.17515687782
 20
62641.16082879316
 10
43946.00606996872
 20
62641.16082879316
 10
43946.00606996872
 20
63177.92612947489
 10
43409.17515687782
 20
63177.92612947489
  0
LINE
  5
9B3
330
1F
100
AcDbEntity
  8
0
 62
1
 48
25.39999961853027
100
AcDbLine
 10
43577.70807699792
 20
63009.41380774071
 30
0.0
 11
43777.47314984705
 21
62809.67315052896
 31
0.0
  0
CIRCLE
  5
9B4
330
1F
100
AcDbEntity
  8
0
 62
1
 48
25.39999961853027
100
AcDbCircle
 10
43677.59061342169
 20
62909.54347913398
 30
0.0
 40
141.2466056886129
  0
LINE
  5
9B5
330
1F
100
AcDbEntity
  8
0
 62
1
 48
25.39999961853027
100
AcDbLine
 10
43777.47314984545
 20
63009.41380774071
 30
0.0
 11
43577.70807699792
 21
62809.67315052896
 31
0.0
  0
LWPOLYLINE
  5
9B6
330
1F
100
AcDbEntity
  8
0
 62
1
 48
25.39999961853027
100
AcDbPolyline
 90
4
 70
1
 10
40031.05765030764
 20
62641.16082879316
 10
40567.88856339853
 20
62641.16082879316
 10
40567.88856339853
 20
63177.92612947489
 10
40031.05765030764
 20
63177.92612947489
  0
LINE
  5
9B7
330
1F
100
AcDbEntity
  8
0
 62
1
 48
25.39999961853027
100
AcDbLine
 10
40399.35564327843
 20
63009.41380774071
 30
0.0
 11
40199.59057042932
 21
62809.67315052896
 31
0.0
  0
CIRCLE
  5
9B8
330
1F
100
AcDbEntity
  8
0
 62
1
 48
25.39999961853027
100
AcDbCircle
 10
40299.47310685467
 20
62909.54347913398
 30
0.0
 40
141.2466056886129
  0
LINE
  5
9B9
330
1F
100
AcDbEntity
  8
0
 62
1
 48
25.39999961853027
100
AcDbLine
 10
40199.59057043091
 20
63009.41380774071
 30
0.0
 11
40399.35564327843
 21
62809.67315052896
 31
0.0
  0
TEXT
  5
9BA
330
1F
100
AcDbEntity
  8
power
 62
7
100
AcDbText
 10
40814.66898965931
 20
62229.65941184929
 30
0.0
 40
259.5262562322
  1
4
  7
Tahoma
 72
1
 11
40912.10027054165
 21
62359.4225399654
 31
0.0
100
AcDbText
 73
2
  0
CIRCLE
  5
9BB
330
1F
100
AcDbEntity
  8
power
 62
1
 48
25.39999961853027
100
AcDbCircle
 10
42445.56445722308
 20
62381.11274857533
 30
0.0
 40
82.1741740943103
  0
ARC
  5
9BC
330
1F
100
AcDbEntity
  8
power
 62
1
 48
25.39999961853027
100
AcDbCircle
 10
42320.37476779156
 20
62307.96622365815
 30
0.0
 40
199.4917990332959
100
AcDbArc
 50
51.1309160074394
 51
171.3253832686642
  0
CIRCLE
  5
9BD
330
1F
100
AcDbEntity
  8
power
 62
1
 48
25.39999961853027
100
AcDbCircle
 10
41757.20098340156
 20
62381.11274857533
 30
0.0
 40
82.1741740943103
  0
ARC
  5
9BE
330
1F
100
AcDbEntity
  8
power
 62
1
 48
25.39999961853027
100
AcDbCircle
 10
41933.0403477703
 20
62385.32267388323
 30
0.0
 40
195.9124669169466
100
AcDbArc
 50
206.1633692001464
 51
346.038273686652
  0
LWPOLYLINE
  5
9BF
330
1F
100
AcDbEntity
  8
0
 62
1
 48
25.39999961853027
100
AcDbPolyline
 90
4
 70
1
 10
40567.88856340012
 20
62104.39552811144
 10
43409.17515687782
 20
62104.39552811144
 10
43409.17515687782
 20
62641.16082879316
 10
40567.88856340012
 20
62641.16082879316
  0
LWPOLYLINE
  5
9C0
330
1F
100
AcDbEntity
  8
0
 62
1
 48
25.39999961853027
100
AcDbPolyline
 90
4
 70
1
 10
43409.17515687782
 20
62104.39552811144
 10
43946.00606996872
 20
62104.39552811144
 10
43946.00606996872
 20
62641.16082879316
 10
43409.17515687782
 20
62641.16082879316
  0
LINE
  5
9C1
330
1F
100
AcDbEntity
  8
0
 62
1
 48
25.39999961853027
100
AcDbLine
 10
43577.70807699792
 20
62472.64850705898
 30
0.0
 11
43777.47314984705
 21
62272.90784984723
 31
0.0
  0
CIRCLE
  5
9C2
330
1F
100
AcDbEntity
  8
0
 62
1
 48
25.39999961853027
100
AcDbCircle
 10
43677.59061342169
 20
62372.77817845224
 30
0.0
 40
141.2466056886129
  0
LINE
  5
9C3
330
1F
100
AcDbEntity
  8
0
 62
1
 48
25.39999961853027
100
AcDbLine
 10
43777.47314984545
 20
62472.64850705898
 30
0.0
 11
43577.70807699792
 21
62272.90784984723
 31
0.0
  0
LWPOLYLINE
  5
9C4
330
1F
100
AcDbEntity
  8
0
 62
1
 48
25.39999961853027
100
AcDbPolyline
 90
4
 70
1
 10
40031.05765030764
 20
62104.39552811144
 10
40567.88856339853
 20
62104.39552811144
 10
40567.88856339853
 20
62641.16082879316
 10
40031.05765030764
 20
62641.16082879316
  0
LINE
  5
9C5
330
1F
100
AcDbEntity
  8
0
 62
1
 48
25.39999961853027
100
AcDbLine
 10
40399.35564327843
 20
62472.64850705898
 30
0.0
 11
40199.59057042932
 21
62272.90784984723
 31
0.0
  0
CIRCLE
  5
9C6
330
1F
100
AcDbEntity
  8
0
 62
1
 48
25.39999961853027
100
AcDbCircle
 10
40299.47310685467
 20
62372.77817845224
 30
0.0
 40
141.2466056886129
  0
LINE
  5
9C7
330
1F
100
AcDbEntity
  8
0
 62
1
 48
25.39999961853027
100
AcDbLine
 10
40199.59057043091
 20
62472.64850705898
 30
0.0
 11
40399.35564327843
 21
62272.90784984723
 31
0.0
  0
TEXT
  5
9C8
330
1F
100
AcDbEntity
  8
power
 62
7
100
AcDbText
 10
40814.66898965931
 20
61692.89411116757
 30
0.0
 40
259.5262562322
  1
5
  7
Tahoma
 72
1
 11
40912.10027054165
 21
61822.65723928368
 31
0.0
100
AcDbText
 73
2
  0
CIRCLE
  5
9C9
330
1F
100
AcDbEntity
  8
power
 62
1
 48
25.39999961853027
100
AcDbCircle
 10
42445.56445722308
 20
61844.34744789361
 30
0.0
 40
82.1741740943103
  0
ARC
  5
9CA
330
1F
100
AcDbEntity
  8
power
 62
1
 48
25.39999961853027
100
AcDbCircle
 10
42320.37476779156
 20
61771.20092297642
 30
0.0
 40
199.4917990332959
100
AcDbArc
 50
51.1309160074394
 51
171.3253832686642
  0
CIRCLE
  5
9CB
330
1F
100
AcDbEntity
  8
power
 62
1
 48
25.39999961853027
100
AcDbCircle
 10
41757.20098340156
 20
61844.34744789361
 30
0.0
 40
82.1741740943103
  0
ARC
  5
9CC
330
1F
100
AcDbEntity
  8
power
 62
1
 48
25.39999961853027
100
AcDbCircle
 10
41933.0403477703
 20
61848.5573732015
 30
0.0
 40
195.9124669169466
100
AcDbArc
 50
206.1633692001464
 51
346.038273686652
  0
LWPOLYLINE
  5
9CD
330
1F
100
AcDbEntity
  8
0
 62
1
 48
25.39999961853027
100
AcDbPolyline
 90
4
 70
1
 10
40567.88856340012
 20
61567.6302274297
 10
43409.17515687782
 20
61567.6302274297
 10
43409.17515687782
 20
62104.39552811144
 10
40567.88856340012
 20
62104.39552811144
  0
LWPOLYLINE
  5
9CE
330
1F
100
AcDbEntity
  8
0
 62
1
 48
25.39999961853027
100
AcDbPolyline
 90
4
 70
1
 10
43409.17515687782
 20
61567.6302274297
 10
43946.00606996872
 20
61567.6302274297
 10
43946.00606996872
 20
62104.39552811144
 10
43409.17515687782
 20
62104.39552811144
  0
LINE
  5
9CF
330
1F
100
AcDbEntity
  8
0
 62
1
 48
25.39999961853027
100
AcDbLine
 10
43577.70807699792
 20
61935.88320637726
 30
0.0
 11
43777.47314984705
 21
61736.14254916551
 31
0.0
  0
CIRCLE
  5
9D0
330
1F
100
AcDbEntity
  8
0
 62
1
 48
25.39999961853027
100
AcDbCircle
 10
43677.59061342169
 20
61836.01287777051
 30
0.0
 40
141.2466056886129
  0
LINE
  5
9D1
330
1F
100
AcDbEntity
  8
0
 62
1
 48
25.39999961853027
100
AcDbLine
 10
43777.47314984545
 20
61935.88320637726
 30
0.0
 11
43577.70807699792
 21
61736.14254916551
 31
0.0
  0
LWPOLYLINE
  5
9D2
330
1F
100
AcDbEntity
  8
0
 62
1
 48
25.39999961853027
100
AcDbPolyline
 90
4
 70
1
 10
40031.05765030764
 20
61567.6302274297
 10
40567.88856339853
 20
61567.6302274297
 10
40567.88856339853
 20
62104.39552811144
 10
40031.05765030764
 20
62104.39552811144
  0
LINE
  5
9D3
330
1F
100
AcDbEntity
  8
0
 62
1
 48
25.39999961853027
100
AcDbLine
 10
40399.35564327843
 20
61935.88320637726
 30
0.0
 11
40199.59057042932
 21
61736.14254916551
 31
0.0
  0
CIRCLE
  5
9D4
330
1F
100
AcDbEntity
  8
0
 62
1
 48
25.39999961853027
100
AcDbCircle
 10
40299.47310685467
 20
61836.01287777051
 30
0.0
 40
141.2466056886129
  0
LINE
  5
9D5
330
1F
100
AcDbEntity
  8
0
 62
1
 48
25.39999961853027
100
AcDbLine
 10
40199.59057043091
 20
61935.88320637726
 30
0.0
 11
40399.35564327843
 21
61736.14254916551
 31
0.0
  0
TEXT
  5
9D6
330
1F
100
AcDbEntity
  8
power
 62
7
100
AcDbText
 10
40814.66898965931
 20
61156.12881048584
 30
0.0
 40
259.5262562322
  1
6
  7
Tahoma
 72
1
 11
40912.10027054165
 21
61285.89193860194
 31
0.0
100
AcDbText
 73
2
  0
CIRCLE
  5
9D7
330
1F
100
AcDbEntity
  8
power
 62
1
 48
25.39999961853027
100
AcDbCircle
 10
42445.56445722308
 20
61307.58214721188
 30
0.0
 40
82.1741740943103
  0
ARC
  5
9D8
330
1F
100
AcDbEntity
  8
power
 62
1
 48
25.39999961853027
100
AcDbCircle
 10
42320.37476779156
 20
61234.4356222947
 30
0.0
 40
199.4917990332959
100
AcDbArc
 50
51.1309160074394
 51
171.3253832686622
  0
CIRCLE
  5
9D9
330
1F
100
AcDbEntity
  8
power
 62
1
 48
25.39999961853027
100
AcDbCircle
 10
41757.20098340156
 20
61307.58214721188
 30
0.0
 40
82.1741740943103
  0
ARC
  5
9DA
330
1F
100
AcDbEntity
  8
power
 62
1
 48
25.39999961853027
100
AcDbCircle
 10
41933.0403477703
 20
61311.79207251977
 30
0.0
 40
195.9124669169466
100
AcDbArc
 50
206.1633692001464
 51
346.0382736866541
  0
LWPOLYLINE
  5
9DB
330
1F
100
AcDbEntity
  8
0
 62
1
 48
25.39999961853027
100
AcDbPolyline
 90
4
 70
1
 10
40567.88856340012
 20
61030.86492674798
 10
43409.17515687782
 20
61030.86492674798
 10
43409.17515687782
 20
61567.6302274297
 10
40567.88856340012
 20
61567.6302274297
  0
LWPOLYLINE
  5
9DC
330
1F
100
AcDbEntity
  8
0
 62
1
 48
25.39999961853027
100
AcDbPolyline
 90
4
 70
1
 10
43409.17515687782
 20
61030.86492674798
 10
43946.00606996872
 20
61030.86492674798
 10
43946.00606996872
 20
61567.6302274297
 10
43409.17515687782
 20
61567.6302274297
  0
LINE
  5
9DD
330
1F
100
AcDbEntity
  8
0
 62
1
 48
25.39999961853027
100
AcDbLine
 10
43577.70807699792
 20
61399.11790569553
 30
0.0
 11
43777.47314984705
 21
61199.37724848378
 31
0.0
  0
CIRCLE
  5
9DE
330
1F
100
AcDbEntity
  8
0
 62
1
 48
25.39999961853027
100
AcDbCircle
 10
43677.59061342169
 20
61299.24757708879
 30
0.0
 40
141.2466056886129
  0
LINE
  5
9DF
330
1F
100
AcDbEntity
  8
0
 62
1
 48
25.39999961853027
100
AcDbLine
 10
43777.47314984545
 20
61399.11790569553
 30
0.0
 11
43577.70807699792
 21
61199.37724848378
 31
0.0
  0
LWPOLYLINE
  5
9E0
330
1F
100
AcDbEntity
  8
0
 62
1
 48
25.39999961853027
100
AcDbPolyline
 90
4
 70
1
 10
40031.05765030764
 20
61030.86492674798
 10
40567.88856339853
 20
61030.86492674798
 10
40567.88856339853
 20
61567.6302274297
 10
40031.05765030764
 20
61567.6302274297
  0
LINE
  5
9E1
330
1F
100
AcDbEntity
  8
0
 62
1
 48
25.39999961853027
100
AcDbLine
 10
40399.35564327843
 20
61399.11790569553
 30
0.0
 11
40199.59057042932
 21
61199.37724848378
 31
0.0
  0
CIRCLE
  5
9E2
330
1F
100
AcDbEntity
  8
0
 62
1
 48
25.39999961853027
100
AcDbCircle
 10
40299.47310685467
 20
61299.24757708879
 30
0.0
 40
141.2466056886129
  0
LINE
  5
9E3
330
1F
100
AcDbEntity
  8
0
 62
1
 48
25.39999961853027
100
AcDbLine
 10
40199.59057043091
 20
61399.11790569553
 30
0.0
 11
40399.35564327843
 21
61199.37724848378
 31
0.0
  0
TEXT
  5
9E4
330
1F
100
AcDbEntity
  8
power
 62
7
100
AcDbText
 10
40814.66898965931
 20
60619.36350980411
 30
0.0
 40
259.5262562322
  1
7
  7
Tahoma
 72
1
 11
40912.10027054165
 21
60749.12663792021
 31
0.0
100
AcDbText
 73
2
  0
CIRCLE
  5
9E5
330
1F
100
AcDbEntity
  8
power
 62
1
 48
25.39999961853027
100
AcDbCircle
 10
42445.56445722308
 20
60770.81684653016
 30
0.0
 40
82.1741740943103
  0
ARC
  5
9E6
330
1F
100
AcDbEntity
  8
power
 62
1
 48
25.39999961853027
100
AcDbCircle
 10
42320.37476779156
 20
60697.67032161297
 30
0.0
 40
199.4917990332959
100
AcDbArc
 50
51.1309160074394
 51
171.3253832686642
  0
CIRCLE
  5
9E7
330
1F
100
AcDbEntity
  8
power
 62
1
 48
25.39999961853027
100
AcDbCircle
 10
41757.20098340156
 20
60770.81684653016
 30
0.0
 40
82.1741740943103
  0
ARC
  5
9E8
330
1F
100
AcDbEntity
  8
power
 62
1
 48
25.39999961853027
100
AcDbCircle
 10
41933.0403477703
 20
60775.02677183805
 30
0.0
 40
195.9124669169466
100
AcDbArc
 50
206.1633692001464
 51
346.0382736866541
  0
LWPOLYLINE
  5
9E9
330
1F
100
AcDbEntity
  8
0
 62
1
 48
25.39999961853027
100
AcDbPolyline
 90
4
 70
1
 10
40567.88856340012
 20
60494.09962606625
 10
43409.17515687782
 20
60494.09962606625
 10
43409.17515687782
 20
61030.86492674798
 10
40567.88856340012
 20
61030.86492674798
  0
LWPOLYLINE
  5
9EA
330
1F
100
AcDbEntity
  8
0
 62
1
 48
25.39999961853027
100
AcDbPolyline
 90
4
 70
1
 10
43409.17515687782
 20
60494.09962606625
 10
43946.00606996872
 20
60494.09962606625
 10
43946.00606996872
 20
61030.86492674798
 10
43409.17515687782
 20
61030.86492674798
  0
LINE
  5
9EB
330
1F
100
AcDbEntity
  8
0
 62
1
 48
25.39999961853027
100
AcDbLine
 10
43577.70807699792
 20
60862.3526050138
 30
0.0
 11
43777.47314984705
 21
60662.61194780206
 31
0.0
  0
CIRCLE
  5
9EC
330
1F
100
AcDbEntity
  8
0
 62
1
 48
25.39999961853027
100
AcDbCircle
 10
43677.59061342169
 20
60762.48227640706
 30
0.0
 40
141.2466056886129
  0
LINE
  5
9ED
330
1F
100
AcDbEntity
  8
0
 62
1
 48
25.39999961853027
100
AcDbLine
 10
43777.47314984545
 20
60862.3526050138
 30
0.0
 11
43577.70807699792
 21
60662.61194780206
 31
0.0
  0
LWPOLYLINE
  5
9EE
330
1F
100
AcDbEntity
  8
0
 62
1
 48
25.39999961853027
100
AcDbPolyline
 90
4
 70
1
 10
40031.05765030764
 20
60494.09962606625
 10
40567.88856339853
 20
60494.09962606625
 10
40567.88856339853
 20
61030.86492674798
 10
40031.05765030764
 20
61030.86492674798
  0
LINE
  5
9EF
330
1F
100
AcDbEntity
  8
0
 62
1
 48
25.39999961853027
100
AcDbLine
 10
40399.35564327843
 20
60862.3526050138
 30
0.0
 11
40199.59057042932
 21
60662.61194780206
 31
0.0
  0
CIRCLE
  5
9F0
330
1F
100
AcDbEntity
  8
0
 62
1
 48
25.39999961853027
100
AcDbCircle
 10
40299.47310685467
 20
60762.48227640706
 30
0.0
 40
141.2466056886129
  0
LINE
  5
9F1
330
1F
100
AcDbEntity
  8
0
 62
1
 48
25.39999961853027
100
AcDbLine
 10
40199.59057043091
 20
60862.3526050138
 30
0.0
 11
40399.35564327843
 21
60662.61194780206
 31
0.0
  0
TEXT
  5
9F2
330
1F
100
AcDbEntity
  8
power
 62
7
100
AcDbText
 10
40814.66898965931
 20
60082.59820912239
 30
0.0
 40
259.5262562322
  1
8
  7
Tahoma
 72
1
 11
40912.10027054165
 21
60212.36133723849
 31
0.0
100
AcDbText
 73
2
  0
CIRCLE
  5
9F3
330
1F
100
AcDbEntity
  8
power
 62
1
 48
25.39999961853027
100
AcDbCircle
 10
42445.56445722308
 20
60234.05154584843
 30
0.0
 40
82.1741740943103
  0
ARC
  5
9F4
330
1F
100
AcDbEntity
  8
power
 62
1
 48
25.39999961853027
100
AcDbCircle
 10
42320.37476779156
 20
60160.90502093123
 30
0.0
 40
199.4917990332959
100
AcDbArc
 50
51.1309160074394
 51
171.3253832686642
  0
CIRCLE
  5
9F5
330
1F
100
AcDbEntity
  8
power
 62
1
 48
25.39999961853027
100
AcDbCircle
 10
41757.20098340156
 20
60234.05154584843
 30
0.0
 40
82.1741740943103
  0
ARC
  5
9F6
330
1F
100
AcDbEntity
  8
power
 62
1
 48
25.39999961853027
100
AcDbCircle
 10
41933.0403477703
 20
60238.26147115632
 30
0.0
 40
195.9124669169466
100
AcDbArc
 50
206.1633692001464
 51
346.0382736866541
  0
LWPOLYLINE
  5
9F7
330
1F
100
AcDbEntity
  8
0
 62
1
 48
25.39999961853027
100
AcDbPolyline
 90
4
 70
1
 10
40567.88856340012
 20
59957.33432538452
 10
43409.17515687782
 20
59957.33432538452
 10
43409.17515687782
 20
60494.09962606625
 10
40567.88856340012
 20
60494.09962606625
  0
LWPOLYLINE
  5
9F8
330
1F
100
AcDbEntity
  8
0
 62
1
 48
25.39999961853027
100
AcDbPolyline
 90
4
 70
1
 10
43409.17515687782
 20
59957.33432538452
 10
43946.00606996872
 20
59957.33432538452
 10
43946.00606996872
 20
60494.09962606625
 10
43409.17515687782
 20
60494.09962606625
  0
LINE
  5
9F9
330
1F
100
AcDbEntity
  8
0
 62
1
 48
25.39999961853027
100
AcDbLine
 10
43577.70807699792
 20
60325.58730433208
 30
0.0
 11
43777.47314984705
 21
60125.84664712033
 31
0.0
  0
CIRCLE
  5
9FA
330
1F
100
AcDbEntity
  8
0
 62
1
 48
25.39999961853027
100
AcDbCircle
 10
43677.59061342169
 20
60225.71697572534
 30
0.0
 40
141.2466056886129
  0
LINE
  5
9FB
330
1F
100
AcDbEntity
  8
0
 62
1
 48
25.39999961853027
100
AcDbLine
 10
43777.47314984545
 20
60325.58730433208
 30
0.0
 11
43577.70807699792
 21
60125.84664712033
 31
0.0
  0
LWPOLYLINE
  5
9FC
330
1F
100
AcDbEntity
  8
0
 62
1
 48
25.39999961853027
100
AcDbPolyline
 90
4
 70
1
 10
40031.05765030764
 20
59957.33432538452
 10
40567.88856339853
 20
59957.33432538452
 10
40567.88856339853
 20
60494.09962606625
 10
40031.05765030764
 20
60494.09962606625
  0
LINE
  5
9FD
330
1F
100
AcDbEntity
  8
0
 62
1
 48
25.39999961853027
100
AcDbLine
 10
40399.35564327843
 20
60325.58730433208
 30
0.0
 11
40199.59057042932
 21
60125.84664712033
 31
0.0
  0
CIRCLE
  5
9FE
330
1F
100
AcDbEntity
  8
0
 62
1
 48
25.39999961853027
100
AcDbCircle
 10
40299.47310685467
 20
60225.71697572534
 30
0.0
 40
141.2466056886129
  0
LINE
  5
9FF
330
1F
100
AcDbEntity
  8
0
 62
1
 48
25.39999961853027
100
AcDbLine
 10
40199.59057043091
 20
60325.58730433208
 30
0.0
 11
40399.35564327843
 21
60125.84664712033
 31
0.0
  0
TEXT
  5
A00
330
1F
100
AcDbEntity
  8
power
 62
7
100
AcDbText
 10
40814.66898965931
 20
59545.83290844066
 30
0.0
 40
259.5262562322
  1
9
  7
Tahoma
 72
1
 11
40912.10027054165
 21
59675.59603655676
 31
0.0
100
AcDbText
 73
2
  0
CIRCLE
  5
A01
330
1F
100
AcDbEntity
  8
power
 62
1
 48
25.39999961853027
100
AcDbCircle
 10
42445.56445722308
 20
59697.2862451667
 30
0.0
 40
82.1741740943103
  0
ARC
  5
A02
330
1F
100
AcDbEntity
  8
power
 62
1
 48
25.39999961853027
100
AcDbCircle
 10
42320.37476779156
 20
59624.13972024951
 30
0.0
 40
199.4917990332959
100
AcDbArc
 50
51.1309160074394
 51
171.3253832686642
  0
CIRCLE
  5
A03
330
1F
100
AcDbEntity
  8
power
 62
1
 48
25.39999961853027
100
AcDbCircle
 10
41757.20098340156
 20
59697.2862451667
 30
0.0
 40
82.1741740943103
  0
ARC
  5
A04
330
1F
100
AcDbEntity
  8
power
 62
1
 48
25.39999961853027
100
AcDbCircle
 10
41933.0403477703
 20
59701.4961704746
 30
0.0
 40
195.9124669169466
100
AcDbArc
 50
206.1633692001464
 51
346.038273686652
  0
LWPOLYLINE
  5
A05
330
1F
100
AcDbEntity
  8
0
 62
1
 48
25.39999961853027
100
AcDbPolyline
 90
4
 70
1
 10
40567.88856340012
 20
59420.56902470279
 10
43409.17515687782
 20
59420.56902470279
 10
43409.17515687782
 20
59957.33432538452
 10
40567.88856340012
 20
59957.33432538452
  0
LWPOLYLINE
  5
A06
330
1F
100
AcDbEntity
  8
0
 62
1
 48
25.39999961853027
100
AcDbPolyline
 90
4
 70
1
 10
43409.17515687782
 20
59420.56902470279
 10
43946.00606996872
 20
59420.56902470279
 10
43946.00606996872
 20
59957.33432538452
 10
43409.17515687782
 20
59957.33432538452
  0
LINE
  5
A07
330
1F
100
AcDbEntity
  8
0
 62
1
 48
25.39999961853027
100
AcDbLine
 10
43577.70807699792
 20
59788.82200365035
 30
0.0
 11
43777.47314984705
 21
59589.08134643859
 31
0.0
  0
CIRCLE
  5
A08
330
1F
100
AcDbEntity
  8
0
 62
1
 48
25.39999961853027
100
AcDbCircle
 10
43677.59061342169
 20
59688.95167504361
 30
0.0
 40
141.2466056886129
  0
LINE
  5
A09
330
1F
100
AcDbEntity
  8
0
 62
1
 48
25.39999961853027
100
AcDbLine
 10
43777.47314984545
 20
59788.82200365035
 30
0.0
 11
43577.70807699792
 21
59589.08134643859
 31
0.0
  0
LWPOLYLINE
  5
A0A
330
1F
100
AcDbEntity
  8
0
 62
1
 48
25.39999961853027
100
AcDbPolyline
 90
4
 70
1
 10
40031.05765030764
 20
59420.56902470279
 10
40567.88856339853
 20
59420.56902470279
 10
40567.88856339853
 20
59957.33432538452
 10
40031.05765030764
 20
59957.33432538452
  0
LINE
  5
A0B
330
1F
100
AcDbEntity
  8
0
 62
1
 48
25.39999961853027
100
AcDbLine
 10
40399.35564327843
 20
59788.82200365035
 30
0.0
 11
40199.59057042932
 21
59589.08134643859
 31
0.0
  0
CIRCLE
  5
A0C
330
1F
100
AcDbEntity
  8
0
 62
1
 48
25.39999961853027
100
AcDbCircle
 10
40299.47310685467
 20
59688.95167504361
 30
0.0
 40
141.2466056886129
  0
LINE
  5
A0D
330
1F
100
AcDbEntity
  8
0
 62
1
 48
25.39999961853027
100
AcDbLine
 10
40199.59057043091
 20
59788.82200365035
 30
0.0
 11
40399.35564327843
 21
59589.08134643859
 31
0.0
  0
TEXT
  5
A0E
330
1F
100
AcDbEntity
  8
power
 62
7
100
AcDbText
 10
40717.23770877697
 20
59009.06760775893
 30
0.0
 40
259.5262562322
  1
10
  7
Tahoma
 72
1
 11
40912.10027054165
 21
59138.83073587503
 31
0.0
100
AcDbText
 73
2
  0
CIRCLE
  5
A0F
330
1F
100
AcDbEntity
  8
power
 62
1
 48
25.39999961853027
100
AcDbCircle
 10
42445.56445722308
 20
59160.52094448498
 30
0.0
 40
82.1741740943103
  0
ARC
  5
A10
330
1F
100
AcDbEntity
  8
power
 62
1
 48
25.39999961853027
100
AcDbCircle
 10
42320.37476779156
 20
59087.37441956779
 30
0.0
 40
199.4917990332959
100
AcDbArc
 50
51.1309160074394
 51
171.3253832686642
  0
CIRCLE
  5
A11
330
1F
100
AcDbEntity
  8
power
 62
1
 48
25.39999961853027
100
AcDbCircle
 10
41757.20098340156
 20
59160.52094448498
 30
0.0
 40
82.1741740943103
  0
ARC
  5
A12
330
1F
100
AcDbEntity
  8
power
 62
1
 48
25.39999961853027
100
AcDbCircle
 10
41933.0403477703
 20
59164.73086979287
 30
0.0
 40
195.9124669169466
100
AcDbArc
 50
206.1633692001464
 51
346.0382736866541
  0
LWPOLYLINE
  5
A13
330
1F
100
AcDbEntity
  8
0
 62
1
 48
25.39999961853027
100
AcDbPolyline
 90
4
 70
1
 10
40567.88856340012
 20
58883.80372402107
 10
43409.17515687782
 20
58883.80372402107
 10
43409.17515687782
 20
59420.56902470279
 10
40567.88856340012
 20
59420.56902470279
  0
LWPOLYLINE
  5
A14
330
1F
100
AcDbEntity
  8
0
 62
1
 48
25.39999961853027
100
AcDbPolyline
 90
4
 70
1
 10
43409.17515687782
 20
58883.80372402107
 10
43946.00606996872
 20
58883.80372402107
 10
43946.00606996872
 20
59420.56902470279
 10
43409.17515687782
 20
59420.56902470279
  0
LINE
  5
A15
330
1F
100
AcDbEntity
  8
0
 62
1
 48
25.39999961853027
100
AcDbLine
 10
43577.70807699792
 20
59252.05670296863
 30
0.0
 11
43777.47314984705
 21
59052.31604575687
 31
0.0
  0
CIRCLE
  5
A16
330
1F
100
AcDbEntity
  8
0
 62
1
 48
25.39999961853027
100
AcDbCircle
 10
43677.59061342169
 20
59152.18637436188
 30
0.0
 40
141.2466056886129
  0
LINE
  5
A17
330
1F
100
AcDbEntity
  8
0
 62
1
 48
25.39999961853027
100
AcDbLine
 10
43777.47314984545
 20
59252.05670296863
 30
0.0
 11
43577.70807699792
 21
59052.31604575687
 31
0.0
  0
LWPOLYLINE
  5
A18
330
1F
100
AcDbEntity
  8
0
 62
1
 48
25.39999961853027
100
AcDbPolyline
 90
4
 70
1
 10
40031.05765030764
 20
58883.80372402107
 10
40567.88856339853
 20
58883.80372402107
 10
40567.88856339853
 20
59420.56902470279
 10
40031.05765030764
 20
59420.56902470279
  0
LINE
  5
A19
330
1F
100
AcDbEntity
  8
0
 62
1
 48
25.39999961853027
100
AcDbLine
 10
40399.35564327843
 20
59252.05670296863
 30
0.0
 11
40199.59057042932
 21
59052.31604575687
 31
0.0
  0
CIRCLE
  5
A1A
330
1F
100
AcDbEntity
  8
0
 62
1
 48
25.39999961853027
100
AcDbCircle
 10
40299.47310685467
 20
59152.18637436188
 30
0.0
 40
141.2466056886129
  0
LINE
  5
A1B
330
1F
100
AcDbEntity
  8
0
 62
1
 48
25.39999961853027
100
AcDbLine
 10
40199.59057043091
 20
59252.05670296863
 30
0.0
 11
40399.35564327843
 21
59052.31604575687
 31
0.0
  0
TEXT
  5
A1C
330
1F
100
AcDbEntity
  8
power
 62
7
100
AcDbText
 10
40717.23770877697
 20
58472.3023070772
 30
0.0
 40
259.5262562322
  1
11
  7
Tahoma
 72
1
 11
40912.10027054165
 21
58602.0654351933
 31
0.0
100
AcDbText
 73
2
  0
CIRCLE
  5
A1D
330
1F
100
AcDbEntity
  8
power
 62
1
 48
25.39999961853027
100
AcDbCircle
 10
42445.56445722308
 20
58623.75564380325
 30
0.0
 40
82.1741740943103
  0
ARC
  5
A1E
330
1F
100
AcDbEntity
  8
power
 62
1
 48
25.39999961853027
100
AcDbCircle
 10
42320.37476779156
 20
58550.60911888606
 30
0.0
 40
199.4917990332959
100
AcDbArc
 50
51.1309160074394
 51
171.3253832686622
  0
CIRCLE
  5
A1F
330
1F
100
AcDbEntity
  8
power
 62
1
 48
25.39999961853027
100
AcDbCircle
 10
41757.20098340156
 20
58623.75564380325
 30
0.0
 40
82.1741740943103
  0
ARC
  5
A20
330
1F
100
AcDbEntity
  8
power
 62
1
 48
25.39999961853027
100
AcDbCircle
 10
41933.0403477703
 20
58627.96556911113
 30
0.0
 40
195.9124669169466
100
AcDbArc
 50
206.1633692001464
 51
346.0382736866541
  0
LWPOLYLINE
  5
A21
330
1F
100
AcDbEntity
  8
0
 62
1
 48
25.39999961853027
100
AcDbPolyline
 90
4
 70
1
 10
40567.88856340012
 20
58347.03842333934
 10
43409.17515687782
 20
58347.03842333934
 10
43409.17515687782
 20
58883.80372402107
 10
40567.88856340012
 20
58883.80372402107
  0
LWPOLYLINE
  5
A22
330
1F
100
AcDbEntity
  8
0
 62
1
 48
25.39999961853027
100
AcDbPolyline
 90
4
 70
1
 10
43409.17515687782
 20
58347.03842333934
 10
43946.00606996872
 20
58347.03842333934
 10
43946.00606996872
 20
58883.80372402107
 10
43409.17515687782
 20
58883.80372402107
  0
LINE
  5
A23
330
1F
100
AcDbEntity
  8
0
 62
1
 48
25.39999961853027
100
AcDbLine
 10
43577.70807699792
 20
58715.29140228689
 30
0.0
 11
43777.47314984705
 21
58515.55074507515
 31
0.0
  0
CIRCLE
  5
A24
330
1F
100
AcDbEntity
  8
0
 62
1
 48
25.39999961853027
100
AcDbCircle
 10
43677.59061342169
 20
58615.42107368015
 30
0.0
 40
141.2466056886129
  0
LINE
  5
A25
330
1F
100
AcDbEntity
  8
0
 62
1
 48
25.39999961853027
100
AcDbLine
 10
43777.47314984545
 20
58715.29140228689
 30
0.0
 11
43577.70807699792
 21
58515.55074507515
 31
0.0
  0
LWPOLYLINE
  5
A26
330
1F
100
AcDbEntity
  8
0
 62
1
 48
25.39999961853027
100
AcDbPolyline
 90
4
 70
1
 10
40031.05765030764
 20
58347.03842333934
 10
40567.88856339853
 20
58347.03842333934
 10
40567.88856339853
 20
58883.80372402107
 10
40031.05765030764
 20
58883.80372402107
  0
LINE
  5
A27
330
1F
100
AcDbEntity
  8
0
 62
1
 48
25.39999961853027
100
AcDbLine
 10
40399.35564327843
 20
58715.29140228689
 30
0.0
 11
40199.59057042932
 21
58515.55074507515
 31
0.0
  0
CIRCLE
  5
A28
330
1F
100
AcDbEntity
  8
0
 62
1
 48
25.39999961853027
100
AcDbCircle
 10
40299.47310685467
 20
58615.42107368015
 30
0.0
 40
141.2466056886129
  0
LINE
  5
A29
330
1F
100
AcDbEntity
  8
0
 62
1
 48
25.39999961853027
100
AcDbLine
 10
40199.59057043091
 20
58715.29140228689
 30
0.0
 11
40399.35564327843
 21
58515.55074507515
 31
0.0
  0
TEXT
  5
A2A
330
1F
100
AcDbEntity
  8
power
 62
7
100
AcDbText
 10
40717.23770877697
 20
57935.53700639548
 30
0.0
 40
259.5262562322
  1
12
  7
Tahoma
 72
1
 11
40912.10027054165
 21
58065.30013451158
 31
0.0
100
AcDbText
 73
2
  0
CIRCLE
  5
A2B
330
1F
100
AcDbEntity
  8
power
 62
1
 48
25.39999961853027
100
AcDbCircle
 10
42445.56445722308
 20
58086.99034312153
 30
0.0
 40
82.1741740943103
  0
ARC
  5
A2C
330
1F
100
AcDbEntity
  8
power
 62
1
 48
25.39999961853027
100
AcDbCircle
 10
42320.37476779156
 20
58013.84381820433
 30
0.0
 40
199.4917990332959
100
AcDbArc
 50
51.1309160074394
 51
171.3253832686642
  0
CIRCLE
  5
A2D
330
1F
100
AcDbEntity
  8
power
 62
1
 48
25.39999961853027
100
AcDbCircle
 10
41757.20098340156
 20
58086.99034312153
 30
0.0
 40
82.1741740943103
  0
ARC
  5
A2E
330
1F
100
AcDbEntity
  8
power
 62
1
 48
25.39999961853027
100
AcDbCircle
 10
41933.0403477703
 20
58091.20026842941
 30
0.0
 40
195.9124669169466
100
AcDbArc
 50
206.1633692001464
 51
346.0382736866541
  0
LWPOLYLINE
  5
A2F
330
1F
100
AcDbEntity
  8
0
 62
1
 48
25.39999961853027
100
AcDbPolyline
 90
4
 70
1
 10
40567.88856340012
 20
57810.27312265762
 10
43409.17515687782
 20
57810.27312265762
 10
43409.17515687782
 20
58347.03842333934
 10
40567.88856340012
 20
58347.03842333934
  0
LWPOLYLINE
  5
A30
330
1F
100
AcDbEntity
  8
0
 62
1
 48
25.39999961853027
100
AcDbPolyline
 90
4
 70
1
 10
43409.17515687782
 20
57810.27312265762
 10
43946.00606996872
 20
57810.27312265762
 10
43946.00606996872
 20
58347.03842333934
 10
43409.17515687782
 20
58347.03842333934
  0
LINE
  5
A31
330
1F
100
AcDbEntity
  8
0
 62
1
 48
25.39999961853027
100
AcDbLine
 10
43577.70807699792
 20
58178.52610160517
 30
0.0
 11
43777.47314984705
 21
57978.78544439343
 31
0.0
  0
CIRCLE
  5
A32
330
1F
100
AcDbEntity
  8
0
 62
1
 48
25.39999961853027
100
AcDbCircle
 10
43677.59061342169
 20
58078.65577299843
 30
0.0
 40
141.2466056886129
  0
LINE
  5
A33
330
1F
100
AcDbEntity
  8
0
 62
1
 48
25.39999961853027
100
AcDbLine
 10
43777.47314984545
 20
58178.52610160517
 30
0.0
 11
43577.70807699792
 21
57978.78544439343
 31
0.0
  0
LWPOLYLINE
  5
A34
330
1F
100
AcDbEntity
  8
0
 62
1
 48
25.39999961853027
100
AcDbPolyline
 90
4
 70
1
 10
40031.05765030764
 20
57810.27312265762
 10
40567.88856339853
 20
57810.27312265762
 10
40567.88856339853
 20
58347.03842333934
 10
40031.05765030764
 20
58347.03842333934
  0
LINE
  5
A35
330
1F
100
AcDbEntity
  8
0
 62
1
 48
25.39999961853027
100
AcDbLine
 10
40399.35564327843
 20
58178.52610160517
 30
0.0
 11
40199.59057042932
 21
57978.78544439343
 31
0.0
  0
CIRCLE
  5
A36
330
1F
100
AcDbEntity
  8
0
 62
1
 48
25.39999961853027
100
AcDbCircle
 10
40299.47310685467
 20
58078.65577299843
 30
0.0
 40
141.2466056886129
  0
LINE
  5
A37
330
1F
100
AcDbEntity
  8
0
 62
1
 48
25.39999961853027
100
AcDbLine
 10
40199.59057043091
 20
58178.52610160517
 30
0.0
 11
40399.35564327843
 21
57978.78544439343
 31
0.0
  0
TEXT
  5
A38
330
1F
100
AcDbEntity
  8
power
 62
7
100
AcDbText
 10
40717.23770877697
 20
57398.77170571376
 30
0.0
 40
259.5262562322
  1
13
  7
Tahoma
 72
1
 11
40912.10027054165
 21
57528.53483382986
 31
0.0
100
AcDbText
 73
2
  0
CIRCLE
  5
A39
330
1F
100
AcDbEntity
  8
power
 62
1
 48
25.39999961853027
100
AcDbCircle
 10
42445.56445722308
 20
57550.22504243979
 30
0.0
 40
82.1741740943103
  0
ARC
  5
A3A
330
1F
100
AcDbEntity
  8
power
 62
1
 48
25.39999961853027
100
AcDbCircle
 10
42320.37476779156
 20
57477.0785175226
 30
0.0
 40
199.4917990332959
100
AcDbArc
 50
51.1309160074394
 51
171.3253832686642
  0
CIRCLE
  5
A3B
330
1F
100
AcDbEntity
  8
power
 62
1
 48
25.39999961853027
100
AcDbCircle
 10
41757.20098340156
 20
57550.22504243979
 30
0.0
 40
82.1741740943103
  0
ARC
  5
A3C
330
1F
100
AcDbEntity
  8
power
 62
1
 48
25.39999961853027
100
AcDbCircle
 10
41933.0403477703
 20
57554.43496774769
 30
0.0
 40
195.9124669169466
100
AcDbArc
 50
206.1633692001464
 51
346.038273686652
  0
LWPOLYLINE
  5
A3D
330
1F
100
AcDbEntity
  8
0
 62
1
 48
25.39999961853027
100
AcDbPolyline
 90
4
 70
1
 10
40567.88856340012
 20
57273.50782197589
 10
43409.17515687782
 20
57273.50782197589
 10
43409.17515687782
 20
57810.27312265762
 10
40567.88856340012
 20
57810.27312265762
  0
LWPOLYLINE
  5
A3E
330
1F
100
AcDbEntity
  8
0
 62
1
 48
25.39999961853027
100
AcDbPolyline
 90
4
 70
1
 10
43409.17515687782
 20
57273.50782197589
 10
43946.00606996872
 20
57273.50782197589
 10
43946.00606996872
 20
57810.27312265762
 10
43409.17515687782
 20
57810.27312265762
  0
LINE
  5
A3F
330
1F
100
AcDbEntity
  8
0
 62
1
 48
25.39999961853027
100
AcDbLine
 10
43577.70807699792
 20
57641.76080092344
 30
0.0
 11
43777.47314984705
 21
57442.02014371169
 31
0.0
  0
CIRCLE
  5
A40
330
1F
100
AcDbEntity
  8
0
 62
1
 48
25.39999961853027
100
AcDbCircle
 10
43677.59061342169
 20
57541.89047231669
 30
0.0
 40
141.2466056886129
  0
LINE
  5
A41
330
1F
100
AcDbEntity
  8
0
 62
1
 48
25.39999961853027
100
AcDbLine
 10
43777.47314984545
 20
57641.76080092344
 30
0.0
 11
43577.70807699792
 21
57442.02014371169
 31
0.0
  0
LWPOLYLINE
  5
A42
330
1F
100
AcDbEntity
  8
0
 62
1
 48
25.39999961853027
100
AcDbPolyline
 90
4
 70
1
 10
40031.05765030764
 20
57273.50782197589
 10
40567.88856339853
 20
57273.50782197589
 10
40567.88856339853
 20
57810.27312265762
 10
40031.05765030764
 20
57810.27312265762
  0
LINE
  5
A43
330
1F
100
AcDbEntity
  8
0
 62
1
 48
25.39999961853027
100
AcDbLine
 10
40399.35564327843
 20
57641.76080092344
 30
0.0
 11
40199.59057042932
 21
57442.02014371169
 31
0.0
  0
CIRCLE
  5
A44
330
1F
100
AcDbEntity
  8
0
 62
1
 48
25.39999961853027
100
AcDbCircle
 10
40299.47310685467
 20
57541.89047231669
 30
0.0
 40
141.2466056886129
  0
LINE
  5
A45
330
1F
100
AcDbEntity
  8
0
 62
1
 48
25.39999961853027
100
AcDbLine
 10
40199.59057043091
 20
57641.76080092344
 30
0.0
 11
40399.35564327843
 21
57442.02014371169
 31
0.0
  0
TEXT
  5
A46
330
1F
100
AcDbEntity
  8
power
 62
7
100
AcDbText
 10
40717.23770877697
 20
56862.00640503202
 30
0.0
 40
259.5262562322
  1
14
  7
Tahoma
 72
1
 11
40912.10027054165
 21
56991.76953314812
 31
0.0
100
AcDbText
 73
2
  0
CIRCLE
  5
A47
330
1F
100
AcDbEntity
  8
power
 62
1
 48
25.39999961853027
100
AcDbCircle
 10
42445.56445722308
 20
57013.45974175807
 30
0.0
 40
82.1741740943103
  0
ARC
  5
A48
330
1F
100
AcDbEntity
  8
power
 62
1
 48
25.39999961853027
100
AcDbCircle
 10
42320.37476779156
 20
56940.31321684088
 30
0.0
 40
199.4917990332959
100
AcDbArc
 50
51.1309160074394
 51
171.3253832686642
  0
CIRCLE
  5
A49
330
1F
100
AcDbEntity
  8
power
 62
1
 48
25.39999961853027
100
AcDbCircle
 10
41757.20098340156
 20
57013.45974175807
 30
0.0
 40
82.1741740943103
  0
ARC
  5
A4A
330
1F
100
AcDbEntity
  8
power
 62
1
 48
25.39999961853027
100
AcDbCircle
 10
41933.0403477703
 20
57017.66966706597
 30
0.0
 40
195.9124669169466
100
AcDbArc
 50
206.1633692001464
 51
346.0382736866541
  0
LWPOLYLINE
  5
A4B
330
1F
100
AcDbEntity
  8
0
 62
1
 48
25.39999961853027
100
AcDbPolyline
 90
4
 70
1
 10
40567.88856340012
 20
56736.74252129416
 10
43409.17515687782
 20
56736.74252129416
 10
43409.17515687782
 20
57273.50782197589
 10
40567.88856340012
 20
57273.50782197589
  0
LWPOLYLINE
  5
A4C
330
1F
100
AcDbEntity
  8
0
 62
1
 48
25.39999961853027
100
AcDbPolyline
 90
4
 70
1
 10
43409.17515687782
 20
56736.74252129416
 10
43946.00606996872
 20
56736.74252129416
 10
43946.00606996872
 20
57273.50782197589
 10
43409.17515687782
 20
57273.50782197589
  0
LINE
  5
A4D
330
1F
100
AcDbEntity
  8
0
 62
1
 48
25.39999961853027
100
AcDbLine
 10
43577.70807699792
 20
57104.99550024171
 30
0.0
 11
43777.47314984705
 21
56905.25484302996
 31
0.0
  0
CIRCLE
  5
A4E
330
1F
100
AcDbEntity
  8
0
 62
1
 48
25.39999961853027
100
AcDbCircle
 10
43677.59061342169
 20
57005.12517163497
 30
0.0
 40
141.2466056886129
  0
LINE
  5
A4F
330
1F
100
AcDbEntity
  8
0
 62
1
 48
25.39999961853027
100
AcDbLine
 10
43777.47314984545
 20
57104.99550024171
 30
0.0
 11
43577.70807699792
 21
56905.25484302996
 31
0.0
  0
LWPOLYLINE
  5
A50
330
1F
100
AcDbEntity
  8
0
 62
1
 48
25.39999961853027
100
AcDbPolyline
 90
4
 70
1
 10
40031.05765030764
 20
56736.74252129416
 10
40567.88856339853
 20
56736.74252129416
 10
40567.88856339853
 20
57273.50782197589
 10
40031.05765030764
 20
57273.50782197589
  0
LINE
  5
A51
330
1F
100
AcDbEntity
  8
0
 62
1
 48
25.39999961853027
100
AcDbLine
 10
40399.35564327843
 20
57104.99550024171
 30
0.0
 11
40199.59057042932
 21
56905.25484302996
 31
0.0
  0
CIRCLE
  5
A52
330
1F
100
AcDbEntity
  8
0
 62
1
 48
25.39999961853027
100
AcDbCircle
 10
40299.47310685467
 20
57005.12517163497
 30
0.0
 40
141.2466056886129
  0
LINE
  5
A53
330
1F
100
AcDbEntity
  8
0
 62
1
 48
25.39999961853027
100
AcDbLine
 10
40199.59057043091
 20
57104.99550024171
 30
0.0
 11
40399.35564327843
 21
56905.25484302996
 31
0.0
  0
TEXT
  5
A54
330
1F
100
AcDbEntity
  8
power
 62
7
100
AcDbText
 10
40717.23770877697
 20
56325.24110435029
 30
0.0
 40
259.5262562322
  1
15
  7
Tahoma
 72
1
 11
40912.10027054165
 21
56455.0042324664
 31
0.0
100
AcDbText
 73
2
  0
CIRCLE
  5
A55
330
1F
100
AcDbEntity
  8
power
 62
1
 48
25.39999961853027
100
AcDbCircle
 10
42445.56445722308
 20
56476.69444107634
 30
0.0
 40
82.1741740943103
  0
ARC
  5
A56
330
1F
100
AcDbEntity
  8
power
 62
1
 48
25.39999961853027
100
AcDbCircle
 10
42320.37476779156
 20
56403.54791615915
 30
0.0
 40
199.4917990332959
100
AcDbArc
 50
51.1309160074394
 51
171.3253832686642
  0
CIRCLE
  5
A57
330
1F
100
AcDbEntity
  8
power
 62
1
 48
25.39999961853027
100
AcDbCircle
 10
41757.20098340156
 20
56476.69444107634
 30
0.0
 40
82.1741740943103
  0
ARC
  5
A58
330
1F
100
AcDbEntity
  8
power
 62
1
 48
25.39999961853027
100
AcDbCircle
 10
41933.0403477703
 20
56480.90436638423
 30
0.0
 40
195.9124669169466
100
AcDbArc
 50
206.1633692001464
 51
346.0382736866541
  0
LWPOLYLINE
  5
A59
330
1F
100
AcDbEntity
  8
0
 62
1
 48
25.39999961853027
100
AcDbPolyline
 90
4
 70
1
 10
40567.88856340012
 20
56199.97722061243
 10
43409.17515687782
 20
56199.97722061243
 10
43409.17515687782
 20
56736.74252129416
 10
40567.88856340012
 20
56736.74252129416
  0
LWPOLYLINE
  5
A5A
330
1F
100
AcDbEntity
  8
0
 62
1
 48
25.39999961853027
100
AcDbPolyline
 90
4
 70
1
 10
43409.17515687782
 20
56199.97722061243
 10
43946.00606996872
 20
56199.97722061243
 10
43946.00606996872
 20
56736.74252129416
 10
43409.17515687782
 20
56736.74252129416
  0
LINE
  5
A5B
330
1F
100
AcDbEntity
  8
0
 62
1
 48
25.39999961853027
100
AcDbLine
 10
43577.70807699792
 20
56568.23019955999
 30
0.0
 11
43777.47314984705
 21
56368.48954234824
 31
0.0
  0
CIRCLE
  5
A5C
330
1F
100
AcDbEntity
  8
0
 62
1
 48
25.39999961853027
100
AcDbCircle
 10
43677.59061342169
 20
56468.35987095325
 30
0.0
 40
141.2466056886129
  0
LINE
  5
A5D
330
1F
100
AcDbEntity
  8
0
 62
1
 48
25.39999961853027
100
AcDbLine
 10
43777.47314984545
 20
56568.23019955999
 30
0.0
 11
43577.70807699792
 21
56368.48954234824
 31
0.0
  0
LWPOLYLINE
  5
A5E
330
1F
100
AcDbEntity
  8
0
 62
1
 48
25.39999961853027
100
AcDbPolyline
 90
4
 70
1
 10
40031.05765030764
 20
56199.97722061243
 10
40567.88856339853
 20
56199.97722061243
 10
40567.88856339853
 20
56736.74252129416
 10
40031.05765030764
 20
56736.74252129416
  0
LINE
  5
A5F
330
1F
100
AcDbEntity
  8
0
 62
1
 48
25.39999961853027
100
AcDbLine
 10
40399.35564327843
 20
56568.23019955999
 30
0.0
 11
40199.59057042932
 21
56368.48954234824
 31
0.0
  0
CIRCLE
  5
A60
330
1F
100
AcDbEntity
  8
0
 62
1
 48
25.39999961853027
100
AcDbCircle
 10
40299.47310685467
 20
56468.35987095325
 30
0.0
 40
141.2466056886129
  0
LINE
  5
A61
330
1F
100
AcDbEntity
  8
0
 62
1
 48
25.39999961853027
100
AcDbLine
 10
40199.59057043091
 20
56568.23019955999
 30
0.0
 11
40399.35564327843
 21
56368.48954234824
 31
0.0
  0
TEXT
  5
A62
330
1F
100
AcDbEntity
  8
power
 62
7
100
AcDbText
 10
40717.23770877697
 20
55788.47580366857
 30
0.0
 40
259.5262562322
  1
16
  7
Tahoma
 72
1
 11
40912.10027054165
 21
55918.23893178467
 31
0.0
100
AcDbText
 73
2
  0
CIRCLE
  5
A63
330
1F
100
AcDbEntity
  8
power
 62
1
 48
25.39999961853027
100
AcDbCircle
 10
42445.56445722308
 20
55939.92914039461
 30
0.0
 40
82.1741740943103
  0
ARC
  5
A64
330
1F
100
AcDbEntity
  8
power
 62
1
 48
25.39999961853027
100
AcDbCircle
 10
42320.37476779156
 20
55866.78261547742
 30
0.0
 40
199.4917990332959
100
AcDbArc
 50
51.1309160074394
 51
171.3253832686642
  0
CIRCLE
  5
A65
330
1F
100
AcDbEntity
  8
power
 62
1
 48
25.39999961853027
100
AcDbCircle
 10
41757.20098340156
 20
55939.92914039461
 30
0.0
 40
82.1741740943103
  0
ARC
  5
A66
330
1F
100
AcDbEntity
  8
power
 62
1
 48
25.39999961853027
100
AcDbCircle
 10
41933.0403477703
 20
55944.1390657025
 30
0.0
 40
195.9124669169466
100
AcDbArc
 50
206.1633692001464
 51
346.0382736866541
  0
LWPOLYLINE
  5
A67
330
1F
100
AcDbEntity
  8
0
 62
1
 48
25.39999961853027
100
AcDbPolyline
 90
4
 70
1
 10
40567.88856340012
 20
55663.21191993071
 10
43409.17515687782
 20
55663.21191993071
 10
43409.17515687782
 20
56199.97722061243
 10
40567.88856340012
 20
56199.97722061243
  0
LWPOLYLINE
  5
A68
330
1F
100
AcDbEntity
  8
0
 62
1
 48
25.39999961853027
100
AcDbPolyline
 90
4
 70
1
 10
43409.17515687782
 20
55663.21191993071
 10
43946.00606996872
 20
55663.21191993071
 10
43946.00606996872
 20
56199.97722061243
 10
43409.17515687782
 20
56199.97722061243
  0
LINE
  5
A69
330
1F
100
AcDbEntity
  8
0
 62
1
 48
25.39999961853027
100
AcDbLine
 10
43577.70807699792
 20
56031.46489887826
 30
0.0
 11
43777.47314984705
 21
55831.72424166651
 31
0.0
  0
CIRCLE
  5
A6A
330
1F
100
AcDbEntity
  8
0
 62
1
 48
25.39999961853027
100
AcDbCircle
 10
43677.59061342169
 20
55931.59457027153
 30
0.0
 40
141.2466056886129
  0
LINE
  5
A6B
330
1F
100
AcDbEntity
  8
0
 62
1
 48
25.39999961853027
100
AcDbLine
 10
43777.47314984545
 20
56031.46489887826
 30
0.0
 11
43577.70807699792
 21
55831.72424166651
 31
0.0
  0
LWPOLYLINE
  5
A6C
330
1F
100
AcDbEntity
  8
0
 62
1
 48
25.39999961853027
100
AcDbPolyline
 90
4
 70
1
 10
40031.05765030764
 20
55663.21191993071
 10
40567.88856339853
 20
55663.21191993071
 10
40567.88856339853
 20
56199.97722061243
 10
40031.05765030764
 20
56199.97722061243
  0
LINE
  5
A6D
330
1F
100
AcDbEntity
  8
0
 62
1
 48
25.39999961853027
100
AcDbLine
 10
40399.35564327843
 20
56031.46489887826
 30
0.0
 11
40199.59057042932
 21
55831.72424166651
 31
0.0
  0
CIRCLE
  5
A6E
330
1F
100
AcDbEntity
  8
0
 62
1
 48
25.39999961853027
100
AcDbCircle
 10
40299.47310685467
 20
55931.59457027153
 30
0.0
 40
141.2466056886129
  0
LINE
  5
A6F
330
1F
100
AcDbEntity
  8
0
 62
1
 48
25.39999961853027
100
AcDbLine
 10
40199.59057043091
 20
56031.46489887826
 30
0.0
 11
40399.35564327843
 21
55831.72424166651
 31
0.0
  0
TEXT
  5
A70
330
1F
100
AcDbEntity
  8
power
 62
7
100
AcDbText
 10
40717.23770877697
 20
55251.71050298684
 30
0.0
 40
259.5262562322
  1
17
  7
Tahoma
 72
1
 11
40912.10027054165
 21
55381.47363110294
 31
0.0
100
AcDbText
 73
2
  0
CIRCLE
  5
A71
330
1F
100
AcDbEntity
  8
power
 62
1
 48
25.39999961853027
100
AcDbCircle
 10
42445.56445722308
 20
55403.16383971288
 30
0.0
 40
82.1741740943103
  0
ARC
  5
A72
330
1F
100
AcDbEntity
  8
power
 62
1
 48
25.39999961853027
100
AcDbCircle
 10
42320.37476779156
 20
55330.0173147957
 30
0.0
 40
199.4917990332959
100
AcDbArc
 50
51.1309160074394
 51
171.3253832686642
  0
CIRCLE
  5
A73
330
1F
100
AcDbEntity
  8
power
 62
1
 48
25.39999961853027
100
AcDbCircle
 10
41757.20098340156
 20
55403.16383971288
 30
0.0
 40
82.1741740943103
  0
ARC
  5
A74
330
1F
100
AcDbEntity
  8
power
 62
1
 48
25.39999961853027
100
AcDbCircle
 10
41933.0403477703
 20
55407.37376502078
 30
0.0
 40
195.9124669169466
100
AcDbArc
 50
206.1633692001464
 51
346.038273686652
  0
LWPOLYLINE
  5
A75
330
1F
100
AcDbEntity
  8
0
 62
1
 48
25.39999961853027
100
AcDbPolyline
 90
4
 70
1
 10
40567.88856340012
 20
55126.44661924899
 10
43409.17515687782
 20
55126.44661924899
 10
43409.17515687782
 20
55663.21191993071
 10
40567.88856340012
 20
55663.21191993071
  0
LWPOLYLINE
  5
A76
330
1F
100
AcDbEntity
  8
0
 62
1
 48
25.39999961853027
100
AcDbPolyline
 90
4
 70
1
 10
43409.17515687782
 20
55126.44661924899
 10
43946.00606996872
 20
55126.44661924899
 10
43946.00606996872
 20
55663.21191993071
 10
43409.17515687782
 20
55663.21191993071
  0
LINE
  5
A77
330
1F
100
AcDbEntity
  8
0
 62
1
 48
25.39999961853027
100
AcDbLine
 10
43577.70807699792
 20
55494.69959819653
 30
0.0
 11
43777.47314984705
 21
55294.95894098478
 31
0.0
  0
CIRCLE
  5
A78
330
1F
100
AcDbEntity
  8
0
 62
1
 48
25.39999961853027
100
AcDbCircle
 10
43677.59061342169
 20
55394.82926958979
 30
0.0
 40
141.2466056886129
  0
LINE
  5
A79
330
1F
100
AcDbEntity
  8
0
 62
1
 48
25.39999961853027
100
AcDbLine
 10
43777.47314984545
 20
55494.69959819653
 30
0.0
 11
43577.70807699792
 21
55294.95894098478
 31
0.0
  0
LWPOLYLINE
  5
A7A
330
1F
100
AcDbEntity
  8
0
 62
1
 48
25.39999961853027
100
AcDbPolyline
 90
4
 70
1
 10
40031.05765030764
 20
55126.44661924899
 10
40567.88856339853
 20
55126.44661924899
 10
40567.88856339853
 20
55663.21191993071
 10
40031.05765030764
 20
55663.21191993071
  0
LINE
  5
A7B
330
1F
100
AcDbEntity
  8
0
 62
1
 48
25.39999961853027
100
AcDbLine
 10
40399.35564327843
 20
55494.69959819653
 30
0.0
 11
40199.59057042932
 21
55294.95894098478
 31
0.0
  0
CIRCLE
  5
A7C
330
1F
100
AcDbEntity
  8
0
 62
1
 48
25.39999961853027
100
AcDbCircle
 10
40299.47310685467
 20
55394.82926958979
 30
0.0
 40
141.2466056886129
  0
LINE
  5
A7D
330
1F
100
AcDbEntity
  8
0
 62
1
 48
25.39999961853027
100
AcDbLine
 10
40199.59057043091
 20
55494.69959819653
 30
0.0
 11
40399.35564327843
 21
55294.95894098478
 31
0.0
  0
TEXT
  5
A7E
330
1F
100
AcDbEntity
  8
power
 62
7
100
AcDbText
 10
40717.23770877697
 20
54714.94520230512
 30
0.0
 40
259.5262562322
  1
18
  7
Tahoma
 72
1
 11
40912.10027054165
 21
54844.70833042122
 31
0.0
100
AcDbText
 73
2
  0
CIRCLE
  5
A7F
330
1F
100
AcDbEntity
  8
power
 62
1
 48
25.39999961853027
100
AcDbCircle
 10
42445.56445722308
 20
54866.39853903116
 30
0.0
 40
82.1741740943103
  0
ARC
  5
A80
330
1F
100
AcDbEntity
  8
power
 62
1
 48
25.39999961853027
100
AcDbCircle
 10
42320.37476779156
 20
54793.25201411397
 30
0.0
 40
199.4917990332959
100
AcDbArc
 50
51.1309160074394
 51
171.3253832686642
  0
CIRCLE
  5
A81
330
1F
100
AcDbEntity
  8
power
 62
1
 48
25.39999961853027
100
AcDbCircle
 10
41757.20098340156
 20
54866.39853903116
 30
0.0
 40
82.1741740943103
  0
ARC
  5
A82
330
1F
100
AcDbEntity
  8
power
 62
1
 48
25.39999961853027
100
AcDbCircle
 10
41933.0403477703
 20
54870.60846433905
 30
0.0
 40
195.9124669169466
100
AcDbArc
 50
206.1633692001464
 51
346.0382736866541
  0
LWPOLYLINE
  5
A83
330
1F
100
AcDbEntity
  8
0
 62
1
 48
25.39999961853027
100
AcDbPolyline
 90
4
 70
1
 10
40567.88856340012
 20
54589.68131856725
 10
43409.17515687782
 20
54589.68131856725
 10
43409.17515687782
 20
55126.44661924899
 10
40567.88856340012
 20
55126.44661924899
  0
LWPOLYLINE
  5
A84
330
1F
100
AcDbEntity
  8
0
 62
1
 48
25.39999961853027
100
AcDbPolyline
 90
4
 70
1
 10
43409.17515687782
 20
54589.68131856725
 10
43946.00606996872
 20
54589.68131856725
 10
43946.00606996872
 20
55126.44661924899
 10
43409.17515687782
 20
55126.44661924899
  0
LINE
  5
A85
330
1F
100
AcDbEntity
  8
0
 62
1
 48
25.39999961853027
100
AcDbLine
 10
43577.70807699792
 20
54957.9342975148
 30
0.0
 11
43777.47314984705
 21
54758.19364030306
 31
0.0
  0
CIRCLE
  5
A86
330
1F
100
AcDbEntity
  8
0
 62
1
 48
25.39999961853027
100
AcDbCircle
 10
43677.59061342169
 20
54858.06396890806
 30
0.0
 40
141.2466056886129
  0
LINE
  5
A87
330
1F
100
AcDbEntity
  8
0
 62
1
 48
25.39999961853027
100
AcDbLine
 10
43777.47314984545
 20
54957.9342975148
 30
0.0
 11
43577.70807699792
 21
54758.19364030306
 31
0.0
  0
LWPOLYLINE
  5
A88
330
1F
100
AcDbEntity
  8
0
 62
1
 48
25.39999961853027
100
AcDbPolyline
 90
4
 70
1
 10
40031.05765030764
 20
54589.68131856725
 10
40567.88856339853
 20
54589.68131856725
 10
40567.88856339853
 20
55126.44661924899
 10
40031.05765030764
 20
55126.44661924899
  0
LINE
  5
A89
330
1F
100
AcDbEntity
  8
0
 62
1
 48
25.39999961853027
100
AcDbLine
 10
40399.35564327843
 20
54957.9342975148
 30
0.0
 11
40199.59057042932
 21
54758.19364030306
 31
0.0
  0
CIRCLE
  5
A8A
330
1F
100
AcDbEntity
  8
0
 62
1
 48
25.39999961853027
100
AcDbCircle
 10
40299.47310685467
 20
54858.06396890806
 30
0.0
 40
141.2466056886129
  0
LINE
  5
A8B
330
1F
100
AcDbEntity
  8
0
 62
1
 48
25.39999961853027
100
AcDbLine
 10
40199.59057043091
 20
54957.9342975148
 30
0.0
 11
40399.35564327843
 21
54758.19364030306
 31
0.0
  0
TEXT
  5
A8C
330
1F
100
AcDbEntity
  8
power
 62
7
100
AcDbText
 10
40717.23770877697
 20
54178.17990162339
 30
0.0
 40
259.5262562322
  1
19
  7
Tahoma
 72
1
 11
40912.10027054165
 21
54307.94302973949
 31
0.0
100
AcDbText
 73
2
  0
CIRCLE
  5
A8D
330
1F
100
AcDbEntity
  8
power
 62
1
 48
25.39999961853027
100
AcDbCircle
 10
42445.56445722308
 20
54329.63323834943
 30
0.0
 40
82.1741740943103
  0
ARC
  5
A8E
330
1F
100
AcDbEntity
  8
power
 62
1
 48
25.39999961853027
100
AcDbCircle
 10
42320.37476779156
 20
54256.48671343224
 30
0.0
 40
199.4917990332959
100
AcDbArc
 50
51.1309160074394
 51
171.3253832686622
  0
CIRCLE
  5
A8F
330
1F
100
AcDbEntity
  8
power
 62
1
 48
25.39999961853027
100
AcDbCircle
 10
41757.20098340156
 20
54329.63323834943
 30
0.0
 40
82.1741740943103
  0
ARC
  5
A90
330
1F
100
AcDbEntity
  8
power
 62
1
 48
25.39999961853027
100
AcDbCircle
 10
41933.0403477703
 20
54333.84316365732
 30
0.0
 40
195.9124669169466
100
AcDbArc
 50
206.1633692001464
 51
346.0382736866541
  0
LWPOLYLINE
  5
A91
330
1F
100
AcDbEntity
  8
0
 62
1
 48
25.39999961853027
100
AcDbPolyline
 90
4
 70
1
 10
40567.88856340012
 20
54052.91601788552
 10
43409.17515687782
 20
54052.91601788552
 10
43409.17515687782
 20
54589.68131856725
 10
40567.88856340012
 20
54589.68131856725
  0
LWPOLYLINE
  5
A92
330
1F
100
AcDbEntity
  8
0
 62
1
 48
25.39999961853027
100
AcDbPolyline
 90
4
 70
1
 10
43409.17515687782
 20
54052.91601788552
 10
43946.00606996872
 20
54052.91601788552
 10
43946.00606996872
 20
54589.68131856725
 10
43409.17515687782
 20
54589.68131856725
  0
LINE
  5
A93
330
1F
100
AcDbEntity
  8
0
 62
1
 48
25.39999961853027
100
AcDbLine
 10
43577.70807699792
 20
54421.16899683308
 30
0.0
 11
43777.47314984705
 21
54221.42833962133
 31
0.0
  0
CIRCLE
  5
A94
330
1F
100
AcDbEntity
  8
0
 62
1
 48
25.39999961853027
100
AcDbCircle
 10
43677.59061342169
 20
54321.29866822634
 30
0.0
 40
141.2466056886129
  0
LINE
  5
A95
330
1F
100
AcDbEntity
  8
0
 62
1
 48
25.39999961853027
100
AcDbLine
 10
43777.47314984545
 20
54421.16899683308
 30
0.0
 11
43577.70807699792
 21
54221.42833962133
 31
0.0
  0
LWPOLYLINE
  5
A96
330
1F
100
AcDbEntity
  8
0
 62
1
 48
25.39999961853027
100
AcDbPolyline
 90
4
 70
1
 10
40031.05765030764
 20
54052.91601788552
 10
40567.88856339853
 20
54052.91601788552
 10
40567.88856339853
 20
54589.68131856725
 10
40031.05765030764
 20
54589.68131856725
  0
LINE
  5
A97
330
1F
100
AcDbEntity
  8
0
 62
1
 48
25.39999961853027
100
AcDbLine
 10
40399.35564327843
 20
54421.16899683308
 30
0.0
 11
40199.59057042932
 21
54221.42833962133
 31
0.0
  0
CIRCLE
  5
A98
330
1F
100
AcDbEntity
  8
0
 62
1
 48
25.39999961853027
100
AcDbCircle
 10
40299.47310685467
 20
54321.29866822634
 30
0.0
 40
141.2466056886129
  0
LINE
  5
A99
330
1F
100
AcDbEntity
  8
0
 62
1
 48
25.39999961853027
100
AcDbLine
 10
40199.59057043091
 20
54421.16899683308
 30
0.0
 11
40399.35564327843
 21
54221.42833962133
 31
0.0
  0
TEXT
  5
A9A
330
1F
100
AcDbEntity
  8
power
 62
7
100
AcDbText
 10
40717.23770877697
 20
53641.41460094166
 30
0.0
 40
259.5262562322
  1
20
  7
Tahoma
 72
1
 11
40912.10027054165
 21
53771.17772905776
 31
0.0
100
AcDbText
 73
2
  0
CIRCLE
  5
A9B
330
1F
100
AcDbEntity
  8
power
 62
1
 48
25.39999961853027
100
AcDbCircle
 10
42445.56445722308
 20
53792.86793766771
 30
0.0
 40
82.1741740943103
  0
ARC
  5
A9C
330
1F
100
AcDbEntity
  8
power
 62
1
 48
25.39999961853027
100
AcDbCircle
 10
42320.37476779156
 20
53719.72141275051
 30
0.0
 40
199.4917990332959
100
AcDbArc
 50
51.1309160074394
 51
171.3253832686642
  0
CIRCLE
  5
A9D
330
1F
100
AcDbEntity
  8
power
 62
1
 48
25.39999961853027
100
AcDbCircle
 10
41757.20098340156
 20
53792.86793766771
 30
0.0
 40
82.1741740943103
  0
ARC
  5
A9E
330
1F
100
AcDbEntity
  8
power
 62
1
 48
25.39999961853027
100
AcDbCircle
 10
41933.0403477703
 20
53797.0778629756
 30
0.0
 40
195.9124669169466
100
AcDbArc
 50
206.1633692001464
 51
346.0382736866541
  0
LWPOLYLINE
  5
A9F
330
1F
100
AcDbEntity
  8
0
 62
1
 48
25.39999961853027
100
AcDbPolyline
 90
4
 70
1
 10
40567.88856340012
 20
53516.1507172038
 10
43409.17515687782
 20
53516.1507172038
 10
43409.17515687782
 20
54052.91601788552
 10
40567.88856340012
 20
54052.91601788552
  0
LWPOLYLINE
  5
AA0
330
1F
100
AcDbEntity
  8
0
 62
1
 48
25.39999961853027
100
AcDbPolyline
 90
4
 70
1
 10
43409.17515687782
 20
53516.1507172038
 10
43946.00606996872
 20
53516.1507172038
 10
43946.00606996872
 20
54052.91601788552
 10
43409.17515687782
 20
54052.91601788552
  0
LINE
  5
AA1
330
1F
100
AcDbEntity
  8
0
 62
1
 48
25.39999961853027
100
AcDbLine
 10
43577.70807699792
 20
53884.40369615134
 30
0.0
 11
43777.47314984705
 21
53684.66303893961
 31
0.0
  0
CIRCLE
  5
AA2
330
1F
100
AcDbEntity
  8
0
 62
1
 48
25.39999961853027
100
AcDbCircle
 10
43677.59061342169
 20
53784.53336754461
 30
0.0
 40
141.2466056886129
  0
LINE
  5
AA3
330
1F
100
AcDbEntity
  8
0
 62
1
 48
25.39999961853027
100
AcDbLine
 10
43777.47314984545
 20
53884.40369615134
 30
0.0
 11
43577.70807699792
 21
53684.66303893961
 31
0.0
  0
LWPOLYLINE
  5
AA4
330
1F
100
AcDbEntity
  8
0
 62
1
 48
25.39999961853027
100
AcDbPolyline
 90
4
 70
1
 10
40031.05765030764
 20
53516.1507172038
 10
40567.88856339853
 20
53516.1507172038
 10
40567.88856339853
 20
54052.91601788552
 10
40031.05765030764
 20
54052.91601788552
  0
LINE
  5
AA5
330
1F
100
AcDbEntity
  8
0
 62
1
 48
25.39999961853027
100
AcDbLine
 10
40399.35564327843
 20
53884.40369615134
 30
0.0
 11
40199.59057042932
 21
53684.66303893961
 31
0.0
  0
CIRCLE
  5
AA6
330
1F
100
AcDbEntity
  8
0
 62
1
 48
25.39999961853027
100
AcDbCircle
 10
40299.47310685467
 20
53784.53336754461
 30
0.0
 40
141.2466056886129
  0
LINE
  5
AA7
330
1F
100
AcDbEntity
  8
0
 62
1
 48
25.39999961853027
100
AcDbLine
 10
40199.59057043091
 20
53884.40369615134
 30
0.0
 11
40399.35564327843
 21
53684.66303893961
 31
0.0
  0
TEXT
  5
AA8
330
1F
100
AcDbEntity
  8
power
 62
7
100
AcDbText
 10
40717.23770877697
 20
53104.64930025993
 30
0.0
 40
259.5262562322
  1
21
  7
Tahoma
 72
1
 11
40912.10027054165
 21
53234.41242837603
 31
0.0
100
AcDbText
 73
2
  0
CIRCLE
  5
AA9
330
1F
100
AcDbEntity
  8
power
 62
1
 48
25.39999961853027
100
AcDbCircle
 10
42445.56445722308
 20
53256.10263698598
 30
0.0
 40
82.1741740943103
  0
ARC
  5
AAA
330
1F
100
AcDbEntity
  8
power
 62
1
 48
25.39999961853027
100
AcDbCircle
 10
42320.37476779156
 20
53182.95611206879
 30
0.0
 40
199.4917990332959
100
AcDbArc
 50
51.1309160074394
 51
171.3253832686642
  0
CIRCLE
  5
AAB
330
1F
100
AcDbEntity
  8
power
 62
1
 48
25.39999961853027
100
AcDbCircle
 10
41757.20098340156
 20
53256.10263698598
 30
0.0
 40
82.1741740943103
  0
ARC
  5
AAC
330
1F
100
AcDbEntity
  8
power
 62
1
 48
25.39999961853027
100
AcDbCircle
 10
41933.0403477703
 20
53260.31256229387
 30
0.0
 40
195.9124669169466
100
AcDbArc
 50
206.1633692001464
 51
346.0382736866541
  0
LWPOLYLINE
  5
AAD
330
1F
100
AcDbEntity
  8
0
 62
1
 48
25.39999961853027
100
AcDbPolyline
 90
4
 70
1
 10
40567.88856340012
 20
52979.38541652207
 10
43409.17515687782
 20
52979.38541652207
 10
43409.17515687782
 20
53516.1507172038
 10
40567.88856340012
 20
53516.1507172038
  0
LWPOLYLINE
  5
AAE
330
1F
100
AcDbEntity
  8
0
 62
1
 48
25.39999961853027
100
AcDbPolyline
 90
4
 70
1
 10
43409.17515687782
 20
52979.38541652207
 10
43946.00606996872
 20
52979.38541652207
 10
43946.00606996872
 20
53516.1507172038
 10
43409.17515687782
 20
53516.1507172038
  0
LINE
  5
AAF
330
1F
100
AcDbEntity
  8
0
 62
1
 48
25.39999961853027
100
AcDbLine
 10
43577.70807699792
 20
53347.63839546962
 30
0.0
 11
43777.47314984705
 21
53147.89773825787
 31
0.0
  0
CIRCLE
  5
AB0
330
1F
100
AcDbEntity
  8
0
 62
1
 48
25.39999961853027
100
AcDbCircle
 10
43677.59061342169
 20
53247.76806686289
 30
0.0
 40
141.2466056886129
  0
LINE
  5
AB1
330
1F
100
AcDbEntity
  8
0
 62
1
 48
25.39999961853027
100
AcDbLine
 10
43777.47314984545
 20
53347.63839546962
 30
0.0
 11
43577.70807699792
 21
53147.89773825787
 31
0.0
  0
LWPOLYLINE
  5
AB2
330
1F
100
AcDbEntity
  8
0
 62
1
 48
25.39999961853027
100
AcDbPolyline
 90
4
 70
1
 10
40031.05765030764
 20
52979.38541652207
 10
40567.88856339853
 20
52979.38541652207
 10
40567.88856339853
 20
53516.1507172038
 10
40031.05765030764
 20
53516.1507172038
  0
LINE
  5
AB3
330
1F
100
AcDbEntity
  8
0
 62
1
 48
25.39999961853027
100
AcDbLine
 10
40399.35564327843
 20
53347.63839546962
 30
0.0
 11
40199.59057042932
 21
53147.89773825787
 31
0.0
  0
CIRCLE
  5
AB4
330
1F
100
AcDbEntity
  8
0
 62
1
 48
25.39999961853027
100
AcDbCircle
 10
40299.47310685467
 20
53247.76806686289
 30
0.0
 40
141.2466056886129
  0
LINE
  5
AB5
330
1F
100
AcDbEntity
  8
0
 62
1
 48
25.39999961853027
100
AcDbLine
 10
40199.59057043091
 20
53347.63839546962
 30
0.0
 11
40399.35564327843
 21
53147.89773825787
 31
0.0
  0
TEXT
  5
AB6
330
1F
100
AcDbEntity
  8
power
 62
7
100
AcDbText
 10
40717.23770877697
 20
52567.8839995782
 30
0.0
 40
259.5262562322
  1
22
  7
Tahoma
 72
1
 11
40912.10027054165
 21
52697.6471276943
 31
0.0
100
AcDbText
 73
2
  0
CIRCLE
  5
AB7
330
1F
100
AcDbEntity
  8
power
 62
1
 48
25.39999961853027
100
AcDbCircle
 10
42445.56445722308
 20
52719.33733630425
 30
0.0
 40
82.1741740943103
  0
ARC
  5
AB8
330
1F
100
AcDbEntity
  8
power
 62
1
 48
25.39999961853027
100
AcDbCircle
 10
42320.37476779156
 20
52646.19081138706
 30
0.0
 40
199.4917990332959
100
AcDbArc
 50
51.1309160074394
 51
171.3253832686642
  0
CIRCLE
  5
AB9
330
1F
100
AcDbEntity
  8
power
 62
1
 48
25.39999961853027
100
AcDbCircle
 10
41757.20098340156
 20
52719.33733630425
 30
0.0
 40
82.1741740943103
  0
ARC
  5
ABA
330
1F
100
AcDbEntity
  8
power
 62
1
 48
25.39999961853027
100
AcDbCircle
 10
41933.0403477703
 20
52723.54726161215
 30
0.0
 40
195.9124669169466
100
AcDbArc
 50
206.1633692001464
 51
346.0382736866562
  0
LWPOLYLINE
  5
ABB
330
1F
100
AcDbEntity
  8
0
 62
1
 48
25.39999961853027
100
AcDbPolyline
 90
4
 70
1
 10
40567.88856340012
 20
52442.62011584033
 10
43409.17515687782
 20
52442.62011584033
 10
43409.17515687782
 20
52979.38541652207
 10
40567.88856340012
 20
52979.38541652207
  0
LWPOLYLINE
  5
ABC
330
1F
100
AcDbEntity
  8
0
 62
1
 48
25.39999961853027
100
AcDbPolyline
 90
4
 70
1
 10
43409.17515687782
 20
52442.62011584033
 10
43946.00606996872
 20
52442.62011584033
 10
43946.00606996872
 20
52979.38541652207
 10
43409.17515687782
 20
52979.38541652207
  0
LINE
  5
ABD
330
1F
100
AcDbEntity
  8
0
 62
1
 48
25.39999961853027
100
AcDbLine
 10
43577.70807699792
 20
52810.87309478789
 30
0.0
 11
43777.47314984705
 21
52611.13243757614
 31
0.0
  0
CIRCLE
  5
ABE
330
1F
100
AcDbEntity
  8
0
 62
1
 48
25.39999961853027
100
AcDbCircle
 10
43677.59061342169
 20
52711.00276618115
 30
0.0
 40
141.2466056886129
  0
LINE
  5
ABF
330
1F
100
AcDbEntity
  8
0
 62
1
 48
25.39999961853027
100
AcDbLine
 10
43777.47314984545
 20
52810.87309478789
 30
0.0
 11
43577.70807699792
 21
52611.13243757614
 31
0.0
  0
LWPOLYLINE
  5
AC0
330
1F
100
AcDbEntity
  8
0
 62
1
 48
25.39999961853027
100
AcDbPolyline
 90
4
 70
1
 10
40031.05765030764
 20
52442.62011584033
 10
40567.88856339853
 20
52442.62011584033
 10
40567.88856339853
 20
52979.38541652207
 10
40031.05765030764
 20
52979.38541652207
  0
LINE
  5
AC1
330
1F
100
AcDbEntity
  8
0
 62
1
 48
25.39999961853027
100
AcDbLine
 10
40399.35564327843
 20
52810.87309478789
 30
0.0
 11
40199.59057042932
 21
52611.13243757614
 31
0.0
  0
CIRCLE
  5
AC2
330
1F
100
AcDbEntity
  8
0
 62
1
 48
25.39999961853027
100
AcDbCircle
 10
40299.47310685467
 20
52711.00276618115
 30
0.0
 40
141.2466056886129
  0
LINE
  5
AC3
330
1F
100
AcDbEntity
  8
0
 62
1
 48
25.39999961853027
100
AcDbLine
 10
40199.59057043091
 20
52810.87309478789
 30
0.0
 11
40399.35564327843
 21
52611.13243757614
 31
0.0
  0
TEXT
  5
AC4
330
1F
100
AcDbEntity
  8
power
 62
7
100
AcDbText
 10
40717.23770877697
 20
52031.11869889648
 30
0.0
 40
259.5262562322
  1
23
  7
Tahoma
 72
1
 11
40912.10027054165
 21
52160.88182701258
 31
0.0
100
AcDbText
 73
2
  0
CIRCLE
  5
AC5
330
1F
100
AcDbEntity
  8
power
 62
1
 48
25.39999961853027
100
AcDbCircle
 10
42445.56445722308
 20
52182.57203562252
 30
0.0
 40
82.1741740943103
  0
ARC
  5
AC6
330
1F
100
AcDbEntity
  8
power
 62
1
 48
25.39999961853027
100
AcDbCircle
 10
42320.37476779156
 20
52109.42551070533
 30
0.0
 40
199.4917990332959
100
AcDbArc
 50
51.1309160074394
 51
171.3253832686642
  0
CIRCLE
  5
AC7
330
1F
100
AcDbEntity
  8
power
 62
1
 48
25.39999961853027
100
AcDbCircle
 10
41757.20098340156
 20
52182.57203562252
 30
0.0
 40
82.1741740943103
  0
ARC
  5
AC8
330
1F
100
AcDbEntity
  8
power
 62
1
 48
25.39999961853027
100
AcDbCircle
 10
41933.0403477703
 20
52186.78196093041
 30
0.0
 40
195.9124669169466
100
AcDbArc
 50
206.1633692001464
 51
346.0382736866562
  0
LWPOLYLINE
  5
AC9
330
1F
100
AcDbEntity
  8
0
 62
1
 48
25.39999961853027
100
AcDbPolyline
 90
4
 70
1
 10
40567.88856340012
 20
51905.85481515861
 10
43409.17515687782
 20
51905.85481515861
 10
43409.17515687782
 20
52442.62011584033
 10
40567.88856340012
 20
52442.62011584033
  0
LWPOLYLINE
  5
ACA
330
1F
100
AcDbEntity
  8
0
 62
1
 48
25.39999961853027
100
AcDbPolyline
 90
4
 70
1
 10
43409.17515687782
 20
51905.85481515861
 10
43946.00606996872
 20
51905.85481515861
 10
43946.00606996872
 20
52442.62011584033
 10
43409.17515687782
 20
52442.62011584033
  0
LINE
  5
ACB
330
1F
100
AcDbEntity
  8
0
 62
1
 48
25.39999961853027
100
AcDbLine
 10
43577.70807699792
 20
52274.10779410617
 30
0.0
 11
43777.47314984705
 21
52074.36713689442
 31
0.0
  0
CIRCLE
  5
ACC
330
1F
100
AcDbEntity
  8
0
 62
1
 48
25.39999961853027
100
AcDbCircle
 10
43677.59061342169
 20
52174.23746549943
 30
0.0
 40
141.2466056886129
  0
LINE
  5
ACD
330
1F
100
AcDbEntity
  8
0
 62
1
 48
25.39999961853027
100
AcDbLine
 10
43777.47314984545
 20
52274.10779410617
 30
0.0
 11
43577.70807699792
 21
52074.36713689442
 31
0.0
  0
LWPOLYLINE
  5
ACE
330
1F
100
AcDbEntity
  8
0
 62
1
 48
25.39999961853027
100
AcDbPolyline
 90
4
 70
1
 10
40031.05765030764
 20
51905.85481515861
 10
40567.88856339853
 20
51905.85481515861
 10
40567.88856339853
 20
52442.62011584033
 10
40031.05765030764
 20
52442.62011584033
  0
LINE
  5
ACF
330
1F
100
AcDbEntity
  8
0
 62
1
 48
25.39999961853027
100
AcDbLine
 10
40399.35564327843
 20
52274.10779410617
 30
0.0
 11
40199.59057042932
 21
52074.36713689442
 31
0.0
  0
CIRCLE
  5
AD0
330
1F
100
AcDbEntity
  8
0
 62
1
 48
25.39999961853027
100
AcDbCircle
 10
40299.47310685467
 20
52174.23746549943
 30
0.0
 40
141.2466056886129
  0
LINE
  5
AD1
330
1F
100
AcDbEntity
  8
0
 62
1
 48
25.39999961853027
100
AcDbLine
 10
40199.59057043091
 20
52274.10779410617
 30
0.0
 11
40399.35564327843
 21
52074.36713689442
 31
0.0
  0
TEXT
  5
AD2
330
1F
100
AcDbEntity
  8
power
 62
7
100
AcDbText
 10
40717.23770877697
 20
51494.35339821475
 30
0.0
 40
259.5262562322
  1
24
  7
Tahoma
 72
1
 11
40912.10027054165
 21
51624.11652633085
 31
0.0
100
AcDbText
 73
2
  0
CIRCLE
  5
AD3
330
1F
100
AcDbEntity
  8
power
 62
1
 48
25.39999961853027
100
AcDbCircle
 10
42445.56445722308
 20
51645.80673494079
 30
0.0
 40
82.1741740943103
  0
ARC
  5
AD4
330
1F
100
AcDbEntity
  8
power
 62
1
 48
25.39999961853027
100
AcDbCircle
 10
42320.37476779156
 20
51572.66021002361
 30
0.0
 40
199.4917990332959
100
AcDbArc
 50
51.13091600743808
 51
171.3253832686642
  0
CIRCLE
  5
AD5
330
1F
100
AcDbEntity
  8
power
 62
1
 48
25.39999961853027
100
AcDbCircle
 10
41757.20098340156
 20
51645.80673494079
 30
0.0
 40
82.1741740943103
  0
ARC
  5
AD6
330
1F
100
AcDbEntity
  8
power
 62
1
 48
25.39999961853027
100
AcDbCircle
 10
41933.0403477703
 20
51650.01666024869
 30
0.0
 40
195.9124669169466
100
AcDbArc
 50
206.1633692001464
 51
346.0382736866562
  0
LWPOLYLINE
  5
AD7
330
1F
100
AcDbEntity
  8
0
 62
1
 48
25.39999961853027
100
AcDbPolyline
 90
4
 70
1
 10
40567.88856340012
 20
51369.08951447689
 10
43409.17515687782
 20
51369.08951447689
 10
43409.17515687782
 20
51905.85481515861
 10
40567.88856340012
 20
51905.85481515861
  0
LWPOLYLINE
  5
AD8
330
1F
100
AcDbEntity
  8
0
 62
1
 48
25.39999961853027
100
AcDbPolyline
 90
4
 70
1
 10
43409.17515687782
 20
51369.08951447689
 10
43946.00606996872
 20
51369.08951447689
 10
43946.00606996872
 20
51905.85481515861
 10
43409.17515687782
 20
51905.85481515861
  0
LINE
  5
AD9
330
1F
100
AcDbEntity
  8
0
 62
1
 48
25.39999961853027
100
AcDbLine
 10
43577.70807699792
 20
51737.34249342444
 30
0.0
 11
43777.47314984705
 21
51537.60183621269
 31
0.0
  0
CIRCLE
  5
ADA
330
1F
100
AcDbEntity
  8
0
 62
1
 48
25.39999961853027
100
AcDbCircle
 10
43677.59061342169
 20
51637.4721648177
 30
0.0
 40
141.2466056886129
  0
LINE
  5
ADB
330
1F
100
AcDbEntity
  8
0
 62
1
 48
25.39999961853027
100
AcDbLine
 10
43777.47314984545
 20
51737.34249342444
 30
0.0
 11
43577.70807699792
 21
51537.60183621269
 31
0.0
  0
LWPOLYLINE
  5
ADC
330
1F
100
AcDbEntity
  8
0
 62
1
 48
25.39999961853027
100
AcDbPolyline
 90
4
 70
1
 10
40031.05765030764
 20
51369.08951447689
 10
40567.88856339853
 20
51369.08951447689
 10
40567.88856339853
 20
51905.85481515861
 10
40031.05765030764
 20
51905.85481515861
  0
LINE
  5
ADD
330
1F
100
AcDbEntity
  8
0
 62
1
 48
25.39999961853027
100
AcDbLine
 10
40399.35564327843
 20
51737.34249342444
 30
0.0
 11
40199.59057042932
 21
51537.60183621269
 31
0.0
  0
CIRCLE
  5
ADE
330
1F
100
AcDbEntity
  8
0
 62
1
 48
25.39999961853027
100
AcDbCircle
 10
40299.47310685467
 20
51637.4721648177
 30
0.0
 40
141.2466056886129
  0
LINE
  5
ADF
330
1F
100
AcDbEntity
  8
0
 62
1
 48
25.39999961853027
100
AcDbLine
 10
40199.59057043091
 20
51737.34249342444
 30
0.0
 11
40399.35564327843
 21
51537.60183621269
 31
0.0
  0
TEXT
  5
AE0
330
1F
100
AcDbEntity
  8
power
 62
7
100
AcDbText
 10
40717.23770877697
 20
50957.58809753302
 30
0.0
 40
259.5262562322
  1
25
  7
Tahoma
 72
1
 11
40912.10027054165
 21
51087.35122564912
 31
0.0
100
AcDbText
 73
2
  0
CIRCLE
  5
AE1
330
1F
100
AcDbEntity
  8
power
 62
1
 48
25.39999961853027
100
AcDbCircle
 10
42445.56445722308
 20
51109.04143425907
 30
0.0
 40
82.1741740943103
  0
ARC
  5
AE2
330
1F
100
AcDbEntity
  8
power
 62
1
 48
25.39999961853027
100
AcDbCircle
 10
42320.37476779156
 20
51035.89490934188
 30
0.0
 40
199.4917990332959
100
AcDbArc
 50
51.1309160074394
 51
171.3253832686642
  0
CIRCLE
  5
AE3
330
1F
100
AcDbEntity
  8
power
 62
1
 48
25.39999961853027
100
AcDbCircle
 10
41757.20098340156
 20
51109.04143425907
 30
0.0
 40
82.1741740943103
  0
ARC
  5
AE4
330
1F
100
AcDbEntity
  8
power
 62
1
 48
25.39999961853027
100
AcDbCircle
 10
41933.0403477703
 20
51113.25135956696
 30
0.0
 40
195.9124669169466
100
AcDbArc
 50
206.1633692001464
 51
346.0382736866541
  0
LWPOLYLINE
  5
AE5
330
1F
100
AcDbEntity
  8
0
 62
1
 48
25.39999961853027
100
AcDbPolyline
 90
4
 70
1
 10
40567.88856340012
 20
50832.32421379517
 10
43409.17515687782
 20
50832.32421379517
 10
43409.17515687782
 20
51369.08951447689
 10
40567.88856340012
 20
51369.08951447689
  0
LWPOLYLINE
  5
AE6
330
1F
100
AcDbEntity
  8
0
 62
1
 48
25.39999961853027
100
AcDbPolyline
 90
4
 70
1
 10
43409.17515687782
 20
50832.32421379517
 10
43946.00606996872
 20
50832.32421379517
 10
43946.00606996872
 20
51369.08951447689
 10
43409.17515687782
 20
51369.08951447689
  0
LINE
  5
AE7
330
1F
100
AcDbEntity
  8
0
 62
1
 48
25.39999961853027
100
AcDbLine
 10
43577.70807699792
 20
51200.57719274272
 30
0.0
 11
43777.47314984705
 21
51000.83653553097
 31
0.0
  0
CIRCLE
  5
AE8
330
1F
100
AcDbEntity
  8
0
 62
1
 48
25.39999961853027
100
AcDbCircle
 10
43677.59061342169
 20
51100.70686413597
 30
0.0
 40
141.2466056886129
  0
LINE
  5
AE9
330
1F
100
AcDbEntity
  8
0
 62
1
 48
25.39999961853027
100
AcDbLine
 10
43777.47314984545
 20
51200.57719274272
 30
0.0
 11
43577.70807699792
 21
51000.83653553097
 31
0.0
  0
LWPOLYLINE
  5
AEA
330
1F
100
AcDbEntity
  8
0
 62
1
 48
25.39999961853027
100
AcDbPolyline
 90
4
 70
1
 10
40031.05765030764
 20
50832.32421379517
 10
40567.88856339853
 20
50832.32421379517
 10
40567.88856339853
 20
51369.08951447689
 10
40031.05765030764
 20
51369.08951447689
  0
LINE
  5
AEB
330
1F
100
AcDbEntity
  8
0
 62
1
 48
25.39999961853027
100
AcDbLine
 10
40399.35564327843
 20
51200.57719274272
 30
0.0
 11
40199.59057042932
 21
51000.83653553097
 31
0.0
  0
CIRCLE
  5
AEC
330
1F
100
AcDbEntity
  8
0
 62
1
 48
25.39999961853027
100
AcDbCircle
 10
40299.47310685467
 20
51100.70686413597
 30
0.0
 40
141.2466056886129
  0
LINE
  5
AED
330
1F
100
AcDbEntity
  8
0
 62
1
 48
25.39999961853027
100
AcDbLine
 10
40199.59057043091
 20
51200.57719274272
 30
0.0
 11
40399.35564327843
 21
51000.83653553097
 31
0.0
  0
TEXT
  5
AEE
330
1F
100
AcDbEntity
  8
power
 62
7
100
AcDbText
 10
40717.23770877697
 20
50420.8227968513
 30
0.0
 40
259.5262562322
  1
26
  7
Tahoma
 72
1
 11
40912.10027054165
 21
50550.5859249674
 31
0.0
100
AcDbText
 73
2
  0
CIRCLE
  5
AEF
330
1F
100
AcDbEntity
  8
power
 62
1
 48
25.39999961853027
100
AcDbCircle
 10
42445.56445722308
 20
50572.27613357734
 30
0.0
 40
82.1741740943103
  0
ARC
  5
AF0
330
1F
100
AcDbEntity
  8
power
 62
1
 48
25.39999961853027
100
AcDbCircle
 10
42320.37476779156
 20
50499.12960866016
 30
0.0
 40
199.4917990332959
100
AcDbArc
 50
51.13091600743808
 51
171.3253832686642
  0
CIRCLE
  5
AF1
330
1F
100
AcDbEntity
  8
power
 62
1
 48
25.39999961853027
100
AcDbCircle
 10
41757.20098340156
 20
50572.27613357734
 30
0.0
 40
82.1741740943103
  0
ARC
  5
AF2
330
1F
100
AcDbEntity
  8
power
 62
1
 48
25.39999961853027
100
AcDbCircle
 10
41933.0403477703
 20
50576.48605888523
 30
0.0
 40
195.9124669169466
100
AcDbArc
 50
206.1633692001464
 51
346.0382736866562
  0
LWPOLYLINE
  5
AF3
330
1F
100
AcDbEntity
  8
0
 62
1
 48
25.39999961853027
100
AcDbPolyline
 90
4
 70
1
 10
40567.88856340012
 20
50295.55891311343
 10
43409.17515687782
 20
50295.55891311343
 10
43409.17515687782
 20
50832.32421379517
 10
40567.88856340012
 20
50832.32421379517
  0
LWPOLYLINE
  5
AF4
330
1F
100
AcDbEntity
  8
0
 62
1
 48
25.39999961853027
100
AcDbPolyline
 90
4
 70
1
 10
43409.17515687782
 20
50295.55891311343
 10
43946.00606996872
 20
50295.55891311343
 10
43946.00606996872
 20
50832.32421379517
 10
43409.17515687782
 20
50832.32421379517
  0
LINE
  5
AF5
330
1F
100
AcDbEntity
  8
0
 62
1
 48
25.39999961853027
100
AcDbLine
 10
43577.70807699792
 20
50663.81189206098
 30
0.0
 11
43777.47314984705
 21
50464.07123484924
 31
0.0
  0
CIRCLE
  5
AF6
330
1F
100
AcDbEntity
  8
0
 62
1
 48
25.39999961853027
100
AcDbCircle
 10
43677.59061342169
 20
50563.94156345425
 30
0.0
 40
141.2466056886129
  0
LINE
  5
AF7
330
1F
100
AcDbEntity
  8
0
 62
1
 48
25.39999961853027
100
AcDbLine
 10
43777.47314984545
 20
50663.81189206098
 30
0.0
 11
43577.70807699792
 21
50464.07123484924
 31
0.0
  0
LWPOLYLINE
  5
AF8
330
1F
100
AcDbEntity
  8
0
 62
1
 48
25.39999961853027
100
AcDbPolyline
 90
4
 70
1
 10
40031.05765030764
 20
50295.55891311343
 10
40567.88856339853
 20
50295.55891311343
 10
40567.88856339853
 20
50832.32421379517
 10
40031.05765030764
 20
50832.32421379517
  0
LINE
  5
AF9
330
1F
100
AcDbEntity
  8
0
 62
1
 48
25.39999961853027
100
AcDbLine
 10
40399.35564327843
 20
50663.81189206098
 30
0.0
 11
40199.59057042932
 21
50464.07123484924
 31
0.0
  0
CIRCLE
  5
AFA
330
1F
100
AcDbEntity
  8
0
 62
1
 48
25.39999961853027
100
AcDbCircle
 10
40299.47310685467
 20
50563.94156345425
 30
0.0
 40
141.2466056886129
  0
LINE
  5
AFB
330
1F
100
AcDbEntity
  8
0
 62
1
 48
25.39999961853027
100
AcDbLine
 10
40199.59057043091
 20
50663.81189206098
 30
0.0
 11
40399.35564327843
 21
50464.07123484924
 31
0.0
  0
TEXT
  5
AFC
330
1F
100
AcDbEntity
  8
power
 62
7
100
AcDbText
 10
40717.23770877697
 20
49884.05749616957
 30
0.0
 40
259.5262562322
  1
27
  7
Tahoma
 72
1
 11
40912.10027054165
 21
50013.82062428567
 31
0.0
100
AcDbText
 73
2
  0
CIRCLE
  5
AFD
330
1F
100
AcDbEntity
  8
power
 62
1
 48
25.39999961853027
100
AcDbCircle
 10
42445.56445722308
 20
50035.51083289562
 30
0.0
 40
82.1741740943103
  0
ARC
  5
AFE
330
1F
100
AcDbEntity
  8
power
 62
1
 48
25.39999961853027
100
AcDbCircle
 10
42320.37476779156
 20
49962.36430797842
 30
0.0
 40
199.4917990332959
100
AcDbArc
 50
51.1309160074394
 51
171.3253832686642
  0
CIRCLE
  5
AFF
330
1F
100
AcDbEntity
  8
power
 62
1
 48
25.39999961853027
100
AcDbCircle
 10
41757.20098340156
 20
50035.51083289562
 30
0.0
 40
82.1741740943103
  0
ARC
  5
B00
330
1F
100
AcDbEntity
  8
power
 62
1
 48
25.39999961853027
100
AcDbCircle
 10
41933.0403477703
 20
50039.72075820351
 30
0.0
 40
195.9124669169466
100
AcDbArc
 50
206.1633692001464
 51
346.0382736866562
  0
LWPOLYLINE
  5
B01
330
1F
100
AcDbEntity
  8
0
 62
1
 48
25.39999961853027
100
AcDbPolyline
 90
4
 70
1
 10
40567.88856340012
 20
49758.79361243171
 10
43409.17515687782
 20
49758.79361243171
 10
43409.17515687782
 20
50295.55891311343
 10
40567.88856340012
 20
50295.55891311343
  0
LWPOLYLINE
  5
B02
330
1F
100
AcDbEntity
  8
0
 62
1
 48
25.39999961853027
100
AcDbPolyline
 90
4
 70
1
 10
43409.17515687782
 20
49758.79361243171
 10
43946.00606996872
 20
49758.79361243171
 10
43946.00606996872
 20
50295.55891311343
 10
43409.17515687782
 20
50295.55891311343
  0
LINE
  5
B03
330
1F
100
AcDbEntity
  8
0
 62
1
 48
25.39999961853027
100
AcDbLine
 10
43577.70807699792
 20
50127.04659137926
 30
0.0
 11
43777.47314984705
 21
49927.30593416752
 31
0.0
  0
CIRCLE
  5
B04
330
1F
100
AcDbEntity
  8
0
 62
1
 48
25.39999961853027
100
AcDbCircle
 10
43677.59061342169
 20
50027.17626277252
 30
0.0
 40
141.2466056886129
  0
LINE
  5
B05
330
1F
100
AcDbEntity
  8
0
 62
1
 48
25.39999961853027
100
AcDbLine
 10
43777.47314984545
 20
50127.04659137926
 30
0.0
 11
43577.70807699792
 21
49927.30593416752
 31
0.0
  0
LWPOLYLINE
  5
B06
330
1F
100
AcDbEntity
  8
0
 62
1
 48
25.39999961853027
100
AcDbPolyline
 90
4
 70
1
 10
40031.05765030764
 20
49758.79361243171
 10
40567.88856339853
 20
49758.79361243171
 10
40567.88856339853
 20
50295.55891311343
 10
40031.05765030764
 20
50295.55891311343
  0
LINE
  5
B07
330
1F
100
AcDbEntity
  8
0
 62
1
 48
25.39999961853027
100
AcDbLine
 10
40399.35564327843
 20
50127.04659137926
 30
0.0
 11
40199.59057042932
 21
49927.30593416752
 31
0.0
  0
CIRCLE
  5
B08
330
1F
100
AcDbEntity
  8
0
 62
1
 48
25.39999961853027
100
AcDbCircle
 10
40299.47310685467
 20
50027.17626277252
 30
0.0
 40
141.2466056886129
  0
LINE
  5
B09
330
1F
100
AcDbEntity
  8
0
 62
1
 48
25.39999961853027
100
AcDbLine
 10
40199.59057043091
 20
50127.04659137926
 30
0.0
 11
40399.35564327843
 21
49927.30593416752
 31
0.0
  0
TEXT
  5
B0A
330
1F
100
AcDbEntity
  8
power
 62
7
100
AcDbText
 10
40717.23770877697
 20
49347.29219548785
 30
0.0
 40
259.5262562322
  1
28
  7
Tahoma
 72
1
 11
40912.10027054165
 21
49477.05532360395
 31
0.0
100
AcDbText
 73
2
  0
CIRCLE
  5
B0B
330
1F
100
AcDbEntity
  8
power
 62
1
 48
25.39999961853027
100
AcDbCircle
 10
42445.56445722308
 20
49498.74553221388
 30
0.0
 40
82.1741740943103
  0
ARC
  5
B0C
330
1F
100
AcDbEntity
  8
power
 62
1
 48
25.39999961853027
100
AcDbCircle
 10
42320.37476779156
 20
49425.5990072967
 30
0.0
 40
199.4917990332959
100
AcDbArc
 50
51.1309160074394
 51
171.3253832686642
  0
CIRCLE
  5
B0D
330
1F
100
AcDbEntity
  8
power
 62
1
 48
25.39999961853027
100
AcDbCircle
 10
41757.20098340156
 20
49498.74553221388
 30
0.0
 40
82.1741740943103
  0
ARC
  5
B0E
330
1F
100
AcDbEntity
  8
power
 62
1
 48
25.39999961853027
100
AcDbCircle
 10
41933.0403477703
 20
49502.95545752178
 30
0.0
 40
195.9124669169466
100
AcDbArc
 50
206.1633692001464
 51
346.0382736866562
  0
LWPOLYLINE
  5
B0F
330
1F
100
AcDbEntity
  8
0
 62
1
 48
25.39999961853027
100
AcDbPolyline
 90
4
 70
1
 10
40567.88856340012
 20
49222.02831174998
 10
43409.17515687782
 20
49222.02831174998
 10
43409.17515687782
 20
49758.79361243171
 10
40567.88856340012
 20
49758.79361243171
  0
LWPOLYLINE
  5
B10
330
1F
100
AcDbEntity
  8
0
 62
1
 48
25.39999961853027
100
AcDbPolyline
 90
4
 70
1
 10
43409.17515687782
 20
49222.02831174998
 10
43946.00606996872
 20
49222.02831174998
 10
43946.00606996872
 20
49758.79361243171
 10
43409.17515687782
 20
49758.79361243171
  0
LINE
  5
B11
330
1F
100
AcDbEntity
  8
0
 62
1
 48
25.39999961853027
100
AcDbLine
 10
43577.70807699792
 20
49590.28129069754
 30
0.0
 11
43777.47314984705
 21
49390.54063348578
 31
0.0
  0
CIRCLE
  5
B12
330
1F
100
AcDbEntity
  8
0
 62
1
 48
25.39999961853027
100
AcDbCircle
 10
43677.59061342169
 20
49490.41096209079
 30
0.0
 40
141.2466056886129
  0
LINE
  5
B13
330
1F
100
AcDbEntity
  8
0
 62
1
 48
25.39999961853027
100
AcDbLine
 10
43777.47314984545
 20
49590.28129069754
 30
0.0
 11
43577.70807699792
 21
49390.54063348578
 31
0.0
  0
LWPOLYLINE
  5
B14
330
1F
100
AcDbEntity
  8
0
 62
1
 48
25.39999961853027
100
AcDbPolyline
 90
4
 70
1
 10
40031.05765030764
 20
49222.02831174998
 10
40567.88856339853
 20
49222.02831174998
 10
40567.88856339853
 20
49758.79361243171
 10
40031.05765030764
 20
49758.79361243171
  0
LINE
  5
B15
330
1F
100
AcDbEntity
  8
0
 62
1
 48
25.39999961853027
100
AcDbLine
 10
40399.35564327843
 20
49590.28129069754
 30
0.0
 11
40199.59057042932
 21
49390.54063348578
 31
0.0
  0
CIRCLE
  5
B16
330
1F
100
AcDbEntity
  8
0
 62
1
 48
25.39999961853027
100
AcDbCircle
 10
40299.47310685467
 20
49490.41096209079
 30
0.0
 40
141.2466056886129
  0
LINE
  5
B17
330
1F
100
AcDbEntity
  8
0
 62
1
 48
25.39999961853027
100
AcDbLine
 10
40199.59057043091
 20
49590.28129069754
 30
0.0
 11
40399.35564327843
 21
49390.54063348578
 31
0.0
  0
TEXT
  5
B18
330
1F
100
AcDbEntity
  8
power
 62
7
100
AcDbText
 10
40717.23770877697
 20
48810.52689480611
 30
0.0
 40
259.5262562322
  1
29
  7
Tahoma
 72
1
 11
40912.10027054165
 21
48940.29002292221
 31
0.0
100
AcDbText
 73
2
  0
CIRCLE
  5
B19
330
1F
100
AcDbEntity
  8
power
 62
1
 48
25.39999961853027
100
AcDbCircle
 10
42445.56445722308
 20
48961.98023153216
 30
0.0
 40
82.1741740943103
  0
ARC
  5
B1A
330
1F
100
AcDbEntity
  8
power
 62
1
 48
25.39999961853027
100
AcDbCircle
 10
42320.37476779156
 20
48888.83370661498
 30
0.0
 40
199.4917990332959
100
AcDbArc
 50
51.13091600743808
 51
171.3253832686642
  0
CIRCLE
  5
B1B
330
1F
100
AcDbEntity
  8
power
 62
1
 48
25.39999961853027
100
AcDbCircle
 10
41757.20098340156
 20
48961.98023153216
 30
0.0
 40
82.1741740943103
  0
ARC
  5
B1C
330
1F
100
AcDbEntity
  8
power
 62
1
 48
25.39999961853027
100
AcDbCircle
 10
41933.0403477703
 20
48966.19015684006
 30
0.0
 40
195.9124669169466
100
AcDbArc
 50
206.1633692001464
 51
346.0382736866541
  0
LWPOLYLINE
  5
B1D
330
1F
100
AcDbEntity
  8
0
 62
1
 48
25.39999961853027
100
AcDbPolyline
 90
4
 70
1
 10
40567.88856340012
 20
48685.26301106825
 10
43409.17515687782
 20
48685.26301106825
 10
43409.17515687782
 20
49222.02831174998
 10
40567.88856340012
 20
49222.02831174998
  0
LWPOLYLINE
  5
B1E
330
1F
100
AcDbEntity
  8
0
 62
1
 48
25.39999961853027
100
AcDbPolyline
 90
4
 70
1
 10
43409.17515687782
 20
48685.26301106825
 10
43946.00606996872
 20
48685.26301106825
 10
43946.00606996872
 20
49222.02831174998
 10
43409.17515687782
 20
49222.02831174998
  0
LINE
  5
B1F
330
1F
100
AcDbEntity
  8
0
 62
1
 48
25.39999961853027
100
AcDbLine
 10
43577.70807699792
 20
49053.5159900158
 30
0.0
 11
43777.47314984705
 21
48853.77533280406
 31
0.0
  0
CIRCLE
  5
B20
330
1F
100
AcDbEntity
  8
0
 62
1
 48
25.39999961853027
100
AcDbCircle
 10
43677.59061342169
 20
48953.64566140907
 30
0.0
 40
141.2466056886129
  0
LINE
  5
B21
330
1F
100
AcDbEntity
  8
0
 62
1
 48
25.39999961853027
100
AcDbLine
 10
43777.47314984545
 20
49053.5159900158
 30
0.0
 11
43577.70807699792
 21
48853.77533280406
 31
0.0
  0
LWPOLYLINE
  5
B22
330
1F
100
AcDbEntity
  8
0
 62
1
 48
25.39999961853027
100
AcDbPolyline
 90
4
 70
1
 10
40031.05765030764
 20
48685.26301106825
 10
40567.88856339853
 20
48685.26301106825
 10
40567.88856339853
 20
49222.02831174998
 10
40031.05765030764
 20
49222.02831174998
  0
LINE
  5
B23
330
1F
100
AcDbEntity
  8
0
 62
1
 48
25.39999961853027
100
AcDbLine
 10
40399.35564327843
 20
49053.5159900158
 30
0.0
 11
40199.59057042932
 21
48853.77533280406
 31
0.0
  0
CIRCLE
  5
B24
330
1F
100
AcDbEntity
  8
0
 62
1
 48
25.39999961853027
100
AcDbCircle
 10
40299.47310685467
 20
48953.64566140907
 30
0.0
 40
141.2466056886129
  0
LINE
  5
B25
330
1F
100
AcDbEntity
  8
0
 62
1
 48
25.39999961853027
100
AcDbLine
 10
40199.59057043091
 20
49053.5159900158
 30
0.0
 11
40399.35564327843
 21
48853.77533280406
 31
0.0
  0
TEXT
  5
B26
330
1F
100
AcDbEntity
  8
power
 62
7
100
AcDbText
 10
40717.23770877697
 20
48273.76159412439
 30
0.0
 40
259.5262562322
  1
30
  7
Tahoma
 72
1
 11
40912.10027054165
 21
48403.52472224049
 31
0.0
100
AcDbText
 73
2
  0
CIRCLE
  5
B27
330
1F
100
AcDbEntity
  8
power
 62
1
 48
25.39999961853027
100
AcDbCircle
 10
42445.56445722308
 20
48425.21493085044
 30
0.0
 40
82.1741740943103
  0
ARC
  5
B28
330
1F
100
AcDbEntity
  8
power
 62
1
 48
25.39999961853027
100
AcDbCircle
 10
42320.37476779156
 20
48352.06840593324
 30
0.0
 40
199.4917990332959
100
AcDbArc
 50
51.1309160074394
 51
171.3253832686619
  0
CIRCLE
  5
B29
330
1F
100
AcDbEntity
  8
power
 62
1
 48
25.39999961853027
100
AcDbCircle
 10
41757.20098340156
 20
48425.21493085044
 30
0.0
 40
82.1741740943103
  0
ARC
  5
B2A
330
1F
100
AcDbEntity
  8
power
 62
1
 48
25.39999961853027
100
AcDbCircle
 10
41933.0403477703
 20
48429.42485615832
 30
0.0
 40
195.9124669169466
100
AcDbArc
 50
206.1633692001464
 51
346.0382736866562
  0
LWPOLYLINE
  5
B2B
330
1F
100
AcDbEntity
  8
0
 62
1
 48
25.39999961853027
100
AcDbPolyline
 90
4
 70
1
 10
40567.88856340012
 20
48148.49771038653
 10
43409.17515687782
 20
48148.49771038653
 10
43409.17515687782
 20
48685.26301106825
 10
40567.88856340012
 20
48685.26301106825
  0
LWPOLYLINE
  5
B2C
330
1F
100
AcDbEntity
  8
0
 62
1
 48
25.39999961853027
100
AcDbPolyline
 90
4
 70
1
 10
43409.17515687782
 20
48148.49771038653
 10
43946.00606996872
 20
48148.49771038653
 10
43946.00606996872
 20
48685.26301106825
 10
43409.17515687782
 20
48685.26301106825
  0
LINE
  5
B2D
330
1F
100
AcDbEntity
  8
0
 62
1
 48
25.39999961853027
100
AcDbLine
 10
43577.70807699792
 20
48516.75068933408
 30
0.0
 11
43777.47314984705
 21
48317.01003212234
 31
0.0
  0
CIRCLE
  5
B2E
330
1F
100
AcDbEntity
  8
0
 62
1
 48
25.39999961853027
100
AcDbCircle
 10
43677.59061342169
 20
48416.88036072734
 30
0.0
 40
141.2466056886129
  0
LINE
  5
B2F
330
1F
100
AcDbEntity
  8
0
 62
1
 48
25.39999961853027
100
AcDbLine
 10
43777.47314984545
 20
48516.75068933408
 30
0.0
 11
43577.70807699792
 21
48317.01003212234
 31
0.0
  0
LWPOLYLINE
  5
B30
330
1F
100
AcDbEntity
  8
0
 62
1
 48
25.39999961853027
100
AcDbPolyline
 90
4
 70
1
 10
40031.05765030764
 20
48148.49771038653
 10
40567.88856339853
 20
48148.49771038653
 10
40567.88856339853
 20
48685.26301106825
 10
40031.05765030764
 20
48685.26301106825
  0
LINE
  5
B31
330
1F
100
AcDbEntity
  8
0
 62
1
 48
25.39999961853027
100
AcDbLine
 10
40399.35564327843
 20
48516.75068933408
 30
0.0
 11
40199.59057042932
 21
48317.01003212234
 31
0.0
  0
CIRCLE
  5
B32
330
1F
100
AcDbEntity
  8
0
 62
1
 48
25.39999961853027
100
AcDbCircle
 10
40299.47310685467
 20
48416.88036072734
 30
0.0
 40
141.2466056886129
  0
LINE
  5
B33
330
1F
100
AcDbEntity
  8
0
 62
1
 48
25.39999961853027
100
AcDbLine
 10
40199.59057043091
 20
48516.75068933408
 30
0.0
 11
40399.35564327843
 21
48317.01003212234
 31
0.0
  0
TEXT
  5
B34
330
1F
100
AcDbEntity
  8
power
 62
7
100
AcDbText
 10
40717.23770877697
 20
47736.99629344267
 30
0.0
 40
259.5262562322
  1
31
  7
Tahoma
 72
1
 11
40912.10027054165
 21
47866.75942155877
 31
0.0
100
AcDbText
 73
2
  0
CIRCLE
  5
B35
330
1F
100
AcDbEntity
  8
power
 62
1
 48
25.39999961853027
100
AcDbCircle
 10
42445.56445722308
 20
47888.4496301687
 30
0.0
 40
82.1741740943103
  0
ARC
  5
B36
330
1F
100
AcDbEntity
  8
power
 62
1
 48
25.39999961853027
100
AcDbCircle
 10
42320.37476779156
 20
47815.30310525151
 30
0.0
 40
199.4917990332959
100
AcDbArc
 50
51.1309160074394
 51
171.3253832686619
  0
CIRCLE
  5
B37
330
1F
100
AcDbEntity
  8
power
 62
1
 48
25.39999961853027
100
AcDbCircle
 10
41757.20098340156
 20
47888.4496301687
 30
0.0
 40
82.1741740943103
  0
ARC
  5
B38
330
1F
100
AcDbEntity
  8
power
 62
1
 48
25.39999961853027
100
AcDbCircle
 10
41933.0403477703
 20
47892.6595554766
 30
0.0
 40
195.9124669169466
100
AcDbArc
 50
206.1633692001464
 51
346.0382736866562
  0
LWPOLYLINE
  5
B39
330
1F
100
AcDbEntity
  8
0
 62
1
 48
25.39999961853027
100
AcDbPolyline
 90
4
 70
1
 10
40567.88856340012
 20
47611.7324097048
 10
43409.17515687782
 20
47611.7324097048
 10
43409.17515687782
 20
48148.49771038653
 10
40567.88856340012
 20
48148.49771038653
  0
LWPOLYLINE
  5
B3A
330
1F
100
AcDbEntity
  8
0
 62
1
 48
25.39999961853027
100
AcDbPolyline
 90
4
 70
1
 10
43409.17515687782
 20
47611.7324097048
 10
43946.00606996872
 20
47611.7324097048
 10
43946.00606996872
 20
48148.49771038653
 10
43409.17515687782
 20
48148.49771038653
  0
LINE
  5
B3B
330
1F
100
AcDbEntity
  8
0
 62
1
 48
25.39999961853027
100
AcDbLine
 10
43577.70807699792
 20
47979.98538865235
 30
0.0
 11
43777.47314984705
 21
47780.2447314406
 31
0.0
  0
CIRCLE
  5
B3C
330
1F
100
AcDbEntity
  8
0
 62
1
 48
25.39999961853027
100
AcDbCircle
 10
43677.59061342169
 20
47880.11506004562
 30
0.0
 40
141.2466056886129
  0
LINE
  5
B3D
330
1F
100
AcDbEntity
  8
0
 62
1
 48
25.39999961853027
100
AcDbLine
 10
43777.47314984545
 20
47979.98538865235
 30
0.0
 11
43577.70807699792
 21
47780.2447314406
 31
0.0
  0
LWPOLYLINE
  5
B3E
330
1F
100
AcDbEntity
  8
0
 62
1
 48
25.39999961853027
100
AcDbPolyline
 90
4
 70
1
 10
40031.05765030764
 20
47611.7324097048
 10
40567.88856339853
 20
47611.7324097048
 10
40567.88856339853
 20
48148.49771038653
 10
40031.05765030764
 20
48148.49771038653
  0
LINE
  5
B3F
330
1F
100
AcDbEntity
  8
0
 62
1
 48
25.39999961853027
100
AcDbLine
 10
40399.35564327843
 20
47979.98538865235
 30
0.0
 11
40199.59057042932
 21
47780.2447314406
 31
0.0
  0
CIRCLE
  5
B40
330
1F
100
AcDbEntity
  8
0
 62
1
 48
25.39999961853027
100
AcDbCircle
 10
40299.47310685467
 20
47880.11506004562
 30
0.0
 40
141.2466056886129
  0
LINE
  5
B41
330
1F
100
AcDbEntity
  8
0
 62
1
 48
25.39999961853027
100
AcDbLine
 10
40199.59057043091
 20
47979.98538865235
 30
0.0
 11
40399.35564327843
 21
47780.2447314406
 31
0.0
  0
TEXT
  5
B42
330
1F
100
AcDbEntity
  8
power
 62
7
100
AcDbText
 10
40717.23770877697
 20
47200.23099276093
 30
0.0
 40
259.5262562322
  1
32
  7
Tahoma
 72
1
 11
40912.10027054165
 21
47329.99412087703
 31
0.0
100
AcDbText
 73
2
  0
CIRCLE
  5
B43
330
1F
100
AcDbEntity
  8
power
 62
1
 48
25.39999961853027
100
AcDbCircle
 10
42445.56445722308
 20
47351.68432948698
 30
0.0
 40
82.1741740943103
  0
ARC
  5
B44
330
1F
100
AcDbEntity
  8
power
 62
1
 48
25.39999961853027
100
AcDbCircle
 10
42320.37476779156
 20
47278.53780456979
 30
0.0
 40
199.4917990332959
100
AcDbArc
 50
51.13091600743808
 51
171.325383268664
  0
CIRCLE
  5
B45
330
1F
100
AcDbEntity
  8
power
 62
1
 48
25.39999961853027
100
AcDbCircle
 10
41757.20098340156
 20
47351.68432948698
 30
0.0
 40
82.1741740943103
  0
ARC
  5
B46
330
1F
100
AcDbEntity
  8
power
 62
1
 48
25.39999961853027
100
AcDbCircle
 10
41933.0403477703
 20
47355.89425479488
 30
0.0
 40
195.9124669169466
100
AcDbArc
 50
206.1633692001464
 51
346.0382736866562
  0
LWPOLYLINE
  5
B47
330
1F
100
AcDbEntity
  8
0
 62
1
 48
25.39999961853027
100
AcDbPolyline
 90
4
 70
1
 10
40567.88856340012
 20
47074.96710902308
 10
43409.17515687782
 20
47074.96710902308
 10
43409.17515687782
 20
47611.7324097048
 10
40567.88856340012
 20
47611.7324097048
  0
LWPOLYLINE
  5
B48
330
1F
100
AcDbEntity
  8
0
 62
1
 48
25.39999961853027
100
AcDbPolyline
 90
4
 70
1
 10
43409.17515687782
 20
47074.96710902308
 10
43946.00606996872
 20
47074.96710902308
 10
43946.00606996872
 20
47611.7324097048
 10
43409.17515687782
 20
47611.7324097048
  0
LINE
  5
B49
330
1F
100
AcDbEntity
  8
0
 62
1
 48
25.39999961853027
100
AcDbLine
 10
43577.70807699792
 20
47443.22008797062
 30
0.0
 11
43777.47314984705
 21
47243.47943075887
 31
0.0
  0
CIRCLE
  5
B4A
330
1F
100
AcDbEntity
  8
0
 62
1
 48
25.39999961853027
100
AcDbCircle
 10
43677.59061342169
 20
47343.34975936388
 30
0.0
 40
141.2466056886129
  0
LINE
  5
B4B
330
1F
100
AcDbEntity
  8
0
 62
1
 48
25.39999961853027
100
AcDbLine
 10
43777.47314984545
 20
47443.22008797062
 30
0.0
 11
43577.70807699792
 21
47243.47943075887
 31
0.0
  0
LWPOLYLINE
  5
B4C
330
1F
100
AcDbEntity
  8
0
 62
1
 48
25.39999961853027
100
AcDbPolyline
 90
4
 70
1
 10
40031.05765030764
 20
47074.96710902308
 10
40567.88856339853
 20
47074.96710902308
 10
40567.88856339853
 20
47611.7324097048
 10
40031.05765030764
 20
47611.7324097048
  0
LINE
  5
B4D
330
1F
100
AcDbEntity
  8
0
 62
1
 48
25.39999961853027
100
AcDbLine
 10
40399.35564327843
 20
47443.22008797062
 30
0.0
 11
40199.59057042932
 21
47243.47943075887
 31
0.0
  0
CIRCLE
  5
B4E
330
1F
100
AcDbEntity
  8
0
 62
1
 48
25.39999961853027
100
AcDbCircle
 10
40299.47310685467
 20
47343.34975936388
 30
0.0
 40
141.2466056886129
  0
LINE
  5
B4F
330
1F
100
AcDbEntity
  8
0
 62
1
 48
25.39999961853027
100
AcDbLine
 10
40199.59057043091
 20
47443.22008797062
 30
0.0
 11
40399.35564327843
 21
47243.47943075887
 31
0.0
  0
TEXT
  5
B50
330
1F
100
AcDbEntity
  8
0
 62
4
100
AcDbText
 10
41234.69431816371
 20
64436.4328466067
 30
0.0
 40
259.08
  1
P3-TBDI2
  7
Tahoma
 72
1
 11
41988.53186013818
 21
64565.9728466067
 31
0.0
100
AcDbText
 73
2
  0
LWPOLYLINE
  5
B51
330
1F
100
AcDbEntity
  8
0
 62
4
 48
25.39999961853027
100
AcDbPolyline
 90
4
 70
1
 10
40031.05765030764
 20
64251.45673083834
 10
43946.00606996872
 20
64251.45673083834
 10
43946.00606996872
 20
65168.63621786569
 10
40031.05765030764
 20
65168.63621786569
  0
LWPOLYLINE
  5
B52
330
1F
100
AcDbEntity
  8
0
100
AcDbPolyline
 90
4
 70
1
 10
0.0
 20
0.0
 10
98889.84707028791
 20
0.0
 10
98889.84707028791
 20
68687.0366350282
 10
0.0
 20
68687.0366350282
  0
TEXT
  5
B53
330
1F
100
AcDbEntity
  8
0
 62
7
100
AcDbText
 10
20911.29037698187
 20
40299.53919660841
 30
0.0
 40
259.08
  1
BK
  7
Tahoma
100
AcDbText
  0
TEXT
  5
B54
330
1F
100
AcDbEntity
  8
0
 62
7
100
AcDbText
 10
20911.29037698187
 20
51932.23336210234
 30
0.0
 40
259.08
  1
BK
  7
Tahoma
100
AcDbText
  0
TEXT
  5
B55
330
1F
100
AcDbEntity
  8
0
 62
7
100
AcDbText
 10
22490.51069875873
 20
40339.07442267222
 30
0.0
 40
259.08
  1
C3S2-35/0VDC
  7
Tahoma
100
AcDbText
  0
TEXT
  5
B56
330
1F
100
AcDbEntity
  8
0
 62
7
100
AcDbText
 10
22490.51069875873
 20
51971.76858816613
 30
0.0
 40
259.08
  1
C3S2-17/0VDC
  7
Tahoma
100
AcDbText
  0
LINE
  5
B57
330
1F
100
AcDbEntity
  8
IE-WIRE
 62
4
 48
25.39999961853027
100
AcDbLine
 10
34422.46679885133
 20
63983.07408049604
 30
0.0
 11
40031.05765030764
 21
63983.07408049748
 31
0.0
  0
TEXT
  5
B58
330
1F
100
AcDbEntity
  8
0
 62
4
100
AcDbText
 10
39312.88265769853
 20
64119.88314352235
 30
0.0
 40
259.08
  1
WH
  7
Tahoma
100
AcDbText
  0
LINE
  5
B59
330
1F
100
AcDbEntity
  8
IE-WIRE
 62
4
 48
25.39999961853027
100
AcDbLine
 10
34422.46679885133
 20
63446.30877981432
 30
0.0
 11
40031.05765030764
 21
63446.30877981575
 31
0.0
  0
TEXT
  5
B5A
330
1F
100
AcDbEntity
  8
0
 62
4
100
AcDbText
 10
39312.88265769853
 20
63583.11784284061
 30
0.0
 40
259.08
  1
WH
  7
Tahoma
100
AcDbText
  0
LINE
  5
B5B
330
1F
100
AcDbEntity
  8
IE-WIRE
 62
4
 48
25.39999961853027
100
AcDbLine
 10
34422.46679885133
 20
62909.54347913259
 30
0.0
 11
40031.05765030764
 21
62909.54347913402
 31
0.0
  0
TEXT
  5
B5C
330
1F
100
AcDbEntity
  8
0
 62
4
100
AcDbText
 10
39312.88265769853
 20
63046.35254215888
 30
0.0
 40
259.08
  1
WH
  7
Tahoma
100
AcDbText
  0
LINE
  5
B5D
330
1F
100
AcDbEntity
  8
IE-WIRE
 62
4
 48
25.39999961853027
100
AcDbLine
 10
34422.46679885133
 20
62372.77817845086
 30
0.0
 11
40031.05765030764
 21
62372.7781784523
 31
0.0
  0
TEXT
  5
B5E
330
1F
100
AcDbEntity
  8
0
 62
4
100
AcDbText
 10
39312.88265769853
 20
62509.58724147716
 30
0.0
 40
259.08
  1
WH
  7
Tahoma
100
AcDbText
  0
LINE
  5
B5F
330
1F
100
AcDbEntity
  8
IE-WIRE
 62
4
 48
25.39999961853027
100
AcDbLine
 10
34422.46679885133
 20
61836.01287776914
 30
0.0
 11
40031.05765030764
 21
61836.01287777057
 31
0.0
  0
TEXT
  5
B60
330
1F
100
AcDbEntity
  8
0
 62
4
100
AcDbText
 10
39312.88265769853
 20
61972.82194079543
 30
0.0
 40
259.08
  1
WH
  7
Tahoma
100
AcDbText
  0
LINE
  5
B61
330
1F
100
AcDbEntity
  8
IE-WIRE
 62
4
 48
25.39999961853027
100
AcDbLine
 10
34422.46679885133
 20
61299.24757708742
 30
0.0
 11
40031.05765030764
 21
61299.24757708885
 31
0.0
  0
TEXT
  5
B62
330
1F
100
AcDbEntity
  8
0
 62
4
100
AcDbText
 10
39312.88265769853
 20
61436.05664011371
 30
0.0
 40
259.08
  1
WH
  7
Tahoma
100
AcDbText
  0
LINE
  5
B63
330
1F
100
AcDbEntity
  8
IE-WIRE
 62
4
 48
25.39999961853027
100
AcDbLine
 10
34422.46679885133
 20
60762.48227640568
 30
0.0
 11
40031.05765030764
 21
60762.48227640711
 31
0.0
  0
TEXT
  5
B64
330
1F
100
AcDbEntity
  8
0
 62
4
100
AcDbText
 10
39312.88265769853
 20
60899.29133943198
 30
0.0
 40
259.08
  1
WH
  7
Tahoma
100
AcDbText
  0
LINE
  5
B65
330
1F
100
AcDbEntity
  8
IE-WIRE
 62
4
 48
25.39999961853027
100
AcDbLine
 10
34422.46679885133
 20
60225.71697572395
 30
0.0
 11
40031.05765030764
 21
60225.71697572538
 31
0.0
  0
TEXT
  5
B66
330
1F
100
AcDbEntity
  8
0
 62
4
100
AcDbText
 10
39312.88265769853
 20
60362.52603875025
 30
0.0
 40
259.08
  1
WH
  7
Tahoma
100
AcDbText
  0
LINE
  5
B67
330
1F
100
AcDbEntity
  8
IE-WIRE
 62
4
 48
25.39999961853027
100
AcDbLine
 10
34422.46679885133
 20
59688.95167504223
 30
0.0
 11
40031.05765030764
 21
59688.95167504366
 31
0.0
  0
TEXT
  5
B68
330
1F
100
AcDbEntity
  8
0
 62
4
100
AcDbText
 10
39312.88265769853
 20
59825.76073806852
 30
0.0
 40
259.08
  1
WH
  7
Tahoma
100
AcDbText
  0
LINE
  5
B69
330
1F
100
AcDbEntity
  8
IE-WIRE
 62
4
 48
25.39999961853027
100
AcDbLine
 10
34422.46679885133
 20
59152.1863743605
 30
0.0
 11
40031.05765030764
 21
59152.18637436193
 31
0.0
  0
TEXT
  5
B6A
330
1F
100
AcDbEntity
  8
0
 62
4
100
AcDbText
 10
39312.88265769853
 20
59288.99543738679
 30
0.0
 40
259.08
  1
WH
  7
Tahoma
100
AcDbText
  0
LINE
  5
B6B
330
1F
100
AcDbEntity
  8
IE-WIRE
 62
4
 48
25.39999961853027
100
AcDbLine
 10
34422.46679885133
 20
58615.42107367877
 30
0.0
 11
40031.05765030764
 21
58615.42107368021
 31
0.0
  0
TEXT
  5
B6C
330
1F
100
AcDbEntity
  8
0
 62
4
100
AcDbText
 10
39312.88265769853
 20
58752.23013670506
 30
0.0
 40
259.08
  1
WH
  7
Tahoma
100
AcDbText
  0
LINE
  5
B6D
330
1F
100
AcDbEntity
  8
IE-WIRE
 62
4
 48
25.39999961853027
100
AcDbLine
 10
34422.46679885133
 20
58078.65577299704
 30
0.0
 11
40031.05765030764
 21
58078.65577299848
 31
0.0
  0
TEXT
  5
B6E
330
1F
100
AcDbEntity
  8
0
 62
4
100
AcDbText
 10
39312.88265769853
 20
58215.46483602334
 30
0.0
 40
259.08
  1
WH
  7
Tahoma
100
AcDbText
  0
LINE
  5
B6F
330
1F
100
AcDbEntity
  8
IE-WIRE
 62
4
 48
25.39999961853027
100
AcDbLine
 10
34422.46679885133
 20
57541.89047231532
 30
0.0
 11
40031.05765030764
 21
57541.89047231675
 31
0.0
  0
TEXT
  5
B70
330
1F
100
AcDbEntity
  8
0
 62
4
100
AcDbText
 10
39312.88265769853
 20
57678.69953534161
 30
0.0
 40
259.08
  1
WH
  7
Tahoma
100
AcDbText
  0
LINE
  5
B71
330
1F
100
AcDbEntity
  8
IE-WIRE
 62
4
 48
25.39999961853027
100
AcDbLine
 10
34422.46679885133
 20
57005.1251716336
 30
0.0
 11
40031.05765030764
 21
57005.12517163502
 31
0.0
  0
TEXT
  5
B72
330
1F
100
AcDbEntity
  8
0
 62
4
100
AcDbText
 10
39312.88265769853
 20
57141.93423465989
 30
0.0
 40
259.08
  1
WH
  7
Tahoma
100
AcDbText
  0
LINE
  5
B73
330
1F
100
AcDbEntity
  8
IE-WIRE
 62
4
 48
25.39999961853027
100
AcDbLine
 10
34422.46679885133
 20
56468.35987095186
 30
0.0
 11
40031.05765030764
 21
56468.3598709533
 31
0.0
  0
TEXT
  5
B74
330
1F
100
AcDbEntity
  8
0
 62
4
100
AcDbText
 10
39312.88265769853
 20
56605.16893397816
 30
0.0
 40
259.08
  1
WH
  7
Tahoma
100
AcDbText
  0
LINE
  5
B75
330
1F
100
AcDbEntity
  8
IE-WIRE
 62
4
 48
25.39999961853027
100
AcDbLine
 10
34422.46679885133
 20
55931.59457027014
 30
0.0
 11
40031.05765030764
 21
55931.59457027156
 31
0.0
  0
TEXT
  5
B76
330
1F
100
AcDbEntity
  8
0
 62
4
100
AcDbText
 10
39312.88265769853
 20
56068.40363329642
 30
0.0
 40
259.08
  1
WH
  7
Tahoma
100
AcDbText
  0
LINE
  5
B77
330
1F
100
AcDbEntity
  8
IE-WIRE
 62
4
 48
25.39999961853027
100
AcDbLine
 10
34422.46679885133
 20
55394.82926958841
 30
0.0
 11
40031.05765030764
 21
55394.82926958984
 31
0.0
  0
TEXT
  5
B78
330
1F
100
AcDbEntity
  8
0
 62
4
100
AcDbText
 10
39312.88265769853
 20
55531.6383326147
 30
0.0
 40
259.08
  1
WH
  7
Tahoma
100
AcDbText
  0
LINE
  5
B79
330
1F
100
AcDbEntity
  8
IE-WIRE
 62
4
 48
25.39999961853027
100
AcDbLine
 10
34422.46679885133
 20
54858.06396890667
 30
0.0
 11
40031.05765030764
 21
54858.06396890811
 31
0.0
  0
TEXT
  5
B7A
330
1F
100
AcDbEntity
  8
0
 62
4
100
AcDbText
 10
39312.88265769853
 20
54994.87303193298
 30
0.0
 40
259.08
  1
WH
  7
Tahoma
100
AcDbText
  0
LINE
  5
B7B
330
1F
100
AcDbEntity
  8
IE-WIRE
 62
4
 48
25.39999961853027
100
AcDbLine
 10
34422.46679885133
 20
54321.29866822495
 30
0.0
 11
40031.05765030764
 21
54321.29866822639
 31
0.0
  0
TEXT
  5
B7C
330
1F
100
AcDbEntity
  8
0
 62
4
100
AcDbText
 10
39312.88265769853
 20
54458.10773125126
 30
0.0
 40
259.08
  1
WH
  7
Tahoma
100
AcDbText
  0
LINE
  5
B7D
330
1F
100
AcDbEntity
  8
IE-WIRE
 62
4
 48
25.39999961853027
100
AcDbLine
 10
34422.46679885133
 20
53784.53336754323
 30
0.0
 11
40031.05765030764
 21
53784.53336754466
 31
0.0
  0
TEXT
  5
B7E
330
1F
100
AcDbEntity
  8
0
 62
4
100
AcDbText
 10
39312.88265769853
 20
53921.34243056952
 30
0.0
 40
259.08
  1
WH
  7
Tahoma
100
AcDbText
  0
LINE
  5
B7F
330
1F
100
AcDbEntity
  8
IE-WIRE
 62
4
 48
25.39999961853027
100
AcDbLine
 10
34422.46679885133
 20
53247.7680668615
 30
0.0
 11
40031.05765030764
 21
53247.76806686293
 31
0.0
  0
TEXT
  5
B80
330
1F
100
AcDbEntity
  8
0
 62
4
100
AcDbText
 10
39312.88265769853
 20
53384.5771298878
 30
0.0
 40
259.08
  1
WH
  7
Tahoma
100
AcDbText
  0
LINE
  5
B81
330
1F
100
AcDbEntity
  8
IE-WIRE
 62
4
 48
25.39999961853027
100
AcDbLine
 10
34422.46679885133
 20
52711.00276617977
 30
0.0
 11
40031.05765030764
 21
52711.00276618121
 31
0.0
  0
TEXT
  5
B82
330
1F
100
AcDbEntity
  8
0
 62
4
100
AcDbText
 10
39312.88265769853
 20
52847.81182920607
 30
0.0
 40
259.08
  1
WH
  7
Tahoma
100
AcDbText
  0
LINE
  5
B83
330
1F
100
AcDbEntity
  8
IE-WIRE
 62
4
 48
25.39999961853027
100
AcDbLine
 10
34422.46679885133
 20
52174.23746549804
 30
0.0
 11
40031.05765030764
 21
52174.23746549948
 31
0.0
  0
TEXT
  5
B84
330
1F
100
AcDbEntity
  8
0
 62
4
100
AcDbText
 10
39312.88265769853
 20
52311.04652852434
 30
0.0
 40
259.08
  1
WH
  7
Tahoma
100
AcDbText
  0
LINE
  5
B85
330
1F
100
AcDbEntity
  8
IE-WIRE
 62
4
 48
25.39999961853027
100
AcDbLine
 10
34422.46679885133
 20
51637.47216481632
 30
0.0
 11
40031.05765030764
 21
51637.47216481776
 31
0.0
  0
TEXT
  5
B86
330
1F
100
AcDbEntity
  8
0
 62
4
100
AcDbText
 10
39312.88265769853
 20
51774.28122784262
 30
0.0
 40
259.08
  1
WH
  7
Tahoma
100
AcDbText
  0
LINE
  5
B87
330
1F
100
AcDbEntity
  8
IE-WIRE
 62
4
 48
25.39999961853027
100
AcDbLine
 10
34422.46679885133
 20
51100.70686413459
 30
0.0
 11
40031.05765030764
 21
51100.70686413602
 31
0.0
  0
TEXT
  5
B88
330
1F
100
AcDbEntity
  8
0
 62
4
100
AcDbText
 10
39312.88265769853
 20
51237.51592716089
 30
0.0
 40
259.08
  1
WH
  7
Tahoma
100
AcDbText
  0
LINE
  5
B89
330
1F
100
AcDbEntity
  8
IE-WIRE
 62
4
 48
25.39999961853027
100
AcDbLine
 10
34422.46679885133
 20
50563.94156345287
 30
0.0
 11
40031.05765030606
 21
50563.9415634543
 31
0.0
  0
TEXT
  5
B8A
330
1F
100
AcDbEntity
  8
0
 62
4
100
AcDbText
 10
39312.88265769694
 20
50700.75062647916
 30
0.0
 40
259.08
  1
WH
  7
Tahoma
100
AcDbText
  0
LINE
  5
B8B
330
1F
100
AcDbEntity
  8
IE-WIRE
 62
4
 48
25.39999961853027
100
AcDbLine
 10
34422.46679885133
 20
50027.17626277114
 30
0.0
 11
40031.05765030606
 21
50027.17626277257
 31
0.0
  0
TEXT
  5
B8C
330
1F
100
AcDbEntity
  8
0
 62
4
100
AcDbText
 10
39312.88265769694
 20
50163.98532579744
 30
0.0
 40
259.08
  1
WH
  7
Tahoma
100
AcDbText
  0
LINE
  5
B8D
330
1F
100
AcDbEntity
  8
IE-WIRE
 62
4
 48
25.39999961853027
100
AcDbLine
 10
34422.46679885133
 20
49490.41096208941
 30
0.0
 11
40031.05765030606
 21
49490.41096209084
 31
0.0
  0
TEXT
  5
B8E
330
1F
100
AcDbEntity
  8
0
 62
4
100
AcDbText
 10
39312.88265769694
 20
49627.2200251157
 30
0.0
 40
259.08
  1
WH
  7
Tahoma
100
AcDbText
  0
LINE
  5
B8F
330
1F
100
AcDbEntity
  8
IE-WIRE
 62
4
 48
25.39999961853027
100
AcDbLine
 10
34422.46679885133
 20
48953.64566140769
 30
0.0
 11
40031.05765030606
 21
48953.64566140912
 31
0.0
  0
TEXT
  5
B90
330
1F
100
AcDbEntity
  8
0
 62
4
100
AcDbText
 10
39312.88265769694
 20
49090.45472443398
 30
0.0
 40
259.08
  1
WH
  7
Tahoma
100
AcDbText
  0
LINE
  5
B91
330
1F
100
AcDbEntity
  8
IE-WIRE
 62
4
 48
25.39999961853027
100
AcDbLine
 10
34422.46679885133
 20
48416.88036072595
 30
0.0
 11
40031.05765030606
 21
48416.88036072739
 31
0.0
  0
TEXT
  5
B92
330
1F
100
AcDbEntity
  8
0
 62
4
100
AcDbText
 10
39312.88265769694
 20
48553.68942375225
 30
0.0
 40
259.08
  1
WH
  7
Tahoma
100
AcDbText
  0
LINE
  5
B93
330
1F
100
AcDbEntity
  8
IE-WIRE
 62
4
 48
25.39999961853027
100
AcDbLine
 10
34422.46679885133
 20
47880.11506004423
 30
0.0
 11
40031.05765030606
 21
47880.11506004566
 31
0.0
  0
TEXT
  5
B94
330
1F
100
AcDbEntity
  8
0
 62
4
100
AcDbText
 10
39312.88265769694
 20
48016.92412307052
 30
0.0
 40
259.08
  1
WH
  7
Tahoma
100
AcDbText
  0
LINE
  5
B95
330
1F
100
AcDbEntity
  8
IE-WIRE
 62
4
 48
25.39999961853027
100
AcDbLine
 10
34422.46679885133
 20
47343.3497593625
 30
0.0
 11
40031.05765030606
 21
47343.34975936394
 31
0.0
  0
TEXT
  5
B96
330
1F
100
AcDbEntity
  8
0
 62
4
100
AcDbText
 10
39312.88265769694
 20
47480.1588223888
 30
0.0
 40
259.08
  1
WH
  7
Tahoma
100
AcDbText
  0
LINE
  5
B97
330
1F
100
AcDbEntity
  8
IE-WIRE
 62
4
 48
25.39999961853027
100
AcDbLine
 10
34184.46679885138
 20
63745.07408049604
 30
0.0
 11
34184.46679885138
 21
38908.35091254758
 31
0.0
  0
ARC
  5
B98
330
1F
100
AcDbEntity
  8
IE-WIRE
 62
4
 48
25.39999961853027
100
AcDbCircle
 10
34422.46679885138
 20
47105.3497593625
 30
0.0
 40
238.0
100
AcDbArc
 50
90.0
 51
180.0
  0
ARC
  5
B99
330
1F
100
AcDbEntity
  8
IE-WIRE
 62
4
 48
25.39999961853027
100
AcDbCircle
 10
34422.46679885138
 20
47642.11506004423
 30
0.0
 40
238.0
100
AcDbArc
 50
90.0
 51
180.0
  0
ARC
  5
B9A
330
1F
100
AcDbEntity
  8
IE-WIRE
 62
4
 48
25.39999961853027
100
AcDbCircle
 10
34422.46679885138
 20
48178.88036072595
 30
0.0
 40
238.0
100
AcDbArc
 50
90.0
 51
180.0
  0
ARC
  5
B9B
330
1F
100
AcDbEntity
  8
IE-WIRE
 62
4
 48
25.39999961853027
100
AcDbCircle
 10
34422.46679885138
 20
48715.64566140769
 30
0.0
 40
238.0
100
AcDbArc
 50
90.0
 51
180.0
  0
ARC
  5
B9C
330
1F
100
AcDbEntity
  8
IE-WIRE
 62
4
 48
25.39999961853027
100
AcDbCircle
 10
34422.46679885138
 20
49252.41096208941
 30
0.0
 40
238.0
100
AcDbArc
 50
90.0
 51
180.0
  0
ARC
  5
B9D
330
1F
100
AcDbEntity
  8
IE-WIRE
 62
4
 48
25.39999961853027
100
AcDbCircle
 10
34422.46679885138
 20
49789.17626277114
 30
0.0
 40
238.0
100
AcDbArc
 50
90.0
 51
180.0
  0
ARC
  5
B9E
330
1F
100
AcDbEntity
  8
IE-WIRE
 62
4
 48
25.39999961853027
100
AcDbCircle
 10
34422.46679885138
 20
50325.94156345287
 30
0.0
 40
238.0
100
AcDbArc
 50
90.0
 51
180.0
  0
ARC
  5
B9F
330
1F
100
AcDbEntity
  8
IE-WIRE
 62
4
 48
25.39999961853027
100
AcDbCircle
 10
34422.46679885138
 20
50862.70686413459
 30
0.0
 40
238.0
100
AcDbArc
 50
90.0
 51
180.0
  0
ARC
  5
BA0
330
1F
100
AcDbEntity
  8
IE-WIRE
 62
4
 48
25.39999961853027
100
AcDbCircle
 10
34422.46679885138
 20
51399.47216481632
 30
0.0
 40
238.0
100
AcDbArc
 50
90.0
 51
180.0
  0
ARC
  5
BA1
330
1F
100
AcDbEntity
  8
IE-WIRE
 62
4
 48
25.39999961853027
100
AcDbCircle
 10
34422.46679885138
 20
51936.23746549804
 30
0.0
 40
238.0
100
AcDbArc
 50
90.0
 51
180.0
  0
ARC
  5
BA2
330
1F
100
AcDbEntity
  8
IE-WIRE
 62
4
 48
25.39999961853027
100
AcDbCircle
 10
34422.46679885138
 20
52473.00276617977
 30
0.0
 40
238.0
100
AcDbArc
 50
90.0
 51
180.0
  0
ARC
  5
BA3
330
1F
100
AcDbEntity
  8
IE-WIRE
 62
4
 48
25.39999961853027
100
AcDbCircle
 10
34422.46679885138
 20
53009.7680668615
 30
0.0
 40
238.0
100
AcDbArc
 50
90.0
 51
180.0
  0
ARC
  5
BA4
330
1F
100
AcDbEntity
  8
IE-WIRE
 62
4
 48
25.39999961853027
100
AcDbCircle
 10
34422.46679885138
 20
53546.53336754323
 30
0.0
 40
238.0
100
AcDbArc
 50
90.0
 51
180.0
  0
ARC
  5
BA5
330
1F
100
AcDbEntity
  8
IE-WIRE
 62
4
 48
25.39999961853027
100
AcDbCircle
 10
34422.46679885138
 20
54083.29866822495
 30
0.0
 40
238.0
100
AcDbArc
 50
90.0
 51
180.0
  0
ARC
  5
BA6
330
1F
100
AcDbEntity
  8
IE-WIRE
 62
4
 48
25.39999961853027
100
AcDbCircle
 10
34422.46679885138
 20
54620.06396890667
 30
0.0
 40
238.0
100
AcDbArc
 50
90.0
 51
180.0
  0
ARC
  5
BA7
330
1F
100
AcDbEntity
  8
IE-WIRE
 62
4
 48
25.39999961853027
100
AcDbCircle
 10
34422.46679885138
 20
56230.35987095186
 30
0.0
 40
238.0
100
AcDbArc
 50
90.0
 51
180.0
  0
ARC
  5
BA8
330
1F
100
AcDbEntity
  8
IE-WIRE
 62
4
 48
25.39999961853027
100
AcDbCircle
 10
34422.46679885138
 20
56767.12517163359
 30
0.0
 40
238.0
100
AcDbArc
 50
90.0
 51
180.0
  0
ARC
  5
BA9
330
1F
100
AcDbEntity
  8
IE-WIRE
 62
4
 48
25.39999961853027
100
AcDbCircle
 10
34422.46679885138
 20
57303.89047231531
 30
0.0
 40
238.0
100
AcDbArc
 50
90.0
 51
180.0
  0
ARC
  5
BAA
330
1F
100
AcDbEntity
  8
IE-WIRE
 62
4
 48
25.39999961853027
100
AcDbCircle
 10
34422.46679885138
 20
57840.65577299704
 30
0.0
 40
238.0
100
AcDbArc
 50
90.0
 51
180.0
  0
ARC
  5
BAB
330
1F
100
AcDbEntity
  8
IE-WIRE
 62
4
 48
25.39999961853027
100
AcDbCircle
 10
34422.46679885138
 20
58377.42107367877
 30
0.0
 40
238.0
100
AcDbArc
 50
90.0
 51
180.0
  0
ARC
  5
BAC
330
1F
100
AcDbEntity
  8
IE-WIRE
 62
4
 48
25.39999961853027
100
AcDbCircle
 10
34422.46679885138
 20
58914.1863743605
 30
0.0
 40
238.0
100
AcDbArc
 50
90.0
 51
180.0
  0
ARC
  5
BAD
330
1F
100
AcDbEntity
  8
IE-WIRE
 62
4
 48
25.39999961853027
100
AcDbCircle
 10
34422.46679885138
 20
59450.95167504223
 30
0.0
 40
238.0
100
AcDbArc
 50
90.0
 51
180.0
  0
ARC
  5
BAE
330
1F
100
AcDbEntity
  8
IE-WIRE
 62
4
 48
25.39999961853027
100
AcDbCircle
 10
34422.46679885138
 20
59987.71697572395
 30
0.0
 40
238.0
100
AcDbArc
 50
90.0
 51
180.0
  0
ARC
  5
BAF
330
1F
100
AcDbEntity
  8
IE-WIRE
 62
4
 48
25.39999961853027
100
AcDbCircle
 10
34422.46679885138
 20
60524.48227640568
 30
0.0
 40
238.0
100
AcDbArc
 50
90.0
 51
180.0
  0
ARC
  5
BB0
330
1F
100
AcDbEntity
  8
IE-WIRE
 62
4
 48
25.39999961853027
100
AcDbCircle
 10
34422.46679885138
 20
61061.24757708741
 30
0.0
 40
238.0
100
AcDbArc
 50
90.0
 51
180.0
  0
ARC
  5
BB1
330
1F
100
AcDbEntity
  8
IE-WIRE
 62
4
 48
25.39999961853027
100
AcDbCircle
 10
34422.46679885138
 20
61598.01287776913
 30
0.0
 40
238.0
100
AcDbArc
 50
90.0
 51
180.0
  0
ARC
  5
BB2
330
1F
100
AcDbEntity
  8
IE-WIRE
 62
4
 48
25.39999961853027
100
AcDbCircle
 10
34422.46679885138
 20
62134.77817845086
 30
0.0
 40
238.0
100
AcDbArc
 50
90.0
 51
180.0
  0
ARC
  5
BB3
330
1F
100
AcDbEntity
  8
IE-WIRE
 62
4
 48
25.39999961853027
100
AcDbCircle
 10
34422.46679885138
 20
62671.54347913259
 30
0.0
 40
238.0
100
AcDbArc
 50
90.0
 51
180.0
  0
ARC
  5
BB4
330
1F
100
AcDbEntity
  8
IE-WIRE
 62
4
 48
25.39999961853027
100
AcDbCircle
 10
34422.46679885138
 20
63208.30877981432
 30
0.0
 40
238.0
100
AcDbArc
 50
90.0
 51
180.0
  0
ARC
  5
BB5
330
1F
100
AcDbEntity
  8
IE-WIRE
 62
4
 48
25.39999961853027
100
AcDbCircle
 10
34422.46679885138
 20
63745.07408049604
 30
0.0
 40
238.0
100
AcDbArc
 50
90.0
 51
180.0
  0
ARC
  5
BB6
330
1F
100
AcDbEntity
  8
IE-WIRE
 62
4
 48
25.39999961853027
100
AcDbCircle
 10
34422.46679885138
 20
55156.82926958841
 30
0.0
 40
238.0
100
AcDbArc
 50
90.0
 51
180.0
  0
ARC
  5
BB7
330
1F
100
AcDbEntity
  8
IE-WIRE
 62
4
 48
25.39999961853027
100
AcDbCircle
 10
34422.46679885138
 20
55693.59457027014
 30
0.0
 40
238.0
100
AcDbArc
 50
90.0
 51
180.0
  0
LINE
  5
BB8
330
1F
100
AcDbEntity
  8
IE-WIRE
 62
4
100
AcDbLine
 10
4227.847649376627
 20
38670.35091254758
 30
0.0
 11
33946.46679885138
 21
38670.35091254758
 31
0.0
  0
ARC
  5
BB9
330
1F
100
AcDbEntity
  8
IE-WIRE
 62
4
100
AcDbCircle
 10
33946.46679885138
 20
38908.35091254758
 30
0.0
 40
238.0
100
AcDbArc
 50
270.0
 51
0.0
  0
ARC
  5
BBA
330
1F
100
AcDbEntity
  8
IE-WIRE
 62
4
100
AcDbCircle
 10
27101.52608363617
 20
38908.35091254758
 30
0.0
 40
238.0
100
AcDbArc
 50
180.0
 51
270.0
  0
ARC
  5
BBB
330
1F
100
AcDbEntity
  8
IE-WIRE
 62
4
100
AcDbCircle
 10
4227.847649376627
 20
38908.35091254758
 30
0.0
 40
238.0
100
AcDbArc
 50
180.0
 51
270.0
  0
LINE
  5
D9C
330
1F
100
AcDbEntity
  8
IE-WIRE
 62
4
 48
25.39999961853027
100
AcDbLine
 10
49554.59692142662
 20
63983.07408049604
 30
0.0
 11
43946.0060699703
 21
63983.07408049748
 31
0.0
  0
LINE
  5
D9D
330
1F
100
AcDbEntity
  8
IE-WIRE
 62
4
 48
25.39999961853027
100
AcDbLine
 10
49554.59692142662
 20
63446.30877981432
 30
0.0
 11
43946.0060699703
 21
63446.30877981575
 31
0.0
  0
LINE
  5
D9E
330
1F
100
AcDbEntity
  8
IE-WIRE
 62
4
 48
25.39999961853027
100
AcDbLine
 10
49554.59692142662
 20
62909.54347913259
 30
0.0
 11
43946.0060699703
 21
62909.54347913402
 31
0.0
  0
LINE
  5
D9F
330
1F
100
AcDbEntity
  8
IE-WIRE
 62
4
 48
25.39999961853027
100
AcDbLine
 10
49554.59692142662
 20
62372.77817845086
 30
0.0
 11
43946.0060699703
 21
62372.7781784523
 31
0.0
  0
LINE
  5
DA0
330
1F
100
AcDbEntity
  8
IE-WIRE
 62
4
 48
25.39999961853027
100
AcDbLine
 10
49554.59692142662
 20
61836.01287776914
 30
0.0
 11
43946.0060699703
 21
61836.01287777057
 31
0.0
  0
LINE
  5
DA1
330
1F
100
AcDbEntity
  8
IE-WIRE
 62
4
 48
25.39999961853027
100
AcDbLine
 10
49554.59692142662
 20
61299.24757708742
 30
0.0
 11
43946.0060699703
 21
61299.24757708885
 31
0.0
  0
LINE
  5
DA2
330
1F
100
AcDbEntity
  8
IE-WIRE
 62
4
 48
25.39999961853027
100
AcDbLine
 10
49554.59692142662
 20
60762.48227640568
 30
0.0
 11
43946.0060699703
 21
60762.48227640711
 31
0.0
  0
LINE
  5
DA3
330
1F
100
AcDbEntity
  8
IE-WIRE
 62
4
 48
25.39999961853027
100
AcDbLine
 10
49554.59692142662
 20
60225.71697572395
 30
0.0
 11
43946.0060699703
 21
60225.71697572538
 31
0.0
  0
LINE
  5
DA4
330
1F
100
AcDbEntity
  8
IE-WIRE
 62
4
 48
25.39999961853027
100
AcDbLine
 10
49554.59692142662
 20
59688.95167504223
 30
0.0
 11
43946.0060699703
 21
59688.95167504366
 31
0.0
  0
LINE
  5
DA5
330
1F
100
AcDbEntity
  8
IE-WIRE
 62
4
 48
25.39999961853027
100
AcDbLine
 10
49554.59692142662
 20
59152.1863743605
 30
0.0
 11
43946.0060699703
 21
59152.18637436193
 31
0.0
  0
LINE
  5
DA6
330
1F
100
AcDbEntity
  8
IE-WIRE
 62
4
 48
25.39999961853027
100
AcDbLine
 10
49554.59692142662
 20
58615.42107367877
 30
0.0
 11
43946.0060699703
 21
58615.42107368021
 31
0.0
  0
LINE
  5
DA7
330
1F
100
AcDbEntity
  8
IE-WIRE
 62
4
 48
25.39999961853027
100
AcDbLine
 10
49554.59692142662
 20
58078.65577299704
 30
0.0
 11
43946.0060699703
 21
58078.65577299848
 31
0.0
  0
LINE
  5
DA8
330
1F
100
AcDbEntity
  8
IE-WIRE
 62
4
 48
25.39999961853027
100
AcDbLine
 10
49554.59692142662
 20
57541.89047231532
 30
0.0
 11
43946.0060699703
 21
57541.89047231675
 31
0.0
  0
LINE
  5
DA9
330
1F
100
AcDbEntity
  8
IE-WIRE
 62
4
 48
25.39999961853027
100
AcDbLine
 10
49554.59692142662
 20
57005.1251716336
 30
0.0
 11
43946.0060699703
 21
57005.12517163502
 31
0.0
  0
LINE
  5
DAA
330
1F
100
AcDbEntity
  8
IE-WIRE
 62
4
 48
25.39999961853027
100
AcDbLine
 10
49554.59692142662
 20
56468.35987095186
 30
0.0
 11
43946.0060699703
 21
56468.3598709533
 31
0.0
  0
LINE
  5
DAB
330
1F
100
AcDbEntity
  8
IE-WIRE
 62
4
 48
25.39999961853027
100
AcDbLine
 10
49554.59692142662
 20
55931.59457027014
 30
0.0
 11
43946.0060699703
 21
55931.59457027156
 31
0.0
  0
LINE
  5
DAC
330
1F
100
AcDbEntity
  8
IE-WIRE
 62
4
 48
25.39999961853027
100
AcDbLine
 10
47618.87239662238
 20
55394.8292695889
 30
0.0
 11
43946.0060699703
 21
55394.82926958984
 31
0.0
  0
LINE
  5
DAD
330
1F
100
AcDbEntity
  8
IE-WIRE
 62
4
 48
25.39999961853027
100
AcDbLine
 10
47618.87239662238
 20
54858.06396890717
 30
0.0
 11
43946.0060699703
 21
54858.06396890811
 31
0.0
  0
LINE
  5
DAE
330
1F
100
AcDbEntity
  8
IE-WIRE
 62
4
 48
25.39999961853027
100
AcDbLine
 10
47618.87239662238
 20
54321.29866822545
 30
0.0
 11
43946.0060699703
 21
54321.29866822639
 31
0.0
  0
LINE
  5
DAF
330
1F
100
AcDbEntity
  8
IE-WIRE
 62
4
 48
25.39999961853027
100
AcDbLine
 10
47618.87239662238
 20
53784.53336754372
 30
0.0
 11
43946.0060699703
 21
53784.53336754466
 31
0.0
  0
LINE
  5
DB0
330
1F
100
AcDbEntity
  8
IE-WIRE
 62
4
 48
25.39999961853027
100
AcDbLine
 10
47618.87239662238
 20
53247.76806686199
 30
0.0
 11
43946.0060699703
 21
53247.76806686293
 31
0.0
  0
LINE
  5
DB1
330
1F
100
AcDbEntity
  8
IE-WIRE
 62
4
 48
25.39999961853027
100
AcDbLine
 10
47618.87239662238
 20
52711.00276618027
 30
0.0
 11
43946.0060699703
 21
52711.00276618121
 31
0.0
  0
LINE
  5
DB2
330
1F
100
AcDbEntity
  8
IE-WIRE
 62
4
 48
25.39999961853027
100
AcDbLine
 10
47618.87239662238
 20
52174.23746549854
 30
0.0
 11
43946.0060699703
 21
52174.23746549948
 31
0.0
  0
LINE
  5
DB3
330
1F
100
AcDbEntity
  8
IE-WIRE
 62
4
 48
25.39999961853027
100
AcDbLine
 10
47618.87239662238
 20
51637.47216481681
 30
0.0
 11
43946.0060699703
 21
51637.47216481776
 31
0.0
  0
LINE
  5
DB4
330
1F
100
AcDbEntity
  8
IE-WIRE
 62
4
 48
25.39999961853027
100
AcDbLine
 10
47618.87239662238
 20
51100.70686413509
 30
0.0
 11
43946.0060699703
 21
51100.70686413602
 31
0.0
  0
LINE
  5
DB5
330
1F
100
AcDbEntity
  8
IE-WIRE
 62
4
 48
25.39999961853027
100
AcDbLine
 10
47618.87239662238
 20
50563.94156345337
 30
0.0
 11
43946.00606997188
 21
50563.9415634543
 31
0.0
  0
LINE
  5
DB6
330
1F
100
AcDbEntity
  8
IE-WIRE
 62
4
 48
25.39999961853027
100
AcDbLine
 10
47618.87239662238
 20
50027.17626277163
 30
0.0
 11
43946.00606997188
 21
50027.17626277257
 31
0.0
  0
LINE
  5
DB7
330
1F
100
AcDbEntity
  8
IE-WIRE
 62
4
 48
25.39999961853027
100
AcDbLine
 10
47618.87239662238
 20
49490.4109620899
 30
0.0
 11
43946.00606997188
 21
49490.41096209084
 31
0.0
  0
LINE
  5
DB8
330
1F
100
AcDbEntity
  8
IE-WIRE
 62
4
 48
25.39999961853027
100
AcDbLine
 10
47618.87239662238
 20
48953.64566140818
 30
0.0
 11
43946.00606997188
 21
48953.64566140912
 31
0.0
  0
LINE
  5
DB9
330
1F
100
AcDbEntity
  8
IE-WIRE
 62
4
 48
25.39999961853027
100
AcDbLine
 10
47618.87239662238
 20
48416.88036072645
 30
0.0
 11
43946.00606997188
 21
48416.88036072739
 31
0.0
  0
LINE
  5
DBA
330
1F
100
AcDbEntity
  8
IE-WIRE
 62
4
 48
25.39999961853027
100
AcDbLine
 10
47618.87239662238
 20
47880.11506004473
 30
0.0
 11
43946.00606997188
 21
47880.11506004566
 31
0.0
  0
LINE
  5
DBB
330
1F
100
AcDbEntity
  8
IE-WIRE
 62
4
 48
25.39999961853027
100
AcDbLine
 10
47618.87239662238
 20
47343.34975936299
 30
0.0
 11
43946.00606997188
 21
47343.34975936394
 31
0.0
  0
LINE
  5
DBC
330
1F
100
AcDbEntity
  8
IE-WIRE
 62
4
 48
25.39999961853027
100
AcDbLine
 10
49792.59692142656
 20
63745.07408049604
 30
0.0
 11
49792.59692142656
 21
38145.20296152439
 31
0.0
  0
ARC
  5
DBD
330
1F
100
AcDbEntity
  8
IE-WIRE
 62
4
 48
25.39999961853027
100
AcDbCircle
 10
47618.87239662238
 20
47105.349759363
 30
0.0
 40
238.0
100
AcDbArc
 50
0.0
 51
90.0
  0
ARC
  5
DBE
330
1F
100
AcDbEntity
  8
IE-WIRE
 62
4
 48
25.39999961853027
100
AcDbCircle
 10
47618.87239662238
 20
47642.11506004473
 30
0.0
 40
238.0
100
AcDbArc
 50
0.0
 51
90.0
  0
ARC
  5
DBF
330
1F
100
AcDbEntity
  8
IE-WIRE
 62
4
 48
25.39999961853027
100
AcDbCircle
 10
47618.87239662238
 20
48178.88036072646
 30
0.0
 40
238.0
100
AcDbArc
 50
0.0
 51
90.0
  0
ARC
  5
DC0
330
1F
100
AcDbEntity
  8
IE-WIRE
 62
4
 48
25.39999961853027
100
AcDbCircle
 10
47618.87239662238
 20
48715.64566140818
 30
0.0
 40
238.0
100
AcDbArc
 50
0.0
 51
90.0
  0
ARC
  5
DC1
330
1F
100
AcDbEntity
  8
IE-WIRE
 62
4
 48
25.39999961853027
100
AcDbCircle
 10
47618.87239662238
 20
49252.41096208991
 30
0.0
 40
238.0
100
AcDbArc
 50
0.0
 51
90.0
  0
ARC
  5
DC2
330
1F
100
AcDbEntity
  8
IE-WIRE
 62
4
 48
25.39999961853027
100
AcDbCircle
 10
47618.87239662238
 20
49789.17626277164
 30
0.0
 40
238.0
100
AcDbArc
 50
0.0
 51
90.0
  0
ARC
  5
DC3
330
1F
100
AcDbEntity
  8
IE-WIRE
 62
4
 48
25.39999961853027
100
AcDbCircle
 10
47618.87239662238
 20
50325.94156345337
 30
0.0
 40
238.0
100
AcDbArc
 50
0.0
 51
90.0
  0
ARC
  5
DC4
330
1F
100
AcDbEntity
  8
IE-WIRE
 62
4
 48
25.39999961853027
100
AcDbCircle
 10
47618.87239662238
 20
50862.70686413509
 30
0.0
 40
238.0
100
AcDbArc
 50
0.0
 51
90.0
  0
ARC
  5
DC5
330
1F
100
AcDbEntity
  8
IE-WIRE
 62
4
 48
25.39999961853027
100
AcDbCircle
 10
47618.87239662238
 20
51399.47216481682
 30
0.0
 40
238.0
100
AcDbArc
 50
0.0
 51
90.0
  0
ARC
  5
DC6
330
1F
100
AcDbEntity
  8
IE-WIRE
 62
4
 48
25.39999961853027
100
AcDbCircle
 10
47618.87239662238
 20
51936.23746549855
 30
0.0
 40
238.0
100
AcDbArc
 50
0.0
 51
90.0
  0
ARC
  5
DC7
330
1F
100
AcDbEntity
  8
IE-WIRE
 62
4
 48
25.39999961853027
100
AcDbCircle
 10
47618.87239662238
 20
52473.00276618027
 30
0.0
 40
238.0
100
AcDbArc
 50
0.0
 51
90.0
  0
ARC
  5
DC8
330
1F
100
AcDbEntity
  8
IE-WIRE
 62
4
 48
25.39999961853027
100
AcDbCircle
 10
47618.87239662238
 20
53009.768066862
 30
0.0
 40
238.0
100
AcDbArc
 50
0.0
 51
90.0
  0
ARC
  5
DC9
330
1F
100
AcDbEntity
  8
IE-WIRE
 62
4
 48
25.39999961853027
100
AcDbCircle
 10
47618.87239662238
 20
53546.53336754372
 30
0.0
 40
238.0
100
AcDbArc
 50
0.0
 51
90.0
  0
ARC
  5
DCA
330
1F
100
AcDbEntity
  8
IE-WIRE
 62
4
 48
25.39999961853027
100
AcDbCircle
 10
47618.87239662238
 20
54083.29866822545
 30
0.0
 40
238.0
100
AcDbArc
 50
0.0
 51
90.0
  0
ARC
  5
DCB
330
1F
100
AcDbEntity
  8
IE-WIRE
 62
4
 48
25.39999961853027
100
AcDbCircle
 10
47618.87239662238
 20
54620.06396890718
 30
0.0
 40
238.0
100
AcDbArc
 50
0.0
 51
90.0
  0
ARC
  5
DCC
330
1F
100
AcDbEntity
  8
IE-WIRE
 62
4
 48
25.39999961853027
100
AcDbCircle
 10
49554.59692142656
 20
56230.35987095186
 30
0.0
 40
238.0
100
AcDbArc
 50
0.0
 51
90.0
  0
ARC
  5
DCD
330
1F
100
AcDbEntity
  8
IE-WIRE
 62
4
 48
25.39999961853027
100
AcDbCircle
 10
49554.59692142656
 20
56767.12517163359
 30
0.0
 40
238.0
100
AcDbArc
 50
0.0
 51
90.0
  0
ARC
  5
DCE
330
1F
100
AcDbEntity
  8
IE-WIRE
 62
4
 48
25.39999961853027
100
AcDbCircle
 10
49554.59692142656
 20
57303.89047231531
 30
0.0
 40
238.0
100
AcDbArc
 50
0.0
 51
90.0
  0
ARC
  5
DCF
330
1F
100
AcDbEntity
  8
IE-WIRE
 62
4
 48
25.39999961853027
100
AcDbCircle
 10
49554.59692142656
 20
57840.65577299704
 30
0.0
 40
238.0
100
AcDbArc
 50
0.0
 51
90.0
  0
ARC
  5
DD0
330
1F
100
AcDbEntity
  8
IE-WIRE
 62
4
 48
25.39999961853027
100
AcDbCircle
 10
49554.59692142656
 20
58377.42107367877
 30
0.0
 40
238.0
100
AcDbArc
 50
0.0
 51
90.0
  0
ARC
  5
DD1
330
1F
100
AcDbEntity
  8
IE-WIRE
 62
4
 48
25.39999961853027
100
AcDbCircle
 10
49554.59692142656
 20
58914.1863743605
 30
0.0
 40
238.0
100
AcDbArc
 50
0.0
 51
90.0
  0
ARC
  5
DD2
330
1F
100
AcDbEntity
  8
IE-WIRE
 62
4
 48
25.39999961853027
100
AcDbCircle
 10
49554.59692142656
 20
59450.95167504223
 30
0.0
 40
238.0
100
AcDbArc
 50
0.0
 51
90.0
  0
ARC
  5
DD3
330
1F
100
AcDbEntity
  8
IE-WIRE
 62
4
 48
25.39999961853027
100
AcDbCircle
 10
49554.59692142656
 20
59987.71697572395
 30
0.0
 40
238.0
100
AcDbArc
 50
0.0
 51
90.0
  0
ARC
  5
DD4
330
1F
100
AcDbEntity
  8
IE-WIRE
 62
4
 48
25.39999961853027
100
AcDbCircle
 10
49554.59692142656
 20
60524.48227640568
 30
0.0
 40
238.0
100
AcDbArc
 50
0.0
 51
90.0
  0
ARC
  5
DD5
330
1F
100
AcDbEntity
  8
IE-WIRE
 62
4
 48
25.39999961853027
100
AcDbCircle
 10
49554.59692142656
 20
61061.24757708741
 30
0.0
 40
238.0
100
AcDbArc
 50
0.0
 51
90.0
  0
ARC
  5
DD6
330
1F
100
AcDbEntity
  8
IE-WIRE
 62
4
 48
25.39999961853027
100
AcDbCircle
 10
49554.59692142656
 20
61598.01287776913
 30
0.0
 40
238.0
100
AcDbArc
 50
0.0
 51
90.0
  0
ARC
  5
DD7
330
1F
100
AcDbEntity
  8
IE-WIRE
 62
4
 48
25.39999961853027
100
AcDbCircle
 10
49554.59692142656
 20
62134.77817845086
 30
0.0
 40
238.0
100
AcDbArc
 50
0.0
 51
90.0
  0
ARC
  5
DD8
330
1F
100
AcDbEntity
  8
IE-WIRE
 62
4
 48
25.39999961853027
100
AcDbCircle
 10
49554.59692142656
 20
62671.54347913259
 30
0.0
 40
238.0
100
AcDbArc
 50
0.0
 51
90.0
  0
ARC
  5
DD9
330
1F
100
AcDbEntity
  8
IE-WIRE
 62
4
 48
25.39999961853027
100
AcDbCircle
 10
49554.59692142656
 20
63208.30877981432
 30
0.0
 40
238.0
100
AcDbArc
 50
0.0
 51
90.0
  0
ARC
  5
DDA
330
1F
100
AcDbEntity
  8
IE-WIRE
 62
4
 48
25.39999961853027
100
AcDbCircle
 10
49554.59692142656
 20
63745.07408049604
 30
0.0
 40
238.0
100
AcDbArc
 50
0.0
 51
90.0
  0
ARC
  5
DDB
330
1F
100
AcDbEntity
  8
IE-WIRE
 62
4
 48
25.39999961853027
100
AcDbCircle
 10
47618.87239662238
 20
55156.8292695889
 30
0.0
 40
238.0
100
AcDbArc
 50
0.0
 51
90.0
  0
ARC
  5
DDC
330
1F
100
AcDbEntity
  8
IE-WIRE
 62
4
 48
25.39999961853027
100
AcDbCircle
 10
49554.59692142656
 20
55693.59457027014
 30
0.0
 40
238.0
100
AcDbArc
 50
0.0
 51
90.0
  0
LINE
  5
DDD
330
1F
100
AcDbEntity
  8
IE-WIRE
 62
4
 48
25.39999961853027
100
AcDbLine
 10
56604.91375754672
 20
63458.96583506162
 30
0.0
 11
62213.50460900309
 21
63458.96583506306
 31
0.0
  0
LINE
  5
DDE
330
1F
100
AcDbEntity
  8
IE-WIRE
 62
4
 48
25.39999961853027
100
AcDbLine
 10
56604.91375754672
 20
63458.96583506154
 30
0.0
 11
62213.50460900309
 21
63458.96583506296
 31
0.0
  0
LINE
  5
DFD
330
1F
100
AcDbEntity
  8
IE-WIRE
 62
4
 48
25.39999961853027
100
AcDbLine
 10
56366.91375754682
 20
63220.96583506163
 30
0.0
 11
56366.91375754682
 21
38145.2029615244
 31
0.0
  0
ARC
  5
E1A
330
1F
100
AcDbEntity
  8
IE-WIRE
 62
4
 48
25.39999961853027
100
AcDbCircle
 10
56604.91375754682
 20
63220.96583506163
 30
0.0
 40
238.0
100
AcDbArc
 50
90.0
 51
180.0
  0
LINE
  5
E1E
330
1F
100
AcDbEntity
  8
IE-WIRE
 62
4
100
AcDbLine
 10
50072.59692142656
 20
37865.20296152439
 30
0.0
 11
56086.91375754682
 21
37865.2029615244
 31
0.0
  0
LINE
  5
E54
330
1F
100
AcDbEntity
  8
IE-WIRE
 62
4
 48
25.39999961853027
100
AcDbLine
 10
47856.87239662238
 20
55156.8292695889
 30
0.0
 11
47856.87239662238
 21
9852.993139732209
 31
0.0
  0
TEXT
  5
101C
330
1F
100
AcDbEntity
  8
0
 62
4
100
AcDbText
 10
63417.14127685915
 20
64449.08990185401
 30
0.0
 40
259.08
  1
P3-TBDI2
  7
Tahoma
 72
1
 11
64170.97881883362
 21
64578.62990185402
 31
0.0
100
AcDbText
 73
2
  0
LWPOLYLINE
  5
101D
330
1F
100
AcDbEntity
  8
0
 62
4
 48
25.39999961853027
100
AcDbPolyline
 90
4
 70
1
 10
62213.50460900309
 20
64264.11378608565
 10
66128.45302866415
 20
64264.11378608565
 10
66128.45302866415
 20
65181.29327311299
 10
62213.50460900309
 20
65181.29327311299
  0
CIRCLE
  5
108D
330
1F
100
AcDbEntity
  8
power
 62
1
 48
25.39999961853027
100
AcDbCircle
 10
64628.01141591853
 20
64004.06570586794
 30
0.0
 40
82.1741740943103
  0
ARC
  5
108E
330
1F
100
AcDbEntity
  8
power
 62
1
 48
25.39999961853027
100
AcDbCircle
 10
64502.821726487
 20
63930.91918095074
 30
0.0
 40
199.4917990332959
100
AcDbArc
 50
51.13091600743778
 51
171.325383268664
  0
CIRCLE
  5
108F
330
1F
100
AcDbEntity
  8
power
 62
1
 48
25.39999961853027
100
AcDbCircle
 10
63939.647942097
 20
64004.06570586794
 30
0.0
 40
82.1741740943103
  0
ARC
  5
1090
330
1F
100
AcDbEntity
  8
power
 62
1
 48
25.39999961853027
100
AcDbCircle
 10
64115.48730646575
 20
64008.27563117583
 30
0.0
 40
195.9124669169466
100
AcDbArc
 50
206.1633692001483
 51
346.0382736866474
  0
INSERT
  5
11D3
330
1F
100
AcDbEntity
  8
0
100
AcDbBlockReference
 66
1
  2
Term_Group3
 10
62213.50460900309
 20
64264.11378608565
 30
0.0
 41
0.85
 42
0.85
 43
0.85
  0
ATTRIB
  5
11D4
330
11D3
100
AcDbEntity
  8
0
100
AcDbText
 10
62874.99622005178
 20
63877.28453210003
 30
0.0
 40
212.5
  1
1A
100
AcDbAttribute
  2
TERMINAL_A
 70
0
280
1
 71
1
 72
0
  0
ATTRIB
  5
11D5
330
11D3
100
AcDbEntity
  8
0
100
AcDbText
 10
62874.99622005178
 20
63340.51923141829
 30
0.0
 40
212.5
  1
1B
100
AcDbAttribute
  2
TERMINAL_B
 70
0
280
1
 71
1
 72
0
  0
SEQEND
  5
11D6
330
1F
100
AcDbEntity
  8
0
  0
INSERT
  5
144A
330
1F
100
AcDbEntity
  8
0
100
AcDbBlockReference
 66
1
  2
Term_Group3
 10
62213.50460900309
 20
62653.81788404065
 30
0.0
 41
0.85
 42
0.85
 43
0.85
  0
ATTRIB
  5
144B
330
144A
100
AcDbEntity
  8
0
100
AcDbText
 10
62874.99622005178
 20
62266.98863005504
 30
0.0
 40
212.5
  1
2A
100
AcDbAttribute
  2
TERMINAL_A
 70
0
280
1
 71
1
 72
0
  0
ATTRIB
  5
144C
330
144A
100
AcDbEntity
  8
0
100
AcDbText
 10
62874.99622005178
 20
61730.2233293733
 30
0.0
 40
212.5
  1
2B
100
AcDbAttribute
  2
TERMINAL_B
 70
0
280
1
 71
1
 72
0
  0
SEQEND
  5
144D
330
1F
100
AcDbEntity
  8
0
  0
INSERT
  5
1486
330
1F
100
AcDbEntity
  8
0
100
AcDbBlockReference
 66
1
  2
Term_Group3
 10
62213.50460900309
 20
61043.52198199567
 30
0.0
 41
0.85
 42
0.85
 43
0.85
  0
ATTRIB
  5
1487
330
1486
100
AcDbEntity
  8
0
100
AcDbText
 10
62874.99622005178
 20
60656.69272801004
 30
0.0
 40
212.5
  1
3A
100
AcDbAttribute
  2
TERMINAL_A
 70
0
280
1
 71
1
 72
0
  0
ATTRIB
  5
1488
330
1486
100
AcDbEntity
  8
0
100
AcDbText
 10
62874.99622005178
 20
60119.92742732832
 30
0.0
 40
212.5
  1
3B
100
AcDbAttribute
  2
TERMINAL_B
 70
0
280
1
 71
1
 72
0
  0
SEQEND
  5
1489
330
1F
100
AcDbEntity
  8
0
  0
INSERT
  5
14C2
330
1F
100
AcDbEntity
  8
0
100
AcDbBlockReference
 66
1
  2
Term_Group3
 10
62213.50460900309
 20
59433.22607995068
 30
0.0
 41
0.85
 42
0.85
 43
0.85
  0
ATTRIB
  5
14C3
330
14C2
100
AcDbEntity
  8
0
100
AcDbText
 10
62874.99622005178
 20
59046.39682596506
 30
0.0
 40
212.5
  1
4A
100
AcDbAttribute
  2
TERMINAL_A
 70
0
280
1
 71
1
 72
0
  0
ATTRIB
  5
14C4
330
14C2
100
AcDbEntity
  8
0
100
AcDbText
 10
62874.99622005178
 20
58509.63152528332
 30
0.0
 40
212.5
  1
4B
100
AcDbAttribute
  2
TERMINAL_B
 70
0
280
1
 71
1
 72
0
  0
SEQEND
  5
14C5
330
1F
100
AcDbEntity
  8
0
  0
INSERT
  5
150A
330
1F
100
AcDbEntity
  8
0
100
AcDbBlockReference
 66
1
  2
Term_Group3
 10
62213.50460900309
 20
57822.93017790569
 30
0.0
 41
0.85
 42
0.85
 43
0.85
  0
ATTRIB
  5
150B
330
150A
100
AcDbEntity
  8
0
100
AcDbText
 10
62874.99622005178
 20
57436.10092392006
 30
0.0
 40
212.5
  1
5A
100
AcDbAttribute
  2
TERMINAL_A
 70
0
280
1
 71
1
 72
0
  0
ATTRIB
  5
150C
330
150A
100
AcDbEntity
  8
0
100
AcDbText
 10
62874.99622005178
 20
56899.33562323833
 30
0.0
 40
212.5
  1
5B
100
AcDbAttribute
  2
TERMINAL_B
 70
0
280
1
 71
1
 72
0
  0
SEQEND
  5
150D
330
1F
100
AcDbEntity
  8
0
  0
INSERT
  5
150E
330
1F
100
AcDbEntity
  8
0
100
AcDbBlockReference
 66
1
  2
Term_Group3
 10
62213.50460900309
 20
56212.6342758607
 30
0.0
 41
0.85
 42
0.85
 43
0.85
  0
ATTRIB
  5
150F
330
150E
100
AcDbEntity
  8
0
100
AcDbText
 10
62874.99622005178
 20
55825.80502187507
 30
0.0
 40
212.5
  1
6A
100
AcDbAttribute
  2
TERMINAL_A
 70
0
280
1
 71
1
 72
0
  0
ATTRIB
  5
1510
330
150E
100
AcDbEntity
  8
0
100
AcDbText
 10
62874.99622005178
 20
55289.03972119335
 30
0.0
 40
212.5
  1
6B
100
AcDbAttribute
  2
TERMINAL_B
 70
0
280
1
 71
1
 72
0
  0
SEQEND
  5
1511
330
1F
100
AcDbEntity
  8
0
  0
INSERT
  5
1512
330
1F
100
AcDbEntity
  8
0
100
AcDbBlockReference
 66
1
  2
Term_Group3
 10
62213.50460900309
 20
54602.33837381571
 30
0.0
 41
0.85
 42
0.85
 43
0.85
  0
ATTRIB
  5
1513
330
1512
100
AcDbEntity
  8
0
100
AcDbText
 10
62874.99622005178
 20
54215.50911983009
 30
0.0
 40
212.5
  1
7A
100
AcDbAttribute
  2
TERMINAL_A
 70
0
280
1
 71
1
 72
0
  0
ATTRIB
  5
1514
330
1512
100
AcDbEntity
  8
0
100
AcDbText
 10
62874.99622005178
 20
53678.74381914835
 30
0.0
 40
212.5
  1
7B
100
AcDbAttribute
  2
TERMINAL_B
 70
0
280
1
 71
1
 72
0
  0
SEQEND
  5
1515
330
1F
100
AcDbEntity
  8
0
  0
INSERT
  5
1516
330
1F
100
AcDbEntity
  8
0
100
AcDbBlockReference
 66
1
  2
Term_Group3
 10
62213.50460900309
 20
52992.04247177072
 30
0.0
 41
0.85
 42
0.85
 43
0.85
  0
ATTRIB
  5
1517
330
1516
100
AcDbEntity
  8
0
100
AcDbText
 10
62874.99622005178
 20
52605.21321778509
 30
0.0
 40
212.5
  1
8A
100
AcDbAttribute
  2
TERMINAL_A
 70
0
280
1
 71
1
 72
0
  0
ATTRIB
  5
1518
330
1516
100
AcDbEntity
  8
0
100
AcDbText
 10
62874.99622005178
 20
52068.44791710336
 30
0.0
 40
212.5
  1
8B
100
AcDbAttribute
  2
TERMINAL_B
 70
0
280
1
 71
1
 72
0
  0
SEQEND
  5
1519
330
1F
100
AcDbEntity
  8
0
  0
CIRCLE
  5
1572
330
1F
100
AcDbEntity
  8
power
 62
1
 48
25.39999961853027
100
AcDbCircle
 10
64628.01141591853
 20
51121.69848950802
 30
0.0
 40
82.1741740943103
  0
ARC
  5
1573
330
1F
100
AcDbEntity
  8
power
 62
1
 48
25.39999961853027
100
AcDbCircle
 10
64502.821726487
 20
51048.55196459082
 30
0.0
 40
199.4917990332959
100
AcDbArc
 50
51.13091600743778
 51
171.325383268664
  0
CIRCLE
  5
1574
330
1F
100
AcDbEntity
  8
power
 62
1
 48
25.39999961853027
100
AcDbCircle
 10
63939.647942097
 20
51121.69848950802
 30
0.0
 40
82.1741740943103
  0
ARC
  5
1575
330
1F
100
AcDbEntity
  8
power
 62
1
 48
25.39999961853027
100
AcDbCircle
 10
64115.48730646575
 20
51125.90841481591
 30
0.0
 40
195.9124669169466
100
AcDbArc
 50
206.1633692001464
 51
346.0382736866495
  0
INSERT
  5
1576
330
1F
100
AcDbEntity
  8
0
100
AcDbBlockReference
 66
1
  2
Term_Group3
 10
62213.50460900309
 20
51381.74656972573
 30
0.0
 41
0.85
 42
0.85
 43
0.85
  0
ATTRIB
  5
1577
330
1576
100
AcDbEntity
  8
0
100
AcDbText
 10
62874.99622005178
 20
50994.91731574011
 30
0.0
 40
212.5
  1
9A
100
AcDbAttribute
  2
TERMINAL_A
 70
0
280
1
 71
1
 72
0
  0
ATTRIB
  5
1578
330
1576
100
AcDbEntity
  8
0
100
AcDbText
 10
62874.99622005178
 20
50458.15201505837
 30
0.0
 40
212.5
  1
9B
100
AcDbAttribute
  2
TERMINAL_B
 70
0
280
1
 71
1
 72
0
  0
SEQEND
  5
1579
330
1F
100
AcDbEntity
  8
0
  0
INSERT
  5
157A
330
1F
100
AcDbEntity
  8
0
100
AcDbBlockReference
 66
1
  2
Term_Group3
 10
62213.50460900309
 20
49771.45066768074
 30
0.0
 41
0.85
 42
0.85
 43
0.85
  0
ATTRIB
  5
157B
330
157A
100
AcDbEntity
  8
0
100
AcDbText
 10
62874.99622005178
 20
49384.62141369512
 30
0.0
 40
212.5
  1
10A
100
AcDbAttribute
  2
TERMINAL_A
 70
0
280
1
 71
1
 72
0
  0
ATTRIB
  5
157C
330
157A
100
AcDbEntity
  8
0
100
AcDbText
 10
62874.99622005178
 20
48847.85611301338
 30
0.0
 40
212.5
  1
10B
100
AcDbAttribute
  2
TERMINAL_B
 70
0
280
1
 71
1
 72
0
  0
SEQEND
  5
157D
330
1F
100
AcDbEntity
  8
0
  0
INSERT
  5
157E
330
1F
100
AcDbEntity
  8
0
100
AcDbBlockReference
 66
1
  2
Term_Group3
 10
62213.50460900309
 20
48161.15476563575
 30
0.0
 41
0.85
 42
0.85
 43
0.85
  0
ATTRIB
  5
157F
330
157E
100
AcDbEntity
  8
0
100
AcDbText
 10
62874.99622005178
 20
47774.32551165012
 30
0.0
 40
212.5
  1
11A
100
AcDbAttribute
  2
TERMINAL_A
 70
0
280
1
 71
1
 72
0
  0
ATTRIB
  5
1580
330
157E
100
AcDbEntity
  8
0
100
AcDbText
 10
62874.99622005178
 20
47237.56021096839
 30
0.0
 40
212.5
  1
11B
100
AcDbAttribute
  2
TERMINAL_B
 70
0
280
1
 71
1
 72
0
  0
SEQEND
  5
1581
330
1F
100
AcDbEntity
  8
0
  0
INSERT
  5
1582
330
1F
100
AcDbEntity
  8
0
100
AcDbBlockReference
 66
1
  2
Term_Group3
 10
62213.50460900309
 20
46550.85886359076
 30
0.0
 41
0.85
 42
0.85
 43
0.85
  0
ATTRIB
  5
1583
330
1582
100
AcDbEntity
  8
0
100
AcDbText
 10
62874.99622005178
 20
46164.02960960514
 30
0.0
 40
212.5
  1
12A
100
AcDbAttribute
  2
TERMINAL_A
 70
0
280
1
 71
1
 72
0
  0
ATTRIB
  5
1584
330
1582
100
AcDbEntity
  8
0
100
AcDbText
 10
62874.99622005178
 20
45627.2643089234
 30
0.0
 40
212.5
  1
12B
100
AcDbAttribute
  2
TERMINAL_B
 70
0
280
1
 71
1
 72
0
  0
SEQEND
  5
1585
330
1F
100
AcDbEntity
  8
0
  0
INSERT
  5
1586
330
1F
100
AcDbEntity
  8
0
100
AcDbBlockReference
 66
1
  2
Term_Group3
 10
62213.50460900309
 20
44940.56296154577
 30
0.0
 41
0.85
 42
0.85
 43
0.85
  0
ATTRIB
  5
1587
330
1586
100
AcDbEntity
  8
0
100
AcDbText
 10
62874.99622005178
 20
44553.73370756015
 30
0.0
 40
212.5
  1
13A
100
AcDbAttribute
  2
TERMINAL_A
 70
0
280
1
 71
1
 72
0
  0
ATTRIB
  5
1588
330
1586
100
AcDbEntity
  8
0
100
AcDbText
 10
62874.99622005178
 20
44016.96840687841
 30
0.0
 40
212.5
  1
13B
100
AcDbAttribute
  2
TERMINAL_B
 70
0
280
1
 71
1
 72
0
  0
SEQEND
  5
1589
330
1F
100
AcDbEntity
  8
0
  0
INSERT
  5
158A
330
1F
100
AcDbEntity
  8
0
100
AcDbBlockReference
 66
1
  2
Term_Group3
 10
62213.50460900309
 20
43330.26705950078
 30
0.0
 41
0.85
 42
0.85
 43
0.85
  0
ATTRIB
  5
158B
330
158A
100
AcDbEntity
  8
0
100
AcDbText
 10
62874.99622005178
 20
42943.43780551516
 30
0.0
 40
212.5
  1
14A
100
AcDbAttribute
  2
TERMINAL_A
 70
0
280
1
 71
1
 72
0
  0
ATTRIB
  5
158C
330
158A
100
AcDbEntity
  8
0
100
AcDbText
 10
62874.99622005178
 20
42406.67250483342
 30
0.0
 40
212.5
  1
14B
100
AcDbAttribute
  2
TERMINAL_B
 70
0
280
1
 71
1
 72
0
  0
SEQEND
  5
158D
330
1F
100
AcDbEntity
  8
0
  0
INSERT
  5
158E
330
1F
100
AcDbEntity
  8
0
100
AcDbBlockReference
 66
1
  2
Term_Group3
 10
62213.50460900309
 20
41719.97115745579
 30
0.0
 41
0.85
 42
0.85
 43
0.85
  0
ATTRIB
  5
158F
330
158E
100
AcDbEntity
  8
0
100
AcDbText
 10
62874.99622005178
 20
41333.14190347017
 30
0.0
 40
212.5
  1
15A
100
AcDbAttribute
  2
TERMINAL_A
 70
0
280
1
 71
1
 72
0
  0
ATTRIB
  5
1590
330
158E
100
AcDbEntity
  8
0
100
AcDbText
 10
62874.99622005178
 20
40796.37660278844
 30
0.0
 40
212.5
  1
15B
100
AcDbAttribute
  2
TERMINAL_B
 70
0
280
1
 71
1
 72
0
  0
SEQEND
  5
1591
330
1F
100
AcDbEntity
  8
0
  0
INSERT
  5
1592
330
1F
100
AcDbEntity
  8
0
100
AcDbBlockReference
 66
1
  2
Term_Group3
 10
62213.50460900309
 20
40109.6752554108
 30
0.0
 41
0.85
 42
0.85
 43
0.85
  0
ATTRIB
  5
1593
330
1592
100
AcDbEntity
  8
0
100
AcDbText
 10
62874.99622005178
 20
39722.84600142518
 30
0.0
 40
212.5
  1
16A
100
AcDbAttribute
  2
TERMINAL_A
 70
0
280
1
 71
1
 72
0
  0
ATTRIB
  5
1594
330
1592
100
AcDbEntity
  8
0
100
AcDbText
 10
62874.99622005178
 20
39186.08070074344
 30
0.0
 40
212.5
  1
16B
100
AcDbAttribute
  2
TERMINAL_B
 70
0
280
1
 71
1
 72
0
  0
SEQEND
  5
1595
330
1F
100
AcDbEntity
  8
0
  0
LINE
  5
15C9
330
1F
100
AcDbEntity
  8
IE-WIRE
 62
4
 48
25.39999961853027
100
AcDbLine
 10
56604.91375754672
 20
61848.66993301653
 30
0.0
 11
62213.50460900309
 21
61848.66993301796
 31
0.0
  0
LINE
  5
15CA
330
1F
100
AcDbEntity
  8
IE-WIRE
 62
4
 48
25.39999961853027
100
AcDbLine
 10
56604.91375754672
 20
61848.66993301644
 30
0.0
 11
62213.50460900309
 21
61848.66993301787
 31
0.0
  0
ARC
  5
15CB
330
1F
100
AcDbEntity
  8
IE-WIRE
 62
4
 48
25.39999961853027
100
AcDbCircle
 10
56604.91375754682
 20
61610.66993301654
 30
0.0
 40
238.0
100
AcDbArc
 50
90.0
 51
180.0
  0
LINE
  5
15FF
330
1F
100
AcDbEntity
  8
IE-WIRE
 62
4
 48
25.39999961853027
100
AcDbLine
 10
56604.91375754672
 20
60238.37403097164
 30
0.0
 11
62213.50460900309
 21
60238.37403097308
 31
0.0
  0
LINE
  5
1600
330
1F
100
AcDbEntity
  8
IE-WIRE
 62
4
 48
25.39999961853027
100
AcDbLine
 10
56604.91375754672
 20
60238.37403097156
 30
0.0
 11
62213.50460900309
 21
60238.37403097298
 31
0.0
  0
ARC
  5
1601
330
1F
100
AcDbEntity
  8
IE-WIRE
 62
4
 48
25.39999961853027
100
AcDbCircle
 10
56604.91375754682
 20
60000.37403097164
 30
0.0
 40
238.0
100
AcDbArc
 50
90.0
 51
180.0
  0
LINE
  5
169D
330
1F
100
AcDbEntity
  8
IE-WIRE
 62
4
 48
25.39999961853027
100
AcDbLine
 10
56604.91375754672
 20
58628.07812892667
 30
0.0
 11
62213.50460900309
 21
58628.0781289281
 31
0.0
  0
LINE
  5
169E
330
1F
100
AcDbEntity
  8
IE-WIRE
 62
4
 48
25.39999961853027
100
AcDbLine
 10
56604.91375754672
 20
58628.07812892658
 30
0.0
 11
62213.50460900309
 21
58628.07812892801
 31
0.0
  0
ARC
  5
169F
330
1F
100
AcDbEntity
  8
IE-WIRE
 62
4
 48
25.39999961853027
100
AcDbCircle
 10
56604.91375754682
 20
58390.07812892667
 30
0.0
 40
238.0
100
AcDbArc
 50
90.0
 51
180.0
  0
LINE
  5
16D3
330
1F
100
AcDbEntity
  8
IE-WIRE
 62
4
 48
25.39999961853027
100
AcDbLine
 10
56604.91375754672
 20
57017.78222688178
 30
0.0
 11
62213.50460900309
 21
57017.78222688322
 31
0.0
  0
LINE
  5
16D4
330
1F
100
AcDbEntity
  8
IE-WIRE
 62
4
 48
25.39999961853027
100
AcDbLine
 10
56604.91375754672
 20
57017.7822268817
 30
0.0
 11
62213.50460900309
 21
57017.78222688312
 31
0.0
  0
ARC
  5
16D5
330
1F
100
AcDbEntity
  8
IE-WIRE
 62
4
 48
25.39999961853027
100
AcDbCircle
 10
56604.91375754682
 20
56779.78222688178
 30
0.0
 40
238.0
100
AcDbArc
 50
90.0
 51
180.0
  0
LINE
  5
1709
330
1F
100
AcDbEntity
  8
IE-WIRE
 62
4
 48
25.39999961853027
100
AcDbLine
 10
56604.91375754672
 20
55407.48632483689
 30
0.0
 11
62213.50460900309
 21
55407.48632483833
 31
0.0
  0
LINE
  5
170A
330
1F
100
AcDbEntity
  8
IE-WIRE
 62
4
 48
25.39999961853027
100
AcDbLine
 10
56604.91375754672
 20
55407.48632483681
 30
0.0
 11
62213.50460900309
 21
55407.48632483824
 31
0.0
  0
ARC
  5
170B
330
1F
100
AcDbEntity
  8
IE-WIRE
 62
4
 48
25.39999961853027
100
AcDbCircle
 10
56604.91375754682
 20
55169.4863248369
 30
0.0
 40
238.0
100
AcDbArc
 50
90.0
 51
180.0
  0
LINE
  5
173F
330
1F
100
AcDbEntity
  8
IE-WIRE
 62
4
 48
25.39999961853027
100
AcDbLine
 10
56604.91375754672
 20
53797.19042279201
 30
0.0
 11
62213.50460900309
 21
53797.19042279344
 31
0.0
  0
LINE
  5
1740
330
1F
100
AcDbEntity
  8
IE-WIRE
 62
4
 48
25.39999961853027
100
AcDbLine
 10
56604.91375754672
 20
53797.19042279192
 30
0.0
 11
62213.50460900309
 21
53797.19042279336
 31
0.0
  0
ARC
  5
1741
330
1F
100
AcDbEntity
  8
IE-WIRE
 62
4
 48
25.39999961853027
100
AcDbCircle
 10
56604.91375754682
 20
53559.19042279202
 30
0.0
 40
238.0
100
AcDbArc
 50
90.0
 51
180.0
  0
LINE
  5
1775
330
1F
100
AcDbEntity
  8
IE-WIRE
 62
4
 48
25.39999961853027
100
AcDbLine
 10
56604.91375754672
 20
52186.89452074703
 30
0.0
 11
62213.50460900309
 21
52186.89452074846
 31
0.0
  0
LINE
  5
1776
330
1F
100
AcDbEntity
  8
IE-WIRE
 62
4
 48
25.39999961853027
100
AcDbLine
 10
56604.91375754672
 20
52186.89452074694
 30
0.0
 11
62213.50460900309
 21
52186.89452074838
 31
0.0
  0
ARC
  5
1777
330
1F
100
AcDbEntity
  8
IE-WIRE
 62
4
 48
25.39999961853027
100
AcDbCircle
 10
56604.91375754682
 20
51948.89452074704
 30
0.0
 40
238.0
100
AcDbArc
 50
90.0
 51
180.0
  0
LINE
  5
17AB
330
1F
100
AcDbEntity
  8
IE-WIRE
 62
4
 48
25.39999961853027
100
AcDbLine
 10
56604.91375754672
 20
50576.59861870215
 30
0.0
 11
62213.50460900309
 21
50576.59861870358
 31
0.0
  0
LINE
  5
17AC
330
1F
100
AcDbEntity
  8
IE-WIRE
 62
4
 48
25.39999961853027
100
AcDbLine
 10
56604.91375754672
 20
50576.59861870206
 30
0.0
 11
62213.50460900309
 21
50576.59861870349
 31
0.0
  0
ARC
  5
17AD
330
1F
100
AcDbEntity
  8
IE-WIRE
 62
4
 48
25.39999961853027
100
AcDbCircle
 10
56604.91375754682
 20
50338.59861870216
 30
0.0
 40
238.0
100
AcDbArc
 50
90.0
 51
180.0
  0
LINE
  5
17E1
330
1F
100
AcDbEntity
  8
IE-WIRE
 62
4
 48
25.39999961853027
100
AcDbLine
 10
56604.91375754672
 20
48966.30271665717
 30
0.0
 11
62213.50460900309
 21
48966.3027166586
 31
0.0
  0
LINE
  5
17E2
330
1F
100
AcDbEntity
  8
IE-WIRE
 62
4
 48
25.39999961853027
100
AcDbLine
 10
56604.91375754672
 20
48966.30271665708
 30
0.0
 11
62213.50460900309
 21
48966.30271665851
 31
0.0
  0
ARC
  5
17E3
330
1F
100
AcDbEntity
  8
IE-WIRE
 62
4
 48
25.39999961853027
100
AcDbCircle
 10
56604.91375754682
 20
48728.30271665718
 30
0.0
 40
238.0
100
AcDbArc
 50
90.0
 51
180.0
  0
LINE
  5
1817
330
1F
100
AcDbEntity
  8
IE-WIRE
 62
4
 48
25.39999961853027
100
AcDbLine
 10
56604.91375754672
 20
47356.00681461229
 30
0.0
 11
62213.50460900309
 21
47356.00681461372
 31
0.0
  0
LINE
  5
1818
330
1F
100
AcDbEntity
  8
IE-WIRE
 62
4
 48
25.39999961853027
100
AcDbLine
 10
56604.91375754672
 20
47356.0068146122
 30
0.0
 11
62213.50460900309
 21
47356.00681461363
 31
0.0
  0
ARC
  5
1819
330
1F
100
AcDbEntity
  8
IE-WIRE
 62
4
 48
25.39999961853027
100
AcDbCircle
 10
56604.91375754682
 20
47118.00681461229
 30
0.0
 40
238.0
100
AcDbArc
 50
90.0
 51
180.0
  0
LINE
  5
184D
330
1F
100
AcDbEntity
  8
IE-WIRE
 62
4
 48
25.39999961853027
100
AcDbLine
 10
56604.91375754672
 20
45745.7109125674
 30
0.0
 11
62213.50460900309
 21
45745.71091256884
 31
0.0
  0
LINE
  5
184E
330
1F
100
AcDbEntity
  8
IE-WIRE
 62
4
 48
25.39999961853027
100
AcDbLine
 10
56604.91375754672
 20
45745.71091256732
 30
0.0
 11
62213.50460900309
 21
45745.71091256874
 31
0.0
  0
ARC
  5
184F
330
1F
100
AcDbEntity
  8
IE-WIRE
 62
4
 48
25.39999961853027
100
AcDbCircle
 10
56604.91375754682
 20
45507.7109125674
 30
0.0
 40
238.0
100
AcDbArc
 50
90.0
 51
180.0
  0
LINE
  5
1883
330
1F
100
AcDbEntity
  8
IE-WIRE
 62
4
 48
25.39999961853027
100
AcDbLine
 10
56604.91375754672
 20
44135.41501052243
 30
0.0
 11
62213.50460900309
 21
44135.41501052386
 31
0.0
  0
LINE
  5
1884
330
1F
100
AcDbEntity
  8
IE-WIRE
 62
4
 48
25.39999961853027
100
AcDbLine
 10
56604.91375754672
 20
44135.41501052234
 30
0.0
 11
62213.50460900309
 21
44135.41501052377
 31
0.0
  0
ARC
  5
1885
330
1F
100
AcDbEntity
  8
IE-WIRE
 62
4
 48
25.39999961853027
100
AcDbCircle
 10
56604.91375754682
 20
43897.41501052244
 30
0.0
 40
238.0
100
AcDbArc
 50
90.0
 51
180.0
  0
LINE
  5
18B9
330
1F
100
AcDbEntity
  8
IE-WIRE
 62
4
 48
25.39999961853027
100
AcDbLine
 10
56604.91375754672
 20
42525.11910847754
 30
0.0
 11
62213.50460900309
 21
42525.11910847898
 31
0.0
  0
LINE
  5
18BA
330
1F
100
AcDbEntity
  8
IE-WIRE
 62
4
 48
25.39999961853027
100
AcDbLine
 10
56604.91375754672
 20
42525.11910847745
 30
0.0
 11
62213.50460900309
 21
42525.11910847888
 31
0.0
  0
ARC
  5
18BB
330
1F
100
AcDbEntity
  8
IE-WIRE
 62
4
 48
25.39999961853027
100
AcDbCircle
 10
56604.91375754682
 20
42287.11910847755
 30
0.0
 40
238.0
100
AcDbArc
 50
90.0
 51
180.0
  0
LINE
  5
18EF
330
1F
100
AcDbEntity
  8
IE-WIRE
 62
4
 48
25.39999961853027
100
AcDbLine
 10
56604.91375754672
 20
40914.82320643266
 30
0.0
 11
62213.50460900309
 21
40914.82320643409
 31
0.0
  0
LINE
  5
18F0
330
1F
100
AcDbEntity
  8
IE-WIRE
 62
4
 48
25.39999961853027
100
AcDbLine
 10
56604.91375754672
 20
40914.82320643257
 30
0.0
 11
62213.50460900309
 21
40914.823206434
 31
0.0
  0
ARC
  5
18F1
330
1F
100
AcDbEntity
  8
IE-WIRE
 62
4
 48
25.39999961853027
100
AcDbCircle
 10
56604.91375754682
 20
40676.82320643266
 30
0.0
 40
238.0
100
AcDbArc
 50
90.0
 51
180.0
  0
LINE
  5
195B
330
1F
100
AcDbEntity
  8
IE-WIRE
 62
4
 48
25.39999961853027
100
AcDbLine
 10
56604.91375754672
 20
39304.52730438768
 30
0.0
 11
62213.50460900309
 21
39304.52730438911
 31
0.0
  0
LINE
  5
195C
330
1F
100
AcDbEntity
  8
IE-WIRE
 62
4
 48
25.39999961853027
100
AcDbLine
 10
56604.91375754672
 20
39304.5273043876
 30
0.0
 11
62213.50460900309
 21
39304.52730438902
 31
0.0
  0
ARC
  5
195D
330
1F
100
AcDbEntity
  8
IE-WIRE
 62
4
 48
25.39999961853027
100
AcDbCircle
 10
56604.91375754682
 20
39066.52730438768
 30
0.0
 40
238.0
100
AcDbArc
 50
90.0
 51
180.0
  0
LINE
  5
1A0E
330
1F
100
AcDbEntity
  8
IE-WIRE
 62
4
 48
25.39999961853027
100
AcDbLine
 10
56604.91375754674
 20
35166.75601326945
 30
0.0
 11
62213.5046090031
 21
35166.75601327088
 31
0.0
  0
LINE
  5
1A0F
330
1F
100
AcDbEntity
  8
IE-WIRE
 62
4
 48
25.39999961853027
100
AcDbLine
 10
56604.91375754674
 20
35166.75601326936
 30
0.0
 11
62213.5046090031
 21
35166.75601327079
 31
0.0
  0
LINE
  5
1A10
330
1F
100
AcDbEntity
  8
IE-WIRE
 62
4
 48
25.39999961853027
100
AcDbLine
 10
56366.91375754683
 20
34928.75601326945
 30
0.0
 11
56366.91375754683
 21
9852.993139732222
 31
0.0
  0
ARC
  5
1A11
330
1F
100
AcDbEntity
  8
IE-WIRE
 62
4
 48
25.39999961853027
100
AcDbCircle
 10
56604.91375754683
 20
34928.75601326945
 30
0.0
 40
238.0
100
AcDbArc
 50
90.0
 51
180.0
  0
TEXT
  5
1A12
330
1F
100
AcDbEntity
  8
0
 62
4
100
AcDbText
 10
63417.14127685916
 20
36156.88008006184
 30
0.0
 40
259.08
  1
P3-TBDI2
  7
Tahoma
 72
1
 11
64170.97881883364
 21
36286.42008006184
 31
0.0
100
AcDbText
 73
2
  0
LWPOLYLINE
  5
1A13
330
1F
100
AcDbEntity
  8
0
 62
4
 48
25.39999961853027
100
AcDbPolyline
 90
4
 70
1
 10
62213.5046090031
 20
35971.90396429347
 10
66128.45302866417
 20
35971.90396429347
 10
66128.45302866417
 20
36889.08345132082
 10
62213.5046090031
 20
36889.08345132082
  0
CIRCLE
  5
1A14
330
1F
100
AcDbEntity
  8
power
 62
1
 48
25.39999961853027
100
AcDbCircle
 10
64628.01141591854
 20
35711.85588407576
 30
0.0
 40
82.1741740943103
  0
ARC
  5
1A15
330
1F
100
AcDbEntity
  8
power
 62
1
 48
25.39999961853027
100
AcDbCircle
 10
64502.82172648701
 20
35638.70935915857
 30
0.0
 40
199.4917990332959
100
AcDbArc
 50
51.13091600743778
 51
171.3253832686642
  0
CIRCLE
  5
1A16
330
1F
100
AcDbEntity
  8
power
 62
1
 48
25.39999961853027
100
AcDbCircle
 10
63939.64794209701
 20
35711.85588407576
 30
0.0
 40
82.1741740943103
  0
ARC
  5
1A17
330
1F
100
AcDbEntity
  8
power
 62
1
 48
25.39999961853027
100
AcDbCircle
 10
64115.48730646577
 20
35716.06580938366
 30
0.0
 40
195.9124669169466
100
AcDbArc
 50
206.1633692001483
 51
346.0382736866495
  0
INSERT
  5
1A18
330
1F
100
AcDbEntity
  8
0
100
AcDbBlockReference
 66
1
  2
Term_Group3
 10
62213.5046090031
 20
35971.90396429347
 30
0.0
 41
0.85
 42
0.85
 43
0.85
  0
ATTRIB
  5
1A19
330
1A18
100
AcDbEntity
  8
0
100
AcDbText
 10
62874.99622005179
 20
35585.07471030785
 30
0.0
 40
212.5
  1
17A
100
AcDbAttribute
  2
TERMINAL_A
 70
0
280
1
 71
1
 72
0
  0
ATTRIB
  5
1A1A
330
1A18
100
AcDbEntity
  8
0
100
AcDbText
 10
62874.99622005179
 20
35048.30940962612
 30
0.0
 40
212.5
  1
17B
100
AcDbAttribute
  2
TERMINAL_B
 70
0
280
1
 71
1
 72
0
  0
SEQEND
  5
1A1B
330
1F
100
AcDbEntity
  8
0
  0
INSERT
  5
1A1C
330
1F
100
AcDbEntity
  8
0
100
AcDbBlockReference
 66
1
  2
Term_Group3
 10
62213.5046090031
 20
34361.60806224848
 30
0.0
 41
0.85
 42
0.85
 43
0.85
  0
ATTRIB
  5
1A1D
330
1A1C
100
AcDbEntity
  8
0
100
AcDbText
 10
62874.99622005179
 20
33974.77880826286
 30
0.0
 40
212.5
  1
18A
100
AcDbAttribute
  2
TERMINAL_A
 70
0
280
1
 71
1
 72
0
  0
ATTRIB
  5
1A1E
330
1A1C
100
AcDbEntity
  8
0
100
AcDbText
 10
62874.99622005179
 20
33438.01350758113
 30
0.0
 40
212.5
  1
18B
100
AcDbAttribute
  2
TERMINAL_B
 70
0
280
1
 71
1
 72
0
  0
SEQEND
  5
1A1F
330
1F
100
AcDbEntity
  8
0
  0
INSERT
  5
1A20
330
1F
100
AcDbEntity
  8
0
100
AcDbBlockReference
 66
1
  2
Term_Group3
 10
62213.5046090031
 20
32751.3121602035
 30
0.0
 41
0.85
 42
0.85
 43
0.85
  0
ATTRIB
  5
1A21
330
1A20
100
AcDbEntity
  8
0
100
AcDbText
 10
62874.99622005179
 20
32364.48290621787
 30
0.0
 40
212.5
  1
19A
100
AcDbAttribute
  2
TERMINAL_A
 70
0
280
1
 71
1
 72
0
  0
ATTRIB
  5
1A22
330
1A20
100
AcDbEntity
  8
0
100
AcDbText
 10
62874.99622005179
 20
31827.71760553614
 30
0.0
 40
212.5
  1
19B
100
AcDbAttribute
  2
TERMINAL_B
 70
0
280
1
 71
1
 72
0
  0
SEQEND
  5
1A23
330
1F
100
AcDbEntity
  8
0
  0
INSERT
  5
1A24
330
1F
100
AcDbEntity
  8
0
100
AcDbBlockReference
 66
1
  2
Term_Group3
 10
62213.5046090031
 20
31141.0162581585
 30
0.0
 41
0.85
 42
0.85
 43
0.85
  0
ATTRIB
  5
1A25
330
1A24
100
AcDbEntity
  8
0
100
AcDbText
 10
62874.99622005179
 20
30754.18700417288
 30
0.0
 40
212.5
  1
20A
100
AcDbAttribute
  2
TERMINAL_A
 70
0
280
1
 71
1
 72
0
  0
ATTRIB
  5
1A26
330
1A24
100
AcDbEntity
  8
0
100
AcDbText
 10
62874.99622005179
 20
30217.42170349115
 30
0.0
 40
212.5
  1
20B
100
AcDbAttribute
  2
TERMINAL_B
 70
0
280
1
 71
1
 72
0
  0
SEQEND
  5
1A27
330
1F
100
AcDbEntity
  8
0
  0
INSERT
  5
1A28
330
1F
100
AcDbEntity
  8
0
100
AcDbBlockReference
 66
1
  2
Term_Group3
 10
62213.5046090031
 20
29530.72035611351
 30
0.0
 41
0.85
 42
0.85
 43
0.85
  0
ATTRIB
  5
1A29
330
1A28
100
AcDbEntity
  8
0
100
AcDbText
 10
62874.99622005179
 20
29143.89110212789
 30
0.0
 40
212.5
  1
21A
100
AcDbAttribute
  2
TERMINAL_A
 70
0
280
1
 71
1
 72
0
  0
ATTRIB
  5
1A2A
330
1A28
100
AcDbEntity
  8
0
100
AcDbText
 10
62874.99622005179
 20
28607.12580144616
 30
0.0
 40
212.5
  1
21B
100
AcDbAttribute
  2
TERMINAL_B
 70
0
280
1
 71
1
 72
0
  0
SEQEND
  5
1A2B
330
1F
100
AcDbEntity
  8
0
  0
INSERT
  5
1A2C
330
1F
100
AcDbEntity
  8
0
100
AcDbBlockReference
 66
1
  2
Term_Group3
 10
62213.5046090031
 20
27920.42445406852
 30
0.0
 41
0.85
 42
0.85
 43
0.85
  0
ATTRIB
  5
1A2D
330
1A2C
100
AcDbEntity
  8
0
100
AcDbText
 10
62874.99622005179
 20
27533.5952000829
 30
0.0
 40
212.5
  1
22A
100
AcDbAttribute
  2
TERMINAL_A
 70
0
280
1
 71
1
 72
0
  0
ATTRIB
  5
1A2E
330
1A2C
100
AcDbEntity
  8
0
100
AcDbText
 10
62874.99622005179
 20
26996.82989940117
 30
0.0
 40
212.5
  1
22B
100
AcDbAttribute
  2
TERMINAL_B
 70
0
280
1
 71
1
 72
0
  0
SEQEND
  5
1A2F
330
1F
100
AcDbEntity
  8
0
  0
INSERT
  5
1A30
330
1F
100
AcDbEntity
  8
0
100
AcDbBlockReference
 66
1
  2
Term_Group3
 10
62213.5046090031
 20
26310.12855202353
 30
0.0
 41
0.85
 42
0.85
 43
0.85
  0
ATTRIB
  5
1A31
330
1A30
100
AcDbEntity
  8
0
100
AcDbText
 10
62874.99622005179
 20
25923.29929803791
 30
0.0
 40
212.5
  1
23A
100
AcDbAttribute
  2
TERMINAL_A
 70
0
280
1
 71
1
 72
0
  0
ATTRIB
  5
1A32
330
1A30
100
AcDbEntity
  8
0
100
AcDbText
 10
62874.99622005179
 20
25386.53399735618
 30
0.0
 40
212.5
  1
23B
100
AcDbAttribute
  2
TERMINAL_B
 70
0
280
1
 71
1
 72
0
  0
SEQEND
  5
1A33
330
1F
100
AcDbEntity
  8
0
  0
INSERT
  5
1A34
330
1F
100
AcDbEntity
  8
0
100
AcDbBlockReference
 66
1
  2
Term_Group3
 10
62213.5046090031
 20
24699.83264997854
 30
0.0
 41
0.85
 42
0.85
 43
0.85
  0
ATTRIB
  5
1A35
330
1A34
100
AcDbEntity
  8
0
100
AcDbText
 10
62874.99622005179
 20
24313.00339599292
 30
0.0
 40
212.5
  1
24A
100
AcDbAttribute
  2
TERMINAL_A
 70
0
280
1
 71
1
 72
0
  0
ATTRIB
  5
1A36
330
1A34
100
AcDbEntity
  8
0
100
AcDbText
 10
62874.99622005179
 20
23776.23809531119
 30
0.0
 40
212.5
  1
24B
100
AcDbAttribute
  2
TERMINAL_B
 70
0
280
1
 71
1
 72
0
  0
SEQEND
  5
1A37
330
1F
100
AcDbEntity
  8
0
  0
CIRCLE
  5
1A38
330
1F
100
AcDbEntity
  8
power
 62
1
 48
25.39999961853027
100
AcDbCircle
 10
64628.01141591854
 20
22829.48866771584
 30
0.0
 40
82.1741740943103
  0
ARC
  5
1A39
330
1F
100
AcDbEntity
  8
power
 62
1
 48
25.39999961853027
100
AcDbCircle
 10
64502.82172648701
 20
22756.34214279865
 30
0.0
 40
199.4917990332959
100
AcDbArc
 50
51.13091600743711
 51
171.3253832686642
  0
CIRCLE
  5
1A3A
330
1F
100
AcDbEntity
  8
power
 62
1
 48
25.39999961853027
100
AcDbCircle
 10
63939.64794209701
 20
22829.48866771584
 30
0.0
 40
82.1741740943103
  0
ARC
  5
1A3B
330
1F
100
AcDbEntity
  8
power
 62
1
 48
25.39999961853027
100
AcDbCircle
 10
64115.48730646577
 20
22833.69859302374
 30
0.0
 40
195.9124669169466
100
AcDbArc
 50
206.1633692001483
 51
346.0382736866474
  0
INSERT
  5
1A3C
330
1F
100
AcDbEntity
  8
0
100
AcDbBlockReference
 66
1
  2
Term_Group3
 10
62213.5046090031
 20
23089.53674793355
 30
0.0
 41
0.85
 42
0.85
 43
0.85
  0
ATTRIB
  5
1A3D
330
1A3C
100
AcDbEntity
  8
0
100
AcDbText
 10
62874.99622005179
 20
22702.70749394793
 30
0.0
 40
212.5
  1
25A
100
AcDbAttribute
  2
TERMINAL_A
 70
0
280
1
 71
1
 72
0
  0
ATTRIB
  5
1A3E
330
1A3C
100
AcDbEntity
  8
0
100
AcDbText
 10
62874.99622005179
 20
22165.94219326619
 30
0.0
 40
212.5
  1
25B
100
AcDbAttribute
  2
TERMINAL_B
 70
0
280
1
 71
1
 72
0
  0
SEQEND
  5
1A3F
330
1F
100
AcDbEntity
  8
0
  0
INSERT
  5
1A40
330
1F
100
AcDbEntity
  8
0
100
AcDbBlockReference
 66
1
  2
Term_Group3
 10
62213.5046090031
 20
21479.24084588856
 30
0.0
 41
0.85
 42
0.85
 43
0.85
  0
ATTRIB
  5
1A41
330
1A40
100
AcDbEntity
  8
0
100
AcDbText
 10
62874.99622005179
 20
21092.41159190294
 30
0.0
 40
212.5
  1
26A
100
AcDbAttribute
  2
TERMINAL_A
 70
0
280
1
 71
1
 72
0
  0
ATTRIB
  5
1A42
330
1A40
100
AcDbEntity
  8
0
100
AcDbText
 10
62874.99622005179
 20
20555.64629122121
 30
0.0
 40
212.5
  1
26B
100
AcDbAttribute
  2
TERMINAL_B
 70
0
280
1
 71
1
 72
0
  0
SEQEND
  5
1A43
330
1F
100
AcDbEntity
  8
0
  0
INSERT
  5
1A44
330
1F
100
AcDbEntity
  8
0
100
AcDbBlockReference
 66
1
  2
Term_Group3
 10
62213.5046090031
 20
19868.94494384357
 30
0.0
 41
0.85
 42
0.85
 43
0.85
  0
ATTRIB
  5
1A45
330
1A44
100
AcDbEntity
  8
0
100
AcDbText
 10
62874.99622005179
 20
19482.11568985795
 30
0.0
 40
212.5
  1
27A
100
AcDbAttribute
  2
TERMINAL_A
 70
0
280
1
 71
1
 72
0
  0
ATTRIB
  5
1A46
330
1A44
100
AcDbEntity
  8
0
100
AcDbText
 10
62874.99622005179
 20
18945.35038917622
 30
0.0
 40
212.5
  1
27B
100
AcDbAttribute
  2
TERMINAL_B
 70
0
280
1
 71
1
 72
0
  0
SEQEND
  5
1A47
330
1F
100
AcDbEntity
  8
0
  0
INSERT
  5
1A48
330
1F
100
AcDbEntity
  8
0
100
AcDbBlockReference
 66
1
  2
Term_Group3
 10
62213.5046090031
 20
18258.64904179858
 30
0.0
 41
0.85
 42
0.85
 43
0.85
  0
ATTRIB
  5
1A49
330
1A48
100
AcDbEntity
  8
0
100
AcDbText
 10
62874.99622005179
 20
17871.81978781296
 30
0.0
 40
212.5
  1
28A
100
AcDbAttribute
  2
TERMINAL_A
 70
0
280
1
 71
1
 72
0
  0
ATTRIB
  5
1A4A
330
1A48
100
AcDbEntity
  8
0
100
AcDbText
 10
62874.99622005179
 20
17335.05448713122
 30
0.0
 40
212.5
  1
28B
100
AcDbAttribute
  2
TERMINAL_B
 70
0
280
1
 71
1
 72
0
  0
SEQEND
  5
1A4B
330
1F
100
AcDbEntity
  8
0
  0
INSERT
  5
1A4C
330
1F
100
AcDbEntity
  8
0
100
AcDbBlockReference
 66
1
  2
Term_Group3
 10
62213.5046090031
 20
16648.35313975359
 30
0.0
 41
0.85
 42
0.85
 43
0.85
  0
ATTRIB
  5
1A4D
330
1A4C
100
AcDbEntity
  8
0
100
AcDbText
 10
62874.99622005179
 20
16261.52388576797
 30
0.0
 40
212.5
  1
29A
100
AcDbAttribute
  2
TERMINAL_A
 70
0
280
1
 71
1
 72
0
  0
ATTRIB
  5
1A4E
330
1A4C
100
AcDbEntity
  8
0
100
AcDbText
 10
62874.99622005179
 20
15724.75858508624
 30
0.0
 40
212.5
  1
29B
100
AcDbAttribute
  2
TERMINAL_B
 70
0
280
1
 71
1
 72
0
  0
SEQEND
  5
1A4F
330
1F
100
AcDbEntity
  8
0
  0
INSERT
  5
1A50
330
1F
100
AcDbEntity
  8
0
100
AcDbBlockReference
 66
1
  2
Term_Group3
 10
62213.5046090031
 20
15038.0572377086
 30
0.0
 41
0.85
 42
0.85
 43
0.85
  0
ATTRIB
  5
1A51
330
1A50
100
AcDbEntity
  8
0
100
AcDbText
 10
62874.99622005179
 20
14651.22798372298
 30
0.0
 40
212.5
  1
30A
100
AcDbAttribute
  2
TERMINAL_A
 70
0
280
1
 71
1
 72
0
  0
ATTRIB
  5
1A52
330
1A50
100
AcDbEntity
  8
0
100
AcDbText
 10
62874.99622005179
 20
14114.46268304125
 30
0.0
 40
212.5
  1
30B
100
AcDbAttribute
  2
TERMINAL_B
 70
0
280
1
 71
1
 72
0
  0
SEQEND
  5
1A53
330
1F
100
AcDbEntity
  8
0
  0
INSERT
  5
1A54
330
1F
100
AcDbEntity
  8
0
100
AcDbBlockReference
 66
1
  2
Term_Group3
 10
62213.5046090031
 20
13427.76133566361
 30
0.0
 41
0.85
 42
0.85
 43
0.85
  0
ATTRIB
  5
1A55
330
1A54
100
AcDbEntity
  8
0
100
AcDbText
 10
62874.99622005179
 20
13040.93208167799
 30
0.0
 40
212.5
  1
31A
100
AcDbAttribute
  2
TERMINAL_A
 70
0
280
1
 71
1
 72
0
  0
ATTRIB
  5
1A56
330
1A54
100
AcDbEntity
  8
0
100
AcDbText
 10
62874.99622005179
 20
12504.16678099626
 30
0.0
 40
212.5
  1
31B
100
AcDbAttribute
  2
TERMINAL_B
 70
0
280
1
 71
1
 72
0
  0
SEQEND
  5
1A57
330
1F
100
AcDbEntity
  8
0
  0
INSERT
  5
1A58
330
1F
100
AcDbEntity
  8
0
100
AcDbBlockReference
 66
1
  2
Term_Group3
 10
62213.5046090031
 20
11817.46543361862
 30
0.0
 41
0.85
 42
0.85
 43
0.85
  0
ATTRIB
  5
1A59
330
1A58
100
AcDbEntity
  8
0
100
AcDbText
 10
62874.99622005179
 20
11430.636179633
 30
0.0
 40
212.5
  1
32A
100
AcDbAttribute
  2
TERMINAL_A
 70
0
280
1
 71
1
 72
0
  0
ATTRIB
  5
1A5A
330
1A58
100
AcDbEntity
  8
0
100
AcDbText
 10
62874.99622005179
 20
10893.87087895126
 30
0.0
 40
212.5
  1
32B
100
AcDbAttribute
  2
TERMINAL_B
 70
0
280
1
 71
1
 72
0
  0
SEQEND
  5
1A5B
330
1F
100
AcDbEntity
  8
0
  0
LINE
  5
1A5C
330
1F
100
AcDbEntity
  8
IE-WIRE
 62
4
 48
25.39999961853027
100
AcDbLine
 10
56604.91375754674
 20
33556.46011122436
 30
0.0
 11
62213.5046090031
 21
33556.46011122578
 31
0.0
  0
LINE
  5
1A5D
330
1F
100
AcDbEntity
  8
IE-WIRE
 62
4
 48
25.39999961853027
100
AcDbLine
 10
56604.91375754674
 20
33556.46011122427
 30
0.0
 11
62213.5046090031
 21
33556.4601112257
 31
0.0
  0
ARC
  5
1A5E
330
1F
100
AcDbEntity
  8
IE-WIRE
 62
4
 48
25.39999961853027
100
AcDbCircle
 10
56604.91375754683
 20
33318.46011122436
 30
0.0
 40
238.0
100
AcDbArc
 50
90.0
 51
180.0
  0
LINE
  5
1A5F
330
1F
100
AcDbEntity
  8
IE-WIRE
 62
4
 48
25.39999961853027
100
AcDbLine
 10
56604.91375754674
 20
31946.16420917947
 30
0.0
 11
62213.5046090031
 21
31946.16420918091
 31
0.0
  0
LINE
  5
1A60
330
1F
100
AcDbEntity
  8
IE-WIRE
 62
4
 48
25.39999961853027
100
AcDbLine
 10
56604.91375754674
 20
31946.16420917938
 30
0.0
 11
62213.5046090031
 21
31946.16420918081
 31
0.0
  0
ARC
  5
1A61
330
1F
100
AcDbEntity
  8
IE-WIRE
 62
4
 48
25.39999961853027
100
AcDbCircle
 10
56604.91375754683
 20
31708.16420917947
 30
0.0
 40
238.0
100
AcDbArc
 50
90.0
 51
180.0
  0
LINE
  5
1A62
330
1F
100
AcDbEntity
  8
IE-WIRE
 62
4
 48
25.39999961853027
100
AcDbLine
 10
56604.91375754674
 20
30335.86830713449
 30
0.0
 11
62213.5046090031
 21
30335.86830713593
 31
0.0
  0
LINE
  5
1A63
330
1F
100
AcDbEntity
  8
IE-WIRE
 62
4
 48
25.39999961853027
100
AcDbLine
 10
56604.91375754674
 20
30335.8683071344
 30
0.0
 11
62213.5046090031
 21
30335.86830713583
 31
0.0
  0
ARC
  5
1A64
330
1F
100
AcDbEntity
  8
IE-WIRE
 62
4
 48
25.39999961853027
100
AcDbCircle
 10
56604.91375754683
 20
30097.8683071345
 30
0.0
 40
238.0
100
AcDbArc
 50
90.0
 51
180.0
  0
LINE
  5
1A65
330
1F
100
AcDbEntity
  8
IE-WIRE
 62
4
 48
25.39999961853027
100
AcDbLine
 10
56604.91375754674
 20
28725.5724050896
 30
0.0
 11
62213.5046090031
 21
28725.57240509104
 31
0.0
  0
LINE
  5
1A66
330
1F
100
AcDbEntity
  8
IE-WIRE
 62
4
 48
25.39999961853027
100
AcDbLine
 10
56604.91375754674
 20
28725.57240508952
 30
0.0
 11
62213.5046090031
 21
28725.57240509095
 31
0.0
  0
ARC
  5
1A67
330
1F
100
AcDbEntity
  8
IE-WIRE
 62
4
 48
25.39999961853027
100
AcDbCircle
 10
56604.91375754683
 20
28487.57240508961
 30
0.0
 40
238.0
100
AcDbArc
 50
90.0
 51
180.0
  0
LINE
  5
1A68
330
1F
100
AcDbEntity
  8
IE-WIRE
 62
4
 48
25.39999961853027
100
AcDbLine
 10
56604.91375754674
 20
27115.27650304472
 30
0.0
 11
62213.5046090031
 21
27115.27650304615
 31
0.0
  0
LINE
  5
1A69
330
1F
100
AcDbEntity
  8
IE-WIRE
 62
4
 48
25.39999961853027
100
AcDbLine
 10
56604.91375754674
 20
27115.27650304463
 30
0.0
 11
62213.5046090031
 21
27115.27650304606
 31
0.0
  0
ARC
  5
1A6A
330
1F
100
AcDbEntity
  8
IE-WIRE
 62
4
 48
25.39999961853027
100
AcDbCircle
 10
56604.91375754683
 20
26877.27650304473
 30
0.0
 40
238.0
100
AcDbArc
 50
90.0
 51
180.0
  0
LINE
  5
1A6B
330
1F
100
AcDbEntity
  8
IE-WIRE
 62
4
 48
25.39999961853027
100
AcDbLine
 10
56604.91375754674
 20
25504.98060099983
 30
0.0
 11
62213.5046090031
 21
25504.98060100127
 31
0.0
  0
LINE
  5
1A6C
330
1F
100
AcDbEntity
  8
IE-WIRE
 62
4
 48
25.39999961853027
100
AcDbLine
 10
56604.91375754674
 20
25504.98060099975
 30
0.0
 11
62213.5046090031
 21
25504.98060100118
 31
0.0
  0
ARC
  5
1A6D
330
1F
100
AcDbEntity
  8
IE-WIRE
 62
4
 48
25.39999961853027
100
AcDbCircle
 10
56604.91375754683
 20
25266.98060099984
 30
0.0
 40
238.0
100
AcDbArc
 50
90.0
 51
180.0
  0
LINE
  5
1A6E
330
1F
100
AcDbEntity
  8
IE-WIRE
 62
4
 48
25.39999961853027
100
AcDbLine
 10
56604.91375754674
 20
23894.68469895486
 30
0.0
 11
62213.5046090031
 21
23894.68469895629
 31
0.0
  0
LINE
  5
1A6F
330
1F
100
AcDbEntity
  8
IE-WIRE
 62
4
 48
25.39999961853027
100
AcDbLine
 10
56604.91375754674
 20
23894.68469895477
 30
0.0
 11
62213.5046090031
 21
23894.6846989562
 31
0.0
  0
ARC
  5
1A70
330
1F
100
AcDbEntity
  8
IE-WIRE
 62
4
 48
25.39999961853027
100
AcDbCircle
 10
56604.91375754683
 20
23656.68469895486
 30
0.0
 40
238.0
100
AcDbArc
 50
90.0
 51
180.0
  0
LINE
  5
1A71
330
1F
100
AcDbEntity
  8
IE-WIRE
 62
4
 48
25.39999961853027
100
AcDbLine
 10
56604.91375754674
 20
22284.38879690997
 30
0.0
 11
62213.5046090031
 21
22284.38879691141
 31
0.0
  0
LINE
  5
1A72
330
1F
100
AcDbEntity
  8
IE-WIRE
 62
4
 48
25.39999961853027
100
AcDbLine
 10
56604.91375754674
 20
22284.38879690988
 30
0.0
 11
62213.5046090031
 21
22284.38879691131
 31
0.0
  0
ARC
  5
1A73
330
1F
100
AcDbEntity
  8
IE-WIRE
 62
4
 48
25.39999961853027
100
AcDbCircle
 10
56604.91375754683
 20
22046.38879690998
 30
0.0
 40
238.0
100
AcDbArc
 50
90.0
 51
180.0
  0
LINE
  5
1A74
330
1F
100
AcDbEntity
  8
IE-WIRE
 62
4
 48
25.39999961853027
100
AcDbLine
 10
56604.91375754674
 20
20674.09289486499
 30
0.0
 11
62213.5046090031
 21
20674.09289486643
 31
0.0
  0
LINE
  5
1A75
330
1F
100
AcDbEntity
  8
IE-WIRE
 62
4
 48
25.39999961853027
100
AcDbLine
 10
56604.91375754674
 20
20674.09289486491
 30
0.0
 11
62213.5046090031
 21
20674.09289486634
 31
0.0
  0
ARC
  5
1A76
330
1F
100
AcDbEntity
  8
IE-WIRE
 62
4
 48
25.39999961853027
100
AcDbCircle
 10
56604.91375754683
 20
20436.092894865
 30
0.0
 40
238.0
100
AcDbArc
 50
90.0
 51
180.0
  0
LINE
  5
1A77
330
1F
100
AcDbEntity
  8
IE-WIRE
 62
4
 48
25.39999961853027
100
AcDbLine
 10
56604.91375754674
 20
19063.79699282011
 30
0.0
 11
62213.5046090031
 21
19063.79699282154
 31
0.0
  0
LINE
  5
1A78
330
1F
100
AcDbEntity
  8
IE-WIRE
 62
4
 48
25.39999961853027
100
AcDbLine
 10
56604.91375754674
 20
19063.79699282002
 30
0.0
 11
62213.5046090031
 21
19063.79699282145
 31
0.0
  0
ARC
  5
1A79
330
1F
100
AcDbEntity
  8
IE-WIRE
 62
4
 48
25.39999961853027
100
AcDbCircle
 10
56604.91375754683
 20
18825.79699282011
 30
0.0
 40
238.0
100
AcDbArc
 50
90.0
 51
180.0
  0
LINE
  5
1A7A
330
1F
100
AcDbEntity
  8
IE-WIRE
 62
4
 48
25.39999961853027
100
AcDbLine
 10
56604.91375754674
 20
17453.50109077522
 30
0.0
 11
62213.5046090031
 21
17453.50109077666
 31
0.0
  0
LINE
  5
1A7B
330
1F
100
AcDbEntity
  8
IE-WIRE
 62
4
 48
25.39999961853027
100
AcDbLine
 10
56604.91375754674
 20
17453.50109077514
 30
0.0
 11
62213.5046090031
 21
17453.50109077657
 31
0.0
  0
ARC
  5
1A7C
330
1F
100
AcDbEntity
  8
IE-WIRE
 62
4
 48
25.39999961853027
100
AcDbCircle
 10
56604.91375754683
 20
17215.50109077523
 30
0.0
 40
238.0
100
AcDbArc
 50
90.0
 51
180.0
  0
LINE
  5
1A7D
330
1F
100
AcDbEntity
  8
IE-WIRE
 62
4
 48
25.39999961853027
100
AcDbLine
 10
56604.91375754674
 20
15843.20518873025
 30
0.0
 11
62213.5046090031
 21
15843.20518873168
 31
0.0
  0
LINE
  5
1A7E
330
1F
100
AcDbEntity
  8
IE-WIRE
 62
4
 48
25.39999961853027
100
AcDbLine
 10
56604.91375754674
 20
15843.20518873016
 30
0.0
 11
62213.5046090031
 21
15843.20518873159
 31
0.0
  0
ARC
  5
1A7F
330
1F
100
AcDbEntity
  8
IE-WIRE
 62
4
 48
25.39999961853027
100
AcDbCircle
 10
56604.91375754683
 20
15605.20518873025
 30
0.0
 40
238.0
100
AcDbArc
 50
90.0
 51
180.0
  0
LINE
  5
1A80
330
1F
100
AcDbEntity
  8
IE-WIRE
 62
4
 48
25.39999961853027
100
AcDbLine
 10
56604.91375754674
 20
14232.90928668536
 30
0.0
 11
62213.5046090031
 21
14232.9092866868
 31
0.0
  0
LINE
  5
1A81
330
1F
100
AcDbEntity
  8
IE-WIRE
 62
4
 48
25.39999961853027
100
AcDbLine
 10
56604.91375754674
 20
14232.90928668527
 30
0.0
 11
62213.5046090031
 21
14232.9092866867
 31
0.0
  0
ARC
  5
1A82
330
1F
100
AcDbEntity
  8
IE-WIRE
 62
4
 48
25.39999961853027
100
AcDbCircle
 10
56604.91375754683
 20
13994.90928668537
 30
0.0
 40
238.0
100
AcDbArc
 50
90.0
 51
180.0
  0
LINE
  5
1A83
330
1F
100
AcDbEntity
  8
IE-WIRE
 62
4
 48
25.39999961853027
100
AcDbLine
 10
56604.91375754674
 20
12622.61338464048
 30
0.0
 11
62213.5046090031
 21
12622.61338464191
 31
0.0
  0
LINE
  5
1A84
330
1F
100
AcDbEntity
  8
IE-WIRE
 62
4
 48
25.39999961853027
100
AcDbLine
 10
56604.91375754674
 20
12622.61338464039
 30
0.0
 11
62213.5046090031
 21
12622.61338464182
 31
0.0
  0
ARC
  5
1A85
330
1F
100
AcDbEntity
  8
IE-WIRE
 62
4
 48
25.39999961853027
100
AcDbCircle
 10
56604.91375754683
 20
12384.61338464048
 30
0.0
 40
238.0
100
AcDbArc
 50
90.0
 51
180.0
  0
LINE
  5
1A86
330
1F
100
AcDbEntity
  8
IE-WIRE
 62
4
 48
25.39999961853027
100
AcDbLine
 10
56604.91375754674
 20
11012.3174825955
 30
0.0
 11
62213.5046090031
 21
11012.31748259693
 31
0.0
  0
LINE
  5
1A87
330
1F
100
AcDbEntity
  8
IE-WIRE
 62
4
 48
25.39999961853027
100
AcDbLine
 10
56604.91375754674
 20
11012.31748259541
 30
0.0
 11
62213.5046090031
 21
11012.31748259684
 31
0.0
  0
ARC
  5
1A88
330
1F
100
AcDbEntity
  8
IE-WIRE
 62
4
 48
25.39999961853027
100
AcDbCircle
 10
56604.91375754683
 20
10774.31748259551
 30
0.0
 40
238.0
100
AcDbArc
 50
90.0
 51
180.0
  0
ARC
  5
1A89
330
1F
100
AcDbEntity
  8
IE-WIRE
 62
4
100
AcDbCircle
 10
56086.91375754682
 20
38145.2029615244
 30
0.0
 40
280.0
100
AcDbArc
 50
270.0
 51
0.0
  0
ARC
  5
1A8A
330
1F
100
AcDbEntity
  8
IE-WIRE
 62
4
100
AcDbCircle
 10
50072.59692142656
 20
38145.20296152439
 30
0.0
 40
280.0
100
AcDbArc
 50
180.0
 51
270.0
  0
LINE
  5
1ABD
330
1F
100
AcDbEntity
  8
IE-WIRE
 62
4
100
AcDbLine
 10
48136.87239662238
 20
9572.993139732209
 30
0.0
 11
56086.91375754683
 21
9572.993139732223
 31
0.0
  0
ARC
  5
1ABE
330
1F
100
AcDbEntity
  8
IE-WIRE
 62
4
100
AcDbCircle
 10
56086.91375754683
 20
9852.993139732223
 30
0.0
 40
280.0
100
AcDbArc
 50
270.0
 51
0.0
  0
ARC
  5
1ABF
330
1F
100
AcDbEntity
  8
IE-WIRE
 62
4
100
AcDbCircle
 10
48136.87239662238
 20
9852.993139732209
 30
0.0
 40
280.0
100
AcDbArc
 50
180.0
 51
270.0
  0
LWPOLYLINE
  5
1B54
330
1F
100
AcDbEntity
  8
0
 48
25.39999961853027
100
AcDbPolyline
 90
4
 70
1
 10
77636.10554700007
 20
63861.53981057434
 10
78038.72873181825
 20
63861.53981057434
 10
78038.72873181825
 20
64264.11378608565
 10
77636.10554700007
 20
64264.11378608565
  0
LINE
  5
1B55
330
1F
100
AcDbEntity
  8
0
 48
25.39999961853027
100
AcDbLine
 10
77762.50523709015
 20
64137.72954478502
 30
0.0
 11
77912.32904172699
 21
63987.92405187621
 31
0.0
  0
CIRCLE
  5
1B56
330
1F
100
AcDbEntity
  8
0
 48
25.39999961853027
100
AcDbCircle
 10
77837.41713940797
 20
64062.82679832997
 30
0.0
 40
105.9349542664597
  0
LINE
  5
1B57
330
1F
100
AcDbEntity
  8
0
 48
25.39999961853027
100
AcDbLine
 10
77912.32904172578
 20
64137.72954478502
 30
0.0
 11
77762.50523709015
 21
63987.92405187621
 31
0.0
  0
LWPOLYLINE
  5
1B8A
330
1F
100
AcDbEntity
  8
0
 48
25.39999961853027
100
AcDbPolyline
 90
4
 70
1
 10
77636.10554700007
 20
63458.96583506305
 10
78038.72873181825
 20
63458.96583506305
 10
78038.72873181825
 20
63861.53981057434
 10
77636.10554700007
 20
63861.53981057434
  0
LINE
  5
1B8B
330
1F
100
AcDbEntity
  8
0
 48
25.39999961853027
100
AcDbLine
 10
77762.50523709015
 20
63735.15556927372
 30
0.0
 11
77912.32904172699
 21
63585.35007636491
 31
0.0
  0
CIRCLE
  5
1B8C
330
1F
100
AcDbEntity
  8
0
 48
25.39999961853027
100
AcDbCircle
 10
77837.41713940797
 20
63660.25282281866
 30
0.0
 40
105.9349542664597
  0
LINE
  5
1B8D
330
1F
100
AcDbEntity
  8
0
 48
25.39999961853027
100
AcDbLine
 10
77912.32904172578
 20
63735.15556927372
 30
0.0
 11
77762.50523709015
 21
63585.35007636491
 31
0.0
  0
LWPOLYLINE
  5
1BC0
330
1F
100
AcDbEntity
  8
0
 48
25.39999961853027
100
AcDbPolyline
 90
4
 70
1
 10
77636.10554700007
 20
63056.39185955175
 10
78038.72873181825
 20
63056.39185955175
 10
78038.72873181825
 20
63458.96583506305
 10
77636.10554700007
 20
63458.96583506305
  0
LINE
  5
1BC1
330
1F
100
AcDbEntity
  8
0
 48
25.39999961853027
100
AcDbLine
 10
77762.50523709015
 20
63332.58159376241
 30
0.0
 11
77912.32904172699
 21
63182.7761008536
 31
0.0
  0
CIRCLE
  5
1BC2
330
1F
100
AcDbEntity
  8
0
 48
25.39999961853027
100
AcDbCircle
 10
77837.41713940797
 20
63257.67884730736
 30
0.0
 40
105.9349542664597
  0
LINE
  5
1BC3
330
1F
100
AcDbEntity
  8
0
 48
25.39999961853027
100
AcDbLine
 10
77912.32904172578
 20
63332.58159376241
 30
0.0
 11
77762.50523709015
 21
63182.7761008536
 31
0.0
  0
LWPOLYLINE
  5
1C0A
330
1F
100
AcDbEntity
  8
0
100
AcDbPolyline
 90
4
 70
1
 10
77636.10554700007
 20
64264.11378608565
 10
80572.31686174589
 20
64264.11378608565
 10
80572.31686174589
 20
63056.39185955175
 10
77636.10554700007
 20
63056.39185955175
  0
LINE
  5
1CCF
330
1F
100
AcDbEntity
  8
0
100
AcDbLine
 10
66128.45302866417
 20
63995.73113574489
 30
0.0
 11
77636.10554700007
 21
63995.73113574478
 31
0.0
  0
TEXT
  5
1CF5
330
1F
100
AcDbEntity
  8
0
 62
4
100
AcDbText
 10
58050.0
 20
63622.713786085646
 30
0.0
 40
259.08
  1
C3S2-1/P3-TBDI2-1
  7
Tahoma
100
AcDbText
  0
TEXT
  5
1CF6
330
1F
100
AcDbEntity
  8
0
 62
4
100
AcDbText
 10
58050.0
 20
62012.417884040646
 30
0.0
 40
259.08
  1
C3S2-2/P3-TBDI2-2
  7
Tahoma
100
AcDbText
  0
TEXT
  5
1CF7
330
1F
100
AcDbEntity
  8
0
 62
4
100
AcDbText
 10
58050.0
 20
60402.12198199567
 30
0.0
 40
259.08
  1
C3S2-3/P3-TBDI2-3
  7
Tahoma
100
AcDbText
  0
TEXT
  5
1CF8
330
1F
100
AcDbEntity
  8
0
 62
4
100
AcDbText
 10
58050.0
 20
58791.826079950675
 30
0.0
 40
259.08
  1
C3S2-4/P3-TBDI2-4
  7
Tahoma
100
AcDbText
  0
TEXT
  5
1CF9
330
1F
100
AcDbEntity
  8
0
 62
4
100
AcDbText
 10
58050.0
 20
57181.53017790569
 30
0.0
 40
259.08
  1
C3S2-5/P3-TBDI2-5
  7
Tahoma
100
AcDbText
  0
TEXT
  5
1CFA
330
1F
100
AcDbEntity
  8
0
 62
4
100
AcDbText
 10
58050.0
 20
55571.2342758607
 30
0.0
 40
259.08
  1
C3S2-6/P3-TBDI2-6
  7
Tahoma
100
AcDbText
  0
TEXT
  5
1CFB
330
1F
100
AcDbEntity
  8
0
 62
4
100
AcDbText
 10
58050.0
 20
53960.93837381571
 30
0.0
 40
259.08
  1
C3S2-7/P3-TBDI2-7
  7
Tahoma
100
AcDbText
  0
TEXT
  5
1CFC
330
1F
100
AcDbEntity
  8
0
 62
4
100
AcDbText
 10
58050.0
 20
52350.64247177072
 30
0.0
 40
259.08
  1
C3S2-8/P3-TBDI2-8
  7
Tahoma
100
AcDbText
  0
TEXT
  5
1CFD
330
1F
100
AcDbEntity
  8
0
 62
4
100
AcDbText
 10
58050.0
 20
50740.34656972573
 30
0.0
 40
259.08
  1
C3S2-9/P3-TBDI2-9
  7
Tahoma
100
AcDbText
  0
TEXT
  5
1CFE
330
1F
100
AcDbEntity
  8
0
 62
4
100
AcDbText
 10
58050.0
 20
49130.05066768074
 30
0.0
 40
259.08
  1
C3S2-10/P3-TBDI2-10
  7
Tahoma
100
AcDbText
  0
TEXT
  5
1CFF
330
1F
100
AcDbEntity
  8
0
 62
4
100
AcDbText
 10
58050.0
 20
47519.75476563575
 30
0.0
 40
259.08
  1
C3S2-11/P3-TBDI2-11
  7
Tahoma
100
AcDbText
  0
TEXT
  5
1D00
330
1F
100
AcDbEntity
  8
0
 62
4
100
AcDbText
 10
58050.0
 20
45909.45886359076
 30
0.0
 40
259.08
  1
C3S2-12/P3-TBDI2-12
  7
Tahoma
100
AcDbText
  0
TEXT
  5
1D01
330
1F
100
AcDbEntity
  8
0
 62
4
100
AcDbText
 10
58050.0
 20
44299.16296154577
 30
0.0
 40
259.08
  1
C3S2-13/P3-TBDI2-13
  7
Tahoma
100
AcDbText
  0
TEXT
  5
1D02
330
1F
100
AcDbEntity
  8
0
 62
4
100
AcDbText
 10
58050.0
 20
42688.86705950078
 30
0.0
 40
259.08
  1
C3S2-14/P3-TBDI2-14
  7
Tahoma
100
AcDbText
  0
TEXT
  5
1D03
330
1F
100
AcDbEntity
  8
0
 62
4
100
AcDbText
 10
58050.0
 20
41078.571157455786
 30
0.0
 40
259.08
  1
C3S2-15/P3-TBDI2-15
  7
Tahoma
100
AcDbText
  0
TEXT
  5
1D04
330
1F
100
AcDbEntity
  8
0
 62
4
100
AcDbText
 10
58050.0
 20
39468.2752554108
 30
0.0
 40
259.08
  1
C3S2-16/P3-TBDI2-16
  7
Tahoma
100
AcDbText
  0
TEXT
  5
1D05
330
1F
100
AcDbEntity
  8
0
 62
4
100
AcDbText
 10
58050.0
 20
35330.50396429347
 30
0.0
 40
259.08
  1
C3S2-19/P3-TBDI2-17
  7
Tahoma
100
AcDbText
  0
TEXT
  5
1D06
330
1F
100
AcDbEntity
  8
0
 62
4
100
AcDbText
 10
58050.0
 20
33720.20806224848
 30
0.0
 40
259.08
  1
C3S2-20/P3-TBDI2-18
  7
Tahoma
100
AcDbText
  0
TEXT
  5
1D07
330
1F
100
AcDbEntity
  8
0
 62
4
100
AcDbText
 10
58050.0
 20
32109.912160203497
 30
0.0
 40
259.08
  1
C3S2-21/P3-TBDI2-19
  7
Tahoma
100
AcDbText
  0
TEXT
  5
1D08
330
1F
100
AcDbEntity
  8
0
 62
4
100
AcDbText
 10
58050.0
 20
30499.616258158498
 30
0.0
 40
259.08
  1
C3S2-22/P3-TBDI2-20
  7
Tahoma
100
AcDbText
  0
TEXT
  5
1D09
330
1F
100
AcDbEntity
  8
0
 62
4
100
AcDbText
 10
58050.0
 20
28889.32035611351
 30
0.0
 40
259.08
  1
C3S2-23/P3-TBDI2-21
  7
Tahoma
100
AcDbText
  0
TEXT
  5
1D0A
330
1F
100
AcDbEntity
  8
0
 62
4
100
AcDbText
 10
58050.0
 20
27279.02445406852
 30
0.0
 40
259.08
  1
C3S2-24/P3-TBDI2-22
  7
Tahoma
100
AcDbText
  0
TEXT
  5
1D0B
330
1F
100
AcDbEntity
  8
0
 62
4
100
AcDbText
 10
58050.0
 20
25668.728552023527
 30
0.0
 40
259.08
  1
C3S2-25/P3-TBDI2-23
  7
Tahoma
100
AcDbText
  0
TEXT
  5
1D0C
330
1F
100
AcDbEntity
  8
0
 62
4
100
AcDbText
 10
58050.0
 20
24058.43264997854
 30
0.0
 40
259.08
  1
C3S2-26/P3-TBDI2-24
  7
Tahoma
100
AcDbText
  0
TEXT
  5
1D0D
330
1F
100
AcDbEntity
  8
0
 62
4
100
AcDbText
 10
58050.0
 20
22448.13674793355
 30
0.0
 40
259.08
  1
C3S2-27/P3-TBDI2-25
  7
Tahoma
100
AcDbText
  0
TEXT
  5
1D0E
330
1F
100
AcDbEntity
  8
0
 62
4
100
AcDbText
 10
58050.0
 20
20837.840845888557
 30
0.0
 40
259.08
  1
C3S2-28/P3-TBDI2-26
  7
Tahoma
100
AcDbText
  0
TEXT
  5
1D0F
330
1F
100
AcDbEntity
  8
0
 62
4
100
AcDbText
 10
58050.0
 20
19227.544943843568
 30
0.0
 40
259.08
  1
C3S2-29/P3-TBDI2-27
  7
Tahoma
100
AcDbText
  0
TEXT
  5
1D10
330
1F
100
AcDbEntity
  8
0
 62
4
100
AcDbText
 10
58050.0
 20
17617.24904179858
 30
0.0
 40
259.08
  1
C3S2-30/P3-TBDI2-28
  7
Tahoma
100
AcDbText
  0
TEXT
  5
1D11
330
1F
100
AcDbEntity
  8
0
 62
4
100
AcDbText
 10
58050.0
 20
16006.953139753592
 30
0.0
 40
259.08
  1
C3S2-31/P3-TBDI2-29
  7
Tahoma
100
AcDbText
  0
TEXT
  5
1D12
330
1F
100
AcDbEntity
  8
0
 62
4
100
AcDbText
 10
58050.0
 20
14396.6572377086
 30
0.0
 40
259.08
  1
C3S2-32/P3-TBDI2-30
  7
Tahoma
100
AcDbText
  0
TEXT
  5
1D13
330
1F
100
AcDbEntity
  8
0
 62
4
100
AcDbText
 10
58050.0
 20
12786.36133566361
 30
0.0
 40
259.08
  1
C3S2-33/P3-TBDI2-31
  7
Tahoma
100
AcDbText
  0
TEXT
  5
1D14
330
1F
100
AcDbEntity
  8
0
 62
4
100
AcDbText
 10
58050.0
 20
11176.06543361862
 30
0.0
 40
259.08
  1
C3S2-34/P3-TBDI2-32
  7
Tahoma
100
AcDbText
  0
LWPOLYLINE
  5
1D15
330
1F
100
AcDbEntity
  8
ASHADE
 62
7
100
AcDbPolyline
 90
5
 70
0
 10
3200.0
 20
10500.0
 10
32000.0
 20
10500.0
 10
32000.0
 20
34500.0
 10
3200.0
 20
34500.0
 10
3200.0
 20
10500.0
  0
LWPOLYLINE
  5
1D16
330
1F
100
AcDbEntity
  8
ASHADE
 62
7
100
AcDbPolyline
 90
5
 70
0
 10
3300.0
 20
10600.0
 10
31900.0
 20
10600.0
 10
31900.0
 20
34400.0
 10
3300.0
 20
34400.0
 10
3300.0
 20
10600.0
  0
LINE
  5
1D17
330
1F
100
AcDbEntity
  8
ASHADE
 62
7
100
AcDbLine
 10
3300.0
 20
31200.0
 30
0.0
 11
31900.0
 21
31200.0
 31
0.0
  0
TEXT
  5
1D18
330
1F
100
AcDbEntity
  8
0
 62
2
100
AcDbText
 10
3600.0
 20
33600.0
 30
0.0
 40
340.0
  1
INGREDION (THAILAND) CO., LTD.  |  KALASIN STARCH PLANT - JET COOKER PROJECT
  7
Tahoma
100
AcDbText
  0
TEXT
  5
1D19
330
1F
100
AcDbEntity
  8
0
 62
3
100
AcDbText
 10
3600.0
 20
32800.0
 30
0.0
 40
380.0
  1
PLC I/O WIRING SCHEMATIC --- CHASSIS C3 SLOT 2 (1756-IB32 DIGITAL INPUT)
  7
Tahoma
100
AcDbText
  0
TEXT
  5
1D1A
330
1F
100
AcDbEntity
  8
0
 62
7
100
AcDbText
 10
3600.0
 20
32000.0
 30
0.0
 40
280.0
  1
TERMINAL BLOCK: P3-TBDI2   |   LOCATION: JB-612   |   CHANNELS: 32 (ACTIVE: 17, SPARE: 15)
  7
Tahoma
100
AcDbText
  0
TEXT
  5
1D1B
330
1F
100
AcDbEntity
  8
0
 62
4
100
AcDbText
 10
3600.0
 20
31450.0
 30
0.0
 40
240.0
  1
DRAWING NO: KAL-JC-DI-C3S2   |   REV: 03   |   SYSTEM: CONTROLLOGIX 1756   |   REF EXCEL: IO_List-By_SlotConfig.xlsx
  7
Tahoma
100
AcDbText
  0
LINE
  5
1D1C
330
1F
100
AcDbEntity
  8
ASHADE
 62
7
100
AcDbLine
 10
3300.0
 20
30400.0
 30
0.0
 11
31900.0
 21
30400.0
 31
0.0
  0
TEXT
  5
1D1D
330
1F
100
AcDbEntity
  8
0
 62
2
100
AcDbText
 10
3400.0
 20
30650.0
 30
0.0
 40
240.0
  1
CH
  7
Tahoma
100
AcDbText
  0
TEXT
  5
1D1E
330
1F
100
AcDbEntity
  8
0
 62
2
100
AcDbText
 10
5000.0
 20
30650.0
 30
0.0
 40
240.0
  1
PIN
  7
Tahoma
100
AcDbText
  0
TEXT
  5
1D1F
330
1F
100
AcDbEntity
  8
0
 62
2
100
AcDbText
 10
6800.0
 20
30650.0
 30
0.0
 40
240.0
  1
TB NUMBER
  7
Tahoma
100
AcDbText
  0
TEXT
  5
1D20
330
1F
100
AcDbEntity
  8
0
 62
2
100
AcDbText
 10
10700.0
 20
30650.0
 30
0.0
 40
240.0
  1
PLC WIRE TAG
  7
Tahoma
100
AcDbText
  0
TEXT
  5
1D21
330
1F
100
AcDbEntity
  8
0
 62
2
100
AcDbText
 10
16200.0
 20
30650.0
 30
0.0
 40
240.0
  1
INSTRUMENT TAG
  7
Tahoma
100
AcDbText
  0
TEXT
  5
1D22
330
1F
100
AcDbEntity
  8
0
 62
2
100
AcDbText
 10
21700.0
 20
30650.0
 30
0.0
 40
240.0
  1
SERVICE / DESCRIPTION
  7
Tahoma
100
AcDbText
  0
TEXT
  5
1D23
330
1F
100
AcDbEntity
  8
0
 62
2
100
AcDbText
 10
29000.0
 20
30650.0
 30
0.0
 40
240.0
  1
STATUS
  7
Tahoma
100
AcDbText
  0
LINE
  5
1D24
330
1F
100
AcDbEntity
  8
ASHADE
 62
8
100
AcDbLine
 10
3300.0
 20
29810.0
 30
0.0
 11
31900.0
 21
29810.0
 31
0.0
  0
TEXT
  5
1D25
330
1F
100
AcDbEntity
  8
0
 62
7
100
AcDbText
 10
3400.0
 20
29990.0
 30
0.0
 40
220.0
  1
IN-00
  7
Tahoma
100
AcDbText
  0
TEXT
  5
1D26
330
1F
100
AcDbEntity
  8
0
 62
7
100
AcDbText
 10
5000.0
 20
29990.0
 30
0.0
 40
220.0
  1
Pin 01
  7
Tahoma
100
AcDbText
  0
TEXT
  5
1D27
330
1F
100
AcDbEntity
  8
0
 62
4
100
AcDbText
 10
6800.0
 20
29990.0
 30
0.0
 40
220.0
  1
P3-TBDI2-1
  7
Tahoma
100
AcDbText
  0
TEXT
  5
1D28
330
1F
100
AcDbEntity
  8
0
 62
4
100
AcDbText
 10
10700.0
 20
29990.0
 30
0.0
 40
220.0
  1
C3S2-1/P3-TBDI2-1
  7
Tahoma
100
AcDbText
  0
TEXT
  5
1D29
330
1F
100
AcDbEntity
  8
0
 62
7
100
AcDbText
 10
16200.0
 20
29990.0
 30
0.0
 40
220.0
  1
PSL-61305
  7
Tahoma
100
AcDbText
  0
TEXT
  5
1D2A
330
1F
100
AcDbEntity
  8
0
 62
7
100
AcDbText
 10
21700.0
 20
29990.0
 30
0.0
 40
200.0
  1

  7
Tahoma
100
AcDbText
  0
TEXT
  5
1D2B
330
1F
100
AcDbEntity
  8
0
 62
3
100
AcDbText
 10
29000.0
 20
29990.0
 30
0.0
 40
220.0
  1
ACTIVE
  7
Tahoma
100
AcDbText
  0
LINE
  5
1D2C
330
1F
100
AcDbEntity
  8
ASHADE
 62
8
100
AcDbLine
 10
3300.0
 20
29220.0
 30
0.0
 11
31900.0
 21
29220.0
 31
0.0
  0
TEXT
  5
1D2D
330
1F
100
AcDbEntity
  8
0
 62
7
100
AcDbText
 10
3400.0
 20
29400.0
 30
0.0
 40
220.0
  1
IN-01
  7
Tahoma
100
AcDbText
  0
TEXT
  5
1D2E
330
1F
100
AcDbEntity
  8
0
 62
7
100
AcDbText
 10
5000.0
 20
29400.0
 30
0.0
 40
220.0
  1
Pin 02
  7
Tahoma
100
AcDbText
  0
TEXT
  5
1D2F
330
1F
100
AcDbEntity
  8
0
 62
4
100
AcDbText
 10
6800.0
 20
29400.0
 30
0.0
 40
220.0
  1
P3-TBDI2-2
  7
Tahoma
100
AcDbText
  0
TEXT
  5
1D30
330
1F
100
AcDbEntity
  8
0
 62
4
100
AcDbText
 10
10700.0
 20
29400.0
 30
0.0
 40
220.0
  1
C3S2-2/P3-TBDI2-2
  7
Tahoma
100
AcDbText
  0
TEXT
  5
1D31
330
1F
100
AcDbEntity
  8
0
 62
7
100
AcDbText
 10
16200.0
 20
29400.0
 30
0.0
 40
220.0
  1
PSL-61306
  7
Tahoma
100
AcDbText
  0
TEXT
  5
1D32
330
1F
100
AcDbEntity
  8
0
 62
7
100
AcDbText
 10
21700.0
 20
29400.0
 30
0.0
 40
200.0
  1

  7
Tahoma
100
AcDbText
  0
TEXT
  5
1D33
330
1F
100
AcDbEntity
  8
0
 62
3
100
AcDbText
 10
29000.0
 20
29400.0
 30
0.0
 40
220.0
  1
ACTIVE
  7
Tahoma
100
AcDbText
  0
LINE
  5
1D34
330
1F
100
AcDbEntity
  8
ASHADE
 62
8
100
AcDbLine
 10
3300.0
 20
28630.0
 30
0.0
 11
31900.0
 21
28630.0
 31
0.0
  0
TEXT
  5
1D35
330
1F
100
AcDbEntity
  8
0
 62
7
100
AcDbText
 10
3400.0
 20
28810.0
 30
0.0
 40
220.0
  1
IN-02
  7
Tahoma
100
AcDbText
  0
TEXT
  5
1D36
330
1F
100
AcDbEntity
  8
0
 62
7
100
AcDbText
 10
5000.0
 20
28810.0
 30
0.0
 40
220.0
  1
Pin 03
  7
Tahoma
100
AcDbText
  0
TEXT
  5
1D37
330
1F
100
AcDbEntity
  8
0
 62
4
100
AcDbText
 10
6800.0
 20
28810.0
 30
0.0
 40
220.0
  1
P3-TBDI2-3
  7
Tahoma
100
AcDbText
  0
TEXT
  5
1D38
330
1F
100
AcDbEntity
  8
0
 62
4
100
AcDbText
 10
10700.0
 20
28810.0
 30
0.0
 40
220.0
  1
C3S2-3/P3-TBDI2-3
  7
Tahoma
100
AcDbText
  0
TEXT
  5
1D39
330
1F
100
AcDbEntity
  8
0
 62
7
100
AcDbText
 10
16200.0
 20
28810.0
 30
0.0
 40
220.0
  1
PVM-61301
  7
Tahoma
100
AcDbText
  0
TEXT
  5
1D3A
330
1F
100
AcDbEntity
  8
0
 62
7
100
AcDbText
 10
21700.0
 20
28810.0
 30
0.0
 40
200.0
  1
#N/A
  7
Tahoma
100
AcDbText
  0
TEXT
  5
1D3B
330
1F
100
AcDbEntity
  8
0
 62
3
100
AcDbText
 10
29000.0
 20
28810.0
 30
0.0
 40
220.0
  1
ACTIVE
  7
Tahoma
100
AcDbText
  0
LINE
  5
1D3C
330
1F
100
AcDbEntity
  8
ASHADE
 62
8
100
AcDbLine
 10
3300.0
 20
28040.0
 30
0.0
 11
31900.0
 21
28040.0
 31
0.0
  0
TEXT
  5
1D3D
330
1F
100
AcDbEntity
  8
0
 62
7
100
AcDbText
 10
3400.0
 20
28220.0
 30
0.0
 40
220.0
  1
IN-03
  7
Tahoma
100
AcDbText
  0
TEXT
  5
1D3E
330
1F
100
AcDbEntity
  8
0
 62
7
100
AcDbText
 10
5000.0
 20
28220.0
 30
0.0
 40
220.0
  1
Pin 04
  7
Tahoma
100
AcDbText
  0
TEXT
  5
1D3F
330
1F
100
AcDbEntity
  8
0
 62
4
100
AcDbText
 10
6800.0
 20
28220.0
 30
0.0
 40
220.0
  1
P3-TBDI2-4
  7
Tahoma
100
AcDbText
  0
TEXT
  5
1D40
330
1F
100
AcDbEntity
  8
0
 62
4
100
AcDbText
 10
10700.0
 20
28220.0
 30
0.0
 40
220.0
  1
C3S2-4/P3-TBDI2-4
  7
Tahoma
100
AcDbText
  0
TEXT
  5
1D41
330
1F
100
AcDbEntity
  8
0
 62
7
100
AcDbText
 10
16200.0
 20
28220.0
 30
0.0
 40
220.0
  1
PVM-61301
  7
Tahoma
100
AcDbText
  0
TEXT
  5
1D42
330
1F
100
AcDbEntity
  8
0
 62
7
100
AcDbText
 10
21700.0
 20
28220.0
 30
0.0
 40
200.0
  1
#N/A
  7
Tahoma
100
AcDbText
  0
TEXT
  5
1D43
330
1F
100
AcDbEntity
  8
0
 62
3
100
AcDbText
 10
29000.0
 20
28220.0
 30
0.0
 40
220.0
  1
ACTIVE
  7
Tahoma
100
AcDbText
  0
LINE
  5
1D44
330
1F
100
AcDbEntity
  8
ASHADE
 62
8
100
AcDbLine
 10
3300.0
 20
27450.0
 30
0.0
 11
31900.0
 21
27450.0
 31
0.0
  0
TEXT
  5
1D45
330
1F
100
AcDbEntity
  8
0
 62
7
100
AcDbText
 10
3400.0
 20
27630.0
 30
0.0
 40
220.0
  1
IN-04
  7
Tahoma
100
AcDbText
  0
TEXT
  5
1D46
330
1F
100
AcDbEntity
  8
0
 62
7
100
AcDbText
 10
5000.0
 20
27630.0
 30
0.0
 40
220.0
  1
Pin 05
  7
Tahoma
100
AcDbText
  0
TEXT
  5
1D47
330
1F
100
AcDbEntity
  8
0
 62
4
100
AcDbText
 10
6800.0
 20
27630.0
 30
0.0
 40
220.0
  1
P3-TBDI2-5
  7
Tahoma
100
AcDbText
  0
TEXT
  5
1D48
330
1F
100
AcDbEntity
  8
0
 62
4
100
AcDbText
 10
10700.0
 20
27630.0
 30
0.0
 40
220.0
  1
C3S2-5/P3-TBDI2-5
  7
Tahoma
100
AcDbText
  0
TEXT
  5
1D49
330
1F
100
AcDbEntity
  8
0
 62
7
100
AcDbText
 10
16200.0
 20
27630.0
 30
0.0
 40
220.0
  1
XA-61301A
  7
Tahoma
100
AcDbText
  0
TEXT
  5
1D4A
330
1F
100
AcDbEntity
  8
0
 62
7
100
AcDbText
 10
21700.0
 20
27630.0
 30
0.0
 40
200.0
  1

  7
Tahoma
100
AcDbText
  0
TEXT
  5
1D4B
330
1F
100
AcDbEntity
  8
0
 62
3
100
AcDbText
 10
29000.0
 20
27630.0
 30
0.0
 40
220.0
  1
ACTIVE
  7
Tahoma
100
AcDbText
  0
LINE
  5
1D4C
330
1F
100
AcDbEntity
  8
ASHADE
 62
8
100
AcDbLine
 10
3300.0
 20
26860.0
 30
0.0
 11
31900.0
 21
26860.0
 31
0.0
  0
TEXT
  5
1D4D
330
1F
100
AcDbEntity
  8
0
 62
7
100
AcDbText
 10
3400.0
 20
27040.0
 30
0.0
 40
220.0
  1
IN-05
  7
Tahoma
100
AcDbText
  0
TEXT
  5
1D4E
330
1F
100
AcDbEntity
  8
0
 62
7
100
AcDbText
 10
5000.0
 20
27040.0
 30
0.0
 40
220.0
  1
Pin 06
  7
Tahoma
100
AcDbText
  0
TEXT
  5
1D4F
330
1F
100
AcDbEntity
  8
0
 62
4
100
AcDbText
 10
6800.0
 20
27040.0
 30
0.0
 40
220.0
  1
P3-TBDI2-6
  7
Tahoma
100
AcDbText
  0
TEXT
  5
1D50
330
1F
100
AcDbEntity
  8
0
 62
4
100
AcDbText
 10
10700.0
 20
27040.0
 30
0.0
 40
220.0
  1
C3S2-6/P3-TBDI2-6
  7
Tahoma
100
AcDbText
  0
TEXT
  5
1D51
330
1F
100
AcDbEntity
  8
0
 62
7
100
AcDbText
 10
16200.0
 20
27040.0
 30
0.0
 40
220.0
  1
XA-61301B
  7
Tahoma
100
AcDbText
  0
TEXT
  5
1D52
330
1F
100
AcDbEntity
  8
0
 62
7
100
AcDbText
 10
21700.0
 20
27040.0
 30
0.0
 40
200.0
  1

  7
Tahoma
100
AcDbText
  0
TEXT
  5
1D53
330
1F
100
AcDbEntity
  8
0
 62
3
100
AcDbText
 10
29000.0
 20
27040.0
 30
0.0
 40
220.0
  1
ACTIVE
  7
Tahoma
100
AcDbText
  0
LINE
  5
1D54
330
1F
100
AcDbEntity
  8
ASHADE
 62
8
100
AcDbLine
 10
3300.0
 20
26270.0
 30
0.0
 11
31900.0
 21
26270.0
 31
0.0
  0
TEXT
  5
1D55
330
1F
100
AcDbEntity
  8
0
 62
7
100
AcDbText
 10
3400.0
 20
26450.0
 30
0.0
 40
220.0
  1
IN-06
  7
Tahoma
100
AcDbText
  0
TEXT
  5
1D56
330
1F
100
AcDbEntity
  8
0
 62
7
100
AcDbText
 10
5000.0
 20
26450.0
 30
0.0
 40
220.0
  1
Pin 07
  7
Tahoma
100
AcDbText
  0
TEXT
  5
1D57
330
1F
100
AcDbEntity
  8
0
 62
4
100
AcDbText
 10
6800.0
 20
26450.0
 30
0.0
 40
220.0
  1
P3-TBDI2-7
  7
Tahoma
100
AcDbText
  0
TEXT
  5
1D58
330
1F
100
AcDbEntity
  8
0
 62
4
100
AcDbText
 10
10700.0
 20
26450.0
 30
0.0
 40
220.0
  1
C3S2-7/P3-TBDI2-7
  7
Tahoma
100
AcDbText
  0
TEXT
  5
1D59
330
1F
100
AcDbEntity
  8
0
 62
7
100
AcDbText
 10
16200.0
 20
26450.0
 30
0.0
 40
220.0
  1
XA-61301C
  7
Tahoma
100
AcDbText
  0
TEXT
  5
1D5A
330
1F
100
AcDbEntity
  8
0
 62
7
100
AcDbText
 10
21700.0
 20
26450.0
 30
0.0
 40
200.0
  1

  7
Tahoma
100
AcDbText
  0
TEXT
  5
1D5B
330
1F
100
AcDbEntity
  8
0
 62
3
100
AcDbText
 10
29000.0
 20
26450.0
 30
0.0
 40
220.0
  1
ACTIVE
  7
Tahoma
100
AcDbText
  0
LINE
  5
1D5C
330
1F
100
AcDbEntity
  8
ASHADE
 62
8
100
AcDbLine
 10
3300.0
 20
25680.0
 30
0.0
 11
31900.0
 21
25680.0
 31
0.0
  0
TEXT
  5
1D5D
330
1F
100
AcDbEntity
  8
0
 62
7
100
AcDbText
 10
3400.0
 20
25860.0
 30
0.0
 40
220.0
  1
IN-07
  7
Tahoma
100
AcDbText
  0
TEXT
  5
1D5E
330
1F
100
AcDbEntity
  8
0
 62
7
100
AcDbText
 10
5000.0
 20
25860.0
 30
0.0
 40
220.0
  1
Pin 08
  7
Tahoma
100
AcDbText
  0
TEXT
  5
1D5F
330
1F
100
AcDbEntity
  8
0
 62
4
100
AcDbText
 10
6800.0
 20
25860.0
 30
0.0
 40
220.0
  1
P3-TBDI2-8
  7
Tahoma
100
AcDbText
  0
TEXT
  5
1D60
330
1F
100
AcDbEntity
  8
0
 62
4
100
AcDbText
 10
10700.0
 20
25860.0
 30
0.0
 40
220.0
  1
C3S2-8/P3-TBDI2-8
  7
Tahoma
100
AcDbText
  0
TEXT
  5
1D61
330
1F
100
AcDbEntity
  8
0
 62
7
100
AcDbText
 10
16200.0
 20
25860.0
 30
0.0
 40
220.0
  1
XA-61301D
  7
Tahoma
100
AcDbText
  0
TEXT
  5
1D62
330
1F
100
AcDbEntity
  8
0
 62
7
100
AcDbText
 10
21700.0
 20
25860.0
 30
0.0
 40
200.0
  1

  7
Tahoma
100
AcDbText
  0
TEXT
  5
1D63
330
1F
100
AcDbEntity
  8
0
 62
3
100
AcDbText
 10
29000.0
 20
25860.0
 30
0.0
 40
220.0
  1
ACTIVE
  7
Tahoma
100
AcDbText
  0
LINE
  5
1D64
330
1F
100
AcDbEntity
  8
ASHADE
 62
8
100
AcDbLine
 10
3300.0
 20
25090.0
 30
0.0
 11
31900.0
 21
25090.0
 31
0.0
  0
TEXT
  5
1D65
330
1F
100
AcDbEntity
  8
0
 62
7
100
AcDbText
 10
3400.0
 20
25270.0
 30
0.0
 40
220.0
  1
IN-08
  7
Tahoma
100
AcDbText
  0
TEXT
  5
1D66
330
1F
100
AcDbEntity
  8
0
 62
7
100
AcDbText
 10
5000.0
 20
25270.0
 30
0.0
 40
220.0
  1
Pin 09
  7
Tahoma
100
AcDbText
  0
TEXT
  5
1D67
330
1F
100
AcDbEntity
  8
0
 62
4
100
AcDbText
 10
6800.0
 20
25270.0
 30
0.0
 40
220.0
  1
P3-TBDI2-9
  7
Tahoma
100
AcDbText
  0
TEXT
  5
1D68
330
1F
100
AcDbEntity
  8
0
 62
4
100
AcDbText
 10
10700.0
 20
25270.0
 30
0.0
 40
220.0
  1
C3S2-9/P3-TBDI2-9
  7
Tahoma
100
AcDbText
  0
TEXT
  5
1D69
330
1F
100
AcDbEntity
  8
0
 62
7
100
AcDbText
 10
16200.0
 20
25270.0
 30
0.0
 40
220.0
  1
XA-61301E
  7
Tahoma
100
AcDbText
  0
TEXT
  5
1D6A
330
1F
100
AcDbEntity
  8
0
 62
7
100
AcDbText
 10
21700.0
 20
25270.0
 30
0.0
 40
200.0
  1

  7
Tahoma
100
AcDbText
  0
TEXT
  5
1D6B
330
1F
100
AcDbEntity
  8
0
 62
3
100
AcDbText
 10
29000.0
 20
25270.0
 30
0.0
 40
220.0
  1
ACTIVE
  7
Tahoma
100
AcDbText
  0
LINE
  5
1D6C
330
1F
100
AcDbEntity
  8
ASHADE
 62
8
100
AcDbLine
 10
3300.0
 20
24500.0
 30
0.0
 11
31900.0
 21
24500.0
 31
0.0
  0
TEXT
  5
1D6D
330
1F
100
AcDbEntity
  8
0
 62
7
100
AcDbText
 10
3400.0
 20
24680.0
 30
0.0
 40
220.0
  1
IN-09
  7
Tahoma
100
AcDbText
  0
TEXT
  5
1D6E
330
1F
100
AcDbEntity
  8
0
 62
7
100
AcDbText
 10
5000.0
 20
24680.0
 30
0.0
 40
220.0
  1
Pin 10
  7
Tahoma
100
AcDbText
  0
TEXT
  5
1D6F
330
1F
100
AcDbEntity
  8
0
 62
4
100
AcDbText
 10
6800.0
 20
24680.0
 30
0.0
 40
220.0
  1
P3-TBDI2-10
  7
Tahoma
100
AcDbText
  0
TEXT
  5
1D70
330
1F
100
AcDbEntity
  8
0
 62
4
100
AcDbText
 10
10700.0
 20
24680.0
 30
0.0
 40
220.0
  1
C3S2-10/P3-TBDI2-10
  7
Tahoma
100
AcDbText
  0
TEXT
  5
1D71
330
1F
100
AcDbEntity
  8
0
 62
7
100
AcDbText
 10
16200.0
 20
24680.0
 30
0.0
 40
220.0
  1
XA-61301F
  7
Tahoma
100
AcDbText
  0
TEXT
  5
1D72
330
1F
100
AcDbEntity
  8
0
 62
7
100
AcDbText
 10
21700.0
 20
24680.0
 30
0.0
 40
200.0
  1

  7
Tahoma
100
AcDbText
  0
TEXT
  5
1D73
330
1F
100
AcDbEntity
  8
0
 62
3
100
AcDbText
 10
29000.0
 20
24680.0
 30
0.0
 40
220.0
  1
ACTIVE
  7
Tahoma
100
AcDbText
  0
LINE
  5
1D74
330
1F
100
AcDbEntity
  8
ASHADE
 62
8
100
AcDbLine
 10
3300.0
 20
23910.0
 30
0.0
 11
31900.0
 21
23910.0
 31
0.0
  0
TEXT
  5
1D75
330
1F
100
AcDbEntity
  8
0
 62
7
100
AcDbText
 10
3400.0
 20
24090.0
 30
0.0
 40
220.0
  1
IN-10
  7
Tahoma
100
AcDbText
  0
TEXT
  5
1D76
330
1F
100
AcDbEntity
  8
0
 62
7
100
AcDbText
 10
5000.0
 20
24090.0
 30
0.0
 40
220.0
  1
Pin 11
  7
Tahoma
100
AcDbText
  0
TEXT
  5
1D77
330
1F
100
AcDbEntity
  8
0
 62
4
100
AcDbText
 10
6800.0
 20
24090.0
 30
0.0
 40
220.0
  1
P3-TBDI2-11
  7
Tahoma
100
AcDbText
  0
TEXT
  5
1D78
330
1F
100
AcDbEntity
  8
0
 62
4
100
AcDbText
 10
10700.0
 20
24090.0
 30
0.0
 40
220.0
  1
C3S2-11/P3-TBDI2-11
  7
Tahoma
100
AcDbText
  0
TEXT
  5
1D79
330
1F
100
AcDbEntity
  8
0
 62
7
100
AcDbText
 10
16200.0
 20
24090.0
 30
0.0
 40
220.0
  1
XA-61301G
  7
Tahoma
100
AcDbText
  0
TEXT
  5
1D7A
330
1F
100
AcDbEntity
  8
0
 62
7
100
AcDbText
 10
21700.0
 20
24090.0
 30
0.0
 40
200.0
  1

  7
Tahoma
100
AcDbText
  0
TEXT
  5
1D7B
330
1F
100
AcDbEntity
  8
0
 62
3
100
AcDbText
 10
29000.0
 20
24090.0
 30
0.0
 40
220.0
  1
ACTIVE
  7
Tahoma
100
AcDbText
  0
LINE
  5
1D7C
330
1F
100
AcDbEntity
  8
ASHADE
 62
8
100
AcDbLine
 10
3300.0
 20
23320.0
 30
0.0
 11
31900.0
 21
23320.0
 31
0.0
  0
TEXT
  5
1D7D
330
1F
100
AcDbEntity
  8
0
 62
7
100
AcDbText
 10
3400.0
 20
23500.0
 30
0.0
 40
220.0
  1
IN-11
  7
Tahoma
100
AcDbText
  0
TEXT
  5
1D7E
330
1F
100
AcDbEntity
  8
0
 62
7
100
AcDbText
 10
5000.0
 20
23500.0
 30
0.0
 40
220.0
  1
Pin 12
  7
Tahoma
100
AcDbText
  0
TEXT
  5
1D7F
330
1F
100
AcDbEntity
  8
0
 62
4
100
AcDbText
 10
6800.0
 20
23500.0
 30
0.0
 40
220.0
  1
P3-TBDI2-12
  7
Tahoma
100
AcDbText
  0
TEXT
  5
1D80
330
1F
100
AcDbEntity
  8
0
 62
4
100
AcDbText
 10
10700.0
 20
23500.0
 30
0.0
 40
220.0
  1
C3S2-12/P3-TBDI2-12
  7
Tahoma
100
AcDbText
  0
TEXT
  5
1D81
330
1F
100
AcDbEntity
  8
0
 62
7
100
AcDbText
 10
16200.0
 20
23500.0
 30
0.0
 40
220.0
  1
XA-61301H
  7
Tahoma
100
AcDbText
  0
TEXT
  5
1D82
330
1F
100
AcDbEntity
  8
0
 62
7
100
AcDbText
 10
21700.0
 20
23500.0
 30
0.0
 40
200.0
  1

  7
Tahoma
100
AcDbText
  0
TEXT
  5
1D83
330
1F
100
AcDbEntity
  8
0
 62
3
100
AcDbText
 10
29000.0
 20
23500.0
 30
0.0
 40
220.0
  1
ACTIVE
  7
Tahoma
100
AcDbText
  0
LINE
  5
1D84
330
1F
100
AcDbEntity
  8
ASHADE
 62
8
100
AcDbLine
 10
3300.0
 20
22730.0
 30
0.0
 11
31900.0
 21
22730.0
 31
0.0
  0
TEXT
  5
1D85
330
1F
100
AcDbEntity
  8
0
 62
7
100
AcDbText
 10
3400.0
 20
22910.0
 30
0.0
 40
220.0
  1
IN-12
  7
Tahoma
100
AcDbText
  0
TEXT
  5
1D86
330
1F
100
AcDbEntity
  8
0
 62
7
100
AcDbText
 10
5000.0
 20
22910.0
 30
0.0
 40
220.0
  1
Pin 13
  7
Tahoma
100
AcDbText
  0
TEXT
  5
1D87
330
1F
100
AcDbEntity
  8
0
 62
4
100
AcDbText
 10
6800.0
 20
22910.0
 30
0.0
 40
220.0
  1
P3-TBDI2-13
  7
Tahoma
100
AcDbText
  0
TEXT
  5
1D88
330
1F
100
AcDbEntity
  8
0
 62
4
100
AcDbText
 10
10700.0
 20
22910.0
 30
0.0
 40
220.0
  1
C3S2-13/P3-TBDI2-13
  7
Tahoma
100
AcDbText
  0
TEXT
  5
1D89
330
1F
100
AcDbEntity
  8
0
 62
7
100
AcDbText
 10
16200.0
 20
22910.0
 30
0.0
 40
220.0
  1
XA-61301J
  7
Tahoma
100
AcDbText
  0
TEXT
  5
1D8A
330
1F
100
AcDbEntity
  8
0
 62
7
100
AcDbText
 10
21700.0
 20
22910.0
 30
0.0
 40
200.0
  1

  7
Tahoma
100
AcDbText
  0
TEXT
  5
1D8B
330
1F
100
AcDbEntity
  8
0
 62
3
100
AcDbText
 10
29000.0
 20
22910.0
 30
0.0
 40
220.0
  1
ACTIVE
  7
Tahoma
100
AcDbText
  0
LINE
  5
1D8C
330
1F
100
AcDbEntity
  8
ASHADE
 62
8
100
AcDbLine
 10
3300.0
 20
22140.0
 30
0.0
 11
31900.0
 21
22140.0
 31
0.0
  0
TEXT
  5
1D8D
330
1F
100
AcDbEntity
  8
0
 62
7
100
AcDbText
 10
3400.0
 20
22320.0
 30
0.0
 40
220.0
  1
IN-13
  7
Tahoma
100
AcDbText
  0
TEXT
  5
1D8E
330
1F
100
AcDbEntity
  8
0
 62
7
100
AcDbText
 10
5000.0
 20
22320.0
 30
0.0
 40
220.0
  1
Pin 14
  7
Tahoma
100
AcDbText
  0
TEXT
  5
1D8F
330
1F
100
AcDbEntity
  8
0
 62
4
100
AcDbText
 10
6800.0
 20
22320.0
 30
0.0
 40
220.0
  1
P3-TBDI2-14
  7
Tahoma
100
AcDbText
  0
TEXT
  5
1D90
330
1F
100
AcDbEntity
  8
0
 62
4
100
AcDbText
 10
10700.0
 20
22320.0
 30
0.0
 40
220.0
  1
C3S2-14/P3-TBDI2-14
  7
Tahoma
100
AcDbText
  0
TEXT
  5
1D91
330
1F
100
AcDbEntity
  8
0
 62
7
100
AcDbText
 10
16200.0
 20
22320.0
 30
0.0
 40
220.0
  1
XV-61302
  7
Tahoma
100
AcDbText
  0
TEXT
  5
1D92
330
1F
100
AcDbEntity
  8
0
 62
7
100
AcDbText
 10
21700.0
 20
22320.0
 30
0.0
 40
200.0
  1

  7
Tahoma
100
AcDbText
  0
TEXT
  5
1D93
330
1F
100
AcDbEntity
  8
0
 62
3
100
AcDbText
 10
29000.0
 20
22320.0
 30
0.0
 40
220.0
  1
ACTIVE
  7
Tahoma
100
AcDbText
  0
LINE
  5
1D94
330
1F
100
AcDbEntity
  8
ASHADE
 62
8
100
AcDbLine
 10
3300.0
 20
21550.0
 30
0.0
 11
31900.0
 21
21550.0
 31
0.0
  0
TEXT
  5
1D95
330
1F
100
AcDbEntity
  8
0
 62
7
100
AcDbText
 10
3400.0
 20
21730.0
 30
0.0
 40
220.0
  1
IN-14
  7
Tahoma
100
AcDbText
  0
TEXT
  5
1D96
330
1F
100
AcDbEntity
  8
0
 62
7
100
AcDbText
 10
5000.0
 20
21730.0
 30
0.0
 40
220.0
  1
Pin 15
  7
Tahoma
100
AcDbText
  0
TEXT
  5
1D97
330
1F
100
AcDbEntity
  8
0
 62
4
100
AcDbText
 10
6800.0
 20
21730.0
 30
0.0
 40
220.0
  1
P3-TBDI2-15
  7
Tahoma
100
AcDbText
  0
TEXT
  5
1D98
330
1F
100
AcDbEntity
  8
0
 62
4
100
AcDbText
 10
10700.0
 20
21730.0
 30
0.0
 40
220.0
  1
C3S2-15/P3-TBDI2-15
  7
Tahoma
100
AcDbText
  0
TEXT
  5
1D99
330
1F
100
AcDbEntity
  8
0
 62
7
100
AcDbText
 10
16200.0
 20
21730.0
 30
0.0
 40
220.0
  1
XV-61302
  7
Tahoma
100
AcDbText
  0
TEXT
  5
1D9A
330
1F
100
AcDbEntity
  8
0
 62
7
100
AcDbText
 10
21700.0
 20
21730.0
 30
0.0
 40
200.0
  1

  7
Tahoma
100
AcDbText
  0
TEXT
  5
1D9B
330
1F
100
AcDbEntity
  8
0
 62
3
100
AcDbText
 10
29000.0
 20
21730.0
 30
0.0
 40
220.0
  1
ACTIVE
  7
Tahoma
100
AcDbText
  0
LINE
  5
1D9C
330
1F
100
AcDbEntity
  8
ASHADE
 62
8
100
AcDbLine
 10
3300.0
 20
20960.0
 30
0.0
 11
31900.0
 21
20960.0
 31
0.0
  0
TEXT
  5
1D9D
330
1F
100
AcDbEntity
  8
0
 62
7
100
AcDbText
 10
3400.0
 20
21140.0
 30
0.0
 40
220.0
  1
IN-15
  7
Tahoma
100
AcDbText
  0
TEXT
  5
1D9E
330
1F
100
AcDbEntity
  8
0
 62
7
100
AcDbText
 10
5000.0
 20
21140.0
 30
0.0
 40
220.0
  1
Pin 16
  7
Tahoma
100
AcDbText
  0
TEXT
  5
1D9F
330
1F
100
AcDbEntity
  8
0
 62
4
100
AcDbText
 10
6800.0
 20
21140.0
 30
0.0
 40
220.0
  1
P3-TBDI2-16
  7
Tahoma
100
AcDbText
  0
TEXT
  5
1DA0
330
1F
100
AcDbEntity
  8
0
 62
4
100
AcDbText
 10
10700.0
 20
21140.0
 30
0.0
 40
220.0
  1
C3S2-16/P3-TBDI2-16
  7
Tahoma
100
AcDbText
  0
TEXT
  5
1DA1
330
1F
100
AcDbEntity
  8
0
 62
7
100
AcDbText
 10
16200.0
 20
21140.0
 30
0.0
 40
220.0
  1
XV-61303
  7
Tahoma
100
AcDbText
  0
TEXT
  5
1DA2
330
1F
100
AcDbEntity
  8
0
 62
7
100
AcDbText
 10
21700.0
 20
21140.0
 30
0.0
 40
200.0
  1

  7
Tahoma
100
AcDbText
  0
TEXT
  5
1DA3
330
1F
100
AcDbEntity
  8
0
 62
3
100
AcDbText
 10
29000.0
 20
21140.0
 30
0.0
 40
220.0
  1
ACTIVE
  7
Tahoma
100
AcDbText
  0
LINE
  5
1DA4
330
1F
100
AcDbEntity
  8
ASHADE
 62
8
100
AcDbLine
 10
3300.0
 20
20370.0
 30
0.0
 11
31900.0
 21
20370.0
 31
0.0
  0
TEXT
  5
1DA5
330
1F
100
AcDbEntity
  8
0
 62
7
100
AcDbText
 10
3400.0
 20
20550.0
 30
0.0
 40
220.0
  1
IN-16
  7
Tahoma
100
AcDbText
  0
TEXT
  5
1DA6
330
1F
100
AcDbEntity
  8
0
 62
7
100
AcDbText
 10
5000.0
 20
20550.0
 30
0.0
 40
220.0
  1
Pin 19
  7
Tahoma
100
AcDbText
  0
TEXT
  5
1DA7
330
1F
100
AcDbEntity
  8
0
 62
4
100
AcDbText
 10
6800.0
 20
20550.0
 30
0.0
 40
220.0
  1
P3-TBDI2-17
  7
Tahoma
100
AcDbText
  0
TEXT
  5
1DA8
330
1F
100
AcDbEntity
  8
0
 62
4
100
AcDbText
 10
10700.0
 20
20550.0
 30
0.0
 40
220.0
  1
C3S2-19/P3-TBDI2-17
  7
Tahoma
100
AcDbText
  0
TEXT
  5
1DA9
330
1F
100
AcDbEntity
  8
0
 62
7
100
AcDbText
 10
16200.0
 20
20550.0
 30
0.0
 40
220.0
  1
XV-61303
  7
Tahoma
100
AcDbText
  0
TEXT
  5
1DAA
330
1F
100
AcDbEntity
  8
0
 62
7
100
AcDbText
 10
21700.0
 20
20550.0
 30
0.0
 40
200.0
  1

  7
Tahoma
100
AcDbText
  0
TEXT
  5
1DAB
330
1F
100
AcDbEntity
  8
0
 62
3
100
AcDbText
 10
29000.0
 20
20550.0
 30
0.0
 40
220.0
  1
ACTIVE
  7
Tahoma
100
AcDbText
  0
LINE
  5
1DAC
330
1F
100
AcDbEntity
  8
ASHADE
 62
8
100
AcDbLine
 10
3300.0
 20
19780.0
 30
0.0
 11
31900.0
 21
19780.0
 31
0.0
  0
TEXT
  5
1DAD
330
1F
100
AcDbEntity
  8
0
 62
7
100
AcDbText
 10
3400.0
 20
19960.0
 30
0.0
 40
220.0
  1
IN-17
  7
Tahoma
100
AcDbText
  0
TEXT
  5
1DAE
330
1F
100
AcDbEntity
  8
0
 62
7
100
AcDbText
 10
5000.0
 20
19960.0
 30
0.0
 40
220.0
  1
Pin 20
  7
Tahoma
100
AcDbText
  0
TEXT
  5
1DAF
330
1F
100
AcDbEntity
  8
0
 62
4
100
AcDbText
 10
6800.0
 20
19960.0
 30
0.0
 40
220.0
  1
P3-TBDI2-18
  7
Tahoma
100
AcDbText
  0
TEXT
  5
1DB0
330
1F
100
AcDbEntity
  8
0
 62
4
100
AcDbText
 10
10700.0
 20
19960.0
 30
0.0
 40
220.0
  1
C3S2-20/P3-TBDI2-18
  7
Tahoma
100
AcDbText
  0
TEXT
  5
1DB1
330
1F
100
AcDbEntity
  8
0
 62
7
100
AcDbText
 10
16200.0
 20
19960.0
 30
0.0
 40
220.0
  1
Spare
  7
Tahoma
100
AcDbText
  0
TEXT
  5
1DB2
330
1F
100
AcDbEntity
  8
0
 62
7
100
AcDbText
 10
21700.0
 20
19960.0
 30
0.0
 40
200.0
  1
Spare Reserve Channel
  7
Tahoma
100
AcDbText
  0
TEXT
  5
1DB3
330
1F
100
AcDbEntity
  8
0
 62
8
100
AcDbText
 10
29000.0
 20
19960.0
 30
0.0
 40
220.0
  1
SPARE
  7
Tahoma
100
AcDbText
  0
LINE
  5
1DB4
330
1F
100
AcDbEntity
  8
ASHADE
 62
8
100
AcDbLine
 10
3300.0
 20
19190.0
 30
0.0
 11
31900.0
 21
19190.0
 31
0.0
  0
TEXT
  5
1DB5
330
1F
100
AcDbEntity
  8
0
 62
7
100
AcDbText
 10
3400.0
 20
19370.0
 30
0.0
 40
220.0
  1
IN-18
  7
Tahoma
100
AcDbText
  0
TEXT
  5
1DB6
330
1F
100
AcDbEntity
  8
0
 62
7
100
AcDbText
 10
5000.0
 20
19370.0
 30
0.0
 40
220.0
  1
Pin 21
  7
Tahoma
100
AcDbText
  0
TEXT
  5
1DB7
330
1F
100
AcDbEntity
  8
0
 62
4
100
AcDbText
 10
6800.0
 20
19370.0
 30
0.0
 40
220.0
  1
P3-TBDI2-19
  7
Tahoma
100
AcDbText
  0
TEXT
  5
1DB8
330
1F
100
AcDbEntity
  8
0
 62
4
100
AcDbText
 10
10700.0
 20
19370.0
 30
0.0
 40
220.0
  1
C3S2-21/P3-TBDI2-19
  7
Tahoma
100
AcDbText
  0
TEXT
  5
1DB9
330
1F
100
AcDbEntity
  8
0
 62
7
100
AcDbText
 10
16200.0
 20
19370.0
 30
0.0
 40
220.0
  1
Spare
  7
Tahoma
100
AcDbText
  0
TEXT
  5
1DBA
330
1F
100
AcDbEntity
  8
0
 62
7
100
AcDbText
 10
21700.0
 20
19370.0
 30
0.0
 40
200.0
  1
Spare Reserve Channel
  7
Tahoma
100
AcDbText
  0
TEXT
  5
1DBB
330
1F
100
AcDbEntity
  8
0
 62
8
100
AcDbText
 10
29000.0
 20
19370.0
 30
0.0
 40
220.0
  1
SPARE
  7
Tahoma
100
AcDbText
  0
LINE
  5
1DBC
330
1F
100
AcDbEntity
  8
ASHADE
 62
8
100
AcDbLine
 10
3300.0
 20
18600.0
 30
0.0
 11
31900.0
 21
18600.0
 31
0.0
  0
TEXT
  5
1DBD
330
1F
100
AcDbEntity
  8
0
 62
7
100
AcDbText
 10
3400.0
 20
18780.0
 30
0.0
 40
220.0
  1
IN-19
  7
Tahoma
100
AcDbText
  0
TEXT
  5
1DBE
330
1F
100
AcDbEntity
  8
0
 62
7
100
AcDbText
 10
5000.0
 20
18780.0
 30
0.0
 40
220.0
  1
Pin 22
  7
Tahoma
100
AcDbText
  0
TEXT
  5
1DBF
330
1F
100
AcDbEntity
  8
0
 62
4
100
AcDbText
 10
6800.0
 20
18780.0
 30
0.0
 40
220.0
  1
P3-TBDI2-20
  7
Tahoma
100
AcDbText
  0
TEXT
  5
1DC0
330
1F
100
AcDbEntity
  8
0
 62
4
100
AcDbText
 10
10700.0
 20
18780.0
 30
0.0
 40
220.0
  1
C3S2-22/P3-TBDI2-20
  7
Tahoma
100
AcDbText
  0
TEXT
  5
1DC1
330
1F
100
AcDbEntity
  8
0
 62
7
100
AcDbText
 10
16200.0
 20
18780.0
 30
0.0
 40
220.0
  1
Spare
  7
Tahoma
100
AcDbText
  0
TEXT
  5
1DC2
330
1F
100
AcDbEntity
  8
0
 62
7
100
AcDbText
 10
21700.0
 20
18780.0
 30
0.0
 40
200.0
  1
Spare Reserve Channel
  7
Tahoma
100
AcDbText
  0
TEXT
  5
1DC3
330
1F
100
AcDbEntity
  8
0
 62
8
100
AcDbText
 10
29000.0
 20
18780.0
 30
0.0
 40
220.0
  1
SPARE
  7
Tahoma
100
AcDbText
  0
LINE
  5
1DC4
330
1F
100
AcDbEntity
  8
ASHADE
 62
8
100
AcDbLine
 10
3300.0
 20
18010.0
 30
0.0
 11
31900.0
 21
18010.0
 31
0.0
  0
TEXT
  5
1DC5
330
1F
100
AcDbEntity
  8
0
 62
7
100
AcDbText
 10
3400.0
 20
18190.0
 30
0.0
 40
220.0
  1
IN-20
  7
Tahoma
100
AcDbText
  0
TEXT
  5
1DC6
330
1F
100
AcDbEntity
  8
0
 62
7
100
AcDbText
 10
5000.0
 20
18190.0
 30
0.0
 40
220.0
  1
Pin 23
  7
Tahoma
100
AcDbText
  0
TEXT
  5
1DC7
330
1F
100
AcDbEntity
  8
0
 62
4
100
AcDbText
 10
6800.0
 20
18190.0
 30
0.0
 40
220.0
  1
P3-TBDI2-21
  7
Tahoma
100
AcDbText
  0
TEXT
  5
1DC8
330
1F
100
AcDbEntity
  8
0
 62
4
100
AcDbText
 10
10700.0
 20
18190.0
 30
0.0
 40
220.0
  1
C3S2-23/P3-TBDI2-21
  7
Tahoma
100
AcDbText
  0
TEXT
  5
1DC9
330
1F
100
AcDbEntity
  8
0
 62
7
100
AcDbText
 10
16200.0
 20
18190.0
 30
0.0
 40
220.0
  1
Spare
  7
Tahoma
100
AcDbText
  0
TEXT
  5
1DCA
330
1F
100
AcDbEntity
  8
0
 62
7
100
AcDbText
 10
21700.0
 20
18190.0
 30
0.0
 40
200.0
  1
Spare Reserve Channel
  7
Tahoma
100
AcDbText
  0
TEXT
  5
1DCB
330
1F
100
AcDbEntity
  8
0
 62
8
100
AcDbText
 10
29000.0
 20
18190.0
 30
0.0
 40
220.0
  1
SPARE
  7
Tahoma
100
AcDbText
  0
LINE
  5
1DCC
330
1F
100
AcDbEntity
  8
ASHADE
 62
8
100
AcDbLine
 10
3300.0
 20
17420.0
 30
0.0
 11
31900.0
 21
17420.0
 31
0.0
  0
TEXT
  5
1DCD
330
1F
100
AcDbEntity
  8
0
 62
7
100
AcDbText
 10
3400.0
 20
17600.0
 30
0.0
 40
220.0
  1
IN-21
  7
Tahoma
100
AcDbText
  0
TEXT
  5
1DCE
330
1F
100
AcDbEntity
  8
0
 62
7
100
AcDbText
 10
5000.0
 20
17600.0
 30
0.0
 40
220.0
  1
Pin 24
  7
Tahoma
100
AcDbText
  0
TEXT
  5
1DCF
330
1F
100
AcDbEntity
  8
0
 62
4
100
AcDbText
 10
6800.0
 20
17600.0
 30
0.0
 40
220.0
  1
P3-TBDI2-22
  7
Tahoma
100
AcDbText
  0
TEXT
  5
1DD0
330
1F
100
AcDbEntity
  8
0
 62
4
100
AcDbText
 10
10700.0
 20
17600.0
 30
0.0
 40
220.0
  1
C3S2-24/P3-TBDI2-22
  7
Tahoma
100
AcDbText
  0
TEXT
  5
1DD1
330
1F
100
AcDbEntity
  8
0
 62
7
100
AcDbText
 10
16200.0
 20
17600.0
 30
0.0
 40
220.0
  1
Spare
  7
Tahoma
100
AcDbText
  0
TEXT
  5
1DD2
330
1F
100
AcDbEntity
  8
0
 62
7
100
AcDbText
 10
21700.0
 20
17600.0
 30
0.0
 40
200.0
  1
Spare Reserve Channel
  7
Tahoma
100
AcDbText
  0
TEXT
  5
1DD3
330
1F
100
AcDbEntity
  8
0
 62
8
100
AcDbText
 10
29000.0
 20
17600.0
 30
0.0
 40
220.0
  1
SPARE
  7
Tahoma
100
AcDbText
  0
LINE
  5
1DD4
330
1F
100
AcDbEntity
  8
ASHADE
 62
8
100
AcDbLine
 10
3300.0
 20
16830.0
 30
0.0
 11
31900.0
 21
16830.0
 31
0.0
  0
TEXT
  5
1DD5
330
1F
100
AcDbEntity
  8
0
 62
7
100
AcDbText
 10
3400.0
 20
17010.0
 30
0.0
 40
220.0
  1
IN-22
  7
Tahoma
100
AcDbText
  0
TEXT
  5
1DD6
330
1F
100
AcDbEntity
  8
0
 62
7
100
AcDbText
 10
5000.0
 20
17010.0
 30
0.0
 40
220.0
  1
Pin 25
  7
Tahoma
100
AcDbText
  0
TEXT
  5
1DD7
330
1F
100
AcDbEntity
  8
0
 62
4
100
AcDbText
 10
6800.0
 20
17010.0
 30
0.0
 40
220.0
  1
P3-TBDI2-23
  7
Tahoma
100
AcDbText
  0
TEXT
  5
1DD8
330
1F
100
AcDbEntity
  8
0
 62
4
100
AcDbText
 10
10700.0
 20
17010.0
 30
0.0
 40
220.0
  1
C3S2-25/P3-TBDI2-23
  7
Tahoma
100
AcDbText
  0
TEXT
  5
1DD9
330
1F
100
AcDbEntity
  8
0
 62
7
100
AcDbText
 10
16200.0
 20
17010.0
 30
0.0
 40
220.0
  1
Spare
  7
Tahoma
100
AcDbText
  0
TEXT
  5
1DDA
330
1F
100
AcDbEntity
  8
0
 62
7
100
AcDbText
 10
21700.0
 20
17010.0
 30
0.0
 40
200.0
  1
Spare Reserve Channel
  7
Tahoma
100
AcDbText
  0
TEXT
  5
1DDB
330
1F
100
AcDbEntity
  8
0
 62
8
100
AcDbText
 10
29000.0
 20
17010.0
 30
0.0
 40
220.0
  1
SPARE
  7
Tahoma
100
AcDbText
  0
LINE
  5
1DDC
330
1F
100
AcDbEntity
  8
ASHADE
 62
8
100
AcDbLine
 10
3300.0
 20
16240.0
 30
0.0
 11
31900.0
 21
16240.0
 31
0.0
  0
TEXT
  5
1DDD
330
1F
100
AcDbEntity
  8
0
 62
7
100
AcDbText
 10
3400.0
 20
16420.0
 30
0.0
 40
220.0
  1
IN-23
  7
Tahoma
100
AcDbText
  0
TEXT
  5
1DDE
330
1F
100
AcDbEntity
  8
0
 62
7
100
AcDbText
 10
5000.0
 20
16420.0
 30
0.0
 40
220.0
  1
Pin 26
  7
Tahoma
100
AcDbText
  0
TEXT
  5
1DDF
330
1F
100
AcDbEntity
  8
0
 62
4
100
AcDbText
 10
6800.0
 20
16420.0
 30
0.0
 40
220.0
  1
P3-TBDI2-24
  7
Tahoma
100
AcDbText
  0
TEXT
  5
1DE0
330
1F
100
AcDbEntity
  8
0
 62
4
100
AcDbText
 10
10700.0
 20
16420.0
 30
0.0
 40
220.0
  1
C3S2-26/P3-TBDI2-24
  7
Tahoma
100
AcDbText
  0
TEXT
  5
1DE1
330
1F
100
AcDbEntity
  8
0
 62
7
100
AcDbText
 10
16200.0
 20
16420.0
 30
0.0
 40
220.0
  1
Spare
  7
Tahoma
100
AcDbText
  0
TEXT
  5
1DE2
330
1F
100
AcDbEntity
  8
0
 62
7
100
AcDbText
 10
21700.0
 20
16420.0
 30
0.0
 40
200.0
  1
Spare Reserve Channel
  7
Tahoma
100
AcDbText
  0
TEXT
  5
1DE3
330
1F
100
AcDbEntity
  8
0
 62
8
100
AcDbText
 10
29000.0
 20
16420.0
 30
0.0
 40
220.0
  1
SPARE
  7
Tahoma
100
AcDbText
  0
LINE
  5
1DE4
330
1F
100
AcDbEntity
  8
ASHADE
 62
8
100
AcDbLine
 10
3300.0
 20
15650.0
 30
0.0
 11
31900.0
 21
15650.0
 31
0.0
  0
TEXT
  5
1DE5
330
1F
100
AcDbEntity
  8
0
 62
7
100
AcDbText
 10
3400.0
 20
15830.0
 30
0.0
 40
220.0
  1
IN-24
  7
Tahoma
100
AcDbText
  0
TEXT
  5
1DE6
330
1F
100
AcDbEntity
  8
0
 62
7
100
AcDbText
 10
5000.0
 20
15830.0
 30
0.0
 40
220.0
  1
Pin 27
  7
Tahoma
100
AcDbText
  0
TEXT
  5
1DE7
330
1F
100
AcDbEntity
  8
0
 62
4
100
AcDbText
 10
6800.0
 20
15830.0
 30
0.0
 40
220.0
  1
P3-TBDI2-25
  7
Tahoma
100
AcDbText
  0
TEXT
  5
1DE8
330
1F
100
AcDbEntity
  8
0
 62
4
100
AcDbText
 10
10700.0
 20
15830.0
 30
0.0
 40
220.0
  1
C3S2-27/P3-TBDI2-25
  7
Tahoma
100
AcDbText
  0
TEXT
  5
1DE9
330
1F
100
AcDbEntity
  8
0
 62
7
100
AcDbText
 10
16200.0
 20
15830.0
 30
0.0
 40
220.0
  1
Spare
  7
Tahoma
100
AcDbText
  0
TEXT
  5
1DEA
330
1F
100
AcDbEntity
  8
0
 62
7
100
AcDbText
 10
21700.0
 20
15830.0
 30
0.0
 40
200.0
  1
Spare Reserve Channel
  7
Tahoma
100
AcDbText
  0
TEXT
  5
1DEB
330
1F
100
AcDbEntity
  8
0
 62
8
100
AcDbText
 10
29000.0
 20
15830.0
 30
0.0
 40
220.0
  1
SPARE
  7
Tahoma
100
AcDbText
  0
LINE
  5
1DEC
330
1F
100
AcDbEntity
  8
ASHADE
 62
8
100
AcDbLine
 10
3300.0
 20
15060.0
 30
0.0
 11
31900.0
 21
15060.0
 31
0.0
  0
TEXT
  5
1DED
330
1F
100
AcDbEntity
  8
0
 62
7
100
AcDbText
 10
3400.0
 20
15240.0
 30
0.0
 40
220.0
  1
IN-25
  7
Tahoma
100
AcDbText
  0
TEXT
  5
1DEE
330
1F
100
AcDbEntity
  8
0
 62
7
100
AcDbText
 10
5000.0
 20
15240.0
 30
0.0
 40
220.0
  1
Pin 28
  7
Tahoma
100
AcDbText
  0
TEXT
  5
1DEF
330
1F
100
AcDbEntity
  8
0
 62
4
100
AcDbText
 10
6800.0
 20
15240.0
 30
0.0
 40
220.0
  1
P3-TBDI2-26
  7
Tahoma
100
AcDbText
  0
TEXT
  5
1DF0
330
1F
100
AcDbEntity
  8
0
 62
4
100
AcDbText
 10
10700.0
 20
15240.0
 30
0.0
 40
220.0
  1
C3S2-28/P3-TBDI2-26
  7
Tahoma
100
AcDbText
  0
TEXT
  5
1DF1
330
1F
100
AcDbEntity
  8
0
 62
7
100
AcDbText
 10
16200.0
 20
15240.0
 30
0.0
 40
220.0
  1
Spare
  7
Tahoma
100
AcDbText
  0
TEXT
  5
1DF2
330
1F
100
AcDbEntity
  8
0
 62
7
100
AcDbText
 10
21700.0
 20
15240.0
 30
0.0
 40
200.0
  1
Spare Reserve Channel
  7
Tahoma
100
AcDbText
  0
TEXT
  5
1DF3
330
1F
100
AcDbEntity
  8
0
 62
8
100
AcDbText
 10
29000.0
 20
15240.0
 30
0.0
 40
220.0
  1
SPARE
  7
Tahoma
100
AcDbText
  0
LINE
  5
1DF4
330
1F
100
AcDbEntity
  8
ASHADE
 62
8
100
AcDbLine
 10
3300.0
 20
14470.0
 30
0.0
 11
31900.0
 21
14470.0
 31
0.0
  0
TEXT
  5
1DF5
330
1F
100
AcDbEntity
  8
0
 62
7
100
AcDbText
 10
3400.0
 20
14650.0
 30
0.0
 40
220.0
  1
IN-26
  7
Tahoma
100
AcDbText
  0
TEXT
  5
1DF6
330
1F
100
AcDbEntity
  8
0
 62
7
100
AcDbText
 10
5000.0
 20
14650.0
 30
0.0
 40
220.0
  1
Pin 29
  7
Tahoma
100
AcDbText
  0
TEXT
  5
1DF7
330
1F
100
AcDbEntity
  8
0
 62
4
100
AcDbText
 10
6800.0
 20
14650.0
 30
0.0
 40
220.0
  1
P3-TBDI2-27
  7
Tahoma
100
AcDbText
  0
TEXT
  5
1DF8
330
1F
100
AcDbEntity
  8
0
 62
4
100
AcDbText
 10
10700.0
 20
14650.0
 30
0.0
 40
220.0
  1
C3S2-29/P3-TBDI2-27
  7
Tahoma
100
AcDbText
  0
TEXT
  5
1DF9
330
1F
100
AcDbEntity
  8
0
 62
7
100
AcDbText
 10
16200.0
 20
14650.0
 30
0.0
 40
220.0
  1
Spare
  7
Tahoma
100
AcDbText
  0
TEXT
  5
1DFA
330
1F
100
AcDbEntity
  8
0
 62
7
100
AcDbText
 10
21700.0
 20
14650.0
 30
0.0
 40
200.0
  1
Spare Reserve Channel
  7
Tahoma
100
AcDbText
  0
TEXT
  5
1DFB
330
1F
100
AcDbEntity
  8
0
 62
8
100
AcDbText
 10
29000.0
 20
14650.0
 30
0.0
 40
220.0
  1
SPARE
  7
Tahoma
100
AcDbText
  0
LINE
  5
1DFC
330
1F
100
AcDbEntity
  8
ASHADE
 62
8
100
AcDbLine
 10
3300.0
 20
13880.0
 30
0.0
 11
31900.0
 21
13880.0
 31
0.0
  0
TEXT
  5
1DFD
330
1F
100
AcDbEntity
  8
0
 62
7
100
AcDbText
 10
3400.0
 20
14060.0
 30
0.0
 40
220.0
  1
IN-27
  7
Tahoma
100
AcDbText
  0
TEXT
  5
1DFE
330
1F
100
AcDbEntity
  8
0
 62
7
100
AcDbText
 10
5000.0
 20
14060.0
 30
0.0
 40
220.0
  1
Pin 30
  7
Tahoma
100
AcDbText
  0
TEXT
  5
1DFF
330
1F
100
AcDbEntity
  8
0
 62
4
100
AcDbText
 10
6800.0
 20
14060.0
 30
0.0
 40
220.0
  1
P3-TBDI2-28
  7
Tahoma
100
AcDbText
  0
TEXT
  5
1E00
330
1F
100
AcDbEntity
  8
0
 62
4
100
AcDbText
 10
10700.0
 20
14060.0
 30
0.0
 40
220.0
  1
C3S2-30/P3-TBDI2-28
  7
Tahoma
100
AcDbText
  0
TEXT
  5
1E01
330
1F
100
AcDbEntity
  8
0
 62
7
100
AcDbText
 10
16200.0
 20
14060.0
 30
0.0
 40
220.0
  1
Spare
  7
Tahoma
100
AcDbText
  0
TEXT
  5
1E02
330
1F
100
AcDbEntity
  8
0
 62
7
100
AcDbText
 10
21700.0
 20
14060.0
 30
0.0
 40
200.0
  1
Spare Reserve Channel
  7
Tahoma
100
AcDbText
  0
TEXT
  5
1E03
330
1F
100
AcDbEntity
  8
0
 62
8
100
AcDbText
 10
29000.0
 20
14060.0
 30
0.0
 40
220.0
  1
SPARE
  7
Tahoma
100
AcDbText
  0
LINE
  5
1E04
330
1F
100
AcDbEntity
  8
ASHADE
 62
8
100
AcDbLine
 10
3300.0
 20
13290.0
 30
0.0
 11
31900.0
 21
13290.0
 31
0.0
  0
TEXT
  5
1E05
330
1F
100
AcDbEntity
  8
0
 62
7
100
AcDbText
 10
3400.0
 20
13470.0
 30
0.0
 40
220.0
  1
IN-28
  7
Tahoma
100
AcDbText
  0
TEXT
  5
1E06
330
1F
100
AcDbEntity
  8
0
 62
7
100
AcDbText
 10
5000.0
 20
13470.0
 30
0.0
 40
220.0
  1
Pin 31
  7
Tahoma
100
AcDbText
  0
TEXT
  5
1E07
330
1F
100
AcDbEntity
  8
0
 62
4
100
AcDbText
 10
6800.0
 20
13470.0
 30
0.0
 40
220.0
  1
P3-TBDI2-29
  7
Tahoma
100
AcDbText
  0
TEXT
  5
1E08
330
1F
100
AcDbEntity
  8
0
 62
4
100
AcDbText
 10
10700.0
 20
13470.0
 30
0.0
 40
220.0
  1
C3S2-31/P3-TBDI2-29
  7
Tahoma
100
AcDbText
  0
TEXT
  5
1E09
330
1F
100
AcDbEntity
  8
0
 62
7
100
AcDbText
 10
16200.0
 20
13470.0
 30
0.0
 40
220.0
  1
Spare
  7
Tahoma
100
AcDbText
  0
TEXT
  5
1E0A
330
1F
100
AcDbEntity
  8
0
 62
7
100
AcDbText
 10
21700.0
 20
13470.0
 30
0.0
 40
200.0
  1
Spare Reserve Channel
  7
Tahoma
100
AcDbText
  0
TEXT
  5
1E0B
330
1F
100
AcDbEntity
  8
0
 62
8
100
AcDbText
 10
29000.0
 20
13470.0
 30
0.0
 40
220.0
  1
SPARE
  7
Tahoma
100
AcDbText
  0
LINE
  5
1E0C
330
1F
100
AcDbEntity
  8
ASHADE
 62
8
100
AcDbLine
 10
3300.0
 20
12700.0
 30
0.0
 11
31900.0
 21
12700.0
 31
0.0
  0
TEXT
  5
1E0D
330
1F
100
AcDbEntity
  8
0
 62
7
100
AcDbText
 10
3400.0
 20
12880.0
 30
0.0
 40
220.0
  1
IN-29
  7
Tahoma
100
AcDbText
  0
TEXT
  5
1E0E
330
1F
100
AcDbEntity
  8
0
 62
7
100
AcDbText
 10
5000.0
 20
12880.0
 30
0.0
 40
220.0
  1
Pin 32
  7
Tahoma
100
AcDbText
  0
TEXT
  5
1E0F
330
1F
100
AcDbEntity
  8
0
 62
4
100
AcDbText
 10
6800.0
 20
12880.0
 30
0.0
 40
220.0
  1
P3-TBDI2-30
  7
Tahoma
100
AcDbText
  0
TEXT
  5
1E10
330
1F
100
AcDbEntity
  8
0
 62
4
100
AcDbText
 10
10700.0
 20
12880.0
 30
0.0
 40
220.0
  1
C3S2-32/P3-TBDI2-30
  7
Tahoma
100
AcDbText
  0
TEXT
  5
1E11
330
1F
100
AcDbEntity
  8
0
 62
7
100
AcDbText
 10
16200.0
 20
12880.0
 30
0.0
 40
220.0
  1
Spare
  7
Tahoma
100
AcDbText
  0
TEXT
  5
1E12
330
1F
100
AcDbEntity
  8
0
 62
7
100
AcDbText
 10
21700.0
 20
12880.0
 30
0.0
 40
200.0
  1
Spare Reserve Channel
  7
Tahoma
100
AcDbText
  0
TEXT
  5
1E13
330
1F
100
AcDbEntity
  8
0
 62
8
100
AcDbText
 10
29000.0
 20
12880.0
 30
0.0
 40
220.0
  1
SPARE
  7
Tahoma
100
AcDbText
  0
LINE
  5
1E14
330
1F
100
AcDbEntity
  8
ASHADE
 62
8
100
AcDbLine
 10
3300.0
 20
12110.0
 30
0.0
 11
31900.0
 21
12110.0
 31
0.0
  0
TEXT
  5
1E15
330
1F
100
AcDbEntity
  8
0
 62
7
100
AcDbText
 10
3400.0
 20
12290.0
 30
0.0
 40
220.0
  1
IN-30
  7
Tahoma
100
AcDbText
  0
TEXT
  5
1E16
330
1F
100
AcDbEntity
  8
0
 62
7
100
AcDbText
 10
5000.0
 20
12290.0
 30
0.0
 40
220.0
  1
Pin 33
  7
Tahoma
100
AcDbText
  0
TEXT
  5
1E17
330
1F
100
AcDbEntity
  8
0
 62
4
100
AcDbText
 10
6800.0
 20
12290.0
 30
0.0
 40
220.0
  1
P3-TBDI2-31
  7
Tahoma
100
AcDbText
  0
TEXT
  5
1E18
330
1F
100
AcDbEntity
  8
0
 62
4
100
AcDbText
 10
10700.0
 20
12290.0
 30
0.0
 40
220.0
  1
C3S2-33/P3-TBDI2-31
  7
Tahoma
100
AcDbText
  0
TEXT
  5
1E19
330
1F
100
AcDbEntity
  8
0
 62
7
100
AcDbText
 10
16200.0
 20
12290.0
 30
0.0
 40
220.0
  1
Spare
  7
Tahoma
100
AcDbText
  0
TEXT
  5
1E1A
330
1F
100
AcDbEntity
  8
0
 62
7
100
AcDbText
 10
21700.0
 20
12290.0
 30
0.0
 40
200.0
  1
Spare Reserve Channel
  7
Tahoma
100
AcDbText
  0
TEXT
  5
1E1B
330
1F
100
AcDbEntity
  8
0
 62
8
100
AcDbText
 10
29000.0
 20
12290.0
 30
0.0
 40
220.0
  1
SPARE
  7
Tahoma
100
AcDbText
  0
LINE
  5
1E1C
330
1F
100
AcDbEntity
  8
ASHADE
 62
8
100
AcDbLine
 10
3300.0
 20
11520.0
 30
0.0
 11
31900.0
 21
11520.0
 31
0.0
  0
TEXT
  5
1E1D
330
1F
100
AcDbEntity
  8
0
 62
7
100
AcDbText
 10
3400.0
 20
11700.0
 30
0.0
 40
220.0
  1
IN-31
  7
Tahoma
100
AcDbText
  0
TEXT
  5
1E1E
330
1F
100
AcDbEntity
  8
0
 62
7
100
AcDbText
 10
5000.0
 20
11700.0
 30
0.0
 40
220.0
  1
Pin 34
  7
Tahoma
100
AcDbText
  0
TEXT
  5
1E1F
330
1F
100
AcDbEntity
  8
0
 62
4
100
AcDbText
 10
6800.0
 20
11700.0
 30
0.0
 40
220.0
  1
P3-TBDI2-32
  7
Tahoma
100
AcDbText
  0
TEXT
  5
1E20
330
1F
100
AcDbEntity
  8
0
 62
4
100
AcDbText
 10
10700.0
 20
11700.0
 30
0.0
 40
220.0
  1
C3S2-34/P3-TBDI2-32
  7
Tahoma
100
AcDbText
  0
TEXT
  5
1E21
330
1F
100
AcDbEntity
  8
0
 62
7
100
AcDbText
 10
16200.0
 20
11700.0
 30
0.0
 40
220.0
  1
Spare
  7
Tahoma
100
AcDbText
  0
TEXT
  5
1E22
330
1F
100
AcDbEntity
  8
0
 62
7
100
AcDbText
 10
21700.0
 20
11700.0
 30
0.0
 40
200.0
  1
Spare Reserve Channel
  7
Tahoma
100
AcDbText
  0
TEXT
  5
1E23
330
1F
100
AcDbEntity
  8
0
 62
8
100
AcDbText
 10
29000.0
 20
11700.0
 30
0.0
 40
220.0
  1
SPARE
  7
Tahoma
100
AcDbText
  0
ENDSEC
  0
SECTION
  2
OBJECTS
  0
DICTIONARY
  5
C
330
0
100
AcDbDictionary
281
1
  3
ACAD_CIP_PREVIOUS_PRODUCT_INFO
350
216
  3
ACAD_COLOR
350
6B
  3
ACAD_DETAILVIEWSTYLE
350
21B
  3
ACAD_DGNDEFINITIONS
350
283
  3
ACAD_DWFDEFINITIONS
350
282
  3
ACAD_GROUP
350
D
  3
ACAD_IMAGE_DICT
350
27B
  3
ACAD_LAYOUT
350
1A
  3
ACAD_MATERIAL
350
6A
  3
ACAD_MLEADERSTYLE
350
12D
  3
ACAD_MLINESTYLE
350
17
  3
ACAD_PDFDEFINITIONS
350
281
  3
ACAD_PLOTSETTINGS
350
19
  3
ACAD_PLOTSTYLENAME
350
E
  3
ACAD_SCALELIST
350
10C
  3
ACAD_SECTIONVIEWSTYLE
350
219
  3
ACAD_TABLESTYLE
350
7E
  3
ACAD_VISUALSTYLE
350
EF
  3
ACDB_RECOMPOSE_DATA
350
1CD3
  3
AcDbVariableDictionary
350
5E
  3
EZDXF_META
350
1E26
  0
SUN
  5
27F
330
EA
100
AcDbSun
 90
1
290
0
 63
7
421
16777215
 40
1.0
291
1
 91
2455826
 92
54000000
292
0
 70
2
 71
256
280
1
  0
DICTIONARY
  5
1FF
330
2
100
AcDbDictionary
280
1
281
1
  3
ACAD_LAYERSTATES
360
200
  0
DICTIONARY
  5
E57
330
1F
100
AcDbDictionary
280
1
281
1
  3
ACAD_SORTENTS
360
13C4
  0
DICTIONARY
  5
110B
330
10DE
100
AcDbDictionary
280
1
281
1
  3
ACAD_SORTENTS
360
110C
  0
DICTIONARY
  5
1157
330
112E
100
AcDbDictionary
280
1
281
1
  3
ACAD_SORTENTS
360
1158
  0
DICTIONARY
  5
1663
330
1638
100
AcDbDictionary
280
1
281
1
  3
ACAD_SORTENTS
360
1664
  0
XRECORD
  5
216
102
{ACAD_REACTORS
330
C
102
}
330
C
100
AcDbXrecord
280
1
300
ACD
300
2019
300

  0
DICTIONARY
  5
6B
102
{ACAD_REACTORS
330
C
102
}
330
C
100
AcDbDictionary
281
1
  0
DICTIONARY
  5
21B
102
{ACAD_REACTORS
330
C
102
}
330
C
100
AcDbDictionary
281
1
  3
Metric50
350
21C
  0
DICTIONARY
  5
283
102
{ACAD_REACTORS
330
C
102
}
330
C
100
AcDbDictionary
281
1
  0
DICTIONARY
  5
282
102
{ACAD_REACTORS
330
C
102
}
330
C
100
AcDbDictionary
281
1
  0
DICTIONARY
  5
D
102
{ACAD_REACTORS
330
C
102
}
330
C
100
AcDbDictionary
281
1
  0
DICTIONARY
  5
27B
102
{ACAD_REACTORS
330
C
102
}
330
C
100
AcDbDictionary
281
1
  0
DICTIONARY
  5
1A
102
{ACAD_REACTORS
330
C
102
}
330
C
100
AcDbDictionary
281
1
  3
Layout1
350
D3
  3
Layout2
350
D7
  3
Model
350
22
  0
DICTIONARY
  5
6A
102
{ACAD_REACTORS
330
C
102
}
330
C
100
AcDbDictionary
281
1
  3
ByBlock
350
ED
  3
ByLayer
350
EC
  3
Global
350
EE
  0
DICTIONARY
  5
12D
102
{ACAD_REACTORS
330
C
102
}
330
C
100
AcDbDictionary
281
1
  3
Annotative
350
13B
  3
Standard
350
12E
  0
DICTIONARY
  5
17
102
{ACAD_REACTORS
330
C
102
}
330
C
100
AcDbDictionary
281
1
  3
Standard
350
18
  0
DICTIONARY
  5
281
102
{ACAD_REACTORS
330
C
102
}
330
C
100
AcDbDictionary
281
1
  0
DICTIONARY
  5
19
102
{ACAD_REACTORS
330
C
102
}
330
C
100
AcDbDictionary
281
1
  0
ACDBDICTIONARYWDFLT
  5
E
102
{ACAD_REACTORS
330
C
102
}
330
C
100
AcDbDictionary
281
1
  3
Normal
350
F
100
AcDbDictionaryWithDefault
340
F
  0
DICTIONARY
  5
10C
102
{ACAD_REACTORS
330
C
102
}
330
C
100
AcDbDictionary
281
1
  3
A0
350
10D
  3
A1
350
1BE
  3
A2
350
1BF
  3
A3
350
1C0
  3
A4
350
1C1
  3
A5
350
1C2
  3
A6
350
1C3
  3
A7
350
1C4
  3
A8
350
1C5
  3
A9
350
1C6
  3
B0
350
1C7
  3
B1
350
1C8
  3
B2
350
1C9
  3
B3
350
1CA
  3
B4
350
1CB
  3
B5
350
1CC
  3
B6
350
1CD
  0
DICTIONARY
  5
219
102
{ACAD_REACTORS
330
C
102
}
330
C
100
AcDbDictionary
281
1
  3
Metric50
350
21A
  0
DICTIONARY
  5
7E
102
{ACAD_REACTORS
330
C
102
}
330
C
100
AcDbDictionary
281
1
  3
Standard
350
7F
  0
DICTIONARY
  5
EF
102
{ACAD_REACTORS
330
C
102
}
330
C
100
AcDbDictionary
281
1
  3
2dWireframe
350
F5
  3
Basic
350
F4
  3
Brighten
350
FB
  3
ColorChange
350
FF
  3
Conceptual
350
F8
  3
Dim
350
FA
  3
EdgeColorOff
350
1E6
  3
Facepattern
350
FE
  3
Flat
350
F0
  3
FlatWithEdges
350
F1
  3
Gouraud
350
F2
  3
GouraudWithEdges
350
F3
  3
Hidden
350
F7
  3
JitterOff
350
1E4
  3
Linepattern
350
FD
  3
OverhangOff
350
1E5
  3
Realistic
350
F9
  3
Shaded
350
1F3
  3
Shaded with edges
350
1F2
  3
Shades of Gray
350
1EF
  3
Sketchy
350
1F0
  3
Thicken
350
FC
  3
Wireframe
350
F6
  3
X-Ray
350
1F1
  0
XRECORD
  5
1CD3
102
{ACAD_REACTORS
330
C
102
}
330
C
100
AcDbXrecord
280
1
 90
1
330
7F
  0
DICTIONARY
  5
5E
102
{ACAD_REACTORS
330
C
102
}
330
C
100
AcDbDictionary
281
1
  3
CANNOSCALE
350
146
  3
CENTEREXE
350
259
  3
CENTERLTYPEFILE
350
25A
  3
CMLEADERSTYLE
350
145
  3
CTABLESTYLE
350
84
  3
CVIEWDETAILSTYLE
350
227
  3
CVIEWSECTIONSTYLE
350
228
  3
DIMASSOC
350
5F
  3
HIDETEXT
350
63
  3
LAYEREVAL
350
1AE
  3
LAYERNOTIFY
350
1AF
  0
DICTIONARY
  5
200
102
{ACAD_REACTORS
330
1FF
102
}
330
1FF
100
AcDbDictionary
281
1
  0
SORTENTSTABLE
  5
13C4
102
{ACAD_REACTORS
330
E57
102
}
330
E57
100
AcDbSortentsTable
330
1F
  0
SORTENTSTABLE
  5
110C
102
{ACAD_REACTORS
330
110B
102
}
330
110B
100
AcDbSortentsTable
330
10DE
  0
SORTENTSTABLE
  5
1158
102
{ACAD_REACTORS
330
1157
102
}
330
1157
100
AcDbSortentsTable
330
112E
  0
SORTENTSTABLE
  5
1664
102
{ACAD_REACTORS
330
1663
102
}
330
1663
100
AcDbSortentsTable
330
1638
  0
ACDBDETAILVIEWSTYLE
  5
21C
102
{ACAD_REACTORS
330
21B
102
}
330
21B
100
AcDbModelDocViewStyle
 70
0
  3
Metric50
290
0
300
Metric50
 90
0
100
AcDbDetailViewStyle
 70
0
 71
0
 90
3
 71
1
340
11
 62
256
 40
5.0
340
0
 62
256
 40
5.0
300

 40
0.0
280
1
 71
2
340
16
 90
25
 62
256
 71
3
340
11
 62
256
 40
5.0
 90
0
 40
15.0
 90
1
300
%<\AcVar ViewDetailId>% (%<\AcVar ViewScale \f "%sn">%)
 71
4
340
16
 90
25
 62
256
340
16
 90
25
 62
256
280
0
  0
LAYOUT
  5
D3
102
{ACAD_REACTORS
330
1A
102
}
330
1A
100
AcDbPlotSettings
  1

  2
C:\Documents and Settings\basas\Application Data\Autodesk\AutoCAD 2005\R16.1\enu\plotters\Default Windows System Printer.pc3
  4

  6

 40
0.0
 41
0.0
 42
0.0
 43
0.0
 44
0.0
 45
0.0
 46
0.0
 47
0.0
 48
0.0
 49
0.0
140
0.0
141
0.0
142
1.0
143
1.0
 70
688
 72
0
 73
0
 74
5
  7

 75
16
 76
0
 77
2
 78
300
147
1.0
148
0.0
149
0.0
100
AcDbLayout
  1
Layout1
 70
1
 71
1
 10
0.0
 20
0.0
 11
12.0
 21
9.0
 12
0.0
 22
0.0
 32
0.0
 14
0.0
 24
0.0
 34
0.0
 15
0.0
 25
0.0
 35
0.0
146
0.0
 13
0.0
 23
0.0
 33
0.0
 16
1.0
 26
0.0
 36
0.0
 17
0.0
 27
1.0
 37
0.0
 76
0
330
D2
  0
LAYOUT
  5
D7
102
{ACAD_REACTORS
330
1A
102
}
330
1A
100
AcDbPlotSettings
  1

  2
C:\Documents and Settings\basas\Application Data\Autodesk\AutoCAD 2005\R16.1\enu\plotters\Default Windows System Printer.pc3
  4

  6

 40
0.0
 41
0.0
 42
0.0
 43
0.0
 44
0.0
 45
0.0
 46
0.0
 47
0.0
 48
0.0
 49
0.0
140
0.0
141
0.0
142
1.0
143
1.0
 70
688
 72
0
 73
0
 74
5
  7

 75
16
 76
0
 77
2
 78
300
147
1.0
148
0.0
149
0.0
100
AcDbLayout
  1
Layout2
 70
1
 71
2
 10
0.0
 20
0.0
 11
12.0
 21
9.0
 12
0.0
 22
0.0
 32
0.0
 14
0.0
 24
0.0
 34
0.0
 15
0.0
 25
0.0
 35
0.0
146
0.0
 13
0.0
 23
0.0
 33
0.0
 16
1.0
 26
0.0
 36
0.0
 17
0.0
 27
1.0
 37
0.0
 76
0
330
D6
  0
LAYOUT
  5
22
102
{ACAD_XDICTIONARY
360
205
102
}
102
{ACAD_REACTORS
330
1A
102
}
330
1A
100
AcDbPlotSettings
  1

  2
none_device
  4
ISO_A4_(210.00_x_297.00_MM)
  6

 40
7.5
 41
20.0
 42
7.5
 43
20.0
 44
210.0
 45
297.0
 46
11.54999923706055
 47
-13.65000009536743
 48
0.0
 49
0.0
140
0.0
141
0.0
142
1.0
143
8.704084754739808
 70
11952
 72
1
 73
0
 74
0
  7

 75
0
 76
0
 77
2
 78
300
147
0.1148885871608098
148
0.0
149
0.0
100
AcDbLayout
  1
Model
 70
1
 71
0
 10
0.0
 20
0.0
 11
12.0
 21
9.0
 12
0.0
 22
0.0
 32
0.0
 14
0.0
 24
0.0
 34
0.0
 15
98889.84707028791
 25
68687.0366350282
 35
0.0
146
0.0
 13
0.0
 23
0.0
 33
0.0
 16
1.0
 26
0.0
 36
0.0
 17
0.0
 27
1.0
 37
0.0
 76
0
330
1F
331
EA
1001
ACAD_PSEXT
1000
None
1000
None
1000
Not applicable
1000
The layout will not be plotted unless a new plotter configuration name is selected.
1070
0
  0
MATERIAL
  5
ED
102
{ACAD_XDICTIONARY
360
1F9
102
}
102
{ACAD_REACTORS
330
6A
102
}
330
6A
100
AcDbMaterial
  1
ByBlock
  2

 70
0
 40
1.0
 71
0
 41
1.0
 91
-1023410177
 42
1.0
 72
1
  3

 73
2
 74
1
 75
1
 44
0.5
 73
0
 45
1.0
 46
1.0
 77
1
  4

 78
2
 79
1
170
1
 48
1.0
171
1
  6

172
2
173
1
174
1
140
1.0
141
1.0
175
1
  7

176
2
177
1
178
1
143
1.0
179
1
  8

270
2
271
1
272
1
145
1.0
146
1.0
273
1
  9

274
2
275
1
276
1
 42
1.0
 72
1
  3

 73
1
 74
1
 75
1
 94
63
  0
MATERIAL
  5
EC
102
{ACAD_XDICTIONARY
360
1F7
102
}
102
{ACAD_REACTORS
330
6A
102
}
330
6A
100
AcDbMaterial
  1
ByLayer
  2

 70
0
 40
1.0
 71
0
 41
1.0
 91
-1023410177
 42
1.0
 72
1
  3

 73
2
 74
1
 75
1
 44
0.5
 73
0
 45
1.0
 46
1.0
 77
1
  4

 78
2
 79
1
170
1
 48
1.0
171
1
  6

172
2
173
1
174
1
140
1.0
141
1.0
175
1
  7

176
2
177
1
178
1
143
1.0
179
1
  8

270
2
271
1
272
1
145
1.0
146
1.0
273
1
  9

274
2
275
1
276
1
 42
1.0
 72
1
  3

 73
1
 74
1
 75
1
 94
63
  0
MATERIAL
  5
EE
102
{ACAD_XDICTIONARY
360
173
102
}
102
{ACAD_REACTORS
330
6A
102
}
330
6A
100
AcDbMaterial
  1
Global
  2

 70
0
 40
1.0
 71
0
 41
1.0
 91
-1023410177
 42
1.0
 72
1
  3

 73
2
 74
1
 75
1
 43
0.0007999999797903
 43
0.0
 43
0.0
 43
0.0
 43
0.0
 43
0.0007999999797903
 43
0.0
 43
0.0
 43
0.0
 43
0.0
 43
1.0
 43
0.0
 43
0.0
 43
0.0
 43
0.0
 43
1.0
 44
0.5
 73
0
 45
1.0
 46
1.0
 77
1
  4

 78
2
 79
1
170
1
 48
1.0
171
1
  6

172
2
173
1
174
1
 49
0.0007999999797903
 49
0.0
 49
0.0
 49
0.0
 49
0.0
 49
0.0007999999797903
 49
0.0
 49
0.0
 49
0.0
 49
0.0
 49
1.0
 49
0.0
 49
0.0
 49
0.0
 49
0.0
 49
1.0
140
1.0
141
1.0
175
1
  7

176
2
177
1
178
1
142
0.0007999999797903
142
0.0
142
0.0
142
0.0
142
0.0
142
0.0007999999797903
142
0.0
142
0.0
142
0.0
142
0.0
142
1.0
142
0.0
142
0.0
142
0.0
142
0.0
142
1.0
143
1.0
179
1
  8

270
2
271
1
272
1
144
0.0007999999797903
144
0.0
144
0.0
144
0.0
144
0.0
144
0.0007999999797903
144
0.0
144
0.0
144
0.0
144
0.0
144
1.0
144
0.0
144
0.0
144
0.0
144
0.0
144
1.0
145
1.0
146
1.0
273
1
  9

274
2
275
1
276
1
 42
1.0
 72
1
  3

 73
1
 74
1
 75
1
 94
63
1001
ACAD
1070
-1
1070
3
1070
0
1000

1071
0
1070
0
  0
MLEADERSTYLE
  5
13B
102
{ACAD_REACTORS
330
12D
102
}
330
12D
100
AcDbMLeaderStyle
179
2
170
2
171
1
172
0
 90
2
 40
0.0
 41
0.0
173
1
 91
-1056964608
340
14
 92
-2
290
1
 42
2.0
291
1
 43
8.0
  3
Standard
341
0
 44
4.0
300

342
11
174
1
175
1
176
0
178
1
 93
-1056964608
 45
4.0
292
0
297
0
 46
4.0
293
1
343
0
 94
-1056964608
 47
1.0
 49
1.0
140
1.0
294
1
141
0.0
177
0
142
1.0
295
0
296
1
143
3.75
271
0
272
9
273
9
298
0
  0
MLEADERSTYLE
  5
12E
102
{ACAD_REACTORS
330
12D
102
}
330
12D
100
AcDbMLeaderStyle
179
2
170
2
171
1
172
0
 90
2
 40
0.0
 41
0.0
173
1
 91
-1056964608
340
14
 92
-2
290
1
 42
2.0
291
1
 43
8.0
  3
Standard
341
0
 44
4.0
300

342
11
174
1
175
1
176
0
178
1
 93
-1056964608
 45
4.0
292
0
297
0
 46
4.0
293
1
343
0
 94
-1056964608
 47
1.0
 49
1.0
140
1.0
294
1
141
0.0
177
0
142
1.0
295
0
296
0
143
3.75
271
0
272
9
273
9
298
0
  0
MLINESTYLE
  5
18
102
{ACAD_REACTORS
330
17
102
}
330
17
100
AcDbMlineStyle
  2
STANDARD
 70
0
  3

 62
256
 51
90.0
 52
90.0
 71
2
 49
0.5
 62
256
  6
BYLAYER
 49
-0.5
 62
256
  6
BYLAYER
  0
ACDBPLACEHOLDER
  5
F
102
{ACAD_REACTORS
330
E
102
}
330
E
  0
SCALE
  5
10D
102
{ACAD_REACTORS
330
10C
102
}
330
10C
100
AcDbScale
 70
0
300
1:1
140
1.0
141
1.0
290
1
  0
SCALE
  5
1BE
102
{ACAD_REACTORS
330
10C
102
}
330
10C
100
AcDbScale
 70
0
300
1:2
140
1.0
141
2.0
290
0
  0
SCALE
  5
1BF
102
{ACAD_REACTORS
330
10C
102
}
330
10C
100
AcDbScale
 70
0
300
1:4
140
1.0
141
4.0
290
0
  0
SCALE
  5
1C0
102
{ACAD_REACTORS
330
10C
102
}
330
10C
100
AcDbScale
 70
0
300
1:5
140
1.0
141
5.0
290
0
  0
SCALE
  5
1C1
102
{ACAD_REACTORS
330
10C
102
}
330
10C
100
AcDbScale
 70
0
300
1:8
140
1.0
141
8.0
290
0
  0
SCALE
  5
1C2
102
{ACAD_REACTORS
330
10C
102
}
330
10C
100
AcDbScale
 70
0
300
1:10
140
1.0
141
10.0
290
0
  0
SCALE
  5
1C3
102
{ACAD_REACTORS
330
10C
102
}
330
10C
100
AcDbScale
 70
0
300
1:16
140
1.0
141
16.0
290
0
  0
SCALE
  5
1C4
102
{ACAD_REACTORS
330
10C
102
}
330
10C
100
AcDbScale
 70
0
300
1:20
140
1.0
141
20.0
290
0
  0
SCALE
  5
1C5
102
{ACAD_REACTORS
330
10C
102
}
330
10C
100
AcDbScale
 70
0
300
1:30
140
1.0
141
30.0
290
0
  0
SCALE
  5
1C6
102
{ACAD_REACTORS
330
10C
102
}
330
10C
100
AcDbScale
 70
0
300
1:40
140
1.0
141
40.0
290
0
  0
SCALE
  5
1C7
102
{ACAD_REACTORS
330
10C
102
}
330
10C
100
AcDbScale
 70
0
300
1:50
140
1.0
141
50.0
290
0
  0
SCALE
  5
1C8
102
{ACAD_REACTORS
330
10C
102
}
330
10C
100
AcDbScale
 70
0
300
1:100
140
1.0
141
100.0
290
0
  0
SCALE
  5
1C9
102
{ACAD_REACTORS
330
10C
102
}
330
10C
100
AcDbScale
 70
0
300
2:1
140
2.0
141
1.0
290
0
  0
SCALE
  5
1CA
102
{ACAD_REACTORS
330
10C
102
}
330
10C
100
AcDbScale
 70
0
300
4:1
140
4.0
141
1.0
290
0
  0
SCALE
  5
1CB
102
{ACAD_REACTORS
330
10C
102
}
330
10C
100
AcDbScale
 70
0
300
8:1
140
8.0
141
1.0
290
0
  0
SCALE
  5
1CC
102
{ACAD_REACTORS
330
10C
102
}
330
10C
100
AcDbScale
 70
0
300
10:1
140
10.0
141
1.0
290
0
  0
SCALE
  5
1CD
102
{ACAD_REACTORS
330
10C
102
}
330
10C
100
AcDbScale
 70
0
300
100:1
140
100.0
141
1.0
290
0
  0
ACDBSECTIONVIEWSTYLE
  5
21A
102
{ACAD_REACTORS
330
219
102
}
330
219
100
AcDbModelDocViewStyle
 70
0
  3
Metric50
290
0
300
Metric50
 90
0
100
AcDbSectionViewStyle
 70
0
 71
0
 90
102
 71
1
340
11
 62
256
 40
5.0
340
0
340
0
 62
256
 40
5.0
300
I, O, Q, S, X, Z
 40
10.0
 90
0
 40
2.5
 90
0
 71
2
340
16
 90
25
 62
256
340
16
 90
50
 62
256
 40
5.0
 40
2.5
 40
5.0
 71
3
340
11
 62
256
 40
5.0
 90
0
 40
15.0
 90
1
300
%<\AcVar ViewSectionStartId>%-%<\AcVar ViewSectionEndId>% (%<\AcVar ViewScale \f "%sn">%)
 71
4
 62
256
 62
257
300
ANSI31
 40
1.0
 90
0
290
0
290
0
 90
6
 40
0.0
 40
1.570796326794897
 40
0.2617993877991494
 40
1.308996938995747
 40
-0.2617993877991494
 40
1.832595714594046
  0
TABLESTYLE
  5
7F
102
{ACAD_XDICTIONARY
360
E21
102
}
102
{ACAD_REACTORS
330
7E
102
}
330
7E
100
AcDbTableStyle
  3
Standard
 70
0
 71
0
 40
1.5
 41
1.5
280
0
281
0
  7
Standard
140
4.5
170
2
 62
0
 63
257
283
0
 90
512
 91
0
  1

274
-2
284
1
 64
0
275
-2
285
1
 65
0
276
-2
286
1
 66
0
277
-2
287
1
 67
0
278
-2
288
1
 68
0
279
-2
289
1
 69
0
  7
Standard
140
6.0
170
5
 62
0
 63
257
283
0
 90
512
 91
0
  1

274
-2
284
1
 64
0
275
-2
285
1
 65
0
276
-2
286
1
 66
0
277
-2
287
1
 67
0
278
-2
288
1
 68
0
279
-2
289
1
 69
0
  7
Standard
140
4.5
170
5
 62
0
 63
257
283
0
 90
512
 91
0
  1

274
-2
284
1
 64
0
275
-2
285
1
 65
0
276
-2
286
1
 66
0
277
-2
287
1
 67
0
278
-2
288
1
 68
0
279
-2
289
1
 69
0
  0
VISUALSTYLE
  5
F5
102
{ACAD_REACTORS
330
EF
102
}
330
EF
100
AcDbVisualStyle
  2
2dWireframe
 70
4
177
3
291
0
 70
58
 90
0
176
1
 90
2
176
1
 90
1
176
1
 90
0
176
1
 40
0.6
176
1
 40
30.0
176
1
 62
7
420
16777215
176
1
 90
1
176
1
 90
4
176
1
 62
7
176
1
 62
257
176
1
 90
1
176
1
 90
1
176
1
 40
1.0
176
1
 90
0
176
1
 62
257
176
1
 40
1.0
176
1
 90
1
176
1
 90
6
176
1
 90
2
176
1
 62
7
176
1
 90
5
176
1
 90
0
176
1
 90
0
176
1
290
0
176
1
 90
1
176
1
 40
0.0
176
1
 90
0
176
1
290
1
176
1
290
1
176
1
290
0
176
1
290
0
176
1
290
0
176
1
290
0
176
1
290
0
176
1
290
0
176
1
290
0
176
1
 90
50
176
1
 40
0.0
176
1
 40
1.0
176
1
 90
0
176
1
 62
18
420
0
176
1
 90
50
176
1
 90
3
176
1
 62
5
420
255
176
1
290
0
176
1
 90
50
176
1
 90
50
176
1
 90
50
176
1
290
0
176
1
 90
50
176
1
 62
256
176
0
 40
1.0
176
0
 90
2
176
1
  1
strokes_ogs.tif
176
1
290
0
176
1
 40
1.0
176
1
 40
1.0
176
1
  0
VISUALSTYLE
  5
F4
102
{ACAD_REACTORS
330
EF
102
}
330
EF
100
AcDbVisualStyle
  2
Basic
 70
7
177
3
291
1
 70
58
 90
1
176
1
 90
0
176
1
 90
1
176
1
 90
0
176
1
 40
0.6
176
1
 40
30.0
176
1
 62
7
420
16777215
176
1
 90
0
176
1
 90
4
176
1
 62
7
176
1
 62
257
176
1
 90
1
176
1
 90
1
176
1
 40
1.0
176
1
 90
8
176
1
 62
7
176
1
 40
1.0
176
1
 90
1
176
1
 90
6
176
1
 90
2
176
1
 62
7
176
1
 90
5
176
1
 90
0
176
1
 90
0
176
1
290
0
176
1
 90
1
176
1
 40
0.0
176
1
 90
0
176
1
290
0
176
1
290
1
176
1
290
1
176
1
290
0
176
1
290
0
176
1
290
0
176
1
290
0
176
1
290
0
176
1
290
0
176
1
 90
50
176
1
 40
0.0
176
1
 40
1.0
176
1
 90
0
176
1
 62
18
420
0
176
1
 90
50
176
1
 90
3
176
1
 62
5
420
255
176
1
290
0
176
1
 90
50
176
1
 90
50
176
1
 90
50
176
1
290
0
176
1
 90
50
176
1
 62
256
176
0
 40
1.0
176
0
 90
2
176
1
  1
strokes_ogs.tif
176
1
290
0
176
1
 40
1.0
176
1
 40
1.0
176
1
  0
VISUALSTYLE
  5
FB
102
{ACAD_REACTORS
330
EF
102
}
330
EF
100
AcDbVisualStyle
  2
Brighten
 70
12
177
3
291
1
 70
58
 90
2
176
1
 90
2
176
1
 90
1
176
1
 90
0
176
1
 40
0.6
176
1
 40
30.0
176
1
 62
7
420
16777215
176
1
 90
1
176
1
 90
4
176
1
 62
7
176
1
 62
257
176
1
 90
1
176
1
 90
1
176
1
 40
1.0
176
1
 90
8
176
1
 62
7
176
1
 40
1.0
176
1
 90
1
176
1
 90
6
176
1
 90
2
176
1
 62
7
176
1
 90
5
176
1
 90
0
176
1
 90
0
176
1
290
0
176
1
 90
1
176
1
 40
50.0
176
1
 90
0
176
1
290
0
176
1
290
1
176
1
290
1
176
1
290
0
176
1
290
0
176
1
290
0
176
1
290
0
176
1
290
0
176
1
290
0
176
1
 90
50
176
1
 40
0.0
176
1
 40
1.0
176
1
 90
0
176
1
 62
18
420
0
176
1
 90
50
176
1
 90
3
176
1
 62
5
420
255
176
1
290
0
176
1
 90
50
176
1
 90
50
176
1
 90
50
176
1
290
0
176
1
 90
50
176
1
 62
256
176
0
 40
1.0
176
0
 90
2
176
1
  1
strokes_ogs.tif
176
1
290
0
176
1
 40
1.0
176
1
 40
1.0
176
1
  0
VISUALSTYLE
  5
FF
102
{ACAD_REACTORS
330
EF
102
}
330
EF
100
AcDbVisualStyle
  2
ColorChange
 70
16
177
3
291
1
 70
58
 90
2
176
1
 90
2
176
1
 90
3
176
1
 90
0
176
1
 40
0.6
176
1
 40
30.0
176
1
 62
8
420
8421504
176
1
 90
1
176
1
 90
4
176
1
 62
7
176
1
 62
257
176
1
 90
1
176
1
 90
1
176
1
 40
1.0
176
1
 90
8
176
1
 62
8
420
8421504
176
1
 40
1.0
176
1
 90
1
176
1
 90
6
176
1
 90
2
176
1
 62
7
176
1
 90
5
176
1
 90
0
176
1
 90
0
176
1
290
0
176
1
 90
1
176
1
 40
0.0
176
1
 90
0
176
1
290
0
176
1
290
1
176
1
290
1
176
1
290
0
176
1
290
0
176
1
290
0
176
1
290
0
176
1
290
0
176
1
290
0
176
1
 90
50
176
1
 40
0.0
176
1
 40
1.0
176
1
 90
0
176
1
 62
18
420
0
176
1
 90
50
176
1
 90
3
176
1
 62
5
420
255
176
1
290
0
176
1
 90
50
176
1
 90
50
176
1
 90
50
176
1
290
0
176
1
 90
50
176
1
 62
256
176
0
 40
1.0
176
0
 90
2
176
1
  1
strokes_ogs.tif
176
1
290
0
176
1
 40
1.0
176
1
 40
1.0
176
1
  0
VISUALSTYLE
  5
F8
102
{ACAD_REACTORS
330
EF
102
}
330
EF
100
AcDbVisualStyle
  2
Conceptual
 70
9
177
3
291
0
 70
58
 90
3
176
1
 90
2
176
1
 90
1
176
1
 90
0
176
1
 40
0.6
176
1
 40
30.0
176
1
 62
7
420
16777215
176
1
 90
2
176
1
 90
2
176
1
 62
7
176
1
 62
257
176
1
 90
1
176
1
 90
1
176
1
 40
40.0
176
1
 90
8
176
1
 62
7
176
1
 40
1.0
176
1
 90
1
176
1
 90
6
176
1
 90
2
176
1
 62
7
176
1
 90
3
176
1
 90
0
176
1
 90
0
176
1
290
0
176
1
 90
1
176
1
 40
0.0
176
1
 90
0
176
1
290
0
176
1
290
1
176
1
290
1
176
1
290
0
176
1
290
0
176
1
290
0
176
1
290
0
176
1
290
0
176
1
290
0
176
1
 90
50
176
1
 40
0.0
176
1
 40
1.0
176
1
 90
0
176
1
 62
18
420
0
176
1
 90
50
176
1
 90
3
176
1
 62
5
420
255
176
1
290
0
176
1
 90
50
176
1
 90
50
176
1
 90
50
176
1
290
0
176
1
 90
50
176
1
 62
256
176
0
 40
1.0
176
0
 90
2
176
1
  1
strokes_ogs.tif
176
1
290
0
176
1
 40
1.0
176
1
 40
1.0
176
1
  0
VISUALSTYLE
  5
FA
102
{ACAD_REACTORS
330
EF
102
}
330
EF
100
AcDbVisualStyle
  2
Dim
 70
11
177
3
291
1
 70
58
 90
2
176
1
 90
2
176
1
 90
1
176
1
 90
0
176
1
 40
0.6
176
1
 40
30.0
176
1
 62
7
420
16777215
176
1
 90
1
176
1
 90
4
176
1
 62
7
176
1
 62
257
176
1
 90
1
176
1
 90
1
176
1
 40
1.0
176
1
 90
8
176
1
 62
7
176
1
 40
1.0
176
1
 90
1
176
1
 90
6
176
1
 90
2
176
1
 62
7
176
1
 90
5
176
1
 90
0
176
1
 90
0
176
1
290
0
176
1
 90
1
176
1
 40
-50.0
176
1
 90
0
176
1
290
0
176
1
290
1
176
1
290
1
176
1
290
0
176
1
290
0
176
1
290
0
176
1
290
0
176
1
290
0
176
1
290
0
176
1
 90
50
176
1
 40
0.0
176
1
 40
1.0
176
1
 90
0
176
1
 62
18
420
0
176
1
 90
50
176
1
 90
3
176
1
 62
5
420
255
176
1
290
0
176
1
 90
50
176
1
 90
50
176
1
 90
50
176
1
290
0
176
1
 90
50
176
1
 62
256
176
0
 40
1.0
176
0
 90
2
176
1
  1
strokes_ogs.tif
176
1
290
0
176
1
 40
1.0
176
1
 40
1.0
176
1
  0
VISUALSTYLE
  5
1E6
102
{ACAD_REACTORS
330
EF
102
}
330
EF
100
AcDbVisualStyle
  2
EdgeColorOff
 70
22
177
3
291
1
 70
58
 90
2
176
0
 90
2
176
0
 90
0
176
0
 90
0
176
0
 40
0.6
176
0
 40
30.0
176
0
 62
7
420
16777215
176
0
 90
1
176
0
 90
4
176
0
 62
7
176
0
 62
257
176
0
 90
1
176
0
 90
1
176
0
 40
1.0
176
0
 90
8
176
2
 62
7
176
0
 40
1.0
176
0
 90
1
176
0
 90
6
176
0
 90
2
176
0
 62
7
176
0
 90
5
176
0
 90
0
176
0
 90
0
176
0
290
0
176
0
 90
1
176
0
 40
0.0
176
0
 90
0
176
0
290
0
176
1
290
1
176
1
290
1
176
1
290
0
176
1
290
0
176
1
290
0
176
1
290
0
176
1
290
0
176
1
290
0
176
1
 90
50
176
1
 40
0.0
176
1
 40
1.0
176
1
 90
0
176
1
 62
18
420
0
176
1
 90
50
176
1
 90
3
176
1
 62
5
420
255
176
1
290
0
176
1
 90
50
176
1
 90
50
176
1
 90
50
176
1
290
0
176
1
 90
50
176
1
 62
256
176
0
 40
1.0
176
0
 90
2
176
1
  1
strokes_ogs.tif
176
1
290
0
176
1
 40
1.0
176
1
 40
1.0
176
1
  0
VISUALSTYLE
  5
FE
102
{ACAD_REACTORS
330
EF
102
}
330
EF
100
AcDbVisualStyle
  2
Facepattern
 70
15
177
3
291
1
 70
58
 90
2
176
1
 90
2
176
1
 90
1
176
1
 90
0
176
1
 40
0.6
176
1
 40
30.0
176
1
 62
7
420
16777215
176
1
 90
1
176
1
 90
4
176
1
 62
7
176
1
 62
257
176
1
 90
1
176
1
 90
1
176
1
 40
1.0
176
1
 90
8
176
1
 62
7
176
1
 40
1.0
176
1
 90
1
176
1
 90
6
176
1
 90
2
176
1
 62
7
176
1
 90
5
176
1
 90
0
176
1
 90
0
176
1
290
0
176
1
 90
1
176
1
 40
0.0
176
1
 90
0
176
1
290
0
176
1
290
1
176
1
290
1
176
1
290
0
176
1
290
0
176
1
290
0
176
1
290
0
176
1
290
0
176
1
290
0
176
1
 90
50
176
1
 40
0.0
176
1
 40
1.0
176
1
 90
0
176
1
 62
18
420
0
176
1
 90
50
176
1
 90
3
176
1
 62
5
420
255
176
1
290
0
176
1
 90
50
176
1
 90
50
176
1
 90
50
176
1
290
0
176
1
 90
50
176
1
 62
256
176
0
 40
1.0
176
0
 90
2
176
1
  1
strokes_ogs.tif
176
1
290
0
176
1
 40
1.0
176
1
 40
1.0
176
1
  0
VISUALSTYLE
  5
F0
102
{ACAD_REACTORS
330
EF
102
}
330
EF
100
AcDbVisualStyle
  2
Flat
 70
0
177
3
291
1
 70
58
 90
2
176
1
 90
1
176
1
 90
1
176
1
 90
2
176
1
 40
0.6
176
1
 40
30.0
176
1
 62
7
420
16777215
176
1
 90
0
176
1
 90
0
176
1
 62
7
176
1
 62
257
176
1
 90
1
176
1
 90
1
176
1
 40
1.0
176
1
 90
8
176
1
 62
7
176
1
 40
1.0
176
1
 90
1
176
1
 90
6
176
1
 90
2
176
1
 62
7
176
1
 90
5
176
1
 90
0
176
1
 90
0
176
1
290
0
176
1
 90
13
176
1
 40
0.0
176
1
 90
0
176
1
290
0
176
1
290
1
176
1
290
1
176
1
290
0
176
1
290
0
176
1
290
0
176
1
290
0
176
1
290
0
176
1
290
0
176
1
 90
50
176
1
 40
0.0
176
1
 40
1.0
176
1
 90
0
176
1
 62
18
420
0
176
1
 90
50
176
1
 90
3
176
1
 62
5
420
255
176
1
290
0
176
1
 90
50
176
1
 90
50
176
1
 90
50
176
1
290
0
176
1
 90
50
176
1
 62
256
176
0
 40
1.0
176
0
 90
2
176
1
  1
strokes_ogs.tif
176
1
290
0
176
1
 40
1.0
176
1
 40
1.0
176
1
  0
VISUALSTYLE
  5
F1
102
{ACAD_REACTORS
330
EF
102
}
330
EF
100
AcDbVisualStyle
  2
FlatWithEdges
 70
1
177
3
291
1
 70
58
 90
2
176
1
 90
1
176
1
 90
1
176
1
 90
2
176
1
 40
0.6
176
1
 40
30.0
176
1
 62
7
420
16777215
176
1
 90
1
176
1
 90
0
176
1
 62
7
176
1
 62
257
176
1
 90
1
176
1
 90
1
176
1
 40
1.0
176
1
 90
0
176
1
 62
257
176
1
 40
1.0
176
1
 90
1
176
1
 90
6
176
1
 90
2
176
1
 62
7
176
1
 90
5
176
1
 90
0
176
1
 90
0
176
1
290
0
176
1
 90
13
176
1
 40
0.0
176
1
 90
0
176
1
290
0
176
1
290
1
176
1
290
1
176
1
290
0
176
1
290
0
176
1
290
0
176
1
290
0
176
1
290
0
176
1
290
0
176
1
 90
50
176
1
 40
0.0
176
1
 40
1.0
176
1
 90
0
176
1
 62
18
420
0
176
1
 90
50
176
1
 90
3
176
1
 62
5
420
255
176
1
290
0
176
1
 90
50
176
1
 90
50
176
1
 90
50
176
1
290
0
176
1
 90
50
176
1
 62
256
176
0
 40
1.0
176
0
 90
2
176
1
  1
strokes_ogs.tif
176
1
290
0
176
1
 40
1.0
176
1
 40
1.0
176
1
  0
VISUALSTYLE
  5
F2
102
{ACAD_REACTORS
330
EF
102
}
330
EF
100
AcDbVisualStyle
  2
Gouraud
 70
2
177
3
291
1
 70
58
 90
2
176
1
 90
2
176
1
 90
1
176
1
 90
2
176
1
 40
0.6
176
1
 40
30.0
176
1
 62
7
420
16777215
176
1
 90
0
176
1
 90
0
176
1
 62
7
176
1
 62
257
176
1
 90
1
176
1
 90
1
176
1
 40
1.0
176
1
 90
0
176
1
 62
7
176
1
 40
1.0
176
1
 90
1
176
1
 90
6
176
1
 90
2
176
1
 62
7
176
1
 90
5
176
1
 90
0
176
1
 90
0
176
1
290
0
176
1
 90
13
176
1
 40
0.0
176
1
 90
0
176
1
290
0
176
1
290
1
176
1
290
1
176
1
290
0
176
1
290
0
176
1
290
0
176
1
290
0
176
1
290
0
176
1
290
0
176
1
 90
50
176
1
 40
0.0
176
1
 40
1.0
176
1
 90
0
176
1
 62
18
420
0
176
1
 90
50
176
1
 90
3
176
1
 62
5
420
255
176
1
290
0
176
1
 90
50
176
1
 90
50
176
1
 90
50
176
1
290
0
176
1
 90
50
176
1
 62
256
176
0
 40
1.0
176
0
 90
2
176
1
  1
strokes_ogs.tif
176
1
290
0
176
1
 40
1.0
176
1
 40
1.0
176
1
  0
VISUALSTYLE
  5
F3
102
{ACAD_REACTORS
330
EF
102
}
330
EF
100
AcDbVisualStyle
  2
GouraudWithEdges
 70
3
177
3
291
1
 70
58
 90
2
176
1
 90
2
176
1
 90
1
176
1
 90
2
176
1
 40
0.6
176
1
 40
30.0
176
1
 62
7
420
16777215
176
1
 90
1
176
1
 90
0
176
1
 62
7
176
1
 62
257
176
1
 90
1
176
1
 90
1
176
1
 40
1.0
176
1
 90
0
176
1
 62
257
176
1
 40
1.0
176
1
 90
1
176
1
 90
6
176
1
 90
2
176
1
 62
7
176
1
 90
5
176
1
 90
0
176
1
 90
0
176
1
290
0
176
1
 90
13
176
1
 40
0.0
176
1
 90
0
176
1
290
0
176
1
290
1
176
1
290
1
176
1
290
0
176
1
290
0
176
1
290
0
176
1
290
0
176
1
290
0
176
1
290
0
176
1
 90
50
176
1
 40
0.0
176
1
 40
1.0
176
1
 90
0
176
1
 62
18
420
0
176
1
 90
50
176
1
 90
3
176
1
 62
5
420
255
176
1
290
0
176
1
 90
50
176
1
 90
50
176
1
 90
50
176
1
290
0
176
1
 90
50
176
1
 62
256
176
0
 40
1.0
176
0
 90
2
176
1
  1
strokes_ogs.tif
176
1
290
0
176
1
 40
1.0
176
1
 40
1.0
176
1
  0
VISUALSTYLE
  5
F7
102
{ACAD_REACTORS
330
EF
102
}
330
EF
100
AcDbVisualStyle
  2
Hidden
 70
6
177
3
291
0
 70
58
 90
1
176
1
 90
2
176
1
 90
2
176
1
 90
0
176
1
 40
0.6
176
1
 40
30.0
176
1
 62
7
420
16777215
176
1
 90
2
176
1
 90
2
176
1
 62
7
176
1
 62
257
176
1
 90
2
176
1
 90
1
176
1
 40
40.0
176
1
 90
0
176
1
 62
257
176
1
 40
1.0
176
1
 90
1
176
1
 90
6
176
1
 90
2
176
1
 62
7
176
1
 90
3
176
1
 90
0
176
1
 90
0
176
1
290
0
176
1
 90
1
176
1
 40
0.0
176
1
 90
0
176
1
290
0
176
1
290
1
176
1
290
1
176
1
290
0
176
1
290
0
176
1
290
0
176
1
290
0
176
1
290
0
176
1
290
0
176
1
 90
50
176
1
 40
0.0
176
1
 40
1.0
176
1
 90
0
176
1
 62
18
420
0
176
1
 90
50
176
1
 90
3
176
1
 62
5
420
255
176
1
290
0
176
1
 90
50
176
1
 90
50
176
1
 90
50
176
1
290
0
176
1
 90
50
176
1
 62
256
176
0
 40
1.0
176
0
 90
2
176
1
  1
strokes_ogs.tif
176
1
290
0
176
1
 40
1.0
176
1
 40
1.0
176
1
  0
VISUALSTYLE
  5
1E4
102
{ACAD_REACTORS
330
EF
102
}
330
EF
100
AcDbVisualStyle
  2
JitterOff
 70
20
177
3
291
1
 70
58
 90
2
176
0
 90
2
176
0
 90
0
176
0
 90
0
176
0
 40
0.6
176
0
 40
30.0
176
0
 62
7
420
16777215
176
0
 90
1
176
0
 90
4
176
0
 62
7
176
0
 62
257
176
0
 90
1
176
0
 90
1
176
0
 40
1.0
176
0
 90
10
176
2
 62
7
176
0
 40
1.0
176
0
 90
1
176
0
 90
6
176
0
 90
2
176
0
 62
7
176
0
 90
5
176
0
 90
0
176
0
 90
0
176
0
290
0
176
0
 90
1
176
0
 40
0.0
176
0
 90
0
176
0
290
0
176
1
290
1
176
1
290
1
176
1
290
0
176
1
290
0
176
1
290
0
176
1
290
0
176
1
290
0
176
1
290
0
176
1
 90
50
176
1
 40
0.0
176
1
 40
1.0
176
1
 90
0
176
1
 62
18
420
0
176
1
 90
50
176
1
 90
3
176
1
 62
5
420
255
176
1
290
0
176
1
 90
50
176
1
 90
50
176
1
 90
50
176
1
290
0
176
1
 90
50
176
1
 62
256
176
0
 40
1.0
176
0
 90
2
176
1
  1
strokes_ogs.tif
176
1
290
0
176
1
 40
1.0
176
1
 40
1.0
176
1
  0
VISUALSTYLE
  5
FD
102
{ACAD_REACTORS
330
EF
102
}
330
EF
100
AcDbVisualStyle
  2
Linepattern
 70
14
177
3
291
1
 70
58
 90
2
176
1
 90
2
176
1
 90
1
176
1
 90
0
176
1
 40
0.6
176
1
 40
30.0
176
1
 62
7
420
16777215
176
1
 90
1
176
1
 90
4
176
1
 62
7
176
1
 62
257
176
1
 90
7
176
1
 90
7
176
1
 40
1.0
176
1
 90
8
176
1
 62
7
176
1
 40
1.0
176
1
 90
1
176
1
 90
6
176
1
 90
2
176
1
 62
7
176
1
 90
5
176
1
 90
0
176
1
 90
0
176
1
290
0
176
1
 90
1
176
1
 40
0.0
176
1
 90
0
176
1
290
0
176
1
290
1
176
1
290
1
176
1
290
0
176
1
290
0
176
1
290
0
176
1
290
0
176
1
290
0
176
1
290
0
176
1
 90
50
176
1
 40
0.0
176
1
 40
1.0
176
1
 90
0
176
1
 62
18
420
0
176
1
 90
50
176
1
 90
3
176
1
 62
5
420
255
176
1
290
0
176
1
 90
50
176
1
 90
50
176
1
 90
50
176
1
290
0
176
1
 90
50
176
1
 62
256
176
0
 40
1.0
176
0
 90
2
176
1
  1
strokes_ogs.tif
176
1
290
0
176
1
 40
1.0
176
1
 40
1.0
176
1
  0
VISUALSTYLE
  5
1E5
102
{ACAD_REACTORS
330
EF
102
}
330
EF
100
AcDbVisualStyle
  2
OverhangOff
 70
21
177
3
291
1
 70
58
 90
2
176
0
 90
2
176
0
 90
0
176
0
 90
0
176
0
 40
0.6
176
0
 40
30.0
176
0
 62
7
420
16777215
176
0
 90
1
176
0
 90
4
176
0
 62
7
176
0
 62
257
176
0
 90
1
176
0
 90
1
176
0
 40
1.0
176
0
 90
9
176
2
 62
7
176
0
 40
1.0
176
0
 90
1
176
0
 90
6
176
0
 90
2
176
0
 62
7
176
0
 90
5
176
0
 90
0
176
0
 90
0
176
0
290
0
176
0
 90
1
176
0
 40
0.0
176
0
 90
0
176
0
290
0
176
1
290
1
176
1
290
1
176
1
290
0
176
1
290
0
176
1
290
0
176
1
290
0
176
1
290
0
176
1
290
0
176
1
 90
50
176
1
 40
0.0
176
1
 40
1.0
176
1
 90
0
176
1
 62
18
420
0
176
1
 90
50
176
1
 90
3
176
1
 62
5
420
255
176
1
290
0
176
1
 90
50
176
1
 90
50
176
1
 90
50
176
1
290
0
176
1
 90
50
176
1
 62
256
176
0
 40
1.0
176
0
 90
2
176
1
  1
strokes_ogs.tif
176
1
290
0
176
1
 40
1.0
176
1
 40
1.0
176
1
  0
VISUALSTYLE
  5
F9
102
{ACAD_REACTORS
330
EF
102
}
330
EF
100
AcDbVisualStyle
  2
Realistic
 70
8
177
3
291
0
 70
58
 90
2
176
1
 90
3
176
1
 90
0
176
1
 90
2
176
1
 40
0.6
176
1
 40
30.0
176
1
 62
7
420
16777215
176
1
 90
0
176
1
 90
0
176
1
 62
7
176
1
 62
257
176
1
 90
1
176
1
 90
1
176
1
 40
1.0
176
1
 90
8
176
1
 62
257
176
1
 40
1.0
176
1
 90
1
176
1
 90
6
176
1
 90
2
176
1
 62
7
176
1
 90
3
176
1
 90
0
176
1
 90
0
176
1
290
0
176
1
 90
13
176
1
 40
0.0
176
1
 90
0
176
1
290
0
176
1
290
1
176
1
290
1
176
1
290
0
176
1
290
0
176
1
290
0
176
1
290
0
176
1
290
0
176
1
290
0
176
1
 90
50
176
1
 40
0.0
176
1
 40
1.0
176
1
 90
0
176
1
 62
18
420
0
176
1
 90
50
176
1
 90
3
176
1
 62
5
420
255
176
1
290
0
176
1
 90
50
176
1
 90
50
176
1
 90
50
176
1
290
0
176
1
 90
50
176
1
 62
256
176
0
 40
1.0
176
0
 90
2
176
1
  1
strokes_ogs.tif
176
1
290
0
176
1
 40
1.0
176
1
 40
1.0
176
1
  0
VISUALSTYLE
  5
1F3
102
{ACAD_REACTORS
330
EF
102
}
330
EF
100
AcDbVisualStyle
  2
Shaded
 70
27
177
3
291
0
 70
58
 90
2
176
1
 90
2
176
1
 90
1
176
1
 90
2
176
1
 40
0.6
176
1
 40
30.0
176
1
 62
7
420
16777215
176
1
 90
0
176
1
 90
4
176
1
 62
7
176
1
 62
257
176
1
 90
1
176
1
 90
1
176
1
 40
1.0
176
1
 90
8
176
1
 62
257
176
1
 40
1.0
176
1
 90
1
176
1
 90
6
176
1
 90
2
176
1
 62
8
420
7895160
176
1
 90
3
176
1
 90
0
176
1
 90
0
176
1
290
0
176
1
 90
5
176
1
 40
0.0
176
1
 90
0
176
1
290
0
176
1
290
1
176
1
290
1
176
1
290
0
176
1
290
0
176
1
290
0
176
1
290
0
176
1
290
0
176
1
290
0
176
1
 90
50
176
1
 40
0.0
176
1
 40
1.0
176
1
 90
0
176
1
 62
18
420
0
176
1
 90
50
176
1
 90
3
176
1
 62
5
420
255
176
1
290
0
176
1
 90
50
176
1
 90
50
176
1
 90
50
176
1
290
0
176
1
 90
50
176
1
 62
256
176
0
 40
1.0
176
0
 90
2
176
1
  1
strokes_ogs.tif
176
1
290
0
176
1
 40
1.0
176
1
 40
1.0
176
1
  0
VISUALSTYLE
  5
1F2
102
{ACAD_REACTORS
330
EF
102
}
330
EF
100
AcDbVisualStyle
  2
Shaded with edges
 70
26
177
3
291
0
 70
58
 90
2
176
1
 90
2
176
1
 90
1
176
1
 90
2
176
1
 40
0.6
176
1
 40
30.0
176
1
 62
7
420
16777215
176
1
 90
1
176
1
 90
2
176
1
 62
7
176
1
 62
257
176
1
 90
2
176
1
 90
1
176
1
 40
1.0
176
1
 90
8
176
1
 62
257
176
1
 40
1.0
176
1
 90
1
176
1
 90
6
176
1
 90
2
176
1
 62
7
176
1
 90
3
176
1
 90
0
176
1
 90
0
176
1
290
0
176
1
 90
5
176
1
 40
0.0
176
1
 90
0
176
1
290
0
176
1
290
1
176
1
290
1
176
1
290
0
176
1
290
0
176
1
290
0
176
1
290
0
176
1
290
0
176
1
290
0
176
1
 90
50
176
1
 40
0.0
176
1
 40
1.0
176
1
 90
0
176
1
 62
18
420
0
176
1
 90
50
176
1
 90
3
176
1
 62
5
420
255
176
1
290
0
176
1
 90
50
176
1
 90
50
176
1
 90
50
176
1
290
0
176
1
 90
50
176
1
 62
256
176
0
 40
1.0
176
0
 90
2
176
1
  1
strokes_ogs.tif
176
1
290
0
176
1
 40
1.0
176
1
 40
1.0
176
1
  0
VISUALSTYLE
  5
1EF
102
{ACAD_REACTORS
330
EF
102
}
330
EF
100
AcDbVisualStyle
  2
Shades of Gray
 70
23
177
3
291
0
 70
58
 90
2
176
1
 90
2
176
1
 90
3
176
1
 90
0
176
1
 40
0.6
176
1
 40
30.0
176
1
 62
7
420
16777215
176
1
 90
2
176
1
 90
2
176
1
 62
7
176
1
 62
7
176
1
 90
1
176
1
 90
1
176
1
 40
40.0
176
1
 90
8
176
1
 62
7
176
1
 40
1.0
176
1
 90
1
176
1
 90
6
176
1
 90
2
176
1
 62
7
176
1
 90
3
176
1
 90
0
176
1
 90
0
176
1
290
0
176
1
 90
1
176
1
 40
0.0
176
1
 90
0
176
1
290
0
176
1
290
1
176
1
290
1
176
1
290
0
176
1
290
0
176
1
290
0
176
1
290
0
176
1
290
0
176
1
290
0
176
1
 90
50
176
1
 40
0.0
176
1
 40
1.0
176
1
 90
0
176
1
 62
18
420
0
176
1
 90
50
176
1
 90
3
176
1
 62
5
420
255
176
1
290
0
176
1
 90
50
176
1
 90
50
176
1
 90
50
176
1
290
0
176
1
 90
50
176
1
 62
256
176
0
 40
1.0
176
0
 90
2
176
1
  1
strokes_ogs.tif
176
1
290
0
176
1
 40
1.0
176
1
 40
1.0
176
1
  0
VISUALSTYLE
  5
1F0
102
{ACAD_REACTORS
330
EF
102
}
330
EF
100
AcDbVisualStyle
  2
Sketchy
 70
24
177
3
291
0
 70
58
 90
1
176
1
 90
2
176
1
 90
2
176
1
 90
0
176
1
 40
0.6
176
1
 40
30.0
176
1
 62
7
420
16777215
176
1
 90
2
176
1
 90
2
176
1
 62
7
176
1
 62
7
176
1
 90
1
176
1
 90
1
176
1
 40
40.0
176
1
 90
11
176
1
 62
7
176
1
 40
1.0
176
1
 90
1
176
1
 90
6
176
1
 90
2
176
1
 62
7
176
1
 90
6
176
1
 90
0
176
1
 90
0
176
1
290
0
176
1
 90
1
176
1
 40
0.0
176
1
 90
0
176
1
290
0
176
1
290
1
176
1
290
1
176
1
290
0
176
1
290
0
176
1
290
0
176
1
290
0
176
1
290
0
176
1
290
0
176
1
 90
50
176
1
 40
0.0
176
1
 40
1.0
176
1
 90
0
176
1
 62
18
420
0
176
1
 90
50
176
1
 90
3
176
1
 62
5
420
255
176
1
290
0
176
1
 90
50
176
1
 90
50
176
1
 90
50
176
1
290
0
176
1
 90
50
176
1
 62
256
176
0
 40
1.0
176
0
 90
2
176
1
  1
strokes_ogs.tif
176
1
290
0
176
1
 40
1.0
176
1
 40
1.0
176
1
  0
VISUALSTYLE
  5
FC
102
{ACAD_REACTORS
330
EF
102
}
330
EF
100
AcDbVisualStyle
  2
Thicken
 70
13
177
3
291
1
 70
58
 90
2
176
1
 90
2
176
1
 90
1
176
1
 90
0
176
1
 40
0.6
176
1
 40
30.0
176
1
 62
7
420
16777215
176
1
 90
1
176
1
 90
4
176
1
 62
7
176
1
 62
257
176
1
 90
1
176
1
 90
1
176
1
 40
1.0
176
1
 90
12
176
1
 62
7
176
1
 40
1.0
176
1
 90
1
176
1
 90
6
176
1
 90
2
176
1
 62
7
176
1
 90
5
176
1
 90
0
176
1
 90
0
176
1
290
0
176
1
 90
1
176
1
 40
0.0
176
1
 90
0
176
1
290
0
176
1
290
1
176
1
290
1
176
1
290
0
176
1
290
0
176
1
290
0
176
1
290
0
176
1
290
0
176
1
290
0
176
1
 90
50
176
1
 40
0.0
176
1
 40
1.0
176
1
 90
0
176
1
 62
18
420
0
176
1
 90
50
176
1
 90
3
176
1
 62
5
420
255
176
1
290
0
176
1
 90
50
176
1
 90
50
176
1
 90
50
176
1
290
0
176
1
 90
50
176
1
 62
256
176
0
 40
1.0
176
0
 90
2
176
1
  1
strokes_ogs.tif
176
1
290
0
176
1
 40
1.0
176
1
 40
1.0
176
1
  0
VISUALSTYLE
  5
F6
102
{ACAD_REACTORS
330
EF
102
}
330
EF
100
AcDbVisualStyle
  2
Wireframe
 70
5
177
3
291
0
 70
58
 90
0
176
1
 90
2
176
1
 90
0
176
1
 90
0
176
1
 40
0.6
176
1
 40
30.0
176
1
 62
7
420
16777215
176
1
 90
1
176
1
 90
4
176
1
 62
7
176
1
 62
257
176
1
 90
1
176
1
 90
1
176
1
 40
1.0
176
1
 90
0
176
1
 62
257
176
1
 40
1.0
176
1
 90
1
176
1
 90
6
176
1
 90
2
176
1
 62
7
176
1
 90
3
176
1
 90
0
176
1
 90
0
176
1
290
0
176
1
 90
1
176
1
 40
0.0
176
1
 90
0
176
1
290
0
176
1
290
1
176
1
290
1
176
1
290
0
176
1
290
0
176
1
290
0
176
1
290
0
176
1
290
0
176
1
290
0
176
1
 90
50
176
1
 40
0.0
176
1
 40
1.0
176
1
 90
0
176
1
 62
18
420
0
176
1
 90
50
176
1
 90
3
176
1
 62
5
420
255
176
1
290
0
176
1
 90
50
176
1
 90
50
176
1
 90
50
176
1
290
0
176
1
 90
50
176
1
 62
256
176
0
 40
1.0
176
0
 90
2
176
1
  1
strokes_ogs.tif
176
1
290
0
176
1
 40
1.0
176
1
 40
1.0
176
1
  0
VISUALSTYLE
  5
1F1
102
{ACAD_REACTORS
330
EF
102
}
330
EF
100
AcDbVisualStyle
  2
X-Ray
 70
25
177
3
291
0
 70
58
 90
2
176
1
 90
2
176
1
 90
1
176
1
 90
1
176
1
 40
0.5
176
1
 40
30.0
176
1
 62
7
420
16777215
176
1
 90
1
176
1
 90
0
176
1
 62
7
176
1
 62
257
176
1
 90
1
176
1
 90
1
176
1
 40
1.0
176
1
 90
8
176
1
 62
7
176
1
 40
1.0
176
1
 90
1
176
1
 90
6
176
1
 90
2
176
1
 62
7
176
1
 90
3
176
1
 90
0
176
1
 90
0
176
1
290
0
176
1
 90
13
176
1
 40
0.0
176
1
 90
0
176
1
290
0
176
1
290
1
176
1
290
1
176
1
290
0
176
1
290
0
176
1
290
0
176
1
290
0
176
1
290
0
176
1
290
0
176
1
 90
50
176
1
 40
0.0
176
1
 40
1.0
176
1
 90
0
176
1
 62
18
420
0
176
1
 90
50
176
1
 90
3
176
1
 62
5
420
255
176
1
290
0
176
1
 90
50
176
1
 90
50
176
1
 90
50
176
1
290
0
176
1
 90
50
176
1
 62
256
176
0
 40
1.0
176
0
 90
2
176
1
  1
strokes_ogs.tif
176
1
290
0
176
1
 40
1.0
176
1
 40
1.0
176
1
  0
DICTIONARYVAR
  5
146
102
{ACAD_REACTORS
330
5E
102
}
330
5E
100
DictionaryVariables
280
0
  1
1:1
  0
DICTIONARYVAR
  5
259
102
{ACAD_REACTORS
330
5E
102
}
330
5E
100
DictionaryVariables
280
0
  1
3.500000
  0
DICTIONARYVAR
  5
25A
102
{ACAD_REACTORS
330
5E
102
}
330
5E
100
DictionaryVariables
280
0
  1
gcadiso.dwt
  0
DICTIONARYVAR
  5
145
102
{ACAD_REACTORS
330
5E
102
}
330
5E
100
DictionaryVariables
280
0
  1
Standard
  0
DICTIONARYVAR
  5
84
102
{ACAD_REACTORS
330
5E
102
}
330
5E
100
DictionaryVariables
280
0
  1
Standard
  0
DICTIONARYVAR
  5
227
102
{ACAD_REACTORS
330
5E
102
}
330
5E
100
DictionaryVariables
280
0
  1
Metric50
  0
DICTIONARYVAR
  5
228
102
{ACAD_REACTORS
330
5E
102
}
330
5E
100
DictionaryVariables
280
0
  1
Metric50
  0
DICTIONARYVAR
  5
5F
102
{ACAD_REACTORS
330
5E
102
}
330
5E
100
DictionaryVariables
280
0
  1
2
  0
DICTIONARYVAR
  5
63
102
{ACAD_REACTORS
330
5E
102
}
330
5E
100
DictionaryVariables
280
0
  1
1
  0
DICTIONARYVAR
  5
1AE
102
{ACAD_REACTORS
330
5E
102
}
330
5E
100
DictionaryVariables
280
0
  1
0
  0
DICTIONARYVAR
  5
1AF
102
{ACAD_REACTORS
330
5E
102
}
330
5E
100
DictionaryVariables
280
0
  1
0
  0
DICTIONARY
  5
205
330
22
100
AcDbDictionary
280
1
281
1
  0
DICTIONARY
  5
1F9
330
ED
100
AcDbDictionary
280
1
281
1
  3
FBXASSET
360
1FA
  0
DICTIONARY
  5
1F7
330
EC
100
AcDbDictionary
280
1
281
1
  3
FBXASSET
360
1F8
  0
DICTIONARY
  5
173
330
EE
100
AcDbDictionary
280
1
281
1
  3
FBXASSET
360
1FB
  0
DICTIONARY
  5
E21
330
7F
100
AcDbDictionary
280
1
281
1
  3
ACAD_ROUNDTRIP_2008_TABLESTYLE_CELLSTYLEMAP
360
1CD2
  0
XRECORD
  5
1FA
102
{ACAD_REACTORS
330
1F9
102
}
330
1F9
100
AcDbXrecord
280
1
 70
1
 90
429727718
  1
D62C5603-E3A1-4AEA-B7FB-FE5D8D0755AF
310
504B03040A0000080000CC70623B3DEE336E79000000790000001B0000006175746F6465736B2D64657369676E2D7061636B6167652E786D6C3C3F786D6C2076657273696F6E3D22312E302220656E636F64696E673D227574662D3822203F3E3C666F726D6174733E3C666F726D61743E687474703A2F2F736368656D612E
310
6175746F6465736B2E636F6D2F64657369676E2D7061636B6167652F323030393C2F666F726D61743E3C2F666F726D6174733E504B0304140006080800CC70623BD486FD9CA0000000F4000000130000005B436F6E74656E745F54797065735D2E786D6C7D8EC10E82300C865F65E91D8A1E8C310C0EEA1BF002731658846E
310
D98AC1B77784ABF1D8FE5FBFBF75BBCE937A534CCEB38643598122B6FEE978D0B0485F9C41B54DDD7D022595594E1A469170414C76A4D9A4D207E29CF43ECE46F218070CC6BECC4078ACAA135ACF422C856C0E68EA1BF5669944DDD7BCDE7B1F8E415D77AECB980613C2E4AC91FC167A2B244592486606FC29C8FD7F045B9A
310
EF7053A7E60B504B0304140006080800CC70623B853B8169EB0000007C01000008000000636F72652E786D6C8D90416EC3201045AF62CDB6C206821CC7C244919D9CA01740401C94182C03558F5F9C3852BBEB6A467FFE9B197D7EFC9E1EC5975982F5AE035262288C535E5B377690E21535501C055FBC8FBF6C503839990E
310
5619041F179FE64D52DE45E362569DD7661365082642A11EB9E920A89B99642953CC8E702F67A9EE7234257977194EC9EAE275C4EABCCF5EAD5940D4AC6F0E35A568B8F43562CD7046CD199FD07E60174276A7BE677B5EADB0E0D14EEFFB6A31321A0D82627C4084204C3F096B71DD52F6819B16635EADF63F509AF53FA164
310
5DDCD1EDDD17164090FCC8732078B56691CB33A85CD7DCC40F504B0304140006080800CC70623B55019EA25F0000007C00000007000000636E782E786D6C4DCB3B0E80201045D1AD90E915ED2CF8AC45050C11660C8261F98AB1B07AC9C97D42D718D865D3E909258CFD00CCE24AC6E326A164D74DC0B4128928FF32603847
310
2BA13128B1252AC747C6BAB984FC68F0B87FE8960A5C09FE86CFB69FBA01504B0304140006080800CC70623BDBABAAF470010000D40300000C0000006662782F636F72652E786D6CC553D16E823014FD95A6AF4B694182CC941A83FA05FB810A9511A125A5257EFE2E82712ECEB8A7F100CD39F7F69E734AF9FADC366850B6
310
AF8DCE7018308C942E4C59EB2AC3DE1D498AD15A706B8CFB56869196ADCAF00863C12B6B7C374385D14E6907A836A59A41D9F7CA615434B0C8705F7CAA5606D23BA8E84F41278B93AC54100640439DE0BDB320004D43C63716C7C399D30917DCFBBA9CD9BA8469F5B156168B24CED3F7248AC8769F27244EB73B92EED8862C
310
B7F13E0C179B3C8F979C8ECD82BBBABDAA2BAC924E9558448CBD9330242CFA08E3154B5651FCC6D215639C8EE5774DBE2B5F6CF2B5768B68963BB5F5588420E442FC700B1139D4CB01F450C1E918227C2E09DF070D8140C84E1E9AAB8F1340832A9CB13130A5F1376A908D57309505ECF2A0DF179C4E9D30F5B239B87E3823
310
7A79C6F31DE1A8A5AEC08474B03C7837EAE4938639B44E5932B833D2C6B6B279CDC613877FA26EE21F4A2A4C63EC7F29A2F301D1F9F7A0E37D145F504B0304140006080800CC70623B9C113CC27E0000009D0000000B0000006662782F636E782E786D6C4DCCDF0A83201C86E15B91DFB94BFB330DD428C8FB886521330DA7
310
6397BF1A1DECE883878F57749FCDA1B7892F1BBC047A23808C7F84D9FA55424E0BE6803A256208E9EF06C84F9B91703228B1C690F78B66B34CD9A5439DF5CF0BFBF65E35BCA1B8D6A5C6F540381E886698B5741C695F9503EBA150A2F8958E3DC3EA0B504B0304140006080800CC70623B7DF2F77C2A010000120200003100
310
00006662782F41393633353835312D344632462D344230382D423046372D3739314545314133324237412F636F72652E786D6C8D51DB8EC22014FC15C2939B0D2DB4B45643319AE817EC0F6041255A68B86CFCFC856D4D76DF7CE190393373060EDB3DC707F856CE6B6B7A480A0C81328395DA5C7B18C3057510EC3873D686
310
3F34088C18550F330C39BB3A1BA7051AAC09CA84841A2BD5020AEF55806078A44B0FFD7053A328440C89E1EFC52486BBB8AA8214A99D789CF9E05200300FC927E4FB4D5B375D43103D5527440FB843077C5AA3F5861C8F645F5787F59E95B390B318B55CE45AA638FAA2957BD7248B390B7A7CC51F9C124149C82B8C378810
310
84AB2F42B7B8DD56F413775B8C5999E9FF4471926F8AA236A1AE96B8B3CC434E5839373893369E1FAF30EA395917409EB7F26AF8801C171837A4A6AC9C89E9F9C9B1A58BA30FD6A5EF5DDDCF894B9AD9B6A59C957943A9FCAE2FD5BC4DFE03504B0304140006080800CC70623BAD7543B64E01000033030000300000006662
310
782F41393633353835312D344632462D344230382D423046372D3739314545314133324237412F636E782E786D6CD593CD6EC32010845F0571AD6CE3D48AD20813A9873E410FBD12D82434182C7EAAE6EDBB2424CD25871E7B41D6EC30B3FA84F9E67BB2E40B4234DE8DB46F1925E094D7C6ED479AD3AE5951B2113C789FEE
310
6C943839C1488B4C05DF079FE72A69D8C96C13AAD6B8631503449F83828872B949AC57D26200B826A308D316B4064D6E46FCDA41C05550DC9E483A00797BFD207EFB092A45DE9514C1BBD22178396BD39D891265658C238DEA00936C654E5E433CB65A26D9F6EDB5EBC14EBF49A45CB856E66048291F6939A9A81BB5C89177
310
38143CA680F4AA299D66A042CEB3354A2684DC9D8D178FE0D9B8B41CAAD720F880EE7EF93C0C18769E099ECC04D5A102C8049A8A05632F4DDF376CF1DE0F6BB65C2F8627B65A33C6BB62177CEBBDAD973006829F89F22E814B54F4BC2BE347F8AA8F681390B50FA73F804400B5F542E796F19FF974E7F78DB802FE05E20750
310
4B0304140006080800CC70623BE75B7789680500003C100000340000006662782F41393633353835312D344632462D344230382D423046372D3739314545314133324237412F6F626A656374732E786D6CAD575B8F9B3818FD2B887D06C22499CB8AA1CA655245D5B455A356FB305264C061D8018C6C3393D95FBFC7600890
310
A4CD5EF210B0B1BFEBF98E3F7B1FF6596ABC522E1296DF9BAE3D320D9A872C4AF2F8DE2CE5CEBA358D0FBEC719939D65A691938CDE9B6ADAF4BD98B3B2D05311DD91329583D9D5FC0F438434A7A611A644887B5384CF34233629258BA878B12322891DEFF6B66BD70BFB62634E8AE781D082709A4B588AF91C528CDA28B73F
310
1C998EEF39EABBEFA97FBD6A7C7E9553F9D3D79FE442923C3C523610337627CB87ABE99D359D4CC6D6E4FACAB5E6ABF9D2726FC6A3C5F56271377BB88362213924694B38DD99FE47C48627A1E7D49F5A8BB5E1A74C0A599ED3B0F21F1E56366B89112D681E218F0915D0D6F17AD41FBA2A369DCF6335D62ABBD39779D5DDD1
310
11D4D8DE3CBB96B2E04FB8202E41051754A1AA8E8F76B4C6DFE810B580B1547F4B84911149794252234D024EF8BBE963A95AE27B3D310A9D5C215C7960FAEE415ED75694C6AFB17BCACA5D99A60A9AA65F217B0BFC53292ACB92BF283FAD0D3621576592CB5BED907C2FA8E9DF794E35E97BEA31BED21FEB401ABB94C44839
310
DCACBF0E1C5DA8DA5B2F4DFFD32AD86F543D9E565E7056502E157C00AD2671CD534549AB752FCA9CDA00677A313F04E51B22FF19E57B300579E3C97EB29F682D92935CEC18CF901B7B54FD8C51F362B56FC72FE0B3C1EAE335EDCCBF5AEC39ADB17DC238973F804BA5E6F6BFE7AF1FB32E523BE9F3BD571418E3631DCA4D48
310
5250CF639223210A9446CA30052EDF057BD35F8329C1ECD84552BF0DC8D18BE7BCE23BFE6BD960AB4A7DE79923A103BEBD80F911CBAA2C60DB19B01CF164A5583B772EE6D3FFA56666CBCDA74DC97724A48F9A58967497E489C4D979006FD7A05E227A1EBDD0F737C623387A9C844D3709995625106D157315F8B8392CD4E0
310
A0B9A720C4BE9829CEF37EA1E13111214D53925356365ADA634861B52519DD27A00AEB808EAF0628E6F435519D446F45CF2C9CF5214F0A15B2F6D06B79DA3EE3CBF7F56780D2F4E7EF73A0F5E5B02A38D07DC852C6B7C1FBB6664213E0C39E3EBA7FF4E1AD23EA2829407C85E586727488B751B2DB9502BC7B228A3FD68B6E
310
A65A22397E690AA8D158D7E404EC8CDA235CC3B7D1898680131CEC2CDF2638C65196279577750F15884AEE19F94199155B92B13297978469D4F8D358DF0AEF7631E28DC8F0D9F437D5D39A83B2231A1D52D543813A824EF8D44BCFF2FA6A31BD1E8DAD87F1CCB526B3879935BF59CDADD5C37479BB1CDD4CA7B3556B516589
310
EF352754B706114D9C885EC9131DE6EFEB43D99AFE2391C2F958179413D7CFEF6B1B6DB1E7600F00DE6E5C67454A339A4BA2E0FBA85ED26F045D454F463DBFCE484C2F90F2E5E3666003662ED8F755951A7D1BECD5B30B550B2785C8E7320B7292A4838DDA71BBC863ED7613CAF659337A3354231D4FF4A182A54904C2898C
310
98B28C4AD0CE056CCF332A80986E571EE9DBC305BB5FEB7E509220A58D25CF042D712A806AC0AD0C657FDEF80D2D9CEAA2EE4D1C76F60BFE74219A06527D6F82DF6412526107381E55E353090704D085B52408A8913C4ED159D79BDA71BB4BC506F4831350EB6F975CD22D69BF7AC49B91A2C0A9DDA3D5CA36AD20FC478E37
310
E61844E2352865EBCB61A275A65283CAAA9DD27703B4102F5AF51EF5F573B75CBB5AD38BC845F7A49F82A0966A49C2E3EA5EA0ECD326CD965F1DB402C6FA8B51A4658C5C5E2EC9E214602E55810345408596591009A82E7E7FFACA19EEA299B14A0081A705CB3296EBC14CDF658DCD336EA6D1136881AAEB87B81AB9EE53D5
310
F5EB8BC8362082DA24122F98680A4E7930C01A0079749CEA14382A0783E5EBA5A10F8C098456A03D6A4AEB6BB881E2513747552A5DB22C7EDAF83BD5528081A365F7FF06504B0304140006080000CC70623B000000000000000000000000350000006662782F41393633353835312D344632462D344230382D423046372D37
310
39314545314133324237412F76657274696365732E62696E504B0304140006080800CC70623BF270F1330600000004000000360000006662782F41393633353835312D344632462D344230382D423046372D3739314545314133324237412F747269616E676C65732E62696E636660600000504B0304140006080000CC7062
310
3B000000000000000000000000370000006662782F41393633353835312D344632462D344230382D423046372D3739314545314133324237412F617474726962757465732E62696E504B0304140006080800CC70623B08DA0BD19000000041010000360000006662782F41393633353835312D344632462D344230382D4230
310
46372D3739314545314133324237412F6469726563746F72792E786D6C858F410AC3201045AF22B36F53E9A60B35CBEEBAE80D244E44489C6234F4F835464A48035D0DF398FF9F8AF63D0E6CC63039F212F8F9020C7D47C6792B21C5FE7403D62A1188E2E60C98D7234A5830286103A55745067B9D86B8A3CF9C7F90C11DE6
310
07FB144396D7B6A82D282E9A152AD114D5EF2CB866EEE831B8EEA07A7BB5A8D7D61A2BAAEB7FD5F70921FF497D00504B0304140006080800CC70623BEDD1DC58FD000000A00100003B0000006662782F41393633353835312D344632462D344230382D423046372D3739314545314133324237412F7265736F75726365732F
310
636F72652E786D6C8D504B6E833010BD0A9A6D65B00922041947112427E8052C33A156828DFCA97AFC9A40A576D7CDCCE87D344F8F9FBFE667F689CE6B6B3A6039850C8DB2A336530731DC4903D95970676DF82583CCC8193B5861107C72362E3BA4AC096842428D1D7107A5F7182053CF7474E0D507CE32973124857FE48B
310
540F3961CEF244279DE03EB81420DB9EAC1384436FA353E879B1B182C7A8C75DA3C7F453DF353A1075D537A7BA6464B8F535A99AE14A9A2BBD90E350DD183B5CFABE3AF262350B1EF4FC9351399401471025A527C218A1E53BAB5A5AB765F5469B96525EACF23FA6B88CFF34456DC2A1DCE36E360F82A5202F42F062ED2BAD
310
579969AFDD8A6F504B010214000A0000080000CC70623B3DEE336E79000000790000001B00000000000000000000000000000000006175746F6465736B2D64657369676E2D7061636B6167652E786D6C504B01021400140006080800CC70623BD486FD9CA0000000F40000001300000000000000000000000000B20000005B
310
436F6E74656E745F54797065735D2E786D6C504B01021400140006080800CC70623B853B8169EB0000007C010000080000000000000000000000000083010000636F72652E786D6C504B01021400140006080800CC70623B55019EA25F0000007C000000070000000000000000000000000094020000636E782E786D6C504B
310
01021400140006080800CC70623BDBABAAF470010000D40300000C00000000000000000000000000180300006662782F636F72652E786D6C504B01021400140006080800CC70623B9C113CC27E0000009D0000000B00000000000000000000000000B20400006662782F636E782E786D6C504B01021400140006080800CC70
310
623B7DF2F77C2A010000120200003100000000000000000000000000590500006662782F41393633353835312D344632462D344230382D423046372D3739314545314133324237412F636F72652E786D6C504B01021400140006080800CC70623BAD7543B64E010000330300003000000000000000000000000000D2060000
310
6662782F41393633353835312D344632462D344230382D423046372D3739314545314133324237412F636E782E786D6C504B01021400140006080800CC70623BE75B7789680500003C10000034000000000000000000000000006E0800006662782F41393633353835312D344632462D344230382D423046372D3739314545
310
314133324237412F6F626A656374732E786D6C504B01021400140006080000CC70623B0000000000000000000000003500000000000000000000000000280E00006662782F41393633353835312D344632462D344230382D423046372D3739314545314133324237412F76657274696365732E62696E504B01021400140006
310
080800CC70623BF270F133060000000400000036000000000000000000000000007B0E00006662782F41393633353835312D344632462D344230382D423046372D3739314545314133324237412F747269616E676C65732E62696E504B01021400140006080000CC70623B0000000000000000000000003700000000000000
310
000000000000D50E00006662782F41393633353835312D344632462D344230382D423046372D3739314545314133324237412F617474726962757465732E62696E504B01021400140006080800CC70623B08DA0BD1900000004101000036000000000000000000000000002A0F00006662782F41393633353835312D344632
310
462D344230382D423046372D3739314545314133324237412F6469726563746F72792E786D6C504B01021400140006080800CC70623BEDD1DC58FD000000A00100003B000000000000000000000000000E1000006662782F41393633353835312D344632462D344230382D423046372D3739314545314133324237412F7265
310
736F75726365732F636F72652E786D6C504B0506000000000E000E0080040000641100000000
  0
XRECORD
  5
1F8
102
{ACAD_REACTORS
330
1F7
102
}
330
1F7
100
AcDbXrecord
280
1
 70
1
 90
429727718
  1
30362254-06B7-45E0-A893-8CFA70E3D6BC
310
504B03040A0000080000CC70623B3DEE336E79000000790000001B0000006175746F6465736B2D64657369676E2D7061636B6167652E786D6C3C3F786D6C2076657273696F6E3D22312E302220656E636F64696E673D227574662D3822203F3E3C666F726D6174733E3C666F726D61743E687474703A2F2F736368656D612E
310
6175746F6465736B2E636F6D2F64657369676E2D7061636B6167652F323030393C2F666F726D61743E3C2F666F726D6174733E504B0304140006080800CC70623BD486FD9CA0000000F4000000130000005B436F6E74656E745F54797065735D2E786D6C7D8EC10E82300C865F65E91D8A1E8C310C0EEA1BF002731658846E
310
D98AC1B77784ABF1D8FE5FBFBF75BBCE937A534CCEB38643598122B6FEE978D0B0485F9C41B54DDD7D022595594E1A469170414C76A4D9A4D207E29CF43ECE46F218070CC6BECC4078ACAA135ACF422C856C0E68EA1BF5669944DDD7BCDE7B1F8E415D77AECB980613C2E4AC91FC167A2B244592486606FC29C8FD7F045B9A
310
EF7053A7E60B504B0304140006080800CC70623B1EC5D7A3EB0000007C01000008000000636F72652E786D6C8D90416EC3201045AF82665B6103C6756C6122AB4D4ED00B204C5C94182C03558F5F9C3852BBEB6A467FFE9B197D71FC9E6FE8CBACC17AD7032D0820E3B41FAD9B7A48F1820F808E52ACDEC75F36404ECDA687
310
4D0629A6D5A76597B477D1B89855E747B38B2A041301E95B6E7A08FAD3CCAA50296647B8168BD2573599823EBB0CA76447F43862C7BCCF5EAC59410E4DDD9C7973C2755553CCCFA4C603E3040F1565ED3B1FDE4E432BCA0D9622DAF9795FAF464533826484B498524CD807E51D79ED187F21878E10516EF63F505AC67F42C9
310
BA58B1FDDD071640D2FCC87D2045B96591CB3DA85CB7DCE40F504B0304140006080800CC70623B55019EA25F0000007C00000007000000636E782E786D6C4DCB3B0E80201045D1AD90E915ED2CF8AC45050C11660C8261F98AB1B07AC9C97D42D718D865D3E909258CFD00CCE24AC6E326A164D74DC0B4128928FF32603847
310
2BA13128B1252AC747C6BAB984FC68F0B87FE8960A5C09FE86CFB69FBA01504B0304140006080800CC70623B8C9102E971010000D40300000C0000006662782F636F72652E786D6CC5535B6E833010BC8AE5DF0A6C08340F1947A84D4ED00B38C6A128602363A31CBFCB234A53A551FA553EC09AD9F5CE8C31DB9E9B1AF5CA
310
7695D1198E428A91D2D214952E33ECDD315861B4E5CC1AE3BE9561A445A3323CC098B3D21ADFCE9034DA29ED00D5A6503328BA4E398C640D8B0C77F253352214DE4145770A5B214FA2546114020D759C75CE8200340D19DE981F0F6746269C33EFAB6266AB02A655C74A59CCF365BADC27CB5D902ED22848F6340DF238A141
310
BE88E2F57B92BFEDF23523433367AE6A2EEAA455C2A902F398D2751045018D3FA264435F3771F242571B4A1919CA6F9A7C5B3CD9E42BED16F12C776AEB308F40C848FC700B1139D4891EF410CEC810227CC6846F8386402064270EF5C5C709A05E49676C024C61FC95EA45ED154CA5211D1FF4FB8291A913A68E9B83EBBB33
310
E2A7673CDE118E5AE8124C0807CB8377834E366998436B950D7A7746DAD846D4CFD978E0F04FD455FC5D49D2D4C6FE9722321F10997F0F32DC47FE05504B0304140006080800CC70623BFFEA85907E0000009D0000000B0000006662782F636E782E786D6C4DCCD10A83201886E15B91FFDC95D95A811AB6F23E625948A6C3
310
E9D8E5AF46073BFAE0E1E365ED67B3E8ADC3CB78C7815C7240DA3DFC64DCC221C519D7805AC182F7F1EF06C88D9BE6703008B6049F9E274D7A1E938DBB5AE3D6131B2589BA0D3D965551E0B2EA732C9B9A624AAEB41E3A557677029960D9AFB4EF11165F504B0304140006080800CC70623B4FEEA4082C0100001202000031
310
0000006662782F39464131463745442D413632322D343644302D413938332D3331353338454246344243312F636F72652E786D6C8D515B6EC32010BC0AE2AB55850DD871ED0813254D72825EC00192A2C460F1A872FC42ED48ED5F7E00CDCECCCEB26C731F6FE05B39AFADE921293004CA082BB5B9F43086336A21D870E6AC
310
0D7F68109861543DCC30E4ECE26C9C164858139409093556AA051CBC570102714B8F1E7AF1A5C6A11862480C7F2DA6415C878B2A4891CA89C7990F2E050073937C42DE1DB7E4F87ED8A36D4329AA9B3D46DBAEAD504556557BD81DEBDD0761E52CE42C462D17B996298E3E6BE59E35C962CE821E1FF18553435012728A7187
310
0841987E927A8D9B35ADDF70BBC6989599FE4F1427F9A4286A132ABAC49D651EF234CD5CE04CDA78BA3DC2A8FB645D00B9DF8B57E215725C60BCA2A463E54C4CE327C7A65E1C7DB02E7DEFCBF594B864C5CA6CDBD49C957943E9FA5D5FBAF336F90F504B0304140006080800CC70623BAD7543B64E01000033030000300000
310
006662782F39464131463745442D413632322D343644302D413938332D3331353338454246344243312F636E782E786D6CD593CD6EC32010845F0571AD6CE3D48AD20813A9873E410FBD12D82434182C7EAAE6EDBB2424CD25871E7B41D6EC30B3FA84F9E67BB2E40B4234DE8DB46F1925E094D7C6ED479AD3AE5951B2113C
310
789FEE6C943839C1488B4C05DF079FE72A69D8C96C13AAD6B8631503449F83828872B949AC57D26200B826A308D316B4064D6E46FCDA41C05550DC9E483A00797BFD207EFB092A45DE9514C1BBD22178396BD39D891265658C238DEA00936C654E5E433CB65A26D9F6EDB5EBC14EBF49A45CB856E66048291F6939A9A81BB5
310
C8917738143CA680F4AA299D66A042CEB3354A2684DC9D8D178FE0D9B8B41CAAD720F880EE7EF93C0C18769E099ECC04D5A102C8049A8A05632F4DDF376CF1DE0F6BB65C2F8627B65A33C6BB62177CEBBDAD973006829F89F22E814B54F4BC2BE347F8AA8F681390B50FA73F804400B5F542E796F19FF974E7F78DB802FE05
310
E207504B0304140006080800CC70623B16AB87BA640500003C100000340000006662782F39464131463745442D413632322D343644302D413938332D3331353338454246344243312F6F626A656374732E786D6CAD575B6FA33818FD2B887DE6924B3BED8A326A92B68A663B534DD4D13E548A0C38942D60649B369D5FBFC7
310
600890A493BDE42160637FD7F31D7FF63E6FB3D478A55C242CBF3247B66B1A340F5994E4F19559CA8D75611A9F7D8F33263BCB4C232719BD32D5B4E97B316765A1A722BA21652A07B3B7B33F0D11D29C9A46981221AE4C113ED38CD8A4942CA2E2C58E882476BCD9DA23BB5ED8171B73523C0F841684D35CC252CCE79062D4
310
468DFA43D7747CCF51DF7D4FFDEB5593E3AB9CCA9FBEFE241792E4E19EB28198C968BAB8199F5D5A67D3E9C49A9E8F47D6EC76B6B0469F26EEFC7C3EBFBCBEB98462213924694B38DD98FE1D62C393D073EA4FADC5DAF04326852CCF6958F90F0F2B9BB5C48816348F90C7840A68EB78EDF68723159BCEE7891A6B95DDE9D3
310
BCEAEEE8086A6C6F9E5D4B59F0175C10A7A0820BAA5055C7473B5AE3CFDD452D602CD5DF12616444529E90D448938013FE6EFA58AA96F85E4F8C42275708571E98FE6827AF6B2B4AE3D7D83D64E5A64C53054DD3AF90BD06FEA9149565C94FCA0F6B834DC85599E4F2423B24DF0B6AFA979E534DFA9E7A4CC6FA631D486393
310
921829879BF5D781A373557BCB85E97FB90DB62B558F8795179C15944B051F40AB495CF35451D26A4727654E6D8033BD98EF82F21D91FF8AF2DD9982BCF1643BDD4EB516C9492E368C67C88DED563FC36D5EACF66DFF057C3658BDBFA69DF9578B3DA735B64F18C7F20770A9D45CFCF7FCF563D6456A277DBEF78A02637CA2
310
43B90A490AEAB94F72244481D24819A6C0E59B606BFA4B3025981DBB48EAB701D97BF19C577CC77F2D1B6C55A9EF3C732474C0B727303F625995056C3B02963D9EAC146BE78EC5FCEC7FA999EBC5EACBAAE41B12D27B4D2C0BBA49F244E2ECDC81B76B502F113D8F5EE8FB1BE3111CDD4FC2AA9B844CAB1288B68AB90A7CDC
310
1C166AB0D3DC5310625FCC14E779BFD0709F8890A629C9292B1B2DED31A4B0DA928CEE135085754027E3018A397D4D5427D15BD1330B677DC8934285AC3DF45A9EB68FF8F2B8FC0A509AFEECFD0FF2DE25CC6047F7214B195F07EFEB9A094D800F7BFAE8FED187B78EA8A3A400F115961BCAD1215E47C966530AF0EE8128FE
310
58CEBB996A8964FFA529A046635D9353B0336A8F700DDF46271A024E70B0B37C9DE01847591E54DED53D54202AB947E4076556AC49C6CA5C9E1226B7F1A7B1BE15DEED62C41B91E1B3E9AFAAA735036547343A925075041DF0A9979E893B391F8FCFA6967B3EFB644DCF6E5CEBFAE272625DCC6FAF3FB93793C5F90CE1EF57
310
407342756B10D1C489E8953CD1617E5CEECAD6F4EF8914CE5D5D504E5C3F1F9736DA62CFC11E00BCDDB8CC8A9466349744C1F75EBDA4DF09BA8A9E8C7A7E9991989E20E5DBDD6A6003664ED8F7A04A8DBE0DF6EAD9B9AA858342E47399053949D2C146EDB85DE4B176BB0965FBAC19BD19AA918E27FA50C1D22402E144464C
310
59462568E704B6E71915404CB72B8FF4EDE184DDAF753F284990D2C6926782963815403548A70C657FDEF80D2D9CEAA2AE4C1C76F60BFE74219A06527D6582DF6412526107381E55E353090704D085B52408D0933C4ED159D79BDA71BB4BC506F4831350EB6F979CD22D69BF7AC49B91A2C0A9DDA3D5CA36AD20FC478E37E6
310
1844E2352865EBCB6EA275A652E3836BE04EFB400BF1A2556F515F1FBB35B2AB35BD889C744FFA1004B5544B121E57F70215746DD2F5E2C1412B602CBF19455AC6C8E5E9922C4E01E65215385004546899059180EAFCF7A707CE7017CD8CDB0410789AB32C63B91E5CEBBBACB17AC6CD347A022D5075FD106377347AAABA7E
310
7D11590744509B44E205134DC1290F06580320F78E537D3D73540E06CB970B431F185308AD40BBD794D6D77003C5A36E8EAA54BA64597CD8F83BD552A080A365F7FF06504B0304140006080000CC70623B000000000000000000000000350000006662782F39464131463745442D413632322D343644302D413938332D3331
310
353338454246344243312F76657274696365732E62696E504B0304140006080800CC70623BF270F1330600000004000000360000006662782F39464131463745442D413632322D343644302D413938332D3331353338454246344243312F747269616E676C65732E62696E636660600000504B0304140006080000CC70623B
310
000000000000000000000000370000006662782F39464131463745442D413632322D343644302D413938332D3331353338454246344243312F617474726962757465732E62696E504B0304140006080800CC70623B08DA0BD19000000041010000360000006662782F39464131463745442D413632322D343644302D413938
310
332D3331353338454246344243312F6469726563746F72792E786D6C858F410AC3201045AF22B36F53E9A60B35CBEEBAE80D244E44489C6234F4F835464A48035D0DF398FF9F8AF63D0E6CC63039F212F8F9020C7D47C6792B21C5FE7403D62A1188E2E60C98D7234A5830286103A55745067B9D86B8A3CF9C7F90C11DE607
310
FB144396D7B6A82D282E9A152AD114D5EF2CB866EEE831B8EEA07A7BB5A8D7D61A2BAAEB7FD5F70921FF497D00504B0304140006080800CC70623B0D6EF93BFE000000A00100003B0000006662782F39464131463745442D413632322D343644302D413938332D3331353338454246344243312F7265736F75726365732F63
310
6F72652E786D6C8D50596E833010BD0A9ADFCA60B334011947A8694ED00B586642AC041B79A97AFC9A40A5F6AF3F33A3B7689E1E3F7DCD8FEC139DD7D6F4C0720A191A65476DA61E62B892236427C19DB5E1970C322367EC618541F0C9D9B8EC90B226A009093576C41D94DE63804C3DD2D18357379C652E63480A7FCF17A9
310
EE72C29CE5894E3AC17D702940B63D59270887DE46A7D0F36263058F518FBB468FE9A7BE6A7420864373B8D4873369AA8691FA421B3294352543C5CAF65C0F6FEF43CB8BD52C78D0F34F46E550061C419494B6843142CB0F5677F4B52BEB177AEC28E5C52AFF638ACBF84F53D42654E51E77B379102C05791282176B5F693D
310
CB4C7BED567C03504B010214000A0000080000CC70623B3DEE336E79000000790000001B00000000000000000000000000000000006175746F6465736B2D64657369676E2D7061636B6167652E786D6C504B01021400140006080800CC70623BD486FD9CA0000000F40000001300000000000000000000000000B20000005B
310
436F6E74656E745F54797065735D2E786D6C504B01021400140006080800CC70623B1EC5D7A3EB0000007C010000080000000000000000000000000083010000636F72652E786D6C504B01021400140006080800CC70623B55019EA25F0000007C000000070000000000000000000000000094020000636E782E786D6C504B
310
01021400140006080800CC70623B8C9102E971010000D40300000C00000000000000000000000000180300006662782F636F72652E786D6C504B01021400140006080800CC70623BFFEA85907E0000009D0000000B00000000000000000000000000B30400006662782F636E782E786D6C504B01021400140006080800CC70
310
623B4FEEA4082C0100001202000031000000000000000000000000005A0500006662782F39464131463745442D413632322D343644302D413938332D3331353338454246344243312F636F72652E786D6C504B01021400140006080800CC70623BAD7543B64E010000330300003000000000000000000000000000D5060000
310
6662782F39464131463745442D413632322D343644302D413938332D3331353338454246344243312F636E782E786D6C504B01021400140006080800CC70623B16AB87BA640500003C1000003400000000000000000000000000710800006662782F39464131463745442D413632322D343644302D413938332D3331353338
310
454246344243312F6F626A656374732E786D6C504B01021400140006080000CC70623B0000000000000000000000003500000000000000000000000000270E00006662782F39464131463745442D413632322D343644302D413938332D3331353338454246344243312F76657274696365732E62696E504B01021400140006
310
080800CC70623BF270F133060000000400000036000000000000000000000000007A0E00006662782F39464131463745442D413632322D343644302D413938332D3331353338454246344243312F747269616E676C65732E62696E504B01021400140006080000CC70623B0000000000000000000000003700000000000000
310
000000000000D40E00006662782F39464131463745442D413632322D343644302D413938332D3331353338454246344243312F617474726962757465732E62696E504B01021400140006080800CC70623B08DA0BD190000000410100003600000000000000000000000000290F00006662782F39464131463745442D413632
310
322D343644302D413938332D3331353338454246344243312F6469726563746F72792E786D6C504B01021400140006080800CC70623B0D6EF93BFE000000A00100003B000000000000000000000000000D1000006662782F39464131463745442D413632322D343644302D413938332D3331353338454246344243312F7265
310
736F75726365732F636F72652E786D6C504B0506000000000E000E0080040000641100000000
  0
XRECORD
  5
1FB
102
{ACAD_REACTORS
330
173
102
}
330
173
100
AcDbXrecord
280
1
 70
0
 90
1673772943
  1
ECE7A1D2-D628-4531-984C-D00F80459256
310
504B03040A0000080000CC70623B3DEE336E79000000790000001B0000006175746F6465736B2D64657369676E2D7061636B6167652E786D6C3C3F786D6C2076657273696F6E3D22312E302220656E636F64696E673D227574662D3822203F3E3C666F726D6174733E3C666F726D61743E687474703A2F2F736368656D612E
310
6175746F6465736B2E636F6D2F64657369676E2D7061636B6167652F323030393C2F666F726D61743E3C2F666F726D6174733E504B0304140006080800CC70623BD486FD9CA0000000F4000000130000005B436F6E74656E745F54797065735D2E786D6C7D8EC10E82300C865F65E91D8A1E8C310C0EEA1BF002731658846E
310
D98AC1B77784ABF1D8FE5FBFBF75BBCE937A534CCEB38643598122B6FEE978D0B0485F9C41B54DDD7D022595594E1A469170414C76A4D9A4D207E29CF43ECE46F218070CC6BECC4078ACAA135ACF422C856C0E68EA1BF5669944DDD7BCDE7B1F8E415D77AECB980613C2E4AC91FC167A2B244592486606FC29C8FD7F045B9A
310
EF7053A7E60B504B0304140006080800CC70623BD9DDAED0EC0000007C01000008000000636F72652E786D6C8D90416EC3201045AF82665B61836D9CD8C2444DD39CA01740405C94182C03558F5F9C3852BBEB6A467FFE9B197D7EF89E6EE8CB2CC17A37002D0820E394D7D68D03A478C17B4007C117EFE32F1B20272733C0
310
2A83E0E3E2D3BC49CABB685CCCAAF3DA6CA20CC14440EA969B0182FA34932C648AD911AEC52CD5558EA6A0CF2EC329598D1E47ACCEFBECC59A050463A7EA5833865FEBDD0E37353BE3EE8DBDE3F6786A48D375FBF6CC78B9C282473B3DEFABC5C86834888A900E538A49F5419B9EB47DD5BC907D4F082F57FB1F28CDFA9F50
310
B22ED6D5F6EE030B20687EE43E10BC5CB3C8E51E54AE6B6EE207504B0304140006080800CC70623B55019EA25F0000007C00000007000000636E782E786D6C4DCB3B0E80201045D1AD90E915ED2CF8AC45050C11660C8261F98AB1B07AC9C97D42D718D865D3E909258CFD00CCE24AC6E326A164D74DC0B4128928FF326038
310
472BA13128B1252AC747C6BAB984FC68F0B87FE8960A5C09FE86CFB69FBA01504B0304140006080800CC70623BA24EB22D72010000D40300000C0000006662782F636F72652E786D6CC5535B6E833010BC8AE5DF0A6C5E49888CA3A6694ED00B38E05014B091B1518EDFE511A5A9D228FD2A1F60CDEC7A67C6986DCE4D8D7A
310
69BA4AAB0C073EC548AA5C17952A33ECECD15B61B4E1CC686DBF9561A44423333CC098B3D268D7CE50AE9595CA02AA74216750749DB418E5352C32DCE59FB211BE70162ABA93DF8AFC244AE9073ED050C759670D0840D390E18DF9F1706664C23973AE2A66B62A605A75ACA4C13C4976E1364A12EF355A2EBD384AF65EFA96
310
BC7B8BED2EA6719AAE16FB8491A199335B351775B991C2CA02F390D2D40B028F861F41BCA68B7518BFD0D59A524686F29B26D7164F36B94AD9289CE54E6D1DE6010819891F6E21228B3AD1831EC219194284CF98F06DD01008846CC5A1BEF83801D4CBDC6A1303536877A57A513B0953A94FC707FDBE6064EA84A9E3E6E0FA
310
EE8CF0E9198F7784A316AA0413C2C2F2E0ECA0934D1AE6D05A69BCDE9E91D2A611F573361E38FC1375157F5752AE6B6DFE4B11990F88CCBF0719EE23FF02504B0304140006080800CC70623B408A7D3B7C0000009D0000000B0000006662782F636E782E786D6C4DCCD10A83201886E15B91FFDC552A92A0064DBC8F581632
310
D3703A76F9ABD1C18E3E78F878E5F0D9027ABBFCF2292AE86E2D20171F69F6715550CB827B40839639A5F2770314A7CD293819B45C73AAFB45B35BA61ACAA1C1C7E7855C58C15BC331339661262CC762340413D68D77DA5B42298546CBE6573AF60CEB2F504B0304140006080800CC70623B449FB9BD290100001202000031
310
0000006662782F36394639363044362D344446342D343946362D394244322D3234314243333846323333332F636F72652E786D6C8D515B6EC32010BC0AE22B55850D98B871848994463E412FE002495162B07854397EA176A4F62F3F2C9A9D991D587EB84F37F0AD7D30CEF6905418026DA553C65E7A98E219ED203808EE9D
310
8B7F6810D871D23D2C3014FCE25D9A57483A1BB58D19B54EE9151C43D0110279CB971E06F9A5A7B11A53CC8C70ADE6515EC78BAE4895DB992778883E0700CB907242D17643D7E2538BD869608875438BBAE38922CAC8F1BDD90DB4691A5E2F42C153326A951B95E398B3D1FE599322163C9AE9115F7A3D46ADA0A018778810
310
84E907617BDCEE297BC5BB3DC6BC2EF47FA234AB2745C9D8D8D035EE220B50105E2F0DC1954B9FB747187D9F9D8FA0CCDB042D5FA0C015C65B42DF78BD10F3F3B363CB56C7109DCFDFBBB97E662ED92EB62D13BC2E1BCAE5777DB9966D8A1F504B0304140006080800CC70623BAD7543B64E01000033030000300000006662
310
782F36394639363044362D344446342D343946362D394244322D3234314243333846323333332F636E782E786D6CD593CD6EC32010845F0571AD6CE3D48AD20813A9873E410FBD12D82434182C7EAAE6EDBB2424CD25871E7B41D6EC30B3FA84F9E67BB2E40B4234DE8DB46F1925E094D7C6ED479AD3AE5951B2113C789FEE
310
6C943839C1488B4C05DF079FE72A69D8C96C13AAD6B8631503449F83828872B949AC57D26200B826A308D316B4064D6E46FCDA41C05550DC9E483A00797BFD207EFB092A45DE9514C1BBD22178396BD39D891265658C238DEA00936C654E5E433CB65A26D9F6EDB5EBC14EBF49A45CB856E66048291F6939A9A81BB5C89177
310
38143CA680F4AA299D66A042CEB3354A2684DC9D8D178FE0D9B8B41CAAD720F880EE7EF93C0C18769E099ECC04D5A102C8049A8A05632F4DDF376CF1DE0F6BB65C2F8627B65A33C6BB62177CEBBDAD973006829F89F22E814B54F4BC2BE347F8AA8F681390B50FA73F804400B5F542E796F19FF974E7F78DB802FE05E20750
310
4B0304140006080800CC70623B8D05915C650500003B100000340000006662782F36394639363044362D344446342D343946362D394244322D3234314243333846323333332F6F626A656374732E786D6CAD575B6FA33814FE2B887D06429276DA1565D4266D158D3A339A6846FB502932E050B66023DB74D2FDF5FB190C01
310
9276B2973C046C8ECFF53B17071F77456EBD502133CEAE6CDF9DD81665314F32965ED995DA3A17B6F5310C04E7AA47665B8C14F4CAD6DB7618A48257A5D94AE89654B91AEDDEDDFC61C998326A5B714EA4BCB265FC440BE2924AF184CA6737218AB8E976E7FA6E4338649B0A523E8D98964450A6A029F619B8588D52FE7039
310
B1BD30F0F4F730D0FF866AF6369557DB33949F31A9088B0F848DD8CCFCF9F2767A76E99CCDE733677E3EF59D9BBB9BA5E37F984D16E78BC5E5F5ED25044B25C0C96822E8D60EEFE11B91C581D77CEA34368A1F5329E68CD1B8B61F16D63A1B8E092D294B10C78C4A48EB593D192E7DED9BDEE7995E1B91FDEDD3ACEA9FE831
310
6A756F9F7D4D79F4274C90A7A04248AA51D5F8C718DAE06FB2F75AC4796EBE65D22A88A22223B995679120E2D50E41AA49C260C046A35368846B0BECD0DFF3EBEB8AD4F835768F69B9ADF25C43D30E6B646F807FAA64AD59F61715C7A54127C4AACA98BA3006A9D792DAE165E0D59B61A01FB3A9F9D838D2DAE62445C86166
310
F37564E842E7DE6A69879FEEA2DD5AE7E371E1A5E025154AC307D06A03D73EB5978C58FFA4C8E9033066E0F3BD53BEC1F39F91BE7B55103791EDE6BBB991A2046172CB4581D8B893FA674DDA17A77B3B7C413D1B511FD2743BFF8A38F03A658705E3ADF8015C3A3417FF3D7E439FF591DA0B5F18BC20C1B8981957AE6392A3
310
F43C640C01D1A0B4728E2DD4F26DB4B3C3152A252A3B4E913CEC1C72F012782FF88EFF8637AA552DBEF76408E8A8DE9E50F9E1CB3A2DA0DB1B6039A893B56063DC5B3E3FFB5F72E67AB9FEB4AEC496C4F4C1149625DD662C53E89D7BF0F6151A046260D1337DFDC94502430F83B0EE07A130A224BCAD7DAE1D9FB6CD422FF6
310
920702629C4BB9AE79C12F243C6432A6794E18E5552BA56B431AAB5D91317302B2B071E86C3A42B1A02F999E24061403B5D0EB639195DA655DD3EBEAB4FB862DDF579F014AD0E73C22F99E28DA57FB98E75C6CA2D74D53086D600F4786E0FE3144B771A8A7B900F03594DB8A633CBC49B2EDB69228BB479CF863B5E807AAAB
310
23872F6DFEB4129B949CA33823F58830E86D65621E10047D9DB34D862E8EAC3C2ABC2F7B2C40D67CDFE01F5545B92105AF983AC54D93D69E56FB8E797F88913F898A9FEC705D3F9D1B54EC8426FB500D40A03BD0119B06E1B95DDC7EB8F6975367793EBD70E66733DFB9BC982F9CE564727731999F5D4ECFCE3B8D6A4DC2A0
310
6D50FD148437D110834A64C6CDDF57FBACB5C307A2A477DFE4939736CFEF2B175371E0E10CF0DD1D5C15654E0BCA14D1E87DD02FF93782A162C0A3D95F1524A52770F972BF1EE9809D13CE7DD599467F8ECE9ADD85CE85A34CD45355448C64F9E8A031DC2D596ACC6E5DD93D9B82DE2EF5CAF81363A8E47996A0DE24564A79
310
4115AACE09C55E14540231FDA13C319787134EBF34E3A022514E5B4D9E0826E25C02D5805B15ABE1BEF51B26383D445DD9E875EE33FE4C22DA16427D65A3BCA92CA6D28DD01DF5DC53330704308475351050232CCD31583787BA75774AFB06E5070DD0C8EF484E19968C5D83BA5B90B244D31E54D55A372320FE4786B7EA58
310
44E135AA5467CB7EA333A61683CC6A8C3257034C10CF46F40EF9F5BE59BE5BD30C3C72D235E95D10345C1D45445A5F0BB47E46A5EBE5570F9380B5FA629579952296A773720405982B9DE04011506178964401AA8BDF1FBF0A8EAB6861DD6580C0E38217056766716DAEB2D6FA0917D3E4116581EADB879C4E7CFFB11EFACD
310
3D641311495D92C8676CB409A72D18610D803CE8A626049E8EC1887CB5B44CC39883690DDA8399B4B9855B481E7D71D4A9D22F96E5BB73BF5793020C02137BF837504B0304140006080000CC70623B000000000000000000000000350000006662782F36394639363044362D344446342D343946362D394244322D32343142
310
43333846323333332F76657274696365732E62696E504B0304140006080800CC70623BF270F1330600000004000000360000006662782F36394639363044362D344446342D343946362D394244322D3234314243333846323333332F747269616E676C65732E62696E636660600000504B0304140006080000CC70623B0000
310
00000000000000000000370000006662782F36394639363044362D344446342D343946362D394244322D3234314243333846323333332F617474726962757465732E62696E504B0304140006080800CC70623B08DA0BD19000000041010000360000006662782F36394639363044362D344446342D343946362D394244322D
310
3234314243333846323333332F6469726563746F72792E786D6C858F410AC3201045AF22B36F53E9A60B35CBEEBAE80D244E44489C6234F4F835464A48035D0DF398FF9F8AF63D0E6CC63039F212F8F9020C7D47C6792B21C5FE7403D62A1188E2E60C98D7234A5830286103A55745067B9D86B8A3CF9C7F90C11DE607FB14
310
4396D7B6A82D282E9A152AD114D5EF2CB866EEE831B8EEA07A7BB5A8D7D61A2BAAEB7FD5F70921FF497D00504B0304140006080800CC70623BCA768048FE000000A00100003B0000006662782F36394639363044362D344446342D343946362D394244322D3234314243333846323333332F7265736F75726365732F636F72
310
652E786D6C8D50596E833010BD0A9ADFCA60D600328E9AA639412F609909B1126CE4A5EAF16B0295DABFFECC8CDEA2797AECF8353F924FB44E193D409E5248504B332A3D0D10FC95B4901C39B3C6F85F3248B49871801506CE266BC2B243D2688FDA47549B11775038871E12F988C7004EDE7016A9083E2ADC3D5D84BC8B09
310
D33C8D74D471E6BC8D0192EDC93A815B742658898E651BCB59086ADC356A8C3FD555A1055ED7E7E254D615792D0F075295F585746FF53B694EE78A565DD736979A65AB9933AFE69F8CD2A2F038022F28ED489E135A7CE4554F9BBEA85E68DB53CAB255FEC71496F19FA6A0B42F8B3DEE6673C0F318E4497096AD7DC5F52C33
310
EEB55BFE0D504B010214000A0000080000CC70623B3DEE336E79000000790000001B00000000000000000000000000000000006175746F6465736B2D64657369676E2D7061636B6167652E786D6C504B01021400140006080800CC70623BD486FD9CA0000000F40000001300000000000000000000000000B20000005B436F
310
6E74656E745F54797065735D2E786D6C504B01021400140006080800CC70623BD9DDAED0EC0000007C010000080000000000000000000000000083010000636F72652E786D6C504B01021400140006080800CC70623B55019EA25F0000007C000000070000000000000000000000000095020000636E782E786D6C504B0102
310
1400140006080800CC70623BA24EB22D72010000D40300000C00000000000000000000000000190300006662782F636F72652E786D6C504B01021400140006080800CC70623B408A7D3B7C0000009D0000000B00000000000000000000000000B50400006662782F636E782E786D6C504B01021400140006080800CC70623B
310
449FB9BD290100001202000031000000000000000000000000005A0500006662782F36394639363044362D344446342D343946362D394244322D3234314243333846323333332F636F72652E786D6C504B01021400140006080800CC70623BAD7543B64E010000330300003000000000000000000000000000D20600006662
310
782F36394639363044362D344446342D343946362D394244322D3234314243333846323333332F636E782E786D6C504B01021400140006080800CC70623B8D05915C650500003B10000034000000000000000000000000006E0800006662782F36394639363044362D344446342D343946362D394244322D32343142433338
310
46323333332F6F626A656374732E786D6C504B01021400140006080000CC70623B0000000000000000000000003500000000000000000000000000250E00006662782F36394639363044362D344446342D343946362D394244322D3234314243333846323333332F76657274696365732E62696E504B010214001400060808
310
00CC70623BF270F13306000000040000003600000000000000000000000000780E00006662782F36394639363044362D344446342D343946362D394244322D3234314243333846323333332F747269616E676C65732E62696E504B01021400140006080000CC70623B00000000000000000000000037000000000000000000
310
00000000D20E00006662782F36394639363044362D344446342D343946362D394244322D3234314243333846323333332F617474726962757465732E62696E504B01021400140006080800CC70623B08DA0BD190000000410100003600000000000000000000000000270F00006662782F36394639363044362D344446342D
310
343946362D394244322D3234314243333846323333332F6469726563746F72792E786D6C504B01021400140006080800CC70623BCA768048FE000000A00100003B000000000000000000000000000B1000006662782F36394639363044362D344446342D343946362D394244322D3234314243333846323333332F7265736F
310
75726365732F636F72652E786D6C504B0506000000000E000E0080040000621100000000
  0
CELLSTYLEMAP
  5
1CD2
102
{ACAD_REACTORS
330
E21
102
}
330
E21
100
AcDbCellStyleMap
 90
3
300
CELLSTYLE
  1
TABLEFORMAT_BEGIN
 90
5
170
1
 91
0
 92
32768
 62
257
 93
1
300
CONTENTFORMAT
  1
CONTENTFORMAT_BEGIN
 90
0
 91
0
 92
512
 93
0
300

 40
0.0
140
1.0
 94
5
 62
0
340
11
144
6.0
309
CONTENTFORMAT_END
171
1
301
MARGIN
  1
CELLMARGIN_BEGIN
 40
1.5
 40
1.5
 40
1.5
 40
1.5
 40
4.5
 40
4.5
309
CELLMARGIN_END
 94
6
 95
1
302
GRIDFORMAT
  1
GRIDFORMAT_BEGIN
 90
0
 91
1
 62
0
 92
-2
340
14
 93
0
 40
1.125
309
GRIDFORMAT_END
 95
2
302
GRIDFORMAT
  1
GRIDFORMAT_BEGIN
 90
0
 91
1
 62
0
 92
-2
340
14
 93
0
 40
1.125
309
GRIDFORMAT_END
 95
4
302
GRIDFORMAT
  1
GRIDFORMAT_BEGIN
 90
0
 91
1
 62
0
 92
-2
340
14
 93
0
 40
1.125
309
GRIDFORMAT_END
 95
8
302
GRIDFORMAT
  1
GRIDFORMAT_BEGIN
 90
0
 91
1
 62
0
 92
-2
340
14
 93
0
 40
1.125
309
GRIDFORMAT_END
 95
16
302
GRIDFORMAT
  1
GRIDFORMAT_BEGIN
 90
0
 91
1
 62
0
 92
-2
340
14
 93
0
 40
1.125
309
GRIDFORMAT_END
 95
32
302
GRIDFORMAT
  1
GRIDFORMAT_BEGIN
 90
0
 91
1
 62
0
 92
-2
340
14
 93
0
 40
1.125
309
GRIDFORMAT_END
309
TABLEFORMAT_END
  1
CELLSTYLE_BEGIN
 90
1
 91
1
300
_TITLE
309
CELLSTYLE_END
300
CELLSTYLE
  1
TABLEFORMAT_BEGIN
 90
5
170
1
 91
0
 92
0
 62
257
 93
1
300
CONTENTFORMAT
  1
CONTENTFORMAT_BEGIN
 90
0
 91
0
 92
512
 93
0
300

 40
0.0
140
1.0
 94
5
 62
0
340
11
144
4.5
309
CONTENTFORMAT_END
171
1
301
MARGIN
  1
CELLMARGIN_BEGIN
 40
1.5
 40
1.5
 40
1.5
 40
1.5
 40
4.5
 40
4.5
309
CELLMARGIN_END
 94
6
 95
1
302
GRIDFORMAT
  1
GRIDFORMAT_BEGIN
 90
0
 91
1
 62
0
 92
-2
340
14
 93
0
 40
1.125
309
GRIDFORMAT_END
 95
2
302
GRIDFORMAT
  1
GRIDFORMAT_BEGIN
 90
0
 91
1
 62
0
 92
-2
340
14
 93
0
 40
1.125
309
GRIDFORMAT_END
 95
4
302
GRIDFORMAT
  1
GRIDFORMAT_BEGIN
 90
0
 91
1
 62
0
 92
-2
340
14
 93
0
 40
1.125
309
GRIDFORMAT_END
 95
8
302
GRIDFORMAT
  1
GRIDFORMAT_BEGIN
 90
0
 91
1
 62
0
 92
-2
340
14
 93
0
 40
1.125
309
GRIDFORMAT_END
 95
16
302
GRIDFORMAT
  1
GRIDFORMAT_BEGIN
 90
0
 91
1
 62
0
 92
-2
340
14
 93
0
 40
1.125
309
GRIDFORMAT_END
 95
32
302
GRIDFORMAT
  1
GRIDFORMAT_BEGIN
 90
0
 91
1
 62
0
 92
-2
340
14
 93
0
 40
1.125
309
GRIDFORMAT_END
309
TABLEFORMAT_END
  1
CELLSTYLE_BEGIN
 90
2
 91
1
300
_HEADER
309
CELLSTYLE_END
300
CELLSTYLE
  1
TABLEFORMAT_BEGIN
 90
5
170
1
 91
0
 92
0
 62
257
 93
1
300
CONTENTFORMAT
  1
CONTENTFORMAT_BEGIN
 90
0
 91
0
 92
512
 93
0
300

 40
0.0
140
1.0
 94
2
 62
0
340
11
144
4.5
309
CONTENTFORMAT_END
171
1
301
MARGIN
  1
CELLMARGIN_BEGIN
 40
1.5
 40
1.5
 40
1.5
 40
1.5
 40
4.5
 40
4.5
309
CELLMARGIN_END
 94
6
 95
1
302
GRIDFORMAT
  1
GRIDFORMAT_BEGIN
 90
0
 91
1
 62
0
 92
-2
340
14
 93
0
 40
1.125
309
GRIDFORMAT_END
 95
2
302
GRIDFORMAT
  1
GRIDFORMAT_BEGIN
 90
0
 91
1
 62
0
 92
-2
340
14
 93
0
 40
1.125
309
GRIDFORMAT_END
 95
4
302
GRIDFORMAT
  1
GRIDFORMAT_BEGIN
 90
0
 91
1
 62
0
 92
-2
340
14
 93
0
 40
1.125
309
GRIDFORMAT_END
 95
8
302
GRIDFORMAT
  1
GRIDFORMAT_BEGIN
 90
0
 91
1
 62
0
 92
-2
340
14
 93
0
 40
1.125
309
GRIDFORMAT_END
 95
16
302
GRIDFORMAT
  1
GRIDFORMAT_BEGIN
 90
0
 91
1
 62
0
 92
-2
340
14
 93
0
 40
1.125
309
GRIDFORMAT_END
 95
32
302
GRIDFORMAT
  1
GRIDFORMAT_BEGIN
 90
0
 91
1
 62
0
 92
-2
340
14
 93
0
 40
1.125
309
GRIDFORMAT_END
309
TABLEFORMAT_END
  1
CELLSTYLE_BEGIN
 90
3
 91
2
300
_DATA
309
CELLSTYLE_END
  0
DICTIONARY
  5
1E26
330
C
100
AcDbDictionary
280
1
281
1
  3
WRITTEN_BY_EZDXF
350
1E27
  0
DICTIONARYVAR
  5
1E27
330
1E26
100
DictionaryVariables
280
0
  1
1.4.4 @ 2026-09-30T16:25:37.269009+00:00
  0
ENDSEC
  0
SECTION
  2
Thumbnail_Data
 90
16364
310
28000000B4000000550000000100080000000000C43B000000000000000000000000000000000000000000000000FF0000FFFF0000FF0000FFFF0000FF000000FF00FF00FFFFFF0080808000C0C0C0000000FF007F7FFF000000CC006666CC00000099004C4C990000007F003F3F7F0000004C0026264C00003FFF007F9FFF
310
000033CC00667FCC00002699004C5F9900001F7F003F4F7F0000134C00262F4C00007FFF007FBFFF000066CC006699CC00004C99004C729900003F7F003F5F7F0000264C0026394C0000BFFF007FDFFF000099CC0066B2CC00007299004C859900005F7F003F6F7F0000394C0026424C0000FFFF007FFFFF0000CCCC0066CC
310
CC00009999004C999900007F7F003F7F7F00004C4C00264C4C0000FFBF007FFFDF0000CC990066CCB200009972004C998500007F5F003F7F6F00004C3900264C420000FF7F007FFFBF0000CC660066CC990000994C004C997200007F3F003F7F5F00004C2600264C390000FF3F007FFF9F0000CC330066CC7F00009926004C
310
995F00007F1F003F7F4F00004C1300264C2F0000FF00007FFF7F0000CC000066CC6600009900004C994C00007F00003F7F3F00004C0000264C26003FFF00009FFF7F0033CC00007FCC6600269900005F994C001F7F00004F7F3F00134C00002F4C26007FFF0000BFFF7F0066CC000099CC66004C99000072994C003F7F0000
310
5F7F3F00264C0000394C2600BFFF0000DFFF7F0099CC0000B2CC66007299000085994C005F7F00006F7F3F00394C0000424C2600FFFF0000FFFF7F00CCCC0000CCCC66009999000099994C007F7F00007F7F3F004C4C00004C4C2600FFBF0000FFDF7F00CC990000CCB266009972000099854C007F5F00007F6F3F004C3900
310
004C422600FF7F0000FFBF7F00CC660000CC996600994C000099724C007F3F00007F5F3F004C2600004C392600FF3F0000FF9F7F00CC330000CC7F660099260000995F4C007F1F00007F4F3F004C1300004C2F2600FF000000FF7F7F00CC000000CC66660099000000994C4C007F0000007F3F3F004C0000004C262600FF00
310
3F00FF7F9F00CC003300CC667F0099002600994C5F007F001F007F3F4F004C0013004C262F00FF007F00FF7FBF00CC006600CC66990099004C00994C72007F003F007F3F5F004C0026004C263900FF00BF00FF7FDF00CC009900CC66B20099007200994C85007F005F007F3F6F004C0039004C264200FF00FF00FF7FFF00CC
310
00CC00CC66CC0099009900994C99007F007F007F3F7F004C004C004C264C00BF00FF00DF7FFF009900CC00B266CC0072009900854C99005F007F006F3F7F0039004C0042264C007F00FF00BF7FFF006600CC009966CC004C009900724C99003F007F005F3F7F0026004C0039264C003F00FF009F7FFF003300CC007F66CC00
310
260099005F4C99001F007F004F3F7F0013004C002F264C00333333005B5B5B0084848400ADADAD00D6D6D600FFFFFF00FAFAFAFAFAFAFAFAFAFAFAFAFAFAFAFAFAFAFAFAFAFAFAFAFAFAFAFAFAFAFAFAFAFAFAFAFAFAFAFAFAFAFAFAFAFAFAFAFAFAFAFAFAFAFAFAFAFAFAFAFAFAFAFAFAFAFAFAFAFAFAFAFAFAFAFAFAFAFA
310
FAFAFAFAFAFAFAFAFAFAFAFAFAFAFAFAFAFAFAFAFAFAFAFAFAFAFAFAFAFAFAFAFAFAFAFAFAFAFAFAFAFAFAFAFAFAFAFAFAFAFAFAFAFAFAFAFAFAFAFAFAFAFAFAFAFAFAFAFAFAFAFAFAFAFAFAFAFAFAFAFAFAFAFAFAFAFAFAFAFAFAFAFAFAFAFAFAFAFAFAFAFAFAFAFAFAFAFAFAFAFAFAFAFAFAFAFAFAFAFAFAFAFAFAFAFAFA
310
FAFAFAFAFAFAFAFAFAFAFAFAFAFAFAFAFAFAFAFAFAFAFAFAFAFAFAFAFAFAFAFAFAFAFAFAFAFAFAFAFAFAFAFAFAFAFAFAFAFAFAFAFAFAFAFAFAFAFAFAFAFAFAFAFAFAFAFAFAFAFAFAFAFAFAFAFAFAFAFAFAFAFAFAFAFAFAFAFAFAFAFAFAFAFAFAFAFAFAFAFAFAFAFAFAFAFAFAFAFAFAFAFAFAFAFAFAFAFAFAFAFAFAFAFAFAFA
310
FAFAFAFAFAFAFAFAFAFAFAFAFAFAFAFAFAFAFAFAFAFAFAFAFAFAFAFAFAFAFAFAFAFAFAFAFAFAFAFAFAFAFAFAFAFAFAFAFAFAFAFAFAFAFAFAFAFAFAFAFAFAFAFAFAFAFAFAFAFAFAFAFAFAFAFAFAFAFAFAFAFAFAFAFAFAFAFAFAFAFAFAFAFAFAFAFAFAFAFAFAFAFAFAFAFAFAFAFAFAFAFAFAFAFAFAFAFAFAFAFAFAFAFAFAFAFA
310
FAFAFAFAFAFAFAFAFAFAFAFAFAFAFAFAFAFAFAFAFAFAFAFAFAFAFAFAFAFAFAFAFAFAFAFAFAFAFAFAFAFAFAFAFAFAFAFAFAFAFAFAFAFAFAFAFAFAFAFAFAFAFAFAFAFAFAFAFAFAFAFAFAFAFAFAFAFAFAFAFAFAFAFAFAFAFAFAFAFAFAFAFAFAFAFAFAFAFAFAFAFAFAFAFAFAFAFAFAFAFAFAFAFAFAFAFAFAFAFAFAFAFAFAFAFAFA
310
FAFAFAFAFAFAFAFAFAFAFAFAFAFAFAFAFAFAFAFAFAFAFAFAFAFAFAFAFAFAFAFAFAFAFAFAFAFAFAFAFAFAFAFAFAFAFAFAFAFAFAFAFAFAFAFAFAFAFAFAFAFAFAFAFAFAFAFAFAFAFAFAFAFAFAFAFAFAFAFAFAFAFAFAFAFAFAFAFAFAFAFAFAFAFAFAFAFAFAFAFAFAFAFAFAFAFAFAFAFAFAFAFAFAFAFAFAFAFAFAFAFAFAFAFAFAFA
310
FAFAFAFAFAFAFAFAFAFAFAFAFAFAFAFAFAFAFAFAFAFAFAFAFAFAFAFAFAFAFAFAFAFAFAFAFAFAFAFAFAFAFAFAFAFAFAFAFAFAFAFAFAFAFAFAFAFAFAFAFAFAFAFAFAFAFAFAFAFAFAFAFAFAFAFAFAFAFAFAFAFAFAFAFAFAFAFAFAFAFAFAFAFAFAFAFAFAFAFAFAFAFAFAFAFAFAFAFAFAFAFAFAFAFAFAFAFAFAFAFAFAFAFAFAFAFA
310
FAFAFAFAFAFAFAFAFAFAFAFAFAFAFAFAFAFAFAFAFAFAFAFAFAFAFAFAFAFAFAFAFAFAFAFAFAFAFAFAFAFAFAFAFAFAFAFAFAFAFAFAFAFAFAFAFAFAFAFAFAFAFAFAFAFAFAFAFAFAFAFAFAFAFAFAFAFAFAFAFAFAFAFAFAFAFAFAFAFAFAFAFAFAFAFAFAFAFAFAFAFAFAFAFAFAFAFAFAFAFAFAFAFAFAFAFAFAFAFAFAFAFAFAFAFAFA
310
FAFAFAFAFAFAFAFAFAFAFAFAFAFAFAFAFAFAFAFAFAFAFAFAFAFAFAFAFAFAFAFAFAFAFAFAFAFAFAFAFAFAFAFAFAFAFAFAFAFAFAFAFAFAFAFAFAFAFAFAFAFAFAFAFAFAFAFAFAFAFAFAFAFAFAFAFAFAFAFAFAFAFAFAFAFAFAFAFAFAFAFAFAFAFAFAFAFAFAFAFAFAFAFAFAFAFAFAFAFAFAFAFAFAFAFAFAFAFAFAFAFAFAFAFAFAFA
310
FAFAFAFAFAFAFAFAFAFAFAFAFAFAFAFAFAFAFAFAFAFAFAFAFAFAFAFAFAFAFAFAFAFAFAFAFAFAFAFAFAFAFAFAFAFAFAFAFAFAFAFAFAFAFAFAFAFAFAFAFAFAFAFAFAFAFAFAFAFAFAFAFAFAFAFAFAFAFAFAFAFAFAFAFAFAFAFAFAFAFAFAFAFAFAFAFAFAFAFAFAFAFAFAFAFAFAFAFAFAFAFAFAFAFAFAFAFAFAFAFAFAFAFAFAFAFA
310
FAFAFAFAFAFAFAFAFAFAFAFAFAFAFAFAFAFAFAFAFAFAFAFAFAFAFAFAFAFAFAFAFAFAFAFAFAFAFAFAFAFAFAFAFAFAFAFAFAFAFAFAFAFAFAFAFAFAFAFAFAFAFAFAFAFAFAFAFAFAFAFAFAFAFAFAFAFAFAFAFAFAFAFAFAFAFAFAFAFAFAFAFAFAFAFAFAFAFAFAFAFAFAFAFAFAFAFAFAFAFAFAFAFAFAFAFAFAFAFAFAFAFAFAFAFAFA
310
FAFAFAFAFAFAFAFAFAFAFAFAFAFAFAFAFAFAFAFAFAFAFAFAFAFAFAFAFAFAFAFAFAFAFAFAFAFAFAFAFAFAFAFAFAFAFAFAFAFAFAFAFAFAFAFAFAFAFAFAFAFAFAFAFAFAFAFAFAFAFAFAFAFAFAFAFAFAFAFAFAFAFAFAFAFAFAFAFAFAFAFAFAFAFAFAFAFAFAFAFAFAFAFAFAFAFAFAFAFAFAFAFAFAFAFAFAFAFAFAFAFAFAFAFAFAFA
310
FAFAFAFAFAFAFAFAFAFAFAFAFAFAFAFAFAFAFAFAFAFAFAFAFAFAFAFAFAFAFAFAFAFAFAFAFAFAFAFAFAFAFAFAFAFAFAFAFAFAFAFAFAFAFAFAFAFAFAFAFAFAFAFAFAFAFAFAFAFAFAFAFAFAFAFAFAFAFAFAFAFAFAFAFAFAFAFAFAFAFAFAFAFAFAFAFAFAFAFAFAFAFAFAFAFAFAFAFAFAFAFAFAFAFAFAFAFAFAFAFAFAFAFAFAFAFA
310
FAFAFAFAFAFAFAFAFAFAFAFAFAFAFAFAFAFAFAFAFAFAFAFAFAFAFAFAFAFAFAFAFAFAFAFAFAFAFAFAFAFAFAFAFAFAFAFAFAFAFAFAFAFAFAFAFAFAFAFAFAFAFAFAFAFAFAFAFAFAFAFAFAFAFAFAFAFAFAFAFAFAFAFAFAFAFAFAFAFAFAFAFAFAFAFAFAFAFAFAFAFAFAFAFAFAFAFAFAFAFAFAFAFAFAFAFAFAFAFAFAFAFAFAFAFAFA
310
FAFAFAFAFAFAFAFAFAFAFAFAFAFAFAFAFAFAFAFAFAFAFAFAFAFAFAFAFAFAFAFAFAFAFAFAFAFAFAFAFAFAFAFAFAFAFAFAFAFAFAFAFAFAFAFAFAFAFAFAFAFAFAFAFAFAFAFAFAFAFAFAFAFAFAFAFAFAFAFAFAFAFAFAFAFAFAFAFAFAFAFAFAFAFAFAFAFAFAFAFAFAFAFAFAFAFAFAFAFAFAFAFAFAFAFAFAFAFAFAFAFAFAFAFAFAFA
310
FAFAFAFAFAFAFAFAFAFAFAFAFAFAFAFAFAFAFAFAFAFAFAFAFAFAFAFAFAFAFAFAFAFAFAFAFAFAFAFAFAFAFAFAFAFAFAFAFAFAFAFAFAFAFAFAFAFAFAFAFAFAFAFAFAFAFAFAFAFAFAFAFAFAFAFAFAFAFAFAFAFAFAFAFAFAFAFAFAFAFAFAFAFAFAFAFAFAFAFAFAFAFAFAFAFAFAFAFAFAFAFAFAFAFAFAFAFAFAFAFAFAFAFAFAFAFA
310
FAFAFAFAFAFAFAFAFAFAFAFAFAFAFAFAFAFAFAFAFAFAFAFAFAFAFAFAFAFAFAFAFAFAFAFAFAFAFAFAFAFAFAFAFAFAFAFAFAFAFAFAFAFAFAFAFAFAFAFAFAFAFAFAFAFAFAFAFAFAFAFAFAFAFAFAFAFAFAFAFAFAFAFAFAFAFAFAFAFAFAFAFAFAFAFAFAFAFAFAFAFAFAFAFAFAFAFAFAFAFAFAFAFAFAFAFAFAFAFAFAFAFAFAFAFAFA
310
FAFAFAFAFAFAFAFAFAFAFAFAFAFAFAFAFAFAFAFAFAFAFAFAFAFAFAFAFAFAFAFAFAFAFAFAFAFAFAFAFAFAFAFAFAFAFAFAFAFAFAFAFAFAFAFAFAFAFAFAFAFAFAFAFAFAFAFAFAFAFAFAFAFAFAFAFAFAFAFAFAFAFAFAFAFAFAFAFAFAFAFAFAFAFAFAFAFAFAFAFAFAFAFAFAFAFAFAFAFAFAFAFAFAFAFAFAFAFAFAFAFAFAFAFAFAFA
310
FAFAFAFAFAFAFAFAFAFAFAFAFAFAFAFAFAFAFAFAFAFAFAFAFAFAFAFAFAFAFAFAFAFAFAFAFAFAFAFAFAFAFAFAFAFAFAFAFAFAFAFAFAFAFAFAFAFAFAFAFAFAFAFAFAFAFAFAFAFAFAFAFAFAFAFAFAFAFAFAFAFAFAFAFAFAFAFAFAFAFAFAFAFAFAFAFAFAFAFAFAFAFAFAFAFAFAFAFAFAFAFAFAFAFAFAFAFAFAFAFAFAFAFAFAFAFA
310
FAFAFAFAFAFAFAFAFAFAFAFAFAFAFAFAFAFAFAFAFAFAFAFAFAFAFAFAFAFAFAFAFAFAFAFAFAFAFAFAFAFAFAFAFAFAFAFAFAFAFAFAFAFAFAFAFAFAFAFAFAFAFAFAFAFAFAFAFAFAFAFAFAFAFAFAFAFAFAFAFAFAFAFAFAFAFAFAFAFAFAFAFAFAFAFAFAFAFAFAFAFAFAFAFAFAFAFAFAFAFAFAFAFAFAFAFAFAFAFAFAFAFAFAFAFAFA
310
FAFAFAFAFAFAFAFAFAFAFAFAFAFAFAFAFAFAFAFAFAFAFAFAFAFAFAFAFAFAFAFAFAFAFAFAFAFAFAFAFAFAFAFAFAFAFAFAFAFAFAFAFAFAFAFAFAFAFAFAFAFAFAFAFAFAFAFAFAFAFAFAFAFAFAFAFAFAFAFAFAFAFAFAFAFAFAFAFAFAFAFAFAFAFAFAFAFAFAFAFAFAFAFAFAFAFAFAFAFAFAFAFAFAFAFAFAFAFAFAFAFAFAFAFAFAFA
310
FAFAFAFAFAFAFAFAFAFAFAFAFAFAFAFAFAFAFAFAFAFAFAFAFAFAFAFAFAFAFAFAFAFAFAFAFAFAFAFAFAFAFAFAFAFAFAFAFAFAFAFAFAFAFAFAFAFAFAFAFAFAFAFAFAFAFAFAFAFAFAFAFAFAFAFAFAFAFAFAFAFAFAFAFAFAFAFAFAFAFAFAFAFAFAFAFAFAFAFAFAFAFAFAFAFAFAFAFAFAFAFAFAFAFAFAFAFAFAFAFAFAFAFAFAFAFA
310
FAFAFAFAFAFAFAFAFAFAFAFAFAFAFAFAFAFAFAFAFAFAFAFAFAFAFAFAFAFAFAFAFAFAFAFAFAFAFAFAFAFAFAFAFAFAFAFAFAFAFAFAFAFAFAFAFAFAFAFAFAFAFAFAFAFAFAFAFAFAFAFAFAFAFAFAFAFAFAFAFAFAFAFAFAFAFAFAFAFAFAFAFAFAFAFAFAFAFAFAFAFAFAFAFAFAFAFAFAFAFAFAFAFAFAFAFAFAFAFAFAFAFAFAFAFAFA
310
FAFAFAFAFAFAFAFAFAFAFAFAFAFAFAFAFAFAFAFAFAFAFAFAFAFAFAFAFAFAFAFAFAFAFAFAFAFAFAFAFAFAFAFAFAFAFAFAFAFAFAFAFAFAFAFAFAFAFAFAFAFAFAFAFAFAFAFAFAFAFAFAFAFAFAFAFAFAFAFAFAFAFAFAFAFAFAFAFAFAFAFAFAFAFAFAFAFAFAFAFAFAFAFAFAFAFAFAFAFAFAFAFAFAFAFAFAFAFAFAFAFAFAFAFAFAFA
310
FAFAFAFAFAFAFAFAFAFAFAFAFAFAFAFAFAFAFAFAFAFAFAFAFAFAFAFAFAFAFAFAFAFAFAFAFAFAFAFAFAFAFAFAFAFAFAFAFAFAFAFAFAFAFAFAFAFAFAFAFAFAFAFAFAFAFAFAFAFAFAFAFAFAFAFAFAFAFAFAFAFAFAFAFAFAFAFAFAFAFAFAFAFAFAFAFAFAFAFAFAFAFAFAFAFAFAFAFAFAFAFAFAFAFAFAFAFAFAFAFAFAFAFAFAFAFA
310
FAFAFAFAFAFAFAFAFAFAFAFAFAFAFAFAFAFAFAFAFAFAFAFAFAFAFAFAFAFAFAFAFAFAFAFAFAFAFAFAFAFAFAFAFAFAFAFAFAFAFAFAFAFAFAFAFAFAFAFAFAFAFAFAFAFAFAFAFAFAFAFAFAFAFAFAFAFAFAFAFAFAFAFAFAFAFAFAFAFAFAFAFAFAFAFAFAFAFAFAFAFAFAFAFAFAFAFAFAFAFAFAFAFAFAFAFAFAFAFAFAFAFAFAFAFAFA
310
FAFAFAFAFAFAFAFAFAFAFAFAFAFAFAFAFAFAFAFAFAFAFAFAFAFAFAFAFAFAFAFAFAFAFAFAFAFAFAFAFAFAFAFAFAFAFAFAFAFAFAFAFAFAFAFAFAFAFAFAFAFAFAFAFAFAFAFAFAFAFAFAFAFAFAFAFAFAFAFAFAFAFAFAFAFAFAFAFAFAFAFAFAFAFAFAFAFAFAFAFAFAFAFAFAFAFAFAFAFAFAFAFAFAFAFAFAFAFAFAFAFAFAFAFAFAFA
310
FAFAFAFAFAFAFAFAFAFAFAFAFAFAFAFAFAFAFAFAFAFAFAFAFAFAFAFAFAFAFAFAFAFAFAFAFAFAFAFAFAFAFAFAFAFAFAFAFAFAFAFAFAFAFAFAFAFAFAFAFAFAFAFAFAFAFAFAFAFAFAFAFAFAFAFAFAFAFAFAFAFAFAFAFAFAFAFAFAFAFAFAFAFAFAFAFAFAFAFAFAFAFAFAFAFAFAFAFAFAFAFAFAFAFAFAFAFAFAFAFAFAFAFAFAFAFA
310
FAFAFAFAFAFAFAFAFAFAFAFAFAFAFAFAFAFAFAFAFAFAFAFAFAFAFAFAFAFAFAFAFAFAFAFAFAFAFAFAFAFAFAFAFAFAFAFAFAFAFAFAFAFAFAFAFAFAFAFAFAFAFAFAFAFAFAFAFAFAFAFAFAFAFAFAFAFAFAFAFAFAFAFAFAFAFAFAFAFAFAFAFAFAFAFAFAFAFAFAFAFAFAFAFAFAFAFAFAFAFAFAFAFAFAFAFAFAFAFAFAFAFAFAFAFAFA
310
FAFAFAFAFAFAFAFAFAFAFAFAFAFAFAFAFAFAFAFAFAFAFAFAFAFAFAFAFAFAFAFAFAFAFAFAFAFAFAFAFAFAFAFAFAFAFAFAFAFAFAFAFAFAFAFAFAFAFAFAFAFAFAFAFAFAFAFAFAFAFAFAFAFAFAFAFAFAFAFAFAFAFAFAFAFAFAFAFAFAFAFAFAFAFAFAFAFAFAFAFAFAFAFAFAFAFAFAFAFAFAFAFAFAFAFAFAFAFAFAFAFAFAFAFAFAFA
310
FAFAFAFAFAFAFAFAFAFAFAFAFAFAFAFAFAFAFAFAFAFAFAFAFAFAFAFAFAFAFAFAFAFAFAFAFAFAFAFAFAFAFAFAFAFAFAFAFAFAFAFAFAFAFAFAFAFAFAFAFAFAFAFAFAFAFAFAFAFAFAFAFAFAFAFAFAFAFAFAFAFAFAFAFAFAFAFAFAFAFAFAFAFAFAFAFAFAFAFAFAFAFAFAFAFAFAFAFAFAFAFAFAFAFAFAFAFAFAFAFAFAFAFAFAFAFA
310
FAFAFAFAFAFAFAFAFAFAFAFAFAFAFAFAFAFAFAFAFAFAFAFAFAFAFAFAFAFAFAFAFAFAFAFAFAFAFAFAFAFAFAFAFAFAFAFAFAFAFAFAFAFAFAFAFAFAFAFAFAFAFAFAFAFAFAFAFAFAFAFAFAFAFAFAFAFAFAFAFAFAFAFAFAFAFAFAFAFAFAFAFAFAFAFAFAFAFAFAFAFAFAFAFAFAFAFAFAFAFAFAFAFAFAFAFAFAFAFAFAFAFAFAFAFAFA
310
FAFAFAFAFAFAFAFAFAFAFAFAFAFAFAFAFAFAFAFAFAFAFAFAFAFAFAFAFAFAFAFAFAFAFAFAFAFAFAFAFAFAFAFAFAFAFAFAFAFAFAFAFAFAFAFAFAFAFAFAFAFAFAFAFAFAFAFAFAFAFAFAFAFAFAFAFAFAFAFAFAFAFAFAFAFAFAFAFAFAFAFAFAFAFAFAFAFAFAFAFAFAFAFAFAFAFAFAFAFAFAFAFAFAFAFAFAFAFAFAFAFAFAFAFAFAFA
310
FAFAFAFAFAFAFAFAFAFAFAFAFAFAFAFAFAFAFAFAFAFAFAFAFAFAFAFAFAFAFAFAFAFAFAFAFAFAFAFAFAFAFAFAFAFAFAFAFAFAFAFAFAFAFAFAFAFAFAFAFAFAFAFAFAFAFAFAFAFAFAFAFAFAFAFAFAFAFAFAFAFAFAFAFAFAFAFAFAFAFAFAFAFAFAFAFAFAFAFAFAFAFAFAFAFAFAFAFAFAFAFAFAFAFAFAFAFAFAFAFAFAFAFAFAFAFA
310
FAFAFAFAFAFAFAFAFAFAFAFAFAFAFAFAFAFAFAFAFAFAFAFAFAFAFAFAFAFAFAFAFAFAFAFAFAFAFAFAFAFAFAFAFAFAFAFAFAFAFAFAFAFAFAFAFAFAFAFAFAFAFAFAFAFAFAFAFAFAFAFAFAFAFAFAFAFAFAFAFAFAFAFAFAFAFAFAFAFAFAFAFAFAFAFAFAFAFAFAFAFAFAFAFAFAFAFAFAFAFAFAFAFAFAFAFAFAFAFAFAFAFAFAFAFAFA
310
FAFAFAFAFAFAFAFAFAFAFAFAFAFAFAFAFAFAFAFAFAFAFAFAFAFAFAFAFAFAFAFAFAFAFAFAFAFAFAFAFAFAFAFAFAFAFAFAFAFAFAFAFAFAFAFAFAFAFAFAFAFAFAFAFAFAFAFAFAFAFAFAFAFAFAFAFAFAFAFAFAFAFAFAFAFAFAFAFAFAFAFAFAFAFAFAFAFAFAFAFAFAFAFAFAFAFAFAFAFAFAFAFAFAFAFAFAFAFAFAFAFAFAFAFAFAFA
310
FAFAFAFAFAFAFAFAFAFAFAFAFAFAFAFAFAFAFAFAFAFAFAFAFAFAFAFAFAFAFAFAFAFAFAFAFAFAFAFAFAFAFAFAFAFAFAFAFAFAFAFAFAFAFAFAFAFAFAFAFAFAFAFAFAFAFAFAFAFAFAFAFAFAFAFAFAFAFAFAFAFAFAFAFAFAFAFAFAFAFAFAFAFAFAFAFAFAFAFAFAFAFAFAFAFAFAFAFAFAFAFAFAFAFAFAFAFAFAFAFAFAFAFAFAFAFA
310
FAFAFAFAFAFAFAFAFAFAFAFAFAFAFAFAFAFAFAFAFAFAFAFAFAFAFAFAFAFAFAFAFAFAFAFAFAFAFAFAFAFAFAFAFAFAFAFAFAFAFAFAFAFAFAFAFAFAFAFAFAFAFAFAFAFAFAFAFAFAFAFAFAFAFAFAFAFAFAFAFAFAFAFAFAFAFAFAFAFAFAFAFAFAFAFAFAFAFAFAFAFAFAFAFAFAFAFAFAFAFAFAFAFAFAFAFAFAFAFAFAFAFAFAFAFAFA
310
FAFAFAFAFAFAFAFAFAFAFAFAFAFAFAFAFAFAFAFAFAFAFAFAFAFAFAFAFAFAFAFAFAFAFAFAFAFAFAFAFAFAFAFAFAFAFAFAFAFAFAFAFAFAFAFAFAFAFAFAFAFAFAFAFAFAFAFAFAFAFAFAFAFAFAFAFAFAFAFAFAFAFAFAFAFAFAFAFAFAFAFAFAFAFAFAFAFAFAFAFAFAFAFAFAFAFAFAFAFAFAFAFAFAFAFAFAFAFAFAFAFAFAFAFAFAFA
310
FAFAFAFAFAFAFAFAFAFAFAFAFAFAFAFAFAFAFAFAFAFAFAFAFAFAFAFAFAFAFAFAFAFAFAFAFAFAFAFAFAFAFAFAFAFAFAFAFAFAFAFAFAFAFAFAFAFAFAFAFAFAFAFAFAFAFAFAFAFAFAFAFAFAFAFAFAFAFAFAFAFAFAFAFAFAFAFAFAFAFAFAFAFAFAFAFAFAFAFAFAFAFAFAFAFAFAFAFAFAFAFAFAFAFAFAFAFAFAFAFAFAFAFAFAFAFA
310
FAFAFAFAFAFAFAFAFAFAFAFAFAFAFAFAFAFAFAFAFAFAFAFAFAFAFAFAFAFAFAFAFAFAFAFAFAFAFAFAFAFAFAFAFAFAFAFAFAFAFAFAFAFAFAFAFAFAFAFAFAFAFAFAFAFAFAFAFAFAFAFAFAFAFAFAFAFAFAFAFAFAFAFAFAFAFAFAFAFAFAFAFAFAFAFAFAFAFAFAFAFAFAFAFAFAFAFAFAFAFAFAFAFAFAFAFAFAFAFAFAFAFAFAFAFAFA
310
FAFAFAFAFAFAFAFAFAFAFAFAFAFAFAFAFAFAFAFAFAFAFAFAFAFAFAFAFAFAFAFAFAFAFAFAFAFAFAFAFAFAFAFAFAFAFAFAFAFAFAFAFAFAFAFAFAFAFAFAFAFAFAFAFAFAFAFAFAFAFAFAFAFAFAFAFAFAFAFAFAFAFAFAFAFAFAFAFAFAFAFAFAFAFAFAFAFAFAFAFAFAFAFAFAFAFAFAFAFAFAFAFAFAFAFAFAFAFAFAFAFAFAFAFAFAFA
310
FAFAFAFAFAFAFAFAFAFAFAFAFAFAFAFAFAFAFAFAFAFAFAFAFAFAFAFAFAFAFAFAFAFAFAFAFAFAFAFAFAFAFAFAFAFAFAFAFAFAFAFAFAFAFAFAFAFAFAFAFAFAFAFAFAFAFAFAFAFAFAFAFAFAFAFAFAFAFAFAFAFAFAFAFAFAFAFAFAFAFAFAFAFAFAFAFAFAFAFAFAFAFAFAFAFAFAFAFAFAFAFAFAFAFAFAFAFAFAFAFAFAFAFAFAFAFA
310
FAFAFAFAFAFAFAFAFAFAFAFAFAFAFAFAFAFAFAFAFAFAFAFAFAFAFAFAFAFAFAFAFAFAFAFAFAFAFAFAFAFAFAFAFAFAFAFAFAFAFAFAFAFAFAFAFAFAFAFAFAFAFAFAFAFAFAFAFAFAFAFAFAFAFAFAFAFAFAFAFAFAFAFAFAFAFAFAFAFAFAFAFAFAFAFAFAFAFAFAFAFAFAFAFAFAFAFAFAFAFAFAFAFAFAFAFAFAFAFAFAFAFAFAFAFAFA
310
FAFAFAFAFAFAFAFAFAFAFAFAFAFAFAFAFAFAFAFAFAFAFAFAFAFAFAFAFAFAFAFAFAFAFAFAFAFAFAFAFAFAFAFAFAFAFAFAFAFAFAFAFAFAFAFAFAFAFAFAFAFAFAFAFAFAFAFAFAFAFAFAFAFAFAFAFAFAFAFAFAFAFAFAFAFAFAFAFAFAFAFAFAFAFAFAFAFAFAFAFAFAFAFAFAFAFAFAFAFAFAFAFAFAFAFAFAFAFAFAFAFAFAFAFAFAFA
310
FAFAFAFAFAFAFAFAFAFAFAFAFAFAFAFAFAFAFAFAFAFAFAFAFAFAFAFAFAFAFAFAFAFAFAFAFAFAFAFAFAFAFAFAFAFAFAFAFAFAFAFAFAFAFAFAFAFAFAFAFAFAFAFAFAFAFAFAFAFAFAFAFAFAFAFAFAFAFAFAFAFAFAFAFAFAFAFAFAFAFAFAFAFAFAFAFAFAFAFAFAFAFAFAFAFAFAFAFAFAFAFAFAFAFAFAFAFAFAFAFAFAFAFAFAFAFA
310
FAFAFAFAFAFAFAFAFAFAFAFAFAFAFAFAFAFAFAFAFAFAFAFAFAFAFAFAFAFAFAFAFAFAFAFAFAFAFAFAFAFAFAFAFAFAFAFAFAFAFAFAFAFAFAFAFAFAFAFAFAFAFAFAFAFAFAFAFAFAFAFAFAFAFAFAFAFAFAFAFAFAFAFAFAFAFAFAFAFAFAFA0707070707070707070707070707070707070707070707070707070707070707070707
310
07070707070707070707070707070707070707FAFAFAFAFAFAFAFAFAFAFAFAFAFAFAFAFAFAFAFAFAFAFAFAFAFAFAFAFAFAFAFAFAFAFAFAFAFAFAFAFAFAFAFAFAFAFAFAFAFAFAFAFAFAFAFAFAFAFAFAFAFAFAFAFAFAFAFAFAFAFAFAFAFAFAFAFAFAFAFAFAFAFAFAFAFAFAFAFAFAFAFAFAFAFAFAFAFAFAFAFAFAFAFAFAFAFAFA
310
FAFAFAFAFAFAFAFAFAFAFAFAFAFAFAFAFAFA07FAFAFAFAFAFAFAFAFA07FAFAFAFAFAFAFAFAFAFAFAFAFAFAFAFAFAFAFAFAFAFAFAFAFAFAFAFAFAFAFAFAFAFAFAFAFAFAFAFAFAFAFAFAFAFAFAFAFAFAFAFAFAFAFAFAFAFAFAFAFAFAFAFAFAFAFAFAFAFAFAFAFAFAFAFAFAFAFAFAFAFAFAFAFAFAFAFAFAFAFAFAFAFAFAFAFAFA
310
FAFAFAFAFAFAFAFAFAFAFAFAFAFAFAFAFAFAFAFAFAFAFAFAFAFAFAFAFAFAFAFAFAFAFAFAFAFAFAFAFAFAFAFAFAFAFAFAFAFAFAFAFAFAFAFAFAFAFAFAFAFAFAFAFAFAFAFAFAFAFA07FAFAFAFA0707FAFAFA07FAFAFAFAFAFAFAFAFAFAFAFAFAFAFAFAFAFAFAFAFAFAFAFAFAFAFAFAFAFAFAFAFAFAFAFAFAFAFAFAFAFAFAFAFA
310
FAFAFAFAFAFAFAFAFAFAFAFAFAFAFAFAFAFAFAFAFAFAFAFAFAFAFAFAFAFAFAFAFAFAFAFAFAFAFAFAFAFAFAFAFAFAFAFAFAFAFAFAFAFAFAFAFAFAFAFAFAFAFAFAFAFAFAFAFAFAFAFAFAFAFAFAFAFAFAFAFAFAFAFAFAFAFAFAFAFAFAFAFAFAFAFAFAFAFAFAFAFAFAFAFAFAFAFAFAFAFAFAFAFAFAFAFAFAFAFAFAFAFAFA07FAFA
310
FA07FAFA07FAFA07FAFAFAFAFAFAFAFAFAFAFAFAFAFAFAFAFAFAFAFAFAFAFAFAFAFAFAFAFAFAFAFAFAFAFAFAFAFAFAFAFAFAFAFAFAFAFAFAFAFAFAFAFAFAFAFAFAFAFAFAFAFAFAFAFAFAFAFAFAFAFAFAFAFAFAFAFAFAFAFAFAFAFAFAFAFAFAFAFAFAFAFAFAFAFAFAFAFAFAFAFAFAFAFAFAFAFAFAFAFAFAFAFAFAFAFAFAFAFA
310
FAFAFAFAFAFAFAFAFAFAFAFAFAFAFAFAFAFAFAFAFAFAFAFAFAFAFAFAFAFAFAFAFAFAFAFAFAFAFAFAFAFAFAFAFAFAFAFAFAFA07FAFA07FBFEFEFB07FA07FAFAFAFAFAFAFAFAFAFAFAFAFAFAFAFAFAFAFAFAFAFAFAFAFAFAFAFAFAFAFAFAFAFAFAFAFAFAFAFAFAFAFAFAFAFAFAFAFAFAFAFAFAFAFAFAFAFAFAFAFAFAFAFAFAFA
310
FAFAFAFAFAFAFAFAFAFAFAFAFAFAFAFAFAFAFAFAFAFAFAFAFAFAFAFAFAFAFAFAFAFAFAFAFAFAFAFAFAFAFAFAFAFAFAFAFAFAFAFAFAFAFAFAFAFAFAFAFAFAFAFAFAFAFAFAFAFAFAFAFAFAFAFAFAFAFAFAFAFAFAFAFAFAFAFAFAFAFAFAFAFAFAFAFAFAFAFAFAFAFA07FAFA07FAFEFEFA07FA07FAFAFAFAFAFAFAFAFAFAFAFAFA
310
FAFAFAFAFAFAFAFAFAFAFAFAFAFAFAFAFAFAFAFAFAFAFAFAFAFAFAFAFAFAFAFAFAFAFAFAFAFAFAFAFAFAFAFAFAFAFAFAFAFAFAFAFAFAFAFAFAFAFAFAFAFAFAFAFAFAFAFAFAFAFAFAFAFAFAFAFAFAFAFAFAFAFAFAFAFAFAFAFAFAFAFAFAFAFAFAFAFAFAFAFAFAFAFAFAFAFAFAFAFAFAFAFAFAFAFAFAFAFAFAFAFAFAFAFAFAFA
310
FAFAFAFAFAFAFAFAFAFAFAFAFAFAFAFAFAFAFAFAFAFAFAFAFAFAFAFAFA07FAFA07FBFEFEFB07FA07FAFAFAFAFAFAFAFAFAFAFAFAFAFAFAFAFAFAFAFAFAFAFAFAFAFAFAFAFAFAFAFAFAFAFAFAFAFAFAFAFAFAFAFAFAFAFAFAFAFAFAFAFAFAFAFAFAFAFAFAFAFAFAFAFAFAFAFAFAFAFAFAFAFAFAFAFAFAFAFAFAFAFAFAFAFAFA
310
FAFAFAFAFAFAFAFAFAFAFAFAFAFAFAFAFAFAFAFAFAFAFAFAFAFAFAFAFAFAFAFAFAFAFAFAFAFAFAFAFAFAFAFAFAFAFAFAFAFAFAFAFAFAFAFAFAFAFAFAFAFAFAFAFAFAFAFAFAFAFAFAFAFAFAFAFAFAFAFAFAFA07FAFAFA07FAFA07FAFA07FAFAFAFAFAFAFAFAFAFAFAFAFAFAFAFAFAFAFAFAFAFAFAFAFAFAFAFAFAFAFAFAFAFA
310
FAFAFAFAFAFAFAFAFAFAFAFAFAFAFAFAFAFAFAFAFAFAFAFAFAFAFAFAFAFAFAFAFAFAFAFAFAFAFAFAFAFAFAFAFAFAFAFAFAFAFAFAFAFAFAFAFAFAFAFAFAFAFAFAFAFAFAFAFAFAFAFAFAFAFAFAFAFAFAFAFAFAFAFAFAFAFAFAFAFAFAFAFAFAFAFAFAFAFAFAFAFAFAFAFAFAFAFAFAFAFAFAFAFAFAFAFAFAFAFAFAFAFAFAFAFAFA
310
FAFAFAFAFAFAFAFA07FAFAFAFA0707FAFAFA07FAFAFAFAFAFAFAFAFAFAFAFAFAFAFAFAFAFAFAFAFAFAFAFAFAFAFAFAFAFAFAFAFAFAFAFAFAFAFAFAFAFAFAFAFAFAFAFAFAFAFAFAFAFAFAFAFAFAFAFAFAFAFAFAFAFAFAFAFAFAFAFAFAFAFAFAFAFAFAFAFAFAFAFAFAFAFAFAFAFAFAFAFAFAFAFAFAFAFAFAFAFAFAFAFAFAFAFA
310
FAFAFAFAFAFAFAFAFAFAFAFAFAFAFAFAFAFAFAFAFAFAFAFAFAFAFAFAFAFAFAFAFAFAFAFAFAFAFAFAFAFAFAFAFAFAFAFAFAFAFAFAFAFAFAFAFAFAFAFAFA07FAFAFAFAFAFAFAFAFA07FAFAFAFAFAFAFAFAFAFAFAFAFAFAFAFAFAFAFAFAFAFAFAFAFAFAFAFAFAFAFAFAFAFAFAFAFAFAFAFAFAFAFAFAFAFAFAFAFAFAFAFAFAFAFA
310
FAFAFAFAFAFAFAFAFAFAFAFAFAFAFAFAFAFAFAFAFAFAFAFAFAFAFAFAFAFAFAFAFAFAFAFAFAFAFAFAFAFAFAFAFAFAFAFAFAFAFAFAFAFAFAFAFAFAFAFAFAFAFAFAFAFAFAFAFAFAFAFAFAFAFAFAFAFAFAFAFAFAFAFAFAFAFAFAFAFAFAFAFAFAFAFAFAFAFAFAFAFAFAFAFAFAFAFAFAFAFAFAFAFA0707070707070707070707FAFA
310
FAFAFAFAFAFAFAFAFAFAFAFAFAFAFAFAFAFAFAFAFAFAFAFAFAFAFAFAFAFAFAFAFAFAFAFAFAFAFAFAFAFAFAFAFAFAFAFAFAFAFAFAFAFAFAFAFAFAFAFAFAFAFAFAFAFAFAFAFAFAFAFAFAFAFAFAFAFAFAFAFAFAFAFAFAFAFAFAFAFAFAFAFAFAFAFAFAFAFAFAFAFAFAFAFAFAFAFAFAFAFAFAFAFAFAFAFAFAFAFAFAFAFAFAFAFAFA
310
FAFAFAFAFAFAFAFAFAFAFAFAFAFAFAFAFAFAFAFAFAFAFAFAFAFAFAFAFAFAFAFAFAFAFAFAFAFAFAFA07FAFAFAFAFAFAFAFAFA07FAFAFAFAFAFAFAFAFAFAFAFAFAFAFAFAFAFAFAFAFAFAFAFAFAFAFAFAFAFAFAFAFAFAFAFAFAFAFAFAFAFAFAFAFAFAFAFAFAFAFAFAFAFAFAFAFAFAFAFAFAFAFAFAFAFAFAFAFAFAFAFAFAFAFAFA
310
FAFAFAFAFAFAFAFAFAFAFAFAFAFAFAFAFAFAFAFAFAFAFAFAFAFAFAFAFAFAFAFAFAFAFAFAFAFAFAFAFAFAFAFAFAFAFAFAFAFAFAFAFAFAFAFAFAFAFAFAFAFAFAFAFAFAFAFAFAFAFAFAFAFAFAFAFAFAFAFAFAFAFAFAFAFAFAFAFAFAFAFAFA07FAFAFAFAFAFAFAFAFA07FAFAFAFAFAFAFAFAFAFAFAFAFAFAFAFAFAFAFAFAFAFAFA
310
FAFAFAFAFAFAFAFAFAFAFAFAFAFAFAFAFAFAFAFAFAFAFAFAFAFAFAFAFAFAFAFAFAFAFAFAFAFAFAFAFAFAFAFAFAFAFAFAFAFAFAFAFAFAFAFAFAFAFAFAFAFAFAFAFAFAFAFAFAFAFAFAFAFAFAFAFAFAFAFAFAFAFAFAFAFAFAFAFAFAFAFAFAFAFAFAFAFAFAFAFAFAFAFAFAFAFAFAFAFAFAFAFAFAFAFAFAFAFAFAFAFAFAFAFAFAFA
310
FAFAFAFAFAFAFAFAFAFAFAFAFAFAFAFAFAFAFA07FAFAFA07070707FAFA07FAFAFAFAFAFAFAFAFAFAFAFAFAFAFAFAFAFAFAFAFAFAFAFAFAFAFAFAFAFAFAFAFAFAFAFAFAFAFAFAFAFAFAFAFAFAFAFAFAFAFAFAFAFAFAFAFAFAFAFAFAFAFAFAFAFAFAFAFAFAFAFAFAFAFAFAFAFAFAFAFAFAFAFAFAFAFAFAFAFAFAFAFAFAFAFAFA
310
FAFAFAFAFAFAFAFAFAFAFAFAFAFAFAFAFAFAFAFAFAFAFAFAFAFAFAFAFAFAFAFAFAFAFAFAFAFAFAFAFAFAFAFAFAFAFAFAFAFAFAFAFAFAFAFAFAFAFAFAFAFAFAFAFAFAFAFAFAFAFAFA07FAFA07FBFEFEFB07FA07FAFAFAFAFAFAFAFAFAFAFAFAFAFAFAFAFAFAFAFAFAFAFAFAFAFAFAFAFAFAFAFAFAFAFAFAFAFAFAFAFAFAFAFA
310
FAFAFAFAFAFAFAFAFAFAFAFAFAFAFAFAFAFAFAFAFAFAFAFAFAFAFAFAFAFAFAFAFAFAFAFAFAFAFAFAFAFAFAFAFAFAFAFAFAFAFAFAFAFAFAFAFAFAFAFAFAFAFAFAFAFAFAFAFAFAFAFAFAFAFAFAFAFAFAFAFAFAFAFAFAFAFAFAFAFAFAFAFAFAFAFAFAFAFAFAFAFAFAFAFAFAFAFAFAFAFAFAFAFAFAFAFAFAFAFAFAFAFAFAFA07FA
310
FA07FAFEFEFA07FA07FAFAFAFAFAFAFAFAFAFAFAFAFAFAFAFAFAFAFAFAFAFAFAFAFAFAFAFAFAFAFAFAFAFAFAFAFAFAFAFAFAFAFAFAFAFAFAFAFAFAFAFAFAFAFAFAFAFAFAFAFAFAFAFAFAFAFAFAFAFAFAFAFAFAFAFAFAFAFAFAFAFAFAFAFAFAFAFAFAFAFAFAFAFAFAFAFAFAFAFAFAFAFAFAFAFAFAFAFAFAFAFAFAFAFAFAFAFA
310
FAFAFAFAFAFAFAFAFAFAFAFAFAFAFAFAFAFAFAFAFAFAFAFAFAFAFAFAFAFAFAFAFAFAFAFAFAFAFAFAFAFAFAFAFAFAFAFAFAFAFA07FAFA07FBFEFEFB07FA07FAFAFAFAFAFAFAFAFAFAFAFAFAFAFAFAFAFAFAFAFAFAFAFAFAFAFAFAFAFAFAFAFAFAFAFAFAFAFAFAFAFAFAFAFAFAFAFAFAFAFAFAFAFAFAFAFAFAFAFAFAFAFAFAFA
310
FAFAFAFAFAFAFAFAFAFAFAFAFAFAFAFAFAFAFAFAFAFAFAFAFAFAFAFAFAFAFAFAFAFAFAFAFAFAFAFAFAFAFAFAFAFAFAFAFAFAFAFAFAFAFAFAFAFAFAFAFAFAFAFAFAFAFAFAFAFAFAFAFAFAFAFAFAFAFAFAFAFAFAFAFAFAFAFAFAFAFAFAFAFAFAFAFAFAFAFAFAFAFAFA07FAFA0707FAFA0707FA07FAFAFAFAFAFAFAFAFAFAFAFA
310
FAFAFAFAFAFAFAFAFAFAFAFAFAFAFAFAFAFAFAFAFAFAFAFAFAFAFAFAFAFAFAFAFAFAFAFAFAFAFAFAFAFAFAFAFAFAFAFAFAFAFAFAFAFAFAFAFAFAFAFAFAFAFAFAFAFAFAFAFAFAFAFAFAFAFAFAFAFAFAFAFAFAFAFAFAFAFAFAFAFAFAFAFAFAFAFAFAFAFAFAFAFAFAFAFAFAFAFAFAFAFAFAFAFAFAFAFAFAFAFAFAFAFAFAFAFAFA
310
FAFAFAFAFAFAFAFAFAFAFAFAFAFAFAFAFAFAFAFAFAFAFAFAFAFAFAFAFAFA07FAFAFAFA0707FAFAFA07FAFAFAFAFAFAFAFAFAFAFAFAFAFAFAFAFAFAFAFAFAFAFAFAFAFAFAFAFAFAFAFAFAFAFAFAFAFAFAFAFAFAFAFAFAFAFAFAFAFAFAFAFAFAFAFAFAFAFAFAFAFAFAFAFAFAFAFAFAFAFAFAFAFAFAFAFAFAFAFAFAFAFAFAFAFA
310
FAFAFAFAFAFAFAFAFAFAFAFAFAFAFAFAFAFAFAFAFAFAFAFAFAFAFAFAFAFAFAFAFAFAFAFAFAFAFAFAFAFAFAFAFAFAFAFAFAFAFAFAFAFAFAFAFAFAFAFAFAFAFAFAFAFAFAFAFAFAFAFAFAFAFAFAFAFAFAFAFAFAFA07FAFAFAFAFAFAFAFAFA07FAFAFAFAFAFAFAFAFAFAFAFAFAFAFAFAFAFAFAFAFAFAFAFAFAFAFAFAFAFAFAFAFA
310
FAFAFAFAFAFAFAFAFAFAFAFAFAFAFAFAFAFAFAFAFAFAFAFAFAFAFAFAFAFAFAFAFAFAFAFAFAFAFAFAFAFAFAFAFAFAFAFAFAFAFAFAFAFAFAFAFAFAFAFAFAFAFAFAFAFAFAFAFAFAFAFAFAFAFAFAFAFAFAFAFAFAFAFAFAFAFAFAFAFAFAFAFAFAFAFAFAFAFAFAFAFAFAFAFAFAFAFAFAFAFAFAFAFAFAFAFAFAFAFAFAFAFAFAFAFAFA
310
FAFAFAFAFAFAFAFAFA0707070707070707070707FAFAFAFAFAFAFAFAFAFAFAFAFAFAFAFAFAFAFAFAFAFAFAFAFAFAFAFAFAFAFAFAFAFAFAFAFAFAFAFAFAFAFAFAFAFAFAFAFAFAFAFAFAFAFAFAFAFAFAFAFAFAFAFAFAFAFAFAFAFAFAFAFAFAFAFAFAFAFAFAFAFAFAFAFAFAFAFAFAFAFAFAFAFAFAFAFAFAFAFAFAFAFAFAFAFAFA
310
FAFAFAFAFAFAFAFAFAFAFAFAFAFAFAFAFAFAFAFAFAFAFAFAFAFAFAFAFAFAFAFAFAFAFAFAFAFAFAFAFAFAFAFAFAFAFAFAFAFAFAFAFAFAFAFAFAFAFAFAFAFA07FAFAFAFAFAFAFAFAFA07FAFAFAFAFAFAFAFAFAFAFAFAFAFAFAFAFAFAFAFAFAFAFAFAFAFAFAFAFAFAFAFAFAFAFAFAFAFAFAFAFAFAFAFAFAFAFAFAFAFAFAFAFAFA
310
FAFAFAFAFAFAFAFAFAFAFAFAFAFAFAFAFAFAFAFAFAFAFAFAFAFAFAFAFAFAFAFAFAFAFAFAFAFAFAFAFAFAFAFAFAFAFAFAFAFAFAFAFAFAFAFAFAFAFAFAFAFAFAFAFAFAFAFAFAFAFAFAFAFAFAFAFAFAFAFAFAFAFAFAFAFAFAFAFAFAFAFAFAFAFAFAFAFAFAFAFAFAFAFAFAFAFAFAFAFAFAFAFAFAFA07FAFAFAFAFAFAFAFAFA07FA
310
FAFAFAFAFAFAFAFAFAFAFAFAFAFAFAFAFAFAFAFAFAFAFAFAFAFAFAFAFAFAFAFAFAFAFAFAFAFAFAFAFAFAFAFAFAFAFAFAFAFAFAFAFAFAFAFAFAFAFAFAFAFAFAFAFAFAFAFAFAFAFAFAFAFAFAFAFAFAFAFAFAFAFAFAFAFAFAFAFAFAFAFAFAFAFAFAFAFAFAFAFAFAFAFAFAFAFAFAFAFAFAFAFAFAFAFAFAFAFAFAFAFAFAFAFAFAFA
310
FAFAFAFAFAFAFAFAFAFAFAFAFAFAFAFAFAFAFAFAFAFAFAFAFAFAFAFAFAFAFAFAFAFAFAFAFAFAFAFAFA07FAFAFA07070707FAFA07FAFAFAFAFAFAFAFAFAFAFAFAFAFAFAFAFAFAFAFAFAFAFAFAFAFAFAFAFAFAFAFAFAFAFAFAFAFAFAFAFAFAFAFAFAFAFAFAFAFAFAFAFAFAFAFAFAFAFAFAFAFAFAFAFAFAFAFAFAFAFAFAFAFAFA
310
FAFAFAFAFAFAFAFAFAFAFAFAFAFAFAFAFAFAFAFAFAFAFAFAFAFAFAFAFAFAFAFAFAFAFAFAFAFAFAFAFAFAFAFAFAFAFAFAFAFAFAFAFAFAFAFAFAFAFAFAFAFAFAFAFAFAFAFAFAFAFAFAFAFAFAFAFAFAFAFAFAFAFAFAFAFAFAFAFAFAFAFAFAFA07FAFA07FBFEFEFB07FA07FAFAFAFAFAFAFAFAFAFAFAFAFAFAFAFAFAFAFAFAFAFA
310
FAFAFAFAFAFAFAFAFAFAFAFAFAFAFAFAFAFAFAFAFA07070707070707070707070707070707070707070707070707070707070707070707070707070707070707070707070707070707070707070707070707070707070707070707070707070707070707070707070707070707070707070707070707070707070707070707
310
070707070707070707070707070707070707070707FAFA07FAFEFEFA07FA07FAFAFAFAFAFAFAFAFAFAFAFAFAFAFAFAFAFAFAFAFAFAFAFAFAFAFAFAFAFAFAFAFAFAFAFAFAFAFAFAFAFAFAFAFAFAFAFAFAFAFAFAFAFAFAFAFAFAFAFAFAFAFAFAFAFAFAFAFAFAFAFAFAFAFAFAFAFAFAFAFAFAFAFAFAFAFAFAFAFAFAFAFAFAFAFA
310
FAFAFAFAFAFAFAFAFAFAFAFAFAFAFAFAFAFAFAFAFAFAFAFAFAFAFAFAFAFAFAFAFAFAFAFAFAFAFAFAFAFAFAFAFAFAFAFAFAFAFAFAFAFAFAFAFAFAFAFAFAFAFAFAFAFAFAFAFAFAFAFAFA07FAFA07FBFEFEFB07FA07FAFAFAFAFAFAFAFAFAFAFAFAFAFAFAFAFAFAFAFAFAFAFAFAFAFAFAFAFAFAFAFAFAFAFAFAFAFAFAFAFAFAFA
310
FAFAFAFAFAFAFAFAFAFAFAFAFAFAFAFAFAFAFAFAFAFAFAFAFAFAFAFAFAFAFAFAFAFAFAFAFAFAFAFAFAFAFAFAFAFAFAFAFAFAFAFAFAFAFAFAFAFAFAFAFAFAFAFAFAFAFAFAFAFAFAFAFAFAFAFAFAFAFAFAFAFAFAFAFAFAFAFAFAFAFAFAFAFAFAFAFAFAFAFAFAFAFAFAFAFAFAFAFAFAFAFAFAFAFAFAFAFAFAFAFAFAFAFAFAFA07
310
FAFA0707FAFA0707FA07FAFAFAFAFAFAFAFAFAFAFAFAFAFAFAFAFAFAFAFAFAFAFAFAFAFAFAFAFAFAFAFAFAFAFAFAFAFAFAFAFAFAFAFAFAFAFAFAFAFAFAFAFAFAFAFAFAFAFAFAFAFAFAFAFAFAFAFAFAFAFAFAFAFAFAFAFAFAFAFAFAFAFAFAFAFAFAFAFAFAFAFAFAFAFAFAFAFAFAFAFAFAFAFAFAFAFAFAFAFAFAFAFAFAFAFAFA
310
FAFAFAFAFAFAFAFAFAFAFAFAFAFAFAFAFAFAFAFAFAFAFAFAFAFAFAFAFAFAFAFAFAFAFAFAFAFAFAFAFAFAFAFAFAFAFAFAFAFAFAFA07FAFAFA07070707FAFA07FAFAFAFAFAFAFAFAFAFAFAFAFAFAFAFAFAFAFAFAFAFAFAFAFAFAFAFAFAFAFAFAFAFAFAFAFAFAFAFAFAFAFAFAFAFAFAFAFAFAFAFAFAFAFAFAFAFAFAFAFAFAFAFA
310
FAFAFAFAFAFAFAFAFAFAFAFAFAFAFAFAFAFAFAFAFAFAFAFAFAFAFAFAFAFAFAFAFAFAFAFAFAFAFAFAFAFAFAFAFAFAFAFAFAFAFAFAFAFAFAFAFAFAFAFAFAFAFAFAFAFAFAFAFAFAFAFAFAFAFAFAFAFAFAFAFAFAFAFAFAFAFAFAFAFAFAFAFAFAFAFAFAFAFAFAFAFAFAFAFA07FAFAFAFAFAFAFAFAFA07FAFAFAFAFAFAFAFAFAFAFA
310
FAFAFAFAFAFAFAFAFAFAFAFAFAFAFAFAFAFAFAFAFAFAFAFAFAFAFAFAFAFAFAFAFAFAFAFAFAFAFAFAFAFAFAFAFAFAFAFAFAFAFAFAFAFAFAFAFAFAFAFAFAFAFAFAFAFAFAFAFAFAFAFAFAFAFAFAFAFAFAFAFAFAFAFAFAFAFAFAFAFAFAFAFAFAFAFAFAFAFAFAFAFAFAFAFAFAFAFAFAFAFAFAFAFAFAFAFAFAFAFAFAFAFAFAFAFAFA
310
FAFAFAFAFAFAFAFAFAFAFAFAFAFAFAFAFAFAFAFAFAFAFAFAFAFAFAFAFAFAFA070707070707070707070707070707070707070707070707070707070707070707070707070707070707070707070707070707070707FAFAFAFAFAFAFAFAFAFAFAFAFAFAFAFAFAFAFAFAFAFAFAFAFAFAFAFAFAFAFAFAFAFAFAFAFAFAFAFAFAFA
310
FAFAFAFAFAFAFAFAFAFAFAFAFAFAFAFAFAFAFAFAFAFAFAFAFAFAFAFAFAFAFAFAFAFAFAFAFAFAFAFAFAFAFAFAFAFAFAFAFAFAFAFAFAFAFAFAFAFAFAFAFAFAFAFAFAFAFAFAFAFAFAFAFAFAFAFAFAFAFAFAFAFAFAFAFAFAFAFAFAFAFAFAFAFAFAFAFAFAFAFAFAFAFAFAFAFAFAFAFAFAFAFAFAFAFAFAFAFAFAFAFAFAFAFAFAFAFA
310
FAFAFAFAFAFAFAFAFAFAFAFAFAFAFAFAFAFAFAFAFAFAFAFAFAFAFAFAFAFAFAFAFAFAFAFAFAFAFAFAFAFAFAFAFAFAFAFAFAFAFAFAFAFAFAFAFAFAFAFAFAFAFAFAFAFAFAFAFAFAFAFAFAFAFAFAFAFAFAFAFAFAFAFAFAFAFAFAFAFAFAFAFAFAFAFAFAFAFAFAFAFAFAFAFAFAFAFAFAFAFAFAFAFAFAFAFAFAFAFAFAFAFAFAFAFAFA
310
FAFAFAFAFAFAFAFAFAFAFAFAFAFAFAFAFAFAFAFAFAFAFAFAFAFAFAFAFAFAFAFAFAFAFAFAFAFAFAFAFAFAFAFAFAFAFAFAFAFAFAFAFAFAFAFAFAFAFAFAFAFAFAFAFAFAFAFAFAFAFAFAFAFAFAFAFAFAFAFAFAFAFAFAFAFAFAFAFAFAFAFAFAFAFAFAFAFAFAFAFAFAFAFAFAFAFAFAFAFAFAFAFAFAFAFAFAFAFAFAFAFAFAFAFAFAFA
310
FAFAFAFAFAFAFAFAFAFAFAFAFAFAFAFAFAFAFAFAFAFAFAFAFAFAFAFAFAFAFAFAFAFAFAFAFAFAFAFAFAFAFAFAFAFAFAFAFAFAFAFAFAFAFAFAFAFAFAFAFAFAFAFAFAFAFAFAFAFAFAFAFAFAFAFAFAFAFAFAFAFAFAFAFAFAFAFAFAFAFAFAFAFAFAFAFAFAFAFAFAFAFAFAFAFAFAFAFAFAFAFAFAFAFAFAFAFAFAFAFAFAFAFAFAFAFA
310
FAFAFAFAFAFAFAFAFAFAFAFAFAFAFAFAFAFAFAFAFAFAFAFAFAFAFAFAFAFAFAFAFAFAFAFAFAFAFAFAFAFAFAFAFAFAFAFAFAFAFAFAFAFAFAFAFAFAFAFAFAFAFAFAFAFAFAFAFAFAFAFAFAFAFAFAFAFAFAFAFAFAFAFAFAFAFAFAFAFAFAFAFAFAFAFAFAFAFAFAFAFAFAFAFAFAFAFAFAFAFAFAFAFAFAFAFAFAFAFAFAFAFAFAFAFAFA
310
FAFAFAFAFAFAFAFAFAFAFAFAFAFAFAFAFAFAFAFAFAFAFAFAFAFAFAFAFAFAFAFAFAFAFAFAFAFAFAFAFAFAFAFAFAFAFAFAFAFAFAFAFAFAFAFAFAFAFAFAFAFAFAFAFAFAFAFAFAFAFAFAFAFAFAFAFAFAFAFAFAFAFAFAFAFAFAFAFAFAFAFAFAFAFAFAFAFAFAFAFAFAFAFAFAFAFAFAFAFAFAFAFAFAFAFAFAFAFAFAFAFAFAFAFAFAFA
310
FAFAFAFAFAFAFAFAFAFAFAFAFAFAFAFAFAFAFAFAFAFAFAFAFAFAFAFAFAFAFAFAFAFAFAFAFAFAFAFAFAFAFAFAFAFAFAFAFAFAFAFAFAFAFAFAFAFAFAFAFAFAFAFAFAFAFAFAFAFAFAFAFAFAFAFAFAFAFAFAFAFAFAFAFAFAFAFAFAFAFAFAFAFAFAFAFAFAFAFAFAFAFAFAFAFAFAFAFAFAFAFAFAFAFAFAFAFAFAFAFAFAFAFAFAFAFA
310
FAFAFAFAFAFAFAFAFAFAFAFAFAFAFAFAFAFAFAFAFAFAFAFAFAFAFAFAFAFAFAFAFAFAFAFAFAFAFAFAFAFAFAFAFAFAFAFAFAFAFAFAFAFAFAFAFAFAFAFAFAFAFAFAFAFAFAFAFAFAFAFAFAFAFAFAFAFAFAFAFAFAFAFAFAFAFAFAFAFAFAFAFAFAFAFAFAFAFAFAFAFAFAFAFAFAFAFAFAFAFAFAFAFAFAFAFAFAFAFAFAFAFAFAFAFAFA
310
FAFAFAFAFAFAFAFAFAFAFAFAFAFAFAFAFAFAFAFAFAFAFAFAFAFAFAFAFAFAFAFAFAFAFAFAFAFAFAFAFAFAFAFAFAFAFAFAFAFAFAFAFAFAFAFAFAFAFAFAFAFAFAFAFAFAFAFAFAFAFAFAFAFAFAFAFAFAFAFAFAFAFAFAFAFAFAFAFAFAFAFAFAFAFAFAFAFAFAFAFAFAFAFAFAFAFAFAFAFAFAFAFAFAFAFAFAFAFAFAFAFAFAFAFAFAFA
310
FAFAFAFAFAFAFAFAFAFAFAFAFAFAFAFAFAFAFAFAFAFAFAFAFAFAFAFAFAFAFAFAFAFAFAFAFAFAFAFAFAFAFAFAFAFAFAFAFAFAFAFAFAFAFAFAFAFAFAFAFAFAFAFAFAFAFAFAFAFAFAFAFAFAFAFAFAFAFAFAFAFAFAFAFAFAFAFAFAFAFAFAFAFAFAFAFAFAFAFAFAFAFAFAFAFAFAFAFAFAFAFAFAFAFAFAFAFAFAFAFAFAFAFAFAFAFA
310
FAFAFAFAFAFAFAFAFAFAFAFAFAFAFAFAFAFAFAFAFAFAFAFAFAFAFAFAFAFAFAFAFAFAFAFAFAFAFAFAFAFAFAFAFAFAFAFAFAFAFAFAFAFAFAFAFAFAFAFAFAFAFAFAFAFAFAFAFAFAFAFAFAFAFAFAFAFAFAFAFAFAFAFAFAFAFAFAFAFAFAFAFAFAFAFAFAFAFAFAFAFAFAFAFAFAFAFAFAFAFAFAFAFAFAFAFAFAFAFAFAFAFAFAFAFAFA
310
FAFAFAFAFAFAFAFAFAFAFAFAFAFAFAFAFAFAFAFAFAFAFAFAFAFAFAFAFAFAFAFAFAFAFAFAFAFAFAFAFAFAFAFAFAFAFAFAFAFAFAFAFAFAFAFAFAFAFAFAFAFAFAFAFAFAFAFAFAFAFAFAFAFAFAFAFAFAFAFAFAFAFAFAFAFAFAFAFAFAFAFAFAFAFAFAFAFAFAFAFAFAFAFAFAFAFAFAFAFAFAFAFAFAFAFAFAFAFAFAFAFAFAFAFAFAFA
310
FAFAFAFAFAFAFAFAFAFAFAFAFAFAFAFAFAFAFAFAFAFAFAFAFAFAFAFAFAFAFAFAFAFAFAFAFAFAFAFAFAFAFAFAFAFAFAFAFAFAFAFAFAFAFAFAFAFAFAFAFAFAFAFAFAFAFAFAFAFAFAFAFAFAFAFAFAFAFAFAFAFAFAFAFAFAFAFAFAFAFAFAFAFAFAFAFAFAFAFAFAFAFAFAFAFAFAFAFAFAFAFAFAFAFAFAFAFAFAFAFAFAFAFAFAFAFA
310
FAFAFAFAFAFAFAFAFAFAFAFAFAFAFAFAFAFAFAFAFAFAFAFAFAFAFAFAFAFAFAFAFAFAFAFAFAFAFAFAFAFAFAFAFAFAFAFAFAFAFAFAFAFAFAFAFAFAFAFAFAFAFAFAFAFAFAFAFAFAFAFAFAFAFAFAFAFAFAFAFAFAFAFAFAFAFAFAFAFAFAFAFAFAFAFAFAFAFAFAFAFAFAFAFAFAFAFAFAFAFAFAFAFAFAFAFAFAFAFAFAFAFAFAFAFAFA
310
FAFAFAFAFAFAFAFAFAFAFAFAFAFAFAFAFAFAFAFAFAFAFAFAFAFAFAFAFAFAFAFAFAFAFAFAFAFAFAFAFAFAFAFAFAFAFAFAFAFAFAFAFAFAFAFAFAFAFAFAFAFAFAFAFAFAFAFAFAFAFAFAFAFAFAFAFAFAFAFAFAFAFAFAFAFAFAFAFAFAFAFAFAFAFAFAFAFAFAFAFAFAFAFAFAFAFAFAFAFAFAFAFAFAFAFAFAFAFAFAFAFAFAFAFAFAFA
310
FAFAFAFAFAFAFAFAFAFAFAFAFAFAFAFAFAFAFAFAFAFAFAFAFAFAFAFAFAFAFAFAFAFAFAFAFAFAFAFAFAFAFAFAFAFAFAFAFAFAFAFAFAFAFAFAFAFAFAFAFAFAFAFAFAFAFAFAFAFAFAFAFAFAFAFAFAFAFAFAFAFAFAFAFAFAFAFAFAFAFAFAFAFAFAFAFAFAFAFAFAFAFAFAFAFAFAFAFAFAFAFAFAFAFAFAFAFAFAFAFAFAFAFAFAFAFA
310
FAFAFAFAFAFAFAFAFAFAFAFAFAFAFAFAFAFAFAFAFAFAFAFAFAFAFAFAFAFAFAFAFAFAFAFAFAFAFAFAFAFAFAFAFAFAFAFAFAFAFAFAFAFAFAFAFAFAFAFAFAFAFAFAFAFAFAFAFAFAFAFAFAFAFAFAFAFAFAFAFAFAFAFAFAFAFAFAFAFAFAFAFAFAFAFAFAFAFAFAFAFAFAFAFAFAFAFAFAFAFAFAFAFAFAFAFAFAFAFAFAFAFAFAFAFAFA
310
FAFAFAFAFAFAFAFAFAFAFAFAFAFAFAFAFAFAFAFAFAFAFAFAFAFAFAFAFAFAFAFAFAFAFAFAFAFAFAFAFAFAFAFAFAFAFAFAFAFAFAFAFAFAFAFAFAFAFAFAFAFAFAFAFAFAFAFAFAFAFAFAFAFAFAFAFAFAFAFAFAFAFAFAFAFAFAFAFAFAFAFAFAFAFAFAFAFAFAFAFAFAFAFAFAFAFAFAFAFAFAFAFAFAFAFAFAFAFAFAFAFAFAFAFAFAFA
310
FAFAFAFAFAFAFAFAFAFAFAFAFAFAFAFAFAFAFAFAFAFAFAFAFAFAFAFAFAFAFAFAFAFAFAFAFAFAFAFAFAFAFAFAFAFAFAFAFAFAFAFAFAFAFAFAFAFAFAFAFAFAFAFAFAFAFAFAFAFAFAFAFAFAFAFAFAFAFAFAFAFAFAFAFAFAFAFAFAFAFAFAFAFAFAFAFAFAFAFAFAFAFAFAFAFAFAFAFAFAFAFAFAFAFAFAFAFAFAFAFAFAFAFAFAFAFA
310
FAFAFAFAFAFAFAFAFAFAFAFAFAFAFAFAFAFAFAFAFAFAFAFAFAFAFAFAFAFAFAFAFAFAFAFAFAFAFAFAFAFAFAFAFAFAFAFAFAFAFAFAFAFAFAFAFAFAFAFAFAFAFAFAFAFAFAFAFAFAFAFAFAFAFAFAFAFAFAFAFAFAFAFAFAFAFAFAFAFAFAFAFAFAFAFAFAFAFAFAFAFAFAFAFAFAFAFAFAFAFAFAFAFAFAFAFAFAFAFAFAFAFAFAFAFAFA
310
FAFAFAFAFAFAFAFAFAFAFAFAFAFAFAFAFAFAFAFAFAFAFAFAFAFAFAFAFAFAFAFAFAFAFAFAFAFAFAFAFAFAFAFAFAFAFAFAFAFAFAFAFAFAFAFAFAFAFAFAFAFAFAFAFAFAFAFAFAFAFAFAFAFAFAFAFAFAFAFAFAFAFAFAFAFAFAFAFAFAFAFAFAFAFAFAFAFAFAFAFAFAFAFAFAFAFAFAFAFAFAFAFAFAFAFAFAFAFAFAFAFAFAFAFAFAFA
310
FAFAFAFAFAFAFAFAFAFAFAFAFAFAFAFAFAFAFAFAFAFAFAFAFAFAFAFAFAFAFAFAFAFAFAFAFAFAFAFAFAFAFAFAFAFAFAFAFAFAFAFAFAFAFAFAFAFAFAFAFAFAFAFAFAFAFAFAFAFAFAFAFAFAFAFAFAFAFAFAFAFAFAFAFAFAFAFAFAFAFAFAFAFAFAFAFAFAFAFAFAFAFAFAFAFAFAFAFAFAFAFAFAFAFAFAFAFAFAFAFAFAFAFAFAFAFA
310
FAFAFAFAFAFAFAFAFAFAFAFAFAFAFAFAFAFAFAFAFAFAFAFAFAFAFAFAFAFAFAFAFAFAFAFAFAFAFAFAFAFAFAFAFAFAFAFAFAFAFAFAFAFAFAFAFAFAFAFAFAFAFAFAFAFAFAFAFAFAFAFAFAFAFAFAFAFAFAFAFAFAFAFAFAFAFAFAFAFAFAFAFAFAFAFAFAFAFAFAFAFAFAFAFAFAFAFAFAFAFAFAFAFAFAFAFAFAFAFAFAFAFAFAFAFAFA
310
FAFAFAFAFAFAFAFAFAFAFAFAFAFAFAFAFAFAFAFAFAFAFAFAFAFAFAFAFAFAFAFAFAFAFAFAFAFAFAFAFAFAFAFAFAFAFAFAFAFAFAFAFAFAFAFAFAFAFAFAFAFAFAFAFAFAFAFAFAFAFAFAFAFAFAFAFAFAFAFAFAFAFAFAFAFAFAFAFAFAFAFAFAFAFAFAFAFAFAFAFAFAFAFAFAFAFAFAFAFAFAFAFAFAFAFAFAFAFAFAFAFAFAFAFAFAFA
310
FAFAFAFAFAFAFAFAFAFAFAFAFAFAFAFAFAFAFAFAFAFAFAFAFAFAFAFAFAFAFAFAFAFAFAFAFAFAFAFAFAFAFAFAFAFAFAFAFAFAFAFAFAFAFAFAFAFAFAFAFAFAFAFAFAFAFAFAFAFAFAFAFAFAFAFAFAFAFAFAFAFAFAFAFAFAFAFAFAFAFAFAFAFAFAFAFAFAFAFAFAFAFAFAFAFAFAFAFAFAFAFAFAFAFAFAFAFAFAFAFAFAFAFAFAFAFA
310
FAFAFAFAFAFAFAFAFAFAFAFAFAFAFAFAFAFAFAFAFAFAFAFAFAFAFAFAFAFAFAFAFAFAFAFAFAFAFAFAFAFAFAFAFAFAFAFAFAFAFAFAFAFAFAFAFAFAFAFAFAFAFAFAFAFAFAFAFAFAFAFAFAFAFAFAFAFAFAFAFAFAFAFAFAFAFAFAFAFAFAFAFAFAFAFAFAFAFAFAFAFAFAFAFAFAFAFAFAFAFAFAFAFAFAFAFAFAFAFAFAFAFAFAFAFAFA
310
FAFAFAFAFAFAFAFAFAFAFAFAFAFAFAFAFAFAFAFAFAFAFAFAFAFAFAFAFAFAFAFAFAFAFAFAFAFAFAFAFAFAFAFAFAFAFAFAFAFAFAFAFAFAFAFAFAFAFAFAFAFAFAFAFAFAFAFAFAFAFAFAFAFAFAFAFAFAFAFAFAFAFAFAFAFAFAFAFAFAFAFAFAFAFAFAFAFAFAFAFAFAFAFAFAFAFAFAFAFAFAFAFAFAFAFAFAFAFAFAFAFAFAFAFAFAFA
310
FAFAFAFAFAFAFAFAFAFAFAFAFAFAFAFAFAFAFAFAFAFAFAFAFAFAFAFAFAFAFAFAFAFAFAFAFAFAFAFAFAFAFAFAFAFAFAFAFAFAFAFAFAFAFAFAFAFAFAFAFAFAFAFAFAFAFAFAFAFAFAFAFAFAFAFAFAFAFAFAFAFAFAFAFAFAFAFAFAFAFAFAFAFAFAFAFAFAFAFAFAFAFAFAFAFAFAFAFAFAFAFAFAFAFAFAFAFAFAFAFAFAFAFAFAFAFA
310
FAFAFAFAFAFAFAFAFAFAFAFAFAFAFAFAFAFAFAFAFAFAFAFAFAFAFAFAFAFAFAFAFAFAFAFAFAFAFAFAFAFAFAFAFAFAFAFAFAFAFAFAFAFAFAFAFAFAFAFAFAFAFAFAFAFAFAFAFAFAFAFAFAFAFAFAFAFAFAFAFAFAFAFAFAFAFAFAFAFAFAFAFAFAFAFAFAFAFAFAFAFAFAFAFAFAFAFAFAFAFAFAFAFAFAFAFAFAFAFAFAFAFAFAFAFAFA
310
FAFAFAFAFAFAFAFAFAFAFAFAFAFAFAFAFAFAFAFAFAFAFAFAFAFAFAFAFAFAFAFAFAFAFAFAFAFAFAFAFAFAFAFAFAFAFAFAFAFAFAFAFAFAFAFAFAFAFAFAFAFAFAFAFAFAFAFAFAFAFAFAFAFAFAFAFAFAFAFAFAFAFAFAFAFAFAFAFAFAFAFAFAFAFAFAFAFAFAFAFAFAFAFAFAFAFAFAFAFAFAFAFAFAFAFAFAFAFAFAFAFAFAFAFAFAFA
310
FAFAFAFAFAFAFAFAFAFAFAFAFAFAFAFAFAFAFAFAFAFAFAFAFAFAFAFAFAFAFAFAFAFAFAFAFAFAFAFAFAFAFAFAFAFAFAFAFAFAFAFAFAFAFAFAFAFAFAFAFAFAFAFAFAFAFAFAFAFAFAFAFAFAFAFAFAFAFAFAFAFAFAFAFAFAFAFAFAFAFAFAFAFAFAFAFAFAFAFAFAFAFAFAFAFAFAFA
  0
ENDSEC
  0
EOF
