  0
SECTION
  2
HEADER
  9
$ACADVER
  1
AC1027
  9
$ACADMAINTVER
 70
105
  9
$DWGCODEPAGE
  3
ANSI_1252
  9
$LASTSAVEDBY
  1
ezdxf
  9
$REQUIREDVERSIONS
160
0
  9
$INSBASE
 10
0.0
 20
0.0
 30
0.0
  9
$EXTMIN
 10
1e+20
 20
1e+20
 30
1e+20
  9
$EXTMAX
 10
-1e+20
 20
-1e+20
 30
-1e+20
  9
$LIMMIN
 10
0.0
 20
0.0
  9
$LIMMAX
 10
420.0
 20
297.0
  9
$ORTHOMODE
 70
0
  9
$REGENMODE
 70
1
  9
$FILLMODE
 70
1
  9
$QTEXTMODE
 70
0
  9
$MIRRTEXT
 70
1
  9
$LTSCALE
 40
1.0
  9
$ATTMODE
 70
1
  9
$TEXTSIZE
 40
2.5
  9
$TRACEWID
 40
1.0
  9
$TEXTSTYLE
  7
OpenSans
  9
$CLAYER
  8
0
  9
$CELTYPE
  6
ByLayer
  9
$CECOLOR
 62
256
  9
$CELTSCALE
 40
1.0
  9
$DISPSILH
 70
0
  9
$DIMSCALE
 40
1.0
  9
$DIMASZ
 40
0.175
  9
$DIMEXO
 40
0.125
  9
$DIMDLI
 40
3.75
  9
$DIMRND
 40
0.0
  9
$DIMDLE
 40
0.0
  9
$DIMEXE
 40
0.375
  9
$DIMTP
 40
0.0
  9
$DIMTM
 40
0.0
  9
$DIMTXT
 40
0.25
  9
$DIMCEN
 40
2.5
  9
$DIMTSZ
 40
0.0
  9
$DIMTOL
 70
0
  9
$DIMLIM
 70
0
  9
$DIMTIH
 70
0
  9
$DIMTOH
 70
0
  9
$DIMSE1
 70
0
  9
$DIMSE2
 70
0
  9
$DIMTAD
 70
1
  9
$DIMZIN
 70
12
  9
$DIMBLK
  1
ARCHTICK
  9
$DIMASO
 70
1
  9
$DIMSHO
 70
1
  9
$DIMPOST
  1

  9
$DIMAPOST
  1

  9
$DIMALT
 70
0
  9
$DIMALTD
 70
3
  9
$DIMALTF
 40
0.03937007874
  9
$DIMLFAC
 40
100.0
  9
$DIMTOFL
 70
1
  9
$DIMTVP
 40
0.0
  9
$DIMTIX
 70
0
  9
$DIMSOXD
 70
0
  9
$DIMSAH
 70
0
  9
$DIMBLK1
  1

  9
$DIMBLK2
  1

  9
$DIMSTYLE
  2
EZDXF
  9
$DIMCLRD
 70
0
  9
$DIMCLRE
 70
0
  9
$DIMCLRT
 70
0
  9
$DIMTFAC
 40
0.5
  9
$DIMGAP
 40
0.1
  9
$DIMJUST
 70
0
  9
$DIMSD1
 70
0
  9
$DIMSD2
 70
0
  9
$DIMTOLJ
 70
0
  9
$DIMTZIN
 70
8
  9
$DIMALTZ
 70
0
  9
$DIMALTTZ
 70
0
  9
$DIMUPT
 70
1
  9
$DIMDEC
 70
2
  9
$DIMTDEC
 70
2
  9
$DIMALTU
 70
2
  9
$DIMALTTD
 70
3
  9
$DIMTXSTY
  7
OpenSansCondensed-Light
  9
$DIMAUNIT
 70
0
  9
$DIMADEC
 70
2
  9
$DIMALTRND
 40
0.0
  9
$DIMAZIN
 70
3
  9
$DIMDSEP
 70
46
  9
$DIMATFIT
 70
3
  9
$DIMFRAC
 70
0
  9
$DIMLDRBLK
  1

  9
$DIMLUNIT
 70
2
  9
$DIMLWD
 70
-2
  9
$DIMLWE
 70
-2
  9
$DIMTMOVE
 70
2
  9
$DIMFXL
 40
1.0
  9
$DIMFXLON
 70
0
  9
$DIMJOGANG
 40
0.785398163397
  9
$DIMTFILL
 70
0
  9
$DIMTFILLCLR
 70
0
  9
$DIMARCSYM
 70
0
  9
$DIMLTYPE
  6

  9
$DIMLTEX1
  6

  9
$DIMLTEX2
  6

  9
$DIMTXTDIRECTION
 70
0
  9
$LUNITS
 70
2
  9
$LUPREC
 70
4
  9
$SKETCHINC
 40
1.0
  9
$FILLETRAD
 40
10.0
  9
$AUNITS
 70
0
  9
$AUPREC
 70
2
  9
$MENU
  1
.
  9
$ELEVATION
 40
0.0
  9
$PELEVATION
 40
0.0
  9
$THICKNESS
 40
0.0
  9
$LIMCHECK
 70
0
  9
$CHAMFERA
 40
0.0
  9
$CHAMFERB
 40
0.0
  9
$CHAMFERC
 40
0.0
  9
$CHAMFERD
 40
0.0
  9
$SKPOLY
 70
0
  9
$TDCREATE
 40
2461323.868715278
  9
$TDUCREATE
 40
2458532.153996898
  9
$TDUPDATE
 40
2461323.868715278
  9
$TDUUPDATE
 40
2458532.1544311
  9
$TDINDWG
 40
0.0
  9
$TDUSRTIMER
 40
0.0
  9
$USRTIMER
 70
1
  9
$ANGBASE
 50
0.0
  9
$ANGDIR
 70
0
  9
$PDMODE
 70
0
  9
$PDSIZE
 40
0.0
  9
$PLINEWID
 40
0.0
  9
$SPLFRAME
 70
0
  9
$SPLINETYPE
 70
6
  9
$SPLINESEGS
 70
8
  9
$HANDSEED
  5
3E5
  9
$SURFTAB1
 70
6
  9
$SURFTAB2
 70
6
  9
$SURFTYPE
 70
6
  9
$SURFU
 70
6
  9
$SURFV
 70
6
  9
$UCSBASE
  2

  9
$UCSNAME
  2

  9
$UCSORG
 10
0.0
 20
0.0
 30
0.0
  9
$UCSXDIR
 10
1.0
 20
0.0
 30
0.0
  9
$UCSYDIR
 10
0.0
 20
1.0
 30
0.0
  9
$UCSORTHOREF
  2

  9
$UCSORTHOVIEW
 70
0
  9
$UCSORGTOP
 10
0.0
 20
0.0
 30
0.0
  9
$UCSORGBOTTOM
 10
0.0
 20
0.0
 30
0.0
  9
$UCSORGLEFT
 10
0.0
 20
0.0
 30
0.0
  9
$UCSORGRIGHT
 10
0.0
 20
0.0
 30
0.0
  9
$UCSORGFRONT
 10
0.0
 20
0.0
 30
0.0
  9
$UCSORGBACK
 10
0.0
 20
0.0
 30
0.0
  9
$PUCSBASE
  2

  9
$PUCSNAME
  2

  9
$PUCSORG
 10
0.0
 20
0.0
 30
0.0
  9
$PUCSXDIR
 10
1.0
 20
0.0
 30
0.0
  9
$PUCSYDIR
 10
0.0
 20
1.0
 30
0.0
  9
$PUCSORTHOREF
  2

  9
$PUCSORTHOVIEW
 70
0
  9
$PUCSORGTOP
 10
0.0
 20
0.0
 30
0.0
  9
$PUCSORGBOTTOM
 10
0.0
 20
0.0
 30
0.0
  9
$PUCSORGLEFT
 10
0.0
 20
0.0
 30
0.0
  9
$PUCSORGRIGHT
 10
0.0
 20
0.0
 30
0.0
  9
$PUCSORGFRONT
 10
0.0
 20
0.0
 30
0.0
  9
$PUCSORGBACK
 10
0.0
 20
0.0
 30
0.0
  9
$USERI1
 70
0
  9
$USERI2
 70
0
  9
$USERI3
 70
0
  9
$USERI4
 70
0
  9
$USERI5
 70
0
  9
$USERR1
 40
0.0
  9
$USERR2
 40
0.0
  9
$USERR3
 40
0.0
  9
$USERR4
 40
0.0
  9
$USERR5
 40
0.0
  9
$WORLDVIEW
 70
1
  9
$SHADEDGE
 70
3
  9
$SHADEDIF
 70
70
  9
$TILEMODE
 70
1
  9
$MAXACTVP
 70
64
  9
$PINSBASE
 10
0.0
 20
0.0
 30
0.0
  9
$PLIMCHECK
 70
0
  9
$PEXTMIN
 10
1e+20
 20
1e+20
 30
1e+20
  9
$PEXTMAX
 10
-1e+20
 20
-1e+20
 30
-1e+20
  9
$PLIMMIN
 10
0.0
 20
0.0
  9
$PLIMMAX
 10
420.0
 20
297.0
  9
$UNITMODE
 70
0
  9
$VISRETAIN
 70
1
  9
$PLINEGEN
 70
0
  9
$PSLTSCALE
 70
1
  9
$TREEDEPTH
 70
3020
  9
$CMLSTYLE
  2
Standard
  9
$CMLJUST
 70
0
  9
$CMLSCALE
 40
20.0
  9
$PROXYGRAPHICS
 70
1
  9
$MEASUREMENT
 70
1
  9
$CELWEIGHT
370
-1
  9
$ENDCAPS
280
0
  9
$JOINSTYLE
280
0
  9
$LWDISPLAY
290
0
  9
$INSUNITS
 70
6
  9
$HYPERLINKBASE
  1

  9
$STYLESHEET
  1

  9
$XEDIT
290
1
  9
$CEPSNTYPE
380
0
  9
$PSTYLEMODE
290
1
  9
$FINGERPRINTGUID
  2
{B2EA8D78-AB13-4AF1-B7FE-4848C74E1B8D}
  9
$VERSIONGUID
  2
{99DD803E-29D0-40FA-A615-08EE950564B0}
  9
$EXTNAMES
290
1
  9
$PSVPSCALE
 40
0.0
  9
$OLESTARTUP
290
0
  9
$SORTENTS
280
127
  9
$INDEXCTL
280
0
  9
$HIDETEXT
280
1
  9
$XCLIPFRAME
280
2
  9
$HALOGAP
280
0
  9
$OBSCOLOR
 70
257
  9
$OBSLTYPE
280
0
  9
$INTERSECTIONDISPLAY
280
0
  9
$INTERSECTIONCOLOR
 70
257
  9
$DIMASSOC
280
2
  9
$PROJECTNAME
  1

  9
$CAMERADISPLAY
290
0
  9
$LENSLENGTH
 40
50.0
  9
$CAMERAHEIGHT
 40
0.0
  9
$STEPSPERSEC
 40
24.0
  9
$STEPSIZE
 40
100.0
  9
$3DDWFPREC
 40
2.0
  9
$PSOLWIDTH
 40
0.005
  9
$PSOLHEIGHT
 40
0.08
  9
$LOFTANG1
 40
1.570796326795
  9
$LOFTANG2
 40
1.570796326795
  9
$LOFTMAG1
 40
0.0
  9
$LOFTMAG2
 40
0.0
  9
$LOFTPARAM
 70
7
  9
$LOFTNORMALS
280
1
  9
$LATITUDE
 40
37.795
  9
$LONGITUDE
 40
-122.394
  9
$NORTHDIRECTION
 40
0.0
  9
$TIMEZONE
 70
-8000
  9
$LIGHTGLYPHDISPLAY
280
1
  9
$TILEMODELIGHTSYNCH
280
1
  9
$CMATERIAL
347
20
  9
$SOLIDHIST
280
0
  9
$SHOWHIST
280
1
  9
$DWFFRAME
280
2
  9
$DGNFRAME
280
2
  9
$REALWORLDSCALE
290
1
  9
$INTERFERECOLOR
 62
256
  9
$CSHADOW
280
0
  9
$SHADOWPLANELOCATION
 40
0.0
  0
ENDSEC
  0
SECTION
  2
CLASSES
  0
CLASS
  1
ACDBDICTIONARYWDFLT
  2
AcDbDictionaryWithDefault
  3
ObjectDBX Classes
 90
0
 91
0
280
0
281
0
  0
CLASS
  1
SUN
  2
AcDbSun
  3
SCENEOE
 90
1153
 91
0
280
0
281
0
  0
CLASS
  1
VISUALSTYLE
  2
AcDbVisualStyle
  3
ObjectDBX Classes
 90
4095
 91
0
280
0
281
0
  0
CLASS
  1
MATERIAL
  2
AcDbMaterial
  3
ObjectDBX Classes
 90
1153
 91
0
280
0
281
0
  0
CLASS
  1
SCALE
  2
AcDbScale
  3
ObjectDBX Classes
 90
1153
 91
0
280
0
281
0
  0
CLASS
  1
TABLESTYLE
  2
AcDbTableStyle
  3
ObjectDBX Classes
 90
4095
 91
0
280
0
281
0
  0
CLASS
  1
MLEADERSTYLE
  2
AcDbMLeaderStyle
  3
ACDB_MLEADERSTYLE_CLASS
 90
4095
 91
0
280
0
281
0
  0
CLASS
  1
DICTIONARYVAR
  2
AcDbDictionaryVar
  3
ObjectDBX Classes
 90
0
 91
0
280
0
281
0
  0
CLASS
  1
CELLSTYLEMAP
  2
AcDbCellStyleMap
  3
ObjectDBX Classes
 90
1152
 91
0
280
0
281
0
  0
CLASS
  1
MENTALRAYRENDERSETTINGS
  2
AcDbMentalRayRenderSettings
  3
SCENEOE
 90
1024
 91
0
280
0
281
0
  0
CLASS
  1
ACDBDETAILVIEWSTYLE
  2
AcDbDetailViewStyle
  3
ObjectDBX Classes
 90
1025
 91
0
280
0
281
0
  0
CLASS
  1
ACDBSECTIONVIEWSTYLE
  2
AcDbSectionViewStyle
  3
ObjectDBX Classes
 90
1025
 91
0
280
0
281
0
  0
CLASS
  1
RASTERVARIABLES
  2
AcDbRasterVariables
  3
ISM
 90
0
 91
0
280
0
281
0
  0
CLASS
  1
LAYOUT
  2
AcDbLayout
  3
ObjectDBX Classes
 90
0
 91
0
280
0
281
0
  0
CLASS
  1
ACDBPLACEHOLDER
  2
AcDbPlaceHolder
  3
ObjectDBX Classes
 90
0
 91
0
280
0
281
0
  0
ENDSEC
  0
SECTION
  2
TABLES
  0
TABLE
  2
VPORT
  5
8
330
0
100
AcDbSymbolTable
 70
1
  0
VPORT
  5
23
330
8
100
AcDbSymbolTableRecord
100
AcDbViewportTableRecord
  2
*Active
 70
0
 10
0.0
 20
0.0
 11
1.0
 21
1.0
 12
0.0
 22
0.0
 13
0.0
 23
0.0
 14
0.5
 24
0.5
 15
0.5
 25
0.5
 16
0.0
 26
0.0
 36
1.0
 17
0.0
 27
0.0
 37
0.0
 40
1000.0
 41
1.34
 42
50.0
 43
0.0
 44
0.0
 50
0.0
 51
0.0
 71
0
 72
1000
 73
1
 74
3
 75
0
 76
0
 77
0
 78
0
281
0
 65
0
146
0.0
  0
ENDTAB
  0
TABLE
  2
LTYPE
  5
2
330
0
100
AcDbSymbolTable
 70
22
  0
LTYPE
  5
24
330
2
100
AcDbSymbolTableRecord
100
AcDbLinetypeTableRecord
  2
ByBlock
 70
0
  3

 72
65
 73
0
 40
0.0
  0
LTYPE
  5
25
330
2
100
AcDbSymbolTableRecord
100
AcDbLinetypeTableRecord
  2
ByLayer
 70
0
  3

 72
65
 73
0
 40
0.0
  0
LTYPE
  5
26
330
2
100
AcDbSymbolTableRecord
100
AcDbLinetypeTableRecord
  2
Continuous
 70
0
  3

 72
65
 73
0
 40
0.0
  0
LTYPE
  5
2F
330
2
100
AcDbSymbolTableRecord
100
AcDbLinetypeTableRecord
  2
CENTER
 70
0
  3
Center ____ _ ____ _ ____ _ ____ _ ____ _ ____
 72
65
 73
4
 40
5.08
 49
3.175
 74
0
 49
-0.635
 74
0
 49
0.635
 74
0
 49
-0.635
 74
0
  0
LTYPE
  5
30
330
2
100
AcDbSymbolTableRecord
100
AcDbLinetypeTableRecord
  2
CENTERX2
 70
0
  3
Center (2x) ________  __  ________  __  ________
 72
65
 73
4
 40
8.89
 49
6.35
 74
0
 49
-0.635
 74
0
 49
1.27
 74
0
 49
-0.635
 74
0
  0
LTYPE
  5
31
330
2
100
AcDbSymbolTableRecord
100
AcDbLinetypeTableRecord
  2
CENTER2
 70
0
  3
Center (.5x) ____ _ ____ _ ____ _ ____ _ ____
 72
65
 73
4
 40
2.54
 49
1.587
 74
0
 49
-0.318
 74
0
 49
0.318
 74
0
 49
-0.318
 74
0
  0
LTYPE
  5
32
330
2
100
AcDbSymbolTableRecord
100
AcDbLinetypeTableRecord
  2
DASHED
 70
0
  3
Dashed __ __ __ __ __ __ __ __ __ __ __ __ __ _
 72
65
 73
2
 40
1.524
 49
1.27
 74
0
 49
-0.254
 74
0
  0
LTYPE
  5
33
330
2
100
AcDbSymbolTableRecord
100
AcDbLinetypeTableRecord
  2
DASHEDX2
 70
0
  3
Dashed (2x) ____  ____  ____  ____  ____  ____
 72
65
 73
2
 40
3.048
 49
2.54
 74
0
 49
-0.508
 74
0
  0
LTYPE
  5
34
330
2
100
AcDbSymbolTableRecord
100
AcDbLinetypeTableRecord
  2
DASHED2
 70
0
  3
Dashed (.5x) _ _ _ _ _ _ _ _ _ _ _ _ _ _
 72
65
 73
2
 40
0.762
 49
0.635
 74
0
 49
-0.127
 74
0
  0
LTYPE
  5
35
330
2
100
AcDbSymbolTableRecord
100
AcDbLinetypeTableRecord
  2
PHANTOM
 70
0
  3
Phantom ______  __  __  ______  __  __  ______
 72
65
 73
6
 40
6.35
 49
3.175
 74
0
 49
-0.635
 74
0
 49
0.635
 74
0
 49
-0.635
 74
0
 49
0.635
 74
0
 49
-0.635
 74
0
  0
LTYPE
  5
36
330
2
100
AcDbSymbolTableRecord
100
AcDbLinetypeTableRecord
  2
PHANTOMX2
 70
0
  3
Phantom (2x)____________    ____    ____    ____________
 72
65
 73
6
 40
10.795
 49
6.35
 74
0
 49
-0.635
 74
0
 49
1.27
 74
0
 49
-0.635
 74
0
 49
1.27
 74
0
 49
-0.635
 74
0
  0
LTYPE
  5
37
330
2
100
AcDbSymbolTableRecord
100
AcDbLinetypeTableRecord
  2
PHANTOM2
 70
0
  3
Phantom (.5x) ___ _ _ ___ _ _ ___ _ _ ___ _ _ ___
 72
65
 73
6
 40
3.175
 49
1.587
 74
0
 49
-0.318
 74
0
 49
0.318
 74
0
 49
-0.318
 74
0
 49
0.318
 74
0
 49
-0.318
 74
0
  0
LTYPE
  5
38
330
2
100
AcDbSymbolTableRecord
100
AcDbLinetypeTableRecord
  2
DASHDOT
 70
0
  3
Dash dot __ . __ . __ . __ . __ . __ . __ . __
 72
65
 73
4
 40
3.556
 49
2.54
 74
0
 49
-0.508
 74
0
 49
0.0
 74
0
 49
-0.508
 74
0
  0
LTYPE
  5
39
330
2
100
AcDbSymbolTableRecord
100
AcDbLinetypeTableRecord
  2
DASHDOTX2
 70
0
  3
Dash dot (2x) ____  .  ____  .  ____  .  ____
 72
65
 73
4
 40
6.096
 49
5.08
 74
0
 49
-0.508
 74
0
 49
0.0
 74
0
 49
-0.508
 74
0
  0
LTYPE
  5
3A
330
2
100
AcDbSymbolTableRecord
100
AcDbLinetypeTableRecord
  2
DASHDOT2
 70
0
  3
Dash dot (.5x) _ . _ . _ . _ . _ . _ . _ . _
 72
65
 73
4
 40
1.778
 49
1.27
 74
0
 49
-0.254
 74
0
 49
0.0
 74
0
 49
-0.254
 74
0
  0
LTYPE
  5
3B
330
2
100
AcDbSymbolTableRecord
100
AcDbLinetypeTableRecord
  2
DOT
 70
0
  3
Dot .  .  .  .  .  .  .  .  .  .  .  .  .  .  .  .
 72
65
 73
2
 40
0.508
 49
0.0
 74
0
 49
-0.508
 74
0
  0
LTYPE
  5
3C
330
2
100
AcDbSymbolTableRecord
100
AcDbLinetypeTableRecord
  2
DOTX2
 70
0
  3
Dot (2x) .    .    .    .    .    .    .    . 
 72
65
 73
2
 40
1.016
 49
0.0
 74
0
 49
-1.016
 74
0
  0
LTYPE
  5
3D
330
2
100
AcDbSymbolTableRecord
100
AcDbLinetypeTableRecord
  2
DOT2
 70
0
  3
Dot (.5) . . . . . . . . . . . . . . . . . . . 
 72
65
 73
2
 40
0.254
 49
0.0
 74
0
 49
-0.254
 74
0
  0
LTYPE
  5
3E
330
2
100
AcDbSymbolTableRecord
100
AcDbLinetypeTableRecord
  2
DIVIDE
 70
0
  3
Divide __ . . __ . . __ . . __ . . __ . . __
 72
65
 73
6
 40
4.064
 49
2.54
 74
0
 49
-0.508
 74
0
 49
0.0
 74
0
 49
-0.508
 74
0
 49
0.0
 74
0
 49
-0.508
 74
0
  0
LTYPE
  5
3F
330
2
100
AcDbSymbolTableRecord
100
AcDbLinetypeTableRecord
  2
DIVIDEX2
 70
0
  3
Divide (2x) ____  . .  ____  . .  ____  . .  ____
 72
65
 73
6
 40
6.604
 49
5.08
 74
0
 49
-0.508
 74
0
 49
0.0
 74
0
 49
-0.508
 74
0
 49
0.0
 74
0
 49
-0.508
 74
0
  0
LTYPE
  5
40
330
2
100
AcDbSymbolTableRecord
100
AcDbLinetypeTableRecord
  2
DIVIDE2
 70
0
  3
Divide(.5x) _ . _ . _ . _ . _ . _ . _ . _
 72
65
 73
6
 40
2.032
 49
1.27
 74
0
 49
-0.254
 74
0
 49
0.0
 74
0
 49
-0.254
 74
0
 49
0.0
 74
0
 49
-0.254
 74
0
  0
LTYPE
  5
3DE
330
2
100
AcDbSymbolTableRecord
100
AcDbLinetypeTableRecord
  2
BORDERX2
 70
0
  3
Border (2x) ____  ____  .  ____  ____  .  ___ .
 72
65
 73
6
 40
88.89999999999999
 49
25.4
 74
0
 49
-12.7
 74
0
 49
25.4
 74
0
 49
-12.7
 74
0
 49
0.0
 74
0
 49
-12.7
 74
0
  0
ENDTAB
  0
TABLE
  2
LAYER
  5
1
330
0
100
AcDbSymbolTable
 70
8
  0
LAYER
  5
27
330
1
100
AcDbSymbolTableRecord
100
AcDbLayerTableRecord
  2
0
 70
0
 62
7
  6
Continuous
370
-3
390
13
347
21
  0
LAYER
  5
28
330
1
100
AcDbSymbolTableRecord
100
AcDbLayerTableRecord
  2
Defpoints
 70
0
 62
7
  6
Continuous
290
0
370
-3
390
13
347
21
  0
LAYER
  5
3D8
330
1
100
AcDbSymbolTableRecord
100
AcDbLayerTableRecord
  2
GT_1
 70
0
 62
9
  6
Continuous
370
-3
390
13
347
21
348
0
  0
LAYER
  5
3D9
330
1
100
AcDbSymbolTableRecord
100
AcDbLayerTableRecord
  2
MEMBER
 70
0
 62
7
  6
Continuous
370
-3
390
13
347
21
348
0
  0
LAYER
  5
3DA
330
1
100
AcDbSymbolTableRecord
100
AcDbLayerTableRecord
  2
x01001-FrameArea
 70
0
 62
2
  6
BORDERX2
370
-3
390
13
347
21
348
0
  0
LAYER
  5
3DB
330
1
100
AcDbSymbolTableRecord
100
AcDbLayerTableRecord
  2
IE-WIRE
 70
0
 62
7
  6
Continuous
370
25
390
13
347
21
348
0
  0
LAYER
  5
3DC
330
1
100
AcDbSymbolTableRecord
100
AcDbLayerTableRecord
  2
power
 70
0
 62
7
  6
Continuous
370
25
390
13
347
21
348
0
  0
LAYER
  5
3DD
330
1
100
AcDbSymbolTableRecord
100
AcDbLayerTableRecord
  2
HELPPOINT
 70
0
 62
7
  6
Continuous
370
-3
390
13
347
21
348
0
  0
ENDTAB
  0
TABLE
  2
STYLE
  5
5
330
0
100
AcDbSymbolTable
 70
29
  0
STYLE
  5
29
330
5
100
AcDbSymbolTableRecord
100
AcDbTextStyleTableRecord
  2
Standard
 70
0
 40
0.0
 41
1.0
 50
0.0
 71
0
 42
2.5
  3
txt
  4

  0
STYLE
  5
41
330
5
100
AcDbSymbolTableRecord
100
AcDbTextStyleTableRecord
  2
OpenSans-Light
 70
0
 40
0.0
 41
1.0
 50
0.0
 71
0
 42
2.5
  3
OpenSans-Light.ttf
  4

  0
STYLE
  5
42
330
5
100
AcDbSymbolTableRecord
100
AcDbTextStyleTableRecord
  2
OpenSans-Light-Italic
 70
0
 40
0.0
 41
1.0
 50
0.0
 71
0
 42
2.5
  3
OpenSans-LightItalic.ttf
  4

  0
STYLE
  5
43
330
5
100
AcDbSymbolTableRecord
100
AcDbTextStyleTableRecord
  2
OpenSans
 70
0
 40
0.0
 41
1.0
 50
0.0
 71
0
 42
2.5
  3
OpenSans-Regular.ttf
  4

  0
STYLE
  5
44
330
5
100
AcDbSymbolTableRecord
100
AcDbTextStyleTableRecord
  2
OpenSans-Italic
 70
0
 40
0.0
 41
1.0
 50
0.0
 71
0
 42
2.5
  3
OpenSans-Italic.ttf
  4

  0
STYLE
  5
45
330
5
100
AcDbSymbolTableRecord
100
AcDbTextStyleTableRecord
  2
OpenSans-SemiBold
 70
0
 40
0.0
 41
1.0
 50
0.0
 71
0
 42
2.5
  3
OpenSans-SemiBold.ttf
  4

  0
STYLE
  5
46
330
5
100
AcDbSymbolTableRecord
100
AcDbTextStyleTableRecord
  2
OpenSans-SemiBoldItalic
 70
0
 40
0.0
 41
1.0
 50
0.0
 71
0
 42
2.5
  3
OpenSans-SemiBoldItalic.ttf
  4

  0
STYLE
  5
47
330
5
100
AcDbSymbolTableRecord
100
AcDbTextStyleTableRecord
  2
OpenSans-Bold
 70
0
 40
0.0
 41
1.0
 50
0.0
 71
0
 42
2.5
  3
OpenSans-Bold.ttf
  4

  0
STYLE
  5
48
330
5
100
AcDbSymbolTableRecord
100
AcDbTextStyleTableRecord
  2
OpenSans-BoldItalic
 70
0
 40
0.0
 41
1.0
 50
0.0
 71
0
 42
2.5
  3
OpenSans-BoldItalic.ttf
  4

  0
STYLE
  5
49
330
5
100
AcDbSymbolTableRecord
100
AcDbTextStyleTableRecord
  2
OpenSans-ExtraBold
 70
0
 40
0.0
 41
1.0
 50
0.0
 71
0
 42
2.5
  3
OpenSans-ExtraBold.ttf
  4

  0
STYLE
  5
4A
330
5
100
AcDbSymbolTableRecord
100
AcDbTextStyleTableRecord
  2
OpenSans-ExtraBoldItalic
 70
0
 40
0.0
 41
1.0
 50
0.0
 71
0
 42
2.5
  3
OpenSans-ExtraBoldItalic.ttf
  4

  0
STYLE
  5
4B
330
5
100
AcDbSymbolTableRecord
100
AcDbTextStyleTableRecord
  2
OpenSansCondensed-Bold
 70
0
 40
0.0
 41
1.0
 50
0.0
 71
0
 42
2.5
  3
OpenSansCondensed-Bold.ttf
  4

  0
STYLE
  5
4C
330
5
100
AcDbSymbolTableRecord
100
AcDbTextStyleTableRecord
  2
OpenSansCondensed-Light
 70
0
 40
0.0
 41
1.0
 50
0.0
 71
0
 42
2.5
  3
OpenSansCondensed-Light.ttf
  4

  0
STYLE
  5
4D
330
5
100
AcDbSymbolTableRecord
100
AcDbTextStyleTableRecord
  2
OpenSansCondensed-Italic
 70
0
 40
0.0
 41
1.0
 50
0.0
 71
0
 42
2.5
  3
OpenSansCondensed-LightItalic.ttf
  4

  0
STYLE
  5
4E
330
5
100
AcDbSymbolTableRecord
100
AcDbTextStyleTableRecord
  2
LiberationSans
 70
0
 40
0.0
 41
1.0
 50
0.0
 71
0
 42
2.5
  3
LiberationSans-Regular.ttf
  4

  0
STYLE
  5
4F
330
5
100
AcDbSymbolTableRecord
100
AcDbTextStyleTableRecord
  2
LiberationSans-Bold
 70
0
 40
0.0
 41
1.0
 50
0.0
 71
0
 42
2.5
  3
LiberationSans-Bold.ttf
  4

  0
STYLE
  5
50
330
5
100
AcDbSymbolTableRecord
100
AcDbTextStyleTableRecord
  2
LiberationSans-BoldItalic
 70
0
 40
0.0
 41
1.0
 50
0.0
 71
0
 42
2.5
  3
LiberationSans-BoldItalic.ttf
  4

  0
STYLE
  5
51
330
5
100
AcDbSymbolTableRecord
100
AcDbTextStyleTableRecord
  2
LiberationSans-Italic
 70
0
 40
0.0
 41
1.0
 50
0.0
 71
0
 42
2.5
  3
LiberationSans-Italic.ttf
  4

  0
STYLE
  5
52
330
5
100
AcDbSymbolTableRecord
100
AcDbTextStyleTableRecord
  2
LiberationSerif
 70
0
 40
0.0
 41
1.0
 50
0.0
 71
0
 42
2.5
  3
LiberationSerif-Regular.ttf
  4

  0
STYLE
  5
53
330
5
100
AcDbSymbolTableRecord
100
AcDbTextStyleTableRecord
  2
LiberationSerif-Bold
 70
0
 40
0.0
 41
1.0
 50
0.0
 71
0
 42
2.5
  3
LiberationSerif-Bold.ttf
  4

  0
STYLE
  5
54
330
5
100
AcDbSymbolTableRecord
100
AcDbTextStyleTableRecord
  2
LiberationSerif-BoldItalic
 70
0
 40
0.0
 41
1.0
 50
0.0
 71
0
 42
2.5
  3
LiberationSerif-BoldItalic.ttf
  4

  0
STYLE
  5
55
330
5
100
AcDbSymbolTableRecord
100
AcDbTextStyleTableRecord
  2
LiberationSerif-Italic
 70
0
 40
0.0
 41
1.0
 50
0.0
 71
0
 42
2.5
  3
LiberationSerif-Italic.ttf
  4

  0
STYLE
  5
56
330
5
100
AcDbSymbolTableRecord
100
AcDbTextStyleTableRecord
  2
LiberationMono
 70
0
 40
0.0
 41
1.0
 50
0.0
 71
0
 42
2.5
  3
LiberationMono-Regular.ttf
  4

  0
STYLE
  5
57
330
5
100
AcDbSymbolTableRecord
100
AcDbTextStyleTableRecord
  2
LiberationMono-Bold
 70
0
 40
0.0
 41
1.0
 50
0.0
 71
0
 42
2.5
  3
LiberationMono-Bold.ttf
  4

  0
STYLE
  5
58
330
5
100
AcDbSymbolTableRecord
100
AcDbTextStyleTableRecord
  2
LiberationMono-BoldItalic
 70
0
 40
0.0
 41
1.0
 50
0.0
 71
0
 42
2.5
  3
LiberationMono-BoldItalic.ttf
  4

  0
STYLE
  5
59
330
5
100
AcDbSymbolTableRecord
100
AcDbTextStyleTableRecord
  2
LiberationMono-Italic
 70
0
 40
0.0
 41
1.0
 50
0.0
 71
0
 42
2.5
  3
LiberationMono-Italic.ttf
  4

  0
STYLE
  5
3DF
330
5
100
AcDbSymbolTableRecord
100
AcDbTextStyleTableRecord
  2
ROMANS
 70
0
 40
25.0
 41
0.85
 50
0.0
 71
0
 42
2.5
  3
romans.shx
  4

  0
STYLE
  5
3E0
330
5
100
AcDbSymbolTableRecord
100
AcDbTextStyleTableRecord
  2
Tahoma
 70
0
 40
0.0
 41
1.0
 50
0.0
 71
0
 42
2.5
  3

  4

  0
STYLE
  5
3E1
330
5
100
AcDbSymbolTableRecord
100
AcDbTextStyleTableRecord
  2
HTX11
 70
0
 40
0.0
 41
1.0
 50
0.0
 71
0
 42
2.5
  3
O8111901
  4

  0
ENDTAB
  0
TABLE
  2
VIEW
  5
7
330
0
100
AcDbSymbolTable
 70
0
  0
ENDTAB
  0
TABLE
  2
UCS
  5
6
330
0
100
AcDbSymbolTable
 70
0
  0
ENDTAB
  0
TABLE
  2
APPID
  5
3
330
0
100
AcDbSymbolTable
 70
3
  0
APPID
  5
2A
330
3
100
AcDbSymbolTableRecord
100
AcDbRegAppTableRecord
  2
ACAD
 70
0
  0
APPID
  5
3E2
330
3
100
AcDbSymbolTableRecord
100
AcDbRegAppTableRecord
  2
HATCHBACKGROUNDCOLOR
 70
0
  0
APPID
  5
3E3
330
3
100
AcDbSymbolTableRecord
100
AcDbRegAppTableRecord
  2
EZDXF
 70
0
  0
ENDTAB
  0
TABLE
  2
DIMSTYLE
  5
4
330
0
100
AcDbSymbolTable
 70
12
100
AcDbDimStyleTable
  0
DIMSTYLE
105
2B
330
4
100
AcDbSymbolTableRecord
100
AcDbDimStyleTableRecord
  2
Standard
 70
0
 40
1.0
 41
2.5
 42
0.625
 43
3.75
 44
1.25
 45
0.0
 46
0.0
 47
0.0
 48
0.0
 49
2.5
140
2.5
141
2.5
142
0.0
143
0.03937007874
144
1.0
145
0.0
146
1.0
147
0.625
148
0.0
 69
0
 70
0
 71
0
 72
0
 73
0
 74
0
 75
0
 76
0
 77
1
 78
8
 79
3
170
0
171
3
172
1
173
0
174
0
175
0
176
0
177
0
178
0
179
2
271
2
272
2
273
2
274
3
275
0
276
0
277
2
278
44
279
0
280
0
281
0
282
0
283
0
284
8
285
0
286
0
288
0
289
3
290
0
371
-2
372
-2
  0
DIMSTYLE
105
73
330
4
100
AcDbSymbolTableRecord
100
AcDbDimStyleTableRecord
  2
EZDXF
 70
0
 40
1.0
 41
0.175
 42
0.125
 43
3.75
 44
0.375
 45
0.0
 46
0.0
 47
0.0
 48
0.0
 49
2.5
140
0.25
141
2.5
142
0.0
143
0.03937007874
144
100.0
145
0.0
146
0.5
147
0.1
148
0.0
 69
0
 70
0
 71
0
 72
0
 73
0
 74
0
 75
0
 76
0
 77
1
 78
12
 79
3
170
0
171
3
172
1
173
0
174
0
175
0
176
0
177
0
178
0
179
2
271
2
272
2
273
2
274
3
275
0
276
0
277
2
278
46
279
2
280
0
281
0
282
0
283
0
284
8
285
0
286
0
288
1
289
3
290
0
340
4C
342
74
371
-2
372
-2
  0
DIMSTYLE
105
7C
330
4
100
AcDbSymbolTableRecord
100
AcDbDimStyleTableRecord
  2
EZ_M_100_H25_CM
 70
0
 40
1.0
 41
0.25
 42
0.125
 43
3.75
 44
0.375
 45
0.0
 46
0.0
 47
0.0
 48
0.0
 49
2.5
140
0.25
141
2.5
142
0.125
143
0.03937007874
144
100.0
145
0.0
146
0.5
147
0.1
148
0.0
 69
0
 70
0
 71
0
 72
0
 73
0
 74
0
 75
0
 76
0
 77
1
 78
12
 79
3
170
0
171
3
172
1
173
0
174
0
175
0
176
0
177
0
178
0
179
2
271
2
272
2
273
2
274
3
275
0
276
0
277
2
278
46
279
2
280
0
281
0
282
0
283
0
284
8
285
0
286
0
288
1
289
3
290
0
340
4C
371
-2
372
-2
  0
DIMSTYLE
105
7D
330
4
100
AcDbSymbolTableRecord
100
AcDbDimStyleTableRecord
  2
EZ_M_50_H25_CM
 70
0
 40
1.0
 41
0.125
 42
0.0625
 43
3.75
 44
0.1875
 45
0.0
 46
0.0
 47
0.0
 48
0.0
 49
2.5
140
0.125
141
2.5
142
0.0625
143
0.03937007874
144
100.0
145
0.0
146
0.5
147
0.05
148
0.0
 69
0
 70
0
 71
0
 72
0
 73
0
 74
0
 75
0
 76
0
 77
1
 78
12
 79
3
170
0
171
3
172
1
173
0
174
0
175
0
176
0
177
0
178
0
179
2
271
2
272
2
273
2
274
3
275
0
276
0
277
2
278
46
279
2
280
0
281
0
282
0
283
0
284
8
285
0
286
0
288
1
289
3
290
0
340
4C
371
-2
372
-2
  0
DIMSTYLE
105
7E
330
4
100
AcDbSymbolTableRecord
100
AcDbDimStyleTableRecord
  2
EZ_M_25_H25_CM
 70
0
 40
1.0
 41
0.0625
 42
0.03125
 43
3.75
 44
0.09375
 45
0.0
 46
0.0
 47
0.0
 48
0.0
 49
2.5
140
0.0625
141
2.5
142
0.03125
143
0.03937007874
144
100.0
145
0.0
146
0.5
147
0.025
148
0.0
 69
0
 70
0
 71
0
 72
0
 73
0
 74
0
 75
0
 76
0
 77
1
 78
12
 79
3
170
0
171
3
172
1
173
0
174
0
175
0
176
0
177
0
178
0
179
2
271
2
272
2
273
2
274
3
275
0
276
0
277
2
278
46
279
2
280
0
281
0
282
0
283
0
284
8
285
0
286
0
288
1
289
3
290
0
340
4C
371
-2
372
-2
  0
DIMSTYLE
105
7F
330
4
100
AcDbSymbolTableRecord
100
AcDbDimStyleTableRecord
  2
EZ_M_20_H25_CM
 70
0
 40
1.0
 41
0.05
 42
0.025
 43
3.75
 44
0.07500000000000001
 45
0.0
 46
0.0
 47
0.0
 48
0.0
 49
2.5
140
0.05
141
2.5
142
0.025
143
0.03937007874
144
100.0
145
0.0
146
0.5
147
0.020000000000000004
148
0.0
 69
0
 70
0
 71
0
 72
0
 73
0
 74
0
 75
0
 76
0
 77
1
 78
12
 79
3
170
0
171
3
172
1
173
0
174
0
175
0
176
0
177
0
178
0
179
2
271
2
272
2
273
2
274
3
275
0
276
0
277
2
278
46
279
2
280
0
281
0
282
0
283
0
284
8
285
0
286
0
288
1
289
3
290
0
340
4C
371
-2
372
-2
  0
DIMSTYLE
105
80
330
4
100
AcDbSymbolTableRecord
100
AcDbDimStyleTableRecord
  2
EZ_M_10_H25_CM
 70
0
 40
1.0
 41
0.025
 42
0.0125
 43
3.75
 44
0.037500000000000006
 45
0.0
 46
0.0
 47
0.0
 48
0.0
 49
2.5
140
0.025
141
2.5
142
0.0125
143
0.03937007874
144
100.0
145
0.0
146
0.5
147
0.010000000000000002
148
0.0
 69
0
 70
0
 71
0
 72
0
 73
0
 74
0
 75
0
 76
0
 77
1
 78
12
 79
3
170
0
171
3
172
1
173
0
174
0
175
0
176
0
177
0
178
0
179
2
271
2
272
2
273
2
274
3
275
0
276
0
277
2
278
46
279
2
280
0
281
0
282
0
283
0
284
8
285
0
286
0
288
1
289
3
290
0
340
4C
371
-2
372
-2
  0
DIMSTYLE
105
81
330
4
100
AcDbSymbolTableRecord
100
AcDbDimStyleTableRecord
  2
EZ_M_5_H25_CM
 70
0
 40
1.0
 41
0.0125
 42
0.00625
 43
3.75
 44
0.018750000000000003
 45
0.0
 46
0.0
 47
0.0
 48
0.0
 49
2.5
140
0.0125
141
2.5
142
0.00625
143
0.03937007874
144
100.0
145
0.0
146
0.5
147
0.005000000000000001
148
0.0
 69
0
 70
0
 71
0
 72
0
 73
0
 74
0
 75
0
 76
0
 77
1
 78
12
 79
3
170
0
171
3
172
1
173
0
174
0
175
0
176
0
177
0
178
0
179
2
271
2
272
2
273
2
274
3
275
0
276
0
277
2
278
46
279
2
280
0
281
0
282
0
283
0
284
8
285
0
286
0
288
1
289
3
290
0
340
4C
371
-2
372
-2
  0
DIMSTYLE
105
82
330
4
100
AcDbSymbolTableRecord
100
AcDbDimStyleTableRecord
  2
EZ_M_1_H25_CM
 70
0
 40
1.0
 41
0.0025
 42
0.00125
 43
3.75
 44
0.00375
 45
0.0
 46
0.0
 47
0.0
 48
0.0
 49
2.5
140
0.0025
141
2.5
142
0.00125
143
0.03937007874
144
100.0
145
0.0
146
0.5
147
0.001
148
0.0
 69
0
 70
0
 71
0
 72
0
 73
0
 74
0
 75
0
 76
0
 77
1
 78
12
 79
3
170
0
171
3
172
1
173
0
174
0
175
0
176
0
177
0
178
0
179
2
271
2
272
2
273
2
274
3
275
0
276
0
277
2
278
46
279
2
280
0
281
0
282
0
283
0
284
8
285
0
286
0
288
1
289
3
290
0
340
4C
371
-2
372
-2
  0
DIMSTYLE
105
83
330
4
100
AcDbSymbolTableRecord
100
AcDbDimStyleTableRecord
  2
EZ_RADIUS
 70
0
 40
1.0
 41
0.25
 42
0.125
 43
3.75
 44
0.375
 45
0.0
 46
0.0
 47
0.0
 48
0.0
 49
2.5
140
0.25
141
0.0
142
0.0
143
0.03937007874
144
100.0
145
0.0
146
0.5
147
0.1
148
0.0
 69
0
 70
0
 71
0
 72
0
 73
0
 74
0
 75
0
 76
0
 77
1
 78
12
 79
3
170
0
171
3
172
0
173
0
174
0
175
0
176
0
177
0
178
0
179
2
271
2
272
2
273
2
274
3
275
0
276
0
277
2
278
46
279
1
280
0
281
0
282
0
283
0
284
8
285
0
286
0
288
1
289
3
290
0
340
4C
342
84
371
-2
372
-2
  0
DIMSTYLE
105
88
330
4
100
AcDbSymbolTableRecord
100
AcDbDimStyleTableRecord
  2
EZ_RADIUS_INSIDE
 70
0
 40
1.0
 41
0.25
 42
0.125
 43
3.75
 44
0.375
 45
0.0
 46
0.0
 47
0.0
 48
0.0
 49
2.5
140
0.25
141
0.0
142
0.0
143
0.03937007874
144
100.0
145
0.0
146
0.5
147
0.1
148
0.0
 69
0
 70
0
 71
0
 72
0
 73
0
 74
0
 75
0
 76
0
 77
0
 78
12
 79
3
170
0
171
3
172
0
173
0
174
1
175
0
176
0
177
0
178
0
179
2
271
2
272
2
273
2
274
3
275
0
276
0
277
2
278
46
279
0
280
0
281
0
282
0
283
0
284
8
285
0
286
0
288
1
289
0
290
0
340
4C
342
84
371
-2
372
-2
  0
DIMSTYLE
105
89
330
4
100
AcDbSymbolTableRecord
100
AcDbDimStyleTableRecord
  2
EZ_CURVED
 70
0
 40
1.0
 41
0.25
 42
0.125
 43
3.75
 44
0.375
 45
0.0
 46
0.0
 47
0.0
 48
0.0
 49
2.5
140
0.25
141
2.5
142
0.0
143
0.03937007874
144
100.0
145
0.0
146
0.5
147
0.1
148
0.0
 69
0
 70
0
 71
0
 72
0
 73
0
 74
0
 75
0
 76
0
 77
1
 78
12
 79
2
 90
2
170
0
171
3
172
1
173
0
174
0
175
0
176
0
177
0
178
0
179
2
271
2
272
2
273
2
274
3
275
0
276
0
277
2
278
46
279
2
280
0
281
0
282
0
283
0
284
8
285
0
286
0
288
1
289
3
290
0
340
4C
371
-2
372
-2
  0
ENDTAB
  0
TABLE
  2
BLOCK_RECORD
  5
9
330
0
100
AcDbSymbolTable
 70
5
  0
BLOCK_RECORD
  5
17
330
9
100
AcDbSymbolTableRecord
100
AcDbBlockTableRecord
  2
*Model_Space
340
1A
 70
0
280
1
281
0
  0
BLOCK_RECORD
  5
1B
330
9
100
AcDbSymbolTableRecord
100
AcDbBlockTableRecord
  2
*Paper_Space
340
1E
 70
0
280
1
281
0
  0
BLOCK_RECORD
  5
74
330
9
100
AcDbSymbolTableRecord
100
AcDbBlockTableRecord
  2
_ARCHTICK
340
0
 70
0
280
1
281
0
  0
BLOCK_RECORD
  5
78
330
9
100
AcDbSymbolTableRecord
100
AcDbBlockTableRecord
  2
_CLOSEDFILLED
340
0
 70
0
280
1
281
0
  0
BLOCK_RECORD
  5
84
330
9
100
AcDbSymbolTableRecord
100
AcDbBlockTableRecord
  2
_CLOSEDBLANK
340
0
 70
0
280
1
281
0
  0
ENDTAB
  0
ENDSEC
  0
SECTION
  2
BLOCKS
  0
BLOCK
  5
18
330
17
100
AcDbEntity
  8
0
100
AcDbBlockBegin
  2
*Model_Space
 70
2
 10
0.0
 20
0.0
 30
0.0
  3
*Model_Space
  1

  0
ENDBLK
  5
19
330
17
100
AcDbEntity
  8
0
100
AcDbBlockEnd
  0
BLOCK
  5
1C
330
1B
100
AcDbEntity
  8
0
100
AcDbBlockBegin
  2
*Paper_Space
 70
0
 10
0.0
 20
0.0
 30
0.0
  3
*Paper_Space
  1

  0
ENDBLK
  5
1D
330
1B
100
AcDbEntity
  8
0
100
AcDbBlockEnd
  0
BLOCK
  5
75
330
74
100
AcDbEntity
  8
0
100
AcDbBlockBegin
  2
_ARCHTICK
 70
0
 10
0.0
 20
0.0
 30
0.0
  3
_ARCHTICK
  1

  0
LWPOLYLINE
  5
77
330
74
100
AcDbEntity
  8
0
  6
BYBLOCK
 62
0
100
AcDbPolyline
 90
2
 70
0
 43
0.15
 10
-0.5
 20
-0.5
 10
0.5
 20
0.5
  0
ENDBLK
  5
76
330
74
100
AcDbEntity
  8
0
100
AcDbBlockEnd
  0
BLOCK
  5
79
330
78
100
AcDbEntity
  8
0
100
AcDbBlockBegin
  2
_CLOSEDFILLED
 70
0
 10
0.0
 20
0.0
 30
0.0
  3
_CLOSEDFILLED
  1

  0
SOLID
  5
7B
330
78
100
AcDbEntity
  8
0
  6
BYBLOCK
 62
0
100
AcDbTrace
 10
-1.0
 20
0.16439898372402537
 30
0.0
 11
0.0
 21
0.0
 31
0.0
 12
-1.0
 22
-0.16439898372402537
 32
0.0
 13
-1.0
 23
-0.16439898372402537
 33
0.0
  0
ENDBLK
  5
7A
330
78
100
AcDbEntity
  8
0
100
AcDbBlockEnd
  0
BLOCK
  5
85
330
84
100
AcDbEntity
  8
0
100
AcDbBlockBegin
  2
_CLOSEDBLANK
 70
0
 10
0.0
 20
0.0
 30
0.0
  3
_CLOSEDBLANK
  1

  0
LWPOLYLINE
  5
87
330
84
100
AcDbEntity
  8
0
  6
BYBLOCK
 62
0
100
AcDbPolyline
 90
3
 70
1
 10
-1.0
 20
0.16439898372402537
 10
0.0
 20
0.0
 10
-1.0
 20
-0.16439898372402537
  0
ENDBLK
  5
86
330
84
100
AcDbEntity
  8
0
100
AcDbBlockEnd
  0
ENDSEC
  0
SECTION
  2
ENTITIES
  0
TEXT
  5
8A
330
17
100
AcDbEntity
  8
0
 62
2
100
AcDbText
 10
749.417075965147
 20
2430.6321190672516
 30
0.0
 40
11.4409728
  1
1756-IB32
  7
Tahoma
 72
1
 11
785.618649737612
 21
2436.352605467251
 31
0.0
100
AcDbText
 73
2
  0
TEXT
  5
8B
330
17
100
AcDbEntity
  8
0
 62
2
100
AcDbText
 10
690.0328967417372
 20
2402.062502078481
 30
0.0
 40
11.4409728
  1
DIGITAL INPUT MODULE
  7
Tahoma
 72
1
 11
777.3692414906955
 21
2407.7829884784824
 31
0.0
100
AcDbText
 73
2
  0
TEXT
  5
8C
330
17
100
AcDbEntity
  8
0
 62
2
100
AcDbText
 10
626.351920405601
 20
1998.4534611239815
 30
0.0
 40
11.4409728
  1
16
  7
Tahoma
 72
1
 11
634.9422545831703
 21
2004.173947523981
 31
0.0
100
AcDbText
 73
2
  0
TEXT
  5
8D
330
17
100
AcDbEntity
  8
0
 62
2
100
AcDbText
 10
626.351920405601
 20
2048.086289563382
 30
0.0
 40
11.4409728
  1
14
  7
Tahoma
 72
1
 11
634.9422545831703
 21
2053.8067759633814
 31
0.0
100
AcDbText
 73
2
  0
TEXT
  5
8E
330
17
100
AcDbEntity
  8
0
 62
2
100
AcDbText
 10
626.351920405601
 20
2097.719118002842
 30
0.0
 40
11.4409728
  1
12
  7
Tahoma
 72
1
 11
634.9422545831703
 21
2103.4396044028417
 31
0.0
100
AcDbText
 73
2
  0
TEXT
  5
8F
330
17
100
AcDbEntity
  8
0
 62
2
100
AcDbText
 10
626.351920405601
 20
2147.3519464423025
 30
0.0
 40
11.4409728
  1
10
  7
Tahoma
 72
1
 11
634.9422545831703
 21
2153.072432842302
 31
0.0
100
AcDbText
 73
2
  0
TEXT
  5
90
330
17
100
AcDbEntity
  8
0
 62
2
100
AcDbText
 10
630.6470874943861
 20
2196.984774881701
 30
0.0
 40
11.4409728
  1
8
  7
Tahoma
 72
1
 11
634.9422545831703
 21
2202.7052612817024
 31
0.0
100
AcDbText
 73
2
  0
TEXT
  5
91
330
17
100
AcDbEntity
  8
0
 62
2
100
AcDbText
 10
630.6470874943861
 20
2246.6176033211723
 30
0.0
 40
11.4409728
  1
6
  7
Tahoma
 72
1
 11
634.9422545831703
 21
2252.338089721172
 31
0.0
100
AcDbText
 73
2
  0
TEXT
  5
92
330
17
100
AcDbEntity
  8
0
 62
2
100
AcDbText
 10
630.6470874943861
 20
2296.2504317606326
 30
0.0
 40
11.4409728
  1
4
  7
Tahoma
 72
1
 11
634.9422545831703
 21
2301.970918160632
 31
0.0
100
AcDbText
 73
2
  0
TEXT
  5
93
330
17
100
AcDbEntity
  8
0
 62
2
100
AcDbText
 10
630.6470874943861
 20
2345.883260200091
 30
0.0
 40
11.4409728
  1
2
  7
Tahoma
 72
1
 11
634.9422545831703
 21
2351.6037466000926
 31
0.0
100
AcDbText
 73
2
  0
TEXT
  5
94
330
17
100
AcDbEntity
  8
0
 62
2
100
AcDbText
 10
626.351920405601
 20
1899.1878042450626
 30
0.0
 40
11.4409728
  1
20
  7
Tahoma
 72
1
 11
634.9422545831703
 21
1904.9082906450622
 31
0.0
100
AcDbText
 73
2
  0
TEXT
  5
95
330
17
100
AcDbEntity
  8
0
 62
2
100
AcDbText
 10
626.351920405601
 20
1948.8206326845211
 30
0.0
 40
11.4409728
  1
18
  7
Tahoma
 72
1
 11
634.9422545831703
 21
1954.5411190845225
 31
0.0
100
AcDbText
 73
2
  0
TEXT
  5
96
330
17
100
AcDbEntity
  8
0
 62
2
100
AcDbText
 10
910.7599842654381
 20
1998.4534611239815
 30
0.0
 40
11.4409728
  1
15
  7
Tahoma
 72
1
 11
919.3503184430074
 21
2004.173947523981
 31
0.0
100
AcDbText
 73
2
  0
TEXT
  5
97
330
17
100
AcDbEntity
  8
0
 62
2
100
AcDbText
 10
910.7599842654381
 20
2048.086289563382
 30
0.0
 40
11.4409728
  1
13
  7
Tahoma
 72
1
 11
919.3503184430074
 21
2053.8067759633814
 31
0.0
100
AcDbText
 73
2
  0
TEXT
  5
98
330
17
100
AcDbEntity
  8
0
 62
2
100
AcDbText
 10
910.7599842654381
 20
2097.719118002842
 30
0.0
 40
11.4409728
  1
11
  7
Tahoma
 72
1
 11
919.3503184430074
 21
2103.4396044028417
 31
0.0
100
AcDbText
 73
2
  0
TEXT
  5
99
330
17
100
AcDbEntity
  8
0
 62
2
100
AcDbText
 10
915.0551513542232
 20
2147.3519464423025
 30
0.0
 40
11.4409728
  1
9
  7
Tahoma
 72
1
 11
919.3503184430074
 21
2153.072432842302
 31
0.0
100
AcDbText
 73
2
  0
TEXT
  5
9A
330
17
100
AcDbEntity
  8
0
 62
2
100
AcDbText
 10
915.0551513542232
 20
2196.984774881701
 30
0.0
 40
11.4409728
  1
7
  7
Tahoma
 72
1
 11
919.3503184430074
 21
2202.7052612817024
 31
0.0
100
AcDbText
 73
2
  0
TEXT
  5
9B
330
17
100
AcDbEntity
  8
0
 62
2
100
AcDbText
 10
915.0551513542232
 20
2246.6176033211723
 30
0.0
 40
11.4409728
  1
5
  7
Tahoma
 72
1
 11
919.3503184430074
 21
2252.338089721172
 31
0.0
100
AcDbText
 73
2
  0
TEXT
  5
9C
330
17
100
AcDbEntity
  8
0
 62
2
100
AcDbText
 10
915.0551513542232
 20
2296.2504317606326
 30
0.0
 40
11.4409728
  1
3
  7
Tahoma
 72
1
 11
919.3503184430074
 21
2301.970918160632
 31
0.0
100
AcDbText
 73
2
  0
TEXT
  5
9D
330
17
100
AcDbEntity
  8
0
 62
2
100
AcDbText
 10
915.0551513542232
 20
2345.883260200091
 30
0.0
 40
11.4409728
  1
1
  7
Tahoma
 72
1
 11
919.3503184430074
 21
2351.6037466000926
 31
0.0
100
AcDbText
 73
2
  0
TEXT
  5
9E
330
17
100
AcDbEntity
  8
0
 62
2
100
AcDbText
 10
910.7599842654381
 20
1899.1878042450626
 30
0.0
 40
11.4409728
  1
19
  7
Tahoma
 72
1
 11
919.3503184430074
 21
1904.9082906450622
 31
0.0
100
AcDbText
 73
2
  0
TEXT
  5
9F
330
17
100
AcDbEntity
  8
0
 62
2
100
AcDbText
 10
910.7599842654381
 20
1948.8206326845211
 30
0.0
 40
11.4409728
  1
17
  7
Tahoma
 72
1
 11
919.3503184430074
 21
1954.5411190845225
 31
0.0
100
AcDbText
 73
2
  0
TEXT
  5
A0
330
17
100
AcDbEntity
  8
0
 62
4
100
AcDbText
 10
1048.2679301477901
 20
2110.8718851051617
 30
0.0
 40
9.948672000000002
  1
C2S1-11/P2-TBDI1-11
  7
Tahoma
100
AcDbText
  0
TEXT
  5
A1
330
17
100
AcDbEntity
  8
0
 62
2
100
AcDbText
 10
716.1853560279869
 20
2468.0593128929013
 30
0.0
 40
11.4409728
  1
CHASSIS C2 SLOT 1
  7
Tahoma
 72
1
 11
786.1796755186515
 21
2473.7797992929027
 31
0.0
100
AcDbText
 73
2
  0
TEXT
  5
A2
330
17
100
AcDbEntity
  8
0
 62
2
100
AcDbText
 10
704.2450233647878
 20
2345.883260200091
 30
0.0
 40
11.4409728
  1
IN-1
  7
Tahoma
 72
1
 11
719.5854546577357
 21
2351.6037466000926
 31
0.0
100
AcDbText
 73
2
  0
TEXT
  5
A3
330
17
100
AcDbEntity
  8
0
 62
2
100
AcDbText
 10
704.2450233647878
 20
2296.2504317606326
 30
0.0
 40
11.4409728
  1
IN-3
  7
Tahoma
 72
1
 11
719.5854546577357
 21
2301.970918160632
 31
0.0
100
AcDbText
 73
2
  0
TEXT
  5
A4
330
17
100
AcDbEntity
  8
0
 62
2
100
AcDbText
 10
704.2450233647878
 20
2246.6176033212323
 30
0.0
 40
11.4409728
  1
IN-5
  7
Tahoma
 72
1
 11
719.5854546577357
 21
2252.338089721232
 31
0.0
100
AcDbText
 73
2
  0
TEXT
  5
A5
330
17
100
AcDbEntity
  8
0
 62
2
100
AcDbText
 10
704.2450233647878
 20
2196.984774881701
 30
0.0
 40
11.4409728
  1
IN-7
  7
Tahoma
 72
1
 11
719.5854546577357
 21
2202.7052612817024
 31
0.0
100
AcDbText
 73
2
  0
TEXT
  5
A6
330
17
100
AcDbEntity
  8
0
 62
2
100
AcDbText
 10
704.2450233647878
 20
2147.3519464423025
 30
0.0
 40
11.4409728
  1
IN-9
  7
Tahoma
 72
1
 11
719.5854546577357
 21
2153.072432842302
 31
0.0
100
AcDbText
 73
2
  0
TEXT
  5
A7
330
17
100
AcDbEntity
  8
0
 62
2
100
AcDbText
 10
699.9498562760637
 20
2097.719118002842
 30
0.0
 40
11.4409728
  1
IN-11
  7
Tahoma
 72
1
 11
719.5854546577966
 21
2103.4396044028417
 31
0.0
100
AcDbText
 73
2
  0
TEXT
  5
A8
330
17
100
AcDbEntity
  8
0
 62
2
100
AcDbText
 10
699.9498562760637
 20
2048.086289563382
 30
0.0
 40
11.4409728
  1
IN-13
  7
Tahoma
 72
1
 11
719.5854546577966
 21
2053.8067759633814
 31
0.0
100
AcDbText
 73
2
  0
TEXT
  5
A9
330
17
100
AcDbEntity
  8
0
 62
2
100
AcDbText
 10
699.9498562760027
 20
1899.1878042450626
 30
0.0
 40
11.4409728
  1
IN-17
  7
Tahoma
 72
1
 11
719.5854546577357
 21
1904.9082906450622
 31
0.0
100
AcDbText
 73
2
  0
TEXT
  5
AA
330
17
100
AcDbEntity
  8
0
 62
2
100
AcDbText
 10
696.5920959579371
 20
1948.8206326845211
 30
0.0
 40
11.4409728
  1
GND-0
  7
Tahoma
 72
1
 11
719.5854546577357
 21
1954.5411190845225
 31
0.0
100
AcDbText
 73
2
  0
TEXT
  5
AB
330
17
100
AcDbEntity
  8
0
 62
2
100
AcDbText
 10
819.752173886679
 20
2296.2504317606326
 30
0.0
 40
11.4409728
  1
IN-2
  7
Tahoma
 72
1
 11
835.0926051796268
 21
2301.970918160632
 31
0.0
100
AcDbText
 73
2
  0
TEXT
  5
AC
330
17
100
AcDbEntity
  8
0
 62
2
100
AcDbText
 10
819.752173886679
 20
2246.6176033212323
 30
0.0
 40
11.4409728
  1
IN-4
  7
Tahoma
 72
1
 11
835.0926051796268
 21
2252.338089721232
 31
0.0
100
AcDbText
 73
2
  0
TEXT
  5
AD
330
17
100
AcDbEntity
  8
0
 62
2
100
AcDbText
 10
819.752173886679
 20
2196.984774881701
 30
0.0
 40
11.4409728
  1
IN-6
  7
Tahoma
 72
1
 11
835.0926051796268
 21
2202.7052612817024
 31
0.0
100
AcDbText
 73
2
  0
TEXT
  5
AE
330
17
100
AcDbEntity
  8
0
 62
2
100
AcDbText
 10
819.752173886679
 20
2147.3519464423025
 30
0.0
 40
11.4409728
  1
IN-8
  7
Tahoma
 72
1
 11
835.0926051796268
 21
2153.072432842302
 31
0.0
100
AcDbText
 73
2
  0
TEXT
  5
AF
330
17
100
AcDbEntity
  8
0
 62
2
100
AcDbText
 10
815.4570067980158
 20
2097.719118002842
 30
0.0
 40
11.4409728
  1
IN-10
  7
Tahoma
 72
1
 11
835.0926051797487
 21
2103.4396044028417
 31
0.0
100
AcDbText
 73
2
  0
TEXT
  5
B0
330
17
100
AcDbEntity
  8
0
 62
2
100
AcDbText
 10
815.4570067980158
 20
2048.086289563382
 30
0.0
 40
11.4409728
  1
IN-12
  7
Tahoma
 72
1
 11
835.0926051797487
 21
2053.8067759633814
 31
0.0
100
AcDbText
 73
2
  0
TEXT
  5
B1
330
17
100
AcDbEntity
  8
0
 62
2
100
AcDbText
 10
812.0992464798273
 20
1948.8206326845211
 30
0.0
 40
11.4409728
  1
GND-0
  7
Tahoma
 72
1
 11
835.0926051796268
 21
1954.5411190845225
 31
0.0
100
AcDbText
 73
2
  0
TEXT
  5
B2
330
17
100
AcDbEntity
  8
0
 62
2
100
AcDbText
 10
815.4570067978939
 20
1899.1878042450626
 30
0.0
 40
11.4409728
  1
IN-16
  7
Tahoma
 72
1
 11
835.0926051796268
 21
1904.9082906450622
 31
0.0
100
AcDbText
 73
2
  0
TEXT
  5
B3
330
17
100
AcDbEntity
  8
0
 62
2
100
AcDbText
 10
819.752173886679
 20
2345.883260200091
 30
0.0
 40
11.4409728
  1
IN-0
  7
Tahoma
 72
1
 11
835.0926051796268
 21
2351.6037466000926
 31
0.0
100
AcDbText
 73
2
  0
LINE
  5
B4
330
17
100
AcDbEntity
  8
IE-WIRE
 62
4
 48
25.39999961853027
100
AcDbLine
 10
348.1486821241042
 20
2352.7478438800226
 30
0.0
 11
593.4300439792605
 21
2352.7478438800918
 31
0.0
  0
LINE
  5
B5
330
17
100
AcDbEntity
  8
IE-WIRE
 62
4
 48
25.39999961853027
100
AcDbLine
 10
348.1486821241042
 20
2303.1150154405714
 30
0.0
 11
593.4300439792605
 21
2303.1150154405714
 31
0.0
  0
LINE
  5
B6
330
17
100
AcDbEntity
  8
IE-WIRE
 62
4
 48
25.39999961853027
100
AcDbLine
 10
338.9737934142422
 20
2343.5729551701625
 30
0.0
 11
338.9737934142422
 21
1346.1501543611612
 31
0.0
  0
TEXT
  5
B7
330
17
100
AcDbEntity
  8
0
 62
4
100
AcDbText
 10
365.79757853485717
 20
2358.7044335377814
 30
0.0
 40
9.948672000000002
  1
C2S1-2/P2-TBDI1-2
  7
Tahoma
100
AcDbText
  0
TEXT
  5
B8
330
17
100
AcDbEntity
  8
0
 62
4
100
AcDbText
 10
365.79757853485717
 20
2308.7400104167027
 30
0.0
 40
9.948672000000002
  1
C2S1-4/P2-TBDI1-4
  7
Tahoma
100
AcDbText
  0
TEXT
  5
B9
330
17
100
AcDbEntity
  8
0
 62
2
100
AcDbText
 10
626.351920405601
 20
1700.6564904873412
 30
0.0
 40
11.4409728
  1
28
  7
Tahoma
 72
1
 11
634.9422545831703
 21
1706.3769768873426
 31
0.0
100
AcDbText
 73
2
  0
TEXT
  5
BA
330
17
100
AcDbEntity
  8
0
 62
2
100
AcDbText
 10
626.351920405601
 20
1750.2893189268016
 30
0.0
 40
11.4409728
  1
26
  7
Tahoma
 72
1
 11
634.9422545831703
 21
1756.0098053268011
 31
0.0
100
AcDbText
 73
2
  0
TEXT
  5
BB
330
17
100
AcDbEntity
  8
0
 62
2
100
AcDbText
 10
626.351920405601
 20
1799.922147366202
 30
0.0
 40
11.4409728
  1
24
  7
Tahoma
 72
1
 11
634.9422545831703
 21
1805.6426337662015
 31
0.0
100
AcDbText
 73
2
  0
TEXT
  5
BC
330
17
100
AcDbEntity
  8
0
 62
2
100
AcDbText
 10
626.351920405601
 20
1849.5549758056623
 30
0.0
 40
11.4409728
  1
22
  7
Tahoma
 72
1
 11
634.9422545831703
 21
1855.2754622056618
 31
0.0
100
AcDbText
 73
2
  0
TEXT
  5
BD
330
17
100
AcDbEntity
  8
0
 62
2
100
AcDbText
 10
626.351920405601
 20
1601.3908336084824
 30
0.0
 40
11.4409728
  1
32
  7
Tahoma
 72
1
 11
634.9422545831703
 21
1607.111320008482
 31
0.0
100
AcDbText
 73
2
  0
TEXT
  5
BE
330
17
100
AcDbEntity
  8
0
 62
2
100
AcDbText
 10
626.351920405601
 20
1651.0236620478827
 30
0.0
 40
11.4409728
  1
30
  7
Tahoma
 72
1
 11
634.9422545831703
 21
1656.7441484478823
 31
0.0
100
AcDbText
 73
2
  0
TEXT
  5
BF
330
17
100
AcDbEntity
  8
0
 62
2
100
AcDbText
 10
910.7599842654381
 20
1700.6564904873412
 30
0.0
 40
11.4409728
  1
27
  7
Tahoma
 72
1
 11
919.3503184430074
 21
1706.3769768873426
 31
0.0
100
AcDbText
 73
2
  0
TEXT
  5
C0
330
17
100
AcDbEntity
  8
0
 62
2
100
AcDbText
 10
910.7599842654381
 20
1750.2893189268016
 30
0.0
 40
11.4409728
  1
25
  7
Tahoma
 72
1
 11
919.3503184430074
 21
1756.0098053268011
 31
0.0
100
AcDbText
 73
2
  0
TEXT
  5
C1
330
17
100
AcDbEntity
  8
0
 62
2
100
AcDbText
 10
910.7599842654381
 20
1799.922147366202
 30
0.0
 40
11.4409728
  1
23
  7
Tahoma
 72
1
 11
919.3503184430074
 21
1805.6426337662015
 31
0.0
100
AcDbText
 73
2
  0
TEXT
  5
C2
330
17
100
AcDbEntity
  8
0
 62
2
100
AcDbText
 10
910.7599842654381
 20
1849.5549758056623
 30
0.0
 40
11.4409728
  1
21
  7
Tahoma
 72
1
 11
919.3503184430074
 21
1855.2754622056618
 31
0.0
100
AcDbText
 73
2
  0
TEXT
  5
C3
330
17
100
AcDbEntity
  8
0
 62
2
100
AcDbText
 10
910.7599842654381
 20
1601.3908336084824
 30
0.0
 40
11.4409728
  1
31
  7
Tahoma
 72
1
 11
919.3503184430074
 21
1607.111320008482
 31
0.0
100
AcDbText
 73
2
  0
TEXT
  5
C4
330
17
100
AcDbEntity
  8
0
 62
2
100
AcDbText
 10
910.7599842654381
 20
1651.0236620478827
 30
0.0
 40
11.4409728
  1
29
  7
Tahoma
 72
1
 11
919.3503184430074
 21
1656.7441484478823
 31
0.0
100
AcDbText
 73
2
  0
TEXT
  5
C5
330
17
100
AcDbEntity
  8
0
 62
2
100
AcDbText
 10
702.8081785604891
 20
1849.5549758056623
 30
0.0
 40
11.4409728
  1
IN19
  7
Tahoma
 72
1
 11
719.5854546577357
 21
1855.2754622056618
 31
0.0
100
AcDbText
 73
2
  0
TEXT
  5
C6
330
17
100
AcDbEntity
  8
0
 62
2
100
AcDbText
 10
699.9498562760027
 20
1799.922147366202
 30
0.0
 40
11.4409728
  1
IN-23
  7
Tahoma
 72
1
 11
719.5854546577357
 21
1805.6426337662015
 31
0.0
100
AcDbText
 73
2
  0
TEXT
  5
C7
330
17
100
AcDbEntity
  8
0
 62
2
100
AcDbText
 10
699.9498562760027
 20
1750.2893189268016
 30
0.0
 40
11.4409728
  1
IN-23
  7
Tahoma
 72
1
 11
719.5854546577357
 21
1756.0098053268011
 31
0.0
100
AcDbText
 73
2
  0
TEXT
  5
C8
330
17
100
AcDbEntity
  8
0
 62
2
100
AcDbText
 10
699.9498562760027
 20
1700.6564904873412
 30
0.0
 40
11.4409728
  1
IN-25
  7
Tahoma
 72
1
 11
719.5854546577357
 21
1706.3769768873426
 31
0.0
100
AcDbText
 73
2
  0
TEXT
  5
C9
330
17
100
AcDbEntity
  8
0
 62
2
100
AcDbText
 10
699.9498562760027
 20
1601.3908336084824
 30
0.0
 40
11.4409728
  1
IN-29
  7
Tahoma
 72
1
 11
719.5854546577357
 21
1607.111320008482
 31
0.0
100
AcDbText
 73
2
  0
TEXT
  5
CA
330
17
100
AcDbEntity
  8
0
 62
2
100
AcDbText
 10
699.9498562760027
 20
1651.0236620478827
 30
0.0
 40
11.4409728
  1
IN-27
  7
Tahoma
 72
1
 11
719.5854546577357
 21
1656.7441484478823
 31
0.0
100
AcDbText
 73
2
  0
TEXT
  5
CB
330
17
100
AcDbEntity
  8
0
 62
2
100
AcDbText
 10
815.4570067978939
 20
1849.5549758056623
 30
0.0
 40
11.4409728
  1
IN-18
  7
Tahoma
 72
1
 11
835.0926051796268
 21
1855.2754622056618
 31
0.0
100
AcDbText
 73
2
  0
TEXT
  5
CC
330
17
100
AcDbEntity
  8
0
 62
2
100
AcDbText
 10
815.4570067978939
 20
1799.922147366202
 30
0.0
 40
11.4409728
  1
IN-20
  7
Tahoma
 72
1
 11
835.0926051796268
 21
1805.6426337662015
 31
0.0
100
AcDbText
 73
2
  0
TEXT
  5
CD
330
17
100
AcDbEntity
  8
0
 62
2
100
AcDbText
 10
815.4570067978939
 20
1750.2893189268016
 30
0.0
 40
11.4409728
  1
IN-24
  7
Tahoma
 72
1
 11
835.0926051796268
 21
1756.0098053268011
 31
0.0
100
AcDbText
 73
2
  0
TEXT
  5
CE
330
17
100
AcDbEntity
  8
0
 62
2
100
AcDbText
 10
815.4570067978939
 20
1700.6564904872812
 30
0.0
 40
11.4409728
  1
IN-24
  7
Tahoma
 72
1
 11
835.0926051796268
 21
1706.3769768872826
 31
0.0
100
AcDbText
 73
2
  0
TEXT
  5
CF
330
17
100
AcDbEntity
  8
0
 62
2
100
AcDbText
 10
815.4570067978939
 20
1651.0236620478827
 30
0.0
 40
11.4409728
  1
IN-26
  7
Tahoma
 72
1
 11
835.0926051796268
 21
1656.7441484478823
 31
0.0
100
AcDbText
 73
2
  0
TEXT
  5
D0
330
17
100
AcDbEntity
  8
0
 62
2
100
AcDbText
 10
815.4570067978939
 20
1601.3908336084114
 30
0.0
 40
11.4409728
  1
IN-28
  7
Tahoma
 72
1
 11
835.0926051796268
 21
1607.111320008411
 31
0.0
100
AcDbText
 73
2
  0
TEXT
  5
D1
330
17
100
AcDbEntity
  8
0
 62
2
100
AcDbText
 10
626.351920405601
 20
1502.1251767296217
 30
0.0
 40
11.4409728
  1
36
  7
Tahoma
 72
1
 11
634.9422545831703
 21
1507.8456631296212
 31
0.0
100
AcDbText
 73
2
  0
TEXT
  5
D2
330
17
100
AcDbEntity
  8
0
 62
2
100
AcDbText
 10
626.351920405601
 20
1551.758005169011
 30
0.0
 40
11.4409728
  1
34
  7
Tahoma
 72
1
 11
634.9422545831703
 21
1557.4784915690125
 31
0.0
100
AcDbText
 73
2
  0
TEXT
  5
D3
330
17
100
AcDbEntity
  8
0
 62
2
100
AcDbText
 10
910.7599842654381
 20
1502.1251767296217
 30
0.0
 40
11.4409728
  1
35
  7
Tahoma
 72
1
 11
919.3503184430074
 21
1507.8456631296212
 31
0.0
100
AcDbText
 73
2
  0
TEXT
  5
D4
330
17
100
AcDbEntity
  8
0
 62
2
100
AcDbText
 10
910.7599842654381
 20
1551.758005169011
 30
0.0
 40
11.4409728
  1
33
  7
Tahoma
 72
1
 11
919.3503184430074
 21
1557.4784915690125
 31
0.0
100
AcDbText
 73
2
  0
TEXT
  5
D5
330
17
100
AcDbEntity
  8
0
 62
2
100
AcDbText
 10
696.5920959579371
 20
1502.1251767296217
 30
0.0
 40
11.4409728
  1
GND-1
  7
Tahoma
 72
1
 11
719.5854546577357
 21
1507.8456631296212
 31
0.0
100
AcDbText
 73
2
  0
TEXT
  5
D6
330
17
100
AcDbEntity
  8
0
 62
2
100
AcDbText
 10
699.9498562760027
 20
1551.758005169011
 30
0.0
 40
11.4409728
  1
IN-31
  7
Tahoma
 72
1
 11
719.5854546577357
 21
1557.4784915690125
 31
0.0
100
AcDbText
 73
2
  0
TEXT
  5
D7
330
17
100
AcDbEntity
  8
0
 62
2
100
AcDbText
 10
815.4570067978939
 20
1551.758005169011
 30
0.0
 40
11.4409728
  1
IN-30
  7
Tahoma
 72
1
 11
835.0926051796268
 21
1557.4784915690125
 31
0.0
100
AcDbText
 73
2
  0
TEXT
  5
D8
330
17
100
AcDbEntity
  8
0
 62
2
100
AcDbText
 10
812.0992464798273
 20
1502.1251767295525
 30
0.0
 40
11.4409728
  1
GND-1
  7
Tahoma
 72
1
 11
835.0926051796268
 21
1507.8456631295521
 31
0.0
100
AcDbText
 73
2
  0
TEXT
  5
D9
330
17
100
AcDbEntity
  8
0
 62
2
100
AcDbText
 10
699.9498562760637
 20
1998.4534611239815
 30
0.0
 40
11.4409728
  1
IN-15
  7
Tahoma
 72
1
 11
719.5854546577966
 21
2004.173947523981
 31
0.0
100
AcDbText
 73
2
  0
TEXT
  5
DA
330
17
100
AcDbEntity
  8
0
 62
2
100
AcDbText
 10
815.4570067980158
 20
1998.4534611239815
 30
0.0
 40
11.4409728
  1
IN-14
  7
Tahoma
 72
1
 11
835.0926051797487
 21
2004.173947523981
 31
0.0
100
AcDbText
 73
2
  0
TEXT
  5
DB
330
17
100
AcDbEntity
  8
0
 62
4
100
AcDbText
 10
1048.2679301477901
 20
2160.504713544622
 30
0.0
 40
9.948672000000002
  1
C2S1-9/P2-TBDI1-9
  7
Tahoma
100
AcDbText
  0
TEXT
  5
DC
330
17
100
AcDbEntity
  8
0
 62
4
100
AcDbText
 10
565.8521242630704
 20
2358.0013119002415
 30
0.0
 40
9.948672000000002
  1
WH
  7
Tahoma
100
AcDbText
  0
TEXT
  5
DD
330
17
100
AcDbEntity
  8
0
 62
4
100
AcDbText
 10
565.8521242630704
 20
2308.368483460852
 30
0.0
 40
9.948672000000002
  1
WH
  7
Tahoma
100
AcDbText
  0
TEXT
  5
DE
330
17
100
AcDbEntity
  8
0
 62
4
100
AcDbText
 10
985.3489088676124
 20
2159.469998142522
 30
0.0
 40
9.948672000000002
  1
WH
  7
Tahoma
100
AcDbText
  0
TEXT
  5
DF
330
17
100
AcDbEntity
  8
0
 62
4
100
AcDbText
 10
985.3489088676124
 20
2109.8371697030616
 30
0.0
 40
9.948672000000002
  1
WH
  7
Tahoma
100
AcDbText
  0
LINE
  5
E0
330
17
100
AcDbEntity
  8
IE-WIRE
 62
4
 48
25.39999961853027
100
AcDbLine
 10
348.1486821241042
 20
2253.482187001102
 30
0.0
 11
593.4300439792605
 21
2253.482187001102
 31
0.0
  0
TEXT
  5
E1
330
17
100
AcDbEntity
  8
0
 62
4
100
AcDbText
 10
365.79757853485717
 20
2259.1071819771823
 30
0.0
 40
9.948672000000002
  1
C2S1-6/P2-TBDI1-6
  7
Tahoma
100
AcDbText
  0
TEXT
  5
E2
330
17
100
AcDbEntity
  8
0
 62
4
100
AcDbText
 10
565.8521242630704
 20
2258.7356550213226
 30
0.0
 40
9.948672000000002
  1
WH
  7
Tahoma
100
AcDbText
  0
LINE
  5
E3
330
17
100
AcDbEntity
  8
IE-WIRE
 62
4
 48
25.39999961853027
100
AcDbLine
 10
348.1486821241042
 20
2203.8493585616416
 30
0.0
 11
593.4300439792605
 21
2203.8493585616416
 31
0.0
  0
TEXT
  5
E4
330
17
100
AcDbEntity
  8
0
 62
4
100
AcDbText
 10
365.79757853485717
 20
2209.474353537782
 30
0.0
 40
9.948672000000002
  1
C2S1-8/P2-TBDI1-8
  7
Tahoma
100
AcDbText
  0
TEXT
  5
E5
330
17
100
AcDbEntity
  8
0
 62
4
100
AcDbText
 10
565.8521242630704
 20
2209.1028265819223
 30
0.0
 40
9.948672000000002
  1
WH
  7
Tahoma
100
AcDbText
  0
LINE
  5
E6
330
17
100
AcDbEntity
  8
IE-WIRE
 62
4
 48
25.39999961853027
100
AcDbLine
 10
348.1486821241042
 20
2154.2165301222412
 30
0.0
 11
593.4300439792605
 21
2154.2165301222412
 31
0.0
  0
TEXT
  5
E7
330
17
100
AcDbEntity
  8
0
 62
4
100
AcDbText
 10
365.79757853485717
 20
2159.8415250983217
 30
0.0
 40
9.948672000000002
  1
C2S1-10/P2-TBDI1-10
  7
Tahoma
100
AcDbText
  0
TEXT
  5
E8
330
17
100
AcDbEntity
  8
0
 62
4
100
AcDbText
 10
565.8521242630704
 20
2159.469998142462
 30
0.0
 40
9.948672000000002
  1
WH
  7
Tahoma
100
AcDbText
  0
TEXT
  5
E9
330
17
100
AcDbEntity
  8
0
 62
4
100
AcDbText
 10
1048.2679301477901
 20
2061.2390566657614
 30
0.0
 40
9.948672000000002
  1
C2S1-13/P2-TBDI1-13
  7
Tahoma
100
AcDbText
  0
TEXT
  5
EA
330
17
100
AcDbEntity
  8
0
 62
4
100
AcDbText
 10
985.3489088676124
 20
2060.2043412636012
 30
0.0
 40
9.948672000000002
  1
WH
  7
Tahoma
100
AcDbText
  0
TEXT
  5
EB
330
17
100
AcDbEntity
  8
0
 62
4
100
AcDbText
 10
1048.2679301477901
 20
2011.606228226301
 30
0.0
 40
9.948672000000002
  1
C2S1-15/P2-TBDI1-15
  7
Tahoma
100
AcDbText
  0
TEXT
  5
EC
330
17
100
AcDbEntity
  8
0
 62
4
100
AcDbText
 10
985.3489088676124
 20
2010.5715128242027
 30
0.0
 40
9.948672000000002
  1
WH
  7
Tahoma
100
AcDbText
  0
LINE
  5
ED
330
17
100
AcDbEntity
  8
IE-WIRE
 62
4
 48
25.39999961853027
100
AcDbLine
 10
348.1486821241042
 20
1906.0523879250613
 30
0.0
 11
593.4300439792605
 21
1906.0523879250613
 31
0.0
  0
TEXT
  5
EE
330
17
100
AcDbEntity
  8
0
 62
4
100
AcDbText
 10
365.79757853485717
 20
1911.6773829011418
 30
0.0
 40
9.948672000000002
  1
C2S1-20/P2-TBDI1-18
  7
Tahoma
100
AcDbText
  0
TEXT
  5
EF
330
17
100
AcDbEntity
  8
0
 62
4
100
AcDbText
 10
565.8521242630704
 20
1911.305855945282
 30
0.0
 40
9.948672000000002
  1
WH
  7
Tahoma
100
AcDbText
  0
TEXT
  5
F0
330
17
100
AcDbEntity
  8
0
 62
4
100
AcDbText
 10
1048.2679301477901
 20
1912.3405713474422
 30
0.0
 40
9.948672000000002
  1
C2S1-19/P2-TBDI1-17
  7
Tahoma
100
AcDbText
  0
TEXT
  5
F1
330
17
100
AcDbEntity
  8
0
 62
4
100
AcDbText
 10
985.3489088676124
 20
1911.305855945342
 30
0.0
 40
9.948672000000002
  1
WH
  7
Tahoma
100
AcDbText
  0
LINE
  5
F2
330
17
100
AcDbEntity
  8
IE-WIRE
 62
4
 48
25.39999961853027
100
AcDbLine
 10
348.1486821241042
 20
1856.419559485601
 30
0.0
 11
593.4300439792605
 21
1856.419559485601
 31
0.0
  0
TEXT
  5
F3
330
17
100
AcDbEntity
  8
0
 62
4
100
AcDbText
 10
365.79757853485717
 20
1862.0445544616814
 30
0.0
 40
9.948672000000002
  1
C2S1-22/P2-TBDI1-20
  7
Tahoma
100
AcDbText
  0
TEXT
  5
F4
330
17
100
AcDbEntity
  8
0
 62
4
100
AcDbText
 10
565.8521242630704
 20
1861.6730275058126
 30
0.0
 40
9.948672000000002
  1
WH
  7
Tahoma
100
AcDbText
  0
TEXT
  5
F5
330
17
100
AcDbEntity
  8
0
 62
4
100
AcDbText
 10
1048.2679301477901
 20
1862.7077429079727
 30
0.0
 40
9.948672000000002
  1
C2S1-21/P2-TBDI1-19
  7
Tahoma
100
AcDbText
  0
TEXT
  5
F6
330
17
100
AcDbEntity
  8
0
 62
4
100
AcDbText
 10
985.3489088676124
 20
1861.6730275058726
 30
0.0
 40
9.948672000000002
  1
WH
  7
Tahoma
100
AcDbText
  0
LINE
  5
F7
330
17
100
AcDbEntity
  8
IE-WIRE
 62
4
 48
25.39999961853027
100
AcDbLine
 10
348.1486821241042
 20
1806.7867310461424
 30
0.0
 11
593.4300439792605
 21
1806.7867310461424
 31
0.0
  0
TEXT
  5
F8
330
17
100
AcDbEntity
  8
0
 62
4
100
AcDbText
 10
365.79757853485717
 20
1812.411726022281
 30
0.0
 40
9.948672000000002
  1
C2S1-24/P2-TBDI1-22
  7
Tahoma
100
AcDbText
  0
TEXT
  5
F9
330
17
100
AcDbEntity
  8
0
 62
4
100
AcDbText
 10
565.8521242630704
 20
1812.0401990664122
 30
0.0
 40
9.948672000000002
  1
WH
  7
Tahoma
100
AcDbText
  0
TEXT
  5
FA
330
17
100
AcDbEntity
  8
0
 62
4
100
AcDbText
 10
1048.2679301477901
 20
1813.0749144685724
 30
0.0
 40
9.948672000000002
  1
C2S1-23/P2-TBDI1-21
  7
Tahoma
100
AcDbText
  0
TEXT
  5
FB
330
17
100
AcDbEntity
  8
0
 62
4
100
AcDbText
 10
985.3489088676124
 20
1812.0401990664122
 30
0.0
 40
9.948672000000002
  1
WH
  7
Tahoma
100
AcDbText
  0
LINE
  5
FC
330
17
100
AcDbEntity
  8
IE-WIRE
 62
4
 48
25.39999961853027
100
AcDbLine
 10
348.1486821241042
 20
1757.1539026067421
 30
0.0
 11
593.4300439792605
 21
1757.1539026067421
 31
0.0
  0
TEXT
  5
FD
330
17
100
AcDbEntity
  8
0
 62
4
100
AcDbText
 10
365.79757853485717
 20
1762.7788975828116
 30
0.0
 40
9.948672000000002
  1
C2S1-26/P2-TBDI1-24
  7
Tahoma
100
AcDbText
  0
TEXT
  5
FE
330
17
100
AcDbEntity
  8
0
 62
4
100
AcDbText
 10
565.8521242630704
 20
1762.407370626952
 30
0.0
 40
9.948672000000002
  1
WH
  7
Tahoma
100
AcDbText
  0
TEXT
  5
FF
330
17
100
AcDbEntity
  8
0
 62
4
100
AcDbText
 10
1048.2679301477901
 20
1763.442086029112
 30
0.0
 40
9.948672000000002
  1
C2S1-25/P2-TBDI1-23
  7
Tahoma
100
AcDbText
  0
TEXT
  5
100
330
17
100
AcDbEntity
  8
0
 62
4
100
AcDbText
 10
985.3489088676124
 20
1762.407370627012
 30
0.0
 40
9.948672000000002
  1
WH
  7
Tahoma
100
AcDbText
  0
LINE
  5
101
330
17
100
AcDbEntity
  8
IE-WIRE
 62
4
 48
25.39999961853027
100
AcDbLine
 10
348.1486821241042
 20
1707.5210741672818
 30
0.0
 11
593.4300439792605
 21
1707.5210741672818
 31
0.0
  0
TEXT
  5
102
330
17
100
AcDbEntity
  8
0
 62
4
100
AcDbText
 10
365.79757853485717
 20
1713.1460691433622
 30
0.0
 40
9.948672000000002
  1
C2S1-28/P2-TBDI1-26
  7
Tahoma
100
AcDbText
  0
TEXT
  5
103
330
17
100
AcDbEntity
  8
0
 62
4
100
AcDbText
 10
565.8521242630704
 20
1712.7745421874915
 30
0.0
 40
9.948672000000002
  1
WH
  7
Tahoma
100
AcDbText
  0
TEXT
  5
104
330
17
100
AcDbEntity
  8
0
 62
4
100
AcDbText
 10
1048.2679301477901
 20
1713.8092575896517
 30
0.0
 40
9.948672000000002
  1
C2S1-27/P2-TBDI1-25
  7
Tahoma
100
AcDbText
  0
TEXT
  5
105
330
17
100
AcDbEntity
  8
0
 62
4
100
AcDbText
 10
985.3489088676124
 20
1712.7745421875516
 30
0.0
 40
9.948672000000002
  1
WH
  7
Tahoma
100
AcDbText
  0
TEXT
  5
106
330
17
100
AcDbEntity
  8
0
 62
4
100
AcDbText
 10
1048.2679301477901
 20
2309.4031988629413
 30
0.0
 40
9.948672000000002
  1
C2S1-3/P2-TBDI1-3
  7
Tahoma
100
AcDbText
  0
TEXT
  5
107
330
17
100
AcDbEntity
  8
0
 62
4
100
AcDbText
 10
1048.2679301477901
 20
2359.0360273023416
 30
0.0
 40
9.948672000000002
  1
C2S1-1/P2-TBDI1-1
  7
Tahoma
100
AcDbText
  0
TEXT
  5
108
330
17
100
AcDbEntity
  8
0
 62
4
100
AcDbText
 10
985.3489088676124
 20
2358.0013119002415
 30
0.0
 40
9.948672000000002
  1
WH
  7
Tahoma
100
AcDbText
  0
TEXT
  5
109
330
17
100
AcDbEntity
  8
0
 62
4
100
AcDbText
 10
985.3489088676124
 20
2308.368483460852
 30
0.0
 40
9.948672000000002
  1
WH
  7
Tahoma
100
AcDbText
  0
TEXT
  5
10A
330
17
100
AcDbEntity
  8
0
 62
4
100
AcDbText
 10
1048.2679301477901
 20
2259.7703704234827
 30
0.0
 40
9.948672000000002
  1
C2S1-5/P2-TBDI1-5
  7
Tahoma
100
AcDbText
  0
TEXT
  5
10B
330
17
100
AcDbEntity
  8
0
 62
4
100
AcDbText
 10
985.3489088676124
 20
2258.7356550213826
 30
0.0
 40
9.948672000000002
  1
WH
  7
Tahoma
100
AcDbText
  0
TEXT
  5
10C
330
17
100
AcDbEntity
  8
0
 62
4
100
AcDbText
 10
1048.2679301477901
 20
2210.1375419840224
 30
0.0
 40
9.948672000000002
  1
C2S1-7/P2-TBDI1-7
  7
Tahoma
100
AcDbText
  0
TEXT
  5
10D
330
17
100
AcDbEntity
  8
0
 62
4
100
AcDbText
 10
985.3489088676124
 20
2209.1028265819223
 30
0.0
 40
9.948672000000002
  1
WH
  7
Tahoma
100
AcDbText
  0
LINE
  5
10E
330
17
100
AcDbEntity
  8
IE-WIRE
 62
4
 48
25.39999961853027
100
AcDbLine
 10
348.1486821241042
 20
2104.5837016827227
 30
0.0
 11
593.4300439792605
 21
2104.5837016827227
 31
0.0
  0
TEXT
  5
10F
330
17
100
AcDbEntity
  8
0
 62
4
100
AcDbText
 10
365.79757853485717
 20
2110.2086966588613
 30
0.0
 40
9.948672000000002
  1
C2S1-12/P2-TBDI1-12
  7
Tahoma
100
AcDbText
  0
TEXT
  5
110
330
17
100
AcDbEntity
  8
0
 62
4
100
AcDbText
 10
565.8521242630704
 20
2109.8371697029415
 30
0.0
 40
9.948672000000002
  1
WH
  7
Tahoma
100
AcDbText
  0
LINE
  5
111
330
17
100
AcDbEntity
  8
IE-WIRE
 62
4
 48
25.39999961853027
100
AcDbLine
 10
348.1486821241042
 20
2054.9508732433223
 30
0.0
 11
593.4300439792605
 21
2054.9508732433223
 31
0.0
  0
TEXT
  5
112
330
17
100
AcDbEntity
  8
0
 62
4
100
AcDbText
 10
365.79757853485717
 20
2060.5758682194028
 30
0.0
 40
9.948672000000002
  1
C2S1-14/P2-TBDI1-14
  7
Tahoma
100
AcDbText
  0
TEXT
  5
113
330
17
100
AcDbEntity
  8
0
 62
4
100
AcDbText
 10
565.8521242630704
 20
2060.204341263541
 30
0.0
 40
9.948672000000002
  1
WH
  7
Tahoma
100
AcDbText
  0
LINE
  5
114
330
17
100
AcDbEntity
  8
IE-WIRE
 62
4
 48
25.39999961853027
100
AcDbLine
 10
348.1486821241042
 20
2005.318044803862
 30
0.0
 11
593.4300439792605
 21
2005.318044803862
 31
0.0
  0
TEXT
  5
115
330
17
100
AcDbEntity
  8
0
 62
4
100
AcDbText
 10
365.79757853485717
 20
2010.9430397799424
 30
0.0
 40
9.948672000000002
  1
C2S1-16/P2-TBDI1-16
  7
Tahoma
100
AcDbText
  0
TEXT
  5
116
330
17
100
AcDbEntity
  8
0
 62
4
100
AcDbText
 10
565.8521242630704
 20
2010.5715128240718
 30
0.0
 40
9.948672000000002
  1
WH
  7
Tahoma
100
AcDbText
  0
LINE
  5
117
330
17
100
AcDbEntity
  8
IE-WIRE
 62
4
 48
25.39999961853027
100
AcDbLine
 10
348.1486821241042
 20
1657.8882457278814
 30
0.0
 11
593.4300439792605
 21
1657.8882457278814
 31
0.0
  0
TEXT
  5
118
330
17
100
AcDbEntity
  8
0
 62
4
100
AcDbText
 10
365.79757853485717
 20
1663.5132407040219
 30
0.0
 40
9.948672000000002
  1
C2S1-30/P2-TBDI1-28
  7
Tahoma
100
AcDbText
  0
TEXT
  5
119
330
17
100
AcDbEntity
  8
0
 62
4
100
AcDbText
 10
565.8521242630704
 20
1663.1417137481621
 30
0.0
 40
9.948672000000002
  1
WH
  7
Tahoma
100
AcDbText
  0
TEXT
  5
11A
330
17
100
AcDbEntity
  8
0
 62
4
100
AcDbText
 10
1048.2679301477901
 20
1664.1764291502514
 30
0.0
 40
9.948672000000002
  1
C2S1-29/P2-TBDI1-27
  7
Tahoma
100
AcDbText
  0
TEXT
  5
11B
330
17
100
AcDbEntity
  8
0
 62
4
100
AcDbText
 10
985.3489088676124
 20
1663.1417137481621
 30
0.0
 40
9.948672000000002
  1
WH
  7
Tahoma
100
AcDbText
  0
LINE
  5
11C
330
17
100
AcDbEntity
  8
IE-WIRE
 62
4
 48
25.39999961853027
100
AcDbLine
 10
348.1486821241042
 20
1608.255417288412
 30
0.0
 11
593.4300439792605
 21
1608.255417288412
 31
0.0
  0
TEXT
  5
11D
330
17
100
AcDbEntity
  8
0
 62
4
100
AcDbText
 10
365.79757853485717
 20
1613.8804122644924
 30
0.0
 40
9.948672000000002
  1
C2S1-32/P2-TBDI1-30
  7
Tahoma
100
AcDbText
  0
TEXT
  5
11E
330
17
100
AcDbEntity
  8
0
 62
4
100
AcDbText
 10
565.8521242630704
 20
1613.5088853086327
 30
0.0
 40
9.948672000000002
  1
WH
  7
Tahoma
100
AcDbText
  0
TEXT
  5
11F
330
17
100
AcDbEntity
  8
0
 62
4
100
AcDbText
 10
1048.2679301477901
 20
1614.543600710791
 30
0.0
 40
9.948672000000002
  1
C2S1-31/P2-TBDI1-29
  7
Tahoma
100
AcDbText
  0
TEXT
  5
120
330
17
100
AcDbEntity
  8
0
 62
4
100
AcDbText
 10
985.3489088676124
 20
1613.5088853086927
 30
0.0
 40
9.948672000000002
  1
WH
  7
Tahoma
100
AcDbText
  0
LINE
  5
121
330
17
100
AcDbEntity
  8
IE-WIRE
 62
4
 48
25.39999961853027
100
AcDbLine
 10
348.1486821241042
 20
1558.6225888490117
 30
0.0
 11
593.4300439792605
 21
1558.6225888490117
 31
0.0
  0
TEXT
  5
122
330
17
100
AcDbEntity
  8
0
 62
4
100
AcDbText
 10
365.79757853485717
 20
1564.247583825092
 30
0.0
 40
9.948672000000002
  1
C2S1-34/P2-TBDI1-32
  7
Tahoma
100
AcDbText
  0
TEXT
  5
123
330
17
100
AcDbEntity
  8
0
 62
4
100
AcDbText
 10
565.8521242630704
 20
1563.8760568692323
 30
0.0
 40
9.948672000000002
  1
WH
  7
Tahoma
100
AcDbText
  0
TEXT
  5
124
330
17
100
AcDbEntity
  8
0
 62
4
100
AcDbText
 10
1048.2679301477901
 20
1564.9107722713925
 30
0.0
 40
9.948672000000002
  1
C2S1-33/P2-TBDI1-31
  7
Tahoma
100
AcDbText
  0
TEXT
  5
125
330
17
100
AcDbEntity
  8
0
 62
4
100
AcDbText
 10
985.3489088676124
 20
1563.8760568692924
 30
0.0
 40
9.948672000000002
  1
WH
  7
Tahoma
100
AcDbText
  0
TEXT
  5
126
330
17
100
AcDbEntity
  8
0
 62
7
100
AcDbText
 10
365.79757853485717
 20
1515.277944748992
 30
0.0
 40
9.948672000000002
  1
0VDC
  7
Tahoma
100
AcDbText
  0
LINE
  5
127
330
17
100
AcDbEntity
  8
IE-WIRE
 62
7
 48
25.39999961853027
100
AcDbLine
 10
593.4300439792605
 20
1508.9897604095513
 30
0.0
 11
324.0313258363358
 21
1508.9897604095513
 31
0.0
  0
LINE
  5
128
330
17
100
AcDbEntity
  8
IE-WIRE
 62
7
 48
25.39999961853027
100
AcDbLine
 10
314.8921258362352
 20
1946.546016364522
 30
0.0
 11
314.8921258363889
 21
1270.930176488071
 31
0.0
  0
TEXT
  5
129
330
17
100
AcDbEntity
  8
0
 62
7
100
AcDbText
 10
568.9127603851657
 20
1514.243228429772
 30
0.0
 40
9.948672000000002
  1
BK
  7
Tahoma
100
AcDbText
  0
TEXT
  5
12A
330
17
100
AcDbEntity
  8
0
 62
7
100
AcDbText
 10
365.79757853485717
 20
1961.9734007039624
 30
0.0
 40
9.948672000000002
  1
0VDC
  7
Tahoma
100
AcDbText
  0
LINE
  5
12B
330
17
100
AcDbEntity
  8
IE-WIRE
 62
7
 48
25.39999961853027
100
AcDbLine
 10
593.4300439792605
 20
1955.6852163645217
 30
0.0
 11
324.03132583623574
 21
1955.6852163645217
 31
0.0
  0
TEXT
  5
12C
330
17
100
AcDbEntity
  8
0
 62
7
100
AcDbText
 10
568.9127603851657
 20
1960.9386843847424
 30
0.0
 40
9.948672000000002
  1
BK
  7
Tahoma
100
AcDbText
  0
LINE
  5
12D
330
17
100
AcDbEntity
  8
IE-WIRE
 62
4
 48
25.39999961853027
100
AcDbLine
 10
1208.148156579944
 20
2352.7478438800226
 30
0.0
 11
962.8667947247877
 21
2352.7478438800918
 31
0.0
  0
LINE
  5
12E
330
17
100
AcDbEntity
  8
IE-WIRE
 62
4
 48
25.39999961853027
100
AcDbLine
 10
1208.148156579944
 20
2303.1150154405714
 30
0.0
 11
962.8667947247877
 21
2303.1150154405714
 31
0.0
  0
LINE
  5
12F
330
17
100
AcDbEntity
  8
IE-WIRE
 62
4
 48
25.39999961853027
100
AcDbLine
 10
1217.3230452898079
 20
2343.5729551701625
 30
0.0
 11
1217.3230452898079
 21
1346.1501543611612
 31
0.0
  0
LINE
  5
130
330
17
100
AcDbEntity
  8
IE-WIRE
 62
4
 48
25.39999961853027
100
AcDbLine
 10
1208.148156579944
 20
2253.482187001102
 30
0.0
 11
962.8667947247877
 21
2253.482187001102
 31
0.0
  0
LINE
  5
131
330
17
100
AcDbEntity
  8
IE-WIRE
 62
4
 48
25.39999961853027
100
AcDbLine
 10
1208.148156579944
 20
2203.8493585616416
 30
0.0
 11
962.8667947247877
 21
2203.8493585616416
 31
0.0
  0
LINE
  5
132
330
17
100
AcDbEntity
  8
IE-WIRE
 62
4
 48
25.39999961853027
100
AcDbLine
 10
1208.148156579944
 20
2154.2165301222412
 30
0.0
 11
962.8667947247877
 21
2154.2165301222412
 31
0.0
  0
LINE
  5
133
330
17
100
AcDbEntity
  8
IE-WIRE
 62
4
 48
25.39999961853027
100
AcDbLine
 10
1208.148156579944
 20
1906.0523879250613
 30
0.0
 11
962.8667947247877
 21
1906.0523879250613
 31
0.0
  0
LINE
  5
134
330
17
100
AcDbEntity
  8
IE-WIRE
 62
4
 48
25.39999961853027
100
AcDbLine
 10
1208.148156579944
 20
1856.419559485601
 30
0.0
 11
962.8667947247877
 21
1856.419559485601
 31
0.0
  0
LINE
  5
135
330
17
100
AcDbEntity
  8
IE-WIRE
 62
4
 48
25.39999961853027
100
AcDbLine
 10
1208.148156579944
 20
1806.7867310461424
 30
0.0
 11
962.8667947247877
 21
1806.7867310461424
 31
0.0
  0
LINE
  5
136
330
17
100
AcDbEntity
  8
IE-WIRE
 62
4
 48
25.39999961853027
100
AcDbLine
 10
1208.148156579944
 20
1757.1539026067421
 30
0.0
 11
962.8667947247877
 21
1757.1539026067421
 31
0.0
  0
LINE
  5
137
330
17
100
AcDbEntity
  8
IE-WIRE
 62
4
 48
25.39999961853027
100
AcDbLine
 10
1208.148156579944
 20
1707.5210741672818
 30
0.0
 11
962.8667947247877
 21
1707.5210741672818
 31
0.0
  0
LINE
  5
138
330
17
100
AcDbEntity
  8
IE-WIRE
 62
4
 48
25.39999961853027
100
AcDbLine
 10
1208.148156579944
 20
2104.5837016827227
 30
0.0
 11
962.8667947247877
 21
2104.5837016827227
 31
0.0
  0
LINE
  5
139
330
17
100
AcDbEntity
  8
IE-WIRE
 62
4
 48
25.39999961853027
100
AcDbLine
 10
1208.148156579944
 20
2054.9508732433223
 30
0.0
 11
962.8667947247877
 21
2054.9508732433223
 31
0.0
  0
LINE
  5
13A
330
17
100
AcDbEntity
  8
IE-WIRE
 62
4
 48
25.39999961853027
100
AcDbLine
 10
1208.148156579944
 20
2005.318044803862
 30
0.0
 11
962.8667947247877
 21
2005.318044803862
 31
0.0
  0
LINE
  5
13B
330
17
100
AcDbEntity
  8
IE-WIRE
 62
4
 48
25.39999961853027
100
AcDbLine
 10
1208.148156579944
 20
1657.8882457278814
 30
0.0
 11
962.8667947247877
 21
1657.8882457278814
 31
0.0
  0
LINE
  5
13C
330
17
100
AcDbEntity
  8
IE-WIRE
 62
4
 48
25.39999961853027
100
AcDbLine
 10
1208.148156579944
 20
1608.255417288412
 30
0.0
 11
962.8667947247877
 21
1608.255417288412
 31
0.0
  0
LINE
  5
13D
330
17
100
AcDbEntity
  8
IE-WIRE
 62
4
 48
25.39999961853027
100
AcDbLine
 10
1208.148156579944
 20
1558.6225888490117
 30
0.0
 11
962.8667947247877
 21
1558.6225888490117
 31
0.0
  0
LINE
  5
13E
330
17
100
AcDbEntity
  8
IE-WIRE
 62
7
 48
25.39999961853027
100
AcDbLine
 10
962.8667947247877
 20
1508.9897604095513
 30
0.0
 11
1232.2655128677125
 21
1508.9897604095513
 31
0.0
  0
LINE
  5
13F
330
17
100
AcDbEntity
  8
IE-WIRE
 62
7
 48
25.39999961853027
100
AcDbLine
 10
1241.4047128678103
 20
1946.546016364522
 30
0.0
 11
1241.4047128676611
 21
1270.930176488062
 31
0.0
  0
LINE
  5
140
330
17
100
AcDbEntity
  8
IE-WIRE
 62
7
 48
25.39999961853027
100
AcDbLine
 10
962.8667947247877
 20
1955.6852163645217
 30
0.0
 11
1232.2655128678107
 21
1955.6852163645217
 31
0.0
  0
TEXT
  5
141
330
17
100
AcDbEntity
  8
power
 62
7
100
AcDbText
 10
1653.1804452335919
 20
2418.1952073335615
 30
0.0
 40
9.965808239316482
  1
1
  7
Tahoma
 72
1
 11
1656.9218064194738
 21
2423.1781114532114
 31
0.0
100
AcDbText
 73
2
  0
LINE
  5
142
330
17
100
AcDbEntity
  8
0
 62
1
 48
25.39999961853027
100
AcDbLine
 10
1759.2811461873962
 20
2427.525988589612
 30
0.0
 11
1766.9521249848003
 21
2419.855947352682
 31
0.0
  0
LINE
  5
143
330
17
100
AcDbEntity
  8
0
 62
1
 48
25.39999961853027
100
AcDbLine
 10
1766.9521249847412
 20
2427.525988589612
 30
0.0
 11
1759.2811461873962
 21
2419.855947352682
 31
0.0
  0
LINE
  5
144
330
17
100
AcDbEntity
  8
0
 62
1
 48
25.39999961853027
100
AcDbLine
 10
1637.2324127325664
 20
2427.525988589612
 30
0.0
 11
1629.5614339351614
 21
2419.855947352682
 31
0.0
  0
LINE
  5
145
330
17
100
AcDbEntity
  8
0
 62
1
 48
25.39999961853027
100
AcDbLine
 10
1629.5614339352223
 20
2427.525988589612
 30
0.0
 11
1637.2324127325664
 21
2419.855947352682
 31
0.0
  0
TEXT
  5
146
330
17
100
AcDbEntity
  8
power
 62
7
100
AcDbText
 10
1653.1804452335919
 20
2397.583419787381
 30
0.0
 40
9.965808239316482
  1
2
  7
Tahoma
 72
1
 11
1656.9218064194738
 21
2402.566323907042
 31
0.0
100
AcDbText
 73
2
  0
LINE
  5
147
330
17
100
AcDbEntity
  8
0
 62
1
 48
25.39999961853027
100
AcDbLine
 10
1759.2811461873962
 20
2406.9142010434316
 30
0.0
 11
1766.9521249848003
 21
2399.2441598065016
 31
0.0
  0
LINE
  5
148
330
17
100
AcDbEntity
  8
0
 62
1
 48
25.39999961853027
100
AcDbLine
 10
1766.9521249847412
 20
2406.9142010434316
 30
0.0
 11
1759.2811461873962
 21
2399.2441598065016
 31
0.0
  0
LINE
  5
149
330
17
100
AcDbEntity
  8
0
 62
1
 48
25.39999961853027
100
AcDbLine
 10
1637.2324127325664
 20
2406.9142010434316
 30
0.0
 11
1629.5614339351614
 21
2399.2441598065016
 31
0.0
  0
LINE
  5
14A
330
17
100
AcDbEntity
  8
0
 62
1
 48
25.39999961853027
100
AcDbLine
 10
1629.5614339352223
 20
2406.9142010434316
 30
0.0
 11
1637.2324127325664
 21
2399.2441598065016
 31
0.0
  0
TEXT
  5
14B
330
17
100
AcDbEntity
  8
power
 62
7
100
AcDbText
 10
1653.1804452335919
 20
2376.9716322412023
 30
0.0
 40
9.965808239316482
  1
3
  7
Tahoma
 72
1
 11
1656.9218064194738
 21
2381.9545363608613
 31
0.0
100
AcDbText
 73
2
  0
LINE
  5
14C
330
17
100
AcDbEntity
  8
0
 62
1
 48
25.39999961853027
100
AcDbLine
 10
1759.2811461873962
 20
2386.302413497251
 30
0.0
 11
1766.9521249848003
 21
2378.632372260321
 31
0.0
  0
LINE
  5
14D
330
17
100
AcDbEntity
  8
0
 62
1
 48
25.39999961853027
100
AcDbLine
 10
1766.9521249847412
 20
2386.302413497251
 30
0.0
 11
1759.2811461873962
 21
2378.632372260321
 31
0.0
  0
LINE
  5
14E
330
17
100
AcDbEntity
  8
0
 62
1
 48
25.39999961853027
100
AcDbLine
 10
1637.2324127325664
 20
2386.302413497251
 30
0.0
 11
1629.5614339351614
 21
2378.632372260321
 31
0.0
  0
LINE
  5
14F
330
17
100
AcDbEntity
  8
0
 62
1
 48
25.39999961853027
100
AcDbLine
 10
1629.5614339352223
 20
2386.302413497251
 30
0.0
 11
1637.2324127325664
 21
2378.632372260321
 31
0.0
  0
TEXT
  5
150
330
17
100
AcDbEntity
  8
power
 62
7
100
AcDbText
 10
1653.1804452335919
 20
2356.359844695022
 30
0.0
 40
9.965808239316482
  1
4
  7
Tahoma
 72
1
 11
1656.9218064194738
 21
2361.3427488146826
 31
0.0
100
AcDbText
 73
2
  0
LINE
  5
151
330
17
100
AcDbEntity
  8
0
 62
1
 48
25.39999961853027
100
AcDbLine
 10
1759.2811461873962
 20
2365.6906259510815
 30
0.0
 11
1766.9521249848003
 21
2358.0205847141424
 31
0.0
  0
LINE
  5
152
330
17
100
AcDbEntity
  8
0
 62
1
 48
25.39999961853027
100
AcDbLine
 10
1766.9521249847412
 20
2365.6906259510815
 30
0.0
 11
1759.2811461873962
 21
2358.0205847141424
 31
0.0
  0
LINE
  5
153
330
17
100
AcDbEntity
  8
0
 62
1
 48
25.39999961853027
100
AcDbLine
 10
1637.2324127325664
 20
2365.6906259510815
 30
0.0
 11
1629.5614339351614
 21
2358.0205847141424
 31
0.0
  0
LINE
  5
154
330
17
100
AcDbEntity
  8
0
 62
1
 48
25.39999961853027
100
AcDbLine
 10
1629.5614339352223
 20
2365.6906259510815
 30
0.0
 11
1637.2324127325664
 21
2358.0205847141424
 31
0.0
  0
TEXT
  5
155
330
17
100
AcDbEntity
  8
power
 62
7
100
AcDbText
 10
1653.1804452335919
 20
2335.7480571488413
 30
0.0
 40
9.965808239316482
  1
5
  7
Tahoma
 72
1
 11
1656.9218064194738
 21
2340.730961268502
 31
0.0
100
AcDbText
 73
2
  0
LINE
  5
156
330
17
100
AcDbEntity
  8
0
 62
1
 48
25.39999961853027
100
AcDbLine
 10
1759.2811461873962
 20
2345.078838404892
 30
0.0
 11
1766.9521249848003
 21
2337.408797167962
 31
0.0
  0
LINE
  5
157
330
17
100
AcDbEntity
  8
0
 62
1
 48
25.39999961853027
100
AcDbLine
 10
1766.9521249847412
 20
2345.078838404892
 30
0.0
 11
1759.2811461873962
 21
2337.408797167962
 31
0.0
  0
LINE
  5
158
330
17
100
AcDbEntity
  8
0
 62
1
 48
25.39999961853027
100
AcDbLine
 10
1637.2324127325664
 20
2345.078838404892
 30
0.0
 11
1629.5614339351614
 21
2337.408797167962
 31
0.0
  0
LINE
  5
159
330
17
100
AcDbEntity
  8
0
 62
1
 48
25.39999961853027
100
AcDbLine
 10
1629.5614339352223
 20
2345.078838404892
 30
0.0
 11
1637.2324127325664
 21
2337.408797167962
 31
0.0
  0
TEXT
  5
15A
330
17
100
AcDbEntity
  8
power
 62
7
100
AcDbText
 10
1653.1804452335919
 20
2315.1362696026627
 30
0.0
 40
9.965808239316482
  1
6
  7
Tahoma
 72
1
 11
1656.9218064194738
 21
2320.1191737223216
 31
0.0
100
AcDbText
 73
2
  0
LINE
  5
15B
330
17
100
AcDbEntity
  8
0
 62
1
 48
25.39999961853027
100
AcDbLine
 10
1759.2811461873962
 20
2324.4670508587224
 30
0.0
 11
1766.9521249848003
 21
2316.7970096217923
 31
0.0
  0
LINE
  5
15C
330
17
100
AcDbEntity
  8
0
 62
1
 48
25.39999961853027
100
AcDbLine
 10
1766.9521249847412
 20
2324.4670508587224
 30
0.0
 11
1759.2811461873962
 21
2316.7970096217923
 31
0.0
  0
LINE
  5
15D
330
17
100
AcDbEntity
  8
0
 62
1
 48
25.39999961853027
100
AcDbLine
 10
1637.2324127325664
 20
2324.4670508587224
 30
0.0
 11
1629.5614339351614
 21
2316.7970096217923
 31
0.0
  0
LINE
  5
15E
330
17
100
AcDbEntity
  8
0
 62
1
 48
25.39999961853027
100
AcDbLine
 10
1629.5614339352223
 20
2324.4670508587224
 30
0.0
 11
1637.2324127325664
 21
2316.7970096217923
 31
0.0
  0
TEXT
  5
15F
330
17
100
AcDbEntity
  8
power
 62
7
100
AcDbText
 10
1653.1804452335919
 20
2294.5244820564913
 30
0.0
 40
9.965808239316482
  1
7
  7
Tahoma
 72
1
 11
1656.9218064194738
 21
2299.507386176152
 31
0.0
100
AcDbText
 73
2
  0
LINE
  5
160
330
17
100
AcDbEntity
  8
0
 62
1
 48
25.39999961853027
100
AcDbLine
 10
1759.2811461873962
 20
2303.855263312542
 30
0.0
 11
1766.9521249848003
 21
2296.185222075612
 31
0.0
  0
LINE
  5
161
330
17
100
AcDbEntity
  8
0
 62
1
 48
25.39999961853027
100
AcDbLine
 10
1766.9521249847412
 20
2303.855263312542
 30
0.0
 11
1759.2811461873962
 21
2296.185222075612
 31
0.0
  0
LINE
  5
162
330
17
100
AcDbEntity
  8
0
 62
1
 48
25.39999961853027
100
AcDbLine
 10
1637.2324127325664
 20
2303.855263312542
 30
0.0
 11
1629.5614339351614
 21
2296.185222075612
 31
0.0
  0
LINE
  5
163
330
17
100
AcDbEntity
  8
0
 62
1
 48
25.39999961853027
100
AcDbLine
 10
1629.5614339352223
 20
2303.855263312542
 30
0.0
 11
1637.2324127325664
 21
2296.185222075612
 31
0.0
  0
TEXT
  5
164
330
17
100
AcDbEntity
  8
power
 62
7
100
AcDbText
 10
1653.1804452335919
 20
2273.9126945103126
 30
0.0
 40
9.965808239316482
  1
8
  7
Tahoma
 72
1
 11
1656.9218064194738
 21
2278.8955986299716
 31
0.0
100
AcDbText
 73
2
  0
LINE
  5
165
330
17
100
AcDbEntity
  8
0
 62
1
 48
25.39999961853027
100
AcDbLine
 10
1759.2811461873962
 20
2283.2434757663614
 30
0.0
 11
1766.9521249848003
 21
2275.5734345294313
 31
0.0
  0
LINE
  5
166
330
17
100
AcDbEntity
  8
0
 62
1
 48
25.39999961853027
100
AcDbLine
 10
1766.9521249847412
 20
2283.2434757663614
 30
0.0
 11
1759.2811461873962
 21
2275.5734345294313
 31
0.0
  0
LINE
  5
167
330
17
100
AcDbEntity
  8
0
 62
1
 48
25.39999961853027
100
AcDbLine
 10
1637.2324127325664
 20
2283.2434757663614
 30
0.0
 11
1629.5614339351614
 21
2275.5734345294313
 31
0.0
  0
LINE
  5
168
330
17
100
AcDbEntity
  8
0
 62
1
 48
25.39999961853027
100
AcDbLine
 10
1629.5614339352223
 20
2283.2434757663614
 30
0.0
 11
1637.2324127325664
 21
2275.5734345294313
 31
0.0
  0
TEXT
  5
169
330
17
100
AcDbEntity
  8
power
 62
7
100
AcDbText
 10
1653.1804452335919
 20
2253.300906964132
 30
0.0
 40
9.965808239316482
  1
9
  7
Tahoma
 72
1
 11
1656.9218064194738
 21
2258.283811083791
 31
0.0
100
AcDbText
 73
2
  0
LINE
  5
16A
330
17
100
AcDbEntity
  8
0
 62
1
 48
25.39999961853027
100
AcDbLine
 10
1759.2811461873962
 20
2262.6316882201827
 30
0.0
 11
1766.9521249848003
 21
2254.9616469832526
 31
0.0
  0
LINE
  5
16B
330
17
100
AcDbEntity
  8
0
 62
1
 48
25.39999961853027
100
AcDbLine
 10
1766.9521249847412
 20
2262.6316882201827
 30
0.0
 11
1759.2811461873962
 21
2254.9616469832526
 31
0.0
  0
LINE
  5
16C
330
17
100
AcDbEntity
  8
0
 62
1
 48
25.39999961853027
100
AcDbLine
 10
1637.2324127325664
 20
2262.6316882201827
 30
0.0
 11
1629.5614339351614
 21
2254.9616469832526
 31
0.0
  0
LINE
  5
16D
330
17
100
AcDbEntity
  8
0
 62
1
 48
25.39999961853027
100
AcDbLine
 10
1629.5614339352223
 20
2262.6316882201827
 30
0.0
 11
1637.2324127325664
 21
2254.9616469832526
 31
0.0
  0
TEXT
  5
16E
330
17
100
AcDbEntity
  8
power
 62
7
100
AcDbText
 10
1649.43908404771
 20
2232.6891194179516
 30
0.0
 40
9.965808239316482
  1
10
  7
Tahoma
 72
1
 11
1656.9218064194738
 21
2237.6720235376124
 31
0.0
100
AcDbText
 73
2
  0
LINE
  5
16F
330
17
100
AcDbEntity
  8
0
 62
1
 48
25.39999961853027
100
AcDbLine
 10
1759.2811461873962
 20
2242.019900674002
 30
0.0
 11
1766.9521249848003
 21
2234.349859437072
 31
0.0
  0
LINE
  5
170
330
17
100
AcDbEntity
  8
0
 62
1
 48
25.39999961853027
100
AcDbLine
 10
1766.9521249847412
 20
2242.019900674002
 30
0.0
 11
1759.2811461873962
 21
2234.349859437072
 31
0.0
  0
LINE
  5
171
330
17
100
AcDbEntity
  8
0
 62
1
 48
25.39999961853027
100
AcDbLine
 10
1637.2324127325664
 20
2242.019900674002
 30
0.0
 11
1629.5614339351614
 21
2234.349859437072
 31
0.0
  0
LINE
  5
172
330
17
100
AcDbEntity
  8
0
 62
1
 48
25.39999961853027
100
AcDbLine
 10
1629.5614339352223
 20
2242.019900674002
 30
0.0
 11
1637.2324127325664
 21
2234.349859437072
 31
0.0
  0
TEXT
  5
173
330
17
100
AcDbEntity
  8
power
 62
7
100
AcDbText
 10
1649.43908404771
 20
2212.077331871771
 30
0.0
 40
9.965808239316482
  1
11
  7
Tahoma
 72
1
 11
1656.9218064194738
 21
2217.060235991432
 31
0.0
100
AcDbText
 73
2
  0
LINE
  5
174
330
17
100
AcDbEntity
  8
0
 62
1
 48
25.39999961853027
100
AcDbLine
 10
1759.2811461873962
 20
2221.4081131278217
 30
0.0
 11
1766.9521249848003
 21
2213.7380718908917
 31
0.0
  0
LINE
  5
175
330
17
100
AcDbEntity
  8
0
 62
1
 48
25.39999961853027
100
AcDbLine
 10
1766.9521249847412
 20
2221.4081131278217
 30
0.0
 11
1759.2811461873962
 21
2213.7380718908917
 31
0.0
  0
LINE
  5
176
330
17
100
AcDbEntity
  8
0
 62
1
 48
25.39999961853027
100
AcDbLine
 10
1637.2324127325664
 20
2221.4081131278217
 30
0.0
 11
1629.5614339351614
 21
2213.7380718908917
 31
0.0
  0
LINE
  5
177
330
17
100
AcDbEntity
  8
0
 62
1
 48
25.39999961853027
100
AcDbLine
 10
1629.5614339352223
 20
2221.4081131278217
 30
0.0
 11
1637.2324127325664
 21
2213.7380718908917
 31
0.0
  0
TEXT
  5
178
330
17
100
AcDbEntity
  8
power
 62
7
100
AcDbText
 10
1649.43908404771
 20
2191.4655443255924
 30
0.0
 40
9.965808239316482
  1
12
  7
Tahoma
 72
1
 11
1656.9218064194738
 21
2196.4484484452514
 31
0.0
100
AcDbText
 73
2
  0
LINE
  5
179
330
17
100
AcDbEntity
  8
0
 62
1
 48
25.39999961853027
100
AcDbLine
 10
1759.2811461873962
 20
2200.796325581652
 30
0.0
 11
1766.9521249848003
 21
2193.126284344722
 31
0.0
  0
LINE
  5
17A
330
17
100
AcDbEntity
  8
0
 62
1
 48
25.39999961853027
100
AcDbLine
 10
1766.9521249847412
 20
2200.796325581652
 30
0.0
 11
1759.2811461873962
 21
2193.126284344722
 31
0.0
  0
LINE
  5
17B
330
17
100
AcDbEntity
  8
0
 62
1
 48
25.39999961853027
100
AcDbLine
 10
1637.2324127325664
 20
2200.796325581652
 30
0.0
 11
1629.5614339351614
 21
2193.126284344722
 31
0.0
  0
LINE
  5
17C
330
17
100
AcDbEntity
  8
0
 62
1
 48
25.39999961853027
100
AcDbLine
 10
1629.5614339352223
 20
2200.796325581652
 30
0.0
 11
1637.2324127325664
 21
2193.126284344722
 31
0.0
  0
TEXT
  5
17D
330
17
100
AcDbEntity
  8
power
 62
7
100
AcDbText
 10
1649.43908404771
 20
2170.853756779421
 30
0.0
 40
9.965808239316482
  1
13
  7
Tahoma
 72
1
 11
1656.9218064194738
 21
2175.836660899082
 31
0.0
100
AcDbText
 73
2
  0
LINE
  5
17E
330
17
100
AcDbEntity
  8
0
 62
1
 48
25.39999961853027
100
AcDbLine
 10
1759.2811461873962
 20
2180.1845380354716
 30
0.0
 11
1766.9521249848003
 21
2172.5144967985416
 31
0.0
  0
LINE
  5
17F
330
17
100
AcDbEntity
  8
0
 62
1
 48
25.39999961853027
100
AcDbLine
 10
1766.9521249847412
 20
2180.1845380354716
 30
0.0
 11
1759.2811461873962
 21
2172.5144967985416
 31
0.0
  0
LINE
  5
180
330
17
100
AcDbEntity
  8
0
 62
1
 48
25.39999961853027
100
AcDbLine
 10
1637.2324127325664
 20
2180.1845380354716
 30
0.0
 11
1629.5614339351614
 21
2172.5144967985416
 31
0.0
  0
LINE
  5
181
330
17
100
AcDbEntity
  8
0
 62
1
 48
25.39999961853027
100
AcDbLine
 10
1629.5614339352223
 20
2180.1845380354716
 30
0.0
 11
1637.2324127325664
 21
2172.5144967985416
 31
0.0
  0
TEXT
  5
182
330
17
100
AcDbEntity
  8
power
 62
7
100
AcDbText
 10
1649.43908404771
 20
2150.2419692332423
 30
0.0
 40
9.965808239316482
  1
14
  7
Tahoma
 72
1
 11
1656.9218064194738
 21
2155.2248733529013
 31
0.0
100
AcDbText
 73
2
  0
LINE
  5
183
330
17
100
AcDbEntity
  8
0
 62
1
 48
25.39999961853027
100
AcDbLine
 10
1759.2811461873962
 20
2159.572750489291
 30
0.0
 11
1766.9521249848003
 21
2151.902709252361
 31
0.0
  0
LINE
  5
184
330
17
100
AcDbEntity
  8
0
 62
1
 48
25.39999961853027
100
AcDbLine
 10
1766.9521249847412
 20
2159.572750489291
 30
0.0
 11
1759.2811461873962
 21
2151.902709252361
 31
0.0
  0
LINE
  5
185
330
17
100
AcDbEntity
  8
0
 62
1
 48
25.39999961853027
100
AcDbLine
 10
1637.2324127325664
 20
2159.572750489291
 30
0.0
 11
1629.5614339351614
 21
2151.902709252361
 31
0.0
  0
LINE
  5
186
330
17
100
AcDbEntity
  8
0
 62
1
 48
25.39999961853027
100
AcDbLine
 10
1629.5614339352223
 20
2159.572750489291
 30
0.0
 11
1637.2324127325664
 21
2151.902709252361
 31
0.0
  0
TEXT
  5
187
330
17
100
AcDbEntity
  8
power
 62
7
100
AcDbText
 10
1649.43908404771
 20
2129.630181687062
 30
0.0
 40
9.965808239316482
  1
15
  7
Tahoma
 72
1
 11
1656.9218064194738
 21
2134.6130858067227
 31
0.0
100
AcDbText
 73
2
  0
LINE
  5
188
330
17
100
AcDbEntity
  8
0
 62
1
 48
25.39999961853027
100
AcDbLine
 10
1759.2811461873962
 20
2138.9609629431125
 30
0.0
 11
1766.9521249848003
 21
2131.2909217061824
 31
0.0
  0
LINE
  5
189
330
17
100
AcDbEntity
  8
0
 62
1
 48
25.39999961853027
100
AcDbLine
 10
1766.9521249847412
 20
2138.9609629431125
 30
0.0
 11
1759.2811461873962
 21
2131.2909217061824
 31
0.0
  0
LINE
  5
18A
330
17
100
AcDbEntity
  8
0
 62
1
 48
25.39999961853027
100
AcDbLine
 10
1637.2324127325664
 20
2138.9609629431125
 30
0.0
 11
1629.5614339351614
 21
2131.2909217061824
 31
0.0
  0
LINE
  5
18B
330
17
100
AcDbEntity
  8
0
 62
1
 48
25.39999961853027
100
AcDbLine
 10
1629.5614339352223
 20
2138.9609629431125
 30
0.0
 11
1637.2324127325664
 21
2131.2909217061824
 31
0.0
  0
TEXT
  5
18C
330
17
100
AcDbEntity
  8
power
 62
7
100
AcDbText
 10
1649.43908404771
 20
2109.0183941408814
 30
0.0
 40
9.965808239316482
  1
16
  7
Tahoma
 72
1
 11
1656.9218064194738
 21
2114.001298260542
 31
0.0
100
AcDbText
 73
2
  0
LINE
  5
18D
330
17
100
AcDbEntity
  8
0
 62
1
 48
25.39999961853027
100
AcDbLine
 10
1759.2811461873962
 20
2118.349175396932
 30
0.0
 11
1766.9521249848003
 21
2110.679134160002
 31
0.0
  0
LINE
  5
18E
330
17
100
AcDbEntity
  8
0
 62
1
 48
25.39999961853027
100
AcDbLine
 10
1766.9521249847412
 20
2118.349175396932
 30
0.0
 11
1759.2811461873962
 21
2110.679134160002
 31
0.0
  0
LINE
  5
18F
330
17
100
AcDbEntity
  8
0
 62
1
 48
25.39999961853027
100
AcDbLine
 10
1637.2324127325664
 20
2118.349175396932
 30
0.0
 11
1629.5614339351614
 21
2110.679134160002
 31
0.0
  0
LINE
  5
190
330
17
100
AcDbEntity
  8
0
 62
1
 48
25.39999961853027
100
AcDbLine
 10
1629.5614339352223
 20
2118.349175396932
 30
0.0
 11
1637.2324127325664
 21
2110.679134160002
 31
0.0
  0
TEXT
  5
191
330
17
100
AcDbEntity
  8
power
 62
7
100
AcDbText
 10
1649.43908404771
 20
2088.4066065947027
 30
0.0
 40
9.965808239316482
  1
17
  7
Tahoma
 72
1
 11
1656.9218064194738
 21
2093.3895107143617
 31
0.0
100
AcDbText
 73
2
  0
LINE
  5
192
330
17
100
AcDbEntity
  8
0
 62
1
 48
25.39999961853027
100
AcDbLine
 10
1759.2811461873962
 20
2097.7373878507624
 30
0.0
 11
1766.9521249848003
 21
2090.0673466138214
 31
0.0
  0
LINE
  5
193
330
17
100
AcDbEntity
  8
0
 62
1
 48
25.39999961853027
100
AcDbLine
 10
1766.9521249847412
 20
2097.7373878507624
 30
0.0
 11
1759.2811461873962
 21
2090.0673466138214
 31
0.0
  0
LINE
  5
194
330
17
100
AcDbEntity
  8
0
 62
1
 48
25.39999961853027
100
AcDbLine
 10
1637.2324127325664
 20
2097.7373878507624
 30
0.0
 11
1629.5614339351614
 21
2090.0673466138214
 31
0.0
  0
LINE
  5
195
330
17
100
AcDbEntity
  8
0
 62
1
 48
25.39999961853027
100
AcDbLine
 10
1629.5614339352223
 20
2097.7373878507624
 30
0.0
 11
1637.2324127325664
 21
2090.0673466138214
 31
0.0
  0
TEXT
  5
196
330
17
100
AcDbEntity
  8
power
 62
7
100
AcDbText
 10
1649.43908404771
 20
2067.794819048522
 30
0.0
 40
9.965808239316482
  1
18
  7
Tahoma
 72
1
 11
1656.9218064194738
 21
2072.777723168181
 31
0.0
100
AcDbText
 73
2
  0
LINE
  5
197
330
17
100
AcDbEntity
  8
0
 62
1
 48
25.39999961853027
100
AcDbLine
 10
1759.2811461873962
 20
2077.125600304582
 30
0.0
 11
1766.9521249848003
 21
2069.455559067652
 31
0.0
  0
LINE
  5
198
330
17
100
AcDbEntity
  8
0
 62
1
 48
25.39999961853027
100
AcDbLine
 10
1766.9521249847412
 20
2077.125600304582
 30
0.0
 11
1759.2811461873962
 21
2069.455559067652
 31
0.0
  0
LINE
  5
199
330
17
100
AcDbEntity
  8
0
 62
1
 48
25.39999961853027
100
AcDbLine
 10
1637.2324127325664
 20
2077.125600304582
 30
0.0
 11
1629.5614339351614
 21
2069.455559067652
 31
0.0
  0
LINE
  5
19A
330
17
100
AcDbEntity
  8
0
 62
1
 48
25.39999961853027
100
AcDbLine
 10
1629.5614339352223
 20
2077.125600304582
 30
0.0
 11
1637.2324127325664
 21
2069.455559067652
 31
0.0
  0
TEXT
  5
19B
330
17
100
AcDbEntity
  8
power
 62
7
100
AcDbText
 10
1649.43908404771
 20
2047.1830315023526
 30
0.0
 40
9.965808239316482
  1
19
  7
Tahoma
 72
1
 11
1656.9218064194738
 21
2052.1659356220025
 31
0.0
100
AcDbText
 73
2
  0
LINE
  5
19C
330
17
100
AcDbEntity
  8
0
 62
1
 48
25.39999961853027
100
AcDbLine
 10
1759.2811461873962
 20
2056.5138127584014
 30
0.0
 11
1766.9521249848003
 21
2048.8437715214714
 31
0.0
  0
LINE
  5
19D
330
17
100
AcDbEntity
  8
0
 62
1
 48
25.39999961853027
100
AcDbLine
 10
1766.9521249847412
 20
2056.5138127584014
 30
0.0
 11
1759.2811461873962
 21
2048.8437715214714
 31
0.0
  0
LINE
  5
19E
330
17
100
AcDbEntity
  8
0
 62
1
 48
25.39999961853027
100
AcDbLine
 10
1637.2324127325664
 20
2056.5138127584014
 30
0.0
 11
1629.5614339351614
 21
2048.8437715214714
 31
0.0
  0
LINE
  5
19F
330
17
100
AcDbEntity
  8
0
 62
1
 48
25.39999961853027
100
AcDbLine
 10
1629.5614339352223
 20
2056.5138127584014
 30
0.0
 11
1637.2324127325664
 21
2048.8437715214714
 31
0.0
  0
TEXT
  5
1A0
330
17
100
AcDbEntity
  8
power
 62
7
100
AcDbText
 10
1649.43908404771
 20
2026.571243956172
 30
0.0
 40
9.965808239316482
  1
20
  7
Tahoma
 72
1
 11
1656.9218064194738
 21
2031.554148075831
 31
0.0
100
AcDbText
 73
2
  0
LINE
  5
1A1
330
17
100
AcDbEntity
  8
0
 62
1
 48
25.39999961853027
100
AcDbLine
 10
1759.2811461873962
 20
2035.9020252122227
 30
0.0
 11
1766.9521249848003
 21
2028.2319839752927
 31
0.0
  0
LINE
  5
1A2
330
17
100
AcDbEntity
  8
0
 62
1
 48
25.39999961853027
100
AcDbLine
 10
1766.9521249847412
 20
2035.9020252122227
 30
0.0
 11
1759.2811461873962
 21
2028.2319839752927
 31
0.0
  0
LINE
  5
1A3
330
17
100
AcDbEntity
  8
0
 62
1
 48
25.39999961853027
100
AcDbLine
 10
1637.2324127325664
 20
2035.9020252122227
 30
0.0
 11
1629.5614339351614
 21
2028.2319839752927
 31
0.0
  0
LINE
  5
1A4
330
17
100
AcDbEntity
  8
0
 62
1
 48
25.39999961853027
100
AcDbLine
 10
1629.5614339352223
 20
2035.9020252122227
 30
0.0
 11
1637.2324127325664
 21
2028.2319839752927
 31
0.0
  0
TEXT
  5
1A5
330
17
100
AcDbEntity
  8
power
 62
7
100
AcDbText
 10
1649.43908404771
 20
2005.9594564099916
 30
0.0
 40
9.965808239316482
  1
21
  7
Tahoma
 72
1
 11
1656.9218064194738
 21
2010.9423605296524
 31
0.0
100
AcDbText
 73
2
  0
LINE
  5
1A6
330
17
100
AcDbEntity
  8
0
 62
1
 48
25.39999961853027
100
AcDbLine
 10
1759.2811461873962
 20
2015.2902376660422
 30
0.0
 11
1766.9521249848003
 21
2007.6201964291122
 31
0.0
  0
LINE
  5
1A7
330
17
100
AcDbEntity
  8
0
 62
1
 48
25.39999961853027
100
AcDbLine
 10
1766.9521249847412
 20
2015.2902376660422
 30
0.0
 11
1759.2811461873962
 21
2007.6201964291122
 31
0.0
  0
LINE
  5
1A8
330
17
100
AcDbEntity
  8
0
 62
1
 48
25.39999961853027
100
AcDbLine
 10
1637.2324127325664
 20
2015.2902376660422
 30
0.0
 11
1629.5614339351614
 21
2007.6201964291122
 31
0.0
  0
LINE
  5
1A9
330
17
100
AcDbEntity
  8
0
 62
1
 48
25.39999961853027
100
AcDbLine
 10
1629.5614339352223
 20
2015.2902376660422
 30
0.0
 11
1637.2324127325664
 21
2007.6201964291122
 31
0.0
  0
TEXT
  5
1AA
330
17
100
AcDbEntity
  8
power
 62
7
100
AcDbText
 10
1649.43908404771
 20
1985.3476688638111
 30
0.0
 40
9.965808239316482
  1
22
  7
Tahoma
 72
1
 11
1656.9218064194738
 21
1990.330572983472
 31
0.0
100
AcDbText
 73
2
  0
LINE
  5
1AB
330
17
100
AcDbEntity
  8
0
 62
1
 48
25.39999961853027
100
AcDbLine
 10
1759.2811461873962
 20
1994.6784501198617
 30
0.0
 11
1766.9521249848003
 21
1987.0084088829317
 31
0.0
  0
LINE
  5
1AC
330
17
100
AcDbEntity
  8
0
 62
1
 48
25.39999961853027
100
AcDbLine
 10
1766.9521249847412
 20
1994.6784501198617
 30
0.0
 11
1759.2811461873962
 21
1987.0084088829317
 31
0.0
  0
LINE
  5
1AD
330
17
100
AcDbEntity
  8
0
 62
1
 48
25.39999961853027
100
AcDbLine
 10
1637.2324127325664
 20
1994.6784501198617
 30
0.0
 11
1629.5614339351614
 21
1987.0084088829317
 31
0.0
  0
LINE
  5
1AE
330
17
100
AcDbEntity
  8
0
 62
1
 48
25.39999961853027
100
AcDbLine
 10
1629.5614339352223
 20
1994.6784501198617
 30
0.0
 11
1637.2324127325664
 21
1987.0084088829317
 31
0.0
  0
TEXT
  5
1AF
330
17
100
AcDbEntity
  8
power
 62
7
100
AcDbText
 10
1649.43908404771
 20
1964.7358813176324
 30
0.0
 40
9.965808239316482
  1
23
  7
Tahoma
 72
1
 11
1656.9218064194738
 21
1969.7187854372914
 31
0.0
100
AcDbText
 73
2
  0
LINE
  5
1B0
330
17
100
AcDbEntity
  8
0
 62
1
 48
25.39999961853027
100
AcDbLine
 10
1759.2811461873962
 20
1974.0666625736922
 30
0.0
 11
1766.9521249848003
 21
1966.3966213367512
 31
0.0
  0
LINE
  5
1B1
330
17
100
AcDbEntity
  8
0
 62
1
 48
25.39999961853027
100
AcDbLine
 10
1766.9521249847412
 20
1974.0666625736922
 30
0.0
 11
1759.2811461873962
 21
1966.3966213367512
 31
0.0
  0
LINE
  5
1B2
330
17
100
AcDbEntity
  8
0
 62
1
 48
25.39999961853027
100
AcDbLine
 10
1637.2324127325664
 20
1974.0666625736922
 30
0.0
 11
1629.5614339351614
 21
1966.3966213367512
 31
0.0
  0
LINE
  5
1B3
330
17
100
AcDbEntity
  8
0
 62
1
 48
25.39999961853027
100
AcDbLine
 10
1629.5614339352223
 20
1974.0666625736922
 30
0.0
 11
1637.2324127325664
 21
1966.3966213367512
 31
0.0
  0
TEXT
  5
1B4
330
17
100
AcDbEntity
  8
power
 62
7
100
AcDbText
 10
1649.43908404771
 20
1944.124093771452
 30
0.0
 40
9.965808239316482
  1
24
  7
Tahoma
 72
1
 11
1656.9218064194738
 21
1949.1069978911128
 31
0.0
100
AcDbText
 73
2
  0
LINE
  5
1B5
330
17
100
AcDbEntity
  8
0
 62
1
 48
25.39999961853027
100
AcDbLine
 10
1759.2811461873962
 20
1953.4548750275117
 30
0.0
 11
1766.9521249848003
 21
1945.7848337905816
 31
0.0
  0
LINE
  5
1B6
330
17
100
AcDbEntity
  8
0
 62
1
 48
25.39999961853027
100
AcDbLine
 10
1766.9521249847412
 20
1953.4548750275117
 30
0.0
 11
1759.2811461873962
 21
1945.7848337905816
 31
0.0
  0
LINE
  5
1B7
330
17
100
AcDbEntity
  8
0
 62
1
 48
25.39999961853027
100
AcDbLine
 10
1637.2324127325664
 20
1953.4548750275117
 30
0.0
 11
1629.5614339351614
 21
1945.7848337905816
 31
0.0
  0
LINE
  5
1B8
330
17
100
AcDbEntity
  8
0
 62
1
 48
25.39999961853027
100
AcDbLine
 10
1629.5614339352223
 20
1953.4548750275117
 30
0.0
 11
1637.2324127325664
 21
1945.7848337905816
 31
0.0
  0
TEXT
  5
1B9
330
17
100
AcDbEntity
  8
power
 62
7
100
AcDbText
 10
1649.43908404771
 20
1923.5123062252824
 30
0.0
 40
9.965808239316482
  1
25
  7
Tahoma
 72
1
 11
1656.9218064194738
 21
1928.4952103449323
 31
0.0
100
AcDbText
 73
2
  0
LINE
  5
1BA
330
17
100
AcDbEntity
  8
0
 62
1
 48
25.39999961853027
100
AcDbLine
 10
1759.2811461873962
 20
1932.8430874813312
 30
0.0
 11
1766.9521249848003
 21
1925.1730462444011
 31
0.0
  0
LINE
  5
1BB
330
17
100
AcDbEntity
  8
0
 62
1
 48
25.39999961853027
100
AcDbLine
 10
1766.9521249847412
 20
1932.8430874813312
 30
0.0
 11
1759.2811461873962
 21
1925.1730462444011
 31
0.0
  0
LINE
  5
1BC
330
17
100
AcDbEntity
  8
0
 62
1
 48
25.39999961853027
100
AcDbLine
 10
1637.2324127325664
 20
1932.8430874813312
 30
0.0
 11
1629.5614339351614
 21
1925.1730462444011
 31
0.0
  0
LINE
  5
1BD
330
17
100
AcDbEntity
  8
0
 62
1
 48
25.39999961853027
100
AcDbLine
 10
1629.5614339352223
 20
1932.8430874813312
 30
0.0
 11
1637.2324127325664
 21
1925.1730462444011
 31
0.0
  0
TEXT
  5
1BE
330
17
100
AcDbEntity
  8
power
 62
7
100
AcDbText
 10
1649.43908404771
 20
1902.9005186791019
 30
0.0
 40
9.965808239316482
  1
26
  7
Tahoma
 72
1
 11
1656.9218064194738
 21
1907.8834227987627
 31
0.0
100
AcDbText
 73
2
  0
LINE
  5
1BF
330
17
100
AcDbEntity
  8
0
 62
1
 48
25.39999961853027
100
AcDbLine
 10
1759.2811461873962
 20
1912.2312999351525
 30
0.0
 11
1766.9521249848003
 21
1904.5612586982224
 31
0.0
  0
LINE
  5
1C0
330
17
100
AcDbEntity
  8
0
 62
1
 48
25.39999961853027
100
AcDbLine
 10
1766.9521249847412
 20
1912.2312999351525
 30
0.0
 11
1759.2811461873962
 21
1904.5612586982224
 31
0.0
  0
LINE
  5
1C1
330
17
100
AcDbEntity
  8
0
 62
1
 48
25.39999961853027
100
AcDbLine
 10
1637.2324127325664
 20
1912.2312999351525
 30
0.0
 11
1629.5614339351614
 21
1904.5612586982224
 31
0.0
  0
LINE
  5
1C2
330
17
100
AcDbEntity
  8
0
 62
1
 48
25.39999961853027
100
AcDbLine
 10
1629.5614339352223
 20
1912.2312999351525
 30
0.0
 11
1637.2324127325664
 21
1904.5612586982224
 31
0.0
  0
TEXT
  5
1C3
330
17
100
AcDbEntity
  8
power
 62
7
100
AcDbText
 10
1649.43908404771
 20
1882.2887311329214
 30
0.0
 40
9.965808239316482
  1
27
  7
Tahoma
 72
1
 11
1656.9218064194738
 21
1887.2716352525822
 31
0.0
100
AcDbText
 73
2
  0
LINE
  5
1C4
330
17
100
AcDbEntity
  8
0
 62
1
 48
25.39999961853027
100
AcDbLine
 10
1759.2811461873962
 20
1891.619512388972
 30
0.0
 11
1766.9521249848003
 21
1883.949471152042
 31
0.0
  0
LINE
  5
1C5
330
17
100
AcDbEntity
  8
0
 62
1
 48
25.39999961853027
100
AcDbLine
 10
1766.9521249847412
 20
1891.619512388972
 30
0.0
 11
1759.2811461873962
 21
1883.949471152042
 31
0.0
  0
LINE
  5
1C6
330
17
100
AcDbEntity
  8
0
 62
1
 48
25.39999961853027
100
AcDbLine
 10
1637.2324127325664
 20
1891.619512388972
 30
0.0
 11
1629.5614339351614
 21
1883.949471152042
 31
0.0
  0
LINE
  5
1C7
330
17
100
AcDbEntity
  8
0
 62
1
 48
25.39999961853027
100
AcDbLine
 10
1629.5614339352223
 20
1891.619512388972
 30
0.0
 11
1637.2324127325664
 21
1883.949471152042
 31
0.0
  0
TEXT
  5
1C8
330
17
100
AcDbEntity
  8
power
 62
7
100
AcDbText
 10
1649.43908404771
 20
1861.6769435867427
 30
0.0
 40
9.965808239316482
  1
28
  7
Tahoma
 72
1
 11
1656.9218064194738
 21
1866.6598477064017
 31
0.0
100
AcDbText
 73
2
  0
LINE
  5
1C9
330
17
100
AcDbEntity
  8
0
 62
1
 48
25.39999961853027
100
AcDbLine
 10
1759.2811461873962
 20
1871.0077248427915
 30
0.0
 11
1766.9521249848003
 21
1863.3376836058615
 31
0.0
  0
LINE
  5
1CA
330
17
100
AcDbEntity
  8
0
 62
1
 48
25.39999961853027
100
AcDbLine
 10
1766.9521249847412
 20
1871.0077248427915
 30
0.0
 11
1759.2811461873962
 21
1863.3376836058615
 31
0.0
  0
LINE
  5
1CB
330
17
100
AcDbEntity
  8
0
 62
1
 48
25.39999961853027
100
AcDbLine
 10
1637.2324127325664
 20
1871.0077248427915
 30
0.0
 11
1629.5614339351614
 21
1863.3376836058615
 31
0.0
  0
LINE
  5
1CC
330
17
100
AcDbEntity
  8
0
 62
1
 48
25.39999961853027
100
AcDbLine
 10
1629.5614339352223
 20
1871.0077248427915
 30
0.0
 11
1637.2324127325664
 21
1863.3376836058615
 31
0.0
  0
TEXT
  5
1CD
330
17
100
AcDbEntity
  8
power
 62
7
100
AcDbText
 10
1649.43908404771
 20
1841.0651560405622
 30
0.0
 40
9.965808239316482
  1
29
  7
Tahoma
 72
1
 11
1656.9218064194738
 21
1846.0480601602212
 31
0.0
100
AcDbText
 73
2
  0
LINE
  5
1CE
330
17
100
AcDbEntity
  8
0
 62
1
 48
25.39999961853027
100
AcDbLine
 10
1759.2811461873962
 20
1850.395937296622
 30
0.0
 11
1766.9521249848003
 21
1842.7258960596828
 31
0.0
  0
LINE
  5
1CF
330
17
100
AcDbEntity
  8
0
 62
1
 48
25.39999961853027
100
AcDbLine
 10
1766.9521249847412
 20
1850.395937296622
 30
0.0
 11
1759.2811461873962
 21
1842.7258960596828
 31
0.0
  0
LINE
  5
1D0
330
17
100
AcDbEntity
  8
0
 62
1
 48
25.39999961853027
100
AcDbLine
 10
1637.2324127325664
 20
1850.395937296622
 30
0.0
 11
1629.5614339351614
 21
1842.7258960596828
 31
0.0
  0
LINE
  5
1D1
330
17
100
AcDbEntity
  8
0
 62
1
 48
25.39999961853027
100
AcDbLine
 10
1629.5614339352223
 20
1850.395937296622
 30
0.0
 11
1637.2324127325664
 21
1842.7258960596828
 31
0.0
  0
TEXT
  5
1D2
330
17
100
AcDbEntity
  8
power
 62
7
100
AcDbText
 10
1649.43908404771
 20
1820.4533684943817
 30
0.0
 40
9.965808239316482
  1
30
  7
Tahoma
 72
1
 11
1656.9218064194738
 21
1825.4362726140425
 31
0.0
100
AcDbText
 73
2
  0
LINE
  5
1D3
330
17
100
AcDbEntity
  8
0
 62
1
 48
25.39999961853027
100
AcDbLine
 10
1759.2811461873962
 20
1829.7841497504414
 30
0.0
 11
1766.9521249848003
 21
1822.1141085135114
 31
0.0
  0
LINE
  5
1D4
330
17
100
AcDbEntity
  8
0
 62
1
 48
25.39999961853027
100
AcDbLine
 10
1766.9521249847412
 20
1829.7841497504414
 30
0.0
 11
1759.2811461873962
 21
1822.1141085135114
 31
0.0
  0
LINE
  5
1D5
330
17
100
AcDbEntity
  8
0
 62
1
 48
25.39999961853027
100
AcDbLine
 10
1637.2324127325664
 20
1829.7841497504414
 30
0.0
 11
1629.5614339351614
 21
1822.1141085135114
 31
0.0
  0
LINE
  5
1D6
330
17
100
AcDbEntity
  8
0
 62
1
 48
25.39999961853027
100
AcDbLine
 10
1629.5614339352223
 20
1829.7841497504414
 30
0.0
 11
1637.2324127325664
 21
1822.1141085135114
 31
0.0
  0
TEXT
  5
1D7
330
17
100
AcDbEntity
  8
power
 62
7
100
AcDbText
 10
1649.43908404771
 20
1799.8415809482121
 30
0.0
 40
9.965808239316482
  1
31
  7
Tahoma
 72
1
 11
1656.9218064194738
 21
1804.824485067862
 31
0.0
100
AcDbText
 73
2
  0
LINE
  5
1D8
330
17
100
AcDbEntity
  8
0
 62
1
 48
25.39999961853027
100
AcDbLine
 10
1759.2811461873962
 20
1809.1723622042628
 30
0.0
 11
1766.9521249848003
 21
1801.5023209673327
 31
0.0
  0
LINE
  5
1D9
330
17
100
AcDbEntity
  8
0
 62
1
 48
25.39999961853027
100
AcDbLine
 10
1766.9521249847412
 20
1809.1723622042628
 30
0.0
 11
1759.2811461873962
 21
1801.5023209673327
 31
0.0
  0
LINE
  5
1DA
330
17
100
AcDbEntity
  8
0
 62
1
 48
25.39999961853027
100
AcDbLine
 10
1637.2324127325664
 20
1809.1723622042628
 30
0.0
 11
1629.5614339351614
 21
1801.5023209673327
 31
0.0
  0
LINE
  5
1DB
330
17
100
AcDbEntity
  8
0
 62
1
 48
25.39999961853027
100
AcDbLine
 10
1629.5614339352223
 20
1809.1723622042628
 30
0.0
 11
1637.2324127325664
 21
1801.5023209673327
 31
0.0
  0
TEXT
  5
1DC
330
17
100
AcDbEntity
  8
power
 62
7
100
AcDbText
 10
1649.43908404771
 20
1779.2297934020316
 30
0.0
 40
9.965808239316482
  1
32
  7
Tahoma
 72
1
 11
1656.9218064194738
 21
1784.2126975216925
 31
0.0
100
AcDbText
 73
2
  0
LINE
  5
1DD
330
17
100
AcDbEntity
  8
0
 62
1
 48
25.39999961853027
100
AcDbLine
 10
1759.2811461873962
 20
1788.5605746580823
 30
0.0
 11
1766.9521249848003
 21
1780.8905334211522
 31
0.0
  0
LINE
  5
1DE
330
17
100
AcDbEntity
  8
0
 62
1
 48
25.39999961853027
100
AcDbLine
 10
1766.9521249847412
 20
1788.5605746580823
 30
0.0
 11
1759.2811461873962
 21
1780.8905334211522
 31
0.0
  0
LINE
  5
1DF
330
17
100
AcDbEntity
  8
0
 62
1
 48
25.39999961853027
100
AcDbLine
 10
1637.2324127325664
 20
1788.5605746580823
 30
0.0
 11
1629.5614339351614
 21
1780.8905334211522
 31
0.0
  0
LINE
  5
1E0
330
17
100
AcDbEntity
  8
0
 62
1
 48
25.39999961853027
100
AcDbLine
 10
1629.5614339352223
 20
1788.5605746580823
 30
0.0
 11
1637.2324127325664
 21
1780.8905334211522
 31
0.0
  0
TEXT
  5
1E1
330
17
100
AcDbEntity
  8
0
 62
4
100
AcDbText
 10
1669.3094178481606
 20
2441.0999445897123
 30
0.0
 40
9.948672000000002
  1
P2-TBDI1
  7
Tahoma
 72
1
 11
1698.2567794599809
 21
2446.0742805897116
 31
0.0
100
AcDbText
 73
2
  0
TEXT
  5
1E2
330
17
100
AcDbEntity
  8
0
 62
7
100
AcDbText
 10
988.7571941542828
 20
1514.243228429772
 30
0.0
 40
9.948672000000002
  1
BK
  7
Tahoma
100
AcDbText
  0
TEXT
  5
1E3
330
17
100
AcDbEntity
  8
0
 62
7
100
AcDbText
 10
988.7571941542828
 20
1960.9386843847424
 30
0.0
 40
9.948672000000002
  1
BK
  7
Tahoma
100
AcDbText
  0
TEXT
  5
1E4
330
17
100
AcDbEntity
  8
0
 62
7
100
AcDbText
 10
1049.3992545105139
 20
1515.761381110622
 30
0.0
 40
9.948672000000002
  1
0VDC
  7
Tahoma
100
AcDbText
  0
TEXT
  5
1E5
330
17
100
AcDbEntity
  8
0
 62
7
100
AcDbText
 10
1049.3992545105139
 20
1962.4568370655925
 30
0.0
 40
9.948672000000002
  1
0VDC
  7
Tahoma
100
AcDbText
  0
LINE
  5
1E6
330
17
100
AcDbEntity
  8
IE-WIRE
 62
4
 48
25.39999961853027
100
AcDbLine
 10
1407.7198811065664
 20
2423.6909679710625
 30
0.0
 11
1623.0897698024892
 21
2423.6909679711116
 31
0.0
  0
TEXT
  5
1E7
330
17
100
AcDbEntity
  8
0
 62
4
100
AcDbText
 10
1595.5118500862982
 20
2428.9444359912723
 30
0.0
 40
9.948672000000002
  1
WH
  7
Tahoma
100
AcDbText
  0
LINE
  5
1E8
330
17
100
AcDbEntity
  8
IE-WIRE
 62
4
 48
25.39999961853027
100
AcDbLine
 10
1407.7198811065664
 20
2403.079180424882
 30
0.0
 11
1623.0897698024892
 21
2403.079180424931
 31
0.0
  0
TEXT
  5
1E9
330
17
100
AcDbEntity
  8
0
 62
4
100
AcDbText
 10
1595.5118500862982
 20
2408.3326484450918
 30
0.0
 40
9.948672000000002
  1
WH
  7
Tahoma
100
AcDbText
  0
LINE
  5
1EA
330
17
100
AcDbEntity
  8
IE-WIRE
 62
4
 48
25.39999961853027
100
AcDbLine
 10
1407.7198811065664
 20
2382.4673928787015
 30
0.0
 11
1623.0897698024892
 21
2382.4673928787615
 31
0.0
  0
TEXT
  5
1EB
330
17
100
AcDbEntity
  8
0
 62
4
100
AcDbText
 10
1595.5118500862982
 20
2387.7208608989113
 30
0.0
 40
9.948672000000002
  1
WH
  7
Tahoma
100
AcDbText
  0
LINE
  5
1EC
330
17
100
AcDbEntity
  8
IE-WIRE
 62
4
 48
25.39999961853027
100
AcDbLine
 10
1407.7198811065664
 20
2361.855605332521
 30
0.0
 11
1623.0897698024892
 21
2361.855605332581
 31
0.0
  0
TEXT
  5
1ED
330
17
100
AcDbEntity
  8
0
 62
4
100
AcDbText
 10
1595.5118500862982
 20
2367.1090733527326
 30
0.0
 40
9.948672000000002
  1
WH
  7
Tahoma
100
AcDbText
  0
LINE
  5
1EE
330
17
100
AcDbEntity
  8
IE-WIRE
 62
4
 48
25.39999961853027
100
AcDbLine
 10
1407.7198811065664
 20
2341.2438177863423
 30
0.0
 11
1623.0897698024892
 21
2341.2438177864024
 31
0.0
  0
TEXT
  5
1EF
330
17
100
AcDbEntity
  8
0
 62
4
100
AcDbText
 10
1595.5118500862982
 20
2346.497285806552
 30
0.0
 40
9.948672000000002
  1
WH
  7
Tahoma
100
AcDbText
  0
LINE
  5
1F0
330
17
100
AcDbEntity
  8
IE-WIRE
 62
4
 48
25.39999961853027
100
AcDbLine
 10
1407.7198811065664
 20
2320.632030240162
 30
0.0
 11
1623.0897698024892
 21
2320.632030240222
 31
0.0
  0
TEXT
  5
1F1
330
17
100
AcDbEntity
  8
0
 62
4
100
AcDbText
 10
1595.5118500862982
 20
2325.8854982603825
 30
0.0
 40
9.948672000000002
  1
WH
  7
Tahoma
100
AcDbText
  0
LINE
  5
1F2
330
17
100
AcDbEntity
  8
IE-WIRE
 62
4
 48
25.39999961853027
100
AcDbLine
 10
1407.7198811065664
 20
2300.0202426939923
 30
0.0
 11
1623.0897698024892
 21
2300.0202426940414
 31
0.0
  0
TEXT
  5
1F3
330
17
100
AcDbEntity
  8
0
 62
4
100
AcDbText
 10
1595.5118500862982
 20
2305.273710714202
 30
0.0
 40
9.948672000000002
  1
WH
  7
Tahoma
100
AcDbText
  0
LINE
  5
1F4
330
17
100
AcDbEntity
  8
IE-WIRE
 62
4
 48
25.39999961853027
100
AcDbLine
 10
1407.7198811065664
 20
2279.4084551478118
 30
0.0
 11
1623.0897698024892
 21
2279.4084551478627
 31
0.0
  0
TEXT
  5
1F5
330
17
100
AcDbEntity
  8
0
 62
4
100
AcDbText
 10
1595.5118500862982
 20
2284.6619231680215
 30
0.0
 40
9.948672000000002
  1
WH
  7
Tahoma
100
AcDbText
  0
LINE
  5
1F6
330
17
100
AcDbEntity
  8
IE-WIRE
 62
4
 48
25.39999961853027
100
AcDbLine
 10
1407.7198811065664
 20
2258.7966676016313
 30
0.0
 11
1623.0897698024892
 21
2258.7966676016913
 31
0.0
  0
TEXT
  5
1F7
330
17
100
AcDbEntity
  8
0
 62
4
100
AcDbText
 10
1595.5118500862982
 20
2264.050135621841
 30
0.0
 40
9.948672000000002
  1
WH
  7
Tahoma
100
AcDbText
  0
LINE
  5
1F8
330
17
100
AcDbEntity
  8
IE-WIRE
 62
4
 48
25.39999961853027
100
AcDbLine
 10
1407.7198811065664
 20
2238.1848800554526
 30
0.0
 11
1623.0897698024892
 21
2238.1848800555126
 31
0.0
  0
TEXT
  5
1F9
330
17
100
AcDbEntity
  8
0
 62
4
100
AcDbText
 10
1595.5118500862982
 20
2243.4383480756624
 30
0.0
 40
9.948672000000002
  1
WH
  7
Tahoma
100
AcDbText
  0
LINE
  5
1FA
330
17
100
AcDbEntity
  8
IE-WIRE
 62
4
 48
25.39999961853027
100
AcDbLine
 10
1407.7198811065664
 20
2217.573092509272
 30
0.0
 11
1623.0897698024892
 21
2217.573092509332
 31
0.0
  0
TEXT
  5
1FB
330
17
100
AcDbEntity
  8
0
 62
4
100
AcDbText
 10
1595.5118500862982
 20
2222.826560529482
 30
0.0
 40
9.948672000000002
  1
WH
  7
Tahoma
100
AcDbText
  0
LINE
  5
1FC
330
17
100
AcDbEntity
  8
IE-WIRE
 62
4
 48
25.39999961853027
100
AcDbLine
 10
1407.7198811065664
 20
2196.9613049631025
 30
0.0
 11
1623.0897698024892
 21
2196.9613049631516
 31
0.0
  0
TEXT
  5
1FD
330
17
100
AcDbEntity
  8
0
 62
4
100
AcDbText
 10
1595.5118500862982
 20
2202.2147729833014
 30
0.0
 40
9.948672000000002
  1
WH
  7
Tahoma
100
AcDbText
  0
LINE
  5
1FE
330
17
100
AcDbEntity
  8
IE-WIRE
 62
4
 48
25.39999961853027
100
AcDbLine
 10
1407.7198811065664
 20
2176.349517416922
 30
0.0
 11
1623.0897698024892
 21
2176.349517416971
 31
0.0
  0
TEXT
  5
1FF
330
17
100
AcDbEntity
  8
0
 62
4
100
AcDbText
 10
1595.5118500862982
 20
2181.602985437132
 30
0.0
 40
9.948672000000002
  1
WH
  7
Tahoma
100
AcDbText
  0
LINE
  5
200
330
17
100
AcDbEntity
  8
IE-WIRE
 62
4
 48
25.39999961853027
100
AcDbLine
 10
1407.7198811065664
 20
2155.7377298707415
 30
0.0
 11
1623.0897698024892
 21
2155.7377298707925
 31
0.0
  0
TEXT
  5
201
330
17
100
AcDbEntity
  8
0
 62
4
100
AcDbText
 10
1595.5118500862982
 20
2160.9911978909513
 30
0.0
 40
9.948672000000002
  1
WH
  7
Tahoma
100
AcDbText
  0
LINE
  5
202
330
17
100
AcDbEntity
  8
IE-WIRE
 62
4
 48
25.39999961853027
100
AcDbLine
 10
1407.7198811065664
 20
2135.125942324561
 30
0.0
 11
1623.0897698024892
 21
2135.125942324612
 31
0.0
  0
TEXT
  5
203
330
17
100
AcDbEntity
  8
0
 62
4
100
AcDbText
 10
1595.5118500862982
 20
2140.3794103447726
 30
0.0
 40
9.948672000000002
  1
WH
  7
Tahoma
100
AcDbText
  0
LINE
  5
204
330
17
100
AcDbEntity
  8
IE-WIRE
 62
4
 48
25.39999961853027
100
AcDbLine
 10
1407.7198811065664
 20
2114.5141547783824
 30
0.0
 11
1623.0897698024892
 21
2114.5141547784424
 31
0.0
  0
TEXT
  5
205
330
17
100
AcDbEntity
  8
0
 62
4
100
AcDbText
 10
1595.5118500862982
 20
2119.767622798592
 30
0.0
 40
9.948672000000002
  1
WH
  7
Tahoma
100
AcDbText
  0
LINE
  5
206
330
17
100
AcDbEntity
  8
IE-WIRE
 62
4
 48
25.39999961853027
100
AcDbLine
 10
1407.7198811065664
 20
2093.902367232202
 30
0.0
 11
1623.0897698024892
 21
2093.902367232262
 31
0.0
  0
TEXT
  5
207
330
17
100
AcDbEntity
  8
0
 62
4
100
AcDbText
 10
1595.5118500862982
 20
2099.1558352524116
 30
0.0
 40
9.948672000000002
  1
WH
  7
Tahoma
100
AcDbText
  0
LINE
  5
208
330
17
100
AcDbEntity
  8
IE-WIRE
 62
4
 48
25.39999961853027
100
AcDbLine
 10
1407.7198811065664
 20
2073.2905796860214
 30
0.0
 11
1623.0897698024892
 21
2073.2905796860814
 31
0.0
  0
TEXT
  5
209
330
17
100
AcDbEntity
  8
0
 62
4
100
AcDbText
 10
1595.5118500862982
 20
2078.544047706242
 30
0.0
 40
9.948672000000002
  1
WH
  7
Tahoma
100
AcDbText
  0
LINE
  5
20A
330
17
100
AcDbEntity
  8
IE-WIRE
 62
4
 48
25.39999961853027
100
AcDbLine
 10
1407.7198811065664
 20
2052.678792139852
 30
0.0
 11
1623.0897698024892
 21
2052.6787921399027
 31
0.0
  0
TEXT
  5
20B
330
17
100
AcDbEntity
  8
0
 62
4
100
AcDbText
 10
1595.5118500862982
 20
2057.9322601600616
 30
0.0
 40
9.948672000000002
  1
WH
  7
Tahoma
100
AcDbText
  0
LINE
  5
20C
330
17
100
AcDbEntity
  8
IE-WIRE
 62
4
 48
25.39999961853027
100
AcDbLine
 10
1407.7198811065664
 20
2032.0670045936713
 30
0.0
 11
1623.0897698024892
 21
2032.0670045937222
 31
0.0
  0
TEXT
  5
20D
330
17
100
AcDbEntity
  8
0
 62
4
100
AcDbText
 10
1595.5118500862982
 20
2037.320472613881
 30
0.0
 40
9.948672000000002
  1
WH
  7
Tahoma
100
AcDbText
  0
LINE
  5
20E
330
17
100
AcDbEntity
  8
IE-WIRE
 62
4
 48
25.39999961853027
100
AcDbLine
 10
1407.7198811065664
 20
2011.4552170474926
 30
0.0
 11
1623.0897698024892
 21
2011.4552170475417
 31
0.0
  0
TEXT
  5
20F
330
17
100
AcDbEntity
  8
0
 62
4
100
AcDbText
 10
1595.5118500862982
 20
2016.7086850677024
 30
0.0
 40
9.948672000000002
  1
WH
  7
Tahoma
100
AcDbText
  0
LINE
  5
210
330
17
100
AcDbEntity
  8
IE-WIRE
 62
4
 48
25.39999961853027
100
AcDbLine
 10
1407.7198811065664
 20
1990.8434295013121
 30
0.0
 11
1623.0897698024892
 21
1990.8434295013722
 31
0.0
  0
TEXT
  5
211
330
17
100
AcDbEntity
  8
0
 62
4
100
AcDbText
 10
1595.5118500862982
 20
1996.096897521522
 30
0.0
 40
9.948672000000002
  1
WH
  7
Tahoma
100
AcDbText
  0
LINE
  5
212
330
17
100
AcDbEntity
  8
IE-WIRE
 62
4
 48
25.39999961853027
100
AcDbLine
 10
1407.7198811065664
 20
1970.2316419551316
 30
0.0
 11
1623.0897698024892
 21
1970.2316419551917
 31
0.0
  0
TEXT
  5
213
330
17
100
AcDbEntity
  8
0
 62
4
100
AcDbText
 10
1595.5118500862982
 20
1975.4851099753414
 30
0.0
 40
9.948672000000002
  1
WH
  7
Tahoma
100
AcDbText
  0
LINE
  5
214
330
17
100
AcDbEntity
  8
IE-WIRE
 62
4
 48
25.39999961853027
100
AcDbLine
 10
1407.7198811065664
 20
1949.619854408962
 30
0.0
 11
1623.0897698024892
 21
1949.6198544090112
 31
0.0
  0
TEXT
  5
215
330
17
100
AcDbEntity
  8
0
 62
4
100
AcDbText
 10
1595.5118500862982
 20
1954.8733224291718
 30
0.0
 40
9.948672000000002
  1
WH
  7
Tahoma
100
AcDbText
  0
LINE
  5
216
330
17
100
AcDbEntity
  8
IE-WIRE
 62
4
 48
25.39999961853027
100
AcDbLine
 10
1407.7198811065664
 20
1929.0080668627816
 30
0.0
 11
1623.0897698024892
 21
1929.0080668628325
 31
0.0
  0
TEXT
  5
217
330
17
100
AcDbEntity
  8
0
 62
4
100
AcDbText
 10
1595.5118500862982
 20
1934.2615348829913
 30
0.0
 40
9.948672000000002
  1
WH
  7
Tahoma
100
AcDbText
  0
LINE
  5
218
330
17
100
AcDbEntity
  8
IE-WIRE
 62
4
 48
25.39999961853027
100
AcDbLine
 10
1407.7198811065664
 20
1908.396279316601
 30
0.0
 11
1623.0897698024273
 21
1908.396279316652
 31
0.0
  0
TEXT
  5
219
330
17
100
AcDbEntity
  8
0
 62
4
100
AcDbText
 10
1595.5118500862363
 20
1913.6497473368127
 30
0.0
 40
9.948672000000002
  1
WH
  7
Tahoma
100
AcDbText
  0
LINE
  5
21A
330
17
100
AcDbEntity
  8
IE-WIRE
 62
4
 48
25.39999961853027
100
AcDbLine
 10
1407.7198811065664
 20
1887.7844917704224
 30
0.0
 11
1623.0897698024273
 21
1887.7844917704715
 31
0.0
  0
TEXT
  5
21B
330
17
100
AcDbEntity
  8
0
 62
4
100
AcDbText
 10
1595.5118500862363
 20
1893.0379597906322
 30
0.0
 40
9.948672000000002
  1
WH
  7
Tahoma
100
AcDbText
  0
LINE
  5
21C
330
17
100
AcDbEntity
  8
IE-WIRE
 62
4
 48
25.39999961853027
100
AcDbLine
 10
1407.7198811065664
 20
1867.172704224242
 30
0.0
 11
1623.0897698024273
 21
1867.172704224302
 31
0.0
  0
TEXT
  5
21D
330
17
100
AcDbEntity
  8
0
 62
4
100
AcDbText
 10
1595.5118500862363
 20
1872.4261722444517
 30
0.0
 40
9.948672000000002
  1
WH
  7
Tahoma
100
AcDbText
  0
LINE
  5
21E
330
17
100
AcDbEntity
  8
IE-WIRE
 62
4
 48
25.39999961853027
100
AcDbLine
 10
1407.7198811065664
 20
1846.5609166780614
 30
0.0
 11
1623.0897698024273
 21
1846.5609166781214
 31
0.0
  0
TEXT
  5
21F
330
17
100
AcDbEntity
  8
0
 62
4
100
AcDbText
 10
1595.5118500862363
 20
1851.8143846982712
 30
0.0
 40
9.948672000000002
  1
WH
  7
Tahoma
100
AcDbText
  0
LINE
  5
220
330
17
100
AcDbEntity
  8
IE-WIRE
 62
4
 48
25.39999961853027
100
AcDbLine
 10
1407.7198811065664
 20
1825.9491291318918
 30
0.0
 11
1623.0897698024273
 21
1825.9491291319428
 31
0.0
  0
TEXT
  5
221
330
17
100
AcDbEntity
  8
0
 62
4
100
AcDbText
 10
1595.5118500862363
 20
1831.2025971520925
 30
0.0
 40
9.948672000000002
  1
WH
  7
Tahoma
100
AcDbText
  0
LINE
  5
222
330
17
100
AcDbEntity
  8
IE-WIRE
 62
4
 48
25.39999961853027
100
AcDbLine
 10
1407.7198811065664
 20
1805.3373415857113
 30
0.0
 11
1623.0897698024273
 21
1805.3373415857623
 31
0.0
  0
TEXT
  5
223
330
17
100
AcDbEntity
  8
0
 62
4
100
AcDbText
 10
1595.5118500862363
 20
1810.590809605921
 30
0.0
 40
9.948672000000002
  1
WH
  7
Tahoma
100
AcDbText
  0
LINE
  5
224
330
17
100
AcDbEntity
  8
IE-WIRE
 62
4
 48
25.39999961853027
100
AcDbLine
 10
1407.7198811065664
 20
1784.7255540395327
 30
0.0
 11
1623.0897698024273
 21
1784.7255540395818
 31
0.0
  0
TEXT
  5
225
330
17
100
AcDbEntity
  8
0
 62
4
100
AcDbText
 10
1595.5118500862363
 20
1789.9790220597424
 30
0.0
 40
9.948672000000002
  1
WH
  7
Tahoma
100
AcDbText
  0
LINE
  5
226
330
17
100
AcDbEntity
  8
IE-WIRE
 62
4
 48
25.39999961853027
100
AcDbLine
 10
1398.5806811065677
 20
2414.551767971061
 30
0.0
 11
1398.5806811065677
 21
1346.1501543611612
 31
0.0
  0
LINE
  5
227
330
17
100
AcDbEntity
  8
IE-WIRE
 62
4
100
AcDbLine
 10
348.1129934142409
 20
1337.0109543611616
 30
0.0
 11
1389.441481106568
 21
1337.0109543611616
 31
0.0
  0
LINE
  5
228
330
17
100
AcDbEntity
  8
IE-WIRE
 62
4
 48
25.39999961853027
100
AcDbLine
 10
1988.7936778134572
 20
2423.6909679710625
 30
0.0
 11
1773.4237891175353
 21
2423.6909679711116
 31
0.0
  0
LINE
  5
229
330
17
100
AcDbEntity
  8
IE-WIRE
 62
4
 48
25.39999961853027
100
AcDbLine
 10
1988.7936778134572
 20
2403.079180424882
 30
0.0
 11
1773.4237891175353
 21
2403.079180424931
 31
0.0
  0
LINE
  5
22A
330
17
100
AcDbEntity
  8
IE-WIRE
 62
4
 48
25.39999961853027
100
AcDbLine
 10
1988.7936778134572
 20
2382.4673928787015
 30
0.0
 11
1773.4237891175353
 21
2382.4673928787615
 31
0.0
  0
LINE
  5
22B
330
17
100
AcDbEntity
  8
IE-WIRE
 62
4
 48
25.39999961853027
100
AcDbLine
 10
1988.7936778134572
 20
2361.855605332521
 30
0.0
 11
1773.4237891175353
 21
2361.855605332581
 31
0.0
  0
LINE
  5
22C
330
17
100
AcDbEntity
  8
IE-WIRE
 62
4
 48
25.39999961853027
100
AcDbLine
 10
1988.7936778134572
 20
2341.2438177863423
 30
0.0
 11
1773.4237891175353
 21
2341.2438177864024
 31
0.0
  0
LINE
  5
22D
330
17
100
AcDbEntity
  8
IE-WIRE
 62
4
 48
25.39999961853027
100
AcDbLine
 10
1988.7936778134572
 20
2320.632030240162
 30
0.0
 11
1773.4237891175353
 21
2320.632030240222
 31
0.0
  0
LINE
  5
22E
330
17
100
AcDbEntity
  8
IE-WIRE
 62
4
 48
25.39999961853027
100
AcDbLine
 10
1988.7936778134572
 20
2300.0202426939923
 30
0.0
 11
1773.4237891175353
 21
2300.0202426940414
 31
0.0
  0
LINE
  5
22F
330
17
100
AcDbEntity
  8
IE-WIRE
 62
4
 48
25.39999961853027
100
AcDbLine
 10
1988.7936778134572
 20
2279.4084551478118
 30
0.0
 11
1773.4237891175353
 21
2279.4084551478627
 31
0.0
  0
LINE
  5
230
330
17
100
AcDbEntity
  8
IE-WIRE
 62
4
 48
25.39999961853027
100
AcDbLine
 10
1988.7936778134572
 20
2258.7966676016313
 30
0.0
 11
1773.4237891175353
 21
2258.7966676016913
 31
0.0
  0
LINE
  5
231
330
17
100
AcDbEntity
  8
IE-WIRE
 62
4
 48
25.39999961853027
100
AcDbLine
 10
1988.7936778134572
 20
2238.1848800554526
 30
0.0
 11
1773.4237891175353
 21
2238.1848800555126
 31
0.0
  0
LINE
  5
232
330
17
100
AcDbEntity
  8
IE-WIRE
 62
4
 48
25.39999961853027
100
AcDbLine
 10
1988.7936778134572
 20
2217.573092509272
 30
0.0
 11
1773.4237891175353
 21
2217.573092509332
 31
0.0
  0
LINE
  5
233
330
17
100
AcDbEntity
  8
IE-WIRE
 62
4
 48
25.39999961853027
100
AcDbLine
 10
1988.7936778134572
 20
2196.9613049631025
 30
0.0
 11
1773.4237891175353
 21
2196.9613049631516
 31
0.0
  0
LINE
  5
234
330
17
100
AcDbEntity
  8
IE-WIRE
 62
4
 48
25.39999961853027
100
AcDbLine
 10
1988.7936778134572
 20
2176.349517416922
 30
0.0
 11
1773.4237891175353
 21
2176.349517416971
 31
0.0
  0
LINE
  5
235
330
17
100
AcDbEntity
  8
IE-WIRE
 62
4
 48
25.39999961853027
100
AcDbLine
 10
1988.7936778134572
 20
2155.7377298707415
 30
0.0
 11
1773.4237891175353
 21
2155.7377298707925
 31
0.0
  0
LINE
  5
236
330
17
100
AcDbEntity
  8
IE-WIRE
 62
4
 48
25.39999961853027
100
AcDbLine
 10
1988.7936778134572
 20
2135.125942324561
 30
0.0
 11
1773.4237891175353
 21
2135.125942324612
 31
0.0
  0
LINE
  5
237
330
17
100
AcDbEntity
  8
IE-WIRE
 62
4
 48
25.39999961853027
100
AcDbLine
 10
1988.7936778134572
 20
2114.5141547783824
 30
0.0
 11
1773.4237891175353
 21
2114.5141547784424
 31
0.0
  0
LINE
  5
238
330
17
100
AcDbEntity
  8
IE-WIRE
 62
4
 48
25.39999961853027
100
AcDbLine
 10
1955.6904701864178
 20
2093.902367232213
 30
0.0
 11
1773.4237891175353
 21
2093.902367232262
 31
0.0
  0
LINE
  5
239
330
17
100
AcDbEntity
  8
IE-WIRE
 62
4
 48
25.39999961853027
100
AcDbLine
 10
1955.6904701864178
 20
2073.2905796860323
 30
0.0
 11
1773.4237891175353
 21
2073.2905796860814
 31
0.0
  0
LINE
  5
23A
330
17
100
AcDbEntity
  8
IE-WIRE
 62
4
 48
25.39999961853027
100
AcDbLine
 10
1955.6904701864178
 20
2052.678792139852
 30
0.0
 11
1773.4237891175353
 21
2052.6787921399027
 31
0.0
  0
LINE
  5
23B
330
17
100
AcDbEntity
  8
IE-WIRE
 62
4
 48
25.39999961853027
100
AcDbLine
 10
1955.6904701864178
 20
2032.0670045936822
 30
0.0
 11
1773.4237891175353
 21
2032.0670045937222
 31
0.0
  0
LINE
  5
23C
330
17
100
AcDbEntity
  8
IE-WIRE
 62
4
 48
25.39999961853027
100
AcDbLine
 10
1955.6904701864178
 20
2011.4552170475017
 30
0.0
 11
1773.4237891175353
 21
2011.4552170475417
 31
0.0
  0
LINE
  5
23D
330
17
100
AcDbEntity
  8
IE-WIRE
 62
4
 48
25.39999961853027
100
AcDbLine
 10
1955.6904701864178
 20
1990.8434295013212
 30
0.0
 11
1773.4237891175353
 21
1990.8434295013722
 31
0.0
  0
LINE
  5
23E
330
17
100
AcDbEntity
  8
IE-WIRE
 62
4
 48
25.39999961853027
100
AcDbLine
 10
1955.6904701864178
 20
1970.2316419551425
 30
0.0
 11
1773.4237891175353
 21
1970.2316419551917
 31
0.0
  0
LINE
  5
23F
330
17
100
AcDbEntity
  8
IE-WIRE
 62
4
 48
25.39999961853027
100
AcDbLine
 10
1955.6904701864178
 20
1949.619854408962
 30
0.0
 11
1773.4237891175353
 21
1949.6198544090112
 31
0.0
  0
LINE
  5
240
330
17
100
AcDbEntity
  8
IE-WIRE
 62
4
 48
25.39999961853027
100
AcDbLine
 10
1955.6904701864178
 20
1929.0080668627816
 30
0.0
 11
1773.4237891175353
 21
1929.0080668628325
 31
0.0
  0
LINE
  5
241
330
17
100
AcDbEntity
  8
IE-WIRE
 62
4
 48
25.39999961853027
100
AcDbLine
 10
1955.6904701864178
 20
1908.396279316612
 30
0.0
 11
1773.4237891175953
 21
1908.396279316652
 31
0.0
  0
LINE
  5
242
330
17
100
AcDbEntity
  8
IE-WIRE
 62
4
 48
25.39999961853027
100
AcDbLine
 10
1955.6904701864178
 20
1887.7844917704315
 30
0.0
 11
1773.4237891175953
 21
1887.7844917704715
 31
0.0
  0
LINE
  5
243
330
17
100
AcDbEntity
  8
IE-WIRE
 62
4
 48
25.39999961853027
100
AcDbLine
 10
1955.6904701864178
 20
1867.172704224251
 30
0.0
 11
1773.4237891175953
 21
1867.172704224302
 31
0.0
  0
LINE
  5
244
330
17
100
AcDbEntity
  8
IE-WIRE
 62
4
 48
25.39999961853027
100
AcDbLine
 10
1955.6904701864178
 20
1846.5609166780723
 30
0.0
 11
1773.4237891175953
 21
1846.5609166781214
 31
0.0
  0
LINE
  5
245
330
17
100
AcDbEntity
  8
IE-WIRE
 62
4
 48
25.39999961853027
100
AcDbLine
 10
1955.6904701864178
 20
1825.9491291318918
 30
0.0
 11
1773.4237891175953
 21
1825.9491291319428
 31
0.0
  0
LINE
  5
246
330
17
100
AcDbEntity
  8
IE-WIRE
 62
4
 48
25.39999961853027
100
AcDbLine
 10
1955.6904701864178
 20
1805.3373415857222
 30
0.0
 11
1773.4237891175953
 21
1805.3373415857623
 31
0.0
  0
LINE
  5
247
330
17
100
AcDbEntity
  8
IE-WIRE
 62
4
 48
25.39999961853027
100
AcDbLine
 10
1955.6904701864178
 20
1784.7255540395417
 30
0.0
 11
1773.4237891175953
 21
1784.7255540395818
 31
0.0
  0
LINE
  5
248
330
17
100
AcDbEntity
  8
IE-WIRE
 62
4
 48
25.39999961853027
100
AcDbLine
 10
1997.932877813454
 20
2414.551767971061
 30
0.0
 11
1997.932877813454
 21
2088.8158875586523
 31
0.0
  0
LINE
  5
249
330
17
100
AcDbEntity
  8
IE-WIRE
 62
4
 48
25.39999961853027
100
AcDbLine
 10
1964.8296701864147
 20
2084.7631672322223
 30
0.0
 11
1964.8296701864147
 21
1759.0272868198717
 31
0.0
  0
TEXT
  5
24A
330
17
100
AcDbEntity
  8
0
 62
4
100
AcDbText
 10
1789.9339738720191
 20
2429.9791513934815
 30
0.0
 40
9.948672000000002
  1
P2-TBDI1-1/C2S1-1
  7
Tahoma
100
AcDbText
  0
TEXT
  5
24B
330
17
100
AcDbEntity
  8
0
 62
4
100
AcDbText
 10
1789.9339738720191
 20
2368.143788754962
 30
0.0
 40
9.948672000000002
  1
P2-TBDI1-4/C2S1-4
  7
Tahoma
100
AcDbText
  0
TEXT
  5
24C
330
17
100
AcDbEntity
  8
0
 62
4
100
AcDbText
 10
1789.9339738720191
 20
2306.3084261164313
 30
0.0
 40
9.948672000000002
  1
P2-TBDI1-7/C2S1-7
  7
Tahoma
100
AcDbText
  0
TEXT
  5
24D
330
17
100
AcDbEntity
  8
0
 62
4
100
AcDbText
 10
1789.9339738720191
 20
2244.4730634779025
 30
0.0
 40
9.948672000000002
  1
P2-TBDI1-10/C2S1-10
  7
Tahoma
100
AcDbText
  0
TEXT
  5
24E
330
17
100
AcDbEntity
  8
0
 62
4
100
AcDbText
 10
1789.9339738720191
 20
2182.637700839381
 30
0.0
 40
9.948672000000002
  1
P2-TBDI1-13/C2S1-13
  7
Tahoma
100
AcDbText
  0
TEXT
  5
24F
330
17
100
AcDbEntity
  8
0
 62
4
100
AcDbText
 10
1789.9339738720191
 20
2409.367363847301
 30
0.0
 40
9.948672000000002
  1
P2-TBDI1-2/C2S1-2
  7
Tahoma
100
AcDbText
  0
TEXT
  5
250
330
17
100
AcDbEntity
  8
0
 62
4
100
AcDbText
 10
1789.9339738720191
 20
2388.7555763011314
 30
0.0
 40
9.948672000000002
  1
P2-TBDI1-3/C2S1-3
  7
Tahoma
100
AcDbText
  0
TEXT
  5
251
330
17
100
AcDbEntity
  8
0
 62
4
100
AcDbText
 10
1789.9339738720191
 20
2347.5320012087814
 30
0.0
 40
9.948672000000002
  1
P2-TBDI1-5/C2S1-5
  7
Tahoma
100
AcDbText
  0
TEXT
  5
252
330
17
100
AcDbEntity
  8
0
 62
4
100
AcDbText
 10
1789.9339738720191
 20
2326.920213662612
 30
0.0
 40
9.948672000000002
  1
P2-TBDI1-6/C2S1-6
  7
Tahoma
100
AcDbText
  0
TEXT
  5
253
330
17
100
AcDbEntity
  8
0
 62
4
100
AcDbText
 10
1789.9339738720191
 20
2285.6966385702617
 30
0.0
 40
9.948672000000002
  1
P2-TBDI1-8/C2S1-8
  7
Tahoma
100
AcDbText
  0
TEXT
  5
254
330
17
100
AcDbEntity
  8
0
 62
4
100
AcDbText
 10
1789.9339738720191
 20
2265.084851024081
 30
0.0
 40
9.948672000000002
  1
P2-TBDI1-9/C2S1-9
  7
Tahoma
100
AcDbText
  0
TEXT
  5
255
330
17
100
AcDbEntity
  8
0
 62
4
100
AcDbText
 10
1789.9339738720191
 20
2223.861275931742
 30
0.0
 40
9.948672000000002
  1
P2-TBDI1-11/C2S1-11
  7
Tahoma
100
AcDbText
  0
TEXT
  5
256
330
17
100
AcDbEntity
  8
0
 62
4
100
AcDbText
 10
1789.9339738720191
 20
2203.2494883855616
 30
0.0
 40
9.948672000000002
  1
P2-TBDI1-12/C2S1-12
  7
Tahoma
100
AcDbText
  0
TEXT
  5
257
330
17
100
AcDbEntity
  8
0
 62
4
100
AcDbText
 10
1789.9339738720191
 20
2162.0259132932115
 30
0.0
 40
9.948672000000002
  1
P2-TBDI1-14/C2S1-14
  7
Tahoma
100
AcDbText
  0
TEXT
  5
258
330
17
100
AcDbEntity
  8
0
 62
4
100
AcDbText
 10
1789.9339738720191
 20
2141.414125747042
 30
0.0
 40
9.948672000000002
  1
P2-TBDI1-15/C2S1-15
  7
Tahoma
100
AcDbText
  0
TEXT
  5
259
330
17
100
AcDbEntity
  8
0
 62
4
100
AcDbText
 10
1789.9339738720191
 20
2120.8023382008614
 30
0.0
 40
9.948672000000002
  1
P2-TBDI1-16/C2S1-16
  7
Tahoma
100
AcDbText
  0
TEXT
  5
25A
330
17
100
AcDbEntity
  8
0
 62
4
100
AcDbText
 10
1789.9339738720191
 20
2100.190550654632
 30
0.0
 40
9.948672000000002
  1
P2-TBDI1-17/C2S1-19
  7
Tahoma
100
AcDbText
  0
TEXT
  5
25B
330
17
100
AcDbEntity
  8
0
 62
4
100
AcDbText
 10
1789.9339738720191
 20
2038.3551880161012
 30
0.0
 40
9.948672000000002
  1
P2-TBDI1-20/C2S1-22
  7
Tahoma
100
AcDbText
  0
TEXT
  5
25C
330
17
100
AcDbEntity
  8
0
 62
4
100
AcDbText
 10
1789.9339738720191
 20
1976.5198253775816
 30
0.0
 40
9.948672000000002
  1
P2-TBDI1-23/C2S1-25
  7
Tahoma
100
AcDbText
  0
TEXT
  5
25D
330
17
100
AcDbEntity
  8
0
 62
4
100
AcDbText
 10
1789.9339738720191
 20
1914.684462739042
 30
0.0
 40
9.948672000000002
  1
P2-TBDI1-26/C2S1-28
  7
Tahoma
100
AcDbText
  0
TEXT
  5
25E
330
17
100
AcDbEntity
  8
0
 62
4
100
AcDbText
 10
1789.9339738720191
 20
1852.8491001005223
 30
0.0
 40
9.948672000000002
  1
P2-TBDI1-29/C2S1-31
  7
Tahoma
100
AcDbText
  0
TEXT
  5
25F
330
17
100
AcDbEntity
  8
0
 62
4
100
AcDbText
 10
1789.9339738720191
 20
2079.5787631084513
 30
0.0
 40
9.948672000000002
  1
P2-TBDI1-18/C2S1-20
  7
Tahoma
100
AcDbText
  0
TEXT
  5
260
330
17
100
AcDbEntity
  8
0
 62
4
100
AcDbText
 10
1789.9339738720191
 20
2058.9669755622817
 30
0.0
 40
9.948672000000002
  1
P2-TBDI1-19/C2S1-21
  7
Tahoma
100
AcDbText
  0
TEXT
  5
261
330
17
100
AcDbEntity
  8
0
 62
4
100
AcDbText
 10
1789.9339738720191
 20
2017.7434004699317
 30
0.0
 40
9.948672000000002
  1
P2-TBDI1-21/C2S1-23
  7
Tahoma
100
AcDbText
  0
TEXT
  5
262
330
17
100
AcDbEntity
  8
0
 62
4
100
AcDbText
 10
1789.9339738720191
 20
1997.1316129237512
 30
0.0
 40
9.948672000000002
  1
P2-TBDI1-22/C2S1-24
  7
Tahoma
100
AcDbText
  0
TEXT
  5
263
330
17
100
AcDbEntity
  8
0
 62
4
100
AcDbText
 10
1789.9339738720191
 20
1955.908037831412
 30
0.0
 40
9.948672000000002
  1
P2-TBDI1-24/C2S1-26
  7
Tahoma
100
AcDbText
  0
TEXT
  5
264
330
17
100
AcDbEntity
  8
0
 62
4
100
AcDbText
 10
1789.9339738720191
 20
1935.2962502852315
 30
0.0
 40
9.948672000000002
  1
P2-TBDI1-25/C2S1-27
  7
Tahoma
100
AcDbText
  0
TEXT
  5
265
330
17
100
AcDbEntity
  8
0
 62
4
100
AcDbText
 10
1789.9339738720191
 20
1894.0726751928814
 30
0.0
 40
9.948672000000002
  1
P2-TBDI1-27/C2S1-29
  7
Tahoma
100
AcDbText
  0
TEXT
  5
266
330
17
100
AcDbEntity
  8
0
 62
4
100
AcDbText
 10
1789.9339738720191
 20
1873.4608876467119
 30
0.0
 40
9.948672000000002
  1
P2-TBDI1-28/C2S1-30
  7
Tahoma
100
AcDbText
  0
TEXT
  5
267
330
17
100
AcDbEntity
  8
0
 62
4
100
AcDbText
 10
1789.9339738720191
 20
1832.2373125543618
 30
0.0
 40
9.948672000000002
  1
P2-TBDI1-30/C2S1-32
  7
Tahoma
100
AcDbText
  0
TEXT
  5
268
330
17
100
AcDbEntity
  8
0
 62
4
100
AcDbText
 10
1789.9339738720191
 20
1811.6255250081813
 30
0.0
 40
9.948672000000002
  1
P2-TBDI1-31/C2S1-33
  7
Tahoma
100
AcDbText
  0
TEXT
  5
269
330
17
100
AcDbEntity
  8
0
 62
4
100
AcDbText
 10
1789.9339738720191
 20
1791.0137374620117
 30
0.0
 40
9.948672000000002
  1
P2-TBDI1-32/C2S1-34
  7
Tahoma
100
AcDbText
  0
LINE
  5
26A
330
17
100
AcDbEntity
  8
IE-WIRE
 62
4
100
AcDbLine
 10
1973.7896701864156
 20
1750.0672868198726
 30
0.0
 11
2118.1607723314
 21
1750.0672868198726
 31
0.0
  0
LINE
  5
26B
330
17
100
AcDbEntity
  8
IE-WIRE
 62
7
 48
25.39999961853027
100
AcDbLine
 10
1232.444712867661
 20
1261.970176488072
 30
0.0
 11
203.42516553412497
 21
1261.970176488072
 31
0.0
  0
TEXT
  5
26C
330
17
100
AcDbEntity
  8
0
 62
4
100
AcDbText
 10
1447.8991166992746
 20
2429.9791513934415
 30
0.0
 40
9.948672000000002
  1
C2S1-1/P2-TBDI1-1
  7
Tahoma
100
AcDbText
  0
TEXT
  5
26D
330
17
100
AcDbEntity
  8
0
 62
4
100
AcDbText
 10
1447.8991166992746
 20
2368.1437887549127
 30
0.0
 40
9.948672000000002
  1
C2S1-4/P2-TBDI1-4
  7
Tahoma
100
AcDbText
  0
TEXT
  5
26E
330
17
100
AcDbEntity
  8
0
 62
4
100
AcDbText
 10
1447.8991166992746
 20
2306.308426116382
 30
0.0
 40
9.948672000000002
  1
C2S1-7/P2-TBDI1-7
  7
Tahoma
100
AcDbText
  0
TEXT
  5
26F
330
17
100
AcDbEntity
  8
0
 62
4
100
AcDbText
 10
1447.8991166992746
 20
2244.4730634778516
 30
0.0
 40
9.948672000000002
  1
C2S1-10/P2-TBDI1-10
  7
Tahoma
100
AcDbText
  0
TEXT
  5
270
330
17
100
AcDbEntity
  8
0
 62
4
100
AcDbText
 10
1447.8991166992746
 20
2182.637700839332
 30
0.0
 40
9.948672000000002
  1
C2S1-13/P2-TBDI1-13
  7
Tahoma
100
AcDbText
  0
TEXT
  5
271
330
17
100
AcDbEntity
  8
0
 62
4
100
AcDbText
 10
1447.8991166992746
 20
2409.367363847261
 30
0.0
 40
9.948672000000002
  1
C2S1-2/P2-TBDI1-2
  7
Tahoma
100
AcDbText
  0
TEXT
  5
272
330
17
100
AcDbEntity
  8
0
 62
4
100
AcDbText
 10
1447.8991166992746
 20
2388.7555763010823
 30
0.0
 40
9.948672000000002
  1
C2S1-3/P2-TBDI1-3
  7
Tahoma
100
AcDbText
  0
TEXT
  5
273
330
17
100
AcDbEntity
  8
0
 62
4
100
AcDbText
 10
1447.8991166992746
 20
2347.5320012087323
 30
0.0
 40
9.948672000000002
  1
C2S1-5/P2-TBDI1-5
  7
Tahoma
100
AcDbText
  0
TEXT
  5
274
330
17
100
AcDbEntity
  8
0
 62
4
100
AcDbText
 10
1447.8991166992746
 20
2326.9202136625627
 30
0.0
 40
9.948672000000002
  1
C2S1-6/P2-TBDI1-6
  7
Tahoma
100
AcDbText
  0
TEXT
  5
275
330
17
100
AcDbEntity
  8
0
 62
4
100
AcDbText
 10
1447.8991166992746
 20
2285.6966385702126
 30
0.0
 40
9.948672000000002
  1
C2S1-8/P2-TBDI1-8
  7
Tahoma
100
AcDbText
  0
TEXT
  5
276
330
17
100
AcDbEntity
  8
0
 62
4
100
AcDbText
 10
1447.8991166992746
 20
2265.084851024041
 30
0.0
 40
9.948672000000002
  1
C2S1-9/P2-TBDI1-9
  7
Tahoma
100
AcDbText
  0
TEXT
  5
277
330
17
100
AcDbEntity
  8
0
 62
4
100
AcDbText
 10
1447.8991166992746
 20
2223.861275931691
 30
0.0
 40
9.948672000000002
  1
C2S1-11/P2-TBDI1-11
  7
Tahoma
100
AcDbText
  0
TEXT
  5
278
330
17
100
AcDbEntity
  8
0
 62
4
100
AcDbText
 10
1447.8991166992746
 20
2203.2494883855124
 30
0.0
 40
9.948672000000002
  1
C2S1-12/P2-TBDI1-12
  7
Tahoma
100
AcDbText
  0
TEXT
  5
279
330
17
100
AcDbEntity
  8
0
 62
4
100
AcDbText
 10
1447.8991166992746
 20
2162.0259132931624
 30
0.0
 40
9.948672000000002
  1
C2S1-14/P2-TBDI1-14
  7
Tahoma
100
AcDbText
  0
TEXT
  5
27A
330
17
100
AcDbEntity
  8
0
 62
4
100
AcDbText
 10
1447.8991166992746
 20
2141.414125746991
 30
0.0
 40
9.948672000000002
  1
C2S1-15/P2-TBDI1-15
  7
Tahoma
100
AcDbText
  0
TEXT
  5
27B
330
17
100
AcDbEntity
  8
0
 62
4
100
AcDbText
 10
1447.8991166992746
 20
2120.8023382008123
 30
0.0
 40
9.948672000000002
  1
C2S1-16/P2-TBDI1-16
  7
Tahoma
100
AcDbText
  0
TEXT
  5
27C
330
17
100
AcDbEntity
  8
0
 62
4
100
AcDbText
 10
1447.8991166992746
 20
2100.1905506545827
 30
0.0
 40
9.948672000000002
  1
C2S1-19/P2-TBDI1-17
  7
Tahoma
100
AcDbText
  0
TEXT
  5
27D
330
17
100
AcDbEntity
  8
0
 62
4
100
AcDbText
 10
1447.8991166992746
 20
2038.3551880160521
 30
0.0
 40
9.948672000000002
  1
C2S1-22/P2-TBDI1-20
  7
Tahoma
100
AcDbText
  0
TEXT
  5
27E
330
17
100
AcDbEntity
  8
0
 62
4
100
AcDbText
 10
1447.8991166992746
 20
1976.5198253775325
 30
0.0
 40
9.948672000000002
  1
C2S1-25/P2-TBDI1-23
  7
Tahoma
100
AcDbText
  0
TEXT
  5
27F
330
17
100
AcDbEntity
  8
0
 62
4
100
AcDbText
 10
1447.8991166992746
 20
1914.684462738991
 30
0.0
 40
9.948672000000002
  1
C2S1-28/P2-TBDI1-26
  7
Tahoma
100
AcDbText
  0
TEXT
  5
280
330
17
100
AcDbEntity
  8
0
 62
4
100
AcDbText
 10
1447.8991166992746
 20
1852.8491001004822
 30
0.0
 40
9.948672000000002
  1
C2S1-31/P2-TBDI1-29
  7
Tahoma
100
AcDbText
  0
TEXT
  5
281
330
17
100
AcDbEntity
  8
0
 62
4
100
AcDbText
 10
1447.8991166992746
 20
2079.578763108402
 30
0.0
 40
9.948672000000002
  1
C2S1-20/P2-TBDI1-18
  7
Tahoma
100
AcDbText
  0
TEXT
  5
282
330
17
100
AcDbEntity
  8
0
 62
4
100
AcDbText
 10
1447.8991166992746
 20
2058.9669755622326
 30
0.0
 40
9.948672000000002
  1
C2S1-21/P2-TBDI1-19
  7
Tahoma
100
AcDbText
  0
TEXT
  5
283
330
17
100
AcDbEntity
  8
0
 62
4
100
AcDbText
 10
1447.8991166992746
 20
2017.7434004698825
 30
0.0
 40
9.948672000000002
  1
C2S1-23/P2-TBDI1-21
  7
Tahoma
100
AcDbText
  0
TEXT
  5
284
330
17
100
AcDbEntity
  8
0
 62
4
100
AcDbText
 10
1447.8991166992746
 20
1997.131612923702
 30
0.0
 40
9.948672000000002
  1
C2S1-24/P2-TBDI1-22
  7
Tahoma
100
AcDbText
  0
TEXT
  5
285
330
17
100
AcDbEntity
  8
0
 62
4
100
AcDbText
 10
1447.8991166992746
 20
1955.908037831361
 30
0.0
 40
9.948672000000002
  1
C2S1-26/P2-TBDI1-24
  7
Tahoma
100
AcDbText
  0
TEXT
  5
286
330
17
100
AcDbEntity
  8
0
 62
4
100
AcDbText
 10
1447.8991166992746
 20
1935.2962502851824
 30
0.0
 40
9.948672000000002
  1
C2S1-27/P2-TBDI1-25
  7
Tahoma
100
AcDbText
  0
TEXT
  5
287
330
17
100
AcDbEntity
  8
0
 62
4
100
AcDbText
 10
1447.8991166992746
 20
1894.0726751928323
 30
0.0
 40
9.948672000000002
  1
C2S1-29/P2-TBDI1-27
  7
Tahoma
100
AcDbText
  0
TEXT
  5
288
330
17
100
AcDbEntity
  8
0
 62
4
100
AcDbText
 10
1447.8991166992746
 20
1873.4608876466627
 30
0.0
 40
9.948672000000002
  1
C2S1-30/P2-TBDI1-28
  7
Tahoma
100
AcDbText
  0
TEXT
  5
289
330
17
100
AcDbEntity
  8
0
 62
4
100
AcDbText
 10
1447.8991166992746
 20
1832.2373125543127
 30
0.0
 40
9.948672000000002
  1
C2S1-32/P2-TBDI1-30
  7
Tahoma
100
AcDbText
  0
TEXT
  5
28A
330
17
100
AcDbEntity
  8
0
 62
4
100
AcDbText
 10
1447.8991166992746
 20
1811.6255250081322
 30
0.0
 40
9.948672000000002
  1
C2S1-33/P2-TBDI1-31
  7
Tahoma
100
AcDbText
  0
TEXT
  5
28B
330
17
100
AcDbEntity
  8
0
 62
4
100
AcDbText
 10
1447.8991166992746
 20
1791.0137374619626
 30
0.0
 40
9.948672000000002
  1
C2S1-34/P2-TBDI1-32
  7
Tahoma
100
AcDbText
  0
LINE
  5
28C
330
17
100
AcDbEntity
  8
IE-WIRE
 62
4
100
AcDbLine
 10
2006.892877813455
 20
2079.8558875586514
 30
0.0
 11
2118.1607723314
 21
2079.8558875586514
 31
0.0
  0
LINE
  5
28D
330
17
100
AcDbEntity
  8
x01001-FrameArea
100
AcDbLine
 10
2118.1607723314
 20
2561.5313463750717
 30
0.0
 11
2118.1607723314
 21
475.0207171529055
 31
0.0
  0
LINE
  5
28E
330
17
100
AcDbEntity
  8
x01001-FrameArea
100
AcDbLine
 10
2741.311142848267
 20
2561.5313463750717
 30
0.0
 11
2741.311142848267
 21
475.0207171529055
 31
0.0
  0
TEXT
  5
28F
330
17
100
AcDbEntity
  8
0
 62
2
100
AcDbText
 10
1001.5250683640488
 20
2500.8029314733412
 30
0.0
 40
32.0
  1
=CA2+MCP-M2-P1
  7
Tahoma
 72
1
 11
1183.3813477461845
 21
2516.8029314733412
 31
0.0
100
AcDbText
 73
2
  0
TEXT
  5
290
330
17
100
AcDbEntity
  8
0
 62
2
100
AcDbText
 10
2355.487611773293
 20
2500.8029314733412
 30
0.0
 40
32.0
  1
=JB-402
  7
Tahoma
 72
1
 11
2437.668941524804
 21
2516.8029314733412
 31
0.0
100
AcDbText
 73
2
  0
TEXT
  5
291
330
17
100
AcDbEntity
  8
0
 62
2
100
AcDbText
 10
3310.6155508105803
 20
2500.8029314733412
 30
0.0
 40
32.0
  1
=JB-402
  7
Tahoma
 72
1
 11
3392.796880562092
 21
2516.8029314733412
 31
0.0
100
AcDbText
 73
2
  0
LINE
  5
292
330
17
100
AcDbEntity
  8
MEMBER
 62
4
100
AcDbLine
 10
3198.0687325878534
 20
196.58293558645528
 30
0.0
 11
3893.3010657592095
 21
196.58293558645528
 31
0.0
  0
LINE
  5
293
330
17
100
AcDbEntity
  8
MEMBER
 62
4
100
AcDbLine
 10
3198.0687325878534
 20
56.09811575745698
 30
0.0
 11
3893.3010657592095
 21
56.09811575745698
 31
0.0
  0
LINE
  5
294
330
17
100
AcDbEntity
  8
MEMBER
 62
4
370
35
100
AcDbLine
 10
5.911715561524034e-11
 20
288.161844599701
 30
0.0
 11
3893.3010657592095
 21
288.161844599701
 31
0.0
  0
LINE
  5
295
330
17
100
AcDbEntity
  8
HELPPOINT
 62
4
370
35
100
AcDbLine
 10
5.911715561524034e-11
 20
5.820766091346741e-11
 30
0.0
 11
5.911715561524034e-11
 21
2704.2140407490115
 31
0.0
  0
LINE
  5
296
330
17
100
AcDbEntity
  8
HELPPOINT
 62
4
370
35
100
AcDbLine
 10
5.911715561524034e-11
 20
2704.2140407490115
 30
0.0
 11
3893.3010657592095
 21
2704.2140407490115
 31
0.0
  0
LINE
  5
297
330
17
100
AcDbEntity
  8
HELPPOINT
 62
4
370
35
100
AcDbLine
 10
3893.3010657592095
 20
2704.2140407490115
 30
0.0
 11
3893.3010657592095
 21
5.820766091346741e-11
 31
0.0
  0
LINE
  5
298
330
17
100
AcDbEntity
  8
HELPPOINT
 62
4
370
35
100
AcDbLine
 10
3893.3010657592095
 20
5.820766091346741e-11
 30
0.0
 11
5.911715561524034e-11
 21
5.820766091346741e-11
 31
0.0
  0
LINE
  5
299
330
17
100
AcDbEntity
  8
HELPPOINT
 62
4
100
AcDbLine
 10
3198.0687325878534
 20
56.09811575745698
 30
0.0
 11
3893.3010657592095
 21
56.09811575745698
 31
0.0
  0
LINE
  5
29A
330
17
100
AcDbEntity
  8
HELPPOINT
 62
4
100
AcDbLine
 10
3198.0687325878534
 20
196.58293558645528
 30
0.0
 11
3893.3010657592095
 21
196.58293558645528
 31
0.0
  0
LINE
  5
29B
330
17
100
AcDbEntity
  8
GT_1
 62
4
100
AcDbLine
 10
3198.0687325878534
 20
5.820766091346741e-11
 30
0.0
 11
3198.0687325878534
 21
288.161844599701
 31
0.0
  0
TEXT
  5
29C
330
17
100
AcDbEntity
  8
GT_1
 62
4
100
AcDbText
 10
3207.9634227478527
 20
266.8088202108047
 30
0.0
 40
14.25048787328728
  1
PROJECT:
  7
HTX11
100
AcDbText
  0
TEXT
  5
29D
330
17
100
AcDbEntity
  8
GT_1
 62
4
100
AcDbText
 10
3207.9634227478527
 20
174.42689290398266
 30
0.0
 40
14.25048787328728
  1
DRAWING:
  7
HTX11
100
AcDbText
  0
LINE
  5
29E
330
17
100
AcDbEntity
  8
0
 62
4
 48
0.5
100
AcDbLine
 10
3845.8559218291193
 20
56.09811575745698
 30
0.0
 11
3845.8559218291193
 21
5.820766091346741e-11
 31
0.0
  0
LINE
  5
29F
330
17
100
AcDbEntity
  8
0
 62
4
 48
0.5
100
AcDbLine
 10
3774.6882059340714
 20
56.09811575745698
 30
0.0
 11
3774.6882059340714
 21
5.820766091346741e-11
 31
0.0
  0
TEXT
  5
2A0
330
17
100
AcDbEntity
  8
MEMBER
 62
4
 48
0.8
100
AcDbText
 10
3782.695406990825
 20
37.05899445415707
 30
0.0
 40
12.00362141431238
  1
SHEET.
  7
ROMANS
100
AcDbText
  0
TEXT
  5
2A1
330
17
100
AcDbEntity
  8
MEMBER
 62
4
 48
0.8
100
AcDbText
 10
3852.6278684431454
 20
37.05899445415707
 30
0.0
 40
12.00362141431238
  1
REV.
  7
ROMANS
100
AcDbText
  0
LINE
  5
2A2
330
17
100
AcDbEntity
  8
MEMBER
 62
4
100
AcDbLine
 10
3198.0687325878534
 20
196.58293558645528
 30
0.0
 11
3893.3010657592095
 21
196.58293558645528
 31
0.0
  0
LINE
  5
2A3
330
17
100
AcDbEntity
  8
MEMBER
 62
4
100
AcDbLine
 10
3198.0687325878534
 20
56.09811575745698
 30
0.0
 11
3893.3010657592095
 21
56.09811575745698
 31
0.0
  0
LINE
  5
2A4
330
17
100
AcDbEntity
  8
MEMBER
 62
4
370
35
100
AcDbLine
 10
5.911715561524034e-11
 20
288.161844599701
 30
0.0
 11
3893.3010657592095
 21
288.161844599701
 31
0.0
  0
LINE
  5
2A5
330
17
100
AcDbEntity
  8
HELPPOINT
 62
4
370
35
100
AcDbLine
 10
5.911715561524034e-11
 20
5.820766091346741e-11
 30
0.0
 11
5.911715561524034e-11
 21
2704.2140407490115
 31
0.0
  0
LINE
  5
2A6
330
17
100
AcDbEntity
  8
HELPPOINT
 62
4
370
35
100
AcDbLine
 10
5.911715561524034e-11
 20
2704.2140407490115
 30
0.0
 11
3893.3010657592095
 21
2704.2140407490115
 31
0.0
  0
LINE
  5
2A7
330
17
100
AcDbEntity
  8
HELPPOINT
 62
4
370
35
100
AcDbLine
 10
3893.3010657592095
 20
2704.2140407490115
 30
0.0
 11
3893.3010657592095
 21
5.820766091346741e-11
 31
0.0
  0
LINE
  5
2A8
330
17
100
AcDbEntity
  8
HELPPOINT
 62
4
370
35
100
AcDbLine
 10
3893.3010657592095
 20
5.820766091346741e-11
 30
0.0
 11
5.911715561524034e-11
 21
5.820766091346741e-11
 31
0.0
  0
LINE
  5
2A9
330
17
100
AcDbEntity
  8
GT_1
 62
4
100
AcDbLine
 10
3198.0687325878534
 20
56.09811575745698
 30
0.0
 11
3893.3010657592095
 21
56.09811575745698
 31
0.0
  0
LINE
  5
2AA
330
17
100
AcDbEntity
  8
HELPPOINT
 62
4
100
AcDbLine
 10
3198.0687325878534
 20
196.58293558645528
 30
0.0
 11
3893.3010657592095
 21
196.58293558645528
 31
0.0
  0
LINE
  5
2AB
330
17
100
AcDbEntity
  8
GT_1
 62
4
100
AcDbLine
 10
3198.0687325878534
 20
5.820766091346741e-11
 30
0.0
 11
3198.0687325878534
 21
288.161844599701
 31
0.0
  0
LINE
  5
2AC
330
17
100
AcDbEntity
  8
0
 62
4
 48
0.5
100
AcDbLine
 10
3845.8559218291193
 20
56.09811575745698
 30
0.0
 11
3845.8559218291193
 21
5.820766091346741e-11
 31
0.0
  0
LINE
  5
2AD
330
17
100
AcDbEntity
  8
0
 62
4
 48
0.5
100
AcDbLine
 10
3774.6882059340714
 20
56.09811575745698
 30
0.0
 11
3774.6882059340714
 21
5.820766091346741e-11
 31
0.0
  0
LINE
  5
2AE
330
17
100
AcDbEntity
  8
0
 62
4
100
AcDbLine
 10
3302.324110687129
 20
56.09801743127173
 30
0.0
 11
3302.324110687129
 21
-0.00018485495820641518
 31
0.0
  0
TEXT
  5
2AF
330
17
100
AcDbEntity
  8
MEMBER
 62
4
 48
0.8
100
AcDbText
 10
3203.9592425341834
 20
37.05886676104274
 30
0.0
 40
11.87540656107273
  1
SCALE:
  7
ROMANS
100
AcDbText
  0
TEXT
  5
2B0
330
17
100
AcDbEntity
  8
MEMBER
 62
4
 48
0.8
100
AcDbText
 10
3319.2272382419324
 20
37.05886676104274
 30
0.0
 40
11.87540656107273
  1
PROJECT NO.
  7
ROMANS
100
AcDbText
  0
TEXT
  5
2B1
330
17
100
AcDbEntity
  8
MEMBER
 62
4
 48
0.8
100
AcDbText
 10
3482.9110124419676
 20
37.05886676104274
 30
0.0
 40
11.87540656107273
  1
DRAWING NO:
  7
ROMANS
100
AcDbText
  0
TEXT
  5
2B2
330
17
100
AcDbEntity
  8
MEMBER
 62
4
 48
0.8
100
AcDbText
 10
3320.434558967653
 20
7.335958264186047
 30
0.0
 40
14.23356513362789
  1
xxxxx
  7
ROMANS
100
AcDbText
  0
TEXT
  5
2B3
330
17
100
AcDbEntity
  8
MEMBER
 62
4
 48
0.8
100
AcDbText
 10
3220.0034169732244
 20
7.335958264186047
 30
0.0
 40
14.23356513362789
  1
NONE
  7
ROMANS
100
AcDbText
  0
LINE
  5
2B4
330
17
100
AcDbEntity
  8
0
 62
4
100
AcDbLine
 10
3467.562921275501
 20
56.09801743127173
 30
0.0
 11
3467.562921275501
 21
-0.00018485495820641518
 31
0.0
  0
TEXT
  5
2B5
330
17
100
AcDbEntity
  8
MEMBER
 62
4
 48
0.8
100
AcDbText
 10
1028.0207195297698
 20
13.446836132090539
 30
0.0
 40
11.87540656107273
  1
DESCRIPTION
  7
ROMANS
100
AcDbText
  0
TEXT
  5
2B6
330
17
100
AcDbEntity
  8
MEMBER
 62
4
 48
0.8
100
AcDbText
 10
775.1369028742774
 20
13.446836132090539
 30
0.0
 40
11.87540656107273
  1
REV
  7
ROMANS
100
AcDbText
  0
TEXT
  5
2B7
330
17
100
AcDbEntity
  8
MEMBER
 62
4
 48
0.8
100
AcDbText
 10
181.3637902425835
 20
13.446836132090539
 30
0.0
 40
11.87540656107273
  1
REFERENCE DRAWINGS
  7
ROMANS
100
AcDbText
  0
TEXT
  5
2B8
330
17
100
AcDbEntity
  8
MEMBER
 62
4
 48
0.8
100
AcDbText
 10
621.5903530202913
 20
13.446836132090539
 30
0.0
 40
11.87540656107273
  1
DWG. NUMBER
  7
ROMANS
100
AcDbText
  0
TEXT
  5
2B9
330
17
100
AcDbEntity
  8
MEMBER
 62
4
 48
0.8
100
AcDbText
 10
1766.6006344539928
 20
7.971882356563583
 30
0.0
 40
11.87540656107273
  1
INGREDION
  7
ROMANS
 41
0.8000000000000002
100
AcDbText
  0
TEXT
  5
2BA
330
17
100
AcDbEntity
  8
MEMBER
 62
4
 48
0.8
100
AcDbText
 10
1777.4076310621458
 20
29.66290853964165
 30
0.0
 40
11.87540656107273
  1
APP'D
  7
ROMANS
100
AcDbText
  0
TEXT
  5
2BB
330
17
100
AcDbEntity
  8
MEMBER
 62
4
 48
0.8
100
AcDbText
 10
1596.9238663113783
 20
5.128858318666971
 30
0.0
 40
11.87540656107273
  1
VENDOR
  7
ROMANS
100
AcDbText
  0
TEXT
  5
2BC
330
17
100
AcDbEntity
  8
MEMBER
 62
4
 48
0.8
100
AcDbText
 10
1696.16206125787
 20
29.66290853964165
 30
0.0
 40
11.87540656107273
  1
APP'D
  7
ROMANS
100
AcDbText
  0
TEXT
  5
2BD
330
17
100
AcDbEntity
  8
MEMBER
 62
4
 48
0.8
100
AcDbText
 10
1412.8092794021359
 20
14.196706631861161
 30
0.0
 40
11.87540656107273
  1
DATE
  7
ROMANS
100
AcDbText
  0
TEXT
  5
2BE
330
17
100
AcDbEntity
  8
MEMBER
 62
4
 48
0.8
100
AcDbText
 10
1520.7873601142792
 20
27.26521314866841
 30
0.0
 40
11.87540656107273
  1
DRAWN
  7
ROMANS
100
AcDbText
  0
TEXT
  5
2BF
330
17
100
AcDbEntity
  8
MEMBER
 62
4
 48
0.8
100
AcDbText
 10
1610.590003522695
 20
28.49289434554521
 30
0.0
 40
11.87540656107273
  1
CHK'D
  7
ROMANS
100
AcDbText
  0
TEXT
  5
2C0
330
17
100
AcDbEntity
  8
MEMBER
 62
4
 48
0.8
100
AcDbText
 10
1863.3532964918413
 20
33.58130130870268
 30
0.0
 40
11.87540656107273
  1
DATE:
  7
ROMANS
100
AcDbText
  0
TEXT
  5
2C1
330
17
100
AcDbEntity
  8
MEMBER
 62
4
 48
0.8
100
AcDbText
 10
1863.3532964918413
 20
92.13950435677543
 30
0.0
 40
11.87540656107273
  1
DRAWN BY:
  7
ROMANS
100
AcDbText
  0
TEXT
  5
2C2
330
17
100
AcDbEntity
  8
MEMBER
 62
4
 48
0.8
100
AcDbText
 10
2057.3171783313737
 20
33.58130130870268
 30
0.0
 40
11.87540656107273
  1
DATE:
  7
ROMANS
100
AcDbText
  0
TEXT
  5
2C3
330
17
100
AcDbEntity
  8
MEMBER
 62
4
 48
0.8
100
AcDbText
 10
2057.3171783313737
 20
92.13950435677543
 30
0.0
 40
11.87540656107273
  1
CHECKED BY:
  7
ROMANS
100
AcDbText
  0
TEXT
  5
2C4
330
17
100
AcDbEntity
  8
MEMBER
 62
4
 48
0.8
100
AcDbText
 10
2252.5095505047357
 20
33.58130130870268
 30
0.0
 40
11.87540656107273
  1
DATE:
  7
ROMANS
100
AcDbText
  0
TEXT
  5
2C5
330
17
100
AcDbEntity
  8
MEMBER
 62
4
 48
0.8
100
AcDbText
 10
2252.5095505047357
 20
92.13950435677543
 30
0.0
 40
11.87540656107273
  1
APP'D.:
  7
ROMANS
100
AcDbText
  0
TEXT
  5
2C6
330
17
100
AcDbEntity
  8
MEMBER
 62
4
 48
0.8
100
AcDbText
 10
2449.259648421372
 20
33.58130130870268
 30
0.0
 40
11.87540656107273
  1
DATE:
  7
ROMANS
100
AcDbText
  0
TEXT
  5
2C7
330
17
100
AcDbEntity
  8
GT_1
 62
4
100
AcDbText
 10
2645.2731558795786
 20
263.48491356451996
 30
0.0
 40
14.25048787328728
  1
CLIENT:
  7
HTX11
100
AcDbText
  0
LINE
  5
2C8
330
17
100
AcDbEntity
  8
GT_1
 62
4
100
AcDbLine
 10
3198.0687325878534
 20
5.820766091346741e-11
 30
0.0
 11
3198.0687325878534
 21
288.161844599701
 31
0.0
  0
LINE
  5
2C9
330
17
100
AcDbEntity
  8
GT_1
 62
4
100
AcDbLine
 10
2635.823104489479
 20
114.32358280644985
 30
0.0
 11
1848.8079709383892
 21
114.32358280644985
 31
0.0
  0
LINE
  5
2CA
330
17
100
AcDbEntity
  8
GT_1
 62
4
100
AcDbLine
 10
2635.823104489479
 20
52.87547909683781
 30
0.0
 11
1848.8079709383892
 21
52.87547909683781
 31
0.0
  0
LINE
  5
2CB
330
17
100
AcDbEntity
  8
GT_1
 62
4
100
AcDbLine
 10
1757.819553319714
 20
21.800570402585436
 30
0.0
 11
1507.4361271654489
 21
21.800570402585436
 31
0.0
  0
LINE
  5
2CC
330
17
100
AcDbEntity
  8
GT_1
 62
4
100
AcDbLine
 10
1848.7146056729835
 20
49.81015001563355
 30
0.0
 11
5.911715561524034e-11
 21
49.81015001563355
 31
0.0
  0
LINE
  5
2CD
330
17
100
AcDbEntity
  8
GT_1
 62
4
100
AcDbLine
 10
1848.8079709383892
 20
89.73608586745104
 30
0.0
 11
5.911715561524034e-11
 21
89.73608586745104
 31
0.0
  0
LINE
  5
2CE
330
17
100
AcDbEntity
  8
GT_1
 62
4
100
AcDbLine
 10
1848.8079709383892
 20
129.66202171938676
 30
0.0
 11
5.911715561524034e-11
 21
129.66202171938676
 31
0.0
  0
LINE
  5
2CF
330
17
100
AcDbEntity
  8
GT_1
 62
4
100
AcDbLine
 10
1848.8079709383892
 20
169.58795757126063
 30
0.0
 11
5.911715561524034e-11
 21
169.58795757126063
 31
0.0
  0
LINE
  5
2D0
330
17
100
AcDbEntity
  8
GT_1
 62
4
100
AcDbLine
 10
1848.8079709383892
 20
209.51389342319453
 30
0.0
 11
5.911715561524034e-11
 21
209.51389342319453
 31
0.0
  0
LINE
  5
2D1
330
17
100
AcDbEntity
  8
GT_1
 62
4
100
AcDbLine
 10
1848.8079709383892
 20
249.31698024168145
 30
0.0
 11
5.911715561524034e-11
 21
249.31698024168145
 31
0.0
  0
LINE
  5
2D2
330
17
100
AcDbEntity
  8
GT_1
 62
4
100
AcDbLine
 10
1848.8079709383892
 20
5.820766091346741e-11
 30
0.0
 11
1848.8079709383892
 21
288.161844599701
 31
0.0
  0
LINE
  5
2D3
330
17
100
AcDbEntity
  8
GT_1
 62
4
100
AcDbLine
 10
1674.5108125763945
 20
21.830545566685032
 30
0.0
 11
1674.5108125763945
 21
288.191819763917
 31
0.0
  0
LINE
  5
2D4
330
17
100
AcDbEntity
  8
GT_1
 62
4
100
AcDbLine
 10
595.3891111787525
 20
5.820766091346741e-11
 30
0.0
 11
595.3891111787525
 21
288.161844599701
 31
0.0
  0
LINE
  5
2D5
330
17
100
AcDbEntity
  8
GT_1
 62
4
100
AcDbLine
 10
767.3040485053207
 20
5.820766091346741e-11
 30
0.0
 11
767.3040485053207
 21
288.161844599701
 31
0.0
  0
LINE
  5
2D6
330
17
100
AcDbEntity
  8
GT_1
 62
4
100
AcDbLine
 10
816.4436618614127
 20
5.820766091346741e-11
 30
0.0
 11
816.4436618614127
 21
288.161844599701
 31
0.0
  0
LINE
  5
2D7
330
17
100
AcDbEntity
  8
GT_1
 62
4
100
AcDbLine
 10
1379.1339023691835
 20
5.820766091346741e-11
 30
0.0
 11
1379.1339023691835
 21
288.161844599701
 31
0.0
  0
LINE
  5
2D8
330
17
100
AcDbEntity
  8
GT_1
 62
4
100
AcDbLine
 10
1507.4361271654489
 20
5.820766091346741e-11
 30
0.0
 11
1507.4361271654489
 21
288.161844599701
 31
0.0
  0
LINE
  5
2D9
330
17
100
AcDbEntity
  8
GT_1
 62
4
100
AcDbLine
 10
1757.819553319714
 20
5.820766091346741e-11
 30
0.0
 11
1757.819553319714
 21
288.161844599701
 31
0.0
  0
LINE
  5
2DA
330
17
100
AcDbEntity
  8
GT_1
 62
4
100
AcDbLine
 10
1590.97346987098
 20
21.800570402585436
 30
0.0
 11
1590.97346987098
 21
288.161844599701
 31
0.0
  0
LINE
  5
2DB
330
17
100
AcDbEntity
  8
GT_1
 62
4
100
AcDbLine
 10
2439.07300657261
 20
5.820766091346741e-11
 30
0.0
 11
2439.07300657261
 21
114.32358280644985
 31
0.0
  0
LINE
  5
2DC
330
17
100
AcDbEntity
  8
GT_1
 62
4
100
AcDbLine
 10
2242.3179946945747
 20
5.820766091346741e-11
 30
0.0
 11
2242.3179946945747
 21
114.32358280644985
 31
0.0
  0
LINE
  5
2DD
330
17
100
AcDbEntity
  8
GT_1
 62
4
100
AcDbLine
 10
2045.5580688551418
 20
5.820766091346741e-11
 30
0.0
 11
2045.5580688551418
 21
114.32358280644985
 31
0.0
  0
LINE
  5
2DE
330
17
100
AcDbEntity
  8
GT_1
 62
4
100
AcDbLine
 10
2635.823104489479
 20
5.820766091346741e-11
 30
0.0
 11
2635.823104489479
 21
288.161844599701
 31
0.0
  0
TEXT
  5
2DF
330
17
100
AcDbEntity
  8
MEMBER
 62
4
 48
0.8
100
AcDbText
 10
2443.2675986398244
 20
92.13950435677543
 30
0.0
 40
11.87540656107273
  1
INGREDION APP'D.:
  7
ROMANS
 41
0.8000000000000002
100
AcDbText
  0
TEXT
  5
2E0
330
17
100
AcDbEntity
  8
MEMBER
 62
4
 48
0.8
100
AcDbText
 10
3864.439877736324
 20
7.336131803574972
 30
0.0
 40
14.23354317902654
  1
3
  7
ROMANS
 72
1
 11
3871.2177554406226
 21
7.336131803574972
 31
0.0
100
AcDbText
  0
TEXT
  5
2E1
330
17
100
AcDbEntity
  8
0
 62
4
 48
100.0
100
AcDbText
 10
3454.8860245857513
 20
105.7702840206166
 30
0.0
 40
14.69257450479394
  1
WIRING DIAGRAM
  7
HTX11
 72
1
 11
3543.741118019505
 21
113.11657127301442
 31
0.0
100
AcDbText
 73
2
  0
TEXT
  5
2E2
330
17
100
AcDbEntity
  8
MEMBER
 62
4
 48
0.8
100
AcDbText
 10
3486.5780240462045
 20
7.335958264186047
 30
0.0
 40
14.23356513362789
  1
xxx:xxx:
  7
ROMANS
 41
0.7999999999999999
100
AcDbText
  0
TEXT
  5
2E3
330
17
100
AcDbEntity
  8
MEMBER
 62
4
 48
0.8
100
AcDbText
 10
1861.8643391413498
 20
262.74345289496705
 30
0.0
 40
12.35042282351564
  1
CONTRACTOR:
  7
ROMANS
100
AcDbText
  0
TEXT
  5
2E4
330
17
100
AcDbEntity
  8
MEMBER
 62
4
 48
0.8
100
AcDbText
 10
1887.8235282524838
 20
67.20880734128878
 30
0.0
 40
11.87540656107273
  1
cj@xDev.co.th
  7
ROMANS
100
AcDbText
  0
TEXT
  5
2E5
330
17
100
AcDbEntity
  8
MEMBER
 62
4
 48
0.8
100
AcDbText
 10
1887.8235282524838
 20
8.504224909702316
 30
0.0
 40
11.87540656107273
  1
11/09/2026
  7
ROMANS
100
AcDbText
  0
TEXT
  5
2E6
330
17
100
AcDbEntity
  8
MEMBER
 62
4
 48
0.8
100
AcDbText
 10
1541.194687430706
 20
63.98455560463299
 30
0.0
 40
11.87540656107273
  1
cj
  7
ROMANS
 72
1
 11
1549.1116251380881
 21
69.92225888516987
 31
0.0
100
AcDbText
 73
2
  0
TEXT
  5
2E7
330
17
100
AcDbEntity
  8
MEMBER
 62
4
 48
0.8
100
AcDbText
 10
1382.7084205485335
 20
63.98455560463299
 30
0.0
 40
11.87540656107273
  1
11/09/2026
  7
ROMANS
 72
1
 11
1441.2372100281063
 21
69.92225888516987
 31
0.0
100
AcDbText
 73
2
  0
TEXT
  5
2E8
330
17
100
AcDbEntity
  8
MEMBER
 62
4
 48
0.8
100
AcDbText
 10
991.4021959852425
 20
63.98455560463299
 30
0.0
 40
11.87540656107273
  1
ISSUED FOR REVIEW
  7
ROMANS
 72
1
 11
1083.0124751706608
 21
69.92225888516987
 31
0.0
100
AcDbText
 73
2
  0
TEXT
  5
2E9
330
17
100
AcDbEntity
  8
MEMBER
 62
4
 48
0.8
100
AcDbText
 10
786.1306677141902
 20
63.98455560463299
 30
0.0
 40
11.87540656107273
  1
1
  7
ROMANS
 72
1
 11
790.9373798936722
 21
69.92225888516987
 31
0.0
100
AcDbText
 73
2
  0
TEXT
  5
2EA
330
17
100
AcDbEntity
  8
0
 62
4
 48
100.0
100
AcDbText
 10
3463.916236840856
 20
224.83637206400272
 30
0.0
 40
14.69257450479394
  1
SPRINT PROJECT
  7
HTX11
 72
1
 11
3555.9197390970658
 21
232.18265931640053
 31
0.0
100
AcDbText
 73
2
  0
TEXT
  5
2EB
330
17
100
AcDbEntity
  8
MEMBER
 62
4
 48
0.8
100
AcDbText
 10
1624.732030136237
 20
63.98455560463299
 30
0.0
 40
11.87540656107273
  1
cj
  7
ROMANS
 72
1
 11
1632.6489678436192
 21
69.92225888516987
 31
0.0
100
AcDbText
 73
2
  0
TEXT
  5
2EC
330
17
100
AcDbEntity
  8
MEMBER
 62
4
 48
0.8
100
AcDbText
 10
1708.269372841768
 20
63.98455560463299
 30
0.0
 40
11.87540656107273
  1
cj
  7
ROMANS
 72
1
 11
1716.1863105491493
 21
69.92225888516987
 31
0.0
100
AcDbText
 73
2
  0
TEXT
  5
2ED
330
17
100
AcDbEntity
  8
0
 62
4
 48
100.0
100
AcDbText
 10
3425.151052373668
 20
138.69184644588677
 30
0.0
 40
14.69257450479394
  1
SPRINT PROJECT PLC
  7
HTX11
 72
1
 11
3543.741118019505
 21
146.03813369828276
 31
0.0
100
AcDbText
 73
2
  0
ATTDEF
  5
2EE
330
17
100
AcDbEntity
  8
0
100
AcDbText
 10
3512.108981250264
 20
72.4197476596164
 30
0.0
 40
14.82145673729213
  1
A
  7
HTX11
 72
1
 11
3517.7552504835185
 21
79.83047602826264
 31
0.0
100
AcDbAttributeDefinition
  3
A
  2
A
 70
0
 74
2
280
1
  0
ATTDEF
  5
2EF
330
17
100
AcDbEntity
  8
0
100
AcDbText
 10
3806.658534194091
 20
7.456581811624346
 30
0.0
 40
14.82145673729213
  1
CHASSIS C2 SLOT 1
  7
HTX11
 72
1
 11
3811.599019773188
 21
14.867310180270579
 31
0.0
100
AcDbAttributeDefinition
  3
B
  2
B
 70
0
 74
2
280
1
  0
TEXT
  5
2F0
330
17
100
AcDbEntity
  8
MEMBER
 62
4
 48
0.8
100
AcDbText
 10
2084.580997111276
 20
67.20880734128878
 30
0.0
 40
11.87540656107273
  1
cj@xDev.co.th
  7
ROMANS
100
AcDbText
  0
TEXT
  5
2F1
330
17
100
AcDbEntity
  8
MEMBER
 62
4
 48
0.8
100
AcDbText
 10
2281.3384659699514
 20
67.20880734128878
 30
0.0
 40
11.87540656107273
  1
cj@xDev.co.th
  7
ROMANS
100
AcDbText
  0
TEXT
  5
2F2
330
17
100
AcDbEntity
  8
MEMBER
 62
4
 48
0.8
100
AcDbText
 10
2084.583454091917
 20
8.504224909702316
 30
0.0
 40
11.87540656107273
  1
11/09/2026
  7
ROMANS
100
AcDbText
  0
TEXT
  5
2F3
330
17
100
AcDbEntity
  8
MEMBER
 62
4
 48
0.8
100
AcDbText
 10
2281.3384659699514
 20
8.504224909702316
 30
0.0
 40
11.87540656107273
  1
11/09/2026
  7
ROMANS
100
AcDbText
  0
TEXT
  5
2F4
330
17
100
AcDbEntity
  8
MEMBER
 62
4
 48
0.8
100
AcDbText
 10
76.61549647859465
 20
975.5698373866016
 30
0.0
 40
12.35042282351564
  1
SLOT C2S1 - I/O POINT SCHEDULE & CHANNEL LIST
  7
ROMANS
100
AcDbText
  0
LINE
  5
2F5
330
17
100
AcDbEntity
  8
0
 62
7
100
AcDbLine
 10
65.69999999999982
 20
937.8999999999996
 30
0.0
 11
1411.5
 21
937.8999999999996
 31
0.0
  0
LINE
  5
2F6
330
17
100
AcDbEntity
  8
0
 62
7
100
AcDbLine
 10
125.0
 20
333.7999999999993
 30
0.0
 11
125.0
 21
965.8999999999996
 31
0.0
  0
LINE
  5
2F7
330
17
100
AcDbEntity
  8
0
 62
7
100
AcDbLine
 10
200.0
 20
333.7999999999993
 30
0.0
 11
200.0
 21
965.8999999999996
 31
0.0
  0
LINE
  5
2F8
330
17
100
AcDbEntity
  8
0
 62
7
100
AcDbLine
 10
400.0
 20
333.7999999999993
 30
0.0
 11
400.0
 21
965.8999999999996
 31
0.0
  0
LINE
  5
2F9
330
17
100
AcDbEntity
  8
0
 62
7
100
AcDbLine
 10
580.0
 20
333.7999999999993
 30
0.0
 11
580.0
 21
965.8999999999996
 31
0.0
  0
LINE
  5
2FA
330
17
100
AcDbEntity
  8
0
 62
7
100
AcDbLine
 10
1210.0
 20
333.7999999999993
 30
0.0
 11
1210.0
 21
965.8999999999996
 31
0.0
  0
TEXT
  5
2FB
330
17
100
AcDbEntity
  8
0
 62
3
100
AcDbText
 10
68.69999999999982
 20
948.8999999999996
 30
0.0
 40
7.5
  1
PIN
100
AcDbText
  0
TEXT
  5
2FC
330
17
100
AcDbEntity
  8
0
 62
3
100
AcDbText
 10
128.0
 20
948.8999999999996
 30
0.0
 40
7.5
  1
TERM
100
AcDbText
  0
TEXT
  5
2FD
330
17
100
AcDbEntity
  8
0
 62
3
100
AcDbText
 10
203.0
 20
948.8999999999996
 30
0.0
 40
7.5
  1
PLC TAG
100
AcDbText
  0
TEXT
  5
2FE
330
17
100
AcDbEntity
  8
0
 62
3
100
AcDbText
 10
403.0
 20
948.8999999999996
 30
0.0
 40
7.5
  1
INST TAG
100
AcDbText
  0
TEXT
  5
2FF
330
17
100
AcDbEntity
  8
0
 62
3
100
AcDbText
 10
583.0
 20
948.8999999999996
 30
0.0
 40
7.5
  1
SIGNAL DESCRIPTION
100
AcDbText
  0
TEXT
  5
300
330
17
100
AcDbEntity
  8
0
 62
3
100
AcDbText
 10
1213.0
 20
948.8999999999996
 30
0.0
 40
7.5
  1
DEST / JB
100
AcDbText
  0
LINE
  5
301
330
17
100
AcDbEntity
  8
0
 62
8
100
AcDbLine
 10
65.69999999999982
 20
919.0218750000004
 30
0.0
 11
1411.5
 21
919.0218750000004
 31
0.0
  0
TEXT
  5
302
330
17
100
AcDbEntity
  8
0
 62
7
100
AcDbText
 10
68.69999999999982
 20
922.0218750000004
 30
0.0
 40
5.5
  1
1
100
AcDbText
  0
TEXT
  5
303
330
17
100
AcDbEntity
  8
0
 62
7
100
AcDbText
 10
128.0
 20
922.0218750000004
 30
0.0
 40
5.5
  1
IN-0
100
AcDbText
  0
TEXT
  5
304
330
17
100
AcDbEntity
  8
0
 62
7
100
AcDbText
 10
203.0
 20
922.0218750000004
 30
0.0
 40
5.5
  1
DI_C2S1_00_FS-40204
100
AcDbText
  0
TEXT
  5
305
330
17
100
AcDbEntity
  8
0
 62
7
100
AcDbText
 10
403.0
 20
922.0218750000004
 30
0.0
 40
5.5
  1
FS-40204
100
AcDbText
  0
TEXT
  5
306
330
17
100
AcDbEntity
  8
0
 62
7
100
AcDbText
 10
583.0
 20
922.0218750000004
 30
0.0
 40
5.5
  1
Flow Switch
100
AcDbText
  0
TEXT
  5
307
330
17
100
AcDbEntity
  8
0
 62
7
100
AcDbText
 10
1213.0
 20
922.0218750000004
 30
0.0
 40
5.5
  1
JB-402
100
AcDbText
  0
LINE
  5
308
330
17
100
AcDbEntity
  8
0
 62
8
100
AcDbLine
 10
65.69999999999982
 20
900.1437499999993
 30
0.0
 11
1411.5
 21
900.1437499999993
 31
0.0
  0
TEXT
  5
309
330
17
100
AcDbEntity
  8
0
 62
7
100
AcDbText
 10
68.69999999999982
 20
903.1437499999993
 30
0.0
 40
5.5
  1
2
100
AcDbText
  0
TEXT
  5
30A
330
17
100
AcDbEntity
  8
0
 62
7
100
AcDbText
 10
128.0
 20
903.1437499999993
 30
0.0
 40
5.5
  1
IN-1
100
AcDbText
  0
TEXT
  5
30B
330
17
100
AcDbEntity
  8
0
 62
7
100
AcDbText
 10
203.0
 20
903.1437499999993
 30
0.0
 40
5.5
  1
DI_C2S1_01_FS-40205
100
AcDbText
  0
TEXT
  5
30C
330
17
100
AcDbEntity
  8
0
 62
7
100
AcDbText
 10
403.0
 20
903.1437499999993
 30
0.0
 40
5.5
  1
FS-40205
100
AcDbText
  0
TEXT
  5
30D
330
17
100
AcDbEntity
  8
0
 62
7
100
AcDbText
 10
583.0
 20
903.1437499999993
 30
0.0
 40
5.5
  1
Flow Switch
100
AcDbText
  0
TEXT
  5
30E
330
17
100
AcDbEntity
  8
0
 62
7
100
AcDbText
 10
1213.0
 20
903.1437499999993
 30
0.0
 40
5.5
  1
JB-402
100
AcDbText
  0
LINE
  5
30F
330
17
100
AcDbEntity
  8
0
 62
8
100
AcDbLine
 10
65.69999999999982
 20
881.265625
 30
0.0
 11
1411.5
 21
881.265625
 31
0.0
  0
TEXT
  5
310
330
17
100
AcDbEntity
  8
0
 62
7
100
AcDbText
 10
68.69999999999982
 20
884.265625
 30
0.0
 40
5.5
  1
3
100
AcDbText
  0
TEXT
  5
311
330
17
100
AcDbEntity
  8
0
 62
7
100
AcDbText
 10
128.0
 20
884.265625
 30
0.0
 40
5.5
  1
IN-2
100
AcDbText
  0
TEXT
  5
312
330
17
100
AcDbEntity
  8
0
 62
7
100
AcDbText
 10
203.0
 20
884.265625
 30
0.0
 40
5.5
  1
DI_C2S1_02_FT-40221
100
AcDbText
  0
TEXT
  5
313
330
17
100
AcDbEntity
  8
0
 62
7
100
AcDbText
 10
403.0
 20
884.265625
 30
0.0
 40
5.5
  1
FT-40221
100
AcDbText
  0
TEXT
  5
314
330
17
100
AcDbEntity
  8
0
 62
7
100
AcDbText
 10
583.0
 20
884.265625
 30
0.0
 40
5.5
  1
Coriolis Flow Transmitter
100
AcDbText
  0
TEXT
  5
315
330
17
100
AcDbEntity
  8
0
 62
7
100
AcDbText
 10
1213.0
 20
884.265625
 30
0.0
 40
5.5
  1
JB-402
100
AcDbText
  0
LINE
  5
316
330
17
100
AcDbEntity
  8
0
 62
8
100
AcDbLine
 10
65.69999999999982
 20
862.3875000000007
 30
0.0
 11
1411.5
 21
862.3875000000007
 31
0.0
  0
TEXT
  5
317
330
17
100
AcDbEntity
  8
0
 62
7
100
AcDbText
 10
68.69999999999982
 20
865.3875000000007
 30
0.0
 40
5.5
  1
4
100
AcDbText
  0
TEXT
  5
318
330
17
100
AcDbEntity
  8
0
 62
7
100
AcDbText
 10
128.0
 20
865.3875000000007
 30
0.0
 40
5.5
  1
IN-3
100
AcDbText
  0
TEXT
  5
319
330
17
100
AcDbEntity
  8
0
 62
7
100
AcDbText
 10
203.0
 20
865.3875000000007
 30
0.0
 40
5.5
  1
DI_C2S1_03_FT-40222
100
AcDbText
  0
TEXT
  5
31A
330
17
100
AcDbEntity
  8
0
 62
7
100
AcDbText
 10
403.0
 20
865.3875000000007
 30
0.0
 40
5.5
  1
FT-40222
100
AcDbText
  0
TEXT
  5
31B
330
17
100
AcDbEntity
  8
0
 62
7
100
AcDbText
 10
583.0
 20
865.3875000000007
 30
0.0
 40
5.5
  1
Coriolis Flow Transmitter
100
AcDbText
  0
TEXT
  5
31C
330
17
100
AcDbEntity
  8
0
 62
7
100
AcDbText
 10
1213.0
 20
865.3875000000007
 30
0.0
 40
5.5
  1
JB-402
100
AcDbText
  0
LINE
  5
31D
330
17
100
AcDbEntity
  8
0
 62
8
100
AcDbLine
 10
65.69999999999982
 20
843.5093749999996
 30
0.0
 11
1411.5
 21
843.5093749999996
 31
0.0
  0
TEXT
  5
31E
330
17
100
AcDbEntity
  8
0
 62
7
100
AcDbText
 10
68.69999999999982
 20
846.5093749999996
 30
0.0
 40
5.5
  1
5
100
AcDbText
  0
TEXT
  5
31F
330
17
100
AcDbEntity
  8
0
 62
7
100
AcDbText
 10
128.0
 20
846.5093749999996
 30
0.0
 40
5.5
  1
IN-4
100
AcDbText
  0
TEXT
  5
320
330
17
100
AcDbEntity
  8
0
 62
7
100
AcDbText
 10
203.0
 20
846.5093749999996
 30
0.0
 40
5.5
  1
DI_C2S1_04_HV-40207
100
AcDbText
  0
TEXT
  5
321
330
17
100
AcDbEntity
  8
0
 62
7
100
AcDbText
 10
403.0
 20
846.5093749999996
 30
0.0
 40
5.5
  1
HV-40207
100
AcDbText
  0
TEXT
  5
322
330
17
100
AcDbEntity
  8
0
 62
7
100
AcDbText
 10
583.0
 20
846.5093749999996
 30
0.0
 40
5.5
  1
Manual Valve With Position Switch
100
AcDbText
  0
TEXT
  5
323
330
17
100
AcDbEntity
  8
0
 62
7
100
AcDbText
 10
1213.0
 20
846.5093749999996
 30
0.0
 40
5.5
  1
JB-402
100
AcDbText
  0
LINE
  5
324
330
17
100
AcDbEntity
  8
0
 62
8
100
AcDbLine
 10
65.69999999999982
 20
824.6312500000004
 30
0.0
 11
1411.5
 21
824.6312500000004
 31
0.0
  0
TEXT
  5
325
330
17
100
AcDbEntity
  8
0
 62
7
100
AcDbText
 10
68.69999999999982
 20
827.6312500000004
 30
0.0
 40
5.5
  1
6
100
AcDbText
  0
TEXT
  5
326
330
17
100
AcDbEntity
  8
0
 62
7
100
AcDbText
 10
128.0
 20
827.6312500000004
 30
0.0
 40
5.5
  1
IN-5
100
AcDbText
  0
TEXT
  5
327
330
17
100
AcDbEntity
  8
0
 62
7
100
AcDbText
 10
203.0
 20
827.6312500000004
 30
0.0
 40
5.5
  1
DI_C2S1_05_HV-40208
100
AcDbText
  0
TEXT
  5
328
330
17
100
AcDbEntity
  8
0
 62
7
100
AcDbText
 10
403.0
 20
827.6312500000004
 30
0.0
 40
5.5
  1
HV-40208
100
AcDbText
  0
TEXT
  5
329
330
17
100
AcDbEntity
  8
0
 62
7
100
AcDbText
 10
583.0
 20
827.6312500000004
 30
0.0
 40
5.5
  1
Manual Valve With Position Switch
100
AcDbText
  0
TEXT
  5
32A
330
17
100
AcDbEntity
  8
0
 62
7
100
AcDbText
 10
1213.0
 20
827.6312500000004
 30
0.0
 40
5.5
  1
JB-402
100
AcDbText
  0
LINE
  5
32B
330
17
100
AcDbEntity
  8
0
 62
8
100
AcDbLine
 10
65.69999999999982
 20
805.7531249999993
 30
0.0
 11
1411.5
 21
805.7531249999993
 31
0.0
  0
TEXT
  5
32C
330
17
100
AcDbEntity
  8
0
 62
7
100
AcDbText
 10
68.69999999999982
 20
808.7531249999993
 30
0.0
 40
5.5
  1
7
100
AcDbText
  0
TEXT
  5
32D
330
17
100
AcDbEntity
  8
0
 62
7
100
AcDbText
 10
128.0
 20
808.7531249999993
 30
0.0
 40
5.5
  1
IN-6
100
AcDbText
  0
TEXT
  5
32E
330
17
100
AcDbEntity
  8
0
 62
7
100
AcDbText
 10
203.0
 20
808.7531249999993
 30
0.0
 40
5.5
  1
DI_C2S1_06_XV-40203F
100
AcDbText
  0
TEXT
  5
32F
330
17
100
AcDbEntity
  8
0
 62
7
100
AcDbText
 10
403.0
 20
808.7531249999993
 30
0.0
 40
5.5
  1
XV-40203F
100
AcDbText
  0
TEXT
  5
330
330
17
100
AcDbEntity
  8
0
 62
7
100
AcDbText
 10
583.0
 20
808.7531249999993
 30
0.0
 40
5.5
  1
Control Valve Position Feedback
100
AcDbText
  0
TEXT
  5
331
330
17
100
AcDbEntity
  8
0
 62
7
100
AcDbText
 10
1213.0
 20
808.7531249999993
 30
0.0
 40
5.5
  1
JB-402
100
AcDbText
  0
LINE
  5
332
330
17
100
AcDbEntity
  8
0
 62
8
100
AcDbLine
 10
65.69999999999982
 20
786.875
 30
0.0
 11
1411.5
 21
786.875
 31
0.0
  0
TEXT
  5
333
330
17
100
AcDbEntity
  8
0
 62
7
100
AcDbText
 10
68.69999999999982
 20
789.875
 30
0.0
 40
5.5
  1
8
100
AcDbText
  0
TEXT
  5
334
330
17
100
AcDbEntity
  8
0
 62
7
100
AcDbText
 10
128.0
 20
789.875
 30
0.0
 40
5.5
  1
IN-7
100
AcDbText
  0
TEXT
  5
335
330
17
100
AcDbEntity
  8
0
 62
7
100
AcDbText
 10
203.0
 20
789.875
 30
0.0
 40
5.5
  1
DI_C2S1_07_XV-40203F
100
AcDbText
  0
TEXT
  5
336
330
17
100
AcDbEntity
  8
0
 62
7
100
AcDbText
 10
403.0
 20
789.875
 30
0.0
 40
5.5
  1
XV-40203F
100
AcDbText
  0
TEXT
  5
337
330
17
100
AcDbEntity
  8
0
 62
7
100
AcDbText
 10
583.0
 20
789.875
 30
0.0
 40
5.5
  1
Control Valve Position Feedback
100
AcDbText
  0
TEXT
  5
338
330
17
100
AcDbEntity
  8
0
 62
7
100
AcDbText
 10
1213.0
 20
789.875
 30
0.0
 40
5.5
  1
JB-402
100
AcDbText
  0
LINE
  5
339
330
17
100
AcDbEntity
  8
0
 62
8
100
AcDbLine
 10
65.69999999999982
 20
767.9968750000007
 30
0.0
 11
1411.5
 21
767.9968750000007
 31
0.0
  0
TEXT
  5
33A
330
17
100
AcDbEntity
  8
0
 62
7
100
AcDbText
 10
68.69999999999982
 20
770.9968750000007
 30
0.0
 40
5.5
  1
9
100
AcDbText
  0
TEXT
  5
33B
330
17
100
AcDbEntity
  8
0
 62
7
100
AcDbText
 10
128.0
 20
770.9968750000007
 30
0.0
 40
5.5
  1
IN-8
100
AcDbText
  0
TEXT
  5
33C
330
17
100
AcDbEntity
  8
0
 62
7
100
AcDbText
 10
203.0
 20
770.9968750000007
 30
0.0
 40
5.5
  1
DI_C2S1_08_XV-40204B
100
AcDbText
  0
TEXT
  5
33D
330
17
100
AcDbEntity
  8
0
 62
7
100
AcDbText
 10
403.0
 20
770.9968750000007
 30
0.0
 40
5.5
  1
XV-40204B
100
AcDbText
  0
TEXT
  5
33E
330
17
100
AcDbEntity
  8
0
 62
7
100
AcDbText
 10
583.0
 20
770.9968750000007
 30
0.0
 40
5.5
  1
Control Valve Position Feedback
100
AcDbText
  0
TEXT
  5
33F
330
17
100
AcDbEntity
  8
0
 62
7
100
AcDbText
 10
1213.0
 20
770.9968750000007
 30
0.0
 40
5.5
  1
JB-402
100
AcDbText
  0
LINE
  5
340
330
17
100
AcDbEntity
  8
0
 62
8
100
AcDbLine
 10
65.69999999999982
 20
749.1187499999996
 30
0.0
 11
1411.5
 21
749.1187499999996
 31
0.0
  0
TEXT
  5
341
330
17
100
AcDbEntity
  8
0
 62
7
100
AcDbText
 10
68.69999999999982
 20
752.1187499999996
 30
0.0
 40
5.5
  1
10
100
AcDbText
  0
TEXT
  5
342
330
17
100
AcDbEntity
  8
0
 62
7
100
AcDbText
 10
128.0
 20
752.1187499999996
 30
0.0
 40
5.5
  1
IN-9
100
AcDbText
  0
TEXT
  5
343
330
17
100
AcDbEntity
  8
0
 62
7
100
AcDbText
 10
203.0
 20
752.1187499999996
 30
0.0
 40
5.5
  1
DI_C2S1_09_XV-40204B
100
AcDbText
  0
TEXT
  5
344
330
17
100
AcDbEntity
  8
0
 62
7
100
AcDbText
 10
403.0
 20
752.1187499999996
 30
0.0
 40
5.5
  1
XV-40204B
100
AcDbText
  0
TEXT
  5
345
330
17
100
AcDbEntity
  8
0
 62
7
100
AcDbText
 10
583.0
 20
752.1187499999996
 30
0.0
 40
5.5
  1
Control Valve Position Feedback
100
AcDbText
  0
TEXT
  5
346
330
17
100
AcDbEntity
  8
0
 62
7
100
AcDbText
 10
1213.0
 20
752.1187499999996
 30
0.0
 40
5.5
  1
JB-402
100
AcDbText
  0
LINE
  5
347
330
17
100
AcDbEntity
  8
0
 62
8
100
AcDbLine
 10
65.69999999999982
 20
730.2406250000004
 30
0.0
 11
1411.5
 21
730.2406250000004
 31
0.0
  0
TEXT
  5
348
330
17
100
AcDbEntity
  8
0
 62
7
100
AcDbText
 10
68.69999999999982
 20
733.2406250000004
 30
0.0
 40
5.5
  1
11
100
AcDbText
  0
TEXT
  5
349
330
17
100
AcDbEntity
  8
0
 62
7
100
AcDbText
 10
128.0
 20
733.2406250000004
 30
0.0
 40
5.5
  1
IN-10
100
AcDbText
  0
TEXT
  5
34A
330
17
100
AcDbEntity
  8
0
 62
7
100
AcDbText
 10
203.0
 20
733.2406250000004
 30
0.0
 40
5.5
  1
DI_C2S1_10_XV-40204C
100
AcDbText
  0
TEXT
  5
34B
330
17
100
AcDbEntity
  8
0
 62
7
100
AcDbText
 10
403.0
 20
733.2406250000004
 30
0.0
 40
5.5
  1
XV-40204C
100
AcDbText
  0
TEXT
  5
34C
330
17
100
AcDbEntity
  8
0
 62
7
100
AcDbText
 10
583.0
 20
733.2406250000004
 30
0.0
 40
5.5
  1
Control Valve Position Feedback
100
AcDbText
  0
TEXT
  5
34D
330
17
100
AcDbEntity
  8
0
 62
7
100
AcDbText
 10
1213.0
 20
733.2406250000004
 30
0.0
 40
5.5
  1
JB-402
100
AcDbText
  0
LINE
  5
34E
330
17
100
AcDbEntity
  8
0
 62
8
100
AcDbLine
 10
65.69999999999982
 20
711.3624999999993
 30
0.0
 11
1411.5
 21
711.3624999999993
 31
0.0
  0
TEXT
  5
34F
330
17
100
AcDbEntity
  8
0
 62
7
100
AcDbText
 10
68.69999999999982
 20
714.3624999999993
 30
0.0
 40
5.5
  1
12
100
AcDbText
  0
TEXT
  5
350
330
17
100
AcDbEntity
  8
0
 62
7
100
AcDbText
 10
128.0
 20
714.3624999999993
 30
0.0
 40
5.5
  1
IN-11
100
AcDbText
  0
TEXT
  5
351
330
17
100
AcDbEntity
  8
0
 62
7
100
AcDbText
 10
203.0
 20
714.3624999999993
 30
0.0
 40
5.5
  1
DI_C2S1_11_XV-40204C
100
AcDbText
  0
TEXT
  5
352
330
17
100
AcDbEntity
  8
0
 62
7
100
AcDbText
 10
403.0
 20
714.3624999999993
 30
0.0
 40
5.5
  1
XV-40204C
100
AcDbText
  0
TEXT
  5
353
330
17
100
AcDbEntity
  8
0
 62
7
100
AcDbText
 10
583.0
 20
714.3624999999993
 30
0.0
 40
5.5
  1
Control Valve Position Feedback
100
AcDbText
  0
TEXT
  5
354
330
17
100
AcDbEntity
  8
0
 62
7
100
AcDbText
 10
1213.0
 20
714.3624999999993
 30
0.0
 40
5.5
  1
JB-402
100
AcDbText
  0
LINE
  5
355
330
17
100
AcDbEntity
  8
0
 62
8
100
AcDbLine
 10
65.69999999999982
 20
692.484375
 30
0.0
 11
1411.5
 21
692.484375
 31
0.0
  0
TEXT
  5
356
330
17
100
AcDbEntity
  8
0
 62
7
100
AcDbText
 10
68.69999999999982
 20
695.484375
 30
0.0
 40
5.5
  1
13
100
AcDbText
  0
TEXT
  5
357
330
17
100
AcDbEntity
  8
0
 62
7
100
AcDbText
 10
128.0
 20
695.484375
 30
0.0
 40
5.5
  1
IN-12
100
AcDbText
  0
TEXT
  5
358
330
17
100
AcDbEntity
  8
0
 62
7
100
AcDbText
 10
203.0
 20
695.484375
 30
0.0
 40
5.5
  1
DI_C2S1_12_XV-40205A
100
AcDbText
  0
TEXT
  5
359
330
17
100
AcDbEntity
  8
0
 62
7
100
AcDbText
 10
403.0
 20
695.484375
 30
0.0
 40
5.5
  1
XV-40205A
100
AcDbText
  0
TEXT
  5
35A
330
17
100
AcDbEntity
  8
0
 62
7
100
AcDbText
 10
583.0
 20
695.484375
 30
0.0
 40
5.5
  1
Control Valve Position Feedback
100
AcDbText
  0
TEXT
  5
35B
330
17
100
AcDbEntity
  8
0
 62
7
100
AcDbText
 10
1213.0
 20
695.484375
 30
0.0
 40
5.5
  1
JB-402
100
AcDbText
  0
LINE
  5
35C
330
17
100
AcDbEntity
  8
0
 62
8
100
AcDbLine
 10
65.69999999999982
 20
673.6062500000007
 30
0.0
 11
1411.5
 21
673.6062500000007
 31
0.0
  0
TEXT
  5
35D
330
17
100
AcDbEntity
  8
0
 62
7
100
AcDbText
 10
68.69999999999982
 20
676.6062500000007
 30
0.0
 40
5.5
  1
14
100
AcDbText
  0
TEXT
  5
35E
330
17
100
AcDbEntity
  8
0
 62
7
100
AcDbText
 10
128.0
 20
676.6062500000007
 30
0.0
 40
5.5
  1
IN-13
100
AcDbText
  0
TEXT
  5
35F
330
17
100
AcDbEntity
  8
0
 62
7
100
AcDbText
 10
203.0
 20
676.6062500000007
 30
0.0
 40
5.5
  1
DI_C2S1_13_XV-40205A
100
AcDbText
  0
TEXT
  5
360
330
17
100
AcDbEntity
  8
0
 62
7
100
AcDbText
 10
403.0
 20
676.6062500000007
 30
0.0
 40
5.5
  1
XV-40205A
100
AcDbText
  0
TEXT
  5
361
330
17
100
AcDbEntity
  8
0
 62
7
100
AcDbText
 10
583.0
 20
676.6062500000007
 30
0.0
 40
5.5
  1
Control Valve Position Feedback
100
AcDbText
  0
TEXT
  5
362
330
17
100
AcDbEntity
  8
0
 62
7
100
AcDbText
 10
1213.0
 20
676.6062500000007
 30
0.0
 40
5.5
  1
JB-402
100
AcDbText
  0
LINE
  5
363
330
17
100
AcDbEntity
  8
0
 62
8
100
AcDbLine
 10
65.69999999999982
 20
654.7281249999996
 30
0.0
 11
1411.5
 21
654.7281249999996
 31
0.0
  0
TEXT
  5
364
330
17
100
AcDbEntity
  8
0
 62
7
100
AcDbText
 10
68.69999999999982
 20
657.7281249999996
 30
0.0
 40
5.5
  1
15
100
AcDbText
  0
TEXT
  5
365
330
17
100
AcDbEntity
  8
0
 62
7
100
AcDbText
 10
128.0
 20
657.7281249999996
 30
0.0
 40
5.5
  1
IN-14
100
AcDbText
  0
TEXT
  5
366
330
17
100
AcDbEntity
  8
0
 62
7
100
AcDbText
 10
203.0
 20
657.7281249999996
 30
0.0
 40
5.5
  1
DI_C2S1_14_XV-40205B
100
AcDbText
  0
TEXT
  5
367
330
17
100
AcDbEntity
  8
0
 62
7
100
AcDbText
 10
403.0
 20
657.7281249999996
 30
0.0
 40
5.5
  1
XV-40205B
100
AcDbText
  0
TEXT
  5
368
330
17
100
AcDbEntity
  8
0
 62
7
100
AcDbText
 10
583.0
 20
657.7281249999996
 30
0.0
 40
5.5
  1
Control Valve Position Feedback
100
AcDbText
  0
TEXT
  5
369
330
17
100
AcDbEntity
  8
0
 62
7
100
AcDbText
 10
1213.0
 20
657.7281249999996
 30
0.0
 40
5.5
  1
JB-402
100
AcDbText
  0
LINE
  5
36A
330
17
100
AcDbEntity
  8
0
 62
8
100
AcDbLine
 10
65.69999999999982
 20
635.8500000000004
 30
0.0
 11
1411.5
 21
635.8500000000004
 31
0.0
  0
TEXT
  5
36B
330
17
100
AcDbEntity
  8
0
 62
7
100
AcDbText
 10
68.69999999999982
 20
638.8500000000004
 30
0.0
 40
5.5
  1
16
100
AcDbText
  0
TEXT
  5
36C
330
17
100
AcDbEntity
  8
0
 62
7
100
AcDbText
 10
128.0
 20
638.8500000000004
 30
0.0
 40
5.5
  1
IN-15
100
AcDbText
  0
TEXT
  5
36D
330
17
100
AcDbEntity
  8
0
 62
7
100
AcDbText
 10
203.0
 20
638.8500000000004
 30
0.0
 40
5.5
  1
DI_C2S1_15_XV-40205B
100
AcDbText
  0
TEXT
  5
36E
330
17
100
AcDbEntity
  8
0
 62
7
100
AcDbText
 10
403.0
 20
638.8500000000004
 30
0.0
 40
5.5
  1
XV-40205B
100
AcDbText
  0
TEXT
  5
36F
330
17
100
AcDbEntity
  8
0
 62
7
100
AcDbText
 10
583.0
 20
638.8500000000004
 30
0.0
 40
5.5
  1
Control Valve Position Feedback
100
AcDbText
  0
TEXT
  5
370
330
17
100
AcDbEntity
  8
0
 62
7
100
AcDbText
 10
1213.0
 20
638.8500000000004
 30
0.0
 40
5.5
  1
JB-402
100
AcDbText
  0
LINE
  5
371
330
17
100
AcDbEntity
  8
0
 62
8
100
AcDbLine
 10
65.69999999999982
 20
616.9718749999993
 30
0.0
 11
1411.5
 21
616.9718749999993
 31
0.0
  0
TEXT
  5
372
330
17
100
AcDbEntity
  8
0
 62
7
100
AcDbText
 10
68.69999999999982
 20
619.9718749999993
 30
0.0
 40
5.5
  1
19
100
AcDbText
  0
TEXT
  5
373
330
17
100
AcDbEntity
  8
0
 62
7
100
AcDbText
 10
128.0
 20
619.9718749999993
 30
0.0
 40
5.5
  1
IN-16
100
AcDbText
  0
TEXT
  5
374
330
17
100
AcDbEntity
  8
0
 62
7
100
AcDbText
 10
203.0
 20
619.9718749999993
 30
0.0
 40
5.5
  1
DI_C2S1_16_XV-40205C
100
AcDbText
  0
TEXT
  5
375
330
17
100
AcDbEntity
  8
0
 62
7
100
AcDbText
 10
403.0
 20
619.9718749999993
 30
0.0
 40
5.5
  1
XV-40205C
100
AcDbText
  0
TEXT
  5
376
330
17
100
AcDbEntity
  8
0
 62
7
100
AcDbText
 10
583.0
 20
619.9718749999993
 30
0.0
 40
5.5
  1
Control Valve Position Feedback
100
AcDbText
  0
TEXT
  5
377
330
17
100
AcDbEntity
  8
0
 62
7
100
AcDbText
 10
1213.0
 20
619.9718749999993
 30
0.0
 40
5.5
  1
JB-402
100
AcDbText
  0
LINE
  5
378
330
17
100
AcDbEntity
  8
0
 62
8
100
AcDbLine
 10
65.69999999999982
 20
598.09375
 30
0.0
 11
1411.5
 21
598.09375
 31
0.0
  0
TEXT
  5
379
330
17
100
AcDbEntity
  8
0
 62
7
100
AcDbText
 10
68.69999999999982
 20
601.09375
 30
0.0
 40
5.5
  1
20
100
AcDbText
  0
TEXT
  5
37A
330
17
100
AcDbEntity
  8
0
 62
7
100
AcDbText
 10
128.0
 20
601.09375
 30
0.0
 40
5.5
  1
IN-17
100
AcDbText
  0
TEXT
  5
37B
330
17
100
AcDbEntity
  8
0
 62
7
100
AcDbText
 10
203.0
 20
601.09375
 30
0.0
 40
5.5
  1
DI_C2S1_17_XV-40205C
100
AcDbText
  0
TEXT
  5
37C
330
17
100
AcDbEntity
  8
0
 62
7
100
AcDbText
 10
403.0
 20
601.09375
 30
0.0
 40
5.5
  1
XV-40205C
100
AcDbText
  0
TEXT
  5
37D
330
17
100
AcDbEntity
  8
0
 62
7
100
AcDbText
 10
583.0
 20
601.09375
 30
0.0
 40
5.5
  1
Control Valve Position Feedback
100
AcDbText
  0
TEXT
  5
37E
330
17
100
AcDbEntity
  8
0
 62
7
100
AcDbText
 10
1213.0
 20
601.09375
 30
0.0
 40
5.5
  1
JB-402
100
AcDbText
  0
LINE
  5
37F
330
17
100
AcDbEntity
  8
0
 62
8
100
AcDbLine
 10
65.69999999999982
 20
579.2156250000007
 30
0.0
 11
1411.5
 21
579.2156250000007
 31
0.0
  0
TEXT
  5
380
330
17
100
AcDbEntity
  8
0
 62
7
100
AcDbText
 10
68.69999999999982
 20
582.2156250000007
 30
0.0
 40
5.5
  1
21
100
AcDbText
  0
TEXT
  5
381
330
17
100
AcDbEntity
  8
0
 62
7
100
AcDbText
 10
128.0
 20
582.2156250000007
 30
0.0
 40
5.5
  1
IN-18
100
AcDbText
  0
TEXT
  5
382
330
17
100
AcDbEntity
  8
0
 62
7
100
AcDbText
 10
203.0
 20
582.2156250000007
 30
0.0
 40
5.5
  1
DI_C2S1_18_XV-40205D
100
AcDbText
  0
TEXT
  5
383
330
17
100
AcDbEntity
  8
0
 62
7
100
AcDbText
 10
403.0
 20
582.2156250000007
 30
0.0
 40
5.5
  1
XV-40205D
100
AcDbText
  0
TEXT
  5
384
330
17
100
AcDbEntity
  8
0
 62
7
100
AcDbText
 10
583.0
 20
582.2156250000007
 30
0.0
 40
5.5
  1
Control Valve Position Feedback
100
AcDbText
  0
TEXT
  5
385
330
17
100
AcDbEntity
  8
0
 62
7
100
AcDbText
 10
1213.0
 20
582.2156250000007
 30
0.0
 40
5.5
  1
JB-402
100
AcDbText
  0
LINE
  5
386
330
17
100
AcDbEntity
  8
0
 62
8
100
AcDbLine
 10
65.69999999999982
 20
560.3374999999996
 30
0.0
 11
1411.5
 21
560.3374999999996
 31
0.0
  0
TEXT
  5
387
330
17
100
AcDbEntity
  8
0
 62
7
100
AcDbText
 10
68.69999999999982
 20
563.3374999999996
 30
0.0
 40
5.5
  1
22
100
AcDbText
  0
TEXT
  5
388
330
17
100
AcDbEntity
  8
0
 62
7
100
AcDbText
 10
128.0
 20
563.3374999999996
 30
0.0
 40
5.5
  1
IN-19
100
AcDbText
  0
TEXT
  5
389
330
17
100
AcDbEntity
  8
0
 62
7
100
AcDbText
 10
203.0
 20
563.3374999999996
 30
0.0
 40
5.5
  1
DI_C2S1_19_XV-40205D
100
AcDbText
  0
TEXT
  5
38A
330
17
100
AcDbEntity
  8
0
 62
7
100
AcDbText
 10
403.0
 20
563.3374999999996
 30
0.0
 40
5.5
  1
XV-40205D
100
AcDbText
  0
TEXT
  5
38B
330
17
100
AcDbEntity
  8
0
 62
7
100
AcDbText
 10
583.0
 20
563.3374999999996
 30
0.0
 40
5.5
  1
Control Valve Position Feedback
100
AcDbText
  0
TEXT
  5
38C
330
17
100
AcDbEntity
  8
0
 62
7
100
AcDbText
 10
1213.0
 20
563.3374999999996
 30
0.0
 40
5.5
  1
JB-402
100
AcDbText
  0
LINE
  5
38D
330
17
100
AcDbEntity
  8
0
 62
8
100
AcDbLine
 10
65.69999999999982
 20
541.4593750000004
 30
0.0
 11
1411.5
 21
541.4593750000004
 31
0.0
  0
TEXT
  5
38E
330
17
100
AcDbEntity
  8
0
 62
7
100
AcDbText
 10
68.69999999999982
 20
544.4593750000004
 30
0.0
 40
5.5
  1
23
100
AcDbText
  0
TEXT
  5
38F
330
17
100
AcDbEntity
  8
0
 62
7
100
AcDbText
 10
128.0
 20
544.4593750000004
 30
0.0
 40
5.5
  1
IN-20
100
AcDbText
  0
TEXT
  5
390
330
17
100
AcDbEntity
  8
0
 62
7
100
AcDbText
 10
203.0
 20
544.4593750000004
 30
0.0
 40
5.5
  1
DI_C2S1_20_XV-40205F
100
AcDbText
  0
TEXT
  5
391
330
17
100
AcDbEntity
  8
0
 62
7
100
AcDbText
 10
403.0
 20
544.4593750000004
 30
0.0
 40
5.5
  1
XV-40205F
100
AcDbText
  0
TEXT
  5
392
330
17
100
AcDbEntity
  8
0
 62
7
100
AcDbText
 10
583.0
 20
544.4593750000004
 30
0.0
 40
5.5
  1
Control Valve Position Feedback
100
AcDbText
  0
TEXT
  5
393
330
17
100
AcDbEntity
  8
0
 62
7
100
AcDbText
 10
1213.0
 20
544.4593750000004
 30
0.0
 40
5.5
  1
JB-402
100
AcDbText
  0
LINE
  5
394
330
17
100
AcDbEntity
  8
0
 62
8
100
AcDbLine
 10
65.69999999999982
 20
522.5812499999993
 30
0.0
 11
1411.5
 21
522.5812499999993
 31
0.0
  0
TEXT
  5
395
330
17
100
AcDbEntity
  8
0
 62
7
100
AcDbText
 10
68.69999999999982
 20
525.5812499999993
 30
0.0
 40
5.5
  1
24
100
AcDbText
  0
TEXT
  5
396
330
17
100
AcDbEntity
  8
0
 62
7
100
AcDbText
 10
128.0
 20
525.5812499999993
 30
0.0
 40
5.5
  1
IN-21
100
AcDbText
  0
TEXT
  5
397
330
17
100
AcDbEntity
  8
0
 62
7
100
AcDbText
 10
203.0
 20
525.5812499999993
 30
0.0
 40
5.5
  1
DI_C2S1_21_XV-40205F
100
AcDbText
  0
TEXT
  5
398
330
17
100
AcDbEntity
  8
0
 62
7
100
AcDbText
 10
403.0
 20
525.5812499999993
 30
0.0
 40
5.5
  1
XV-40205F
100
AcDbText
  0
TEXT
  5
399
330
17
100
AcDbEntity
  8
0
 62
7
100
AcDbText
 10
583.0
 20
525.5812499999993
 30
0.0
 40
5.5
  1
Control Valve Position Feedback
100
AcDbText
  0
TEXT
  5
39A
330
17
100
AcDbEntity
  8
0
 62
7
100
AcDbText
 10
1213.0
 20
525.5812499999993
 30
0.0
 40
5.5
  1
JB-402
100
AcDbText
  0
LINE
  5
39B
330
17
100
AcDbEntity
  8
0
 62
8
100
AcDbLine
 10
65.69999999999982
 20
503.703125
 30
0.0
 11
1411.5
 21
503.703125
 31
0.0
  0
TEXT
  5
39C
330
17
100
AcDbEntity
  8
0
 62
7
100
AcDbText
 10
68.69999999999982
 20
506.703125
 30
0.0
 40
5.5
  1
25
100
AcDbText
  0
TEXT
  5
39D
330
17
100
AcDbEntity
  8
0
 62
7
100
AcDbText
 10
128.0
 20
506.703125
 30
0.0
 40
5.5
  1
IN-22
100
AcDbText
  0
TEXT
  5
39E
330
17
100
AcDbEntity
  8
0
 62
7
100
AcDbText
 10
203.0
 20
506.703125
 30
0.0
 40
5.5
  1
DI_C2S1_22_XV-40222
100
AcDbText
  0
TEXT
  5
39F
330
17
100
AcDbEntity
  8
0
 62
7
100
AcDbText
 10
403.0
 20
506.703125
 30
0.0
 40
5.5
  1
XV-40222
100
AcDbText
  0
TEXT
  5
3A0
330
17
100
AcDbEntity
  8
0
 62
7
100
AcDbText
 10
583.0
 20
506.703125
 30
0.0
 40
5.5
  1
Control Valve Position Feedback
100
AcDbText
  0
TEXT
  5
3A1
330
17
100
AcDbEntity
  8
0
 62
7
100
AcDbText
 10
1213.0
 20
506.703125
 30
0.0
 40
5.5
  1
JB-402
100
AcDbText
  0
LINE
  5
3A2
330
17
100
AcDbEntity
  8
0
 62
8
100
AcDbLine
 10
65.69999999999982
 20
484.8250000000007
 30
0.0
 11
1411.5
 21
484.8250000000007
 31
0.0
  0
TEXT
  5
3A3
330
17
100
AcDbEntity
  8
0
 62
7
100
AcDbText
 10
68.69999999999982
 20
487.8250000000007
 30
0.0
 40
5.5
  1
26
100
AcDbText
  0
TEXT
  5
3A4
330
17
100
AcDbEntity
  8
0
 62
7
100
AcDbText
 10
128.0
 20
487.8250000000007
 30
0.0
 40
5.5
  1
IN-23
100
AcDbText
  0
TEXT
  5
3A5
330
17
100
AcDbEntity
  8
0
 62
7
100
AcDbText
 10
203.0
 20
487.8250000000007
 30
0.0
 40
5.5
  1
DI_C2S1_23_XV-40222
100
AcDbText
  0
TEXT
  5
3A6
330
17
100
AcDbEntity
  8
0
 62
7
100
AcDbText
 10
403.0
 20
487.8250000000007
 30
0.0
 40
5.5
  1
XV-40222
100
AcDbText
  0
TEXT
  5
3A7
330
17
100
AcDbEntity
  8
0
 62
7
100
AcDbText
 10
583.0
 20
487.8250000000007
 30
0.0
 40
5.5
  1
Control Valve Position Feedback
100
AcDbText
  0
TEXT
  5
3A8
330
17
100
AcDbEntity
  8
0
 62
7
100
AcDbText
 10
1213.0
 20
487.8250000000007
 30
0.0
 40
5.5
  1
JB-402
100
AcDbText
  0
LINE
  5
3A9
330
17
100
AcDbEntity
  8
0
 62
8
100
AcDbLine
 10
65.69999999999982
 20
465.94687499999964
 30
0.0
 11
1411.5
 21
465.94687499999964
 31
0.0
  0
TEXT
  5
3AA
330
17
100
AcDbEntity
  8
0
 62
7
100
AcDbText
 10
68.69999999999982
 20
468.94687499999964
 30
0.0
 40
5.5
  1
27
100
AcDbText
  0
TEXT
  5
3AB
330
17
100
AcDbEntity
  8
0
 62
7
100
AcDbText
 10
128.0
 20
468.94687499999964
 30
0.0
 40
5.5
  1
IN-24
100
AcDbText
  0
TEXT
  5
3AC
330
17
100
AcDbEntity
  8
0
 62
7
100
AcDbText
 10
203.0
 20
468.94687499999964
 30
0.0
 40
5.5
  1
DI_C2S1_24_Spare
100
AcDbText
  0
TEXT
  5
3AD
330
17
100
AcDbEntity
  8
0
 62
7
100
AcDbText
 10
583.0
 20
468.94687499999964
 30
0.0
 40
5.5
  1
Spare Reserve Channel
100
AcDbText
  0
TEXT
  5
3AE
330
17
100
AcDbEntity
  8
0
 62
7
100
AcDbText
 10
1213.0
 20
468.94687499999964
 30
0.0
 40
5.5
  1
JB-402
100
AcDbText
  0
LINE
  5
3AF
330
17
100
AcDbEntity
  8
0
 62
8
100
AcDbLine
 10
65.69999999999982
 20
447.06875000000036
 30
0.0
 11
1411.5
 21
447.06875000000036
 31
0.0
  0
TEXT
  5
3B0
330
17
100
AcDbEntity
  8
0
 62
7
100
AcDbText
 10
68.69999999999982
 20
450.06875000000036
 30
0.0
 40
5.5
  1
28
100
AcDbText
  0
TEXT
  5
3B1
330
17
100
AcDbEntity
  8
0
 62
7
100
AcDbText
 10
128.0
 20
450.06875000000036
 30
0.0
 40
5.5
  1
IN-25
100
AcDbText
  0
TEXT
  5
3B2
330
17
100
AcDbEntity
  8
0
 62
7
100
AcDbText
 10
203.0
 20
450.06875000000036
 30
0.0
 40
5.5
  1
DI_C2S1_25_Spare
100
AcDbText
  0
TEXT
  5
3B3
330
17
100
AcDbEntity
  8
0
 62
7
100
AcDbText
 10
583.0
 20
450.06875000000036
 30
0.0
 40
5.5
  1
Spare Reserve Channel
100
AcDbText
  0
TEXT
  5
3B4
330
17
100
AcDbEntity
  8
0
 62
7
100
AcDbText
 10
1213.0
 20
450.06875000000036
 30
0.0
 40
5.5
  1
JB-402
100
AcDbText
  0
LINE
  5
3B5
330
17
100
AcDbEntity
  8
0
 62
8
100
AcDbLine
 10
65.69999999999982
 20
428.1906249999993
 30
0.0
 11
1411.5
 21
428.1906249999993
 31
0.0
  0
TEXT
  5
3B6
330
17
100
AcDbEntity
  8
0
 62
7
100
AcDbText
 10
68.69999999999982
 20
431.1906249999993
 30
0.0
 40
5.5
  1
29
100
AcDbText
  0
TEXT
  5
3B7
330
17
100
AcDbEntity
  8
0
 62
7
100
AcDbText
 10
128.0
 20
431.1906249999993
 30
0.0
 40
5.5
  1
IN-26
100
AcDbText
  0
TEXT
  5
3B8
330
17
100
AcDbEntity
  8
0
 62
7
100
AcDbText
 10
203.0
 20
431.1906249999993
 30
0.0
 40
5.5
  1
DI_C2S1_26_Spare
100
AcDbText
  0
TEXT
  5
3B9
330
17
100
AcDbEntity
  8
0
 62
7
100
AcDbText
 10
583.0
 20
431.1906249999993
 30
0.0
 40
5.5
  1
Spare Reserve Channel
100
AcDbText
  0
TEXT
  5
3BA
330
17
100
AcDbEntity
  8
0
 62
7
100
AcDbText
 10
1213.0
 20
431.1906249999993
 30
0.0
 40
5.5
  1
JB-402
100
AcDbText
  0
LINE
  5
3BB
330
17
100
AcDbEntity
  8
0
 62
8
100
AcDbLine
 10
65.69999999999982
 20
409.3125
 30
0.0
 11
1411.5
 21
409.3125
 31
0.0
  0
TEXT
  5
3BC
330
17
100
AcDbEntity
  8
0
 62
7
100
AcDbText
 10
68.69999999999982
 20
412.3125
 30
0.0
 40
5.5
  1
30
100
AcDbText
  0
TEXT
  5
3BD
330
17
100
AcDbEntity
  8
0
 62
7
100
AcDbText
 10
128.0
 20
412.3125
 30
0.0
 40
5.5
  1
IN-27
100
AcDbText
  0
TEXT
  5
3BE
330
17
100
AcDbEntity
  8
0
 62
7
100
AcDbText
 10
203.0
 20
412.3125
 30
0.0
 40
5.5
  1
DI_C2S1_27_Spare
100
AcDbText
  0
TEXT
  5
3BF
330
17
100
AcDbEntity
  8
0
 62
7
100
AcDbText
 10
583.0
 20
412.3125
 30
0.0
 40
5.5
  1
Spare Reserve Channel
100
AcDbText
  0
TEXT
  5
3C0
330
17
100
AcDbEntity
  8
0
 62
7
100
AcDbText
 10
1213.0
 20
412.3125
 30
0.0
 40
5.5
  1
JB-402
100
AcDbText
  0
LINE
  5
3C1
330
17
100
AcDbEntity
  8
0
 62
8
100
AcDbLine
 10
65.69999999999982
 20
390.4343750000007
 30
0.0
 11
1411.5
 21
390.4343750000007
 31
0.0
  0
TEXT
  5
3C2
330
17
100
AcDbEntity
  8
0
 62
7
100
AcDbText
 10
68.69999999999982
 20
393.4343750000007
 30
0.0
 40
5.5
  1
31
100
AcDbText
  0
TEXT
  5
3C3
330
17
100
AcDbEntity
  8
0
 62
7
100
AcDbText
 10
128.0
 20
393.4343750000007
 30
0.0
 40
5.5
  1
IN-28
100
AcDbText
  0
TEXT
  5
3C4
330
17
100
AcDbEntity
  8
0
 62
7
100
AcDbText
 10
203.0
 20
393.4343750000007
 30
0.0
 40
5.5
  1
DI_C2S1_28_Spare
100
AcDbText
  0
TEXT
  5
3C5
330
17
100
AcDbEntity
  8
0
 62
7
100
AcDbText
 10
583.0
 20
393.4343750000007
 30
0.0
 40
5.5
  1
Spare Reserve Channel
100
AcDbText
  0
TEXT
  5
3C6
330
17
100
AcDbEntity
  8
0
 62
7
100
AcDbText
 10
1213.0
 20
393.4343750000007
 30
0.0
 40
5.5
  1
JB-402
100
AcDbText
  0
LINE
  5
3C7
330
17
100
AcDbEntity
  8
0
 62
8
100
AcDbLine
 10
65.69999999999982
 20
371.55624999999964
 30
0.0
 11
1411.5
 21
371.55624999999964
 31
0.0
  0
TEXT
  5
3C8
330
17
100
AcDbEntity
  8
0
 62
7
100
AcDbText
 10
68.69999999999982
 20
374.55624999999964
 30
0.0
 40
5.5
  1
32
100
AcDbText
  0
TEXT
  5
3C9
330
17
100
AcDbEntity
  8
0
 62
7
100
AcDbText
 10
128.0
 20
374.55624999999964
 30
0.0
 40
5.5
  1
IN-29
100
AcDbText
  0
TEXT
  5
3CA
330
17
100
AcDbEntity
  8
0
 62
7
100
AcDbText
 10
203.0
 20
374.55624999999964
 30
0.0
 40
5.5
  1
DI_C2S1_29_Spare
100
AcDbText
  0
TEXT
  5
3CB
330
17
100
AcDbEntity
  8
0
 62
7
100
AcDbText
 10
583.0
 20
374.55624999999964
 30
0.0
 40
5.5
  1
Spare Reserve Channel
100
AcDbText
  0
TEXT
  5
3CC
330
17
100
AcDbEntity
  8
0
 62
7
100
AcDbText
 10
1213.0
 20
374.55624999999964
 30
0.0
 40
5.5
  1
JB-402
100
AcDbText
  0
LINE
  5
3CD
330
17
100
AcDbEntity
  8
0
 62
8
100
AcDbLine
 10
65.69999999999982
 20
352.67812500000036
 30
0.0
 11
1411.5
 21
352.67812500000036
 31
0.0
  0
TEXT
  5
3CE
330
17
100
AcDbEntity
  8
0
 62
7
100
AcDbText
 10
68.69999999999982
 20
355.67812500000036
 30
0.0
 40
5.5
  1
33
100
AcDbText
  0
TEXT
  5
3CF
330
17
100
AcDbEntity
  8
0
 62
7
100
AcDbText
 10
128.0
 20
355.67812500000036
 30
0.0
 40
5.5
  1
IN-30
100
AcDbText
  0
TEXT
  5
3D0
330
17
100
AcDbEntity
  8
0
 62
7
100
AcDbText
 10
203.0
 20
355.67812500000036
 30
0.0
 40
5.5
  1
DI_C2S1_30_Spare
100
AcDbText
  0
TEXT
  5
3D1
330
17
100
AcDbEntity
  8
0
 62
7
100
AcDbText
 10
583.0
 20
355.67812500000036
 30
0.0
 40
5.5
  1
Spare Reserve Channel
100
AcDbText
  0
TEXT
  5
3D2
330
17
100
AcDbEntity
  8
0
 62
7
100
AcDbText
 10
1213.0
 20
355.67812500000036
 30
0.0
 40
5.5
  1
JB-402
100
AcDbText
  0
TEXT
  5
3D3
330
17
100
AcDbEntity
  8
0
 62
7
100
AcDbText
 10
68.69999999999982
 20
336.7999999999993
 30
0.0
 40
5.5
  1
34
100
AcDbText
  0
TEXT
  5
3D4
330
17
100
AcDbEntity
  8
0
 62
7
100
AcDbText
 10
128.0
 20
336.7999999999993
 30
0.0
 40
5.5
  1
IN-31
100
AcDbText
  0
TEXT
  5
3D5
330
17
100
AcDbEntity
  8
0
 62
7
100
AcDbText
 10
203.0
 20
336.7999999999993
 30
0.0
 40
5.5
  1
DI_C2S1_31_Spare
100
AcDbText
  0
TEXT
  5
3D6
330
17
100
AcDbEntity
  8
0
 62
7
100
AcDbText
 10
583.0
 20
336.7999999999993
 30
0.0
 40
5.5
  1
Spare Reserve Channel
100
AcDbText
  0
TEXT
  5
3D7
330
17
100
AcDbEntity
  8
0
 62
7
100
AcDbText
 10
1213.0
 20
336.7999999999993
 30
0.0
 40
5.5
  1
JB-402
100
AcDbText
  0
ENDSEC
  0
SECTION
  2
OBJECTS
  0
DICTIONARY
  5
A
330
0
100
AcDbDictionary
280
0
281
1
  3
ACAD_COLOR
350
B
  3
ACAD_GROUP
350
C
  3
ACAD_LAYOUT
350
D
  3
ACAD_MATERIAL
350
E
  3
ACAD_MLEADERSTYLE
350
F
  3
ACAD_MLINESTYLE
350
10
  3
ACAD_PLOTSETTINGS
350
11
  3
ACAD_PLOTSTYLENAME
350
12
  3
ACAD_SCALELIST
350
14
  3
ACAD_TABLESTYLE
350
15
  3
ACAD_VISUALSTYLE
350
16
  3
EZDXF_META
350
2D
  0
DICTIONARY
  5
B
330
A
100
AcDbDictionary
280
0
281
1
  0
DICTIONARY
  5
C
330
A
100
AcDbDictionary
280
0
281
1
  0
DICTIONARY
  5
D
330
A
100
AcDbDictionary
280
0
281
1
  3
Model
350
1A
  3
Layout1
350
1E
  0
DICTIONARY
  5
E
330
A
100
AcDbDictionary
280
0
281
1
  3
ByBlock
350
1F
  3
ByLayer
350
20
  3
Global
350
21
  0
DICTIONARY
  5
F
330
A
100
AcDbDictionary
280
0
281
1
  3
Standard
350
2C
  0
DICTIONARY
  5
10
330
A
100
AcDbDictionary
280
0
281
1
  3
Standard
350
22
  0
DICTIONARY
  5
11
330
A
100
AcDbDictionary
280
0
281
1
  0
ACDBDICTIONARYWDFLT
  5
12
330
A
100
AcDbDictionary
280
0
281
1
  3
Normal
350
13
100
AcDbDictionaryWithDefault
340
13
  0
ACDBPLACEHOLDER
  5
13
330
12
  0
DICTIONARY
  5
14
330
A
100
AcDbDictionary
280
0
281
1
  0
DICTIONARY
  5
15
330
A
100
AcDbDictionary
280
0
281
1
  0
DICTIONARY
  5
16
330
A
100
AcDbDictionary
280
0
281
1
  3
2dWireframe
350
5A
  3
Basic
350
5B
  3
Brighten
350
5C
  3
ColorChange
350
5D
  3
Conceptual
350
5E
  3
Dim
350
5F
  3
EdgeColorOff
350
60
  3
Facepattern
350
61
  3
Flat
350
62
  3
FlatWithEdges
350
63
  3
Gouraud
350
64
  3
GouraudWithEdges
350
65
  3
Hidden
350
66
  3
JitterOff
350
67
  3
Linepattern
350
68
  3
Modeling
350
69
  3
OverhangOff
350
6A
  3
Realistic
350
6B
  3
Shaded
350
6C
  3
Shaded with edges
350
6D
  3
Shades of Gray
350
6E
  3
Sketchy
350
6F
  3
Thicken
350
70
  3
Wireframe
350
71
  3
X-Ray
350
72
  0
LAYOUT
  5
1A
330
D
100
AcDbPlotSettings
  1

  2
Adobe PDF
  4
A3
  6

 40
7.5
 41
20.0
 42
7.5
 43
20.0
 44
420.0
 45
297.0
 46
0.0
 47
0.0
 48
0.0
 49
0.0
140
0.0
141
0.0
142
1.0
143
1.0
 70
1024
 72
1
 73
0
 74
5
  7

 75
16
 76
0
 77
2
 78
300
147
1.0
148
0.0
149
0.0
100
AcDbLayout
  1
Model
 70
1
 71
0
 10
0.0
 20
0.0
 11
420.0
 21
297.0
 12
0.0
 22
0.0
 32
0.0
 14
1e+20
 24
1e+20
 34
1e+20
 15
-1e+20
 25
-1e+20
 35
-1e+20
146
0.0
 13
0.0
 23
0.0
 33
0.0
 16
1.0
 26
0.0
 36
0.0
 17
0.0
 27
1.0
 37
0.0
 76
1
330
17
  0
LAYOUT
  5
1E
330
D
100
AcDbPlotSettings
  1

  2
Adobe PDF
  4
A3
  6

 40
7.5
 41
20.0
 42
7.5
 43
20.0
 44
420.0
 45
297.0
 46
0.0
 47
0.0
 48
0.0
 49
0.0
140
0.0
141
0.0
142
1.0
143
1.0
 70
0
 72
1
 73
0
 74
5
  7

 75
16
 76
0
 77
2
 78
300
147
1.0
148
0.0
149
0.0
100
AcDbLayout
  1
Layout1
 70
1
 71
1
 10
0.0
 20
0.0
 11
420.0
 21
297.0
 12
0.0
 22
0.0
 32
0.0
 14
1e+20
 24
1e+20
 34
1e+20
 15
-1e+20
 25
-1e+20
 35
-1e+20
146
0.0
 13
0.0
 23
0.0
 33
0.0
 16
1.0
 26
0.0
 36
0.0
 17
0.0
 27
1.0
 37
0.0
 76
1
330
1B
  0
MATERIAL
  5
1F
102
{ACAD_REACTORS
330
E
102
}
330
E
100
AcDbMaterial
  1
ByBlock
  2

 70
0
 40
1.0
 71
1
 41
1.0
 91
-1023410177
 42
1.0
 72
1
  3

 73
1
 74
1
 75
1
 44
0.5
 73
0
 45
1.0
 46
1.0
 77
1
  4

 78
1
 79
1
170
1
 48
1.0
171
1
  6

172
1
173
1
174
1
140
1.0
141
1.0
175
1
  7

176
1
177
1
178
1
143
1.0
179
1
  8

270
1
271
1
272
1
145
1.0
146
1.0
273
1
  9

274
1
275
1
276
1
 42
1.0
 72
1
  3

 73
1
 74
1
 75
1
 94
63
  0
MATERIAL
  5
20
102
{ACAD_REACTORS
330
E
102
}
330
E
100
AcDbMaterial
  1
ByLayer
  2

 70
0
 40
1.0
 71
1
 41
1.0
 91
-1023410177
 42
1.0
 72
1
  3

 73
1
 74
1
 75
1
 44
0.5
 73
0
 45
1.0
 46
1.0
 77
1
  4

 78
1
 79
1
170
1
 48
1.0
171
1
  6

172
1
173
1
174
1
140
1.0
141
1.0
175
1
  7

176
1
177
1
178
1
143
1.0
179
1
  8

270
1
271
1
272
1
145
1.0
146
1.0
273
1
  9

274
1
275
1
276
1
 42
1.0
 72
1
  3

 73
1
 74
1
 75
1
 94
63
  0
MATERIAL
  5
21
102
{ACAD_REACTORS
330
E
102
}
330
E
100
AcDbMaterial
  1
Global
  2

 70
0
 40
1.0
 71
1
 41
1.0
 91
-1023410177
 42
1.0
 72
1
  3

 73
1
 74
1
 75
1
 44
0.5
 73
0
 45
1.0
 46
1.0
 77
1
  4

 78
1
 79
1
170
1
 48
1.0
171
1
  6

172
1
173
1
174
1
140
1.0
141
1.0
175
1
  7

176
1
177
1
178
1
143
1.0
179
1
  8

270
1
271
1
272
1
145
1.0
146
1.0
273
1
  9

274
1
275
1
276
1
 42
1.0
 72
1
  3

 73
1
 74
1
 75
1
 94
63
  0
MLINESTYLE
  5
22
102
{ACAD_REACTORS
330
10
102
}
330
10
100
AcDbMlineStyle
  2
Standard
 70
0
  3

 62
256
 51
90.0
 52
90.0
 71
2
 49
0.5
 62
256
  6
BYLAYER
 49
-0.5
 62
256
  6
BYLAYER
  0
MLEADERSTYLE
  5
2C
102
{ACAD_REACTORS
330
F
102
}
330
F
100
AcDbMLeaderStyle
179
2
170
2
171
1
172
0
 90
2
 40
0.0
 41
0.0
173
1
 91
-1056964608
 92
-2
290
1
 42
2.0
291
1
 43
8.0
  3
Standard
 44
4.0
300

342
29
174
1
175
1
176
0
178
1
 93
-1056964608
 45
4.0
292
0
297
0
 46
4.0
 94
-1056964608
 47
1.0
 49
1.0
140
1.0
294
1
141
0.0
177
0
142
1.0
295
0
296
0
143
3.75
271
0
272
9
273
9
  0
DICTIONARY
  5
2D
330
A
100
AcDbDictionary
281
1
  3
CREATED_BY_EZDXF
350
2E
  3
WRITTEN_BY_EZDXF
350
3E4
  0
DICTIONARYVAR
  5
2E
330
2D
100
DictionaryVariables
280
0
  1
1.2.0 @ 2026-10-09T13:50:57.270847+00:00
  0
VISUALSTYLE
  5
5A
102
{ACAD_REACTORS
330
16
102
}
330
16
100
AcDbVisualStyle
  2
2dWireframe
 70
4
177
3
291
0
 70
58
 90
2
176
1
 90
2
176
1
 90
0
176
1
 90
0
176
1
 40
0.6
176
1
 40
30.0
176
1
 62
7
420
16777215
176
1
 90
1
176
1
 90
4
176
1
 62
7
176
1
 62
257
176
1
 90
1
176
1
 90
1
176
1
 40
1.0
176
1
 90
8
176
1
 62
7
176
1
 40
1.0
176
1
 90
1
176
1
 90
6
176
1
 90
2
176
1
 62
7
176
1
 90
5
176
1
 90
0
176
1
 90
0
176
1
290
0
176
1
 90
1
176
1
 40
0.0
176
1
 90
0
176
1
290
1
176
1
290
1
176
1
290
0
176
1
290
0
176
1
290
0
176
1
290
0
176
1
290
0
176
1
290
0
176
1
290
0
176
1
 90
50
176
1
 40
0.0
176
1
 40
1.0
176
1
 90
0
176
1
 62
18
420
0
176
1
 90
50
176
1
 90
3
176
1
 62
5
420
255
176
1
290
0
176
1
 90
50
176
1
 90
50
176
1
 90
50
176
1
290
0
176
1
 90
50
176
1
 62
256
176
0
 40
1.0
176
0
 90
2
176
1
  1
strokes_ogs.tif
176
1
290
0
176
1
 40
1.0
176
1
 40
1.0
176
1
  0
VISUALSTYLE
  5
5B
102
{ACAD_REACTORS
330
16
102
}
330
16
100
AcDbVisualStyle
  2
Basic
 70
7
177
3
291
1
 70
58
 90
2
176
1
 90
2
176
1
 90
0
176
1
 90
1
176
1
 40
0.6
176
1
 40
30.0
176
1
 62
7
420
16777215
176
1
 90
1
176
1
 90
4
176
1
 62
7
176
1
 62
257
176
1
 90
1
176
1
 90
1
176
1
 40
1.0
176
1
 90
8
176
1
 62
7
176
1
 40
1.0
176
1
 90
1
176
1
 90
6
176
1
 90
2
176
1
 62
7
176
1
 90
5
176
1
 90
0
176
1
 90
0
176
1
290
0
176
1
 90
1
176
1
 40
0.0
176
1
 90
0
176
1
290
0
176
1
290
1
176
1
290
1
176
1
290
0
176
1
290
0
176
1
290
0
176
1
290
0
176
1
290
0
176
1
290
0
176
1
 90
50
176
1
 40
0.0
176
1
 40
1.0
176
1
 90
0
176
1
 62
18
420
0
176
1
 90
50
176
1
 90
3
176
1
 62
5
420
255
176
1
290
0
176
1
 90
50
176
1
 90
50
176
1
 90
50
176
1
290
0
176
1
 90
50
176
1
 62
256
176
0
 40
1.0
176
0
 90
2
176
1
  1
strokes_ogs.tif
176
1
290
0
176
1
 40
1.0
176
1
 40
1.0
176
1
  0
VISUALSTYLE
  5
5C
102
{ACAD_REACTORS
330
16
102
}
330
16
100
AcDbVisualStyle
  2
Brighten
 70
12
177
3
291
1
 70
58
 90
2
176
1
 90
2
176
1
 90
0
176
1
 90
2
176
1
 40
0.6
176
1
 40
30.0
176
1
 62
7
420
16777215
176
1
 90
1
176
1
 90
4
176
1
 62
7
176
1
 62
257
176
1
 90
1
176
1
 90
1
176
1
 40
1.0
176
1
 90
8
176
1
 62
7
176
1
 40
1.0
176
1
 90
1
176
1
 90
6
176
1
 90
2
176
1
 62
7
176
1
 90
5
176
1
 90
0
176
1
 90
0
176
1
290
0
176
1
 90
1
176
1
 40
0.0
176
1
 90
0
176
1
290
0
176
1
290
1
176
1
290
1
176
1
290
0
176
1
290
0
176
1
290
0
176
1
290
0
176
1
290
0
176
1
290
0
176
1
 90
50
176
1
 40
0.0
176
1
 40
1.0
176
1
 90
0
176
1
 62
18
420
0
176
1
 90
50
176
1
 90
3
176
1
 62
5
420
255
176
1
290
0
176
1
 90
50
176
1
 90
50
176
1
 90
50
176
1
290
0
176
1
 90
50
176
1
 62
256
176
0
 40
1.0
176
0
 90
2
176
1
  1
strokes_ogs.tif
176
1
290
0
176
1
 40
1.0
176
1
 40
1.0
176
1
  0
VISUALSTYLE
  5
5D
102
{ACAD_REACTORS
330
16
102
}
330
16
100
AcDbVisualStyle
  2
ColorChange
 70
16
177
3
291
1
 70
58
 90
2
176
1
 90
2
176
1
 90
0
176
1
 90
2
176
1
 40
0.6
176
1
 40
30.0
176
1
 62
7
420
16777215
176
1
 90
1
176
1
 90
4
176
1
 62
7
176
1
 62
257
176
1
 90
1
176
1
 90
1
176
1
 40
1.0
176
1
 90
8
176
1
 62
7
176
1
 40
1.0
176
1
 90
1
176
1
 90
6
176
1
 90
2
176
1
 62
7
176
1
 90
5
176
1
 90
0
176
1
 90
0
176
1
290
0
176
1
 90
1
176
1
 40
0.0
176
1
 90
0
176
1
290
0
176
1
290
1
176
1
290
1
176
1
290
0
176
1
290
0
176
1
290
0
176
1
290
0
176
1
290
0
176
1
290
0
176
1
 90
50
176
1
 40
0.0
176
1
 40
1.0
176
1
 90
0
176
1
 62
18
420
0
176
1
 90
50
176
1
 90
3
176
1
 62
5
420
255
176
1
290
0
176
1
 90
50
176
1
 90
50
176
1
 90
50
176
1
290
0
176
1
 90
50
176
1
 62
256
176
0
 40
1.0
176
0
 90
2
176
1
  1
strokes_ogs.tif
176
1
290
0
176
1
 40
1.0
176
1
 40
1.0
176
1
  0
VISUALSTYLE
  5
5E
102
{ACAD_REACTORS
330
16
102
}
330
16
100
AcDbVisualStyle
  2
Conceptual
 70
9
177
3
291
0
 70
58
 90
2
176
1
 90
2
176
1
 90
0
176
1
 90
3
176
1
 40
0.6
176
1
 40
30.0
176
1
 62
7
420
16777215
176
1
 90
1
176
1
 90
4
176
1
 62
7
176
1
 62
257
176
1
 90
1
176
1
 90
1
176
1
 40
1.0
176
1
 90
8
176
1
 62
7
176
1
 40
1.0
176
1
 90
1
176
1
 90
6
176
1
 90
2
176
1
 62
7
176
1
 90
5
176
1
 90
0
176
1
 90
0
176
1
290
0
176
1
 90
1
176
1
 40
0.0
176
1
 90
0
176
1
290
0
176
1
290
1
176
1
290
1
176
1
290
0
176
1
290
0
176
1
290
0
176
1
290
0
176
1
290
0
176
1
290
0
176
1
 90
50
176
1
 40
0.0
176
1
 40
1.0
176
1
 90
0
176
1
 62
18
420
0
176
1
 90
50
176
1
 90
3
176
1
 62
5
420
255
176
1
290
0
176
1
 90
50
176
1
 90
50
176
1
 90
50
176
1
290
0
176
1
 90
50
176
1
 62
256
176
0
 40
1.0
176
0
 90
2
176
1
  1
strokes_ogs.tif
176
1
290
0
176
1
 40
1.0
176
1
 40
1.0
176
1
  0
VISUALSTYLE
  5
5F
102
{ACAD_REACTORS
330
16
102
}
330
16
100
AcDbVisualStyle
  2
Dim
 70
11
177
3
291
1
 70
58
 90
2
176
1
 90
2
176
1
 90
0
176
1
 90
2
176
1
 40
0.6
176
1
 40
30.0
176
1
 62
7
420
16777215
176
1
 90
1
176
1
 90
4
176
1
 62
7
176
1
 62
257
176
1
 90
1
176
1
 90
1
176
1
 40
1.0
176
1
 90
8
176
1
 62
7
176
1
 40
1.0
176
1
 90
1
176
1
 90
6
176
1
 90
2
176
1
 62
7
176
1
 90
5
176
1
 90
0
176
1
 90
0
176
1
290
0
176
1
 90
1
176
1
 40
0.0
176
1
 90
0
176
1
290
0
176
1
290
1
176
1
290
1
176
1
290
0
176
1
290
0
176
1
290
0
176
1
290
0
176
1
290
0
176
1
290
0
176
1
 90
50
176
1
 40
0.0
176
1
 40
1.0
176
1
 90
0
176
1
 62
18
420
0
176
1
 90
50
176
1
 90
3
176
1
 62
5
420
255
176
1
290
0
176
1
 90
50
176
1
 90
50
176
1
 90
50
176
1
290
0
176
1
 90
50
176
1
 62
256
176
0
 40
1.0
176
0
 90
2
176
1
  1
strokes_ogs.tif
176
1
290
0
176
1
 40
1.0
176
1
 40
1.0
176
1
  0
VISUALSTYLE
  5
60
102
{ACAD_REACTORS
330
16
102
}
330
16
100
AcDbVisualStyle
  2
EdgeColorOff
 70
22
177
3
291
1
 70
58
 90
2
176
1
 90
2
176
1
 90
0
176
1
 90
2
176
1
 40
0.6
176
1
 40
30.0
176
1
 62
7
420
16777215
176
1
 90
1
176
1
 90
4
176
1
 62
7
176
1
 62
257
176
1
 90
1
176
1
 90
1
176
1
 40
1.0
176
1
 90
8
176
1
 62
7
176
1
 40
1.0
176
1
 90
1
176
1
 90
6
176
1
 90
2
176
1
 62
7
176
1
 90
5
176
1
 90
0
176
1
 90
0
176
1
290
0
176
1
 90
1
176
1
 40
0.0
176
1
 90
0
176
1
290
0
176
1
290
1
176
1
290
1
176
1
290
0
176
1
290
0
176
1
290
0
176
1
290
0
176
1
290
0
176
1
290
0
176
1
 90
50
176
1
 40
0.0
176
1
 40
1.0
176
1
 90
0
176
1
 62
18
420
0
176
1
 90
50
176
1
 90
3
176
1
 62
5
420
255
176
1
290
0
176
1
 90
50
176
1
 90
50
176
1
 90
50
176
1
290
0
176
1
 90
50
176
1
 62
256
176
0
 40
1.0
176
0
 90
2
176
1
  1
strokes_ogs.tif
176
1
290
0
176
1
 40
1.0
176
1
 40
1.0
176
1
  0
VISUALSTYLE
  5
61
102
{ACAD_REACTORS
330
16
102
}
330
16
100
AcDbVisualStyle
  2
Facepattern
 70
15
177
3
291
1
 70
58
 90
2
176
1
 90
2
176
1
 90
0
176
1
 90
2
176
1
 40
0.6
176
1
 40
30.0
176
1
 62
7
420
16777215
176
1
 90
1
176
1
 90
4
176
1
 62
7
176
1
 62
257
176
1
 90
1
176
1
 90
1
176
1
 40
1.0
176
1
 90
8
176
1
 62
7
176
1
 40
1.0
176
1
 90
1
176
1
 90
6
176
1
 90
2
176
1
 62
7
176
1
 90
5
176
1
 90
0
176
1
 90
0
176
1
290
0
176
1
 90
1
176
1
 40
0.0
176
1
 90
0
176
1
290
0
176
1
290
1
176
1
290
1
176
1
290
0
176
1
290
0
176
1
290
0
176
1
290
0
176
1
290
0
176
1
290
0
176
1
 90
50
176
1
 40
0.0
176
1
 40
1.0
176
1
 90
0
176
1
 62
18
420
0
176
1
 90
50
176
1
 90
3
176
1
 62
5
420
255
176
1
290
0
176
1
 90
50
176
1
 90
50
176
1
 90
50
176
1
290
0
176
1
 90
50
176
1
 62
256
176
0
 40
1.0
176
0
 90
2
176
1
  1
strokes_ogs.tif
176
1
290
0
176
1
 40
1.0
176
1
 40
1.0
176
1
  0
VISUALSTYLE
  5
62
102
{ACAD_REACTORS
330
16
102
}
330
16
100
AcDbVisualStyle
  2
Flat
 70
0
177
3
291
1
 70
58
 90
2
176
1
 90
2
176
1
 90
0
176
1
 90
2
176
1
 40
0.6
176
1
 40
30.0
176
1
 62
7
420
16777215
176
1
 90
1
176
1
 90
4
176
1
 62
7
176
1
 62
257
176
1
 90
1
176
1
 90
1
176
1
 40
1.0
176
1
 90
8
176
1
 62
7
176
1
 40
1.0
176
1
 90
1
176
1
 90
6
176
1
 90
2
176
1
 62
7
176
1
 90
5
176
1
 90
0
176
1
 90
0
176
1
290
0
176
1
 90
1
176
1
 40
0.0
176
1
 90
0
176
1
290
0
176
1
290
1
176
1
290
1
176
1
290
0
176
1
290
0
176
1
290
0
176
1
290
0
176
1
290
0
176
1
290
0
176
1
 90
50
176
1
 40
0.0
176
1
 40
1.0
176
1
 90
0
176
1
 62
18
420
0
176
1
 90
50
176
1
 90
3
176
1
 62
5
420
255
176
1
290
0
176
1
 90
50
176
1
 90
50
176
1
 90
50
176
1
290
0
176
1
 90
50
176
1
 62
256
176
0
 40
1.0
176
0
 90
2
176
1
  1
strokes_ogs.tif
176
1
290
0
176
1
 40
1.0
176
1
 40
1.0
176
1
  0
VISUALSTYLE
  5
63
102
{ACAD_REACTORS
330
16
102
}
330
16
100
AcDbVisualStyle
  2
FlatWithEdges
 70
1
177
3
291
1
 70
58
 90
2
176
1
 90
2
176
1
 90
0
176
1
 90
2
176
1
 40
0.6
176
1
 40
30.0
176
1
 62
7
420
16777215
176
1
 90
1
176
1
 90
4
176
1
 62
7
176
1
 62
257
176
1
 90
1
176
1
 90
1
176
1
 40
1.0
176
1
 90
8
176
1
 62
7
176
1
 40
1.0
176
1
 90
1
176
1
 90
6
176
1
 90
2
176
1
 62
7
176
1
 90
5
176
1
 90
0
176
1
 90
0
176
1
290
0
176
1
 90
1
176
1
 40
0.0
176
1
 90
0
176
1
290
0
176
1
290
1
176
1
290
1
176
1
290
0
176
1
290
0
176
1
290
0
176
1
290
0
176
1
290
0
176
1
290
0
176
1
 90
50
176
1
 40
0.0
176
1
 40
1.0
176
1
 90
0
176
1
 62
18
420
0
176
1
 90
50
176
1
 90
3
176
1
 62
5
420
255
176
1
290
0
176
1
 90
50
176
1
 90
50
176
1
 90
50
176
1
290
0
176
1
 90
50
176
1
 62
256
176
0
 40
1.0
176
0
 90
2
176
1
  1
strokes_ogs.tif
176
1
290
0
176
1
 40
1.0
176
1
 40
1.0
176
1
  0
VISUALSTYLE
  5
64
102
{ACAD_REACTORS
330
16
102
}
330
16
100
AcDbVisualStyle
  2
Gouraud
 70
2
177
3
291
1
 70
58
 90
2
176
1
 90
2
176
1
 90
0
176
1
 90
2
176
1
 40
0.6
176
1
 40
30.0
176
1
 62
7
420
16777215
176
1
 90
1
176
1
 90
4
176
1
 62
7
176
1
 62
257
176
1
 90
1
176
1
 90
1
176
1
 40
1.0
176
1
 90
8
176
1
 62
7
176
1
 40
1.0
176
1
 90
1
176
1
 90
6
176
1
 90
2
176
1
 62
7
176
1
 90
5
176
1
 90
0
176
1
 90
0
176
1
290
0
176
1
 90
1
176
1
 40
0.0
176
1
 90
0
176
1
290
0
176
1
290
1
176
1
290
1
176
1
290
0
176
1
290
0
176
1
290
0
176
1
290
0
176
1
290
0
176
1
290
0
176
1
 90
50
176
1
 40
0.0
176
1
 40
1.0
176
1
 90
0
176
1
 62
18
420
0
176
1
 90
50
176
1
 90
3
176
1
 62
5
420
255
176
1
290
0
176
1
 90
50
176
1
 90
50
176
1
 90
50
176
1
290
0
176
1
 90
50
176
1
 62
256
176
0
 40
1.0
176
0
 90
2
176
1
  1
strokes_ogs.tif
176
1
290
0
176
1
 40
1.0
176
1
 40
1.0
176
1
  0
VISUALSTYLE
  5
65
102
{ACAD_REACTORS
330
16
102
}
330
16
100
AcDbVisualStyle
  2
GouraudWithEdges
 70
3
177
3
291
1
 70
58
 90
2
176
1
 90
2
176
1
 90
0
176
1
 90
2
176
1
 40
0.6
176
1
 40
30.0
176
1
 62
7
420
16777215
176
1
 90
1
176
1
 90
4
176
1
 62
7
176
1
 62
257
176
1
 90
1
176
1
 90
1
176
1
 40
1.0
176
1
 90
8
176
1
 62
7
176
1
 40
1.0
176
1
 90
1
176
1
 90
6
176
1
 90
2
176
1
 62
7
176
1
 90
5
176
1
 90
0
176
1
 90
0
176
1
290
0
176
1
 90
1
176
1
 40
0.0
176
1
 90
0
176
1
290
0
176
1
290
1
176
1
290
1
176
1
290
0
176
1
290
0
176
1
290
0
176
1
290
0
176
1
290
0
176
1
290
0
176
1
 90
50
176
1
 40
0.0
176
1
 40
1.0
176
1
 90
0
176
1
 62
18
420
0
176
1
 90
50
176
1
 90
3
176
1
 62
5
420
255
176
1
290
0
176
1
 90
50
176
1
 90
50
176
1
 90
50
176
1
290
0
176
1
 90
50
176
1
 62
256
176
0
 40
1.0
176
0
 90
2
176
1
  1
strokes_ogs.tif
176
1
290
0
176
1
 40
1.0
176
1
 40
1.0
176
1
  0
VISUALSTYLE
  5
66
102
{ACAD_REACTORS
330
16
102
}
330
16
100
AcDbVisualStyle
  2
Hidden
 70
6
177
3
291
0
 70
58
 90
2
176
1
 90
2
176
1
 90
0
176
1
 90
1
176
1
 40
0.6
176
1
 40
30.0
176
1
 62
7
420
16777215
176
1
 90
1
176
1
 90
4
176
1
 62
7
176
1
 62
257
176
1
 90
1
176
1
 90
1
176
1
 40
1.0
176
1
 90
8
176
1
 62
7
176
1
 40
1.0
176
1
 90
1
176
1
 90
6
176
1
 90
2
176
1
 62
7
176
1
 90
5
176
1
 90
0
176
1
 90
0
176
1
290
0
176
1
 90
1
176
1
 40
0.0
176
1
 90
0
176
1
290
0
176
1
290
1
176
1
290
1
176
1
290
0
176
1
290
0
176
1
290
0
176
1
290
0
176
1
290
0
176
1
290
0
176
1
 90
50
176
1
 40
0.0
176
1
 40
1.0
176
1
 90
0
176
1
 62
18
420
0
176
1
 90
50
176
1
 90
3
176
1
 62
5
420
255
176
1
290
0
176
1
 90
50
176
1
 90
50
176
1
 90
50
176
1
290
0
176
1
 90
50
176
1
 62
256
176
0
 40
1.0
176
0
 90
2
176
1
  1
strokes_ogs.tif
176
1
290
0
176
1
 40
1.0
176
1
 40
1.0
176
1
  0
VISUALSTYLE
  5
67
102
{ACAD_REACTORS
330
16
102
}
330
16
100
AcDbVisualStyle
  2
JitterOff
 70
20
177
3
291
1
 70
58
 90
2
176
1
 90
2
176
1
 90
0
176
1
 90
2
176
1
 40
0.6
176
1
 40
30.0
176
1
 62
7
420
16777215
176
1
 90
1
176
1
 90
4
176
1
 62
7
176
1
 62
257
176
1
 90
1
176
1
 90
1
176
1
 40
1.0
176
1
 90
8
176
1
 62
7
176
1
 40
1.0
176
1
 90
1
176
1
 90
6
176
1
 90
2
176
1
 62
7
176
1
 90
5
176
1
 90
0
176
1
 90
0
176
1
290
0
176
1
 90
1
176
1
 40
0.0
176
1
 90
0
176
1
290
0
176
1
290
1
176
1
290
1
176
1
290
0
176
1
290
0
176
1
290
0
176
1
290
0
176
1
290
0
176
1
290
0
176
1
 90
50
176
1
 40
0.0
176
1
 40
1.0
176
1
 90
0
176
1
 62
18
420
0
176
1
 90
50
176
1
 90
3
176
1
 62
5
420
255
176
1
290
0
176
1
 90
50
176
1
 90
50
176
1
 90
50
176
1
290
0
176
1
 90
50
176
1
 62
256
176
0
 40
1.0
176
0
 90
2
176
1
  1
strokes_ogs.tif
176
1
290
0
176
1
 40
1.0
176
1
 40
1.0
176
1
  0
VISUALSTYLE
  5
68
102
{ACAD_REACTORS
330
16
102
}
330
16
100
AcDbVisualStyle
  2
Linepattern
 70
14
177
3
291
1
 70
58
 90
2
176
1
 90
2
176
1
 90
0
176
1
 90
2
176
1
 40
0.6
176
1
 40
30.0
176
1
 62
7
420
16777215
176
1
 90
1
176
1
 90
4
176
1
 62
7
176
1
 62
257
176
1
 90
1
176
1
 90
1
176
1
 40
1.0
176
1
 90
8
176
1
 62
7
176
1
 40
1.0
176
1
 90
1
176
1
 90
6
176
1
 90
2
176
1
 62
7
176
1
 90
5
176
1
 90
0
176
1
 90
0
176
1
290
0
176
1
 90
1
176
1
 40
0.0
176
1
 90
0
176
1
290
0
176
1
290
1
176
1
290
1
176
1
290
0
176
1
290
0
176
1
290
0
176
1
290
0
176
1
290
0
176
1
290
0
176
1
 90
50
176
1
 40
0.0
176
1
 40
1.0
176
1
 90
0
176
1
 62
18
420
0
176
1
 90
50
176
1
 90
3
176
1
 62
5
420
255
176
1
290
0
176
1
 90
50
176
1
 90
50
176
1
 90
50
176
1
290
0
176
1
 90
50
176
1
 62
256
176
0
 40
1.0
176
0
 90
2
176
1
  1
strokes_ogs.tif
176
1
290
0
176
1
 40
1.0
176
1
 40
1.0
176
1
  0
VISUALSTYLE
  5
69
102
{ACAD_REACTORS
330
16
102
}
330
16
100
AcDbVisualStyle
  2
Modeling
 70
10
177
3
291
0
 70
58
 90
2
176
1
 90
2
176
1
 90
0
176
1
 90
2
176
1
 40
0.6
176
1
 40
30.0
176
1
 62
7
420
16777215
176
1
 90
1
176
1
 90
4
176
1
 62
7
176
1
 62
257
176
1
 90
1
176
1
 90
1
176
1
 40
1.0
176
1
 90
8
176
1
 62
7
176
1
 40
1.0
176
1
 90
1
176
1
 90
6
176
1
 90
2
176
1
 62
7
176
1
 90
5
176
1
 90
0
176
1
 90
0
176
1
290
0
176
1
 90
1
176
1
 40
0.0
176
1
 90
0
176
1
290
0
176
1
290
1
176
1
290
1
176
1
290
0
176
1
290
0
176
1
290
0
176
1
290
0
176
1
290
0
176
1
290
0
176
1
 90
50
176
1
 40
0.0
176
1
 40
1.0
176
1
 90
0
176
1
 62
18
420
0
176
1
 90
50
176
1
 90
3
176
1
 62
5
420
255
176
1
290
0
176
1
 90
50
176
1
 90
50
176
1
 90
50
176
1
290
0
176
1
 90
50
176
1
 62
256
176
0
 40
1.0
176
0
 90
2
176
1
  1
strokes_ogs.tif
176
1
290
0
176
1
 40
1.0
176
1
 40
1.0
176
1
  0
VISUALSTYLE
  5
6A
102
{ACAD_REACTORS
330
16
102
}
330
16
100
AcDbVisualStyle
  2
OverhangOff
 70
21
177
3
291
1
 70
58
 90
2
176
1
 90
2
176
1
 90
0
176
1
 90
2
176
1
 40
0.6
176
1
 40
30.0
176
1
 62
7
420
16777215
176
1
 90
1
176
1
 90
4
176
1
 62
7
176
1
 62
257
176
1
 90
1
176
1
 90
1
176
1
 40
1.0
176
1
 90
8
176
1
 62
7
176
1
 40
1.0
176
1
 90
1
176
1
 90
6
176
1
 90
2
176
1
 62
7
176
1
 90
5
176
1
 90
0
176
1
 90
0
176
1
290
0
176
1
 90
1
176
1
 40
0.0
176
1
 90
0
176
1
290
0
176
1
290
1
176
1
290
1
176
1
290
0
176
1
290
0
176
1
290
0
176
1
290
0
176
1
290
0
176
1
290
0
176
1
 90
50
176
1
 40
0.0
176
1
 40
1.0
176
1
 90
0
176
1
 62
18
420
0
176
1
 90
50
176
1
 90
3
176
1
 62
5
420
255
176
1
290
0
176
1
 90
50
176
1
 90
50
176
1
 90
50
176
1
290
0
176
1
 90
50
176
1
 62
256
176
0
 40
1.0
176
0
 90
2
176
1
  1
strokes_ogs.tif
176
1
290
0
176
1
 40
1.0
176
1
 40
1.0
176
1
  0
VISUALSTYLE
  5
6B
102
{ACAD_REACTORS
330
16
102
}
330
16
100
AcDbVisualStyle
  2
Realistic
 70
8
177
3
291
0
 70
58
 90
2
176
1
 90
2
176
1
 90
0
176
1
 90
2
176
1
 40
0.6
176
1
 40
30.0
176
1
 62
7
420
16777215
176
1
 90
1
176
1
 90
4
176
1
 62
7
176
1
 62
257
176
1
 90
1
176
1
 90
1
176
1
 40
1.0
176
1
 90
8
176
1
 62
7
176
1
 40
1.0
176
1
 90
1
176
1
 90
6
176
1
 90
2
176
1
 62
7
176
1
 90
5
176
1
 90
0
176
1
 90
0
176
1
290
0
176
1
 90
1
176
1
 40
0.0
176
1
 90
0
176
1
290
0
176
1
290
1
176
1
290
1
176
1
290
0
176
1
290
0
176
1
290
0
176
1
290
0
176
1
290
0
176
1
290
0
176
1
 90
50
176
1
 40
0.0
176
1
 40
1.0
176
1
 90
0
176
1
 62
18
420
0
176
1
 90
50
176
1
 90
3
176
1
 62
5
420
255
176
1
290
0
176
1
 90
50
176
1
 90
50
176
1
 90
50
176
1
290
0
176
1
 90
50
176
1
 62
256
176
0
 40
1.0
176
0
 90
2
176
1
  1
strokes_ogs.tif
176
1
290
0
176
1
 40
1.0
176
1
 40
1.0
176
1
  0
VISUALSTYLE
  5
6C
102
{ACAD_REACTORS
330
16
102
}
330
16
100
AcDbVisualStyle
  2
Shaded
 70
27
177
3
291
0
 70
58
 90
2
176
1
 90
2
176
1
 90
0
176
1
 90
2
176
1
 40
0.6
176
1
 40
30.0
176
1
 62
7
420
16777215
176
1
 90
1
176
1
 90
4
176
1
 62
7
176
1
 62
257
176
1
 90
1
176
1
 90
1
176
1
 40
1.0
176
1
 90
8
176
1
 62
7
176
1
 40
1.0
176
1
 90
1
176
1
 90
6
176
1
 90
2
176
1
 62
7
176
1
 90
5
176
1
 90
0
176
1
 90
0
176
1
290
0
176
1
 90
1
176
1
 40
0.0
176
1
 90
0
176
1
290
0
176
1
290
1
176
1
290
1
176
1
290
0
176
1
290
0
176
1
290
0
176
1
290
0
176
1
290
0
176
1
290
0
176
1
 90
50
176
1
 40
0.0
176
1
 40
1.0
176
1
 90
0
176
1
 62
18
420
0
176
1
 90
50
176
1
 90
3
176
1
 62
5
420
255
176
1
290
0
176
1
 90
50
176
1
 90
50
176
1
 90
50
176
1
290
0
176
1
 90
50
176
1
 62
256
176
0
 40
1.0
176
0
 90
2
176
1
  1
strokes_ogs.tif
176
1
290
0
176
1
 40
1.0
176
1
 40
1.0
176
1
  0
VISUALSTYLE
  5
6D
102
{ACAD_REACTORS
330
16
102
}
330
16
100
AcDbVisualStyle
  2
Shaded with edges
 70
26
177
3
291
0
 70
58
 90
2
176
1
 90
2
176
1
 90
0
176
1
 90
2
176
1
 40
0.6
176
1
 40
30.0
176
1
 62
7
420
16777215
176
1
 90
1
176
1
 90
4
176
1
 62
7
176
1
 62
257
176
1
 90
1
176
1
 90
1
176
1
 40
1.0
176
1
 90
8
176
1
 62
7
176
1
 40
1.0
176
1
 90
1
176
1
 90
6
176
1
 90
2
176
1
 62
7
176
1
 90
5
176
1
 90
0
176
1
 90
0
176
1
290
0
176
1
 90
1
176
1
 40
0.0
176
1
 90
0
176
1
290
0
176
1
290
1
176
1
290
1
176
1
290
0
176
1
290
0
176
1
290
0
176
1
290
0
176
1
290
0
176
1
290
0
176
1
 90
50
176
1
 40
0.0
176
1
 40
1.0
176
1
 90
0
176
1
 62
18
420
0
176
1
 90
50
176
1
 90
3
176
1
 62
5
420
255
176
1
290
0
176
1
 90
50
176
1
 90
50
176
1
 90
50
176
1
290
0
176
1
 90
50
176
1
 62
256
176
0
 40
1.0
176
0
 90
2
176
1
  1
strokes_ogs.tif
176
1
290
0
176
1
 40
1.0
176
1
 40
1.0
176
1
  0
VISUALSTYLE
  5
6E
102
{ACAD_REACTORS
330
16
102
}
330
16
100
AcDbVisualStyle
  2
Shades of Gray
 70
23
177
3
291
0
 70
58
 90
2
176
1
 90
2
176
1
 90
0
176
1
 90
2
176
1
 40
0.6
176
1
 40
30.0
176
1
 62
7
420
16777215
176
1
 90
1
176
1
 90
4
176
1
 62
7
176
1
 62
257
176
1
 90
1
176
1
 90
1
176
1
 40
1.0
176
1
 90
8
176
1
 62
7
176
1
 40
1.0
176
1
 90
1
176
1
 90
6
176
1
 90
2
176
1
 62
7
176
1
 90
5
176
1
 90
0
176
1
 90
0
176
1
290
0
176
1
 90
1
176
1
 40
0.0
176
1
 90
0
176
1
290
0
176
1
290
1
176
1
290
1
176
1
290
0
176
1
290
0
176
1
290
0
176
1
290
0
176
1
290
0
176
1
290
0
176
1
 90
50
176
1
 40
0.0
176
1
 40
1.0
176
1
 90
0
176
1
 62
18
420
0
176
1
 90
50
176
1
 90
3
176
1
 62
5
420
255
176
1
290
0
176
1
 90
50
176
1
 90
50
176
1
 90
50
176
1
290
0
176
1
 90
50
176
1
 62
256
176
0
 40
1.0
176
0
 90
2
176
1
  1
strokes_ogs.tif
176
1
290
0
176
1
 40
1.0
176
1
 40
1.0
176
1
  0
VISUALSTYLE
  5
6F
102
{ACAD_REACTORS
330
16
102
}
330
16
100
AcDbVisualStyle
  2
Sketchy
 70
24
177
3
291
0
 70
58
 90
2
176
1
 90
2
176
1
 90
0
176
1
 90
1
176
1
 40
0.6
176
1
 40
30.0
176
1
 62
7
420
16777215
176
1
 90
1
176
1
 90
4
176
1
 62
7
176
1
 62
257
176
1
 90
1
176
1
 90
1
176
1
 40
1.0
176
1
 90
8
176
1
 62
7
176
1
 40
1.0
176
1
 90
1
176
1
 90
6
176
1
 90
2
176
1
 62
7
176
1
 90
5
176
1
 90
0
176
1
 90
0
176
1
290
0
176
1
 90
1
176
1
 40
0.0
176
1
 90
0
176
1
290
0
176
1
290
1
176
1
290
1
176
1
290
0
176
1
290
0
176
1
290
0
176
1
290
0
176
1
290
0
176
1
290
0
176
1
 90
50
176
1
 40
0.0
176
1
 40
1.0
176
1
 90
0
176
1
 62
18
420
0
176
1
 90
50
176
1
 90
3
176
1
 62
5
420
255
176
1
290
0
176
1
 90
50
176
1
 90
50
176
1
 90
50
176
1
290
0
176
1
 90
50
176
1
 62
256
176
0
 40
1.0
176
0
 90
2
176
1
  1
strokes_ogs.tif
176
1
290
0
176
1
 40
1.0
176
1
 40
1.0
176
1
  0
VISUALSTYLE
  5
70
102
{ACAD_REACTORS
330
16
102
}
330
16
100
AcDbVisualStyle
  2
Thicken
 70
13
177
3
291
1
 70
58
 90
2
176
1
 90
2
176
1
 90
0
176
1
 90
2
176
1
 40
0.6
176
1
 40
30.0
176
1
 62
7
420
16777215
176
1
 90
1
176
1
 90
4
176
1
 62
7
176
1
 62
257
176
1
 90
1
176
1
 90
1
176
1
 40
1.0
176
1
 90
8
176
1
 62
7
176
1
 40
1.0
176
1
 90
1
176
1
 90
6
176
1
 90
2
176
1
 62
7
176
1
 90
5
176
1
 90
0
176
1
 90
0
176
1
290
0
176
1
 90
1
176
1
 40
0.0
176
1
 90
0
176
1
290
0
176
1
290
1
176
1
290
1
176
1
290
0
176
1
290
0
176
1
290
0
176
1
290
0
176
1
290
0
176
1
290
0
176
1
 90
50
176
1
 40
0.0
176
1
 40
1.0
176
1
 90
0
176
1
 62
18
420
0
176
1
 90
50
176
1
 90
3
176
1
 62
5
420
255
176
1
290
0
176
1
 90
50
176
1
 90
50
176
1
 90
50
176
1
290
0
176
1
 90
50
176
1
 62
256
176
0
 40
1.0
176
0
 90
2
176
1
  1
strokes_ogs.tif
176
1
290
0
176
1
 40
1.0
176
1
 40
1.0
176
1
  0
VISUALSTYLE
  5
71
102
{ACAD_REACTORS
330
16
102
}
330
16
100
AcDbVisualStyle
  2
Wireframe
 70
5
177
3
291
0
 70
58
 90
2
176
1
 90
2
176
1
 90
0
176
1
 90
0
176
1
 40
0.6
176
1
 40
30.0
176
1
 62
7
420
16777215
176
1
 90
1
176
1
 90
4
176
1
 62
7
176
1
 62
257
176
1
 90
1
176
1
 90
1
176
1
 40
1.0
176
1
 90
8
176
1
 62
7
176
1
 40
1.0
176
1
 90
1
176
1
 90
6
176
1
 90
2
176
1
 62
7
176
1
 90
5
176
1
 90
0
176
1
 90
0
176
1
290
0
176
1
 90
1
176
1
 40
0.0
176
1
 90
0
176
1
290
0
176
1
290
1
176
1
290
1
176
1
290
0
176
1
290
0
176
1
290
0
176
1
290
0
176
1
290
0
176
1
290
0
176
1
 90
50
176
1
 40
0.0
176
1
 40
1.0
176
1
 90
0
176
1
 62
18
420
0
176
1
 90
50
176
1
 90
3
176
1
 62
5
420
255
176
1
290
0
176
1
 90
50
176
1
 90
50
176
1
 90
50
176
1
290
0
176
1
 90
50
176
1
 62
256
176
0
 40
1.0
176
0
 90
2
176
1
  1
strokes_ogs.tif
176
1
290
0
176
1
 40
1.0
176
1
 40
1.0
176
1
  0
VISUALSTYLE
  5
72
102
{ACAD_REACTORS
330
16
102
}
330
16
100
AcDbVisualStyle
  2
X-Ray
 70
25
177
3
291
0
 70
58
 90
2
176
1
 90
2
176
1
 90
0
176
1
 90
2
176
1
 40
0.5
176
1
 40
30.0
176
1
 62
7
420
16777215
176
1
 90
1
176
1
 90
4
176
1
 62
7
176
1
 62
257
176
1
 90
1
176
1
 90
1
176
1
 40
1.0
176
1
 90
8
176
1
 62
7
176
1
 40
1.0
176
1
 90
1
176
1
 90
6
176
1
 90
2
176
1
 62
7
176
1
 90
5
176
1
 90
0
176
1
 90
0
176
1
290
0
176
1
 90
1
176
1
 40
0.0
176
1
 90
0
176
1
290
0
176
1
290
1
176
1
290
1
176
1
290
0
176
1
290
0
176
1
290
0
176
1
290
0
176
1
290
0
176
1
290
0
176
1
 90
50
176
1
 40
0.0
176
1
 40
1.0
176
1
 90
0
176
1
 62
18
420
0
176
1
 90
50
176
1
 90
3
176
1
 62
5
420
255
176
1
290
0
176
1
 90
50
176
1
 90
50
176
1
 90
50
176
1
290
0
176
1
 90
50
176
1
 62
256
176
0
 40
1.0
176
0
 90
2
176
1
  1
strokes_ogs.tif
176
1
290
0
176
1
 40
1.0
176
1
 40
1.0
176
1
  0
DICTIONARYVAR
  5
3E4
330
2D
100
DictionaryVariables
280
0
  1
1.2.0 @ 2026-10-09T13:50:57.368277+00:00
  0
ENDSEC
  0
EOF
